Index,Index_list
109776,"[54, 51, 48, 121, 13, 279, 5, 220, 45, 6]"
109777,"[18, 15, 72, 64, 0, 82, 97, 105, 149, 90]"
109778,"[2, 5, 27, 51, 238, 105, 71, 9, 44, 3]"
109779,"[84, 34, 189, 20, 13, 103, 223, 32, 119, 279]"
109780,"[20, 279, 13, 112, 103, 119, 21, 261, 238, 157]"
109781,"[105, 77, 157, 151, 223, 138, 18, 97, 15, 49]"
109782,"[149, 66, 19, 55, 82, 72, 15, 38, 157, 122]"
109783,"[119, 13, 19, 147, 58, 20, 112, 12, 34, 103]"
109784,"[72, 77, 49, 151, 15, 18, 105, 26, 64, 1]"
109785,"[9, 51, 27, 77, 20, 13, 105, 279, 112, 124]"
109786,"[91, 130, 3, 73, 29, 42, 17, 97, 51, 77]"
109787,"[64, 72, 15, 151, 92, 18, 82, 3, 26, 73]"
109788,"[23, 7, 279, 28, 24, 157, 14, 90, 146, 189]"
109789,"[42, 121, 130, 60, 220, 24, 187, 23, 43, 142]"
109790,"[189, 223, 90, 238, 21, 157, 36, 175, 13, 105]"
109791,"[23, 149, 14, 157, 238, 142, 28, 19, 66, 24]"
109792,"[71, 6, 72, 12, 15, 32, 58, 26, 73, 18]"
109793,"[60, 142, 121, 157, 23, 24, 7, 4, 28, 25]"
109794,"[133, 146, 38, 58, 12, 122, 147, 149, 14, 19]"
109795,"[24, 28, 60, 133, 23, 147, 58, 38, 14, 146]"
109796,"[157, 223, 36, 105, 149, 189, 238, 90, 21, 14]"
109797,"[84, 34, 13, 20, 112, 279, 119, 103, 4, 7]"
109798,"[146, 60, 14, 38, 23, 133, 147, 66, 142, 36]"
109799,"[45, 48, 76, 20, 261, 119, 112, 13, 58, 103]"
109800,"[24, 23, 142, 14, 147, 38, 60, 146, 187, 45]"
109801,"[138, 151, 0, 49, 1, 15, 30, 189, 105, 77]"
109802,"[130, 91, 3, 73, 105, 42, 17, 10, 29, 5]"
109803,"[21, 189, 223, 36, 14, 238, 157, 90, 175, 147]"
109804,"[3, 73, 91, 17, 29, 130, 105, 51, 27, 9]"
109805,"[66, 19, 55, 38, 146, 149, 15, 133, 32, 28]"
109806,"[42, 29, 175, 17, 43, 121, 3, 73, 7, 13]"
109807,"[72, 64, 15, 18, 82, 26, 92, 6, 66, 71]"
109808,"[45, 76, 187, 261, 48, 58, 12, 121, 220, 43]"
109809,"[21, 189, 142, 4, 149, 55, 147, 36, 90, 38]"
109810,"[12, 58, 45, 76, 220, 43, 187, 261, 121, 6]"
109811,"[24, 4, 147, 133, 60, 14, 23, 38, 28, 146]"
109812,"[30, 49, 142, 1, 24, 23, 60, 71, 7, 130]"
109813,"[187, 220, 121, 43, 34, 23, 24, 142, 28, 76]"
109814,"[38, 66, 19, 149, 55, 146, 133, 15, 18, 72]"
109815,"[26, 72, 15, 82, 18, 19, 73, 66, 92, 38]"
109816,"[4, 24, 60, 28, 7, 23, 34, 157, 121, 1]"
109817,"[147, 36, 220, 14, 21, 189, 157, 19, 38, 24]"
109818,"[14, 146, 23, 60, 38, 24, 133, 147, 142, 43]"
109819,"[175, 36, 147, 90, 14, 45, 223, 21, 119, 189]"
109820,"[124, 51, 27, 2, 6, 84, 9, 71, 25, 20]"
109821,"[138, 1, 49, 30, 2, 151, 23, 0, 4, 142]"
109822,"[124, 27, 9, 51, 103, 41, 112, 20, 25, 77]"
109823,"[157, 223, 149, 36, 23, 105, 189, 19, 238, 90]"
109824,"[149, 66, 38, 19, 133, 146, 72, 55, 32, 15]"
109825,"[71, 51, 124, 27, 9, 20, 30, 2, 15, 44]"
109826,"[23, 14, 24, 146, 147, 60, 38, 19, 142, 49]"
109827,"[3, 91, 73, 17, 6, 130, 15, 64, 72, 42]"
109828,"[189, 223, 14, 157, 90, 36, 21, 20, 238, 175]"
109829,"[7, 28, 23, 4, 34, 60, 142, 24, 44, 1]"
109830,"[42, 91, 73, 29, 130, 17, 3, 60, 23, 14]"
109831,"[51, 9, 5, 6, 10, 13, 71, 27, 25, 41]"
109832,"[60, 36, 38, 157, 90, 55, 28, 24, 97, 133]"
109833,"[43, 187, 220, 121, 10, 42, 76, 60, 34, 24]"
109834,"[189, 223, 19, 157, 66, 90, 36, 238, 149, 21]"
109835,"[12, 58, 76, 121, 45, 220, 261, 48, 187, 43]"
109836,"[49, 30, 1, 23, 10, 7, 24, 4, 138, 28]"
109837,"[7, 43, 23, 28, 4, 24, 121, 142, 60, 49]"
109838,"[54, 13, 121, 12, 20, 32, 103, 48, 261, 51]"
109839,"[122, 133, 19, 149, 66, 55, 38, 12, 146, 28]"
109840,"[223, 66, 238, 28, 189, 90, 19, 157, 55, 149]"
109841,"[12, 58, 133, 32, 76, 261, 6, 45, 38, 48]"
109842,"[54, 121, 220, 5, 84, 34, 1, 2, 10, 187]"
109843,"[54, 32, 103, 13, 34, 27, 112, 279, 119, 51]"
109844,"[28, 4, 55, 122, 238, 157, 279, 189, 66, 1]"
109845,"[43, 13, 187, 119, 20, 220, 32, 7, 34, 121]"
109846,"[48, 45, 76, 261, 14, 13, 20, 112, 119, 279]"
109847,"[82, 72, 15, 3, 26, 18, 64, 66, 6, 92]"
109848,"[28, 238, 24, 66, 223, 19, 189, 157, 55, 149]"
109849,"[71, 279, 27, 9, 20, 2, 51, 15, 77, 82]"
109850,"[147, 14, 36, 21, 220, 157, 189, 76, 146, 24]"
109851,"[73, 17, 51, 3, 91, 42, 130, 29, 9, 71]"
109852,"[73, 3, 91, 17, 6, 15, 71, 18, 130, 42]"
109853,"[1, 28, 2, 34, 49, 30, 60, 7, 23, 84]"
109854,"[13, 20, 119, 84, 103, 279, 34, 32, 112, 76]"
109855,"[189, 223, 133, 90, 36, 21, 58, 34, 238, 32]"
109856,"[1, 49, 77, 30, 151, 15, 82, 105, 18, 97]"
109857,"[97, 0, 151, 49, 147, 30, 18, 38, 105, 91]"
109858,"[187, 121, 220, 43, 34, 10, 42, 60, 24, 23]"
109859,"[0, 97, 18, 90, 15, 151, 77, 105, 1, 72]"
109860,"[157, 14, 189, 90, 223, 36, 21, 238, 103, 13]"
109861,"[30, 49, 1, 10, 60, 138, 23, 142, 28, 7]"
109862,"[17, 29, 42, 73, 3, 103, 13, 19, 32, 220]"
109863,"[45, 48, 76, 20, 261, 119, 13, 112, 58, 103]"
109864,"[34, 32, 189, 58, 112, 84, 13, 103, 20, 119]"
109865,"[97, 0, 151, 105, 25, 77, 14, 147, 26, 18]"
109866,"[146, 38, 133, 58, 66, 14, 6, 12, 19, 149]"
109867,"[64, 72, 15, 151, 82, 92, 3, 26, 18, 73]"
109868,"[149, 157, 223, 66, 238, 36, 19, 189, 23, 38]"
109869,"[142, 14, 48, 38, 60, 147, 24, 23, 187, 146]"
109870,"[157, 223, 90, 238, 36, 105, 189, 149, 21, 175]"
109871,"[103, 261, 112, 20, 119, 13, 45, 32, 27, 238]"
109872,"[76, 45, 261, 58, 12, 48, 220, 121, 187, 43]"
109873,"[45, 103, 261, 48, 12, 76, 13, 20, 112, 32]"
109874,"[7, 43, 28, 23, 4, 36, 84, 34, 49, 175]"
109875,"[60, 157, 25, 55, 146, 77, 142, 151, 105, 149]"
109876,"[66, 19, 38, 149, 55, 146, 12, 133, 21, 72]"
109877,"[49, 0, 30, 97, 151, 26, 72, 105, 14, 41]"
109878,"[51, 9, 105, 124, 27, 71, 103, 13, 2, 20]"
109879,"[48, 45, 20, 76, 13, 261, 119, 103, 112, 279]"
109880,"[84, 34, 220, 121, 187, 43, 28, 4, 10, 20]"
109881,"[41, 25, 51, 9, 27, 6, 124, 20, 261, 10]"
109882,"[220, 187, 34, 121, 84, 43, 28, 60, 23, 24]"
109883,"[49, 1, 30, 28, 10, 23, 24, 15, 60, 142]"
109884,"[147, 14, 97, 76, 119, 24, 48, 45, 38, 0]"
109885,"[97, 0, 151, 105, 25, 14, 147, 76, 77, 26]"
109886,"[73, 91, 3, 130, 29, 17, 25, 105, 42, 6]"
109887,"[149, 124, 157, 142, 36, 66, 23, 223, 38, 19]"
109888,"[0, 105, 151, 97, 77, 18, 25, 30, 15, 14]"
109889,"[77, 105, 151, 0, 157, 14, 97, 189, 51, 9]"
109890,"[84, 34, 13, 20, 189, 58, 261, 103, 220, 48]"
109891,"[64, 15, 72, 18, 19, 82, 66, 71, 3, 97]"
109892,"[82, 15, 18, 77, 1, 151, 26, 105, 149, 72]"
109893,"[21, 142, 189, 4, 149, 55, 36, 147, 90, 38]"
109894,"[4, 66, 19, 149, 7, 175, 238, 21, 28, 38]"
109895,"[41, 25, 9, 27, 51, 124, 112, 97, 261, 6]"
109896,"[142, 60, 24, 23, 187, 28, 121, 7, 30, 42]"
109897,"[149, 157, 66, 238, 223, 36, 19, 189, 14, 23]"
109898,"[5, 76, 2, 124, 13, 10, 25, 51, 146, 36]"
109899,"[149, 66, 19, 82, 55, 15, 72, 157, 238, 18]"
109900,"[82, 15, 18, 72, 26, 149, 64, 3, 6, 92]"
109901,"[25, 6, 41, 151, 76, 0, 51, 27, 10, 261]"
109902,"[130, 42, 91, 10, 73, 3, 49, 60, 2, 7]"
109903,"[26, 73, 92, 72, 146, 91, 6, 15, 133, 58]"
109904,"[64, 72, 15, 18, 82, 66, 92, 3, 149, 19]"
109905,"[13, 20, 119, 261, 76, 103, 279, 112, 45, 48]"
109906,"[21, 14, 261, 20, 238, 90, 103, 147, 189, 223]"
109907,"[19, 66, 7, 149, 38, 238, 133, 23, 4, 14]"
109908,"[147, 36, 112, 238, 77, 189, 21, 157, 119, 175]"
109909,"[130, 42, 10, 91, 73, 49, 60, 220, 30, 43]"
109910,"[77, 105, 15, 72, 82, 1, 18, 157, 64, 151]"
109911,"[36, 90, 223, 157, 175, 189, 238, 21, 149, 112]"
109912,"[122, 55, 66, 19, 149, 15, 238, 28, 72, 32]"
109913,"[6, 25, 10, 41, 71, 12, 76, 58, 51, 220]"
109914,"[17, 3, 29, 73, 66, 19, 32, 91, 42, 149]"
109915,"[64, 15, 18, 72, 97, 82, 19, 92, 133, 91]"
109916,"[72, 15, 64, 82, 18, 66, 71, 19, 3, 149]"
109917,"[77, 105, 15, 72, 151, 82, 18, 30, 49, 1]"
109918,"[72, 15, 64, 82, 18, 66, 71, 3, 19, 105]"
109919,"[24, 23, 142, 60, 49, 187, 42, 28, 121, 220]"
109920,"[3, 73, 91, 29, 82, 130, 17, 42, 77, 138]"
109921,"[36, 238, 157, 147, 189, 175, 223, 21, 14, 119]"
109922,"[103, 20, 13, 279, 119, 34, 149, 32, 29, 112]"
109923,"[51, 27, 9, 0, 25, 20, 41, 279, 112, 124]"
109924,"[76, 45, 48, 261, 12, 14, 112, 20, 13, 58]"
109925,"[42, 130, 91, 60, 23, 24, 121, 73, 43, 187]"
109926,"[51, 9, 105, 124, 25, 27, 77, 103, 13, 41]"
109927,"[41, 6, 82, 10, 25, 51, 9, 49, 124, 2]"
109928,"[105, 157, 1, 15, 18, 77, 36, 72, 21, 9]"
109929,"[2, 10, 27, 51, 6, 18, 71, 25, 112, 121]"
109930,"[189, 223, 14, 157, 90, 21, 36, 238, 20, 175]"
109931,"[223, 66, 238, 14, 189, 28, 90, 24, 19, 29]"
109932,"[119, 112, 13, 20, 103, 279, 77, 238, 32, 36]"
109933,"[55, 19, 38, 66, 149, 18, 146, 133, 122, 97]"
109934,"[187, 34, 121, 220, 84, 43, 10, 7, 60, 2]"
109935,"[26, 73, 82, 72, 92, 15, 64, 1, 3, 18]"
109936,"[121, 261, 58, 187, 76, 220, 12, 45, 48, 43]"
109937,"[4, 24, 28, 60, 7, 23, 34, 121, 84, 1]"
109938,"[45, 76, 112, 261, 103, 13, 20, 48, 187, 58]"
109939,"[44, 13, 84, 119, 20, 261, 103, 76, 187, 279]"
109940,"[14, 189, 7, 223, 66, 23, 19, 36, 60, 146]"
109941,"[36, 66, 157, 238, 4, 21, 90, 19, 149, 189]"
109942,"[2, 5, 49, 1, 10, 34, 28, 51, 84, 27]"
109943,"[72, 15, 64, 18, 82, 26, 73, 66, 92, 6]"
109944,"[151, 0, 97, 49, 30, 142, 24, 23, 26, 25]"
109945,"[51, 9, 41, 13, 25, 27, 105, 73, 20, 77]"
109946,"[14, 189, 7, 223, 66, 19, 23, 28, 36, 60]"
109947,"[51, 9, 6, 10, 5, 71, 13, 41, 27, 25]"
109948,"[14, 21, 238, 223, 20, 189, 36, 261, 90, 147]"
109949,"[44, 13, 84, 119, 20, 103, 279, 7, 34, 32]"
109950,"[92, 26, 133, 30, 10, 49, 77, 0, 151, 48]"
109951,"[73, 91, 130, 3, 42, 26, 29, 151, 30, 17]"
109952,"[82, 3, 77, 105, 15, 138, 72, 18, 1, 49]"
109953,"[28, 4, 55, 24, 122, 279, 23, 238, 1, 157]"
109954,"[261, 103, 32, 45, 13, 20, 76, 48, 34, 121]"
109955,"[3, 91, 73, 82, 17, 29, 130, 15, 72, 18]"
109956,"[119, 13, 19, 34, 20, 112, 32, 103, 279, 36]"
109957,"[121, 187, 261, 220, 76, 58, 12, 48, 45, 43]"
109958,"[28, 24, 23, 60, 4, 220, 49, 121, 142, 7]"
109959,"[72, 15, 64, 18, 82, 3, 66, 19, 71, 105]"
109960,"[19, 66, 7, 38, 149, 133, 238, 23, 36, 4]"
109961,"[142, 23, 27, 60, 7, 4, 24, 28, 220, 121]"
109962,"[24, 4, 28, 60, 23, 121, 7, 220, 34, 42]"
109963,"[2, 51, 5, 27, 10, 41, 49, 6, 9, 71]"
109964,"[124, 27, 112, 41, 9, 76, 51, 77, 25, 90]"
109965,"[0, 97, 18, 90, 15, 92, 105, 151, 77, 72]"
109966,"[157, 223, 149, 36, 105, 189, 238, 19, 90, 4]"
109967,"[25, 6, 41, 51, 27, 10, 71, 60, 121, 151]"
109968,"[261, 76, 58, 45, 48, 121, 187, 12, 43, 14]"
109969,"[36, 90, 157, 223, 175, 238, 189, 21, 105, 112]"
109970,"[51, 9, 13, 5, 27, 71, 20, 105, 279, 2]"
109971,"[175, 157, 238, 90, 223, 189, 36, 21, 105, 13]"
109972,"[54, 121, 220, 34, 84, 5, 10, 2, 1, 28]"
109973,"[72, 15, 64, 18, 26, 82, 6, 66, 92, 71]"
109974,"[77, 105, 30, 151, 97, 0, 1, 49, 92, 64]"
109975,"[48, 45, 13, 20, 112, 261, 76, 279, 119, 103]"
109976,"[82, 15, 18, 72, 26, 149, 64, 3, 66, 92]"
109977,"[147, 14, 36, 133, 112, 77, 24, 38, 45, 238]"
109978,"[23, 24, 28, 142, 4, 60, 7, 187, 121, 42]"
109979,"[43, 42, 187, 121, 10, 220, 7, 24, 4, 49]"
109980,"[133, 147, 146, 14, 38, 60, 24, 58, 23, 189]"
109981,"[97, 0, 151, 26, 30, 49, 91, 133, 18, 105]"
109982,"[71, 6, 15, 73, 30, 3, 12, 32, 91, 44]"
109983,"[10, 121, 43, 6, 49, 42, 30, 187, 2, 220]"
109984,"[66, 4, 19, 149, 7, 238, 28, 175, 21, 189]"
109985,"[7, 36, 43, 175, 157, 14, 66, 23, 238, 19]"
109986,"[12, 58, 45, 76, 261, 187, 220, 48, 43, 121]"
109987,"[13, 20, 112, 103, 119, 279, 32, 84, 34, 51]"
109988,"[76, 45, 13, 261, 20, 112, 48, 103, 279, 119]"
109989,"[77, 105, 1, 72, 15, 64, 119, 18, 82, 19]"
109990,"[175, 133, 189, 90, 223, 157, 36, 238, 14, 13]"
109991,"[60, 121, 142, 24, 23, 42, 220, 146, 25, 30]"
109992,"[29, 17, 42, 3, 91, 73, 13, 20, 14, 119]"
109993,"[32, 58, 44, 12, 66, 103, 19, 55, 6, 261]"
109994,"[18, 15, 0, 82, 105, 97, 175, 2, 1, 77]"
109995,"[119, 13, 20, 103, 112, 45, 261, 279, 48, 29]"
109996,"[21, 189, 142, 4, 149, 55, 36, 147, 90, 38]"
109997,"[105, 151, 0, 30, 49, 77, 72, 1, 97, 15]"
109998,"[112, 119, 13, 279, 20, 103, 32, 51, 175, 238]"
109999,"[26, 73, 92, 146, 72, 15, 91, 6, 133, 187]"
110000,"[112, 13, 279, 20, 103, 76, 124, 119, 27, 90]"
110001,"[124, 112, 27, 76, 9, 41, 51, 6, 5, 10]"
110002,"[142, 7, 28, 60, 4, 24, 23, 187, 121, 19]"
110003,"[151, 97, 77, 0, 49, 64, 25, 6, 91, 60]"
110004,"[71, 279, 27, 2, 9, 20, 51, 15, 77, 82]"
110005,"[17, 3, 29, 73, 42, 58, 32, 91, 12, 19]"
110006,"[122, 55, 66, 19, 133, 149, 26, 15, 38, 238]"
110007,"[42, 121, 220, 60, 187, 130, 24, 23, 43, 142]"
110008,"[0, 97, 18, 151, 49, 26, 41, 30, 6, 90]"
110009,"[103, 13, 20, 261, 279, 112, 157, 189, 119, 238]"
110010,"[23, 14, 142, 24, 146, 60, 38, 149, 261, 147]"
110011,"[238, 157, 36, 28, 66, 189, 19, 90, 7, 32]"
110012,"[73, 3, 91, 17, 130, 42, 29, 151, 6, 51]"
110013,"[21, 14, 261, 66, 20, 238, 90, 19, 142, 133]"
110014,"[73, 3, 91, 130, 26, 29, 42, 17, 71, 5]"
110015,"[146, 36, 14, 66, 7, 175, 189, 23, 90, 149]"
110016,"[27, 124, 9, 2, 149, 51, 71, 41, 34, 15]"
110017,"[73, 91, 130, 3, 42, 151, 17, 0, 6, 29]"
110018,"[92, 26, 49, 105, 72, 73, 0, 51, 1, 18]"
110019,"[157, 223, 149, 90, 36, 23, 238, 19, 189, 133]"
110020,"[71, 15, 72, 82, 279, 6, 3, 9, 18, 20]"
110021,"[51, 9, 105, 124, 71, 6, 10, 27, 25, 77]"
110022,"[147, 14, 133, 24, 38, 45, 36, 112, 238, 21]"
110023,"[9, 51, 27, 77, 71, 13, 5, 20, 2, 10]"
110024,"[124, 27, 9, 2, 51, 71, 41, 149, 103, 15]"
110025,"[41, 0, 10, 6, 25, 130, 97, 51, 91, 73]"
110026,"[77, 105, 157, 151, 51, 9, 15, 72, 27, 189]"
110027,"[51, 9, 13, 41, 105, 25, 27, 77, 48, 20]"
110028,"[142, 14, 48, 147, 60, 38, 24, 23, 187, 0]"
110029,"[23, 24, 28, 142, 189, 19, 14, 147, 38, 223]"
110030,"[119, 13, 20, 84, 58, 34, 32, 112, 187, 103]"
110031,"[142, 23, 60, 24, 27, 187, 121, 220, 42, 49]"
110032,"[51, 9, 105, 124, 27, 103, 77, 20, 13, 71]"
110033,"[142, 19, 7, 28, 103, 21, 55, 14, 48, 147]"
110034,"[44, 121, 103, 279, 261, 13, 20, 6, 34, 25]"
110035,"[133, 175, 24, 38, 4, 66, 149, 60, 19, 28]"
110036,"[175, 36, 189, 112, 90, 157, 13, 14, 238, 223]"
110037,"[1, 2, 28, 49, 15, 34, 77, 30, 5, 7]"
110038,"[142, 19, 103, 7, 28, 21, 55, 14, 48, 60]"
110039,"[122, 28, 133, 189, 19, 90, 149, 14, 142, 24]"
110040,"[122, 19, 149, 133, 55, 66, 18, 28, 15, 82]"
110041,"[91, 73, 3, 6, 133, 130, 38, 26, 42, 92]"
110042,"[38, 146, 133, 66, 149, 55, 19, 12, 60, 147]"
110043,"[20, 13, 84, 279, 119, 261, 103, 34, 45, 112]"
110044,"[97, 18, 105, 0, 15, 64, 1, 77, 26, 151]"
110045,"[119, 13, 19, 147, 58, 12, 32, 20, 220, 34]"
110046,"[6, 25, 41, 10, 91, 49, 43, 121, 73, 27]"
110047,"[49, 15, 1, 30, 105, 72, 92, 151, 64, 6]"
110048,"[48, 45, 13, 20, 112, 279, 261, 76, 103, 119]"
110049,"[157, 60, 55, 25, 36, 238, 105, 7, 38, 19]"
110050,"[151, 105, 0, 30, 77, 49, 15, 97, 138, 1]"
110051,"[17, 3, 73, 29, 91, 42, 19, 66, 32, 130]"
110052,"[124, 27, 112, 9, 76, 41, 6, 51, 5, 10]"
110053,"[187, 43, 220, 121, 23, 42, 4, 24, 34, 84]"
110054,"[112, 119, 13, 279, 103, 20, 32, 51, 9, 175]"
110055,"[97, 18, 105, 15, 77, 0, 64, 1, 151, 26]"
110056,"[73, 91, 130, 42, 3, 6, 151, 17, 25, 0]"
110057,"[30, 49, 38, 151, 0, 97, 15, 71, 147, 105]"
110058,"[34, 84, 121, 220, 187, 2, 28, 4, 32, 7]"
110059,"[90, 189, 238, 7, 21, 223, 36, 149, 66, 157]"
110060,"[5, 51, 9, 71, 2, 3, 48, 36, 15, 64]"
110061,"[21, 14, 261, 66, 20, 19, 90, 238, 142, 4]"
110062,"[42, 121, 17, 34, 60, 4, 220, 187, 28, 43]"
110063,"[151, 0, 97, 25, 77, 30, 14, 49, 105, 45]"
110064,"[41, 9, 25, 27, 51, 124, 112, 6, 261, 119]"
110065,"[146, 60, 38, 14, 23, 133, 66, 147, 142, 36]"
110066,"[146, 14, 36, 66, 189, 7, 175, 149, 23, 238]"
110067,"[9, 41, 51, 124, 27, 38, 25, 71, 15, 6]"
110068,"[97, 0, 151, 26, 49, 18, 105, 30, 91, 133]"
110069,"[18, 15, 82, 105, 2, 175, 1, 0, 77, 90]"
110070,"[17, 29, 3, 42, 73, 91, 130, 19, 103, 66]"
110071,"[76, 13, 20, 45, 55, 220, 261, 25, 48, 238]"
110072,"[7, 43, 23, 4, 142, 28, 24, 60, 42, 121]"
110073,"[279, 20, 13, 112, 103, 119, 238, 157, 51, 261]"
110074,"[21, 189, 223, 19, 66, 90, 238, 36, 157, 4]"
110075,"[0, 97, 18, 90, 151, 77, 105, 51, 41, 14]"
110076,"[220, 187, 121, 43, 24, 42, 76, 147, 12, 84]"
110077,"[12, 58, 6, 32, 133, 38, 146, 76, 121, 220]"
110078,"[71, 279, 20, 45, 27, 2, 25, 9, 51, 10]"
110079,"[49, 1, 2, 30, 23, 138, 28, 72, 60, 10]"
110080,"[9, 41, 51, 27, 25, 124, 13, 112, 38, 20]"
110081,"[97, 0, 151, 49, 30, 147, 91, 41, 18, 105]"
110082,"[7, 66, 19, 4, 90, 238, 21, 36, 223, 175]"
110083,"[12, 58, 220, 121, 13, 76, 32, 103, 261, 45]"
110084,"[138, 1, 30, 49, 7, 142, 60, 2, 34, 23]"
110085,"[149, 19, 66, 157, 238, 4, 189, 36, 90, 223]"
110086,"[10, 6, 121, 25, 151, 43, 48, 51, 41, 261]"
110087,"[82, 3, 77, 105, 15, 72, 18, 1, 223, 238]"
110088,"[13, 20, 119, 84, 261, 76, 34, 103, 58, 32]"
110089,"[90, 0, 97, 18, 223, 7, 157, 149, 66, 24]"
110090,"[49, 30, 77, 105, 72, 151, 1, 0, 15, 18]"
110091,"[64, 72, 15, 18, 82, 151, 19, 66, 3, 149]"
110092,"[66, 19, 28, 189, 55, 14, 38, 4, 146, 149]"
110093,"[44, 32, 279, 12, 66, 7, 112, 17, 149, 13]"
110094,"[2, 49, 5, 10, 121, 34, 43, 28, 1, 84]"
110095,"[34, 103, 84, 112, 13, 32, 119, 20, 279, 7]"
110096,"[238, 66, 21, 175, 19, 223, 36, 157, 90, 189]"
110097,"[28, 23, 24, 60, 4, 7, 142, 34, 187, 121]"
110098,"[84, 121, 34, 60, 220, 187, 43, 4, 13, 20]"
110099,"[3, 91, 73, 17, 130, 6, 15, 82, 29, 72]"
110100,"[130, 91, 42, 73, 10, 49, 3, 60, 30, 142]"
110101,"[112, 279, 103, 32, 20, 119, 34, 13, 45, 238]"
110102,"[119, 13, 20, 34, 84, 112, 32, 279, 103, 58]"
110103,"[1, 26, 15, 77, 49, 2, 238, 28, 105, 30]"
110104,"[5, 2, 34, 10, 1, 187, 49, 220, 130, 121]"
110105,"[30, 71, 49, 15, 1, 77, 105, 72, 36, 0]"
110106,"[72, 15, 18, 64, 19, 82, 66, 26, 77, 3]"
110107,"[112, 119, 13, 279, 32, 103, 34, 20, 175, 238]"
110108,"[122, 28, 133, 23, 14, 149, 19, 147, 175, 7]"
110109,"[17, 73, 3, 91, 42, 29, 55, 149, 66, 32]"
110110,"[25, 6, 41, 60, 10, 121, 76, 151, 261, 26]"
110111,"[28, 238, 24, 66, 223, 19, 157, 149, 189, 55]"
110112,"[64, 15, 97, 77, 1, 18, 105, 72, 0, 30]"
110113,"[112, 279, 45, 20, 103, 76, 13, 119, 48, 261]"
110114,"[20, 279, 13, 32, 112, 103, 119, 34, 84, 261]"
110115,"[20, 261, 13, 45, 14, 48, 119, 279, 76, 103]"
110116,"[19, 66, 149, 146, 38, 55, 133, 122, 32, 189]"
110117,"[10, 6, 41, 25, 121, 49, 51, 187, 58, 2]"
110118,"[5, 124, 2, 51, 13, 76, 3, 9, 71, 36]"
110119,"[103, 13, 34, 32, 20, 261, 279, 112, 84, 119]"
110120,"[5, 10, 2, 49, 34, 51, 130, 187, 1, 220]"
110121,"[3, 91, 73, 17, 82, 29, 15, 72, 18, 71]"
110122,"[112, 119, 13, 279, 103, 45, 20, 76, 48, 261]"
110123,"[157, 223, 105, 238, 90, 36, 189, 149, 21, 175]"
110124,"[103, 13, 20, 279, 34, 112, 119, 149, 32, 261]"
110125,"[92, 0, 105, 15, 18, 49, 1, 51, 9, 77]"
110126,"[7, 4, 21, 66, 175, 90, 19, 223, 238, 149]"
110127,"[133, 189, 122, 149, 21, 147, 223, 90, 14, 28]"
110128,"[55, 19, 189, 28, 157, 119, 4, 149, 90, 66]"
110129,"[58, 45, 12, 48, 261, 76, 121, 220, 43, 187]"
110130,"[90, 223, 18, 157, 7, 149, 238, 28, 21, 0]"
110131,"[138, 49, 1, 23, 105, 30, 4, 15, 60, 130]"
110132,"[17, 29, 73, 42, 3, 36, 112, 4, 55, 149]"
110133,"[9, 51, 41, 27, 124, 15, 71, 5, 112, 13]"
110134,"[0, 97, 90, 105, 18, 77, 151, 41, 51, 15]"
110135,"[92, 15, 18, 72, 0, 82, 64, 6, 26, 91]"
110136,"[38, 133, 146, 66, 149, 55, 19, 12, 147, 60]"
110137,"[42, 29, 17, 73, 3, 91, 130, 121, 13, 76]"
110138,"[91, 73, 130, 3, 6, 17, 58, 26, 42, 15]"
110139,"[223, 14, 238, 189, 90, 29, 20, 157, 66, 36]"
110140,"[43, 187, 220, 121, 34, 84, 42, 4, 7, 60]"
110141,"[84, 34, 220, 121, 28, 187, 43, 10, 4, 60]"
110142,"[90, 223, 18, 157, 66, 7, 149, 238, 189, 21]"
110143,"[238, 55, 66, 36, 28, 19, 189, 149, 223, 2]"
110144,"[72, 49, 30, 15, 64, 0, 77, 82, 105, 26]"
110145,"[55, 238, 157, 28, 66, 60, 122, 189, 223, 19]"
110146,"[19, 66, 7, 133, 149, 38, 238, 14, 23, 4]"
110147,"[9, 41, 15, 51, 27, 124, 71, 5, 84, 2]"
110148,"[19, 66, 149, 55, 119, 122, 223, 12, 15, 72]"
110149,"[54, 2, 34, 84, 1, 220, 5, 121, 7, 4]"
110150,"[42, 73, 17, 29, 91, 130, 121, 45, 60, 76]"
110151,"[133, 189, 122, 223, 149, 90, 19, 147, 21, 14]"
110152,"[54, 121, 13, 20, 103, 12, 48, 32, 6, 261]"
110153,"[77, 105, 15, 82, 1, 18, 72, 157, 151, 64]"
110154,"[157, 238, 36, 105, 25, 189, 77, 175, 90, 13]"
110155,"[189, 66, 19, 28, 157, 146, 223, 149, 175, 36]"
110156,"[23, 14, 142, 146, 24, 60, 149, 38, 147, 157]"
110157,"[124, 51, 27, 9, 25, 41, 20, 6, 77, 48]"
110158,"[220, 121, 187, 43, 42, 34, 10, 60, 24, 84]"
110159,"[119, 13, 20, 34, 112, 84, 103, 279, 19, 32]"
110160,"[157, 223, 36, 90, 238, 105, 189, 14, 21, 147]"
110161,"[121, 34, 187, 220, 84, 28, 43, 42, 24, 10]"
110162,"[71, 30, 51, 124, 6, 27, 20, 25, 9, 2]"
110163,"[55, 66, 19, 122, 238, 149, 157, 38, 60, 15]"
110164,"[42, 17, 29, 91, 73, 3, 130, 60, 28, 13]"
110165,"[14, 146, 60, 23, 38, 24, 133, 147, 43, 142]"
110166,"[15, 72, 18, 82, 3, 64, 6, 73, 49, 92]"
110167,"[261, 103, 45, 20, 13, 76, 48, 32, 14, 112]"
110168,"[157, 223, 149, 36, 105, 189, 238, 19, 4, 90]"
110169,"[90, 223, 189, 36, 175, 157, 21, 112, 66, 19]"
110170,"[0, 97, 151, 18, 41, 14, 90, 49, 26, 77]"
110171,"[130, 91, 3, 73, 42, 105, 17, 29, 10, 5]"
110172,"[25, 51, 41, 6, 27, 76, 9, 151, 157, 261]"
110173,"[73, 91, 3, 17, 130, 6, 42, 26, 146, 0]"
110174,"[20, 76, 13, 45, 261, 112, 48, 103, 279, 119]"
110175,"[71, 30, 6, 124, 51, 27, 9, 25, 20, 2]"
110176,"[1, 15, 77, 105, 2, 18, 238, 82, 72, 28]"
110177,"[1, 4, 28, 49, 30, 7, 5, 34, 82, 60]"
110178,"[41, 25, 9, 51, 6, 27, 124, 105, 77, 10]"
110179,"[82, 77, 105, 3, 15, 18, 72, 1, 64, 138]"
110180,"[4, 28, 23, 60, 7, 24, 1, 49, 142, 187]"
110181,"[51, 9, 5, 71, 27, 13, 105, 2, 20, 6]"
110182,"[18, 15, 82, 2, 105, 175, 1, 0, 77, 90]"
110183,"[175, 36, 122, 19, 7, 90, 146, 60, 147, 66]"
110184,"[49, 1, 2, 30, 23, 28, 138, 10, 60, 24]"
110185,"[133, 38, 146, 66, 14, 58, 91, 12, 149, 19]"
110186,"[157, 223, 90, 238, 36, 105, 189, 21, 149, 175]"
110187,"[151, 0, 77, 105, 97, 238, 72, 189, 51, 25]"
110188,"[51, 0, 9, 27, 25, 41, 20, 124, 112, 279]"
110189,"[112, 119, 13, 279, 45, 103, 20, 76, 48, 51]"
110190,"[17, 29, 42, 73, 3, 103, 13, 19, 44, 112]"
110191,"[25, 51, 6, 9, 41, 10, 5, 27, 71, 76]"
110192,"[12, 58, 261, 76, 45, 48, 220, 43, 20, 121]"
110193,"[7, 44, 23, 55, 90, 28, 157, 189, 60, 223]"
110194,"[48, 45, 76, 261, 20, 58, 14, 13, 12, 119]"
110195,"[124, 27, 112, 9, 51, 77, 90, 41, 76, 13]"
110196,"[27, 51, 112, 9, 124, 279, 20, 13, 103, 142]"
110197,"[4, 24, 36, 157, 149, 66, 7, 60, 28, 147]"
110198,"[24, 28, 238, 60, 133, 4, 23, 90, 66, 72]"
110199,"[66, 21, 238, 19, 223, 149, 4, 36, 90, 157]"
110200,"[32, 34, 58, 189, 13, 20, 119, 103, 84, 112]"
110201,"[187, 121, 220, 43, 34, 10, 42, 60, 84, 58]"
110202,"[92, 133, 26, 15, 72, 64, 6, 91, 146, 12]"
110203,"[34, 48, 58, 103, 121, 32, 187, 13, 84, 112]"
110204,"[38, 66, 149, 55, 19, 133, 146, 15, 60, 147]"
110205,"[4, 24, 36, 157, 149, 66, 28, 60, 7, 147]"
110206,"[238, 66, 21, 157, 223, 19, 149, 175, 90, 36]"
110207,"[97, 0, 151, 105, 77, 189, 147, 119, 18, 55]"
110208,"[25, 51, 6, 9, 77, 124, 71, 151, 27, 41]"
110209,"[66, 19, 55, 149, 15, 38, 32, 146, 72, 18]"
110210,"[19, 66, 149, 55, 119, 15, 72, 18, 122, 223]"
110211,"[6, 25, 10, 41, 12, 71, 73, 91, 76, 220]"
110212,"[0, 105, 97, 151, 77, 25, 14, 157, 18, 30]"
110213,"[32, 112, 12, 19, 279, 66, 103, 149, 119, 17]"
110214,"[45, 48, 76, 261, 58, 14, 20, 220, 12, 151]"
110215,"[66, 19, 149, 72, 38, 55, 146, 238, 133, 15]"
110216,"[6, 71, 18, 25, 41, 51, 44, 10, 32, 58]"
110217,"[138, 151, 0, 1, 30, 15, 49, 77, 189, 73]"
110218,"[14, 21, 20, 238, 223, 189, 36, 261, 175, 90]"
110219,"[1, 26, 15, 77, 2, 28, 49, 30, 105, 238]"
110220,"[26, 72, 73, 15, 6, 92, 91, 38, 18, 151]"
110221,"[17, 3, 91, 73, 29, 42, 66, 19, 12, 32]"
110222,"[220, 187, 121, 34, 24, 84, 43, 7, 28, 4]"
110223,"[279, 20, 112, 12, 13, 48, 51, 76, 1, 84]"
110224,"[45, 76, 112, 20, 13, 48, 261, 103, 124, 279]"
110225,"[77, 105, 151, 97, 0, 119, 147, 124, 51, 36]"
110226,"[13, 20, 261, 119, 48, 103, 279, 112, 45, 76]"
110227,"[72, 15, 146, 82, 66, 26, 18, 71, 64, 92]"
110228,"[17, 3, 29, 19, 73, 66, 32, 44, 149, 42]"
110229,"[3, 91, 73, 29, 17, 15, 130, 42, 72, 64]"
110230,"[124, 27, 9, 41, 6, 25, 2, 10, 51, 71]"
110231,"[84, 187, 48, 220, 121, 34, 20, 13, 43, 279]"
110232,"[84, 34, 220, 121, 187, 43, 42, 4, 7, 28]"
110233,"[12, 58, 76, 45, 48, 261, 220, 43, 20, 121]"
110234,"[91, 3, 130, 73, 42, 29, 17, 133, 124, 9]"
110235,"[28, 24, 4, 7, 2, 34, 1, 238, 23, 60]"
110236,"[84, 34, 220, 121, 187, 28, 43, 10, 4, 60]"
110237,"[82, 3, 15, 72, 18, 133, 77, 91, 64, 105]"
110238,"[51, 27, 25, 41, 20, 124, 9, 112, 261, 45]"
110239,"[34, 187, 121, 220, 84, 28, 43, 23, 24, 7]"
110240,"[220, 187, 43, 121, 42, 60, 34, 24, 10, 84]"
110241,"[36, 147, 238, 157, 189, 7, 149, 146, 19, 175]"
110242,"[29, 17, 42, 3, 20, 13, 119, 238, 84, 103]"
110243,"[13, 20, 119, 84, 34, 103, 32, 279, 112, 189]"
110244,"[55, 60, 238, 157, 66, 28, 38, 122, 76, 223]"
110245,"[97, 0, 18, 105, 151, 77, 1, 55, 49, 15]"
110246,"[73, 3, 91, 26, 17, 71, 15, 130, 6, 72]"
110247,"[29, 17, 42, 3, 91, 20, 14, 73, 13, 238]"
110248,"[17, 29, 42, 3, 103, 13, 19, 112, 44, 73]"
110249,"[149, 19, 66, 157, 238, 4, 36, 189, 223, 90]"
110250,"[72, 146, 15, 151, 105, 77, 82, 26, 49, 30]"
110251,"[121, 220, 34, 187, 43, 84, 10, 42, 28, 7]"
110252,"[64, 151, 72, 77, 48, 15, 49, 90, 1, 92]"
110253,"[3, 17, 73, 91, 29, 130, 42, 51, 105, 9]"
110254,"[189, 223, 133, 90, 36, 58, 238, 21, 34, 32]"
110255,"[4, 28, 24, 23, 142, 60, 1, 42, 84, 7]"
110256,"[261, 12, 121, 76, 45, 20, 58, 48, 14, 220]"
110257,"[7, 36, 175, 43, 66, 157, 238, 14, 19, 23]"
110258,"[38, 133, 14, 76, 23, 60, 146, 24, 142, 66]"
110259,"[103, 13, 34, 20, 32, 279, 261, 112, 119, 84]"
110260,"[42, 17, 29, 73, 3, 91, 130, 60, 28, 45]"
110261,"[19, 66, 149, 55, 15, 18, 32, 189, 146, 122]"
110262,"[20, 13, 261, 103, 76, 58, 32, 45, 119, 279]"
110263,"[76, 45, 12, 58, 48, 220, 261, 121, 187, 43]"
110264,"[130, 91, 73, 3, 42, 29, 17, 15, 18, 77]"
110265,"[14, 147, 261, 76, 48, 45, 223, 146, 23, 189]"
110266,"[84, 34, 13, 20, 112, 279, 119, 4, 149, 121]"
110267,"[26, 92, 73, 72, 82, 6, 133, 38, 15, 49]"
110268,"[26, 73, 92, 49, 97, 0, 1, 48, 10, 151]"
110269,"[6, 71, 25, 51, 10, 9, 27, 41, 5, 12]"
110270,"[13, 20, 119, 103, 279, 112, 51, 261, 9, 34]"
110271,"[92, 77, 26, 30, 10, 64, 133, 72, 105, 15]"
110272,"[54, 220, 121, 34, 187, 84, 2, 43, 1, 5]"
110273,"[157, 60, 55, 238, 36, 7, 19, 105, 66, 189]"
110274,"[4, 28, 7, 23, 1, 84, 60, 34, 24, 66]"
110275,"[238, 157, 21, 175, 223, 90, 189, 36, 20, 13]"
110276,"[103, 261, 20, 13, 112, 119, 45, 32, 27, 238]"
110277,"[92, 26, 49, 73, 72, 51, 105, 0, 15, 18]"
110278,"[24, 28, 60, 23, 49, 142, 220, 121, 4, 42]"
110279,"[60, 157, 146, 25, 55, 142, 121, 77, 149, 223]"
110280,"[112, 279, 20, 103, 13, 119, 45, 51, 238, 76]"
110281,"[44, 103, 279, 13, 20, 121, 34, 112, 84, 157]"
110282,"[130, 91, 3, 73, 42, 29, 17, 15, 2, 77]"
110283,"[189, 223, 19, 66, 157, 90, 238, 36, 149, 21]"
110284,"[17, 73, 29, 42, 3, 91, 36, 55, 4, 130]"
110285,"[90, 223, 189, 157, 36, 175, 21, 112, 238, 13]"
110286,"[220, 187, 121, 43, 42, 60, 34, 24, 23, 84]"
110287,"[149, 157, 66, 238, 36, 223, 19, 189, 14, 23]"
110288,"[261, 76, 48, 45, 14, 20, 13, 25, 58, 279]"
110289,"[105, 157, 77, 223, 51, 151, 9, 238, 90, 15]"
110290,"[112, 279, 45, 20, 103, 76, 119, 13, 48, 261]"
110291,"[119, 13, 20, 84, 34, 103, 32, 112, 279, 19]"
110292,"[6, 25, 41, 10, 49, 27, 43, 121, 91, 51]"
110293,"[187, 43, 220, 261, 121, 20, 45, 119, 13, 4]"
110294,"[223, 189, 90, 19, 14, 157, 21, 187, 36, 66]"
110295,"[25, 6, 41, 10, 151, 60, 121, 76, 91, 261]"
110296,"[28, 19, 238, 189, 149, 66, 157, 223, 4, 7]"
110297,"[220, 187, 121, 76, 147, 12, 112, 58, 45, 34]"
110298,"[26, 73, 30, 92, 49, 97, 151, 0, 187, 146]"
110299,"[20, 13, 84, 279, 119, 103, 34, 261, 223, 51]"
110300,"[38, 133, 66, 149, 19, 14, 175, 36, 55, 7]"
110301,"[72, 15, 82, 18, 66, 146, 71, 64, 3, 19]"
110302,"[49, 30, 1, 23, 7, 24, 10, 4, 28, 60]"
110303,"[97, 0, 105, 18, 151, 55, 77, 49, 1, 15]"
110304,"[6, 25, 10, 41, 71, 12, 151, 26, 58, 76]"
110305,"[38, 133, 14, 76, 60, 23, 66, 24, 146, 12]"
110306,"[112, 76, 13, 279, 45, 20, 90, 103, 261, 124]"
110307,"[157, 223, 105, 36, 189, 149, 90, 238, 21, 77]"
110308,"[66, 19, 38, 149, 55, 146, 21, 133, 12, 238]"
110309,"[25, 6, 41, 27, 10, 51, 71, 60, 121, 151]"
110310,"[25, 6, 51, 41, 27, 151, 157, 9, 76, 105]"
110311,"[26, 73, 97, 92, 49, 1, 0, 48, 10, 151]"
110312,"[60, 157, 25, 55, 146, 77, 142, 121, 151, 149]"
110313,"[9, 51, 10, 27, 41, 71, 77, 5, 13, 25]"
110314,"[19, 66, 149, 12, 55, 119, 38, 15, 122, 92]"
110315,"[27, 51, 2, 6, 10, 9, 25, 71, 124, 20]"
110316,"[146, 60, 66, 149, 36, 14, 38, 72, 133, 21]"
110317,"[112, 279, 20, 103, 32, 119, 13, 34, 45, 84]"
110318,"[1, 151, 49, 30, 77, 28, 15, 4, 26, 97]"
110319,"[21, 189, 223, 157, 238, 90, 36, 175, 105, 14]"
110320,"[38, 60, 147, 14, 146, 23, 133, 49, 30, 24]"
110321,"[220, 12, 76, 45, 261, 48, 58, 121, 187, 43]"
110322,"[66, 21, 238, 19, 14, 38, 223, 36, 149, 189]"
110323,"[5, 2, 34, 51, 1, 49, 10, 28, 4, 84]"
110324,"[66, 149, 19, 146, 38, 72, 133, 55, 17, 238]"
110325,"[2, 5, 10, 49, 121, 34, 28, 30, 1, 84]"
110326,"[48, 45, 76, 261, 58, 43, 12, 121, 14, 20]"
110327,"[38, 66, 149, 19, 55, 146, 15, 133, 17, 12]"
110328,"[119, 13, 20, 112, 45, 103, 261, 48, 279, 29]"
110329,"[23, 7, 279, 24, 28, 14, 157, 189, 60, 90]"
110330,"[34, 187, 121, 84, 43, 220, 10, 7, 5, 60]"
110331,"[15, 18, 82, 64, 72, 71, 77, 38, 66, 149]"
110332,"[122, 55, 66, 19, 133, 149, 146, 238, 38, 14]"
110333,"[7, 4, 28, 34, 84, 60, 1, 23, 142, 24]"
110334,"[30, 49, 60, 1, 23, 10, 38, 42, 24, 142]"
110335,"[71, 279, 20, 27, 9, 2, 51, 15, 103, 77]"
110336,"[44, 13, 84, 119, 20, 261, 76, 48, 103, 187]"
110337,"[77, 105, 15, 72, 151, 82, 1, 18, 49, 30]"
110338,"[51, 9, 5, 71, 27, 13, 105, 2, 77, 20]"
110339,"[21, 189, 223, 36, 90, 238, 157, 175, 20, 105]"
110340,"[10, 6, 51, 9, 27, 151, 71, 25, 121, 2]"
110341,"[14, 238, 157, 261, 223, 21, 189, 20, 23, 90]"
110342,"[34, 58, 32, 121, 189, 220, 187, 103, 45, 84]"
110343,"[42, 17, 73, 29, 91, 130, 121, 45, 60, 58]"
110344,"[151, 77, 97, 64, 0, 25, 105, 15, 18, 72]"
110345,"[103, 261, 112, 13, 20, 119, 238, 21, 27, 32]"
110346,"[45, 48, 76, 58, 20, 220, 261, 12, 119, 84]"
110347,"[82, 1, 77, 105, 72, 26, 49, 18, 64, 97]"
110348,"[51, 9, 5, 71, 13, 27, 2, 77, 105, 34]"
110349,"[26, 1, 92, 82, 72, 97, 51, 73, 15, 49]"
110350,"[146, 60, 66, 36, 149, 14, 38, 72, 133, 23]"
110351,"[84, 13, 20, 34, 36, 119, 112, 32, 157, 44]"
110352,"[60, 36, 157, 28, 38, 90, 24, 55, 149, 133]"
110353,"[12, 58, 121, 76, 220, 261, 43, 45, 187, 48]"
110354,"[17, 29, 3, 73, 42, 19, 66, 32, 44, 91]"
110355,"[48, 45, 13, 76, 261, 279, 112, 20, 119, 103]"
110356,"[1, 28, 4, 49, 30, 2, 5, 23, 138, 84]"
110357,"[19, 66, 149, 55, 119, 15, 122, 18, 223, 64]"
110358,"[92, 0, 6, 15, 26, 18, 91, 133, 72, 49]"
110359,"[18, 72, 15, 82, 3, 105, 19, 64, 66, 71]"
110360,"[220, 121, 187, 24, 43, 34, 42, 10, 23, 30]"
110361,"[119, 13, 20, 34, 84, 112, 103, 32, 279, 58]"
110362,"[13, 121, 119, 20, 48, 34, 279, 103, 261, 43]"
110363,"[20, 279, 261, 13, 76, 112, 12, 103, 45, 32]"
110364,"[12, 58, 66, 6, 19, 32, 20, 45, 55, 44]"
110365,"[157, 223, 149, 105, 36, 189, 19, 238, 4, 90]"
110366,"[90, 189, 238, 48, 14, 21, 223, 36, 157, 147]"
110367,"[45, 103, 261, 12, 48, 112, 76, 20, 13, 58]"
110368,"[105, 77, 157, 18, 15, 223, 151, 82, 51, 149]"
110369,"[147, 14, 220, 38, 24, 146, 23, 36, 21, 142]"
110370,"[34, 121, 84, 187, 220, 10, 7, 43, 5, 28]"
110371,"[3, 91, 73, 17, 6, 15, 130, 64, 72, 18]"
110372,"[55, 66, 149, 19, 38, 133, 146, 12, 58, 32]"
110373,"[72, 77, 151, 49, 15, 18, 26, 105, 64, 1]"
110374,"[26, 73, 92, 72, 146, 91, 6, 15, 151, 133]"
110375,"[103, 13, 20, 261, 279, 112, 157, 34, 119, 189]"
110376,"[149, 66, 19, 38, 124, 55, 146, 133, 12, 122]"
110377,"[27, 51, 13, 112, 279, 124, 142, 9, 103, 20]"
110378,"[58, 32, 12, 133, 34, 189, 146, 13, 6, 48]"
110379,"[72, 15, 64, 82, 18, 26, 73, 6, 66, 71]"
110380,"[147, 36, 14, 189, 21, 157, 238, 175, 223, 220]"
110381,"[71, 6, 72, 15, 51, 32, 9, 18, 3, 12]"
110382,"[103, 20, 45, 261, 13, 76, 48, 279, 112, 119]"
110383,"[72, 15, 82, 64, 18, 66, 71, 3, 105, 19]"
110384,"[7, 28, 4, 23, 34, 60, 44, 142, 24, 90]"
110385,"[36, 66, 157, 238, 4, 90, 21, 149, 189, 19]"
110386,"[12, 58, 45, 220, 76, 90, 43, 187, 223, 121]"
110387,"[1, 15, 77, 2, 238, 18, 105, 28, 82, 19]"
110388,"[220, 187, 121, 34, 84, 24, 43, 7, 28, 42]"
110389,"[24, 28, 238, 60, 133, 90, 23, 4, 66, 72]"
110390,"[55, 147, 28, 38, 97, 19, 189, 157, 149, 66]"
110391,"[20, 279, 261, 13, 76, 112, 45, 103, 119, 48]"
110392,"[6, 91, 12, 25, 58, 41, 73, 10, 3, 49]"
110393,"[119, 112, 13, 32, 20, 103, 34, 279, 84, 43]"
110394,"[48, 45, 76, 261, 58, 12, 43, 121, 14, 13]"
110395,"[105, 77, 157, 151, 223, 0, 97, 25, 51, 18]"
110396,"[157, 223, 36, 105, 189, 149, 90, 238, 14, 21]"
110397,"[41, 51, 0, 9, 25, 27, 124, 97, 10, 6]"
110398,"[32, 66, 44, 19, 103, 58, 149, 12, 55, 34]"
110399,"[187, 220, 34, 121, 28, 43, 84, 23, 24, 42]"
110400,"[220, 187, 121, 76, 147, 112, 12, 58, 45, 34]"
110401,"[121, 43, 187, 58, 261, 48, 45, 220, 76, 6]"
110402,"[25, 51, 6, 9, 124, 27, 77, 41, 105, 71]"
110403,"[92, 0, 49, 105, 151, 91, 97, 15, 14, 133]"
110404,"[105, 77, 157, 151, 223, 18, 138, 15, 97, 49]"
110405,"[103, 32, 20, 13, 34, 112, 44, 119, 261, 66]"
110406,"[41, 25, 6, 9, 49, 27, 97, 10, 38, 0]"
110407,"[14, 223, 189, 238, 157, 36, 147, 20, 21, 175]"
110408,"[64, 151, 72, 77, 15, 48, 49, 1, 90, 92]"
110409,"[187, 34, 121, 220, 84, 43, 42, 10, 7, 60]"
110410,"[121, 261, 187, 58, 220, 76, 45, 12, 48, 43]"
110411,"[122, 55, 19, 66, 133, 149, 238, 38, 146, 14]"
110412,"[44, 6, 12, 58, 121, 19, 32, 71, 103, 279]"
110413,"[97, 0, 151, 105, 147, 41, 77, 49, 25, 14]"
110414,"[151, 105, 0, 77, 157, 97, 238, 25, 30, 90]"
110415,"[147, 36, 14, 21, 157, 189, 238, 175, 223, 220]"
110416,"[64, 151, 72, 77, 48, 1, 15, 49, 90, 92]"
110417,"[261, 103, 45, 13, 20, 76, 48, 14, 32, 238]"
110418,"[4, 28, 7, 23, 34, 60, 1, 84, 66, 24]"
110419,"[45, 48, 76, 58, 220, 12, 261, 187, 42, 121]"
110420,"[23, 7, 28, 24, 4, 60, 34, 121, 42, 142]"
110421,"[3, 29, 91, 17, 73, 82, 130, 42, 77, 15]"
110422,"[73, 3, 91, 130, 26, 29, 42, 17, 71, 15]"
110423,"[18, 72, 15, 82, 19, 3, 64, 105, 71, 66]"
110424,"[30, 49, 38, 151, 0, 97, 26, 147, 71, 25]"
110425,"[60, 38, 14, 97, 24, 147, 133, 23, 146, 0]"
110426,"[7, 36, 175, 43, 66, 14, 157, 23, 238, 146]"
110427,"[175, 90, 157, 133, 189, 36, 223, 105, 238, 14]"
110428,"[17, 3, 29, 73, 66, 19, 91, 42, 32, 149]"
110429,"[189, 223, 19, 66, 90, 157, 36, 238, 21, 149]"
110430,"[44, 32, 12, 279, 58, 17, 71, 7, 112, 38]"
110431,"[130, 91, 42, 10, 3, 1, 30, 5, 73, 49]"
110432,"[119, 13, 19, 20, 34, 112, 103, 32, 279, 84]"
110433,"[119, 13, 20, 112, 103, 76, 147, 48, 45, 261]"
110434,"[151, 105, 0, 30, 77, 49, 15, 138, 97, 1]"
110435,"[103, 13, 20, 279, 34, 119, 32, 112, 149, 29]"
110436,"[58, 12, 32, 45, 48, 6, 76, 146, 261, 38]"
110437,"[133, 175, 24, 38, 4, 66, 19, 60, 149, 90]"
110438,"[36, 149, 90, 223, 66, 175, 157, 21, 238, 189]"
110439,"[13, 20, 261, 119, 76, 103, 279, 112, 189, 48]"
110440,"[175, 7, 189, 36, 112, 66, 19, 90, 55, 157]"
110441,"[44, 32, 279, 12, 7, 58, 66, 38, 112, 133]"
110442,"[149, 157, 66, 238, 223, 19, 36, 90, 189, 4]"
110443,"[279, 20, 112, 13, 51, 119, 157, 48, 189, 223]"
110444,"[29, 17, 90, 223, 119, 238, 20, 3, 42, 175]"
110445,"[279, 103, 13, 112, 20, 261, 45, 76, 48, 119]"
110446,"[15, 49, 77, 105, 30, 18, 3, 72, 82, 1]"
110447,"[279, 112, 13, 103, 20, 119, 27, 261, 32, 157]"
110448,"[26, 73, 92, 82, 6, 72, 133, 91, 97, 15]"
110449,"[32, 58, 12, 44, 103, 6, 66, 261, 55, 19]"
110450,"[14, 261, 21, 147, 48, 76, 45, 238, 0, 20]"
110451,"[142, 27, 23, 60, 14, 133, 21, 38, 24, 147]"
110452,"[27, 51, 142, 2, 124, 112, 9, 71, 279, 20]"
110453,"[60, 38, 24, 97, 23, 133, 14, 147, 146, 0]"
110454,"[261, 12, 121, 45, 76, 20, 14, 58, 220, 187]"
110455,"[122, 28, 133, 189, 90, 19, 23, 142, 149, 24]"
110456,"[36, 149, 66, 90, 223, 157, 175, 189, 238, 21]"
110457,"[25, 6, 41, 10, 76, 9, 51, 97, 45, 130]"
110458,"[133, 175, 24, 38, 4, 19, 149, 60, 28, 92]"
110459,"[122, 55, 66, 19, 133, 149, 38, 238, 146, 14]"
110460,"[14, 238, 157, 261, 23, 21, 223, 20, 189, 147]"
110461,"[71, 15, 72, 82, 6, 3, 18, 279, 9, 2]"
110462,"[91, 130, 73, 3, 42, 6, 97, 41, 25, 10]"
110463,"[121, 187, 220, 43, 42, 24, 60, 34, 10, 23]"
110464,"[19, 119, 66, 223, 23, 149, 29, 189, 238, 24]"
110465,"[142, 19, 103, 7, 28, 55, 21, 14, 48, 60]"
110466,"[138, 49, 1, 23, 105, 30, 130, 24, 2, 60]"
110467,"[54, 32, 103, 13, 34, 27, 119, 112, 2, 279]"
110468,"[42, 43, 73, 121, 29, 91, 175, 130, 17, 45]"
110469,"[12, 58, 45, 76, 261, 48, 220, 43, 20, 121]"
110470,"[112, 119, 32, 13, 279, 103, 187, 45, 43, 20]"
110471,"[21, 189, 223, 36, 19, 66, 14, 90, 238, 157]"
110472,"[25, 51, 9, 41, 27, 105, 13, 76, 6, 77]"
110473,"[157, 223, 149, 36, 90, 238, 23, 133, 14, 105]"
110474,"[38, 66, 149, 19, 55, 15, 146, 133, 17, 32]"
110475,"[138, 1, 49, 30, 23, 105, 2, 4, 130, 10]"
110476,"[149, 66, 19, 55, 38, 133, 146, 82, 157, 12]"
110477,"[147, 97, 36, 119, 157, 14, 238, 189, 90, 223]"
110478,"[138, 1, 30, 49, 7, 60, 2, 142, 34, 82]"
110479,"[147, 97, 36, 157, 14, 119, 238, 90, 223, 189]"
110480,"[25, 6, 41, 76, 151, 0, 261, 51, 27, 10]"
110481,"[2, 5, 51, 27, 10, 41, 49, 71, 6, 44]"
110482,"[58, 32, 34, 189, 12, 13, 45, 187, 121, 220]"
110483,"[7, 36, 175, 157, 66, 238, 19, 149, 90, 223]"
110484,"[157, 14, 189, 146, 66, 23, 149, 28, 223, 90]"
110485,"[30, 49, 1, 10, 138, 60, 28, 23, 7, 142]"
110486,"[157, 223, 149, 90, 36, 238, 19, 189, 105, 55]"
110487,"[51, 27, 41, 25, 20, 124, 9, 112, 261, 45]"
110488,"[44, 13, 84, 119, 20, 261, 103, 76, 48, 279]"
110489,"[133, 66, 38, 14, 7, 189, 36, 146, 149, 4]"
110490,"[14, 238, 21, 157, 36, 223, 189, 90, 175, 20]"
110491,"[32, 34, 58, 189, 13, 20, 119, 103, 112, 84]"
110492,"[51, 27, 9, 20, 124, 112, 13, 25, 119, 77]"
110493,"[44, 6, 12, 121, 58, 32, 71, 19, 66, 279]"
110494,"[138, 82, 77, 1, 18, 26, 15, 105, 0, 30]"
110495,"[175, 7, 36, 189, 66, 90, 112, 19, 13, 157]"
110496,"[3, 73, 82, 91, 17, 15, 72, 71, 18, 29]"
110497,"[14, 223, 189, 66, 7, 19, 23, 60, 146, 28]"
110498,"[23, 4, 24, 28, 60, 7, 49, 142, 34, 121]"
110499,"[2, 5, 10, 49, 34, 121, 28, 84, 43, 220]"
110500,"[27, 51, 2, 9, 71, 103, 20, 112, 124, 13]"
110501,"[25, 6, 41, 51, 9, 10, 5, 27, 105, 71]"
110502,"[7, 66, 4, 90, 14, 19, 21, 133, 38, 223]"
110503,"[119, 13, 20, 112, 103, 279, 36, 147, 76, 19]"
110504,"[14, 23, 146, 60, 24, 133, 38, 147, 43, 187]"
110505,"[55, 66, 157, 36, 149, 19, 7, 238, 223, 4]"
110506,"[55, 19, 28, 189, 157, 4, 149, 66, 223, 147]"
110507,"[12, 58, 76, 121, 45, 261, 220, 43, 187, 48]"
110508,"[28, 24, 49, 23, 60, 4, 142, 7, 121, 1]"
110509,"[142, 23, 60, 27, 24, 49, 187, 121, 42, 220]"
110510,"[29, 17, 42, 119, 90, 12, 223, 3, 20, 58]"
110511,"[26, 72, 15, 92, 38, 73, 6, 133, 146, 151]"
110512,"[0, 97, 151, 51, 77, 18, 105, 90, 41, 189]"
110513,"[14, 23, 146, 261, 76, 142, 147, 38, 24, 60]"
110514,"[130, 91, 42, 10, 30, 73, 49, 3, 220, 1]"
110515,"[149, 66, 19, 38, 72, 32, 55, 133, 15, 17]"
110516,"[187, 220, 121, 43, 34, 23, 24, 142, 28, 60]"
110517,"[189, 223, 90, 238, 21, 34, 36, 157, 19, 7]"
110518,"[54, 34, 121, 2, 84, 5, 10, 7, 1, 220]"
110519,"[92, 15, 18, 0, 72, 82, 64, 105, 26, 133]"
110520,"[26, 72, 105, 223, 73, 92, 77, 15, 1, 187]"
110521,"[151, 77, 64, 15, 97, 18, 72, 82, 1, 91]"
110522,"[51, 9, 124, 71, 105, 27, 13, 103, 2, 20]"
110523,"[55, 66, 157, 36, 149, 7, 19, 238, 105, 223]"
110524,"[92, 26, 30, 133, 10, 49, 77, 151, 0, 97]"
110525,"[138, 1, 30, 49, 7, 60, 34, 142, 2, 82]"
110526,"[112, 76, 13, 279, 20, 45, 90, 34, 32, 220]"
110527,"[17, 73, 3, 91, 29, 42, 55, 149, 32, 66]"
110528,"[14, 23, 238, 157, 261, 146, 28, 66, 149, 223]"
110529,"[18, 72, 15, 82, 105, 64, 19, 3, 71, 66]"
110530,"[64, 15, 1, 77, 18, 105, 72, 97, 223, 19]"
110531,"[41, 6, 25, 10, 49, 220, 43, 76, 261, 14]"
110532,"[189, 223, 90, 34, 238, 21, 36, 157, 19, 32]"
110533,"[55, 19, 38, 66, 149, 18, 133, 146, 97, 122]"
110534,"[1, 15, 77, 105, 238, 28, 2, 72, 18, 19]"
110535,"[1, 49, 30, 4, 28, 60, 138, 7, 82, 5]"
110536,"[14, 238, 157, 261, 23, 223, 21, 20, 189, 147]"
110537,"[36, 149, 90, 66, 223, 157, 175, 189, 4, 238]"
110538,"[72, 30, 49, 15, 64, 77, 0, 105, 151, 26]"
110539,"[36, 238, 157, 189, 7, 147, 149, 19, 175, 223]"
110540,"[38, 133, 66, 149, 19, 14, 36, 157, 28, 238]"
110541,"[77, 105, 119, 64, 15, 1, 72, 18, 19, 82]"
110542,"[51, 9, 105, 124, 25, 27, 103, 77, 13, 20]"
110543,"[45, 103, 261, 48, 76, 12, 20, 112, 13, 58]"
110544,"[151, 0, 77, 72, 105, 97, 30, 18, 49, 1]"
110545,"[20, 279, 13, 12, 261, 76, 112, 103, 45, 32]"
110546,"[23, 24, 60, 142, 49, 187, 42, 4, 121, 43]"
110547,"[13, 20, 261, 103, 76, 112, 119, 45, 279, 48]"
110548,"[112, 279, 45, 20, 103, 76, 119, 13, 48, 261]"
110549,"[13, 20, 32, 103, 279, 112, 45, 261, 119, 84]"
110550,"[66, 19, 149, 55, 122, 146, 32, 189, 17, 18]"
110551,"[130, 91, 73, 10, 41, 25, 42, 3, 6, 151]"
110552,"[4, 24, 157, 36, 149, 7, 66, 28, 112, 238]"
110553,"[77, 105, 15, 72, 82, 157, 1, 18, 64, 71]"
110554,"[14, 238, 21, 157, 223, 175, 90, 189, 36, 20]"
110555,"[45, 103, 261, 20, 48, 76, 13, 112, 279, 119]"
110556,"[151, 97, 77, 0, 49, 64, 25, 6, 91, 30]"
110557,"[24, 28, 60, 23, 4, 49, 7, 142, 121, 220]"
110558,"[66, 19, 149, 72, 32, 55, 38, 15, 133, 17]"
110559,"[14, 238, 21, 157, 175, 36, 90, 223, 189, 20]"
110560,"[138, 82, 77, 0, 151, 1, 3, 15, 18, 26]"
110561,"[82, 3, 72, 15, 18, 64, 77, 92, 133, 91]"
110562,"[20, 279, 13, 112, 103, 119, 261, 21, 76, 51]"
110563,"[1, 105, 82, 77, 18, 49, 4, 15, 72, 26]"
110564,"[175, 36, 7, 90, 19, 122, 66, 223, 119, 21]"
110565,"[5, 10, 2, 49, 34, 51, 1, 187, 130, 220]"
110566,"[17, 3, 29, 73, 42, 12, 58, 66, 91, 32]"
110567,"[38, 147, 60, 14, 146, 133, 23, 49, 24, 30]"
110568,"[45, 48, 76, 20, 261, 119, 13, 112, 103, 279]"
110569,"[112, 119, 13, 279, 103, 20, 175, 36, 238, 157]"
110570,"[44, 121, 279, 103, 261, 13, 6, 20, 25, 76]"
110571,"[45, 220, 12, 58, 76, 261, 121, 48, 43, 187]"
110572,"[43, 12, 58, 121, 42, 76, 187, 261, 10, 45]"
110573,"[71, 279, 27, 9, 20, 77, 2, 51, 15, 82]"
110574,"[27, 51, 25, 103, 9, 20, 112, 41, 261, 13]"
110575,"[7, 4, 60, 28, 23, 220, 187, 34, 24, 84]"
110576,"[124, 51, 27, 2, 6, 9, 84, 25, 71, 10]"
110577,"[19, 66, 7, 238, 149, 36, 4, 90, 28, 157]"
110578,"[3, 73, 91, 17, 6, 130, 82, 15, 72, 12]"
110579,"[7, 66, 4, 90, 14, 21, 38, 19, 223, 60]"
110580,"[7, 23, 28, 60, 4, 34, 24, 142, 220, 121]"
110581,"[238, 55, 66, 36, 28, 14, 149, 189, 19, 223]"
110582,"[3, 73, 91, 17, 6, 130, 15, 82, 72, 71]"
110583,"[15, 18, 9, 64, 77, 72, 82, 105, 0, 175]"
110584,"[76, 13, 20, 25, 261, 45, 48, 112, 238, 103]"
110585,"[15, 77, 18, 105, 72, 82, 3, 49, 1, 64]"
110586,"[66, 19, 28, 189, 55, 14, 146, 38, 4, 223]"
110587,"[0, 97, 151, 18, 41, 24, 30, 73, 92, 26]"
110588,"[130, 73, 3, 91, 42, 17, 29, 2, 15, 77]"
110589,"[30, 49, 71, 0, 15, 26, 151, 14, 142, 97]"
110590,"[4, 38, 66, 133, 19, 149, 175, 7, 23, 28]"
110591,"[147, 14, 220, 24, 146, 38, 36, 23, 133, 21]"
110592,"[149, 124, 157, 36, 142, 38, 23, 223, 66, 27]"
110593,"[175, 189, 112, 36, 90, 13, 157, 238, 223, 7]"
110594,"[105, 77, 97, 151, 0, 189, 82, 27, 51, 223]"
110595,"[55, 19, 28, 189, 149, 157, 36, 4, 238, 90]"
110596,"[20, 261, 13, 45, 14, 48, 76, 119, 279, 103]"
110597,"[157, 14, 189, 223, 21, 36, 238, 90, 13, 103]"
110598,"[27, 51, 142, 2, 124, 9, 112, 279, 13, 71]"
110599,"[6, 71, 12, 25, 73, 58, 26, 91, 10, 72]"
110600,"[17, 3, 29, 73, 19, 66, 91, 42, 32, 149]"
110601,"[13, 20, 279, 103, 112, 119, 84, 34, 32, 51]"
110602,"[147, 24, 133, 38, 23, 36, 60, 220, 14, 146]"
110603,"[157, 189, 21, 90, 223, 238, 36, 103, 14, 13]"
110604,"[21, 20, 14, 238, 90, 261, 157, 189, 103, 223]"
110605,"[189, 19, 66, 157, 28, 223, 146, 149, 175, 14]"
110606,"[133, 175, 24, 38, 4, 19, 66, 60, 149, 92]"
110607,"[54, 34, 2, 84, 220, 121, 5, 1, 7, 187]"
110608,"[157, 60, 55, 25, 36, 238, 38, 7, 105, 189]"
110609,"[12, 58, 20, 45, 76, 119, 261, 187, 220, 48]"
110610,"[25, 6, 41, 10, 130, 76, 97, 151, 0, 91]"
110611,"[112, 279, 103, 32, 20, 119, 13, 45, 34, 2]"
110612,"[9, 51, 77, 27, 13, 105, 20, 112, 279, 41]"
110613,"[42, 43, 121, 130, 34, 7, 220, 60, 10, 187]"
110614,"[54, 121, 34, 10, 84, 220, 2, 43, 42, 5]"
110615,"[12, 58, 6, 45, 38, 76, 220, 146, 32, 133]"
110616,"[32, 58, 34, 189, 187, 13, 45, 12, 220, 20]"
110617,"[64, 15, 97, 77, 1, 18, 0, 105, 72, 187]"
110618,"[3, 73, 91, 130, 17, 29, 42, 105, 6, 51]"
110619,"[20, 13, 84, 119, 279, 34, 103, 261, 45, 58]"
110620,"[112, 279, 103, 20, 13, 32, 119, 34, 238, 84]"
110621,"[36, 90, 149, 223, 66, 157, 4, 189, 238, 175]"
110622,"[55, 238, 157, 60, 66, 28, 122, 189, 223, 19]"
110623,"[54, 34, 121, 2, 84, 7, 5, 1, 10, 220]"
110624,"[14, 261, 23, 147, 76, 157, 238, 146, 45, 223]"
110625,"[4, 189, 28, 21, 19, 238, 66, 223, 36, 55]"
110626,"[112, 13, 76, 20, 279, 45, 124, 90, 119, 103]"
110627,"[175, 36, 90, 223, 77, 21, 238, 119, 189, 157]"
110628,"[92, 26, 72, 15, 73, 18, 64, 82, 6, 19]"
110629,"[122, 133, 19, 149, 55, 66, 38, 146, 28, 18]"
110630,"[97, 105, 0, 77, 151, 18, 15, 25, 157, 64]"
110631,"[124, 51, 27, 2, 6, 9, 71, 84, 10, 25]"
110632,"[146, 66, 14, 23, 189, 36, 60, 133, 149, 157]"
110633,"[142, 27, 23, 60, 14, 133, 21, 38, 147, 24]"
110634,"[20, 261, 13, 45, 84, 58, 48, 279, 119, 76]"
110635,"[189, 223, 14, 19, 66, 157, 90, 36, 238, 21]"
110636,"[5, 2, 10, 34, 1, 121, 76, 124, 220, 30]"
110637,"[71, 15, 3, 6, 32, 44, 73, 72, 51, 66]"
110638,"[122, 133, 19, 149, 55, 66, 38, 146, 28, 12]"
110639,"[32, 279, 112, 12, 103, 19, 17, 15, 119, 58]"
110640,"[25, 41, 76, 6, 261, 45, 97, 151, 9, 51]"
110641,"[42, 29, 17, 91, 73, 3, 130, 60, 28, 121]"
110642,"[24, 4, 147, 133, 60, 23, 14, 38, 121, 28]"
110643,"[51, 9, 27, 25, 0, 41, 20, 124, 112, 279]"
110644,"[58, 45, 12, 48, 76, 261, 121, 220, 43, 187]"
110645,"[66, 149, 238, 19, 72, 36, 7, 4, 157, 90]"
110646,"[14, 21, 238, 66, 223, 20, 189, 36, 7, 133]"
110647,"[21, 14, 261, 20, 66, 238, 19, 90, 142, 103]"
110648,"[41, 25, 9, 51, 6, 27, 124, 20, 10, 76]"
110649,"[48, 45, 20, 76, 261, 13, 103, 112, 119, 279]"
110650,"[38, 66, 149, 55, 19, 60, 147, 157, 146, 14]"
110651,"[41, 25, 6, 91, 10, 97, 9, 49, 121, 76]"
110652,"[122, 55, 19, 66, 133, 238, 149, 14, 38, 146]"
110653,"[30, 38, 49, 71, 15, 151, 105, 77, 1, 0]"
110654,"[130, 91, 3, 73, 42, 105, 17, 29, 10, 5]"
110655,"[189, 223, 157, 36, 90, 20, 238, 21, 175, 14]"
110656,"[55, 238, 157, 66, 28, 60, 122, 189, 19, 223]"
110657,"[14, 23, 38, 146, 60, 24, 133, 147, 142, 43]"
110658,"[27, 142, 51, 2, 10, 124, 25, 6, 261, 5]"
110659,"[51, 9, 25, 41, 105, 13, 27, 77, 48, 124]"
110660,"[36, 66, 157, 238, 4, 90, 13, 38, 21, 149]"
110661,"[157, 60, 25, 55, 36, 238, 38, 7, 19, 66]"
110662,"[24, 23, 28, 142, 14, 147, 19, 189, 4, 238]"
110663,"[73, 91, 17, 3, 6, 26, 92, 130, 51, 72]"
110664,"[55, 97, 19, 38, 189, 28, 147, 157, 119, 149]"
110665,"[58, 32, 12, 34, 189, 6, 45, 133, 71, 44]"
110666,"[238, 55, 66, 36, 28, 14, 19, 189, 149, 223]"
110667,"[112, 119, 13, 279, 32, 103, 34, 20, 51, 84]"
110668,"[44, 279, 7, 112, 32, 13, 103, 34, 20, 2]"
110669,"[105, 130, 77, 1, 18, 30, 157, 15, 49, 25]"
110670,"[149, 124, 157, 36, 19, 223, 66, 27, 4, 7]"
110671,"[21, 189, 223, 66, 19, 36, 90, 157, 238, 149]"
110672,"[54, 51, 48, 13, 121, 20, 5, 220, 103, 279]"
110673,"[121, 13, 261, 34, 220, 187, 20, 58, 76, 112]"
110674,"[25, 6, 41, 151, 76, 0, 51, 27, 261, 10]"
110675,"[92, 26, 49, 73, 72, 0, 51, 15, 105, 1]"
110676,"[66, 4, 149, 19, 28, 238, 7, 175, 21, 36]"
110677,"[15, 18, 0, 97, 64, 9, 151, 77, 72, 38]"
110678,"[0, 97, 151, 41, 51, 18, 77, 25, 45, 14]"
110679,"[175, 7, 189, 36, 66, 19, 112, 90, 18, 157]"
110680,"[49, 30, 1, 10, 28, 23, 24, 60, 5, 2]"
110681,"[92, 0, 105, 49, 15, 18, 77, 1, 72, 51]"
110682,"[13, 20, 119, 103, 279, 112, 261, 76, 9, 189]"
110683,"[34, 84, 187, 121, 220, 2, 32, 4, 28, 7]"
110684,"[30, 49, 1, 7, 71, 138, 28, 142, 60, 23]"
110685,"[17, 73, 3, 42, 29, 55, 149, 32, 91, 58]"
110686,"[55, 66, 157, 149, 36, 7, 19, 38, 238, 223]"
110687,"[36, 66, 157, 238, 4, 90, 189, 21, 149, 19]"
110688,"[1, 26, 77, 15, 105, 49, 30, 18, 64, 238]"
110689,"[20, 261, 13, 84, 45, 58, 48, 279, 119, 76]"
110690,"[72, 15, 64, 82, 18, 26, 92, 6, 71, 73]"
110691,"[103, 13, 20, 279, 112, 119, 261, 45, 76, 157]"
110692,"[0, 97, 18, 92, 151, 41, 49, 30, 26, 15]"
110693,"[105, 151, 0, 77, 97, 157, 25, 51, 27, 238]"
110694,"[5, 51, 9, 71, 36, 48, 2, 64, 13, 27]"
110695,"[44, 32, 12, 13, 19, 71, 6, 119, 84, 58]"
110696,"[58, 45, 48, 12, 76, 261, 121, 220, 43, 187]"
110697,"[175, 133, 66, 90, 223, 157, 189, 19, 238, 36]"
110698,"[48, 45, 58, 76, 20, 13, 12, 261, 220, 84]"
110699,"[12, 58, 32, 71, 20, 19, 119, 45, 76, 261]"
110700,"[82, 15, 18, 72, 149, 64, 66, 3, 26, 19]"
110701,"[189, 223, 133, 90, 58, 36, 21, 238, 34, 32]"
110702,"[12, 58, 6, 45, 146, 76, 261, 133, 38, 187]"
110703,"[90, 189, 7, 48, 238, 223, 36, 21, 19, 149]"
110704,"[220, 187, 121, 43, 42, 34, 60, 24, 23, 84]"
110705,"[36, 147, 238, 157, 189, 146, 149, 7, 175, 19]"
110706,"[28, 24, 4, 2, 7, 34, 23, 1, 49, 84]"
110707,"[66, 19, 149, 21, 55, 238, 38, 72, 15, 32]"
110708,"[147, 36, 112, 238, 77, 119, 189, 21, 14, 157]"
110709,"[44, 6, 58, 12, 121, 32, 19, 103, 279, 71]"
110710,"[238, 157, 28, 36, 66, 90, 19, 4, 189, 7]"
110711,"[29, 17, 42, 3, 103, 73, 13, 90, 34, 261]"
110712,"[28, 4, 55, 122, 24, 238, 279, 189, 157, 23]"
110713,"[38, 24, 147, 60, 14, 146, 133, 142, 23, 149]"
110714,"[29, 17, 42, 20, 13, 3, 119, 34, 103, 238]"
110715,"[103, 13, 20, 279, 34, 112, 149, 119, 32, 261]"
110716,"[38, 66, 149, 60, 189, 24, 28, 147, 238, 36]"
110717,"[44, 279, 7, 112, 48, 32, 13, 12, 261, 103]"
110718,"[76, 45, 12, 220, 48, 20, 58, 112, 13, 261]"
110719,"[76, 45, 12, 48, 220, 58, 261, 187, 43, 121]"
110720,"[142, 27, 23, 60, 133, 14, 21, 38, 147, 261]"
110721,"[18, 15, 0, 97, 90, 77, 72, 105, 64, 1]"
110722,"[5, 2, 10, 34, 121, 1, 220, 30, 124, 76]"
110723,"[54, 13, 20, 103, 51, 32, 27, 119, 71, 279]"
110724,"[157, 60, 25, 55, 36, 238, 7, 38, 19, 28]"
110725,"[82, 77, 105, 3, 15, 18, 72, 1, 223, 138]"
110726,"[43, 187, 34, 220, 121, 42, 7, 10, 84, 23]"
110727,"[12, 58, 6, 133, 38, 76, 121, 32, 146, 261]"
110728,"[15, 18, 0, 97, 77, 9, 151, 64, 30, 82]"
110729,"[64, 151, 72, 77, 15, 1, 90, 18, 82, 124]"
110730,"[279, 103, 13, 20, 112, 261, 45, 32, 34, 58]"
110731,"[121, 43, 187, 34, 220, 84, 10, 42, 28, 7]"
110732,"[9, 51, 41, 27, 124, 25, 112, 13, 15, 20]"
110733,"[55, 238, 157, 66, 60, 28, 122, 189, 223, 19]"
110734,"[2, 49, 5, 10, 121, 34, 28, 43, 1, 84]"
110735,"[3, 73, 91, 15, 17, 6, 72, 71, 64, 18]"
110736,"[30, 49, 1, 7, 138, 71, 28, 142, 24, 60]"
110737,"[130, 91, 73, 3, 105, 42, 10, 17, 5, 25]"
110738,"[147, 36, 21, 14, 157, 189, 238, 175, 223, 90]"
110739,"[12, 58, 76, 121, 220, 13, 45, 103, 32, 20]"
110740,"[45, 103, 261, 48, 13, 112, 76, 20, 279, 119]"
110741,"[54, 84, 5, 2, 34, 1, 121, 220, 28, 51]"
110742,"[51, 9, 5, 71, 27, 13, 279, 105, 20, 2]"
110743,"[92, 77, 133, 26, 64, 175, 10, 72, 30, 105]"
110744,"[49, 30, 10, 1, 23, 24, 60, 142, 28, 121]"
110745,"[220, 187, 34, 121, 84, 43, 28, 42, 23, 60]"
110746,"[5, 2, 10, 34, 121, 1, 30, 220, 76, 84]"
110747,"[103, 261, 13, 20, 279, 48, 45, 112, 76, 119]"
110748,"[3, 73, 91, 17, 15, 82, 72, 6, 18, 71]"
110749,"[138, 1, 30, 49, 7, 60, 34, 142, 2, 82]"
110750,"[76, 48, 261, 25, 45, 220, 121, 12, 43, 187]"
110751,"[84, 34, 20, 13, 189, 103, 58, 261, 32, 220]"
110752,"[6, 71, 12, 25, 73, 26, 58, 10, 91, 41]"
110753,"[36, 147, 238, 157, 189, 149, 146, 7, 19, 175]"
110754,"[23, 149, 14, 157, 238, 142, 24, 28, 66, 19]"
110755,"[9, 51, 27, 20, 13, 77, 112, 279, 41, 103]"
110756,"[43, 187, 220, 121, 42, 10, 23, 34, 60, 7]"
110757,"[41, 25, 9, 6, 27, 261, 97, 76, 51, 0]"
110758,"[43, 13, 7, 12, 119, 58, 32, 121, 187, 20]"
110759,"[84, 34, 20, 13, 58, 189, 103, 261, 121, 32]"
110760,"[10, 41, 51, 9, 71, 25, 2, 6, 130, 27]"
110761,"[73, 91, 3, 17, 130, 26, 92, 6, 42, 72]"
110762,"[17, 29, 3, 42, 73, 91, 19, 103, 130, 13]"
110763,"[27, 142, 51, 2, 124, 20, 9, 71, 279, 112]"
110764,"[12, 58, 32, 6, 261, 76, 133, 45, 48, 38]"
110765,"[27, 51, 2, 71, 9, 124, 103, 72, 20, 112]"
110766,"[90, 189, 238, 7, 223, 21, 19, 66, 36, 149]"
110767,"[157, 223, 149, 36, 23, 105, 138, 189, 55, 90]"
110768,"[133, 38, 146, 66, 14, 91, 58, 149, 19, 26]"
110769,"[29, 17, 42, 3, 20, 13, 119, 238, 103, 84]"
110770,"[66, 149, 19, 72, 55, 38, 146, 17, 133, 238]"
110771,"[124, 27, 9, 149, 41, 25, 51, 103, 105, 45]"
110772,"[5, 51, 71, 27, 2, 25, 34, 6, 10, 9]"
110773,"[19, 66, 149, 55, 119, 122, 12, 223, 38, 15]"
110774,"[60, 28, 24, 4, 23, 7, 49, 142, 1, 121]"
110775,"[146, 60, 38, 14, 23, 133, 66, 142, 147, 76]"
110776,"[20, 279, 261, 76, 13, 12, 112, 103, 45, 32]"
110777,"[27, 51, 124, 112, 9, 20, 279, 103, 13, 77]"
110778,"[84, 121, 34, 60, 220, 4, 187, 43, 42, 28]"
110779,"[4, 189, 28, 19, 21, 66, 36, 238, 24, 142]"
110780,"[138, 1, 49, 30, 4, 23, 2, 28, 142, 10]"
110781,"[60, 24, 38, 14, 146, 23, 142, 147, 42, 133]"
110782,"[77, 105, 30, 151, 97, 49, 1, 0, 92, 119]"
110783,"[1, 4, 30, 49, 28, 7, 5, 82, 105, 34]"
110784,"[138, 1, 7, 49, 30, 60, 34, 142, 2, 28]"
110785,"[4, 28, 24, 23, 60, 142, 42, 84, 7, 1]"
110786,"[151, 77, 64, 15, 97, 18, 1, 72, 82, 0]"
110787,"[279, 20, 112, 13, 12, 51, 119, 84, 32, 1]"
110788,"[187, 121, 220, 43, 34, 10, 84, 42, 60, 24]"
110789,"[32, 58, 12, 34, 189, 133, 17, 45, 66, 6]"
110790,"[157, 223, 149, 36, 90, 105, 238, 23, 55, 19]"
110791,"[13, 20, 119, 261, 84, 76, 34, 32, 103, 58]"
110792,"[121, 220, 187, 60, 43, 24, 34, 84, 10, 42]"
110793,"[0, 97, 151, 30, 49, 26, 25, 105, 14, 18]"
110794,"[3, 91, 73, 130, 42, 17, 29, 25, 105, 151]"
110795,"[51, 27, 0, 10, 9, 25, 6, 41, 124, 2]"
110796,"[41, 25, 51, 9, 27, 6, 124, 105, 76, 20]"
110797,"[30, 49, 1, 60, 10, 23, 38, 24, 151, 130]"
110798,"[24, 4, 60, 23, 28, 220, 121, 49, 187, 42]"
110799,"[138, 49, 1, 105, 23, 30, 130, 15, 2, 4]"
110800,"[130, 91, 3, 73, 42, 29, 17, 15, 2, 77]"
110801,"[55, 238, 157, 66, 28, 60, 122, 223, 189, 19]"
110802,"[26, 1, 82, 73, 92, 97, 51, 72, 15, 49]"
110803,"[24, 4, 28, 147, 133, 60, 157, 23, 14, 66]"
110804,"[220, 187, 121, 76, 12, 147, 58, 45, 6, 43]"
110805,"[55, 66, 38, 122, 19, 238, 60, 149, 157, 133]"
110806,"[32, 58, 12, 66, 44, 103, 19, 261, 55, 146]"
110807,"[9, 51, 27, 10, 41, 77, 71, 13, 5, 25]"
110808,"[279, 112, 20, 13, 1, 51, 12, 84, 32, 119]"
110809,"[66, 19, 38, 149, 55, 21, 146, 133, 72, 12]"
110810,"[119, 13, 20, 112, 103, 279, 19, 77, 36, 147]"
110811,"[28, 19, 24, 23, 238, 38, 60, 189, 149, 66]"
110812,"[82, 15, 18, 72, 26, 149, 64, 3, 66, 6]"
110813,"[223, 14, 238, 189, 90, 157, 20, 29, 175, 36]"
110814,"[51, 9, 27, 25, 0, 41, 124, 112, 20, 279]"
110815,"[2, 1, 5, 84, 34, 27, 10, 28, 112, 49]"
110816,"[4, 189, 28, 19, 21, 66, 36, 142, 24, 238]"
110817,"[72, 64, 15, 18, 82, 66, 92, 3, 6, 71]"
110818,"[105, 77, 157, 0, 25, 97, 151, 36, 9, 41]"
110819,"[5, 2, 10, 34, 1, 30, 121, 220, 49, 76]"
110820,"[51, 9, 27, 124, 112, 0, 25, 20, 77, 13]"
110821,"[3, 91, 73, 82, 17, 29, 130, 15, 18, 72]"
110822,"[23, 19, 14, 149, 24, 66, 4, 238, 28, 146]"
110823,"[76, 261, 25, 45, 48, 14, 13, 20, 220, 97]"
110824,"[64, 151, 72, 15, 77, 1, 90, 124, 18, 82]"
110825,"[187, 121, 58, 220, 45, 76, 12, 48, 261, 34]"
110826,"[30, 49, 1, 10, 138, 60, 23, 77, 28, 24]"
110827,"[91, 3, 130, 73, 42, 29, 17, 124, 6, 133]"
110828,"[157, 60, 55, 25, 36, 238, 7, 105, 38, 19]"
110829,"[142, 27, 23, 60, 24, 4, 7, 28, 21, 121]"
110830,"[157, 14, 28, 189, 66, 146, 149, 223, 23, 90]"
110831,"[147, 14, 36, 21, 220, 76, 189, 38, 157, 146]"
110832,"[7, 36, 43, 175, 157, 14, 66, 23, 19, 238]"
110833,"[84, 34, 4, 121, 2, 13, 60, 20, 220, 7]"
110834,"[7, 36, 43, 175, 14, 19, 23, 157, 66, 238]"
110835,"[121, 187, 261, 58, 220, 76, 45, 12, 48, 43]"
110836,"[38, 133, 66, 149, 19, 36, 14, 175, 28, 7]"
110837,"[147, 119, 97, 36, 157, 223, 14, 189, 13, 238]"
110838,"[38, 147, 60, 146, 14, 133, 23, 24, 49, 149]"
110839,"[149, 38, 66, 124, 19, 133, 55, 146, 157, 122]"
110840,"[119, 13, 19, 20, 32, 34, 103, 112, 29, 279]"
110841,"[32, 279, 112, 103, 119, 13, 238, 84, 20, 34]"
110842,"[28, 24, 4, 7, 2, 34, 1, 238, 23, 84]"
110843,"[25, 6, 41, 10, 76, 121, 45, 97, 9, 261]"
110844,"[24, 133, 147, 4, 60, 14, 38, 23, 146, 28]"
110845,"[133, 66, 38, 14, 189, 7, 146, 36, 149, 4]"
110846,"[77, 105, 151, 0, 157, 97, 189, 51, 9, 90]"
110847,"[112, 119, 32, 13, 279, 34, 103, 20, 175, 36]"
110848,"[157, 14, 189, 146, 23, 149, 28, 66, 223, 21]"
110849,"[54, 121, 220, 5, 34, 84, 10, 1, 2, 28]"
110850,"[157, 189, 149, 223, 66, 28, 21, 90, 19, 238]"
110851,"[28, 238, 24, 66, 223, 19, 157, 189, 149, 36]"
110852,"[90, 189, 238, 21, 223, 36, 157, 175, 77, 14]"
110853,"[103, 261, 112, 119, 13, 20, 45, 32, 238, 21]"
110854,"[58, 12, 32, 133, 34, 146, 6, 45, 220, 76]"
110855,"[28, 24, 238, 66, 223, 14, 60, 49, 133, 19]"
110856,"[14, 261, 23, 147, 76, 157, 146, 238, 45, 151]"
110857,"[48, 45, 261, 76, 14, 20, 13, 112, 25, 279]"
110858,"[49, 30, 151, 0, 23, 24, 92, 97, 41, 77]"
110859,"[9, 41, 51, 124, 27, 15, 38, 25, 6, 71]"
110860,"[48, 45, 76, 58, 12, 261, 220, 43, 121, 187]"
110861,"[48, 45, 76, 13, 20, 261, 119, 112, 103, 279]"
110862,"[12, 58, 45, 76, 220, 187, 43, 261, 121, 48]"
110863,"[42, 130, 121, 34, 220, 28, 60, 24, 84, 4]"
110864,"[36, 66, 157, 4, 238, 38, 90, 13, 14, 149]"
110865,"[36, 238, 157, 189, 147, 175, 223, 21, 119, 90]"
110866,"[21, 189, 223, 36, 14, 238, 157, 90, 147, 175]"
110867,"[77, 105, 151, 0, 25, 157, 51, 15, 72, 9]"
110868,"[72, 15, 146, 82, 26, 66, 18, 71, 64, 92]"
110869,"[142, 60, 24, 23, 28, 187, 7, 121, 10, 42]"
110870,"[84, 34, 20, 13, 189, 103, 32, 119, 279, 58]"
110871,"[122, 133, 149, 19, 38, 66, 55, 26, 14, 15]"
110872,"[27, 124, 9, 51, 41, 103, 77, 105, 25, 112]"
110873,"[44, 279, 7, 112, 32, 13, 103, 2, 84, 20]"
110874,"[119, 13, 19, 147, 34, 58, 20, 12, 32, 112]"
110875,"[12, 58, 45, 220, 76, 187, 43, 261, 6, 121]"
110876,"[133, 38, 92, 12, 58, 146, 91, 24, 66, 19]"
110877,"[51, 9, 6, 5, 10, 71, 13, 25, 73, 41]"
110878,"[76, 45, 12, 112, 220, 48, 20, 58, 13, 261]"
110879,"[151, 97, 91, 77, 49, 0, 25, 6, 30, 121]"
110880,"[124, 27, 9, 112, 51, 77, 41, 76, 90, 20]"
110881,"[90, 18, 223, 0, 97, 157, 238, 149, 7, 36]"
110882,"[142, 60, 24, 23, 187, 7, 121, 28, 42, 4]"
110883,"[0, 97, 151, 51, 18, 77, 41, 90, 105, 189]"
110884,"[0, 97, 151, 41, 18, 51, 25, 14, 73, 77]"
110885,"[6, 58, 91, 12, 25, 3, 10, 41, 73, 146]"
110886,"[261, 12, 121, 20, 76, 45, 220, 58, 48, 14]"
110887,"[72, 15, 64, 18, 66, 82, 71, 19, 149, 3]"
110888,"[238, 157, 36, 90, 189, 223, 151, 105, 14, 103]"
110889,"[9, 51, 77, 27, 41, 13, 20, 25, 105, 112]"
110890,"[71, 279, 2, 27, 9, 51, 20, 77, 15, 5]"
110891,"[13, 20, 119, 84, 76, 261, 34, 103, 32, 58]"
110892,"[5, 76, 124, 2, 13, 25, 51, 10, 9, 71]"
110893,"[66, 19, 149, 55, 72, 21, 15, 238, 38, 64]"
110894,"[142, 60, 24, 23, 187, 7, 121, 28, 42, 30]"
110895,"[66, 19, 55, 38, 146, 149, 15, 133, 12, 32]"
110896,"[14, 223, 7, 189, 19, 66, 28, 36, 23, 60]"
110897,"[19, 66, 149, 55, 119, 15, 18, 72, 122, 223]"
110898,"[44, 121, 279, 103, 261, 6, 13, 20, 25, 76]"
110899,"[17, 73, 29, 42, 3, 91, 130, 36, 55, 4]"
110900,"[41, 25, 6, 9, 261, 97, 76, 0, 27, 151]"
110901,"[71, 15, 72, 3, 82, 18, 6, 279, 20, 9]"
110902,"[19, 66, 149, 55, 119, 12, 38, 122, 58, 223]"
110903,"[0, 97, 18, 15, 90, 105, 151, 77, 72, 64]"
110904,"[91, 73, 3, 6, 133, 130, 38, 42, 26, 92]"
110905,"[9, 51, 13, 20, 77, 41, 27, 25, 112, 279]"
110906,"[76, 13, 55, 20, 45, 261, 220, 25, 112, 48]"
110907,"[157, 14, 28, 146, 149, 189, 23, 223, 66, 21]"
110908,"[279, 13, 103, 112, 20, 261, 76, 45, 48, 119]"
110909,"[7, 28, 4, 34, 23, 60, 1, 142, 24, 220]"
110910,"[15, 18, 77, 9, 64, 72, 105, 82, 1, 0]"
110911,"[14, 23, 261, 146, 76, 147, 38, 24, 60, 142]"
110912,"[119, 13, 19, 20, 58, 12, 32, 112, 121, 48]"
110913,"[71, 279, 27, 2, 9, 51, 20, 15, 77, 72]"
110914,"[26, 72, 15, 92, 73, 18, 82, 146, 105, 71]"
110915,"[2, 1, 27, 124, 5, 84, 10, 34, 112, 49]"
110916,"[133, 122, 149, 19, 146, 38, 66, 58, 12, 55]"
110917,"[105, 77, 189, 223, 157, 90, 238, 21, 82, 27]"
110918,"[21, 189, 142, 4, 149, 36, 55, 147, 90, 66]"
110919,"[175, 7, 36, 189, 66, 19, 112, 18, 90, 157]"
110920,"[71, 51, 6, 9, 27, 5, 124, 72, 2, 25]"
110921,"[279, 13, 103, 112, 32, 44, 34, 20, 7, 119]"
110922,"[0, 97, 151, 18, 51, 77, 41, 105, 90, 189]"
110923,"[26, 72, 1, 15, 151, 77, 18, 0, 82, 49]"
110924,"[32, 12, 58, 279, 112, 103, 19, 43, 119, 6]"
110925,"[20, 279, 13, 112, 103, 119, 261, 21, 51, 76]"
110926,"[66, 19, 55, 146, 38, 149, 133, 32, 12, 58]"
110927,"[21, 14, 261, 20, 90, 238, 103, 66, 189, 147]"
110928,"[124, 51, 27, 9, 25, 41, 6, 20, 112, 45]"
110929,"[64, 151, 77, 72, 15, 1, 90, 18, 124, 82]"
110930,"[25, 77, 51, 9, 105, 41, 151, 124, 27, 13]"
110931,"[38, 133, 66, 12, 146, 149, 19, 58, 91, 14]"
110932,"[20, 13, 103, 112, 119, 279, 261, 51, 238, 76]"
110933,"[23, 14, 142, 24, 146, 60, 149, 38, 147, 157]"
110934,"[21, 189, 90, 147, 157, 14, 36, 223, 238, 175]"
110935,"[0, 97, 30, 151, 49, 105, 25, 26, 18, 77]"
110936,"[77, 97, 105, 151, 30, 119, 92, 49, 0, 64]"
110937,"[36, 90, 149, 66, 223, 157, 175, 189, 238, 21]"
110938,"[4, 189, 28, 19, 21, 66, 36, 238, 223, 55]"
110939,"[157, 36, 238, 25, 105, 189, 77, 60, 55, 175]"
110940,"[130, 42, 73, 2, 91, 3, 10, 49, 138, 1]"
110941,"[71, 30, 124, 27, 51, 15, 9, 2, 20, 6]"
110942,"[157, 223, 149, 105, 36, 23, 189, 138, 238, 14]"
110943,"[36, 147, 238, 157, 189, 175, 223, 14, 119, 21]"
110944,"[133, 66, 38, 146, 149, 19, 55, 72, 14, 64]"
110945,"[1, 82, 105, 77, 18, 49, 3, 4, 26, 15]"
110946,"[27, 51, 142, 25, 124, 112, 13, 9, 279, 261]"
110947,"[238, 55, 66, 36, 28, 14, 19, 189, 223, 149]"
110948,"[45, 76, 261, 187, 12, 58, 121, 48, 220, 43]"
110949,"[84, 34, 20, 13, 189, 103, 32, 119, 223, 279]"
110950,"[34, 84, 28, 187, 220, 121, 43, 7, 23, 2]"
110951,"[72, 30, 49, 15, 77, 64, 0, 105, 26, 82]"
110952,"[122, 238, 55, 28, 36, 175, 223, 189, 19, 66]"
110953,"[105, 157, 77, 223, 51, 151, 9, 238, 15, 90]"
110954,"[38, 133, 66, 149, 19, 7, 36, 175, 55, 28]"
110955,"[72, 15, 77, 82, 105, 71, 18, 5, 146, 64]"
110956,"[29, 17, 3, 42, 20, 13, 238, 19, 175, 223]"
110957,"[23, 24, 60, 49, 7, 121, 28, 142, 30, 42]"
110958,"[26, 82, 73, 92, 72, 15, 64, 122, 1, 19]"
110959,"[51, 27, 9, 20, 2, 279, 124, 71, 112, 13]"
110960,"[189, 223, 238, 21, 90, 36, 157, 13, 175, 103]"
110961,"[14, 189, 7, 223, 66, 19, 28, 23, 238, 36]"
110962,"[5, 51, 34, 27, 2, 71, 9, 32, 103, 3]"
110963,"[19, 119, 66, 223, 149, 238, 189, 55, 4, 175]"
110964,"[121, 43, 34, 187, 220, 42, 84, 10, 28, 2]"
110965,"[261, 76, 45, 58, 48, 121, 187, 12, 43, 20]"
110966,"[64, 15, 72, 18, 19, 91, 97, 82, 133, 92]"
110967,"[41, 25, 9, 27, 6, 15, 71, 51, 124, 10]"
110968,"[0, 105, 30, 97, 18, 15, 151, 77, 1, 49]"
110969,"[175, 36, 147, 90, 14, 21, 223, 238, 45, 77]"
110970,"[30, 49, 1, 10, 60, 28, 4, 23, 2, 5]"
110971,"[36, 90, 223, 157, 14, 189, 175, 21, 238, 45]"
110972,"[30, 38, 49, 151, 0, 97, 147, 26, 71, 25]"
110973,"[23, 28, 142, 24, 60, 4, 7, 34, 220, 1]"
110974,"[130, 91, 3, 73, 42, 29, 17, 15, 18, 77]"
110975,"[15, 18, 105, 77, 82, 72, 1, 64, 71, 157]"
110976,"[41, 6, 25, 10, 49, 43, 220, 76, 261, 73]"
110977,"[77, 105, 151, 97, 0, 147, 119, 124, 51, 30]"
110978,"[60, 24, 28, 23, 4, 42, 7, 142, 1, 34]"
110979,"[21, 66, 20, 238, 19, 90, 14, 103, 28, 261]"
110980,"[77, 105, 15, 72, 157, 9, 151, 51, 82, 27]"
110981,"[189, 223, 157, 90, 238, 36, 20, 21, 14, 175]"
110982,"[149, 124, 157, 36, 66, 223, 19, 27, 4, 7]"
110983,"[77, 105, 119, 151, 97, 124, 0, 51, 27, 157]"
110984,"[0, 97, 18, 92, 151, 49, 41, 26, 30, 15]"
110985,"[29, 42, 17, 119, 90, 12, 223, 20, 58, 3]"
110986,"[9, 51, 27, 71, 13, 77, 5, 20, 34, 2]"
110987,"[97, 105, 0, 77, 151, 18, 25, 157, 15, 64]"
110988,"[55, 60, 238, 157, 66, 28, 122, 38, 76, 189]"
110989,"[92, 26, 73, 6, 72, 49, 15, 0, 38, 133]"
110990,"[84, 187, 121, 220, 34, 43, 4, 42, 7, 10]"
110991,"[175, 7, 36, 189, 112, 66, 90, 19, 18, 157]"
110992,"[105, 157, 1, 130, 30, 97, 18, 49, 25, 0]"
110993,"[54, 32, 103, 220, 13, 12, 121, 119, 279, 112]"
110994,"[103, 261, 32, 112, 13, 119, 20, 45, 121, 187]"
110995,"[60, 24, 23, 42, 142, 30, 49, 121, 220, 28]"
110996,"[133, 66, 38, 149, 146, 19, 55, 14, 72, 58]"
110997,"[29, 17, 42, 14, 20, 3, 13, 238, 261, 175]"
110998,"[124, 27, 149, 9, 6, 41, 71, 25, 105, 51]"
110999,"[44, 6, 19, 32, 71, 279, 103, 12, 58, 121]"
111000,"[12, 58, 32, 6, 66, 149, 45, 38, 220, 19]"
111001,"[72, 30, 49, 77, 64, 105, 15, 0, 26, 18]"
111002,"[77, 105, 119, 151, 0, 124, 97, 157, 15, 13]"
111003,"[64, 15, 72, 18, 19, 82, 3, 66, 71, 77]"
111004,"[189, 223, 14, 157, 90, 238, 36, 21, 20, 175]"
111005,"[28, 4, 55, 122, 189, 279, 1, 157, 66, 238]"
111006,"[24, 28, 238, 60, 90, 4, 133, 23, 66, 223]"
111007,"[49, 30, 1, 2, 28, 23, 60, 10, 138, 24]"
111008,"[90, 223, 189, 36, 175, 157, 66, 112, 21, 19]"
111009,"[220, 187, 121, 24, 43, 42, 34, 23, 76, 84]"
111010,"[66, 149, 19, 38, 146, 133, 72, 55, 238, 32]"
111011,"[28, 4, 55, 157, 122, 66, 189, 279, 238, 19]"
111012,"[45, 103, 261, 48, 12, 112, 20, 76, 13, 32]"
111013,"[42, 73, 17, 29, 91, 130, 121, 45, 58, 60]"
111014,"[49, 1, 30, 28, 10, 24, 23, 142, 60, 7]"
111015,"[71, 6, 82, 72, 15, 12, 279, 58, 3, 45]"
111016,"[82, 72, 1, 77, 105, 26, 15, 49, 18, 64]"
111017,"[38, 146, 133, 66, 149, 55, 19, 12, 147, 60]"
111018,"[28, 24, 60, 23, 4, 34, 7, 142, 84, 220]"
111019,"[72, 15, 77, 82, 105, 18, 71, 146, 64, 151]"
111020,"[121, 43, 187, 220, 10, 42, 34, 23, 24, 84]"
111021,"[157, 223, 90, 36, 238, 105, 189, 21, 149, 175]"
111022,"[138, 1, 30, 49, 2, 4, 23, 151, 142, 130]"
111023,"[54, 121, 13, 12, 103, 20, 48, 32, 6, 51]"
111024,"[17, 3, 29, 73, 19, 42, 91, 66, 32, 149]"
111025,"[90, 223, 189, 36, 175, 157, 21, 112, 14, 238]"
111026,"[45, 112, 261, 76, 103, 20, 13, 48, 279, 223]"
111027,"[48, 45, 13, 20, 112, 279, 76, 119, 261, 58]"
111028,"[119, 20, 13, 103, 112, 45, 261, 48, 279, 29]"
111029,"[73, 17, 91, 3, 130, 51, 42, 49, 6, 26]"
111030,"[122, 19, 149, 133, 66, 55, 18, 28, 15, 32]"
111031,"[38, 66, 149, 55, 60, 147, 19, 146, 157, 14]"
111032,"[5, 10, 2, 49, 34, 187, 51, 220, 1, 28]"
111033,"[122, 55, 19, 66, 238, 149, 15, 28, 32, 133]"
111034,"[36, 238, 157, 189, 147, 223, 175, 119, 21, 149]"
111035,"[91, 3, 130, 73, 42, 29, 17, 124, 133, 9]"
111036,"[187, 34, 121, 220, 84, 43, 42, 10, 7, 2]"
111037,"[279, 103, 13, 32, 20, 112, 44, 34, 119, 7]"
111038,"[90, 223, 189, 175, 112, 157, 36, 21, 238, 13]"
111039,"[29, 17, 42, 3, 91, 73, 20, 14, 13, 238]"
111040,"[0, 97, 151, 30, 49, 105, 25, 26, 18, 15]"
111041,"[71, 15, 3, 6, 32, 44, 72, 66, 51, 73]"
111042,"[72, 30, 49, 15, 64, 77, 0, 105, 26, 18]"
111043,"[26, 92, 151, 0, 97, 73, 49, 30, 105, 187]"
111044,"[12, 58, 76, 45, 261, 187, 220, 43, 48, 121]"
111045,"[28, 4, 24, 23, 1, 7, 60, 121, 142, 34]"
111046,"[238, 55, 66, 36, 28, 14, 19, 149, 189, 223]"
111047,"[36, 66, 157, 238, 4, 38, 149, 90, 21, 14]"
111048,"[41, 6, 10, 25, 9, 51, 82, 2, 220, 27]"
111049,"[130, 10, 42, 5, 91, 1, 30, 220, 73, 2]"
111050,"[19, 119, 66, 223, 149, 23, 238, 24, 189, 55]"
111051,"[41, 9, 25, 27, 51, 124, 112, 261, 6, 20]"
111052,"[27, 142, 51, 2, 124, 25, 6, 10, 71, 41]"
111053,"[187, 220, 76, 12, 58, 121, 43, 261, 34, 45]"
111054,"[21, 14, 261, 20, 238, 90, 103, 189, 147, 36]"
111055,"[5, 2, 34, 10, 1, 84, 30, 124, 28, 220]"
111056,"[72, 77, 105, 15, 18, 64, 1, 19, 27, 49]"
111057,"[3, 91, 73, 17, 82, 29, 130, 72, 18, 15]"
111058,"[41, 25, 6, 9, 27, 261, 97, 76, 0, 151]"
111059,"[73, 91, 3, 17, 130, 26, 6, 42, 92, 15]"
111060,"[30, 49, 71, 0, 151, 15, 26, 73, 97, 92]"
111061,"[4, 189, 28, 21, 19, 66, 238, 36, 223, 119]"
111062,"[119, 13, 19, 32, 147, 20, 58, 12, 34, 48]"
111063,"[41, 25, 9, 27, 6, 51, 15, 124, 71, 10]"
111064,"[14, 261, 23, 147, 76, 238, 146, 157, 151, 0]"
111065,"[133, 38, 14, 146, 23, 147, 24, 60, 187, 66]"
111066,"[42, 43, 121, 130, 220, 60, 10, 187, 23, 24]"
111067,"[23, 24, 14, 146, 60, 147, 38, 142, 7, 121]"
111068,"[175, 7, 36, 189, 66, 112, 19, 90, 157, 55]"
111069,"[7, 4, 60, 23, 28, 142, 24, 187, 43, 220]"
111070,"[261, 20, 21, 12, 103, 13, 121, 279, 76, 45]"
111071,"[4, 28, 1, 7, 84, 34, 24, 189, 23, 142]"
111072,"[82, 15, 18, 72, 149, 26, 64, 66, 92, 6]"
111073,"[146, 60, 14, 38, 23, 133, 147, 142, 66, 76]"
111074,"[92, 26, 72, 73, 15, 18, 19, 82, 6, 64]"
111075,"[0, 97, 18, 15, 90, 77, 105, 151, 64, 72]"
111076,"[105, 157, 77, 36, 238, 21, 9, 175, 0, 189]"
111077,"[17, 3, 73, 29, 42, 91, 12, 58, 32, 19]"
111078,"[29, 42, 17, 3, 91, 119, 90, 223, 238, 20]"
111079,"[84, 13, 20, 121, 32, 34, 36, 119, 45, 261]"
111080,"[151, 0, 77, 105, 97, 238, 72, 51, 189, 25]"
111081,"[60, 157, 25, 55, 146, 77, 142, 151, 149, 105]"
111082,"[157, 189, 223, 21, 90, 238, 14, 36, 103, 175]"
111083,"[112, 279, 20, 103, 13, 119, 238, 45, 189, 175]"
111084,"[84, 187, 220, 121, 34, 43, 4, 42, 7, 2]"
111085,"[28, 4, 55, 122, 157, 1, 189, 238, 279, 66]"
111086,"[7, 44, 23, 28, 90, 55, 189, 157, 66, 19]"
111087,"[0, 151, 97, 14, 25, 30, 105, 76, 147, 49]"
111088,"[105, 18, 1, 15, 157, 77, 72, 36, 9, 130]"
111089,"[21, 66, 20, 14, 238, 19, 90, 261, 103, 4]"
111090,"[3, 73, 91, 15, 17, 72, 6, 64, 71, 18]"
111091,"[41, 0, 25, 51, 6, 10, 9, 97, 45, 261]"
111092,"[157, 223, 149, 90, 36, 238, 23, 14, 55, 105]"
111093,"[9, 41, 51, 124, 27, 25, 13, 112, 20, 76]"
111094,"[77, 105, 151, 97, 0, 119, 147, 124, 51, 36]"
111095,"[2, 1, 84, 34, 5, 10, 27, 112, 28, 121]"
111096,"[14, 238, 261, 157, 23, 223, 21, 20, 189, 147]"
111097,"[38, 24, 60, 147, 14, 23, 146, 142, 133, 49]"
111098,"[29, 17, 42, 3, 73, 91, 90, 103, 130, 238]"
111099,"[7, 4, 66, 90, 175, 133, 38, 21, 223, 19]"
111100,"[6, 71, 12, 72, 25, 26, 3, 58, 73, 18]"
111101,"[3, 91, 73, 15, 17, 6, 72, 64, 71, 18]"
111102,"[130, 91, 42, 3, 73, 10, 1, 5, 30, 105]"
111103,"[121, 43, 187, 220, 10, 42, 34, 23, 84, 24]"
111104,"[279, 103, 20, 13, 32, 112, 34, 119, 84, 71]"
111105,"[2, 10, 34, 1, 5, 51, 84, 18, 27, 187]"
111106,"[25, 6, 41, 151, 10, 45, 76, 48, 261, 51]"
111107,"[24, 28, 60, 4, 23, 220, 7, 121, 142, 34]"
111108,"[12, 58, 45, 76, 187, 261, 220, 43, 48, 121]"
111109,"[72, 64, 15, 82, 18, 3, 66, 92, 6, 71]"
111110,"[133, 122, 19, 149, 38, 146, 66, 58, 12, 32]"
111111,"[112, 76, 279, 13, 20, 45, 12, 32, 121, 124]"
111112,"[60, 121, 142, 24, 28, 23, 7, 4, 42, 84]"
111113,"[7, 36, 43, 175, 14, 157, 23, 66, 238, 19]"
111114,"[138, 82, 77, 1, 26, 18, 15, 0, 151, 105]"
111115,"[10, 51, 41, 6, 2, 25, 27, 5, 124, 49]"
111116,"[261, 20, 21, 103, 12, 121, 13, 279, 45, 76]"
111117,"[0, 97, 151, 90, 41, 14, 18, 105, 92, 77]"
111118,"[10, 6, 43, 121, 49, 30, 2, 220, 151, 187]"
111119,"[0, 97, 151, 90, 14, 18, 41, 105, 77, 25]"
111120,"[66, 149, 19, 38, 146, 72, 133, 55, 238, 32]"
111121,"[30, 49, 10, 60, 1, 23, 24, 142, 220, 130]"
111122,"[157, 149, 189, 28, 19, 66, 223, 90, 21, 238]"
111123,"[73, 17, 3, 91, 51, 72, 15, 6, 71, 26]"
111124,"[54, 103, 13, 32, 279, 51, 119, 27, 20, 112]"
111125,"[51, 41, 27, 25, 124, 9, 20, 261, 112, 77]"
111126,"[112, 119, 32, 13, 279, 34, 103, 20, 175, 4]"
111127,"[187, 43, 220, 121, 84, 4, 34, 42, 7, 23]"
111128,"[44, 13, 84, 119, 20, 103, 279, 7, 32, 34]"
111129,"[42, 29, 17, 175, 3, 91, 43, 130, 73, 7]"
111130,"[9, 51, 27, 41, 77, 13, 20, 25, 105, 124]"
111131,"[5, 2, 10, 124, 34, 1, 76, 121, 220, 84]"
111132,"[18, 15, 0, 97, 90, 105, 77, 72, 64, 1]"
111133,"[189, 223, 19, 4, 90, 21, 66, 36, 157, 55]"
111134,"[151, 97, 91, 25, 77, 49, 0, 6, 64, 30]"
111135,"[7, 36, 43, 175, 14, 23, 19, 157, 66, 238]"
111136,"[105, 77, 157, 25, 97, 0, 36, 151, 9, 41]"
111137,"[2, 27, 124, 112, 51, 71, 9, 20, 103, 1]"
111138,"[28, 4, 24, 1, 23, 7, 60, 142, 49, 121]"
111139,"[149, 19, 66, 238, 157, 36, 189, 4, 90, 223]"
111140,"[51, 27, 0, 10, 25, 9, 41, 6, 124, 71]"
111141,"[119, 20, 13, 103, 112, 279, 29, 189, 223, 34]"
111142,"[90, 0, 97, 18, 223, 157, 238, 7, 24, 149]"
111143,"[30, 49, 1, 60, 38, 4, 28, 23, 2, 10]"
111144,"[90, 223, 189, 36, 66, 157, 21, 175, 112, 19]"
111145,"[72, 64, 15, 18, 82, 66, 92, 6, 19, 149]"
111146,"[220, 187, 121, 34, 84, 43, 24, 7, 28, 42]"
111147,"[1, 30, 49, 28, 4, 138, 23, 10, 2, 24]"
111148,"[133, 146, 38, 58, 12, 122, 147, 149, 19, 92]"
111149,"[64, 72, 15, 77, 105, 18, 30, 49, 82, 0]"
111150,"[49, 30, 2, 1, 28, 138, 10, 23, 60, 24]"
111151,"[103, 32, 20, 13, 34, 112, 44, 279, 119, 66]"
111152,"[9, 41, 51, 25, 124, 27, 13, 112, 38, 15]"
111153,"[17, 29, 3, 42, 73, 91, 103, 13, 19, 130]"
111154,"[34, 103, 84, 32, 13, 112, 119, 20, 279, 51]"
111155,"[49, 30, 97, 0, 26, 151, 14, 72, 146, 23]"
111156,"[4, 189, 28, 21, 19, 66, 238, 36, 55, 223]"
111157,"[97, 18, 105, 15, 77, 0, 64, 1, 26, 151]"
111158,"[90, 0, 97, 223, 18, 157, 7, 149, 66, 14]"
111159,"[51, 9, 27, 112, 2, 279, 124, 20, 71, 5]"
111160,"[38, 149, 66, 189, 60, 24, 147, 238, 28, 4]"
111161,"[151, 0, 77, 72, 105, 97, 30, 18, 49, 1]"
111162,"[124, 51, 27, 9, 20, 77, 112, 2, 25, 279]"
111163,"[54, 121, 220, 34, 84, 5, 10, 2, 1, 187]"
111164,"[34, 121, 187, 84, 43, 220, 7, 142, 10, 60]"
111165,"[0, 97, 18, 151, 51, 4, 77, 73, 105, 72]"
111166,"[3, 73, 82, 91, 17, 15, 72, 18, 71, 29]"
111167,"[28, 4, 24, 23, 60, 7, 1, 121, 34, 142]"
111168,"[90, 223, 189, 36, 66, 21, 175, 157, 112, 19]"
111169,"[64, 15, 77, 105, 18, 1, 72, 97, 223, 19]"
111170,"[19, 189, 66, 157, 28, 149, 223, 175, 21, 238]"
111171,"[25, 41, 51, 9, 105, 27, 13, 76, 77, 6]"
111172,"[30, 49, 1, 10, 60, 138, 28, 23, 7, 220]"
111173,"[133, 38, 92, 12, 146, 58, 91, 24, 66, 19]"
111174,"[124, 27, 9, 51, 41, 103, 112, 25, 105, 77]"
111175,"[146, 66, 14, 23, 189, 36, 60, 133, 157, 149]"
111176,"[0, 97, 151, 41, 14, 90, 18, 92, 77, 49]"
111177,"[121, 187, 220, 43, 34, 24, 60, 10, 84, 42]"
111178,"[149, 124, 36, 157, 142, 66, 38, 23, 223, 19]"
111179,"[23, 28, 24, 142, 60, 4, 7, 121, 34, 220]"
111180,"[73, 91, 3, 26, 6, 130, 58, 42, 17, 146]"
111181,"[138, 1, 49, 7, 30, 82, 60, 142, 2, 77]"
111182,"[27, 51, 142, 2, 124, 9, 279, 71, 112, 5]"
111183,"[51, 27, 25, 41, 124, 20, 9, 112, 261, 45]"
111184,"[42, 130, 60, 23, 121, 24, 220, 187, 142, 43]"
111185,"[42, 91, 73, 130, 43, 29, 3, 17, 175, 146]"
111186,"[43, 76, 121, 187, 220, 12, 261, 58, 45, 48]"
111187,"[1, 49, 151, 30, 77, 15, 28, 82, 105, 97]"
111188,"[25, 6, 151, 41, 10, 30, 49, 76, 261, 45]"
111189,"[90, 0, 97, 18, 223, 157, 66, 149, 24, 238]"
111190,"[45, 76, 20, 261, 13, 112, 48, 279, 103, 119]"
111191,"[54, 13, 121, 20, 103, 32, 12, 48, 6, 51]"
111192,"[2, 5, 10, 49, 121, 34, 28, 84, 43, 1]"
111193,"[6, 91, 58, 12, 25, 3, 41, 73, 10, 71]"
111194,"[5, 51, 34, 2, 27, 9, 71, 32, 10, 25]"
111195,"[149, 66, 38, 19, 133, 146, 32, 55, 157, 72]"
111196,"[51, 9, 6, 10, 5, 71, 27, 41, 73, 13]"
111197,"[14, 21, 238, 20, 223, 189, 36, 261, 90, 157]"
111198,"[38, 66, 149, 19, 15, 55, 146, 133, 17, 72]"
111199,"[105, 77, 189, 223, 157, 238, 82, 90, 21, 27]"
111200,"[142, 23, 60, 27, 24, 121, 49, 220, 187, 42]"
111201,"[220, 187, 121, 279, 34, 13, 32, 119, 43, 58]"
111202,"[29, 17, 42, 3, 90, 73, 91, 13, 238, 189]"
111203,"[44, 103, 279, 13, 34, 121, 20, 19, 112, 157]"
111204,"[3, 91, 73, 15, 6, 17, 72, 71, 64, 18]"
111205,"[2, 1, 27, 124, 5, 84, 10, 112, 34, 49]"
111206,"[60, 19, 66, 24, 28, 38, 175, 29, 238, 189]"
111207,"[105, 157, 77, 151, 223, 18, 15, 138, 97, 49]"
111208,"[147, 97, 24, 38, 14, 60, 23, 58, 76, 133]"
111209,"[34, 84, 121, 7, 187, 28, 43, 220, 5, 4]"
111210,"[105, 77, 157, 18, 223, 15, 151, 149, 82, 51]"
111211,"[54, 34, 84, 2, 220, 1, 121, 5, 7, 28]"
111212,"[121, 43, 187, 220, 42, 10, 34, 24, 23, 84]"
111213,"[92, 26, 73, 6, 72, 49, 15, 18, 38, 0]"
111214,"[32, 58, 44, 12, 103, 66, 19, 261, 55, 6]"
111215,"[58, 32, 12, 45, 71, 55, 19, 48, 6, 20]"
111216,"[142, 27, 21, 23, 149, 60, 133, 66, 238, 90]"
111217,"[21, 189, 147, 36, 14, 238, 157, 90, 223, 13]"
111218,"[41, 25, 6, 76, 261, 14, 10, 49, 45, 0]"
111219,"[112, 119, 13, 279, 103, 20, 175, 77, 51, 157]"
111220,"[72, 146, 151, 15, 77, 105, 82, 26, 30, 49]"
111221,"[220, 187, 121, 43, 12, 76, 58, 48, 261, 45]"
111222,"[54, 103, 220, 32, 121, 12, 13, 279, 112, 34]"
111223,"[151, 97, 0, 49, 77, 25, 91, 64, 6, 30]"
111224,"[54, 121, 220, 84, 34, 5, 10, 2, 1, 28]"
111225,"[51, 9, 71, 27, 5, 13, 105, 2, 20, 124]"
111226,"[48, 45, 76, 261, 14, 13, 20, 25, 112, 58]"
111227,"[147, 14, 220, 38, 146, 24, 23, 36, 21, 142]"
111228,"[119, 13, 20, 112, 45, 103, 279, 261, 48, 76]"
111229,"[151, 77, 97, 25, 0, 105, 64, 15, 189, 175]"
111230,"[55, 60, 238, 157, 28, 66, 122, 38, 189, 76]"
111231,"[112, 279, 103, 20, 119, 32, 13, 34, 45, 84]"
111232,"[124, 27, 112, 9, 51, 77, 90, 41, 76, 5]"
111233,"[44, 13, 119, 84, 20, 103, 279, 7, 32, 34]"
111234,"[1, 49, 30, 28, 4, 23, 138, 24, 2, 10]"
111235,"[92, 26, 49, 73, 105, 72, 0, 51, 15, 18]"
111236,"[60, 19, 66, 24, 14, 38, 28, 29, 175, 238]"
111237,"[91, 3, 73, 130, 29, 42, 17, 105, 77, 25]"
111238,"[25, 6, 51, 124, 9, 27, 41, 105, 71, 77]"
111239,"[261, 12, 121, 76, 45, 20, 58, 14, 187, 48]"
111240,"[103, 13, 20, 279, 261, 112, 119, 157, 51, 34]"
111241,"[41, 25, 9, 6, 27, 76, 261, 0, 97, 51]"
111242,"[147, 97, 38, 24, 14, 60, 23, 76, 58, 146]"
111243,"[92, 26, 30, 133, 49, 10, 151, 77, 0, 48]"
111244,"[6, 25, 41, 10, 91, 49, 27, 43, 121, 51]"
111245,"[38, 66, 149, 60, 24, 189, 147, 28, 238, 90]"
111246,"[14, 223, 7, 189, 19, 66, 28, 146, 60, 238]"
111247,"[2, 27, 124, 112, 51, 71, 9, 20, 1, 103]"
111248,"[175, 36, 90, 223, 21, 119, 238, 189, 157, 29]"
111249,"[121, 43, 34, 220, 187, 84, 28, 10, 42, 4]"
111250,"[21, 20, 14, 238, 90, 261, 157, 103, 36, 223]"
111251,"[112, 119, 13, 279, 103, 45, 20, 76, 48, 261]"
111252,"[38, 60, 147, 146, 14, 133, 23, 24, 49, 30]"
111253,"[220, 187, 34, 121, 43, 84, 28, 42, 23, 60]"
111254,"[36, 66, 157, 238, 4, 38, 90, 13, 189, 60]"
111255,"[30, 77, 105, 49, 72, 151, 92, 1, 15, 64]"
111256,"[223, 189, 90, 19, 157, 21, 14, 36, 187, 7]"
111257,"[43, 187, 121, 220, 58, 12, 76, 41, 261, 10]"
111258,"[55, 19, 147, 38, 189, 28, 97, 149, 157, 4]"
111259,"[24, 28, 60, 23, 4, 220, 121, 7, 34, 42]"
111260,"[7, 28, 4, 23, 34, 60, 24, 142, 44, 1]"
111261,"[48, 76, 45, 58, 261, 121, 220, 187, 12, 34]"
111262,"[238, 36, 189, 223, 157, 14, 21, 66, 55, 90]"
111263,"[149, 66, 19, 38, 55, 133, 146, 82, 32, 15]"
111264,"[97, 0, 151, 105, 25, 14, 77, 147, 91, 26]"
111265,"[10, 6, 41, 51, 2, 27, 25, 121, 5, 34]"
111266,"[21, 189, 223, 36, 66, 19, 14, 238, 90, 157]"
111267,"[12, 58, 32, 261, 76, 6, 133, 45, 48, 38]"
111268,"[3, 91, 73, 17, 6, 15, 130, 64, 72, 29]"
111269,"[84, 34, 121, 4, 2, 60, 220, 13, 187, 20]"
111270,"[23, 24, 142, 60, 220, 121, 28, 187, 42, 49]"
111271,"[43, 13, 12, 20, 58, 32, 121, 119, 7, 10]"
111272,"[151, 77, 64, 15, 18, 97, 1, 72, 82, 0]"
111273,"[29, 17, 42, 20, 13, 3, 119, 103, 84, 238]"
111274,"[90, 223, 189, 36, 21, 66, 175, 112, 157, 19]"
111275,"[13, 112, 103, 20, 279, 119, 34, 84, 32, 36]"
111276,"[30, 49, 1, 38, 60, 23, 10, 151, 24, 0]"
111277,"[0, 97, 18, 15, 90, 105, 151, 77, 64, 72]"
111278,"[6, 71, 12, 25, 58, 73, 10, 41, 26, 91]"
111279,"[41, 0, 25, 97, 51, 261, 151, 6, 45, 10]"
111280,"[36, 90, 223, 157, 175, 21, 238, 189, 112, 149]"
111281,"[5, 2, 34, 1, 10, 84, 51, 187, 27, 28]"
111282,"[147, 36, 133, 24, 38, 112, 77, 238, 4, 19]"
111283,"[58, 45, 48, 119, 32, 12, 13, 20, 76, 34]"
111284,"[0, 105, 97, 77, 151, 36, 25, 157, 76, 238]"
111285,"[223, 189, 90, 19, 157, 21, 36, 4, 66, 7]"
111286,"[42, 121, 220, 60, 43, 187, 24, 23, 130, 142]"
111287,"[66, 4, 19, 149, 175, 7, 38, 238, 21, 36]"
111288,"[189, 223, 157, 90, 36, 238, 21, 14, 175, 20]"
111289,"[77, 105, 151, 0, 157, 97, 51, 9, 27, 25]"
111290,"[60, 142, 23, 24, 49, 30, 42, 28, 121, 43]"
111291,"[15, 18, 72, 82, 64, 71, 38, 9, 19, 3]"
111292,"[73, 3, 17, 91, 15, 72, 130, 51, 26, 42]"
111293,"[7, 43, 23, 28, 60, 24, 4, 42, 121, 142]"
111294,"[44, 32, 12, 279, 58, 17, 7, 66, 112, 48]"
111295,"[0, 97, 151, 41, 18, 51, 14, 45, 25, 77]"
111296,"[34, 220, 121, 187, 84, 28, 10, 43, 2, 42]"
111297,"[77, 105, 157, 151, 238, 189, 9, 223, 51, 90]"
111298,"[30, 49, 151, 0, 92, 10, 26, 60, 105, 97]"
111299,"[55, 66, 19, 149, 38, 157, 18, 32, 133, 36]"
111300,"[49, 72, 105, 77, 2, 30, 1, 26, 97, 0]"
111301,"[73, 91, 3, 17, 130, 6, 26, 42, 92, 15]"
111302,"[105, 157, 15, 18, 1, 77, 72, 36, 238, 21]"
111303,"[45, 48, 76, 58, 220, 12, 261, 187, 121, 43]"
111304,"[157, 223, 36, 105, 189, 149, 90, 238, 21, 103]"
111305,"[238, 36, 189, 223, 66, 14, 157, 21, 55, 20]"
111306,"[3, 91, 29, 73, 17, 82, 130, 77, 42, 105]"
111307,"[2, 49, 1, 10, 5, 84, 27, 121, 124, 187]"
111308,"[73, 3, 17, 91, 72, 130, 15, 51, 26, 92]"
111309,"[122, 28, 133, 189, 149, 90, 14, 19, 24, 4]"
111310,"[124, 51, 27, 9, 20, 2, 112, 77, 279, 13]"
111311,"[157, 189, 66, 149, 223, 28, 90, 4, 21, 19]"
111312,"[3, 91, 73, 17, 82, 29, 130, 15, 42, 72]"
111313,"[142, 90, 60, 189, 23, 238, 28, 24, 30, 58]"
111314,"[12, 58, 76, 121, 220, 261, 45, 43, 187, 48]"
111315,"[119, 13, 20, 112, 45, 261, 48, 103, 279, 76]"
111316,"[29, 17, 42, 3, 20, 13, 73, 14, 103, 119]"
111317,"[72, 64, 15, 18, 82, 66, 92, 6, 71, 26]"
111318,"[3, 91, 73, 29, 15, 130, 17, 42, 27, 72]"
111319,"[10, 6, 51, 9, 27, 151, 121, 25, 71, 43]"
111320,"[142, 7, 28, 60, 4, 24, 23, 187, 121, 19]"
111321,"[64, 72, 105, 15, 18, 77, 49, 151, 30, 82]"
111322,"[7, 36, 175, 43, 19, 157, 14, 66, 238, 23]"
111323,"[0, 97, 151, 41, 14, 18, 90, 92, 105, 77]"
111324,"[175, 36, 147, 66, 122, 7, 90, 19, 146, 60]"
111325,"[4, 24, 28, 7, 1, 60, 23, 34, 84, 157]"
111326,"[6, 3, 91, 71, 12, 32, 15, 58, 73, 25]"
111327,"[121, 43, 187, 261, 220, 58, 48, 45, 6, 76]"
111328,"[3, 91, 73, 17, 82, 29, 15, 72, 18, 71]"
111329,"[19, 119, 66, 223, 149, 238, 29, 189, 4, 55]"
111330,"[6, 3, 71, 15, 91, 12, 58, 27, 32, 25]"
111331,"[187, 220, 76, 58, 121, 43, 261, 12, 34, 147]"
111332,"[105, 77, 82, 72, 15, 18, 1, 3, 64, 189]"
111333,"[44, 32, 13, 19, 84, 119, 17, 20, 66, 71]"
111334,"[38, 146, 66, 133, 149, 12, 60, 58, 24, 147]"
111335,"[147, 36, 133, 24, 112, 38, 238, 19, 4, 119]"
111336,"[151, 97, 49, 0, 25, 6, 91, 77, 121, 64]"
111337,"[187, 43, 220, 121, 84, 4, 34, 42, 7, 23]"
111338,"[238, 66, 55, 36, 28, 19, 149, 223, 189, 2]"
111339,"[91, 3, 130, 73, 42, 29, 17, 124, 133, 9]"
111340,"[71, 51, 9, 6, 27, 5, 124, 72, 119, 2]"
111341,"[5, 2, 10, 1, 34, 124, 76, 121, 49, 30]"
111342,"[175, 36, 90, 147, 21, 45, 223, 14, 119, 238]"
111343,"[97, 0, 151, 49, 105, 147, 30, 41, 18, 91]"
111344,"[30, 49, 1, 71, 7, 138, 28, 142, 60, 130]"
111345,"[45, 48, 76, 58, 220, 12, 261, 187, 42, 121]"
111346,"[32, 279, 112, 119, 103, 17, 19, 12, 15, 149]"
111347,"[12, 58, 45, 76, 220, 43, 121, 261, 187, 6]"
111348,"[90, 223, 189, 36, 175, 157, 66, 112, 21, 19]"
111349,"[149, 124, 157, 142, 38, 223, 36, 4, 19, 66]"
111350,"[149, 38, 66, 124, 19, 133, 55, 146, 157, 12]"
111351,"[142, 23, 60, 27, 24, 49, 187, 121, 220, 42]"
111352,"[187, 43, 220, 45, 121, 261, 76, 58, 12, 133]"
111353,"[36, 147, 238, 189, 157, 14, 223, 175, 119, 21]"
111354,"[147, 133, 24, 38, 14, 23, 220, 36, 60, 146]"
111355,"[77, 105, 15, 82, 1, 72, 18, 157, 151, 64]"
111356,"[146, 66, 72, 149, 38, 19, 133, 60, 12, 36]"
111357,"[24, 28, 60, 23, 49, 220, 121, 42, 142, 30]"
111358,"[261, 76, 45, 48, 14, 20, 13, 25, 58, 41]"
111359,"[189, 223, 157, 90, 238, 36, 20, 21, 175, 14]"
111360,"[9, 51, 27, 13, 20, 71, 5, 279, 34, 77]"
111361,"[15, 18, 9, 77, 82, 64, 72, 105, 90, 175]"
111362,"[238, 157, 28, 36, 66, 7, 90, 189, 19, 4]"
111363,"[122, 19, 149, 133, 66, 55, 28, 18, 15, 32]"
111364,"[3, 17, 73, 29, 91, 105, 130, 42, 51, 27]"
111365,"[142, 27, 21, 23, 149, 60, 238, 133, 66, 19]"
111366,"[72, 15, 18, 26, 66, 19, 64, 133, 92, 82]"
111367,"[5, 124, 76, 2, 51, 13, 25, 10, 6, 71]"
111368,"[38, 133, 66, 149, 14, 19, 7, 36, 157, 28]"
111369,"[147, 97, 14, 76, 0, 151, 24, 119, 38, 48]"
111370,"[121, 220, 261, 60, 76, 187, 12, 25, 58, 45]"
111371,"[55, 66, 157, 36, 149, 7, 38, 19, 4, 238]"
111372,"[187, 220, 34, 32, 13, 103, 279, 119, 58, 20]"
111373,"[6, 71, 12, 73, 32, 3, 25, 72, 91, 15]"
111374,"[157, 223, 149, 238, 90, 36, 105, 19, 189, 21]"
111375,"[97, 105, 18, 15, 0, 77, 26, 64, 1, 49]"
111376,"[41, 25, 6, 9, 97, 261, 27, 0, 76, 151]"
111377,"[12, 58, 121, 220, 13, 32, 20, 45, 76, 103]"
111378,"[71, 15, 6, 72, 3, 66, 18, 44, 32, 30]"
111379,"[25, 6, 41, 10, 76, 9, 97, 51, 130, 71]"
111380,"[30, 38, 49, 71, 15, 1, 151, 105, 77, 0]"
111381,"[187, 43, 220, 121, 45, 261, 76, 58, 12, 133]"
111382,"[64, 72, 15, 151, 92, 82, 3, 26, 18, 19]"
111383,"[44, 279, 7, 112, 13, 32, 103, 34, 20, 2]"
111384,"[220, 187, 34, 32, 279, 121, 20, 13, 43, 84]"
111385,"[149, 66, 19, 38, 55, 133, 146, 82, 157, 32]"
111386,"[60, 121, 142, 24, 23, 42, 220, 146, 25, 4]"
111387,"[24, 28, 23, 60, 4, 49, 220, 7, 142, 121]"
111388,"[44, 32, 279, 7, 66, 17, 112, 12, 13, 71]"
111389,"[84, 34, 4, 187, 7, 121, 220, 43, 28, 2]"
111390,"[3, 91, 73, 130, 29, 17, 105, 42, 77, 51]"
111391,"[14, 189, 223, 238, 157, 36, 21, 147, 20, 90]"
111392,"[44, 103, 279, 121, 13, 20, 34, 112, 84, 157]"
111393,"[122, 238, 55, 28, 36, 223, 175, 189, 19, 14]"
111394,"[36, 238, 189, 157, 147, 149, 19, 7, 175, 223]"
111395,"[238, 157, 36, 28, 66, 90, 19, 189, 7, 4]"
111396,"[91, 73, 3, 6, 17, 42, 58, 130, 12, 26]"
111397,"[24, 147, 4, 133, 60, 14, 23, 38, 28, 121]"
111398,"[72, 15, 77, 146, 151, 105, 82, 18, 26, 30]"
111399,"[138, 151, 0, 1, 15, 18, 77, 30, 49, 105]"
111400,"[55, 238, 157, 66, 60, 28, 122, 189, 223, 149]"
111401,"[15, 18, 64, 9, 77, 72, 82, 105, 0, 175]"
111402,"[38, 149, 66, 24, 189, 28, 60, 147, 238, 36]"
111403,"[103, 20, 13, 279, 112, 157, 119, 261, 45, 76]"
111404,"[66, 149, 19, 146, 38, 72, 133, 55, 32, 17]"
111405,"[51, 27, 9, 279, 20, 124, 112, 2, 71, 13]"
111406,"[29, 17, 90, 119, 223, 20, 238, 42, 112, 13]"
111407,"[51, 27, 25, 41, 124, 9, 20, 77, 261, 6]"
111408,"[151, 0, 72, 77, 97, 18, 105, 30, 1, 49]"
111409,"[92, 26, 49, 0, 73, 41, 151, 6, 97, 30]"
111410,"[133, 66, 38, 146, 149, 19, 55, 72, 64, 91]"
111411,"[73, 91, 3, 130, 6, 17, 26, 42, 151, 18]"
111412,"[41, 25, 6, 9, 27, 10, 97, 49, 121, 261]"
111413,"[238, 157, 28, 36, 66, 189, 19, 90, 4, 7]"
111414,"[261, 103, 45, 76, 48, 14, 121, 58, 12, 43]"
111415,"[91, 3, 130, 73, 42, 29, 124, 17, 133, 9]"
111416,"[44, 32, 279, 7, 66, 112, 71, 12, 13, 149]"
111417,"[138, 49, 23, 30, 1, 4, 28, 84, 60, 24]"
111418,"[36, 238, 157, 189, 147, 175, 223, 119, 21, 149]"
111419,"[92, 26, 49, 0, 73, 151, 30, 41, 97, 6]"
111420,"[13, 20, 121, 48, 119, 103, 43, 34, 261, 279]"
111421,"[84, 34, 121, 220, 60, 187, 42, 4, 43, 2]"
111422,"[13, 112, 20, 103, 279, 119, 157, 261, 51, 189]"
111423,"[77, 105, 97, 151, 30, 1, 0, 92, 49, 72]"
111424,"[32, 66, 44, 19, 103, 149, 55, 58, 12, 13]"
111425,"[58, 32, 34, 189, 12, 13, 48, 220, 121, 133]"
111426,"[41, 6, 25, 10, 49, 220, 43, 76, 261, 82]"
111427,"[48, 45, 13, 20, 112, 261, 279, 119, 103, 76]"
111428,"[82, 15, 18, 72, 149, 26, 64, 66, 92, 3]"
111429,"[2, 27, 51, 5, 71, 9, 238, 105, 124, 44]"
111430,"[121, 187, 220, 43, 24, 60, 34, 10, 42, 23]"
111431,"[91, 130, 73, 3, 42, 97, 6, 41, 0, 25]"
111432,"[23, 7, 279, 28, 24, 157, 14, 90, 146, 60]"
111433,"[146, 38, 133, 66, 60, 72, 149, 12, 14, 19]"
111434,"[41, 25, 6, 10, 9, 261, 12, 121, 27, 49]"
111435,"[2, 5, 51, 49, 27, 10, 105, 238, 41, 71]"
111436,"[45, 112, 261, 20, 76, 13, 103, 48, 279, 119]"
111437,"[20, 13, 119, 261, 103, 279, 51, 45, 223, 112]"
111438,"[66, 19, 28, 189, 55, 38, 146, 4, 223, 36]"
111439,"[119, 13, 19, 20, 34, 112, 32, 103, 279, 84]"
111440,"[7, 4, 60, 23, 142, 187, 28, 24, 43, 34]"
111441,"[17, 73, 29, 42, 3, 91, 130, 36, 55, 4]"
111442,"[187, 43, 220, 121, 45, 261, 76, 58, 12, 133]"
111443,"[34, 121, 220, 187, 84, 43, 10, 58, 28, 2]"
111444,"[42, 43, 121, 130, 220, 60, 10, 187, 23, 24]"
111445,"[2, 5, 34, 10, 84, 28, 49, 121, 1, 27]"
111446,"[138, 82, 77, 15, 18, 1, 26, 0, 3, 151]"
111447,"[97, 105, 0, 77, 151, 18, 157, 25, 14, 15]"
111448,"[73, 91, 130, 3, 42, 6, 151, 25, 17, 0]"
111449,"[51, 27, 25, 41, 124, 9, 20, 112, 261, 77]"
111450,"[77, 105, 15, 82, 1, 18, 72, 157, 151, 64]"
111451,"[28, 238, 24, 66, 223, 19, 189, 157, 55, 149]"
111452,"[187, 34, 121, 220, 84, 43, 10, 7, 42, 60]"
111453,"[38, 133, 66, 149, 19, 14, 36, 157, 175, 55]"
111454,"[187, 220, 34, 121, 28, 43, 23, 24, 142, 7]"
111455,"[42, 43, 121, 34, 7, 60, 220, 187, 130, 10]"
111456,"[130, 91, 42, 10, 73, 3, 49, 30, 2, 1]"
111457,"[189, 19, 66, 157, 223, 28, 149, 175, 238, 4]"
111458,"[157, 223, 105, 36, 149, 189, 238, 14, 90, 21]"
111459,"[28, 24, 238, 66, 223, 14, 23, 49, 19, 133]"
111460,"[19, 66, 149, 55, 119, 38, 12, 15, 122, 92]"
111461,"[38, 133, 146, 66, 149, 12, 19, 6, 14, 58]"
111462,"[45, 48, 58, 76, 20, 220, 12, 261, 119, 13]"
111463,"[13, 121, 119, 20, 34, 48, 103, 279, 261, 43]"
111464,"[48, 45, 13, 279, 20, 76, 112, 261, 119, 58]"
111465,"[18, 15, 82, 6, 92, 72, 0, 3, 19, 64]"
111466,"[138, 151, 0, 1, 15, 77, 18, 49, 105, 30]"
111467,"[71, 279, 9, 27, 20, 51, 2, 103, 77, 82]"
111468,"[133, 189, 122, 147, 223, 90, 21, 149, 19, 146]"
111469,"[151, 0, 97, 25, 77, 14, 49, 30, 45, 105]"
111470,"[21, 66, 20, 238, 19, 90, 14, 4, 261, 7]"
111471,"[92, 0, 49, 151, 97, 30, 26, 91, 14, 133]"
111472,"[92, 26, 133, 72, 6, 64, 146, 30, 15, 10]"
111473,"[12, 58, 45, 76, 220, 43, 187, 261, 6, 121]"
111474,"[36, 149, 90, 66, 223, 157, 189, 175, 21, 238]"
111475,"[146, 133, 38, 66, 58, 14, 12, 26, 149, 23]"
111476,"[24, 4, 28, 60, 23, 121, 220, 7, 34, 187]"
111477,"[90, 189, 238, 223, 21, 157, 175, 36, 13, 14]"
111478,"[42, 29, 17, 91, 3, 73, 130, 60, 189, 13]"
111479,"[12, 58, 66, 32, 6, 20, 19, 45, 55, 44]"
111480,"[66, 149, 19, 238, 146, 38, 23, 36, 133, 90]"
111481,"[97, 0, 151, 147, 105, 41, 25, 49, 77, 14]"
111482,"[54, 121, 220, 34, 84, 5, 10, 2, 1, 28]"
111483,"[91, 3, 73, 130, 133, 42, 6, 17, 38, 26]"
111484,"[105, 157, 77, 0, 97, 25, 151, 36, 9, 238]"
111485,"[36, 149, 90, 66, 223, 157, 189, 238, 175, 21]"
111486,"[25, 6, 41, 121, 10, 76, 60, 261, 151, 27]"
111487,"[77, 105, 15, 72, 82, 157, 1, 18, 64, 151]"
111488,"[10, 6, 51, 41, 2, 27, 25, 124, 5, 9]"
111489,"[25, 51, 9, 41, 105, 27, 13, 76, 77, 6]"
111490,"[133, 38, 14, 146, 23, 147, 91, 24, 60, 187]"
111491,"[51, 27, 9, 2, 124, 71, 279, 5, 20, 0]"
111492,"[157, 223, 105, 90, 238, 36, 189, 149, 21, 175]"
111493,"[25, 77, 51, 9, 105, 124, 27, 151, 41, 6]"
111494,"[72, 30, 49, 15, 77, 0, 64, 105, 82, 18]"
111495,"[29, 20, 17, 13, 103, 119, 238, 175, 223, 42]"
111496,"[18, 15, 82, 175, 105, 2, 1, 90, 0, 77]"
111497,"[72, 77, 15, 18, 105, 1, 27, 64, 19, 82]"
111498,"[24, 4, 60, 23, 28, 121, 220, 187, 147, 42]"
111499,"[119, 20, 13, 112, 103, 279, 29, 189, 223, 51]"
111500,"[30, 49, 1, 23, 10, 7, 24, 28, 4, 60]"
111501,"[146, 14, 23, 133, 60, 38, 261, 147, 26, 24]"
111502,"[45, 261, 76, 48, 103, 12, 20, 14, 112, 13]"
111503,"[41, 6, 25, 10, 220, 43, 49, 76, 261, 121]"
111504,"[14, 23, 238, 261, 146, 157, 28, 149, 223, 66]"
111505,"[66, 149, 19, 72, 38, 146, 133, 55, 17, 238]"
111506,"[29, 119, 90, 20, 42, 223, 17, 238, 45, 76]"
111507,"[66, 19, 28, 55, 189, 14, 38, 4, 146, 223]"
111508,"[112, 76, 279, 13, 20, 45, 103, 90, 124, 261]"
111509,"[15, 105, 77, 72, 18, 82, 3, 1, 49, 64]"
111510,"[0, 97, 18, 90, 15, 105, 92, 77, 72, 49]"
111511,"[30, 49, 38, 71, 15, 1, 105, 151, 77, 0]"
111512,"[4, 24, 28, 7, 34, 84, 60, 1, 23, 157]"
111513,"[45, 261, 76, 48, 112, 20, 14, 103, 12, 58]"
111514,"[13, 20, 103, 119, 279, 34, 112, 32, 44, 84]"
111515,"[17, 3, 29, 73, 19, 91, 42, 66, 32, 149]"
111516,"[238, 21, 157, 175, 223, 20, 90, 189, 36, 103]"
111517,"[24, 28, 238, 60, 133, 4, 90, 23, 66, 19]"
111518,"[25, 6, 51, 105, 77, 9, 27, 124, 71, 151]"
111519,"[84, 121, 13, 20, 34, 36, 32, 45, 119, 58]"
111520,"[25, 6, 51, 41, 27, 76, 157, 151, 20, 261]"
111521,"[90, 223, 157, 0, 238, 21, 189, 36, 175, 97]"
111522,"[41, 51, 0, 9, 25, 27, 124, 97, 10, 77]"
111523,"[223, 66, 189, 238, 28, 24, 19, 90, 14, 55]"
111524,"[138, 82, 77, 1, 26, 15, 105, 0, 18, 3]"
111525,"[15, 18, 72, 82, 64, 66, 71, 19, 38, 149]"
111526,"[149, 19, 66, 238, 157, 36, 189, 4, 223, 90]"
111527,"[157, 189, 66, 149, 28, 90, 223, 21, 19, 238]"
111528,"[130, 10, 42, 91, 5, 1, 3, 73, 30, 105]"
111529,"[119, 13, 20, 112, 103, 279, 36, 19, 238, 175]"
111530,"[122, 133, 19, 149, 66, 55, 38, 12, 146, 28]"
111531,"[5, 51, 48, 6, 9, 25, 71, 36, 64, 2]"
111532,"[34, 84, 7, 121, 28, 5, 187, 4, 220, 10]"
111533,"[220, 34, 121, 84, 187, 43, 10, 28, 42, 24]"
111534,"[18, 15, 82, 6, 72, 92, 0, 64, 26, 19]"
111535,"[122, 19, 149, 133, 15, 55, 66, 26, 28, 18]"
111536,"[7, 23, 28, 60, 142, 24, 4, 34, 220, 187]"
111537,"[32, 34, 189, 58, 13, 103, 119, 20, 84, 21]"
111538,"[261, 76, 45, 48, 14, 20, 13, 25, 41, 58]"
111539,"[5, 51, 27, 71, 9, 34, 2, 103, 32, 124]"
111540,"[18, 15, 82, 105, 2, 175, 1, 0, 90, 77]"
111541,"[72, 15, 82, 66, 18, 146, 71, 64, 149, 3]"
111542,"[119, 13, 20, 112, 103, 279, 51, 189, 223, 261]"
111543,"[112, 76, 13, 279, 20, 45, 103, 124, 261, 119]"
111544,"[146, 14, 133, 60, 23, 38, 261, 147, 24, 58]"
111545,"[105, 77, 97, 151, 0, 189, 82, 223, 27, 157]"
111546,"[29, 17, 42, 103, 13, 90, 261, 279, 20, 48]"
111547,"[72, 15, 64, 18, 82, 92, 6, 66, 71, 26]"
111548,"[157, 14, 189, 90, 223, 21, 36, 103, 238, 175]"
111549,"[1, 77, 15, 2, 105, 18, 238, 26, 72, 64]"
111550,"[38, 66, 149, 55, 60, 147, 19, 146, 133, 157]"
111551,"[13, 20, 119, 84, 261, 76, 34, 103, 58, 279]"
111552,"[48, 45, 76, 261, 14, 13, 58, 20, 103, 121]"
111553,"[20, 279, 13, 103, 112, 119, 21, 261, 76, 238]"
111554,"[17, 73, 3, 29, 149, 55, 32, 66, 42, 19]"
111555,"[21, 189, 4, 149, 36, 90, 55, 238, 157, 66]"
111556,"[48, 45, 20, 13, 76, 261, 119, 112, 103, 29]"
111557,"[15, 72, 18, 3, 82, 64, 6, 105, 71, 77]"
111558,"[124, 27, 9, 41, 149, 25, 51, 105, 103, 6]"
111559,"[119, 13, 20, 112, 103, 279, 189, 223, 45, 34]"
111560,"[44, 279, 7, 112, 48, 32, 13, 261, 12, 103]"
111561,"[1, 49, 30, 4, 28, 138, 60, 7, 5, 10]"
111562,"[26, 82, 73, 72, 15, 92, 64, 1, 3, 18]"
111563,"[43, 187, 121, 220, 34, 84, 10, 7, 4, 42]"
111564,"[58, 12, 32, 133, 146, 45, 34, 220, 76, 121]"
111565,"[7, 23, 28, 60, 142, 4, 24, 34, 220, 121]"
111566,"[77, 105, 30, 151, 97, 49, 0, 92, 1, 64]"
111567,"[43, 187, 121, 220, 10, 42, 34, 23, 7, 49]"
111568,"[151, 0, 97, 25, 77, 105, 14, 49, 30, 147]"
111569,"[60, 28, 24, 4, 23, 7, 30, 49, 121, 142]"
111570,"[0, 97, 151, 18, 90, 14, 41, 77, 105, 25]"
111571,"[3, 29, 82, 17, 91, 73, 77, 42, 105, 15]"
111572,"[34, 103, 32, 84, 13, 119, 112, 20, 51, 279]"
111573,"[90, 189, 238, 7, 48, 223, 21, 19, 36, 14]"
111574,"[14, 21, 261, 147, 76, 48, 45, 189, 223, 238]"
111575,"[48, 45, 58, 76, 12, 261, 220, 43, 121, 187]"
111576,"[84, 34, 220, 121, 187, 43, 10, 28, 4, 20]"
111577,"[151, 77, 64, 15, 18, 97, 72, 1, 82, 0]"
111578,"[58, 32, 34, 189, 45, 12, 187, 13, 121, 220]"
111579,"[42, 121, 34, 130, 220, 28, 60, 84, 187, 24]"
111580,"[121, 220, 187, 261, 84, 34, 44, 25, 13, 76]"
111581,"[238, 36, 189, 223, 66, 157, 55, 14, 21, 20]"
111582,"[105, 77, 157, 18, 15, 223, 151, 82, 51, 72]"
111583,"[76, 45, 58, 261, 48, 12, 187, 220, 121, 43]"
111584,"[13, 20, 119, 261, 76, 103, 279, 48, 112, 45]"
111585,"[147, 36, 21, 14, 157, 189, 238, 175, 223, 77]"
111586,"[2, 10, 5, 1, 27, 124, 121, 84, 49, 187]"
111587,"[38, 133, 14, 60, 76, 146, 24, 23, 147, 142]"
111588,"[19, 66, 149, 119, 55, 15, 122, 223, 72, 18]"
111589,"[18, 15, 82, 105, 175, 2, 1, 0, 77, 90]"
111590,"[21, 189, 223, 14, 36, 66, 90, 19, 157, 238]"
111591,"[24, 28, 60, 23, 49, 142, 220, 121, 42, 4]"
111592,"[279, 13, 103, 112, 20, 119, 27, 32, 261, 157]"
111593,"[51, 9, 27, 20, 112, 103, 279, 124, 0, 25]"
111594,"[84, 34, 13, 20, 189, 103, 223, 119, 32, 279]"
111595,"[42, 130, 43, 121, 7, 29, 60, 34, 220, 23]"
111596,"[19, 66, 149, 146, 55, 38, 133, 122, 17, 26]"
111597,"[97, 0, 151, 147, 105, 41, 25, 77, 49, 14]"
111598,"[220, 12, 45, 58, 261, 13, 34, 48, 76, 20]"
111599,"[122, 238, 55, 14, 28, 36, 175, 223, 189, 60]"
111600,"[133, 66, 38, 14, 7, 189, 36, 149, 146, 157]"
111601,"[54, 103, 13, 32, 279, 51, 119, 20, 112, 27]"
111602,"[189, 19, 66, 157, 223, 28, 149, 146, 55, 175]"
111603,"[15, 49, 105, 72, 18, 77, 82, 30, 64, 1]"
111604,"[91, 73, 130, 3, 25, 6, 42, 151, 10, 41]"
111605,"[5, 2, 124, 13, 76, 51, 9, 36, 27, 71]"
111606,"[77, 105, 157, 51, 9, 15, 151, 72, 27, 189]"
111607,"[41, 6, 25, 10, 49, 220, 76, 43, 9, 51]"
111608,"[0, 97, 151, 18, 41, 24, 30, 73, 92, 49]"
111609,"[189, 223, 238, 90, 36, 21, 157, 105, 77, 175]"
111610,"[20, 261, 13, 45, 84, 58, 279, 48, 119, 14]"
111611,"[189, 223, 238, 21, 90, 36, 157, 105, 77, 175]"
111612,"[223, 66, 238, 28, 189, 90, 19, 20, 157, 55]"
111613,"[10, 6, 41, 51, 2, 27, 25, 34, 121, 5]"
111614,"[36, 149, 66, 90, 223, 157, 175, 146, 21, 4]"
111615,"[29, 17, 42, 20, 3, 13, 103, 119, 238, 84]"
111616,"[119, 13, 20, 112, 103, 279, 36, 147, 175, 19]"
111617,"[54, 220, 121, 34, 84, 187, 2, 1, 43, 23]"
111618,"[279, 13, 103, 112, 20, 119, 27, 157, 90, 32]"
111619,"[0, 97, 151, 41, 18, 51, 25, 77, 73, 105]"
111620,"[146, 38, 133, 66, 6, 58, 14, 12, 149, 19]"
111621,"[26, 72, 15, 6, 92, 73, 38, 18, 91, 151]"
111622,"[189, 133, 223, 36, 90, 21, 58, 238, 34, 32]"
111623,"[27, 142, 51, 2, 124, 9, 279, 71, 112, 103]"
111624,"[149, 124, 157, 142, 38, 36, 223, 23, 4, 7]"
111625,"[238, 157, 36, 189, 90, 14, 223, 151, 103, 21]"
111626,"[121, 187, 13, 20, 34, 220, 261, 58, 84, 76]"
111627,"[76, 45, 261, 48, 220, 58, 12, 187, 43, 121]"
111628,"[55, 238, 157, 28, 66, 60, 122, 189, 223, 105]"
111629,"[112, 119, 13, 279, 103, 20, 175, 238, 32, 157]"
111630,"[6, 18, 71, 73, 25, 3, 91, 41, 32, 44]"
111631,"[151, 0, 49, 30, 105, 97, 26, 92, 25, 73]"
111632,"[48, 45, 20, 13, 76, 261, 119, 112, 103, 279]"
111633,"[30, 38, 49, 151, 0, 97, 147, 26, 60, 105]"
111634,"[124, 27, 112, 9, 41, 76, 51, 77, 25, 90]"
111635,"[4, 28, 7, 23, 60, 66, 1, 24, 84, 34]"
111636,"[189, 223, 14, 157, 238, 90, 36, 21, 20, 175]"
111637,"[77, 105, 15, 72, 82, 1, 18, 157, 64, 151]"
111638,"[44, 32, 12, 279, 7, 58, 38, 112, 133, 48]"
111639,"[13, 112, 20, 103, 279, 119, 157, 51, 189, 261]"
111640,"[48, 45, 103, 13, 76, 261, 20, 90, 279, 51]"
111641,"[42, 43, 121, 34, 7, 220, 60, 130, 187, 23]"
111642,"[151, 97, 77, 0, 49, 64, 25, 6, 91, 30]"
111643,"[23, 7, 279, 28, 24, 157, 146, 14, 189, 60]"
111644,"[42, 121, 220, 60, 43, 24, 187, 23, 130, 142]"
111645,"[55, 19, 189, 28, 157, 66, 149, 119, 4, 36]"
111646,"[189, 223, 90, 36, 21, 238, 157, 147, 14, 175]"
111647,"[124, 27, 9, 112, 51, 77, 76, 90, 41, 279]"
111648,"[103, 261, 13, 112, 119, 20, 32, 45, 238, 21]"
111649,"[3, 91, 73, 29, 130, 17, 42, 82, 77, 138]"
111650,"[121, 220, 76, 261, 60, 187, 25, 12, 58, 45]"
111651,"[13, 112, 20, 279, 103, 261, 76, 45, 121, 119]"
111652,"[41, 9, 25, 27, 6, 51, 124, 71, 112, 15]"
111653,"[26, 72, 73, 15, 92, 38, 6, 91, 146, 18]"
111654,"[124, 27, 9, 112, 51, 41, 77, 76, 90, 5]"
111655,"[12, 58, 32, 19, 20, 71, 119, 45, 76, 261]"
111656,"[92, 77, 133, 26, 64, 10, 30, 72, 175, 15]"
111657,"[0, 97, 18, 15, 90, 77, 105, 151, 72, 64]"
111658,"[24, 23, 142, 60, 49, 187, 121, 42, 220, 28]"
111659,"[124, 27, 9, 149, 105, 51, 103, 77, 41, 3]"
111660,"[124, 27, 9, 51, 103, 41, 112, 2, 77, 105]"
111661,"[29, 17, 42, 20, 3, 13, 73, 261, 14, 119]"
111662,"[77, 105, 15, 72, 151, 82, 30, 49, 1, 18]"
111663,"[51, 9, 5, 27, 71, 13, 2, 6, 124, 20]"
111664,"[105, 77, 72, 82, 15, 18, 1, 64, 189, 223]"
111665,"[76, 45, 12, 48, 220, 58, 261, 187, 43, 121]"
111666,"[119, 112, 13, 45, 20, 103, 279, 76, 32, 261]"
111667,"[91, 130, 73, 42, 3, 97, 29, 0, 17, 41]"
111668,"[45, 261, 76, 48, 12, 58, 43, 38, 187, 103]"
111669,"[12, 58, 32, 45, 6, 66, 149, 38, 19, 90]"
111670,"[54, 34, 220, 84, 121, 2, 1, 5, 187, 28]"
111671,"[36, 238, 157, 189, 147, 175, 223, 21, 105, 119]"
111672,"[151, 0, 49, 30, 97, 105, 26, 92, 25, 38]"
111673,"[220, 187, 32, 34, 279, 121, 20, 13, 119, 43]"
111674,"[60, 157, 25, 55, 146, 77, 142, 105, 149, 151]"
111675,"[30, 49, 1, 142, 23, 24, 60, 10, 130, 7]"
111676,"[157, 223, 36, 90, 238, 189, 14, 105, 149, 147]"
111677,"[103, 13, 34, 32, 20, 261, 279, 112, 84, 119]"
111678,"[189, 223, 21, 4, 36, 55, 157, 90, 19, 66]"
111679,"[23, 24, 60, 7, 28, 49, 121, 142, 42, 43]"
111680,"[91, 3, 73, 6, 133, 130, 38, 42, 17, 92]"
111681,"[73, 91, 130, 3, 42, 151, 0, 6, 17, 26]"
111682,"[51, 27, 9, 2, 124, 71, 5, 112, 279, 20]"
111683,"[5, 51, 2, 34, 1, 49, 9, 10, 4, 130]"
111684,"[41, 6, 25, 10, 49, 220, 76, 43, 261, 121]"
111685,"[29, 42, 17, 3, 91, 119, 90, 223, 73, 12]"
111686,"[73, 91, 3, 26, 130, 42, 17, 6, 146, 15]"
111687,"[44, 32, 279, 66, 17, 12, 7, 71, 112, 13]"
111688,"[220, 187, 121, 43, 12, 76, 58, 48, 45, 261]"
111689,"[6, 18, 71, 73, 72, 41, 25, 3, 91, 44]"
111690,"[49, 30, 151, 97, 92, 6, 73, 26, 38, 10]"
111691,"[130, 73, 3, 91, 42, 17, 29, 15, 77, 2]"
111692,"[149, 38, 66, 19, 55, 146, 133, 124, 157, 122]"
111693,"[71, 30, 124, 51, 6, 27, 20, 73, 9, 25]"
111694,"[44, 279, 7, 32, 48, 112, 13, 12, 103, 261]"
111695,"[112, 13, 20, 279, 76, 103, 90, 119, 124, 27]"
111696,"[7, 44, 90, 28, 19, 157, 223, 55, 189, 66]"
111697,"[29, 17, 42, 3, 91, 14, 20, 73, 13, 238]"
111698,"[12, 58, 6, 32, 133, 38, 146, 121, 76, 45]"
111699,"[29, 17, 42, 3, 91, 73, 20, 14, 13, 238]"
111700,"[0, 97, 18, 90, 105, 77, 151, 41, 15, 51]"
111701,"[55, 238, 157, 60, 66, 28, 122, 223, 189, 19]"
111702,"[76, 45, 12, 20, 48, 220, 112, 13, 58, 261]"
111703,"[238, 36, 157, 28, 66, 90, 7, 19, 4, 32]"
111704,"[142, 23, 60, 30, 24, 49, 42, 121, 220, 28]"
111705,"[146, 14, 66, 175, 36, 7, 189, 23, 149, 90]"
111706,"[223, 189, 90, 19, 21, 157, 36, 7, 4, 66]"
111707,"[28, 4, 24, 23, 1, 7, 60, 121, 142, 42]"
111708,"[49, 97, 30, 0, 151, 26, 72, 41, 105, 14]"
111709,"[48, 45, 13, 76, 20, 261, 119, 112, 103, 58]"
111710,"[133, 66, 38, 146, 149, 19, 55, 72, 14, 58]"
111711,"[146, 38, 133, 58, 66, 14, 6, 12, 149, 19]"
111712,"[261, 14, 45, 20, 76, 21, 48, 121, 12, 103]"
111713,"[130, 42, 91, 3, 73, 2, 1, 49, 10, 138]"
111714,"[38, 133, 14, 60, 146, 76, 24, 23, 66, 147]"
111715,"[1, 30, 49, 4, 138, 28, 60, 7, 5, 10]"
111716,"[187, 34, 121, 223, 58, 220, 20, 84, 45, 48]"
111717,"[189, 223, 21, 4, 36, 157, 90, 38, 19, 55]"
111718,"[149, 66, 19, 38, 55, 133, 146, 82, 12, 122]"
111719,"[55, 238, 157, 66, 60, 28, 122, 189, 223, 19]"
111720,"[44, 279, 7, 112, 13, 32, 103, 2, 84, 28]"
111721,"[130, 91, 42, 10, 73, 49, 142, 60, 43, 25]"
111722,"[43, 187, 220, 121, 34, 84, 42, 4, 7, 60]"
111723,"[12, 58, 76, 261, 45, 48, 220, 121, 43, 20]"
111724,"[157, 14, 146, 189, 28, 149, 23, 4, 223, 66]"
111725,"[103, 13, 20, 279, 112, 119, 157, 261, 45, 223]"
111726,"[189, 223, 4, 21, 55, 38, 90, 19, 36, 157]"
111727,"[72, 15, 64, 18, 82, 66, 71, 3, 26, 73]"
111728,"[24, 28, 238, 60, 133, 4, 23, 90, 66, 223]"
111729,"[77, 105, 15, 72, 151, 82, 49, 1, 157, 0]"
111730,"[105, 77, 157, 151, 223, 18, 138, 15, 97, 49]"
111731,"[43, 187, 121, 42, 220, 10, 7, 24, 4, 60]"
111732,"[2, 27, 124, 112, 41, 6, 71, 51, 9, 10]"
111733,"[18, 15, 82, 6, 92, 0, 72, 64, 19, 55]"
111734,"[60, 25, 146, 157, 142, 151, 24, 121, 14, 55]"
111735,"[29, 119, 17, 42, 90, 20, 223, 238, 45, 13]"
111736,"[48, 45, 76, 261, 14, 13, 103, 58, 20, 279]"
111737,"[25, 6, 41, 121, 10, 76, 60, 151, 261, 51]"
111738,"[18, 72, 15, 19, 82, 64, 66, 71, 55, 3]"
111739,"[13, 20, 103, 119, 121, 279, 48, 261, 34, 43]"
111740,"[12, 58, 20, 76, 119, 32, 45, 279, 261, 48]"
111741,"[0, 18, 97, 15, 90, 77, 105, 72, 64, 151]"
111742,"[26, 1, 72, 15, 77, 151, 18, 49, 0, 82]"
111743,"[41, 51, 10, 9, 6, 25, 0, 27, 124, 5]"
111744,"[45, 261, 76, 48, 103, 14, 112, 20, 13, 12]"
111745,"[119, 13, 20, 112, 103, 279, 29, 189, 223, 51]"
111746,"[42, 130, 60, 24, 23, 121, 187, 43, 91, 142]"
111747,"[1, 82, 49, 105, 97, 26, 30, 77, 4, 18]"
111748,"[84, 121, 34, 220, 60, 4, 187, 43, 10, 2]"
111749,"[20, 13, 119, 279, 103, 261, 112, 51, 223, 45]"
111750,"[147, 36, 220, 21, 14, 189, 157, 19, 24, 38]"
111751,"[49, 1, 30, 10, 28, 24, 23, 5, 138, 2]"
111752,"[28, 24, 60, 23, 4, 7, 142, 34, 187, 84]"
111753,"[13, 20, 261, 48, 103, 279, 119, 112, 76, 45]"
111754,"[18, 15, 82, 3, 72, 19, 64, 105, 55, 175]"
111755,"[121, 43, 220, 187, 10, 42, 24, 23, 34, 142]"
111756,"[24, 23, 142, 60, 49, 28, 187, 121, 220, 42]"
111757,"[147, 97, 55, 28, 36, 24, 119, 38, 122, 223]"
111758,"[130, 42, 2, 10, 30, 73, 3, 138, 91, 1]"
111759,"[14, 261, 23, 76, 147, 157, 238, 45, 146, 223]"
111760,"[9, 41, 51, 27, 124, 25, 13, 20, 112, 76]"
111761,"[18, 72, 15, 82, 3, 64, 19, 105, 71, 66]"
111762,"[23, 4, 28, 24, 60, 7, 49, 142, 42, 1]"
111763,"[54, 121, 13, 103, 20, 48, 32, 12, 43, 34]"
111764,"[12, 58, 32, 6, 45, 66, 38, 149, 71, 44]"
111765,"[76, 45, 12, 48, 220, 58, 261, 187, 43, 121]"
111766,"[29, 119, 17, 90, 20, 223, 238, 13, 42, 112]"
111767,"[149, 66, 19, 157, 238, 36, 189, 4, 223, 28]"
111768,"[28, 19, 238, 189, 66, 90, 157, 223, 149, 4]"
111769,"[82, 72, 15, 26, 18, 64, 3, 66, 92, 149]"
111770,"[10, 51, 41, 130, 9, 25, 6, 71, 2, 27]"
111771,"[92, 26, 49, 105, 72, 0, 73, 51, 15, 18]"
111772,"[44, 19, 6, 32, 71, 103, 279, 66, 13, 12]"
111773,"[82, 15, 18, 77, 1, 149, 105, 72, 64, 157]"
111774,"[66, 238, 21, 223, 36, 175, 157, 14, 189, 90]"
111775,"[189, 223, 21, 157, 90, 36, 238, 175, 13, 279]"
111776,"[15, 18, 0, 97, 77, 9, 151, 64, 82, 38]"
111777,"[142, 48, 14, 38, 60, 0, 24, 147, 23, 187]"
111778,"[147, 36, 238, 112, 189, 21, 157, 77, 119, 14]"
111779,"[25, 151, 41, 6, 45, 77, 0, 51, 76, 261]"
111780,"[44, 32, 279, 12, 58, 112, 17, 7, 48, 133]"
111781,"[51, 9, 124, 105, 71, 27, 103, 13, 2, 20]"
111782,"[30, 105, 49, 77, 151, 72, 1, 92, 15, 64]"
111783,"[55, 19, 38, 66, 149, 18, 146, 133, 122, 12]"
111784,"[30, 49, 71, 0, 15, 151, 142, 14, 92, 26]"
111785,"[0, 97, 151, 41, 90, 105, 14, 77, 18, 92]"
111786,"[41, 25, 6, 97, 49, 10, 9, 26, 38, 27]"
111787,"[66, 19, 38, 149, 55, 146, 21, 72, 133, 12]"
111788,"[279, 20, 112, 13, 48, 51, 76, 45, 261, 12]"
111789,"[142, 27, 21, 23, 149, 60, 133, 66, 238, 90]"
111790,"[55, 19, 189, 28, 157, 4, 149, 119, 66, 36]"
111791,"[58, 12, 32, 45, 48, 6, 73, 261, 38, 76]"
111792,"[84, 13, 20, 34, 121, 36, 119, 45, 32, 60]"
111793,"[122, 133, 19, 149, 38, 26, 15, 55, 66, 14]"
111794,"[55, 66, 38, 122, 19, 238, 60, 149, 133, 157]"
111795,"[49, 30, 2, 10, 23, 1, 60, 24, 28, 142]"
111796,"[122, 133, 149, 19, 38, 26, 66, 55, 15, 14]"
111797,"[17, 3, 29, 19, 73, 32, 66, 42, 91, 149]"
111798,"[14, 261, 23, 76, 147, 238, 157, 45, 146, 21]"
111799,"[279, 32, 103, 23, 13, 44, 112, 20, 34, 261]"
111800,"[146, 66, 36, 14, 189, 23, 133, 60, 149, 157]"
111801,"[3, 91, 73, 130, 29, 17, 42, 105, 77, 124]"
111802,"[146, 66, 14, 36, 189, 7, 175, 23, 90, 149]"
111803,"[151, 97, 91, 0, 49, 25, 6, 77, 30, 121]"
111804,"[76, 25, 45, 261, 48, 13, 14, 20, 97, 238]"
111805,"[55, 66, 149, 19, 38, 157, 32, 18, 36, 17]"
111806,"[10, 2, 49, 5, 121, 34, 84, 187, 43, 1]"
111807,"[66, 19, 149, 55, 21, 238, 38, 72, 32, 15]"
111808,"[187, 220, 34, 121, 43, 23, 42, 24, 28, 142]"
111809,"[30, 49, 23, 10, 24, 60, 1, 43, 130, 142]"
111810,"[49, 72, 105, 77, 2, 30, 1, 97, 0, 26]"
111811,"[24, 23, 142, 60, 187, 220, 28, 121, 49, 42]"
111812,"[82, 72, 15, 3, 26, 18, 64, 6, 91, 92]"
111813,"[18, 0, 15, 97, 90, 105, 77, 72, 64, 1]"
111814,"[151, 97, 0, 77, 49, 6, 25, 64, 91, 15]"
111815,"[58, 12, 32, 133, 146, 6, 220, 45, 121, 34]"
111816,"[58, 12, 32, 133, 6, 34, 121, 45, 146, 220]"
111817,"[72, 15, 146, 82, 18, 26, 71, 66, 3, 64]"
111818,"[4, 24, 157, 36, 66, 149, 28, 7, 223, 90]"
111819,"[55, 60, 238, 157, 28, 66, 122, 38, 76, 223]"
111820,"[187, 220, 76, 58, 121, 43, 12, 34, 261, 45]"
111821,"[19, 66, 149, 55, 119, 122, 223, 15, 12, 38]"
111822,"[133, 24, 38, 60, 175, 220, 58, 121, 147, 14]"
111823,"[187, 43, 220, 121, 4, 23, 24, 42, 84, 60]"
111824,"[18, 15, 82, 6, 92, 72, 0, 64, 26, 3]"
111825,"[7, 23, 28, 60, 4, 24, 34, 142, 220, 121]"
111826,"[51, 9, 13, 27, 20, 279, 77, 124, 105, 103]"
111827,"[82, 3, 77, 105, 15, 72, 18, 1, 238, 223]"
111828,"[149, 66, 38, 19, 124, 133, 146, 55, 12, 122]"
111829,"[138, 49, 1, 23, 105, 30, 15, 84, 2, 157]"
111830,"[146, 14, 133, 60, 23, 38, 261, 58, 147, 24]"
111831,"[20, 261, 13, 45, 84, 58, 48, 14, 279, 76]"
111832,"[76, 45, 261, 25, 48, 14, 13, 20, 238, 121]"
111833,"[105, 77, 189, 223, 82, 15, 72, 9, 51, 238]"
111834,"[187, 34, 121, 223, 58, 20, 84, 220, 45, 48]"
111835,"[42, 130, 60, 23, 121, 220, 24, 187, 43, 142]"
111836,"[138, 1, 30, 49, 7, 2, 142, 60, 34, 82]"
111837,"[82, 15, 18, 26, 151, 72, 149, 1, 105, 77]"
111838,"[2, 5, 51, 49, 27, 10, 105, 41, 238, 6]"
111839,"[5, 2, 34, 51, 1, 10, 4, 28, 84, 9]"
111840,"[42, 91, 43, 29, 73, 130, 17, 146, 121, 175]"
111841,"[43, 187, 220, 121, 34, 84, 42, 4, 10, 7]"
111842,"[42, 43, 130, 60, 121, 187, 23, 29, 24, 220]"
111843,"[189, 223, 14, 19, 66, 157, 90, 36, 238, 28]"
111844,"[54, 32, 103, 13, 119, 27, 20, 279, 51, 105]"
111845,"[12, 58, 45, 76, 220, 90, 187, 43, 32, 20]"
111846,"[25, 51, 6, 9, 124, 77, 27, 41, 71, 105]"
111847,"[0, 97, 18, 15, 90, 77, 105, 151, 64, 72]"
111848,"[5, 34, 10, 2, 1, 187, 220, 30, 49, 121]"
111849,"[151, 77, 64, 15, 97, 18, 1, 72, 82, 91]"
111850,"[23, 24, 28, 142, 19, 147, 189, 238, 223, 90]"
111851,"[261, 103, 45, 13, 20, 76, 48, 32, 14, 112]"
111852,"[187, 220, 34, 121, 28, 43, 23, 24, 84, 142]"
111853,"[34, 32, 58, 112, 84, 189, 13, 103, 20, 119]"
111854,"[48, 45, 76, 58, 261, 121, 220, 187, 34, 12]"
111855,"[34, 32, 103, 84, 13, 112, 119, 20, 51, 279]"
111856,"[279, 103, 20, 13, 112, 34, 32, 119, 7, 71]"
111857,"[44, 13, 119, 84, 20, 76, 261, 103, 187, 7]"
111858,"[19, 66, 38, 149, 133, 72, 146, 55, 32, 15]"
111859,"[119, 13, 19, 58, 147, 32, 220, 34, 20, 12]"
111860,"[7, 36, 43, 175, 66, 14, 19, 23, 157, 238]"
111861,"[21, 189, 36, 90, 147, 157, 223, 238, 14, 13]"
111862,"[4, 66, 38, 133, 19, 149, 7, 28, 175, 60]"
111863,"[64, 15, 72, 18, 19, 66, 133, 97, 92, 91]"
111864,"[84, 34, 121, 2, 4, 220, 60, 42, 187, 28]"
111865,"[84, 121, 34, 220, 60, 187, 10, 43, 4, 2]"
111866,"[73, 17, 3, 91, 130, 42, 51, 29, 49, 15]"
111867,"[5, 2, 10, 1, 34, 124, 76, 121, 30, 220]"
111868,"[20, 261, 13, 45, 279, 119, 14, 48, 76, 103]"
111869,"[92, 26, 72, 73, 15, 18, 6, 82, 64, 19]"
111870,"[84, 34, 187, 121, 220, 4, 7, 43, 2, 28]"
111871,"[73, 3, 17, 91, 72, 130, 15, 51, 26, 71]"
111872,"[9, 51, 27, 13, 20, 71, 5, 279, 77, 34]"
111873,"[105, 77, 189, 82, 223, 72, 27, 151, 51, 0]"
111874,"[23, 19, 149, 14, 4, 66, 24, 146, 28, 36]"
111875,"[146, 133, 38, 26, 14, 58, 66, 72, 149, 12]"
111876,"[58, 32, 12, 34, 189, 133, 6, 71, 44, 38]"
111877,"[44, 13, 84, 119, 20, 7, 103, 32, 279, 34]"
111878,"[32, 58, 12, 44, 66, 103, 19, 55, 6, 261]"
111879,"[28, 24, 238, 66, 223, 133, 14, 23, 19, 60]"
111880,"[77, 105, 15, 82, 1, 18, 157, 72, 151, 64]"
111881,"[122, 19, 149, 133, 15, 55, 66, 17, 28, 18]"
111882,"[25, 6, 41, 51, 27, 10, 60, 121, 71, 76]"
111883,"[21, 66, 20, 238, 19, 90, 14, 261, 4, 103]"
111884,"[64, 72, 15, 151, 82, 3, 18, 19, 66, 149]"
111885,"[90, 223, 157, 18, 7, 149, 66, 28, 238, 189]"
111886,"[12, 58, 45, 76, 220, 43, 187, 261, 121, 48]"
111887,"[9, 41, 51, 27, 124, 25, 13, 112, 20, 6]"
111888,"[157, 223, 105, 36, 189, 149, 90, 238, 14, 21]"
111889,"[49, 72, 105, 77, 2, 30, 1, 97, 26, 0]"
111890,"[122, 28, 19, 189, 90, 149, 4, 238, 21, 279]"
111891,"[28, 24, 23, 142, 4, 60, 187, 7, 220, 49]"
111892,"[23, 142, 24, 60, 187, 121, 14, 42, 220, 49]"
111893,"[20, 13, 103, 112, 279, 119, 238, 21, 261, 51]"
111894,"[90, 223, 189, 36, 157, 175, 21, 112, 238, 13]"
111895,"[220, 34, 84, 121, 187, 43, 42, 28, 10, 60]"
111896,"[112, 279, 45, 32, 20, 103, 220, 76, 121, 187]"
111897,"[48, 45, 103, 76, 13, 20, 261, 279, 90, 34]"
111898,"[72, 15, 82, 66, 18, 71, 146, 64, 149, 19]"
111899,"[18, 72, 15, 19, 82, 64, 6, 66, 55, 97]"
111900,"[223, 66, 28, 238, 189, 90, 19, 55, 157, 20]"
111901,"[175, 36, 90, 77, 223, 238, 21, 157, 119, 189]"
111902,"[60, 24, 14, 38, 23, 146, 142, 147, 133, 42]"
111903,"[84, 121, 34, 220, 60, 187, 10, 43, 4, 2]"
111904,"[4, 189, 28, 19, 21, 66, 23, 36, 142, 24]"
111905,"[60, 28, 142, 23, 24, 34, 30, 7, 4, 49]"
111906,"[2, 5, 34, 28, 10, 49, 84, 1, 121, 27]"
111907,"[149, 19, 66, 238, 157, 189, 36, 4, 90, 223]"
111908,"[4, 24, 28, 7, 34, 60, 84, 23, 1, 157]"
111909,"[133, 175, 24, 38, 4, 60, 149, 19, 66, 28]"
111910,"[3, 91, 73, 17, 130, 42, 29, 15, 6, 82]"
111911,"[45, 112, 261, 20, 76, 103, 13, 48, 279, 119]"
111912,"[122, 133, 19, 149, 55, 26, 38, 66, 15, 14]"
111913,"[28, 4, 55, 122, 24, 23, 279, 66, 189, 1]"
111914,"[14, 189, 223, 238, 157, 175, 36, 20, 21, 90]"
111915,"[238, 36, 157, 28, 66, 90, 32, 19, 7, 189]"
111916,"[130, 42, 91, 3, 73, 2, 30, 10, 1, 138]"
111917,"[27, 142, 51, 2, 124, 10, 25, 6, 279, 13]"
111918,"[21, 189, 223, 36, 157, 238, 90, 175, 14, 20]"
111919,"[151, 77, 97, 0, 105, 25, 64, 189, 175, 238]"
111920,"[27, 51, 2, 6, 10, 71, 25, 9, 124, 103]"
111921,"[146, 66, 133, 72, 149, 19, 38, 26, 58, 32]"
111922,"[149, 38, 66, 19, 238, 157, 36, 23, 189, 133]"
111923,"[76, 45, 13, 261, 20, 48, 58, 220, 121, 119]"
111924,"[48, 34, 45, 103, 261, 13, 76, 58, 32, 121]"
111925,"[20, 261, 13, 45, 48, 14, 119, 76, 279, 103]"
111926,"[64, 15, 77, 1, 105, 18, 72, 97, 7, 223]"
111927,"[223, 66, 28, 238, 189, 14, 24, 90, 19, 55]"
111928,"[5, 2, 10, 34, 121, 1, 220, 30, 124, 84]"
111929,"[14, 38, 21, 146, 60, 133, 261, 24, 142, 48]"
111930,"[30, 49, 105, 77, 72, 151, 15, 92, 1, 18]"
111931,"[44, 32, 279, 112, 17, 7, 12, 66, 71, 13]"
111932,"[36, 238, 157, 189, 149, 7, 147, 19, 175, 223]"
111933,"[36, 90, 157, 223, 175, 14, 189, 238, 21, 45]"
111934,"[76, 13, 20, 261, 45, 25, 103, 238, 48, 112]"
111935,"[55, 66, 36, 157, 7, 149, 38, 19, 238, 223]"
111936,"[146, 14, 23, 133, 60, 38, 261, 58, 26, 24]"
111937,"[55, 66, 122, 38, 19, 238, 60, 149, 157, 133]"
111938,"[42, 91, 73, 130, 43, 29, 3, 17, 175, 121]"
111939,"[77, 105, 151, 0, 157, 15, 25, 51, 97, 9]"
111940,"[119, 112, 13, 32, 187, 43, 58, 20, 45, 279]"
111941,"[14, 38, 21, 60, 146, 133, 261, 142, 48, 24]"
111942,"[4, 24, 28, 7, 1, 34, 84, 60, 23, 157]"
111943,"[12, 58, 32, 66, 6, 20, 19, 44, 261, 55]"
111944,"[55, 19, 147, 97, 38, 189, 28, 66, 149, 119]"
111945,"[41, 25, 9, 27, 51, 124, 6, 112, 97, 261]"
111946,"[28, 24, 4, 7, 2, 1, 238, 34, 49, 23]"
111947,"[121, 43, 187, 34, 220, 84, 4, 42, 28, 10]"
111948,"[30, 71, 49, 15, 1, 105, 77, 0, 72, 7]"
111949,"[92, 15, 18, 72, 0, 82, 64, 26, 133, 91]"
111950,"[147, 36, 21, 220, 14, 189, 157, 38, 19, 7]"
111951,"[28, 4, 122, 279, 55, 238, 157, 66, 189, 19]"
111952,"[30, 49, 23, 24, 10, 60, 42, 1, 43, 142]"
111953,"[0, 97, 151, 18, 90, 14, 41, 105, 77, 25]"
111954,"[151, 0, 77, 105, 97, 238, 72, 51, 189, 25]"
111955,"[34, 84, 28, 187, 220, 13, 121, 7, 43, 20]"
111956,"[2, 10, 34, 1, 5, 84, 121, 27, 51, 18]"
111957,"[32, 103, 34, 13, 112, 20, 44, 119, 279, 261]"
111958,"[14, 238, 21, 36, 223, 157, 189, 175, 20, 90]"
111959,"[82, 15, 18, 1, 105, 77, 72, 149, 64, 157]"
111960,"[279, 20, 112, 13, 48, 51, 45, 76, 261, 119]"
111961,"[124, 51, 27, 6, 2, 84, 71, 9, 25, 10]"
111962,"[220, 187, 121, 43, 42, 34, 23, 60, 24, 84]"
111963,"[45, 76, 261, 48, 112, 20, 14, 279, 13, 103]"
111964,"[146, 66, 133, 149, 19, 38, 72, 58, 32, 14]"
111965,"[3, 91, 73, 29, 130, 82, 17, 42, 105, 77]"
111966,"[66, 19, 149, 55, 21, 72, 238, 38, 15, 64]"
111967,"[10, 6, 151, 25, 121, 43, 51, 48, 9, 49]"
111968,"[142, 19, 7, 103, 28, 21, 55, 14, 48, 60]"
111969,"[149, 124, 157, 36, 66, 223, 19, 21, 7, 4]"
111970,"[60, 142, 23, 24, 49, 42, 30, 28, 121, 43]"
111971,"[7, 28, 4, 23, 34, 60, 1, 44, 24, 142]"
111972,"[19, 66, 149, 55, 122, 32, 189, 146, 17, 15]"
111973,"[261, 103, 45, 76, 48, 14, 20, 13, 41, 121]"
111974,"[0, 97, 18, 92, 151, 41, 49, 26, 30, 15]"
111975,"[54, 32, 103, 220, 13, 121, 279, 12, 27, 119]"
111976,"[220, 12, 261, 58, 45, 76, 48, 43, 121, 187]"
111977,"[187, 220, 76, 58, 12, 121, 43, 261, 34, 45]"
111978,"[60, 38, 24, 97, 14, 23, 147, 133, 146, 0]"
111979,"[42, 121, 60, 130, 43, 24, 187, 220, 23, 142]"
111980,"[71, 279, 27, 9, 2, 20, 77, 51, 15, 82]"
111981,"[130, 91, 42, 73, 10, 3, 49, 1, 17, 2]"
111982,"[124, 27, 9, 2, 71, 51, 149, 41, 3, 105]"
111983,"[189, 223, 238, 21, 36, 90, 157, 14, 147, 133]"
111984,"[29, 42, 17, 119, 90, 3, 223, 91, 20, 238]"
111985,"[105, 157, 77, 0, 25, 97, 36, 151, 21, 9]"
111986,"[60, 142, 121, 24, 23, 25, 42, 146, 220, 49]"
111987,"[189, 223, 21, 90, 14, 36, 157, 238, 147, 175]"
111988,"[55, 66, 149, 19, 38, 157, 32, 133, 36, 17]"
111989,"[97, 0, 151, 105, 25, 14, 147, 77, 76, 91]"
111990,"[223, 238, 189, 90, 157, 20, 29, 21, 14, 175]"
111991,"[55, 97, 19, 38, 147, 28, 189, 149, 36, 157]"
111992,"[27, 142, 51, 2, 124, 10, 25, 6, 71, 41]"
111993,"[71, 6, 15, 72, 82, 12, 58, 38, 279, 3]"
111994,"[77, 105, 119, 151, 0, 124, 97, 51, 36, 147]"
111995,"[38, 66, 4, 133, 149, 19, 23, 175, 7, 28]"
111996,"[223, 189, 238, 90, 157, 29, 20, 14, 66, 21]"
111997,"[97, 0, 151, 49, 26, 30, 91, 105, 133, 18]"
111998,"[14, 238, 157, 261, 223, 23, 20, 189, 90, 21]"
111999,"[151, 97, 0, 77, 49, 64, 25, 6, 60, 91]"
112000,"[15, 18, 72, 82, 64, 71, 3, 38, 9, 26]"
112001,"[220, 12, 20, 58, 45, 261, 13, 48, 121, 34]"
112002,"[0, 97, 18, 90, 15, 92, 105, 77, 41, 151]"
112003,"[60, 157, 25, 55, 146, 77, 142, 151, 105, 149]"
112004,"[90, 223, 189, 36, 175, 112, 157, 66, 21, 19]"
112005,"[90, 18, 223, 157, 7, 0, 149, 238, 28, 97]"
112006,"[92, 26, 49, 0, 73, 151, 41, 14, 30, 6]"
112007,"[91, 73, 3, 6, 133, 130, 38, 42, 26, 92]"
112008,"[1, 82, 105, 49, 30, 26, 97, 77, 18, 151]"
112009,"[72, 15, 64, 82, 18, 66, 71, 26, 3, 19]"
112010,"[238, 157, 36, 189, 90, 223, 21, 103, 112, 105]"
112011,"[84, 34, 121, 4, 2, 220, 60, 28, 7, 187]"
112012,"[44, 13, 84, 119, 20, 7, 103, 76, 261, 48]"
112013,"[24, 28, 60, 133, 23, 38, 14, 147, 58, 146]"
112014,"[17, 29, 42, 73, 3, 103, 13, 19, 112, 44]"
112015,"[27, 124, 9, 51, 105, 103, 41, 77, 112, 25]"
112016,"[55, 238, 157, 28, 66, 60, 122, 189, 105, 223]"
112017,"[43, 12, 58, 42, 187, 121, 76, 45, 261, 220]"
112018,"[105, 151, 0, 77, 97, 157, 25, 51, 238, 27]"
112019,"[41, 25, 9, 27, 51, 124, 112, 6, 261, 97]"
112020,"[71, 51, 9, 6, 27, 72, 5, 15, 124, 32]"
112021,"[18, 15, 0, 97, 72, 64, 26, 82, 90, 19]"
112022,"[15, 18, 82, 64, 72, 71, 19, 149, 66, 3]"
112023,"[1, 77, 15, 2, 105, 18, 238, 64, 82, 28]"
112024,"[2, 5, 49, 10, 121, 34, 30, 28, 1, 84]"
112025,"[23, 149, 14, 157, 238, 142, 19, 28, 24, 146]"
112026,"[124, 27, 9, 41, 25, 51, 103, 105, 77, 112]"
112027,"[17, 73, 29, 42, 3, 36, 112, 55, 84, 4]"
112028,"[29, 17, 42, 3, 20, 13, 238, 119, 103, 34]"
112029,"[21, 14, 261, 66, 20, 238, 19, 90, 142, 4]"
112030,"[157, 223, 105, 36, 189, 149, 14, 90, 238, 21]"
112031,"[142, 27, 21, 23, 60, 149, 66, 133, 238, 19]"
112032,"[112, 119, 13, 279, 103, 45, 20, 48, 76, 147]"
112033,"[41, 25, 6, 76, 10, 261, 14, 49, 45, 0]"
112034,"[84, 34, 121, 4, 60, 28, 2, 220, 7, 187]"
112035,"[82, 77, 1, 72, 105, 15, 26, 49, 3, 97]"
112036,"[23, 14, 24, 146, 60, 147, 38, 49, 19, 142]"
112037,"[90, 189, 238, 7, 223, 21, 19, 157, 149, 36]"
112038,"[9, 41, 51, 27, 124, 112, 13, 25, 20, 15]"
112039,"[112, 279, 20, 103, 119, 13, 45, 238, 76, 189]"
112040,"[60, 28, 24, 23, 4, 7, 30, 121, 42, 1]"
112041,"[9, 51, 10, 27, 41, 71, 5, 77, 13, 25]"
112042,"[147, 36, 112, 238, 77, 189, 14, 119, 21, 157]"
112043,"[32, 12, 58, 112, 279, 103, 19, 66, 43, 119]"
112044,"[138, 151, 0, 1, 30, 49, 15, 18, 105, 77]"
112045,"[51, 27, 10, 6, 2, 25, 41, 124, 71, 20]"
112046,"[21, 189, 90, 36, 147, 157, 14, 223, 238, 175]"
112047,"[4, 24, 157, 36, 149, 66, 28, 7, 223, 238]"
112048,"[19, 66, 149, 72, 32, 38, 55, 133, 15, 17]"
112049,"[66, 149, 19, 238, 72, 36, 7, 157, 4, 90]"
112050,"[103, 261, 13, 32, 34, 20, 279, 48, 45, 76]"
112051,"[175, 7, 36, 189, 66, 112, 19, 90, 157, 55]"
112052,"[13, 20, 119, 84, 34, 103, 279, 32, 112, 76]"
112053,"[5, 51, 48, 9, 6, 25, 71, 36, 2, 41]"
112054,"[151, 0, 97, 30, 49, 24, 26, 142, 23, 6]"
112055,"[54, 13, 103, 34, 20, 27, 32, 51, 121, 2]"
112056,"[189, 223, 19, 157, 66, 238, 90, 36, 28, 84]"
112057,"[223, 66, 238, 28, 189, 19, 90, 157, 55, 149]"
112058,"[238, 21, 223, 189, 157, 175, 36, 90, 20, 14]"
112059,"[44, 32, 12, 279, 58, 7, 38, 66, 112, 133]"
112060,"[19, 119, 66, 223, 149, 238, 189, 29, 55, 28]"
112061,"[142, 24, 60, 23, 187, 121, 7, 28, 42, 10]"
112062,"[91, 73, 130, 3, 6, 58, 42, 17, 26, 133]"
112063,"[12, 58, 45, 220, 76, 90, 43, 187, 20, 121]"
112064,"[14, 146, 23, 60, 38, 24, 133, 147, 43, 142]"
112065,"[23, 142, 28, 24, 60, 1, 7, 4, 149, 49]"
112066,"[49, 30, 151, 0, 23, 97, 41, 92, 24, 10]"
112067,"[34, 121, 187, 220, 84, 58, 43, 2, 32, 10]"
112068,"[43, 187, 121, 220, 76, 58, 10, 261, 12, 41]"
112069,"[1, 4, 28, 49, 30, 2, 77, 15, 23, 5]"
112070,"[24, 4, 28, 60, 23, 121, 7, 220, 1, 34]"
112071,"[34, 121, 220, 187, 84, 2, 10, 43, 42, 4]"
112072,"[15, 72, 18, 3, 82, 64, 6, 73, 66, 146]"
112073,"[97, 0, 105, 55, 18, 151, 77, 1, 49, 72]"
112074,"[149, 66, 19, 38, 55, 82, 133, 15, 146, 157]"
112075,"[9, 51, 10, 27, 41, 71, 77, 5, 13, 20]"
112076,"[23, 142, 24, 60, 49, 42, 121, 187, 14, 220]"
112077,"[25, 6, 151, 41, 10, 60, 45, 30, 49, 76]"
112078,"[122, 19, 149, 133, 66, 55, 28, 18, 15, 32]"
112079,"[48, 45, 76, 261, 14, 13, 20, 112, 279, 103]"
112080,"[76, 45, 261, 13, 58, 20, 48, 220, 279, 112]"
112081,"[121, 220, 60, 187, 43, 24, 42, 23, 34, 84]"
112082,"[25, 41, 76, 6, 261, 45, 51, 9, 151, 10]"
112083,"[30, 49, 38, 151, 0, 97, 147, 26, 71, 25]"
112084,"[6, 25, 41, 10, 49, 91, 43, 121, 58, 12]"
112085,"[133, 189, 122, 147, 223, 21, 90, 149, 19, 14]"
112086,"[17, 29, 42, 73, 3, 103, 130, 13, 91, 112]"
112087,"[34, 32, 58, 189, 84, 112, 103, 13, 20, 279]"
112088,"[36, 157, 238, 90, 189, 21, 14, 13, 147, 112]"
112089,"[189, 223, 4, 38, 36, 21, 55, 19, 90, 157]"
112090,"[60, 25, 146, 157, 142, 121, 38, 24, 151, 55]"
112091,"[34, 13, 20, 187, 119, 84, 121, 103, 220, 261]"
112092,"[5, 2, 10, 34, 124, 1, 121, 76, 220, 30]"
112093,"[238, 66, 55, 36, 28, 19, 149, 189, 223, 2]"
112094,"[12, 58, 45, 76, 220, 43, 187, 261, 121, 6]"
112095,"[103, 13, 32, 34, 20, 279, 261, 112, 84, 119]"
112096,"[122, 238, 28, 55, 36, 223, 175, 189, 19, 66]"
112097,"[84, 34, 220, 121, 28, 187, 43, 10, 4, 60]"
112098,"[223, 238, 189, 90, 20, 157, 29, 14, 66, 21]"
112099,"[112, 279, 20, 103, 13, 119, 45, 238, 189, 76]"
112100,"[73, 91, 3, 26, 6, 130, 58, 17, 42, 146]"
112101,"[60, 24, 14, 38, 23, 146, 42, 142, 147, 133]"
112102,"[27, 51, 25, 9, 103, 112, 41, 20, 124, 261]"
112103,"[48, 45, 76, 58, 261, 121, 220, 187, 12, 34]"
112104,"[12, 58, 32, 6, 66, 149, 133, 55, 44, 19]"
112105,"[4, 28, 23, 24, 142, 60, 84, 42, 7, 220]"
112106,"[10, 6, 51, 9, 27, 151, 25, 121, 71, 124]"
112107,"[4, 189, 28, 21, 19, 36, 66, 24, 142, 23]"
112108,"[175, 133, 66, 19, 223, 238, 157, 90, 189, 36]"
112109,"[12, 58, 6, 45, 38, 76, 220, 32, 146, 133]"
112110,"[15, 72, 18, 3, 82, 64, 6, 73, 49, 92]"
112111,"[13, 20, 84, 119, 103, 34, 32, 279, 112, 189]"
112112,"[41, 9, 25, 27, 6, 124, 51, 15, 71, 10]"
112113,"[3, 73, 91, 17, 15, 82, 72, 71, 18, 6]"
112114,"[147, 119, 97, 36, 14, 157, 238, 13, 223, 189]"
112115,"[64, 151, 72, 48, 15, 77, 49, 1, 90, 92]"
112116,"[13, 20, 112, 103, 279, 119, 51, 261, 189, 175]"
112117,"[105, 151, 0, 30, 49, 15, 77, 72, 97, 138]"
112118,"[41, 6, 25, 10, 49, 220, 76, 43, 9, 51]"
112119,"[73, 91, 3, 17, 130, 42, 51, 49, 0, 26]"
112120,"[20, 13, 261, 103, 112, 76, 119, 45, 279, 48]"
112121,"[77, 105, 151, 25, 0, 97, 15, 72, 9, 51]"
112122,"[121, 43, 13, 279, 20, 187, 220, 58, 261, 112]"
112123,"[34, 84, 7, 121, 187, 28, 220, 4, 42, 43]"
112124,"[54, 13, 103, 20, 34, 32, 27, 51, 121, 84]"
112125,"[38, 146, 133, 66, 149, 12, 58, 24, 147, 19]"
112126,"[18, 15, 82, 2, 175, 105, 1, 0, 77, 90]"
112127,"[220, 187, 121, 279, 34, 32, 13, 43, 119, 12]"
112128,"[55, 66, 38, 19, 149, 133, 146, 12, 58, 32]"
112129,"[187, 220, 34, 32, 103, 13, 76, 119, 20, 279]"
112130,"[20, 279, 13, 103, 112, 32, 119, 84, 34, 21]"
112131,"[10, 6, 51, 27, 9, 151, 121, 25, 71, 43]"
112132,"[147, 97, 24, 38, 14, 60, 23, 76, 146, 58]"
112133,"[55, 19, 38, 66, 149, 133, 146, 122, 58, 18]"
112134,"[34, 84, 121, 2, 220, 187, 28, 4, 7, 5]"
112135,"[24, 28, 23, 142, 19, 189, 223, 4, 147, 14]"
112136,"[54, 121, 2, 34, 84, 5, 7, 1, 13, 43]"
112137,"[27, 51, 9, 25, 20, 103, 261, 124, 41, 112]"
112138,"[60, 28, 24, 23, 4, 7, 42, 142, 34, 121]"
112139,"[45, 112, 261, 76, 20, 103, 13, 279, 48, 223]"
112140,"[121, 43, 13, 187, 20, 279, 58, 261, 112, 34]"
112141,"[45, 48, 58, 76, 220, 20, 261, 12, 119, 13]"
112142,"[105, 157, 77, 151, 223, 15, 18, 138, 97, 49]"
112143,"[17, 73, 3, 42, 29, 55, 91, 149, 32, 58]"
112144,"[142, 27, 23, 60, 7, 4, 24, 28, 21, 187]"
112145,"[279, 20, 112, 12, 13, 48, 51, 76, 45, 121]"
112146,"[0, 97, 90, 18, 77, 105, 151, 41, 15, 51]"
112147,"[121, 220, 187, 60, 43, 24, 34, 42, 23, 10]"
112148,"[157, 14, 189, 223, 90, 238, 21, 36, 103, 13]"
112149,"[189, 223, 21, 157, 90, 36, 238, 175, 13, 279]"
112150,"[34, 187, 220, 121, 84, 42, 43, 32, 2, 58]"
112151,"[84, 34, 121, 220, 28, 4, 20, 13, 43, 187]"
112152,"[6, 25, 41, 51, 10, 124, 71, 2, 27, 18]"
112153,"[66, 21, 238, 19, 14, 38, 223, 36, 149, 28]"
112154,"[2, 1, 5, 84, 10, 34, 27, 49, 28, 112]"
112155,"[21, 66, 20, 238, 19, 14, 90, 261, 4, 223]"
112156,"[97, 105, 0, 151, 77, 189, 119, 18, 147, 41]"
112157,"[105, 77, 82, 72, 15, 49, 97, 1, 151, 18]"
112158,"[58, 32, 12, 45, 71, 6, 48, 20, 119, 19]"
112159,"[146, 14, 23, 38, 151, 48, 147, 133, 24, 60]"
112160,"[157, 25, 60, 36, 238, 189, 105, 147, 55, 90]"
112161,"[17, 29, 3, 42, 73, 91, 130, 19, 103, 66]"
112162,"[26, 92, 0, 151, 49, 73, 187, 97, 146, 30]"
112163,"[124, 27, 112, 9, 51, 5, 76, 71, 90, 77]"
112164,"[18, 15, 0, 82, 105, 97, 175, 2, 1, 151]"
112165,"[12, 58, 20, 32, 119, 279, 76, 261, 45, 48]"
112166,"[43, 187, 13, 119, 20, 220, 42, 34, 32, 175]"
112167,"[76, 25, 261, 45, 48, 121, 220, 12, 58, 43]"
112168,"[91, 73, 130, 3, 42, 6, 133, 187, 151, 121]"
112169,"[103, 20, 261, 13, 45, 48, 76, 279, 119, 112]"
112170,"[76, 45, 261, 48, 14, 20, 41, 13, 58, 12]"
112171,"[130, 91, 3, 73, 105, 42, 17, 10, 29, 5]"
112172,"[1, 105, 82, 77, 18, 4, 72, 15, 49, 3]"
112173,"[82, 3, 15, 72, 18, 105, 133, 64, 77, 91]"
112174,"[0, 97, 90, 18, 77, 151, 105, 51, 14, 41]"
112175,"[58, 12, 32, 45, 48, 6, 76, 38, 261, 73]"
112176,"[103, 20, 45, 261, 13, 76, 48, 12, 279, 32]"
112177,"[12, 58, 20, 45, 76, 119, 261, 187, 220, 13]"
112178,"[175, 133, 7, 66, 90, 223, 189, 157, 36, 38]"
112179,"[157, 223, 149, 36, 238, 105, 90, 23, 55, 189]"
112180,"[187, 43, 220, 121, 42, 23, 84, 24, 4, 261]"
112181,"[25, 6, 41, 151, 76, 0, 51, 27, 261, 10]"
112182,"[122, 149, 19, 66, 133, 55, 15, 28, 17, 38]"
112183,"[27, 142, 51, 2, 124, 71, 5, 9, 112, 72]"
112184,"[146, 36, 14, 66, 175, 7, 189, 149, 23, 90]"
112185,"[28, 4, 55, 122, 24, 279, 157, 23, 66, 189]"
112186,"[7, 28, 23, 4, 34, 60, 142, 44, 24, 1]"
112187,"[14, 261, 23, 147, 76, 238, 146, 157, 0, 45]"
112188,"[34, 32, 58, 13, 84, 189, 112, 20, 103, 119]"
112189,"[279, 103, 20, 112, 13, 34, 32, 119, 238, 157]"
112190,"[7, 28, 34, 4, 23, 60, 24, 142, 220, 44]"
112191,"[54, 51, 13, 279, 103, 20, 9, 112, 71, 32]"
112192,"[223, 66, 238, 189, 90, 19, 28, 29, 55, 157]"
112193,"[41, 25, 9, 27, 51, 124, 112, 6, 97, 261]"
112194,"[17, 3, 73, 91, 29, 42, 66, 19, 12, 146]"
112195,"[21, 189, 223, 36, 238, 157, 90, 175, 14, 20]"
112196,"[82, 77, 105, 3, 15, 72, 18, 1, 223, 238]"
112197,"[147, 14, 36, 21, 76, 157, 220, 189, 38, 48]"
112198,"[54, 121, 13, 103, 20, 32, 48, 12, 51, 261]"
112199,"[138, 82, 77, 1, 26, 18, 15, 105, 151, 0]"
112200,"[6, 91, 3, 12, 73, 25, 58, 41, 10, 71]"
112201,"[29, 17, 42, 14, 20, 3, 13, 238, 261, 91]"
112202,"[91, 73, 130, 3, 6, 17, 42, 26, 58, 97]"
112203,"[220, 121, 187, 43, 42, 10, 34, 60, 24, 84]"
112204,"[121, 220, 187, 43, 24, 10, 34, 60, 42, 23]"
112205,"[45, 261, 76, 20, 112, 103, 13, 279, 48, 119]"
112206,"[38, 133, 146, 66, 12, 149, 19, 58, 91, 6]"
112207,"[24, 28, 60, 133, 23, 49, 14, 147, 38, 238]"
112208,"[18, 15, 82, 72, 64, 19, 6, 3, 105, 2]"
112209,"[220, 187, 121, 76, 147, 12, 112, 58, 45, 34]"
112210,"[97, 18, 105, 15, 64, 1, 0, 77, 26, 151]"
112211,"[151, 97, 77, 0, 25, 14, 41, 261, 91, 49]"
112212,"[149, 66, 19, 36, 157, 238, 189, 223, 4, 90]"
112213,"[92, 72, 26, 15, 64, 133, 82, 18, 77, 19]"
112214,"[122, 28, 149, 19, 175, 238, 7, 21, 36, 90]"
112215,"[45, 48, 76, 261, 58, 20, 220, 14, 12, 151]"
112216,"[9, 51, 27, 13, 77, 20, 112, 105, 279, 103]"
112217,"[1, 49, 30, 4, 28, 138, 23, 24, 2, 10]"
112218,"[238, 21, 223, 157, 36, 189, 175, 20, 90, 13]"
112219,"[261, 45, 14, 20, 76, 48, 21, 12, 13, 103]"
112220,"[5, 76, 2, 124, 13, 10, 25, 51, 146, 36]"
112221,"[21, 14, 261, 66, 20, 19, 238, 90, 142, 133]"
112222,"[142, 27, 23, 60, 133, 14, 21, 38, 261, 147]"
112223,"[105, 1, 15, 18, 157, 77, 72, 36, 82, 9]"
112224,"[44, 279, 112, 7, 13, 32, 103, 20, 2, 84]"
112225,"[55, 19, 189, 28, 157, 4, 149, 97, 223, 66]"
112226,"[55, 66, 157, 7, 149, 36, 19, 238, 4, 223]"
112227,"[138, 82, 77, 0, 151, 1, 18, 15, 26, 49]"
112228,"[6, 71, 25, 10, 51, 9, 41, 5, 73, 27]"
112229,"[34, 84, 28, 187, 220, 121, 43, 7, 4, 13]"
112230,"[82, 72, 15, 3, 26, 18, 64, 66, 6, 92]"
112231,"[91, 3, 73, 130, 133, 6, 42, 17, 38, 92]"
112232,"[45, 76, 261, 187, 12, 48, 58, 121, 43, 220]"
112233,"[21, 14, 261, 20, 90, 238, 103, 66, 189, 157]"
112234,"[0, 97, 151, 105, 25, 77, 14, 30, 76, 49]"
112235,"[30, 49, 1, 10, 60, 138, 28, 23, 7, 24]"
112236,"[1, 49, 4, 30, 28, 82, 7, 105, 5, 77]"
112237,"[4, 66, 38, 133, 19, 149, 23, 7, 175, 28]"
112238,"[54, 121, 34, 2, 84, 5, 7, 1, 43, 13]"
112239,"[10, 6, 51, 9, 121, 27, 43, 25, 48, 124]"
112240,"[21, 20, 14, 238, 90, 261, 157, 103, 189, 223]"
112241,"[17, 29, 3, 42, 73, 19, 103, 66, 91, 13]"
112242,"[73, 17, 3, 91, 15, 72, 51, 42, 130, 26]"
112243,"[43, 7, 187, 42, 121, 10, 220, 4, 34, 84]"
112244,"[220, 187, 121, 34, 84, 24, 43, 7, 28, 42]"
112245,"[122, 55, 66, 19, 149, 15, 238, 28, 133, 32]"
112246,"[30, 49, 1, 71, 7, 138, 15, 142, 28, 60]"
112247,"[223, 189, 90, 19, 14, 157, 21, 187, 36, 66]"
112248,"[55, 66, 157, 149, 19, 36, 7, 4, 238, 223]"
112249,"[54, 220, 121, 34, 187, 2, 43, 84, 5, 1]"
112250,"[43, 121, 10, 220, 187, 42, 7, 24, 34, 12]"
112251,"[9, 51, 77, 27, 41, 13, 20, 25, 105, 151]"
112252,"[72, 15, 77, 105, 82, 18, 146, 66, 71, 64]"
112253,"[122, 55, 238, 14, 28, 36, 175, 223, 60, 189]"
112254,"[42, 29, 17, 3, 175, 91, 73, 130, 43, 7]"
112255,"[189, 223, 4, 38, 21, 19, 36, 90, 55, 157]"
112256,"[0, 97, 151, 41, 14, 18, 51, 45, 25, 261]"
112257,"[77, 105, 15, 151, 72, 82, 49, 18, 1, 64]"
112258,"[20, 261, 13, 45, 14, 119, 48, 279, 103, 76]"
112259,"[149, 124, 36, 157, 142, 38, 66, 23, 223, 19]"
112260,"[121, 220, 187, 43, 34, 24, 10, 60, 42, 23]"
112261,"[29, 42, 17, 90, 223, 119, 3, 20, 238, 91]"
112262,"[220, 187, 121, 76, 43, 12, 58, 45, 48, 261]"
112263,"[187, 121, 58, 220, 45, 48, 12, 261, 76, 43]"
112264,"[76, 25, 261, 45, 48, 14, 13, 20, 121, 220]"
112265,"[34, 187, 121, 220, 84, 43, 28, 23, 24, 7]"
112266,"[72, 15, 64, 82, 26, 18, 73, 66, 6, 92]"
112267,"[14, 238, 157, 261, 21, 223, 189, 20, 23, 36]"
112268,"[45, 261, 76, 12, 48, 58, 43, 121, 38, 220]"
112269,"[49, 30, 23, 24, 10, 60, 1, 43, 42, 142]"
112270,"[72, 15, 77, 105, 18, 82, 64, 1, 49, 30]"
112271,"[13, 20, 119, 103, 279, 261, 48, 112, 76, 45]"
112272,"[55, 66, 38, 149, 19, 133, 146, 157, 58, 12]"
112273,"[24, 28, 238, 60, 133, 23, 90, 4, 66, 72]"
112274,"[187, 220, 121, 34, 43, 42, 23, 24, 142, 28]"
112275,"[20, 13, 103, 112, 279, 119, 238, 261, 51, 21]"
112276,"[51, 9, 13, 41, 25, 27, 20, 48, 105, 124]"
112277,"[130, 91, 73, 3, 42, 10, 17, 25, 41, 51]"
112278,"[133, 24, 38, 175, 60, 92, 220, 14, 147, 146]"
112279,"[1, 4, 49, 30, 28, 7, 5, 34, 82, 105]"
112280,"[84, 34, 121, 4, 2, 220, 60, 42, 187, 28]"
112281,"[29, 17, 119, 223, 90, 42, 3, 238, 20, 175]"
112282,"[12, 58, 66, 6, 32, 19, 45, 55, 20, 44]"
112283,"[157, 189, 149, 66, 223, 28, 238, 19, 90, 21]"
112284,"[49, 30, 77, 105, 151, 72, 0, 1, 15, 18]"
112285,"[51, 9, 13, 27, 25, 41, 20, 105, 48, 279]"
112286,"[84, 13, 20, 121, 34, 119, 32, 36, 45, 261]"
112287,"[10, 6, 51, 9, 121, 27, 151, 43, 25, 71]"
112288,"[76, 25, 45, 48, 261, 220, 121, 12, 43, 58]"
112289,"[51, 9, 105, 124, 25, 27, 103, 77, 41, 20]"
112290,"[41, 25, 6, 9, 97, 10, 27, 49, 0, 15]"
112291,"[133, 66, 38, 14, 7, 36, 189, 149, 146, 4]"
112292,"[149, 124, 157, 36, 66, 223, 19, 27, 21, 4]"
112293,"[279, 20, 103, 32, 13, 261, 112, 45, 34, 48]"
112294,"[142, 14, 38, 48, 0, 24, 60, 147, 23, 19]"
112295,"[149, 66, 19, 38, 133, 146, 72, 55, 15, 32]"
112296,"[9, 51, 105, 124, 27, 13, 103, 20, 77, 119]"
112297,"[1, 2, 28, 30, 49, 34, 5, 60, 7, 138]"
112298,"[9, 41, 51, 124, 27, 15, 25, 71, 6, 38]"
112299,"[220, 187, 121, 43, 12, 76, 58, 48, 261, 45]"
112300,"[72, 15, 64, 18, 82, 66, 149, 19, 71, 3]"
112301,"[36, 147, 238, 157, 189, 175, 223, 14, 119, 21]"
112302,"[84, 34, 20, 13, 279, 112, 119, 32, 103, 187]"
112303,"[97, 0, 151, 49, 30, 147, 91, 41, 18, 105]"
112304,"[77, 105, 1, 15, 72, 18, 64, 119, 82, 3]"
112305,"[17, 29, 73, 42, 3, 36, 112, 4, 55, 149]"
112306,"[55, 19, 189, 28, 157, 149, 66, 119, 36, 4]"
112307,"[12, 58, 6, 76, 45, 261, 133, 146, 91, 220]"
112308,"[27, 51, 2, 6, 124, 71, 9, 10, 25, 41]"
112309,"[51, 27, 9, 25, 20, 124, 112, 41, 103, 261]"
112310,"[17, 3, 29, 73, 19, 66, 91, 42, 32, 149]"
112311,"[175, 36, 19, 7, 66, 90, 122, 147, 60, 146]"
112312,"[17, 3, 73, 29, 42, 91, 12, 19, 58, 32]"
112313,"[77, 64, 105, 49, 72, 15, 18, 30, 151, 82]"
112314,"[223, 238, 189, 14, 90, 29, 20, 157, 36, 66]"
112315,"[82, 105, 77, 3, 15, 18, 72, 1, 238, 223]"
112316,"[77, 105, 151, 25, 0, 157, 51, 9, 15, 97]"
112317,"[157, 60, 25, 55, 36, 7, 238, 38, 105, 19]"
112318,"[19, 66, 149, 55, 12, 119, 38, 92, 122, 72]"
112319,"[54, 121, 13, 12, 20, 103, 6, 51, 48, 32]"
112320,"[112, 279, 103, 20, 32, 119, 34, 45, 13, 84]"
112321,"[20, 13, 103, 112, 279, 119, 261, 51, 238, 21]"
112322,"[7, 44, 90, 55, 157, 28, 189, 66, 19, 223]"
112323,"[18, 15, 0, 97, 90, 77, 105, 72, 64, 1]"
112324,"[25, 6, 51, 105, 77, 9, 27, 124, 151, 71]"
112325,"[42, 73, 17, 29, 91, 130, 121, 45, 261, 60]"
112326,"[112, 279, 20, 103, 32, 119, 13, 34, 84, 45]"
112327,"[119, 13, 20, 147, 112, 103, 76, 48, 45, 261]"
112328,"[151, 0, 97, 49, 30, 24, 26, 72, 6, 142]"
112329,"[0, 97, 151, 41, 90, 14, 18, 92, 105, 25]"
112330,"[138, 82, 77, 15, 1, 18, 0, 26, 7, 3]"
112331,"[76, 13, 20, 45, 220, 261, 25, 48, 121, 55]"
112332,"[28, 4, 1, 7, 24, 34, 23, 60, 121, 84]"
112333,"[92, 0, 15, 91, 6, 133, 26, 18, 12, 73]"
112334,"[142, 28, 7, 60, 4, 24, 23, 187, 121, 34]"
112335,"[72, 64, 15, 18, 82, 66, 92, 71, 149, 6]"
112336,"[13, 20, 103, 119, 279, 261, 48, 112, 76, 45]"
112337,"[220, 187, 34, 121, 279, 32, 119, 13, 43, 12]"
112338,"[25, 6, 41, 10, 76, 130, 97, 9, 91, 151]"
112339,"[14, 261, 23, 76, 147, 238, 157, 146, 45, 0]"
112340,"[12, 58, 6, 32, 133, 38, 146, 76, 220, 45]"
112341,"[157, 223, 90, 36, 238, 105, 14, 189, 149, 21]"
112342,"[30, 49, 1, 7, 71, 142, 138, 28, 23, 60]"
112343,"[51, 6, 27, 10, 2, 25, 124, 41, 71, 9]"
112344,"[6, 91, 12, 58, 25, 41, 73, 10, 71, 3]"
112345,"[17, 73, 3, 29, 91, 42, 55, 149, 66, 32]"
112346,"[105, 77, 157, 151, 223, 97, 0, 51, 25, 9]"
112347,"[36, 147, 238, 157, 189, 175, 223, 14, 119, 21]"
112348,"[130, 42, 3, 91, 73, 2, 1, 49, 30, 10]"
112349,"[49, 30, 151, 92, 97, 6, 38, 26, 0, 14]"
112350,"[23, 24, 60, 7, 28, 49, 42, 121, 142, 220]"
112351,"[3, 91, 73, 130, 29, 42, 17, 6, 49, 15]"
112352,"[23, 24, 14, 146, 60, 38, 7, 147, 142, 279]"
112353,"[20, 13, 84, 119, 279, 103, 261, 34, 29, 223]"
112354,"[17, 29, 42, 3, 91, 73, 90, 130, 19, 13]"
112355,"[121, 220, 84, 187, 44, 261, 34, 25, 76, 13]"
112356,"[1, 49, 4, 28, 30, 2, 77, 15, 23, 5]"
112357,"[72, 15, 18, 26, 64, 19, 66, 82, 133, 92]"
112358,"[122, 133, 19, 149, 55, 66, 38, 18, 12, 146]"
112359,"[7, 4, 60, 28, 23, 34, 24, 220, 187, 142]"
112360,"[189, 223, 90, 21, 238, 36, 157, 175, 103, 13]"
112361,"[90, 0, 97, 18, 223, 7, 157, 149, 36, 24]"
112362,"[17, 73, 3, 29, 91, 55, 149, 42, 66, 32]"
112363,"[175, 133, 189, 223, 238, 66, 7, 90, 36, 157]"
112364,"[77, 105, 151, 97, 0, 119, 147, 124, 51, 27]"
112365,"[44, 13, 84, 119, 20, 261, 103, 279, 48, 76]"
112366,"[157, 60, 55, 238, 36, 7, 19, 66, 189, 25]"
112367,"[41, 6, 10, 25, 9, 82, 51, 220, 2, 49]"
112368,"[23, 24, 142, 60, 220, 42, 187, 121, 28, 49]"
112369,"[55, 19, 38, 66, 149, 146, 133, 18, 122, 12]"
112370,"[189, 223, 14, 157, 36, 90, 238, 21, 20, 13]"
112371,"[1, 82, 49, 105, 97, 26, 30, 77, 18, 151]"
112372,"[17, 29, 73, 42, 3, 36, 91, 55, 4, 149]"
112373,"[24, 4, 28, 147, 133, 60, 157, 66, 14, 23]"
112374,"[130, 91, 42, 10, 3, 1, 5, 30, 73, 220]"
112375,"[45, 48, 76, 58, 220, 12, 261, 42, 187, 121]"
112376,"[2, 27, 124, 112, 51, 9, 71, 20, 1, 103]"
112377,"[146, 66, 133, 149, 19, 38, 72, 58, 32, 26]"
112378,"[7, 4, 21, 14, 66, 175, 90, 19, 133, 38]"
112379,"[45, 112, 76, 20, 261, 103, 12, 187, 121, 48]"
112380,"[36, 90, 223, 14, 189, 157, 21, 175, 238, 147]"
112381,"[122, 133, 19, 149, 15, 38, 26, 55, 66, 14]"
112382,"[17, 29, 42, 73, 3, 103, 13, 91, 130, 112]"
112383,"[17, 29, 73, 3, 42, 19, 66, 32, 91, 149]"
112384,"[54, 121, 34, 2, 84, 5, 43, 7, 10, 1]"
112385,"[32, 58, 44, 12, 66, 103, 6, 261, 19, 55]"
112386,"[1, 49, 4, 28, 30, 2, 77, 15, 18, 105]"
112387,"[82, 3, 15, 72, 18, 77, 105, 64, 55, 66]"
112388,"[105, 77, 157, 18, 223, 15, 151, 51, 82, 9]"
112389,"[0, 151, 97, 105, 25, 30, 14, 77, 49, 76]"
112390,"[48, 45, 76, 58, 261, 220, 121, 187, 34, 14]"
112391,"[138, 1, 49, 30, 151, 2, 0, 23, 4, 15]"
112392,"[151, 97, 0, 77, 49, 91, 25, 6, 64, 60]"
112393,"[64, 72, 15, 18, 82, 3, 151, 19, 77, 149]"
112394,"[29, 17, 42, 3, 91, 73, 20, 14, 13, 238]"
112395,"[175, 36, 189, 112, 90, 13, 157, 238, 223, 7]"
112396,"[279, 20, 112, 12, 13, 48, 1, 51, 121, 45]"
112397,"[72, 77, 49, 151, 15, 105, 26, 18, 64, 0]"
112398,"[54, 34, 121, 2, 84, 5, 13, 1, 7, 43]"
112399,"[91, 130, 73, 42, 3, 97, 29, 0, 41, 17]"
112400,"[77, 105, 151, 97, 0, 119, 147, 124, 30, 64]"
112401,"[3, 73, 91, 29, 82, 130, 17, 42, 77, 105]"
112402,"[279, 20, 112, 13, 1, 51, 12, 84, 4, 32]"
112403,"[41, 6, 10, 25, 9, 51, 82, 2, 124, 27]"
112404,"[32, 66, 44, 103, 19, 55, 149, 12, 58, 34]"
112405,"[90, 223, 189, 36, 66, 175, 21, 157, 19, 112]"
112406,"[124, 27, 112, 9, 51, 5, 71, 77, 90, 2]"
112407,"[19, 66, 133, 149, 38, 55, 72, 32, 146, 15]"
112408,"[12, 58, 20, 45, 76, 119, 187, 261, 223, 220]"
112409,"[48, 45, 76, 20, 13, 261, 119, 103, 112, 58]"
112410,"[49, 1, 2, 30, 23, 28, 60, 72, 138, 24]"
112411,"[13, 20, 103, 279, 112, 119, 34, 32, 84, 51]"
112412,"[189, 223, 21, 36, 90, 157, 14, 238, 175, 147]"
112413,"[84, 34, 189, 13, 20, 58, 103, 261, 223, 220]"
112414,"[157, 223, 149, 36, 90, 23, 238, 189, 28, 19]"
112415,"[60, 25, 146, 157, 151, 142, 121, 38, 55, 24]"
112416,"[45, 48, 76, 261, 58, 20, 12, 14, 112, 220]"
112417,"[1, 77, 105, 15, 18, 49, 82, 72, 64, 28]"
112418,"[149, 66, 19, 38, 157, 238, 36, 23, 189, 14]"
112419,"[60, 24, 23, 49, 142, 30, 121, 42, 28, 4]"
112420,"[261, 103, 45, 20, 13, 76, 48, 112, 14, 32]"
112421,"[238, 36, 189, 223, 157, 21, 66, 90, 14, 20]"
112422,"[23, 28, 142, 24, 60, 7, 4, 1, 220, 121]"
112423,"[60, 38, 24, 97, 14, 133, 147, 146, 0, 23]"
112424,"[41, 6, 25, 10, 49, 220, 76, 43, 9, 51]"
112425,"[157, 238, 36, 105, 189, 25, 90, 13, 55, 175]"
112426,"[223, 189, 90, 14, 157, 21, 36, 238, 20, 19]"
112427,"[54, 121, 220, 5, 84, 34, 2, 10, 187, 1]"
112428,"[21, 189, 223, 36, 14, 90, 157, 175, 238, 147]"
112429,"[43, 12, 58, 187, 45, 121, 76, 261, 10, 220]"
112430,"[28, 4, 24, 23, 1, 7, 60, 142, 121, 34]"
112431,"[18, 15, 0, 82, 105, 175, 97, 2, 1, 77]"
112432,"[13, 20, 119, 103, 279, 112, 51, 9, 29, 48]"
112433,"[138, 49, 1, 30, 4, 28, 23, 2, 142, 60]"
112434,"[138, 105, 15, 157, 151, 0, 77, 223, 49, 18]"
112435,"[7, 4, 28, 34, 84, 1, 60, 23, 187, 142]"
112436,"[23, 24, 60, 7, 49, 142, 42, 121, 43, 28]"
112437,"[19, 119, 66, 223, 23, 149, 29, 238, 24, 189]"
112438,"[133, 175, 24, 38, 4, 66, 149, 60, 19, 28]"
112439,"[43, 121, 10, 187, 220, 42, 7, 24, 23, 34]"
112440,"[220, 187, 121, 279, 119, 34, 32, 13, 12, 43]"
112441,"[122, 28, 19, 149, 238, 175, 90, 36, 7, 34]"
112442,"[25, 6, 41, 151, 76, 0, 261, 27, 51, 60]"
112443,"[189, 19, 66, 157, 28, 223, 149, 146, 175, 4]"
112444,"[42, 29, 17, 175, 3, 91, 73, 130, 43, 7]"
112445,"[3, 91, 73, 130, 29, 42, 17, 49, 6, 15]"
112446,"[26, 105, 72, 77, 73, 92, 223, 1, 30, 97]"
112447,"[103, 261, 20, 112, 119, 13, 45, 32, 21, 238]"
112448,"[45, 48, 261, 76, 12, 58, 38, 43, 103, 187]"
112449,"[13, 20, 119, 279, 103, 34, 112, 84, 44, 7]"
112450,"[14, 238, 36, 21, 189, 223, 157, 175, 90, 20]"
112451,"[2, 5, 49, 10, 121, 34, 28, 43, 1, 84]"
112452,"[138, 49, 1, 30, 23, 2, 130, 105, 84, 60]"
112453,"[84, 20, 13, 121, 34, 36, 119, 32, 45, 58]"
112454,"[12, 58, 6, 45, 76, 146, 187, 261, 220, 133]"
112455,"[4, 24, 28, 7, 60, 23, 1, 36, 43, 157]"
112456,"[223, 66, 238, 28, 189, 19, 90, 55, 157, 29]"
112457,"[64, 15, 72, 18, 97, 82, 19, 92, 133, 91]"
112458,"[51, 9, 13, 71, 5, 27, 105, 77, 20, 2]"
112459,"[1, 26, 15, 77, 2, 28, 30, 49, 238, 105]"
112460,"[19, 66, 38, 149, 146, 55, 133, 122, 32, 26]"
112461,"[84, 34, 121, 4, 2, 220, 60, 28, 7, 5]"
112462,"[2, 27, 51, 18, 71, 112, 6, 10, 9, 124]"
112463,"[90, 189, 238, 7, 48, 223, 21, 36, 23, 149]"
112464,"[17, 29, 42, 73, 3, 103, 13, 130, 91, 44]"
112465,"[175, 36, 7, 122, 66, 19, 147, 146, 60, 90]"
112466,"[147, 36, 112, 77, 238, 189, 21, 119, 157, 14]"
112467,"[157, 223, 149, 105, 36, 189, 238, 19, 90, 4]"
112468,"[3, 73, 91, 6, 17, 15, 72, 64, 71, 42]"
112469,"[26, 105, 77, 72, 92, 223, 73, 1, 15, 30]"
112470,"[175, 36, 189, 112, 90, 157, 13, 238, 223, 20]"
112471,"[130, 91, 3, 73, 105, 42, 10, 17, 29, 5]"
112472,"[142, 27, 21, 23, 149, 60, 133, 238, 14, 66]"
112473,"[58, 32, 12, 19, 45, 48, 55, 119, 38, 20]"
112474,"[175, 7, 36, 189, 112, 43, 146, 66, 19, 90]"
112475,"[12, 58, 76, 261, 45, 48, 220, 43, 20, 121]"
112476,"[41, 25, 9, 27, 51, 124, 6, 112, 97, 15]"
112477,"[51, 9, 124, 105, 27, 25, 103, 13, 20, 41]"
112478,"[151, 77, 97, 0, 64, 105, 25, 15, 18, 14]"
112479,"[48, 45, 58, 76, 12, 20, 13, 261, 220, 119]"
112480,"[64, 15, 72, 18, 82, 19, 3, 66, 71, 77]"
112481,"[2, 5, 51, 27, 10, 49, 238, 41, 121, 44]"
112482,"[220, 187, 121, 76, 147, 12, 58, 45, 43, 6]"
112483,"[5, 51, 9, 71, 2, 48, 36, 34, 64, 13]"
112484,"[7, 4, 60, 23, 28, 142, 187, 24, 1, 43]"
112485,"[130, 91, 73, 3, 42, 17, 10, 105, 29, 41]"
112486,"[119, 112, 13, 32, 187, 43, 58, 45, 20, 103]"
112487,"[60, 4, 28, 24, 23, 7, 142, 121, 42, 34]"
112488,"[25, 51, 6, 77, 105, 124, 9, 27, 151, 41]"
112489,"[34, 13, 20, 84, 103, 119, 279, 187, 32, 28]"
112490,"[82, 15, 18, 72, 26, 149, 64, 66, 3, 92]"
112491,"[55, 66, 19, 149, 157, 38, 32, 133, 36, 17]"
112492,"[279, 13, 103, 112, 20, 119, 27, 261, 157, 90]"
112493,"[21, 189, 142, 36, 4, 149, 55, 90, 147, 38]"
112494,"[42, 17, 29, 73, 91, 121, 45, 130, 60, 220]"
112495,"[147, 97, 24, 38, 14, 60, 23, 76, 146, 58]"
112496,"[124, 27, 112, 9, 41, 76, 51, 6, 5, 10]"
112497,"[84, 13, 20, 34, 119, 36, 112, 32, 121, 44]"
112498,"[44, 32, 12, 13, 19, 71, 6, 119, 58, 84]"
112499,"[220, 187, 121, 43, 12, 76, 58, 261, 48, 45]"
112500,"[30, 49, 1, 7, 138, 28, 71, 142, 23, 24]"
112501,"[9, 41, 51, 124, 27, 25, 112, 15, 13, 71]"
112502,"[42, 43, 121, 60, 220, 187, 130, 23, 10, 34]"
112503,"[44, 279, 103, 121, 20, 13, 34, 112, 19, 84]"
112504,"[26, 15, 72, 92, 38, 6, 18, 73, 82, 151]"
112505,"[28, 238, 24, 66, 223, 19, 157, 149, 189, 55]"
112506,"[13, 20, 119, 84, 34, 103, 279, 32, 112, 76]"
112507,"[48, 45, 58, 76, 12, 261, 220, 43, 121, 187]"
112508,"[91, 130, 73, 3, 29, 42, 17, 97, 51, 15]"
112509,"[19, 66, 149, 55, 119, 15, 18, 72, 223, 64]"
112510,"[20, 279, 13, 103, 112, 34, 119, 32, 21, 84]"
112511,"[220, 187, 121, 32, 279, 34, 13, 119, 43, 12]"
112512,"[7, 36, 43, 175, 238, 157, 23, 14, 19, 66]"
112513,"[6, 25, 10, 41, 71, 73, 91, 12, 151, 51]"
112514,"[73, 3, 91, 17, 130, 6, 18, 15, 72, 26]"
112515,"[28, 4, 55, 122, 157, 189, 1, 238, 279, 66]"
112516,"[6, 71, 3, 12, 27, 15, 58, 32, 91, 25]"
112517,"[73, 3, 91, 130, 26, 29, 42, 17, 71, 15]"
112518,"[12, 58, 45, 76, 220, 43, 187, 121, 261, 48]"
112519,"[25, 6, 41, 10, 76, 130, 97, 91, 73, 151]"
112520,"[60, 28, 4, 24, 23, 7, 121, 34, 142, 42]"
112521,"[42, 17, 29, 121, 130, 60, 34, 187, 220, 28]"
112522,"[130, 91, 42, 10, 73, 49, 30, 60, 3, 142]"
112523,"[103, 261, 20, 45, 13, 48, 76, 279, 112, 119]"
112524,"[64, 72, 15, 18, 82, 151, 19, 3, 66, 149]"
112525,"[187, 43, 220, 121, 84, 4, 34, 7, 10, 42]"
112526,"[23, 7, 279, 28, 24, 14, 157, 90, 19, 60]"
112527,"[18, 105, 15, 72, 77, 1, 97, 36, 64, 19]"
112528,"[112, 279, 13, 20, 90, 103, 27, 76, 124, 119]"
112529,"[92, 0, 105, 15, 18, 49, 72, 1, 51, 77]"
112530,"[12, 58, 76, 45, 261, 48, 220, 20, 43, 121]"
112531,"[142, 60, 30, 23, 24, 49, 42, 121, 220, 28]"
112532,"[5, 49, 10, 2, 34, 51, 1, 130, 187, 220]"
112533,"[97, 0, 151, 49, 30, 91, 147, 105, 18, 41]"
112534,"[76, 45, 12, 20, 48, 220, 112, 58, 13, 261]"
112535,"[12, 58, 32, 19, 20, 71, 119, 55, 261, 66]"
112536,"[32, 58, 12, 44, 103, 66, 55, 261, 19, 146]"
112537,"[43, 42, 187, 121, 10, 220, 7, 24, 49, 12]"
112538,"[157, 223, 149, 36, 105, 189, 238, 19, 90, 66]"
112539,"[55, 66, 157, 36, 149, 7, 19, 238, 4, 223]"
112540,"[0, 97, 18, 90, 15, 92, 105, 77, 49, 72]"
112541,"[4, 189, 28, 19, 21, 142, 36, 24, 66, 238]"
112542,"[146, 133, 38, 66, 26, 58, 14, 72, 23, 12]"
112543,"[84, 34, 220, 187, 121, 43, 42, 4, 7, 28]"
112544,"[82, 15, 18, 1, 26, 151, 72, 105, 77, 149]"
112545,"[76, 45, 261, 58, 12, 48, 220, 121, 187, 43]"
112546,"[44, 13, 84, 119, 20, 103, 32, 34, 7, 279]"
112547,"[48, 45, 13, 20, 261, 76, 112, 279, 103, 119]"
112548,"[18, 105, 72, 15, 77, 1, 19, 82, 97, 64]"
112549,"[138, 151, 0, 15, 1, 30, 77, 49, 18, 189]"
112550,"[45, 112, 76, 261, 187, 103, 20, 279, 58, 12]"
112551,"[82, 3, 15, 72, 18, 133, 66, 91, 64, 92]"
112552,"[13, 112, 20, 103, 279, 119, 157, 51, 261, 189]"
112553,"[122, 19, 149, 133, 66, 55, 28, 18, 32, 15]"
112554,"[30, 49, 60, 1, 23, 10, 24, 38, 42, 130]"
112555,"[34, 121, 84, 187, 220, 10, 43, 7, 5, 28]"
112556,"[220, 121, 187, 24, 43, 34, 84, 23, 76, 10]"
112557,"[112, 76, 279, 20, 13, 45, 32, 103, 34, 220]"
112558,"[146, 66, 149, 38, 19, 55, 133, 64, 58, 72]"
112559,"[34, 13, 187, 20, 119, 121, 103, 220, 84, 261]"
112560,"[7, 28, 4, 23, 34, 60, 44, 142, 1, 24]"
112561,"[238, 157, 36, 189, 90, 151, 223, 14, 105, 21]"
112562,"[91, 130, 73, 3, 42, 29, 17, 97, 51, 15]"
112563,"[121, 220, 187, 34, 84, 60, 43, 7, 24, 42]"
112564,"[41, 0, 6, 10, 25, 97, 92, 51, 91, 151]"
112565,"[10, 41, 130, 6, 25, 49, 43, 45, 73, 91]"
112566,"[66, 19, 28, 55, 189, 4, 14, 38, 146, 223]"
112567,"[10, 6, 41, 25, 121, 187, 58, 12, 220, 49]"
112568,"[223, 189, 90, 19, 21, 157, 36, 7, 66, 149]"
112569,"[23, 4, 24, 28, 60, 7, 142, 49, 42, 30]"
112570,"[149, 124, 157, 36, 66, 19, 223, 4, 27, 21]"
112571,"[124, 27, 112, 9, 41, 76, 6, 51, 5, 92]"
112572,"[48, 45, 58, 76, 13, 12, 20, 261, 220, 43]"
112573,"[223, 189, 90, 14, 157, 21, 36, 238, 19, 105]"
112574,"[7, 175, 36, 157, 19, 238, 66, 149, 90, 43]"
112575,"[119, 13, 20, 112, 103, 29, 279, 36, 147, 175]"
112576,"[13, 20, 119, 103, 279, 34, 112, 84, 32, 44]"
112577,"[54, 1, 5, 34, 2, 84, 28, 121, 4, 51]"
112578,"[21, 66, 20, 238, 90, 19, 14, 4, 7, 261]"
112579,"[15, 72, 18, 82, 64, 3, 105, 71, 66, 149]"
112580,"[73, 17, 3, 91, 15, 72, 51, 130, 42, 26]"
112581,"[82, 1, 72, 105, 77, 26, 15, 49, 18, 64]"
112582,"[130, 42, 91, 3, 73, 2, 30, 10, 138, 1]"
112583,"[124, 27, 2, 51, 71, 9, 84, 72, 6, 149]"
112584,"[6, 41, 25, 51, 10, 124, 2, 71, 18, 27]"
112585,"[54, 51, 48, 121, 13, 5, 279, 220, 45, 32]"
112586,"[121, 43, 187, 220, 10, 42, 24, 23, 34, 60]"
112587,"[25, 151, 41, 76, 261, 45, 6, 51, 48, 9]"
112588,"[97, 0, 151, 147, 105, 41, 49, 77, 25, 14]"
112589,"[28, 24, 23, 49, 220, 60, 121, 4, 7, 34]"
112590,"[279, 20, 112, 13, 51, 1, 12, 32, 84, 119]"
112591,"[44, 279, 7, 112, 32, 48, 13, 261, 12, 103]"
112592,"[49, 30, 151, 0, 97, 24, 23, 92, 41, 14]"
112593,"[49, 30, 151, 97, 92, 6, 73, 26, 10, 41]"
112594,"[66, 19, 149, 55, 21, 38, 238, 72, 64, 32]"
112595,"[0, 97, 151, 18, 41, 30, 73, 26, 24, 49]"
112596,"[149, 66, 19, 124, 55, 38, 3, 15, 157, 122]"
112597,"[138, 105, 15, 151, 0, 157, 77, 49, 18, 223]"
112598,"[48, 34, 45, 58, 13, 103, 76, 261, 121, 279]"
112599,"[103, 261, 20, 13, 76, 45, 48, 279, 112, 119]"
112600,"[279, 20, 112, 13, 51, 1, 12, 84, 32, 119]"
112601,"[82, 3, 77, 105, 138, 15, 18, 1, 49, 72]"
112602,"[43, 187, 220, 121, 10, 42, 60, 23, 24, 76]"
112603,"[28, 19, 23, 24, 60, 238, 38, 189, 90, 223]"
112604,"[66, 19, 149, 32, 38, 55, 133, 72, 17, 238]"
112605,"[124, 27, 149, 9, 2, 51, 71, 105, 103, 41]"
112606,"[142, 60, 24, 23, 187, 121, 7, 28, 30, 10]"
112607,"[9, 41, 51, 15, 124, 27, 71, 5, 84, 2]"
112608,"[2, 10, 1, 84, 130, 5, 49, 121, 34, 187]"
112609,"[73, 17, 91, 3, 6, 26, 42, 92, 51, 15]"
112610,"[44, 32, 13, 12, 19, 71, 84, 6, 119, 58]"
112611,"[60, 146, 25, 157, 142, 24, 38, 55, 151, 121]"
112612,"[55, 60, 238, 157, 66, 28, 122, 38, 76, 223]"
112613,"[84, 34, 4, 187, 7, 220, 121, 2, 43, 28]"
112614,"[142, 60, 238, 90, 189, 21, 24, 28, 14, 23]"
112615,"[76, 13, 20, 220, 261, 55, 45, 48, 25, 32]"
112616,"[0, 97, 18, 90, 15, 151, 77, 105, 1, 72]"
112617,"[38, 133, 66, 146, 12, 149, 19, 58, 14, 6]"
112618,"[34, 84, 2, 121, 220, 187, 32, 4, 7, 28]"
112619,"[36, 238, 157, 189, 149, 7, 147, 19, 175, 223]"
112620,"[103, 32, 34, 13, 20, 112, 44, 119, 66, 261]"
112621,"[92, 0, 105, 18, 15, 49, 77, 72, 1, 51]"
112622,"[1, 82, 105, 77, 18, 15, 4, 72, 3, 49]"
112623,"[13, 20, 119, 103, 279, 112, 189, 261, 157, 36]"
112624,"[41, 0, 10, 6, 25, 97, 91, 130, 51, 73]"
112625,"[124, 112, 27, 9, 51, 5, 76, 71, 90, 279]"
112626,"[44, 32, 13, 12, 19, 71, 119, 6, 84, 58]"
112627,"[0, 97, 90, 18, 77, 105, 151, 51, 41, 14]"
112628,"[12, 58, 121, 76, 220, 13, 32, 20, 103, 45]"
112629,"[29, 17, 42, 13, 103, 3, 261, 90, 20, 48]"
112630,"[21, 189, 4, 149, 55, 90, 36, 223, 157, 66]"
112631,"[189, 19, 66, 157, 223, 149, 28, 146, 175, 4]"
112632,"[97, 18, 105, 15, 0, 1, 64, 77, 26, 151]"
112633,"[48, 45, 58, 76, 12, 261, 43, 220, 121, 187]"
112634,"[149, 66, 157, 223, 238, 36, 19, 23, 189, 55]"
112635,"[238, 36, 157, 28, 66, 189, 90, 19, 7, 32]"
112636,"[146, 60, 66, 36, 149, 14, 38, 72, 133, 19]"
112637,"[55, 66, 38, 122, 19, 60, 149, 238, 133, 12]"
112638,"[6, 41, 25, 10, 0, 73, 121, 151, 91, 261]"
112639,"[138, 151, 0, 15, 1, 49, 189, 77, 30, 73]"
112640,"[25, 51, 9, 77, 124, 27, 105, 41, 151, 13]"
112641,"[5, 51, 2, 10, 34, 187, 49, 48, 9, 220]"
112642,"[20, 261, 13, 84, 45, 58, 14, 48, 279, 119]"
112643,"[82, 3, 15, 72, 18, 91, 77, 133, 64, 92]"
112644,"[122, 55, 238, 28, 14, 36, 223, 175, 189, 66]"
112645,"[27, 51, 9, 25, 41, 124, 20, 112, 103, 261]"
112646,"[51, 9, 105, 124, 25, 27, 13, 103, 41, 77]"
112647,"[26, 105, 72, 77, 73, 92, 223, 30, 1, 97]"
112648,"[30, 49, 1, 60, 28, 4, 10, 23, 2, 5]"
112649,"[90, 157, 223, 238, 21, 189, 0, 36, 29, 175]"
112650,"[10, 2, 34, 121, 84, 187, 5, 49, 43, 220]"
112651,"[34, 121, 220, 84, 187, 10, 2, 43, 28, 42]"
112652,"[55, 66, 38, 122, 19, 60, 238, 149, 157, 133]"
112653,"[147, 55, 119, 97, 28, 24, 36, 38, 122, 19]"
112654,"[91, 73, 130, 42, 3, 97, 41, 25, 6, 10]"
112655,"[20, 261, 13, 45, 279, 14, 48, 119, 76, 103]"
112656,"[77, 151, 105, 97, 0, 147, 119, 124, 14, 92]"
112657,"[157, 223, 149, 36, 90, 238, 105, 28, 189, 19]"
112658,"[51, 9, 71, 5, 27, 105, 13, 2, 20, 124]"
112659,"[48, 45, 76, 261, 58, 12, 43, 121, 14, 20]"
112660,"[82, 72, 15, 3, 18, 64, 66, 149, 55, 26]"
112661,"[92, 26, 49, 73, 72, 105, 0, 51, 15, 18]"
112662,"[105, 77, 0, 151, 97, 189, 223, 82, 72, 14]"
112663,"[29, 17, 42, 3, 73, 91, 130, 90, 103, 13]"
112664,"[24, 23, 142, 60, 49, 187, 121, 28, 42, 220]"
112665,"[21, 189, 90, 36, 157, 238, 223, 13, 175, 105]"
112666,"[92, 0, 26, 91, 6, 133, 15, 73, 12, 18]"
112667,"[220, 121, 187, 43, 24, 34, 76, 10, 84, 42]"
112668,"[146, 14, 23, 38, 48, 24, 133, 60, 151, 43]"
112669,"[29, 17, 42, 13, 103, 90, 261, 48, 112, 20]"
112670,"[121, 220, 34, 60, 187, 84, 7, 43, 42, 24]"
112671,"[36, 66, 157, 238, 4, 90, 149, 38, 13, 14]"
112672,"[41, 25, 9, 27, 6, 51, 15, 124, 71, 10]"
112673,"[77, 105, 151, 15, 82, 138, 72, 1, 0, 30]"
112674,"[103, 32, 34, 13, 20, 112, 44, 261, 119, 66]"
112675,"[187, 43, 220, 121, 42, 23, 24, 84, 4, 34]"
112676,"[187, 43, 220, 121, 20, 261, 45, 119, 32, 13]"
112677,"[24, 4, 147, 133, 60, 23, 38, 14, 121, 28]"
112678,"[17, 29, 73, 42, 36, 3, 112, 55, 4, 149]"
112679,"[21, 189, 223, 36, 14, 19, 66, 238, 157, 90]"
112680,"[157, 223, 149, 36, 90, 238, 105, 189, 19, 55]"
112681,"[151, 0, 97, 105, 25, 30, 49, 14, 41, 77]"
112682,"[82, 15, 18, 72, 149, 64, 66, 3, 26, 105]"
112683,"[20, 13, 103, 112, 279, 119, 261, 238, 51, 76]"
112684,"[51, 27, 2, 6, 10, 41, 25, 71, 20, 124]"
112685,"[54, 34, 84, 5, 121, 2, 1, 220, 28, 10]"
112686,"[4, 24, 157, 36, 149, 66, 7, 28, 223, 90]"
112687,"[157, 60, 55, 238, 36, 7, 19, 189, 66, 25]"
112688,"[84, 220, 34, 121, 187, 43, 4, 7, 28, 10]"
112689,"[121, 34, 187, 84, 220, 43, 28, 60, 24, 42]"
112690,"[84, 34, 13, 20, 189, 103, 32, 279, 119, 223]"
112691,"[28, 24, 4, 34, 2, 7, 1, 23, 49, 238]"
112692,"[133, 38, 7, 66, 14, 36, 189, 149, 146, 23]"
112693,"[43, 76, 187, 220, 261, 12, 45, 121, 58, 48]"
112694,"[9, 51, 27, 77, 13, 20, 112, 41, 124, 279]"
112695,"[82, 72, 15, 3, 26, 18, 64, 66, 92, 149]"
112696,"[3, 82, 73, 91, 17, 15, 72, 29, 71, 18]"
112697,"[10, 6, 51, 9, 27, 25, 151, 71, 124, 2]"
112698,"[0, 151, 97, 105, 25, 30, 77, 14, 49, 76]"
112699,"[124, 27, 41, 9, 2, 6, 10, 25, 71, 51]"
112700,"[124, 27, 112, 9, 51, 76, 77, 90, 41, 20]"
112701,"[223, 189, 90, 19, 14, 21, 157, 36, 187, 7]"
112702,"[124, 27, 9, 149, 105, 51, 103, 77, 41, 25]"
112703,"[48, 45, 76, 261, 14, 20, 13, 112, 279, 58]"
112704,"[66, 149, 19, 23, 38, 238, 146, 72, 36, 7]"
112705,"[157, 14, 189, 223, 238, 21, 90, 36, 103, 147]"
112706,"[14, 21, 66, 238, 223, 20, 36, 189, 7, 133]"
112707,"[13, 20, 103, 112, 119, 279, 32, 84, 34, 189]"
112708,"[32, 12, 58, 279, 112, 103, 19, 17, 119, 43]"
112709,"[138, 1, 7, 30, 49, 34, 60, 142, 2, 28]"
112710,"[220, 34, 187, 84, 121, 43, 42, 10, 28, 60]"
112711,"[175, 133, 189, 90, 36, 157, 238, 223, 14, 13]"
112712,"[119, 13, 20, 103, 112, 279, 36, 19, 238, 175]"
112713,"[175, 7, 36, 189, 112, 43, 66, 90, 146, 42]"
112714,"[124, 27, 9, 41, 25, 51, 103, 105, 112, 77]"
112715,"[122, 133, 19, 149, 66, 38, 55, 12, 28, 146]"
112716,"[220, 187, 121, 76, 112, 147, 12, 58, 45, 34]"
112717,"[13, 20, 119, 84, 261, 76, 32, 34, 103, 58]"
112718,"[4, 189, 28, 19, 21, 238, 66, 36, 223, 279]"
112719,"[34, 13, 20, 119, 103, 84, 279, 32, 187, 112]"
112720,"[220, 12, 45, 20, 58, 76, 121, 261, 34, 48]"
112721,"[189, 223, 21, 90, 157, 36, 14, 238, 175, 147]"
112722,"[73, 91, 130, 3, 42, 26, 151, 29, 30, 0]"
112723,"[157, 60, 25, 238, 36, 189, 147, 105, 90, 55]"
112724,"[1, 28, 2, 34, 49, 30, 7, 4, 60, 5]"
112725,"[72, 15, 64, 82, 18, 66, 92, 3, 149, 6]"
112726,"[44, 32, 279, 7, 12, 112, 66, 13, 17, 71]"
112727,"[91, 3, 73, 17, 130, 6, 15, 72, 18, 82]"
112728,"[3, 73, 91, 17, 6, 130, 15, 82, 71, 72]"
112729,"[124, 27, 112, 9, 51, 77, 90, 76, 41, 279]"
112730,"[14, 147, 223, 261, 189, 48, 45, 76, 146, 60]"
112731,"[25, 6, 41, 10, 60, 151, 121, 76, 0, 27]"
112732,"[6, 71, 25, 10, 51, 9, 41, 5, 27, 12]"
112733,"[0, 97, 151, 41, 18, 51, 25, 45, 14, 73]"
112734,"[90, 223, 157, 0, 238, 97, 189, 21, 175, 36]"
112735,"[29, 17, 42, 3, 90, 103, 238, 13, 189, 73]"
112736,"[189, 223, 14, 157, 238, 90, 21, 36, 20, 13]"
112737,"[51, 27, 2, 71, 9, 124, 20, 112, 5, 13]"
112738,"[90, 223, 189, 36, 157, 175, 21, 112, 238, 14]"
112739,"[147, 36, 220, 21, 14, 189, 157, 19, 38, 24]"
112740,"[17, 73, 3, 91, 42, 29, 55, 149, 66, 32]"
112741,"[157, 223, 105, 36, 149, 189, 14, 238, 90, 147]"
112742,"[175, 36, 90, 147, 14, 223, 21, 45, 77, 238]"
112743,"[28, 24, 60, 23, 49, 220, 4, 121, 7, 2]"
112744,"[223, 189, 90, 19, 157, 21, 36, 66, 4, 149]"
112745,"[30, 77, 49, 105, 72, 92, 151, 15, 1, 64]"
112746,"[12, 58, 20, 32, 119, 45, 279, 261, 76, 48]"
112747,"[6, 25, 10, 41, 71, 12, 73, 76, 91, 58]"
112748,"[2, 27, 6, 51, 18, 10, 71, 25, 112, 5]"
112749,"[1, 49, 2, 28, 30, 60, 23, 138, 24, 34]"
112750,"[38, 149, 66, 60, 147, 24, 189, 14, 28, 4]"
112751,"[2, 1, 5, 84, 34, 10, 27, 112, 28, 124]"
112752,"[10, 130, 43, 220, 187, 49, 121, 30, 2, 5]"
112753,"[23, 14, 142, 146, 24, 60, 149, 38, 147, 26]"
112754,"[122, 19, 149, 66, 133, 55, 15, 28, 17, 32]"
112755,"[48, 76, 45, 58, 121, 261, 220, 12, 187, 34]"
112756,"[30, 71, 15, 49, 1, 77, 105, 72, 18, 0]"
112757,"[41, 25, 9, 27, 6, 15, 124, 51, 71, 10]"
112758,"[14, 21, 66, 223, 238, 36, 20, 7, 189, 90]"
112759,"[2, 10, 121, 34, 187, 5, 84, 1, 220, 130]"
112760,"[73, 3, 17, 91, 15, 72, 130, 51, 26, 92]"
112761,"[187, 34, 121, 220, 84, 10, 43, 7, 42, 2]"
112762,"[64, 72, 15, 18, 82, 151, 3, 19, 66, 149]"
112763,"[26, 73, 92, 97, 49, 0, 1, 48, 14, 151]"
112764,"[48, 45, 76, 58, 12, 261, 220, 43, 121, 187]"
112765,"[133, 146, 38, 58, 12, 122, 19, 149, 147, 91]"
112766,"[151, 0, 77, 72, 97, 105, 18, 30, 49, 238]"
112767,"[29, 17, 3, 42, 13, 238, 90, 103, 189, 157]"
112768,"[105, 77, 157, 223, 151, 51, 238, 18, 9, 15]"
112769,"[189, 223, 133, 90, 58, 36, 238, 21, 34, 32]"
112770,"[43, 187, 220, 121, 42, 76, 12, 261, 48, 58]"
112771,"[14, 23, 238, 157, 146, 28, 261, 149, 223, 66]"
112772,"[66, 19, 55, 28, 189, 38, 14, 4, 146, 223]"
112773,"[15, 72, 18, 3, 82, 64, 66, 19, 149, 6]"
112774,"[48, 45, 76, 261, 14, 13, 103, 58, 20, 279]"
112775,"[90, 189, 238, 21, 223, 157, 36, 175, 13, 20]"
112776,"[42, 130, 43, 121, 7, 29, 60, 34, 23, 220]"
112777,"[44, 6, 32, 58, 12, 19, 71, 121, 17, 279]"
112778,"[84, 187, 220, 34, 121, 43, 4, 7, 28, 60]"
112779,"[18, 15, 72, 82, 6, 3, 64, 97, 71, 19]"
112780,"[25, 41, 6, 51, 27, 76, 151, 9, 261, 157]"
112781,"[41, 25, 9, 27, 6, 97, 0, 261, 76, 51]"
112782,"[279, 20, 103, 13, 112, 119, 157, 238, 261, 90]"
112783,"[147, 119, 97, 36, 238, 14, 157, 223, 189, 13]"
112784,"[142, 23, 60, 27, 24, 49, 121, 187, 42, 220]"
112785,"[121, 43, 220, 34, 187, 84, 42, 10, 28, 2]"
112786,"[44, 279, 7, 32, 48, 112, 13, 261, 12, 103]"
112787,"[238, 157, 36, 28, 66, 7, 90, 189, 19, 4]"
112788,"[27, 142, 51, 2, 124, 25, 10, 6, 71, 20]"
112789,"[15, 72, 18, 82, 64, 3, 6, 49, 73, 92]"
112790,"[44, 32, 279, 7, 17, 66, 112, 12, 13, 103]"
112791,"[19, 66, 149, 133, 7, 38, 238, 23, 14, 4]"
112792,"[90, 223, 189, 36, 175, 157, 21, 112, 238, 14]"
112793,"[105, 77, 82, 72, 49, 97, 15, 1, 151, 18]"
112794,"[12, 58, 32, 6, 149, 66, 133, 55, 38, 19]"
112795,"[5, 51, 9, 71, 36, 3, 2, 90, 48, 15]"
112796,"[92, 77, 133, 10, 26, 175, 72, 64, 30, 15]"
112797,"[0, 97, 18, 90, 105, 77, 151, 41, 15, 51]"
112798,"[189, 223, 4, 38, 36, 21, 19, 90, 66, 157]"
112799,"[30, 49, 10, 60, 142, 23, 1, 24, 151, 42]"
112800,"[72, 146, 15, 82, 66, 18, 26, 71, 64, 92]"
112801,"[238, 36, 157, 28, 66, 90, 189, 32, 4, 19]"
112802,"[38, 146, 133, 149, 66, 58, 147, 12, 14, 24]"
112803,"[55, 19, 38, 66, 149, 18, 133, 97, 146, 82]"
112804,"[147, 55, 119, 97, 28, 24, 36, 38, 122, 60]"
112805,"[60, 24, 23, 42, 142, 121, 49, 43, 220, 28]"
112806,"[3, 91, 73, 130, 29, 42, 17, 6, 15, 49]"
112807,"[15, 18, 9, 64, 77, 72, 82, 0, 175, 105]"
112808,"[34, 48, 58, 32, 13, 103, 121, 112, 187, 84]"
112809,"[38, 66, 149, 19, 55, 133, 146, 12, 15, 18]"
112810,"[103, 261, 112, 13, 119, 20, 32, 45, 238, 27]"
112811,"[72, 15, 18, 26, 64, 66, 19, 92, 82, 133]"
112812,"[43, 187, 220, 42, 121, 34, 7, 10, 84, 23]"
112813,"[55, 60, 238, 157, 66, 28, 122, 38, 76, 189]"
112814,"[72, 15, 82, 18, 71, 66, 64, 146, 3, 149]"
112815,"[58, 12, 32, 45, 6, 48, 76, 261, 38, 121]"
112816,"[42, 130, 43, 7, 121, 34, 60, 29, 220, 23]"
112817,"[18, 15, 0, 82, 175, 2, 105, 97, 1, 90]"
112818,"[10, 121, 43, 6, 49, 30, 220, 42, 142, 187]"
112819,"[54, 121, 13, 103, 20, 32, 48, 12, 51, 261]"
112820,"[130, 91, 73, 3, 10, 42, 41, 105, 25, 51]"
112821,"[41, 9, 25, 27, 6, 15, 124, 51, 71, 10]"
112822,"[7, 4, 28, 34, 84, 1, 60, 23, 187, 142]"
112823,"[10, 121, 43, 30, 49, 6, 220, 42, 142, 2]"
112824,"[29, 17, 42, 119, 90, 223, 3, 20, 238, 19]"
112825,"[73, 91, 17, 3, 42, 130, 51, 49, 26, 6]"
112826,"[2, 5, 51, 27, 10, 41, 49, 44, 9, 6]"
112827,"[72, 146, 15, 77, 151, 105, 82, 26, 30, 66]"
112828,"[34, 13, 20, 103, 84, 119, 279, 32, 28, 187]"
112829,"[45, 48, 76, 261, 58, 14, 20, 220, 12, 112]"
112830,"[20, 13, 261, 103, 279, 45, 76, 119, 112, 48]"
112831,"[54, 34, 121, 2, 84, 5, 1, 13, 7, 43]"
112832,"[64, 72, 15, 3, 82, 151, 18, 19, 77, 66]"
112833,"[142, 14, 38, 48, 0, 147, 60, 24, 23, 146]"
112834,"[157, 60, 25, 55, 36, 238, 7, 38, 19, 105]"
112835,"[133, 122, 149, 19, 146, 38, 58, 66, 55, 32]"
112836,"[84, 121, 34, 220, 60, 187, 43, 4, 13, 20]"
112837,"[29, 17, 42, 3, 20, 13, 238, 119, 223, 175]"
112838,"[36, 90, 157, 223, 14, 175, 238, 189, 21, 147]"
112839,"[64, 151, 72, 77, 15, 48, 49, 1, 90, 92]"
112840,"[25, 77, 51, 105, 151, 9, 27, 124, 41, 13]"
112841,"[72, 146, 15, 82, 26, 18, 71, 66, 64, 92]"
112842,"[58, 45, 48, 12, 76, 261, 121, 220, 43, 187]"
112843,"[38, 146, 133, 66, 149, 19, 55, 147, 60, 12]"
112844,"[9, 41, 51, 124, 27, 25, 38, 15, 71, 6]"
112845,"[76, 261, 45, 48, 14, 20, 41, 25, 13, 58]"
112846,"[124, 27, 51, 6, 2, 71, 84, 9, 25, 10]"
112847,"[26, 72, 15, 18, 82, 19, 66, 73, 92, 38]"
112848,"[66, 19, 55, 149, 15, 38, 32, 146, 189, 28]"
112849,"[187, 121, 58, 220, 45, 48, 261, 76, 12, 43]"
112850,"[119, 112, 13, 32, 58, 43, 187, 45, 20, 103]"
112851,"[55, 38, 66, 122, 60, 19, 238, 149, 157, 133]"
112852,"[3, 73, 91, 6, 17, 15, 72, 64, 71, 42]"
112853,"[0, 97, 18, 90, 15, 151, 77, 105, 1, 72]"
112854,"[64, 151, 72, 77, 15, 1, 90, 124, 51, 82]"
112855,"[51, 9, 124, 105, 27, 71, 103, 13, 2, 20]"
112856,"[121, 187, 34, 220, 84, 43, 28, 2, 24, 10]"
112857,"[151, 77, 97, 0, 64, 25, 105, 15, 18, 189]"
112858,"[20, 261, 13, 103, 279, 45, 76, 48, 119, 112]"
112859,"[20, 13, 103, 261, 76, 45, 119, 112, 279, 48]"
112860,"[18, 15, 82, 72, 19, 64, 3, 105, 66, 55]"
112861,"[223, 189, 90, 157, 21, 36, 238, 14, 175, 20]"
112862,"[12, 58, 45, 76, 261, 187, 220, 43, 121, 48]"
112863,"[119, 13, 20, 34, 84, 112, 103, 279, 32, 19]"
112864,"[51, 9, 105, 124, 71, 27, 103, 13, 20, 2]"
112865,"[3, 91, 73, 29, 130, 82, 17, 42, 77, 138]"
112866,"[18, 105, 97, 72, 15, 0, 77, 151, 30, 49]"
112867,"[41, 51, 0, 9, 25, 27, 124, 97, 10, 13]"
112868,"[15, 77, 82, 105, 18, 72, 1, 157, 64, 71]"
112869,"[42, 130, 91, 23, 60, 24, 121, 73, 43, 187]"
112870,"[29, 17, 42, 119, 90, 223, 3, 20, 19, 238]"
112871,"[1, 30, 49, 4, 138, 28, 60, 5, 7, 10]"
112872,"[12, 58, 20, 45, 76, 261, 119, 220, 187, 223]"
112873,"[5, 2, 10, 1, 124, 34, 76, 121, 30, 130]"
112874,"[175, 133, 90, 66, 7, 157, 223, 19, 189, 36]"
112875,"[149, 124, 157, 142, 223, 38, 36, 66, 23, 60]"
112876,"[175, 133, 189, 157, 90, 238, 36, 105, 223, 14]"
112877,"[7, 28, 23, 4, 34, 60, 142, 44, 24, 220]"
112878,"[45, 76, 261, 48, 12, 58, 38, 43, 103, 187]"
112879,"[64, 15, 72, 18, 19, 97, 133, 82, 92, 38]"
112880,"[43, 121, 220, 187, 34, 42, 10, 60, 23, 84]"
112881,"[76, 45, 12, 48, 220, 58, 261, 187, 43, 121]"
112882,"[90, 189, 7, 21, 238, 223, 36, 149, 157, 66]"
112883,"[175, 90, 189, 238, 157, 223, 36, 21, 105, 13]"
112884,"[45, 76, 261, 187, 48, 58, 12, 121, 220, 43]"
112885,"[149, 66, 19, 55, 38, 82, 133, 146, 15, 157]"
112886,"[90, 223, 18, 157, 238, 149, 7, 28, 66, 21]"
112887,"[76, 25, 261, 45, 48, 14, 20, 13, 220, 121]"
112888,"[82, 15, 18, 105, 1, 72, 77, 149, 64, 26]"
112889,"[15, 72, 18, 82, 64, 66, 3, 71, 19, 149]"
112890,"[1, 49, 151, 30, 77, 15, 82, 97, 26, 28]"
112891,"[51, 27, 9, 20, 279, 112, 103, 13, 124, 0]"
112892,"[29, 17, 119, 90, 42, 223, 3, 20, 238, 19]"
112893,"[54, 34, 84, 220, 2, 121, 5, 7, 1, 187]"
112894,"[149, 66, 19, 124, 55, 38, 15, 157, 122, 32]"
112895,"[90, 0, 223, 157, 189, 97, 238, 36, 175, 21]"
112896,"[92, 15, 18, 0, 72, 82, 91, 64, 19, 133]"
112897,"[187, 220, 34, 121, 28, 43, 23, 42, 84, 24]"
112898,"[17, 73, 3, 29, 91, 55, 42, 149, 32, 66]"
112899,"[30, 49, 1, 10, 138, 60, 28, 23, 7, 142]"
112900,"[91, 130, 73, 3, 42, 97, 41, 0, 151, 29]"
112901,"[30, 49, 77, 105, 72, 151, 92, 15, 1, 64]"
112902,"[149, 66, 19, 38, 55, 133, 82, 146, 72, 15]"
112903,"[29, 17, 42, 3, 90, 73, 13, 189, 91, 238]"
112904,"[13, 20, 119, 261, 76, 103, 279, 48, 112, 189]"
112905,"[133, 146, 38, 58, 12, 122, 147, 14, 19, 149]"
112906,"[5, 2, 10, 34, 121, 1, 220, 30, 42, 84]"
112907,"[279, 20, 13, 103, 112, 261, 45, 119, 48, 76]"
112908,"[133, 38, 14, 146, 23, 147, 24, 60, 66, 187]"
112909,"[91, 3, 130, 73, 42, 29, 17, 133, 124, 9]"
112910,"[187, 220, 76, 58, 121, 12, 43, 34, 261, 32]"
112911,"[97, 0, 151, 49, 26, 91, 105, 18, 133, 30]"
112912,"[21, 14, 261, 20, 238, 90, 103, 66, 147, 189]"
112913,"[18, 15, 82, 175, 105, 2, 1, 0, 90, 77]"
112914,"[41, 6, 25, 10, 49, 43, 220, 76, 261, 73]"
112915,"[0, 18, 97, 151, 51, 15, 77, 4, 72, 73]"
112916,"[77, 105, 157, 151, 15, 51, 9, 72, 27, 223]"
112917,"[38, 60, 24, 147, 14, 146, 23, 133, 142, 149]"
112918,"[14, 23, 238, 157, 146, 261, 66, 149, 28, 223]"
112919,"[51, 20, 27, 41, 25, 124, 9, 112, 261, 13]"
112920,"[27, 51, 2, 6, 10, 9, 71, 25, 124, 103]"
112921,"[10, 41, 51, 6, 27, 2, 25, 5, 124, 49]"
112922,"[17, 73, 3, 42, 29, 55, 149, 32, 58, 91]"
112923,"[119, 13, 20, 58, 34, 112, 84, 103, 279, 45]"
112924,"[133, 38, 146, 66, 14, 91, 149, 58, 19, 26]"
112925,"[223, 189, 90, 19, 157, 21, 36, 66, 7, 4]"
112926,"[147, 36, 14, 21, 189, 157, 238, 175, 223, 220]"
112927,"[32, 12, 58, 279, 112, 103, 17, 19, 119, 43]"
112928,"[187, 34, 121, 220, 84, 10, 43, 7, 42, 2]"
112929,"[23, 24, 60, 7, 49, 28, 142, 121, 42, 30]"
112930,"[66, 19, 28, 189, 55, 4, 223, 149, 238, 36]"
112931,"[73, 3, 91, 130, 29, 42, 17, 26, 71, 15]"
112932,"[90, 189, 238, 21, 223, 157, 36, 175, 77, 14]"
112933,"[84, 34, 20, 13, 58, 103, 189, 261, 220, 121]"
112934,"[119, 13, 20, 34, 84, 112, 103, 279, 32, 19]"
112935,"[77, 105, 72, 15, 151, 82, 30, 49, 1, 18]"
112936,"[279, 13, 103, 112, 20, 119, 27, 157, 261, 90]"
112937,"[9, 51, 41, 27, 124, 13, 15, 112, 25, 20]"
112938,"[138, 1, 49, 30, 7, 60, 34, 142, 2, 42]"
112939,"[138, 105, 15, 157, 151, 0, 223, 49, 77, 18]"
112940,"[92, 0, 105, 15, 18, 49, 77, 1, 72, 51]"
112941,"[49, 30, 97, 0, 151, 26, 72, 41, 92, 14]"
112942,"[147, 55, 97, 119, 28, 36, 24, 38, 223, 122]"
112943,"[2, 51, 27, 18, 71, 112, 10, 34, 103, 6]"
112944,"[17, 29, 3, 42, 91, 90, 73, 112, 66, 13]"
112945,"[38, 24, 60, 147, 14, 146, 23, 142, 133, 49]"
112946,"[55, 147, 38, 19, 97, 28, 189, 149, 157, 66]"
112947,"[7, 43, 23, 121, 60, 28, 49, 4, 142, 42]"
112948,"[82, 3, 72, 15, 18, 77, 105, 64, 66, 55]"
112949,"[1, 49, 30, 28, 4, 23, 138, 10, 24, 2]"
112950,"[48, 45, 261, 76, 14, 58, 20, 12, 13, 220]"
112951,"[13, 20, 103, 112, 261, 45, 279, 119, 76, 48]"
112952,"[175, 7, 36, 189, 66, 112, 19, 90, 157, 13]"
112953,"[119, 13, 20, 112, 103, 279, 36, 19, 175, 238]"
112954,"[51, 10, 2, 27, 6, 25, 41, 71, 124, 20]"
112955,"[60, 142, 23, 24, 30, 49, 42, 28, 220, 121]"
112956,"[91, 3, 73, 130, 133, 6, 42, 38, 17, 92]"
112957,"[58, 32, 12, 34, 220, 187, 45, 48, 121, 76]"
112958,"[34, 13, 20, 103, 119, 84, 279, 32, 187, 28]"
112959,"[20, 13, 103, 112, 279, 32, 119, 34, 261, 84]"
112960,"[45, 48, 76, 58, 12, 220, 261, 187, 121, 20]"
112961,"[119, 13, 20, 34, 112, 84, 32, 279, 103, 58]"
112962,"[72, 15, 18, 26, 64, 66, 19, 92, 82, 133]"
112963,"[71, 30, 51, 124, 6, 27, 9, 20, 25, 41]"
112964,"[25, 6, 41, 51, 27, 76, 261, 157, 20, 279]"
112965,"[54, 51, 48, 13, 20, 279, 121, 103, 6, 45]"
112966,"[187, 220, 34, 32, 13, 103, 112, 76, 279, 121]"
112967,"[175, 133, 223, 7, 19, 189, 66, 157, 90, 238]"
112968,"[7, 43, 23, 28, 121, 60, 4, 24, 142, 42]"
112969,"[124, 27, 149, 9, 2, 71, 51, 105, 103, 41]"
112970,"[279, 20, 103, 112, 13, 32, 34, 119, 71, 84]"
112971,"[279, 20, 112, 12, 13, 48, 121, 51, 76, 1]"
112972,"[138, 1, 30, 49, 2, 23, 4, 151, 130, 142]"
112973,"[112, 279, 20, 45, 103, 76, 119, 13, 48, 261]"
112974,"[7, 44, 90, 157, 55, 189, 66, 28, 19, 223]"
112975,"[30, 49, 151, 92, 0, 10, 26, 60, 97, 25]"
112976,"[26, 92, 0, 151, 49, 97, 30, 73, 105, 187]"
112977,"[147, 14, 220, 38, 24, 146, 36, 23, 21, 133]"
112978,"[58, 32, 12, 45, 20, 48, 119, 71, 19, 55]"
112979,"[138, 49, 1, 23, 105, 30, 15, 2, 84, 60]"
112980,"[90, 223, 189, 36, 175, 157, 112, 21, 238, 13]"
112981,"[66, 19, 55, 38, 146, 149, 133, 32, 12, 58]"
112982,"[20, 13, 103, 112, 119, 279, 51, 238, 261, 21]"
112983,"[14, 21, 261, 147, 76, 45, 48, 238, 20, 223]"
112984,"[130, 73, 91, 42, 3, 151, 6, 41, 25, 10]"
112985,"[20, 13, 84, 119, 279, 103, 34, 261, 112, 51]"
112986,"[43, 76, 187, 220, 45, 58, 121, 12, 261, 48]"
112987,"[90, 0, 97, 223, 157, 189, 14, 238, 36, 21]"
112988,"[44, 32, 279, 7, 12, 112, 66, 71, 13, 149]"
112989,"[10, 6, 41, 25, 121, 49, 58, 26, 220, 12]"
112990,"[223, 189, 90, 157, 21, 36, 238, 19, 105, 14]"
112991,"[90, 223, 189, 36, 157, 175, 21, 112, 238, 29]"
112992,"[72, 15, 146, 82, 66, 26, 18, 71, 64, 92]"
112993,"[112, 119, 32, 13, 279, 34, 103, 20, 175, 4]"
112994,"[14, 261, 23, 147, 157, 238, 76, 0, 146, 151]"
112995,"[55, 66, 19, 122, 149, 238, 15, 38, 157, 60]"
112996,"[223, 189, 90, 19, 21, 157, 36, 66, 4, 149]"
112997,"[189, 223, 157, 90, 21, 36, 238, 175, 13, 279]"
112998,"[34, 187, 84, 220, 121, 28, 43, 42, 23, 24]"
112999,"[189, 223, 36, 90, 238, 21, 157, 147, 14, 175]"
113000,"[71, 279, 9, 20, 2, 27, 51, 103, 45, 15]"
113001,"[34, 48, 32, 58, 13, 103, 84, 187, 121, 261]"
113002,"[48, 45, 58, 76, 12, 261, 220, 43, 121, 187]"
113003,"[2, 51, 27, 18, 71, 112, 10, 9, 6, 3]"
113004,"[77, 97, 151, 105, 30, 1, 0, 72, 92, 49]"
113005,"[73, 91, 3, 130, 17, 6, 26, 42, 18, 146]"
113006,"[7, 28, 23, 43, 4, 34, 84, 42, 121, 36]"
113007,"[149, 19, 66, 238, 157, 36, 189, 4, 223, 90]"
113008,"[1, 77, 15, 105, 238, 2, 18, 72, 28, 64]"
113009,"[28, 238, 24, 66, 223, 157, 19, 4, 149, 189]"
113010,"[48, 45, 76, 261, 20, 13, 58, 14, 12, 25]"
113011,"[0, 97, 18, 15, 90, 77, 105, 151, 64, 72]"
113012,"[43, 42, 187, 121, 220, 10, 7, 24, 12, 23]"
113013,"[84, 34, 121, 4, 220, 60, 2, 187, 28, 42]"
113014,"[43, 76, 187, 220, 121, 58, 45, 12, 261, 48]"
113015,"[51, 2, 27, 6, 10, 41, 20, 71, 25, 124]"
113016,"[38, 133, 146, 66, 12, 149, 19, 58, 14, 6]"
113017,"[73, 91, 3, 26, 6, 130, 17, 42, 58, 12]"
113018,"[5, 2, 10, 49, 130, 34, 51, 187, 1, 220]"
113019,"[138, 0, 151, 15, 77, 1, 49, 18, 105, 30]"
113020,"[9, 51, 41, 27, 124, 13, 112, 15, 20, 25]"
113021,"[187, 220, 58, 121, 76, 12, 43, 261, 34, 45]"
113022,"[48, 45, 34, 58, 13, 76, 261, 103, 279, 90]"
113023,"[66, 19, 38, 149, 55, 21, 146, 133, 12, 72]"
113024,"[72, 15, 64, 82, 18, 66, 71, 19, 149, 3]"
113025,"[44, 13, 84, 119, 20, 103, 7, 32, 34, 279]"
113026,"[92, 26, 72, 73, 15, 18, 64, 82, 19, 6]"
113027,"[18, 15, 0, 97, 90, 77, 105, 64, 72, 1]"
113028,"[4, 28, 1, 7, 84, 189, 24, 23, 142, 34]"
113029,"[2, 5, 49, 1, 10, 34, 28, 27, 51, 84]"
113030,"[121, 43, 187, 34, 220, 84, 10, 42, 28, 4]"
113031,"[157, 25, 36, 60, 238, 105, 189, 90, 77, 147]"
113032,"[38, 66, 149, 55, 19, 60, 147, 146, 133, 157]"
113033,"[105, 157, 0, 77, 97, 25, 36, 151, 238, 9]"
113034,"[19, 66, 149, 133, 38, 146, 55, 72, 32, 122]"
113035,"[60, 24, 28, 23, 4, 7, 42, 142, 34, 121]"
113036,"[4, 24, 28, 7, 60, 23, 1, 34, 121, 84]"
113037,"[105, 30, 49, 130, 157, 18, 77, 1, 0, 97]"
113038,"[147, 14, 220, 24, 36, 146, 38, 23, 21, 133]"
113039,"[43, 187, 220, 121, 34, 84, 42, 7, 4, 10]"
113040,"[21, 189, 142, 36, 149, 4, 55, 147, 90, 38]"
113041,"[13, 20, 103, 261, 112, 32, 279, 45, 48, 76]"
113042,"[223, 189, 90, 157, 21, 36, 14, 238, 175, 19]"
113043,"[64, 151, 72, 77, 15, 48, 1, 49, 92, 124]"
113044,"[38, 66, 55, 149, 19, 133, 146, 15, 72, 18]"
113045,"[105, 157, 77, 151, 223, 18, 15, 138, 97, 0]"
113046,"[60, 157, 25, 55, 146, 77, 142, 121, 151, 149]"
113047,"[13, 20, 103, 112, 261, 279, 45, 76, 119, 48]"
113048,"[55, 19, 38, 149, 66, 18, 133, 146, 122, 12]"
113049,"[261, 103, 45, 76, 14, 48, 20, 13, 41, 121]"
113050,"[7, 28, 4, 43, 23, 84, 36, 34, 175, 49]"
113051,"[0, 97, 151, 18, 41, 90, 14, 77, 105, 25]"
113052,"[142, 60, 90, 189, 238, 24, 28, 23, 21, 66]"
113053,"[261, 20, 45, 76, 14, 21, 48, 25, 12, 103]"
113054,"[119, 112, 32, 13, 43, 187, 20, 58, 45, 103]"
113055,"[45, 112, 261, 20, 103, 76, 187, 48, 13, 58]"
113056,"[4, 24, 28, 7, 60, 23, 34, 121, 84, 42]"
113057,"[130, 42, 2, 10, 30, 73, 3, 138, 49, 91]"
113058,"[90, 223, 189, 36, 175, 112, 21, 157, 238, 29]"
113059,"[146, 66, 133, 72, 149, 19, 38, 26, 58, 32]"
113060,"[7, 36, 175, 238, 157, 19, 66, 149, 90, 43]"
113061,"[7, 43, 28, 23, 4, 34, 84, 36, 175, 142]"
113062,"[10, 49, 121, 2, 130, 187, 220, 42, 43, 34]"
113063,"[220, 187, 121, 76, 147, 12, 58, 45, 43, 6]"
113064,"[43, 76, 220, 187, 13, 121, 261, 12, 58, 45]"
113065,"[36, 147, 238, 189, 157, 146, 149, 7, 19, 175]"
113066,"[34, 32, 58, 84, 189, 112, 103, 20, 13, 279]"
113067,"[121, 220, 261, 76, 187, 60, 12, 25, 58, 48]"
113068,"[261, 76, 45, 48, 14, 20, 13, 103, 279, 58]"
113069,"[220, 187, 121, 12, 76, 43, 58, 45, 48, 261]"
113070,"[0, 97, 18, 90, 15, 105, 92, 77, 41, 49]"
113071,"[119, 13, 20, 34, 84, 103, 112, 32, 279, 19]"
113072,"[130, 91, 73, 42, 10, 41, 25, 3, 6, 151]"
113073,"[147, 14, 36, 21, 220, 76, 189, 157, 38, 24]"
113074,"[91, 130, 73, 3, 29, 42, 17, 97, 51, 77]"
113075,"[25, 6, 41, 151, 76, 0, 51, 27, 261, 10]"
113076,"[66, 149, 19, 238, 72, 36, 7, 157, 90, 4]"
113077,"[4, 24, 157, 36, 149, 60, 66, 28, 147, 7]"
113078,"[58, 32, 12, 34, 48, 187, 45, 220, 76, 133]"
113079,"[91, 3, 73, 130, 6, 133, 42, 38, 17, 92]"
113080,"[138, 1, 49, 30, 151, 2, 4, 0, 23, 142]"
113081,"[5, 2, 10, 34, 49, 187, 51, 130, 220, 1]"
113082,"[45, 76, 48, 261, 14, 12, 112, 58, 20, 13]"
113083,"[187, 34, 121, 220, 84, 10, 43, 7, 42, 60]"
113084,"[54, 121, 34, 10, 220, 84, 2, 43, 42, 5]"
113085,"[84, 34, 28, 220, 121, 4, 20, 43, 13, 187]"
113086,"[10, 41, 51, 9, 25, 2, 6, 27, 71, 43]"
113087,"[77, 105, 15, 72, 82, 18, 1, 64, 157, 9]"
113088,"[103, 261, 112, 20, 119, 13, 32, 27, 21, 238]"
113089,"[26, 97, 92, 49, 73, 0, 1, 151, 10, 48]"
113090,"[122, 133, 19, 149, 26, 38, 66, 15, 55, 17]"
113091,"[54, 32, 103, 13, 34, 112, 27, 279, 119, 51]"
113092,"[41, 6, 25, 10, 49, 220, 76, 43, 261, 45]"
113093,"[19, 66, 149, 55, 119, 15, 18, 72, 223, 122]"
113094,"[149, 157, 238, 223, 66, 36, 19, 23, 14, 55]"
113095,"[36, 90, 223, 175, 157, 21, 189, 238, 14, 45]"
113096,"[187, 220, 34, 28, 121, 43, 23, 24, 142, 7]"
113097,"[24, 28, 60, 23, 133, 38, 58, 49, 147, 14]"
113098,"[261, 103, 45, 20, 13, 76, 48, 14, 32, 29]"
113099,"[18, 15, 82, 72, 3, 19, 64, 6, 105, 2]"
113100,"[122, 133, 19, 149, 38, 55, 66, 26, 14, 15]"
113101,"[5, 2, 124, 13, 51, 27, 9, 71, 72, 36]"
113102,"[15, 18, 0, 97, 64, 151, 9, 77, 38, 72]"
113103,"[72, 15, 64, 18, 82, 3, 66, 71, 149, 19]"
113104,"[77, 105, 151, 157, 0, 25, 97, 15, 9, 51]"
113105,"[92, 0, 49, 105, 151, 30, 97, 91, 26, 41]"
113106,"[26, 82, 15, 72, 92, 73, 64, 1, 18, 122]"
113107,"[7, 23, 28, 60, 4, 142, 24, 34, 220, 43]"
113108,"[12, 58, 20, 45, 76, 223, 261, 187, 119, 220]"
113109,"[12, 58, 6, 32, 76, 261, 45, 133, 48, 220]"
113110,"[142, 60, 24, 23, 187, 121, 7, 28, 30, 42]"
113111,"[91, 130, 73, 3, 29, 17, 42, 97, 51, 15]"
113112,"[15, 49, 105, 77, 72, 18, 3, 82, 30, 1]"
113113,"[112, 279, 20, 103, 13, 119, 45, 238, 189, 51]"
113114,"[187, 43, 220, 45, 121, 261, 76, 58, 12, 133]"
113115,"[17, 29, 3, 42, 13, 103, 73, 19, 112, 279]"
113116,"[58, 32, 34, 12, 189, 220, 48, 13, 187, 45]"
113117,"[45, 48, 76, 58, 12, 220, 261, 187, 121, 43]"
113118,"[14, 261, 21, 147, 48, 76, 45, 0, 223, 238]"
113119,"[1, 49, 4, 28, 30, 2, 77, 23, 15, 5]"
113120,"[3, 73, 91, 130, 17, 42, 29, 105, 51, 6]"
113121,"[124, 51, 27, 2, 6, 71, 84, 9, 10, 25]"
113122,"[90, 0, 97, 223, 157, 189, 238, 14, 36, 21]"
113123,"[49, 30, 0, 97, 26, 151, 41, 105, 72, 146]"
113124,"[3, 73, 91, 6, 15, 17, 71, 72, 64, 82]"
113125,"[279, 20, 112, 12, 13, 48, 51, 76, 121, 45]"
113126,"[6, 25, 10, 41, 71, 12, 151, 51, 76, 0]"
113127,"[24, 4, 28, 147, 133, 60, 157, 23, 14, 38]"
113128,"[20, 261, 13, 103, 279, 45, 76, 48, 112, 119]"
113129,"[72, 15, 64, 18, 82, 66, 71, 26, 3, 77]"
113130,"[55, 66, 122, 19, 238, 149, 15, 38, 157, 60]"
113131,"[146, 14, 133, 23, 60, 38, 261, 58, 26, 147]"
113132,"[5, 2, 124, 13, 51, 76, 9, 27, 71, 72]"
113133,"[25, 6, 41, 151, 76, 261, 51, 0, 27, 60]"
113134,"[97, 0, 151, 49, 30, 147, 91, 41, 18, 105]"
113135,"[133, 122, 19, 149, 38, 146, 58, 66, 32, 12]"
113136,"[21, 189, 223, 66, 36, 90, 19, 157, 238, 149]"
113137,"[187, 43, 20, 121, 220, 45, 261, 119, 112, 84]"
113138,"[84, 13, 20, 121, 36, 34, 119, 32, 45, 261]"
113139,"[29, 17, 42, 3, 20, 238, 13, 223, 119, 91]"
113140,"[19, 66, 149, 238, 7, 36, 28, 21, 4, 157]"
113141,"[121, 43, 220, 42, 187, 10, 23, 34, 24, 84]"
113142,"[84, 13, 20, 34, 119, 36, 112, 32, 121, 279]"
113143,"[13, 20, 119, 76, 84, 261, 34, 58, 103, 279]"
113144,"[18, 15, 82, 6, 92, 72, 64, 0, 26, 3]"
113145,"[41, 25, 9, 27, 51, 124, 6, 112, 97, 261]"
113146,"[32, 58, 34, 189, 45, 187, 13, 220, 12, 20]"
113147,"[112, 119, 13, 279, 103, 45, 20, 48, 76, 32]"
113148,"[45, 76, 261, 187, 48, 12, 58, 121, 220, 43]"
113149,"[10, 6, 41, 25, 49, 121, 26, 58, 92, 187]"
113150,"[44, 32, 12, 13, 71, 6, 119, 84, 58, 19]"
113151,"[77, 105, 151, 97, 0, 147, 119, 124, 30, 51]"
113152,"[189, 223, 238, 90, 21, 36, 157, 105, 13, 77]"
113153,"[90, 189, 238, 7, 21, 223, 19, 36, 149, 66]"
113154,"[64, 151, 72, 77, 15, 1, 90, 124, 18, 82]"
113155,"[51, 27, 2, 124, 71, 9, 6, 20, 5, 112]"
113156,"[42, 130, 60, 29, 28, 34, 4, 17, 121, 23]"
113157,"[32, 279, 112, 103, 119, 13, 238, 84, 20, 34]"
113158,"[20, 13, 261, 45, 84, 58, 119, 279, 76, 48]"
113159,"[97, 0, 105, 151, 25, 14, 147, 77, 76, 49]"
113160,"[27, 51, 142, 25, 124, 112, 9, 41, 279, 13]"
113161,"[138, 151, 0, 15, 1, 77, 49, 30, 18, 189]"
113162,"[82, 77, 3, 105, 15, 18, 72, 1, 223, 238]"
113163,"[119, 13, 20, 112, 103, 279, 51, 34, 189, 223]"
113164,"[220, 187, 121, 34, 43, 84, 28, 23, 60, 24]"
113165,"[41, 25, 6, 76, 10, 261, 14, 9, 0, 49]"
113166,"[3, 73, 91, 17, 6, 15, 82, 42, 130, 12]"
113167,"[5, 51, 27, 34, 2, 71, 9, 32, 103, 124]"
113168,"[5, 49, 2, 51, 10, 1, 34, 187, 130, 9]"
113169,"[71, 279, 45, 20, 9, 27, 10, 51, 6, 25]"
113170,"[34, 84, 28, 187, 220, 121, 7, 43, 4, 23]"
113171,"[147, 36, 112, 238, 189, 21, 77, 157, 119, 14]"
113172,"[42, 130, 29, 17, 60, 28, 4, 23, 24, 34]"
113173,"[26, 1, 82, 92, 73, 51, 97, 72, 15, 49]"
113174,"[146, 66, 133, 72, 149, 19, 38, 26, 58, 32]"
113175,"[103, 261, 112, 13, 119, 20, 45, 32, 27, 279]"
113176,"[6, 27, 25, 51, 10, 124, 41, 9, 71, 121]"
113177,"[7, 4, 1, 28, 34, 84, 60, 23, 142, 66]"
113178,"[124, 27, 149, 9, 41, 6, 105, 71, 2, 25]"
113179,"[20, 13, 279, 119, 103, 261, 112, 223, 45, 51]"
113180,"[4, 28, 23, 60, 7, 24, 187, 220, 121, 42]"
113181,"[121, 220, 187, 43, 34, 10, 84, 24, 60, 42]"
113182,"[112, 13, 76, 45, 20, 279, 90, 103, 261, 119]"
113183,"[29, 17, 3, 42, 20, 13, 238, 91, 175, 119]"
113184,"[38, 66, 149, 55, 147, 60, 19, 146, 133, 157]"
113185,"[58, 32, 12, 34, 133, 189, 45, 121, 146, 13]"
113186,"[105, 77, 157, 151, 223, 0, 97, 25, 51, 9]"
113187,"[91, 73, 3, 130, 6, 58, 17, 42, 26, 133]"
113188,"[5, 2, 10, 34, 187, 1, 130, 220, 49, 121]"
113189,"[48, 45, 13, 20, 279, 76, 119, 103, 112, 261]"
113190,"[133, 24, 38, 60, 175, 58, 220, 121, 92, 187]"
113191,"[60, 142, 24, 121, 23, 25, 42, 146, 157, 220]"
113192,"[45, 261, 103, 48, 112, 20, 13, 76, 279, 119]"
113193,"[92, 15, 18, 72, 0, 82, 64, 91, 19, 133]"
113194,"[151, 0, 97, 30, 49, 142, 24, 26, 23, 25]"
113195,"[124, 27, 9, 41, 25, 149, 105, 51, 103, 6]"
113196,"[91, 3, 73, 130, 17, 6, 133, 82, 42, 18]"
113197,"[82, 72, 15, 3, 26, 18, 64, 66, 149, 92]"
113198,"[97, 105, 0, 77, 151, 18, 15, 25, 157, 64]"
113199,"[12, 58, 121, 13, 220, 32, 45, 76, 261, 34]"
113200,"[43, 7, 42, 187, 121, 10, 220, 4, 34, 84]"
113201,"[175, 189, 90, 238, 223, 157, 36, 105, 21, 13]"
113202,"[14, 23, 238, 261, 157, 146, 149, 28, 66, 122]"
113203,"[10, 2, 130, 49, 5, 30, 220, 43, 34, 187]"
113204,"[7, 23, 28, 60, 4, 34, 142, 24, 220, 121]"
113205,"[9, 41, 51, 15, 27, 124, 71, 84, 5, 38]"
113206,"[122, 238, 14, 55, 28, 36, 175, 223, 189, 66]"
113207,"[220, 187, 147, 121, 76, 12, 58, 45, 6, 24]"
113208,"[122, 55, 238, 28, 14, 36, 175, 223, 23, 189]"
113209,"[43, 76, 220, 187, 121, 12, 58, 261, 45, 48]"
113210,"[82, 72, 15, 26, 18, 3, 64, 92, 66, 149]"
113211,"[19, 66, 133, 38, 149, 146, 32, 55, 72, 17]"
113212,"[130, 91, 10, 42, 73, 30, 49, 220, 187, 43]"
113213,"[189, 223, 238, 21, 90, 36, 157, 77, 105, 13]"
113214,"[34, 187, 84, 220, 121, 28, 43, 42, 23, 24]"
113215,"[149, 66, 19, 38, 55, 72, 32, 15, 146, 133]"
113216,"[151, 0, 97, 49, 30, 24, 26, 142, 23, 25]"
113217,"[18, 72, 15, 82, 3, 19, 64, 105, 66, 71]"
113218,"[54, 34, 2, 84, 220, 1, 121, 5, 187, 32]"
113219,"[66, 149, 19, 23, 238, 146, 38, 36, 133, 7]"
113220,"[6, 71, 12, 25, 58, 10, 73, 26, 91, 41]"
113221,"[45, 76, 261, 187, 48, 58, 12, 121, 220, 43]"
113222,"[2, 10, 34, 1, 5, 84, 51, 18, 27, 121]"
113223,"[21, 14, 261, 66, 20, 90, 19, 238, 142, 4]"
113224,"[175, 90, 157, 189, 238, 223, 36, 21, 13, 105]"
113225,"[43, 187, 220, 121, 58, 12, 76, 41, 261, 10]"
113226,"[2, 27, 124, 112, 41, 6, 71, 51, 9, 25]"
113227,"[220, 45, 12, 58, 261, 20, 34, 76, 48, 103]"
113228,"[32, 12, 44, 58, 66, 103, 19, 55, 261, 6]"
113229,"[5, 10, 2, 34, 49, 187, 51, 130, 220, 1]"
113230,"[220, 12, 45, 58, 261, 20, 121, 48, 13, 76]"
113231,"[175, 36, 7, 147, 60, 122, 90, 26, 66, 19]"
113232,"[48, 45, 13, 20, 261, 76, 103, 112, 119, 279]"
113233,"[10, 6, 51, 9, 27, 121, 25, 43, 124, 151]"
113234,"[34, 84, 121, 7, 187, 220, 5, 28, 10, 43]"
113235,"[71, 279, 45, 27, 20, 10, 9, 51, 25, 6]"
113236,"[112, 119, 13, 32, 279, 103, 34, 20, 175, 238]"
113237,"[124, 112, 27, 9, 51, 77, 90, 76, 41, 279]"
113238,"[24, 147, 4, 133, 60, 14, 23, 38, 28, 121]"
113239,"[41, 25, 6, 10, 9, 121, 97, 76, 27, 261]"
113240,"[1, 82, 105, 77, 4, 18, 15, 49, 72, 55]"
113241,"[12, 58, 45, 76, 48, 261, 220, 20, 121, 43]"
113242,"[42, 130, 29, 28, 17, 60, 23, 34, 121, 24]"
113243,"[27, 142, 51, 2, 124, 71, 13, 112, 279, 9]"
113244,"[7, 44, 90, 157, 55, 28, 66, 19, 189, 223]"
113245,"[189, 223, 36, 38, 4, 21, 19, 90, 55, 157]"
113246,"[29, 17, 3, 13, 90, 238, 42, 189, 103, 223]"
113247,"[77, 105, 151, 15, 82, 1, 138, 30, 72, 49]"
113248,"[5, 51, 2, 34, 9, 1, 10, 49, 28, 84]"
113249,"[54, 84, 1, 34, 5, 2, 121, 28, 220, 4]"
113250,"[2, 27, 124, 112, 51, 9, 71, 20, 32, 103]"
113251,"[58, 32, 34, 12, 189, 13, 220, 121, 48, 20]"
113252,"[146, 66, 133, 149, 72, 38, 19, 58, 26, 32]"
113253,"[130, 10, 42, 91, 73, 2, 5, 49, 3, 30]"
113254,"[0, 97, 18, 151, 51, 4, 77, 15, 72, 41]"
113255,"[72, 15, 18, 64, 19, 66, 82, 77, 26, 149]"
113256,"[49, 15, 30, 1, 92, 105, 72, 151, 97, 64]"
113257,"[121, 220, 187, 60, 42, 43, 24, 23, 34, 84]"
113258,"[44, 6, 12, 19, 58, 121, 32, 71, 66, 103]"
113259,"[28, 24, 4, 1, 7, 238, 2, 49, 23, 34]"
113260,"[97, 0, 151, 49, 147, 105, 30, 18, 38, 55]"
113261,"[20, 279, 13, 112, 103, 119, 261, 21, 76, 157]"
113262,"[0, 97, 18, 151, 49, 26, 30, 41, 14, 90]"
113263,"[66, 19, 28, 189, 55, 4, 149, 36, 7, 223]"
113264,"[146, 66, 149, 19, 38, 55, 64, 72, 133, 15]"
113265,"[189, 223, 4, 19, 21, 90, 36, 66, 157, 55]"
113266,"[2, 51, 5, 27, 9, 238, 71, 44, 105, 124]"
113267,"[142, 7, 28, 60, 24, 4, 23, 187, 121, 19]"
113268,"[82, 15, 18, 72, 26, 149, 64, 3, 92, 6]"
113269,"[238, 36, 189, 223, 157, 14, 55, 21, 66, 20]"
113270,"[29, 90, 119, 223, 20, 17, 238, 13, 175, 112]"
113271,"[133, 175, 24, 38, 19, 4, 149, 66, 60, 28]"
113272,"[15, 49, 77, 105, 18, 72, 30, 82, 3, 1]"
113273,"[3, 91, 73, 29, 130, 17, 42, 82, 77, 138]"
113274,"[238, 55, 66, 36, 14, 28, 19, 223, 149, 189]"
113275,"[97, 105, 18, 77, 0, 64, 15, 1, 26, 49]"
113276,"[25, 6, 41, 10, 76, 97, 151, 49, 30, 0]"
113277,"[73, 17, 91, 3, 6, 26, 42, 92, 51, 130]"
113278,"[157, 223, 105, 36, 189, 149, 14, 90, 238, 77]"
113279,"[103, 45, 20, 261, 13, 48, 76, 279, 119, 112]"
113280,"[82, 3, 15, 72, 18, 77, 133, 91, 64, 92]"
113281,"[18, 15, 0, 82, 105, 2, 175, 97, 151, 1]"
113282,"[27, 142, 51, 2, 124, 279, 112, 9, 71, 13]"
113283,"[4, 189, 28, 21, 19, 238, 142, 24, 66, 36]"
113284,"[223, 189, 90, 19, 157, 21, 36, 66, 7, 4]"
113285,"[142, 27, 23, 60, 133, 14, 21, 38, 24, 147]"
113286,"[43, 7, 121, 187, 10, 4, 220, 42, 34, 84]"
113287,"[23, 24, 14, 146, 60, 7, 279, 49, 38, 147]"
113288,"[38, 60, 147, 14, 146, 133, 23, 24, 66, 142]"
113289,"[121, 220, 187, 34, 84, 261, 44, 76, 25, 60]"
113290,"[91, 3, 130, 73, 42, 133, 29, 6, 97, 151]"
113291,"[18, 15, 82, 2, 105, 175, 1, 0, 77, 90]"
113292,"[64, 72, 15, 151, 92, 3, 82, 26, 18, 146]"
113293,"[64, 15, 18, 72, 19, 133, 82, 97, 92, 91]"
113294,"[220, 187, 121, 34, 84, 24, 43, 7, 28, 42]"
113295,"[2, 49, 10, 1, 5, 27, 124, 84, 187, 121]"
113296,"[175, 36, 90, 14, 147, 223, 21, 45, 238, 157]"
113297,"[133, 38, 66, 149, 19, 175, 55, 92, 12, 58]"
113298,"[64, 15, 97, 77, 1, 18, 72, 105, 0, 30]"
113299,"[17, 73, 3, 29, 149, 55, 91, 42, 66, 32]"
113300,"[223, 189, 90, 19, 14, 21, 157, 36, 7, 187]"
113301,"[17, 29, 42, 3, 73, 103, 13, 19, 112, 66]"
113302,"[0, 97, 151, 51, 18, 77, 105, 90, 189, 41]"
113303,"[189, 19, 66, 157, 28, 149, 223, 175, 14, 146]"
113304,"[2, 5, 51, 27, 238, 71, 44, 9, 3, 105]"
113305,"[157, 14, 189, 223, 90, 21, 77, 36, 103, 13]"
113306,"[5, 2, 34, 1, 10, 187, 84, 51, 130, 27]"
113307,"[36, 149, 90, 66, 223, 157, 238, 175, 189, 21]"
113308,"[149, 124, 157, 36, 66, 223, 19, 27, 21, 4]"
113309,"[121, 261, 187, 13, 34, 20, 220, 84, 32, 58]"
113310,"[105, 77, 157, 151, 223, 0, 97, 51, 25, 9]"
113311,"[45, 76, 20, 261, 13, 112, 279, 103, 48, 119]"
113312,"[189, 223, 19, 66, 157, 90, 238, 36, 84, 21]"
113313,"[9, 41, 51, 124, 27, 15, 38, 25, 71, 6]"
113314,"[105, 77, 157, 223, 51, 151, 15, 18, 9, 238]"
113315,"[51, 27, 9, 20, 279, 112, 103, 124, 13, 0]"
113316,"[41, 25, 51, 9, 27, 6, 124, 105, 77, 261]"
113317,"[142, 7, 28, 60, 24, 4, 23, 187, 121, 19]"
113318,"[112, 13, 279, 20, 90, 34, 103, 32, 27, 119]"
113319,"[77, 105, 157, 15, 51, 151, 9, 72, 27, 82]"
113320,"[73, 17, 3, 91, 130, 51, 29, 42, 49, 72]"
113321,"[149, 223, 157, 238, 66, 19, 36, 189, 55, 90]"
113322,"[279, 20, 112, 12, 13, 48, 76, 1, 51, 121]"
113323,"[223, 66, 238, 28, 189, 90, 19, 55, 157, 175]"
113324,"[105, 77, 157, 151, 18, 223, 138, 97, 15, 30]"
113325,"[51, 27, 9, 112, 279, 20, 77, 124, 13, 0]"
113326,"[17, 29, 3, 73, 42, 19, 32, 66, 91, 44]"
113327,"[2, 10, 1, 27, 5, 49, 121, 187, 124, 84]"
113328,"[64, 15, 72, 18, 19, 97, 82, 133, 92, 38]"
113329,"[6, 25, 41, 18, 91, 10, 73, 71, 0, 58]"
113330,"[55, 238, 157, 60, 66, 28, 122, 189, 223, 19]"
113331,"[12, 58, 6, 45, 76, 32, 38, 220, 146, 187]"
113332,"[21, 189, 4, 149, 90, 36, 55, 66, 157, 238]"
113333,"[151, 0, 97, 77, 25, 105, 49, 30, 14, 147]"
113334,"[54, 51, 48, 13, 279, 121, 20, 6, 103, 12]"
113335,"[189, 223, 157, 90, 238, 36, 21, 20, 175, 14]"
113336,"[157, 223, 149, 36, 105, 189, 238, 19, 4, 90]"
113337,"[24, 147, 4, 133, 60, 14, 23, 38, 28, 121]"
113338,"[17, 29, 3, 42, 73, 91, 19, 103, 130, 13]"
113339,"[238, 157, 36, 28, 66, 90, 32, 7, 4, 24]"
113340,"[17, 73, 3, 29, 149, 55, 32, 66, 42, 19]"
113341,"[82, 15, 18, 1, 105, 77, 72, 149, 64, 157]"
113342,"[9, 41, 51, 124, 27, 25, 15, 71, 6, 38]"
113343,"[60, 38, 14, 97, 24, 23, 133, 147, 0, 146]"
113344,"[90, 223, 189, 36, 175, 157, 112, 21, 66, 146]"
113345,"[49, 30, 1, 10, 23, 24, 60, 142, 42, 28]"
113346,"[20, 279, 261, 13, 12, 76, 32, 103, 45, 112]"
113347,"[45, 76, 261, 112, 20, 187, 103, 13, 48, 32]"
113348,"[91, 3, 73, 130, 17, 133, 6, 42, 82, 29]"
113349,"[220, 121, 187, 43, 24, 34, 84, 23, 76, 42]"
113350,"[77, 105, 15, 72, 82, 1, 18, 157, 64, 9]"
113351,"[5, 34, 10, 2, 187, 220, 1, 121, 84, 49]"
113352,"[32, 58, 12, 66, 44, 103, 19, 6, 55, 261]"
113353,"[119, 112, 13, 20, 45, 103, 279, 76, 32, 187]"
113354,"[30, 71, 49, 15, 1, 77, 105, 36, 138, 7]"
113355,"[24, 4, 28, 60, 23, 220, 121, 7, 34, 187]"
113356,"[84, 34, 20, 13, 58, 103, 189, 261, 220, 121]"
113357,"[54, 84, 34, 2, 5, 121, 1, 220, 51, 28]"
113358,"[5, 51, 49, 10, 2, 187, 34, 48, 9, 1]"
113359,"[189, 223, 157, 90, 21, 36, 238, 175, 13, 279]"
113360,"[18, 15, 72, 19, 82, 66, 64, 3, 71, 105]"
113361,"[73, 91, 130, 3, 42, 26, 29, 151, 30, 17]"
113362,"[7, 36, 175, 238, 157, 66, 19, 149, 90, 223]"
113363,"[60, 25, 146, 157, 142, 151, 121, 55, 24, 38]"
113364,"[103, 20, 261, 45, 13, 76, 48, 12, 279, 34]"
113365,"[23, 19, 14, 4, 149, 66, 24, 60, 146, 238]"
113366,"[19, 66, 149, 72, 32, 55, 38, 133, 15, 18]"
113367,"[133, 38, 19, 66, 149, 175, 55, 146, 58, 12]"
113368,"[26, 72, 105, 77, 223, 92, 73, 15, 1, 187]"
113369,"[3, 17, 73, 91, 29, 130, 42, 51, 105, 27]"
113370,"[77, 105, 15, 82, 1, 18, 72, 64, 157, 51]"
113371,"[151, 0, 72, 77, 97, 105, 18, 49, 30, 1]"
113372,"[66, 19, 28, 189, 55, 4, 149, 223, 7, 36]"
113373,"[2, 27, 18, 51, 71, 112, 6, 15, 9, 10]"
113374,"[12, 58, 32, 6, 261, 76, 45, 133, 48, 220]"
113375,"[55, 19, 66, 149, 18, 38, 122, 82, 15, 28]"
113376,"[58, 32, 34, 189, 13, 45, 187, 220, 12, 119]"
113377,"[42, 43, 29, 121, 175, 17, 73, 45, 146, 60]"
113378,"[119, 13, 19, 20, 112, 34, 103, 32, 279, 36]"
113379,"[26, 92, 73, 72, 146, 91, 6, 15, 133, 58]"
113380,"[238, 36, 14, 189, 223, 76, 157, 147, 21, 55]"
113381,"[119, 13, 19, 147, 58, 34, 20, 12, 112, 32]"
113382,"[32, 279, 112, 12, 103, 119, 19, 58, 149, 66]"
113383,"[17, 29, 73, 3, 42, 36, 91, 4, 55, 149]"
113384,"[10, 6, 51, 9, 27, 25, 151, 121, 43, 71]"
113385,"[71, 51, 6, 9, 27, 5, 72, 124, 2, 25]"
113386,"[130, 42, 91, 73, 3, 49, 30, 10, 23, 60]"
113387,"[124, 112, 27, 76, 41, 9, 51, 5, 6, 10]"
113388,"[55, 66, 157, 149, 7, 36, 19, 238, 4, 223]"
113389,"[220, 187, 121, 147, 76, 112, 12, 58, 45, 34]"
113390,"[25, 6, 51, 9, 41, 5, 10, 27, 71, 105]"
113391,"[58, 12, 32, 133, 146, 6, 220, 73, 48, 34]"
113392,"[58, 12, 32, 34, 45, 121, 187, 48, 220, 76]"
113393,"[55, 60, 238, 157, 28, 38, 122, 66, 76, 189]"
113394,"[142, 23, 60, 27, 24, 49, 187, 42, 220, 121]"
113395,"[49, 30, 10, 1, 24, 23, 60, 142, 42, 6]"
113396,"[151, 77, 97, 0, 49, 91, 6, 25, 64, 30]"
113397,"[64, 151, 72, 77, 48, 15, 49, 1, 90, 92]"
113398,"[24, 28, 60, 133, 23, 147, 58, 38, 49, 14]"
113399,"[26, 73, 92, 72, 6, 82, 15, 91, 133, 38]"
113400,"[25, 51, 9, 124, 77, 27, 105, 41, 151, 6]"
113401,"[187, 220, 34, 121, 28, 43, 24, 23, 84, 142]"
113402,"[119, 112, 13, 20, 45, 103, 279, 76, 261, 32]"
113403,"[43, 187, 220, 76, 121, 13, 45, 12, 58, 34]"
113404,"[13, 20, 119, 261, 76, 103, 279, 112, 45, 48]"
113405,"[238, 21, 175, 223, 66, 19, 157, 36, 90, 28]"
113406,"[48, 45, 76, 261, 14, 58, 121, 13, 20, 103]"
113407,"[32, 34, 189, 58, 13, 20, 103, 119, 112, 84]"
113408,"[48, 45, 13, 20, 279, 261, 76, 112, 119, 103]"
113409,"[84, 121, 34, 60, 220, 187, 43, 4, 13, 20]"
113410,"[187, 220, 34, 28, 121, 43, 23, 84, 42, 24]"
113411,"[72, 15, 18, 82, 64, 66, 71, 3, 19, 26]"
113412,"[30, 71, 15, 49, 1, 77, 7, 105, 36, 72]"
113413,"[72, 77, 15, 18, 105, 64, 19, 1, 66, 27]"
113414,"[58, 12, 32, 133, 146, 34, 220, 45, 76, 121]"
113415,"[66, 19, 149, 72, 38, 146, 55, 17, 238, 133]"
113416,"[2, 5, 10, 49, 34, 1, 51, 28, 84, 27]"
113417,"[279, 103, 112, 13, 20, 32, 34, 119, 238, 157]"
113418,"[14, 261, 38, 21, 133, 146, 142, 60, 76, 24]"
113419,"[25, 6, 151, 41, 10, 30, 76, 45, 105, 0]"
113420,"[66, 19, 149, 72, 55, 38, 146, 238, 15, 133]"
113421,"[0, 97, 151, 90, 18, 14, 41, 105, 77, 49]"
113422,"[3, 91, 73, 17, 15, 72, 6, 64, 18, 29]"
113423,"[220, 34, 187, 84, 121, 43, 42, 28, 10, 60]"
113424,"[29, 17, 42, 20, 3, 13, 261, 103, 14, 119]"
113425,"[189, 223, 90, 36, 238, 21, 157, 14, 147, 175]"
113426,"[7, 43, 23, 28, 121, 42, 24, 4, 49, 60]"
113427,"[12, 58, 32, 6, 45, 66, 76, 220, 44, 149]"
113428,"[38, 66, 149, 19, 15, 55, 146, 133, 17, 72]"
113429,"[54, 121, 34, 43, 10, 2, 220, 84, 5, 49]"
113430,"[223, 189, 90, 19, 21, 157, 36, 66, 7, 149]"
113431,"[18, 15, 82, 2, 105, 175, 1, 0, 77, 90]"
113432,"[77, 105, 157, 151, 15, 9, 51, 72, 27, 223]"
113433,"[13, 112, 20, 103, 261, 279, 45, 76, 48, 119]"
113434,"[7, 36, 175, 43, 14, 157, 238, 23, 66, 19]"
113435,"[29, 17, 42, 3, 73, 91, 130, 90, 13, 238]"
113436,"[147, 14, 36, 133, 24, 38, 112, 45, 238, 77]"
113437,"[5, 76, 124, 2, 13, 51, 25, 10, 3, 9]"
113438,"[49, 30, 72, 105, 77, 151, 0, 15, 1, 18]"
113439,"[15, 49, 105, 72, 77, 18, 30, 3, 82, 1]"
113440,"[151, 0, 105, 97, 25, 49, 77, 30, 14, 41]"
113441,"[133, 38, 14, 146, 23, 147, 24, 60, 66, 76]"
113442,"[6, 12, 71, 25, 58, 73, 10, 26, 91, 38]"
113443,"[73, 91, 3, 6, 17, 130, 26, 42, 58, 151]"
113444,"[187, 220, 34, 28, 121, 43, 23, 142, 24, 7]"
113445,"[220, 187, 121, 24, 43, 147, 76, 23, 34, 7]"
113446,"[64, 15, 72, 18, 19, 92, 97, 133, 66, 82]"
113447,"[43, 12, 58, 42, 187, 121, 76, 261, 45, 220]"
113448,"[58, 32, 34, 189, 45, 13, 187, 12, 220, 119]"
113449,"[103, 32, 261, 13, 112, 20, 34, 44, 58, 220]"
113450,"[261, 103, 45, 32, 13, 20, 76, 48, 121, 34]"
113451,"[91, 73, 130, 3, 6, 17, 26, 58, 42, 15]"
113452,"[43, 13, 12, 20, 58, 119, 32, 121, 7, 187]"
113453,"[261, 20, 21, 103, 13, 279, 45, 76, 14, 48]"
113454,"[32, 279, 112, 103, 43, 119, 12, 187, 261, 13]"
113455,"[97, 0, 55, 105, 18, 151, 77, 1, 49, 147]"
113456,"[42, 130, 60, 23, 24, 121, 220, 187, 43, 142]"
113457,"[30, 49, 60, 10, 1, 23, 38, 24, 42, 142]"
113458,"[0, 97, 151, 18, 41, 73, 24, 6, 30, 49]"
113459,"[43, 13, 32, 12, 58, 7, 20, 121, 119, 187]"
113460,"[279, 20, 112, 13, 51, 1, 12, 84, 119, 32]"
113461,"[10, 130, 49, 30, 43, 220, 187, 2, 42, 121]"
113462,"[261, 12, 121, 45, 76, 20, 14, 58, 21, 220]"
113463,"[6, 18, 71, 44, 12, 25, 41, 58, 32, 72]"
113464,"[151, 0, 72, 105, 77, 97, 18, 30, 49, 1]"
113465,"[36, 90, 157, 223, 175, 189, 238, 14, 21, 147]"
113466,"[5, 2, 124, 13, 51, 71, 76, 27, 36, 9]"
113467,"[12, 58, 38, 6, 133, 146, 32, 76, 121, 220]"
113468,"[73, 3, 91, 130, 29, 42, 26, 17, 15, 105]"
113469,"[223, 66, 238, 28, 189, 90, 14, 24, 19, 55]"
113470,"[54, 13, 103, 20, 51, 27, 121, 32, 34, 71]"
113471,"[38, 149, 66, 19, 15, 55, 146, 133, 17, 72]"
113472,"[112, 279, 20, 103, 119, 13, 45, 51, 76, 189]"
113473,"[36, 90, 149, 66, 223, 175, 157, 21, 4, 189]"
113474,"[76, 25, 261, 45, 48, 14, 13, 20, 97, 220]"
113475,"[27, 142, 51, 2, 124, 10, 25, 6, 279, 112]"
113476,"[5, 51, 9, 71, 2, 36, 48, 64, 90, 15]"
113477,"[38, 133, 14, 76, 60, 146, 23, 24, 66, 142]"
113478,"[103, 261, 13, 20, 45, 76, 48, 279, 112, 119]"
113479,"[92, 0, 49, 151, 91, 30, 97, 26, 105, 14]"
113480,"[15, 18, 72, 64, 82, 71, 77, 3, 38, 9]"
113481,"[130, 42, 91, 73, 30, 49, 10, 3, 121, 2]"
113482,"[92, 15, 18, 0, 72, 82, 105, 64, 26, 133]"
113483,"[82, 72, 15, 3, 26, 18, 64, 66, 149, 55]"
113484,"[146, 38, 133, 58, 14, 66, 12, 6, 149, 19]"
113485,"[157, 223, 149, 36, 23, 105, 189, 19, 90, 14]"
113486,"[58, 12, 45, 32, 6, 48, 261, 73, 38, 76]"
113487,"[29, 17, 42, 3, 73, 90, 91, 13, 238, 103]"
113488,"[92, 0, 49, 105, 151, 30, 97, 26, 91, 41]"
113489,"[149, 157, 223, 66, 238, 36, 19, 189, 90, 7]"
113490,"[38, 66, 19, 149, 55, 146, 133, 15, 72, 18]"
113491,"[72, 30, 49, 64, 15, 77, 0, 105, 18, 26]"
113492,"[92, 133, 26, 10, 49, 30, 77, 0, 48, 151]"
113493,"[3, 73, 91, 82, 17, 72, 6, 29, 15, 58]"
113494,"[27, 142, 51, 2, 6, 25, 10, 124, 71, 41]"
113495,"[119, 112, 13, 20, 103, 279, 32, 238, 36, 45]"
113496,"[55, 238, 157, 60, 28, 66, 122, 223, 189, 175]"
113497,"[124, 27, 9, 149, 41, 105, 25, 103, 51, 45]"
113498,"[82, 77, 1, 15, 72, 105, 18, 3, 64, 51]"
113499,"[28, 24, 23, 60, 4, 7, 34, 142, 220, 121]"
113500,"[45, 112, 261, 20, 76, 103, 13, 48, 279, 223]"
113501,"[10, 6, 121, 43, 151, 25, 48, 51, 9, 261]"
113502,"[151, 0, 77, 72, 97, 105, 49, 18, 30, 238]"
113503,"[55, 238, 157, 60, 66, 28, 122, 189, 223, 19]"
113504,"[84, 34, 121, 4, 220, 2, 60, 187, 28, 7]"
113505,"[15, 72, 18, 3, 82, 64, 66, 149, 77, 19]"
113506,"[43, 121, 10, 187, 220, 42, 7, 34, 24, 4]"
113507,"[66, 21, 238, 19, 223, 149, 36, 28, 4, 90]"
113508,"[27, 124, 9, 2, 51, 71, 41, 149, 103, 112]"
113509,"[45, 48, 76, 261, 58, 20, 14, 12, 220, 119]"
113510,"[23, 142, 28, 24, 60, 7, 1, 4, 149, 49]"
113511,"[149, 66, 19, 38, 36, 157, 238, 189, 23, 133]"
113512,"[26, 72, 73, 92, 15, 146, 18, 82, 3, 66]"
113513,"[24, 4, 28, 60, 23, 7, 121, 220, 34, 187]"
113514,"[6, 41, 25, 10, 0, 151, 121, 51, 45, 261]"
113515,"[30, 49, 10, 23, 24, 60, 1, 43, 130, 220]"
113516,"[73, 91, 3, 26, 130, 42, 17, 6, 15, 146]"
113517,"[0, 97, 151, 41, 14, 18, 90, 105, 92, 49]"
113518,"[54, 13, 103, 20, 34, 51, 121, 32, 27, 71]"
113519,"[15, 82, 18, 72, 64, 19, 66, 3, 149, 71]"
113520,"[19, 189, 66, 157, 28, 149, 223, 175, 14, 146]"
113521,"[14, 21, 261, 147, 48, 76, 45, 223, 238, 0]"
113522,"[2, 51, 5, 27, 238, 105, 9, 71, 49, 10]"
113523,"[30, 49, 71, 0, 15, 151, 26, 1, 92, 97]"
113524,"[130, 91, 73, 42, 3, 10, 41, 25, 151, 17]"
113525,"[64, 15, 77, 1, 18, 97, 72, 105, 223, 19]"
113526,"[21, 189, 223, 66, 36, 19, 238, 90, 157, 149]"
113527,"[6, 41, 25, 10, 121, 0, 45, 76, 261, 51]"
113528,"[5, 51, 27, 71, 2, 105, 34, 9, 103, 124]"
113529,"[51, 27, 9, 2, 20, 112, 124, 71, 279, 10]"
113530,"[28, 4, 24, 23, 1, 7, 60, 142, 121, 42]"
113531,"[175, 7, 36, 189, 66, 112, 90, 19, 157, 18]"
113532,"[105, 151, 0, 77, 157, 97, 238, 90, 14, 25]"
113533,"[6, 25, 10, 41, 71, 12, 51, 76, 9, 45]"
113534,"[14, 261, 21, 147, 48, 76, 45, 0, 238, 20]"
113535,"[12, 58, 32, 6, 45, 220, 76, 44, 66, 71]"
113536,"[55, 60, 238, 66, 157, 28, 122, 38, 76, 189]"
113537,"[48, 45, 20, 76, 13, 261, 119, 112, 103, 279]"
113538,"[72, 77, 15, 18, 105, 1, 27, 64, 19, 66]"
113539,"[64, 15, 1, 77, 18, 97, 105, 72, 223, 19]"
113540,"[12, 58, 32, 76, 45, 133, 261, 48, 6, 38]"
113541,"[60, 24, 23, 142, 42, 49, 121, 28, 220, 43]"
113542,"[66, 149, 19, 238, 146, 23, 38, 36, 133, 72]"
113543,"[2, 27, 124, 112, 41, 6, 51, 71, 9, 10]"
113544,"[13, 20, 34, 119, 103, 279, 112, 121, 32, 44]"
113545,"[7, 36, 175, 157, 66, 19, 238, 149, 90, 223]"
113546,"[12, 58, 6, 45, 261, 76, 133, 146, 38, 220]"
113547,"[18, 15, 72, 82, 19, 3, 64, 6, 55, 92]"
113548,"[261, 20, 76, 45, 14, 48, 21, 12, 25, 103]"
113549,"[138, 151, 0, 1, 15, 30, 18, 49, 77, 105]"
113550,"[15, 49, 77, 105, 18, 72, 82, 30, 64, 1]"
113551,"[4, 24, 28, 7, 34, 60, 23, 84, 1, 157]"
113552,"[130, 91, 73, 42, 3, 10, 41, 25, 151, 49]"
113553,"[34, 187, 220, 84, 121, 43, 28, 23, 42, 7]"
113554,"[84, 13, 20, 119, 34, 36, 32, 112, 279, 121]"
113555,"[147, 97, 14, 76, 38, 24, 45, 261, 119, 48]"
113556,"[0, 97, 151, 41, 51, 18, 77, 25, 105, 45]"
113557,"[133, 38, 66, 14, 7, 189, 36, 149, 146, 157]"
113558,"[28, 24, 60, 23, 4, 34, 7, 142, 84, 220]"
113559,"[105, 1, 18, 130, 30, 157, 97, 49, 77, 15]"
113560,"[121, 220, 261, 76, 187, 25, 60, 12, 58, 6]"
113561,"[28, 19, 238, 66, 189, 157, 149, 223, 90, 4]"
113562,"[10, 41, 51, 9, 27, 25, 6, 71, 130, 2]"
113563,"[3, 73, 91, 17, 6, 130, 82, 71, 15, 72]"
113564,"[45, 103, 261, 48, 76, 20, 12, 112, 13, 32]"
113565,"[29, 119, 90, 17, 20, 42, 223, 238, 45, 13]"
113566,"[142, 60, 23, 24, 12, 58, 146, 14, 38, 133]"
113567,"[24, 28, 23, 60, 4, 49, 7, 220, 142, 121]"
113568,"[27, 51, 2, 6, 10, 9, 71, 25, 124, 41]"
113569,"[189, 19, 66, 157, 28, 223, 149, 175, 36, 21]"
113570,"[17, 29, 73, 3, 42, 91, 36, 55, 4, 149]"
113571,"[1, 82, 105, 49, 26, 97, 30, 77, 18, 151]"
113572,"[10, 2, 121, 5, 34, 49, 84, 187, 220, 43]"
113573,"[43, 13, 187, 119, 20, 121, 220, 279, 34, 12]"
113574,"[6, 25, 41, 10, 49, 27, 121, 43, 51, 58]"
113575,"[23, 19, 149, 66, 24, 14, 4, 238, 146, 36]"
113576,"[66, 149, 19, 238, 146, 23, 38, 36, 7, 133]"
113577,"[51, 9, 124, 6, 105, 71, 10, 27, 25, 103]"
113578,"[238, 36, 189, 223, 14, 157, 66, 21, 55, 90]"
113579,"[13, 20, 34, 119, 103, 279, 112, 32, 51, 84]"
113580,"[103, 261, 112, 20, 13, 119, 45, 32, 27, 279]"
113581,"[105, 157, 77, 9, 36, 21, 238, 51, 27, 15]"
113582,"[261, 20, 21, 103, 12, 121, 13, 279, 45, 76]"
113583,"[51, 2, 10, 27, 6, 41, 71, 25, 124, 20]"
113584,"[30, 49, 1, 7, 71, 138, 28, 142, 60, 2]"
113585,"[175, 36, 147, 90, 14, 77, 21, 223, 45, 157]"
113586,"[130, 91, 42, 10, 3, 30, 5, 1, 73, 49]"
113587,"[10, 121, 49, 220, 187, 43, 2, 30, 42, 34]"
113588,"[73, 3, 91, 17, 130, 6, 42, 15, 18, 29]"
113589,"[64, 15, 77, 1, 18, 105, 72, 19, 97, 7]"
113590,"[41, 0, 25, 97, 51, 10, 6, 261, 151, 9]"
113591,"[13, 20, 103, 119, 279, 112, 51, 157, 261, 29]"
113592,"[54, 121, 34, 10, 220, 84, 43, 2, 5, 7]"
113593,"[71, 6, 72, 73, 15, 3, 12, 32, 51, 26]"
113594,"[15, 82, 18, 72, 64, 71, 3, 19, 77, 149]"
113595,"[29, 17, 3, 42, 90, 103, 13, 279, 238, 34]"
113596,"[142, 24, 60, 23, 187, 121, 28, 7, 42, 49]"
113597,"[51, 27, 9, 2, 279, 20, 124, 112, 71, 0]"
113598,"[72, 146, 15, 151, 77, 105, 82, 26, 49, 18]"
113599,"[92, 0, 105, 18, 49, 15, 1, 77, 72, 51]"
113600,"[48, 45, 13, 279, 20, 261, 76, 112, 119, 103]"
113601,"[7, 36, 175, 157, 66, 238, 19, 149, 90, 43]"
113602,"[43, 187, 42, 220, 121, 10, 23, 34, 49, 60]"
113603,"[43, 187, 220, 121, 34, 84, 42, 4, 7, 60]"
113604,"[13, 20, 119, 103, 112, 279, 51, 9, 261, 34]"
113605,"[24, 147, 133, 4, 60, 14, 23, 38, 121, 146]"
113606,"[3, 91, 73, 82, 17, 15, 29, 18, 72, 71]"
113607,"[157, 55, 60, 238, 36, 19, 7, 66, 189, 105]"
113608,"[147, 14, 36, 21, 157, 189, 220, 76, 38, 146]"
113609,"[7, 36, 43, 175, 66, 14, 157, 19, 238, 23]"
113610,"[66, 19, 149, 38, 146, 72, 133, 55, 17, 23]"
113611,"[147, 36, 14, 21, 189, 157, 238, 175, 223, 220]"
113612,"[45, 103, 261, 112, 48, 20, 76, 13, 279, 119]"
113613,"[119, 112, 32, 13, 20, 103, 34, 279, 84, 187]"
113614,"[64, 15, 77, 1, 105, 18, 72, 97, 7, 19]"
113615,"[238, 157, 36, 189, 90, 223, 21, 112, 105, 103]"
113616,"[76, 25, 261, 48, 45, 220, 12, 121, 43, 187]"
113617,"[38, 133, 146, 66, 12, 149, 19, 14, 6, 58]"
113618,"[175, 133, 7, 90, 223, 66, 189, 19, 157, 38]"
113619,"[18, 105, 72, 15, 77, 1, 97, 19, 0, 36]"
113620,"[238, 21, 157, 175, 223, 36, 189, 90, 20, 14]"
113621,"[6, 71, 25, 10, 51, 9, 41, 5, 73, 27]"
113622,"[189, 223, 90, 238, 21, 36, 157, 77, 105, 13]"
113623,"[0, 97, 18, 151, 49, 90, 41, 26, 14, 30]"
113624,"[55, 66, 149, 19, 38, 133, 146, 12, 157, 58]"
113625,"[23, 28, 142, 24, 60, 1, 7, 4, 121, 220]"
113626,"[10, 121, 43, 6, 30, 49, 220, 2, 187, 34]"
113627,"[187, 220, 121, 34, 43, 24, 23, 28, 142, 60]"
113628,"[146, 66, 149, 38, 72, 133, 19, 60, 12, 36]"
113629,"[103, 261, 45, 32, 13, 20, 76, 48, 34, 121]"
113630,"[45, 261, 76, 48, 103, 20, 14, 12, 112, 13]"
113631,"[44, 279, 7, 112, 32, 13, 103, 2, 20, 84]"
113632,"[19, 66, 149, 55, 119, 15, 18, 72, 223, 122]"
113633,"[24, 23, 142, 14, 147, 38, 60, 49, 187, 146]"
113634,"[58, 32, 12, 34, 45, 220, 48, 121, 187, 76]"
113635,"[72, 77, 49, 105, 151, 26, 15, 18, 64, 0]"
113636,"[29, 119, 17, 90, 42, 20, 223, 45, 238, 13]"
113637,"[71, 6, 72, 15, 3, 32, 18, 51, 9, 73]"
113638,"[19, 66, 149, 55, 32, 72, 133, 38, 238, 15]"
113639,"[28, 4, 55, 122, 24, 157, 189, 23, 238, 279]"
113640,"[119, 13, 20, 58, 34, 84, 112, 48, 103, 279]"
113641,"[124, 27, 149, 9, 6, 41, 103, 71, 25, 2]"
113642,"[34, 13, 187, 20, 119, 84, 103, 121, 220, 261]"
113643,"[48, 34, 45, 58, 76, 279, 121, 13, 261, 103]"
113644,"[1, 77, 15, 18, 82, 105, 49, 64, 72, 4]"
113645,"[60, 142, 24, 121, 23, 25, 42, 146, 220, 157]"
113646,"[157, 223, 149, 36, 105, 189, 238, 19, 4, 90]"
113647,"[17, 29, 42, 3, 73, 90, 91, 112, 13, 279]"
113648,"[279, 103, 20, 13, 112, 261, 45, 119, 48, 76]"
113649,"[13, 20, 119, 103, 279, 112, 189, 261, 157, 36]"
113650,"[60, 38, 24, 14, 147, 23, 133, 146, 97, 0]"
113651,"[13, 20, 119, 261, 76, 103, 279, 48, 112, 189]"
113652,"[21, 189, 149, 4, 36, 238, 28, 55, 90, 66]"
113653,"[261, 103, 45, 13, 20, 76, 48, 14, 32, 112]"
113654,"[23, 24, 60, 49, 7, 142, 28, 121, 30, 42]"
113655,"[138, 105, 15, 157, 77, 151, 0, 149, 223, 18]"
113656,"[30, 49, 38, 151, 0, 97, 71, 26, 15, 147]"
113657,"[51, 9, 6, 10, 5, 27, 71, 41, 25, 13]"
113658,"[24, 4, 28, 133, 147, 157, 60, 23, 66, 14]"
113659,"[38, 149, 66, 55, 147, 60, 19, 146, 4, 175]"
113660,"[36, 147, 238, 189, 157, 175, 14, 223, 119, 21]"
113661,"[60, 24, 23, 49, 42, 142, 28, 121, 220, 30]"
113662,"[25, 6, 41, 151, 76, 261, 0, 10, 27, 51]"
113663,"[45, 48, 58, 76, 20, 220, 12, 261, 119, 13]"
113664,"[0, 151, 97, 105, 25, 30, 14, 77, 49, 76]"
113665,"[48, 45, 20, 76, 13, 261, 119, 112, 103, 279]"
113666,"[29, 17, 42, 3, 91, 73, 14, 20, 13, 238]"
113667,"[41, 25, 9, 6, 97, 27, 261, 0, 76, 51]"
113668,"[60, 121, 142, 24, 23, 42, 25, 220, 30, 4]"
113669,"[189, 223, 90, 21, 34, 238, 36, 19, 157, 32]"
113670,"[3, 17, 73, 91, 15, 72, 82, 71, 18, 6]"
113671,"[13, 20, 119, 84, 261, 76, 58, 34, 32, 103]"
113672,"[6, 41, 25, 73, 58, 12, 91, 10, 71, 18]"
113673,"[149, 66, 38, 19, 124, 133, 146, 55, 157, 12]"
113674,"[142, 27, 23, 60, 14, 133, 21, 38, 147, 24]"
113675,"[7, 4, 66, 90, 175, 133, 19, 38, 223, 36]"
113676,"[38, 133, 14, 60, 146, 76, 24, 23, 142, 147]"
113677,"[55, 66, 38, 122, 19, 60, 149, 238, 133, 58]"
113678,"[279, 32, 13, 103, 23, 44, 112, 20, 261, 34]"
113679,"[220, 187, 34, 121, 43, 84, 28, 23, 60, 24]"
113680,"[151, 0, 97, 77, 25, 105, 14, 49, 45, 147]"
113681,"[72, 15, 82, 64, 26, 18, 73, 71, 6, 92]"
113682,"[6, 91, 12, 58, 25, 73, 41, 3, 10, 146]"
113683,"[142, 23, 60, 24, 27, 121, 42, 220, 187, 49]"
113684,"[12, 58, 45, 90, 76, 220, 43, 223, 187, 121]"
113685,"[71, 51, 6, 9, 27, 5, 72, 124, 15, 30]"
113686,"[28, 4, 55, 157, 279, 122, 66, 238, 189, 19]"
113687,"[147, 14, 220, 24, 146, 38, 36, 23, 133, 21]"
113688,"[3, 73, 91, 15, 6, 17, 72, 71, 64, 18]"
113689,"[157, 14, 189, 223, 90, 21, 238, 103, 36, 13]"
113690,"[66, 149, 19, 238, 36, 175, 157, 4, 7, 90]"
113691,"[13, 20, 119, 84, 76, 261, 34, 58, 103, 279]"
113692,"[64, 15, 77, 1, 105, 18, 72, 97, 7, 19]"
113693,"[121, 34, 220, 187, 84, 28, 43, 60, 24, 10]"
113694,"[142, 60, 90, 238, 189, 28, 21, 23, 24, 149]"
113695,"[5, 2, 10, 34, 1, 30, 121, 220, 49, 124]"
113696,"[103, 261, 112, 13, 119, 20, 238, 32, 21, 27]"
113697,"[92, 0, 105, 18, 49, 15, 1, 77, 51, 72]"
113698,"[130, 42, 10, 91, 30, 220, 73, 49, 187, 43]"
113699,"[146, 133, 38, 66, 58, 26, 14, 12, 72, 149]"
113700,"[14, 223, 189, 7, 19, 66, 146, 60, 238, 28]"
113701,"[36, 147, 238, 189, 157, 149, 146, 7, 19, 175]"
113702,"[54, 34, 121, 2, 84, 5, 1, 7, 10, 28]"
113703,"[27, 51, 124, 112, 9, 20, 279, 13, 103, 21]"
113704,"[279, 13, 112, 103, 32, 44, 23, 261, 20, 34]"
113705,"[97, 0, 105, 151, 77, 14, 25, 147, 49, 76]"
113706,"[42, 121, 130, 43, 60, 220, 187, 24, 23, 142]"
113707,"[84, 121, 34, 220, 187, 43, 4, 7, 10, 28]"
113708,"[5, 2, 10, 34, 121, 1, 220, 30, 84, 124]"
113709,"[36, 147, 238, 189, 157, 223, 175, 14, 119, 21]"
113710,"[42, 29, 17, 3, 91, 73, 130, 13, 60, 189]"
113711,"[122, 133, 19, 149, 55, 38, 66, 146, 28, 12]"
113712,"[133, 122, 149, 146, 19, 38, 66, 58, 55, 32]"
113713,"[103, 13, 34, 20, 32, 279, 261, 112, 84, 119]"
113714,"[71, 15, 3, 6, 72, 44, 73, 32, 18, 66]"
113715,"[146, 60, 66, 36, 149, 72, 38, 14, 23, 19]"
113716,"[76, 45, 112, 20, 48, 13, 261, 124, 12, 279]"
113717,"[130, 42, 91, 73, 30, 49, 10, 3, 121, 2]"
113718,"[36, 147, 238, 157, 189, 175, 14, 223, 21, 119]"
113719,"[3, 73, 91, 17, 6, 15, 130, 82, 72, 71]"
113720,"[279, 32, 13, 103, 23, 44, 112, 20, 261, 76]"
113721,"[18, 72, 15, 82, 6, 64, 71, 97, 19, 92]"
113722,"[15, 18, 0, 77, 97, 9, 64, 151, 82, 38]"
113723,"[175, 36, 189, 90, 157, 223, 238, 21, 105, 13]"
113724,"[51, 27, 41, 124, 25, 9, 20, 112, 261, 6]"
113725,"[147, 36, 112, 238, 77, 119, 189, 21, 14, 157]"
113726,"[77, 105, 151, 0, 97, 157, 51, 25, 9, 27]"
113727,"[29, 17, 42, 3, 91, 73, 90, 13, 103, 189]"
113728,"[54, 220, 121, 34, 187, 84, 2, 43, 5, 1]"
113729,"[7, 23, 28, 60, 142, 24, 4, 34, 220, 121]"
113730,"[82, 72, 15, 3, 18, 64, 66, 149, 26, 1]"
113731,"[30, 49, 38, 151, 0, 97, 15, 147, 26, 71]"
113732,"[91, 73, 130, 3, 42, 151, 25, 29, 6, 49]"
113733,"[64, 151, 72, 77, 15, 1, 90, 82, 124, 3]"
113734,"[149, 66, 19, 238, 157, 36, 189, 4, 223, 90]"
113735,"[146, 38, 133, 58, 14, 66, 12, 6, 149, 19]"
113736,"[1, 2, 28, 49, 30, 34, 77, 23, 15, 5]"
113737,"[12, 220, 45, 261, 20, 58, 13, 121, 34, 48]"
113738,"[48, 45, 261, 76, 14, 20, 13, 112, 279, 25]"
113739,"[90, 223, 189, 36, 112, 21, 175, 157, 14, 238]"
113740,"[0, 97, 30, 151, 49, 105, 25, 76, 26, 15]"
113741,"[146, 14, 36, 175, 66, 189, 7, 23, 149, 90]"
113742,"[119, 112, 13, 20, 45, 103, 279, 76, 32, 43]"
113743,"[124, 27, 41, 9, 25, 51, 103, 77, 105, 112]"
113744,"[12, 58, 45, 20, 76, 223, 261, 187, 43, 220]"
113745,"[45, 76, 20, 112, 13, 48, 261, 103, 124, 279]"
113746,"[25, 6, 41, 151, 10, 76, 45, 261, 121, 48]"
113747,"[32, 58, 12, 44, 66, 103, 55, 19, 261, 6]"
113748,"[261, 103, 45, 32, 13, 20, 76, 48, 34, 121]"
113749,"[19, 66, 149, 55, 119, 15, 223, 122, 238, 18]"
113750,"[0, 97, 90, 18, 77, 151, 105, 51, 14, 41]"
113751,"[175, 36, 90, 238, 223, 21, 157, 77, 189, 119]"
113752,"[49, 0, 97, 30, 26, 151, 14, 146, 72, 105]"
113753,"[91, 73, 130, 42, 3, 97, 6, 41, 25, 10]"
113754,"[30, 49, 1, 142, 23, 60, 24, 10, 130, 7]"
113755,"[60, 142, 121, 24, 23, 42, 25, 146, 220, 157]"
113756,"[261, 20, 21, 103, 13, 45, 279, 76, 14, 48]"
113757,"[238, 157, 36, 189, 90, 151, 223, 14, 21, 105]"
113758,"[103, 32, 261, 13, 112, 20, 58, 34, 44, 121]"
113759,"[28, 24, 23, 142, 4, 60, 7, 187, 121, 220]"
113760,"[24, 4, 28, 147, 133, 60, 157, 14, 23, 238]"
113761,"[48, 34, 45, 103, 76, 58, 13, 121, 20, 261]"
113762,"[14, 21, 66, 223, 238, 20, 36, 189, 7, 261]"
113763,"[77, 105, 15, 82, 72, 18, 1, 151, 64, 157]"
113764,"[28, 24, 23, 142, 4, 60, 7, 187, 34, 121]"
113765,"[130, 91, 42, 73, 10, 3, 49, 1, 2, 60]"
113766,"[30, 49, 71, 0, 15, 151, 26, 97, 1, 92]"
113767,"[157, 223, 90, 36, 238, 105, 14, 189, 147, 21]"
113768,"[45, 48, 76, 261, 58, 14, 20, 220, 12, 151]"
113769,"[238, 157, 36, 90, 189, 223, 105, 21, 112, 103]"
113770,"[18, 72, 15, 19, 82, 64, 66, 71, 105, 55]"
113771,"[19, 66, 149, 55, 119, 15, 18, 223, 72, 122]"
113772,"[189, 19, 66, 157, 28, 223, 149, 175, 146, 4]"
113773,"[38, 66, 149, 55, 60, 147, 19, 157, 189, 23]"
113774,"[112, 119, 13, 279, 103, 20, 175, 36, 32, 45]"
113775,"[7, 23, 28, 60, 34, 4, 24, 142, 220, 121]"
113776,"[73, 91, 3, 6, 130, 17, 26, 42, 151, 15]"
113777,"[77, 105, 15, 72, 151, 82, 49, 18, 1, 30]"
113778,"[124, 27, 149, 9, 41, 105, 6, 25, 71, 2]"
113779,"[21, 20, 14, 238, 90, 261, 66, 157, 36, 189]"
113780,"[29, 17, 90, 3, 223, 119, 238, 42, 20, 175]"
113781,"[49, 0, 97, 30, 151, 26, 72, 105, 14, 41]"
113782,"[130, 42, 91, 73, 3, 49, 30, 10, 142, 23]"
113783,"[142, 60, 23, 24, 28, 49, 4, 7, 30, 34]"
113784,"[72, 30, 49, 64, 77, 105, 0, 15, 82, 26]"
113785,"[12, 58, 20, 119, 32, 45, 279, 76, 261, 48]"
113786,"[82, 77, 105, 3, 15, 18, 72, 1, 223, 238]"
113787,"[9, 51, 27, 13, 77, 41, 20, 25, 105, 112]"
113788,"[138, 82, 1, 77, 151, 0, 15, 26, 18, 105]"
113789,"[189, 223, 19, 66, 157, 238, 90, 21, 36, 149]"
113790,"[130, 42, 10, 91, 73, 49, 30, 5, 187, 220]"
113791,"[138, 1, 30, 49, 4, 2, 28, 10, 23, 130]"
113792,"[133, 38, 19, 66, 149, 175, 55, 146, 58, 92]"
113793,"[28, 4, 1, 7, 24, 23, 34, 60, 121, 142]"
113794,"[97, 0, 151, 49, 26, 91, 30, 133, 18, 105]"
113795,"[14, 146, 23, 60, 24, 147, 133, 38, 43, 187]"
113796,"[43, 187, 220, 121, 34, 84, 42, 10, 7, 4]"
113797,"[122, 28, 189, 149, 19, 90, 4, 21, 133, 238]"
113798,"[4, 24, 7, 60, 28, 23, 1, 121, 34, 43]"
113799,"[133, 38, 146, 66, 14, 58, 149, 12, 91, 19]"
113800,"[28, 24, 49, 23, 60, 4, 220, 142, 7, 121]"
113801,"[71, 15, 72, 82, 6, 3, 279, 18, 2, 32]"
113802,"[220, 45, 12, 261, 48, 34, 76, 20, 32, 58]"
113803,"[187, 34, 121, 220, 84, 43, 10, 7, 60, 42]"
113804,"[29, 17, 20, 13, 42, 238, 175, 3, 223, 119]"
113805,"[133, 24, 38, 60, 175, 92, 220, 147, 14, 58]"
113806,"[30, 71, 49, 15, 1, 77, 105, 138, 36, 73]"
113807,"[82, 3, 15, 72, 18, 77, 64, 105, 71, 66]"
113808,"[23, 24, 60, 49, 142, 4, 42, 187, 121, 43]"
113809,"[72, 64, 15, 18, 82, 92, 6, 71, 66, 26]"
113810,"[10, 41, 25, 6, 130, 49, 43, 45, 30, 12]"
113811,"[34, 58, 32, 121, 187, 189, 220, 84, 103, 13]"
113812,"[238, 55, 66, 36, 14, 28, 19, 149, 189, 223]"
113813,"[72, 15, 77, 105, 82, 18, 146, 71, 151, 66]"
113814,"[97, 0, 151, 49, 30, 147, 18, 41, 105, 91]"
113815,"[23, 14, 142, 24, 146, 60, 149, 38, 147, 261]"
113816,"[77, 105, 157, 151, 9, 51, 15, 72, 27, 189]"
113817,"[157, 238, 105, 36, 189, 25, 90, 223, 175, 55]"
113818,"[58, 45, 12, 48, 76, 121, 261, 220, 187, 43]"
113819,"[28, 24, 23, 60, 4, 7, 142, 34, 1, 49]"
113820,"[187, 220, 58, 76, 121, 12, 261, 43, 147, 34]"
113821,"[13, 20, 279, 103, 119, 34, 112, 51, 32, 44]"
113822,"[279, 103, 20, 32, 13, 112, 45, 261, 34, 119]"
113823,"[223, 189, 90, 14, 157, 21, 36, 20, 238, 175]"
113824,"[5, 51, 9, 71, 2, 48, 36, 3, 64, 90]"
113825,"[58, 32, 12, 34, 187, 220, 48, 45, 76, 121]"
113826,"[72, 15, 18, 64, 66, 19, 82, 149, 77, 3]"
113827,"[119, 20, 13, 112, 103, 279, 189, 223, 45, 261]"
113828,"[71, 6, 51, 9, 25, 30, 10, 27, 5, 72]"
113829,"[90, 0, 97, 223, 157, 14, 238, 36, 189, 29]"
113830,"[45, 261, 76, 48, 103, 12, 14, 20, 112, 13]"
113831,"[84, 34, 121, 4, 2, 13, 20, 60, 220, 187]"
113832,"[45, 103, 261, 48, 76, 12, 112, 13, 20, 58]"
113833,"[122, 133, 19, 149, 38, 55, 26, 66, 15, 14]"
113834,"[90, 189, 21, 48, 238, 14, 223, 36, 157, 175]"
113835,"[38, 133, 14, 60, 146, 24, 23, 76, 147, 66]"
113836,"[157, 60, 55, 25, 36, 238, 7, 105, 38, 19]"
113837,"[147, 55, 97, 28, 119, 36, 24, 38, 122, 223]"
113838,"[73, 3, 91, 17, 26, 130, 15, 29, 42, 72]"
113839,"[41, 25, 6, 76, 261, 9, 10, 14, 51, 49]"
113840,"[36, 157, 238, 90, 21, 189, 13, 175, 112, 223]"
113841,"[4, 28, 84, 1, 7, 24, 34, 142, 23, 189]"
113842,"[60, 24, 14, 38, 146, 23, 142, 147, 42, 133]"
113843,"[149, 157, 66, 36, 238, 223, 19, 23, 14, 55]"
113844,"[130, 91, 73, 3, 42, 10, 17, 105, 41, 25]"
113845,"[138, 1, 49, 30, 7, 142, 60, 2, 82, 77]"
113846,"[5, 51, 27, 2, 71, 105, 9, 34, 77, 103]"
113847,"[6, 18, 71, 72, 25, 41, 73, 15, 82, 44]"
113848,"[76, 13, 20, 220, 261, 45, 55, 48, 25, 32]"
113849,"[122, 133, 28, 189, 149, 19, 90, 142, 24, 4]"
113850,"[72, 15, 77, 105, 82, 18, 71, 66, 64, 146]"
113851,"[71, 279, 9, 20, 27, 2, 51, 77, 5, 103]"
113852,"[91, 73, 3, 130, 17, 72, 15, 6, 29, 42]"
113853,"[157, 223, 149, 36, 90, 105, 238, 23, 55, 189]"
113854,"[2, 27, 124, 112, 51, 9, 71, 20, 103, 32]"
113855,"[73, 3, 91, 17, 130, 6, 42, 18, 15, 29]"
113856,"[103, 261, 20, 13, 279, 48, 45, 76, 112, 119]"
113857,"[51, 9, 27, 10, 25, 0, 6, 41, 124, 20]"
113858,"[130, 91, 3, 73, 105, 42, 10, 17, 29, 5]"
113859,"[1, 82, 105, 49, 26, 30, 97, 77, 18, 4]"
113860,"[27, 51, 142, 25, 124, 41, 112, 261, 9, 13]"
113861,"[157, 66, 189, 149, 28, 223, 19, 90, 21, 4]"
113862,"[220, 187, 76, 121, 147, 12, 58, 45, 43, 6]"
113863,"[13, 20, 261, 279, 103, 76, 58, 48, 45, 119]"
113864,"[66, 4, 38, 133, 149, 19, 23, 28, 21, 60]"
113865,"[72, 146, 77, 15, 151, 105, 82, 30, 26, 71]"
113866,"[30, 77, 105, 49, 72, 151, 92, 1, 15, 64]"
113867,"[32, 58, 34, 12, 189, 17, 71, 149, 66, 13]"
113868,"[54, 32, 220, 103, 13, 121, 12, 279, 27, 119]"
113869,"[60, 24, 66, 19, 38, 28, 29, 175, 238, 14]"
113870,"[23, 19, 4, 14, 149, 24, 77, 66, 36, 146]"
113871,"[32, 112, 12, 279, 103, 119, 19, 58, 66, 17]"
113872,"[147, 36, 133, 24, 112, 238, 38, 77, 4, 19]"
113873,"[7, 43, 23, 28, 49, 4, 142, 60, 24, 121]"
113874,"[60, 28, 24, 4, 23, 7, 34, 142, 42, 121]"
113875,"[151, 0, 72, 77, 97, 105, 18, 49, 30, 28]"
113876,"[41, 6, 10, 25, 9, 51, 82, 27, 2, 220]"
113877,"[36, 157, 238, 90, 21, 189, 13, 105, 112, 175]"
113878,"[91, 3, 130, 73, 42, 133, 6, 29, 151, 97]"
113879,"[77, 105, 151, 157, 9, 51, 189, 238, 15, 27]"
113880,"[10, 121, 43, 2, 34, 84, 42, 30, 220, 49]"
113881,"[41, 25, 9, 51, 6, 27, 124, 76, 10, 261]"
113882,"[103, 45, 20, 261, 13, 76, 12, 48, 279, 34]"
113883,"[54, 13, 103, 20, 27, 51, 34, 121, 71, 32]"
113884,"[130, 91, 73, 3, 42, 10, 41, 25, 151, 105]"
113885,"[92, 26, 73, 6, 72, 49, 18, 15, 38, 0]"
113886,"[60, 24, 28, 23, 4, 7, 142, 1, 42, 49]"
113887,"[77, 105, 119, 151, 97, 51, 124, 0, 27, 72]"
113888,"[151, 0, 77, 72, 97, 105, 18, 49, 30, 24]"
113889,"[124, 27, 9, 149, 51, 105, 103, 41, 77, 25]"
113890,"[51, 0, 27, 9, 25, 41, 20, 112, 124, 13]"
113891,"[20, 261, 13, 45, 14, 48, 279, 119, 76, 103]"
113892,"[66, 149, 19, 72, 146, 55, 38, 238, 133, 17]"
113893,"[91, 130, 73, 3, 42, 17, 29, 51, 97, 10]"
113894,"[122, 28, 133, 189, 149, 90, 142, 24, 19, 23]"
113895,"[15, 72, 77, 64, 105, 18, 82, 2, 1, 49]"
113896,"[34, 187, 220, 84, 121, 28, 43, 23, 42, 24]"
113897,"[4, 24, 36, 157, 149, 66, 7, 28, 223, 238]"
113898,"[76, 13, 20, 55, 261, 48, 220, 45, 25, 121]"
113899,"[51, 9, 105, 124, 27, 77, 13, 103, 20, 71]"
113900,"[23, 28, 24, 142, 4, 60, 7, 187, 49, 121]"
113901,"[12, 58, 32, 6, 45, 66, 149, 44, 71, 220]"
113902,"[44, 32, 13, 12, 19, 71, 6, 84, 58, 119]"
113903,"[26, 30, 92, 151, 97, 73, 49, 0, 187, 146]"
113904,"[23, 14, 24, 146, 147, 60, 38, 142, 133, 49]"
113905,"[6, 18, 71, 41, 25, 12, 44, 58, 72, 51]"
113906,"[133, 122, 149, 19, 146, 38, 66, 58, 12, 32]"
113907,"[21, 189, 36, 90, 157, 147, 14, 238, 223, 13]"
113908,"[223, 189, 90, 19, 157, 21, 36, 66, 7, 149]"
113909,"[91, 3, 73, 6, 133, 130, 38, 42, 26, 17]"
113910,"[149, 157, 36, 66, 238, 223, 23, 19, 55, 189]"
113911,"[60, 38, 24, 14, 23, 42, 146, 142, 133, 147]"
113912,"[71, 15, 6, 3, 44, 32, 73, 51, 12, 66]"
113913,"[41, 0, 25, 97, 51, 151, 261, 6, 9, 10]"
113914,"[13, 20, 119, 112, 103, 279, 51, 9, 261, 48]"
113915,"[130, 91, 73, 10, 3, 42, 25, 6, 97, 151]"
113916,"[38, 146, 133, 66, 19, 149, 55, 147, 12, 60]"
113917,"[97, 105, 0, 77, 151, 18, 25, 15, 64, 157]"
113918,"[28, 4, 7, 34, 24, 23, 84, 60, 1, 42]"
113919,"[279, 20, 112, 13, 1, 51, 12, 84, 119, 4]"
113920,"[36, 238, 157, 189, 149, 147, 7, 175, 19, 223]"
113921,"[0, 97, 151, 30, 49, 105, 25, 14, 76, 38]"
113922,"[3, 91, 73, 29, 130, 17, 82, 42, 77, 138]"
113923,"[147, 36, 220, 14, 21, 157, 189, 19, 38, 24]"
113924,"[6, 27, 25, 10, 51, 41, 124, 49, 3, 2]"
113925,"[54, 121, 13, 12, 20, 6, 103, 48, 32, 51]"
113926,"[23, 142, 28, 24, 60, 4, 7, 187, 121, 149]"
113927,"[122, 133, 19, 149, 38, 55, 66, 26, 14, 15]"
113928,"[119, 13, 19, 12, 20, 58, 112, 34, 32, 121]"
113929,"[32, 279, 112, 103, 119, 43, 187, 12, 261, 13]"
113930,"[187, 220, 76, 58, 121, 12, 43, 261, 34, 147]"
113931,"[133, 66, 38, 149, 146, 19, 55, 91, 72, 64]"
113932,"[0, 105, 77, 97, 151, 157, 14, 25, 30, 18]"
113933,"[30, 49, 71, 0, 15, 14, 142, 151, 26, 92]"
113934,"[6, 3, 71, 91, 15, 12, 58, 72, 32, 25]"
113935,"[92, 133, 26, 72, 64, 15, 77, 82, 18, 19]"
113936,"[25, 41, 76, 6, 9, 51, 45, 261, 151, 27]"
113937,"[157, 60, 55, 238, 36, 7, 19, 105, 66, 189]"
113938,"[261, 103, 45, 32, 13, 20, 76, 48, 34, 121]"
113939,"[91, 3, 73, 130, 17, 133, 6, 42, 82, 29]"
113940,"[133, 175, 24, 38, 19, 4, 66, 149, 60, 92]"
113941,"[36, 238, 157, 189, 147, 175, 223, 21, 119, 105]"
113942,"[82, 15, 18, 77, 1, 26, 151, 105, 72, 149]"
113943,"[20, 261, 13, 279, 103, 45, 58, 76, 48, 121]"
113944,"[23, 7, 28, 24, 60, 4, 49, 142, 42, 121]"
113945,"[48, 45, 58, 76, 261, 121, 220, 187, 12, 34]"
113946,"[147, 14, 220, 24, 38, 36, 146, 23, 133, 142]"
113947,"[2, 27, 51, 10, 6, 18, 71, 25, 112, 121]"
113948,"[121, 220, 34, 84, 187, 60, 42, 43, 24, 7]"
113949,"[10, 51, 41, 6, 27, 2, 25, 5, 121, 124]"
113950,"[119, 112, 13, 20, 103, 279, 32, 45, 51, 77]"
113951,"[157, 223, 149, 90, 36, 238, 23, 189, 14, 19]"
113952,"[151, 97, 77, 0, 25, 14, 41, 105, 261, 6]"
113953,"[23, 14, 24, 146, 60, 147, 38, 19, 142, 133]"
113954,"[23, 4, 24, 28, 60, 49, 7, 142, 1, 42]"
113955,"[133, 175, 24, 38, 4, 149, 66, 60, 19, 92]"
113956,"[261, 20, 21, 103, 13, 45, 279, 14, 76, 48]"
113957,"[220, 187, 121, 34, 279, 13, 32, 43, 119, 12]"
113958,"[133, 14, 147, 146, 38, 24, 60, 58, 142, 23]"
113959,"[30, 105, 77, 49, 151, 72, 1, 92, 15, 0]"
113960,"[175, 36, 19, 7, 66, 90, 223, 122, 238, 21]"
113961,"[97, 0, 151, 49, 30, 147, 91, 41, 105, 18]"
113962,"[30, 49, 1, 23, 142, 60, 24, 130, 7, 10]"
113963,"[66, 149, 19, 238, 72, 36, 7, 90, 157, 4]"
113964,"[71, 30, 51, 124, 6, 27, 20, 25, 9, 12]"
113965,"[238, 157, 28, 66, 36, 90, 189, 32, 19, 7]"
113966,"[82, 77, 1, 72, 105, 15, 18, 64, 3, 51]"
113967,"[151, 97, 91, 49, 77, 0, 25, 6, 121, 64]"
113968,"[84, 34, 121, 4, 2, 220, 60, 42, 28, 187]"
113969,"[10, 130, 49, 43, 187, 220, 30, 42, 2, 121]"
113970,"[157, 25, 60, 238, 36, 105, 189, 147, 55, 77]"
113971,"[15, 72, 64, 18, 82, 66, 149, 19, 71, 3]"
113972,"[76, 13, 20, 45, 261, 112, 103, 48, 25, 238]"
113973,"[77, 105, 15, 72, 151, 82, 49, 1, 157, 18]"
113974,"[130, 91, 73, 10, 3, 42, 25, 6, 105, 26]"
113975,"[38, 133, 66, 146, 12, 19, 149, 58, 14, 6]"
113976,"[138, 1, 49, 30, 7, 142, 60, 2, 82, 77]"
113977,"[105, 77, 157, 18, 223, 15, 151, 51, 82, 9]"
113978,"[238, 55, 66, 36, 14, 28, 19, 189, 149, 223]"
113979,"[223, 66, 238, 189, 28, 19, 90, 55, 29, 157]"
113980,"[58, 12, 32, 45, 6, 48, 261, 76, 38, 121]"
113981,"[157, 223, 90, 36, 238, 14, 189, 105, 149, 147]"
113982,"[58, 45, 48, 119, 20, 32, 12, 13, 103, 76]"
113983,"[32, 66, 44, 103, 19, 55, 58, 149, 12, 34]"
113984,"[49, 30, 10, 1, 23, 24, 60, 142, 42, 121]"
113985,"[17, 73, 29, 42, 3, 36, 4, 112, 55, 45]"
113986,"[41, 25, 6, 76, 261, 10, 14, 9, 45, 51]"
113987,"[5, 2, 34, 1, 10, 84, 124, 28, 30, 13]"
113988,"[3, 91, 73, 17, 15, 72, 6, 64, 18, 71]"
113989,"[187, 34, 121, 223, 58, 220, 45, 48, 84, 20]"
113990,"[23, 24, 142, 60, 49, 42, 121, 220, 28, 187]"
113991,"[5, 2, 34, 10, 1, 84, 28, 124, 220, 121]"
113992,"[0, 105, 97, 151, 77, 25, 18, 157, 36, 30]"
113993,"[49, 30, 97, 0, 26, 151, 41, 72, 14, 92]"
113994,"[223, 189, 90, 19, 157, 14, 21, 36, 7, 187]"
113995,"[0, 97, 151, 18, 41, 73, 6, 30, 26, 49]"
113996,"[58, 45, 12, 48, 261, 76, 121, 220, 187, 43]"
113997,"[12, 58, 32, 71, 19, 55, 20, 66, 119, 6]"
113998,"[43, 12, 42, 58, 187, 121, 10, 76, 45, 220]"
113999,"[238, 55, 66, 14, 36, 28, 19, 189, 223, 149]"
114000,"[157, 25, 60, 36, 238, 189, 90, 105, 147, 175]"
114001,"[84, 34, 13, 20, 189, 58, 103, 261, 121, 48]"
114002,"[38, 66, 149, 55, 19, 133, 146, 15, 12, 157]"
114003,"[220, 121, 187, 76, 12, 147, 58, 45, 43, 6]"
114004,"[133, 146, 38, 58, 12, 122, 147, 14, 19, 149]"
114005,"[97, 0, 151, 49, 30, 91, 41, 147, 105, 18]"
114006,"[92, 26, 49, 105, 0, 72, 77, 73, 51, 18]"
114007,"[142, 14, 38, 48, 147, 60, 24, 0, 19, 23]"
114008,"[138, 49, 1, 23, 105, 30, 15, 157, 2, 84]"
114009,"[90, 189, 238, 223, 21, 36, 157, 175, 103, 13]"
114010,"[36, 157, 238, 90, 13, 189, 21, 112, 105, 66]"
114011,"[41, 25, 9, 51, 6, 27, 124, 105, 20, 76]"
114012,"[41, 25, 6, 97, 9, 261, 27, 76, 0, 151]"
114013,"[12, 58, 32, 19, 20, 71, 66, 76, 45, 119]"
114014,"[90, 223, 36, 189, 66, 175, 112, 21, 157, 28]"
114015,"[149, 124, 36, 157, 142, 223, 38, 23, 19, 66]"
114016,"[58, 12, 32, 133, 6, 146, 34, 45, 220, 187]"
114017,"[77, 105, 15, 82, 1, 18, 72, 151, 157, 64]"
114018,"[43, 187, 42, 121, 220, 10, 7, 24, 12, 4]"
114019,"[24, 4, 28, 133, 147, 157, 60, 23, 14, 66]"
114020,"[72, 15, 82, 18, 146, 66, 64, 71, 3, 26]"
114021,"[175, 133, 66, 90, 7, 157, 223, 189, 238, 36]"
114022,"[14, 238, 157, 261, 223, 21, 20, 189, 23, 90]"
114023,"[9, 51, 27, 20, 71, 13, 77, 5, 2, 34]"
114024,"[97, 0, 105, 151, 18, 55, 77, 49, 1, 72]"
114025,"[279, 103, 20, 13, 112, 261, 45, 119, 48, 76]"
114026,"[112, 119, 32, 13, 279, 103, 45, 187, 34, 43]"
114027,"[30, 49, 1, 60, 10, 23, 38, 24, 130, 42]"
114028,"[44, 19, 66, 32, 6, 103, 71, 279, 55, 149]"
114029,"[130, 91, 73, 42, 3, 10, 97, 26, 151, 25]"
114030,"[19, 66, 7, 238, 149, 4, 36, 90, 28, 21]"
114031,"[30, 71, 15, 49, 1, 77, 105, 36, 7, 0]"
114032,"[124, 27, 9, 41, 2, 6, 25, 10, 51, 71]"
114033,"[2, 51, 27, 6, 18, 10, 71, 25, 112, 5]"
114034,"[82, 77, 3, 105, 15, 138, 18, 1, 72, 49]"
114035,"[175, 36, 19, 7, 90, 66, 122, 223, 21, 77]"
114036,"[7, 36, 43, 175, 14, 157, 66, 23, 238, 19]"
114037,"[2, 51, 5, 27, 238, 105, 71, 9, 49, 44]"
114038,"[26, 0, 92, 49, 30, 73, 151, 97, 105, 146]"
114039,"[105, 77, 97, 0, 151, 189, 223, 82, 27, 51]"
114040,"[7, 23, 28, 60, 142, 4, 24, 34, 220, 187]"
114041,"[4, 189, 28, 21, 19, 238, 66, 36, 223, 157]"
114042,"[21, 66, 20, 238, 19, 14, 90, 261, 4, 36]"
114043,"[25, 6, 41, 10, 76, 97, 151, 130, 0, 9]"
114044,"[189, 223, 21, 36, 4, 38, 55, 19, 157, 28]"
114045,"[0, 97, 18, 49, 151, 92, 26, 41, 30, 14]"
114046,"[21, 238, 14, 157, 175, 223, 36, 20, 189, 90]"
114047,"[105, 157, 77, 0, 25, 97, 36, 151, 9, 21]"
114048,"[97, 0, 26, 151, 49, 91, 18, 105, 133, 30]"
114049,"[119, 13, 19, 20, 34, 112, 103, 32, 279, 36]"
114050,"[23, 19, 149, 66, 14, 4, 24, 146, 238, 28]"
114051,"[130, 91, 42, 3, 73, 10, 1, 5, 30, 105]"
114052,"[1, 49, 28, 2, 30, 60, 23, 138, 24, 34]"
114053,"[189, 223, 157, 238, 90, 36, 20, 21, 13, 175]"
114054,"[279, 103, 20, 112, 13, 45, 32, 34, 261, 119]"
114055,"[187, 34, 121, 223, 220, 58, 20, 84, 48, 45]"
114056,"[71, 30, 51, 27, 124, 9, 15, 20, 2, 1]"
114057,"[42, 43, 121, 60, 187, 220, 130, 23, 10, 24]"
114058,"[41, 25, 6, 9, 27, 10, 49, 121, 76, 261]"
114059,"[146, 60, 36, 66, 149, 14, 38, 72, 23, 133]"
114060,"[32, 58, 12, 34, 189, 17, 133, 66, 71, 6]"
114061,"[103, 45, 261, 13, 20, 76, 48, 279, 12, 58]"
114062,"[151, 0, 97, 105, 25, 30, 49, 14, 77, 41]"
114063,"[124, 27, 51, 9, 20, 112, 279, 77, 13, 2]"
114064,"[60, 157, 25, 55, 146, 77, 142, 151, 105, 149]"
114065,"[17, 3, 29, 91, 73, 66, 42, 19, 149, 32]"
114066,"[72, 146, 15, 77, 151, 82, 105, 26, 49, 30]"
114067,"[77, 105, 15, 72, 82, 1, 18, 64, 157, 151]"
114068,"[60, 38, 24, 97, 14, 147, 133, 23, 146, 0]"
114069,"[42, 73, 17, 91, 29, 130, 121, 76, 261, 58]"
114070,"[51, 27, 9, 10, 0, 25, 41, 6, 124, 2]"
114071,"[44, 13, 84, 119, 20, 7, 261, 103, 48, 76]"
114072,"[103, 20, 13, 279, 261, 112, 157, 119, 32, 238]"
114073,"[71, 6, 51, 9, 25, 30, 10, 5, 27, 124]"
114074,"[0, 97, 90, 18, 77, 151, 105, 51, 14, 41]"
114075,"[149, 238, 157, 223, 36, 66, 19, 90, 189, 7]"
114076,"[84, 34, 220, 121, 187, 4, 7, 2, 28, 43]"
114077,"[138, 82, 77, 18, 15, 1, 26, 0, 105, 49]"
114078,"[28, 24, 4, 34, 7, 2, 238, 1, 60, 23]"
114079,"[10, 130, 2, 49, 5, 30, 43, 220, 187, 34]"
114080,"[45, 48, 76, 58, 220, 20, 261, 12, 119, 13]"
114081,"[2, 10, 34, 1, 5, 84, 121, 27, 18, 51]"
114082,"[72, 146, 15, 151, 77, 82, 105, 26, 71, 49]"
114083,"[84, 34, 20, 13, 279, 119, 112, 103, 32, 124]"
114084,"[34, 13, 103, 32, 84, 112, 119, 20, 279, 51]"
114085,"[71, 30, 124, 51, 6, 20, 27, 25, 9, 15]"
114086,"[130, 91, 42, 73, 10, 49, 3, 60, 142, 30]"
114087,"[13, 20, 261, 48, 103, 119, 279, 112, 45, 76]"
114088,"[142, 60, 30, 24, 23, 49, 42, 121, 220, 28]"
114089,"[64, 15, 72, 18, 19, 82, 66, 3, 71, 77]"
114090,"[44, 32, 13, 19, 119, 84, 66, 55, 20, 71]"
114091,"[5, 2, 10, 1, 34, 124, 76, 30, 121, 49]"
114092,"[23, 149, 14, 157, 238, 142, 28, 19, 24, 223]"
114093,"[7, 44, 23, 55, 90, 28, 157, 189, 60, 223]"
114094,"[21, 189, 223, 90, 19, 36, 66, 238, 157, 4]"
114095,"[55, 19, 66, 149, 18, 38, 122, 82, 28, 15]"
114096,"[82, 72, 15, 3, 26, 18, 64, 6, 92, 73]"
114097,"[54, 121, 220, 5, 84, 34, 2, 1, 10, 187]"
114098,"[97, 0, 105, 18, 151, 1, 77, 55, 49, 72]"
114099,"[13, 261, 20, 103, 279, 48, 44, 58, 45, 76]"
114100,"[124, 27, 112, 9, 51, 41, 77, 76, 90, 5]"
114101,"[130, 10, 42, 91, 73, 2, 5, 49, 3, 30]"
114102,"[29, 17, 119, 3, 42, 90, 223, 20, 19, 13]"
114103,"[58, 32, 12, 133, 34, 189, 6, 146, 220, 13]"
114104,"[157, 238, 36, 105, 189, 25, 90, 175, 13, 60]"
114105,"[54, 51, 13, 20, 279, 103, 71, 119, 32, 9]"
114106,"[279, 20, 103, 112, 13, 119, 157, 238, 261, 45]"
114107,"[14, 223, 189, 7, 66, 19, 23, 28, 36, 60]"
114108,"[30, 49, 1, 142, 60, 23, 24, 130, 7, 71]"
114109,"[0, 105, 77, 97, 151, 25, 30, 18, 36, 14]"
114110,"[10, 2, 130, 43, 5, 49, 187, 220, 41, 51]"
114111,"[29, 17, 42, 3, 90, 103, 13, 34, 73, 279]"
114112,"[0, 97, 151, 30, 49, 105, 25, 14, 26, 38]"
114113,"[92, 0, 49, 151, 105, 91, 97, 26, 15, 14]"
114114,"[103, 32, 13, 112, 34, 20, 44, 66, 279, 19]"
114115,"[142, 60, 30, 28, 23, 24, 7, 34, 4, 49]"
114116,"[92, 0, 105, 15, 49, 18, 9, 77, 51, 1]"
114117,"[15, 72, 3, 82, 18, 64, 71, 66, 19, 149]"
114118,"[32, 44, 103, 66, 19, 55, 58, 149, 13, 20]"
114119,"[14, 157, 238, 261, 23, 223, 21, 189, 90, 20]"
114120,"[13, 112, 279, 20, 45, 103, 76, 261, 119, 32]"
114121,"[84, 34, 121, 4, 2, 220, 60, 13, 187, 20]"
114122,"[147, 36, 112, 238, 189, 77, 21, 119, 157, 175]"
114123,"[4, 24, 157, 36, 66, 149, 28, 223, 7, 90]"
114124,"[84, 34, 121, 7, 220, 4, 187, 2, 43, 28]"
114125,"[138, 1, 30, 49, 23, 2, 4, 28, 142, 151]"
114126,"[13, 20, 119, 261, 76, 84, 34, 58, 103, 279]"
114127,"[103, 32, 261, 112, 119, 13, 20, 66, 19, 34]"
114128,"[25, 6, 41, 27, 51, 10, 71, 60, 121, 2]"
114129,"[27, 51, 142, 2, 124, 9, 13, 20, 279, 71]"
114130,"[4, 24, 157, 36, 60, 149, 66, 7, 28, 23]"
114131,"[30, 49, 38, 151, 97, 0, 71, 25, 147, 26]"
114132,"[146, 60, 14, 38, 23, 133, 147, 66, 142, 36]"
114133,"[0, 97, 30, 151, 49, 105, 14, 26, 25, 18]"
114134,"[6, 12, 71, 3, 58, 32, 91, 15, 25, 27]"
114135,"[23, 14, 142, 146, 24, 38, 60, 149, 261, 147]"
114136,"[23, 24, 28, 142, 14, 19, 147, 4, 189, 223]"
114137,"[10, 51, 6, 41, 27, 2, 25, 5, 124, 121]"
114138,"[92, 133, 26, 72, 12, 91, 15, 64, 6, 146]"
114139,"[72, 77, 105, 15, 18, 64, 1, 19, 66, 27]"
114140,"[21, 189, 36, 157, 90, 238, 223, 13, 77, 175]"
114141,"[58, 12, 32, 133, 6, 34, 121, 146, 45, 220]"
114142,"[18, 15, 72, 64, 0, 82, 97, 90, 3, 77]"
114143,"[55, 66, 149, 38, 19, 133, 12, 146, 58, 157]"
114144,"[38, 146, 133, 66, 19, 149, 55, 12, 147, 60]"
114145,"[23, 7, 28, 24, 4, 60, 49, 142, 121, 43]"
114146,"[91, 3, 73, 17, 130, 15, 6, 42, 29, 72]"
114147,"[175, 112, 36, 189, 90, 157, 13, 238, 223, 7]"
114148,"[151, 0, 49, 30, 97, 105, 92, 26, 25, 38]"
114149,"[51, 27, 9, 2, 124, 71, 279, 20, 112, 5]"
114150,"[21, 189, 223, 19, 66, 90, 36, 238, 157, 175]"
114151,"[105, 0, 97, 151, 77, 25, 157, 36, 18, 30]"
114152,"[82, 77, 105, 3, 15, 18, 72, 1, 238, 64]"
114153,"[92, 77, 133, 26, 64, 30, 10, 72, 175, 15]"
114154,"[146, 14, 133, 23, 60, 38, 261, 147, 26, 24]"
114155,"[41, 0, 10, 6, 25, 97, 91, 130, 51, 261]"
114156,"[82, 15, 18, 72, 149, 64, 3, 26, 71, 1]"
114157,"[220, 121, 187, 43, 34, 60, 10, 24, 42, 84]"
114158,"[36, 238, 157, 189, 13, 21, 90, 112, 105, 175]"
114159,"[23, 149, 157, 14, 238, 142, 28, 66, 19, 36]"
114160,"[119, 112, 13, 20, 103, 279, 238, 36, 32, 77]"
114161,"[138, 105, 15, 157, 151, 0, 77, 223, 49, 18]"
114162,"[133, 66, 38, 14, 36, 7, 189, 149, 146, 4]"
114163,"[124, 27, 51, 2, 71, 84, 9, 6, 72, 82]"
114164,"[19, 66, 149, 55, 119, 15, 18, 122, 72, 223]"
114165,"[41, 51, 10, 6, 9, 0, 27, 124, 25, 5]"
114166,"[124, 27, 149, 9, 105, 51, 71, 2, 103, 3]"
114167,"[4, 24, 28, 60, 7, 23, 157, 34, 1, 84]"
114168,"[90, 189, 238, 21, 36, 223, 157, 175, 103, 279]"
114169,"[97, 0, 151, 105, 25, 14, 26, 147, 91, 77]"
114170,"[73, 91, 130, 3, 42, 151, 6, 25, 17, 0]"
114171,"[49, 30, 6, 97, 151, 92, 73, 26, 15, 41]"
114172,"[15, 105, 77, 82, 18, 26, 30, 72, 1, 0]"
114173,"[238, 28, 157, 36, 66, 90, 189, 24, 19, 4]"
114174,"[157, 223, 149, 90, 36, 238, 105, 189, 55, 19]"
114175,"[71, 15, 72, 82, 6, 3, 18, 279, 27, 20]"
114176,"[124, 27, 9, 112, 51, 5, 71, 41, 2, 76]"
114177,"[77, 97, 105, 151, 0, 30, 1, 92, 119, 15]"
114178,"[25, 41, 76, 6, 97, 151, 261, 0, 45, 51]"
114179,"[7, 4, 28, 34, 1, 84, 60, 23, 142, 24]"
114180,"[122, 19, 149, 133, 66, 55, 28, 32, 17, 18]"
114181,"[43, 187, 76, 220, 45, 121, 58, 261, 12, 48]"
114182,"[187, 43, 220, 45, 261, 121, 76, 58, 133, 14]"
114183,"[41, 6, 25, 10, 49, 43, 76, 220, 261, 9]"
114184,"[223, 189, 14, 238, 90, 20, 157, 29, 36, 175]"
114185,"[38, 149, 66, 15, 55, 19, 146, 133, 72, 17]"
114186,"[38, 146, 133, 66, 19, 149, 55, 60, 147, 12]"
114187,"[103, 261, 20, 112, 119, 13, 45, 32, 238, 21]"
114188,"[130, 91, 42, 73, 10, 30, 3, 49, 1, 220]"
114189,"[14, 261, 21, 133, 146, 38, 147, 60, 142, 24]"
114190,"[55, 66, 38, 122, 19, 60, 149, 238, 12, 133]"
114191,"[18, 15, 0, 97, 90, 77, 105, 72, 64, 1]"
114192,"[4, 23, 28, 7, 60, 24, 187, 42, 43, 1]"
114193,"[60, 28, 24, 23, 4, 7, 142, 1, 42, 49]"
114194,"[9, 41, 51, 15, 124, 38, 27, 25, 71, 220]"
114195,"[15, 77, 105, 82, 18, 72, 26, 1, 0, 30]"
114196,"[146, 60, 14, 38, 23, 133, 147, 66, 142, 24]"
114197,"[14, 238, 261, 157, 23, 223, 21, 189, 20, 147]"
114198,"[12, 58, 76, 261, 133, 6, 32, 45, 48, 38]"
114199,"[73, 17, 3, 91, 51, 72, 15, 6, 71, 26]"
114200,"[1, 49, 4, 30, 28, 105, 82, 7, 5, 77]"
114201,"[42, 130, 121, 60, 187, 220, 23, 24, 43, 142]"
114202,"[44, 32, 13, 71, 19, 84, 119, 66, 55, 12]"
114203,"[157, 238, 36, 105, 189, 90, 175, 13, 223, 25]"
114204,"[30, 38, 49, 151, 0, 97, 147, 26, 60, 14]"
114205,"[142, 23, 60, 24, 27, 121, 220, 30, 49, 42]"
114206,"[3, 91, 73, 17, 6, 15, 72, 130, 42, 71]"
114207,"[76, 45, 13, 261, 20, 48, 112, 103, 279, 119]"
114208,"[2, 27, 51, 18, 71, 112, 10, 6, 5, 34]"
114209,"[71, 6, 72, 15, 3, 18, 32, 51, 66, 9]"
114210,"[261, 103, 45, 13, 20, 76, 48, 14, 32, 238]"
114211,"[0, 97, 18, 90, 105, 77, 151, 41, 15, 51]"
114212,"[82, 77, 105, 3, 15, 18, 72, 1, 64, 238]"
114213,"[279, 103, 20, 13, 112, 34, 32, 119, 71, 7]"
114214,"[175, 36, 189, 90, 112, 157, 13, 14, 223, 238]"
114215,"[91, 73, 130, 3, 42, 6, 133, 187, 97, 121]"
114216,"[151, 97, 0, 77, 91, 49, 6, 25, 64, 121]"
114217,"[20, 103, 13, 261, 76, 45, 32, 58, 112, 43]"
114218,"[121, 34, 43, 220, 187, 84, 10, 42, 28, 7]"
114219,"[30, 49, 10, 1, 60, 23, 142, 24, 151, 130]"
114220,"[20, 261, 13, 279, 103, 45, 76, 58, 48, 34]"
114221,"[90, 223, 189, 36, 175, 157, 21, 66, 112, 146]"
114222,"[4, 24, 28, 7, 34, 60, 23, 84, 1, 157]"
114223,"[92, 133, 26, 30, 10, 49, 77, 48, 0, 151]"
114224,"[32, 58, 34, 189, 12, 13, 149, 66, 19, 44]"
114225,"[7, 36, 175, 43, 14, 157, 23, 19, 66, 238]"
114226,"[12, 58, 32, 6, 45, 149, 66, 38, 71, 220]"
114227,"[133, 38, 14, 66, 7, 189, 146, 36, 149, 4]"
114228,"[82, 15, 18, 26, 151, 105, 1, 77, 72, 149]"
114229,"[64, 15, 72, 18, 19, 82, 66, 3, 77, 71]"
114230,"[261, 103, 45, 76, 48, 14, 58, 121, 12, 32]"
114231,"[175, 36, 90, 77, 21, 223, 238, 157, 189, 119]"
114232,"[42, 43, 121, 60, 187, 220, 130, 10, 23, 24]"
114233,"[175, 90, 133, 157, 189, 36, 223, 105, 14, 238]"
114234,"[0, 97, 18, 92, 49, 151, 41, 26, 30, 15]"
114235,"[71, 279, 9, 27, 51, 2, 20, 15, 77, 72]"
114236,"[2, 10, 1, 5, 27, 49, 124, 121, 84, 187]"
114237,"[142, 27, 21, 23, 149, 60, 238, 133, 66, 14]"
114238,"[12, 58, 32, 6, 45, 76, 261, 133, 48, 71]"
114239,"[28, 24, 23, 142, 4, 60, 7, 187, 49, 220]"
114240,"[6, 71, 25, 12, 72, 51, 10, 15, 58, 32]"
114241,"[17, 73, 3, 29, 91, 55, 149, 42, 32, 66]"
114242,"[48, 45, 13, 20, 261, 112, 119, 103, 76, 279]"
114243,"[13, 20, 119, 84, 261, 76, 58, 32, 279, 34]"
114244,"[36, 149, 90, 66, 223, 157, 175, 189, 238, 21]"
114245,"[44, 13, 84, 119, 20, 261, 76, 103, 187, 48]"
114246,"[124, 27, 149, 9, 6, 41, 25, 71, 103, 2]"
114247,"[175, 36, 189, 112, 157, 90, 13, 14, 238, 21]"
114248,"[7, 44, 23, 55, 90, 28, 157, 189, 60, 223]"
114249,"[7, 28, 23, 43, 4, 34, 84, 121, 60, 24]"
114250,"[43, 13, 187, 119, 20, 121, 220, 34, 7, 10]"
114251,"[105, 1, 157, 30, 130, 18, 77, 49, 0, 97]"
114252,"[77, 105, 151, 0, 97, 15, 25, 9, 51, 157]"
114253,"[105, 77, 157, 151, 223, 97, 0, 25, 51, 15]"
114254,"[77, 105, 15, 82, 72, 1, 18, 151, 157, 64]"
114255,"[29, 42, 119, 17, 90, 20, 223, 238, 45, 13]"
114256,"[36, 147, 238, 189, 157, 175, 223, 14, 119, 146]"
114257,"[4, 189, 28, 21, 19, 36, 24, 142, 66, 238]"
114258,"[82, 3, 77, 105, 15, 138, 72, 18, 1, 49]"
114259,"[149, 66, 19, 124, 55, 38, 32, 15, 157, 122]"
114260,"[4, 66, 19, 149, 175, 7, 28, 238, 21, 38]"
114261,"[28, 24, 23, 142, 4, 60, 7, 187, 49, 220]"
114262,"[133, 175, 24, 38, 4, 19, 149, 66, 60, 92]"
114263,"[72, 15, 64, 82, 18, 26, 92, 66, 6, 73]"
114264,"[43, 187, 220, 121, 42, 60, 23, 24, 10, 76]"
114265,"[15, 72, 64, 18, 82, 66, 71, 3, 77, 149]"
114266,"[30, 49, 60, 23, 10, 1, 38, 24, 42, 142]"
114267,"[26, 72, 15, 73, 92, 18, 82, 146, 105, 71]"
114268,"[91, 130, 73, 3, 42, 97, 0, 151, 29, 41]"
114269,"[124, 27, 149, 9, 2, 51, 71, 103, 105, 3]"
114270,"[77, 105, 15, 72, 82, 1, 18, 9, 51, 157]"
114271,"[20, 261, 13, 84, 45, 58, 48, 279, 119, 76]"
114272,"[58, 32, 12, 133, 34, 189, 6, 146, 220, 13]"
114273,"[142, 60, 238, 189, 90, 21, 23, 24, 28, 58]"
114274,"[54, 220, 121, 34, 187, 2, 84, 43, 1, 23]"
114275,"[12, 58, 32, 71, 19, 20, 119, 66, 55, 261]"
114276,"[43, 13, 12, 20, 119, 121, 58, 32, 187, 7]"
114277,"[103, 261, 112, 13, 20, 119, 32, 238, 27, 21]"
114278,"[26, 72, 15, 18, 19, 82, 66, 92, 149, 64]"
114279,"[48, 45, 76, 261, 58, 121, 12, 43, 14, 10]"
114280,"[175, 189, 157, 223, 90, 238, 36, 13, 21, 133]"
114281,"[238, 66, 55, 36, 28, 19, 149, 189, 223, 157]"
114282,"[119, 112, 13, 20, 45, 103, 279, 32, 76, 261]"
114283,"[73, 3, 91, 26, 17, 71, 15, 130, 6, 72]"
114284,"[54, 103, 32, 13, 279, 119, 27, 112, 51, 20]"
114285,"[17, 29, 3, 42, 91, 90, 73, 112, 13, 238]"
114286,"[133, 147, 14, 146, 38, 58, 24, 60, 23, 142]"
114287,"[82, 3, 77, 105, 15, 18, 72, 1, 223, 238]"
114288,"[58, 32, 34, 189, 45, 187, 13, 220, 103, 12]"
114289,"[55, 66, 36, 157, 149, 7, 38, 19, 223, 238]"
114290,"[44, 121, 103, 279, 6, 261, 13, 25, 20, 112]"
114291,"[19, 119, 66, 223, 149, 238, 29, 189, 4, 28]"
114292,"[130, 91, 73, 3, 105, 10, 5, 42, 17, 25]"
114293,"[149, 66, 19, 38, 72, 15, 55, 32, 133, 157]"
114294,"[6, 18, 71, 73, 41, 25, 3, 91, 72, 44]"
114295,"[66, 19, 28, 189, 55, 149, 4, 36, 223, 7]"
114296,"[90, 18, 223, 0, 97, 157, 7, 149, 238, 21]"
114297,"[44, 32, 13, 19, 71, 84, 119, 20, 17, 103]"
114298,"[43, 187, 220, 121, 34, 84, 7, 4, 10, 60]"
114299,"[36, 147, 238, 189, 157, 175, 14, 223, 119, 146]"
114300,"[122, 133, 19, 149, 55, 66, 38, 28, 18, 146]"
114301,"[38, 24, 147, 60, 14, 146, 142, 23, 133, 49]"
114302,"[42, 130, 43, 29, 7, 121, 60, 175, 17, 34]"
114303,"[223, 66, 238, 28, 189, 90, 19, 55, 157, 20]"
114304,"[32, 44, 66, 103, 58, 19, 55, 12, 112, 34]"
114305,"[279, 20, 112, 13, 51, 119, 103, 157, 48, 189]"
114306,"[21, 189, 157, 36, 90, 238, 223, 13, 175, 105]"
114307,"[51, 27, 9, 25, 0, 20, 41, 112, 124, 279]"
114308,"[66, 19, 149, 72, 38, 146, 55, 133, 238, 32]"
114309,"[41, 6, 10, 0, 25, 51, 97, 261, 121, 58]"
114310,"[121, 13, 20, 34, 261, 58, 187, 220, 84, 32]"
114311,"[0, 105, 97, 30, 18, 151, 15, 77, 1, 49]"
114312,"[34, 103, 13, 112, 32, 84, 119, 20, 279, 121]"
114313,"[32, 279, 112, 103, 119, 13, 84, 238, 20, 43]"
114314,"[1, 30, 49, 4, 138, 28, 60, 7, 5, 10]"
114315,"[26, 72, 15, 18, 82, 66, 19, 92, 64, 6]"
114316,"[48, 45, 58, 76, 121, 261, 220, 187, 12, 34]"
114317,"[10, 121, 43, 30, 6, 49, 220, 42, 187, 142]"
114318,"[142, 14, 38, 48, 147, 60, 0, 24, 146, 19]"
114319,"[49, 30, 151, 0, 41, 97, 23, 92, 26, 24]"
114320,"[18, 15, 82, 6, 92, 3, 72, 0, 19, 26]"
114321,"[25, 151, 41, 6, 261, 76, 45, 48, 51, 105]"
114322,"[0, 97, 151, 18, 41, 24, 49, 92, 146, 26]"
114323,"[124, 27, 112, 9, 41, 76, 6, 51, 5, 10]"
114324,"[279, 103, 13, 20, 112, 45, 32, 261, 34, 58]"
114325,"[130, 42, 3, 91, 73, 2, 49, 1, 30, 138]"
114326,"[5, 2, 34, 1, 10, 124, 84, 13, 51, 121]"
114327,"[92, 0, 105, 18, 15, 49, 1, 72, 77, 151]"
114328,"[19, 119, 66, 23, 223, 149, 238, 189, 24, 55]"
114329,"[25, 6, 41, 151, 76, 10, 45, 121, 261, 48]"
114330,"[23, 14, 142, 24, 146, 60, 149, 38, 147, 157]"
114331,"[54, 51, 13, 279, 20, 103, 112, 71, 9, 32]"
114332,"[72, 15, 82, 18, 66, 71, 146, 3, 64, 26]"
114333,"[261, 20, 21, 103, 279, 13, 45, 76, 14, 112]"
114334,"[36, 66, 238, 157, 4, 90, 13, 21, 149, 189]"
114335,"[189, 223, 14, 90, 157, 36, 238, 21, 20, 175]"
114336,"[17, 73, 29, 42, 3, 36, 112, 4, 55, 149]"
114337,"[76, 45, 261, 58, 48, 220, 12, 187, 43, 121]"
114338,"[92, 26, 49, 73, 72, 105, 0, 51, 15, 18]"
114339,"[124, 27, 41, 9, 25, 51, 77, 103, 105, 112]"
114340,"[0, 97, 18, 151, 51, 4, 77, 73, 41, 15]"
114341,"[103, 261, 13, 20, 279, 48, 112, 45, 76, 119]"
114342,"[38, 133, 146, 66, 12, 149, 19, 58, 14, 6]"
114343,"[73, 91, 3, 17, 130, 42, 51, 49, 0, 26]"
114344,"[54, 84, 34, 5, 2, 1, 121, 28, 51, 220]"
114345,"[41, 6, 10, 25, 82, 9, 51, 2, 49, 124]"
114346,"[1, 49, 30, 4, 28, 138, 23, 2, 24, 10]"
114347,"[24, 4, 147, 133, 60, 14, 23, 38, 28, 146]"
114348,"[133, 38, 58, 146, 92, 12, 24, 19, 149, 66]"
114349,"[146, 14, 23, 38, 48, 60, 24, 151, 133, 147]"
114350,"[17, 29, 42, 73, 3, 103, 13, 112, 19, 44]"
114351,"[4, 189, 28, 21, 19, 36, 66, 142, 24, 23]"
114352,"[42, 73, 17, 91, 29, 121, 130, 76, 261, 45]"
114353,"[220, 34, 121, 84, 187, 43, 28, 60, 10, 42]"
114354,"[0, 97, 18, 15, 90, 77, 105, 151, 72, 64]"
114355,"[58, 32, 12, 34, 133, 189, 146, 6, 13, 48]"
114356,"[149, 157, 36, 66, 223, 238, 23, 189, 19, 38]"
114357,"[91, 3, 130, 73, 124, 42, 29, 6, 9, 133]"
114358,"[12, 58, 6, 45, 76, 220, 32, 38, 187, 43]"
114359,"[18, 72, 15, 82, 19, 64, 105, 66, 3, 71]"
114360,"[7, 44, 23, 90, 55, 28, 66, 157, 19, 189]"
114361,"[130, 91, 73, 3, 10, 42, 17, 41, 25, 51]"
114362,"[84, 34, 121, 4, 2, 60, 220, 42, 187, 28]"
114363,"[66, 19, 28, 55, 189, 146, 14, 38, 4, 223]"
114364,"[34, 32, 189, 84, 13, 58, 103, 112, 20, 279]"
114365,"[27, 51, 2, 9, 71, 124, 103, 20, 72, 77]"
114366,"[72, 15, 77, 105, 82, 18, 71, 64, 146, 1]"
114367,"[45, 48, 76, 261, 58, 20, 12, 151, 220, 14]"
114368,"[60, 28, 23, 24, 4, 7, 30, 42, 121, 49]"
114369,"[142, 27, 23, 60, 7, 24, 4, 28, 121, 220]"
114370,"[147, 97, 14, 76, 0, 24, 151, 48, 38, 119]"
114371,"[43, 121, 7, 187, 220, 34, 10, 42, 4, 84]"
114372,"[38, 146, 133, 66, 55, 12, 149, 19, 147, 60]"
114373,"[175, 133, 66, 238, 223, 189, 157, 90, 7, 19]"
114374,"[130, 42, 91, 73, 10, 49, 121, 30, 187, 220]"
114375,"[49, 72, 105, 77, 2, 30, 1, 97, 26, 0]"
114376,"[138, 82, 0, 15, 77, 1, 151, 26, 18, 73]"
114377,"[42, 130, 43, 121, 60, 23, 220, 187, 24, 10]"
114378,"[12, 58, 32, 66, 149, 55, 133, 38, 19, 146]"
114379,"[60, 146, 25, 157, 142, 38, 24, 121, 55, 151]"
114380,"[90, 189, 238, 21, 7, 223, 157, 149, 36, 66]"
114381,"[30, 49, 1, 10, 138, 60, 142, 130, 77, 28]"
114382,"[21, 20, 14, 238, 90, 261, 189, 103, 66, 223]"
114383,"[23, 24, 60, 49, 142, 42, 30, 121, 4, 187]"
114384,"[146, 38, 133, 66, 14, 58, 149, 12, 6, 19]"
114385,"[49, 1, 2, 30, 28, 72, 23, 138, 60, 10]"
114386,"[49, 0, 97, 30, 26, 72, 151, 41, 105, 2]"
114387,"[157, 238, 105, 36, 25, 189, 60, 77, 90, 175]"
114388,"[97, 0, 26, 151, 49, 105, 18, 30, 91, 133]"
114389,"[0, 97, 18, 90, 15, 105, 151, 77, 1, 26]"
114390,"[26, 1, 15, 72, 77, 151, 18, 82, 0, 49]"
114391,"[12, 58, 6, 45, 220, 76, 38, 32, 43, 187]"
114392,"[121, 34, 187, 220, 84, 28, 43, 24, 60, 2]"
114393,"[44, 6, 19, 71, 32, 12, 103, 66, 279, 58]"
114394,"[279, 20, 112, 12, 13, 48, 51, 1, 76, 45]"
114395,"[124, 51, 27, 9, 25, 41, 20, 2, 112, 48]"
114396,"[4, 189, 28, 19, 21, 66, 36, 142, 24, 238]"
114397,"[38, 133, 66, 149, 19, 36, 14, 7, 55, 28]"
114398,"[261, 45, 14, 20, 76, 21, 48, 25, 12, 103]"
114399,"[10, 6, 151, 25, 121, 43, 51, 48, 73, 41]"
114400,"[103, 261, 112, 13, 119, 20, 32, 27, 238, 279]"
114401,"[36, 238, 157, 189, 147, 175, 223, 119, 21, 149]"
114402,"[124, 51, 27, 9, 25, 20, 112, 41, 45, 48]"
114403,"[121, 220, 60, 34, 44, 84, 261, 187, 25, 76]"
114404,"[44, 103, 279, 13, 20, 34, 121, 112, 157, 19]"
114405,"[3, 73, 91, 6, 15, 17, 71, 72, 64, 130]"
114406,"[43, 42, 187, 121, 10, 220, 7, 24, 49, 12]"
114407,"[6, 3, 71, 15, 91, 12, 58, 27, 32, 25]"
114408,"[44, 279, 7, 112, 32, 13, 2, 103, 84, 34]"
114409,"[25, 6, 41, 60, 10, 151, 121, 76, 0, 27]"
114410,"[17, 73, 3, 29, 91, 149, 42, 55, 66, 32]"
114411,"[92, 26, 72, 73, 15, 19, 18, 66, 64, 82]"
114412,"[66, 149, 19, 72, 38, 15, 32, 55, 146, 133]"
114413,"[27, 142, 51, 2, 124, 10, 25, 6, 71, 41]"
114414,"[149, 66, 19, 124, 55, 38, 157, 15, 32, 3]"
114415,"[14, 23, 146, 261, 38, 147, 142, 24, 76, 60]"
114416,"[49, 30, 151, 92, 6, 97, 38, 15, 14, 26]"
114417,"[238, 66, 55, 36, 28, 19, 189, 223, 149, 157]"
114418,"[84, 34, 20, 13, 189, 58, 103, 261, 32, 121]"
114419,"[18, 15, 0, 97, 72, 64, 82, 26, 90, 19]"
114420,"[30, 49, 105, 77, 72, 151, 1, 0, 15, 18]"
114421,"[0, 105, 97, 151, 77, 25, 14, 157, 36, 18]"
114422,"[28, 238, 24, 66, 223, 19, 4, 157, 149, 189]"
114423,"[5, 2, 10, 49, 34, 51, 1, 187, 130, 220]"
114424,"[21, 20, 14, 238, 261, 90, 103, 66, 189, 223]"
114425,"[0, 105, 97, 151, 77, 25, 18, 30, 36, 1]"
114426,"[20, 279, 261, 13, 12, 76, 32, 45, 103, 112]"
114427,"[124, 51, 27, 9, 20, 2, 112, 77, 25, 279]"
114428,"[28, 19, 23, 24, 60, 238, 189, 38, 66, 223]"
114429,"[4, 23, 28, 60, 7, 24, 187, 43, 142, 42]"
114430,"[76, 13, 20, 25, 261, 45, 112, 48, 103, 238]"
114431,"[44, 32, 279, 7, 112, 12, 66, 71, 13, 149]"
114432,"[55, 19, 149, 66, 38, 18, 122, 82, 157, 189]"
114433,"[34, 58, 32, 121, 189, 220, 84, 187, 13, 112]"
114434,"[261, 76, 45, 48, 14, 20, 13, 58, 121, 103]"
114435,"[13, 20, 119, 103, 112, 279, 189, 261, 76, 84]"
114436,"[29, 17, 3, 42, 119, 90, 223, 91, 19, 238]"
114437,"[146, 133, 38, 66, 58, 14, 12, 26, 149, 60]"
114438,"[24, 142, 23, 14, 147, 38, 60, 187, 49, 146]"
114439,"[3, 29, 82, 73, 91, 17, 77, 130, 105, 27]"
114440,"[189, 223, 4, 90, 21, 19, 36, 157, 66, 55]"
114441,"[2, 27, 124, 112, 41, 6, 51, 71, 9, 20]"
114442,"[119, 13, 19, 20, 103, 32, 34, 112, 279, 29]"
114443,"[44, 121, 103, 279, 13, 261, 6, 25, 76, 20]"
114444,"[112, 279, 45, 20, 103, 76, 119, 13, 261, 48]"
114445,"[44, 103, 279, 20, 121, 13, 34, 112, 84, 157]"
114446,"[142, 27, 23, 60, 14, 133, 21, 38, 147, 24]"
114447,"[60, 142, 23, 28, 24, 7, 4, 34, 49, 30]"
114448,"[122, 55, 66, 19, 133, 149, 26, 15, 38, 238]"
114449,"[73, 17, 51, 3, 91, 130, 42, 29, 49, 72]"
114450,"[64, 72, 15, 18, 82, 3, 151, 66, 19, 149]"
114451,"[17, 29, 42, 3, 73, 90, 13, 112, 91, 20]"
114452,"[42, 29, 17, 3, 91, 73, 130, 60, 13, 28]"
114453,"[6, 25, 10, 41, 71, 12, 76, 51, 58, 151]"
114454,"[34, 121, 187, 84, 43, 220, 10, 7, 5, 42]"
114455,"[92, 133, 26, 72, 64, 15, 19, 82, 18, 77]"
114456,"[26, 72, 73, 92, 15, 146, 18, 66, 82, 91]"
114457,"[60, 36, 38, 157, 90, 28, 55, 24, 23, 149]"
114458,"[149, 157, 238, 223, 66, 36, 19, 189, 7, 55]"
114459,"[124, 112, 27, 9, 51, 76, 77, 41, 90, 279]"
114460,"[45, 261, 76, 48, 20, 14, 112, 103, 187, 12]"
114461,"[51, 27, 2, 20, 9, 71, 124, 13, 5, 112]"
114462,"[43, 187, 34, 220, 42, 121, 7, 10, 84, 23]"
114463,"[10, 6, 41, 51, 25, 2, 27, 124, 5, 121]"
114464,"[9, 51, 10, 27, 41, 71, 13, 5, 77, 20]"
114465,"[12, 58, 76, 121, 220, 261, 45, 43, 187, 48]"
114466,"[175, 36, 147, 90, 14, 45, 21, 77, 223, 119]"
114467,"[20, 279, 13, 261, 76, 32, 12, 45, 103, 112]"
114468,"[18, 15, 82, 72, 19, 64, 66, 55, 3, 6]"
114469,"[157, 223, 90, 36, 238, 105, 189, 149, 21, 175]"
114470,"[6, 71, 18, 41, 25, 44, 51, 58, 32, 12]"
114471,"[122, 238, 14, 55, 28, 36, 223, 175, 66, 189]"
114472,"[112, 119, 13, 32, 279, 103, 20, 34, 84, 175]"
114473,"[49, 30, 23, 10, 1, 24, 60, 151, 43, 130]"
114474,"[48, 45, 76, 261, 58, 12, 121, 43, 14, 13]"
114475,"[122, 55, 238, 14, 28, 175, 36, 223, 189, 60]"
114476,"[20, 13, 261, 103, 76, 112, 45, 279, 119, 48]"
114477,"[29, 42, 17, 3, 91, 73, 90, 223, 119, 130]"
114478,"[27, 51, 124, 9, 112, 279, 20, 13, 103, 142]"
114479,"[130, 91, 73, 3, 42, 10, 17, 105, 41, 25]"
114480,"[49, 72, 105, 77, 30, 2, 1, 97, 26, 0]"
114481,"[60, 24, 23, 42, 142, 49, 30, 121, 28, 220]"
114482,"[92, 26, 30, 10, 133, 49, 77, 0, 151, 48]"
114483,"[36, 66, 157, 238, 4, 38, 90, 21, 13, 189]"
114484,"[28, 23, 24, 60, 4, 7, 34, 142, 121, 42]"
114485,"[238, 14, 36, 189, 223, 147, 55, 76, 66, 157]"
114486,"[92, 26, 72, 15, 73, 19, 18, 64, 66, 82]"
114487,"[1, 30, 49, 2, 28, 60, 138, 23, 34, 10]"
114488,"[36, 147, 238, 189, 157, 149, 7, 146, 19, 175]"
114489,"[5, 2, 51, 1, 34, 49, 9, 10, 4, 71]"
114490,"[10, 41, 6, 25, 130, 43, 51, 45, 49, 187]"
114491,"[76, 261, 45, 25, 48, 14, 20, 13, 220, 238]"
114492,"[151, 0, 77, 105, 97, 189, 238, 72, 51, 25]"
114493,"[30, 38, 49, 71, 15, 77, 1, 151, 105, 0]"
114494,"[2, 5, 10, 121, 49, 34, 28, 84, 43, 220]"
114495,"[60, 157, 25, 55, 146, 142, 121, 77, 149, 38]"
114496,"[14, 189, 223, 238, 36, 157, 147, 20, 175, 21]"
114497,"[3, 73, 91, 130, 17, 42, 29, 105, 124, 51]"
114498,"[15, 18, 9, 77, 64, 82, 72, 105, 90, 175]"
114499,"[90, 223, 189, 157, 175, 36, 21, 112, 238, 13]"
114500,"[48, 34, 45, 58, 13, 76, 103, 261, 90, 121]"
114501,"[36, 238, 189, 157, 147, 149, 19, 7, 175, 223]"
114502,"[30, 49, 71, 0, 15, 73, 151, 26, 1, 142]"
114503,"[138, 82, 1, 77, 0, 151, 15, 18, 49, 105]"
114504,"[27, 51, 142, 25, 124, 9, 112, 41, 261, 13]"
114505,"[15, 77, 82, 18, 105, 26, 0, 30, 72, 1]"
114506,"[23, 28, 142, 24, 60, 7, 4, 1, 149, 187]"
114507,"[84, 34, 121, 220, 28, 4, 20, 13, 43, 187]"
114508,"[76, 13, 20, 261, 25, 45, 48, 112, 238, 103]"
114509,"[133, 66, 14, 38, 7, 146, 189, 149, 36, 4]"
114510,"[122, 55, 19, 66, 149, 238, 28, 15, 133, 32]"
114511,"[149, 66, 38, 19, 146, 133, 124, 55, 12, 122]"
114512,"[0, 105, 97, 30, 18, 151, 15, 77, 1, 49]"
114513,"[82, 1, 77, 72, 105, 26, 3, 49, 18, 15]"
114514,"[6, 27, 25, 10, 124, 41, 51, 71, 3, 2]"
114515,"[187, 43, 121, 220, 45, 261, 76, 58, 12, 133]"
114516,"[66, 38, 4, 133, 19, 149, 175, 28, 23, 36]"
114517,"[43, 187, 121, 220, 34, 84, 7, 4, 10, 42]"
114518,"[124, 27, 149, 9, 105, 71, 2, 103, 3, 51]"
114519,"[13, 20, 261, 119, 76, 103, 279, 112, 48, 45]"
114520,"[32, 58, 34, 12, 189, 66, 71, 44, 13, 149]"
114521,"[14, 147, 261, 76, 45, 223, 189, 48, 157, 146]"
114522,"[12, 58, 32, 6, 45, 44, 220, 76, 149, 71]"
114523,"[119, 13, 20, 112, 103, 279, 19, 36, 175, 238]"
114524,"[82, 72, 26, 15, 18, 3, 64, 66, 149, 6]"
114525,"[261, 103, 45, 76, 48, 14, 13, 20, 41, 121]"
114526,"[238, 36, 28, 157, 66, 7, 90, 189, 32, 24]"
114527,"[2, 5, 27, 51, 49, 10, 41, 238, 105, 71]"
114528,"[55, 66, 157, 149, 19, 7, 36, 238, 223, 4]"
114529,"[73, 91, 3, 26, 130, 42, 17, 6, 146, 15]"
114530,"[103, 32, 261, 112, 13, 119, 20, 19, 66, 238]"
114531,"[72, 15, 82, 18, 71, 64, 66, 146, 3, 77]"
114532,"[32, 44, 66, 103, 19, 58, 12, 55, 149, 112]"
114533,"[97, 0, 151, 26, 49, 30, 91, 18, 133, 14]"
114534,"[48, 45, 13, 20, 112, 261, 76, 103, 119, 279]"
114535,"[76, 20, 13, 45, 261, 103, 48, 25, 112, 238]"
114536,"[58, 32, 12, 34, 133, 189, 45, 6, 121, 220]"
114537,"[21, 189, 223, 14, 36, 90, 238, 157, 147, 175]"
114538,"[112, 13, 279, 20, 32, 34, 103, 124, 90, 76]"
114539,"[76, 45, 20, 261, 13, 48, 112, 279, 103, 119]"
114540,"[60, 24, 28, 23, 7, 4, 42, 142, 1, 34]"
114541,"[72, 15, 77, 105, 82, 18, 146, 71, 64, 66]"
114542,"[187, 43, 220, 261, 45, 121, 76, 58, 133, 12]"
114543,"[49, 1, 2, 30, 23, 28, 60, 138, 72, 10]"
114544,"[6, 91, 73, 12, 3, 25, 58, 41, 10, 71]"
114545,"[5, 51, 9, 71, 2, 64, 15, 36, 48, 6]"
114546,"[72, 49, 30, 15, 0, 64, 77, 105, 151, 26]"
114547,"[32, 279, 112, 119, 103, 12, 19, 17, 15, 149]"
114548,"[36, 66, 157, 238, 4, 38, 90, 21, 13, 189]"
114549,"[48, 45, 76, 13, 261, 103, 20, 90, 279, 34]"
114550,"[6, 71, 25, 12, 58, 73, 10, 26, 91, 38]"
114551,"[29, 17, 42, 3, 91, 73, 130, 90, 13, 112]"
114552,"[42, 130, 17, 29, 60, 28, 4, 24, 3, 23]"
114553,"[0, 97, 151, 41, 90, 18, 105, 14, 77, 25]"
114554,"[48, 45, 13, 76, 103, 261, 20, 90, 279, 112]"
114555,"[157, 60, 55, 25, 36, 238, 7, 38, 19, 66]"
114556,"[10, 2, 34, 121, 84, 5, 220, 49, 187, 42]"
114557,"[0, 97, 90, 18, 151, 77, 105, 51, 14, 41]"
114558,"[21, 189, 223, 36, 19, 66, 90, 238, 14, 157]"
114559,"[14, 238, 21, 157, 189, 175, 36, 90, 223, 20]"
114560,"[15, 82, 18, 72, 26, 64, 92, 71, 6, 73]"
114561,"[130, 42, 10, 30, 49, 91, 73, 2, 121, 220]"
114562,"[20, 279, 13, 76, 12, 261, 45, 112, 103, 32]"
114563,"[10, 6, 41, 25, 49, 121, 26, 187, 91, 130]"
114564,"[261, 12, 121, 45, 76, 20, 187, 58, 220, 14]"
114565,"[5, 34, 2, 1, 10, 84, 187, 220, 121, 28]"
114566,"[45, 48, 76, 58, 220, 20, 12, 261, 119, 84]"
114567,"[1, 4, 49, 30, 28, 7, 5, 82, 34, 138]"
114568,"[238, 36, 189, 223, 14, 55, 66, 157, 21, 90]"
114569,"[9, 51, 77, 13, 27, 20, 105, 279, 112, 103]"
114570,"[73, 3, 91, 130, 26, 42, 29, 17, 71, 105]"
114571,"[17, 3, 73, 29, 91, 42, 19, 66, 32, 146]"
114572,"[1, 26, 77, 15, 105, 30, 49, 2, 18, 64]"
114573,"[32, 34, 189, 58, 13, 20, 103, 119, 21, 84]"
114574,"[157, 223, 36, 105, 189, 149, 238, 90, 21, 103]"
114575,"[24, 28, 23, 142, 4, 60, 7, 49, 187, 121]"
114576,"[55, 66, 36, 157, 149, 38, 7, 19, 223, 238]"
114577,"[20, 261, 13, 45, 119, 14, 279, 103, 48, 76]"
114578,"[105, 77, 157, 223, 51, 151, 9, 18, 15, 238]"
114579,"[51, 27, 0, 9, 25, 41, 124, 20, 279, 151]"
114580,"[1, 49, 30, 4, 28, 23, 138, 24, 60, 2]"
114581,"[1, 49, 151, 30, 77, 15, 26, 105, 82, 97]"
114582,"[103, 32, 261, 13, 112, 58, 34, 44, 121, 220]"
114583,"[76, 45, 261, 121, 220, 48, 12, 25, 43, 58]"
114584,"[4, 28, 1, 7, 84, 189, 24, 142, 23, 60]"
114585,"[21, 189, 223, 14, 36, 90, 238, 157, 147, 175]"
114586,"[7, 36, 157, 175, 66, 238, 19, 149, 90, 223]"
114587,"[138, 105, 15, 157, 0, 151, 77, 223, 49, 18]"
114588,"[146, 66, 149, 38, 72, 133, 19, 60, 12, 55]"
114589,"[2, 49, 5, 10, 121, 1, 34, 28, 43, 84]"
114590,"[25, 6, 41, 51, 27, 10, 71, 60, 121, 2]"
114591,"[14, 23, 238, 157, 261, 146, 149, 28, 66, 223]"
114592,"[133, 66, 38, 146, 149, 19, 55, 72, 14, 64]"
114593,"[30, 38, 49, 71, 151, 1, 105, 77, 0, 97]"
114594,"[119, 13, 19, 20, 147, 32, 12, 58, 103, 34]"
114595,"[12, 58, 20, 45, 223, 76, 261, 220, 119, 187]"
114596,"[157, 223, 149, 105, 36, 238, 19, 189, 90, 4]"
114597,"[7, 4, 60, 28, 23, 142, 24, 1, 187, 43]"
114598,"[261, 12, 121, 45, 20, 76, 58, 220, 14, 187]"
114599,"[105, 77, 189, 223, 27, 82, 151, 97, 51, 72]"
114600,"[34, 121, 220, 187, 84, 43, 28, 60, 42, 2]"
114601,"[10, 121, 49, 220, 187, 43, 2, 30, 34, 130]"
114602,"[103, 20, 13, 261, 45, 48, 76, 279, 112, 119]"
114603,"[112, 13, 279, 20, 34, 90, 76, 32, 124, 103]"
114604,"[38, 133, 146, 66, 12, 149, 19, 58, 6, 14]"
114605,"[238, 36, 189, 223, 14, 157, 66, 21, 55, 20]"
114606,"[51, 9, 124, 71, 105, 27, 2, 103, 13, 5]"
114607,"[20, 279, 13, 112, 103, 119, 21, 261, 238, 51]"
114608,"[20, 261, 13, 45, 84, 76, 58, 48, 119, 279]"
114609,"[261, 45, 14, 20, 76, 21, 48, 12, 25, 121]"
114610,"[4, 28, 24, 142, 23, 60, 1, 7, 84, 189]"
114611,"[23, 7, 28, 24, 60, 4, 142, 34, 49, 121]"
114612,"[12, 58, 66, 6, 32, 19, 45, 55, 20, 261]"
114613,"[30, 49, 1, 142, 60, 23, 24, 71, 130, 7]"
114614,"[66, 19, 55, 149, 15, 146, 38, 32, 72, 28]"
114615,"[13, 20, 103, 261, 119, 48, 279, 112, 76, 45]"
114616,"[34, 103, 13, 112, 84, 32, 119, 20, 279, 90]"
114617,"[17, 3, 29, 73, 91, 42, 66, 19, 32, 146]"
114618,"[121, 43, 187, 220, 34, 84, 10, 7, 42, 2]"
114619,"[23, 7, 28, 24, 4, 60, 49, 34, 42, 121]"
114620,"[157, 238, 105, 36, 25, 189, 90, 55, 223, 60]"
114621,"[23, 19, 14, 149, 24, 66, 4, 146, 28, 147]"
114622,"[20, 261, 13, 84, 45, 58, 14, 48, 119, 279]"
114623,"[20, 279, 13, 103, 112, 32, 34, 119, 84, 21]"
114624,"[55, 238, 157, 66, 28, 60, 122, 223, 189, 19]"
114625,"[1, 49, 4, 28, 30, 2, 23, 77, 5, 138]"
114626,"[142, 28, 7, 24, 60, 4, 23, 121, 187, 34]"
114627,"[34, 58, 32, 220, 187, 189, 121, 84, 13, 103]"
114628,"[12, 58, 6, 38, 133, 32, 146, 76, 220, 261]"
114629,"[91, 130, 73, 3, 51, 42, 29, 17, 97, 41]"
114630,"[7, 4, 28, 1, 84, 34, 60, 23, 142, 187]"
114631,"[10, 6, 51, 9, 27, 121, 25, 43, 71, 124]"
114632,"[12, 58, 32, 55, 149, 66, 44, 6, 133, 146]"
114633,"[48, 45, 76, 261, 14, 13, 58, 103, 20, 279]"
114634,"[12, 58, 45, 220, 76, 187, 90, 43, 20, 32]"
114635,"[92, 0, 49, 151, 91, 97, 105, 30, 15, 41]"
114636,"[15, 105, 82, 77, 18, 72, 30, 26, 0, 151]"
114637,"[76, 45, 261, 48, 14, 20, 41, 25, 58, 13]"
114638,"[25, 6, 41, 121, 10, 60, 76, 151, 261, 27]"
114639,"[12, 58, 32, 6, 66, 20, 44, 19, 55, 45]"
114640,"[119, 13, 19, 20, 34, 32, 112, 103, 29, 279]"
114641,"[220, 34, 121, 84, 187, 43, 42, 28, 10, 60]"
114642,"[105, 151, 0, 30, 49, 77, 1, 97, 72, 15]"
114643,"[130, 42, 91, 73, 30, 49, 10, 3, 23, 2]"
114644,"[92, 26, 133, 72, 64, 15, 6, 91, 10, 82]"
114645,"[103, 261, 13, 32, 34, 20, 279, 48, 112, 76]"
114646,"[261, 20, 45, 14, 76, 21, 48, 103, 13, 279]"
114647,"[189, 223, 4, 21, 36, 19, 90, 38, 55, 28]"
114648,"[58, 32, 12, 133, 6, 146, 34, 48, 220, 45]"
114649,"[121, 34, 220, 84, 187, 28, 43, 10, 2, 24]"
114650,"[133, 122, 149, 146, 19, 38, 58, 55, 66, 32]"
114651,"[28, 24, 4, 2, 7, 1, 238, 49, 23, 34]"
114652,"[42, 121, 60, 220, 24, 130, 23, 187, 43, 142]"
114653,"[73, 3, 91, 17, 6, 130, 18, 71, 15, 72]"
114654,"[36, 147, 238, 157, 189, 14, 223, 175, 119, 21]"
114655,"[97, 0, 151, 147, 105, 77, 41, 25, 49, 14]"
114656,"[54, 121, 13, 12, 6, 20, 103, 48, 51, 32]"
114657,"[124, 27, 149, 9, 2, 71, 51, 105, 103, 6]"
114658,"[42, 29, 17, 175, 43, 3, 73, 121, 130, 7]"
114659,"[84, 121, 34, 220, 60, 187, 4, 43, 10, 2]"
114660,"[10, 6, 41, 51, 2, 25, 27, 5, 124, 121]"
114661,"[122, 19, 149, 133, 66, 55, 28, 15, 32, 18]"
114662,"[17, 73, 3, 42, 29, 55, 149, 32, 91, 58]"
114663,"[30, 49, 1, 7, 71, 138, 28, 142, 60, 2]"
114664,"[25, 151, 41, 45, 6, 261, 76, 48, 51, 105]"
114665,"[43, 13, 7, 58, 12, 32, 121, 119, 20, 10]"
114666,"[49, 30, 23, 24, 60, 10, 2, 1, 142, 28]"
114667,"[91, 3, 73, 130, 133, 42, 6, 38, 17, 26]"
114668,"[43, 187, 34, 220, 7, 121, 10, 42, 84, 23]"
114669,"[66, 21, 238, 19, 223, 149, 36, 189, 4, 157]"
114670,"[124, 27, 9, 112, 51, 41, 76, 77, 90, 5]"
114671,"[21, 189, 36, 157, 90, 238, 223, 175, 105, 13]"
114672,"[25, 41, 6, 151, 76, 261, 0, 10, 51, 27]"
114673,"[112, 13, 279, 20, 90, 76, 103, 27, 119, 124]"
114674,"[24, 4, 28, 147, 133, 60, 157, 23, 38, 66]"
114675,"[48, 45, 76, 58, 261, 121, 220, 187, 34, 12]"
114676,"[72, 15, 64, 82, 18, 26, 66, 92, 6, 71]"
114677,"[3, 91, 73, 17, 82, 29, 15, 18, 72, 130]"
114678,"[28, 19, 24, 238, 38, 23, 60, 189, 149, 66]"
114679,"[76, 45, 261, 48, 14, 20, 41, 58, 13, 25]"
114680,"[1, 77, 15, 26, 28, 49, 105, 238, 2, 30]"
114681,"[6, 18, 71, 25, 41, 72, 82, 15, 44, 73]"
114682,"[38, 146, 133, 66, 12, 19, 149, 55, 147, 60]"
114683,"[76, 45, 261, 58, 48, 220, 12, 121, 187, 43]"
114684,"[149, 124, 36, 157, 142, 23, 38, 66, 223, 27]"
114685,"[44, 32, 13, 71, 19, 119, 84, 20, 12, 103]"
114686,"[10, 130, 2, 49, 5, 43, 220, 30, 187, 34]"
114687,"[73, 17, 51, 3, 91, 42, 130, 29, 9, 71]"
114688,"[25, 6, 41, 10, 121, 76, 60, 151, 27, 51]"
114689,"[138, 49, 1, 23, 105, 30, 2, 15, 84, 60]"
114690,"[26, 92, 0, 151, 97, 49, 73, 30, 105, 187]"
114691,"[66, 19, 55, 149, 38, 32, 15, 146, 28, 189]"
114692,"[220, 187, 121, 34, 43, 24, 7, 84, 28, 4]"
114693,"[1, 77, 105, 15, 18, 49, 82, 64, 28, 72]"
114694,"[30, 49, 38, 71, 151, 15, 77, 1, 105, 0]"
114695,"[130, 42, 91, 10, 73, 49, 60, 30, 142, 24]"
114696,"[124, 27, 112, 51, 9, 76, 41, 77, 90, 25]"
114697,"[84, 13, 20, 121, 34, 36, 32, 119, 45, 220]"
114698,"[30, 105, 77, 49, 151, 72, 1, 92, 15, 0]"
114699,"[3, 91, 29, 73, 17, 82, 130, 77, 42, 15]"
114700,"[187, 34, 121, 223, 58, 20, 220, 48, 84, 45]"
114701,"[66, 19, 146, 149, 38, 55, 133, 122, 32, 17]"
114702,"[124, 27, 9, 41, 25, 51, 103, 112, 6, 13]"
114703,"[149, 66, 19, 124, 55, 38, 15, 3, 122, 157]"
114704,"[10, 121, 43, 6, 2, 51, 34, 5, 49, 1]"
114705,"[66, 21, 238, 19, 223, 36, 149, 4, 189, 90]"
114706,"[28, 24, 238, 66, 223, 14, 19, 147, 133, 49]"
114707,"[26, 1, 73, 92, 82, 51, 97, 72, 77, 49]"
114708,"[91, 3, 73, 130, 6, 133, 42, 17, 38, 92]"
114709,"[84, 34, 121, 220, 187, 43, 28, 4, 10, 23]"
114710,"[25, 6, 151, 41, 10, 30, 261, 45, 76, 49]"
114711,"[30, 49, 1, 10, 60, 4, 23, 28, 5, 2]"
114712,"[72, 77, 49, 26, 151, 105, 18, 15, 64, 97]"
114713,"[21, 189, 14, 147, 90, 157, 36, 238, 223, 13]"
114714,"[42, 17, 29, 73, 3, 121, 45, 130, 91, 58]"
114715,"[2, 27, 124, 6, 112, 41, 51, 71, 9, 91]"
114716,"[6, 12, 71, 25, 58, 10, 73, 26, 91, 41]"
114717,"[76, 13, 20, 261, 45, 103, 238, 48, 25, 112]"
114718,"[36, 147, 238, 157, 189, 149, 7, 146, 175, 19]"
114719,"[5, 51, 48, 6, 9, 25, 71, 64, 36, 2]"
114720,"[149, 66, 19, 124, 55, 38, 157, 15, 122, 3]"
114721,"[147, 36, 112, 238, 189, 77, 119, 157, 21, 14]"
114722,"[64, 72, 15, 105, 77, 49, 18, 151, 30, 0]"
114723,"[42, 121, 187, 60, 220, 130, 24, 43, 23, 142]"
114724,"[82, 77, 3, 105, 15, 138, 18, 1, 72, 49]"
114725,"[0, 97, 151, 14, 18, 90, 41, 77, 49, 25]"
114726,"[103, 261, 112, 20, 13, 119, 32, 238, 27, 21]"
114727,"[4, 24, 157, 36, 149, 28, 7, 60, 66, 147]"
114728,"[121, 34, 187, 220, 84, 28, 43, 60, 24, 23]"
114729,"[71, 6, 72, 32, 15, 51, 12, 9, 66, 18]"
114730,"[54, 51, 279, 13, 20, 103, 9, 112, 27, 71]"
114731,"[49, 1, 30, 10, 28, 24, 5, 15, 2, 138]"
114732,"[189, 223, 4, 21, 19, 36, 90, 157, 66, 55]"
114733,"[3, 73, 91, 17, 130, 29, 105, 77, 51, 9]"
114734,"[54, 13, 103, 121, 34, 51, 20, 27, 32, 112]"
114735,"[133, 38, 146, 66, 14, 91, 149, 58, 12, 19]"
114736,"[149, 19, 66, 157, 238, 189, 4, 36, 223, 90]"
114737,"[220, 187, 34, 121, 84, 43, 28, 60, 23, 24]"
114738,"[15, 72, 18, 82, 3, 64, 6, 49, 146, 73]"
114739,"[15, 18, 77, 82, 105, 72, 26, 30, 1, 97]"
114740,"[138, 0, 151, 15, 1, 49, 189, 30, 73, 105]"
114741,"[25, 41, 6, 76, 51, 151, 9, 97, 261, 45]"
114742,"[66, 19, 55, 38, 146, 149, 15, 133, 58, 12]"
114743,"[175, 90, 133, 157, 189, 238, 223, 14, 36, 21]"
114744,"[58, 45, 48, 20, 32, 119, 12, 13, 76, 279]"
114745,"[23, 24, 142, 14, 147, 38, 60, 187, 49, 146]"
114746,"[21, 20, 14, 238, 90, 261, 103, 223, 157, 189]"
114747,"[30, 49, 105, 77, 72, 151, 1, 0, 15, 18]"
114748,"[41, 0, 25, 51, 6, 9, 10, 97, 261, 45]"
114749,"[146, 66, 149, 38, 133, 19, 72, 60, 36, 12]"
114750,"[149, 238, 157, 223, 36, 66, 19, 7, 189, 90]"
114751,"[122, 133, 19, 149, 55, 38, 66, 28, 146, 12]"
114752,"[223, 189, 90, 19, 157, 21, 66, 36, 7, 4]"
114753,"[24, 23, 142, 60, 49, 187, 28, 121, 42, 4]"
114754,"[97, 0, 151, 105, 147, 77, 41, 49, 25, 14]"
114755,"[18, 15, 82, 2, 175, 105, 1, 77, 0, 90]"
114756,"[44, 279, 112, 7, 32, 13, 103, 20, 34, 84]"
114757,"[48, 45, 261, 76, 14, 13, 20, 112, 279, 103]"
114758,"[55, 66, 157, 36, 149, 19, 7, 38, 238, 223]"
114759,"[19, 119, 66, 223, 149, 238, 29, 189, 4, 175]"
114760,"[124, 27, 9, 41, 2, 10, 25, 6, 51, 71]"
114761,"[18, 105, 97, 72, 77, 0, 15, 151, 30, 49]"
114762,"[84, 34, 20, 13, 189, 103, 58, 261, 32, 220]"
114763,"[4, 28, 24, 142, 23, 60, 1, 84, 7, 42]"
114764,"[41, 6, 10, 0, 25, 51, 97, 261, 121, 58]"
114765,"[138, 49, 1, 105, 23, 30, 2, 130, 15, 4]"
114766,"[32, 279, 112, 103, 119, 238, 84, 13, 43, 34]"
114767,"[58, 32, 34, 189, 12, 220, 13, 48, 187, 45]"
114768,"[14, 23, 238, 157, 146, 28, 261, 149, 66, 223]"
114769,"[60, 157, 38, 90, 36, 28, 55, 24, 4, 133]"
114770,"[28, 24, 49, 60, 23, 4, 220, 142, 121, 1]"
114771,"[72, 15, 64, 18, 82, 66, 71, 19, 3, 26]"
114772,"[54, 121, 13, 12, 20, 6, 103, 48, 51, 261]"
114773,"[51, 9, 105, 124, 71, 27, 2, 103, 77, 13]"
114774,"[142, 60, 24, 23, 187, 7, 28, 121, 42, 4]"
114775,"[103, 261, 112, 13, 20, 119, 238, 21, 27, 32]"
114776,"[130, 91, 42, 10, 73, 3, 49, 30, 5, 60]"
114777,"[20, 279, 261, 13, 76, 45, 112, 103, 48, 119]"
114778,"[92, 0, 49, 151, 105, 30, 97, 26, 14, 133]"
114779,"[54, 121, 220, 84, 34, 5, 10, 2, 1, 28]"
114780,"[51, 9, 124, 6, 105, 71, 27, 10, 25, 103]"
114781,"[26, 1, 72, 15, 77, 151, 18, 82, 49, 138]"
114782,"[92, 0, 49, 151, 91, 97, 30, 105, 26, 41]"
114783,"[2, 5, 10, 49, 121, 34, 28, 30, 1, 84]"
114784,"[261, 103, 45, 76, 48, 121, 58, 14, 32, 12]"
114785,"[21, 189, 223, 36, 90, 157, 238, 175, 105, 14]"
114786,"[17, 29, 42, 73, 3, 103, 13, 19, 112, 44]"
114787,"[279, 103, 20, 32, 13, 112, 34, 119, 84, 71]"
114788,"[3, 82, 17, 73, 91, 15, 29, 71, 72, 18]"
114789,"[71, 6, 15, 3, 82, 12, 72, 279, 73, 58]"
114790,"[77, 105, 15, 72, 82, 1, 18, 71, 157, 64]"
114791,"[23, 24, 14, 146, 60, 38, 147, 142, 7, 279]"
114792,"[55, 60, 238, 157, 28, 66, 38, 122, 76, 223]"
114793,"[146, 66, 14, 36, 175, 7, 189, 23, 149, 90]"
114794,"[15, 18, 64, 72, 82, 38, 26, 0, 71, 19]"
114795,"[44, 103, 279, 13, 20, 34, 112, 121, 19, 157]"
114796,"[175, 189, 238, 223, 157, 90, 36, 21, 105, 13]"
114797,"[45, 48, 76, 261, 58, 20, 12, 14, 220, 151]"
114798,"[14, 21, 146, 38, 60, 133, 261, 147, 24, 76]"
114799,"[175, 112, 36, 189, 90, 157, 13, 238, 223, 7]"
114800,"[223, 189, 90, 19, 157, 14, 21, 36, 66, 187]"
114801,"[97, 0, 151, 147, 105, 25, 41, 77, 49, 14]"
114802,"[124, 27, 51, 2, 9, 71, 84, 6, 72, 149]"
114803,"[90, 0, 97, 223, 157, 238, 14, 189, 21, 36]"
114804,"[146, 60, 66, 149, 14, 36, 38, 21, 133, 23]"
114805,"[138, 151, 0, 1, 30, 49, 15, 189, 77, 105]"
114806,"[1, 4, 49, 82, 30, 28, 105, 7, 5, 18]"
114807,"[20, 279, 13, 103, 32, 112, 119, 34, 84, 21]"
114808,"[13, 20, 119, 261, 103, 279, 48, 112, 45, 76]"
114809,"[58, 32, 12, 34, 189, 133, 149, 45, 66, 55]"
114810,"[119, 112, 13, 20, 103, 279, 238, 32, 36, 45]"
114811,"[112, 119, 13, 32, 279, 103, 34, 20, 4, 175]"
114812,"[122, 133, 19, 149, 55, 38, 66, 28, 146, 15]"
114813,"[43, 7, 121, 187, 220, 4, 10, 42, 34, 84]"
114814,"[1, 30, 49, 151, 77, 97, 82, 15, 26, 18]"
114815,"[30, 49, 10, 1, 60, 23, 38, 24, 151, 130]"
114816,"[223, 238, 189, 90, 157, 20, 14, 29, 66, 21]"
114817,"[10, 2, 34, 121, 84, 5, 49, 130, 220, 187]"
114818,"[28, 238, 24, 66, 223, 19, 157, 55, 189, 4]"
114819,"[189, 223, 34, 238, 90, 36, 21, 157, 19, 32]"
114820,"[34, 13, 20, 84, 119, 103, 32, 279, 187, 28]"
114821,"[36, 147, 238, 189, 157, 149, 7, 146, 175, 19]"
114822,"[0, 97, 90, 18, 77, 151, 105, 51, 41, 14]"
114823,"[122, 19, 149, 133, 66, 55, 28, 15, 189, 32]"
114824,"[60, 121, 24, 142, 23, 42, 220, 25, 146, 30]"
114825,"[15, 18, 0, 97, 77, 64, 9, 151, 82, 30]"
114826,"[90, 223, 18, 157, 238, 149, 7, 189, 36, 66]"
114827,"[42, 43, 121, 73, 29, 175, 45, 91, 17, 146]"
114828,"[261, 103, 45, 76, 48, 14, 13, 20, 41, 121]"
114829,"[34, 187, 121, 220, 84, 42, 43, 2, 58, 32]"
114830,"[66, 19, 149, 55, 21, 72, 238, 15, 64, 38]"
114831,"[26, 105, 72, 73, 77, 92, 223, 15, 1, 30]"
114832,"[18, 15, 0, 97, 90, 77, 105, 72, 64, 1]"
114833,"[30, 49, 1, 10, 60, 4, 2, 28, 5, 23]"
114834,"[55, 66, 157, 36, 7, 149, 38, 19, 238, 4]"
114835,"[71, 51, 6, 9, 27, 5, 72, 2, 124, 15]"
114836,"[12, 58, 6, 45, 76, 261, 187, 146, 220, 133]"
114837,"[42, 17, 29, 3, 91, 73, 130, 60, 4, 28]"
114838,"[12, 58, 45, 76, 220, 187, 43, 121, 6, 261]"
114839,"[90, 0, 97, 223, 18, 157, 149, 7, 24, 238]"
114840,"[84, 34, 220, 121, 28, 43, 187, 10, 4, 24]"
114841,"[77, 105, 15, 72, 82, 157, 18, 1, 64, 9]"
114842,"[133, 38, 19, 66, 149, 92, 175, 55, 18, 72]"
114843,"[238, 157, 36, 28, 66, 24, 90, 189, 7, 4]"
114844,"[73, 3, 91, 17, 130, 6, 15, 18, 72, 26]"
114845,"[60, 25, 146, 157, 142, 38, 151, 121, 14, 55]"
114846,"[187, 220, 34, 103, 32, 13, 20, 279, 58, 119]"
114847,"[112, 279, 45, 20, 103, 76, 13, 119, 48, 261]"
114848,"[51, 27, 9, 112, 20, 0, 124, 25, 279, 77]"
114849,"[66, 149, 19, 238, 72, 4, 36, 7, 175, 157]"
114850,"[124, 27, 149, 9, 2, 71, 51, 105, 103, 6]"
114851,"[32, 34, 58, 189, 13, 20, 119, 103, 112, 84]"
114852,"[105, 77, 157, 151, 223, 0, 97, 25, 51, 9]"
114853,"[138, 1, 30, 49, 2, 28, 4, 10, 23, 130]"
114854,"[73, 91, 3, 26, 130, 42, 17, 6, 15, 146]"
114855,"[48, 45, 13, 76, 261, 103, 20, 90, 279, 34]"
114856,"[92, 133, 26, 30, 10, 49, 0, 151, 48, 77]"
114857,"[103, 13, 34, 32, 20, 279, 261, 112, 119, 84]"
114858,"[121, 34, 187, 13, 261, 20, 220, 84, 58, 76]"
114859,"[43, 187, 76, 220, 45, 121, 58, 261, 12, 48]"
114860,"[49, 30, 151, 6, 97, 92, 38, 73, 15, 26]"
114861,"[45, 48, 76, 20, 261, 13, 119, 112, 58, 279]"
114862,"[36, 149, 90, 66, 223, 157, 4, 175, 238, 21]"
114863,"[12, 58, 45, 261, 76, 187, 220, 43, 48, 121]"
114864,"[133, 175, 24, 38, 4, 149, 19, 66, 60, 28]"
114865,"[64, 15, 72, 77, 105, 18, 82, 1, 2, 66]"
114866,"[71, 51, 9, 6, 27, 72, 5, 124, 15, 2]"
114867,"[76, 13, 20, 45, 261, 112, 103, 48, 25, 279]"
114868,"[42, 17, 29, 3, 73, 91, 130, 4, 13, 60]"
114869,"[138, 82, 77, 1, 26, 18, 15, 3, 105, 0]"
114870,"[41, 25, 6, 9, 97, 27, 49, 10, 0, 15]"
114871,"[71, 279, 2, 9, 27, 20, 51, 77, 15, 72]"
114872,"[34, 13, 187, 20, 119, 84, 103, 261, 220, 121]"
114873,"[122, 133, 149, 19, 55, 38, 66, 28, 146, 12]"
114874,"[82, 15, 72, 18, 64, 3, 66, 149, 26, 55]"
114875,"[84, 34, 13, 189, 20, 58, 261, 103, 223, 121]"
114876,"[279, 103, 20, 112, 13, 261, 45, 119, 48, 76]"
114877,"[119, 13, 20, 84, 34, 112, 103, 32, 279, 29]"
114878,"[12, 58, 32, 71, 19, 66, 20, 119, 133, 55]"
114879,"[12, 58, 6, 76, 45, 261, 220, 121, 187, 146]"
114880,"[105, 130, 30, 157, 77, 49, 1, 18, 97, 0]"
114881,"[187, 220, 76, 58, 121, 12, 261, 43, 34, 45]"
114882,"[28, 24, 49, 4, 23, 60, 220, 121, 7, 2]"
114883,"[175, 7, 36, 189, 66, 19, 90, 112, 157, 18]"
114884,"[48, 34, 45, 58, 76, 13, 103, 121, 279, 261]"
114885,"[146, 66, 149, 19, 38, 55, 133, 64, 15, 72]"
114886,"[122, 19, 149, 133, 55, 15, 66, 28, 32, 17]"
114887,"[64, 15, 1, 77, 105, 18, 97, 72, 223, 19]"
114888,"[105, 157, 77, 223, 18, 15, 149, 151, 82, 238]"
114889,"[3, 91, 73, 17, 6, 15, 130, 64, 72, 42]"
114890,"[84, 34, 121, 220, 187, 43, 28, 10, 13, 20]"
114891,"[73, 3, 91, 26, 130, 17, 15, 72, 71, 29]"
114892,"[48, 45, 13, 20, 261, 76, 103, 112, 279, 119]"
114893,"[42, 130, 29, 17, 121, 60, 34, 187, 28, 24]"
114894,"[73, 17, 3, 91, 51, 72, 6, 15, 71, 26]"
114895,"[146, 14, 36, 175, 66, 7, 189, 23, 149, 238]"
114896,"[189, 223, 4, 21, 19, 36, 66, 90, 55, 157]"
114897,"[261, 103, 45, 76, 48, 14, 13, 20, 41, 25]"
114898,"[91, 130, 73, 3, 42, 97, 0, 41, 29, 151]"
114899,"[38, 146, 66, 133, 149, 15, 12, 58, 147, 60]"
114900,"[84, 48, 220, 187, 20, 121, 34, 13, 279, 43]"
114901,"[34, 84, 187, 28, 220, 43, 121, 7, 13, 20]"
114902,"[51, 9, 25, 27, 13, 41, 20, 124, 105, 48]"
114903,"[51, 27, 9, 124, 20, 103, 2, 112, 77, 13]"
114904,"[103, 261, 45, 20, 13, 76, 48, 279, 112, 157]"
114905,"[23, 4, 24, 28, 60, 7, 49, 142, 1, 34]"
114906,"[124, 112, 76, 27, 9, 41, 51, 5, 6, 10]"
114907,"[223, 189, 90, 19, 157, 21, 36, 7, 66, 4]"
114908,"[71, 15, 6, 3, 72, 18, 51, 32, 124, 73]"
114909,"[220, 187, 34, 121, 279, 13, 32, 43, 119, 12]"
114910,"[24, 28, 60, 23, 49, 220, 142, 42, 121, 4]"
114911,"[58, 32, 12, 133, 34, 189, 146, 220, 13, 45]"
114912,"[41, 25, 6, 97, 9, 261, 27, 76, 151, 0]"
114913,"[27, 51, 9, 20, 103, 124, 112, 77, 2, 13]"
114914,"[58, 32, 34, 189, 12, 220, 13, 133, 121, 45]"
114915,"[279, 20, 103, 13, 261, 112, 45, 119, 48, 76]"
114916,"[41, 25, 9, 6, 27, 15, 124, 51, 71, 10]"
114917,"[13, 112, 20, 103, 279, 261, 45, 76, 119, 48]"
114918,"[49, 30, 23, 24, 10, 60, 1, 151, 130, 43]"
114919,"[26, 73, 30, 92, 97, 151, 49, 0, 187, 146]"
114920,"[9, 51, 41, 27, 124, 15, 71, 84, 13, 5]"
114921,"[5, 51, 27, 71, 9, 34, 2, 124, 103, 105]"
114922,"[7, 44, 90, 28, 157, 19, 55, 223, 175, 189]"
114923,"[12, 58, 20, 32, 119, 45, 76, 279, 261, 48]"
114924,"[142, 60, 90, 238, 189, 23, 21, 24, 28, 149]"
114925,"[43, 187, 220, 42, 121, 76, 12, 261, 10, 58]"
114926,"[175, 189, 36, 112, 90, 157, 13, 238, 223, 21]"
114927,"[26, 82, 73, 72, 92, 15, 64, 3, 1, 122]"
114928,"[130, 91, 3, 73, 105, 42, 17, 29, 10, 5]"
114929,"[84, 13, 34, 20, 36, 119, 32, 112, 157, 121]"
114930,"[151, 105, 0, 30, 77, 49, 15, 138, 97, 64]"
114931,"[3, 91, 73, 130, 42, 29, 17, 105, 77, 15]"
114932,"[138, 1, 49, 30, 23, 2, 151, 0, 4, 142]"
114933,"[34, 103, 13, 112, 32, 119, 84, 20, 279, 90]"
114934,"[103, 32, 261, 119, 112, 13, 20, 66, 34, 19]"
114935,"[119, 112, 13, 20, 45, 103, 279, 32, 76, 261]"
114936,"[146, 14, 175, 66, 36, 7, 189, 149, 23, 90]"
114937,"[2, 1, 10, 49, 27, 5, 124, 130, 121, 84]"
114938,"[147, 36, 133, 24, 38, 112, 238, 19, 4, 66]"
114939,"[90, 189, 238, 48, 21, 14, 223, 36, 157, 175]"
114940,"[149, 124, 157, 36, 223, 19, 66, 27, 4, 7]"
114941,"[14, 21, 238, 20, 223, 36, 189, 90, 261, 175]"
114942,"[19, 119, 66, 223, 149, 238, 189, 29, 55, 175]"
114943,"[77, 105, 1, 64, 18, 119, 15, 72, 82, 3]"
114944,"[28, 4, 24, 23, 1, 60, 7, 142, 49, 42]"
114945,"[112, 119, 32, 13, 279, 103, 187, 34, 45, 43]"
114946,"[49, 0, 97, 30, 26, 151, 72, 23, 146, 14]"
114947,"[92, 0, 105, 15, 18, 49, 1, 72, 51, 77]"
114948,"[146, 14, 23, 38, 48, 24, 60, 151, 133, 43]"
114949,"[54, 220, 121, 34, 2, 84, 187, 1, 10, 43]"
114950,"[73, 17, 3, 91, 72, 51, 6, 15, 71, 26]"
114951,"[0, 97, 151, 18, 41, 73, 24, 49, 92, 30]"
114952,"[20, 13, 119, 279, 103, 261, 223, 29, 51, 45]"
114953,"[72, 15, 18, 64, 66, 19, 26, 3, 82, 149]"
114954,"[73, 3, 91, 17, 6, 130, 71, 15, 18, 72]"
114955,"[0, 97, 18, 151, 51, 4, 15, 77, 138, 72]"
114956,"[55, 238, 157, 66, 60, 28, 122, 223, 189, 19]"
114957,"[105, 77, 157, 223, 151, 51, 9, 18, 15, 238]"
114958,"[51, 27, 9, 25, 0, 41, 124, 20, 279, 112]"
114959,"[119, 13, 19, 12, 58, 20, 32, 112, 34, 220]"
114960,"[34, 84, 121, 220, 187, 2, 4, 28, 7, 32]"
114961,"[44, 13, 84, 119, 7, 20, 261, 103, 48, 76]"
114962,"[238, 36, 189, 223, 66, 14, 157, 55, 21, 90]"
114963,"[157, 60, 55, 25, 36, 238, 7, 38, 19, 66]"
114964,"[36, 147, 238, 157, 189, 175, 14, 223, 21, 119]"
114965,"[42, 17, 29, 73, 3, 130, 121, 91, 45, 58]"
114966,"[32, 112, 279, 12, 19, 103, 119, 66, 149, 15]"
114967,"[34, 48, 58, 13, 121, 103, 32, 84, 112, 119]"
114968,"[66, 19, 189, 28, 55, 4, 149, 223, 36, 7]"
114969,"[77, 105, 151, 0, 15, 25, 157, 9, 51, 97]"
114970,"[45, 261, 48, 76, 12, 58, 38, 43, 220, 103]"
114971,"[261, 20, 21, 12, 103, 13, 121, 279, 45, 76]"
114972,"[151, 77, 64, 15, 18, 97, 1, 72, 82, 105]"
114973,"[42, 29, 17, 91, 73, 3, 130, 60, 121, 28]"
114974,"[12, 58, 32, 6, 66, 149, 55, 133, 19, 44]"
114975,"[92, 26, 72, 73, 15, 19, 18, 66, 64, 82]"
114976,"[146, 66, 133, 149, 19, 38, 72, 58, 32, 14]"
114977,"[147, 36, 133, 24, 112, 38, 238, 4, 19, 189]"
114978,"[14, 146, 60, 23, 38, 24, 133, 147, 43, 187]"
114979,"[24, 28, 60, 4, 23, 220, 121, 7, 42, 142]"
114980,"[261, 12, 121, 76, 20, 45, 220, 14, 58, 187]"
114981,"[3, 91, 73, 130, 29, 17, 42, 105, 77, 51]"
114982,"[130, 91, 42, 73, 10, 30, 3, 49, 1, 5]"
114983,"[17, 3, 73, 91, 29, 42, 66, 12, 19, 32]"
114984,"[90, 223, 189, 36, 175, 157, 112, 21, 238, 13]"
114985,"[142, 60, 28, 23, 24, 7, 49, 4, 34, 30]"
114986,"[157, 223, 149, 105, 36, 189, 238, 19, 90, 4]"
114987,"[0, 105, 18, 97, 30, 151, 77, 15, 1, 72]"
114988,"[49, 0, 30, 151, 97, 26, 72, 105, 14, 146]"
114989,"[21, 14, 261, 20, 238, 90, 103, 189, 66, 36]"
114990,"[124, 27, 41, 9, 2, 25, 6, 10, 71, 51]"
114991,"[112, 279, 103, 20, 32, 119, 34, 13, 45, 84]"
114992,"[38, 146, 133, 66, 149, 19, 55, 12, 60, 147]"
114993,"[27, 51, 142, 25, 124, 41, 9, 20, 112, 261]"
114994,"[133, 66, 38, 19, 149, 92, 175, 55, 12, 58]"
114995,"[12, 58, 32, 6, 66, 149, 44, 133, 55, 146]"
114996,"[24, 4, 28, 60, 23, 7, 121, 220, 187, 1]"
114997,"[66, 149, 19, 72, 38, 146, 55, 238, 133, 32]"
114998,"[36, 66, 157, 238, 4, 90, 38, 13, 21, 189]"
114999,"[29, 17, 20, 13, 119, 238, 103, 223, 42, 175]"
115000,"[60, 142, 23, 24, 49, 30, 42, 28, 121, 220]"
115001,"[122, 133, 149, 19, 38, 55, 66, 26, 15, 14]"
115002,"[58, 12, 45, 76, 187, 261, 220, 48, 43, 121]"
115003,"[0, 97, 18, 151, 49, 26, 90, 41, 30, 14]"
115004,"[38, 24, 60, 147, 14, 146, 23, 133, 142, 49]"
115005,"[151, 0, 30, 49, 97, 105, 26, 92, 25, 38]"
115006,"[238, 157, 28, 36, 66, 189, 19, 90, 7, 4]"
115007,"[13, 20, 261, 48, 119, 103, 279, 112, 45, 76]"
115008,"[130, 42, 91, 10, 73, 49, 60, 3, 30, 142]"
115009,"[66, 19, 55, 149, 15, 38, 146, 32, 28, 189]"
115010,"[220, 187, 279, 121, 32, 34, 13, 12, 43, 119]"
115011,"[220, 187, 121, 43, 24, 42, 147, 76, 34, 23]"
115012,"[43, 13, 187, 20, 119, 220, 42, 34, 121, 32]"
115013,"[76, 45, 112, 20, 48, 13, 261, 124, 103, 279]"
115014,"[0, 97, 18, 151, 51, 4, 77, 138, 41, 105]"
115015,"[82, 15, 18, 72, 26, 149, 64, 3, 92, 105]"
115016,"[13, 20, 103, 112, 261, 279, 45, 119, 76, 48]"
115017,"[26, 73, 92, 72, 15, 146, 91, 6, 133, 0]"
115018,"[17, 73, 3, 29, 55, 91, 42, 149, 32, 66]"
115019,"[25, 6, 41, 10, 76, 130, 97, 91, 9, 0]"
115020,"[6, 25, 27, 51, 10, 124, 41, 9, 71, 2]"
115021,"[124, 51, 27, 9, 25, 41, 20, 2, 112, 48]"
115022,"[112, 76, 279, 13, 45, 20, 34, 90, 103, 121]"
115023,"[23, 28, 142, 24, 60, 1, 4, 7, 149, 49]"
115024,"[41, 51, 10, 0, 9, 6, 130, 25, 27, 124]"
115025,"[6, 27, 124, 25, 51, 10, 41, 71, 9, 2]"
115026,"[27, 51, 9, 103, 124, 20, 2, 112, 13, 77]"
115027,"[6, 18, 71, 25, 41, 72, 82, 10, 44, 73]"
115028,"[223, 189, 90, 19, 157, 21, 66, 36, 7, 4]"
115029,"[175, 36, 7, 90, 26, 147, 66, 19, 122, 60]"
115030,"[7, 44, 23, 90, 55, 189, 66, 157, 28, 19]"
115031,"[12, 58, 45, 76, 261, 187, 220, 43, 121, 48]"
115032,"[105, 77, 157, 9, 36, 18, 238, 25, 0, 15]"
115033,"[130, 91, 42, 73, 10, 30, 3, 49, 220, 187]"
115034,"[36, 157, 238, 90, 13, 14, 189, 21, 147, 112]"
115035,"[38, 66, 149, 15, 19, 55, 146, 133, 72, 17]"
115036,"[189, 223, 19, 66, 157, 90, 238, 36, 149, 28]"
115037,"[14, 261, 21, 147, 48, 76, 45, 20, 238, 0]"
115038,"[90, 223, 189, 175, 36, 157, 21, 112, 14, 238]"
115039,"[48, 45, 13, 76, 261, 103, 279, 20, 90, 34]"
115040,"[54, 34, 84, 5, 121, 2, 1, 28, 220, 4]"
115041,"[2, 10, 34, 1, 5, 84, 51, 121, 27, 18]"
115042,"[45, 76, 261, 48, 12, 58, 43, 121, 103, 38]"
115043,"[130, 10, 42, 91, 30, 220, 49, 73, 5, 187]"
115044,"[73, 3, 91, 130, 42, 29, 17, 26, 71, 15]"
115045,"[42, 43, 121, 130, 60, 220, 187, 10, 23, 24]"
115046,"[147, 36, 133, 24, 77, 38, 238, 112, 19, 4]"
115047,"[279, 103, 20, 13, 112, 32, 34, 119, 71, 84]"
115048,"[24, 28, 238, 133, 60, 4, 90, 23, 66, 147]"
115049,"[54, 84, 34, 5, 1, 2, 28, 121, 220, 4]"
115050,"[21, 189, 223, 14, 36, 90, 238, 157, 147, 175]"
115051,"[91, 73, 3, 130, 17, 105, 25, 42, 29, 6]"
115052,"[77, 105, 157, 9, 151, 15, 51, 72, 223, 238]"
115053,"[103, 261, 112, 13, 119, 20, 32, 45, 238, 21]"
115054,"[60, 28, 24, 23, 4, 7, 42, 34, 142, 49]"
115055,"[92, 26, 133, 72, 64, 15, 146, 6, 82, 10]"
115056,"[15, 18, 0, 97, 64, 9, 151, 77, 72, 38]"
115057,"[0, 97, 18, 92, 151, 49, 41, 26, 30, 90]"
115058,"[90, 189, 238, 21, 223, 157, 36, 175, 13, 103]"
115059,"[38, 133, 66, 146, 12, 149, 19, 58, 14, 55]"
115060,"[32, 12, 58, 112, 279, 103, 17, 19, 119, 43]"
115061,"[10, 121, 43, 6, 30, 49, 220, 2, 187, 42]"
115062,"[66, 149, 19, 238, 72, 7, 36, 4, 90, 157]"
115063,"[10, 2, 49, 5, 121, 34, 187, 84, 220, 43]"
115064,"[66, 19, 55, 149, 15, 32, 38, 146, 189, 28]"
115065,"[64, 105, 72, 77, 18, 30, 49, 15, 151, 0]"
115066,"[15, 18, 72, 82, 64, 66, 3, 71, 26, 149]"
115067,"[142, 23, 27, 60, 7, 4, 24, 28, 220, 121]"
115068,"[77, 105, 151, 0, 157, 97, 14, 189, 25, 15]"
115069,"[54, 121, 13, 12, 6, 20, 103, 48, 51, 32]"
115070,"[261, 20, 45, 14, 76, 21, 48, 12, 121, 25]"
115071,"[29, 17, 42, 20, 13, 3, 119, 261, 103, 14]"
115072,"[18, 15, 72, 64, 0, 82, 97, 90, 66, 77]"
115073,"[2, 10, 49, 1, 84, 121, 5, 34, 130, 187]"
115074,"[23, 14, 24, 146, 147, 60, 19, 38, 49, 142]"
115075,"[42, 130, 29, 17, 91, 60, 23, 3, 28, 24]"
115076,"[0, 97, 18, 151, 49, 26, 41, 30, 90, 14]"
115077,"[189, 223, 66, 19, 157, 90, 21, 238, 36, 28]"
115078,"[77, 151, 105, 97, 92, 0, 30, 64, 49, 147]"
115079,"[13, 20, 119, 103, 48, 261, 279, 112, 76, 51]"
115080,"[15, 18, 0, 97, 64, 151, 9, 77, 30, 72]"
115081,"[17, 3, 29, 73, 91, 42, 19, 66, 32, 149]"
115082,"[28, 24, 23, 49, 220, 60, 121, 4, 7, 2]"
115083,"[157, 14, 189, 66, 28, 23, 149, 146, 223, 90]"
115084,"[38, 60, 146, 14, 147, 133, 23, 24, 66, 149]"
115085,"[175, 36, 19, 147, 122, 90, 7, 66, 60, 146]"
115086,"[1, 15, 77, 105, 2, 238, 18, 72, 82, 28]"
115087,"[10, 41, 6, 25, 43, 130, 45, 187, 12, 51]"
115088,"[66, 38, 4, 133, 19, 149, 175, 28, 60, 238]"
115089,"[122, 133, 19, 149, 38, 66, 55, 26, 14, 15]"
115090,"[43, 187, 13, 119, 20, 220, 121, 279, 34, 12]"
115091,"[138, 82, 77, 18, 1, 26, 0, 105, 15, 151]"
115092,"[48, 45, 76, 261, 58, 12, 43, 121, 14, 146]"
115093,"[30, 49, 151, 0, 92, 10, 26, 77, 105, 97]"
115094,"[223, 189, 90, 157, 21, 36, 238, 175, 20, 14]"
115095,"[21, 189, 223, 90, 36, 157, 238, 175, 20, 105]"
115096,"[105, 157, 0, 77, 25, 97, 151, 36, 21, 9]"
115097,"[19, 66, 149, 72, 32, 55, 38, 133, 15, 17]"
115098,"[36, 147, 238, 157, 189, 149, 7, 146, 175, 19]"
115099,"[51, 9, 124, 105, 25, 27, 103, 13, 20, 41]"
115100,"[48, 34, 45, 58, 76, 13, 103, 261, 121, 279]"
115101,"[146, 36, 14, 66, 23, 189, 133, 60, 149, 175]"
115102,"[49, 30, 10, 1, 23, 24, 60, 142, 42, 28]"
115103,"[146, 14, 133, 23, 60, 38, 261, 58, 24, 147]"
115104,"[122, 238, 28, 55, 36, 175, 223, 19, 189, 66]"
115105,"[0, 97, 151, 30, 49, 105, 25, 14, 26, 18]"
115106,"[73, 91, 130, 3, 26, 42, 6, 25, 151, 10]"
115107,"[72, 15, 64, 66, 82, 18, 92, 73, 26, 71]"
115108,"[112, 76, 279, 13, 20, 45, 32, 34, 103, 121]"
115109,"[43, 121, 187, 42, 220, 10, 7, 24, 4, 60]"
115110,"[51, 27, 2, 71, 20, 124, 9, 112, 5, 13]"
115111,"[138, 82, 77, 15, 18, 1, 26, 0, 151, 3]"
115112,"[64, 72, 15, 82, 18, 3, 151, 77, 19, 149]"
115113,"[82, 3, 15, 72, 18, 77, 64, 105, 55, 71]"
115114,"[45, 261, 76, 48, 12, 103, 20, 14, 112, 58]"
115115,"[41, 6, 25, 10, 49, 76, 220, 43, 261, 45]"
115116,"[25, 9, 51, 41, 27, 105, 13, 76, 6, 119]"
115117,"[41, 51, 10, 9, 0, 6, 25, 27, 124, 5]"
115118,"[29, 17, 3, 42, 90, 238, 189, 103, 13, 20]"
115119,"[175, 133, 189, 90, 223, 36, 157, 238, 105, 14]"
115120,"[44, 19, 71, 32, 6, 17, 66, 103, 279, 13]"
115121,"[72, 15, 77, 64, 18, 105, 49, 82, 30, 1]"
115122,"[238, 21, 157, 36, 189, 223, 20, 90, 175, 13]"
115123,"[142, 19, 7, 103, 28, 21, 55, 48, 14, 60]"
115124,"[12, 58, 76, 45, 261, 48, 220, 43, 121, 20]"
115125,"[66, 19, 55, 149, 15, 38, 146, 32, 189, 72]"
115126,"[32, 12, 112, 279, 103, 119, 19, 58, 149, 66]"
115127,"[6, 41, 25, 10, 0, 121, 151, 45, 51, 76]"
115128,"[151, 0, 77, 105, 97, 238, 189, 72, 51, 279]"
115129,"[84, 34, 121, 220, 187, 43, 28, 10, 4, 20]"
115130,"[17, 73, 3, 29, 55, 149, 42, 32, 66, 122]"
115131,"[25, 9, 51, 41, 27, 105, 13, 76, 97, 77]"
115132,"[54, 121, 13, 20, 103, 12, 48, 32, 261, 6]"
115133,"[1, 82, 49, 105, 97, 30, 26, 77, 18, 4]"
115134,"[12, 58, 6, 133, 38, 146, 32, 76, 261, 220]"
115135,"[72, 15, 105, 77, 64, 82, 18, 49, 30, 1]"
115136,"[45, 48, 76, 20, 261, 112, 119, 13, 279, 103]"
115137,"[103, 261, 32, 119, 13, 112, 20, 45, 34, 66]"
115138,"[91, 73, 3, 130, 6, 17, 42, 26, 15, 92]"
115139,"[32, 12, 58, 279, 112, 19, 103, 66, 43, 119]"
115140,"[220, 187, 121, 34, 24, 84, 7, 43, 28, 4]"
115141,"[44, 279, 103, 121, 13, 20, 112, 34, 6, 71]"
115142,"[32, 279, 112, 103, 119, 43, 12, 187, 261, 13]"
115143,"[71, 279, 2, 27, 9, 15, 51, 20, 72, 77]"
115144,"[189, 19, 66, 157, 28, 146, 223, 149, 175, 4]"
115145,"[55, 238, 60, 157, 28, 66, 122, 38, 76, 189]"
115146,"[66, 238, 21, 175, 223, 157, 36, 19, 189, 90]"
115147,"[189, 223, 238, 90, 36, 21, 157, 105, 14, 147]"
115148,"[142, 60, 23, 28, 24, 49, 7, 30, 1, 4]"
115149,"[45, 76, 261, 112, 20, 103, 13, 48, 279, 119]"
115150,"[105, 77, 157, 15, 18, 223, 151, 51, 82, 149]"
115151,"[151, 0, 97, 49, 30, 24, 142, 23, 26, 6]"
115152,"[124, 27, 41, 112, 9, 76, 51, 6, 5, 92]"
115153,"[12, 58, 76, 261, 45, 220, 43, 121, 187, 48]"
115154,"[27, 124, 9, 51, 41, 105, 77, 25, 103, 112]"
115155,"[157, 14, 189, 90, 223, 21, 36, 103, 238, 77]"
115156,"[36, 238, 189, 157, 147, 223, 175, 119, 21, 149]"
115157,"[157, 14, 189, 223, 21, 238, 90, 36, 103, 13]"
115158,"[44, 121, 103, 279, 261, 20, 13, 34, 220, 6]"
115159,"[7, 66, 4, 14, 38, 21, 133, 19, 90, 175]"
115160,"[0, 151, 97, 25, 14, 30, 76, 105, 147, 49]"
115161,"[49, 30, 23, 24, 60, 10, 142, 43, 151, 1]"
115162,"[9, 41, 51, 38, 124, 27, 15, 25, 71, 6]"
115163,"[82, 15, 18, 72, 149, 64, 26, 3, 66, 1]"
115164,"[84, 34, 13, 189, 20, 103, 223, 32, 119, 279]"
115165,"[97, 0, 151, 105, 25, 14, 26, 77, 147, 76]"
115166,"[43, 121, 7, 187, 10, 220, 42, 34, 4, 84]"
115167,"[124, 51, 27, 9, 20, 2, 112, 77, 25, 119]"
115168,"[41, 51, 9, 0, 25, 27, 124, 10, 13, 97]"
115169,"[124, 27, 149, 9, 41, 6, 71, 103, 25, 2]"
115170,"[220, 45, 12, 58, 48, 76, 261, 187, 121, 43]"
115171,"[26, 73, 72, 82, 15, 92, 64, 1, 18, 3]"
115172,"[1, 2, 28, 49, 30, 34, 77, 23, 60, 15]"
115173,"[7, 23, 28, 4, 60, 24, 142, 34, 220, 121]"
115174,"[103, 32, 261, 13, 20, 34, 44, 112, 220, 76]"
115175,"[41, 25, 9, 6, 27, 261, 76, 0, 97, 51]"
115176,"[36, 66, 157, 238, 4, 38, 90, 21, 14, 149]"
115177,"[97, 0, 151, 105, 25, 14, 147, 76, 77, 26]"
115178,"[38, 66, 149, 55, 19, 146, 133, 15, 122, 12]"
115179,"[91, 130, 73, 3, 29, 42, 17, 97, 51, 77]"
115180,"[261, 103, 45, 76, 48, 14, 32, 121, 187, 58]"
115181,"[2, 6, 27, 51, 18, 10, 71, 25, 112, 121]"
115182,"[66, 19, 55, 149, 15, 38, 146, 32, 28, 189]"
115183,"[151, 0, 49, 30, 105, 97, 26, 92, 25, 77]"
115184,"[12, 58, 6, 45, 76, 220, 38, 32, 43, 187]"
115185,"[138, 1, 30, 49, 23, 2, 4, 142, 28, 151]"
115186,"[1, 49, 30, 4, 28, 60, 7, 138, 5, 10]"
115187,"[12, 58, 32, 133, 149, 6, 66, 55, 44, 19]"
115188,"[122, 19, 149, 133, 66, 15, 55, 17, 28, 38]"
115189,"[147, 14, 36, 21, 220, 189, 157, 76, 38, 146]"
115190,"[1, 49, 2, 30, 28, 60, 138, 23, 24, 34]"
115191,"[3, 29, 17, 82, 91, 73, 42, 77, 27, 105]"
115192,"[51, 9, 105, 124, 27, 25, 103, 77, 13, 20]"
115193,"[12, 58, 45, 90, 76, 220, 43, 187, 223, 121]"
115194,"[58, 45, 12, 48, 76, 261, 121, 220, 43, 187]"
115195,"[7, 36, 175, 157, 238, 66, 19, 149, 90, 43]"
115196,"[6, 73, 12, 71, 91, 25, 58, 26, 10, 41]"
115197,"[157, 60, 55, 238, 36, 7, 19, 66, 189, 105]"
115198,"[105, 157, 77, 36, 9, 175, 21, 238, 25, 189]"
115199,"[66, 149, 19, 72, 146, 38, 55, 133, 238, 32]"
115200,"[51, 27, 9, 112, 20, 0, 279, 124, 13, 103]"
115201,"[82, 3, 15, 72, 18, 133, 64, 77, 55, 92]"
115202,"[147, 97, 38, 24, 14, 60, 23, 58, 76, 142]"
115203,"[19, 66, 146, 149, 38, 55, 133, 26, 122, 18]"
115204,"[103, 261, 20, 13, 279, 112, 45, 76, 48, 119]"
115205,"[189, 223, 4, 36, 38, 19, 21, 90, 66, 55]"
115206,"[32, 279, 112, 119, 103, 84, 13, 238, 43, 34]"
115207,"[12, 58, 45, 220, 76, 90, 187, 43, 32, 20]"
115208,"[43, 121, 187, 10, 220, 42, 7, 24, 49, 23]"
115209,"[14, 21, 66, 238, 223, 36, 7, 20, 189, 261]"
115210,"[29, 17, 42, 3, 73, 90, 103, 13, 34, 48]"
115211,"[14, 189, 223, 36, 157, 238, 20, 175, 21, 147]"
115212,"[45, 48, 76, 261, 58, 20, 14, 12, 220, 119]"
115213,"[91, 130, 73, 3, 42, 29, 17, 97, 51, 15]"
115214,"[157, 223, 36, 90, 105, 238, 14, 189, 149, 147]"
115215,"[4, 28, 84, 7, 1, 34, 24, 23, 60, 189]"
115216,"[48, 45, 76, 261, 14, 20, 13, 279, 112, 103]"
115217,"[44, 32, 279, 7, 112, 66, 12, 71, 17, 149]"
115218,"[133, 38, 146, 58, 12, 24, 92, 19, 66, 149]"
115219,"[157, 189, 223, 21, 238, 90, 36, 103, 77, 105]"
115220,"[220, 187, 121, 76, 147, 12, 58, 45, 43, 6]"
115221,"[124, 27, 112, 9, 51, 5, 76, 77, 71, 3]"
115222,"[18, 72, 15, 82, 19, 64, 66, 105, 55, 3]"
115223,"[42, 91, 43, 29, 73, 130, 17, 146, 175, 121]"
115224,"[279, 13, 112, 103, 261, 20, 45, 48, 76, 119]"
115225,"[112, 13, 20, 279, 103, 124, 90, 76, 27, 119]"
115226,"[119, 13, 20, 112, 103, 279, 189, 223, 34, 29]"
115227,"[157, 223, 149, 36, 90, 23, 238, 55, 189, 105]"
115228,"[13, 20, 112, 279, 103, 119, 32, 34, 84, 51]"
115229,"[90, 0, 97, 18, 223, 157, 238, 149, 24, 28]"
115230,"[4, 24, 157, 36, 149, 7, 60, 28, 66, 147]"
115231,"[149, 66, 19, 238, 157, 36, 189, 4, 90, 223]"
115232,"[1, 49, 30, 4, 28, 60, 138, 7, 82, 5]"
115233,"[92, 0, 15, 6, 91, 133, 26, 12, 18, 73]"
115234,"[5, 2, 124, 51, 13, 9, 71, 76, 27, 72]"
115235,"[25, 51, 9, 41, 27, 13, 105, 77, 76, 6]"
115236,"[119, 13, 19, 20, 32, 147, 34, 103, 58, 220]"
115237,"[34, 121, 187, 84, 220, 43, 10, 7, 5, 142]"
115238,"[24, 28, 60, 4, 23, 220, 121, 7, 142, 49]"
115239,"[4, 24, 28, 60, 7, 23, 34, 84, 121, 42]"
115240,"[112, 279, 45, 76, 103, 32, 220, 20, 119, 121]"
115241,"[10, 2, 34, 121, 49, 84, 5, 220, 187, 43]"
115242,"[9, 51, 124, 105, 71, 27, 103, 20, 13, 2]"
115243,"[34, 48, 32, 103, 13, 58, 121, 187, 84, 261]"
115244,"[21, 66, 20, 238, 19, 90, 14, 4, 7, 103]"
115245,"[261, 103, 45, 32, 13, 20, 76, 48, 34, 121]"
115246,"[82, 3, 15, 72, 18, 77, 105, 64, 66, 55]"
115247,"[21, 66, 20, 19, 14, 90, 238, 261, 4, 36]"
115248,"[12, 58, 6, 66, 32, 20, 45, 19, 44, 76]"
115249,"[15, 72, 18, 3, 82, 64, 66, 19, 149, 77]"
115250,"[18, 72, 15, 82, 6, 3, 19, 105, 64, 66]"
115251,"[41, 51, 0, 9, 25, 27, 124, 97, 10, 261]"
115252,"[12, 58, 32, 261, 45, 76, 133, 6, 48, 220]"
115253,"[122, 55, 19, 66, 238, 149, 15, 28, 133, 36]"
115254,"[157, 223, 149, 105, 36, 23, 138, 189, 19, 4]"
115255,"[4, 24, 7, 28, 1, 60, 23, 157, 34, 84]"
115256,"[0, 97, 18, 90, 15, 105, 77, 92, 49, 151]"
115257,"[20, 261, 13, 103, 279, 34, 76, 48, 84, 45]"
115258,"[45, 103, 261, 20, 48, 112, 76, 13, 279, 119]"
115259,"[34, 84, 121, 187, 220, 43, 10, 42, 7, 5]"
115260,"[51, 9, 71, 5, 27, 13, 105, 20, 2, 124]"
115261,"[279, 20, 103, 13, 112, 261, 45, 119, 76, 48]"
115262,"[279, 20, 112, 13, 51, 119, 157, 103, 48, 189]"
115263,"[112, 279, 45, 103, 20, 76, 13, 119, 261, 48]"
115264,"[12, 58, 6, 38, 133, 146, 32, 76, 220, 121]"
115265,"[157, 25, 60, 238, 36, 105, 189, 147, 55, 90]"
115266,"[157, 60, 55, 36, 238, 7, 25, 105, 19, 189]"
115267,"[13, 20, 103, 119, 279, 112, 51, 9, 157, 261]"
115268,"[28, 4, 55, 238, 122, 157, 189, 279, 19, 66]"
115269,"[15, 72, 18, 82, 3, 64, 71, 66, 77, 105]"
115270,"[60, 142, 24, 121, 157, 4, 7, 23, 28, 25]"
115271,"[220, 187, 121, 43, 34, 60, 23, 24, 42, 84]"
115272,"[25, 6, 41, 151, 10, 76, 45, 261, 121, 48]"
115273,"[60, 157, 25, 55, 146, 77, 142, 151, 121, 38]"
115274,"[261, 20, 21, 103, 13, 45, 279, 76, 14, 48]"
115275,"[124, 27, 9, 112, 51, 5, 41, 71, 76, 2]"
115276,"[84, 34, 20, 279, 112, 13, 121, 119, 103, 187]"
115277,"[0, 97, 18, 151, 49, 26, 41, 30, 90, 6]"
115278,"[21, 238, 14, 175, 66, 157, 36, 223, 149, 19]"
115279,"[0, 97, 151, 14, 41, 18, 90, 49, 25, 77]"
115280,"[26, 1, 73, 82, 92, 77, 51, 97, 72, 49]"
115281,"[279, 13, 112, 103, 20, 261, 76, 45, 119, 48]"
115282,"[84, 34, 121, 220, 187, 43, 4, 7, 28, 60]"
115283,"[84, 34, 121, 60, 220, 187, 4, 43, 10, 2]"
115284,"[105, 18, 1, 30, 130, 157, 77, 15, 49, 97]"
115285,"[51, 9, 105, 124, 71, 6, 10, 27, 25, 103]"
115286,"[105, 77, 157, 151, 223, 97, 25, 0, 51, 9]"
115287,"[66, 238, 14, 21, 223, 36, 189, 90, 157, 175]"
115288,"[19, 66, 149, 7, 38, 238, 133, 23, 36, 4]"
115289,"[151, 0, 72, 77, 18, 97, 105, 30, 49, 1]"
115290,"[38, 146, 133, 66, 149, 12, 58, 147, 60, 14]"
115291,"[72, 77, 105, 15, 18, 64, 1, 66, 27, 19]"
115292,"[14, 23, 146, 261, 38, 76, 147, 24, 142, 60]"
115293,"[122, 133, 19, 149, 38, 55, 66, 14, 26, 15]"
115294,"[73, 3, 17, 91, 72, 130, 15, 51, 26, 92]"
115295,"[42, 43, 121, 7, 130, 34, 60, 29, 187, 220]"
115296,"[2, 10, 5, 49, 34, 121, 28, 84, 30, 220]"
115297,"[3, 73, 91, 6, 17, 15, 72, 71, 64, 18]"
115298,"[121, 34, 220, 84, 187, 28, 43, 10, 2, 24]"
115299,"[32, 279, 112, 103, 43, 119, 12, 45, 187, 13]"
115300,"[142, 60, 189, 90, 238, 23, 28, 21, 24, 14]"
115301,"[41, 25, 9, 51, 27, 6, 20, 124, 76, 261]"
115302,"[1, 49, 4, 30, 28, 7, 82, 105, 5, 77]"
115303,"[20, 279, 261, 13, 76, 45, 103, 112, 48, 119]"
115304,"[2, 5, 27, 51, 10, 49, 41, 238, 105, 71]"
115305,"[76, 45, 261, 58, 48, 220, 12, 187, 121, 43]"
115306,"[13, 112, 261, 20, 103, 45, 279, 76, 119, 48]"
115307,"[157, 223, 149, 90, 36, 105, 238, 23, 19, 14]"
115308,"[7, 28, 43, 4, 23, 34, 84, 42, 60, 24]"
115309,"[44, 32, 279, 17, 66, 12, 7, 112, 71, 149]"
115310,"[66, 4, 19, 149, 238, 7, 28, 175, 21, 36]"
115311,"[149, 66, 19, 124, 55, 38, 3, 122, 15, 157]"
115312,"[30, 49, 38, 151, 0, 97, 147, 26, 15, 71]"
115313,"[64, 72, 15, 82, 151, 3, 19, 18, 66, 149]"
115314,"[103, 13, 34, 20, 32, 279, 261, 112, 84, 119]"
115315,"[27, 142, 51, 2, 124, 25, 10, 6, 71, 41]"
115316,"[175, 36, 112, 189, 90, 13, 157, 238, 223, 7]"
115317,"[60, 142, 24, 157, 121, 4, 7, 23, 28, 42]"
115318,"[28, 4, 24, 23, 1, 7, 60, 142, 34, 121]"
115319,"[26, 72, 15, 92, 6, 38, 18, 73, 146, 82]"
115320,"[97, 0, 151, 105, 55, 18, 1, 77, 49, 147]"
115321,"[6, 25, 10, 41, 71, 151, 12, 73, 26, 76]"
115322,"[30, 49, 10, 60, 1, 23, 24, 142, 130, 42]"
115323,"[238, 55, 66, 36, 28, 14, 19, 223, 189, 149]"
115324,"[15, 18, 64, 72, 82, 71, 38, 66, 19, 149]"
115325,"[157, 223, 149, 90, 36, 23, 105, 238, 189, 19]"
115326,"[84, 34, 220, 121, 187, 43, 20, 28, 13, 10]"
115327,"[84, 13, 121, 20, 34, 45, 36, 119, 32, 261]"
115328,"[122, 55, 19, 66, 133, 149, 238, 14, 38, 146]"
115329,"[7, 4, 28, 34, 84, 1, 23, 60, 142, 24]"
115330,"[124, 27, 149, 9, 3, 2, 105, 71, 51, 103]"
115331,"[149, 157, 238, 36, 66, 223, 19, 23, 189, 14]"
115332,"[71, 6, 72, 15, 32, 18, 66, 3, 51, 9]"
115333,"[77, 105, 151, 157, 97, 0, 25, 51, 9, 72]"
115334,"[12, 58, 6, 32, 261, 45, 76, 133, 48, 220]"
115335,"[130, 91, 10, 42, 73, 30, 49, 220, 187, 43]"
115336,"[279, 112, 20, 13, 51, 119, 189, 157, 48, 76]"
115337,"[124, 27, 51, 2, 6, 84, 71, 9, 25, 10]"
115338,"[15, 18, 0, 97, 64, 151, 77, 9, 30, 72]"
115339,"[5, 34, 2, 10, 130, 187, 1, 220, 30, 49]"
115340,"[66, 19, 149, 55, 21, 238, 38, 72, 32, 15]"
115341,"[13, 20, 119, 103, 279, 112, 261, 76, 189, 9]"
115342,"[92, 0, 105, 18, 15, 49, 77, 72, 1, 51]"
115343,"[43, 13, 187, 119, 20, 121, 34, 7, 220, 10]"
115344,"[60, 25, 146, 157, 142, 121, 24, 23, 38, 55]"
115345,"[27, 51, 2, 9, 71, 103, 112, 20, 124, 279]"
115346,"[121, 43, 187, 58, 45, 261, 220, 76, 48, 6]"
115347,"[220, 12, 45, 58, 261, 121, 20, 48, 34, 76]"
115348,"[90, 189, 21, 7, 238, 48, 223, 36, 14, 149]"
115349,"[0, 97, 151, 18, 14, 90, 41, 105, 77, 25]"
115350,"[122, 28, 133, 14, 23, 149, 175, 19, 147, 36]"
115351,"[112, 279, 45, 32, 103, 76, 119, 220, 20, 121]"
115352,"[92, 77, 26, 133, 64, 30, 72, 105, 10, 175]"
115353,"[48, 45, 58, 76, 12, 261, 121, 220, 43, 187]"
115354,"[187, 121, 58, 45, 48, 220, 12, 76, 34, 261]"
115355,"[84, 20, 34, 13, 189, 103, 32, 119, 223, 279]"
115356,"[20, 13, 103, 261, 58, 76, 279, 112, 12, 43]"
115357,"[44, 279, 7, 32, 48, 112, 13, 12, 261, 121]"
115358,"[7, 23, 28, 60, 4, 24, 34, 142, 220, 121]"
115359,"[151, 0, 49, 30, 105, 97, 26, 92, 25, 6]"
115360,"[45, 48, 76, 261, 58, 14, 20, 220, 12, 151]"
115361,"[220, 187, 121, 34, 43, 84, 24, 7, 42, 28]"
115362,"[24, 4, 147, 133, 60, 14, 23, 38, 121, 28]"
115363,"[26, 72, 82, 92, 73, 15, 64, 1, 18, 19]"
115364,"[14, 146, 21, 38, 261, 60, 133, 48, 76, 23]"
115365,"[0, 97, 18, 90, 15, 105, 92, 77, 49, 151]"
115366,"[48, 45, 58, 76, 12, 13, 20, 261, 220, 84]"
115367,"[151, 0, 72, 77, 97, 18, 105, 30, 1, 49]"
115368,"[21, 189, 223, 36, 238, 157, 90, 105, 175, 20]"
115369,"[103, 261, 112, 13, 119, 20, 45, 32, 27, 21]"
115370,"[45, 112, 261, 76, 20, 103, 13, 48, 279, 119]"
115371,"[5, 34, 10, 2, 187, 220, 1, 121, 84, 30]"
115372,"[17, 29, 3, 42, 73, 91, 19, 130, 103, 13]"
115373,"[15, 77, 18, 105, 82, 72, 26, 30, 1, 0]"
115374,"[105, 157, 77, 0, 97, 25, 36, 151, 238, 9]"
115375,"[147, 36, 77, 112, 238, 189, 14, 21, 157, 119]"
115376,"[51, 9, 27, 25, 41, 105, 13, 20, 48, 77]"
115377,"[23, 24, 142, 14, 147, 60, 38, 187, 49, 146]"
115378,"[44, 32, 13, 12, 19, 119, 6, 20, 71, 84]"
115379,"[36, 157, 238, 13, 90, 189, 21, 112, 105, 175]"
115380,"[25, 41, 6, 76, 0, 151, 97, 9, 51, 10]"
115381,"[9, 51, 27, 77, 13, 20, 105, 112, 279, 124]"
115382,"[48, 45, 76, 261, 58, 12, 43, 121, 13, 14]"
115383,"[105, 77, 82, 72, 15, 18, 1, 223, 189, 64]"
115384,"[20, 261, 13, 103, 279, 48, 45, 112, 76, 119]"
115385,"[19, 119, 66, 223, 149, 238, 189, 29, 28, 55]"
115386,"[28, 23, 24, 60, 4, 7, 34, 220, 121, 1]"
115387,"[45, 48, 76, 58, 20, 220, 12, 261, 119, 84]"
115388,"[15, 18, 0, 97, 64, 77, 9, 72, 82, 151]"
115389,"[119, 13, 19, 20, 103, 34, 32, 112, 279, 29]"
115390,"[142, 60, 24, 23, 187, 121, 7, 28, 42, 10]"
115391,"[175, 36, 147, 14, 90, 223, 21, 238, 77, 119]"
115392,"[189, 19, 66, 157, 223, 149, 28, 175, 21, 36]"
115393,"[175, 133, 189, 36, 90, 157, 14, 238, 223, 105]"
115394,"[21, 189, 149, 4, 36, 90, 55, 238, 28, 223]"
115395,"[147, 36, 133, 24, 77, 112, 38, 238, 4, 19]"
115396,"[73, 91, 3, 26, 6, 130, 58, 42, 17, 146]"
115397,"[76, 45, 12, 48, 58, 220, 261, 187, 43, 121]"
115398,"[279, 103, 13, 112, 20, 32, 34, 119, 157, 238]"
115399,"[90, 223, 189, 36, 175, 21, 66, 112, 157, 19]"
115400,"[27, 142, 51, 2, 124, 25, 10, 6, 71, 41]"
115401,"[142, 60, 23, 14, 30, 12, 58, 24, 49, 38]"
115402,"[1, 49, 30, 4, 138, 60, 28, 7, 82, 105]"
115403,"[26, 73, 92, 72, 146, 6, 91, 15, 133, 30]"
115404,"[138, 49, 30, 1, 2, 23, 4, 151, 142, 28]"
115405,"[76, 45, 13, 261, 20, 58, 48, 112, 220, 279]"
115406,"[82, 15, 18, 72, 26, 149, 64, 3, 6, 66]"
115407,"[27, 51, 124, 9, 112, 2, 20, 279, 142, 13]"
115408,"[122, 238, 55, 14, 28, 36, 175, 223, 189, 60]"
115409,"[76, 45, 20, 261, 13, 48, 112, 279, 103, 119]"
115410,"[138, 1, 49, 30, 2, 151, 23, 0, 142, 4]"
115411,"[90, 189, 238, 21, 223, 157, 36, 175, 77, 13]"
115412,"[38, 133, 66, 149, 19, 36, 14, 7, 175, 55]"
115413,"[55, 66, 38, 122, 238, 19, 60, 149, 157, 133]"
115414,"[187, 43, 220, 121, 20, 261, 119, 45, 13, 84]"
115415,"[23, 14, 142, 146, 24, 60, 149, 38, 147, 157]"
115416,"[0, 97, 18, 15, 90, 92, 77, 105, 151, 41]"
115417,"[146, 14, 66, 36, 133, 60, 23, 189, 149, 175]"
115418,"[119, 112, 13, 20, 45, 103, 279, 32, 261, 76]"
115419,"[30, 49, 10, 60, 1, 23, 142, 24, 151, 130]"
115420,"[71, 6, 72, 15, 3, 32, 51, 18, 9, 73]"
115421,"[19, 66, 149, 55, 146, 32, 122, 189, 38, 18]"
115422,"[146, 38, 133, 60, 66, 14, 149, 12, 72, 58]"
115423,"[10, 41, 6, 25, 130, 49, 45, 43, 51, 187]"
115424,"[38, 149, 66, 19, 146, 55, 133, 15, 17, 32]"
115425,"[147, 14, 36, 21, 76, 220, 157, 189, 48, 146]"
115426,"[189, 223, 90, 36, 238, 157, 21, 14, 175, 147]"
115427,"[0, 97, 151, 41, 18, 51, 14, 25, 45, 261]"
115428,"[30, 49, 1, 10, 60, 138, 28, 23, 24, 142]"
115429,"[1, 2, 28, 49, 34, 15, 30, 77, 5, 7]"
115430,"[43, 187, 220, 42, 34, 7, 10, 121, 84, 23]"
115431,"[71, 30, 6, 124, 51, 27, 73, 9, 25, 20]"
115432,"[27, 51, 9, 112, 103, 20, 124, 13, 2, 279]"
115433,"[122, 19, 149, 133, 66, 55, 28, 32, 18, 15]"
115434,"[146, 60, 66, 36, 149, 14, 23, 38, 133, 21]"
115435,"[97, 0, 151, 105, 14, 25, 147, 77, 76, 49]"
115436,"[7, 23, 28, 60, 142, 4, 24, 34, 220, 121]"
115437,"[0, 97, 18, 90, 151, 15, 105, 77, 49, 26]"
115438,"[71, 6, 82, 15, 72, 279, 12, 58, 45, 3]"
115439,"[77, 105, 119, 151, 124, 0, 97, 51, 27, 1]"
115440,"[0, 97, 18, 90, 77, 151, 105, 15, 51, 41]"
115441,"[7, 66, 4, 38, 14, 133, 175, 19, 90, 21]"
115442,"[25, 9, 41, 51, 27, 105, 6, 77, 13, 76]"
115443,"[133, 38, 146, 66, 14, 58, 149, 19, 12, 91]"
115444,"[19, 119, 66, 149, 223, 238, 189, 28, 29, 4]"
115445,"[25, 6, 41, 51, 27, 76, 157, 151, 20, 261]"
115446,"[124, 27, 9, 2, 149, 51, 71, 41, 34, 103]"
115447,"[15, 105, 18, 77, 82, 72, 1, 64, 71, 157]"
115448,"[0, 97, 151, 105, 25, 77, 14, 30, 76, 49]"
115449,"[36, 147, 238, 157, 189, 7, 149, 146, 175, 19]"
115450,"[90, 189, 7, 48, 21, 238, 36, 223, 19, 149]"
115451,"[90, 223, 189, 36, 112, 21, 175, 157, 238, 13]"
115452,"[2, 5, 10, 34, 49, 1, 28, 84, 121, 27]"
115453,"[5, 2, 34, 51, 1, 49, 10, 28, 4, 84]"
115454,"[238, 14, 36, 189, 223, 55, 147, 66, 76, 157]"
115455,"[34, 32, 103, 13, 112, 84, 119, 20, 279, 48]"
115456,"[149, 19, 66, 238, 36, 157, 189, 4, 90, 223]"
115457,"[60, 142, 24, 121, 157, 4, 23, 7, 28, 42]"
115458,"[29, 17, 42, 103, 13, 90, 261, 20, 279, 48]"
115459,"[90, 189, 238, 21, 223, 14, 36, 157, 48, 175]"
115460,"[97, 0, 151, 49, 30, 147, 105, 91, 18, 41]"
115461,"[146, 60, 66, 36, 149, 14, 38, 21, 23, 133]"
115462,"[149, 124, 157, 36, 223, 66, 19, 4, 21, 7]"
115463,"[26, 72, 92, 15, 73, 146, 18, 66, 82, 32]"
115464,"[18, 15, 0, 82, 105, 2, 175, 97, 1, 151]"
115465,"[29, 42, 17, 3, 119, 91, 90, 223, 20, 238]"
115466,"[6, 71, 12, 25, 26, 73, 58, 10, 91, 41]"
115467,"[60, 157, 25, 55, 146, 77, 142, 151, 149, 24]"
115468,"[147, 55, 119, 97, 28, 24, 36, 38, 122, 19]"
115469,"[29, 17, 42, 3, 91, 189, 90, 238, 13, 73]"
115470,"[21, 189, 223, 19, 14, 36, 66, 90, 238, 157]"
115471,"[82, 72, 15, 18, 3, 64, 66, 26, 149, 77]"
115472,"[51, 27, 6, 10, 2, 41, 25, 9, 124, 20]"
115473,"[41, 9, 25, 27, 51, 124, 112, 261, 97, 6]"
115474,"[29, 17, 3, 42, 223, 119, 91, 90, 238, 19]"
115475,"[3, 73, 91, 17, 15, 72, 82, 6, 71, 18]"
115476,"[105, 77, 189, 82, 72, 15, 223, 27, 51, 0]"
115477,"[130, 91, 73, 10, 42, 3, 17, 41, 25, 51]"
115478,"[103, 261, 112, 13, 119, 20, 32, 238, 21, 27]"
115479,"[146, 38, 133, 66, 60, 12, 149, 14, 58, 19]"
115480,"[147, 36, 133, 24, 112, 38, 77, 238, 4, 119]"
115481,"[238, 157, 36, 90, 189, 151, 223, 14, 105, 147]"
115482,"[21, 14, 261, 66, 20, 238, 90, 19, 142, 133]"
115483,"[0, 97, 151, 41, 18, 14, 51, 25, 45, 77]"
115484,"[82, 3, 15, 72, 18, 91, 77, 133, 64, 105]"
115485,"[64, 72, 105, 15, 77, 18, 30, 49, 151, 82]"
115486,"[77, 105, 151, 25, 0, 97, 157, 9, 51, 15]"
115487,"[49, 30, 151, 92, 6, 97, 14, 15, 38, 0]"
115488,"[64, 15, 72, 18, 19, 66, 82, 3, 71, 77]"
115489,"[119, 13, 20, 112, 103, 76, 147, 48, 279, 45]"
115490,"[147, 36, 21, 220, 14, 189, 157, 19, 38, 24]"
115491,"[34, 187, 220, 121, 84, 43, 28, 23, 7, 42]"
115492,"[187, 220, 76, 58, 12, 121, 43, 261, 34, 45]"
115493,"[30, 49, 1, 60, 4, 38, 28, 23, 10, 2]"
115494,"[7, 4, 60, 23, 28, 34, 187, 220, 84, 24]"
115495,"[279, 103, 13, 45, 20, 112, 32, 261, 34, 119]"
115496,"[9, 51, 41, 27, 124, 15, 71, 13, 5, 112]"
115497,"[26, 1, 92, 73, 82, 97, 51, 72, 15, 77]"
115498,"[45, 76, 20, 112, 261, 103, 187, 279, 58, 121]"
115499,"[25, 6, 41, 10, 76, 60, 121, 151, 91, 261]"
115500,"[122, 133, 19, 149, 55, 66, 38, 28, 18, 146]"
115501,"[223, 189, 90, 157, 21, 36, 14, 238, 20, 175]"
115502,"[82, 3, 77, 105, 15, 18, 1, 72, 223, 238]"
115503,"[105, 157, 77, 36, 21, 9, 238, 175, 189, 0]"
115504,"[187, 220, 34, 32, 103, 13, 119, 20, 121, 76]"
115505,"[138, 151, 1, 0, 15, 18, 77, 30, 49, 105]"
115506,"[0, 97, 18, 15, 90, 77, 72, 105, 151, 64]"
115507,"[122, 55, 66, 19, 149, 15, 238, 28, 72, 36]"
115508,"[220, 187, 34, 121, 43, 84, 28, 42, 23, 24]"
115509,"[138, 82, 77, 18, 15, 1, 26, 0, 105, 3]"
115510,"[41, 25, 9, 27, 51, 124, 6, 112, 97, 15]"
115511,"[12, 220, 261, 45, 76, 58, 13, 48, 20, 34]"
115512,"[175, 90, 157, 36, 189, 223, 238, 105, 21, 13]"
115513,"[7, 28, 4, 23, 34, 60, 1, 44, 142, 24]"
115514,"[2, 51, 5, 27, 9, 238, 71, 105, 3, 44]"
115515,"[175, 36, 189, 112, 90, 157, 13, 238, 223, 21]"
115516,"[72, 77, 15, 105, 82, 18, 71, 146, 3, 66]"
115517,"[121, 13, 261, 187, 220, 34, 58, 20, 84, 112]"
115518,"[23, 7, 28, 24, 60, 4, 142, 49, 34, 121]"
115519,"[38, 66, 149, 19, 55, 146, 133, 12, 60, 147]"
115520,"[0, 97, 18, 151, 49, 26, 14, 90, 30, 41]"
115521,"[30, 49, 1, 38, 60, 10, 151, 23, 24, 0]"
115522,"[72, 15, 18, 66, 64, 19, 82, 3, 149, 26]"
115523,"[17, 3, 29, 73, 91, 42, 66, 19, 146, 32]"
115524,"[34, 187, 84, 43, 220, 121, 28, 23, 42, 24]"
115525,"[54, 13, 103, 27, 34, 121, 32, 20, 51, 71]"
115526,"[21, 66, 20, 14, 238, 19, 90, 261, 4, 103]"
115527,"[151, 0, 49, 30, 105, 97, 26, 92, 25, 73]"
115528,"[82, 15, 18, 1, 105, 77, 72, 149, 64, 26]"
115529,"[15, 18, 105, 82, 77, 72, 26, 1, 30, 151]"
115530,"[187, 220, 34, 121, 28, 43, 23, 84, 42, 24]"
115531,"[27, 124, 9, 51, 103, 20, 41, 105, 112, 13]"
115532,"[19, 66, 149, 55, 12, 119, 38, 92, 122, 15]"
115533,"[0, 97, 151, 51, 18, 77, 105, 41, 90, 189]"
115534,"[130, 42, 3, 2, 73, 10, 91, 49, 138, 1]"
115535,"[55, 66, 19, 149, 157, 38, 18, 32, 36, 15]"
115536,"[73, 91, 3, 26, 130, 6, 42, 17, 15, 146]"
115537,"[92, 0, 15, 133, 26, 91, 6, 18, 12, 146]"
115538,"[60, 121, 142, 24, 28, 4, 7, 23, 42, 84]"
115539,"[60, 142, 24, 23, 49, 42, 30, 121, 43, 28]"
115540,"[9, 41, 51, 124, 27, 25, 13, 112, 15, 20]"
115541,"[103, 13, 20, 34, 32, 279, 261, 112, 84, 119]"
115542,"[187, 34, 121, 220, 84, 42, 10, 43, 7, 60]"
115543,"[48, 45, 13, 261, 20, 112, 76, 119, 103, 279]"
115544,"[279, 20, 103, 13, 112, 119, 51, 238, 157, 45]"
115545,"[147, 97, 14, 76, 151, 24, 0, 38, 48, 45]"
115546,"[122, 19, 149, 15, 133, 66, 55, 28, 18, 17]"
115547,"[55, 19, 66, 149, 18, 38, 82, 15, 122, 189]"
115548,"[29, 17, 42, 3, 13, 103, 90, 20, 238, 279]"
115549,"[13, 20, 119, 103, 279, 112, 189, 76, 261, 157]"
115550,"[25, 51, 9, 41, 27, 105, 76, 13, 77, 119]"
115551,"[54, 121, 48, 51, 13, 5, 279, 103, 220, 20]"
115552,"[15, 105, 77, 18, 82, 72, 1, 64, 157, 223]"
115553,"[103, 261, 112, 13, 20, 119, 238, 27, 21, 279]"
115554,"[146, 133, 38, 66, 58, 14, 12, 26, 60, 19]"
115555,"[5, 34, 10, 2, 187, 220, 130, 1, 30, 121]"
115556,"[15, 18, 72, 64, 82, 71, 3, 38, 66, 26]"
115557,"[121, 187, 34, 220, 84, 28, 43, 24, 60, 23]"
115558,"[71, 6, 3, 15, 82, 72, 73, 12, 279, 38]"
115559,"[58, 20, 32, 45, 48, 119, 12, 13, 103, 76]"
115560,"[66, 19, 149, 72, 38, 146, 133, 55, 17, 23]"
115561,"[25, 6, 77, 51, 124, 71, 151, 105, 27, 9]"
115562,"[7, 28, 34, 23, 4, 60, 24, 142, 220, 44]"
115563,"[41, 25, 51, 9, 6, 124, 27, 10, 20, 76]"
115564,"[279, 32, 103, 23, 13, 20, 44, 112, 261, 34]"
115565,"[12, 58, 32, 6, 45, 149, 44, 66, 19, 38]"
115566,"[26, 151, 49, 0, 30, 92, 97, 73, 38, 15]"
115567,"[220, 187, 121, 76, 147, 12, 58, 112, 45, 84]"
115568,"[77, 105, 97, 151, 30, 0, 49, 64, 92, 72]"
115569,"[279, 13, 103, 112, 20, 119, 27, 261, 32, 157]"
115570,"[24, 28, 238, 60, 133, 4, 90, 23, 66, 72]"
115571,"[71, 279, 27, 9, 2, 20, 51, 15, 72, 77]"
115572,"[5, 124, 76, 2, 13, 51, 25, 10, 9, 71]"
115573,"[133, 189, 122, 223, 147, 149, 90, 19, 14, 21]"
115574,"[55, 147, 38, 19, 189, 97, 28, 149, 157, 119]"
115575,"[1, 28, 4, 49, 30, 2, 23, 84, 5, 24]"
115576,"[21, 14, 261, 20, 90, 238, 103, 157, 189, 36]"
115577,"[130, 91, 3, 73, 42, 29, 17, 15, 18, 77]"
115578,"[32, 279, 112, 17, 19, 103, 12, 119, 15, 149]"
115579,"[17, 3, 29, 73, 19, 66, 32, 91, 42, 149]"
115580,"[147, 36, 21, 14, 157, 189, 238, 175, 223, 90]"
115581,"[1, 15, 77, 105, 2, 238, 18, 72, 82, 28]"
115582,"[64, 15, 77, 1, 18, 97, 105, 72, 223, 7]"
115583,"[261, 103, 45, 76, 48, 14, 121, 43, 58, 187]"
115584,"[147, 36, 220, 21, 14, 157, 189, 24, 19, 38]"
115585,"[112, 279, 45, 103, 32, 220, 76, 20, 119, 121]"
115586,"[1, 4, 49, 82, 30, 28, 7, 105, 5, 18]"
115587,"[84, 34, 20, 13, 189, 103, 32, 223, 119, 279]"
115588,"[124, 27, 9, 41, 2, 10, 25, 51, 149, 6]"
115589,"[238, 21, 66, 223, 157, 175, 19, 90, 189, 149]"
115590,"[30, 49, 1, 23, 7, 10, 24, 28, 4, 60]"
115591,"[124, 112, 27, 9, 51, 76, 90, 77, 41, 279]"
115592,"[91, 73, 130, 3, 42, 29, 25, 151, 17, 6]"
115593,"[54, 121, 13, 20, 12, 103, 48, 32, 6, 261]"
115594,"[29, 17, 3, 42, 90, 91, 13, 238, 19, 28]"
115595,"[45, 261, 103, 76, 48, 112, 13, 20, 119, 279]"
115596,"[48, 45, 58, 13, 76, 20, 12, 261, 220, 119]"
115597,"[151, 77, 97, 0, 64, 25, 105, 15, 189, 14]"
115598,"[187, 43, 220, 121, 42, 23, 4, 24, 84, 34]"
115599,"[0, 97, 18, 90, 15, 105, 77, 92, 49, 151]"
115600,"[41, 6, 25, 10, 49, 220, 43, 76, 73, 82]"
115601,"[149, 66, 38, 19, 133, 146, 72, 55, 32, 15]"
115602,"[27, 51, 9, 20, 103, 124, 112, 2, 77, 13]"
115603,"[92, 0, 105, 15, 18, 49, 77, 1, 72, 51]"
115604,"[133, 175, 24, 38, 4, 66, 149, 19, 60, 220]"
115605,"[36, 157, 90, 238, 13, 189, 21, 14, 147, 112]"
115606,"[24, 147, 133, 4, 14, 60, 23, 38, 28, 121]"
115607,"[20, 279, 13, 112, 103, 119, 261, 21, 51, 76]"
115608,"[55, 19, 38, 66, 149, 18, 133, 146, 122, 12]"
115609,"[58, 32, 34, 189, 12, 220, 13, 133, 48, 45]"
115610,"[84, 34, 189, 13, 20, 103, 223, 32, 119, 279]"
115611,"[175, 7, 36, 189, 112, 66, 18, 90, 19, 157]"
115612,"[175, 133, 189, 90, 157, 238, 36, 223, 105, 14]"
115613,"[15, 18, 82, 72, 64, 66, 19, 149, 71, 26]"
115614,"[42, 121, 34, 220, 28, 130, 4, 187, 24, 60]"
115615,"[42, 43, 121, 7, 34, 130, 220, 60, 10, 187]"
115616,"[130, 91, 73, 3, 10, 42, 41, 25, 51, 105]"
115617,"[26, 72, 15, 92, 73, 146, 18, 66, 32, 82]"
115618,"[151, 0, 97, 77, 105, 25, 14, 49, 147, 30]"
115619,"[20, 279, 13, 112, 103, 119, 261, 76, 51, 21]"
115620,"[238, 36, 189, 223, 14, 55, 157, 66, 21, 20]"
115621,"[17, 29, 73, 3, 42, 19, 32, 66, 91, 44]"
115622,"[44, 103, 279, 20, 121, 13, 34, 112, 84, 157]"
115623,"[66, 19, 149, 55, 21, 238, 38, 72, 32, 15]"
115624,"[24, 28, 60, 133, 23, 38, 147, 14, 238, 58]"
115625,"[189, 223, 90, 34, 21, 238, 36, 157, 32, 66]"
115626,"[38, 133, 66, 146, 12, 149, 19, 58, 6, 14]"
115627,"[112, 119, 13, 279, 20, 103, 45, 76, 48, 175]"
115628,"[36, 90, 223, 157, 189, 175, 21, 238, 112, 149]"
115629,"[73, 91, 3, 130, 17, 29, 42, 151, 0, 18]"
115630,"[223, 238, 189, 90, 157, 14, 20, 29, 175, 66]"
115631,"[55, 19, 66, 149, 18, 38, 122, 82, 17, 15]"
115632,"[2, 27, 51, 6, 10, 18, 71, 25, 112, 5]"
115633,"[91, 73, 130, 3, 25, 6, 42, 151, 10, 41]"
115634,"[138, 49, 1, 30, 23, 130, 105, 2, 4, 10]"
115635,"[29, 17, 42, 3, 91, 73, 14, 20, 13, 238]"
115636,"[28, 4, 55, 24, 122, 23, 238, 157, 279, 189]"
115637,"[13, 20, 119, 103, 34, 279, 112, 32, 84, 44]"
115638,"[189, 223, 36, 21, 14, 90, 157, 238, 147, 175]"
115639,"[60, 157, 38, 28, 36, 90, 4, 24, 55, 149]"
115640,"[146, 38, 133, 66, 58, 14, 12, 6, 19, 149]"
115641,"[32, 58, 34, 189, 12, 13, 71, 66, 149, 17]"
115642,"[20, 279, 261, 13, 76, 103, 112, 45, 48, 119]"
115643,"[28, 24, 238, 66, 223, 14, 133, 60, 19, 23]"
115644,"[279, 20, 112, 103, 13, 261, 45, 119, 48, 76]"
115645,"[26, 1, 73, 82, 92, 51, 72, 97, 15, 77]"
115646,"[0, 97, 18, 151, 49, 26, 30, 41, 14, 90]"
115647,"[0, 151, 97, 105, 25, 30, 14, 77, 49, 76]"
115648,"[1, 49, 28, 30, 2, 23, 60, 138, 24, 34]"
115649,"[91, 130, 3, 73, 42, 133, 6, 151, 97, 29]"
115650,"[15, 18, 72, 64, 82, 38, 26, 71, 73, 0]"
115651,"[51, 9, 13, 27, 20, 77, 105, 124, 279, 103]"
115652,"[18, 15, 0, 97, 90, 105, 77, 72, 64, 1]"
115653,"[10, 2, 34, 121, 84, 5, 220, 187, 49, 43]"
115654,"[5, 34, 10, 2, 220, 187, 1, 121, 49, 30]"
115655,"[90, 223, 157, 238, 21, 175, 0, 189, 36, 97]"
115656,"[30, 49, 77, 105, 72, 151, 1, 0, 15, 18]"
115657,"[25, 41, 6, 51, 27, 151, 157, 76, 261, 9]"
115658,"[25, 6, 41, 51, 27, 157, 76, 151, 9, 261]"
115659,"[119, 13, 20, 112, 45, 103, 261, 279, 48, 29]"
115660,"[84, 13, 20, 34, 119, 36, 112, 32, 279, 121]"
115661,"[17, 29, 42, 3, 73, 90, 13, 112, 58, 91]"
115662,"[121, 220, 60, 25, 76, 187, 261, 58, 45, 6]"
115663,"[29, 17, 90, 103, 13, 189, 20, 238, 112, 279]"
115664,"[138, 82, 77, 1, 18, 26, 105, 15, 0, 7]"
115665,"[4, 24, 28, 7, 60, 23, 34, 84, 121, 43]"
115666,"[92, 133, 26, 10, 30, 49, 77, 0, 151, 48]"
115667,"[66, 19, 28, 189, 55, 4, 223, 149, 36, 7]"
115668,"[138, 49, 1, 105, 23, 30, 4, 60, 28, 24]"
115669,"[130, 91, 42, 10, 73, 3, 30, 49, 1, 220]"
115670,"[149, 66, 19, 38, 55, 32, 72, 157, 133, 15]"
115671,"[34, 84, 220, 121, 187, 2, 28, 32, 4, 42]"
115672,"[157, 28, 189, 66, 149, 223, 238, 19, 90, 4]"
115673,"[147, 14, 36, 24, 133, 112, 45, 38, 77, 238]"
115674,"[157, 238, 36, 189, 105, 90, 25, 175, 60, 223]"
115675,"[130, 10, 42, 91, 30, 73, 220, 49, 5, 187]"
115676,"[20, 261, 13, 45, 14, 48, 279, 103, 76, 119]"
115677,"[72, 15, 82, 146, 18, 26, 71, 3, 66, 64]"
115678,"[124, 27, 112, 9, 51, 41, 76, 77, 279, 90]"
115679,"[133, 38, 146, 14, 66, 91, 58, 149, 19, 26]"
115680,"[84, 13, 121, 20, 34, 36, 119, 45, 32, 60]"
115681,"[261, 76, 58, 121, 45, 48, 12, 43, 187, 220]"
115682,"[18, 15, 0, 97, 72, 64, 82, 26, 6, 3]"
115683,"[91, 73, 3, 6, 130, 133, 38, 42, 92, 26]"
115684,"[14, 238, 21, 157, 175, 223, 90, 189, 36, 20]"
115685,"[133, 122, 149, 146, 19, 38, 58, 66, 55, 32]"
115686,"[42, 29, 17, 3, 73, 91, 130, 60, 189, 28]"
115687,"[187, 34, 121, 220, 84, 10, 43, 7, 42, 60]"
115688,"[97, 0, 105, 151, 55, 18, 77, 1, 49, 189]"
115689,"[238, 157, 36, 189, 90, 223, 105, 21, 103, 112]"
115690,"[124, 27, 41, 9, 2, 10, 25, 71, 6, 149]"
115691,"[103, 34, 13, 32, 20, 261, 279, 112, 84, 119]"
115692,"[43, 42, 121, 7, 10, 220, 187, 34, 4, 84]"
115693,"[43, 187, 7, 121, 10, 220, 4, 42, 34, 84]"
115694,"[15, 72, 18, 82, 64, 71, 26, 66, 3, 19]"
115695,"[9, 41, 51, 124, 27, 25, 71, 6, 15, 38]"
115696,"[32, 279, 103, 112, 119, 43, 187, 12, 84, 261]"
115697,"[187, 220, 34, 28, 121, 43, 23, 24, 142, 84]"
115698,"[175, 36, 90, 147, 14, 223, 21, 45, 119, 238]"
115699,"[220, 12, 45, 58, 261, 48, 20, 13, 84, 32]"
115700,"[119, 13, 20, 147, 112, 48, 103, 76, 261, 45]"
115701,"[14, 21, 20, 223, 238, 189, 90, 36, 261, 175]"
115702,"[76, 45, 261, 25, 48, 13, 14, 20, 112, 238]"
115703,"[7, 43, 23, 4, 28, 34, 84, 36, 175, 142]"
115704,"[175, 189, 223, 90, 157, 238, 36, 13, 21, 105]"
115705,"[60, 38, 24, 14, 23, 146, 142, 42, 147, 133]"
115706,"[13, 20, 103, 119, 279, 112, 51, 157, 9, 90]"
115707,"[24, 147, 133, 4, 60, 14, 23, 38, 28, 146]"
115708,"[72, 30, 49, 15, 105, 0, 77, 64, 18, 26]"
115709,"[157, 223, 90, 238, 105, 36, 189, 175, 21, 149]"
115710,"[130, 91, 42, 10, 73, 49, 30, 3, 60, 142]"
115711,"[54, 51, 13, 20, 103, 279, 84, 5, 32, 71]"
115712,"[119, 112, 13, 20, 45, 103, 279, 76, 32, 261]"
115713,"[43, 187, 121, 34, 220, 7, 10, 84, 42, 23]"
115714,"[76, 45, 12, 48, 58, 261, 220, 187, 43, 121]"
115715,"[130, 91, 73, 3, 42, 17, 10, 105, 41, 25]"
115716,"[25, 6, 41, 51, 27, 10, 60, 121, 71, 76]"
115717,"[4, 189, 28, 19, 21, 66, 36, 238, 223, 55]"
115718,"[13, 20, 119, 84, 103, 34, 279, 32, 112, 189]"
115719,"[223, 189, 90, 157, 21, 36, 238, 14, 20, 19]"
115720,"[27, 51, 9, 20, 103, 124, 112, 77, 13, 105]"
115721,"[157, 25, 60, 36, 238, 189, 147, 105, 90, 55]"
115722,"[20, 13, 119, 261, 279, 103, 223, 112, 51, 45]"
115723,"[10, 51, 41, 9, 6, 25, 71, 27, 2, 130]"
115724,"[38, 66, 133, 149, 19, 55, 12, 146, 15, 58]"
115725,"[84, 34, 20, 13, 189, 103, 261, 58, 32, 48]"
115726,"[82, 15, 18, 105, 1, 77, 72, 149, 64, 157]"
115727,"[119, 13, 20, 34, 58, 84, 112, 32, 45, 187]"
115728,"[119, 13, 20, 103, 112, 147, 76, 48, 45, 261]"
115729,"[0, 97, 18, 90, 15, 151, 77, 1, 105, 26]"
115730,"[119, 13, 20, 112, 103, 48, 76, 147, 279, 45]"
115731,"[82, 77, 1, 105, 72, 3, 15, 18, 64, 51]"
115732,"[77, 105, 151, 0, 15, 97, 157, 25, 51, 27]"
115733,"[105, 130, 1, 18, 30, 157, 77, 15, 25, 97]"
115734,"[187, 220, 34, 32, 103, 13, 76, 119, 20, 279]"
115735,"[72, 146, 15, 82, 26, 18, 66, 71, 3, 64]"
115736,"[55, 97, 19, 147, 38, 189, 28, 66, 149, 4]"
115737,"[41, 25, 9, 6, 27, 0, 261, 76, 97, 51]"
115738,"[133, 175, 24, 38, 66, 149, 4, 19, 28, 60]"
115739,"[77, 105, 72, 15, 1, 18, 64, 82, 119, 124]"
115740,"[279, 20, 112, 13, 51, 12, 1, 32, 84, 119]"
115741,"[112, 76, 13, 279, 45, 20, 90, 34, 121, 12]"
115742,"[9, 51, 41, 27, 124, 13, 112, 15, 20, 103]"
115743,"[15, 72, 18, 82, 64, 3, 6, 49, 73, 92]"
115744,"[84, 34, 121, 220, 4, 7, 187, 28, 2, 43]"
115745,"[42, 17, 29, 130, 60, 4, 28, 23, 24, 121]"
115746,"[72, 15, 77, 105, 82, 18, 66, 146, 71, 238]"
115747,"[54, 51, 13, 279, 20, 9, 103, 112, 27, 32]"
115748,"[77, 105, 15, 82, 72, 1, 18, 157, 9, 64]"
115749,"[261, 20, 21, 103, 13, 279, 45, 76, 48, 14]"
115750,"[124, 27, 149, 9, 41, 105, 6, 71, 25, 2]"
115751,"[279, 20, 103, 112, 13, 119, 51, 45, 9, 261]"
115752,"[92, 26, 73, 6, 49, 72, 38, 15, 18, 0]"
115753,"[1, 82, 105, 77, 4, 18, 15, 3, 55, 72]"
115754,"[25, 9, 51, 41, 27, 105, 76, 13, 20, 77]"
115755,"[3, 91, 73, 17, 29, 15, 42, 27, 51, 6]"
115756,"[279, 13, 112, 103, 20, 119, 261, 32, 27, 45]"
115757,"[5, 51, 48, 9, 25, 6, 71, 73, 3, 2]"
115758,"[103, 34, 32, 13, 20, 261, 279, 112, 84, 119]"
115759,"[13, 20, 119, 103, 279, 34, 112, 32, 84, 44]"
115760,"[49, 1, 15, 30, 92, 105, 72, 151, 3, 97]"
115761,"[112, 119, 13, 279, 45, 103, 20, 48, 76, 147]"
115762,"[55, 238, 157, 66, 28, 60, 122, 189, 223, 19]"
115763,"[19, 66, 149, 119, 55, 12, 122, 223, 15, 38]"
115764,"[3, 91, 73, 130, 29, 17, 42, 105, 77, 124]"
115765,"[51, 27, 9, 25, 0, 41, 112, 124, 279, 20]"
115766,"[60, 157, 25, 55, 146, 77, 142, 151, 149, 121]"
115767,"[146, 66, 149, 38, 133, 72, 19, 60, 55, 36]"
115768,"[72, 30, 49, 15, 77, 0, 64, 105, 82, 18]"
115769,"[189, 223, 157, 90, 238, 36, 21, 20, 175, 14]"
115770,"[157, 25, 238, 60, 36, 105, 189, 90, 175, 147]"
115771,"[21, 189, 36, 90, 147, 157, 14, 223, 238, 175]"
115772,"[220, 187, 121, 43, 24, 42, 76, 147, 34, 23]"
115773,"[34, 84, 28, 187, 220, 121, 43, 7, 23, 4]"
115774,"[32, 279, 112, 103, 12, 19, 17, 119, 66, 149]"
115775,"[97, 0, 18, 105, 151, 77, 55, 1, 49, 72]"
115776,"[84, 20, 34, 13, 103, 189, 32, 223, 279, 119]"
115777,"[105, 77, 157, 25, 0, 97, 151, 36, 9, 21]"
115778,"[90, 223, 189, 175, 36, 157, 21, 112, 14, 238]"
115779,"[71, 279, 9, 20, 27, 2, 51, 103, 15, 82]"
115780,"[14, 23, 146, 261, 24, 147, 76, 38, 60, 142]"
115781,"[0, 97, 18, 90, 15, 105, 92, 77, 151, 41]"
115782,"[49, 72, 105, 77, 2, 30, 1, 97, 26, 0]"
115783,"[24, 23, 142, 60, 49, 187, 28, 42, 121, 220]"
115784,"[130, 91, 42, 73, 10, 3, 49, 1, 2, 60]"
115785,"[92, 0, 15, 91, 133, 6, 26, 12, 18, 73]"
115786,"[73, 3, 17, 91, 72, 130, 15, 26, 51, 42]"
115787,"[73, 91, 130, 3, 26, 42, 6, 25, 151, 10]"
115788,"[133, 14, 38, 146, 23, 147, 24, 60, 187, 76]"
115789,"[105, 1, 18, 157, 77, 15, 36, 72, 9, 82]"
115790,"[76, 45, 261, 48, 41, 14, 58, 20, 25, 12]"
115791,"[77, 105, 15, 82, 1, 157, 72, 18, 151, 64]"
115792,"[238, 21, 157, 36, 223, 189, 175, 20, 90, 13]"
115793,"[23, 24, 60, 49, 7, 142, 28, 42, 43, 121]"
115794,"[26, 72, 73, 15, 92, 18, 146, 82, 91, 3]"
115795,"[24, 23, 142, 60, 28, 49, 187, 121, 220, 42]"
115796,"[72, 15, 77, 105, 64, 18, 82, 49, 1, 66]"
115797,"[43, 76, 187, 121, 220, 12, 58, 45, 261, 48]"
115798,"[119, 112, 13, 20, 103, 279, 32, 45, 36, 189]"
115799,"[142, 60, 24, 23, 28, 187, 7, 121, 30, 42]"
115800,"[77, 105, 15, 72, 82, 157, 18, 1, 9, 64]"
115801,"[12, 58, 45, 76, 187, 261, 220, 43, 121, 48]"
115802,"[105, 77, 151, 0, 97, 189, 82, 72, 223, 27]"
115803,"[105, 77, 189, 82, 223, 72, 27, 15, 90, 157]"
115804,"[175, 36, 122, 146, 7, 60, 66, 147, 90, 19]"
115805,"[49, 30, 1, 23, 24, 7, 28, 60, 10, 4]"
115806,"[121, 43, 187, 34, 220, 10, 84, 42, 7, 28]"
115807,"[7, 66, 4, 21, 19, 90, 238, 149, 175, 223]"
115808,"[21, 189, 149, 4, 55, 36, 157, 90, 223, 238]"
115809,"[21, 189, 36, 238, 157, 90, 223, 175, 13, 105]"
115810,"[20, 261, 13, 45, 14, 48, 279, 119, 76, 103]"
115811,"[151, 0, 105, 97, 25, 14, 77, 49, 30, 45]"
115812,"[157, 189, 90, 21, 223, 238, 36, 77, 103, 13]"
115813,"[157, 223, 149, 36, 23, 105, 189, 90, 19, 14]"
115814,"[43, 187, 13, 119, 20, 121, 220, 34, 279, 12]"
115815,"[103, 20, 45, 261, 13, 76, 48, 279, 119, 112]"
115816,"[28, 4, 1, 7, 24, 34, 23, 60, 142, 49]"
115817,"[5, 2, 10, 34, 49, 187, 51, 220, 84, 28]"
115818,"[149, 66, 19, 124, 55, 38, 157, 32, 122, 223]"
115819,"[18, 15, 82, 6, 72, 92, 0, 3, 64, 19]"
115820,"[175, 147, 36, 19, 122, 7, 90, 66, 146, 60]"
115821,"[51, 27, 25, 0, 10, 9, 6, 41, 2, 124]"
115822,"[51, 9, 27, 13, 105, 124, 20, 279, 77, 41]"
115823,"[90, 223, 36, 189, 175, 21, 66, 157, 112, 28]"
115824,"[92, 133, 26, 10, 77, 30, 49, 0, 48, 151]"
115825,"[5, 2, 34, 51, 1, 28, 10, 4, 49, 84]"
115826,"[41, 6, 10, 0, 25, 51, 97, 9, 121, 58]"
115827,"[48, 45, 76, 58, 121, 261, 220, 187, 12, 34]"
115828,"[32, 12, 58, 112, 279, 119, 103, 43, 19, 66]"
115829,"[51, 10, 6, 27, 2, 41, 25, 71, 124, 9]"
115830,"[23, 142, 24, 60, 121, 220, 42, 187, 14, 49]"
115831,"[220, 187, 34, 279, 32, 121, 43, 13, 119, 12]"
115832,"[38, 149, 66, 189, 60, 24, 147, 28, 238, 14]"
115833,"[92, 77, 26, 10, 133, 64, 30, 72, 105, 175]"
115834,"[19, 119, 66, 223, 149, 238, 189, 29, 55, 28]"
115835,"[17, 73, 3, 29, 42, 91, 19, 32, 66, 44]"
115836,"[25, 51, 105, 6, 77, 9, 27, 124, 151, 41]"
115837,"[20, 279, 261, 76, 13, 45, 103, 112, 48, 119]"
115838,"[48, 45, 20, 13, 112, 279, 261, 76, 103, 119]"
115839,"[82, 72, 1, 77, 105, 15, 26, 49, 3, 18]"
115840,"[91, 3, 73, 17, 130, 42, 6, 15, 72, 29]"
115841,"[26, 73, 82, 72, 92, 15, 64, 1, 3, 18]"
115842,"[60, 24, 66, 19, 28, 38, 175, 14, 238, 29]"
115843,"[60, 142, 121, 24, 23, 42, 25, 220, 146, 30]"
115844,"[149, 66, 19, 238, 157, 36, 189, 4, 90, 28]"
115845,"[29, 20, 17, 13, 103, 238, 119, 223, 175, 189]"
115846,"[12, 58, 220, 121, 13, 32, 76, 261, 43, 45]"
115847,"[20, 279, 261, 76, 13, 12, 103, 32, 45, 112]"
115848,"[97, 0, 151, 147, 105, 77, 41, 25, 49, 189]"
115849,"[3, 91, 73, 29, 17, 15, 130, 42, 72, 64]"
115850,"[27, 51, 9, 25, 124, 41, 103, 20, 112, 2]"
115851,"[146, 66, 149, 19, 38, 55, 133, 14, 64, 15]"
115852,"[238, 157, 28, 36, 66, 7, 189, 19, 90, 32]"
115853,"[91, 3, 130, 73, 42, 124, 29, 17, 133, 9]"
115854,"[121, 43, 187, 261, 48, 58, 45, 220, 76, 42]"
115855,"[122, 133, 19, 149, 55, 66, 38, 12, 28, 146]"
115856,"[29, 17, 20, 13, 238, 103, 119, 3, 42, 223]"
115857,"[112, 13, 279, 20, 32, 103, 34, 124, 90, 119]"
115858,"[223, 238, 189, 90, 157, 20, 29, 14, 175, 36]"
115859,"[17, 29, 3, 42, 73, 91, 103, 130, 19, 13]"
115860,"[157, 223, 149, 36, 105, 189, 238, 19, 90, 4]"
115861,"[18, 15, 82, 105, 175, 2, 1, 0, 90, 77]"
115862,"[10, 130, 49, 30, 43, 220, 187, 2, 121, 41]"
115863,"[36, 149, 90, 66, 223, 175, 157, 189, 238, 21]"
115864,"[27, 51, 9, 25, 124, 41, 20, 103, 112, 2]"
115865,"[4, 66, 38, 133, 19, 149, 175, 28, 7, 60]"
115866,"[92, 26, 133, 30, 10, 49, 0, 151, 77, 48]"
115867,"[23, 7, 279, 28, 24, 157, 146, 14, 90, 60]"
115868,"[10, 2, 130, 49, 43, 5, 187, 220, 34, 30]"
115869,"[2, 5, 49, 10, 34, 1, 28, 84, 121, 30]"
115870,"[38, 66, 133, 149, 19, 14, 36, 157, 55, 7]"
115871,"[19, 119, 66, 149, 223, 238, 189, 28, 55, 175]"
115872,"[73, 3, 91, 130, 17, 29, 42, 151, 0, 18]"
115873,"[157, 223, 105, 36, 149, 238, 189, 90, 77, 13]"
115874,"[44, 32, 12, 279, 58, 112, 71, 7, 48, 66]"
115875,"[44, 13, 84, 119, 20, 103, 279, 7, 34, 32]"
115876,"[72, 77, 49, 151, 18, 15, 105, 26, 64, 1]"
115877,"[76, 45, 220, 25, 261, 12, 121, 48, 58, 43]"
115878,"[20, 13, 103, 261, 76, 45, 119, 112, 279, 48]"
115879,"[6, 18, 71, 44, 25, 41, 12, 82, 58, 10]"
115880,"[44, 279, 7, 112, 32, 48, 121, 12, 13, 103]"
115881,"[4, 189, 28, 19, 21, 238, 66, 36, 223, 119]"
115882,"[157, 55, 60, 238, 36, 105, 7, 19, 25, 189]"
115883,"[44, 13, 84, 119, 20, 7, 103, 279, 34, 32]"
115884,"[23, 19, 149, 66, 14, 4, 24, 146, 238, 60]"
115885,"[71, 6, 51, 9, 25, 10, 5, 12, 27, 124]"
115886,"[51, 9, 27, 13, 105, 20, 77, 279, 103, 124]"
115887,"[64, 15, 72, 18, 19, 82, 97, 133, 92, 91]"
115888,"[43, 42, 187, 121, 220, 10, 7, 24, 60, 4]"
115889,"[103, 261, 112, 13, 119, 20, 32, 238, 21, 27]"
115890,"[124, 51, 27, 2, 84, 9, 71, 20, 112, 279]"
115891,"[3, 91, 73, 130, 29, 42, 17, 15, 6, 49]"
115892,"[17, 3, 29, 19, 73, 66, 32, 42, 149, 44]"
115893,"[44, 32, 279, 12, 58, 112, 7, 48, 71, 13]"
115894,"[49, 1, 30, 28, 10, 24, 23, 60, 7, 142]"
115895,"[77, 105, 151, 0, 97, 51, 25, 157, 9, 15]"
115896,"[90, 0, 97, 223, 157, 36, 189, 14, 238, 175]"
115897,"[189, 223, 157, 21, 90, 36, 14, 238, 175, 147]"
115898,"[6, 18, 71, 72, 44, 25, 41, 12, 58, 82]"
115899,"[48, 45, 13, 20, 279, 261, 112, 76, 119, 103]"
115900,"[103, 34, 32, 13, 20, 261, 279, 84, 112, 119]"
115901,"[122, 133, 19, 149, 66, 55, 38, 28, 146, 32]"
115902,"[149, 66, 38, 124, 19, 146, 55, 133, 122, 12]"
115903,"[20, 13, 279, 103, 119, 261, 112, 51, 45, 223]"
115904,"[157, 223, 36, 105, 189, 149, 238, 14, 90, 21]"
115905,"[157, 189, 149, 28, 66, 223, 21, 36, 90, 7]"
115906,"[43, 187, 76, 220, 45, 121, 58, 12, 261, 48]"
115907,"[112, 119, 32, 13, 279, 103, 34, 20, 84, 175]"
115908,"[58, 45, 12, 48, 76, 261, 121, 220, 43, 187]"
115909,"[5, 51, 27, 34, 2, 71, 9, 103, 105, 32]"
115910,"[17, 3, 29, 73, 42, 91, 19, 66, 32, 146]"
115911,"[28, 4, 7, 1, 34, 23, 24, 84, 60, 142]"
115912,"[149, 66, 19, 157, 238, 36, 189, 4, 90, 223]"
115913,"[220, 187, 121, 34, 24, 84, 7, 43, 28, 4]"
115914,"[6, 71, 12, 25, 72, 51, 10, 58, 15, 32]"
115915,"[45, 76, 261, 48, 14, 20, 112, 187, 103, 13]"
115916,"[133, 175, 24, 38, 4, 149, 19, 60, 66, 220]"
115917,"[77, 105, 157, 151, 9, 27, 51, 15, 189, 238]"
115918,"[36, 90, 157, 223, 175, 238, 21, 189, 105, 112]"
115919,"[30, 38, 49, 71, 151, 15, 1, 105, 77, 0]"
115920,"[142, 60, 23, 28, 24, 7, 34, 4, 49, 42]"
115921,"[19, 66, 7, 149, 238, 133, 38, 4, 36, 23]"
115922,"[138, 105, 157, 15, 77, 223, 149, 151, 0, 18]"
115923,"[3, 91, 29, 73, 17, 82, 130, 77, 105, 42]"
115924,"[36, 66, 157, 238, 4, 38, 90, 21, 149, 147]"
115925,"[122, 19, 149, 133, 55, 66, 17, 28, 32, 18]"
115926,"[82, 1, 72, 77, 15, 105, 18, 3, 64, 149]"
115927,"[84, 34, 121, 4, 220, 7, 28, 187, 2, 1]"
115928,"[3, 73, 91, 130, 29, 42, 17, 26, 105, 15]"
115929,"[77, 105, 15, 9, 51, 157, 151, 72, 27, 82]"
115930,"[12, 58, 6, 45, 76, 32, 220, 38, 187, 146]"
115931,"[6, 41, 25, 10, 0, 151, 121, 261, 76, 73]"
115932,"[10, 49, 130, 43, 30, 187, 220, 41, 2, 6]"
115933,"[130, 10, 42, 91, 73, 49, 2, 5, 3, 30]"
115934,"[6, 41, 25, 12, 58, 10, 71, 18, 73, 91]"
115935,"[130, 91, 73, 10, 42, 3, 6, 25, 105, 97]"
115936,"[64, 15, 77, 1, 18, 97, 105, 72, 19, 223]"
115937,"[26, 92, 49, 97, 73, 0, 14, 48, 151, 10]"
115938,"[138, 1, 30, 49, 7, 60, 34, 142, 2, 82]"
115939,"[23, 24, 60, 49, 7, 42, 121, 142, 28, 30]"
115940,"[71, 51, 6, 9, 27, 72, 5, 15, 124, 2]"
115941,"[26, 72, 105, 223, 73, 92, 77, 15, 1, 187]"
115942,"[25, 6, 41, 151, 76, 261, 27, 51, 0, 10]"
115943,"[122, 55, 19, 66, 15, 238, 149, 28, 72, 36]"
115944,"[42, 29, 17, 175, 3, 43, 91, 130, 73, 7]"
115945,"[23, 142, 28, 24, 60, 1, 7, 4, 149, 49]"
115946,"[92, 26, 72, 15, 73, 18, 19, 64, 66, 82]"
115947,"[30, 49, 38, 151, 0, 97, 71, 15, 147, 105]"
115948,"[112, 119, 13, 32, 279, 103, 34, 20, 175, 36]"
115949,"[12, 58, 38, 6, 133, 146, 32, 76, 121, 220]"
115950,"[124, 27, 9, 149, 41, 25, 103, 51, 105, 45]"
115951,"[112, 76, 13, 45, 20, 279, 103, 90, 124, 261]"
115952,"[84, 34, 121, 220, 187, 4, 7, 28, 2, 43]"
115953,"[82, 15, 18, 72, 149, 64, 3, 26, 105, 66]"
115954,"[5, 51, 9, 71, 36, 2, 13, 48, 90, 64]"
115955,"[64, 151, 72, 77, 15, 1, 90, 18, 124, 189]"
115956,"[58, 32, 34, 189, 45, 187, 13, 220, 12, 20]"
115957,"[3, 73, 91, 42, 6, 17, 130, 29, 15, 49]"
115958,"[105, 15, 77, 1, 18, 157, 72, 36, 82, 9]"
115959,"[90, 18, 223, 157, 0, 149, 238, 7, 21, 97]"
115960,"[92, 0, 105, 15, 18, 49, 1, 72, 51, 77]"
115961,"[24, 28, 238, 60, 133, 4, 90, 23, 66, 223]"
115962,"[157, 223, 90, 36, 238, 105, 189, 14, 21, 147]"
115963,"[23, 24, 60, 7, 28, 42, 49, 121, 142, 220]"
115964,"[36, 66, 4, 157, 238, 90, 38, 189, 19, 13]"
115965,"[77, 105, 151, 0, 157, 97, 14, 189, 238, 9]"
115966,"[66, 149, 19, 23, 238, 146, 38, 36, 133, 72]"
115967,"[175, 189, 223, 36, 90, 157, 238, 13, 21, 133]"
115968,"[15, 18, 9, 64, 72, 77, 82, 105, 0, 90]"
115969,"[112, 119, 32, 13, 279, 45, 103, 34, 187, 43]"
115970,"[45, 112, 261, 20, 76, 103, 13, 279, 48, 119]"
115971,"[20, 13, 103, 279, 112, 119, 34, 32, 84, 238]"
115972,"[151, 97, 77, 0, 25, 14, 261, 91, 41, 49]"
115973,"[58, 32, 12, 45, 119, 48, 19, 20, 71, 55]"
115974,"[2, 27, 51, 18, 71, 112, 103, 5, 3, 13]"
115975,"[24, 4, 60, 23, 28, 121, 220, 42, 187, 43]"
115976,"[17, 29, 42, 73, 3, 103, 13, 19, 66, 32]"
115977,"[36, 149, 90, 66, 223, 157, 4, 175, 14, 189]"
115978,"[157, 189, 223, 238, 21, 90, 103, 36, 13, 14]"
115979,"[133, 66, 38, 189, 14, 36, 7, 149, 146, 23]"
115980,"[138, 82, 77, 0, 15, 151, 1, 18, 49, 26]"
115981,"[223, 189, 90, 157, 14, 21, 36, 20, 238, 105]"
115982,"[29, 17, 42, 3, 119, 90, 12, 223, 58, 73]"
115983,"[21, 66, 20, 238, 19, 90, 14, 4, 261, 7]"
115984,"[18, 15, 82, 105, 175, 2, 1, 0, 90, 77]"
115985,"[58, 32, 34, 189, 12, 13, 220, 121, 133, 48]"
115986,"[6, 25, 41, 10, 121, 43, 49, 58, 12, 91]"
115987,"[26, 72, 15, 92, 73, 6, 38, 151, 91, 18]"
115988,"[122, 133, 14, 28, 23, 19, 149, 147, 175, 7]"
115989,"[2, 51, 27, 10, 18, 6, 71, 25, 112, 5]"
115990,"[146, 60, 66, 36, 149, 14, 38, 72, 21, 133]"
115991,"[103, 32, 261, 13, 112, 34, 58, 44, 20, 76]"
115992,"[28, 238, 24, 66, 223, 19, 157, 149, 189, 90]"
115993,"[238, 157, 21, 189, 175, 223, 36, 90, 20, 14]"
115994,"[6, 12, 71, 25, 58, 10, 26, 73, 91, 41]"
115995,"[15, 18, 64, 77, 9, 105, 72, 82, 0, 175]"
115996,"[49, 30, 23, 24, 10, 60, 43, 1, 142, 42]"
115997,"[24, 23, 142, 14, 147, 38, 60, 187, 49, 121]"
115998,"[26, 151, 49, 0, 30, 97, 92, 38, 72, 23]"
115999,"[45, 261, 76, 48, 14, 112, 58, 20, 187, 12]"
116000,"[146, 38, 133, 66, 60, 72, 149, 14, 12, 58]"
116001,"[25, 6, 51, 105, 77, 9, 27, 124, 151, 41]"
116002,"[72, 77, 151, 49, 18, 26, 15, 105, 64, 1]"
116003,"[279, 20, 112, 13, 51, 12, 84, 1, 119, 32]"
116004,"[124, 51, 27, 9, 25, 41, 20, 45, 6, 48]"
116005,"[72, 18, 26, 15, 64, 66, 19, 133, 92, 82]"
116006,"[54, 51, 13, 279, 20, 103, 9, 32, 71, 84]"
116007,"[49, 30, 2, 1, 28, 23, 10, 138, 60, 24]"
116008,"[32, 58, 34, 189, 12, 149, 66, 71, 13, 19]"
116009,"[9, 51, 27, 71, 77, 20, 5, 2, 13, 15]"
116010,"[66, 19, 28, 189, 55, 4, 223, 149, 238, 7]"
116011,"[32, 279, 112, 103, 43, 119, 12, 187, 261, 84]"
116012,"[130, 10, 42, 91, 73, 49, 30, 60, 142, 220]"
116013,"[55, 66, 19, 122, 238, 149, 38, 157, 15, 60]"
116014,"[92, 0, 15, 6, 133, 26, 18, 91, 72, 12]"
116015,"[122, 238, 55, 28, 36, 223, 189, 66, 19, 90]"
116016,"[187, 34, 121, 220, 84, 43, 10, 7, 42, 60]"
116017,"[15, 82, 18, 72, 26, 64, 92, 66, 19, 149]"
116018,"[25, 6, 41, 51, 27, 76, 151, 9, 112, 157]"
116019,"[45, 261, 76, 48, 103, 14, 12, 20, 13, 112]"
116020,"[21, 189, 90, 36, 238, 157, 223, 175, 105, 13]"
116021,"[6, 18, 71, 44, 25, 41, 72, 82, 15, 58]"
116022,"[112, 279, 45, 20, 103, 76, 119, 13, 261, 48]"
116023,"[90, 189, 21, 223, 7, 238, 19, 36, 66, 149]"
116024,"[6, 71, 12, 25, 73, 26, 58, 91, 10, 72]"
116025,"[73, 3, 91, 17, 6, 130, 71, 72, 18, 15]"
116026,"[2, 10, 34, 84, 1, 5, 51, 27, 121, 187]"
116027,"[60, 36, 157, 90, 38, 28, 24, 55, 4, 66]"
116028,"[82, 3, 72, 15, 18, 64, 77, 92, 133, 105]"
116029,"[103, 13, 34, 20, 32, 279, 261, 112, 119, 84]"
116030,"[51, 9, 105, 124, 6, 10, 71, 27, 25, 103]"
116031,"[91, 130, 73, 3, 42, 133, 6, 97, 151, 30]"
116032,"[97, 0, 151, 49, 147, 30, 105, 38, 41, 18]"
116033,"[23, 4, 24, 28, 60, 7, 142, 49, 187, 19]"
116034,"[21, 14, 261, 20, 238, 90, 66, 103, 36, 223]"
116035,"[41, 6, 25, 10, 82, 51, 9, 2, 27, 49]"
116036,"[64, 15, 72, 18, 19, 82, 66, 3, 71, 77]"
116037,"[5, 51, 27, 9, 34, 71, 2, 103, 105, 124]"
116038,"[71, 72, 15, 82, 279, 6, 3, 20, 18, 9]"
116039,"[124, 27, 9, 105, 41, 25, 149, 51, 103, 77]"
116040,"[10, 2, 34, 121, 84, 49, 5, 130, 187, 220]"
116041,"[36, 238, 157, 189, 149, 147, 7, 19, 175, 223]"
116042,"[71, 6, 3, 72, 82, 15, 12, 73, 38, 279]"
116043,"[5, 2, 34, 51, 1, 49, 10, 28, 4, 84]"
116044,"[261, 76, 48, 45, 14, 20, 13, 103, 279, 25]"
116045,"[58, 45, 48, 12, 76, 261, 121, 220, 43, 187]"
116046,"[58, 48, 45, 32, 119, 20, 12, 13, 76, 261]"
116047,"[1, 15, 77, 105, 2, 18, 72, 238, 82, 64]"
116048,"[26, 72, 15, 73, 92, 18, 82, 146, 91, 71]"
116049,"[48, 45, 76, 261, 14, 13, 20, 25, 112, 279]"
116050,"[20, 13, 119, 279, 261, 103, 112, 45, 51, 84]"
116051,"[76, 45, 261, 48, 220, 58, 12, 187, 43, 121]"
116052,"[133, 38, 66, 149, 19, 92, 175, 58, 55, 12]"
116053,"[18, 15, 82, 105, 175, 2, 0, 1, 77, 90]"
116054,"[26, 72, 15, 92, 73, 6, 38, 91, 151, 18]"
116055,"[0, 97, 18, 90, 15, 77, 151, 105, 1, 72]"
116056,"[14, 21, 238, 223, 20, 189, 36, 90, 261, 157]"
116057,"[220, 45, 58, 12, 261, 48, 34, 76, 13, 121]"
116058,"[119, 13, 20, 34, 58, 84, 32, 187, 45, 103]"
116059,"[13, 112, 20, 103, 279, 119, 51, 261, 189, 36]"
116060,"[49, 15, 1, 30, 92, 105, 72, 77, 97, 3]"
116061,"[72, 15, 146, 82, 18, 26, 71, 66, 64, 92]"
116062,"[20, 45, 76, 261, 13, 112, 279, 48, 103, 119]"
116063,"[119, 20, 13, 112, 103, 279, 189, 51, 223, 45]"
116064,"[130, 91, 73, 42, 10, 3, 25, 97, 6, 76]"
116065,"[84, 48, 220, 121, 187, 34, 20, 13, 279, 43]"
116066,"[91, 73, 3, 130, 17, 6, 15, 72, 26, 18]"
116067,"[92, 0, 49, 151, 30, 105, 97, 26, 14, 91]"
116068,"[20, 261, 13, 45, 119, 14, 48, 76, 279, 103]"
116069,"[73, 3, 17, 91, 72, 15, 51, 130, 26, 92]"
116070,"[66, 21, 19, 238, 14, 36, 38, 149, 223, 4]"
116071,"[71, 6, 51, 9, 25, 10, 30, 5, 72, 27]"
116072,"[49, 1, 30, 28, 10, 24, 23, 60, 7, 142]"
116073,"[149, 19, 66, 38, 36, 238, 23, 157, 133, 189]"
116074,"[77, 105, 151, 0, 157, 189, 97, 15, 238, 14]"
116075,"[223, 189, 90, 14, 157, 21, 36, 238, 175, 105]"
116076,"[103, 261, 112, 13, 20, 119, 45, 238, 27, 32]"
116077,"[55, 97, 147, 19, 38, 189, 28, 149, 119, 157]"
116078,"[29, 17, 42, 3, 73, 91, 90, 130, 13, 103]"
116079,"[6, 25, 10, 41, 71, 151, 12, 26, 73, 220]"
116080,"[64, 15, 72, 18, 19, 66, 82, 71, 3, 149]"
116081,"[122, 133, 28, 14, 23, 19, 149, 175, 7, 34]"
116082,"[12, 58, 6, 45, 261, 76, 133, 146, 38, 220]"
116083,"[20, 261, 13, 103, 279, 45, 76, 48, 119, 112]"
116084,"[44, 121, 103, 279, 261, 20, 25, 6, 13, 76]"
116085,"[122, 19, 149, 133, 66, 55, 28, 18, 15, 32]"
116086,"[82, 1, 77, 72, 15, 105, 18, 3, 64, 51]"
116087,"[149, 124, 157, 36, 223, 66, 19, 21, 4, 7]"
116088,"[73, 17, 51, 3, 91, 130, 42, 29, 71, 9]"
116089,"[55, 66, 38, 122, 60, 19, 149, 238, 58, 12]"
116090,"[24, 28, 60, 23, 49, 142, 121, 220, 42, 4]"
116091,"[43, 13, 187, 20, 119, 220, 121, 42, 10, 34]"
116092,"[15, 82, 18, 72, 26, 64, 92, 19, 66, 149]"
116093,"[238, 66, 55, 36, 28, 19, 149, 189, 223, 2]"
116094,"[142, 7, 28, 4, 24, 60, 23, 187, 121, 19]"
116095,"[146, 66, 72, 149, 38, 133, 19, 60, 12, 55]"
116096,"[21, 66, 20, 238, 19, 90, 14, 103, 28, 261]"
116097,"[122, 133, 19, 149, 66, 55, 38, 28, 146, 12]"
116098,"[51, 27, 9, 112, 20, 0, 279, 124, 13, 25]"
116099,"[38, 133, 146, 66, 12, 149, 19, 58, 14, 6]"
116100,"[15, 82, 18, 72, 64, 19, 149, 66, 71, 77]"
116101,"[29, 17, 3, 42, 91, 73, 90, 13, 238, 103]"
116102,"[42, 121, 60, 187, 220, 24, 23, 43, 130, 142]"
116103,"[138, 1, 49, 30, 7, 142, 60, 34, 2, 84]"
116104,"[112, 76, 13, 279, 45, 20, 32, 121, 12, 124]"
116105,"[105, 82, 77, 72, 49, 97, 15, 151, 0, 18]"
116106,"[175, 7, 36, 189, 66, 43, 90, 112, 146, 19]"
116107,"[142, 27, 23, 60, 7, 4, 24, 28, 21, 187]"
116108,"[138, 49, 1, 30, 23, 130, 2, 4, 105, 10]"
116109,"[26, 72, 15, 92, 73, 18, 146, 82, 105, 32]"
116110,"[187, 43, 220, 121, 261, 45, 20, 119, 13, 84]"
116111,"[23, 24, 142, 14, 147, 38, 60, 187, 49, 146]"
116112,"[124, 27, 51, 2, 6, 84, 71, 9, 10, 20]"
116113,"[12, 58, 32, 6, 45, 76, 66, 149, 220, 44]"
116114,"[82, 3, 15, 72, 18, 77, 64, 55, 105, 66]"
116115,"[18, 15, 82, 92, 6, 72, 0, 19, 64, 55]"
116116,"[24, 4, 60, 23, 28, 121, 220, 49, 147, 133]"
116117,"[60, 142, 121, 24, 25, 23, 42, 146, 30, 220]"
116118,"[76, 45, 20, 58, 13, 261, 48, 220, 279, 12]"
116119,"[20, 261, 13, 84, 45, 58, 48, 119, 279, 76]"
116120,"[5, 51, 27, 71, 9, 2, 34, 124, 103, 32]"
116121,"[122, 238, 55, 28, 223, 175, 36, 189, 14, 19]"
116122,"[12, 58, 20, 45, 119, 279, 32, 76, 261, 48]"
116123,"[2, 10, 187, 121, 34, 5, 1, 84, 51, 27]"
116124,"[261, 103, 45, 13, 76, 20, 48, 14, 112, 32]"
116125,"[112, 119, 13, 279, 103, 45, 20, 76, 48, 175]"
116126,"[49, 30, 151, 97, 6, 92, 14, 15, 0, 38]"
116127,"[25, 41, 6, 76, 151, 97, 51, 0, 9, 261]"
116128,"[72, 15, 18, 19, 66, 64, 82, 149, 77, 26]"
116129,"[133, 38, 92, 58, 146, 12, 24, 66, 19, 149]"
116130,"[42, 29, 17, 175, 3, 43, 91, 130, 73, 7]"
116131,"[84, 34, 121, 220, 4, 187, 7, 28, 2, 43]"
116132,"[72, 64, 15, 18, 82, 66, 6, 3, 92, 105]"
116133,"[72, 15, 64, 66, 82, 18, 26, 73, 92, 71]"
116134,"[175, 36, 7, 189, 43, 66, 112, 90, 42, 146]"
116135,"[5, 2, 51, 34, 1, 10, 9, 28, 84, 49]"
116136,"[54, 84, 5, 34, 2, 1, 121, 28, 4, 220]"
116137,"[105, 130, 77, 30, 157, 1, 49, 18, 25, 97]"
116138,"[119, 13, 20, 112, 103, 279, 36, 175, 19, 238]"
116139,"[55, 66, 19, 122, 238, 149, 15, 157, 38, 82]"
116140,"[51, 9, 73, 5, 6, 10, 13, 71, 27, 25]"
116141,"[26, 1, 15, 72, 77, 151, 18, 0, 19, 82]"
116142,"[121, 220, 34, 60, 84, 187, 43, 24, 7, 42]"
116143,"[0, 97, 151, 18, 41, 90, 14, 77, 105, 49]"
116144,"[84, 34, 20, 13, 58, 189, 103, 261, 121, 220]"
116145,"[32, 112, 279, 12, 103, 119, 19, 58, 149, 66]"
116146,"[73, 91, 17, 42, 130, 51, 3, 49, 26, 6]"
116147,"[17, 3, 73, 29, 91, 42, 12, 58, 32, 19]"
116148,"[0, 97, 151, 41, 51, 18, 77, 25, 14, 105]"
116149,"[124, 27, 9, 112, 51, 5, 71, 2, 41, 76]"
116150,"[12, 58, 32, 45, 76, 261, 6, 133, 48, 220]"
116151,"[18, 15, 82, 72, 64, 19, 3, 66, 6, 55]"
116152,"[14, 7, 189, 223, 66, 19, 23, 28, 60, 36]"
116153,"[175, 36, 189, 112, 90, 157, 13, 223, 238, 7]"
116154,"[130, 91, 42, 10, 73, 3, 49, 5, 30, 2]"
116155,"[21, 189, 36, 147, 90, 14, 238, 223, 157, 175]"
116156,"[21, 14, 261, 20, 238, 90, 157, 103, 223, 36]"
116157,"[189, 223, 19, 157, 66, 238, 90, 21, 36, 28]"
116158,"[45, 103, 261, 48, 12, 76, 112, 20, 58, 13]"
116159,"[42, 17, 73, 29, 45, 121, 91, 187, 58, 261]"
116160,"[66, 19, 189, 28, 4, 55, 223, 149, 7, 36]"
116161,"[71, 6, 51, 25, 9, 10, 30, 5, 72, 27]"
116162,"[279, 20, 112, 13, 1, 51, 4, 12, 84, 32]"
116163,"[15, 18, 0, 97, 64, 151, 9, 77, 38, 30]"
116164,"[77, 105, 15, 72, 151, 82, 49, 1, 30, 18]"
116165,"[28, 24, 238, 66, 223, 14, 60, 23, 133, 157]"
116166,"[146, 60, 14, 38, 23, 133, 147, 142, 66, 24]"
116167,"[138, 49, 1, 30, 28, 4, 2, 23, 10, 142]"
116168,"[175, 133, 90, 36, 189, 223, 14, 238, 157, 105]"
116169,"[223, 189, 90, 19, 157, 21, 4, 66, 36, 7]"
116170,"[26, 15, 72, 82, 18, 19, 66, 92, 64, 38]"
116171,"[29, 42, 17, 3, 91, 73, 130, 119, 223, 90]"
116172,"[238, 157, 36, 90, 189, 14, 223, 21, 151, 103]"
116173,"[261, 103, 45, 32, 13, 20, 76, 48, 34, 121]"
116174,"[23, 14, 24, 146, 60, 147, 19, 38, 142, 133]"
116175,"[133, 38, 58, 146, 12, 92, 24, 66, 19, 149]"
116176,"[103, 13, 34, 32, 20, 279, 261, 112, 84, 119]"
116177,"[38, 66, 133, 149, 19, 55, 12, 146, 15, 32]"
116178,"[124, 27, 112, 9, 51, 5, 77, 71, 90, 76]"
116179,"[44, 32, 13, 19, 71, 84, 119, 17, 12, 20]"
116180,"[48, 45, 261, 76, 14, 20, 13, 25, 112, 58]"
116181,"[112, 279, 45, 20, 32, 103, 76, 220, 121, 119]"
116182,"[2, 51, 27, 6, 18, 10, 71, 25, 112, 5]"
116183,"[44, 279, 7, 112, 32, 48, 12, 13, 261, 121]"
116184,"[124, 27, 51, 6, 2, 9, 84, 25, 71, 41]"
116185,"[51, 9, 5, 71, 27, 13, 105, 2, 73, 77]"
116186,"[103, 13, 20, 261, 279, 112, 119, 34, 32, 51]"
116187,"[42, 130, 29, 17, 91, 60, 3, 23, 28, 24]"
116188,"[3, 17, 73, 29, 91, 105, 130, 42, 27, 51]"
116189,"[130, 42, 91, 10, 5, 3, 1, 73, 30, 220]"
116190,"[42, 121, 130, 220, 60, 24, 23, 187, 43, 142]"
116191,"[12, 58, 45, 76, 220, 90, 187, 121, 43, 32]"
116192,"[48, 45, 58, 76, 13, 12, 261, 20, 220, 119]"
116193,"[71, 6, 12, 15, 44, 30, 32, 58, 73, 66]"
116194,"[20, 279, 13, 112, 103, 119, 261, 21, 76, 51]"
116195,"[54, 121, 220, 34, 84, 5, 10, 2, 1, 28]"
116196,"[82, 72, 15, 3, 18, 64, 66, 149, 55, 77]"
116197,"[189, 223, 90, 36, 238, 21, 157, 14, 105, 147]"
116198,"[60, 24, 23, 142, 49, 42, 28, 121, 220, 30]"
116199,"[147, 97, 14, 76, 48, 45, 157, 36, 38, 119]"
116200,"[220, 187, 32, 34, 279, 43, 119, 20, 13, 121]"
116201,"[97, 0, 151, 49, 26, 30, 133, 18, 91, 105]"
116202,"[133, 24, 38, 60, 92, 58, 121, 175, 147, 220]"
116203,"[138, 105, 151, 15, 157, 0, 77, 49, 223, 18]"
116204,"[7, 66, 21, 175, 90, 4, 19, 36, 223, 149]"
116205,"[66, 19, 28, 189, 55, 223, 4, 149, 36, 175]"
116206,"[105, 77, 97, 151, 0, 189, 223, 82, 90, 27]"
116207,"[147, 14, 220, 24, 146, 38, 23, 36, 133, 21]"
116208,"[147, 36, 133, 24, 112, 38, 238, 77, 4, 19]"
116209,"[49, 1, 30, 28, 10, 23, 24, 60, 15, 142]"
116210,"[138, 151, 0, 15, 1, 77, 49, 18, 30, 189]"
116211,"[26, 105, 72, 223, 77, 92, 73, 15, 1, 189]"
116212,"[6, 71, 25, 51, 10, 9, 41, 5, 27, 12]"
116213,"[92, 15, 18, 72, 0, 82, 64, 26, 91, 6]"
116214,"[27, 51, 142, 25, 124, 261, 112, 279, 9, 20]"
116215,"[26, 1, 73, 82, 92, 97, 51, 72, 15, 77]"
116216,"[23, 7, 279, 28, 24, 157, 146, 90, 189, 14]"
116217,"[187, 43, 220, 121, 4, 84, 23, 24, 42, 34]"
116218,"[220, 34, 187, 84, 121, 43, 42, 10, 60, 28]"
116219,"[41, 0, 25, 51, 261, 97, 6, 10, 9, 45]"
116220,"[23, 7, 28, 24, 60, 4, 142, 49, 34, 121]"
116221,"[10, 6, 51, 9, 27, 151, 121, 25, 71, 43]"
116222,"[5, 2, 10, 34, 1, 30, 220, 121, 130, 84]"
116223,"[4, 24, 60, 7, 28, 23, 1, 34, 121, 157]"
116224,"[175, 112, 189, 36, 90, 13, 157, 14, 238, 223]"
116225,"[7, 44, 23, 90, 55, 28, 157, 19, 189, 175]"
116226,"[189, 223, 133, 58, 36, 90, 238, 34, 21, 32]"
116227,"[91, 130, 73, 3, 42, 6, 133, 97, 151, 30]"
116228,"[103, 20, 261, 45, 13, 76, 48, 279, 112, 29]"
116229,"[147, 97, 14, 76, 0, 24, 151, 38, 119, 36]"
116230,"[5, 2, 34, 10, 1, 84, 30, 124, 28, 121]"
116231,"[187, 43, 220, 261, 45, 20, 121, 119, 32, 13]"
116232,"[66, 19, 38, 149, 55, 146, 21, 133, 12, 238]"
116233,"[28, 238, 24, 66, 223, 19, 157, 149, 4, 189]"
116234,"[21, 189, 90, 36, 157, 238, 223, 105, 13, 175]"
116235,"[5, 51, 48, 6, 9, 71, 25, 41, 36, 2]"
116236,"[279, 20, 112, 13, 51, 119, 48, 103, 189, 157]"
116237,"[220, 121, 187, 43, 34, 10, 42, 60, 84, 24]"
116238,"[21, 189, 223, 14, 36, 238, 157, 90, 147, 175]"
116239,"[14, 146, 23, 60, 24, 38, 133, 147, 43, 142]"
116240,"[147, 14, 36, 21, 76, 157, 220, 189, 48, 38]"
116241,"[82, 15, 18, 72, 26, 149, 64, 66, 3, 92]"
116242,"[122, 133, 14, 28, 23, 149, 19, 175, 147, 7]"
116243,"[238, 55, 66, 36, 28, 19, 149, 189, 223, 122]"
116244,"[15, 77, 18, 105, 82, 72, 1, 64, 157, 149]"
116245,"[55, 66, 157, 36, 149, 19, 7, 238, 223, 4]"
116246,"[5, 51, 48, 9, 6, 25, 71, 36, 41, 2]"
116247,"[44, 121, 103, 279, 261, 13, 20, 6, 25, 34]"
116248,"[20, 13, 84, 119, 279, 103, 261, 34, 29, 223]"
116249,"[18, 15, 0, 97, 105, 90, 77, 72, 64, 1]"
116250,"[119, 112, 13, 32, 103, 20, 34, 279, 84, 19]"
116251,"[10, 130, 2, 49, 5, 43, 187, 220, 30, 51]"
116252,"[29, 17, 42, 3, 91, 20, 73, 14, 13, 238]"
116253,"[41, 25, 6, 76, 51, 9, 261, 0, 10, 27]"
116254,"[9, 51, 27, 77, 71, 13, 20, 5, 105, 279]"
116255,"[25, 6, 151, 41, 10, 73, 76, 91, 30, 45]"
116256,"[146, 60, 66, 36, 149, 14, 38, 21, 133, 23]"
116257,"[26, 1, 72, 15, 77, 151, 18, 49, 82, 0]"
116258,"[121, 34, 20, 13, 187, 261, 220, 84, 58, 112]"
116259,"[41, 25, 6, 91, 97, 49, 10, 9, 261, 76]"
116260,"[44, 32, 13, 12, 19, 71, 84, 6, 20, 119]"
116261,"[142, 27, 23, 60, 133, 14, 21, 261, 38, 147]"
116262,"[60, 38, 24, 14, 133, 23, 147, 146, 97, 142]"
116263,"[90, 223, 157, 238, 36, 21, 189, 0, 175, 97]"
116264,"[112, 279, 45, 103, 20, 76, 13, 119, 48, 261]"
116265,"[130, 73, 91, 42, 3, 151, 10, 25, 6, 41]"
116266,"[90, 189, 7, 48, 223, 238, 21, 19, 36, 14]"
116267,"[45, 76, 261, 48, 14, 41, 20, 13, 112, 25]"
116268,"[25, 6, 41, 151, 76, 261, 0, 10, 51, 27]"
116269,"[66, 19, 149, 55, 72, 21, 238, 15, 64, 38]"
116270,"[223, 238, 189, 90, 20, 157, 14, 29, 175, 21]"
116271,"[66, 21, 238, 19, 223, 149, 36, 189, 157, 4]"
116272,"[60, 38, 14, 97, 24, 147, 23, 133, 0, 146]"
116273,"[189, 223, 14, 157, 90, 21, 36, 238, 175, 20]"
116274,"[124, 27, 51, 2, 6, 71, 84, 10, 25, 9]"
116275,"[91, 3, 73, 17, 130, 6, 72, 15, 18, 82]"
116276,"[157, 189, 223, 90, 21, 238, 14, 103, 175, 36]"
116277,"[91, 130, 3, 73, 42, 133, 29, 6, 97, 151]"
116278,"[76, 25, 45, 261, 121, 12, 220, 48, 43, 58]"
116279,"[147, 14, 133, 36, 38, 77, 24, 45, 112, 151]"
116280,"[44, 279, 112, 7, 32, 13, 103, 20, 34, 84]"
116281,"[0, 97, 151, 18, 41, 30, 24, 73, 26, 49]"
116282,"[41, 9, 25, 27, 6, 124, 51, 15, 71, 10]"
116283,"[187, 34, 121, 58, 20, 223, 220, 45, 84, 112]"
116284,"[92, 26, 133, 72, 64, 146, 6, 15, 12, 30]"
116285,"[26, 15, 72, 38, 73, 6, 92, 91, 18, 146]"
116286,"[48, 45, 76, 103, 279, 261, 13, 20, 90, 112]"
116287,"[1, 49, 30, 2, 28, 60, 138, 23, 34, 10]"
116288,"[5, 2, 34, 1, 10, 124, 84, 76, 51, 13]"
116289,"[29, 20, 17, 13, 103, 119, 175, 238, 42, 223]"
116290,"[72, 146, 15, 77, 105, 151, 82, 26, 30, 49]"
116291,"[1, 82, 105, 49, 30, 97, 26, 77, 18, 151]"
116292,"[147, 36, 14, 21, 189, 157, 238, 175, 223, 220]"
116293,"[24, 28, 60, 23, 133, 38, 58, 147, 14, 142]"
116294,"[29, 119, 17, 42, 90, 223, 20, 45, 238, 13]"
116295,"[71, 279, 27, 20, 9, 2, 51, 15, 72, 77]"
116296,"[130, 91, 73, 3, 42, 10, 17, 105, 41, 29]"
116297,"[60, 157, 25, 55, 146, 77, 121, 142, 151, 149]"
116298,"[147, 97, 24, 38, 14, 60, 23, 146, 76, 133]"
116299,"[82, 15, 18, 72, 26, 149, 64, 66, 3, 92]"
116300,"[18, 15, 82, 6, 92, 72, 3, 64, 19, 0]"
116301,"[112, 119, 13, 279, 103, 45, 20, 76, 48, 147]"
116302,"[54, 34, 121, 2, 84, 5, 7, 1, 10, 28]"
116303,"[149, 19, 66, 38, 32, 55, 157, 15, 133, 72]"
116304,"[151, 105, 0, 30, 77, 49, 138, 97, 15, 1]"
116305,"[149, 124, 157, 36, 66, 223, 19, 4, 21, 7]"
116306,"[24, 28, 60, 23, 49, 121, 220, 142, 42, 4]"
116307,"[34, 84, 187, 28, 220, 121, 43, 20, 13, 7]"
116308,"[5, 51, 34, 2, 27, 10, 71, 25, 9, 32]"
116309,"[119, 13, 20, 58, 34, 112, 103, 84, 45, 32]"
116310,"[146, 14, 60, 133, 23, 38, 26, 261, 147, 24]"
116311,"[24, 28, 60, 23, 220, 121, 49, 142, 42, 4]"
116312,"[187, 43, 220, 121, 4, 84, 34, 7, 23, 42]"
116313,"[77, 105, 97, 0, 151, 30, 92, 119, 49, 1]"
116314,"[91, 73, 130, 3, 42, 151, 25, 17, 29, 6]"
116315,"[142, 23, 27, 60, 7, 4, 28, 24, 121, 220]"
116316,"[15, 18, 64, 82, 38, 72, 26, 71, 0, 66]"
116317,"[84, 34, 220, 28, 121, 4, 187, 20, 43, 2]"
116318,"[64, 15, 97, 77, 1, 18, 105, 72, 0, 30]"
116319,"[124, 27, 51, 9, 20, 2, 112, 77, 13, 119]"
116320,"[76, 13, 20, 220, 25, 261, 45, 55, 121, 48]"
116321,"[279, 13, 103, 112, 20, 261, 45, 76, 119, 48]"
116322,"[72, 15, 64, 18, 82, 66, 19, 92, 149, 6]"
116323,"[189, 223, 14, 19, 66, 157, 238, 90, 21, 36]"
116324,"[6, 25, 41, 10, 91, 49, 43, 121, 58, 12]"
116325,"[77, 105, 157, 51, 9, 151, 15, 72, 27, 82]"
116326,"[26, 151, 49, 0, 30, 73, 92, 97, 15, 38]"
116327,"[92, 133, 10, 26, 49, 77, 30, 0, 48, 151]"
116328,"[30, 38, 49, 71, 15, 1, 77, 151, 105, 0]"
116329,"[105, 77, 157, 151, 223, 0, 97, 25, 51, 9]"
116330,"[48, 45, 58, 76, 13, 12, 20, 261, 220, 119]"
116331,"[122, 55, 19, 66, 133, 238, 149, 146, 38, 14]"
116332,"[72, 18, 15, 26, 64, 66, 19, 92, 82, 133]"
116333,"[34, 13, 20, 84, 119, 103, 279, 32, 187, 28]"
116334,"[84, 34, 28, 4, 13, 220, 189, 20, 121, 7]"
116335,"[146, 14, 23, 38, 60, 48, 24, 133, 147, 151]"
116336,"[92, 26, 73, 6, 72, 49, 15, 91, 38, 18]"
116337,"[26, 72, 15, 18, 82, 19, 66, 73, 92, 38]"
116338,"[2, 5, 51, 27, 238, 105, 71, 9, 49, 44]"
116339,"[66, 19, 38, 149, 55, 146, 133, 12, 21, 238]"
116340,"[71, 6, 51, 30, 9, 25, 10, 5, 27, 72]"
116341,"[55, 19, 66, 149, 18, 38, 122, 82, 189, 15]"
116342,"[64, 15, 77, 1, 105, 18, 72, 97, 7, 19]"
116343,"[42, 29, 17, 73, 91, 3, 130, 60, 13, 4]"
116344,"[0, 97, 151, 30, 49, 105, 14, 25, 26, 18]"
116345,"[119, 112, 13, 20, 103, 279, 32, 238, 189, 36]"
116346,"[17, 73, 3, 91, 29, 42, 55, 149, 32, 66]"
116347,"[18, 105, 97, 72, 77, 0, 15, 151, 30, 49]"
116348,"[157, 223, 149, 105, 238, 36, 90, 189, 55, 19]"
116349,"[29, 17, 42, 3, 91, 73, 20, 13, 14, 119]"
116350,"[220, 34, 187, 121, 84, 43, 28, 60, 24, 10]"
116351,"[149, 124, 157, 36, 223, 66, 19, 4, 7, 21]"
116352,"[149, 66, 19, 38, 238, 157, 36, 23, 189, 146]"
116353,"[36, 157, 238, 90, 14, 189, 21, 13, 147, 112]"
116354,"[124, 27, 9, 2, 51, 149, 71, 103, 34, 41]"
116355,"[13, 20, 119, 261, 76, 103, 279, 112, 48, 45]"
116356,"[84, 13, 34, 20, 119, 36, 32, 112, 157, 121]"
116357,"[133, 38, 14, 146, 23, 147, 24, 60, 187, 66]"
116358,"[6, 41, 25, 10, 12, 58, 73, 91, 71, 18]"
116359,"[17, 3, 73, 29, 91, 42, 66, 19, 32, 146]"
116360,"[279, 20, 103, 13, 112, 45, 261, 119, 76, 48]"
116361,"[157, 189, 90, 21, 223, 238, 103, 36, 13, 175]"
116362,"[146, 60, 14, 38, 23, 133, 147, 142, 66, 24]"
116363,"[34, 187, 220, 121, 84, 43, 42, 32, 58, 2]"
116364,"[20, 13, 261, 103, 112, 76, 45, 119, 279, 48]"
116365,"[146, 38, 133, 58, 66, 14, 6, 12, 149, 19]"
116366,"[157, 14, 189, 223, 90, 21, 238, 103, 36, 175]"
116367,"[30, 49, 1, 142, 60, 24, 23, 71, 7, 138]"
116368,"[147, 14, 220, 146, 24, 38, 36, 23, 133, 21]"
116369,"[238, 66, 21, 36, 223, 175, 157, 14, 189, 19]"
116370,"[45, 48, 76, 58, 220, 12, 20, 261, 119, 112]"
116371,"[142, 14, 48, 38, 24, 60, 0, 147, 23, 187]"
116372,"[149, 38, 19, 66, 36, 157, 23, 238, 4, 133]"
116373,"[90, 189, 238, 223, 14, 48, 21, 36, 157, 175]"
116374,"[122, 28, 189, 149, 90, 19, 238, 21, 4, 55]"
116375,"[84, 13, 20, 119, 34, 36, 32, 112, 157, 44]"
116376,"[279, 20, 112, 12, 13, 48, 1, 76, 51, 121]"
116377,"[60, 24, 28, 23, 4, 7, 142, 42, 1, 49]"
116378,"[92, 15, 18, 72, 0, 82, 64, 26, 91, 6]"
116379,"[72, 15, 18, 64, 19, 66, 82, 26, 149, 3]"
116380,"[42, 43, 29, 121, 175, 17, 73, 45, 146, 60]"
116381,"[71, 279, 20, 2, 27, 9, 15, 51, 77, 82]"
116382,"[36, 147, 238, 157, 189, 175, 223, 14, 119, 21]"
116383,"[13, 20, 119, 103, 279, 112, 261, 189, 76, 9]"
116384,"[157, 60, 55, 238, 36, 105, 19, 25, 7, 189]"
116385,"[4, 189, 28, 19, 21, 66, 36, 238, 119, 223]"
116386,"[2, 27, 124, 112, 41, 6, 71, 51, 9, 20]"
116387,"[48, 13, 45, 20, 112, 261, 119, 76, 279, 103]"
116388,"[90, 223, 157, 189, 0, 238, 36, 175, 21, 97]"
116389,"[238, 36, 157, 28, 66, 90, 32, 7, 189, 19]"
116390,"[82, 15, 18, 151, 1, 26, 72, 77, 105, 149]"
116391,"[73, 91, 3, 17, 130, 6, 42, 26, 146, 151]"
116392,"[26, 151, 49, 0, 30, 97, 92, 38, 72, 15]"
116393,"[66, 238, 36, 21, 223, 175, 14, 90, 157, 189]"
116394,"[6, 25, 10, 41, 121, 43, 58, 49, 27, 12]"
116395,"[261, 76, 45, 48, 14, 20, 13, 103, 25, 58]"
116396,"[41, 25, 51, 9, 124, 20, 6, 27, 76, 261]"
116397,"[34, 187, 220, 84, 121, 28, 43, 23, 7, 24]"
116398,"[71, 6, 72, 12, 32, 51, 15, 9, 58, 73]"
116399,"[91, 130, 73, 3, 42, 6, 97, 41, 25, 10]"
116400,"[41, 0, 6, 10, 25, 130, 97, 51, 91, 73]"
116401,"[124, 27, 9, 2, 149, 51, 71, 41, 34, 103]"
116402,"[84, 34, 220, 187, 4, 121, 7, 2, 43, 28]"
116403,"[92, 26, 73, 6, 72, 49, 38, 15, 0, 18]"
116404,"[20, 261, 13, 84, 45, 58, 119, 279, 48, 14]"
116405,"[10, 41, 51, 9, 130, 6, 71, 25, 2, 27]"
116406,"[60, 25, 146, 157, 151, 142, 55, 121, 38, 23]"
116407,"[124, 27, 112, 76, 9, 41, 51, 5, 6, 10]"
116408,"[44, 6, 12, 19, 32, 58, 121, 17, 103, 66]"
116409,"[112, 119, 13, 279, 45, 103, 20, 76, 48, 32]"
116410,"[187, 34, 121, 220, 84, 43, 10, 7, 60, 2]"
116411,"[90, 223, 189, 36, 157, 66, 175, 21, 19, 112]"
116412,"[142, 19, 103, 7, 28, 21, 55, 14, 48, 38]"
116413,"[20, 13, 261, 103, 279, 48, 58, 76, 45, 119]"
116414,"[130, 91, 73, 3, 105, 10, 5, 42, 17, 25]"
116415,"[9, 51, 10, 27, 71, 41, 77, 5, 13, 25]"
116416,"[84, 220, 121, 187, 34, 48, 20, 13, 279, 76]"
116417,"[187, 220, 34, 32, 103, 13, 279, 58, 20, 76]"
116418,"[6, 41, 25, 10, 0, 151, 91, 73, 121, 261]"
116419,"[121, 220, 261, 25, 60, 34, 44, 187, 76, 84]"
116420,"[12, 58, 45, 76, 220, 187, 121, 43, 6, 261]"
116421,"[122, 28, 133, 189, 19, 90, 149, 142, 23, 24]"
116422,"[3, 73, 91, 17, 29, 15, 27, 6, 130, 124]"
116423,"[44, 13, 84, 119, 20, 261, 76, 48, 187, 103]"
116424,"[23, 14, 142, 24, 146, 149, 60, 38, 157, 147]"
116425,"[15, 72, 64, 18, 82, 66, 19, 149, 71, 3]"
116426,"[23, 7, 279, 28, 24, 157, 189, 14, 90, 60]"
116427,"[138, 1, 30, 49, 2, 28, 4, 23, 10, 142]"
116428,"[187, 34, 121, 220, 84, 43, 7, 60, 10, 42]"
116429,"[32, 34, 58, 189, 13, 119, 20, 103, 84, 112]"
116430,"[130, 10, 91, 42, 73, 49, 41, 25, 142, 60]"
116431,"[18, 72, 15, 82, 64, 19, 105, 3, 71, 66]"
116432,"[54, 121, 34, 10, 220, 43, 2, 84, 5, 7]"
116433,"[34, 84, 220, 121, 2, 187, 28, 4, 7, 32]"
116434,"[103, 20, 13, 279, 112, 119, 34, 32, 84, 45]"
116435,"[71, 6, 72, 15, 18, 3, 51, 32, 9, 64]"
116436,"[130, 91, 73, 3, 42, 10, 41, 25, 151, 17]"
116437,"[60, 24, 38, 14, 23, 146, 42, 147, 142, 133]"
116438,"[27, 51, 124, 9, 112, 279, 13, 20, 103, 2]"
116439,"[12, 58, 76, 220, 45, 261, 121, 43, 187, 48]"
116440,"[19, 66, 149, 55, 119, 12, 38, 122, 58, 223]"
116441,"[58, 32, 34, 189, 45, 13, 187, 220, 20, 119]"
116442,"[51, 27, 9, 124, 20, 77, 112, 13, 2, 119]"
116443,"[146, 66, 149, 38, 19, 72, 133, 60, 12, 55]"
116444,"[55, 66, 149, 19, 38, 133, 146, 12, 58, 157]"
116445,"[45, 261, 20, 76, 103, 112, 13, 279, 48, 119]"
116446,"[38, 66, 133, 149, 19, 55, 12, 146, 58, 15]"
116447,"[7, 44, 90, 28, 55, 157, 19, 223, 189, 238]"
116448,"[32, 12, 58, 279, 112, 17, 103, 119, 43, 19]"
116449,"[5, 124, 2, 76, 13, 25, 10, 51, 71, 97]"
116450,"[84, 34, 20, 13, 189, 103, 32, 119, 279, 223]"
116451,"[13, 112, 103, 20, 261, 45, 76, 279, 119, 34]"
116452,"[64, 15, 72, 18, 19, 82, 66, 3, 71, 77]"
116453,"[146, 66, 149, 38, 133, 19, 72, 60, 12, 36]"
116454,"[36, 66, 157, 238, 4, 90, 38, 149, 14, 21]"
116455,"[44, 32, 279, 12, 112, 71, 7, 66, 13, 149]"
116456,"[220, 121, 187, 34, 84, 24, 43, 7, 28, 4]"
116457,"[77, 105, 1, 64, 119, 72, 18, 15, 82, 151]"
116458,"[48, 45, 103, 261, 13, 76, 279, 90, 20, 112]"
116459,"[84, 34, 20, 13, 103, 58, 189, 261, 121, 32]"
116460,"[29, 20, 17, 13, 103, 119, 238, 175, 42, 3]"
116461,"[119, 112, 13, 45, 20, 103, 279, 76, 32, 261]"
116462,"[23, 7, 28, 24, 4, 60, 49, 142, 42, 121]"
116463,"[51, 27, 2, 71, 124, 9, 20, 112, 5, 13]"
116464,"[71, 6, 72, 12, 15, 51, 32, 26, 9, 73]"
116465,"[51, 9, 6, 5, 71, 10, 13, 41, 73, 27]"
116466,"[17, 29, 42, 3, 73, 103, 13, 91, 130, 112]"
116467,"[77, 105, 151, 30, 97, 0, 49, 1, 64, 92]"
116468,"[10, 41, 25, 6, 130, 49, 43, 45, 30, 12]"
116469,"[25, 6, 51, 41, 27, 151, 157, 76, 20, 9]"
116470,"[90, 223, 18, 157, 0, 238, 189, 7, 149, 21]"
116471,"[77, 105, 15, 82, 1, 72, 18, 151, 64, 157]"
116472,"[82, 72, 15, 18, 3, 64, 66, 149, 26, 1]"
116473,"[23, 149, 14, 157, 238, 142, 19, 66, 28, 24]"
116474,"[138, 151, 0, 15, 1, 77, 49, 18, 30, 189]"
116475,"[58, 12, 45, 32, 6, 48, 76, 261, 38, 146]"
116476,"[223, 189, 90, 157, 21, 36, 14, 238, 105, 175]"
116477,"[30, 49, 1, 60, 28, 10, 23, 4, 2, 38]"
116478,"[187, 121, 58, 45, 220, 48, 76, 34, 12, 261]"
116479,"[25, 6, 41, 76, 151, 51, 27, 261, 0, 10]"
116480,"[1, 77, 26, 15, 2, 49, 28, 30, 105, 64]"
116481,"[34, 187, 220, 84, 121, 43, 28, 23, 13, 7]"
116482,"[12, 58, 6, 45, 76, 261, 146, 220, 121, 187]"
116483,"[29, 17, 20, 42, 13, 14, 261, 119, 103, 238]"
116484,"[51, 9, 13, 27, 20, 105, 77, 279, 103, 119]"
116485,"[51, 2, 27, 71, 9, 20, 124, 112, 5, 6]"
116486,"[51, 9, 27, 105, 13, 77, 20, 279, 124, 103]"
116487,"[48, 45, 58, 76, 12, 261, 220, 43, 121, 187]"
116488,"[2, 27, 124, 112, 6, 41, 71, 51, 10, 9]"
116489,"[122, 19, 149, 133, 15, 55, 66, 28, 18, 38]"
116490,"[17, 73, 3, 29, 91, 42, 55, 149, 32, 66]"
116491,"[91, 73, 3, 6, 130, 17, 58, 26, 42, 12]"
116492,"[124, 27, 41, 9, 25, 2, 10, 6, 51, 3]"
116493,"[157, 223, 36, 105, 149, 189, 238, 90, 21, 13]"
116494,"[34, 121, 187, 84, 220, 43, 7, 10, 5, 60]"
116495,"[26, 73, 92, 82, 6, 91, 133, 38, 72, 15]"
116496,"[19, 66, 149, 146, 38, 55, 133, 32, 189, 122]"
116497,"[77, 105, 15, 72, 82, 1, 157, 18, 9, 71]"
116498,"[19, 119, 66, 223, 149, 238, 189, 4, 28, 55]"
116499,"[4, 24, 157, 36, 149, 7, 66, 28, 223, 90]"
116500,"[30, 49, 1, 60, 10, 23, 38, 24, 130, 151]"
116501,"[15, 18, 72, 82, 64, 66, 19, 26, 71, 149]"
116502,"[41, 51, 10, 0, 9, 130, 25, 6, 27, 124]"
116503,"[42, 73, 17, 121, 29, 91, 45, 58, 76, 261]"
116504,"[147, 36, 112, 238, 77, 21, 119, 157, 189, 14]"
116505,"[2, 5, 34, 10, 28, 84, 121, 49, 1, 51]"
116506,"[3, 91, 73, 130, 17, 42, 29, 105, 77, 51]"
116507,"[60, 142, 23, 24, 30, 49, 42, 28, 121, 220]"
116508,"[147, 14, 36, 21, 76, 220, 189, 157, 38, 24]"
116509,"[97, 0, 91, 151, 26, 49, 18, 105, 133, 30]"
116510,"[157, 60, 25, 238, 36, 189, 147, 105, 55, 90]"
116511,"[29, 119, 90, 17, 223, 20, 238, 13, 112, 42]"
116512,"[66, 19, 149, 55, 15, 38, 32, 146, 189, 28]"
116513,"[20, 13, 261, 103, 76, 45, 112, 279, 119, 48]"
116514,"[133, 38, 146, 58, 12, 122, 149, 14, 19, 147]"
116515,"[42, 130, 43, 29, 7, 121, 60, 23, 17, 175]"
116516,"[122, 28, 19, 175, 149, 238, 7, 90, 133, 223]"
116517,"[12, 58, 20, 45, 76, 261, 187, 220, 119, 43]"
116518,"[17, 29, 73, 3, 42, 19, 66, 32, 91, 44]"
116519,"[7, 23, 43, 28, 121, 42, 4, 24, 60, 49]"
116520,"[20, 13, 119, 279, 103, 261, 223, 112, 51, 45]"
116521,"[29, 17, 42, 3, 73, 103, 13, 90, 34, 261]"
116522,"[124, 27, 9, 41, 6, 25, 2, 51, 10, 71]"
116523,"[97, 105, 77, 0, 151, 18, 157, 14, 25, 15]"
116524,"[105, 157, 130, 77, 30, 49, 1, 97, 25, 18]"
116525,"[84, 34, 20, 279, 13, 112, 121, 119, 124, 103]"
116526,"[71, 6, 72, 12, 15, 32, 73, 26, 51, 3]"
116527,"[66, 19, 38, 149, 55, 21, 146, 133, 72, 238]"
116528,"[103, 261, 13, 34, 32, 20, 279, 48, 76, 112]"
116529,"[48, 45, 261, 76, 14, 20, 13, 279, 112, 25]"
116530,"[147, 14, 36, 133, 24, 45, 38, 112, 151, 238]"
116531,"[3, 73, 91, 17, 6, 130, 15, 82, 71, 72]"
116532,"[14, 157, 189, 21, 223, 90, 77, 238, 103, 13]"
116533,"[2, 27, 124, 112, 41, 6, 51, 71, 9, 20]"
116534,"[90, 223, 189, 175, 36, 157, 21, 112, 14, 238]"
116535,"[187, 43, 220, 20, 121, 261, 119, 45, 32, 84]"
116536,"[18, 72, 15, 82, 6, 64, 105, 19, 97, 92]"
116537,"[23, 7, 279, 28, 24, 14, 157, 90, 189, 146]"
116538,"[103, 261, 13, 34, 32, 20, 279, 48, 112, 45]"
116539,"[14, 21, 261, 45, 147, 48, 76, 20, 238, 223]"
116540,"[26, 73, 92, 82, 6, 72, 15, 133, 97, 38]"
116541,"[60, 121, 142, 4, 24, 28, 7, 23, 157, 42]"
116542,"[261, 76, 48, 45, 14, 13, 20, 25, 58, 279]"
116543,"[103, 32, 112, 13, 34, 20, 44, 261, 279, 66]"
116544,"[142, 60, 23, 30, 14, 24, 12, 58, 49, 146]"
116545,"[71, 30, 51, 124, 20, 6, 27, 9, 73, 25]"
116546,"[17, 73, 3, 29, 149, 55, 32, 66, 42, 122]"
116547,"[23, 24, 60, 142, 49, 42, 121, 187, 43, 4]"
116548,"[189, 223, 19, 66, 157, 90, 238, 28, 21, 36]"
116549,"[2, 1, 84, 34, 5, 10, 28, 27, 49, 112]"
116550,"[91, 3, 73, 17, 130, 15, 42, 6, 72, 29]"
116551,"[60, 28, 24, 4, 23, 7, 142, 42, 34, 1]"
116552,"[92, 0, 49, 151, 97, 30, 14, 133, 26, 105]"
116553,"[146, 14, 66, 36, 7, 175, 189, 149, 23, 238]"
116554,"[124, 27, 9, 2, 51, 71, 149, 41, 34, 3]"
116555,"[103, 261, 119, 20, 13, 112, 45, 32, 21, 238]"
116556,"[9, 51, 124, 105, 71, 27, 103, 13, 20, 2]"
116557,"[26, 151, 49, 30, 0, 97, 73, 92, 72, 15]"
116558,"[6, 12, 71, 25, 58, 26, 73, 10, 91, 38]"
116559,"[279, 13, 112, 103, 261, 45, 20, 76, 48, 119]"
116560,"[20, 261, 13, 103, 279, 48, 45, 76, 119, 112]"
116561,"[2, 10, 1, 49, 5, 30, 84, 130, 34, 121]"
116562,"[92, 72, 26, 133, 64, 15, 18, 82, 19, 77]"
116563,"[71, 6, 3, 15, 12, 82, 72, 73, 58, 38]"
116564,"[175, 36, 14, 147, 90, 21, 223, 77, 238, 157]"
116565,"[36, 157, 238, 90, 21, 189, 14, 13, 147, 76]"
116566,"[66, 19, 28, 14, 55, 189, 4, 38, 149, 146]"
116567,"[1, 49, 151, 30, 77, 15, 82, 28, 26, 97]"
116568,"[0, 97, 18, 151, 51, 4, 77, 15, 72, 73]"
116569,"[21, 189, 36, 147, 90, 14, 238, 157, 223, 13]"
116570,"[138, 1, 49, 7, 30, 60, 142, 34, 82, 2]"
116571,"[261, 20, 21, 103, 13, 279, 45, 14, 76, 48]"
116572,"[13, 20, 119, 84, 76, 261, 32, 58, 34, 103]"
116573,"[133, 122, 149, 19, 146, 38, 66, 58, 55, 32]"
116574,"[26, 92, 73, 146, 72, 6, 15, 91, 133, 49]"
116575,"[12, 58, 32, 19, 20, 71, 119, 76, 66, 45]"
116576,"[103, 261, 112, 13, 119, 20, 21, 32, 238, 27]"
116577,"[92, 26, 49, 0, 73, 151, 41, 23, 6, 97]"
116578,"[43, 13, 12, 20, 119, 58, 32, 7, 187, 121]"
116579,"[6, 41, 25, 10, 0, 121, 76, 45, 261, 151]"
116580,"[60, 28, 24, 23, 4, 34, 7, 42, 142, 121]"
116581,"[1, 82, 105, 49, 97, 26, 30, 77, 18, 151]"
116582,"[2, 27, 124, 112, 9, 71, 51, 20, 103, 32]"
116583,"[124, 27, 9, 2, 71, 51, 149, 41, 3, 105]"
116584,"[90, 223, 18, 157, 189, 238, 149, 66, 0, 7]"
116585,"[13, 20, 103, 112, 279, 119, 34, 32, 84, 36]"
116586,"[29, 17, 42, 13, 103, 90, 20, 261, 279, 48]"
116587,"[124, 27, 9, 41, 149, 25, 105, 51, 103, 6]"
116588,"[124, 27, 76, 112, 9, 51, 41, 45, 77, 90]"
116589,"[90, 223, 189, 36, 175, 157, 21, 112, 14, 238]"
116590,"[189, 223, 133, 58, 90, 34, 36, 238, 21, 32]"
116591,"[147, 36, 21, 14, 220, 157, 189, 19, 24, 38]"
116592,"[112, 13, 20, 279, 76, 124, 103, 27, 90, 119]"
116593,"[14, 23, 146, 261, 76, 24, 147, 142, 38, 133]"
116594,"[45, 48, 76, 20, 261, 13, 119, 112, 58, 279]"
116595,"[124, 51, 27, 2, 6, 84, 9, 71, 10, 25]"
116596,"[2, 51, 5, 27, 238, 44, 9, 71, 20, 105]"
116597,"[187, 43, 220, 121, 23, 4, 24, 42, 34, 60]"
116598,"[133, 38, 12, 58, 146, 92, 66, 24, 19, 149]"
116599,"[151, 97, 0, 77, 49, 91, 25, 6, 64, 60]"
116600,"[187, 43, 220, 45, 119, 20, 261, 121, 32, 76]"
116601,"[44, 279, 7, 112, 32, 48, 13, 12, 121, 261]"
116602,"[92, 0, 15, 133, 91, 26, 6, 12, 18, 72]"
116603,"[58, 12, 45, 6, 32, 48, 76, 261, 38, 121]"
116604,"[49, 30, 1, 23, 7, 24, 28, 10, 60, 4]"
116605,"[43, 187, 220, 42, 121, 10, 34, 23, 7, 60]"
116606,"[10, 121, 43, 2, 34, 42, 84, 30, 220, 6]"
116607,"[51, 27, 25, 124, 41, 20, 9, 261, 112, 45]"
116608,"[175, 238, 157, 90, 189, 223, 36, 13, 21, 105]"
116609,"[9, 51, 20, 27, 13, 77, 41, 25, 279, 105]"
116610,"[23, 19, 14, 149, 66, 4, 238, 24, 28, 36]"
116611,"[124, 27, 112, 76, 41, 9, 51, 77, 45, 90]"
116612,"[146, 14, 66, 36, 175, 7, 189, 149, 23, 238]"
116613,"[103, 261, 45, 20, 13, 76, 48, 32, 14, 112]"
116614,"[122, 28, 189, 149, 90, 19, 133, 4, 55, 36]"
116615,"[147, 133, 38, 24, 14, 23, 220, 60, 146, 36]"
116616,"[49, 30, 105, 77, 72, 151, 0, 15, 1, 82]"
116617,"[0, 97, 18, 151, 51, 4, 77, 41, 73, 138]"
116618,"[20, 13, 261, 103, 76, 43, 32, 45, 119, 12]"
116619,"[187, 34, 121, 84, 220, 42, 43, 10, 7, 60]"
116620,"[122, 133, 14, 28, 19, 23, 149, 175, 7, 147]"
116621,"[138, 82, 77, 0, 15, 1, 151, 18, 26, 3]"
116622,"[82, 15, 18, 72, 149, 64, 3, 26, 66, 1]"
116623,"[66, 19, 55, 38, 146, 149, 15, 133, 12, 32]"
116624,"[279, 20, 13, 103, 261, 45, 112, 119, 48, 76]"
116625,"[45, 48, 76, 20, 261, 112, 13, 119, 279, 58]"
116626,"[220, 187, 121, 34, 43, 84, 7, 24, 28, 76]"
116627,"[55, 66, 19, 122, 238, 149, 15, 157, 38, 82]"
116628,"[146, 66, 133, 149, 72, 19, 38, 26, 58, 32]"
116629,"[21, 14, 261, 20, 90, 238, 66, 103, 189, 147]"
116630,"[157, 25, 60, 36, 238, 105, 189, 147, 90, 55]"
116631,"[146, 60, 66, 36, 149, 14, 38, 21, 133, 23]"
116632,"[38, 24, 60, 147, 14, 146, 23, 133, 142, 149]"
116633,"[38, 24, 60, 147, 14, 146, 133, 23, 142, 149]"
116634,"[119, 112, 32, 13, 187, 43, 20, 58, 103, 45]"
116635,"[2, 51, 27, 18, 71, 112, 6, 9, 10, 13]"
116636,"[13, 20, 119, 103, 112, 279, 189, 261, 157, 76]"
116637,"[55, 66, 38, 122, 19, 60, 238, 149, 157, 133]"
116638,"[119, 13, 19, 20, 103, 34, 112, 32, 279, 36]"
116639,"[72, 64, 15, 18, 82, 66, 3, 92, 71, 6]"
116640,"[32, 12, 58, 44, 66, 103, 19, 146, 261, 55]"
116641,"[149, 66, 19, 238, 157, 36, 189, 4, 90, 223]"
116642,"[4, 38, 66, 133, 19, 149, 175, 7, 23, 21]"
116643,"[151, 0, 77, 105, 97, 238, 189, 72, 51, 25]"
116644,"[146, 60, 66, 36, 149, 38, 14, 72, 23, 21]"
116645,"[0, 105, 30, 97, 18, 151, 77, 1, 49, 15]"
116646,"[142, 14, 38, 48, 60, 0, 147, 24, 19, 23]"
116647,"[142, 27, 21, 23, 149, 60, 133, 238, 19, 14]"
116648,"[261, 103, 45, 76, 48, 121, 58, 14, 12, 43]"
116649,"[51, 27, 20, 25, 41, 9, 124, 261, 112, 13]"
116650,"[97, 18, 105, 15, 0, 64, 1, 77, 26, 151]"
116651,"[7, 44, 23, 90, 28, 55, 157, 189, 66, 19]"
116652,"[112, 279, 20, 103, 119, 13, 45, 238, 189, 76]"
116653,"[71, 279, 45, 20, 9, 27, 10, 51, 6, 25]"
116654,"[58, 32, 34, 189, 12, 220, 13, 187, 20, 48]"
116655,"[82, 3, 15, 72, 18, 77, 105, 64, 71, 66]"
116656,"[124, 27, 9, 41, 25, 51, 105, 103, 77, 112]"
116657,"[23, 24, 60, 7, 49, 28, 142, 43, 121, 42]"
116658,"[261, 103, 45, 76, 48, 121, 43, 14, 58, 12]"
116659,"[73, 17, 91, 42, 130, 3, 51, 49, 26, 6]"
116660,"[29, 17, 42, 3, 73, 103, 90, 13, 34, 48]"
116661,"[138, 49, 30, 1, 23, 130, 105, 2, 4, 60]"
116662,"[26, 72, 15, 18, 82, 19, 66, 92, 64, 38]"
116663,"[121, 220, 261, 25, 76, 187, 60, 12, 58, 6]"
116664,"[32, 112, 279, 103, 12, 17, 19, 119, 149, 66]"
116665,"[43, 187, 34, 121, 220, 7, 10, 84, 42, 23]"
116666,"[28, 4, 7, 34, 23, 1, 84, 24, 60, 142]"
116667,"[157, 223, 149, 105, 36, 189, 238, 19, 90, 4]"
116668,"[55, 66, 38, 122, 19, 60, 238, 149, 15, 157]"
116669,"[92, 26, 49, 73, 51, 0, 105, 72, 15, 77]"
116670,"[44, 32, 279, 112, 12, 7, 71, 66, 103, 13]"
116671,"[19, 119, 66, 223, 149, 238, 29, 189, 28, 55]"
116672,"[18, 15, 72, 64, 0, 97, 82, 3, 66, 90]"
116673,"[14, 21, 238, 223, 36, 157, 175, 189, 20, 90]"
116674,"[10, 130, 2, 43, 49, 187, 5, 220, 34, 42]"
116675,"[90, 223, 189, 157, 21, 175, 36, 112, 238, 13]"
116676,"[34, 84, 28, 187, 7, 43, 220, 13, 121, 4]"
116677,"[29, 17, 42, 3, 13, 73, 90, 91, 103, 238]"
116678,"[48, 45, 76, 261, 14, 58, 20, 13, 103, 121]"
116679,"[147, 14, 36, 21, 157, 189, 76, 220, 38, 48]"
116680,"[77, 105, 1, 72, 64, 18, 15, 119, 82, 19]"
116681,"[73, 3, 91, 17, 130, 42, 29, 6, 151, 51]"
116682,"[279, 20, 112, 13, 48, 51, 76, 45, 261, 119]"
116683,"[72, 77, 49, 15, 151, 26, 18, 105, 64, 97]"
116684,"[220, 187, 34, 121, 84, 43, 28, 60, 23, 24]"
116685,"[157, 14, 66, 28, 149, 146, 189, 23, 223, 90]"
116686,"[105, 151, 0, 77, 97, 157, 25, 30, 49, 51]"
116687,"[97, 0, 151, 49, 147, 105, 30, 18, 55, 77]"
116688,"[261, 20, 45, 14, 76, 21, 48, 12, 121, 103]"
116689,"[12, 58, 20, 45, 76, 223, 261, 187, 119, 220]"
116690,"[189, 223, 14, 66, 19, 90, 157, 36, 28, 238]"
116691,"[77, 105, 15, 151, 72, 82, 49, 1, 30, 18]"
116692,"[187, 34, 121, 220, 84, 10, 43, 7, 42, 60]"
116693,"[124, 27, 51, 9, 20, 2, 112, 77, 13, 279]"
116694,"[175, 7, 189, 36, 66, 19, 112, 90, 157, 55]"
116695,"[60, 28, 24, 23, 4, 42, 7, 34, 142, 121]"
116696,"[19, 66, 149, 133, 38, 72, 55, 146, 32, 15]"
116697,"[91, 73, 130, 3, 42, 6, 133, 187, 121, 97]"
116698,"[15, 105, 18, 77, 72, 82, 1, 49, 64, 3]"
116699,"[15, 77, 105, 18, 72, 3, 82, 1, 49, 64]"
116700,"[82, 3, 15, 72, 18, 77, 64, 55, 66, 105]"
116701,"[20, 13, 261, 45, 84, 58, 48, 279, 119, 76]"
116702,"[157, 14, 189, 223, 90, 77, 21, 36, 238, 103]"
116703,"[12, 58, 121, 220, 20, 32, 13, 76, 103, 34]"
116704,"[27, 51, 2, 9, 71, 124, 6, 103, 20, 112]"
116705,"[2, 5, 51, 27, 10, 41, 44, 49, 121, 238]"
116706,"[133, 122, 149, 19, 38, 146, 58, 66, 12, 32]"
116707,"[64, 151, 72, 77, 15, 49, 48, 1, 92, 124]"
116708,"[9, 51, 10, 27, 41, 71, 13, 5, 20, 77]"
116709,"[175, 7, 189, 36, 19, 66, 112, 90, 157, 55]"
116710,"[45, 112, 76, 261, 48, 187, 103, 20, 279, 13]"
116711,"[105, 77, 157, 151, 223, 97, 25, 51, 0, 9]"
116712,"[26, 72, 82, 92, 73, 15, 64, 1, 18, 122]"
116713,"[19, 66, 149, 55, 12, 119, 38, 122, 58, 92]"
116714,"[32, 58, 44, 12, 66, 103, 19, 55, 261, 38]"
116715,"[72, 15, 77, 105, 82, 66, 18, 71, 146, 238]"
116716,"[84, 34, 28, 220, 20, 121, 4, 189, 13, 187]"
116717,"[29, 17, 42, 3, 20, 13, 73, 119, 14, 261]"
116718,"[64, 15, 97, 77, 1, 18, 105, 72, 0, 30]"
116719,"[71, 30, 124, 51, 20, 6, 27, 9, 25, 73]"
116720,"[119, 112, 13, 20, 279, 103, 45, 32, 36, 51]"
116721,"[97, 18, 105, 15, 0, 64, 1, 77, 26, 151]"
116722,"[77, 105, 97, 30, 151, 1, 49, 0, 92, 64]"
116723,"[124, 27, 112, 76, 41, 9, 6, 51, 5, 10]"
116724,"[58, 32, 12, 133, 34, 189, 146, 13, 6, 45]"
116725,"[82, 1, 105, 72, 77, 15, 18, 3, 64, 149]"
116726,"[103, 261, 13, 32, 20, 34, 279, 48, 76, 84]"
116727,"[14, 21, 189, 223, 36, 238, 20, 90, 261, 175]"
116728,"[44, 32, 12, 13, 71, 6, 119, 19, 84, 58]"
116729,"[151, 0, 97, 49, 30, 24, 142, 23, 26, 6]"
116730,"[45, 103, 261, 48, 76, 112, 20, 13, 279, 119]"
116731,"[71, 279, 9, 2, 20, 27, 51, 15, 77, 72]"
116732,"[97, 0, 151, 105, 147, 77, 41, 25, 49, 189]"
116733,"[157, 189, 66, 149, 28, 223, 21, 19, 90, 238]"
116734,"[119, 13, 20, 34, 58, 84, 112, 103, 32, 187]"
116735,"[133, 147, 38, 14, 146, 58, 24, 60, 23, 142]"
116736,"[1, 77, 15, 28, 82, 105, 18, 4, 72, 279]"
116737,"[133, 38, 146, 58, 12, 122, 149, 147, 91, 26]"
116738,"[15, 18, 0, 77, 97, 64, 151, 9, 30, 105]"
116739,"[48, 45, 76, 103, 261, 13, 20, 279, 90, 34]"
116740,"[138, 82, 77, 1, 15, 26, 18, 105, 3, 0]"
116741,"[82, 15, 18, 77, 1, 26, 149, 105, 151, 72]"
116742,"[34, 187, 220, 84, 121, 43, 28, 23, 7, 24]"
116743,"[7, 28, 34, 4, 23, 60, 24, 220, 142, 84]"
116744,"[64, 15, 18, 72, 19, 82, 66, 71, 3, 77]"
116745,"[103, 32, 261, 112, 119, 20, 13, 66, 34, 19]"
116746,"[12, 58, 6, 45, 76, 261, 146, 91, 48, 187]"
116747,"[238, 157, 36, 90, 189, 14, 151, 223, 105, 21]"
116748,"[72, 15, 82, 18, 71, 146, 66, 64, 3, 26]"
116749,"[14, 238, 261, 157, 23, 223, 21, 189, 147, 90]"
116750,"[38, 146, 133, 149, 66, 24, 60, 147, 58, 12]"
116751,"[48, 45, 20, 13, 279, 261, 103, 112, 76, 119]"
116752,"[19, 66, 149, 55, 18, 15, 72, 122, 17, 32]"
116753,"[238, 36, 157, 66, 28, 90, 7, 19, 189, 4]"
116754,"[187, 220, 34, 103, 32, 13, 279, 112, 20, 58]"
116755,"[238, 21, 66, 157, 175, 223, 36, 149, 189, 19]"
116756,"[45, 76, 112, 20, 48, 13, 261, 279, 124, 103]"
116757,"[187, 220, 34, 32, 103, 13, 58, 279, 121, 112]"
116758,"[76, 45, 12, 58, 220, 48, 261, 187, 121, 43]"
116759,"[92, 15, 18, 72, 0, 82, 64, 91, 105, 6]"
116760,"[49, 30, 151, 97, 92, 6, 26, 15, 73, 10]"
116761,"[238, 157, 36, 189, 90, 151, 223, 14, 105, 21]"
116762,"[48, 45, 13, 103, 261, 76, 20, 279, 90, 34]"
116763,"[124, 27, 51, 9, 20, 112, 77, 279, 2, 105]"
116764,"[122, 238, 55, 28, 36, 223, 175, 189, 66, 21]"
116765,"[121, 220, 60, 76, 187, 261, 25, 58, 45, 12]"
116766,"[7, 66, 4, 14, 90, 133, 19, 21, 223, 175]"
116767,"[72, 146, 15, 77, 105, 151, 82, 26, 30, 49]"
116768,"[6, 25, 41, 12, 58, 73, 18, 91, 10, 71]"
116769,"[71, 6, 15, 30, 12, 73, 44, 3, 124, 18]"
116770,"[84, 34, 20, 13, 58, 189, 103, 261, 32, 48]"
116771,"[20, 13, 261, 103, 76, 45, 112, 279, 119, 48]"
116772,"[157, 223, 105, 36, 189, 149, 90, 238, 14, 21]"
116773,"[44, 6, 12, 58, 121, 19, 71, 32, 103, 66]"
116774,"[24, 23, 14, 142, 147, 60, 38, 187, 121, 146]"
116775,"[42, 121, 60, 220, 130, 187, 24, 23, 43, 142]"
116776,"[223, 189, 90, 19, 157, 21, 14, 36, 187, 66]"
116777,"[9, 51, 27, 13, 77, 71, 20, 5, 279, 112]"
116778,"[7, 66, 4, 90, 19, 238, 21, 223, 36, 149]"
116779,"[238, 36, 14, 189, 223, 76, 55, 66, 147, 157]"
116780,"[29, 17, 3, 42, 91, 90, 73, 238, 13, 103]"
116781,"[77, 105, 151, 15, 72, 82, 49, 30, 1, 18]"
116782,"[72, 15, 105, 77, 82, 18, 71, 146, 66, 1]"
116783,"[21, 238, 175, 14, 66, 223, 36, 157, 90, 28]"
116784,"[149, 19, 66, 157, 238, 36, 189, 4, 90, 223]"
116785,"[30, 49, 151, 92, 0, 26, 10, 97, 60, 72]"
116786,"[58, 32, 34, 12, 189, 13, 121, 220, 45, 48]"
116787,"[14, 261, 23, 76, 147, 146, 238, 45, 157, 48]"
116788,"[55, 19, 38, 66, 149, 133, 146, 18, 122, 58]"
116789,"[4, 24, 28, 7, 34, 84, 60, 23, 1, 157]"
116790,"[49, 15, 1, 30, 105, 92, 72, 6, 3, 97]"
116791,"[36, 147, 238, 157, 189, 175, 223, 14, 119, 21]"
116792,"[24, 28, 60, 133, 23, 38, 58, 147, 146, 220]"
116793,"[25, 6, 41, 51, 27, 76, 151, 9, 157, 279]"
116794,"[5, 51, 34, 27, 2, 71, 10, 25, 32, 9]"
116795,"[147, 55, 97, 28, 36, 24, 119, 38, 157, 14]"
116796,"[2, 51, 27, 5, 9, 71, 238, 105, 3, 44]"
116797,"[157, 223, 149, 90, 36, 238, 105, 23, 14, 55]"
116798,"[58, 32, 12, 34, 189, 133, 6, 38, 45, 55]"
116799,"[130, 42, 2, 73, 3, 91, 10, 49, 1, 138]"
116800,"[90, 223, 189, 36, 21, 175, 157, 112, 66, 19]"
116801,"[92, 77, 133, 26, 10, 64, 175, 72, 30, 105]"
116802,"[147, 14, 36, 133, 112, 38, 238, 24, 45, 77]"
116803,"[5, 34, 2, 1, 10, 84, 28, 187, 130, 220]"
116804,"[12, 58, 32, 19, 20, 66, 71, 76, 45, 119]"
116805,"[138, 0, 151, 1, 105, 15, 30, 49, 18, 77]"
116806,"[48, 45, 13, 261, 20, 279, 76, 112, 103, 119]"
116807,"[223, 189, 90, 19, 157, 14, 21, 187, 36, 66]"
116808,"[29, 17, 42, 20, 13, 3, 119, 103, 238, 34]"
116809,"[82, 15, 18, 72, 26, 64, 149, 6, 3, 92]"
116810,"[2, 27, 124, 112, 51, 9, 71, 5, 1, 20]"
116811,"[43, 187, 76, 220, 45, 121, 58, 12, 261, 48]"
116812,"[5, 76, 124, 2, 13, 51, 10, 25, 146, 9]"
116813,"[103, 32, 261, 13, 44, 20, 34, 220, 187, 112]"
116814,"[29, 17, 42, 3, 91, 20, 73, 14, 13, 238]"
116815,"[220, 187, 121, 76, 147, 12, 58, 45, 6, 43]"
116816,"[24, 28, 23, 142, 4, 60, 7, 187, 49, 220]"
116817,"[48, 45, 13, 20, 76, 261, 279, 112, 119, 103]"
116818,"[187, 34, 121, 58, 223, 220, 45, 20, 84, 48]"
116819,"[105, 72, 64, 77, 15, 18, 82, 1, 238, 2]"
116820,"[112, 119, 13, 279, 103, 20, 45, 76, 32, 48]"
116821,"[223, 189, 90, 157, 21, 36, 238, 20, 14, 19]"
116822,"[5, 2, 51, 49, 34, 1, 9, 10, 71, 4]"
116823,"[142, 60, 238, 189, 90, 21, 23, 28, 149, 24]"
116824,"[58, 45, 48, 119, 20, 32, 12, 13, 112, 261]"
116825,"[103, 13, 34, 20, 32, 279, 261, 112, 119, 84]"
116826,"[91, 130, 73, 3, 42, 97, 0, 41, 151, 29]"
116827,"[19, 189, 66, 157, 149, 28, 223, 175, 36, 21]"
116828,"[91, 73, 3, 6, 133, 130, 38, 42, 26, 92]"
116829,"[121, 34, 261, 13, 187, 20, 58, 84, 220, 112]"
116830,"[36, 157, 238, 90, 14, 189, 21, 13, 147, 112]"
116831,"[48, 45, 76, 261, 14, 58, 20, 121, 13, 103]"
116832,"[73, 17, 3, 91, 51, 72, 15, 6, 71, 26]"
116833,"[25, 6, 41, 151, 76, 261, 0, 27, 51, 45]"
116834,"[66, 19, 55, 38, 146, 149, 15, 133, 12, 32]"
116835,"[151, 0, 105, 97, 30, 25, 14, 49, 77, 41]"
116836,"[42, 130, 29, 17, 60, 91, 3, 23, 24, 28]"
116837,"[17, 29, 42, 3, 90, 13, 112, 279, 20, 34]"
116838,"[48, 45, 58, 20, 76, 13, 12, 261, 220, 119]"
116839,"[189, 223, 21, 14, 36, 157, 90, 238, 147, 13]"
116840,"[58, 12, 32, 45, 71, 6, 19, 48, 55, 119]"
116841,"[12, 58, 6, 38, 133, 32, 146, 121, 76, 220]"
116842,"[2, 51, 27, 18, 71, 6, 10, 112, 9, 124]"
116843,"[151, 0, 105, 97, 25, 49, 30, 77, 14, 41]"
116844,"[3, 91, 29, 73, 82, 17, 130, 77, 105, 15]"
116845,"[91, 130, 73, 3, 42, 97, 0, 151, 41, 29]"
116846,"[97, 0, 151, 105, 25, 14, 77, 147, 26, 49]"
116847,"[142, 27, 23, 60, 7, 4, 24, 28, 121, 220]"
116848,"[38, 133, 66, 149, 19, 36, 14, 55, 157, 28]"
116849,"[64, 151, 77, 72, 15, 1, 90, 124, 18, 189]"
116850,"[25, 51, 77, 105, 9, 151, 27, 124, 41, 6]"
116851,"[122, 133, 19, 149, 38, 55, 66, 26, 14, 17]"
116852,"[34, 187, 84, 220, 43, 121, 28, 23, 42, 24]"
116853,"[27, 51, 2, 71, 9, 103, 20, 124, 112, 77]"
116854,"[41, 6, 10, 82, 25, 51, 9, 220, 2, 49]"
116855,"[147, 14, 36, 21, 220, 189, 76, 157, 38, 48]"
116856,"[10, 6, 51, 9, 27, 151, 25, 121, 43, 71]"
116857,"[27, 51, 9, 103, 20, 77, 124, 112, 105, 13]"
116858,"[54, 34, 121, 84, 2, 5, 7, 10, 220, 1]"
116859,"[51, 9, 13, 41, 25, 105, 27, 77, 48, 20]"
116860,"[49, 30, 23, 24, 10, 60, 1, 43, 42, 142]"
116861,"[105, 157, 77, 151, 223, 15, 138, 18, 97, 92]"
116862,"[3, 91, 73, 17, 15, 64, 72, 6, 18, 130]"
116863,"[6, 18, 71, 25, 41, 72, 44, 73, 12, 10]"
116864,"[14, 238, 157, 261, 23, 223, 21, 20, 189, 90]"
116865,"[9, 51, 77, 27, 13, 105, 20, 112, 279, 103]"
116866,"[77, 105, 15, 72, 82, 18, 1, 51, 9, 64]"
116867,"[72, 15, 146, 82, 18, 26, 71, 66, 3, 64]"
116868,"[3, 91, 73, 6, 15, 17, 130, 64, 72, 71]"
116869,"[4, 24, 36, 157, 149, 7, 66, 60, 28, 147]"
116870,"[20, 261, 13, 103, 279, 45, 48, 76, 112, 119]"
116871,"[92, 0, 105, 49, 15, 18, 77, 1, 51, 9]"
116872,"[49, 72, 105, 2, 77, 30, 97, 1, 0, 26]"
116873,"[119, 13, 20, 84, 58, 34, 32, 112, 187, 103]"
116874,"[54, 121, 220, 1, 5, 84, 34, 2, 10, 28]"
116875,"[28, 19, 24, 60, 23, 238, 38, 14, 189, 66]"
116876,"[71, 279, 45, 20, 27, 10, 25, 9, 2, 51]"
116877,"[58, 32, 34, 12, 189, 220, 45, 187, 48, 13]"
116878,"[9, 51, 10, 20, 13, 27, 41, 71, 5, 77]"
116879,"[19, 66, 149, 55, 15, 72, 18, 189, 122, 157]"
116880,"[21, 189, 90, 157, 36, 238, 223, 175, 13, 105]"
116881,"[0, 151, 97, 105, 25, 14, 76, 30, 77, 49]"
116882,"[130, 91, 73, 3, 42, 151, 29, 49, 0, 17]"
116883,"[72, 15, 77, 105, 64, 18, 82, 49, 1, 30]"
116884,"[223, 238, 189, 90, 20, 157, 14, 66, 175, 29]"
116885,"[66, 149, 19, 72, 38, 146, 133, 55, 238, 26]"
116886,"[238, 55, 66, 36, 28, 14, 19, 223, 149, 189]"
116887,"[82, 72, 15, 26, 3, 18, 64, 66, 92, 6]"
116888,"[42, 130, 60, 23, 121, 24, 220, 91, 187, 43]"
116889,"[90, 189, 238, 21, 48, 223, 36, 14, 157, 175]"
116890,"[119, 20, 13, 112, 103, 279, 51, 189, 45, 223]"
116891,"[121, 187, 220, 43, 24, 60, 34, 23, 10, 42]"
116892,"[15, 77, 82, 18, 105, 26, 30, 0, 72, 1]"
116893,"[66, 19, 55, 38, 146, 149, 133, 32, 12, 58]"
116894,"[223, 14, 238, 189, 90, 157, 29, 20, 175, 36]"
116895,"[36, 147, 238, 189, 157, 146, 149, 7, 19, 175]"
116896,"[4, 66, 19, 149, 238, 7, 21, 175, 28, 189]"
116897,"[7, 44, 90, 55, 157, 28, 189, 19, 223, 175]"
116898,"[84, 34, 121, 4, 60, 220, 2, 42, 187, 7]"
116899,"[133, 66, 38, 19, 149, 92, 175, 58, 55, 12]"
116900,"[71, 279, 45, 20, 9, 2, 27, 25, 10, 51]"
116901,"[130, 10, 42, 5, 91, 30, 1, 2, 220, 3]"
116902,"[2, 10, 34, 5, 84, 1, 121, 27, 51, 187]"
116903,"[279, 20, 112, 13, 51, 119, 157, 189, 103, 76]"
116904,"[121, 43, 13, 279, 187, 20, 58, 112, 45, 220]"
116905,"[18, 15, 82, 72, 64, 19, 3, 105, 2, 175]"
116906,"[28, 238, 24, 66, 223, 189, 19, 157, 4, 55]"
116907,"[122, 28, 133, 189, 90, 19, 149, 4, 142, 14]"
116908,"[54, 13, 20, 103, 51, 27, 32, 119, 71, 279]"
116909,"[121, 13, 261, 187, 34, 220, 20, 58, 84, 76]"
116910,"[14, 261, 23, 147, 76, 238, 157, 146, 0, 45]"
116911,"[71, 6, 12, 30, 15, 44, 32, 73, 58, 124]"
116912,"[175, 133, 90, 223, 7, 36, 19, 66, 238, 189]"
116913,"[66, 4, 38, 133, 149, 19, 28, 175, 23, 7]"
116914,"[25, 6, 41, 76, 151, 261, 51, 27, 45, 0]"
116915,"[92, 0, 91, 6, 26, 15, 133, 73, 12, 18]"
116916,"[142, 23, 60, 24, 27, 121, 30, 220, 42, 49]"
116917,"[187, 34, 121, 223, 220, 58, 48, 20, 45, 84]"
116918,"[12, 58, 32, 45, 66, 6, 149, 220, 76, 19]"
116919,"[43, 220, 187, 76, 121, 13, 45, 12, 58, 261]"
116920,"[4, 66, 19, 149, 238, 175, 21, 7, 28, 36]"
116921,"[187, 220, 121, 43, 34, 23, 24, 142, 76, 28]"
116922,"[91, 130, 73, 3, 42, 97, 0, 6, 41, 151]"
116923,"[91, 3, 73, 130, 42, 17, 29, 25, 105, 6]"
116924,"[90, 189, 238, 7, 21, 223, 36, 149, 19, 66]"
116925,"[12, 58, 76, 45, 48, 261, 220, 121, 43, 20]"
116926,"[43, 7, 121, 220, 187, 10, 4, 34, 42, 84]"
116927,"[30, 49, 151, 92, 0, 10, 60, 97, 26, 77]"
116928,"[60, 66, 24, 28, 19, 38, 29, 175, 238, 14]"
116929,"[279, 13, 103, 112, 32, 44, 20, 34, 119, 7]"
116930,"[58, 32, 12, 45, 20, 71, 48, 19, 6, 119]"
116931,"[7, 43, 23, 4, 60, 142, 28, 24, 121, 42]"
116932,"[71, 6, 12, 15, 44, 30, 32, 58, 73, 66]"
116933,"[55, 66, 122, 19, 149, 238, 38, 15, 60, 157]"
116934,"[119, 112, 13, 32, 20, 103, 279, 34, 84, 43]"
116935,"[21, 238, 175, 223, 66, 157, 36, 90, 19, 7]"
116936,"[30, 49, 142, 23, 1, 24, 60, 130, 10, 7]"
116937,"[124, 27, 112, 9, 51, 5, 76, 41, 71, 2]"
116938,"[220, 187, 34, 32, 279, 43, 121, 119, 13, 76]"
116939,"[6, 27, 25, 124, 10, 51, 41, 71, 3, 49]"
116940,"[279, 20, 103, 112, 13, 34, 32, 119, 84, 71]"
116941,"[119, 112, 13, 20, 45, 103, 279, 32, 76, 261]"
116942,"[90, 189, 223, 21, 238, 48, 157, 14, 36, 175]"
116943,"[34, 187, 121, 84, 220, 43, 42, 10, 7, 60]"
116944,"[105, 77, 157, 151, 223, 97, 0, 51, 25, 238]"
116945,"[189, 223, 157, 21, 90, 36, 14, 175, 238, 147]"
116946,"[149, 66, 19, 38, 55, 133, 146, 82, 157, 12]"
116947,"[76, 45, 25, 261, 220, 12, 48, 121, 43, 187]"
116948,"[147, 36, 112, 238, 21, 77, 189, 119, 157, 175]"
116949,"[0, 97, 18, 90, 77, 151, 105, 51, 41, 14]"
116950,"[10, 2, 130, 5, 49, 43, 187, 220, 34, 41]"
116951,"[19, 66, 149, 238, 7, 36, 4, 21, 157, 28]"
116952,"[20, 13, 261, 103, 45, 279, 76, 119, 48, 112]"
116953,"[14, 223, 189, 7, 19, 66, 146, 60, 238, 28]"
116954,"[2, 10, 5, 49, 121, 34, 28, 30, 1, 84]"
116955,"[82, 77, 3, 105, 15, 18, 1, 72, 238, 223]"
116956,"[27, 51, 25, 9, 124, 20, 103, 41, 261, 112]"
116957,"[51, 27, 9, 112, 20, 0, 124, 25, 13, 279]"
116958,"[121, 43, 187, 58, 261, 48, 45, 220, 76, 12]"
116959,"[72, 15, 64, 82, 18, 66, 71, 19, 3, 149]"
116960,"[17, 29, 3, 42, 73, 91, 103, 13, 19, 66]"
116961,"[41, 0, 10, 6, 25, 97, 51, 92, 130, 151]"
116962,"[73, 91, 3, 130, 17, 6, 42, 26, 151, 146]"
116963,"[6, 71, 73, 12, 25, 91, 58, 26, 10, 3]"
116964,"[112, 13, 76, 279, 20, 45, 103, 261, 90, 119]"
116965,"[36, 238, 157, 189, 147, 175, 223, 119, 21, 90]"
116966,"[58, 45, 12, 48, 76, 121, 261, 220, 43, 187]"
116967,"[6, 25, 41, 12, 73, 91, 58, 18, 10, 26]"
116968,"[29, 17, 42, 20, 13, 14, 3, 238, 261, 175]"
116969,"[13, 20, 103, 112, 261, 279, 45, 76, 119, 48]"
116970,"[121, 43, 187, 48, 261, 58, 220, 45, 76, 6]"
116971,"[138, 49, 1, 23, 105, 30, 15, 157, 2, 84]"
116972,"[3, 29, 91, 17, 73, 82, 130, 42, 77, 105]"
116973,"[90, 0, 97, 223, 14, 157, 238, 189, 36, 21]"
116974,"[238, 157, 36, 90, 189, 223, 103, 21, 279, 105]"
116975,"[220, 187, 121, 43, 42, 34, 60, 23, 24, 84]"
116976,"[130, 91, 73, 3, 42, 10, 97, 105, 26, 151]"
116977,"[51, 27, 9, 20, 124, 112, 13, 119, 77, 25]"
116978,"[24, 4, 60, 23, 28, 220, 121, 187, 147, 133]"
116979,"[151, 0, 97, 105, 25, 30, 49, 14, 77, 41]"
116980,"[90, 223, 0, 157, 238, 189, 97, 21, 36, 105]"
116981,"[142, 60, 23, 24, 146, 14, 12, 58, 30, 38]"
116982,"[3, 91, 73, 130, 29, 17, 42, 105, 77, 27]"
116983,"[142, 19, 7, 103, 28, 21, 55, 14, 48, 189]"
116984,"[21, 142, 189, 4, 149, 36, 55, 90, 147, 28]"
116985,"[30, 49, 105, 77, 72, 151, 1, 0, 15, 18]"
116986,"[17, 73, 3, 42, 29, 55, 149, 32, 58, 91]"
116987,"[44, 121, 279, 103, 261, 6, 13, 76, 20, 25]"
116988,"[54, 34, 2, 84, 1, 220, 121, 5, 7, 103]"
116989,"[20, 261, 13, 45, 14, 279, 76, 119, 48, 103]"
116990,"[157, 60, 55, 25, 238, 36, 7, 38, 19, 66]"
116991,"[20, 279, 13, 103, 112, 32, 34, 119, 21, 84]"
116992,"[157, 223, 36, 105, 189, 149, 238, 90, 21, 20]"
116993,"[15, 18, 82, 72, 26, 64, 92, 71, 73, 3]"
116994,"[55, 66, 38, 149, 19, 133, 12, 146, 58, 157]"
116995,"[58, 32, 34, 189, 45, 187, 220, 13, 12, 103]"
116996,"[119, 13, 19, 34, 112, 20, 32, 103, 279, 36]"
116997,"[21, 189, 223, 14, 36, 90, 157, 238, 147, 175]"
116998,"[42, 91, 29, 73, 17, 130, 60, 14, 3, 261]"
116999,"[2, 27, 51, 6, 18, 10, 71, 25, 112, 121]"
117000,"[124, 27, 9, 41, 149, 105, 25, 51, 103, 77]"
117001,"[45, 261, 76, 48, 14, 112, 58, 20, 187, 12]"
117002,"[43, 12, 58, 121, 187, 261, 76, 220, 45, 42]"
117003,"[12, 58, 32, 149, 6, 38, 133, 66, 19, 55]"
117004,"[6, 25, 41, 10, 49, 91, 27, 121, 43, 151]"
117005,"[18, 15, 82, 105, 2, 175, 1, 77, 0, 90]"
117006,"[48, 45, 76, 261, 58, 12, 43, 14, 121, 13]"
117007,"[238, 55, 66, 36, 28, 19, 149, 223, 189, 2]"
117008,"[12, 58, 32, 6, 45, 149, 66, 44, 19, 38]"
117009,"[38, 66, 133, 149, 19, 14, 36, 28, 7, 238]"
117010,"[42, 43, 121, 7, 34, 60, 187, 29, 130, 220]"
117011,"[133, 38, 146, 66, 14, 91, 58, 149, 12, 19]"
117012,"[97, 0, 151, 26, 49, 91, 105, 18, 30, 25]"
117013,"[112, 76, 279, 45, 13, 20, 12, 121, 34, 32]"
117014,"[15, 18, 9, 77, 64, 82, 72, 175, 105, 90]"
117015,"[18, 15, 0, 82, 105, 97, 175, 2, 1, 151]"
117016,"[103, 261, 13, 20, 279, 48, 112, 45, 76, 157]"
117017,"[66, 149, 19, 238, 23, 38, 146, 72, 36, 90]"
117018,"[58, 32, 34, 189, 12, 45, 220, 13, 133, 48]"
117019,"[21, 189, 149, 4, 36, 55, 90, 66, 223, 157]"
117020,"[157, 223, 90, 36, 105, 238, 189, 14, 147, 175]"
117021,"[157, 223, 36, 105, 149, 189, 14, 238, 90, 21]"
117022,"[5, 34, 2, 1, 84, 10, 187, 51, 27, 220]"
117023,"[121, 13, 43, 261, 48, 279, 187, 20, 220, 58]"
117024,"[7, 4, 66, 14, 90, 21, 38, 133, 19, 60]"
117025,"[6, 71, 12, 25, 58, 73, 10, 26, 91, 38]"
117026,"[157, 223, 149, 36, 105, 189, 90, 238, 19, 4]"
117027,"[14, 38, 146, 60, 21, 133, 261, 24, 142, 147]"
117028,"[103, 261, 32, 13, 34, 20, 48, 279, 76, 45]"
117029,"[9, 51, 41, 15, 27, 124, 71, 84, 5, 13]"
117030,"[97, 18, 105, 15, 0, 64, 1, 26, 77, 151]"
117031,"[43, 187, 121, 220, 12, 58, 10, 76, 41, 45]"
117032,"[187, 220, 34, 121, 28, 43, 23, 24, 84, 142]"
117033,"[157, 223, 149, 105, 36, 23, 138, 189, 238, 19]"
117034,"[55, 66, 149, 19, 38, 133, 12, 146, 58, 32]"
117035,"[64, 72, 105, 15, 77, 30, 49, 18, 151, 82]"
117036,"[279, 20, 112, 12, 13, 48, 76, 51, 121, 45]"
117037,"[19, 66, 7, 149, 38, 133, 238, 23, 14, 4]"
117038,"[261, 20, 45, 76, 14, 21, 48, 103, 12, 121]"
117039,"[21, 189, 90, 157, 36, 238, 223, 175, 13, 147]"
117040,"[157, 238, 36, 25, 105, 189, 175, 90, 223, 60]"
117041,"[1, 77, 26, 15, 49, 28, 105, 238, 72, 30]"
117042,"[124, 27, 51, 2, 9, 84, 71, 6, 20, 5]"
117043,"[26, 92, 73, 82, 6, 15, 72, 133, 38, 97]"
117044,"[189, 223, 90, 21, 36, 238, 157, 14, 147, 105]"
117045,"[71, 279, 45, 20, 27, 10, 25, 9, 51, 2]"
117046,"[5, 2, 10, 124, 1, 34, 121, 76, 220, 84]"
117047,"[13, 20, 119, 84, 76, 261, 103, 58, 34, 279]"
117048,"[54, 121, 13, 103, 20, 32, 48, 27, 12, 43]"
117049,"[51, 9, 6, 73, 10, 71, 5, 27, 41, 25]"
117050,"[27, 51, 124, 9, 112, 279, 13, 20, 103, 142]"
117051,"[142, 60, 23, 24, 28, 7, 49, 30, 4, 1]"
117052,"[49, 0, 30, 97, 26, 151, 72, 146, 14, 23]"
117053,"[90, 189, 238, 21, 223, 36, 157, 175, 13, 14]"
117054,"[124, 27, 9, 2, 71, 51, 149, 41, 105, 3]"
117055,"[279, 20, 112, 13, 48, 76, 45, 51, 261, 119]"
117056,"[138, 49, 30, 1, 23, 105, 130, 2, 84, 60]"
117057,"[105, 77, 157, 151, 223, 18, 138, 15, 97, 49]"
117058,"[91, 3, 130, 73, 42, 29, 124, 17, 9, 133]"
117059,"[92, 133, 26, 72, 64, 146, 6, 12, 15, 38]"
117060,"[23, 4, 24, 28, 60, 7, 142, 49, 42, 34]"
117061,"[14, 21, 66, 223, 238, 7, 189, 36, 20, 38]"
117062,"[2, 5, 51, 27, 49, 10, 238, 41, 44, 105]"
117063,"[64, 72, 15, 151, 18, 82, 3, 19, 149, 77]"
117064,"[15, 18, 77, 64, 9, 72, 105, 82, 1, 0]"
117065,"[60, 24, 23, 49, 30, 28, 42, 142, 121, 220]"
117066,"[49, 30, 2, 1, 23, 60, 10, 24, 130, 0]"
117067,"[30, 49, 1, 10, 138, 60, 28, 130, 23, 7]"
117068,"[10, 6, 51, 9, 27, 121, 43, 151, 25, 71]"
117069,"[28, 24, 238, 66, 223, 14, 23, 60, 49, 133]"
117070,"[84, 13, 20, 34, 119, 36, 32, 112, 157, 44]"
117071,"[36, 66, 238, 157, 4, 90, 19, 13, 21, 149]"
117072,"[175, 36, 7, 189, 66, 43, 146, 112, 19, 90]"
117073,"[5, 2, 34, 51, 1, 84, 28, 10, 4, 9]"
117074,"[7, 4, 28, 34, 1, 84, 60, 23, 220, 142]"
117075,"[124, 27, 9, 149, 105, 103, 51, 13, 20, 77]"
117076,"[122, 238, 55, 28, 36, 223, 175, 189, 66, 19]"
117077,"[2, 51, 27, 5, 9, 71, 238, 124, 44, 105]"
117078,"[91, 3, 73, 17, 130, 42, 6, 15, 72, 29]"
117079,"[14, 261, 23, 147, 76, 157, 146, 238, 151, 45]"
117080,"[19, 66, 149, 55, 15, 18, 122, 72, 17, 189]"
117081,"[49, 30, 105, 77, 72, 151, 1, 15, 0, 18]"
117082,"[142, 60, 23, 24, 49, 42, 30, 121, 220, 43]"
117083,"[142, 28, 7, 60, 24, 4, 23, 187, 121, 34]"
117084,"[121, 220, 34, 187, 25, 261, 76, 44, 84, 60]"
117085,"[18, 15, 72, 82, 64, 19, 105, 71, 3, 66]"
117086,"[147, 36, 133, 24, 112, 38, 238, 77, 19, 4]"
117087,"[238, 157, 36, 189, 90, 223, 21, 103, 112, 29]"
117088,"[3, 73, 91, 130, 29, 42, 17, 26, 15, 77]"
117089,"[23, 19, 149, 14, 4, 24, 77, 146, 66, 36]"
117090,"[0, 97, 18, 151, 49, 26, 41, 30, 90, 14]"
117091,"[29, 17, 3, 42, 13, 90, 103, 238, 34, 279]"
117092,"[66, 19, 38, 149, 55, 21, 146, 133, 12, 72]"
117093,"[2, 51, 27, 10, 6, 18, 71, 25, 121, 112]"
117094,"[21, 189, 4, 149, 55, 36, 90, 223, 157, 238]"
117095,"[27, 142, 51, 2, 124, 9, 13, 71, 279, 112]"
117096,"[71, 30, 51, 6, 124, 20, 27, 9, 12, 25]"
117097,"[18, 15, 82, 72, 3, 64, 6, 19, 66, 2]"
117098,"[51, 9, 105, 71, 124, 6, 10, 25, 27, 103]"
117099,"[142, 14, 38, 48, 147, 60, 24, 0, 23, 19]"
117100,"[124, 27, 41, 9, 2, 10, 25, 6, 149, 71]"
117101,"[66, 21, 238, 19, 36, 223, 149, 189, 4, 90]"
117102,"[133, 38, 14, 146, 23, 147, 24, 60, 187, 76]"
117103,"[138, 151, 0, 15, 1, 49, 30, 77, 73, 105]"
117104,"[124, 27, 149, 9, 105, 3, 71, 2, 51, 103]"
117105,"[41, 0, 25, 97, 51, 10, 6, 151, 9, 261]"
117106,"[54, 121, 34, 43, 2, 10, 220, 84, 5, 7]"
117107,"[54, 121, 13, 103, 12, 32, 20, 48, 6, 45]"
117108,"[187, 34, 121, 223, 45, 220, 48, 58, 20, 84]"
117109,"[5, 51, 27, 25, 71, 10, 2, 34, 9, 6]"
117110,"[32, 58, 12, 34, 189, 133, 71, 44, 13, 55]"
117111,"[51, 27, 10, 9, 0, 25, 6, 41, 124, 2]"
117112,"[6, 41, 25, 10, 51, 18, 2, 71, 0, 124]"
117113,"[36, 147, 238, 157, 189, 149, 7, 146, 19, 175]"
117114,"[189, 223, 14, 157, 90, 36, 238, 21, 20, 175]"
117115,"[36, 66, 238, 157, 4, 90, 21, 13, 189, 19]"
117116,"[19, 66, 149, 12, 119, 55, 38, 122, 58, 223]"
117117,"[48, 45, 76, 103, 20, 13, 261, 279, 90, 51]"
117118,"[43, 187, 220, 34, 121, 84, 42, 7, 4, 10]"
117119,"[82, 3, 15, 72, 18, 64, 77, 66, 55, 105]"
117120,"[41, 25, 6, 76, 261, 10, 51, 9, 14, 45]"
117121,"[121, 220, 34, 84, 187, 60, 43, 24, 42, 7]"
117122,"[51, 27, 9, 25, 0, 41, 112, 124, 279, 20]"
117123,"[92, 26, 73, 6, 72, 49, 15, 0, 38, 91]"
117124,"[41, 6, 25, 10, 49, 220, 43, 76, 82, 261]"
117125,"[1, 82, 105, 49, 97, 26, 30, 77, 18, 151]"
117126,"[45, 76, 261, 187, 48, 12, 58, 121, 220, 43]"
117127,"[28, 4, 55, 122, 157, 238, 189, 66, 279, 19]"
117128,"[4, 23, 7, 28, 60, 24, 1, 187, 142, 49]"
117129,"[189, 223, 14, 157, 238, 36, 90, 21, 20, 13]"
117130,"[103, 32, 13, 112, 34, 44, 20, 66, 279, 119]"
117131,"[19, 66, 238, 149, 7, 36, 4, 90, 28, 21]"
117132,"[130, 91, 3, 73, 42, 29, 17, 15, 77, 18]"
117133,"[49, 30, 10, 1, 24, 23, 60, 142, 121, 42]"
117134,"[189, 223, 157, 90, 21, 36, 14, 238, 175, 147]"
117135,"[58, 32, 34, 189, 12, 13, 133, 220, 45, 48]"
117136,"[10, 6, 51, 9, 27, 71, 151, 25, 2, 124]"
117137,"[175, 19, 36, 66, 7, 90, 122, 223, 21, 149]"
117138,"[23, 142, 24, 60, 14, 187, 121, 220, 49, 42]"
117139,"[41, 25, 51, 9, 27, 6, 124, 105, 261, 20]"
117140,"[55, 66, 149, 19, 38, 133, 146, 157, 58, 12]"
117141,"[71, 30, 124, 51, 6, 27, 73, 20, 25, 9]"
117142,"[58, 32, 34, 189, 12, 13, 220, 121, 133, 48]"
117143,"[28, 23, 24, 142, 19, 189, 223, 147, 66, 14]"
117144,"[44, 13, 84, 119, 20, 103, 32, 34, 279, 7]"
117145,"[44, 279, 7, 112, 32, 48, 12, 13, 261, 121]"
117146,"[10, 6, 51, 9, 121, 27, 43, 25, 48, 71]"
117147,"[24, 4, 28, 60, 23, 121, 7, 220, 34, 187]"
117148,"[38, 60, 147, 14, 146, 133, 23, 30, 24, 49]"
117149,"[0, 97, 18, 151, 49, 90, 26, 14, 41, 15]"
117150,"[223, 66, 238, 189, 28, 90, 19, 29, 55, 20]"
117151,"[26, 73, 92, 72, 146, 91, 6, 15, 133, 0]"
117152,"[105, 18, 1, 15, 157, 77, 72, 36, 9, 82]"
117153,"[55, 97, 147, 19, 189, 38, 28, 149, 157, 36]"
117154,"[223, 189, 90, 19, 21, 157, 14, 187, 36, 66]"
117155,"[0, 97, 151, 90, 14, 18, 41, 77, 105, 49]"
117156,"[187, 121, 220, 43, 34, 10, 84, 60, 42, 23]"
117157,"[1, 49, 30, 4, 28, 7, 5, 82, 138, 34]"
117158,"[44, 13, 119, 84, 20, 7, 103, 34, 279, 32]"
117159,"[13, 20, 119, 103, 279, 112, 189, 76, 261, 9]"
117160,"[15, 18, 72, 82, 26, 64, 92, 71, 66, 6]"
117161,"[27, 51, 2, 6, 71, 10, 25, 9, 124, 41]"
117162,"[124, 27, 9, 105, 41, 149, 25, 51, 103, 45]"
117163,"[23, 24, 60, 49, 7, 142, 28, 42, 121, 43]"
117164,"[32, 58, 12, 34, 189, 133, 6, 71, 44, 13]"
117165,"[27, 51, 124, 9, 112, 142, 77, 13, 279, 20]"
117166,"[10, 121, 49, 220, 187, 2, 43, 34, 130, 42]"
117167,"[103, 261, 32, 112, 119, 20, 13, 45, 121, 66]"
117168,"[122, 55, 66, 19, 133, 149, 238, 14, 38, 146]"
117169,"[220, 187, 121, 24, 43, 34, 42, 60, 84, 23]"
117170,"[91, 3, 73, 130, 29, 42, 17, 105, 151, 25]"
117171,"[32, 58, 12, 66, 44, 103, 19, 55, 6, 149]"
117172,"[51, 9, 6, 5, 13, 10, 71, 27, 25, 41]"
117173,"[17, 73, 42, 29, 3, 36, 55, 112, 149, 4]"
117174,"[103, 45, 20, 261, 13, 76, 48, 279, 12, 32]"
117175,"[6, 12, 91, 25, 58, 41, 10, 3, 71, 73]"
117176,"[34, 121, 220, 84, 187, 42, 2, 10, 43, 28]"
117177,"[189, 223, 133, 58, 90, 36, 34, 238, 21, 32]"
117178,"[119, 13, 19, 20, 32, 58, 34, 220, 48, 103]"
117179,"[189, 223, 157, 90, 238, 20, 14, 36, 21, 13]"
117180,"[10, 41, 6, 25, 49, 121, 26, 58, 187, 92]"
117181,"[44, 19, 6, 32, 17, 66, 71, 103, 12, 279]"
117182,"[2, 10, 1, 34, 5, 27, 51, 18, 84, 71]"
117183,"[72, 64, 15, 18, 82, 66, 3, 19, 105, 77]"
117184,"[10, 2, 130, 5, 43, 220, 187, 34, 49, 121]"
117185,"[14, 238, 157, 261, 223, 189, 23, 21, 90, 36]"
117186,"[23, 7, 279, 24, 28, 157, 14, 90, 60, 146]"
117187,"[4, 189, 28, 21, 19, 66, 238, 36, 119, 223]"
117188,"[189, 223, 238, 90, 21, 36, 157, 105, 175, 77]"
117189,"[147, 97, 119, 14, 36, 238, 157, 223, 189, 13]"
117190,"[187, 220, 34, 103, 32, 13, 119, 112, 58, 279]"
117191,"[64, 72, 15, 82, 3, 18, 19, 66, 151, 149]"
117192,"[28, 24, 238, 66, 223, 19, 4, 157, 189, 55]"
117193,"[41, 25, 6, 76, 261, 9, 51, 45, 14, 10]"
117194,"[54, 121, 34, 2, 84, 5, 7, 43, 1, 10]"
117195,"[279, 13, 103, 112, 20, 32, 45, 261, 34, 119]"
117196,"[92, 26, 133, 72, 64, 6, 15, 10, 30, 91]"
117197,"[18, 15, 72, 64, 0, 82, 97, 90, 19, 3]"
117198,"[103, 261, 13, 34, 32, 20, 279, 48, 45, 112]"
117199,"[187, 34, 121, 58, 223, 20, 45, 84, 220, 112]"
117200,"[21, 189, 149, 4, 36, 90, 55, 238, 66, 157]"
117201,"[71, 6, 12, 72, 15, 82, 279, 58, 45, 38]"
117202,"[187, 220, 34, 28, 121, 43, 23, 24, 142, 84]"
117203,"[92, 26, 72, 73, 15, 19, 66, 18, 64, 6]"
117204,"[73, 3, 91, 17, 6, 130, 71, 18, 15, 26]"
117205,"[189, 223, 21, 157, 90, 36, 238, 175, 13, 112]"
117206,"[42, 43, 121, 7, 34, 187, 220, 60, 130, 29]"
117207,"[34, 32, 48, 103, 58, 13, 84, 187, 119, 121]"
117208,"[12, 220, 45, 261, 58, 76, 121, 48, 43, 187]"
117209,"[58, 12, 32, 133, 34, 220, 48, 121, 45, 261]"
117210,"[84, 34, 121, 220, 187, 43, 4, 7, 28, 60]"
117211,"[34, 13, 103, 119, 84, 32, 112, 279, 20, 90]"
117212,"[32, 12, 58, 44, 66, 103, 55, 19, 6, 261]"
117213,"[124, 27, 9, 105, 149, 41, 25, 103, 51, 45]"
117214,"[60, 28, 24, 23, 4, 34, 7, 42, 142, 121]"
117215,"[151, 77, 64, 15, 18, 97, 72, 1, 82, 49]"
117216,"[105, 77, 82, 72, 15, 18, 1, 189, 3, 27]"
117217,"[45, 103, 261, 20, 48, 112, 76, 13, 279, 119]"
117218,"[4, 24, 28, 7, 60, 23, 1, 157, 34, 36]"
117219,"[223, 14, 189, 238, 90, 157, 20, 29, 66, 175]"
117220,"[44, 32, 13, 12, 19, 71, 6, 84, 119, 58]"
117221,"[223, 189, 90, 19, 157, 21, 36, 66, 7, 4]"
117222,"[64, 151, 72, 15, 77, 1, 90, 18, 124, 82]"
117223,"[77, 105, 151, 0, 97, 147, 119, 124, 30, 51]"
117224,"[146, 14, 23, 38, 48, 60, 24, 133, 43, 151]"
117225,"[28, 4, 122, 55, 157, 189, 66, 238, 279, 7]"
117226,"[5, 2, 124, 51, 13, 76, 9, 27, 36, 71]"
117227,"[105, 77, 157, 151, 223, 18, 138, 15, 97, 92]"
117228,"[105, 157, 77, 151, 223, 18, 15, 138, 97, 49]"
117229,"[26, 72, 15, 92, 73, 18, 82, 146, 71, 6]"
117230,"[189, 223, 21, 157, 90, 36, 238, 175, 13, 112]"
117231,"[189, 223, 14, 19, 66, 90, 157, 36, 84, 28]"
117232,"[151, 0, 105, 77, 97, 238, 189, 72, 51, 279]"
117233,"[1, 49, 4, 28, 30, 2, 23, 77, 15, 5]"
117234,"[15, 18, 82, 72, 64, 71, 66, 38, 19, 149]"
117235,"[279, 20, 112, 13, 51, 12, 1, 84, 119, 32]"
117236,"[28, 4, 24, 1, 23, 7, 60, 142, 49, 121]"
117237,"[6, 25, 41, 10, 121, 43, 49, 58, 12, 91]"
117238,"[51, 27, 9, 2, 124, 71, 5, 20, 0, 112]"
117239,"[76, 45, 48, 261, 14, 12, 112, 58, 13, 20]"
117240,"[112, 76, 279, 45, 20, 13, 121, 103, 32, 34]"
117241,"[146, 60, 14, 38, 133, 23, 142, 66, 147, 76]"
117242,"[147, 14, 133, 24, 38, 36, 112, 151, 45, 238]"
117243,"[7, 44, 23, 55, 90, 189, 28, 157, 66, 19]"
117244,"[142, 60, 23, 14, 24, 12, 58, 146, 38, 30]"
117245,"[66, 149, 19, 72, 55, 146, 38, 238, 17, 133]"
117246,"[27, 51, 9, 25, 20, 103, 124, 41, 261, 77]"
117247,"[30, 49, 77, 105, 151, 72, 15, 92, 1, 18]"
117248,"[121, 220, 84, 187, 34, 25, 261, 44, 20, 60]"
117249,"[105, 157, 77, 151, 223, 0, 97, 25, 51, 238]"
117250,"[238, 36, 189, 223, 157, 14, 21, 55, 20, 66]"
117251,"[130, 91, 3, 73, 42, 29, 17, 15, 77, 151]"
117252,"[64, 77, 105, 72, 49, 15, 30, 18, 151, 82]"
117253,"[25, 6, 151, 41, 10, 73, 91, 76, 30, 261]"
117254,"[138, 105, 157, 15, 77, 0, 151, 18, 149, 223]"
117255,"[49, 30, 1, 10, 24, 23, 60, 142, 42, 151]"
117256,"[13, 20, 261, 119, 76, 103, 112, 279, 48, 189]"
117257,"[30, 49, 38, 151, 0, 97, 71, 73, 91, 15]"
117258,"[49, 30, 10, 1, 23, 24, 60, 142, 42, 28]"
117259,"[23, 24, 142, 14, 147, 38, 60, 187, 49, 121]"
117260,"[38, 146, 133, 66, 149, 12, 58, 15, 19, 24]"
117261,"[147, 36, 14, 21, 157, 189, 238, 175, 223, 220]"
117262,"[142, 14, 38, 48, 24, 60, 147, 0, 23, 146]"
117263,"[38, 24, 147, 60, 14, 146, 23, 142, 133, 49]"
117264,"[3, 91, 73, 130, 17, 42, 105, 25, 29, 6]"
117265,"[41, 0, 10, 6, 25, 97, 51, 91, 92, 130]"
117266,"[28, 24, 49, 60, 23, 4, 121, 142, 238, 220]"
117267,"[147, 133, 38, 24, 14, 23, 36, 60, 220, 146]"
117268,"[28, 23, 24, 60, 4, 7, 142, 34, 42, 187]"
117269,"[138, 49, 1, 30, 23, 130, 105, 60, 4, 28]"
117270,"[71, 6, 72, 15, 32, 51, 18, 9, 66, 3]"
117271,"[14, 21, 66, 238, 223, 7, 20, 189, 36, 38]"
117272,"[25, 6, 41, 151, 76, 261, 51, 27, 10, 0]"
117273,"[42, 130, 60, 23, 24, 121, 220, 187, 43, 142]"
117274,"[10, 2, 121, 5, 34, 84, 49, 187, 220, 43]"
117275,"[187, 43, 220, 121, 4, 34, 84, 7, 23, 42]"
117276,"[2, 5, 51, 27, 10, 49, 41, 44, 9, 71]"
117277,"[146, 66, 14, 36, 189, 133, 23, 60, 149, 175]"
117278,"[2, 5, 49, 1, 10, 34, 28, 84, 51, 27]"
117279,"[90, 189, 7, 48, 238, 21, 223, 14, 149, 19]"
117280,"[92, 0, 105, 15, 18, 49, 77, 1, 72, 51]"
117281,"[0, 97, 18, 90, 15, 151, 105, 77, 1, 49]"
117282,"[17, 3, 29, 73, 19, 91, 66, 42, 32, 149]"
117283,"[12, 58, 45, 76, 261, 48, 220, 43, 20, 121]"
117284,"[29, 17, 42, 3, 20, 13, 73, 261, 119, 14]"
117285,"[15, 77, 82, 105, 18, 72, 26, 1, 0, 30]"
117286,"[49, 1, 15, 30, 105, 72, 151, 92, 64, 97]"
117287,"[42, 29, 17, 73, 130, 121, 3, 91, 13, 45]"
117288,"[10, 41, 6, 25, 130, 49, 43, 45, 187, 51]"
117289,"[43, 220, 187, 121, 34, 84, 10, 7, 4, 42]"
117290,"[45, 48, 76, 261, 58, 14, 20, 12, 220, 151]"
117291,"[112, 279, 13, 20, 90, 34, 32, 103, 76, 119]"
117292,"[0, 97, 18, 151, 51, 4, 77, 41, 105, 73]"
117293,"[12, 58, 32, 71, 20, 19, 45, 66, 76, 55]"
117294,"[41, 51, 9, 0, 25, 27, 97, 124, 20, 261]"
117295,"[10, 2, 130, 49, 43, 5, 187, 220, 34, 30]"
117296,"[18, 15, 82, 2, 105, 175, 0, 1, 77, 90]"
117297,"[130, 73, 91, 3, 42, 17, 15, 2, 29, 51]"
117298,"[41, 25, 6, 76, 261, 10, 14, 0, 45, 9]"
117299,"[105, 77, 97, 151, 0, 189, 223, 82, 72, 90]"
117300,"[138, 77, 82, 0, 1, 151, 3, 15, 18, 26]"
117301,"[84, 34, 28, 220, 121, 4, 20, 187, 43, 13]"
117302,"[30, 49, 1, 10, 138, 60, 77, 23, 105, 28]"
117303,"[220, 121, 187, 43, 34, 42, 60, 10, 24, 23]"
117304,"[71, 6, 51, 9, 25, 30, 10, 5, 72, 27]"
117305,"[6, 41, 25, 10, 0, 121, 45, 151, 76, 261]"
117306,"[34, 32, 58, 84, 112, 189, 13, 20, 103, 121]"
117307,"[76, 45, 48, 261, 20, 12, 14, 112, 13, 58]"
117308,"[7, 28, 34, 23, 4, 60, 24, 142, 220, 44]"
117309,"[122, 28, 189, 90, 19, 149, 4, 133, 175, 21]"
117310,"[2, 27, 124, 112, 51, 9, 71, 20, 103, 1]"
117311,"[147, 36, 112, 77, 238, 189, 21, 119, 14, 157]"
117312,"[43, 76, 187, 121, 220, 58, 12, 45, 261, 48]"
117313,"[7, 66, 4, 19, 90, 21, 175, 238, 223, 149]"
117314,"[124, 27, 9, 2, 51, 149, 34, 103, 71, 41]"
117315,"[76, 25, 45, 48, 261, 220, 121, 12, 43, 187]"
117316,"[48, 45, 20, 13, 261, 76, 279, 112, 103, 119]"
117317,"[130, 91, 73, 42, 3, 151, 29, 17, 0, 92]"
117318,"[49, 30, 23, 60, 24, 1, 10, 2, 142, 0]"
117319,"[9, 51, 41, 27, 124, 13, 112, 20, 25, 15]"
117320,"[29, 20, 17, 13, 238, 119, 103, 175, 42, 223]"
117321,"[119, 112, 13, 20, 45, 103, 279, 76, 32, 187]"
117322,"[133, 146, 38, 58, 12, 122, 149, 19, 147, 14]"
117323,"[124, 27, 112, 9, 51, 76, 77, 41, 90, 20]"
117324,"[44, 279, 103, 13, 20, 121, 34, 19, 112, 157]"
117325,"[44, 103, 279, 13, 20, 34, 121, 112, 157, 19]"
117326,"[48, 45, 34, 58, 76, 13, 103, 279, 20, 261]"
117327,"[76, 45, 48, 261, 220, 121, 12, 25, 43, 187]"
117328,"[21, 20, 14, 238, 90, 261, 157, 103, 223, 189]"
117329,"[49, 72, 77, 105, 2, 30, 1, 97, 26, 0]"
117330,"[12, 58, 6, 38, 32, 133, 146, 76, 220, 261]"
117331,"[25, 6, 41, 51, 9, 5, 27, 10, 71, 105]"
117332,"[146, 66, 133, 149, 19, 38, 72, 58, 32, 14]"
117333,"[72, 77, 49, 151, 15, 105, 26, 18, 64, 0]"
117334,"[103, 261, 112, 13, 20, 119, 238, 27, 32, 21]"
117335,"[4, 189, 28, 21, 19, 238, 66, 36, 223, 119]"
117336,"[25, 51, 9, 41, 27, 105, 76, 13, 77, 20]"
117337,"[73, 91, 130, 3, 26, 42, 6, 25, 151, 10]"
117338,"[25, 41, 6, 151, 76, 0, 51, 261, 27, 10]"
117339,"[26, 72, 105, 223, 92, 77, 1, 15, 73, 30]"
117340,"[92, 26, 133, 72, 15, 64, 6, 91, 10, 82]"
117341,"[77, 151, 97, 92, 105, 30, 0, 49, 64, 147]"
117342,"[0, 97, 18, 151, 49, 26, 41, 15, 90, 6]"
117343,"[76, 45, 12, 48, 220, 112, 58, 13, 20, 261]"
117344,"[124, 27, 9, 41, 25, 2, 6, 51, 10, 71]"
117345,"[3, 91, 73, 17, 130, 6, 29, 42, 82, 72]"
117346,"[44, 121, 103, 279, 261, 13, 20, 34, 6, 76]"
117347,"[19, 66, 149, 38, 146, 55, 133, 189, 32, 122]"
117348,"[17, 73, 29, 42, 3, 36, 112, 55, 13, 4]"
117349,"[4, 24, 60, 7, 28, 23, 1, 157, 84, 121]"
117350,"[92, 26, 72, 73, 15, 18, 6, 82, 19, 64]"
117351,"[25, 6, 41, 51, 27, 10, 71, 2, 60, 121]"
117352,"[55, 97, 19, 147, 38, 189, 28, 66, 149, 4]"
117353,"[36, 149, 66, 90, 223, 157, 189, 175, 21, 238]"
117354,"[7, 44, 90, 28, 157, 55, 189, 19, 223, 66]"
117355,"[18, 72, 15, 19, 82, 3, 64, 66, 71, 105]"
117356,"[19, 119, 66, 223, 149, 238, 29, 189, 55, 28]"
117357,"[36, 149, 90, 66, 223, 157, 21, 238, 175, 4]"
117358,"[91, 3, 130, 73, 124, 42, 29, 9, 6, 17]"
117359,"[54, 103, 32, 13, 279, 27, 34, 112, 119, 51]"
117360,"[72, 15, 64, 18, 82, 66, 71, 3, 26, 17]"
117361,"[54, 34, 220, 84, 2, 121, 1, 5, 7, 187]"
117362,"[223, 189, 90, 157, 14, 21, 36, 175, 238, 20]"
117363,"[42, 34, 121, 220, 130, 28, 60, 187, 84, 29]"
117364,"[92, 0, 15, 6, 91, 26, 18, 72, 73, 133]"
117365,"[28, 4, 24, 23, 60, 7, 1, 34, 121, 42]"
117366,"[44, 279, 112, 7, 32, 48, 12, 13, 103, 261]"
117367,"[72, 18, 15, 26, 66, 64, 19, 133, 3, 92]"
117368,"[23, 24, 60, 49, 7, 28, 42, 121, 142, 30]"
117369,"[90, 189, 48, 7, 238, 223, 21, 36, 14, 19]"
117370,"[103, 261, 112, 13, 20, 119, 32, 21, 238, 279]"
117371,"[29, 17, 3, 42, 119, 223, 90, 19, 238, 20]"
117372,"[119, 112, 32, 13, 20, 34, 103, 84, 279, 187]"
117373,"[64, 72, 15, 77, 105, 49, 18, 30, 0, 151]"
117374,"[77, 105, 9, 157, 51, 151, 15, 27, 72, 189]"
117375,"[60, 30, 142, 23, 24, 49, 42, 121, 220, 28]"
117376,"[122, 19, 149, 133, 66, 15, 55, 32, 38, 28]"
117377,"[220, 187, 121, 76, 147, 12, 58, 45, 43, 261]"
117378,"[73, 91, 17, 3, 6, 26, 92, 130, 51, 42]"
117379,"[36, 66, 157, 238, 4, 38, 149, 21, 13, 90]"
117380,"[45, 103, 261, 48, 76, 12, 20, 112, 13, 58]"
117381,"[71, 6, 12, 15, 72, 82, 279, 58, 45, 20]"
117382,"[17, 29, 3, 42, 73, 91, 19, 103, 66, 13]"
117383,"[103, 13, 20, 261, 279, 112, 119, 32, 157, 34]"
117384,"[58, 32, 12, 45, 119, 20, 48, 71, 19, 6]"
117385,"[124, 27, 9, 2, 51, 71, 41, 149, 103, 15]"
117386,"[189, 223, 4, 21, 19, 36, 90, 157, 66, 238]"
117387,"[26, 92, 73, 72, 146, 6, 15, 91, 133, 0]"
117388,"[157, 223, 149, 90, 36, 238, 19, 105, 189, 21]"
117389,"[112, 279, 20, 103, 13, 119, 238, 45, 51, 76]"
117390,"[2, 10, 121, 187, 5, 34, 1, 51, 27, 84]"
117391,"[122, 238, 55, 28, 36, 223, 175, 189, 19, 66]"
117392,"[29, 42, 17, 3, 91, 73, 130, 119, 223, 90]"
117393,"[23, 14, 142, 146, 24, 60, 149, 38, 147, 157]"
117394,"[14, 261, 23, 147, 76, 146, 238, 45, 157, 0]"
117395,"[220, 187, 121, 43, 12, 76, 58, 48, 261, 45]"
117396,"[30, 77, 49, 105, 151, 72, 15, 1, 92, 10]"
117397,"[149, 157, 238, 223, 36, 66, 23, 19, 189, 55]"
117398,"[4, 24, 28, 7, 1, 60, 157, 84, 34, 23]"
117399,"[55, 66, 19, 149, 38, 133, 146, 12, 157, 32]"
117400,"[12, 58, 32, 19, 66, 71, 55, 20, 45, 133]"
117401,"[149, 157, 66, 223, 238, 36, 14, 19, 23, 189]"
117402,"[10, 41, 130, 51, 9, 71, 6, 2, 25, 27]"
117403,"[21, 66, 20, 19, 14, 238, 90, 261, 4, 7]"
117404,"[72, 15, 151, 146, 77, 105, 82, 26, 18, 30]"
117405,"[71, 6, 72, 15, 51, 32, 9, 18, 3, 12]"
117406,"[23, 28, 142, 24, 60, 1, 7, 4, 149, 49]"
117407,"[1, 28, 4, 49, 30, 2, 23, 5, 84, 24]"
117408,"[105, 18, 97, 72, 0, 77, 15, 30, 151, 49]"
117409,"[27, 51, 2, 6, 10, 71, 9, 20, 103, 25]"
117410,"[44, 13, 84, 119, 20, 7, 103, 32, 279, 34]"
117411,"[147, 97, 36, 119, 157, 14, 238, 223, 189, 90]"
117412,"[45, 76, 261, 187, 12, 58, 48, 121, 220, 43]"
117413,"[21, 238, 223, 175, 90, 157, 189, 36, 20, 14]"
117414,"[220, 187, 34, 279, 32, 121, 43, 13, 119, 12]"
117415,"[6, 25, 41, 10, 49, 91, 43, 121, 27, 58]"
117416,"[15, 18, 72, 64, 82, 71, 9, 77, 66, 19]"
117417,"[121, 220, 261, 187, 84, 44, 25, 34, 76, 60]"
117418,"[54, 121, 34, 10, 220, 43, 84, 2, 7, 30]"
117419,"[32, 12, 58, 112, 279, 103, 119, 19, 43, 6]"
117420,"[7, 43, 23, 28, 4, 60, 24, 121, 42, 142]"
117421,"[149, 66, 19, 38, 55, 133, 146, 82, 12, 122]"
117422,"[48, 45, 58, 13, 76, 12, 20, 261, 119, 220]"
117423,"[32, 279, 112, 103, 119, 13, 238, 84, 20, 34]"
117424,"[10, 49, 130, 43, 187, 30, 220, 41, 2, 121]"
117425,"[4, 24, 28, 7, 34, 1, 84, 60, 23, 157]"
117426,"[105, 77, 157, 151, 223, 97, 0, 25, 51, 9]"
117427,"[124, 27, 41, 9, 2, 6, 25, 71, 10, 51]"
117428,"[91, 73, 3, 130, 6, 17, 42, 26, 15, 97]"
117429,"[60, 24, 14, 38, 23, 146, 42, 147, 142, 133]"
117430,"[175, 189, 112, 36, 90, 13, 157, 14, 223, 238]"
117431,"[38, 146, 133, 66, 149, 147, 58, 19, 12, 14]"
117432,"[142, 7, 28, 60, 24, 4, 23, 187, 121, 42]"
117433,"[223, 189, 90, 19, 157, 21, 36, 66, 7, 4]"
117434,"[2, 1, 27, 5, 124, 49, 84, 10, 34, 28]"
117435,"[151, 0, 97, 30, 49, 24, 142, 26, 23, 72]"
117436,"[72, 15, 77, 82, 71, 105, 18, 146, 64, 151]"
117437,"[17, 73, 29, 42, 3, 91, 130, 36, 55, 4]"
117438,"[2, 5, 51, 27, 49, 10, 238, 41, 44, 3]"
117439,"[44, 32, 13, 71, 119, 19, 84, 20, 103, 279]"
117440,"[90, 223, 189, 36, 66, 19, 21, 175, 157, 112]"
117441,"[42, 17, 29, 73, 91, 121, 130, 45, 60, 261]"
117442,"[130, 10, 91, 42, 73, 3, 49, 2, 5, 1]"
117443,"[105, 77, 157, 151, 18, 15, 138, 223, 97, 49]"
117444,"[25, 6, 151, 41, 10, 261, 76, 91, 73, 45]"
117445,"[84, 121, 34, 60, 220, 187, 43, 4, 2, 10]"
117446,"[124, 27, 51, 6, 2, 9, 84, 25, 71, 10]"
117447,"[103, 32, 261, 112, 119, 13, 20, 66, 34, 19]"
117448,"[42, 17, 73, 29, 45, 121, 91, 58, 187, 76]"
117449,"[189, 19, 157, 66, 175, 223, 4, 28, 149, 21]"
117450,"[97, 0, 151, 105, 147, 77, 41, 25, 49, 189]"
117451,"[1, 77, 105, 15, 18, 82, 72, 28, 64, 4]"
117452,"[105, 77, 157, 223, 151, 51, 18, 15, 9, 238]"
117453,"[97, 0, 105, 151, 77, 147, 189, 18, 119, 1]"
117454,"[73, 91, 3, 26, 6, 130, 42, 17, 58, 71]"
117455,"[72, 15, 146, 82, 66, 26, 18, 71, 3, 64]"
117456,"[21, 142, 189, 4, 149, 36, 55, 90, 147, 28]"
117457,"[49, 30, 151, 97, 6, 92, 26, 38, 14, 15]"
117458,"[28, 24, 238, 66, 223, 23, 14, 133, 49, 147]"
117459,"[0, 105, 30, 97, 18, 151, 15, 1, 49, 77]"
117460,"[49, 30, 1, 23, 7, 24, 10, 28, 60, 4]"
117461,"[4, 28, 24, 23, 142, 1, 60, 84, 7, 42]"
117462,"[220, 12, 45, 48, 76, 58, 261, 187, 121, 43]"
117463,"[121, 43, 13, 187, 261, 48, 20, 220, 279, 119]"
117464,"[105, 157, 77, 36, 9, 238, 21, 175, 189, 51]"
117465,"[66, 19, 38, 149, 55, 21, 146, 133, 238, 72]"
117466,"[72, 30, 49, 15, 77, 0, 64, 26, 105, 82]"
117467,"[55, 66, 38, 149, 19, 133, 146, 157, 12, 58]"
117468,"[3, 91, 73, 130, 29, 42, 17, 6, 49, 15]"
117469,"[60, 142, 121, 23, 24, 25, 42, 146, 49, 220]"
117470,"[279, 20, 112, 13, 48, 51, 76, 45, 261, 12]"
117471,"[0, 97, 30, 105, 151, 18, 77, 15, 1, 49]"
117472,"[64, 15, 77, 1, 18, 97, 105, 72, 223, 19]"
117473,"[54, 121, 13, 32, 103, 12, 20, 48, 6, 34]"
117474,"[66, 149, 72, 19, 38, 146, 133, 55, 238, 23]"
117475,"[3, 91, 73, 130, 29, 42, 17, 6, 15, 49]"
117476,"[42, 29, 17, 91, 3, 73, 130, 60, 23, 121]"
117477,"[23, 24, 14, 146, 60, 7, 49, 38, 279, 142]"
117478,"[10, 6, 51, 9, 27, 121, 43, 25, 151, 2]"
117479,"[15, 18, 0, 97, 9, 77, 64, 151, 38, 30]"
117480,"[27, 51, 9, 103, 20, 112, 124, 77, 105, 13]"
117481,"[4, 7, 28, 1, 23, 66, 60, 24, 84, 34]"
117482,"[72, 77, 15, 18, 105, 19, 64, 66, 1, 49]"
117483,"[32, 103, 261, 34, 13, 20, 112, 44, 58, 220]"
117484,"[51, 9, 71, 5, 27, 2, 105, 13, 6, 73]"
117485,"[77, 105, 9, 51, 157, 151, 15, 27, 72, 82]"
117486,"[187, 220, 58, 121, 76, 12, 43, 261, 45, 34]"
117487,"[48, 45, 76, 261, 14, 58, 13, 20, 103, 121]"
117488,"[5, 51, 34, 27, 9, 71, 2, 25, 6, 10]"
117489,"[66, 149, 19, 72, 146, 38, 55, 238, 133, 32]"
117490,"[15, 49, 72, 105, 18, 77, 30, 82, 64, 1]"
117491,"[10, 6, 51, 27, 9, 25, 121, 151, 43, 124]"
117492,"[58, 32, 12, 34, 133, 6, 45, 189, 220, 13]"
117493,"[142, 48, 14, 0, 60, 38, 147, 24, 23, 19]"
117494,"[23, 142, 24, 60, 121, 42, 49, 220, 30, 187]"
117495,"[21, 189, 142, 149, 4, 55, 36, 90, 66, 147]"
117496,"[5, 51, 27, 9, 2, 34, 71, 124, 103, 32]"
117497,"[142, 23, 60, 27, 24, 187, 42, 121, 220, 49]"
117498,"[1, 30, 49, 2, 28, 60, 23, 138, 34, 24]"
117499,"[32, 279, 112, 12, 19, 103, 119, 17, 149, 58]"
117500,"[119, 13, 20, 147, 112, 103, 76, 48, 45, 261]"
117501,"[82, 77, 105, 3, 138, 18, 15, 72, 49, 1]"
117502,"[146, 14, 23, 38, 151, 48, 60, 24, 42, 147]"
117503,"[19, 66, 133, 38, 149, 32, 72, 146, 55, 15]"
117504,"[55, 66, 38, 149, 19, 133, 146, 157, 12, 58]"
117505,"[92, 26, 133, 72, 91, 6, 64, 12, 30, 146]"
117506,"[223, 189, 90, 19, 157, 21, 36, 7, 66, 4]"
117507,"[60, 157, 25, 55, 146, 142, 77, 121, 149, 223]"
117508,"[13, 20, 119, 261, 76, 103, 279, 112, 48, 45]"
117509,"[51, 9, 6, 5, 10, 13, 71, 25, 27, 41]"
117510,"[29, 119, 90, 17, 20, 223, 238, 13, 112, 42]"
117511,"[51, 9, 105, 124, 27, 77, 13, 103, 20, 25]"
117512,"[41, 6, 10, 25, 82, 51, 9, 124, 27, 2]"
117513,"[60, 121, 142, 24, 23, 42, 220, 25, 187, 30]"
117514,"[103, 13, 20, 261, 279, 112, 119, 157, 34, 189]"
117515,"[29, 119, 90, 223, 17, 20, 238, 13, 112, 175]"
117516,"[45, 76, 261, 187, 48, 58, 12, 220, 121, 43]"
117517,"[92, 26, 49, 73, 0, 41, 151, 30, 97, 6]"
117518,"[121, 220, 187, 76, 261, 60, 25, 12, 45, 58]"
117519,"[26, 105, 72, 77, 92, 223, 1, 15, 73, 97]"
117520,"[30, 49, 151, 92, 0, 10, 26, 60, 97, 25]"
117521,"[30, 38, 49, 15, 151, 1, 71, 105, 0, 77]"
117522,"[34, 84, 28, 187, 220, 121, 43, 7, 4, 13]"
117523,"[77, 105, 151, 0, 157, 97, 51, 189, 90, 9]"
117524,"[3, 73, 91, 17, 15, 6, 72, 64, 71, 18]"
117525,"[138, 1, 30, 49, 7, 142, 60, 2, 34, 23]"
117526,"[4, 28, 7, 60, 84, 34, 23, 1, 24, 66]"
117527,"[189, 223, 238, 21, 36, 90, 34, 19, 157, 133]"
117528,"[82, 15, 18, 151, 26, 105, 1, 77, 72, 149]"
117529,"[54, 34, 121, 2, 84, 5, 1, 10, 7, 43]"
117530,"[12, 58, 32, 71, 20, 19, 6, 261, 45, 279]"
117531,"[64, 72, 15, 82, 3, 151, 18, 19, 66, 149]"
117532,"[90, 0, 97, 223, 157, 238, 14, 189, 29, 36]"
117533,"[42, 29, 175, 17, 43, 3, 73, 121, 130, 7]"
117534,"[48, 45, 76, 261, 14, 58, 13, 20, 12, 220]"
117535,"[30, 49, 1, 60, 10, 23, 38, 24, 151, 142]"
117536,"[133, 38, 146, 58, 12, 122, 147, 19, 14, 149]"
117537,"[138, 105, 15, 157, 0, 77, 151, 18, 223, 49]"
117538,"[55, 19, 189, 28, 157, 149, 4, 36, 66, 18]"
117539,"[187, 220, 121, 34, 43, 23, 24, 28, 10, 142]"
117540,"[48, 45, 76, 261, 14, 58, 121, 20, 13, 103]"
117541,"[38, 133, 14, 76, 60, 146, 23, 24, 30, 142]"
117542,"[20, 279, 13, 112, 103, 32, 119, 34, 84, 261]"
117543,"[82, 15, 18, 72, 149, 64, 26, 3, 105, 1]"
117544,"[42, 91, 73, 29, 17, 130, 60, 3, 14, 23]"
117545,"[121, 220, 187, 60, 42, 34, 43, 24, 84, 10]"
117546,"[45, 76, 261, 187, 12, 121, 48, 58, 220, 43]"
117547,"[5, 2, 34, 1, 10, 84, 51, 27, 187, 28]"
117548,"[21, 189, 223, 66, 36, 19, 14, 90, 238, 157]"
117549,"[64, 15, 18, 72, 19, 82, 3, 66, 71, 77]"
117550,"[45, 48, 76, 261, 58, 20, 151, 14, 220, 12]"
117551,"[3, 73, 17, 91, 29, 105, 130, 51, 27, 9]"
117552,"[51, 9, 105, 124, 27, 77, 103, 13, 20, 71]"
117553,"[7, 23, 28, 60, 34, 4, 24, 220, 142, 121]"
117554,"[0, 97, 18, 15, 90, 105, 77, 151, 64, 72]"
117555,"[1, 77, 15, 72, 18, 82, 105, 64, 28, 4]"
117556,"[14, 147, 261, 189, 223, 48, 0, 76, 60, 23]"
117557,"[27, 51, 2, 9, 71, 103, 20, 124, 112, 72]"
117558,"[223, 189, 238, 14, 90, 29, 157, 20, 175, 66]"
117559,"[71, 279, 27, 2, 9, 20, 51, 15, 77, 82]"
117560,"[32, 103, 261, 13, 34, 44, 112, 20, 220, 76]"
117561,"[27, 51, 2, 9, 71, 124, 103, 72, 20, 77]"
117562,"[34, 32, 189, 58, 84, 13, 112, 103, 20, 119]"
117563,"[41, 25, 9, 6, 261, 27, 76, 97, 0, 151]"
117564,"[29, 17, 42, 3, 91, 14, 20, 73, 13, 238]"
117565,"[29, 17, 42, 3, 73, 91, 103, 90, 13, 48]"
117566,"[48, 34, 45, 76, 58, 13, 121, 103, 261, 279]"
117567,"[105, 157, 18, 77, 1, 15, 72, 36, 82, 9]"
117568,"[223, 189, 90, 19, 157, 21, 36, 66, 7, 4]"
117569,"[36, 147, 238, 189, 157, 175, 223, 14, 119, 21]"
117570,"[43, 42, 187, 121, 220, 10, 7, 24, 23, 60]"
117571,"[151, 97, 0, 77, 49, 64, 25, 6, 91, 30]"
117572,"[28, 4, 7, 1, 34, 24, 23, 60, 84, 142]"
117573,"[10, 121, 2, 43, 30, 34, 6, 1, 49, 84]"
117574,"[10, 130, 2, 43, 220, 49, 187, 5, 34, 30]"
117575,"[121, 34, 187, 13, 20, 261, 220, 84, 32, 58]"
117576,"[189, 223, 36, 19, 4, 38, 90, 21, 55, 66]"
117577,"[58, 32, 34, 189, 13, 45, 12, 220, 187, 121]"
117578,"[146, 14, 23, 60, 133, 38, 261, 58, 26, 24]"
117579,"[130, 42, 3, 91, 73, 2, 49, 138, 1, 30]"
117580,"[149, 66, 19, 38, 55, 146, 133, 82, 12, 122]"
117581,"[0, 97, 18, 151, 49, 41, 26, 90, 30, 14]"
117582,"[48, 34, 45, 58, 76, 121, 103, 279, 13, 261]"
117583,"[30, 38, 49, 71, 15, 1, 151, 105, 77, 0]"
117584,"[238, 14, 36, 189, 223, 147, 55, 76, 157, 66]"
117585,"[0, 97, 18, 151, 49, 41, 26, 90, 15, 6]"
117586,"[146, 60, 14, 38, 23, 133, 147, 142, 66, 42]"
117587,"[92, 26, 133, 72, 15, 6, 64, 91, 10, 12]"
117588,"[220, 34, 121, 84, 187, 43, 28, 60, 10, 24]"
117589,"[91, 130, 73, 42, 3, 151, 17, 29, 0, 30]"
117590,"[66, 149, 19, 238, 23, 38, 146, 36, 133, 7]"
117591,"[146, 38, 133, 66, 58, 14, 6, 12, 149, 19]"
117592,"[17, 73, 3, 42, 29, 55, 149, 91, 32, 58]"
117593,"[27, 51, 103, 9, 20, 112, 13, 124, 77, 279]"
117594,"[76, 261, 25, 45, 48, 13, 14, 20, 97, 220]"
117595,"[51, 27, 41, 25, 124, 20, 9, 112, 261, 45]"
117596,"[6, 12, 71, 25, 58, 10, 73, 26, 91, 41]"
117597,"[151, 97, 0, 77, 91, 49, 25, 6, 64, 121]"
117598,"[112, 119, 32, 13, 279, 103, 45, 34, 187, 43]"
117599,"[36, 157, 238, 90, 13, 189, 21, 175, 105, 112]"
117600,"[17, 3, 29, 66, 19, 73, 32, 149, 42, 91]"
117601,"[18, 72, 15, 82, 105, 19, 64, 3, 66, 55]"
117602,"[2, 27, 124, 112, 51, 9, 71, 20, 103, 1]"
117603,"[121, 43, 187, 220, 10, 42, 23, 24, 34, 142]"
117604,"[55, 66, 38, 122, 60, 19, 149, 238, 133, 12]"
117605,"[121, 187, 34, 220, 84, 43, 28, 24, 60, 2]"
117606,"[138, 1, 49, 7, 30, 82, 142, 60, 2, 77]"
117607,"[142, 23, 60, 27, 24, 49, 187, 121, 220, 42]"
117608,"[25, 6, 41, 10, 76, 97, 0, 151, 9, 49]"
117609,"[9, 51, 77, 27, 41, 13, 25, 20, 105, 151]"
117610,"[41, 0, 10, 6, 25, 51, 97, 130, 91, 73]"
117611,"[73, 3, 91, 17, 6, 130, 18, 15, 72, 71]"
117612,"[66, 21, 238, 19, 14, 38, 36, 149, 223, 90]"
117613,"[4, 189, 28, 21, 19, 238, 66, 223, 36, 55]"
117614,"[147, 14, 36, 21, 76, 157, 220, 189, 48, 146]"
117615,"[1, 2, 28, 30, 49, 34, 60, 7, 5, 23]"
117616,"[20, 261, 13, 84, 45, 58, 279, 119, 48, 76]"
117617,"[23, 24, 28, 4, 60, 7, 142, 49, 34, 121]"
117618,"[220, 34, 121, 187, 84, 43, 10, 28, 60, 42]"
117619,"[10, 6, 25, 121, 151, 43, 48, 51, 41, 9]"
117620,"[175, 36, 19, 7, 66, 90, 21, 122, 223, 149]"
117621,"[51, 27, 0, 10, 9, 25, 41, 6, 124, 2]"
117622,"[19, 66, 149, 32, 38, 133, 55, 72, 17, 238]"
117623,"[0, 97, 151, 51, 18, 77, 105, 90, 41, 189]"
117624,"[133, 24, 38, 60, 92, 175, 220, 147, 146, 14]"
117625,"[90, 223, 189, 36, 175, 112, 157, 21, 238, 13]"
117626,"[7, 36, 175, 157, 66, 238, 19, 149, 90, 223]"
117627,"[187, 43, 220, 121, 261, 45, 20, 119, 112, 4]"
117628,"[42, 130, 29, 17, 91, 60, 23, 3, 24, 28]"
117629,"[36, 149, 90, 66, 223, 157, 189, 21, 175, 238]"
117630,"[103, 261, 45, 20, 48, 13, 76, 12, 279, 32]"
117631,"[45, 103, 261, 48, 76, 20, 112, 13, 279, 119]"
117632,"[49, 30, 1, 7, 23, 10, 24, 4, 138, 28]"
117633,"[20, 13, 103, 112, 34, 279, 32, 119, 84, 238]"
117634,"[20, 13, 119, 261, 279, 103, 29, 223, 45, 51]"
117635,"[36, 66, 157, 238, 4, 90, 21, 149, 13, 28]"
117636,"[92, 0, 49, 105, 151, 30, 97, 91, 26, 133]"
117637,"[147, 97, 24, 38, 14, 60, 23, 76, 58, 146]"
117638,"[138, 105, 15, 151, 0, 157, 77, 18, 49, 223]"
117639,"[23, 24, 60, 49, 142, 187, 42, 43, 121, 4]"
117640,"[19, 66, 149, 55, 119, 223, 122, 15, 238, 18]"
117641,"[64, 15, 72, 18, 19, 133, 97, 82, 91, 92]"
117642,"[76, 45, 261, 58, 12, 48, 220, 121, 187, 43]"
117643,"[43, 187, 121, 220, 12, 76, 58, 261, 45, 48]"
117644,"[77, 105, 157, 151, 189, 238, 51, 9, 15, 223]"
117645,"[29, 42, 17, 3, 91, 223, 119, 90, 73, 238]"
117646,"[38, 146, 133, 66, 149, 12, 58, 19, 60, 24]"
117647,"[84, 34, 220, 121, 187, 43, 28, 4, 10, 13]"
117648,"[175, 189, 36, 112, 90, 157, 13, 14, 223, 238]"
117649,"[27, 51, 142, 124, 25, 112, 9, 41, 261, 20]"
117650,"[84, 187, 48, 121, 34, 220, 20, 13, 43, 112]"
117651,"[157, 189, 149, 66, 28, 90, 21, 223, 19, 36]"
117652,"[279, 20, 112, 12, 13, 48, 121, 76, 45, 32]"
117653,"[3, 91, 73, 17, 130, 6, 15, 72, 29, 18]"
117654,"[3, 91, 73, 17, 130, 29, 6, 15, 42, 72]"
117655,"[38, 149, 66, 60, 189, 24, 147, 28, 14, 238]"
117656,"[42, 17, 29, 73, 91, 121, 60, 261, 45, 76]"
117657,"[149, 66, 19, 55, 82, 157, 15, 238, 72, 223]"
117658,"[147, 36, 112, 238, 119, 77, 189, 21, 157, 14]"
117659,"[279, 103, 112, 13, 20, 261, 45, 76, 119, 48]"
117660,"[130, 91, 73, 3, 10, 41, 42, 25, 51, 105]"
117661,"[49, 30, 1, 10, 24, 23, 60, 142, 42, 43]"
117662,"[36, 238, 157, 189, 147, 223, 175, 119, 21, 149]"
117663,"[15, 82, 18, 72, 26, 64, 92, 19, 66, 73]"
117664,"[66, 149, 19, 72, 146, 55, 38, 238, 133, 32]"
117665,"[77, 105, 151, 97, 0, 147, 119, 124, 14, 157]"
117666,"[25, 41, 76, 6, 0, 9, 97, 51, 151, 45]"
117667,"[5, 2, 34, 10, 187, 130, 1, 220, 49, 121]"
117668,"[261, 76, 45, 48, 14, 20, 13, 25, 58, 41]"
117669,"[51, 9, 105, 124, 25, 27, 77, 13, 103, 41]"
117670,"[138, 82, 77, 151, 1, 0, 15, 3, 26, 49]"
117671,"[13, 20, 121, 119, 279, 48, 43, 103, 34, 261]"
117672,"[223, 66, 238, 28, 189, 14, 90, 24, 19, 55]"
117673,"[119, 112, 13, 20, 103, 279, 32, 45, 51, 36]"
117674,"[124, 27, 149, 9, 2, 103, 71, 51, 105, 34]"
117675,"[238, 157, 21, 175, 223, 189, 36, 90, 20, 14]"
117676,"[138, 1, 30, 49, 2, 28, 23, 4, 10, 130]"
117677,"[90, 0, 97, 223, 157, 14, 238, 189, 36, 21]"
117678,"[97, 0, 151, 26, 49, 18, 105, 30, 91, 133]"
117679,"[189, 223, 157, 21, 90, 36, 175, 238, 13, 112]"
117680,"[15, 18, 82, 72, 64, 71, 3, 77, 26, 149]"
117681,"[149, 66, 19, 124, 55, 38, 157, 122, 32, 146]"
117682,"[157, 23, 14, 189, 28, 146, 149, 223, 66, 21]"
117683,"[41, 51, 0, 9, 25, 27, 97, 124, 105, 10]"
117684,"[23, 24, 60, 49, 7, 142, 28, 121, 42, 43]"
117685,"[92, 26, 49, 73, 0, 41, 151, 30, 97, 6]"
117686,"[151, 0, 105, 97, 25, 14, 30, 49, 77, 41]"
117687,"[54, 121, 220, 5, 84, 34, 10, 2, 1, 187]"
117688,"[18, 72, 15, 82, 6, 3, 19, 105, 64, 66]"
117689,"[17, 3, 29, 91, 19, 66, 73, 42, 32, 149]"
117690,"[142, 27, 23, 60, 7, 24, 4, 28, 21, 187]"
117691,"[5, 51, 9, 71, 36, 48, 2, 64, 90, 15]"
117692,"[51, 0, 27, 25, 9, 41, 124, 112, 151, 20]"
117693,"[72, 15, 64, 82, 18, 26, 73, 66, 6, 92]"
117694,"[91, 130, 73, 3, 29, 42, 17, 97, 51, 15]"
117695,"[60, 28, 24, 4, 23, 7, 142, 121, 42, 34]"
117696,"[42, 43, 121, 60, 130, 187, 220, 10, 23, 24]"
117697,"[45, 103, 261, 12, 48, 76, 112, 20, 13, 58]"
117698,"[279, 103, 20, 13, 112, 119, 238, 157, 261, 90]"
117699,"[124, 27, 51, 9, 25, 20, 48, 41, 112, 45]"
117700,"[82, 15, 18, 72, 149, 26, 64, 66, 3, 92]"
117701,"[15, 72, 64, 105, 77, 18, 82, 1, 238, 2]"
117702,"[66, 149, 19, 238, 7, 36, 4, 90, 72, 157]"
117703,"[13, 20, 279, 112, 103, 45, 261, 121, 76, 119]"
117704,"[17, 73, 3, 29, 55, 149, 91, 42, 66, 32]"
117705,"[91, 130, 73, 42, 3, 97, 6, 41, 25, 10]"
117706,"[58, 12, 32, 220, 34, 48, 187, 133, 45, 121]"
117707,"[146, 14, 133, 23, 60, 38, 261, 147, 24, 58]"
117708,"[36, 157, 238, 90, 21, 189, 13, 175, 112, 105]"
117709,"[72, 15, 64, 18, 82, 26, 6, 92, 66, 73]"
117710,"[146, 60, 14, 38, 23, 133, 147, 142, 66, 42]"
117711,"[187, 220, 58, 121, 76, 12, 43, 261, 45, 34]"
117712,"[220, 187, 121, 76, 12, 147, 112, 58, 45, 20]"
117713,"[30, 49, 1, 142, 24, 60, 23, 71, 130, 10]"
117714,"[43, 121, 187, 10, 220, 42, 7, 12, 58, 24]"
117715,"[82, 15, 18, 72, 26, 149, 64, 6, 92, 3]"
117716,"[130, 91, 73, 42, 10, 3, 25, 6, 97, 76]"
117717,"[15, 49, 105, 72, 77, 18, 30, 64, 82, 1]"
117718,"[142, 14, 48, 38, 24, 147, 60, 0, 187, 23]"
117719,"[2, 10, 34, 121, 187, 84, 220, 5, 1, 42]"
117720,"[21, 189, 223, 14, 36, 90, 238, 147, 157, 175]"
117721,"[20, 13, 119, 279, 261, 103, 112, 45, 51, 223]"
117722,"[18, 15, 82, 72, 64, 19, 6, 3, 105, 175]"
117723,"[51, 9, 105, 124, 27, 77, 13, 103, 20, 25]"
117724,"[76, 13, 55, 20, 45, 261, 25, 48, 220, 238]"
117725,"[5, 51, 48, 9, 6, 25, 71, 41, 36, 64]"
117726,"[238, 36, 189, 223, 157, 21, 66, 14, 90, 55]"
117727,"[10, 6, 121, 25, 51, 43, 151, 48, 9, 41]"
117728,"[25, 6, 41, 27, 51, 151, 157, 105, 76, 77]"
117729,"[146, 38, 133, 66, 60, 149, 14, 12, 72, 19]"
117730,"[261, 103, 45, 20, 13, 76, 48, 112, 14, 32]"
117731,"[84, 34, 20, 13, 279, 112, 119, 103, 124, 187]"
117732,"[1, 30, 49, 28, 4, 23, 138, 24, 2, 10]"
117733,"[23, 14, 24, 60, 146, 7, 49, 38, 147, 279]"
117734,"[54, 34, 84, 5, 2, 1, 121, 28, 220, 4]"
117735,"[138, 151, 0, 15, 1, 49, 77, 30, 189, 73]"
117736,"[146, 38, 133, 66, 60, 14, 149, 12, 72, 19]"
117737,"[220, 261, 12, 48, 45, 20, 32, 13, 58, 76]"
117738,"[146, 14, 23, 38, 60, 48, 24, 147, 133, 151]"
117739,"[17, 3, 29, 73, 66, 19, 32, 44, 149, 42]"
117740,"[28, 4, 55, 122, 24, 23, 157, 66, 189, 238]"
117741,"[142, 60, 23, 24, 49, 30, 42, 28, 121, 220]"
117742,"[44, 13, 84, 119, 20, 76, 103, 261, 187, 7]"
117743,"[58, 45, 48, 12, 261, 76, 121, 220, 43, 187]"
117744,"[0, 97, 151, 41, 18, 90, 14, 77, 25, 105]"
117745,"[9, 41, 51, 15, 124, 27, 38, 25, 71, 220]"
117746,"[21, 189, 142, 4, 149, 55, 90, 147, 36, 14]"
117747,"[91, 130, 73, 3, 51, 17, 42, 29, 97, 10]"
117748,"[45, 103, 261, 12, 48, 76, 112, 13, 20, 58]"
117749,"[238, 66, 36, 55, 28, 19, 149, 223, 189, 2]"
117750,"[147, 14, 220, 38, 24, 146, 23, 36, 133, 21]"
117751,"[49, 30, 1, 23, 7, 24, 10, 60, 28, 4]"
117752,"[146, 66, 149, 55, 19, 38, 133, 64, 58, 14]"
117753,"[175, 133, 157, 14, 189, 223, 90, 238, 36, 13]"
117754,"[151, 0, 49, 30, 105, 97, 26, 92, 25, 38]"
117755,"[189, 223, 133, 36, 90, 58, 238, 21, 34, 157]"
117756,"[44, 13, 84, 119, 20, 7, 103, 34, 279, 32]"
117757,"[20, 13, 261, 103, 76, 112, 45, 279, 119, 48]"
117758,"[20, 13, 261, 103, 32, 58, 45, 76, 279, 12]"
117759,"[28, 24, 238, 66, 223, 14, 60, 157, 23, 19]"
117760,"[23, 24, 60, 7, 28, 49, 121, 42, 142, 220]"
117761,"[121, 43, 13, 261, 187, 279, 48, 58, 112, 220]"
117762,"[3, 91, 73, 17, 6, 130, 15, 72, 64, 42]"
117763,"[103, 261, 32, 112, 13, 119, 66, 20, 45, 19]"
117764,"[147, 14, 36, 21, 220, 76, 157, 189, 146, 48]"
117765,"[38, 66, 55, 149, 19, 133, 146, 15, 72, 18]"
117766,"[84, 121, 48, 187, 220, 34, 20, 279, 13, 43]"
117767,"[72, 77, 105, 15, 18, 64, 1, 66, 19, 27]"
117768,"[124, 51, 27, 9, 25, 41, 20, 112, 6, 45]"
117769,"[21, 66, 20, 238, 14, 19, 90, 261, 4, 103]"
117770,"[41, 25, 9, 27, 6, 15, 124, 51, 71, 10]"
117771,"[71, 279, 27, 2, 45, 25, 9, 10, 20, 6]"
117772,"[112, 119, 13, 279, 20, 103, 32, 175, 51, 77]"
117773,"[49, 0, 97, 26, 30, 151, 14, 72, 41, 146]"
117774,"[261, 103, 45, 76, 48, 14, 121, 58, 43, 146]"
117775,"[149, 66, 19, 38, 146, 133, 55, 32, 72, 122]"
117776,"[103, 32, 261, 112, 119, 13, 20, 34, 66, 19]"
117777,"[76, 45, 48, 261, 12, 14, 20, 112, 13, 58]"
117778,"[146, 38, 133, 60, 66, 14, 12, 149, 72, 19]"
117779,"[103, 45, 20, 261, 13, 48, 76, 279, 12, 58]"
117780,"[105, 77, 157, 223, 151, 51, 238, 9, 18, 15]"
117781,"[21, 189, 4, 149, 90, 36, 55, 157, 66, 223]"
117782,"[25, 41, 51, 9, 105, 27, 13, 77, 76, 6]"
117783,"[9, 41, 51, 27, 15, 124, 71, 5, 84, 13]"
117784,"[71, 6, 15, 30, 12, 73, 72, 44, 3, 58]"
117785,"[261, 48, 76, 58, 45, 121, 187, 43, 12, 220]"
117786,"[21, 14, 261, 20, 238, 90, 103, 157, 36, 189]"
117787,"[279, 20, 112, 13, 51, 119, 157, 189, 48, 103]"
117788,"[17, 3, 29, 91, 73, 66, 42, 19, 149, 32]"
117789,"[5, 2, 51, 34, 1, 49, 9, 4, 28, 10]"
117790,"[84, 13, 20, 34, 119, 36, 32, 112, 157, 121]"
117791,"[28, 19, 238, 24, 23, 38, 189, 60, 149, 14]"
117792,"[25, 6, 41, 9, 51, 10, 71, 27, 5, 105]"
117793,"[5, 76, 124, 2, 13, 51, 10, 25, 9, 36]"
117794,"[261, 20, 45, 76, 14, 21, 48, 12, 121, 103]"
117795,"[77, 105, 151, 15, 82, 72, 138, 1, 18, 49]"
117796,"[4, 24, 157, 36, 149, 66, 28, 7, 223, 238]"
117797,"[18, 15, 0, 97, 90, 77, 105, 72, 64, 1]"
117798,"[119, 112, 13, 32, 34, 103, 20, 279, 84, 43]"
117799,"[26, 72, 105, 92, 77, 15, 223, 73, 1, 97]"
117800,"[103, 34, 13, 32, 261, 20, 279, 112, 84, 119]"
117801,"[60, 25, 146, 157, 142, 151, 121, 38, 55, 24]"
117802,"[187, 121, 220, 43, 42, 34, 10, 60, 84, 23]"
117803,"[30, 49, 151, 92, 0, 10, 26, 97, 60, 25]"
117804,"[91, 130, 73, 3, 51, 42, 29, 17, 97, 10]"
117805,"[43, 12, 58, 121, 187, 76, 45, 261, 10, 220]"
117806,"[21, 20, 14, 238, 90, 261, 157, 103, 36, 189]"
117807,"[60, 24, 23, 142, 49, 121, 42, 30, 28, 43]"
117808,"[24, 147, 133, 4, 14, 60, 23, 38, 28, 220]"
117809,"[223, 189, 90, 157, 14, 21, 36, 238, 175, 20]"
117810,"[17, 3, 29, 73, 91, 42, 19, 66, 32, 149]"
117811,"[58, 32, 12, 34, 45, 133, 48, 220, 121, 187]"
117812,"[38, 146, 133, 66, 55, 149, 19, 147, 14, 12]"
117813,"[19, 119, 66, 223, 149, 23, 189, 24, 238, 29]"
117814,"[15, 18, 72, 82, 64, 66, 149, 19, 71, 77]"
117815,"[119, 13, 20, 112, 103, 279, 36, 175, 147, 77]"
117816,"[122, 238, 55, 28, 36, 223, 189, 66, 175, 21]"
117817,"[122, 133, 14, 28, 19, 149, 23, 175, 7, 147]"
117818,"[3, 29, 82, 73, 17, 91, 77, 105, 130, 27]"
117819,"[84, 48, 187, 220, 20, 121, 34, 13, 43, 279]"
117820,"[43, 12, 58, 121, 187, 45, 76, 261, 220, 42]"
117821,"[18, 15, 82, 72, 3, 19, 64, 105, 66, 55]"
117822,"[223, 238, 189, 90, 20, 157, 29, 66, 175, 14]"
117823,"[238, 14, 36, 189, 223, 76, 147, 157, 66, 90]"
117824,"[138, 151, 0, 15, 49, 1, 18, 30, 77, 105]"
117825,"[82, 77, 3, 105, 15, 18, 72, 1, 27, 64]"
117826,"[44, 32, 12, 279, 58, 112, 7, 66, 48, 38]"
117827,"[12, 58, 6, 45, 76, 261, 133, 146, 38, 48]"
117828,"[17, 73, 3, 42, 29, 91, 55, 149, 32, 58]"
117829,"[121, 261, 58, 76, 187, 220, 12, 45, 43, 48]"
117830,"[71, 15, 6, 44, 12, 32, 66, 51, 20, 124]"
117831,"[122, 28, 149, 19, 175, 7, 238, 90, 36, 223]"
117832,"[90, 189, 238, 7, 223, 21, 36, 19, 149, 157]"
117833,"[58, 32, 34, 189, 12, 13, 45, 187, 220, 121]"
117834,"[20, 13, 261, 103, 279, 45, 48, 76, 112, 119]"
117835,"[7, 44, 23, 55, 90, 28, 189, 157, 19, 223]"
117836,"[15, 18, 72, 82, 64, 71, 3, 9, 77, 66]"
117837,"[189, 223, 133, 36, 90, 58, 21, 34, 238, 32]"
117838,"[72, 146, 15, 82, 18, 66, 26, 71, 64, 92]"
117839,"[146, 60, 14, 38, 23, 133, 147, 142, 66, 24]"
117840,"[130, 10, 42, 91, 73, 5, 49, 2, 3, 30]"
117841,"[146, 14, 36, 66, 175, 7, 189, 149, 23, 238]"
117842,"[138, 49, 1, 23, 105, 30, 130, 2, 151, 15]"
117843,"[55, 66, 157, 7, 36, 149, 38, 19, 4, 223]"
117844,"[10, 6, 121, 43, 25, 151, 48, 51, 261, 73]"
117845,"[51, 9, 6, 5, 10, 71, 27, 41, 25, 13]"
117846,"[51, 27, 0, 25, 9, 41, 124, 112, 151, 20]"
117847,"[146, 60, 66, 36, 149, 72, 14, 23, 38, 133]"
117848,"[38, 133, 66, 149, 19, 14, 55, 7, 28, 36]"
117849,"[23, 142, 28, 24, 60, 4, 7, 1, 187, 149]"
117850,"[138, 82, 77, 0, 1, 151, 15, 18, 26, 105]"
117851,"[175, 36, 90, 21, 223, 238, 157, 189, 77, 119]"
117852,"[17, 29, 42, 3, 73, 91, 130, 103, 19, 13]"
117853,"[66, 149, 19, 23, 38, 238, 146, 72, 36, 7]"
117854,"[14, 238, 21, 157, 223, 175, 189, 36, 90, 20]"
117855,"[49, 72, 105, 2, 77, 30, 26, 97, 1, 0]"
117856,"[3, 91, 73, 17, 82, 29, 130, 72, 18, 15]"
117857,"[97, 0, 151, 105, 147, 77, 49, 41, 25, 189]"
117858,"[279, 20, 112, 13, 51, 119, 157, 189, 223, 103]"
117859,"[149, 66, 19, 38, 238, 36, 157, 189, 23, 133]"
117860,"[6, 25, 10, 41, 12, 71, 73, 76, 58, 91]"
117861,"[0, 18, 97, 15, 90, 151, 105, 77, 72, 64]"
117862,"[48, 45, 34, 58, 76, 103, 13, 20, 261, 279]"
117863,"[71, 6, 12, 15, 30, 73, 44, 58, 32, 66]"
117864,"[4, 24, 28, 60, 7, 23, 34, 121, 84, 42]"
117865,"[7, 44, 90, 28, 157, 55, 66, 189, 223, 19]"
117866,"[124, 112, 27, 9, 76, 41, 51, 77, 90, 25]"
117867,"[25, 51, 9, 41, 27, 105, 13, 76, 6, 77]"
117868,"[21, 189, 223, 36, 66, 19, 238, 90, 157, 149]"
117869,"[36, 157, 238, 90, 21, 189, 13, 112, 175, 105]"
117870,"[41, 6, 10, 25, 9, 82, 51, 220, 2, 49]"
117871,"[151, 0, 97, 30, 49, 24, 142, 23, 26, 6]"
117872,"[220, 187, 121, 76, 43, 12, 58, 45, 48, 261]"
117873,"[157, 238, 36, 189, 105, 25, 90, 175, 223, 60]"
117874,"[21, 66, 20, 238, 90, 19, 14, 4, 103, 261]"
117875,"[23, 14, 24, 146, 147, 60, 38, 19, 142, 49]"
117876,"[29, 17, 20, 238, 13, 42, 3, 175, 223, 103]"
117877,"[97, 0, 105, 151, 77, 189, 147, 119, 18, 41]"
117878,"[121, 43, 220, 187, 10, 42, 23, 24, 34, 142]"
117879,"[43, 121, 187, 220, 34, 84, 4, 10, 7, 42]"
117880,"[14, 146, 21, 261, 133, 38, 24, 60, 147, 48]"
117881,"[149, 19, 66, 38, 157, 238, 36, 4, 189, 133]"
117882,"[66, 149, 19, 238, 23, 38, 146, 72, 36, 133]"
117883,"[29, 17, 42, 20, 13, 3, 119, 14, 103, 238]"
117884,"[6, 18, 71, 73, 41, 25, 91, 3, 72, 44]"
117885,"[0, 97, 151, 51, 18, 77, 41, 90, 105, 189]"
117886,"[187, 220, 121, 43, 34, 23, 24, 42, 142, 28]"
117887,"[64, 72, 151, 15, 92, 26, 82, 18, 3, 146]"
117888,"[279, 20, 112, 13, 51, 1, 12, 84, 32, 119]"
117889,"[26, 73, 97, 92, 49, 0, 1, 10, 48, 151]"
117890,"[82, 72, 15, 3, 26, 18, 64, 6, 91, 73]"
117891,"[103, 261, 45, 13, 20, 48, 76, 12, 279, 34]"
117892,"[130, 91, 3, 73, 42, 29, 17, 15, 77, 18]"
117893,"[1, 82, 105, 77, 4, 18, 15, 3, 49, 55]"
117894,"[91, 73, 130, 3, 25, 42, 6, 151, 10, 41]"
117895,"[44, 13, 84, 119, 20, 261, 48, 32, 187, 103]"
117896,"[48, 45, 76, 103, 13, 20, 261, 279, 90, 112]"
117897,"[17, 29, 73, 42, 3, 36, 4, 149, 55, 91]"
117898,"[91, 130, 73, 3, 42, 133, 6, 97, 151, 29]"
117899,"[42, 121, 130, 60, 187, 24, 43, 220, 23, 142]"
117900,"[32, 279, 112, 103, 119, 13, 238, 84, 43, 20]"
117901,"[122, 19, 149, 133, 15, 66, 55, 28, 18, 26]"
117902,"[3, 91, 73, 130, 29, 17, 42, 105, 77, 27]"
117903,"[92, 133, 26, 72, 64, 15, 19, 82, 18, 77]"
117904,"[30, 49, 1, 142, 23, 24, 60, 71, 130, 7]"
117905,"[13, 20, 119, 103, 112, 279, 261, 76, 84, 9]"
117906,"[2, 10, 121, 187, 34, 5, 84, 1, 220, 51]"
117907,"[187, 43, 220, 121, 42, 84, 24, 34, 4, 23]"
117908,"[0, 97, 18, 90, 77, 151, 105, 41, 51, 14]"
117909,"[76, 45, 261, 25, 48, 13, 14, 20, 112, 121]"
117910,"[92, 26, 72, 73, 15, 19, 18, 82, 64, 6]"
117911,"[76, 45, 261, 48, 14, 41, 20, 58, 13, 25]"
117912,"[60, 25, 146, 157, 142, 121, 38, 151, 24, 55]"
117913,"[21, 20, 14, 238, 261, 90, 66, 103, 189, 36]"
117914,"[32, 66, 44, 19, 103, 149, 55, 58, 12, 13]"
117915,"[133, 24, 38, 60, 175, 220, 58, 121, 12, 92]"
117916,"[15, 49, 18, 105, 72, 77, 30, 3, 82, 1]"
117917,"[124, 27, 51, 2, 6, 84, 9, 71, 25, 10]"
117918,"[15, 105, 72, 18, 77, 82, 49, 64, 3, 1]"
117919,"[149, 157, 238, 66, 223, 19, 36, 189, 90, 7]"
117920,"[21, 189, 142, 149, 4, 147, 55, 36, 90, 14]"
117921,"[41, 25, 6, 9, 97, 38, 10, 49, 27, 121]"
117922,"[124, 27, 9, 105, 51, 149, 103, 41, 25, 77]"
117923,"[133, 189, 122, 149, 147, 223, 21, 90, 19, 38]"
117924,"[2, 5, 49, 10, 121, 34, 28, 84, 30, 1]"
117925,"[0, 97, 151, 51, 18, 77, 41, 105, 189, 90]"
117926,"[60, 157, 36, 90, 38, 28, 97, 4, 55, 24]"
117927,"[279, 20, 112, 13, 48, 51, 76, 45, 261, 12]"
117928,"[29, 17, 3, 42, 91, 73, 90, 238, 189, 103]"
117929,"[142, 19, 7, 28, 103, 55, 21, 14, 48, 38]"
117930,"[72, 146, 15, 151, 77, 105, 82, 26, 30, 18]"
117931,"[77, 105, 119, 151, 0, 124, 51, 97, 15, 147]"
117932,"[124, 27, 9, 112, 51, 5, 71, 2, 76, 41]"
117933,"[82, 15, 18, 1, 77, 151, 26, 72, 105, 30]"
117934,"[23, 142, 28, 24, 60, 1, 4, 7, 149, 49]"
117935,"[103, 34, 32, 20, 13, 261, 279, 112, 84, 44]"
117936,"[187, 220, 34, 28, 121, 43, 23, 24, 84, 42]"
117937,"[121, 43, 220, 187, 10, 42, 34, 23, 24, 60]"
117938,"[26, 105, 72, 223, 77, 92, 15, 1, 73, 187]"
117939,"[51, 9, 25, 27, 105, 13, 41, 77, 20, 124]"
117940,"[44, 279, 7, 32, 112, 48, 103, 13, 261, 12]"
117941,"[32, 34, 189, 58, 13, 119, 103, 20, 112, 21]"
117942,"[7, 44, 90, 19, 157, 28, 189, 66, 55, 223]"
117943,"[48, 45, 58, 76, 13, 12, 20, 261, 220, 119]"
117944,"[29, 17, 42, 3, 73, 91, 90, 130, 13, 103]"
117945,"[103, 261, 112, 13, 119, 20, 45, 32, 238, 27]"
117946,"[24, 4, 60, 23, 28, 121, 220, 49, 187, 42]"
117947,"[54, 84, 34, 5, 1, 2, 121, 28, 51, 220]"
117948,"[2, 51, 27, 5, 9, 238, 105, 71, 124, 44]"
117949,"[71, 6, 15, 30, 12, 73, 72, 44, 3, 26]"
117950,"[43, 7, 187, 42, 121, 10, 220, 4, 34, 84]"
117951,"[82, 15, 18, 72, 149, 64, 3, 26, 66, 1]"
117952,"[9, 51, 27, 71, 13, 5, 20, 77, 279, 112]"
117953,"[124, 27, 9, 41, 149, 25, 51, 105, 103, 6]"
117954,"[223, 189, 90, 19, 157, 14, 21, 36, 187, 7]"
117955,"[30, 38, 49, 15, 71, 151, 1, 77, 0, 105]"
117956,"[138, 1, 49, 30, 7, 142, 2, 82, 15, 60]"
117957,"[103, 20, 45, 261, 13, 76, 48, 279, 112, 119]"
117958,"[142, 27, 23, 60, 133, 14, 21, 38, 147, 261]"
117959,"[105, 77, 157, 9, 36, 238, 18, 15, 21, 0]"
117960,"[146, 38, 133, 58, 14, 6, 66, 12, 73, 19]"
117961,"[21, 189, 36, 90, 157, 238, 223, 13, 175, 105]"
117962,"[103, 32, 261, 112, 119, 13, 66, 20, 34, 19]"
117963,"[20, 13, 103, 279, 112, 119, 238, 261, 21, 51]"
117964,"[55, 238, 157, 28, 60, 66, 122, 189, 223, 19]"
117965,"[91, 3, 130, 73, 42, 124, 29, 17, 133, 9]"
117966,"[27, 51, 2, 6, 71, 10, 124, 9, 25, 41]"
117967,"[76, 13, 20, 45, 261, 25, 112, 103, 48, 238]"
117968,"[71, 6, 72, 15, 18, 51, 32, 3, 9, 64]"
117969,"[2, 10, 121, 187, 5, 34, 1, 51, 84, 220]"
117970,"[51, 27, 6, 2, 41, 10, 71, 25, 124, 20]"
117971,"[0, 105, 97, 30, 18, 151, 1, 77, 15, 49]"
117972,"[6, 18, 71, 25, 44, 72, 41, 58, 15, 10]"
117973,"[15, 72, 3, 18, 82, 64, 6, 73, 146, 49]"
117974,"[5, 51, 9, 71, 36, 48, 2, 13, 90, 64]"
117975,"[13, 112, 20, 279, 103, 119, 84, 34, 32, 51]"
117976,"[82, 105, 77, 1, 72, 15, 3, 18, 64, 51]"
117977,"[77, 105, 151, 119, 0, 124, 97, 51, 15, 18]"
117978,"[9, 51, 41, 27, 124, 15, 71, 5, 13, 84]"
117979,"[44, 13, 84, 119, 20, 103, 32, 7, 34, 279]"
117980,"[124, 27, 9, 149, 105, 51, 103, 41, 77, 25]"
117981,"[142, 14, 48, 0, 38, 147, 24, 60, 19, 187]"
117982,"[122, 28, 149, 19, 238, 175, 7, 21, 90, 223]"
117983,"[21, 189, 223, 36, 157, 90, 238, 175, 105, 14]"
117984,"[91, 73, 3, 130, 6, 17, 42, 26, 15, 92]"
117985,"[41, 25, 9, 51, 6, 124, 27, 20, 10, 105]"
117986,"[92, 0, 49, 151, 30, 91, 105, 26, 97, 41]"
117987,"[146, 66, 133, 149, 19, 38, 72, 58, 32, 14]"
117988,"[157, 223, 36, 90, 238, 189, 14, 105, 149, 147]"
117989,"[147, 55, 97, 28, 119, 24, 36, 122, 38, 19]"
117990,"[44, 32, 13, 12, 119, 19, 84, 20, 58, 6]"
117991,"[43, 187, 76, 220, 20, 13, 45, 121, 261, 12]"
117992,"[119, 112, 13, 20, 103, 279, 32, 238, 51, 77]"
117993,"[2, 27, 124, 112, 41, 71, 6, 51, 9, 20]"
117994,"[133, 122, 149, 19, 146, 38, 66, 58, 12, 55]"
117995,"[77, 105, 151, 15, 82, 138, 1, 72, 30, 49]"
117996,"[15, 82, 77, 18, 105, 72, 26, 92, 0, 151]"
117997,"[28, 4, 24, 1, 23, 7, 60, 121, 142, 220]"
117998,"[48, 45, 58, 76, 12, 261, 220, 43, 121, 187]"
117999,"[34, 58, 32, 121, 187, 220, 112, 84, 45, 189]"
118000,"[220, 187, 121, 76, 147, 12, 58, 45, 6, 43]"
118001,"[130, 73, 91, 42, 3, 151, 6, 25, 10, 41]"
118002,"[34, 13, 20, 103, 84, 119, 279, 28, 32, 187]"
118003,"[121, 13, 43, 279, 187, 20, 58, 112, 261, 220]"
118004,"[151, 0, 97, 49, 30, 24, 23, 26, 142, 77]"
118005,"[121, 220, 34, 76, 187, 84, 261, 25, 44, 13]"
118006,"[279, 13, 20, 103, 112, 45, 32, 261, 119, 58]"
118007,"[223, 14, 238, 189, 90, 157, 20, 175, 29, 21]"
118008,"[238, 157, 28, 36, 66, 7, 189, 90, 19, 4]"
118009,"[48, 34, 45, 58, 76, 13, 90, 103, 121, 261]"
118010,"[6, 12, 58, 91, 25, 41, 10, 3, 71, 73]"
118011,"[223, 238, 189, 90, 157, 20, 29, 175, 14, 36]"
118012,"[20, 13, 261, 103, 76, 45, 112, 279, 119, 48]"
118013,"[124, 27, 112, 9, 76, 41, 51, 6, 5, 10]"
118014,"[105, 77, 157, 151, 223, 97, 0, 25, 51, 9]"
118015,"[105, 77, 157, 223, 51, 151, 9, 18, 15, 124]"
118016,"[13, 20, 121, 279, 103, 48, 119, 261, 43, 34]"
118017,"[30, 49, 71, 0, 73, 151, 26, 15, 142, 14]"
118018,"[26, 82, 72, 73, 15, 92, 64, 1, 122, 19]"
118019,"[175, 36, 90, 147, 14, 223, 238, 21, 189, 77]"
118020,"[24, 28, 238, 60, 133, 23, 4, 90, 66, 223]"
118021,"[157, 14, 189, 146, 149, 66, 28, 23, 19, 223]"
118022,"[9, 41, 51, 15, 124, 38, 27, 71, 25, 84]"
118023,"[6, 25, 10, 41, 71, 73, 12, 51, 91, 76]"
118024,"[103, 32, 261, 13, 34, 20, 112, 44, 58, 220]"
118025,"[45, 48, 76, 20, 261, 119, 112, 13, 103, 279]"
118026,"[71, 51, 6, 9, 27, 5, 124, 72, 2, 3]"
118027,"[5, 51, 48, 25, 9, 6, 71, 36, 64, 2]"
118028,"[32, 12, 58, 112, 279, 119, 19, 103, 6, 149]"
118029,"[151, 0, 97, 77, 105, 25, 14, 49, 147, 45]"
118030,"[73, 91, 3, 130, 6, 17, 26, 42, 15, 151]"
118031,"[45, 48, 76, 58, 20, 220, 261, 12, 119, 84]"
118032,"[3, 91, 73, 17, 6, 15, 130, 42, 64, 72]"
118033,"[44, 13, 119, 84, 20, 261, 76, 48, 187, 103]"
118034,"[38, 133, 14, 60, 76, 146, 24, 23, 147, 142]"
118035,"[5, 51, 48, 6, 9, 71, 25, 64, 41, 2]"
118036,"[6, 41, 25, 10, 121, 0, 45, 51, 76, 261]"
118037,"[72, 15, 82, 66, 18, 146, 71, 64, 19, 149]"
118038,"[133, 147, 14, 146, 24, 38, 60, 58, 142, 23]"
118039,"[2, 10, 121, 34, 1, 5, 187, 220, 84, 30]"
118040,"[147, 36, 21, 14, 157, 189, 175, 238, 223, 77]"
118041,"[4, 24, 157, 36, 66, 7, 60, 149, 28, 147]"
118042,"[187, 43, 220, 121, 4, 84, 34, 42, 7, 23]"
118043,"[51, 9, 105, 25, 27, 13, 41, 77, 48, 6]"
118044,"[119, 112, 13, 32, 20, 103, 279, 34, 84, 187]"
118045,"[26, 1, 82, 92, 97, 72, 51, 73, 49, 77]"
118046,"[73, 91, 17, 130, 3, 51, 42, 49, 6, 26]"
118047,"[30, 71, 15, 49, 1, 77, 138, 7, 36, 105]"
118048,"[66, 19, 55, 38, 146, 149, 15, 133, 32, 12]"
118049,"[13, 103, 112, 20, 279, 119, 34, 32, 84, 189]"
118050,"[5, 2, 34, 51, 1, 10, 49, 28, 84, 4]"
118051,"[13, 20, 119, 261, 48, 103, 279, 112, 76, 45]"
118052,"[149, 38, 66, 19, 238, 157, 36, 189, 23, 133]"
118053,"[187, 220, 34, 28, 121, 43, 23, 24, 84, 42]"
118054,"[92, 26, 73, 72, 15, 18, 82, 19, 6, 64]"
118055,"[2, 5, 10, 49, 121, 34, 43, 1, 84, 28]"
118056,"[15, 18, 77, 9, 64, 82, 72, 0, 105, 175]"
118057,"[18, 105, 97, 72, 15, 0, 77, 151, 30, 1]"
118058,"[112, 279, 20, 103, 32, 119, 13, 34, 45, 84]"
118059,"[26, 49, 92, 97, 0, 73, 1, 48, 14, 10]"
118060,"[105, 15, 1, 157, 18, 77, 72, 82, 36, 9]"
118061,"[112, 279, 20, 103, 13, 119, 45, 238, 51, 189]"
118062,"[54, 103, 32, 13, 279, 27, 119, 105, 20, 112]"
118063,"[4, 28, 24, 23, 60, 142, 1, 42, 84, 7]"
118064,"[18, 15, 0, 82, 175, 105, 97, 2, 90, 92]"
118065,"[0, 97, 18, 90, 151, 77, 105, 51, 41, 14]"
118066,"[187, 43, 220, 20, 261, 121, 45, 119, 32, 13]"
118067,"[66, 19, 189, 28, 4, 55, 223, 149, 7, 36]"
118068,"[29, 17, 3, 42, 90, 91, 13, 19, 238, 223]"
118069,"[54, 121, 13, 103, 12, 20, 6, 48, 261, 51]"
118070,"[1, 26, 15, 77, 18, 2, 30, 105, 49, 64]"
118071,"[157, 223, 149, 36, 105, 23, 189, 138, 19, 238]"
118072,"[220, 187, 121, 34, 24, 43, 84, 7, 28, 4]"
118073,"[71, 30, 124, 51, 6, 27, 20, 73, 9, 25]"
118074,"[279, 20, 112, 12, 13, 48, 51, 76, 32, 1]"
118075,"[1, 2, 28, 49, 34, 30, 15, 77, 5, 7]"
118076,"[119, 112, 13, 20, 103, 279, 32, 45, 51, 36]"
118077,"[138, 1, 30, 49, 23, 2, 4, 142, 28, 151]"
118078,"[189, 223, 133, 36, 21, 238, 58, 90, 34, 157]"
118079,"[26, 72, 105, 73, 77, 92, 15, 223, 1, 97]"
118080,"[15, 18, 77, 64, 9, 72, 82, 105, 1, 0]"
118081,"[54, 32, 103, 220, 13, 121, 119, 12, 279, 27]"
118082,"[147, 97, 36, 119, 14, 238, 157, 223, 189, 13]"
118083,"[60, 142, 121, 157, 4, 24, 23, 7, 42, 28]"
118084,"[72, 77, 49, 26, 151, 105, 18, 15, 64, 1]"
118085,"[130, 91, 3, 73, 105, 42, 17, 10, 29, 5]"
118086,"[279, 20, 112, 13, 51, 119, 157, 103, 189, 48]"
118087,"[18, 15, 0, 82, 105, 175, 2, 97, 1, 151]"
118088,"[17, 3, 29, 91, 73, 42, 66, 19, 12, 32]"
118089,"[9, 51, 77, 27, 20, 13, 105, 112, 41, 279]"
118090,"[44, 279, 7, 32, 112, 48, 13, 12, 261, 103]"
118091,"[82, 15, 18, 1, 77, 105, 72, 149, 64, 36]"
118092,"[28, 4, 55, 238, 122, 157, 279, 189, 66, 19]"
118093,"[14, 21, 20, 238, 189, 223, 36, 90, 261, 175]"
118094,"[43, 121, 10, 187, 220, 42, 7, 24, 34, 4]"
118095,"[119, 13, 20, 112, 103, 279, 36, 76, 147, 175]"
118096,"[119, 13, 20, 112, 103, 279, 36, 76, 147, 175]"
118097,"[187, 43, 220, 20, 261, 119, 45, 121, 32, 13]"
118098,"[66, 21, 238, 19, 223, 36, 149, 90, 189, 4]"
118099,"[82, 3, 105, 77, 15, 72, 18, 1, 238, 27]"
118100,"[133, 38, 19, 66, 149, 92, 175, 12, 146, 58]"
118101,"[29, 17, 103, 13, 90, 42, 20, 238, 112, 189]"
118102,"[48, 45, 13, 20, 261, 279, 76, 112, 119, 103]"
118103,"[157, 223, 238, 36, 90, 14, 105, 189, 149, 21]"
118104,"[1, 49, 4, 30, 28, 82, 7, 5, 105, 77]"
118105,"[44, 32, 13, 19, 119, 84, 12, 20, 71, 103]"
118106,"[90, 189, 238, 7, 48, 21, 223, 36, 19, 14]"
118107,"[12, 58, 6, 133, 76, 38, 45, 32, 146, 121]"
118108,"[73, 3, 17, 91, 72, 15, 130, 51, 26, 6]"
118109,"[138, 82, 15, 0, 1, 151, 77, 18, 26, 49]"
118110,"[261, 103, 45, 32, 13, 20, 76, 48, 34, 121]"
118111,"[76, 45, 12, 48, 220, 58, 261, 187, 121, 43]"
118112,"[17, 3, 29, 91, 73, 42, 19, 66, 32, 149]"
118113,"[24, 28, 60, 133, 23, 38, 14, 147, 58, 146]"
118114,"[157, 223, 90, 36, 238, 14, 189, 105, 147, 149]"
118115,"[54, 32, 103, 13, 34, 119, 27, 279, 84, 2]"
118116,"[30, 49, 10, 60, 1, 24, 142, 151, 23, 0]"
118117,"[44, 32, 279, 12, 58, 17, 7, 48, 112, 71]"
118118,"[1, 82, 105, 77, 18, 3, 4, 15, 72, 49]"
118119,"[55, 66, 36, 157, 149, 7, 19, 223, 238, 4]"
118120,"[51, 9, 27, 13, 124, 20, 77, 105, 279, 41]"
118121,"[45, 48, 76, 261, 58, 14, 151, 220, 20, 12]"
118122,"[4, 28, 1, 7, 189, 84, 24, 142, 23, 34]"
118123,"[223, 66, 238, 189, 90, 28, 14, 19, 24, 29]"
118124,"[73, 3, 91, 17, 26, 130, 15, 29, 72, 71]"
118125,"[3, 91, 73, 17, 130, 42, 29, 15, 82, 6]"
118126,"[146, 60, 14, 38, 23, 133, 66, 147, 142, 42]"
118127,"[77, 105, 151, 0, 157, 15, 25, 72, 51, 97]"
118128,"[122, 133, 19, 149, 55, 38, 66, 146, 28, 12]"
118129,"[18, 15, 82, 6, 92, 72, 0, 64, 19, 26]"
118130,"[34, 84, 121, 187, 220, 32, 2, 4, 28, 43]"
118131,"[27, 142, 51, 2, 124, 25, 6, 10, 71, 41]"
118132,"[51, 9, 105, 124, 27, 25, 77, 103, 20, 13]"
118133,"[133, 38, 14, 146, 23, 24, 147, 60, 187, 76]"
118134,"[119, 13, 20, 34, 84, 112, 103, 279, 19, 32]"
118135,"[71, 51, 9, 6, 27, 5, 72, 124, 15, 2]"
118136,"[30, 49, 1, 71, 7, 138, 142, 28, 15, 60]"
118137,"[28, 4, 1, 7, 24, 23, 34, 60, 122, 157]"
118138,"[223, 189, 90, 157, 21, 36, 238, 14, 175, 105]"
118139,"[220, 187, 34, 121, 84, 43, 28, 60, 23, 42]"
118140,"[133, 14, 38, 146, 23, 147, 60, 187, 66, 24]"
118141,"[44, 6, 19, 58, 121, 12, 32, 66, 103, 71]"
118142,"[71, 30, 51, 124, 6, 27, 9, 25, 20, 2]"
118143,"[43, 13, 119, 187, 20, 220, 121, 34, 279, 12]"
118144,"[71, 51, 30, 124, 27, 15, 20, 9, 2, 44]"
118145,"[64, 15, 97, 77, 105, 1, 18, 72, 0, 30]"
118146,"[2, 5, 51, 27, 10, 49, 121, 238, 41, 44]"
118147,"[103, 261, 32, 45, 20, 13, 76, 34, 48, 121]"
118148,"[18, 15, 72, 0, 64, 97, 82, 66, 19, 90]"
118149,"[189, 223, 14, 157, 90, 36, 21, 238, 175, 20]"
118150,"[10, 6, 41, 51, 2, 27, 25, 121, 5, 34]"
118151,"[112, 279, 20, 103, 119, 13, 45, 238, 76, 189]"
118152,"[4, 28, 7, 23, 60, 34, 84, 1, 24, 66]"
118153,"[3, 73, 91, 29, 82, 17, 130, 105, 15, 77]"
118154,"[6, 41, 25, 10, 0, 151, 121, 45, 71, 51]"
118155,"[175, 238, 90, 223, 157, 189, 36, 105, 13, 21]"
118156,"[187, 43, 121, 220, 84, 4, 34, 7, 23, 24]"
118157,"[90, 223, 189, 36, 175, 21, 157, 19, 66, 112]"
118158,"[21, 20, 238, 14, 90, 261, 103, 66, 36, 189]"
118159,"[19, 66, 149, 12, 119, 55, 38, 58, 122, 223]"
118160,"[124, 27, 51, 2, 9, 84, 71, 6, 20, 112]"
118161,"[142, 27, 23, 60, 14, 133, 21, 38, 147, 24]"
118162,"[0, 97, 151, 51, 18, 77, 105, 90, 189, 41]"
118163,"[1, 4, 30, 49, 28, 7, 5, 82, 34, 138]"
118164,"[26, 105, 72, 77, 92, 1, 15, 223, 73, 97]"
118165,"[58, 45, 48, 12, 76, 261, 121, 220, 43, 187]"
118166,"[77, 105, 119, 151, 97, 51, 0, 124, 36, 157]"
118167,"[92, 133, 26, 72, 6, 12, 64, 15, 146, 91]"
118168,"[90, 223, 189, 112, 36, 157, 175, 21, 238, 13]"
118169,"[124, 27, 149, 9, 2, 71, 51, 105, 103, 6]"
118170,"[279, 103, 13, 112, 44, 32, 20, 34, 119, 7]"
118171,"[149, 66, 19, 55, 38, 133, 146, 82, 157, 15]"
118172,"[77, 105, 15, 9, 157, 151, 51, 189, 27, 82]"
118173,"[17, 29, 3, 42, 13, 103, 73, 19, 112, 279]"
118174,"[51, 9, 71, 5, 27, 13, 105, 2, 20, 124]"
118175,"[146, 14, 23, 60, 133, 38, 261, 147, 26, 24]"
118176,"[223, 238, 189, 90, 157, 20, 175, 21, 14, 29]"
118177,"[13, 20, 103, 261, 112, 32, 45, 279, 119, 84]"
118178,"[6, 71, 12, 72, 25, 51, 58, 32, 73, 15]"
118179,"[1, 30, 49, 4, 138, 28, 60, 7, 5, 10]"
118180,"[189, 223, 90, 36, 238, 21, 157, 14, 105, 147]"
118181,"[124, 27, 9, 41, 105, 149, 25, 51, 103, 45]"
118182,"[146, 60, 14, 38, 133, 23, 147, 142, 24, 66]"
118183,"[13, 20, 119, 103, 279, 112, 261, 76, 9, 189]"
118184,"[66, 149, 19, 72, 38, 146, 133, 55, 17, 23]"
118185,"[58, 12, 32, 220, 34, 48, 45, 76, 187, 121]"
118186,"[279, 20, 112, 12, 13, 48, 51, 76, 45, 121]"
118187,"[105, 151, 0, 77, 97, 157, 25, 30, 49, 238]"
118188,"[25, 6, 41, 51, 27, 10, 71, 2, 60, 151]"
118189,"[76, 25, 261, 45, 48, 220, 121, 12, 43, 58]"
118190,"[55, 19, 66, 149, 18, 38, 122, 82, 17, 15]"
118191,"[45, 261, 76, 48, 103, 14, 112, 20, 12, 13]"
118192,"[0, 97, 18, 90, 15, 151, 77, 105, 1, 26]"
118193,"[6, 25, 41, 91, 10, 49, 43, 121, 73, 12]"
118194,"[17, 73, 3, 29, 149, 55, 32, 66, 42, 91]"
118195,"[238, 55, 66, 36, 28, 14, 149, 19, 189, 223]"
118196,"[42, 17, 29, 73, 3, 91, 130, 121, 112, 13]"
118197,"[1, 49, 30, 28, 4, 23, 138, 24, 2, 10]"
118198,"[15, 18, 77, 9, 72, 64, 82, 105, 1, 0]"
118199,"[77, 105, 151, 15, 9, 157, 51, 27, 189, 82]"
118200,"[3, 82, 91, 73, 17, 15, 72, 18, 29, 71]"
118201,"[55, 66, 149, 38, 19, 133, 12, 146, 58, 32]"
118202,"[44, 32, 13, 19, 71, 84, 119, 17, 20, 55]"
118203,"[24, 142, 23, 14, 147, 38, 60, 49, 187, 121]"
118204,"[82, 105, 1, 77, 72, 15, 18, 3, 64, 149]"
118205,"[17, 3, 29, 66, 19, 32, 42, 73, 149, 91]"
118206,"[36, 157, 238, 21, 90, 189, 13, 112, 175, 14]"
118207,"[157, 223, 36, 149, 105, 189, 14, 238, 90, 21]"
118208,"[0, 151, 97, 14, 105, 25, 77, 30, 76, 147]"
118209,"[279, 20, 112, 13, 51, 119, 157, 189, 48, 103]"
118210,"[17, 29, 42, 3, 73, 90, 112, 13, 20, 76]"
118211,"[19, 66, 149, 55, 12, 119, 38, 122, 58, 223]"
118212,"[149, 36, 157, 66, 223, 238, 19, 23, 189, 38]"
118213,"[73, 91, 17, 3, 130, 42, 49, 51, 26, 0]"
118214,"[66, 21, 238, 19, 14, 38, 223, 36, 149, 90]"
118215,"[97, 18, 105, 15, 0, 64, 77, 26, 1, 151]"
118216,"[189, 223, 238, 21, 90, 36, 157, 105, 175, 77]"
118217,"[82, 72, 15, 26, 18, 64, 3, 66, 149, 92]"
118218,"[25, 151, 41, 76, 261, 45, 6, 48, 51, 9]"
118219,"[122, 238, 55, 14, 28, 36, 223, 175, 60, 189]"
118220,"[119, 20, 13, 112, 103, 45, 279, 261, 48, 76]"
118221,"[146, 133, 38, 66, 14, 58, 26, 12, 149, 72]"
118222,"[157, 14, 189, 21, 223, 90, 36, 238, 103, 13]"
118223,"[142, 23, 60, 24, 27, 121, 42, 220, 187, 49]"
118224,"[149, 66, 19, 72, 38, 15, 55, 32, 146, 133]"
118225,"[12, 58, 45, 220, 90, 76, 187, 43, 32, 20]"
118226,"[147, 36, 133, 24, 77, 112, 38, 238, 4, 19]"
118227,"[105, 157, 77, 151, 223, 18, 138, 15, 97, 49]"
118228,"[121, 43, 261, 58, 187, 220, 76, 48, 12, 45]"
118229,"[92, 133, 26, 72, 64, 15, 82, 77, 18, 19]"
118230,"[58, 45, 48, 12, 76, 261, 121, 220, 43, 187]"
118231,"[121, 43, 261, 58, 187, 48, 220, 76, 45, 6]"
118232,"[124, 112, 27, 9, 76, 41, 51, 6, 5, 10]"
118233,"[4, 24, 157, 36, 149, 28, 7, 66, 223, 238]"
118234,"[6, 41, 25, 12, 58, 10, 73, 91, 18, 71]"
118235,"[138, 151, 0, 1, 30, 49, 189, 77, 15, 105]"
118236,"[149, 124, 157, 142, 38, 36, 23, 223, 66, 7]"
118237,"[21, 189, 223, 36, 66, 19, 238, 157, 90, 149]"
118238,"[130, 73, 3, 91, 42, 17, 29, 2, 15, 77]"
118239,"[15, 72, 18, 3, 82, 64, 6, 73, 49, 92]"
118240,"[32, 12, 58, 279, 112, 119, 103, 43, 6, 19]"
118241,"[122, 55, 66, 19, 133, 38, 15, 149, 26, 238]"
118242,"[130, 10, 42, 91, 30, 73, 220, 49, 5, 187]"
118243,"[18, 105, 72, 15, 77, 1, 82, 97, 64, 19]"
118244,"[41, 6, 10, 25, 82, 51, 9, 2, 49, 220]"
118245,"[13, 112, 279, 103, 20, 34, 119, 32, 84, 189]"
118246,"[4, 24, 28, 7, 34, 84, 60, 23, 1, 157]"
118247,"[0, 97, 90, 18, 77, 105, 151, 51, 14, 41]"
118248,"[38, 66, 149, 55, 19, 133, 146, 15, 18, 72]"
118249,"[13, 20, 119, 84, 261, 76, 58, 279, 34, 103]"
118250,"[12, 58, 20, 119, 76, 32, 45, 279, 261, 48]"
118251,"[64, 72, 105, 77, 49, 18, 15, 30, 151, 82]"
118252,"[175, 7, 36, 66, 189, 19, 90, 112, 157, 149]"
118253,"[147, 14, 36, 21, 220, 76, 189, 38, 157, 146]"
118254,"[6, 71, 12, 58, 25, 72, 32, 10, 51, 73]"
118255,"[51, 9, 124, 105, 27, 25, 103, 13, 20, 6]"
118256,"[26, 92, 73, 72, 82, 6, 38, 133, 15, 146]"
118257,"[91, 3, 73, 17, 6, 133, 130, 42, 82, 71]"
118258,"[77, 105, 119, 151, 0, 124, 51, 97, 27, 1]"
118259,"[21, 189, 223, 66, 36, 19, 90, 238, 157, 175]"
118260,"[149, 124, 157, 36, 142, 66, 223, 23, 38, 19]"
118261,"[49, 1, 30, 10, 28, 23, 24, 15, 5, 60]"
118262,"[12, 58, 32, 66, 20, 19, 6, 55, 45, 44]"
118263,"[32, 58, 44, 12, 66, 103, 55, 19, 149, 38]"
118264,"[5, 2, 124, 13, 51, 76, 27, 9, 72, 71]"
118265,"[20, 13, 261, 103, 279, 48, 84, 76, 44, 58]"
118266,"[151, 0, 97, 30, 49, 26, 6, 142, 24, 25]"
118267,"[189, 223, 4, 19, 36, 90, 38, 21, 157, 66]"
118268,"[82, 15, 18, 77, 151, 149, 1, 105, 26, 72]"
118269,"[84, 13, 20, 121, 34, 36, 32, 119, 45, 76]"
118270,"[90, 223, 189, 36, 66, 21, 175, 157, 28, 112]"
118271,"[72, 15, 146, 82, 18, 26, 71, 66, 3, 64]"
118272,"[38, 133, 66, 149, 19, 14, 36, 7, 55, 28]"
118273,"[147, 97, 14, 24, 38, 60, 23, 76, 58, 133]"
118274,"[90, 223, 189, 175, 36, 157, 66, 21, 112, 19]"
118275,"[151, 77, 64, 15, 18, 97, 1, 72, 82, 0]"
118276,"[0, 97, 151, 90, 41, 14, 105, 18, 77, 92]"
118277,"[58, 12, 32, 45, 48, 6, 73, 38, 76, 146]"
118278,"[76, 45, 12, 20, 48, 220, 112, 13, 58, 261]"
118279,"[30, 49, 151, 92, 0, 10, 26, 60, 97, 25]"
118280,"[261, 103, 45, 13, 20, 76, 48, 14, 32, 112]"
118281,"[138, 1, 49, 30, 7, 142, 2, 60, 82, 77]"
118282,"[142, 27, 21, 23, 60, 149, 238, 133, 66, 19]"
118283,"[138, 151, 0, 1, 30, 49, 15, 189, 77, 105]"
118284,"[34, 32, 58, 189, 84, 13, 112, 103, 20, 119]"
118285,"[49, 30, 6, 151, 97, 92, 73, 38, 26, 10]"
118286,"[0, 97, 90, 18, 77, 105, 151, 51, 41, 14]"
118287,"[25, 6, 41, 10, 76, 9, 45, 97, 51, 151]"
118288,"[51, 9, 105, 124, 27, 103, 13, 20, 77, 112]"
118289,"[73, 17, 3, 91, 72, 51, 15, 71, 6, 92]"
118290,"[189, 223, 14, 19, 66, 157, 36, 90, 238, 28]"
118291,"[189, 223, 157, 238, 90, 36, 21, 14, 20, 175]"
118292,"[138, 105, 15, 157, 151, 0, 77, 223, 49, 18]"
118293,"[18, 15, 82, 105, 2, 175, 1, 0, 77, 90]"
118294,"[105, 151, 0, 77, 157, 97, 238, 25, 49, 14]"
118295,"[112, 279, 45, 103, 20, 76, 13, 119, 261, 48]"
118296,"[105, 77, 82, 72, 15, 1, 18, 223, 189, 64]"
118297,"[92, 133, 26, 10, 30, 49, 77, 0, 48, 151]"
118298,"[189, 223, 90, 36, 21, 157, 14, 238, 175, 147]"
118299,"[147, 36, 21, 220, 14, 189, 157, 19, 38, 7]"
118300,"[17, 29, 3, 42, 73, 103, 19, 13, 66, 91]"
118301,"[3, 73, 91, 6, 15, 17, 71, 72, 64, 130]"
118302,"[157, 223, 105, 36, 189, 238, 149, 90, 21, 13]"
118303,"[175, 36, 90, 147, 14, 223, 21, 45, 157, 238]"
118304,"[175, 36, 19, 7, 90, 66, 223, 122, 21, 238]"
118305,"[27, 142, 51, 2, 124, 25, 6, 10, 279, 71]"
118306,"[12, 58, 76, 45, 261, 187, 220, 48, 121, 43]"
118307,"[92, 26, 10, 30, 133, 49, 77, 0, 151, 48]"
118308,"[133, 147, 146, 14, 24, 38, 60, 58, 189, 23]"
118309,"[64, 72, 15, 82, 18, 19, 66, 151, 3, 149]"
118310,"[55, 19, 38, 66, 149, 133, 146, 58, 18, 122]"
118311,"[10, 121, 49, 187, 220, 2, 43, 6, 41, 130]"
118312,"[84, 34, 20, 13, 189, 103, 261, 58, 220, 32]"
118313,"[147, 36, 21, 157, 14, 189, 238, 175, 223, 90]"
118314,"[23, 24, 60, 49, 7, 142, 42, 43, 121, 28]"
118315,"[1, 2, 28, 49, 15, 34, 30, 77, 5, 7]"
118316,"[10, 6, 51, 9, 27, 25, 151, 124, 71, 121]"
118317,"[34, 84, 187, 2, 121, 220, 4, 32, 7, 28]"
118318,"[189, 223, 21, 4, 36, 19, 66, 90, 157, 28]"
118319,"[24, 28, 60, 23, 49, 142, 220, 121, 4, 42]"
118320,"[151, 0, 105, 97, 25, 49, 14, 77, 30, 41]"
118321,"[77, 105, 151, 0, 97, 157, 189, 25, 14, 51]"
118322,"[138, 1, 30, 49, 7, 2, 142, 60, 34, 82]"
118323,"[92, 26, 72, 15, 73, 18, 82, 64, 19, 6]"
118324,"[142, 60, 23, 14, 30, 12, 24, 58, 49, 146]"
118325,"[84, 20, 34, 13, 189, 103, 58, 261, 32, 220]"
118326,"[146, 38, 133, 58, 6, 66, 14, 12, 149, 19]"
118327,"[25, 6, 151, 41, 10, 45, 60, 30, 48, 76]"
118328,"[133, 147, 14, 146, 38, 24, 60, 58, 142, 23]"
118329,"[91, 130, 73, 42, 3, 97, 6, 25, 41, 10]"
118330,"[84, 13, 20, 121, 34, 32, 119, 36, 60, 45]"
118331,"[187, 43, 220, 261, 121, 45, 76, 58, 12, 133]"
118332,"[54, 220, 103, 32, 121, 12, 13, 279, 112, 34]"
118333,"[187, 43, 220, 121, 45, 261, 76, 58, 12, 14]"
118334,"[105, 77, 151, 97, 0, 189, 223, 82, 72, 27]"
118335,"[151, 77, 64, 15, 18, 97, 72, 1, 82, 0]"
118336,"[261, 103, 45, 76, 48, 14, 121, 58, 43, 12]"
118337,"[24, 28, 60, 23, 220, 121, 49, 42, 142, 4]"
118338,"[149, 124, 157, 36, 19, 66, 223, 4, 7, 27]"
118339,"[91, 3, 73, 130, 17, 133, 42, 6, 29, 82]"
118340,"[157, 223, 149, 36, 90, 105, 238, 189, 55, 28]"
118341,"[149, 66, 19, 36, 157, 238, 189, 4, 223, 90]"
118342,"[119, 112, 13, 32, 20, 103, 34, 279, 187, 84]"
118343,"[26, 151, 49, 0, 30, 92, 97, 38, 1, 73]"
118344,"[42, 130, 60, 23, 121, 24, 220, 187, 142, 43]"
118345,"[238, 157, 36, 189, 90, 151, 223, 14, 105, 21]"
118346,"[54, 48, 51, 13, 121, 220, 20, 103, 32, 279]"
118347,"[130, 10, 42, 91, 73, 2, 5, 49, 30, 3]"
118348,"[149, 157, 238, 66, 223, 19, 36, 7, 4, 189]"
118349,"[175, 133, 90, 238, 223, 7, 66, 189, 19, 157]"
118350,"[7, 43, 23, 28, 121, 142, 49, 42, 60, 24]"
118351,"[187, 220, 34, 32, 13, 103, 112, 279, 121, 76]"
118352,"[261, 20, 21, 103, 279, 13, 45, 76, 14, 48]"
118353,"[10, 49, 43, 130, 187, 220, 41, 2, 121, 30]"
118354,"[38, 133, 66, 146, 12, 19, 149, 6, 58, 14]"
118355,"[38, 60, 147, 146, 14, 133, 23, 24, 66, 142]"
118356,"[51, 27, 9, 25, 103, 20, 41, 112, 124, 261]"
118357,"[138, 105, 15, 151, 0, 157, 77, 49, 18, 223]"
118358,"[45, 48, 76, 261, 58, 20, 220, 14, 12, 151]"
118359,"[66, 21, 238, 19, 14, 149, 223, 36, 38, 55]"
118360,"[64, 72, 151, 15, 92, 82, 18, 26, 3, 6]"
118361,"[7, 28, 4, 43, 34, 23, 84, 36, 142, 121]"
118362,"[122, 28, 149, 19, 7, 175, 238, 90, 36, 223]"
118363,"[64, 15, 105, 1, 77, 18, 72, 97, 223, 19]"
118364,"[124, 112, 27, 9, 51, 5, 71, 76, 41, 90]"
118365,"[130, 42, 10, 30, 49, 73, 91, 2, 121, 220]"
118366,"[121, 220, 84, 187, 34, 261, 25, 44, 60, 20]"
118367,"[48, 45, 76, 58, 261, 121, 220, 187, 34, 12]"
118368,"[21, 14, 261, 66, 20, 238, 19, 90, 142, 4]"
118369,"[84, 13, 121, 20, 34, 119, 36, 45, 32, 76]"
118370,"[10, 121, 43, 6, 30, 220, 49, 42, 187, 2]"
118371,"[21, 14, 261, 20, 238, 90, 103, 66, 189, 157]"
118372,"[82, 77, 105, 3, 15, 72, 18, 1, 64, 223]"
118373,"[119, 13, 20, 103, 147, 112, 48, 76, 261, 45]"
118374,"[220, 12, 261, 45, 58, 76, 121, 48, 43, 187]"
118375,"[2, 5, 51, 27, 49, 10, 41, 105, 71, 238]"
118376,"[122, 19, 149, 133, 55, 66, 18, 28, 15, 17]"
118377,"[66, 149, 19, 23, 238, 38, 146, 36, 133, 14]"
118378,"[64, 15, 72, 18, 19, 82, 66, 3, 71, 77]"
118379,"[2, 10, 34, 5, 1, 51, 27, 84, 18, 121]"
118380,"[28, 24, 23, 142, 4, 60, 7, 187, 121, 34]"
118381,"[29, 17, 3, 223, 90, 119, 42, 238, 20, 175]"
118382,"[19, 66, 149, 55, 15, 18, 72, 189, 122, 146]"
118383,"[82, 15, 18, 72, 26, 149, 64, 3, 6, 92]"
118384,"[72, 15, 146, 82, 26, 18, 71, 66, 64, 3]"
118385,"[17, 29, 42, 73, 3, 103, 130, 13, 91, 112]"
118386,"[49, 1, 2, 30, 28, 23, 60, 24, 138, 10]"
118387,"[30, 49, 71, 0, 73, 151, 26, 15, 142, 92]"
118388,"[54, 51, 48, 13, 279, 20, 6, 121, 103, 45]"
118389,"[2, 10, 121, 1, 5, 34, 187, 27, 18, 6]"
118390,"[14, 23, 146, 261, 147, 38, 76, 60, 24, 142]"
118391,"[55, 66, 7, 157, 36, 149, 38, 19, 4, 223]"
118392,"[1, 15, 26, 77, 2, 28, 49, 72, 30, 64]"
118393,"[133, 147, 146, 14, 24, 38, 60, 58, 23, 142]"
118394,"[12, 58, 32, 66, 133, 149, 55, 146, 38, 19]"
118395,"[146, 38, 133, 66, 60, 72, 12, 14, 149, 19]"
118396,"[20, 13, 84, 279, 119, 103, 34, 261, 223, 29]"
118397,"[42, 29, 17, 175, 3, 91, 73, 130, 43, 121]"
118398,"[146, 66, 149, 19, 38, 55, 64, 133, 72, 15]"
118399,"[23, 7, 279, 24, 28, 157, 14, 90, 146, 189]"
118400,"[30, 49, 142, 1, 60, 24, 23, 7, 130, 28]"
118401,"[19, 66, 149, 55, 119, 38, 12, 122, 223, 146]"
118402,"[91, 73, 130, 3, 42, 6, 133, 97, 151, 187]"
118403,"[60, 142, 24, 157, 121, 4, 23, 7, 28, 25]"
118404,"[10, 6, 41, 25, 121, 49, 51, 187, 26, 2]"
118405,"[54, 220, 32, 121, 103, 12, 13, 279, 34, 76]"
118406,"[84, 121, 34, 60, 220, 187, 4, 43, 42, 2]"
118407,"[43, 13, 12, 119, 20, 32, 58, 121, 7, 187]"
118408,"[142, 7, 28, 60, 4, 24, 23, 187, 121, 42]"
118409,"[279, 20, 112, 13, 51, 157, 119, 189, 48, 103]"
118410,"[24, 28, 238, 60, 133, 4, 23, 90, 66, 72]"
118411,"[9, 41, 15, 51, 124, 27, 38, 25, 71, 6]"
118412,"[58, 12, 32, 45, 119, 71, 48, 20, 19, 55]"
118413,"[14, 147, 261, 76, 189, 48, 223, 97, 45, 151]"
118414,"[49, 1, 2, 30, 28, 138, 23, 72, 10, 60]"
118415,"[122, 28, 14, 133, 23, 149, 19, 147, 7, 175]"
118416,"[82, 72, 15, 26, 18, 3, 64, 149, 66, 55]"
118417,"[43, 187, 121, 7, 220, 10, 42, 4, 34, 84]"
118418,"[2, 10, 34, 1, 84, 5, 121, 51, 27, 18]"
118419,"[119, 13, 20, 34, 84, 112, 279, 103, 32, 19]"
118420,"[133, 66, 38, 149, 146, 19, 55, 58, 14, 36]"
118421,"[51, 6, 27, 41, 10, 124, 2, 25, 71, 9]"
118422,"[261, 58, 76, 45, 48, 121, 43, 14, 12, 220]"
118423,"[42, 17, 29, 73, 91, 130, 45, 121, 76, 261]"
118424,"[175, 133, 90, 189, 36, 157, 238, 223, 14, 21]"
118425,"[147, 14, 220, 38, 24, 36, 146, 23, 133, 21]"
118426,"[24, 28, 60, 23, 121, 220, 42, 142, 49, 30]"
118427,"[146, 66, 72, 149, 38, 19, 133, 60, 12, 55]"
118428,"[34, 32, 84, 189, 13, 58, 103, 20, 112, 279]"
118429,"[12, 58, 6, 45, 76, 261, 146, 48, 220, 187]"
118430,"[5, 2, 34, 1, 10, 187, 84, 51, 130, 27]"
118431,"[12, 58, 6, 45, 38, 76, 220, 146, 133, 32]"
118432,"[92, 133, 26, 15, 64, 72, 6, 146, 10, 91]"
118433,"[66, 19, 149, 146, 38, 55, 133, 122, 32, 17]"
118434,"[175, 7, 36, 189, 112, 18, 66, 19, 90, 55]"
118435,"[49, 15, 1, 30, 105, 72, 92, 151, 97, 64]"
118436,"[92, 26, 73, 72, 15, 18, 19, 64, 6, 82]"
118437,"[261, 20, 21, 103, 13, 279, 45, 76, 48, 14]"
118438,"[261, 76, 48, 45, 14, 20, 13, 25, 103, 279]"
118439,"[23, 14, 24, 146, 60, 38, 142, 147, 49, 19]"
118440,"[238, 66, 55, 36, 28, 19, 149, 223, 189, 157]"
118441,"[103, 261, 45, 20, 13, 48, 76, 12, 279, 32]"
118442,"[124, 51, 27, 9, 25, 20, 48, 45, 41, 112]"
118443,"[38, 149, 66, 19, 55, 15, 146, 133, 32, 122]"
118444,"[41, 25, 51, 9, 27, 6, 124, 20, 105, 261]"
118445,"[48, 45, 20, 13, 76, 261, 112, 119, 103, 279]"
118446,"[26, 73, 82, 72, 92, 15, 64, 1, 3, 19]"
118447,"[30, 38, 49, 151, 0, 97, 147, 26, 105, 60]"
118448,"[51, 9, 105, 124, 27, 77, 13, 103, 20, 157]"
118449,"[97, 105, 18, 15, 0, 64, 1, 77, 26, 49]"
118450,"[13, 20, 261, 76, 119, 103, 279, 112, 48, 45]"
118451,"[15, 18, 0, 97, 9, 64, 77, 151, 38, 30]"
118452,"[41, 0, 10, 6, 25, 97, 91, 130, 51, 73]"
118453,"[92, 26, 49, 72, 0, 73, 105, 51, 15, 19]"
118454,"[19, 189, 66, 157, 28, 223, 149, 146, 14, 4]"
118455,"[60, 121, 142, 24, 23, 42, 25, 220, 30, 28]"
118456,"[23, 14, 142, 146, 24, 60, 149, 38, 147, 261]"
118457,"[43, 12, 121, 58, 187, 76, 45, 261, 220, 48]"
118458,"[58, 12, 32, 45, 71, 119, 48, 6, 20, 55]"
118459,"[147, 55, 97, 28, 36, 119, 24, 157, 19, 38]"
118460,"[91, 130, 3, 73, 42, 6, 133, 187, 151, 97]"
118461,"[6, 91, 58, 25, 12, 41, 3, 10, 73, 49]"
118462,"[48, 45, 76, 261, 58, 12, 43, 121, 14, 13]"
118463,"[18, 15, 82, 3, 72, 19, 6, 105, 64, 55]"
118464,"[28, 24, 34, 4, 2, 7, 23, 60, 238, 1]"
118465,"[30, 49, 38, 71, 15, 105, 1, 151, 77, 0]"
118466,"[60, 24, 23, 142, 49, 42, 28, 121, 4, 187]"
118467,"[105, 77, 82, 72, 49, 97, 18, 15, 1, 151]"
118468,"[58, 45, 12, 48, 261, 76, 220, 121, 43, 187]"
118469,"[97, 18, 105, 15, 0, 64, 1, 77, 151, 26]"
118470,"[38, 66, 149, 55, 60, 147, 19, 14, 157, 133]"
118471,"[21, 189, 223, 36, 14, 66, 19, 238, 90, 157]"
118472,"[66, 149, 19, 23, 238, 38, 146, 36, 72, 7]"
118473,"[15, 18, 82, 72, 64, 71, 3, 26, 77, 66]"
118474,"[130, 91, 73, 10, 3, 42, 25, 6, 97, 26]"
118475,"[45, 48, 58, 76, 12, 220, 261, 121, 187, 20]"
118476,"[84, 34, 20, 13, 279, 112, 119, 121, 149, 103]"
118477,"[54, 84, 5, 2, 34, 1, 28, 121, 4, 220]"
118478,"[189, 223, 4, 21, 36, 19, 90, 38, 55, 28]"
118479,"[157, 223, 149, 36, 105, 189, 238, 19, 4, 90]"
118480,"[147, 14, 36, 133, 45, 24, 112, 38, 238, 21]"
118481,"[28, 24, 4, 2, 238, 7, 49, 1, 34, 60]"
118482,"[55, 66, 157, 36, 149, 7, 38, 19, 238, 223]"
118483,"[0, 97, 18, 90, 15, 105, 92, 77, 49, 151]"
118484,"[112, 20, 13, 279, 103, 90, 119, 27, 76, 124]"
118485,"[60, 24, 23, 30, 121, 49, 42, 142, 220, 28]"
118486,"[17, 29, 73, 3, 42, 32, 19, 66, 91, 44]"
118487,"[1, 49, 30, 4, 138, 28, 60, 82, 7, 105]"
118488,"[124, 27, 112, 41, 76, 9, 6, 51, 5, 10]"
118489,"[20, 261, 13, 103, 279, 58, 45, 121, 76, 48]"
118490,"[72, 15, 18, 26, 64, 66, 19, 92, 3, 82]"
118491,"[175, 36, 19, 90, 66, 7, 223, 122, 238, 21]"
118492,"[64, 15, 18, 72, 19, 82, 66, 3, 77, 71]"
118493,"[38, 66, 149, 55, 19, 146, 133, 15, 72, 18]"
118494,"[76, 45, 112, 20, 13, 48, 261, 124, 119, 279]"
118495,"[71, 6, 15, 82, 72, 38, 12, 279, 58, 3]"
118496,"[142, 14, 48, 38, 60, 24, 147, 23, 19, 187]"
118497,"[149, 66, 19, 38, 36, 238, 157, 23, 189, 133]"
118498,"[66, 21, 238, 19, 14, 38, 149, 223, 36, 4]"
118499,"[84, 34, 20, 13, 189, 58, 103, 261, 32, 220]"
118500,"[54, 220, 121, 34, 187, 84, 2, 43, 5, 1]"
118501,"[30, 49, 151, 92, 0, 10, 26, 97, 25, 60]"
118502,"[138, 82, 15, 0, 77, 151, 26, 1, 3, 49]"
118503,"[51, 9, 105, 124, 27, 25, 103, 20, 77, 13]"
118504,"[9, 51, 77, 27, 71, 13, 5, 105, 20, 15]"
118505,"[149, 66, 19, 55, 38, 133, 146, 82, 12, 122]"
118506,"[54, 121, 220, 5, 84, 34, 2, 10, 1, 187]"
118507,"[84, 34, 13, 189, 20, 103, 223, 32, 279, 119]"
118508,"[121, 220, 261, 34, 60, 25, 76, 187, 84, 44]"
118509,"[90, 223, 189, 157, 36, 21, 112, 175, 238, 13]"
118510,"[77, 105, 119, 151, 0, 124, 97, 51, 1, 36]"
118511,"[19, 66, 149, 55, 122, 32, 146, 18, 189, 17]"
118512,"[36, 149, 90, 66, 223, 157, 175, 189, 4, 21]"
118513,"[43, 13, 12, 119, 121, 20, 32, 58, 187, 7]"
118514,"[71, 30, 124, 51, 6, 27, 20, 25, 2, 9]"
118515,"[43, 76, 187, 220, 45, 121, 58, 12, 261, 48]"
118516,"[73, 17, 51, 3, 91, 130, 42, 29, 72, 71]"
118517,"[91, 73, 3, 6, 133, 130, 38, 42, 92, 26]"
118518,"[18, 105, 72, 15, 77, 1, 97, 82, 64, 71]"
118519,"[3, 73, 91, 15, 6, 72, 17, 71, 64, 18]"
118520,"[82, 72, 3, 15, 18, 64, 66, 149, 77, 26]"
118521,"[187, 220, 76, 58, 121, 43, 261, 12, 34, 147]"
118522,"[5, 124, 2, 76, 51, 13, 10, 25, 71, 9]"
118523,"[5, 51, 34, 27, 9, 2, 71, 103, 32, 13]"
118524,"[34, 84, 121, 187, 7, 220, 28, 43, 5, 4]"
118525,"[187, 43, 220, 121, 261, 45, 76, 58, 133, 38]"
118526,"[175, 36, 90, 223, 238, 21, 77, 189, 119, 157]"
118527,"[147, 220, 14, 24, 146, 38, 23, 36, 133, 187]"
118528,"[18, 97, 105, 72, 15, 77, 0, 151, 30, 49]"
118529,"[12, 58, 76, 45, 187, 261, 220, 48, 43, 20]"
118530,"[0, 97, 18, 90, 15, 92, 105, 77, 151, 49]"
118531,"[130, 91, 73, 3, 42, 10, 105, 97, 151, 26]"
118532,"[38, 24, 60, 14, 147, 146, 142, 23, 133, 49]"
118533,"[103, 20, 13, 279, 112, 119, 157, 261, 29, 45]"
118534,"[142, 60, 238, 90, 189, 23, 28, 21, 24, 14]"
118535,"[10, 121, 2, 43, 30, 34, 84, 5, 6, 49]"
118536,"[36, 90, 157, 223, 175, 189, 21, 238, 112, 20]"
118537,"[138, 1, 49, 30, 2, 151, 0, 23, 4, 142]"
118538,"[122, 55, 66, 19, 133, 26, 149, 238, 15, 14]"
118539,"[124, 27, 112, 9, 51, 77, 90, 76, 41, 279]"
118540,"[187, 121, 220, 43, 34, 60, 10, 42, 84, 23]"
118541,"[122, 28, 133, 189, 90, 19, 142, 149, 23, 4]"
118542,"[26, 1, 73, 82, 92, 51, 97, 15, 72, 77]"
118543,"[5, 2, 124, 13, 51, 76, 9, 71, 27, 3]"
118544,"[21, 189, 223, 36, 90, 157, 238, 175, 14, 20]"
118545,"[121, 220, 187, 60, 43, 34, 10, 42, 24, 84]"
118546,"[34, 121, 84, 220, 187, 42, 10, 2, 43, 28]"
118547,"[14, 7, 223, 189, 66, 19, 146, 60, 28, 23]"
118548,"[146, 14, 60, 23, 133, 38, 261, 147, 26, 58]"
118549,"[238, 157, 36, 66, 28, 90, 19, 7, 189, 4]"
118550,"[72, 146, 15, 77, 151, 105, 82, 26, 49, 30]"
118551,"[41, 6, 25, 10, 49, 220, 43, 76, 82, 73]"
118552,"[133, 189, 122, 147, 149, 223, 21, 90, 14, 19]"
118553,"[12, 58, 121, 76, 45, 220, 261, 187, 43, 48]"
118554,"[133, 24, 38, 60, 175, 58, 121, 220, 14, 147]"
118555,"[34, 48, 58, 112, 103, 121, 13, 32, 84, 187]"
118556,"[151, 77, 64, 15, 97, 18, 1, 72, 105, 82]"
118557,"[34, 13, 187, 20, 103, 119, 261, 220, 84, 43]"
118558,"[32, 12, 58, 112, 279, 119, 103, 43, 19, 66]"
118559,"[26, 73, 92, 146, 72, 91, 6, 15, 133, 30]"
118560,"[72, 15, 64, 18, 82, 66, 71, 3, 26, 17]"
118561,"[130, 42, 91, 73, 49, 3, 30, 10, 142, 2]"
118562,"[48, 45, 13, 76, 103, 261, 90, 20, 279, 51]"
118563,"[19, 66, 149, 133, 38, 146, 55, 32, 17, 72]"
118564,"[133, 38, 146, 66, 14, 58, 149, 19, 91, 12]"
118565,"[105, 77, 189, 223, 82, 157, 238, 90, 72, 27]"
118566,"[103, 13, 20, 261, 279, 112, 119, 157, 34, 189]"
118567,"[19, 66, 149, 7, 238, 36, 4, 90, 21, 189]"
118568,"[133, 14, 38, 146, 23, 147, 24, 60, 187, 76]"
118569,"[9, 51, 41, 27, 124, 112, 13, 25, 20, 103]"
118570,"[147, 97, 14, 76, 45, 38, 24, 48, 261, 0]"
118571,"[13, 20, 261, 84, 119, 76, 58, 34, 103, 32]"
118572,"[147, 97, 24, 38, 14, 60, 23, 76, 58, 146]"
118573,"[44, 279, 112, 7, 32, 13, 103, 20, 34, 84]"
118574,"[261, 103, 45, 32, 13, 20, 76, 48, 34, 121]"
118575,"[72, 15, 82, 18, 66, 146, 64, 71, 19, 149]"
118576,"[64, 15, 97, 77, 1, 18, 105, 72, 0, 30]"
118577,"[157, 223, 36, 105, 149, 189, 14, 238, 90, 147]"
118578,"[92, 0, 105, 18, 15, 49, 1, 77, 72, 51]"
118579,"[76, 13, 20, 45, 220, 121, 261, 55, 48, 112]"
118580,"[92, 26, 49, 105, 72, 0, 73, 51, 1, 15]"
118581,"[157, 223, 36, 105, 189, 149, 14, 90, 238, 21]"
118582,"[2, 10, 121, 34, 187, 5, 84, 1, 220, 130]"
118583,"[25, 151, 41, 6, 261, 45, 76, 51, 48, 9]"
118584,"[44, 279, 7, 112, 13, 32, 103, 2, 20, 84]"
118585,"[146, 14, 23, 38, 48, 60, 24, 133, 42, 43]"
118586,"[15, 18, 64, 72, 82, 38, 26, 0, 71, 92]"
118587,"[77, 105, 15, 151, 82, 138, 1, 0, 72, 49]"
118588,"[151, 97, 77, 0, 49, 91, 6, 25, 64, 60]"
118589,"[23, 7, 28, 24, 60, 4, 49, 34, 121, 42]"
118590,"[64, 15, 77, 18, 1, 97, 105, 72, 223, 82]"
118591,"[105, 77, 82, 49, 72, 97, 151, 18, 1, 15]"
118592,"[82, 15, 18, 1, 77, 149, 72, 105, 64, 157]"
118593,"[54, 51, 48, 121, 13, 220, 279, 103, 84, 20]"
118594,"[189, 223, 21, 36, 90, 157, 14, 238, 175, 147]"
118595,"[121, 34, 220, 187, 84, 28, 43, 10, 2, 60]"
118596,"[119, 13, 20, 112, 103, 45, 261, 48, 279, 76]"
118597,"[24, 4, 28, 147, 133, 60, 157, 23, 66, 36]"
118598,"[124, 27, 149, 9, 41, 6, 3, 25, 71, 105]"
118599,"[29, 17, 3, 42, 73, 91, 90, 238, 13, 189]"
118600,"[84, 13, 20, 121, 119, 34, 32, 36, 45, 58]"
118601,"[77, 105, 151, 0, 15, 25, 72, 97, 51, 9]"
118602,"[147, 97, 14, 76, 151, 0, 38, 24, 261, 48]"
118603,"[175, 90, 133, 157, 223, 189, 238, 36, 14, 21]"
118604,"[146, 14, 7, 36, 66, 175, 189, 149, 23, 157]"
118605,"[42, 130, 43, 121, 60, 23, 220, 187, 24, 10]"
118606,"[66, 149, 19, 238, 36, 7, 90, 4, 157, 72]"
118607,"[279, 20, 112, 13, 51, 1, 12, 84, 119, 32]"
118608,"[25, 41, 6, 76, 97, 151, 0, 261, 51, 10]"
118609,"[220, 187, 121, 43, 12, 76, 58, 48, 45, 261]"
118610,"[26, 72, 105, 92, 77, 223, 15, 1, 73, 97]"
118611,"[147, 97, 119, 36, 14, 238, 157, 189, 223, 13]"
118612,"[76, 13, 55, 45, 20, 25, 220, 261, 48, 112]"
118613,"[14, 60, 146, 23, 24, 38, 147, 133, 43, 187]"
118614,"[32, 58, 12, 44, 66, 19, 103, 55, 6, 261]"
118615,"[5, 2, 51, 1, 49, 34, 9, 10, 4, 28]"
118616,"[28, 4, 55, 157, 122, 66, 189, 238, 19, 279]"
118617,"[4, 28, 23, 24, 142, 60, 7, 189, 84, 1]"
118618,"[147, 97, 36, 14, 157, 119, 238, 223, 90, 189]"
118619,"[121, 43, 13, 20, 279, 187, 58, 261, 48, 112]"
118620,"[27, 142, 51, 25, 124, 9, 261, 13, 112, 41]"
118621,"[133, 38, 66, 19, 149, 175, 92, 55, 58, 146]"
118622,"[138, 49, 1, 30, 23, 105, 2, 84, 130, 4]"
118623,"[220, 121, 187, 43, 42, 10, 34, 60, 24, 84]"
118624,"[138, 151, 0, 15, 1, 49, 77, 30, 189, 73]"
118625,"[42, 43, 121, 60, 220, 187, 130, 23, 10, 24]"
118626,"[64, 15, 97, 77, 1, 105, 18, 72, 0, 30]"
118627,"[20, 13, 261, 103, 76, 112, 119, 45, 279, 48]"
118628,"[238, 157, 28, 36, 66, 189, 90, 7, 19, 4]"
118629,"[82, 3, 77, 105, 15, 138, 72, 1, 18, 49]"
118630,"[58, 32, 12, 34, 189, 6, 133, 45, 13, 44]"
118631,"[92, 72, 26, 64, 133, 15, 18, 82, 77, 19]"
118632,"[49, 30, 151, 0, 97, 23, 41, 92, 14, 24]"
118633,"[44, 279, 7, 32, 112, 48, 13, 12, 261, 103]"
118634,"[220, 187, 121, 43, 60, 10, 34, 42, 24, 23]"
118635,"[187, 220, 34, 32, 103, 13, 58, 76, 279, 119]"
118636,"[0, 97, 151, 41, 14, 90, 18, 105, 92, 49]"
118637,"[6, 3, 71, 58, 15, 12, 91, 32, 25, 72]"
118638,"[64, 72, 15, 105, 77, 49, 18, 151, 30, 0]"
118639,"[45, 76, 20, 112, 48, 13, 261, 103, 119, 124]"
118640,"[138, 82, 0, 1, 151, 77, 15, 18, 26, 49]"
118641,"[279, 20, 112, 13, 48, 76, 45, 261, 51, 12]"
118642,"[64, 15, 72, 18, 19, 82, 66, 3, 77, 71]"
118643,"[223, 238, 66, 28, 189, 19, 90, 55, 157, 175]"
118644,"[3, 91, 73, 29, 17, 130, 42, 105, 77, 15]"
118645,"[29, 17, 42, 3, 73, 13, 90, 103, 91, 34]"
118646,"[13, 20, 103, 119, 48, 279, 261, 121, 34, 43]"
118647,"[10, 6, 51, 121, 9, 27, 151, 43, 25, 48]"
118648,"[29, 17, 42, 3, 90, 13, 103, 34, 73, 279]"
118649,"[82, 3, 77, 105, 138, 15, 18, 72, 49, 1]"
118650,"[42, 17, 29, 73, 3, 91, 130, 121, 112, 13]"
118651,"[66, 19, 38, 149, 55, 21, 146, 133, 12, 238]"
118652,"[24, 28, 60, 133, 23, 38, 147, 49, 14, 238]"
118653,"[41, 6, 25, 10, 82, 9, 51, 27, 2, 124]"
118654,"[92, 26, 49, 0, 73, 151, 14, 41, 30, 97]"
118655,"[142, 60, 30, 24, 23, 49, 42, 121, 220, 28]"
118656,"[151, 0, 105, 97, 25, 77, 49, 14, 30, 41]"
118657,"[147, 133, 24, 38, 14, 23, 60, 220, 36, 146]"
118658,"[73, 3, 91, 130, 17, 26, 15, 71, 29, 82]"
118659,"[146, 66, 149, 72, 38, 133, 19, 60, 12, 55]"
118660,"[73, 91, 3, 26, 130, 6, 42, 17, 15, 146]"
118661,"[112, 76, 45, 13, 279, 20, 103, 90, 119, 124]"
118662,"[12, 58, 121, 220, 13, 76, 32, 20, 45, 103]"
118663,"[13, 112, 20, 103, 279, 119, 84, 34, 32, 4]"
118664,"[77, 105, 151, 157, 189, 9, 51, 238, 90, 175]"
118665,"[9, 51, 77, 13, 27, 20, 105, 279, 112, 103]"
118666,"[0, 97, 18, 151, 51, 4, 77, 15, 73, 138]"
118667,"[147, 55, 97, 28, 36, 24, 38, 119, 60, 122]"
118668,"[147, 14, 36, 21, 157, 189, 220, 76, 48, 38]"
118669,"[91, 130, 73, 3, 29, 42, 17, 97, 51, 15]"
118670,"[124, 51, 27, 9, 20, 2, 77, 112, 119, 13]"
118671,"[121, 220, 34, 261, 187, 76, 44, 84, 20, 13]"
118672,"[4, 24, 157, 36, 149, 66, 7, 223, 28, 112]"
118673,"[77, 105, 119, 151, 97, 51, 124, 0, 112, 27]"
118674,"[112, 119, 13, 279, 103, 20, 238, 175, 51, 157]"
118675,"[18, 72, 15, 82, 64, 71, 19, 3, 105, 66]"
118676,"[220, 121, 187, 43, 42, 34, 60, 23, 24, 10]"
118677,"[25, 6, 151, 41, 10, 76, 91, 60, 261, 48]"
118678,"[189, 223, 14, 66, 19, 36, 157, 90, 149, 28]"
118679,"[51, 27, 20, 9, 124, 112, 13, 77, 119, 103]"
118680,"[91, 73, 3, 130, 17, 15, 72, 6, 29, 42]"
118681,"[28, 4, 1, 7, 24, 34, 23, 60, 121, 84]"
118682,"[36, 147, 238, 189, 157, 223, 175, 14, 119, 21]"
118683,"[238, 157, 36, 189, 90, 223, 151, 14, 103, 21]"
118684,"[26, 97, 49, 92, 73, 0, 151, 1, 14, 30]"
118685,"[84, 187, 220, 34, 121, 43, 42, 4, 7, 28]"
118686,"[24, 28, 23, 142, 4, 60, 7, 187, 49, 121]"
118687,"[13, 121, 119, 20, 48, 279, 103, 43, 261, 34]"
118688,"[220, 187, 121, 76, 147, 58, 12, 45, 6, 43]"
118689,"[149, 66, 19, 38, 133, 146, 72, 55, 15, 32]"
118690,"[4, 24, 36, 157, 149, 7, 66, 28, 60, 23]"
118691,"[84, 121, 34, 187, 220, 43, 4, 7, 10, 60]"
118692,"[13, 20, 261, 119, 76, 103, 279, 48, 112, 45]"
118693,"[138, 1, 30, 49, 23, 2, 4, 28, 142, 151]"
118694,"[21, 189, 36, 90, 147, 157, 14, 238, 223, 175]"
118695,"[48, 45, 76, 261, 14, 13, 20, 103, 58, 279]"
118696,"[5, 51, 34, 2, 71, 27, 9, 25, 32, 10]"
118697,"[133, 147, 14, 146, 38, 24, 60, 58, 142, 121]"
118698,"[25, 51, 9, 41, 27, 13, 105, 76, 119, 6]"
118699,"[175, 36, 189, 112, 90, 13, 157, 223, 238, 20]"
118700,"[105, 151, 0, 30, 49, 77, 138, 97, 64, 72]"
118701,"[49, 30, 151, 6, 97, 92, 38, 73, 41, 14]"
118702,"[82, 15, 18, 105, 1, 77, 72, 149, 36, 64]"
118703,"[187, 43, 220, 20, 261, 45, 119, 121, 32, 84]"
118704,"[44, 279, 7, 112, 32, 13, 103, 20, 2, 34]"
118705,"[49, 30, 1, 10, 23, 24, 60, 142, 151, 43]"
118706,"[18, 105, 97, 72, 15, 77, 0, 151, 30, 1]"
118707,"[0, 97, 151, 51, 18, 77, 41, 90, 105, 189]"
118708,"[71, 72, 15, 82, 3, 18, 6, 279, 9, 27]"
118709,"[189, 223, 19, 14, 66, 157, 90, 238, 36, 28]"
118710,"[279, 20, 112, 12, 13, 48, 51, 1, 76, 45]"
118711,"[130, 91, 42, 3, 73, 10, 1, 5, 30, 105]"
118712,"[19, 189, 66, 157, 28, 223, 175, 149, 21, 4]"
118713,"[41, 25, 6, 76, 10, 261, 49, 14, 0, 9]"
118714,"[238, 21, 66, 14, 223, 175, 157, 36, 24, 189]"
118715,"[51, 27, 9, 25, 0, 41, 20, 112, 279, 124]"
118716,"[20, 261, 13, 84, 45, 58, 48, 279, 119, 14]"
118717,"[112, 279, 45, 20, 76, 103, 13, 119, 48, 261]"
118718,"[32, 12, 58, 279, 112, 19, 103, 119, 43, 149]"
118719,"[7, 44, 23, 55, 90, 28, 157, 189, 19, 66]"
118720,"[34, 13, 20, 103, 119, 84, 187, 32, 279, 112]"
118721,"[14, 189, 223, 157, 238, 36, 175, 90, 21, 147]"
118722,"[43, 187, 220, 121, 10, 42, 34, 23, 7, 60]"
118723,"[26, 151, 0, 49, 1, 30, 97, 92, 72, 15]"
118724,"[92, 26, 133, 72, 6, 15, 91, 64, 30, 10]"
118725,"[42, 121, 60, 220, 130, 24, 187, 23, 43, 142]"
118726,"[32, 12, 58, 279, 112, 103, 119, 43, 19, 17]"
118727,"[13, 103, 20, 112, 279, 119, 34, 32, 84, 189]"
118728,"[41, 25, 6, 49, 10, 97, 38, 9, 261, 26]"
118729,"[42, 91, 29, 17, 73, 130, 3, 60, 14, 45]"
118730,"[92, 15, 18, 72, 0, 82, 64, 105, 91, 26]"
118731,"[119, 13, 20, 34, 84, 32, 103, 112, 279, 29]"
118732,"[77, 105, 15, 151, 72, 82, 49, 1, 157, 30]"
118733,"[175, 189, 238, 223, 90, 157, 36, 105, 13, 21]"
118734,"[20, 279, 13, 112, 103, 119, 261, 76, 51, 21]"
118735,"[44, 279, 7, 32, 48, 112, 13, 261, 12, 103]"
118736,"[138, 82, 77, 1, 26, 15, 18, 105, 0, 3]"
118737,"[1, 77, 15, 82, 105, 4, 28, 18, 279, 72]"
118738,"[25, 6, 41, 76, 151, 261, 121, 51, 10, 0]"
118739,"[7, 36, 43, 175, 66, 157, 14, 23, 238, 19]"
118740,"[103, 34, 13, 32, 20, 261, 279, 112, 84, 119]"
118741,"[90, 0, 97, 223, 157, 14, 189, 175, 238, 21]"
118742,"[19, 66, 149, 133, 38, 146, 55, 32, 72, 238]"
118743,"[189, 19, 157, 66, 28, 223, 149, 175, 238, 21]"
118744,"[220, 261, 12, 45, 48, 20, 58, 32, 13, 34]"
118745,"[279, 20, 103, 13, 112, 32, 34, 119, 71, 84]"
118746,"[146, 38, 133, 66, 58, 14, 6, 12, 149, 19]"
118747,"[55, 19, 66, 149, 18, 38, 82, 122, 15, 28]"
118748,"[119, 112, 13, 45, 20, 103, 279, 76, 32, 261]"
118749,"[142, 60, 24, 23, 187, 121, 28, 7, 10, 220]"
118750,"[6, 91, 12, 58, 25, 3, 73, 10, 41, 146]"
118751,"[84, 220, 34, 187, 121, 43, 42, 4, 7, 28]"
118752,"[28, 23, 24, 4, 142, 7, 60, 187, 49, 42]"
118753,"[119, 13, 20, 112, 147, 103, 76, 48, 45, 279]"
118754,"[38, 60, 147, 146, 14, 133, 23, 24, 66, 149]"
118755,"[1, 77, 15, 105, 82, 49, 18, 72, 28, 279]"
118756,"[42, 43, 29, 121, 175, 17, 60, 146, 73, 45]"
118757,"[48, 45, 13, 20, 261, 76, 112, 103, 279, 119]"
118758,"[151, 105, 0, 30, 49, 77, 15, 138, 72, 1]"
118759,"[133, 66, 14, 38, 36, 189, 7, 149, 146, 157]"
118760,"[279, 20, 112, 13, 51, 12, 84, 1, 119, 32]"
118761,"[142, 60, 28, 24, 23, 49, 30, 7, 1, 4]"
118762,"[19, 66, 149, 55, 12, 119, 38, 92, 72, 15]"
118763,"[189, 223, 21, 36, 4, 38, 55, 19, 157, 28]"
118764,"[32, 112, 279, 12, 103, 119, 19, 66, 149, 17]"
118765,"[10, 6, 41, 25, 121, 49, 187, 58, 220, 43]"
118766,"[122, 55, 66, 19, 15, 149, 238, 28, 133, 72]"
118767,"[45, 48, 76, 261, 58, 20, 12, 220, 14, 119]"
118768,"[71, 279, 45, 2, 27, 9, 25, 10, 51, 20]"
118769,"[44, 13, 84, 119, 20, 76, 261, 48, 103, 187]"
118770,"[0, 97, 18, 90, 151, 77, 105, 14, 51, 41]"
118771,"[17, 73, 3, 29, 149, 55, 32, 66, 42, 19]"
118772,"[64, 72, 15, 18, 82, 92, 6, 3, 71, 66]"
118773,"[21, 66, 20, 14, 238, 19, 90, 261, 4, 7]"
118774,"[92, 0, 105, 15, 49, 18, 72, 1, 51, 77]"
118775,"[73, 91, 3, 6, 17, 26, 130, 42, 151, 58]"
118776,"[45, 48, 76, 20, 261, 119, 112, 13, 58, 103]"
118777,"[84, 13, 20, 34, 119, 36, 32, 112, 157, 279]"
118778,"[21, 189, 36, 238, 157, 90, 223, 13, 119, 175]"
118779,"[19, 66, 149, 55, 18, 15, 122, 189, 157, 146]"
118780,"[23, 14, 24, 146, 38, 60, 142, 147, 19, 133]"
118781,"[7, 23, 28, 60, 142, 24, 4, 34, 220, 42]"
118782,"[91, 73, 3, 6, 130, 26, 58, 42, 12, 25]"
118783,"[261, 103, 45, 13, 20, 76, 48, 14, 112, 32]"
118784,"[220, 187, 121, 43, 34, 24, 84, 7, 4, 42]"
118785,"[220, 12, 45, 20, 34, 261, 58, 103, 76, 121]"
118786,"[124, 27, 9, 41, 149, 25, 105, 51, 103, 45]"
118787,"[15, 18, 77, 105, 82, 72, 26, 30, 1, 0]"
118788,"[187, 34, 121, 220, 84, 43, 42, 10, 7, 60]"
118789,"[2, 27, 51, 18, 71, 6, 112, 10, 5, 15]"
118790,"[64, 72, 15, 151, 92, 82, 26, 3, 18, 73]"
118791,"[149, 19, 66, 238, 157, 36, 189, 4, 28, 223]"
118792,"[151, 77, 97, 105, 0, 64, 25, 189, 175, 18]"
118793,"[51, 9, 105, 124, 27, 103, 20, 13, 77, 157]"
118794,"[220, 187, 121, 76, 147, 12, 58, 112, 45, 34]"
118795,"[71, 6, 51, 25, 9, 30, 10, 27, 5, 124]"
118796,"[24, 147, 133, 4, 60, 23, 14, 38, 121, 28]"
118797,"[175, 36, 90, 223, 21, 238, 77, 157, 189, 119]"
118798,"[45, 48, 76, 20, 261, 119, 112, 13, 58, 103]"
118799,"[91, 3, 130, 73, 42, 133, 29, 6, 151, 97]"
118800,"[77, 105, 72, 15, 1, 64, 119, 18, 82, 19]"
118801,"[42, 17, 121, 29, 60, 34, 187, 130, 220, 28]"
118802,"[90, 223, 189, 36, 21, 157, 112, 66, 175, 19]"
118803,"[41, 51, 9, 25, 0, 27, 124, 13, 97, 261]"
118804,"[51, 9, 27, 124, 112, 20, 25, 279, 0, 13]"
118805,"[48, 45, 13, 20, 279, 112, 261, 76, 119, 103]"
118806,"[45, 76, 187, 112, 261, 20, 103, 32, 48, 58]"
118807,"[73, 17, 51, 3, 91, 42, 130, 29, 9, 72]"
118808,"[92, 0, 105, 15, 18, 49, 1, 72, 77, 51]"
118809,"[23, 28, 142, 24, 7, 4, 60, 1, 34, 121]"
118810,"[29, 17, 42, 3, 73, 91, 130, 90, 13, 103]"
118811,"[10, 41, 6, 25, 130, 49, 43, 30, 45, 51]"
118812,"[97, 0, 105, 151, 18, 55, 77, 1, 49, 72]"
118813,"[48, 34, 45, 58, 76, 121, 103, 13, 279, 261]"
118814,"[20, 13, 119, 279, 261, 103, 223, 112, 51, 45]"
118815,"[14, 21, 66, 238, 223, 36, 7, 189, 20, 90]"
118816,"[279, 20, 112, 13, 51, 119, 189, 157, 48, 103]"
118817,"[17, 29, 3, 42, 73, 91, 19, 103, 13, 130]"
118818,"[34, 121, 187, 220, 84, 58, 43, 2, 32, 10]"
118819,"[20, 13, 103, 279, 112, 119, 32, 34, 238, 66]"
118820,"[58, 12, 32, 121, 34, 45, 76, 220, 187, 48]"
118821,"[90, 223, 189, 36, 175, 66, 157, 21, 28, 112]"
118822,"[238, 66, 55, 36, 19, 28, 189, 223, 149, 2]"
118823,"[279, 20, 103, 13, 112, 119, 238, 157, 51, 29]"
118824,"[103, 261, 32, 112, 13, 119, 45, 66, 20, 19]"
118825,"[147, 97, 14, 76, 45, 151, 36, 0, 48, 38]"
118826,"[41, 25, 6, 76, 261, 10, 51, 14, 9, 0]"
118827,"[261, 12, 121, 20, 45, 76, 14, 187, 48, 220]"
118828,"[42, 91, 73, 29, 130, 43, 3, 17, 175, 146]"
118829,"[21, 14, 261, 20, 238, 90, 103, 66, 223, 157]"
118830,"[7, 23, 28, 60, 142, 24, 4, 34, 220, 121]"
118831,"[238, 157, 36, 189, 90, 223, 21, 112, 103, 279]"
118832,"[29, 119, 90, 20, 17, 223, 238, 13, 112, 175]"
118833,"[124, 27, 9, 2, 149, 51, 71, 3, 103, 15]"
118834,"[66, 19, 28, 189, 55, 4, 223, 149, 7, 238]"
118835,"[124, 27, 51, 6, 2, 9, 71, 84, 25, 41]"
118836,"[44, 279, 7, 112, 32, 48, 13, 103, 12, 261]"
118837,"[6, 71, 25, 51, 10, 9, 41, 27, 5, 12]"
118838,"[10, 6, 51, 9, 27, 151, 25, 121, 71, 43]"
118839,"[30, 49, 71, 0, 151, 15, 142, 92, 26, 1]"
118840,"[28, 4, 1, 7, 24, 34, 23, 60, 142, 84]"
118841,"[2, 51, 27, 10, 6, 18, 71, 25, 112, 121]"
118842,"[43, 7, 10, 121, 220, 187, 42, 4, 34, 84]"
118843,"[142, 19, 103, 7, 55, 28, 21, 14, 48, 60]"
118844,"[12, 58, 45, 76, 220, 187, 43, 121, 6, 261]"
118845,"[3, 73, 91, 17, 15, 82, 72, 71, 18, 6]"
118846,"[82, 15, 18, 105, 1, 72, 26, 151, 77, 149]"
118847,"[5, 2, 10, 1, 34, 121, 124, 76, 220, 84]"
118848,"[23, 24, 49, 60, 7, 142, 42, 28, 43, 121]"
118849,"[91, 3, 130, 73, 42, 133, 6, 29, 97, 151]"
118850,"[124, 27, 149, 9, 41, 71, 3, 2, 6, 25]"
118851,"[41, 25, 9, 51, 27, 6, 20, 124, 76, 261]"
118852,"[2, 27, 18, 51, 71, 6, 112, 10, 9, 5]"
118853,"[43, 187, 220, 34, 7, 121, 10, 42, 84, 23]"
118854,"[151, 0, 77, 97, 105, 238, 72, 189, 51, 25]"
118855,"[142, 27, 23, 60, 133, 14, 21, 38, 146, 147]"
118856,"[72, 15, 82, 18, 71, 146, 66, 64, 3, 26]"
118857,"[38, 60, 147, 146, 14, 133, 23, 24, 49, 30]"
118858,"[51, 27, 9, 124, 20, 0, 112, 13, 77, 279]"
118859,"[121, 43, 13, 187, 20, 261, 279, 220, 112, 48]"
118860,"[48, 45, 13, 76, 20, 261, 119, 112, 103, 58]"
118861,"[138, 82, 77, 1, 26, 18, 15, 105, 3, 0]"
118862,"[45, 103, 261, 48, 76, 12, 20, 112, 13, 58]"
118863,"[26, 1, 82, 92, 77, 97, 51, 72, 49, 73]"
118864,"[103, 20, 261, 13, 45, 48, 76, 279, 112, 119]"
118865,"[19, 119, 66, 149, 223, 238, 189, 28, 29, 55]"
118866,"[66, 19, 38, 149, 55, 21, 12, 133, 146, 72]"
118867,"[5, 2, 51, 34, 1, 49, 28, 4, 9, 10]"
118868,"[18, 15, 0, 82, 105, 2, 175, 97, 77, 1]"
118869,"[25, 6, 41, 10, 121, 60, 76, 151, 261, 91]"
118870,"[12, 58, 76, 45, 48, 261, 220, 121, 43, 20]"
118871,"[0, 97, 18, 15, 90, 105, 77, 151, 72, 64]"
118872,"[14, 66, 21, 238, 175, 36, 223, 157, 90, 28]"
118873,"[4, 189, 28, 21, 142, 19, 36, 24, 66, 23]"
118874,"[121, 187, 34, 261, 20, 13, 84, 220, 58, 76]"
118875,"[84, 34, 220, 187, 121, 43, 4, 42, 7, 28]"
118876,"[54, 51, 13, 279, 20, 103, 84, 5, 112, 34]"
118877,"[238, 36, 189, 223, 157, 21, 14, 55, 66, 90]"
118878,"[130, 91, 73, 3, 42, 151, 29, 0, 17, 30]"
118879,"[49, 30, 1, 10, 24, 23, 60, 142, 28, 42]"
118880,"[187, 34, 121, 223, 58, 220, 45, 48, 84, 20]"
118881,"[58, 32, 12, 34, 133, 189, 6, 146, 17, 13]"
118882,"[20, 13, 84, 119, 279, 34, 261, 103, 29, 223]"
118883,"[175, 7, 36, 189, 112, 42, 43, 66, 146, 19]"
118884,"[20, 279, 13, 261, 112, 76, 45, 103, 119, 48]"
118885,"[29, 119, 90, 17, 223, 20, 238, 13, 112, 42]"
118886,"[12, 58, 45, 76, 220, 43, 187, 261, 121, 6]"
118887,"[49, 1, 30, 28, 10, 24, 23, 60, 142, 15]"
118888,"[26, 73, 92, 151, 97, 30, 187, 49, 0, 146]"
118889,"[138, 105, 15, 151, 0, 157, 77, 18, 49, 223]"
118890,"[77, 105, 151, 0, 97, 15, 157, 9, 25, 51]"
118891,"[30, 49, 1, 142, 60, 24, 23, 7, 10, 42]"
118892,"[151, 77, 64, 15, 97, 18, 1, 82, 72, 25]"
118893,"[48, 45, 261, 76, 14, 20, 13, 112, 279, 25]"
118894,"[105, 77, 157, 18, 15, 223, 151, 82, 72, 51]"
118895,"[6, 71, 25, 10, 51, 9, 27, 41, 5, 73]"
118896,"[279, 20, 103, 13, 112, 32, 45, 119, 261, 34]"
118897,"[121, 220, 34, 84, 60, 187, 7, 43, 23, 10]"
118898,"[29, 17, 42, 3, 119, 223, 90, 238, 19, 91]"
118899,"[54, 121, 13, 12, 103, 20, 6, 27, 32, 48]"
118900,"[55, 238, 157, 60, 66, 28, 122, 223, 189, 19]"
118901,"[157, 223, 90, 36, 238, 105, 189, 14, 175, 147]"
118902,"[10, 121, 43, 30, 49, 6, 220, 2, 42, 187]"
118903,"[121, 220, 76, 261, 187, 25, 60, 12, 58, 45]"
118904,"[20, 279, 13, 112, 103, 119, 32, 84, 34, 21]"
118905,"[18, 15, 82, 175, 105, 2, 1, 90, 77, 0]"
118906,"[12, 58, 76, 45, 220, 48, 261, 20, 121, 43]"
118907,"[21, 189, 90, 36, 157, 238, 223, 13, 175, 119]"
118908,"[84, 34, 4, 121, 220, 7, 187, 2, 28, 43]"
118909,"[147, 97, 24, 38, 14, 60, 23, 76, 58, 146]"
118910,"[2, 51, 27, 10, 6, 18, 71, 25, 112, 121]"
118911,"[10, 43, 121, 2, 6, 51, 49, 1, 34, 30]"
118912,"[30, 49, 1, 138, 7, 71, 28, 142, 23, 24]"
118913,"[51, 27, 9, 112, 20, 279, 124, 0, 13, 25]"
118914,"[21, 189, 223, 14, 36, 157, 238, 90, 175, 147]"
118915,"[261, 103, 45, 76, 48, 121, 32, 58, 14, 187]"
118916,"[34, 187, 121, 220, 84, 58, 43, 2, 32, 10]"
118917,"[73, 3, 91, 17, 130, 26, 15, 29, 42, 71]"
118918,"[51, 27, 9, 10, 25, 6, 0, 41, 20, 124]"
118919,"[92, 0, 91, 15, 133, 6, 26, 73, 12, 72]"
118920,"[19, 66, 149, 7, 133, 38, 238, 36, 23, 14]"
118921,"[133, 189, 122, 149, 21, 147, 90, 223, 19, 14]"
118922,"[3, 91, 73, 17, 6, 15, 130, 64, 72, 42]"
118923,"[23, 142, 24, 60, 121, 187, 42, 14, 220, 49]"
118924,"[26, 72, 15, 18, 82, 19, 66, 92, 64, 6]"
118925,"[21, 189, 223, 36, 19, 66, 14, 90, 238, 157]"
118926,"[189, 223, 21, 4, 38, 19, 36, 157, 90, 14]"
118927,"[122, 133, 28, 189, 90, 149, 19, 14, 23, 4]"
118928,"[43, 13, 32, 20, 58, 12, 42, 119, 7, 121]"
118929,"[124, 112, 27, 76, 9, 41, 51, 77, 45, 90]"
118930,"[175, 189, 90, 223, 157, 238, 36, 105, 21, 13]"
118931,"[133, 14, 147, 146, 38, 24, 60, 58, 142, 23]"
118932,"[60, 24, 23, 42, 121, 142, 28, 220, 49, 30]"
118933,"[90, 223, 189, 36, 157, 175, 112, 21, 238, 13]"
118934,"[71, 279, 2, 9, 27, 51, 20, 77, 15, 5]"
118935,"[55, 238, 157, 66, 60, 28, 122, 189, 223, 19]"
118936,"[92, 26, 30, 10, 133, 49, 77, 151, 0, 48]"
118937,"[71, 6, 51, 25, 9, 10, 30, 5, 27, 124]"
118938,"[91, 3, 73, 130, 29, 25, 42, 17, 105, 6]"
118939,"[138, 1, 30, 49, 2, 23, 4, 130, 151, 142]"
118940,"[0, 97, 18, 90, 77, 105, 151, 51, 14, 41]"
118941,"[12, 58, 32, 6, 45, 66, 149, 76, 220, 44]"
118942,"[103, 32, 34, 20, 13, 112, 44, 66, 261, 119]"
118943,"[189, 223, 90, 238, 36, 21, 157, 147, 14, 105]"
118944,"[4, 24, 28, 7, 34, 60, 84, 23, 1, 157]"
118945,"[84, 34, 220, 28, 121, 4, 187, 20, 43, 2]"
118946,"[32, 58, 12, 44, 66, 103, 55, 19, 261, 146]"
118947,"[82, 77, 1, 15, 72, 105, 18, 3, 64, 149]"
118948,"[189, 223, 157, 90, 238, 21, 36, 175, 14, 20]"
118949,"[77, 105, 151, 0, 157, 97, 238, 15, 189, 51]"
118950,"[84, 121, 187, 220, 34, 48, 20, 13, 279, 112]"
118951,"[279, 20, 103, 112, 45, 13, 261, 119, 76, 48]"
118952,"[146, 14, 133, 23, 60, 38, 261, 26, 147, 58]"
118953,"[279, 103, 20, 45, 112, 13, 32, 261, 34, 119]"
118954,"[2, 1, 49, 10, 27, 5, 130, 124, 187, 84]"
118955,"[30, 77, 49, 105, 72, 92, 151, 15, 1, 64]"
118956,"[7, 23, 28, 60, 24, 34, 4, 142, 220, 42]"
118957,"[24, 28, 60, 4, 23, 49, 220, 121, 7, 142]"
118958,"[18, 105, 77, 72, 15, 1, 97, 64, 82, 0]"
118959,"[43, 12, 42, 187, 58, 261, 121, 76, 45, 220]"
118960,"[17, 29, 73, 42, 3, 36, 55, 4, 91, 149]"
118961,"[187, 220, 34, 121, 43, 28, 23, 84, 24, 142]"
118962,"[220, 187, 34, 279, 121, 32, 13, 12, 119, 76]"
118963,"[146, 66, 149, 19, 38, 55, 133, 58, 64, 72]"
118964,"[58, 45, 48, 12, 261, 76, 220, 121, 43, 187]"
118965,"[130, 42, 10, 2, 30, 73, 3, 49, 1, 138]"
118966,"[24, 4, 147, 133, 60, 23, 14, 38, 28, 121]"
118967,"[103, 261, 32, 112, 119, 20, 13, 45, 34, 187]"
118968,"[51, 0, 27, 25, 9, 41, 124, 112, 151, 77]"
118969,"[189, 223, 90, 238, 21, 36, 34, 157, 19, 32]"
118970,"[18, 15, 0, 97, 72, 64, 82, 26, 6, 90]"
118971,"[12, 58, 6, 45, 76, 220, 38, 32, 43, 121]"
118972,"[82, 72, 15, 3, 26, 18, 64, 6, 92, 73]"
118973,"[72, 15, 82, 18, 66, 71, 3, 146, 64, 19]"
118974,"[49, 30, 23, 24, 60, 1, 10, 142, 43, 42]"
118975,"[45, 20, 112, 261, 76, 103, 13, 48, 279, 119]"
118976,"[54, 51, 48, 13, 279, 20, 6, 121, 45, 103]"
118977,"[43, 187, 121, 220, 12, 76, 10, 58, 41, 261]"
118978,"[13, 20, 119, 84, 34, 103, 279, 32, 112, 189]"
118979,"[21, 189, 36, 90, 157, 223, 238, 175, 13, 147]"
118980,"[97, 0, 151, 49, 147, 105, 18, 30, 55, 38]"
118981,"[43, 76, 187, 220, 121, 58, 45, 12, 261, 38]"
118982,"[64, 151, 72, 15, 77, 1, 90, 18, 82, 124]"
118983,"[0, 97, 18, 15, 90, 92, 105, 77, 151, 72]"
118984,"[90, 0, 97, 223, 157, 14, 238, 189, 36, 29]"
118985,"[105, 77, 157, 151, 18, 223, 138, 15, 97, 49]"
118986,"[84, 121, 34, 187, 220, 48, 20, 13, 279, 112]"
118987,"[13, 20, 103, 112, 45, 261, 279, 76, 119, 48]"
118988,"[44, 32, 12, 13, 71, 6, 119, 19, 84, 58]"
118989,"[157, 223, 149, 90, 36, 238, 19, 189, 21, 105]"
118990,"[20, 279, 13, 112, 103, 32, 34, 119, 21, 84]"
118991,"[71, 72, 15, 82, 6, 279, 3, 18, 12, 20]"
118992,"[60, 157, 90, 36, 38, 28, 55, 24, 23, 66]"
118993,"[23, 24, 60, 7, 121, 28, 142, 49, 42, 220]"
118994,"[90, 223, 189, 36, 175, 112, 157, 21, 66, 19]"
118995,"[24, 23, 142, 60, 49, 187, 28, 42, 4, 121]"
118996,"[90, 0, 97, 223, 157, 14, 238, 189, 36, 21]"
118997,"[73, 91, 3, 6, 17, 42, 26, 130, 151, 58]"
118998,"[58, 12, 32, 133, 146, 220, 34, 121, 45, 48]"
118999,"[28, 4, 24, 23, 7, 60, 1, 34, 121, 220]"
119000,"[103, 20, 261, 45, 13, 76, 48, 279, 112, 119]"
119001,"[20, 13, 119, 261, 279, 103, 223, 29, 51, 112]"
119002,"[36, 238, 189, 157, 147, 223, 175, 119, 21, 149]"
119003,"[64, 15, 72, 18, 19, 66, 3, 82, 71, 77]"
119004,"[64, 15, 18, 72, 19, 82, 3, 71, 66, 77]"
119005,"[26, 73, 92, 82, 6, 15, 72, 133, 91, 38]"
119006,"[34, 187, 220, 84, 121, 28, 43, 23, 24, 7]"
119007,"[43, 13, 12, 119, 58, 121, 32, 20, 7, 187]"
119008,"[77, 105, 72, 151, 15, 82, 49, 1, 30, 18]"
119009,"[175, 189, 36, 112, 90, 157, 13, 14, 238, 223]"
119010,"[90, 223, 0, 157, 238, 97, 189, 21, 36, 175]"
119011,"[20, 279, 13, 112, 103, 32, 34, 119, 84, 261]"
119012,"[142, 27, 21, 23, 149, 60, 238, 133, 14, 66]"
119013,"[41, 9, 25, 27, 51, 124, 6, 112, 261, 97]"
119014,"[36, 90, 223, 157, 189, 175, 21, 14, 238, 147]"
119015,"[97, 0, 26, 151, 18, 49, 105, 30, 91, 133]"
119016,"[90, 223, 189, 36, 112, 175, 157, 21, 238, 14]"
119017,"[9, 41, 51, 27, 124, 25, 13, 112, 20, 76]"
119018,"[21, 189, 223, 36, 14, 90, 157, 238, 175, 147]"
119019,"[84, 34, 20, 13, 279, 112, 119, 187, 32, 124]"
119020,"[91, 73, 3, 130, 6, 17, 42, 26, 15, 146]"
119021,"[238, 36, 223, 189, 157, 21, 14, 90, 55, 66]"
119022,"[36, 149, 90, 66, 223, 157, 238, 189, 4, 175]"
119023,"[36, 90, 223, 175, 157, 189, 21, 238, 105, 112]"
119024,"[4, 28, 7, 189, 84, 1, 24, 142, 23, 34]"
119025,"[149, 66, 19, 38, 72, 15, 55, 32, 133, 146]"
119026,"[18, 15, 82, 6, 72, 92, 0, 64, 19, 3]"
119027,"[146, 66, 149, 38, 19, 55, 133, 64, 58, 72]"
119028,"[28, 24, 23, 220, 60, 121, 4, 49, 34, 7]"
119029,"[28, 23, 24, 4, 60, 7, 34, 142, 121, 42]"
119030,"[4, 24, 36, 157, 149, 28, 7, 66, 238, 223]"
119031,"[14, 261, 21, 147, 48, 76, 45, 20, 0, 238]"
119032,"[45, 220, 12, 58, 76, 48, 261, 121, 187, 43]"
119033,"[138, 105, 15, 157, 151, 0, 77, 223, 49, 18]"
119034,"[66, 19, 55, 38, 146, 149, 15, 133, 32, 12]"
119035,"[151, 97, 0, 49, 25, 91, 77, 64, 6, 30]"
119036,"[149, 66, 38, 19, 124, 133, 55, 146, 32, 12]"
119037,"[18, 105, 97, 72, 15, 77, 0, 151, 30, 1]"
119038,"[54, 121, 13, 103, 20, 32, 48, 12, 51, 261]"
119039,"[14, 261, 21, 147, 48, 45, 76, 0, 20, 238]"
119040,"[175, 36, 19, 7, 122, 66, 90, 223, 21, 77]"
119041,"[130, 91, 3, 73, 42, 105, 17, 29, 10, 5]"
119042,"[90, 223, 189, 21, 36, 157, 175, 66, 238, 112]"
119043,"[151, 77, 64, 15, 97, 18, 72, 1, 82, 91]"
119044,"[51, 27, 9, 20, 112, 124, 13, 119, 25, 41]"
119045,"[133, 14, 147, 38, 146, 24, 58, 60, 23, 142]"
119046,"[147, 14, 220, 38, 24, 146, 36, 23, 133, 21]"
119047,"[90, 189, 223, 21, 238, 36, 157, 175, 13, 103]"
119048,"[157, 14, 146, 189, 28, 66, 223, 149, 23, 90]"
119049,"[34, 121, 84, 187, 220, 43, 42, 7, 10, 28]"
119050,"[279, 20, 112, 12, 13, 48, 51, 121, 76, 1]"
119051,"[147, 97, 14, 76, 48, 119, 157, 45, 36, 0]"
119052,"[12, 58, 32, 6, 45, 66, 76, 149, 44, 71]"
119053,"[1, 49, 30, 151, 77, 15, 4, 97, 82, 26]"
119054,"[149, 66, 38, 19, 124, 133, 55, 146, 12, 122]"
119055,"[48, 45, 58, 13, 76, 12, 20, 261, 84, 119]"
119056,"[10, 121, 49, 187, 220, 2, 43, 34, 130, 5]"
119057,"[51, 9, 6, 5, 10, 71, 13, 41, 27, 25]"
119058,"[112, 13, 76, 279, 20, 45, 103, 124, 261, 90]"
119059,"[23, 7, 28, 24, 60, 4, 49, 142, 121, 43]"
119060,"[64, 15, 77, 1, 18, 105, 72, 97, 223, 7]"
119061,"[42, 29, 17, 73, 3, 91, 121, 130, 34, 45]"
119062,"[38, 66, 149, 19, 55, 146, 133, 15, 147, 60]"
119063,"[10, 121, 43, 6, 30, 220, 49, 42, 187, 2]"
119064,"[82, 3, 15, 18, 72, 77, 105, 64, 66, 55]"
119065,"[23, 14, 24, 146, 147, 60, 38, 142, 133, 19]"
119066,"[0, 97, 18, 90, 15, 105, 92, 77, 151, 49]"
119067,"[55, 60, 238, 157, 66, 28, 38, 122, 76, 223]"
119068,"[133, 147, 146, 14, 24, 38, 58, 60, 23, 189]"
119069,"[112, 279, 20, 103, 13, 119, 45, 51, 76, 189]"
119070,"[189, 223, 133, 90, 238, 21, 36, 58, 34, 157]"
119071,"[3, 73, 91, 130, 42, 17, 105, 29, 25, 6]"
119072,"[124, 51, 27, 9, 25, 41, 20, 6, 112, 45]"
119073,"[54, 220, 121, 34, 84, 187, 2, 43, 5, 10]"
119074,"[84, 34, 121, 4, 2, 60, 220, 28, 7, 13]"
119075,"[4, 24, 157, 36, 149, 28, 7, 60, 66, 147]"
119076,"[138, 1, 49, 30, 2, 151, 23, 0, 4, 142]"
119077,"[20, 279, 261, 13, 76, 103, 45, 112, 119, 48]"
119078,"[133, 122, 149, 19, 38, 146, 66, 58, 12, 32]"
119079,"[44, 6, 12, 58, 121, 19, 32, 71, 66, 103]"
119080,"[30, 38, 49, 105, 151, 1, 71, 77, 15, 0]"
119081,"[4, 28, 7, 66, 23, 1, 60, 84, 24, 149]"
119082,"[112, 76, 279, 13, 20, 45, 32, 12, 220, 34]"
119083,"[84, 121, 34, 220, 60, 187, 4, 43, 10, 2]"
119084,"[119, 13, 20, 112, 103, 279, 189, 51, 34, 223]"
119085,"[189, 223, 14, 19, 66, 157, 238, 36, 90, 28]"
119086,"[55, 66, 19, 149, 38, 133, 12, 146, 58, 32]"
119087,"[220, 187, 34, 121, 84, 43, 28, 42, 60, 23]"
119088,"[43, 7, 13, 12, 119, 58, 32, 187, 121, 45]"
119089,"[0, 97, 151, 18, 41, 14, 90, 77, 49, 25]"
119090,"[261, 76, 45, 48, 14, 20, 13, 103, 279, 58]"
119091,"[29, 17, 42, 3, 20, 13, 238, 223, 119, 91]"
119092,"[20, 13, 103, 112, 119, 279, 238, 261, 51, 21]"
119093,"[151, 0, 49, 30, 105, 97, 26, 92, 25, 73]"
119094,"[76, 45, 48, 261, 12, 14, 20, 112, 58, 13]"
119095,"[26, 73, 49, 97, 92, 0, 10, 14, 48, 1]"
119096,"[105, 82, 77, 72, 97, 15, 18, 49, 1, 151]"
119097,"[103, 45, 20, 261, 13, 48, 76, 12, 279, 32]"
119098,"[51, 27, 6, 10, 2, 71, 25, 41, 124, 20]"
119099,"[17, 73, 3, 29, 149, 55, 32, 66, 42, 91]"
119100,"[97, 0, 105, 18, 151, 55, 1, 77, 49, 72]"
119101,"[7, 36, 175, 43, 14, 157, 23, 238, 19, 66]"
119102,"[51, 27, 20, 25, 41, 124, 9, 112, 261, 13]"
119103,"[19, 66, 149, 55, 119, 15, 72, 122, 18, 223]"
119104,"[72, 15, 77, 105, 64, 82, 18, 1, 49, 30]"
119105,"[0, 97, 151, 18, 14, 90, 41, 77, 105, 25]"
119106,"[130, 91, 42, 10, 30, 73, 49, 3, 1, 220]"
119107,"[142, 60, 23, 28, 24, 7, 4, 49, 34, 30]"
119108,"[220, 187, 121, 43, 34, 60, 23, 42, 24, 84]"
119109,"[12, 58, 32, 6, 149, 133, 55, 66, 38, 44]"
119110,"[64, 72, 15, 77, 105, 49, 18, 30, 82, 0]"
119111,"[13, 112, 20, 103, 261, 279, 76, 45, 119, 48]"
119112,"[112, 13, 279, 20, 103, 90, 76, 119, 27, 124]"
119113,"[76, 45, 261, 48, 12, 14, 112, 20, 58, 13]"
119114,"[82, 77, 3, 105, 15, 18, 1, 72, 223, 238]"
119115,"[119, 112, 13, 32, 20, 34, 279, 103, 84, 187]"
119116,"[25, 6, 51, 41, 27, 76, 157, 279, 261, 9]"
119117,"[82, 3, 15, 72, 18, 77, 64, 66, 105, 71]"
119118,"[36, 66, 157, 238, 4, 38, 90, 189, 13, 149]"
119119,"[146, 14, 23, 38, 48, 60, 147, 133, 43, 42]"
119120,"[2, 27, 124, 112, 6, 41, 71, 51, 9, 25]"
119121,"[6, 41, 25, 51, 10, 2, 18, 71, 124, 0]"
119122,"[124, 27, 112, 41, 76, 6, 9, 5, 51, 92]"
119123,"[92, 26, 73, 6, 72, 49, 15, 38, 0, 18]"
119124,"[34, 13, 20, 103, 84, 119, 279, 32, 187, 28]"
119125,"[12, 58, 45, 76, 220, 90, 187, 43, 32, 20]"
119126,"[4, 24, 28, 60, 7, 23, 157, 34, 1, 121]"
119127,"[32, 12, 58, 112, 279, 103, 19, 119, 43, 6]"
119128,"[10, 41, 6, 51, 2, 25, 27, 124, 5, 130]"
119129,"[223, 189, 90, 19, 157, 21, 66, 36, 4, 7]"
119130,"[21, 14, 261, 20, 238, 90, 103, 66, 223, 189]"
119131,"[9, 51, 27, 20, 13, 41, 77, 25, 279, 112]"
119132,"[32, 279, 112, 17, 103, 12, 19, 119, 149, 15]"
119133,"[279, 13, 103, 20, 32, 112, 34, 119, 84, 71]"
119134,"[279, 13, 103, 112, 32, 44, 34, 20, 119, 23]"
119135,"[51, 27, 9, 2, 71, 124, 20, 279, 5, 112]"
119136,"[122, 55, 19, 66, 133, 238, 149, 38, 15, 26]"
119137,"[119, 13, 19, 20, 58, 32, 147, 12, 34, 103]"
119138,"[1, 2, 28, 49, 30, 34, 5, 60, 23, 7]"
119139,"[189, 223, 14, 66, 19, 157, 36, 90, 238, 84]"
119140,"[91, 73, 3, 130, 6, 42, 17, 26, 58, 97]"
119141,"[112, 119, 13, 279, 103, 20, 175, 238, 51, 36]"
119142,"[77, 105, 15, 157, 9, 51, 151, 72, 27, 223]"
119143,"[27, 51, 142, 2, 124, 9, 279, 112, 13, 103]"
119144,"[175, 36, 90, 21, 223, 77, 238, 189, 157, 119]"
119145,"[28, 19, 23, 24, 60, 238, 38, 14, 189, 223]"
119146,"[34, 58, 32, 121, 189, 187, 220, 84, 13, 45]"
119147,"[146, 38, 133, 66, 60, 72, 12, 149, 14, 58]"
119148,"[119, 13, 20, 34, 58, 84, 32, 187, 103, 112]"
119149,"[4, 28, 23, 7, 60, 24, 42, 1, 142, 187]"
119150,"[6, 25, 41, 10, 49, 43, 27, 121, 51, 124]"
119151,"[105, 151, 0, 77, 97, 25, 157, 30, 238, 9]"
119152,"[149, 66, 19, 38, 133, 146, 55, 32, 72, 157]"
119153,"[30, 49, 1, 142, 60, 23, 24, 130, 7, 10]"
119154,"[92, 133, 26, 72, 146, 64, 6, 12, 15, 10]"
119155,"[76, 45, 261, 48, 14, 20, 13, 41, 112, 103]"
119156,"[15, 77, 18, 82, 105, 72, 26, 1, 30, 0]"
119157,"[20, 13, 261, 103, 112, 76, 45, 119, 279, 48]"
119158,"[71, 15, 6, 44, 12, 32, 66, 72, 51, 20]"
119159,"[133, 38, 146, 66, 14, 149, 58, 91, 12, 19]"
119160,"[3, 91, 73, 6, 17, 15, 130, 72, 64, 18]"
119161,"[9, 51, 41, 27, 124, 13, 15, 20, 112, 103]"
119162,"[12, 58, 121, 76, 45, 261, 43, 220, 187, 48]"
119163,"[105, 77, 189, 223, 157, 51, 90, 21, 82, 151]"
119164,"[44, 32, 13, 71, 119, 19, 84, 20, 12, 103]"
119165,"[45, 103, 261, 48, 12, 20, 76, 112, 13, 32]"
119166,"[84, 34, 121, 4, 2, 60, 220, 13, 20, 187]"
119167,"[2, 49, 5, 10, 121, 34, 43, 1, 28, 84]"
119168,"[90, 0, 97, 223, 157, 14, 189, 238, 36, 21]"
119169,"[10, 41, 130, 25, 6, 43, 45, 49, 187, 91]"
119170,"[23, 7, 279, 24, 28, 157, 90, 14, 19, 60]"
119171,"[29, 119, 90, 223, 17, 20, 238, 13, 112, 175]"
119172,"[30, 49, 1, 7, 28, 142, 138, 71, 23, 60]"
119173,"[92, 15, 18, 0, 72, 82, 64, 91, 19, 105]"
119174,"[2, 27, 124, 112, 51, 9, 71, 20, 5, 103]"
119175,"[187, 121, 58, 220, 45, 48, 76, 12, 261, 43]"
119176,"[44, 279, 112, 7, 32, 13, 2, 103, 84, 34]"
119177,"[220, 187, 121, 34, 7, 24, 84, 43, 28, 4]"
119178,"[2, 5, 49, 10, 1, 34, 28, 51, 27, 84]"
119179,"[60, 24, 38, 23, 133, 14, 146, 147, 97, 0]"
119180,"[103, 13, 34, 32, 20, 261, 279, 112, 84, 44]"
119181,"[44, 13, 119, 84, 20, 103, 7, 32, 34, 279]"
119182,"[92, 26, 72, 73, 15, 18, 66, 64, 19, 82]"
119183,"[5, 51, 2, 34, 9, 1, 49, 10, 84, 4]"
119184,"[72, 15, 82, 66, 18, 146, 71, 64, 3, 149]"
119185,"[9, 51, 27, 71, 13, 77, 5, 20, 112, 279]"
119186,"[18, 15, 82, 6, 92, 72, 3, 0, 19, 73]"
119187,"[84, 220, 48, 187, 121, 34, 20, 13, 43, 279]"
119188,"[51, 9, 105, 124, 27, 25, 103, 77, 41, 13]"
119189,"[157, 223, 149, 36, 105, 189, 19, 90, 238, 4]"
119190,"[44, 121, 279, 103, 6, 261, 13, 25, 112, 20]"
119191,"[45, 261, 76, 48, 103, 20, 112, 14, 12, 13]"
119192,"[175, 36, 90, 77, 21, 223, 238, 157, 189, 119]"
119193,"[1, 49, 4, 30, 28, 82, 7, 105, 5, 77]"
119194,"[4, 24, 157, 36, 149, 7, 60, 66, 28, 23]"
119195,"[23, 7, 279, 28, 24, 14, 157, 146, 189, 90]"
119196,"[41, 6, 10, 25, 82, 51, 9, 2, 220, 49]"
119197,"[130, 91, 3, 73, 42, 17, 29, 15, 77, 2]"
119198,"[124, 27, 9, 105, 149, 51, 103, 77, 41, 25]"
119199,"[90, 0, 97, 223, 157, 36, 189, 238, 14, 175]"
119200,"[2, 10, 1, 49, 84, 121, 5, 34, 28, 220]"
119201,"[142, 27, 23, 60, 7, 4, 24, 28, 21, 187]"
119202,"[26, 72, 92, 15, 73, 146, 66, 18, 82, 32]"
119203,"[72, 15, 82, 18, 66, 146, 71, 64, 19, 149]"
119204,"[147, 36, 14, 21, 189, 157, 238, 175, 223, 220]"
119205,"[76, 45, 48, 58, 261, 121, 220, 12, 187, 43]"
119206,"[130, 91, 42, 73, 10, 49, 3, 60, 30, 142]"
119207,"[45, 76, 20, 112, 48, 13, 261, 103, 119, 124]"
119208,"[103, 261, 112, 13, 20, 119, 32, 27, 21, 279]"
119209,"[122, 133, 14, 28, 23, 149, 147, 19, 175, 7]"
119210,"[4, 28, 24, 23, 142, 60, 7, 1, 84, 189]"
119211,"[151, 0, 97, 49, 30, 24, 26, 142, 23, 72]"
119212,"[54, 84, 34, 5, 2, 1, 121, 220, 28, 4]"
119213,"[26, 73, 92, 82, 6, 91, 133, 38, 72, 15]"
119214,"[151, 77, 64, 15, 18, 97, 72, 82, 1, 0]"
119215,"[0, 97, 151, 41, 90, 105, 18, 77, 14, 25]"
119216,"[4, 23, 7, 28, 60, 24, 1, 187, 42, 49]"
119217,"[138, 49, 1, 23, 105, 30, 2, 15, 151, 130]"
119218,"[66, 19, 38, 149, 55, 146, 21, 72, 12, 133]"
119219,"[23, 24, 28, 142, 4, 60, 7, 49, 187, 42]"
119220,"[90, 18, 223, 0, 157, 97, 238, 66, 7, 149]"
119221,"[5, 2, 34, 1, 10, 84, 28, 124, 121, 220]"
119222,"[147, 97, 119, 36, 14, 238, 157, 189, 223, 13]"
119223,"[121, 220, 187, 60, 43, 10, 34, 42, 84, 24]"
119224,"[30, 38, 49, 151, 0, 97, 147, 60, 26, 15]"
119225,"[58, 12, 32, 45, 48, 261, 38, 76, 146, 6]"
119226,"[122, 28, 149, 19, 175, 90, 238, 34, 7, 36]"
119227,"[41, 6, 25, 10, 9, 51, 82, 27, 124, 2]"
119228,"[187, 43, 220, 261, 121, 45, 76, 58, 12, 133]"
119229,"[66, 19, 28, 189, 4, 55, 149, 223, 7, 238]"
119230,"[17, 73, 29, 3, 42, 91, 36, 55, 4, 149]"
119231,"[279, 20, 112, 13, 51, 1, 12, 32, 84, 4]"
119232,"[5, 51, 48, 9, 6, 71, 25, 36, 2, 64]"
119233,"[0, 97, 18, 151, 49, 26, 90, 30, 41, 14]"
119234,"[30, 49, 71, 73, 0, 151, 26, 15, 14, 142]"
119235,"[122, 149, 19, 133, 66, 15, 55, 17, 28, 38]"
119236,"[6, 91, 12, 58, 73, 25, 3, 41, 10, 146]"
119237,"[122, 19, 149, 133, 55, 66, 18, 15, 28, 17]"
119238,"[66, 19, 55, 149, 15, 38, 146, 32, 28, 72]"
119239,"[238, 157, 36, 90, 189, 151, 223, 14, 105, 103]"
119240,"[133, 66, 38, 146, 149, 19, 55, 14, 58, 122]"
119241,"[157, 14, 189, 223, 21, 238, 90, 36, 103, 175]"
119242,"[38, 66, 149, 55, 19, 146, 133, 15, 147, 60]"
119243,"[1, 4, 28, 49, 2, 30, 77, 15, 23, 5]"
119244,"[44, 19, 6, 66, 32, 71, 17, 103, 12, 149]"
119245,"[4, 66, 38, 133, 19, 149, 175, 28, 7, 21]"
119246,"[34, 32, 48, 103, 187, 58, 13, 84, 121, 261]"
119247,"[157, 223, 149, 36, 105, 238, 189, 19, 4, 90]"
119248,"[30, 49, 1, 10, 2, 4, 60, 5, 28, 23]"
119249,"[55, 238, 157, 60, 66, 28, 122, 189, 223, 19]"
119250,"[138, 105, 15, 157, 77, 151, 18, 0, 149, 49]"
119251,"[103, 13, 20, 261, 279, 112, 157, 119, 189, 238]"
119252,"[90, 223, 157, 238, 189, 21, 36, 0, 175, 97]"
119253,"[54, 121, 34, 10, 220, 2, 43, 84, 42, 5]"
119254,"[25, 41, 76, 6, 0, 97, 151, 9, 51, 45]"
119255,"[26, 73, 92, 72, 91, 6, 146, 15, 18, 0]"
119256,"[29, 17, 3, 42, 90, 13, 189, 238, 103, 223]"
119257,"[4, 189, 28, 19, 21, 66, 238, 36, 223, 55]"
119258,"[279, 13, 112, 103, 20, 261, 45, 76, 119, 48]"
119259,"[71, 279, 27, 10, 45, 2, 6, 25, 15, 9]"
119260,"[121, 43, 34, 220, 187, 84, 10, 28, 42, 4]"
119261,"[112, 119, 13, 279, 103, 20, 238, 175, 36, 51]"
119262,"[42, 17, 130, 29, 121, 220, 60, 187, 43, 28]"
119263,"[130, 91, 42, 3, 10, 73, 1, 5, 30, 105]"
119264,"[45, 48, 76, 261, 58, 20, 14, 220, 12, 151]"
119265,"[6, 41, 25, 10, 0, 121, 151, 91, 73, 51]"
119266,"[64, 15, 77, 1, 18, 97, 105, 72, 223, 19]"
119267,"[133, 38, 12, 146, 58, 92, 24, 19, 66, 149]"
119268,"[122, 28, 133, 189, 90, 149, 24, 142, 23, 19]"
119269,"[76, 45, 20, 58, 261, 13, 121, 48, 279, 112]"
119270,"[19, 66, 149, 119, 12, 55, 38, 122, 58, 92]"
119271,"[189, 223, 21, 157, 36, 90, 238, 175, 13, 112]"
119272,"[1, 15, 77, 105, 2, 238, 18, 64, 72, 28]"
119273,"[92, 26, 49, 72, 105, 73, 0, 15, 151, 51]"
119274,"[238, 157, 36, 189, 90, 223, 21, 103, 112, 279]"
119275,"[157, 223, 149, 105, 36, 238, 189, 4, 19, 90]"
119276,"[238, 157, 36, 28, 66, 189, 90, 19, 32, 7]"
119277,"[112, 119, 32, 13, 279, 34, 103, 20, 175, 84]"
119278,"[28, 4, 55, 24, 122, 66, 189, 157, 23, 279]"
119279,"[36, 149, 90, 66, 223, 189, 157, 238, 175, 4]"
119280,"[5, 2, 124, 51, 13, 9, 76, 27, 36, 71]"
119281,"[130, 42, 91, 73, 49, 3, 30, 10, 142, 121]"
119282,"[20, 13, 119, 279, 261, 103, 112, 45, 51, 223]"
119283,"[6, 41, 25, 10, 0, 73, 151, 91, 121, 261]"
119284,"[279, 20, 103, 13, 112, 261, 45, 119, 48, 76]"
119285,"[84, 13, 20, 34, 121, 119, 32, 36, 45, 60]"
119286,"[42, 130, 121, 220, 60, 24, 187, 23, 43, 10]"
119287,"[12, 58, 38, 133, 6, 146, 32, 220, 121, 76]"
119288,"[10, 51, 41, 6, 27, 2, 25, 5, 124, 121]"
119289,"[223, 66, 189, 14, 90, 238, 28, 19, 24, 55]"
119290,"[17, 29, 42, 3, 73, 90, 112, 279, 13, 58]"
119291,"[220, 187, 34, 121, 43, 84, 28, 60, 23, 24]"
119292,"[138, 105, 157, 15, 77, 151, 0, 149, 18, 223]"
119293,"[42, 121, 130, 60, 220, 187, 43, 23, 24, 142]"
119294,"[73, 91, 3, 17, 130, 26, 42, 92, 6, 72]"
119295,"[122, 133, 149, 19, 66, 55, 38, 28, 146, 12]"
119296,"[9, 51, 41, 27, 124, 13, 112, 25, 20, 15]"
119297,"[223, 238, 189, 90, 29, 157, 20, 66, 14, 21]"
119298,"[187, 220, 34, 32, 103, 13, 119, 76, 20, 58]"
119299,"[44, 32, 279, 12, 17, 66, 112, 7, 71, 13]"
119300,"[20, 279, 13, 112, 103, 119, 261, 76, 21, 51]"
119301,"[91, 3, 73, 130, 6, 133, 42, 38, 17, 26]"
119302,"[41, 25, 6, 76, 9, 261, 51, 0, 14, 49]"
119303,"[175, 7, 189, 36, 66, 112, 19, 90, 18, 157]"
119304,"[157, 238, 105, 36, 25, 189, 90, 175, 77, 60]"
119305,"[49, 30, 23, 60, 24, 1, 10, 2, 142, 130]"
119306,"[6, 41, 25, 10, 121, 0, 45, 261, 76, 151]"
119307,"[119, 13, 19, 34, 20, 112, 103, 32, 279, 84]"
119308,"[26, 72, 15, 73, 92, 146, 82, 18, 32, 66]"
119309,"[13, 20, 103, 112, 279, 119, 34, 84, 32, 51]"
119310,"[55, 66, 149, 38, 19, 133, 146, 157, 58, 12]"
119311,"[26, 72, 73, 82, 15, 92, 64, 1, 18, 3]"
119312,"[60, 25, 146, 157, 151, 142, 121, 24, 38, 14]"
119313,"[27, 2, 51, 71, 9, 103, 112, 124, 72, 20]"
119314,"[76, 45, 58, 261, 48, 12, 220, 187, 121, 43]"
119315,"[124, 27, 9, 41, 25, 51, 105, 77, 103, 112]"
119316,"[112, 119, 13, 279, 103, 20, 51, 175, 27, 36]"
119317,"[54, 51, 48, 13, 121, 220, 103, 20, 279, 5]"
119318,"[105, 77, 82, 15, 72, 18, 1, 64, 189, 3]"
119319,"[30, 49, 1, 10, 60, 2, 28, 4, 5, 23]"
119320,"[142, 23, 60, 24, 27, 220, 121, 187, 42, 30]"
119321,"[105, 157, 77, 0, 151, 97, 25, 36, 9, 21]"
119322,"[42, 121, 29, 17, 60, 130, 34, 187, 220, 24]"
119323,"[13, 20, 261, 103, 279, 119, 48, 112, 45, 76]"
119324,"[122, 28, 133, 189, 19, 142, 90, 149, 23, 24]"
119325,"[187, 220, 121, 34, 43, 23, 24, 142, 28, 10]"
119326,"[261, 12, 121, 76, 45, 14, 20, 58, 220, 21]"
119327,"[23, 28, 24, 60, 142, 4, 7, 220, 121, 34]"
119328,"[25, 6, 151, 41, 10, 261, 91, 76, 73, 45]"
119329,"[146, 60, 38, 14, 23, 133, 142, 66, 147, 42]"
119330,"[122, 55, 66, 19, 133, 149, 238, 146, 38, 14]"
119331,"[4, 189, 28, 19, 21, 24, 36, 142, 238, 66]"
119332,"[77, 105, 15, 157, 72, 51, 9, 151, 27, 82]"
119333,"[7, 66, 4, 14, 90, 133, 38, 21, 19, 175]"
119334,"[97, 105, 18, 15, 0, 77, 64, 1, 26, 49]"
119335,"[105, 157, 77, 151, 223, 97, 0, 51, 25, 238]"
119336,"[84, 121, 34, 220, 60, 187, 43, 4, 13, 2]"
119337,"[24, 28, 60, 23, 49, 220, 142, 121, 4, 42]"
119338,"[0, 97, 151, 18, 41, 24, 92, 49, 73, 146]"
119339,"[90, 0, 97, 223, 18, 157, 238, 24, 149, 36]"
119340,"[49, 72, 2, 77, 105, 1, 30, 0, 97, 26]"
119341,"[34, 84, 7, 187, 121, 5, 28, 4, 43, 220]"
119342,"[261, 103, 32, 45, 13, 76, 20, 48, 34, 121]"
119343,"[27, 51, 2, 9, 103, 20, 71, 112, 124, 13]"
119344,"[10, 130, 2, 49, 5, 43, 30, 220, 187, 34]"
119345,"[77, 105, 157, 9, 15, 151, 51, 72, 27, 82]"
119346,"[84, 34, 20, 13, 279, 112, 119, 121, 124, 187]"
119347,"[124, 27, 9, 105, 149, 51, 103, 77, 41, 3]"
119348,"[189, 223, 133, 238, 90, 36, 58, 21, 34, 157]"
119349,"[91, 73, 3, 6, 133, 130, 42, 38, 17, 92]"
119350,"[124, 51, 27, 9, 20, 2, 112, 77, 279, 119]"
119351,"[51, 9, 73, 6, 5, 10, 71, 41, 27, 25]"
119352,"[60, 157, 55, 25, 146, 142, 77, 121, 149, 223]"
119353,"[41, 25, 9, 27, 51, 124, 112, 6, 97, 261]"
119354,"[124, 51, 27, 9, 20, 2, 112, 77, 279, 25]"
119355,"[29, 17, 13, 103, 90, 238, 20, 42, 189, 112]"
119356,"[45, 112, 261, 76, 20, 103, 13, 279, 48, 119]"
119357,"[30, 38, 49, 71, 77, 15, 105, 1, 151, 0]"
119358,"[10, 6, 41, 25, 121, 49, 187, 58, 91, 220]"
119359,"[187, 43, 220, 261, 121, 119, 45, 20, 13, 112]"
119360,"[38, 133, 14, 60, 146, 24, 76, 23, 147, 142]"
119361,"[105, 77, 82, 72, 15, 18, 1, 64, 189, 223]"
119362,"[1, 28, 4, 30, 49, 2, 5, 23, 77, 138]"
119363,"[30, 49, 10, 60, 1, 24, 23, 142, 130, 138]"
119364,"[18, 15, 0, 82, 105, 2, 175, 97, 1, 92]"
119365,"[41, 6, 25, 10, 49, 220, 76, 82, 43, 0]"
119366,"[90, 0, 97, 223, 157, 238, 36, 14, 189, 175]"
119367,"[2, 27, 124, 112, 51, 9, 71, 20, 103, 32]"
119368,"[24, 4, 28, 147, 133, 60, 157, 14, 66, 23]"
119369,"[157, 189, 149, 66, 223, 28, 21, 238, 19, 4]"
119370,"[27, 51, 9, 103, 20, 112, 124, 13, 2, 77]"
119371,"[9, 41, 51, 27, 25, 124, 13, 112, 15, 20]"
119372,"[42, 29, 175, 17, 3, 91, 130, 73, 43, 7]"
119373,"[189, 223, 133, 90, 238, 36, 58, 21, 34, 19]"
119374,"[27, 51, 142, 25, 124, 112, 261, 279, 20, 13]"
119375,"[44, 6, 12, 58, 17, 32, 19, 121, 66, 103]"
119376,"[146, 133, 38, 26, 14, 58, 66, 12, 149, 23]"
119377,"[29, 17, 42, 3, 91, 73, 20, 14, 13, 238]"
119378,"[24, 60, 28, 133, 23, 38, 58, 14, 49, 147]"
119379,"[23, 24, 14, 60, 146, 7, 49, 38, 147, 279]"
119380,"[3, 73, 91, 6, 17, 15, 71, 72, 64, 130]"
119381,"[7, 43, 4, 28, 23, 34, 36, 84, 175, 66]"
119382,"[157, 223, 149, 90, 36, 23, 238, 147, 14, 55]"
119383,"[122, 19, 149, 133, 66, 15, 55, 28, 38, 32]"
119384,"[149, 124, 157, 36, 142, 38, 66, 223, 19, 23]"
119385,"[30, 49, 10, 60, 23, 24, 142, 1, 220, 42]"
119386,"[21, 189, 90, 36, 147, 157, 14, 223, 238, 175]"
119387,"[21, 189, 223, 36, 90, 14, 238, 157, 147, 175]"
119388,"[7, 43, 23, 142, 28, 121, 24, 49, 60, 42]"
119389,"[146, 66, 149, 19, 55, 38, 133, 58, 64, 72]"
119390,"[28, 238, 24, 66, 223, 19, 157, 189, 149, 55]"
119391,"[76, 45, 112, 20, 13, 48, 261, 103, 119, 124]"
119392,"[187, 43, 220, 121, 42, 24, 23, 4, 84, 261]"
119393,"[28, 4, 7, 34, 24, 23, 60, 84, 1, 142]"
119394,"[60, 142, 24, 157, 4, 121, 7, 23, 28, 25]"
119395,"[15, 18, 64, 72, 82, 38, 26, 71, 73, 0]"
119396,"[15, 105, 18, 72, 77, 82, 3, 1, 64, 49]"
119397,"[130, 91, 73, 10, 42, 3, 25, 6, 26, 97]"
119398,"[23, 7, 279, 28, 24, 14, 157, 146, 60, 90]"
119399,"[71, 30, 124, 6, 51, 27, 25, 15, 9, 20]"
119400,"[26, 72, 105, 73, 77, 92, 15, 1, 223, 97]"
119401,"[90, 223, 189, 36, 175, 21, 112, 157, 7, 28]"
119402,"[121, 43, 187, 58, 261, 48, 45, 220, 76, 6]"
119403,"[12, 58, 45, 220, 76, 90, 32, 187, 20, 43]"
119404,"[38, 146, 66, 133, 149, 12, 58, 24, 60, 147]"
119405,"[17, 29, 42, 3, 90, 112, 13, 34, 279, 20]"
119406,"[45, 48, 76, 261, 58, 14, 20, 220, 12, 151]"
119407,"[73, 17, 3, 51, 91, 130, 42, 29, 9, 49]"
119408,"[72, 64, 15, 18, 82, 66, 71, 3, 19, 149]"
119409,"[147, 55, 97, 28, 119, 36, 24, 19, 38, 157]"
119410,"[147, 14, 36, 133, 77, 24, 112, 0, 38, 45]"
119411,"[60, 28, 24, 4, 23, 7, 142, 49, 121, 42]"
119412,"[48, 45, 58, 76, 12, 261, 220, 43, 121, 187]"
119413,"[103, 32, 261, 112, 13, 119, 66, 20, 19, 34]"
119414,"[15, 82, 72, 18, 64, 19, 3, 66, 149, 71]"
119415,"[124, 27, 9, 51, 41, 103, 112, 25, 2, 20]"
119416,"[29, 17, 20, 42, 13, 119, 261, 14, 238, 103]"
119417,"[51, 27, 25, 41, 124, 9, 20, 261, 6, 112]"
119418,"[133, 24, 38, 60, 175, 220, 58, 121, 12, 147]"
119419,"[12, 58, 20, 45, 32, 76, 261, 119, 48, 279]"
119420,"[76, 45, 48, 261, 12, 14, 20, 112, 13, 58]"
119421,"[82, 72, 26, 3, 18, 15, 64, 92, 66, 149]"
119422,"[91, 3, 73, 130, 29, 42, 17, 105, 151, 25]"
119423,"[82, 72, 3, 15, 18, 64, 66, 149, 77, 26]"
119424,"[149, 66, 19, 124, 55, 38, 15, 157, 122, 32]"
119425,"[97, 0, 151, 105, 18, 77, 1, 55, 49, 72]"
119426,"[175, 19, 36, 66, 122, 7, 90, 21, 223, 119]"
119427,"[72, 77, 151, 49, 15, 26, 18, 105, 64, 0]"
119428,"[9, 51, 77, 27, 71, 13, 5, 105, 20, 10]"
119429,"[0, 97, 18, 49, 92, 151, 41, 26, 30, 15]"
119430,"[21, 189, 223, 36, 66, 19, 238, 157, 90, 149]"
119431,"[17, 3, 29, 73, 91, 42, 66, 19, 32, 133]"
119432,"[25, 6, 41, 51, 27, 151, 157, 105, 76, 9]"
119433,"[51, 27, 6, 10, 124, 2, 25, 41, 20, 71]"
119434,"[122, 55, 19, 66, 133, 238, 149, 38, 15, 26]"
119435,"[90, 223, 189, 36, 175, 157, 112, 21, 14, 76]"
119436,"[71, 6, 72, 15, 18, 51, 32, 3, 9, 64]"
119437,"[82, 3, 15, 72, 18, 64, 77, 105, 66, 71]"
119438,"[149, 157, 66, 238, 223, 19, 36, 189, 7, 90]"
119439,"[2, 51, 27, 71, 18, 112, 34, 9, 10, 103]"
119440,"[279, 20, 112, 13, 51, 12, 1, 119, 84, 32]"
119441,"[238, 157, 36, 28, 66, 7, 189, 90, 4, 19]"
119442,"[90, 223, 189, 36, 157, 175, 21, 112, 14, 238]"
119443,"[71, 6, 72, 15, 18, 32, 3, 51, 9, 66]"
119444,"[105, 77, 157, 9, 36, 238, 21, 27, 51, 15]"
119445,"[19, 66, 119, 223, 149, 189, 238, 29, 55, 90]"
119446,"[38, 66, 133, 149, 19, 55, 12, 146, 58, 32]"
119447,"[13, 112, 103, 20, 279, 261, 45, 119, 48, 32]"
119448,"[261, 103, 32, 45, 20, 13, 76, 48, 34, 121]"
119449,"[10, 6, 121, 151, 25, 43, 48, 51, 9, 27]"
119450,"[27, 51, 9, 124, 103, 77, 112, 2, 13, 20]"
119451,"[77, 105, 151, 0, 25, 157, 9, 15, 97, 51]"
119452,"[49, 30, 10, 1, 24, 60, 23, 42, 142, 28]"
119453,"[24, 28, 60, 4, 23, 7, 142, 121, 220, 49]"
119454,"[66, 19, 55, 149, 15, 146, 38, 32, 189, 28]"
119455,"[0, 97, 151, 41, 18, 14, 90, 25, 92, 105]"
119456,"[64, 151, 77, 72, 15, 49, 48, 1, 92, 124]"
119457,"[147, 55, 97, 28, 36, 24, 119, 38, 238, 157]"
119458,"[142, 19, 7, 103, 28, 55, 21, 14, 48, 60]"
119459,"[23, 142, 24, 28, 60, 4, 7, 1, 49, 149]"
119460,"[157, 223, 36, 105, 149, 189, 14, 238, 90, 21]"
119461,"[6, 73, 71, 91, 25, 12, 58, 26, 10, 41]"
119462,"[90, 223, 189, 36, 175, 66, 21, 157, 112, 28]"
119463,"[82, 15, 18, 72, 26, 149, 64, 3, 66, 6]"
119464,"[2, 51, 5, 27, 238, 71, 105, 9, 44, 3]"
119465,"[20, 261, 13, 103, 76, 279, 45, 48, 119, 112]"
119466,"[112, 279, 20, 103, 13, 119, 45, 76, 51, 238]"
119467,"[112, 279, 13, 20, 103, 34, 32, 119, 90, 76]"
119468,"[9, 51, 13, 20, 27, 41, 77, 25, 279, 112]"
119469,"[32, 12, 58, 279, 17, 112, 103, 19, 43, 119]"
119470,"[122, 28, 189, 19, 149, 90, 238, 279, 4, 133]"
119471,"[238, 157, 36, 90, 189, 223, 105, 21, 103, 112]"
119472,"[119, 13, 20, 112, 45, 261, 103, 279, 48, 76]"
119473,"[43, 187, 76, 220, 45, 121, 261, 13, 20, 32]"
119474,"[10, 49, 43, 130, 187, 220, 30, 121, 41, 2]"
119475,"[44, 32, 12, 279, 58, 112, 7, 48, 66, 71]"
119476,"[97, 105, 18, 15, 0, 64, 1, 77, 26, 49]"
119477,"[30, 49, 1, 71, 7, 138, 142, 28, 60, 23]"
119478,"[124, 27, 9, 2, 51, 71, 41, 149, 15, 6]"
119479,"[55, 66, 157, 36, 149, 19, 7, 223, 238, 4]"
119480,"[25, 6, 51, 9, 124, 27, 41, 71, 77, 105]"
119481,"[36, 149, 66, 90, 223, 157, 175, 189, 21, 4]"
119482,"[71, 6, 51, 9, 27, 72, 5, 124, 15, 2]"
119483,"[32, 58, 12, 34, 189, 133, 45, 55, 66, 13]"
119484,"[84, 34, 4, 121, 2, 60, 13, 7, 220, 20]"
119485,"[0, 97, 151, 18, 41, 14, 90, 77, 49, 25]"
119486,"[133, 14, 38, 146, 23, 147, 60, 24, 66, 187]"
119487,"[122, 28, 19, 90, 189, 149, 4, 238, 279, 133]"
119488,"[12, 58, 6, 32, 66, 20, 45, 44, 119, 55]"
119489,"[29, 17, 20, 42, 13, 14, 261, 103, 119, 48]"
119490,"[133, 66, 38, 14, 7, 189, 36, 146, 149, 157]"
119491,"[77, 105, 72, 15, 151, 82, 49, 30, 1, 18]"
119492,"[0, 97, 151, 51, 18, 77, 105, 90, 189, 41]"
119493,"[3, 73, 91, 130, 17, 42, 29, 105, 51, 6]"
119494,"[44, 19, 71, 6, 32, 279, 103, 66, 17, 55]"
119495,"[5, 51, 48, 71, 25, 9, 6, 73, 36, 3]"
119496,"[2, 27, 124, 112, 51, 71, 9, 20, 1, 103]"
119497,"[1, 49, 4, 30, 28, 82, 7, 105, 5, 77]"
119498,"[24, 28, 60, 133, 23, 38, 58, 147, 49, 142]"
119499,"[84, 34, 13, 20, 103, 189, 119, 32, 279, 223]"
119500,"[32, 279, 112, 19, 12, 103, 15, 149, 66, 119]"
119501,"[12, 58, 32, 6, 45, 66, 149, 38, 19, 220]"
119502,"[34, 103, 32, 13, 84, 112, 119, 20, 279, 90]"
119503,"[97, 0, 151, 26, 49, 91, 30, 18, 105, 133]"
119504,"[92, 26, 72, 73, 15, 18, 64, 82, 6, 19]"
119505,"[49, 30, 6, 151, 92, 97, 15, 73, 0, 10]"
119506,"[54, 34, 84, 1, 5, 2, 121, 220, 28, 4]"
119507,"[55, 66, 157, 149, 36, 19, 7, 38, 238, 223]"
119508,"[124, 27, 149, 9, 105, 2, 51, 71, 103, 3]"
119509,"[149, 66, 19, 55, 124, 38, 157, 32, 122, 146]"
119510,"[133, 66, 38, 14, 7, 189, 36, 146, 149, 23]"
119511,"[4, 189, 28, 19, 21, 238, 36, 66, 223, 55]"
119512,"[45, 261, 76, 48, 103, 12, 20, 112, 14, 13]"
119513,"[5, 2, 34, 51, 1, 49, 10, 28, 4, 84]"
119514,"[42, 17, 29, 73, 3, 121, 91, 45, 130, 34]"
119515,"[0, 97, 18, 90, 15, 77, 151, 105, 1, 49]"
119516,"[223, 189, 90, 19, 157, 21, 66, 36, 4, 7]"
119517,"[238, 36, 157, 28, 66, 32, 7, 90, 189, 4]"
119518,"[20, 279, 13, 103, 112, 119, 261, 21, 51, 76]"
119519,"[187, 43, 220, 121, 4, 84, 34, 7, 23, 42]"
119520,"[238, 157, 28, 36, 66, 4, 19, 189, 90, 7]"
119521,"[45, 76, 261, 20, 13, 48, 112, 279, 103, 119]"
119522,"[66, 19, 55, 146, 38, 149, 15, 133, 32, 12]"
119523,"[7, 44, 23, 55, 90, 28, 189, 157, 19, 60]"
119524,"[175, 189, 112, 36, 90, 13, 157, 223, 238, 7]"
119525,"[157, 223, 90, 238, 105, 36, 189, 21, 149, 175]"
119526,"[151, 105, 0, 30, 49, 77, 15, 97, 138, 157]"
119527,"[84, 13, 20, 119, 34, 36, 32, 112, 157, 44]"
119528,"[54, 121, 51, 48, 13, 279, 220, 20, 103, 5]"
119529,"[112, 279, 45, 20, 103, 76, 119, 13, 48, 261]"
119530,"[189, 223, 90, 238, 21, 34, 157, 36, 32, 7]"
119531,"[91, 73, 3, 6, 133, 130, 38, 42, 17, 92]"
119532,"[21, 66, 20, 238, 90, 19, 14, 261, 4, 103]"
119533,"[142, 60, 24, 23, 187, 7, 121, 28, 42, 10]"
119534,"[32, 58, 34, 12, 189, 13, 71, 20, 149, 119]"
119535,"[29, 17, 42, 20, 13, 3, 103, 238, 119, 84]"
119536,"[14, 21, 146, 133, 38, 60, 261, 24, 147, 48]"
119537,"[58, 12, 32, 121, 45, 220, 34, 76, 187, 48]"
119538,"[20, 13, 261, 103, 76, 32, 58, 279, 12, 112]"
119539,"[45, 261, 76, 48, 14, 103, 12, 20, 112, 13]"
119540,"[5, 51, 48, 9, 25, 6, 71, 36, 2, 64]"
119541,"[147, 14, 36, 21, 76, 220, 157, 189, 48, 38]"
119542,"[58, 45, 48, 119, 32, 12, 20, 76, 13, 261]"
119543,"[26, 15, 92, 72, 73, 6, 38, 151, 91, 18]"
119544,"[64, 15, 72, 18, 19, 92, 97, 66, 133, 82]"
119545,"[122, 28, 149, 175, 19, 7, 238, 36, 21, 90]"
119546,"[20, 13, 261, 103, 279, 48, 119, 76, 45, 112]"
119547,"[54, 121, 13, 12, 48, 103, 6, 20, 261, 51]"
119548,"[14, 261, 21, 76, 147, 45, 48, 20, 0, 38]"
119549,"[7, 44, 90, 157, 28, 19, 55, 189, 238, 66]"
119550,"[122, 238, 14, 55, 28, 36, 189, 175, 223, 60]"
119551,"[130, 91, 42, 10, 73, 49, 30, 60, 3, 142]"
119552,"[15, 82, 72, 18, 26, 92, 64, 66, 73, 19]"
119553,"[261, 76, 58, 48, 45, 121, 12, 43, 187, 14]"
119554,"[18, 105, 77, 72, 15, 1, 97, 82, 0, 36]"
119555,"[41, 6, 25, 10, 51, 9, 82, 27, 124, 2]"
119556,"[112, 279, 13, 20, 103, 32, 34, 90, 119, 76]"
119557,"[97, 0, 105, 151, 25, 77, 14, 147, 26, 18]"
119558,"[14, 238, 261, 157, 23, 223, 21, 20, 103, 147]"
119559,"[5, 2, 124, 13, 76, 51, 9, 27, 71, 36]"
119560,"[76, 45, 12, 112, 20, 48, 220, 58, 13, 261]"
119561,"[73, 91, 17, 3, 6, 26, 92, 72, 130, 42]"
119562,"[220, 187, 34, 121, 84, 43, 28, 60, 23, 42]"
119563,"[43, 12, 42, 58, 187, 76, 121, 261, 45, 10]"
119564,"[51, 9, 105, 124, 27, 25, 103, 13, 20, 6]"
119565,"[2, 5, 34, 28, 10, 49, 84, 1, 121, 51]"
119566,"[26, 72, 15, 82, 18, 19, 66, 73, 92, 64]"
119567,"[13, 20, 119, 103, 279, 112, 51, 29, 9, 261]"
119568,"[44, 279, 7, 112, 48, 32, 13, 12, 121, 261]"
119569,"[29, 17, 3, 42, 90, 223, 119, 19, 238, 20]"
119570,"[27, 124, 9, 51, 41, 105, 77, 112, 103, 25]"
119571,"[28, 24, 220, 60, 23, 49, 4, 121, 7, 2]"
119572,"[17, 73, 42, 29, 3, 36, 55, 112, 4, 13]"
119573,"[151, 97, 0, 49, 25, 91, 6, 77, 64, 30]"
119574,"[13, 20, 119, 103, 279, 112, 51, 9, 29, 261]"
119575,"[151, 97, 0, 77, 25, 14, 261, 6, 41, 91]"
119576,"[54, 220, 121, 34, 2, 84, 187, 1, 23, 10]"
119577,"[10, 41, 130, 51, 9, 25, 71, 2, 6, 27]"
119578,"[34, 32, 189, 58, 13, 103, 20, 119, 112, 21]"
119579,"[92, 0, 105, 15, 18, 49, 1, 51, 72, 77]"
119580,"[17, 3, 29, 91, 73, 42, 66, 19, 32, 146]"
119581,"[82, 3, 15, 72, 18, 133, 77, 91, 64, 55]"
119582,"[7, 44, 23, 55, 90, 28, 157, 60, 189, 19]"
119583,"[130, 42, 2, 10, 73, 30, 3, 138, 91, 1]"
119584,"[66, 19, 55, 149, 15, 38, 146, 32, 189, 28]"
119585,"[142, 14, 38, 48, 0, 60, 147, 24, 23, 187]"
119586,"[157, 25, 36, 60, 238, 189, 90, 147, 105, 175]"
119587,"[220, 187, 121, 24, 43, 34, 42, 23, 60, 84]"
119588,"[279, 13, 112, 103, 32, 34, 44, 20, 7, 23]"
119589,"[9, 51, 41, 27, 124, 15, 71, 5, 13, 112]"
119590,"[38, 66, 149, 60, 55, 147, 19, 14, 157, 133]"
119591,"[92, 133, 72, 64, 26, 15, 82, 19, 77, 18]"
119592,"[1, 49, 30, 4, 138, 60, 28, 7, 82, 5]"
119593,"[77, 105, 151, 97, 0, 119, 147, 124, 51, 27]"
119594,"[72, 15, 64, 82, 18, 66, 26, 92, 6, 71]"
119595,"[4, 189, 28, 19, 21, 238, 66, 36, 223, 55]"
119596,"[130, 42, 10, 91, 30, 220, 73, 187, 49, 5]"
119597,"[72, 15, 77, 82, 105, 146, 71, 18, 66, 64]"
119598,"[82, 72, 77, 105, 1, 26, 15, 49, 18, 64]"
119599,"[36, 147, 238, 157, 189, 146, 149, 7, 19, 223]"
119600,"[133, 66, 38, 149, 146, 19, 55, 14, 58, 122]"
119601,"[30, 49, 1, 10, 60, 23, 38, 151, 24, 142]"
119602,"[3, 91, 73, 17, 15, 72, 64, 6, 18, 29]"
119603,"[24, 4, 28, 147, 133, 60, 157, 23, 14, 66]"
119604,"[84, 34, 20, 112, 13, 279, 121, 119, 124, 187]"
119605,"[73, 91, 130, 3, 42, 151, 0, 17, 6, 26]"
119606,"[24, 4, 28, 147, 133, 60, 157, 23, 238, 19]"
119607,"[55, 66, 19, 149, 157, 38, 32, 36, 133, 7]"
119608,"[147, 133, 38, 24, 23, 14, 60, 220, 146, 142]"
119609,"[34, 121, 220, 84, 187, 43, 28, 60, 42, 2]"
119610,"[60, 24, 23, 42, 142, 49, 121, 220, 28, 187]"
119611,"[90, 0, 97, 223, 157, 36, 14, 189, 238, 175]"
119612,"[25, 77, 51, 6, 105, 9, 124, 27, 151, 41]"
119613,"[29, 17, 3, 42, 91, 73, 238, 90, 13, 189]"
119614,"[66, 28, 19, 55, 189, 146, 14, 38, 149, 4]"
119615,"[17, 29, 73, 3, 42, 19, 32, 66, 91, 44]"
119616,"[187, 43, 220, 121, 261, 45, 119, 20, 13, 84]"
119617,"[187, 220, 34, 28, 121, 43, 23, 84, 24, 142]"
119618,"[175, 133, 90, 189, 157, 223, 238, 14, 36, 105]"
119619,"[9, 51, 10, 27, 13, 41, 71, 5, 77, 20]"
119620,"[2, 10, 1, 5, 34, 27, 18, 84, 51, 121]"
119621,"[7, 44, 23, 55, 90, 189, 157, 28, 19, 66]"
119622,"[2, 5, 34, 49, 28, 84, 10, 1, 51, 27]"
119623,"[142, 14, 38, 60, 48, 147, 0, 24, 146, 19]"
119624,"[64, 72, 15, 151, 82, 92, 3, 26, 19, 18]"
119625,"[36, 149, 90, 66, 223, 157, 189, 238, 175, 4]"
119626,"[26, 1, 72, 15, 77, 151, 18, 49, 82, 0]"
119627,"[21, 189, 36, 223, 66, 90, 19, 14, 157, 238]"
119628,"[157, 223, 149, 105, 36, 23, 189, 138, 238, 19]"
119629,"[9, 15, 51, 41, 27, 124, 71, 84, 13, 5]"
119630,"[54, 51, 13, 279, 20, 103, 9, 32, 112, 71]"
119631,"[32, 12, 58, 279, 112, 19, 103, 119, 43, 6]"
119632,"[121, 43, 34, 220, 187, 84, 28, 10, 42, 4]"
119633,"[121, 13, 43, 261, 187, 220, 34, 58, 279, 48]"
119634,"[130, 42, 10, 30, 73, 49, 91, 121, 2, 220]"
119635,"[279, 103, 20, 13, 261, 112, 45, 48, 119, 76]"
119636,"[119, 13, 20, 112, 103, 279, 51, 189, 34, 45]"
119637,"[9, 51, 77, 27, 71, 13, 105, 20, 5, 15]"
119638,"[157, 14, 189, 21, 223, 238, 103, 36, 90, 13]"
119639,"[112, 279, 45, 32, 20, 220, 103, 76, 187, 48]"
119640,"[73, 3, 17, 91, 130, 51, 29, 42, 49, 15]"
119641,"[60, 28, 24, 23, 4, 7, 42, 34, 30, 142]"
119642,"[13, 20, 119, 103, 261, 279, 48, 112, 45, 76]"
119643,"[142, 60, 23, 28, 24, 7, 34, 4, 49, 42]"
119644,"[97, 0, 105, 77, 151, 189, 147, 119, 18, 55]"
119645,"[43, 76, 187, 220, 121, 261, 12, 45, 58, 48]"
119646,"[261, 103, 45, 13, 20, 76, 48, 14, 32, 112]"
119647,"[223, 66, 238, 28, 189, 90, 19, 157, 55, 149]"
119648,"[146, 36, 14, 66, 175, 189, 7, 149, 238, 23]"
119649,"[66, 149, 19, 72, 146, 38, 55, 133, 238, 32]"
119650,"[51, 0, 27, 9, 25, 41, 124, 112, 151, 20]"
119651,"[130, 42, 10, 30, 49, 73, 91, 121, 2, 220]"
119652,"[0, 151, 97, 105, 25, 14, 77, 76, 147, 30]"
119653,"[55, 66, 157, 36, 149, 7, 38, 19, 223, 4]"
119654,"[121, 220, 34, 187, 84, 60, 42, 43, 24, 7]"
119655,"[26, 97, 92, 49, 73, 0, 151, 1, 48, 14]"
119656,"[44, 279, 7, 112, 48, 32, 13, 121, 12, 261]"
119657,"[149, 157, 223, 238, 36, 66, 19, 189, 90, 7]"
119658,"[44, 13, 84, 119, 20, 76, 261, 103, 48, 187]"
119659,"[41, 9, 25, 27, 51, 124, 112, 6, 261, 119]"
119660,"[84, 48, 121, 220, 187, 34, 20, 13, 279, 43]"
119661,"[112, 13, 279, 20, 90, 34, 103, 32, 119, 76]"
119662,"[189, 223, 238, 21, 90, 36, 157, 105, 13, 77]"
119663,"[103, 32, 261, 119, 112, 13, 20, 19, 66, 238]"
119664,"[15, 72, 18, 3, 82, 64, 6, 73, 49, 92]"
119665,"[3, 73, 91, 6, 17, 15, 72, 71, 64, 18]"
119666,"[147, 36, 112, 238, 21, 119, 189, 77, 157, 14]"
119667,"[149, 66, 19, 55, 82, 157, 15, 72, 223, 238]"
119668,"[71, 6, 73, 12, 30, 15, 3, 32, 44, 58]"
119669,"[146, 66, 149, 38, 72, 19, 133, 60, 12, 55]"
119670,"[12, 58, 20, 45, 76, 261, 187, 220, 223, 119]"
119671,"[84, 13, 20, 34, 119, 36, 32, 112, 157, 279]"
119672,"[147, 133, 38, 24, 23, 14, 220, 36, 60, 187]"
119673,"[90, 223, 189, 36, 175, 157, 21, 66, 146, 112]"
119674,"[121, 220, 76, 261, 25, 60, 187, 58, 12, 6]"
119675,"[21, 189, 223, 36, 66, 14, 19, 90, 157, 238]"
119676,"[17, 29, 3, 42, 103, 13, 19, 73, 112, 66]"
119677,"[48, 45, 76, 261, 14, 13, 20, 112, 279, 25]"
119678,"[146, 133, 38, 58, 14, 66, 26, 12, 23, 149]"
119679,"[21, 189, 142, 4, 149, 55, 90, 147, 36, 66]"
119680,"[64, 15, 18, 72, 19, 97, 92, 82, 91, 133]"
119681,"[84, 34, 20, 13, 58, 103, 189, 261, 32, 220]"
119682,"[21, 189, 36, 149, 4, 90, 55, 66, 223, 238]"
119683,"[130, 91, 73, 3, 10, 42, 41, 105, 25, 51]"
119684,"[24, 4, 28, 147, 133, 60, 23, 157, 14, 38]"
119685,"[189, 223, 14, 157, 90, 36, 20, 21, 238, 175]"
119686,"[121, 43, 187, 58, 220, 261, 48, 45, 76, 12]"
119687,"[105, 77, 82, 72, 49, 97, 151, 0, 1, 15]"
119688,"[124, 27, 112, 76, 41, 9, 6, 5, 51, 10]"
119689,"[30, 49, 10, 60, 1, 23, 24, 142, 42, 220]"
119690,"[187, 43, 220, 121, 23, 42, 24, 4, 84, 34]"
119691,"[73, 3, 91, 130, 17, 29, 42, 151, 0, 18]"
119692,"[12, 58, 6, 133, 38, 146, 32, 76, 121, 261]"
119693,"[24, 28, 238, 60, 133, 4, 90, 23, 66, 223]"
119694,"[12, 58, 76, 121, 261, 220, 45, 43, 187, 48]"
119695,"[73, 3, 91, 26, 17, 15, 71, 130, 6, 72]"
119696,"[223, 238, 189, 90, 157, 20, 175, 14, 21, 29]"
119697,"[13, 20, 103, 119, 279, 112, 84, 32, 34, 36]"
119698,"[149, 66, 19, 82, 55, 15, 157, 72, 38, 32]"
119699,"[36, 157, 238, 90, 13, 189, 21, 14, 147, 112]"
119700,"[261, 20, 21, 103, 13, 45, 279, 14, 76, 48]"
119701,"[14, 147, 261, 76, 45, 48, 189, 223, 97, 23]"
119702,"[54, 34, 121, 2, 84, 5, 7, 1, 10, 28]"
119703,"[10, 121, 187, 49, 220, 43, 2, 6, 34, 41]"
119704,"[29, 17, 42, 20, 13, 3, 14, 261, 103, 119]"
119705,"[142, 23, 60, 27, 24, 121, 42, 49, 220, 30]"
119706,"[38, 60, 147, 146, 14, 133, 23, 24, 66, 142]"
119707,"[119, 112, 13, 20, 103, 279, 32, 36, 51, 45]"
119708,"[41, 0, 25, 97, 51, 261, 6, 151, 45, 76]"
119709,"[91, 3, 73, 130, 42, 17, 29, 25, 105, 6]"
119710,"[13, 20, 119, 103, 279, 112, 189, 261, 157, 76]"
119711,"[17, 29, 42, 3, 90, 112, 13, 34, 279, 20]"
119712,"[44, 32, 13, 19, 84, 71, 119, 20, 17, 55]"
119713,"[26, 72, 105, 223, 77, 73, 92, 15, 1, 187]"
119714,"[112, 119, 13, 279, 103, 20, 45, 48, 32, 76]"
119715,"[91, 73, 130, 3, 6, 58, 17, 26, 15, 42]"
119716,"[34, 121, 187, 220, 84, 58, 43, 2, 10, 32]"
119717,"[3, 91, 73, 82, 17, 29, 15, 72, 18, 71]"
119718,"[41, 25, 6, 76, 261, 45, 51, 9, 10, 14]"
119719,"[124, 27, 9, 2, 51, 149, 71, 3, 34, 41]"
119720,"[72, 15, 18, 19, 66, 26, 64, 133, 92, 82]"
119721,"[130, 91, 73, 3, 10, 42, 41, 25, 105, 51]"
119722,"[238, 157, 36, 90, 189, 223, 14, 21, 151, 103]"
119723,"[147, 97, 24, 38, 14, 60, 23, 76, 55, 146]"
119724,"[124, 27, 51, 2, 6, 71, 9, 25, 84, 10]"
119725,"[66, 21, 238, 19, 223, 4, 90, 189, 149, 36]"
119726,"[122, 19, 149, 15, 133, 55, 66, 38, 28, 17]"
119727,"[32, 58, 12, 34, 189, 133, 6, 71, 44, 13]"
119728,"[103, 20, 13, 279, 112, 261, 119, 29, 45, 76]"
119729,"[279, 13, 103, 112, 20, 119, 27, 90, 157, 32]"
119730,"[261, 20, 21, 103, 13, 279, 45, 76, 14, 48]"
119731,"[29, 17, 42, 3, 91, 20, 73, 14, 13, 238]"
119732,"[72, 15, 18, 64, 19, 66, 82, 77, 149, 3]"
119733,"[238, 66, 55, 28, 36, 19, 223, 149, 189, 157]"
119734,"[130, 91, 42, 73, 10, 49, 3, 60, 142, 41]"
119735,"[14, 21, 20, 238, 223, 189, 36, 261, 90, 175]"
119736,"[130, 91, 42, 73, 10, 49, 3, 60, 30, 142]"
119737,"[82, 15, 18, 72, 26, 149, 64, 3, 92, 66]"
119738,"[14, 238, 157, 261, 223, 90, 23, 20, 21, 189]"
119739,"[24, 28, 60, 133, 23, 38, 147, 49, 14, 238]"
119740,"[10, 2, 43, 121, 6, 49, 5, 51, 1, 30]"
119741,"[0, 97, 18, 151, 51, 4, 77, 73, 105, 72]"
119742,"[119, 112, 13, 20, 45, 103, 279, 76, 32, 261]"
119743,"[0, 97, 151, 18, 41, 73, 6, 49, 24, 30]"
119744,"[105, 72, 64, 77, 15, 18, 82, 1, 238, 2]"
119745,"[49, 30, 23, 24, 10, 60, 1, 42, 142, 43]"
119746,"[175, 133, 66, 90, 36, 7, 189, 157, 223, 238]"
119747,"[12, 58, 6, 76, 45, 146, 261, 133, 38, 187]"
119748,"[36, 157, 238, 21, 90, 13, 189, 112, 175, 223]"
119749,"[21, 189, 223, 19, 36, 66, 90, 157, 238, 4]"
119750,"[51, 27, 41, 25, 20, 124, 9, 261, 112, 45]"
119751,"[10, 6, 41, 25, 49, 121, 26, 91, 130, 73]"
119752,"[5, 51, 9, 71, 36, 64, 15, 2, 90, 3]"
119753,"[45, 48, 58, 76, 20, 220, 261, 12, 119, 13]"
119754,"[279, 20, 103, 112, 13, 119, 238, 157, 45, 51]"
119755,"[48, 45, 76, 58, 261, 121, 220, 187, 12, 34]"
119756,"[146, 36, 14, 66, 175, 7, 189, 149, 23, 238]"
119757,"[34, 187, 121, 84, 220, 28, 43, 23, 24, 7]"
119758,"[92, 77, 133, 26, 10, 30, 175, 64, 72, 15]"
119759,"[41, 10, 6, 0, 25, 51, 97, 121, 261, 58]"
119760,"[7, 66, 4, 21, 38, 14, 133, 19, 90, 175]"
119761,"[58, 45, 12, 48, 76, 261, 121, 220, 43, 187]"
119762,"[27, 51, 142, 2, 124, 71, 9, 112, 279, 5]"
119763,"[5, 51, 34, 27, 9, 2, 71, 103, 32, 105]"
119764,"[6, 12, 58, 91, 25, 41, 10, 3, 71, 73]"
119765,"[15, 18, 105, 77, 72, 3, 49, 82, 1, 64]"
119766,"[41, 25, 9, 6, 27, 97, 0, 261, 76, 151]"
119767,"[146, 14, 23, 133, 60, 38, 147, 261, 58, 24]"
119768,"[4, 28, 24, 142, 23, 60, 1, 7, 84, 189]"
119769,"[76, 13, 20, 45, 220, 55, 261, 48, 238, 25]"
119770,"[0, 97, 90, 18, 105, 77, 151, 41, 15, 92]"
119771,"[51, 27, 124, 20, 9, 112, 13, 77, 119, 2]"
119772,"[43, 76, 187, 220, 121, 261, 58, 45, 12, 48]"
119773,"[157, 36, 238, 189, 25, 105, 90, 175, 223, 60]"
119774,"[121, 43, 13, 279, 187, 20, 58, 112, 261, 48]"
119775,"[28, 24, 23, 60, 4, 7, 142, 1, 34, 49]"
119776,"[121, 34, 220, 187, 84, 28, 43, 24, 60, 10]"
119777,"[21, 66, 20, 238, 19, 14, 90, 261, 4, 103]"
119778,"[49, 30, 92, 151, 97, 6, 73, 38, 10, 14]"
119779,"[41, 25, 6, 76, 261, 14, 10, 45, 49, 0]"
119780,"[64, 15, 18, 72, 82, 19, 3, 71, 66, 77]"
119781,"[121, 220, 34, 187, 60, 84, 42, 43, 7, 24]"
119782,"[7, 23, 28, 60, 4, 142, 24, 34, 220, 187]"
119783,"[142, 60, 24, 23, 187, 7, 28, 121, 42, 10]"
119784,"[36, 157, 238, 14, 13, 90, 189, 147, 21, 76]"
119785,"[138, 82, 0, 77, 151, 15, 1, 18, 26, 49]"
119786,"[187, 43, 220, 121, 20, 119, 261, 45, 13, 112]"
119787,"[1, 15, 77, 2, 105, 72, 18, 82, 238, 28]"
119788,"[82, 3, 15, 72, 18, 91, 133, 77, 105, 64]"
119789,"[187, 43, 220, 121, 45, 261, 76, 58, 133, 12]"
119790,"[45, 76, 261, 58, 48, 220, 12, 121, 187, 43]"
119791,"[121, 220, 187, 60, 42, 43, 24, 23, 34, 84]"
119792,"[103, 261, 20, 45, 13, 76, 48, 279, 112, 119]"
119793,"[44, 279, 103, 13, 34, 121, 20, 112, 19, 157]"
119794,"[220, 121, 187, 43, 60, 34, 10, 24, 42, 23]"
119795,"[149, 66, 19, 38, 72, 55, 32, 15, 146, 133]"
119796,"[157, 223, 36, 105, 189, 149, 238, 14, 90, 21]"
119797,"[55, 66, 36, 157, 149, 7, 38, 19, 223, 238]"
119798,"[17, 29, 42, 3, 73, 91, 130, 103, 19, 66]"
119799,"[105, 77, 157, 15, 18, 223, 82, 51, 151, 72]"
119800,"[51, 0, 9, 27, 25, 41, 124, 20, 112, 279]"
119801,"[151, 0, 97, 25, 77, 105, 30, 14, 45, 49]"
119802,"[45, 112, 261, 76, 20, 13, 103, 279, 48, 119]"
119803,"[9, 51, 77, 27, 71, 13, 5, 105, 20, 2]"
119804,"[9, 41, 51, 124, 27, 25, 13, 112, 15, 20]"
119805,"[5, 2, 34, 10, 1, 84, 124, 121, 220, 30]"
119806,"[151, 0, 97, 25, 77, 105, 14, 147, 49, 30]"
119807,"[51, 27, 0, 10, 9, 6, 25, 41, 124, 2]"
119808,"[92, 26, 72, 73, 18, 15, 64, 19, 82, 6]"
119809,"[189, 223, 14, 157, 90, 36, 238, 175, 21, 20]"
119810,"[21, 14, 261, 20, 238, 90, 103, 157, 147, 189]"
119811,"[64, 15, 97, 77, 1, 105, 0, 72, 18, 23]"
119812,"[175, 36, 189, 112, 90, 13, 157, 14, 238, 7]"
119813,"[220, 187, 121, 24, 43, 42, 34, 84, 23, 60]"
119814,"[34, 187, 84, 220, 43, 121, 28, 23, 42, 24]"
119815,"[73, 91, 3, 26, 130, 42, 17, 6, 146, 15]"
119816,"[72, 15, 64, 18, 82, 26, 6, 92, 71, 66]"
119817,"[58, 32, 34, 12, 189, 13, 220, 187, 45, 48]"
119818,"[4, 28, 60, 7, 23, 24, 187, 42, 49, 1]"
119819,"[45, 103, 261, 76, 48, 112, 20, 13, 279, 119]"
119820,"[49, 0, 97, 30, 151, 26, 72, 14, 146, 23]"
119821,"[92, 15, 18, 72, 0, 82, 64, 105, 26, 6]"
119822,"[36, 66, 157, 238, 4, 90, 13, 38, 21, 149]"
119823,"[66, 4, 38, 133, 19, 149, 7, 175, 23, 60]"
119824,"[9, 51, 27, 71, 20, 13, 77, 5, 2, 279]"
119825,"[7, 66, 4, 21, 19, 90, 238, 149, 175, 223]"
119826,"[92, 0, 105, 15, 18, 49, 1, 77, 51, 72]"
119827,"[36, 90, 223, 175, 189, 157, 14, 21, 238, 45]"
119828,"[30, 49, 1, 10, 60, 138, 23, 28, 130, 7]"
119829,"[15, 18, 0, 97, 64, 151, 77, 9, 72, 30]"
119830,"[72, 49, 30, 15, 64, 77, 0, 105, 26, 18]"
119831,"[0, 97, 151, 18, 41, 73, 6, 49, 92, 30]"
119832,"[112, 279, 32, 20, 103, 119, 13, 34, 45, 84]"
119833,"[38, 60, 146, 147, 14, 133, 23, 24, 66, 149]"
119834,"[48, 45, 76, 58, 12, 261, 220, 43, 121, 187]"
119835,"[43, 121, 187, 10, 42, 220, 7, 24, 49, 60]"
119836,"[82, 15, 18, 105, 26, 1, 151, 72, 77, 149]"
119837,"[49, 15, 1, 30, 72, 105, 92, 151, 97, 64]"
119838,"[77, 105, 189, 51, 223, 27, 82, 9, 151, 97]"
119839,"[130, 73, 91, 42, 3, 151, 6, 41, 10, 25]"
119840,"[112, 119, 13, 279, 103, 20, 238, 77, 175, 32]"
119841,"[84, 121, 34, 60, 220, 187, 43, 4, 2, 10]"
119842,"[72, 15, 77, 146, 151, 105, 82, 18, 26, 30]"
119843,"[71, 6, 51, 9, 25, 10, 27, 5, 30, 124]"
119844,"[5, 2, 124, 51, 9, 13, 76, 27, 71, 36]"
119845,"[30, 71, 15, 49, 1, 77, 105, 18, 72, 138]"
119846,"[223, 189, 90, 19, 14, 157, 21, 36, 187, 7]"
119847,"[91, 73, 3, 130, 17, 6, 72, 15, 18, 58]"
119848,"[29, 17, 90, 13, 103, 20, 238, 112, 42, 189]"
119849,"[103, 45, 261, 20, 13, 48, 76, 12, 279, 34]"
119850,"[187, 220, 34, 32, 103, 13, 279, 121, 112, 119]"
119851,"[82, 77, 3, 105, 15, 72, 18, 1, 223, 138]"
119852,"[76, 45, 12, 48, 20, 112, 58, 220, 13, 261]"
119853,"[54, 121, 220, 5, 84, 34, 2, 1, 10, 187]"
119854,"[44, 121, 103, 279, 261, 20, 13, 6, 25, 34]"
119855,"[21, 20, 14, 238, 90, 261, 157, 189, 36, 103]"
119856,"[0, 30, 97, 151, 49, 25, 76, 26, 105, 92]"
119857,"[91, 3, 73, 130, 17, 133, 42, 6, 29, 82]"
119858,"[4, 189, 28, 19, 21, 238, 66, 36, 223, 55]"
119859,"[15, 18, 9, 77, 82, 72, 64, 105, 90, 1]"
119860,"[26, 105, 72, 92, 223, 77, 15, 1, 73, 187]"
119861,"[105, 151, 0, 77, 157, 97, 238, 90, 25, 223]"
119862,"[14, 38, 146, 60, 21, 133, 261, 142, 24, 147]"
119863,"[103, 261, 112, 13, 119, 20, 45, 32, 238, 21]"
119864,"[124, 27, 149, 9, 51, 2, 105, 71, 103, 3]"
119865,"[60, 157, 25, 55, 146, 142, 77, 121, 149, 38]"
119866,"[130, 91, 42, 3, 73, 10, 1, 5, 30, 105]"
119867,"[92, 72, 133, 26, 64, 15, 19, 82, 18, 77]"
119868,"[103, 32, 112, 13, 20, 34, 44, 279, 261, 119]"
119869,"[25, 6, 41, 10, 76, 9, 97, 51, 27, 130]"
119870,"[48, 45, 13, 20, 261, 112, 279, 76, 119, 103]"
119871,"[60, 24, 23, 49, 30, 42, 142, 121, 28, 220]"
119872,"[0, 97, 151, 41, 51, 18, 77, 14, 45, 25]"
119873,"[29, 17, 42, 3, 91, 90, 73, 238, 13, 103]"
119874,"[25, 6, 151, 41, 10, 45, 30, 76, 60, 48]"
119875,"[27, 51, 9, 20, 103, 112, 77, 13, 124, 105]"
119876,"[49, 1, 30, 15, 105, 92, 3, 77, 151, 64]"
119877,"[4, 28, 60, 7, 23, 24, 187, 220, 142, 121]"
119878,"[279, 20, 103, 13, 112, 45, 261, 48, 119, 76]"
119879,"[58, 32, 12, 34, 133, 189, 45, 6, 220, 146]"
119880,"[91, 73, 130, 3, 42, 17, 6, 26, 58, 146]"
119881,"[130, 73, 91, 42, 3, 151, 6, 10, 25, 41]"
119882,"[28, 4, 55, 122, 24, 66, 23, 157, 279, 189]"
119883,"[147, 14, 36, 133, 24, 38, 112, 238, 45, 151]"
119884,"[119, 112, 13, 32, 20, 103, 279, 34, 84, 43]"
119885,"[26, 72, 105, 92, 77, 15, 223, 73, 1, 97]"
119886,"[5, 51, 27, 34, 9, 2, 71, 103, 32, 124]"
119887,"[149, 66, 19, 55, 82, 15, 72, 238, 157, 223]"
119888,"[223, 238, 189, 90, 20, 157, 14, 175, 29, 66]"
119889,"[119, 13, 20, 34, 84, 103, 112, 32, 279, 29]"
119890,"[149, 66, 38, 124, 19, 55, 133, 146, 157, 32]"
119891,"[43, 187, 220, 76, 42, 121, 12, 58, 10, 45]"
119892,"[92, 72, 26, 133, 64, 15, 18, 82, 77, 19]"
119893,"[54, 121, 34, 43, 10, 220, 2, 84, 5, 7]"
119894,"[51, 27, 6, 124, 2, 10, 41, 71, 25, 20]"
119895,"[261, 103, 45, 76, 48, 121, 32, 58, 14, 12]"
119896,"[55, 66, 122, 19, 149, 238, 38, 157, 60, 32]"
119897,"[5, 51, 9, 71, 36, 48, 2, 64, 13, 90]"
119898,"[261, 76, 48, 45, 20, 14, 13, 103, 279, 25]"
119899,"[13, 20, 119, 103, 279, 112, 189, 261, 157, 36]"
119900,"[82, 15, 18, 72, 149, 64, 3, 66, 26, 19]"
119901,"[58, 12, 32, 133, 6, 45, 146, 34, 121, 48]"
119902,"[189, 223, 90, 238, 21, 36, 157, 14, 147, 133]"
119903,"[4, 23, 60, 28, 7, 24, 187, 42, 220, 43]"
119904,"[9, 51, 27, 13, 20, 77, 279, 112, 103, 105]"
119905,"[14, 23, 238, 157, 261, 146, 149, 28, 66, 223]"
119906,"[146, 14, 133, 23, 60, 38, 261, 58, 26, 147]"
119907,"[43, 187, 220, 7, 10, 121, 34, 42, 84, 23]"
119908,"[279, 103, 20, 112, 13, 119, 238, 157, 51, 45]"
119909,"[14, 21, 261, 147, 48, 76, 45, 0, 20, 223]"
119910,"[220, 187, 121, 34, 43, 84, 28, 60, 23, 24]"
119911,"[2, 51, 27, 18, 71, 6, 112, 10, 9, 124]"
119912,"[24, 4, 28, 147, 133, 60, 157, 14, 23, 238]"
119913,"[34, 84, 28, 187, 220, 121, 43, 7, 23, 4]"
119914,"[41, 25, 6, 9, 27, 10, 97, 49, 121, 12]"
119915,"[91, 73, 130, 25, 3, 6, 42, 151, 10, 41]"
119916,"[14, 261, 23, 76, 147, 238, 157, 45, 146, 151]"
119917,"[146, 66, 133, 149, 19, 38, 72, 58, 32, 12]"
119918,"[58, 12, 32, 133, 146, 34, 6, 45, 220, 48]"
119919,"[25, 77, 51, 105, 9, 151, 27, 124, 41, 45]"
119920,"[60, 24, 14, 38, 23, 146, 42, 142, 147, 133]"
119921,"[25, 9, 51, 41, 105, 27, 77, 6, 13, 76]"
119922,"[20, 45, 76, 261, 13, 48, 112, 103, 279, 119]"
119923,"[6, 27, 51, 25, 124, 41, 10, 9, 71, 121]"
119924,"[138, 1, 30, 49, 7, 142, 60, 34, 2, 84]"
119925,"[32, 279, 112, 103, 119, 43, 12, 187, 45, 261]"
119926,"[71, 51, 124, 27, 30, 15, 9, 20, 2, 1]"
119927,"[130, 91, 73, 3, 10, 42, 41, 25, 51, 17]"
119928,"[9, 51, 13, 20, 27, 41, 77, 25, 279, 112]"
119929,"[5, 2, 124, 51, 13, 27, 9, 71, 76, 3]"
119930,"[24, 23, 142, 14, 147, 38, 60, 187, 121, 28]"
119931,"[9, 51, 15, 41, 27, 124, 71, 84, 13, 5]"
119932,"[146, 38, 133, 66, 60, 72, 149, 14, 12, 58]"
119933,"[76, 45, 20, 112, 48, 13, 261, 103, 279, 90]"
119934,"[2, 5, 51, 27, 238, 105, 71, 9, 49, 44]"
119935,"[34, 13, 112, 103, 32, 84, 119, 20, 279, 51]"
119936,"[1, 49, 151, 77, 30, 26, 105, 82, 64, 97]"
119937,"[23, 142, 28, 24, 60, 1, 7, 4, 149, 49]"
119938,"[13, 112, 20, 279, 103, 45, 261, 32, 58, 76]"
119939,"[133, 38, 66, 146, 149, 19, 55, 14, 122, 58]"
119940,"[44, 32, 279, 7, 112, 71, 12, 66, 13, 149]"
119941,"[66, 19, 28, 55, 189, 14, 4, 38, 146, 223]"
119942,"[7, 4, 28, 1, 84, 34, 60, 23, 142, 66]"
119943,"[91, 130, 73, 42, 3, 97, 41, 6, 25, 10]"
119944,"[45, 103, 261, 48, 12, 112, 76, 13, 20, 58]"
119945,"[122, 19, 149, 133, 15, 66, 55, 17, 18, 26]"
119946,"[92, 26, 49, 73, 0, 41, 151, 30, 97, 14]"
119947,"[124, 51, 27, 9, 20, 25, 41, 48, 112, 45]"
119948,"[30, 49, 10, 1, 60, 23, 24, 130, 142, 138]"
119949,"[43, 187, 220, 121, 10, 42, 34, 23, 7, 60]"
119950,"[121, 187, 34, 220, 84, 43, 28, 24, 60, 2]"
119951,"[279, 13, 112, 103, 20, 119, 27, 32, 44, 261]"
119952,"[42, 130, 43, 7, 121, 34, 60, 29, 220, 23]"
119953,"[0, 97, 90, 18, 151, 105, 77, 51, 14, 15]"
119954,"[41, 25, 51, 9, 6, 124, 27, 105, 20, 10]"
119955,"[133, 38, 66, 19, 149, 175, 58, 12, 55, 146]"
119956,"[103, 32, 261, 112, 13, 119, 20, 27, 34, 279]"
119957,"[13, 20, 119, 261, 76, 103, 279, 112, 48, 189]"
119958,"[71, 30, 124, 51, 6, 27, 9, 25, 20, 2]"
119959,"[44, 32, 13, 12, 119, 71, 84, 19, 6, 17]"
119960,"[71, 51, 9, 6, 5, 27, 72, 124, 119, 15]"
119961,"[3, 91, 73, 17, 130, 6, 29, 15, 42, 82]"
119962,"[1, 77, 26, 15, 49, 105, 30, 2, 18, 151]"
119963,"[29, 17, 119, 3, 42, 90, 223, 19, 20, 238]"
119964,"[76, 45, 48, 261, 12, 14, 20, 220, 58, 41]"
119965,"[48, 45, 13, 20, 112, 261, 279, 76, 119, 103]"
119966,"[12, 58, 76, 261, 45, 48, 220, 43, 121, 20]"
119967,"[122, 28, 133, 189, 19, 90, 23, 149, 142, 24]"
119968,"[149, 124, 157, 36, 223, 66, 19, 4, 27, 7]"
119969,"[23, 14, 142, 24, 146, 60, 38, 149, 147, 261]"
119970,"[220, 187, 121, 76, 43, 12, 58, 48, 261, 45]"
119971,"[175, 36, 19, 7, 147, 60, 66, 90, 122, 146]"
119972,"[64, 15, 72, 82, 151, 3, 18, 19, 66, 77]"
119973,"[103, 32, 34, 112, 13, 20, 44, 261, 279, 119]"
119974,"[2, 10, 1, 49, 84, 121, 5, 130, 34, 187]"
119975,"[91, 130, 73, 42, 3, 151, 17, 29, 49, 0]"
119976,"[220, 187, 121, 43, 24, 76, 147, 12, 34, 84]"
119977,"[7, 36, 43, 175, 66, 14, 157, 23, 238, 19]"
119978,"[9, 51, 27, 77, 20, 105, 13, 112, 279, 41]"
119979,"[119, 112, 13, 45, 20, 103, 279, 32, 76, 261]"
119980,"[10, 41, 6, 130, 25, 49, 43, 45, 187, 220]"
119981,"[92, 0, 49, 105, 151, 30, 97, 26, 14, 91]"
119982,"[146, 66, 149, 38, 19, 55, 133, 58, 64, 15]"
119983,"[20, 13, 261, 103, 279, 45, 76, 112, 48, 119]"
119984,"[84, 34, 4, 121, 220, 7, 187, 28, 43, 2]"
119985,"[92, 26, 73, 6, 72, 49, 38, 15, 0, 18]"
119986,"[45, 103, 261, 48, 12, 76, 112, 20, 13, 58]"
119987,"[97, 105, 0, 151, 77, 189, 147, 119, 18, 41]"
119988,"[103, 261, 32, 119, 112, 13, 20, 45, 121, 187]"
119989,"[124, 27, 76, 9, 41, 112, 51, 6, 5, 10]"
119990,"[138, 82, 77, 1, 15, 105, 26, 18, 0, 49]"
119991,"[105, 77, 82, 72, 49, 97, 151, 1, 18, 15]"
119992,"[43, 187, 121, 220, 10, 42, 23, 34, 49, 60]"
119993,"[103, 261, 32, 112, 119, 13, 20, 45, 121, 34]"
119994,"[92, 77, 26, 133, 64, 10, 30, 72, 105, 175]"
119995,"[7, 36, 43, 175, 14, 66, 157, 19, 238, 23]"
119996,"[72, 146, 151, 15, 77, 105, 82, 30, 26, 71]"
119997,"[42, 43, 121, 34, 7, 220, 130, 60, 187, 10]"
119998,"[51, 27, 9, 112, 124, 0, 25, 20, 279, 77]"
119999,"[45, 48, 76, 20, 261, 119, 13, 112, 58, 103]"
120000,"[6, 41, 25, 10, 0, 151, 121, 73, 51, 91]"
120001,"[29, 42, 17, 3, 119, 90, 223, 91, 238, 20]"
120002,"[19, 66, 149, 119, 55, 12, 38, 15, 122, 92]"
120003,"[72, 15, 77, 64, 105, 49, 18, 82, 30, 66]"
120004,"[72, 15, 82, 18, 146, 71, 66, 64, 3, 105]"
120005,"[38, 66, 149, 15, 19, 55, 146, 133, 72, 17]"
120006,"[157, 223, 105, 36, 189, 149, 238, 90, 77, 21]"
120007,"[51, 27, 9, 2, 20, 124, 279, 5, 112, 13]"
120008,"[77, 105, 15, 72, 82, 1, 18, 157, 64, 9]"
120009,"[76, 261, 25, 45, 48, 13, 20, 14, 121, 112]"
120010,"[279, 20, 103, 112, 13, 119, 51, 45, 238, 157]"
120011,"[147, 14, 36, 133, 38, 151, 24, 112, 77, 45]"
120012,"[261, 103, 45, 76, 48, 14, 20, 13, 41, 121]"
120013,"[124, 27, 9, 2, 51, 71, 149, 34, 41, 103]"
120014,"[13, 20, 103, 112, 279, 32, 34, 119, 84, 51]"
120015,"[5, 51, 48, 9, 25, 6, 71, 36, 41, 2]"
120016,"[14, 23, 238, 157, 146, 149, 261, 28, 66, 21]"
120017,"[189, 223, 4, 21, 38, 36, 55, 19, 90, 157]"
120018,"[42, 91, 73, 130, 17, 29, 3, 60, 38, 14]"
120019,"[220, 187, 121, 43, 24, 42, 76, 147, 23, 12]"
120020,"[151, 0, 97, 105, 25, 30, 14, 49, 41, 45]"
120021,"[27, 51, 142, 25, 124, 261, 112, 9, 279, 13]"
120022,"[12, 58, 6, 76, 45, 261, 146, 91, 187, 133]"
120023,"[17, 29, 42, 3, 103, 13, 112, 19, 73, 32]"
120024,"[1, 77, 105, 15, 18, 82, 49, 4, 64, 151]"
120025,"[84, 121, 34, 220, 60, 187, 43, 4, 2, 10]"
120026,"[72, 15, 64, 66, 18, 82, 26, 92, 71, 6]"
120027,"[92, 26, 72, 15, 73, 18, 64, 82, 19, 6]"
120028,"[28, 23, 24, 60, 4, 7, 142, 34, 187, 84]"
120029,"[122, 28, 133, 189, 149, 19, 90, 142, 23, 24]"
120030,"[4, 28, 23, 7, 60, 24, 42, 142, 1, 187]"
120031,"[220, 187, 121, 76, 147, 12, 58, 45, 43, 24]"
120032,"[13, 20, 119, 103, 279, 112, 51, 9, 261, 29]"
120033,"[122, 133, 19, 149, 38, 55, 66, 26, 14, 15]"
120034,"[147, 36, 133, 24, 38, 112, 77, 4, 238, 19]"
120035,"[84, 34, 20, 13, 189, 103, 58, 261, 32, 220]"
120036,"[60, 38, 24, 146, 14, 23, 147, 133, 97, 0]"
120037,"[42, 73, 17, 29, 91, 121, 130, 45, 58, 76]"
120038,"[38, 146, 133, 66, 149, 12, 58, 24, 60, 147]"
120039,"[142, 14, 0, 147, 38, 48, 24, 60, 19, 23]"
120040,"[10, 6, 51, 9, 27, 151, 25, 121, 71, 43]"
120041,"[19, 66, 119, 223, 149, 238, 189, 29, 55, 4]"
120042,"[151, 0, 105, 97, 25, 14, 77, 49, 30, 41]"
120043,"[82, 15, 18, 77, 1, 149, 105, 72, 157, 64]"
120044,"[149, 66, 19, 124, 55, 38, 122, 157, 32, 133]"
120045,"[26, 72, 1, 15, 151, 77, 18, 82, 0, 49]"
120046,"[82, 15, 18, 77, 1, 105, 72, 149, 64, 157]"
120047,"[9, 51, 27, 13, 71, 20, 5, 77, 279, 112]"
120048,"[9, 41, 51, 27, 15, 124, 71, 5, 84, 25]"
120049,"[20, 13, 103, 279, 32, 112, 119, 34, 84, 238]"
120050,"[44, 32, 13, 19, 84, 119, 71, 20, 17, 12]"
120051,"[151, 0, 49, 30, 105, 97, 26, 92, 25, 38]"
120052,"[82, 77, 3, 105, 15, 72, 18, 1, 223, 238]"
120053,"[147, 133, 24, 38, 14, 23, 220, 60, 36, 146]"
120054,"[149, 66, 19, 38, 133, 146, 72, 55, 32, 15]"
120055,"[91, 3, 73, 130, 17, 133, 6, 42, 82, 64]"
120056,"[121, 220, 261, 34, 25, 76, 187, 44, 84, 20]"
120057,"[3, 73, 91, 130, 17, 29, 42, 105, 6, 51]"
120058,"[4, 28, 1, 84, 7, 189, 142, 24, 34, 23]"
120059,"[142, 23, 60, 27, 24, 49, 187, 121, 220, 42]"
120060,"[1, 49, 28, 2, 30, 60, 23, 138, 24, 77]"
120061,"[157, 189, 223, 21, 90, 238, 13, 103, 36, 14]"
120062,"[151, 97, 77, 0, 25, 14, 41, 105, 261, 6]"
120063,"[138, 82, 77, 15, 0, 151, 1, 18, 26, 105]"
120064,"[279, 112, 13, 103, 20, 261, 45, 76, 119, 48]"
120065,"[12, 58, 6, 45, 76, 220, 32, 38, 43, 187]"
120066,"[122, 238, 55, 28, 14, 36, 175, 223, 189, 60]"
120067,"[26, 105, 72, 77, 223, 92, 15, 73, 187, 1]"
120068,"[34, 32, 58, 112, 84, 189, 13, 103, 20, 279]"
120069,"[20, 13, 261, 103, 279, 58, 76, 48, 119, 34]"
120070,"[130, 91, 73, 3, 42, 10, 17, 105, 41, 25]"
120071,"[28, 23, 24, 142, 4, 60, 7, 187, 121, 220]"
120072,"[1, 15, 77, 2, 105, 18, 238, 82, 72, 64]"
120073,"[64, 72, 15, 151, 82, 92, 18, 26, 3, 6]"
120074,"[119, 112, 13, 20, 45, 103, 279, 76, 32, 261]"
120075,"[82, 77, 1, 72, 15, 105, 18, 3, 64, 51]"
120076,"[6, 25, 41, 10, 0, 121, 45, 76, 151, 261]"
120077,"[34, 84, 7, 121, 28, 187, 220, 5, 4, 42]"
120078,"[73, 17, 3, 91, 130, 51, 29, 42, 15, 49]"
120079,"[54, 84, 34, 5, 121, 2, 220, 1, 28, 4]"
120080,"[84, 34, 189, 13, 20, 58, 103, 261, 220, 223]"
120081,"[73, 3, 17, 91, 130, 51, 42, 29, 49, 72]"
120082,"[51, 9, 105, 27, 13, 77, 20, 124, 279, 103]"
120083,"[3, 91, 73, 17, 130, 15, 29, 18, 82, 72]"
120084,"[72, 64, 18, 15, 82, 71, 6, 92, 3, 66]"
120085,"[189, 223, 14, 157, 90, 36, 238, 20, 21, 175]"
120086,"[112, 119, 13, 279, 103, 20, 175, 32, 238, 157]"
120087,"[2, 27, 124, 112, 51, 71, 9, 1, 103, 6]"
120088,"[55, 60, 238, 157, 28, 66, 122, 38, 76, 189]"
120089,"[142, 14, 38, 48, 0, 147, 60, 24, 23, 187]"
120090,"[187, 220, 76, 58, 12, 121, 261, 43, 34, 45]"
120091,"[71, 30, 51, 124, 27, 2, 15, 9, 20, 44]"
120092,"[44, 103, 279, 13, 20, 121, 112, 34, 19, 157]"
120093,"[103, 261, 13, 20, 279, 48, 112, 45, 76, 157]"
120094,"[6, 27, 25, 10, 124, 51, 41, 71, 9, 2]"
120095,"[60, 157, 36, 28, 38, 90, 14, 133, 149, 55]"
120096,"[4, 24, 28, 60, 7, 23, 34, 121, 84, 43]"
120097,"[0, 97, 18, 90, 15, 151, 77, 105, 1, 26]"
120098,"[43, 12, 42, 58, 121, 76, 261, 187, 10, 220]"
120099,"[105, 77, 82, 72, 15, 18, 1, 223, 189, 64]"
120100,"[64, 15, 72, 18, 97, 82, 19, 133, 92, 38]"
120101,"[72, 64, 105, 18, 15, 77, 49, 30, 151, 82]"
120102,"[19, 66, 238, 149, 7, 4, 36, 90, 28, 21]"
120103,"[77, 105, 157, 151, 189, 9, 51, 27, 238, 90]"
120104,"[103, 32, 261, 112, 13, 119, 20, 66, 34, 19]"
120105,"[103, 20, 261, 45, 13, 48, 76, 279, 112, 29]"
120106,"[21, 189, 142, 55, 4, 149, 36, 147, 90, 66]"
120107,"[12, 58, 20, 45, 76, 119, 261, 187, 223, 220]"
120108,"[9, 51, 41, 27, 124, 13, 15, 112, 25, 20]"
120109,"[1, 82, 105, 49, 30, 97, 26, 77, 4, 18]"
120110,"[2, 10, 121, 34, 187, 5, 1, 220, 84, 30]"
120111,"[12, 58, 6, 32, 133, 38, 146, 76, 45, 220]"
120112,"[41, 0, 25, 51, 261, 97, 6, 10, 9, 45]"
120113,"[25, 41, 6, 51, 27, 76, 157, 151, 20, 261]"
120114,"[103, 32, 261, 112, 20, 119, 13, 66, 34, 19]"
120115,"[34, 121, 220, 187, 84, 43, 10, 58, 42, 32]"
120116,"[48, 45, 76, 58, 12, 261, 220, 43, 121, 187]"
120117,"[20, 279, 261, 13, 12, 76, 112, 103, 32, 45]"
120118,"[175, 133, 189, 238, 157, 223, 14, 90, 36, 21]"
120119,"[29, 90, 119, 20, 17, 42, 223, 238, 45, 13]"
120120,"[54, 220, 121, 187, 34, 84, 2, 43, 1, 5]"
120121,"[21, 189, 223, 66, 19, 36, 90, 157, 238, 149]"
120122,"[13, 112, 103, 20, 279, 119, 34, 32, 84, 36]"
120123,"[17, 73, 42, 29, 3, 36, 55, 45, 112, 149]"
120124,"[187, 220, 76, 58, 12, 121, 34, 43, 261, 45]"
120125,"[14, 21, 261, 38, 146, 133, 60, 147, 142, 48]"
120126,"[76, 45, 261, 220, 48, 121, 25, 12, 43, 58]"
120127,"[119, 13, 20, 112, 103, 279, 189, 223, 34, 29]"
120128,"[51, 27, 9, 0, 10, 25, 6, 41, 2, 124]"
120129,"[28, 19, 23, 24, 238, 189, 60, 38, 66, 149]"
120130,"[58, 32, 34, 189, 45, 187, 13, 220, 12, 20]"
120131,"[3, 91, 73, 17, 29, 130, 42, 105, 77, 15]"
120132,"[220, 121, 187, 43, 10, 34, 84, 42, 24, 60]"
120133,"[3, 91, 73, 17, 15, 6, 72, 71, 64, 18]"
120134,"[12, 58, 32, 71, 19, 20, 119, 76, 66, 6]"
120135,"[112, 119, 13, 279, 103, 20, 32, 175, 51, 77]"
120136,"[45, 76, 261, 112, 20, 187, 13, 103, 48, 12]"
120137,"[32, 34, 189, 58, 13, 119, 20, 103, 84, 112]"
120138,"[122, 19, 149, 133, 66, 55, 28, 15, 18, 189]"
120139,"[189, 223, 21, 36, 90, 14, 157, 238, 147, 175]"
120140,"[71, 6, 72, 12, 51, 15, 32, 26, 9, 25]"
120141,"[45, 103, 261, 12, 48, 76, 112, 20, 13, 58]"
120142,"[122, 238, 55, 14, 28, 36, 175, 223, 189, 60]"
120143,"[12, 58, 32, 71, 19, 20, 66, 45, 6, 261]"
120144,"[187, 121, 220, 34, 43, 10, 42, 84, 60, 23]"
120145,"[121, 34, 220, 187, 84, 43, 28, 24, 60, 10]"
120146,"[142, 238, 60, 90, 189, 23, 24, 28, 21, 14]"
120147,"[55, 66, 19, 122, 238, 149, 38, 157, 15, 60]"
120148,"[77, 64, 15, 72, 105, 18, 49, 30, 82, 151]"
120149,"[3, 73, 91, 15, 17, 72, 6, 64, 71, 18]"
120150,"[2, 5, 51, 27, 10, 41, 49, 9, 44, 238]"
120151,"[38, 66, 133, 149, 19, 55, 146, 12, 15, 32]"
120152,"[112, 13, 279, 20, 32, 103, 34, 90, 124, 119]"
120153,"[7, 36, 175, 43, 157, 66, 23, 14, 19, 238]"
120154,"[157, 223, 149, 36, 23, 189, 105, 90, 19, 238]"
120155,"[26, 92, 73, 72, 38, 15, 6, 151, 146, 133]"
120156,"[151, 77, 97, 64, 25, 0, 105, 15, 18, 1]"
120157,"[29, 17, 20, 13, 238, 119, 103, 42, 3, 223]"
120158,"[130, 10, 91, 42, 73, 49, 60, 41, 25, 142]"
120159,"[72, 15, 18, 26, 64, 82, 19, 66, 92, 91]"
120160,"[2, 10, 121, 34, 5, 187, 1, 84, 220, 130]"
120161,"[122, 55, 66, 19, 133, 149, 146, 38, 238, 14]"
120162,"[42, 91, 29, 17, 73, 130, 60, 3, 14, 23]"
120163,"[90, 223, 157, 0, 238, 189, 36, 21, 175, 97]"
120164,"[29, 17, 42, 3, 73, 103, 13, 90, 34, 76]"
120165,"[82, 3, 72, 15, 18, 105, 77, 64, 66, 71]"
120166,"[82, 3, 77, 138, 105, 15, 72, 1, 18, 49]"
120167,"[82, 15, 18, 72, 149, 64, 3, 66, 26, 19]"
120168,"[6, 12, 91, 58, 25, 41, 10, 71, 3, 73]"
120169,"[1, 77, 15, 82, 105, 18, 72, 4, 279, 124]"
120170,"[261, 103, 45, 76, 48, 32, 58, 14, 121, 43]"
120171,"[5, 76, 124, 2, 13, 51, 25, 10, 9, 27]"
120172,"[187, 220, 76, 58, 12, 121, 43, 34, 261, 45]"
120173,"[34, 13, 20, 84, 103, 119, 32, 187, 279, 28]"
120174,"[60, 142, 121, 24, 28, 4, 7, 23, 42, 84]"
120175,"[32, 279, 112, 103, 119, 43, 12, 13, 261, 238]"
120176,"[73, 3, 91, 26, 17, 15, 71, 130, 6, 72]"
120177,"[223, 189, 90, 157, 21, 36, 238, 14, 20, 105]"
120178,"[90, 223, 189, 36, 112, 175, 21, 157, 14, 238]"
120179,"[220, 187, 121, 43, 42, 34, 60, 23, 24, 84]"
120180,"[238, 157, 36, 28, 66, 90, 19, 189, 4, 7]"
120181,"[130, 91, 42, 73, 10, 30, 3, 49, 1, 220]"
120182,"[149, 66, 19, 38, 133, 146, 32, 55, 72, 157]"
120183,"[130, 73, 3, 91, 42, 17, 29, 2, 15, 151]"
120184,"[38, 60, 147, 14, 146, 133, 23, 24, 49, 30]"
120185,"[12, 58, 32, 76, 6, 261, 133, 45, 48, 220]"
120186,"[77, 105, 151, 97, 0, 147, 119, 14, 124, 51]"
120187,"[36, 149, 90, 223, 66, 157, 175, 189, 21, 4]"
120188,"[175, 36, 90, 21, 223, 119, 238, 157, 189, 29]"
120189,"[9, 41, 51, 124, 27, 15, 71, 5, 84, 25]"
120190,"[124, 112, 27, 9, 51, 77, 41, 90, 76, 5]"
120191,"[4, 28, 24, 23, 60, 142, 42, 84, 7, 34]"
120192,"[25, 151, 41, 6, 51, 77, 0, 76, 261, 9]"
120193,"[66, 238, 36, 14, 21, 223, 189, 19, 90, 175]"
120194,"[77, 151, 97, 105, 119, 92, 30, 0, 1, 49]"
120195,"[21, 14, 261, 20, 238, 90, 103, 66, 36, 189]"
120196,"[151, 105, 0, 30, 49, 77, 15, 72, 97, 1]"
120197,"[175, 36, 189, 112, 90, 157, 13, 238, 223, 21]"
120198,"[51, 9, 105, 27, 124, 103, 20, 13, 77, 157]"
120199,"[72, 15, 77, 64, 105, 18, 82, 1, 66, 49]"
120200,"[151, 0, 105, 97, 25, 14, 77, 49, 30, 76]"
120201,"[14, 189, 7, 223, 66, 23, 19, 146, 60, 36]"
120202,"[133, 38, 12, 146, 58, 92, 24, 19, 66, 91]"
120203,"[130, 42, 91, 10, 30, 73, 49, 220, 3, 1]"
120204,"[175, 36, 90, 14, 147, 21, 223, 77, 157, 45]"
120205,"[23, 142, 24, 60, 49, 14, 121, 220, 187, 42]"
120206,"[9, 41, 51, 38, 124, 27, 25, 15, 71, 6]"
120207,"[51, 9, 27, 25, 0, 41, 124, 20, 112, 279]"
120208,"[187, 121, 58, 220, 45, 48, 76, 12, 34, 43]"
120209,"[49, 30, 97, 26, 0, 151, 14, 72, 146, 23]"
120210,"[77, 105, 151, 97, 0, 147, 119, 124, 51, 27]"
120211,"[90, 223, 36, 189, 175, 21, 66, 112, 157, 28]"
120212,"[112, 279, 20, 103, 32, 119, 13, 34, 84, 45]"
120213,"[138, 105, 15, 157, 77, 151, 0, 97, 18, 149]"
120214,"[20, 13, 261, 103, 58, 76, 112, 45, 12, 279]"
120215,"[45, 261, 76, 112, 20, 187, 103, 48, 279, 12]"
120216,"[15, 49, 105, 72, 18, 77, 30, 82, 3, 1]"
120217,"[103, 261, 45, 20, 13, 48, 12, 76, 279, 32]"
120218,"[30, 49, 1, 7, 28, 138, 71, 142, 23, 60]"
120219,"[91, 130, 3, 73, 42, 133, 6, 97, 151, 29]"
120220,"[21, 189, 36, 90, 157, 238, 223, 175, 13, 105]"
120221,"[7, 43, 23, 28, 4, 84, 36, 34, 175, 49]"
120222,"[151, 77, 64, 15, 18, 97, 1, 72, 82, 0]"
120223,"[220, 121, 43, 187, 34, 60, 42, 24, 10, 23]"
120224,"[1, 2, 28, 49, 15, 30, 34, 77, 7, 5]"
120225,"[76, 45, 261, 48, 14, 41, 20, 58, 25, 13]"
120226,"[146, 14, 23, 60, 133, 38, 261, 147, 24, 58]"
120227,"[30, 49, 1, 10, 60, 138, 28, 23, 7, 220]"
120228,"[17, 73, 3, 42, 29, 91, 55, 32, 149, 58]"
120229,"[112, 76, 13, 279, 45, 20, 34, 121, 12, 90]"
120230,"[97, 0, 105, 18, 151, 77, 55, 1, 49, 72]"
120231,"[54, 51, 13, 48, 121, 279, 6, 20, 103, 71]"
120232,"[149, 66, 19, 38, 146, 133, 32, 55, 72, 122]"
120233,"[18, 0, 15, 97, 105, 90, 77, 72, 64, 1]"
120234,"[20, 13, 261, 103, 76, 45, 112, 279, 119, 48]"
120235,"[220, 187, 121, 34, 43, 24, 7, 84, 28, 4]"
120236,"[90, 223, 189, 36, 21, 157, 66, 112, 175, 19]"
120237,"[175, 36, 189, 112, 90, 157, 13, 238, 223, 20]"
120238,"[29, 90, 119, 223, 20, 17, 238, 13, 112, 175]"
120239,"[220, 45, 58, 12, 261, 48, 34, 76, 20, 103]"
120240,"[55, 66, 38, 19, 149, 133, 146, 12, 58, 157]"
120241,"[187, 220, 76, 58, 12, 121, 34, 43, 261, 45]"
120242,"[66, 21, 238, 19, 223, 149, 36, 189, 90, 28]"
120243,"[15, 72, 18, 82, 3, 64, 6, 105, 71, 77]"
120244,"[66, 149, 19, 238, 23, 146, 38, 36, 133, 175]"
120245,"[238, 36, 189, 223, 66, 157, 14, 55, 90, 21]"
120246,"[112, 119, 13, 279, 103, 20, 51, 32, 175, 27]"
120247,"[14, 7, 189, 223, 66, 19, 23, 60, 36, 28]"
120248,"[36, 147, 238, 157, 189, 175, 14, 223, 21, 119]"
120249,"[24, 133, 147, 4, 60, 14, 23, 38, 121, 146]"
120250,"[51, 6, 27, 41, 10, 25, 2, 124, 9, 71]"
120251,"[21, 14, 261, 20, 238, 90, 103, 36, 223, 157]"
120252,"[45, 48, 76, 261, 58, 20, 14, 12, 220, 112]"
120253,"[29, 17, 20, 42, 13, 14, 261, 103, 119, 238]"
120254,"[43, 187, 34, 220, 121, 7, 10, 42, 84, 23]"
120255,"[30, 49, 38, 105, 151, 71, 0, 1, 15, 77]"
120256,"[15, 77, 18, 82, 105, 72, 1, 64, 223, 157]"
120257,"[27, 51, 142, 25, 124, 9, 41, 112, 261, 279]"
120258,"[138, 1, 49, 7, 30, 60, 142, 34, 82, 2]"
120259,"[175, 133, 66, 90, 7, 36, 189, 223, 38, 157]"
120260,"[54, 32, 103, 34, 13, 119, 27, 2, 84, 279]"
120261,"[29, 17, 42, 3, 91, 90, 73, 189, 112, 13]"
120262,"[20, 13, 103, 112, 279, 119, 34, 32, 238, 261]"
120263,"[157, 223, 149, 36, 189, 19, 105, 4, 90, 238]"
120264,"[13, 112, 20, 279, 103, 119, 32, 34, 84, 51]"
120265,"[133, 122, 149, 19, 146, 38, 58, 66, 55, 32]"
120266,"[112, 119, 32, 279, 13, 103, 45, 187, 34, 43]"
120267,"[220, 34, 121, 84, 187, 43, 10, 28, 5, 60]"
120268,"[38, 133, 66, 149, 19, 36, 14, 28, 175, 55]"
120269,"[48, 45, 58, 20, 13, 76, 12, 261, 220, 84]"
120270,"[124, 51, 27, 9, 20, 112, 2, 77, 279, 13]"
120271,"[103, 20, 261, 45, 13, 76, 48, 279, 112, 119]"
120272,"[44, 19, 32, 6, 71, 17, 66, 103, 12, 279]"
120273,"[72, 15, 18, 64, 66, 82, 19, 77, 26, 149]"
120274,"[84, 34, 28, 4, 13, 220, 189, 20, 121, 103]"
120275,"[30, 49, 151, 0, 97, 23, 24, 92, 41, 14]"
120276,"[121, 261, 58, 76, 220, 187, 12, 45, 43, 48]"
120277,"[24, 28, 238, 60, 133, 90, 23, 4, 66, 72]"
120278,"[189, 223, 4, 21, 19, 36, 90, 66, 157, 238]"
120279,"[103, 20, 45, 261, 13, 76, 48, 279, 112, 119]"
120280,"[73, 91, 130, 3, 42, 151, 6, 17, 0, 25]"
120281,"[151, 0, 72, 77, 105, 97, 18, 30, 49, 1]"
120282,"[189, 223, 90, 238, 36, 34, 21, 157, 19, 32]"
120283,"[51, 9, 13, 27, 20, 105, 77, 103, 124, 279]"
120284,"[71, 6, 51, 9, 30, 25, 10, 72, 5, 27]"
120285,"[14, 261, 21, 133, 38, 146, 60, 147, 48, 142]"
120286,"[42, 91, 73, 29, 130, 17, 3, 60, 121, 23]"
120287,"[0, 97, 105, 30, 18, 151, 1, 77, 15, 49]"
120288,"[1, 49, 30, 4, 138, 28, 82, 60, 7, 5]"
120289,"[149, 66, 19, 72, 15, 38, 55, 32, 17, 146]"
120290,"[157, 25, 60, 36, 238, 189, 105, 90, 147, 55]"
120291,"[187, 121, 220, 34, 10, 43, 60, 42, 84, 23]"
120292,"[20, 279, 13, 103, 112, 32, 119, 34, 84, 21]"
120293,"[147, 97, 119, 36, 14, 157, 223, 189, 238, 13]"
120294,"[66, 149, 19, 238, 146, 23, 38, 36, 133, 90]"
120295,"[51, 9, 5, 13, 71, 27, 20, 34, 2, 279]"
120296,"[43, 13, 119, 187, 20, 220, 34, 121, 175, 7]"
120297,"[84, 13, 20, 34, 119, 36, 32, 112, 157, 121]"
120298,"[2, 27, 124, 112, 51, 9, 71, 6, 41, 20]"
120299,"[121, 43, 261, 187, 58, 48, 220, 76, 45, 12]"
120300,"[10, 2, 130, 43, 5, 49, 187, 220, 51, 34]"
120301,"[220, 187, 121, 279, 34, 13, 32, 12, 119, 43]"
120302,"[64, 72, 77, 105, 49, 15, 18, 30, 82, 0]"
120303,"[44, 279, 7, 32, 48, 112, 12, 13, 261, 103]"
120304,"[42, 29, 17, 91, 73, 3, 130, 60, 121, 24]"
120305,"[51, 27, 6, 10, 41, 2, 124, 25, 71, 9]"
120306,"[151, 0, 77, 72, 105, 97, 18, 30, 49, 1]"
120307,"[55, 19, 66, 149, 18, 38, 122, 82, 15, 17]"
120308,"[4, 189, 28, 21, 19, 24, 36, 66, 142, 55]"
120309,"[220, 187, 121, 43, 76, 58, 12, 261, 48, 45]"
120310,"[25, 6, 41, 51, 27, 151, 9, 76, 124, 261]"
120311,"[72, 15, 64, 82, 18, 66, 26, 92, 6, 73]"
120312,"[10, 121, 2, 43, 30, 34, 6, 1, 49, 5]"
120313,"[18, 72, 15, 19, 82, 64, 66, 105, 55, 3]"
120314,"[17, 73, 3, 91, 42, 29, 55, 149, 66, 32]"
120315,"[146, 38, 133, 66, 58, 6, 14, 12, 149, 73]"
120316,"[76, 13, 20, 25, 261, 45, 238, 112, 103, 48]"
120317,"[14, 21, 261, 147, 48, 45, 76, 20, 238, 146]"
120318,"[138, 151, 0, 1, 77, 30, 105, 49, 15, 18]"
120319,"[55, 19, 66, 149, 18, 38, 122, 189, 28, 82]"
120320,"[124, 27, 51, 6, 2, 84, 9, 71, 25, 10]"
120321,"[71, 30, 51, 124, 6, 27, 9, 20, 25, 12]"
120322,"[122, 55, 66, 19, 149, 238, 15, 28, 36, 32]"
120323,"[54, 103, 32, 279, 13, 119, 20, 27, 51, 112]"
120324,"[103, 13, 20, 261, 279, 112, 34, 119, 157, 189]"
120325,"[45, 48, 76, 58, 220, 12, 261, 187, 121, 42]"
120326,"[66, 19, 149, 55, 21, 38, 238, 32, 15, 72]"
120327,"[261, 103, 45, 20, 13, 76, 48, 32, 14, 112]"
120328,"[157, 149, 223, 36, 238, 90, 23, 105, 189, 133]"
120329,"[72, 15, 64, 82, 18, 66, 71, 3, 19, 77]"
120330,"[42, 17, 29, 3, 73, 91, 130, 60, 189, 13]"
120331,"[133, 38, 146, 66, 14, 58, 149, 91, 12, 19]"
120332,"[36, 238, 157, 189, 147, 175, 223, 21, 119, 90]"
120333,"[77, 105, 15, 151, 72, 82, 49, 1, 157, 30]"
120334,"[19, 119, 66, 223, 149, 238, 29, 189, 4, 28]"
120335,"[34, 187, 220, 121, 84, 43, 58, 2, 32, 60]"
120336,"[10, 6, 51, 9, 27, 151, 25, 71, 121, 124]"
120337,"[124, 27, 9, 51, 41, 77, 103, 2, 112, 25]"
120338,"[24, 147, 133, 4, 60, 14, 23, 38, 121, 28]"
120339,"[146, 14, 60, 23, 133, 38, 261, 147, 24, 58]"
120340,"[77, 105, 1, 72, 64, 15, 18, 119, 19, 82]"
120341,"[6, 71, 3, 12, 58, 32, 15, 91, 25, 27]"
120342,"[0, 97, 18, 15, 90, 92, 105, 77, 41, 151]"
120343,"[71, 72, 15, 82, 6, 3, 18, 279, 2, 9]"
120344,"[14, 147, 261, 76, 223, 97, 189, 151, 48, 146]"
120345,"[151, 0, 97, 49, 30, 24, 142, 23, 26, 6]"
120346,"[64, 15, 72, 18, 19, 92, 97, 82, 133, 3]"
120347,"[122, 55, 19, 66, 238, 149, 15, 28, 36, 133]"
120348,"[27, 124, 9, 51, 103, 112, 41, 20, 13, 25]"
120349,"[175, 36, 7, 19, 90, 122, 60, 147, 146, 21]"
120350,"[36, 147, 238, 157, 189, 175, 14, 223, 21, 119]"
120351,"[25, 51, 9, 77, 27, 105, 124, 41, 151, 45]"
120352,"[187, 220, 34, 32, 13, 103, 279, 119, 58, 20]"
120353,"[5, 2, 34, 1, 10, 84, 124, 28, 30, 13]"
120354,"[5, 2, 124, 76, 13, 10, 25, 71, 51, 97]"
120355,"[91, 130, 73, 3, 42, 97, 29, 17, 0, 41]"
120356,"[3, 91, 73, 29, 130, 17, 15, 42, 64, 27]"
120357,"[175, 7, 36, 189, 112, 43, 146, 66, 19, 90]"
120358,"[175, 36, 19, 7, 90, 223, 122, 66, 238, 21]"
120359,"[149, 124, 157, 36, 66, 223, 19, 27, 4, 7]"
120360,"[23, 14, 146, 142, 60, 24, 149, 38, 157, 147]"
120361,"[90, 189, 238, 21, 223, 7, 19, 36, 149, 66]"
120362,"[25, 6, 41, 10, 9, 51, 5, 27, 71, 105]"
120363,"[1, 49, 151, 30, 77, 15, 82, 97, 26, 28]"
120364,"[279, 13, 103, 112, 261, 20, 45, 76, 119, 48]"
120365,"[6, 18, 71, 73, 41, 25, 91, 72, 3, 44]"
120366,"[64, 15, 97, 1, 77, 18, 105, 72, 0, 30]"
120367,"[0, 97, 90, 18, 151, 105, 77, 51, 14, 41]"
120368,"[92, 26, 72, 73, 15, 18, 64, 19, 66, 6]"
120369,"[42, 121, 130, 43, 220, 60, 187, 24, 23, 142]"
120370,"[189, 223, 157, 90, 36, 238, 21, 20, 14, 175]"
120371,"[4, 24, 36, 157, 149, 66, 7, 28, 60, 147]"
120372,"[138, 151, 1, 0, 18, 30, 105, 77, 49, 15]"
120373,"[4, 24, 28, 60, 7, 23, 34, 84, 121, 1]"
120374,"[82, 77, 105, 3, 15, 18, 72, 1, 64, 138]"
120375,"[64, 15, 18, 72, 19, 92, 97, 133, 66, 82]"
120376,"[92, 77, 26, 72, 30, 64, 10, 15, 133, 105]"
120377,"[189, 223, 157, 90, 36, 21, 175, 238, 20, 14]"
120378,"[21, 14, 261, 20, 238, 90, 157, 103, 223, 36]"
120379,"[64, 151, 77, 72, 15, 1, 90, 124, 18, 82]"
120380,"[105, 0, 97, 151, 77, 36, 25, 157, 18, 30]"
120381,"[105, 157, 77, 0, 25, 97, 151, 36, 9, 21]"
120382,"[54, 51, 48, 13, 121, 279, 6, 103, 20, 45]"
120383,"[25, 6, 151, 41, 10, 45, 261, 76, 48, 73]"
120384,"[30, 105, 49, 77, 151, 1, 72, 92, 15, 10]"
120385,"[124, 51, 27, 9, 20, 25, 41, 48, 2, 45]"
120386,"[60, 157, 28, 36, 38, 90, 24, 55, 149, 97]"
120387,"[9, 51, 41, 124, 27, 15, 71, 84, 5, 13]"
120388,"[45, 261, 76, 48, 103, 14, 20, 12, 112, 58]"
120389,"[66, 19, 149, 55, 21, 72, 38, 15, 238, 64]"
120390,"[130, 10, 42, 91, 73, 49, 30, 60, 220, 142]"
120391,"[142, 7, 28, 24, 4, 60, 23, 187, 121, 19]"
120392,"[261, 20, 21, 12, 121, 103, 279, 13, 45, 76]"
120393,"[66, 19, 28, 189, 55, 223, 4, 149, 36, 175]"
120394,"[97, 0, 151, 49, 30, 147, 18, 105, 91, 26]"
120395,"[238, 66, 55, 36, 28, 19, 223, 189, 149, 2]"
120396,"[23, 14, 142, 24, 146, 60, 261, 149, 38, 147]"
120397,"[51, 9, 105, 124, 27, 71, 103, 2, 13, 6]"
120398,"[97, 105, 18, 15, 0, 64, 1, 77, 151, 26]"
120399,"[82, 15, 18, 1, 26, 77, 105, 151, 72, 30]"
120400,"[82, 72, 15, 18, 3, 64, 66, 149, 26, 77]"
120401,"[121, 43, 13, 187, 261, 220, 20, 58, 48, 45]"
120402,"[25, 6, 51, 41, 9, 10, 5, 27, 71, 105]"
120403,"[72, 77, 151, 49, 15, 26, 105, 18, 64, 66]"
120404,"[13, 20, 84, 119, 261, 76, 58, 34, 103, 279]"
120405,"[3, 73, 91, 17, 130, 29, 105, 51, 27, 9]"
120406,"[124, 27, 9, 112, 51, 5, 71, 76, 2, 90]"
120407,"[20, 279, 261, 13, 112, 76, 45, 103, 48, 119]"
120408,"[122, 28, 189, 90, 149, 19, 4, 238, 55, 279]"
120409,"[13, 20, 119, 103, 279, 112, 189, 261, 157, 84]"
120410,"[187, 121, 58, 220, 48, 45, 76, 12, 34, 261]"
120411,"[73, 91, 130, 42, 3, 6, 151, 25, 0, 17]"
120412,"[34, 121, 84, 187, 220, 43, 10, 7, 5, 28]"
120413,"[175, 36, 122, 19, 7, 66, 146, 60, 147, 21]"
120414,"[15, 18, 9, 77, 64, 72, 82, 105, 175, 90]"
120415,"[30, 49, 71, 0, 26, 151, 14, 142, 15, 97]"
120416,"[23, 19, 14, 149, 66, 146, 4, 24, 28, 147]"
120417,"[72, 15, 18, 26, 64, 82, 19, 66, 92, 133]"
120418,"[29, 17, 42, 20, 14, 3, 13, 238, 261, 119]"
120419,"[175, 36, 90, 14, 147, 21, 223, 45, 157, 238]"
120420,"[43, 187, 220, 121, 10, 42, 76, 23, 60, 24]"
120421,"[66, 19, 28, 55, 189, 14, 38, 4, 149, 146]"
120422,"[43, 187, 76, 220, 121, 45, 12, 58, 261, 48]"
120423,"[238, 66, 55, 36, 28, 19, 223, 189, 149, 2]"
120424,"[32, 58, 12, 34, 189, 133, 13, 44, 6, 17]"
120425,"[36, 66, 157, 238, 4, 90, 13, 189, 149, 21]"
120426,"[82, 15, 18, 72, 149, 64, 66, 26, 3, 19]"
120427,"[157, 223, 149, 90, 36, 105, 238, 189, 19, 55]"
120428,"[97, 0, 49, 151, 91, 26, 30, 133, 18, 105]"
120429,"[29, 17, 42, 3, 73, 238, 13, 91, 189, 103]"
120430,"[189, 223, 157, 14, 90, 238, 21, 36, 20, 175]"
120431,"[49, 30, 23, 24, 10, 1, 60, 43, 151, 142]"
120432,"[30, 49, 1, 28, 60, 10, 4, 23, 2, 5]"
120433,"[121, 43, 187, 220, 42, 10, 24, 23, 34, 142]"
120434,"[66, 19, 28, 14, 55, 189, 4, 38, 146, 223]"
120435,"[119, 112, 13, 20, 45, 103, 279, 76, 261, 48]"
120436,"[48, 45, 58, 76, 12, 261, 220, 43, 121, 187]"
120437,"[238, 157, 36, 28, 66, 7, 32, 90, 189, 24]"
120438,"[44, 103, 279, 13, 121, 34, 112, 20, 19, 157]"
120439,"[15, 49, 105, 72, 77, 18, 82, 30, 64, 3]"
120440,"[2, 27, 51, 18, 71, 112, 9, 6, 13, 103]"
120441,"[44, 19, 6, 32, 71, 66, 279, 103, 55, 58]"
120442,"[66, 19, 149, 72, 38, 146, 55, 238, 133, 17]"
120443,"[14, 189, 223, 7, 66, 60, 19, 23, 146, 24]"
120444,"[133, 38, 14, 146, 23, 147, 60, 24, 187, 66]"
120445,"[124, 27, 9, 2, 149, 51, 71, 103, 15, 34]"
120446,"[13, 20, 119, 34, 279, 103, 112, 121, 51, 32]"
120447,"[19, 119, 66, 223, 149, 189, 29, 238, 55, 4]"
120448,"[103, 13, 20, 279, 261, 112, 119, 34, 157, 32]"
120449,"[17, 29, 42, 3, 73, 91, 90, 112, 13, 20]"
120450,"[54, 220, 32, 121, 103, 13, 12, 27, 34, 279]"
120451,"[45, 261, 76, 48, 103, 20, 14, 12, 112, 13]"
120452,"[44, 32, 13, 19, 71, 119, 84, 66, 7, 55]"
120453,"[261, 14, 45, 76, 20, 21, 48, 12, 121, 25]"
120454,"[149, 157, 238, 223, 66, 36, 19, 14, 189, 23]"
120455,"[223, 189, 90, 19, 21, 14, 157, 36, 187, 133]"
120456,"[13, 20, 261, 119, 76, 103, 279, 112, 45, 48]"
120457,"[49, 72, 105, 77, 2, 1, 30, 97, 0, 26]"
120458,"[2, 51, 27, 18, 71, 112, 6, 10, 9, 5]"
120459,"[43, 76, 187, 121, 220, 45, 58, 12, 261, 48]"
120460,"[28, 4, 55, 122, 238, 157, 189, 279, 66, 19]"
120461,"[124, 27, 9, 41, 2, 25, 6, 10, 71, 51]"
120462,"[43, 187, 121, 220, 60, 42, 23, 24, 10, 76]"
120463,"[175, 133, 90, 223, 66, 7, 189, 238, 157, 19]"
120464,"[1, 82, 105, 18, 77, 15, 4, 3, 72, 49]"
120465,"[105, 77, 82, 72, 15, 18, 1, 189, 3, 64]"
120466,"[12, 58, 32, 6, 45, 44, 76, 220, 71, 66]"
120467,"[175, 36, 189, 112, 90, 13, 157, 14, 7, 223]"
120468,"[23, 7, 279, 24, 28, 157, 14, 189, 19, 146]"
120469,"[105, 77, 157, 18, 223, 15, 151, 51, 82, 149]"
120470,"[3, 91, 73, 17, 15, 29, 42, 27, 124, 51]"
120471,"[3, 91, 73, 17, 82, 29, 15, 130, 42, 72]"
120472,"[91, 73, 3, 130, 17, 15, 6, 72, 29, 42]"
120473,"[149, 38, 66, 19, 238, 157, 36, 189, 23, 4]"
120474,"[44, 279, 7, 112, 32, 48, 13, 12, 121, 261]"
120475,"[90, 223, 189, 36, 175, 157, 21, 112, 14, 238]"
120476,"[13, 20, 119, 103, 261, 279, 48, 112, 45, 76]"
120477,"[73, 17, 51, 3, 91, 130, 42, 29, 71, 15]"
120478,"[38, 149, 66, 24, 60, 147, 28, 189, 238, 14]"
120479,"[28, 19, 238, 189, 66, 157, 149, 223, 90, 4]"
120480,"[7, 66, 14, 4, 175, 21, 90, 38, 133, 19]"
120481,"[223, 189, 90, 14, 157, 21, 36, 20, 238, 175]"
120482,"[20, 13, 84, 119, 279, 261, 103, 34, 223, 29]"
120483,"[64, 151, 72, 48, 77, 15, 1, 49, 90, 92]"
120484,"[18, 15, 0, 82, 175, 2, 97, 105, 90, 1]"
120485,"[90, 223, 189, 36, 21, 175, 112, 66, 157, 146]"
120486,"[97, 0, 105, 18, 151, 77, 1, 55, 49, 15]"
120487,"[147, 36, 14, 21, 157, 189, 238, 175, 223, 77]"
120488,"[103, 13, 20, 279, 112, 149, 34, 119, 32, 261]"
120489,"[220, 187, 121, 24, 43, 34, 42, 84, 23, 60]"
120490,"[189, 223, 19, 66, 157, 238, 36, 149, 21, 90]"
120491,"[18, 105, 15, 77, 72, 1, 19, 82, 97, 36]"
120492,"[29, 17, 42, 3, 119, 90, 12, 223, 20, 58]"
120493,"[124, 27, 51, 6, 2, 9, 71, 25, 84, 10]"
120494,"[30, 49, 1, 10, 60, 138, 28, 23, 24, 7]"
120495,"[92, 77, 133, 26, 10, 64, 30, 15, 175, 72]"
120496,"[64, 151, 72, 77, 15, 49, 48, 1, 92, 124]"
120497,"[24, 147, 133, 4, 60, 14, 38, 23, 28, 146]"
120498,"[10, 130, 49, 30, 43, 220, 187, 2, 121, 41]"
120499,"[64, 15, 97, 77, 1, 105, 18, 7, 0, 187]"
120500,"[238, 157, 36, 90, 189, 151, 223, 14, 21, 29]"
120501,"[60, 121, 142, 24, 23, 42, 220, 25, 146, 30]"
120502,"[105, 77, 157, 151, 18, 15, 223, 138, 97, 30]"
120503,"[17, 73, 3, 42, 29, 91, 55, 32, 149, 58]"
120504,"[64, 15, 18, 72, 19, 133, 92, 97, 82, 66]"
120505,"[60, 142, 157, 121, 24, 23, 4, 7, 28, 25]"
120506,"[2, 34, 10, 1, 84, 5, 121, 28, 27, 51]"
120507,"[64, 151, 72, 77, 48, 49, 1, 15, 92, 90]"
120508,"[64, 151, 72, 48, 15, 77, 49, 1, 90, 92]"
120509,"[146, 66, 133, 149, 72, 19, 38, 26, 32, 58]"
120510,"[0, 18, 97, 15, 90, 77, 105, 72, 64, 151]"
120511,"[58, 32, 34, 189, 12, 13, 220, 48, 121, 45]"
120512,"[149, 66, 19, 72, 38, 15, 55, 32, 133, 146]"
120513,"[124, 51, 27, 9, 20, 112, 2, 77, 13, 279]"
120514,"[29, 17, 42, 119, 90, 223, 3, 20, 19, 238]"
120515,"[12, 58, 6, 45, 38, 76, 220, 146, 32, 133]"
120516,"[149, 66, 19, 238, 157, 36, 189, 4, 90, 223]"
120517,"[66, 19, 55, 149, 15, 146, 38, 32, 28, 189]"
120518,"[60, 19, 66, 24, 28, 38, 175, 29, 189, 90]"
120519,"[34, 84, 7, 121, 187, 28, 4, 5, 220, 43]"
120520,"[66, 149, 19, 72, 55, 38, 146, 133, 238, 17]"
120521,"[4, 24, 28, 7, 60, 23, 84, 34, 157, 43]"
120522,"[73, 91, 3, 130, 17, 42, 49, 51, 26, 0]"
120523,"[82, 15, 18, 72, 26, 64, 149, 6, 3, 92]"
120524,"[220, 187, 34, 121, 84, 43, 28, 42, 60, 23]"
120525,"[54, 220, 121, 187, 34, 2, 84, 43, 1, 5]"
120526,"[82, 3, 15, 72, 18, 77, 105, 64, 66, 55]"
120527,"[220, 187, 34, 121, 43, 84, 28, 23, 24, 60]"
120528,"[64, 15, 18, 72, 19, 91, 97, 133, 82, 3]"
120529,"[92, 0, 105, 18, 15, 49, 1, 77, 51, 72]"
120530,"[189, 223, 19, 66, 157, 238, 90, 36, 21, 84]"
120531,"[1, 49, 30, 151, 77, 15, 26, 97, 82, 105]"
120532,"[1, 77, 26, 15, 49, 105, 2, 30, 18, 64]"
120533,"[12, 58, 6, 45, 76, 261, 220, 187, 146, 48]"
120534,"[41, 0, 10, 6, 25, 130, 97, 51, 91, 73]"
120535,"[138, 82, 18, 77, 15, 26, 1, 0, 105, 151]"
120536,"[41, 6, 25, 10, 49, 220, 76, 43, 261, 45]"
120537,"[138, 30, 49, 1, 2, 23, 4, 130, 142, 28]"
120538,"[10, 2, 130, 49, 5, 30, 220, 43, 34, 187]"
120539,"[9, 41, 51, 27, 124, 13, 15, 112, 25, 71]"
120540,"[279, 13, 103, 20, 112, 119, 27, 157, 261, 90]"
120541,"[119, 112, 13, 32, 20, 103, 279, 34, 84, 187]"
120542,"[149, 66, 19, 238, 157, 189, 36, 4, 90, 223]"
120543,"[147, 36, 77, 112, 238, 189, 21, 157, 175, 14]"
120544,"[64, 72, 15, 18, 3, 151, 82, 19, 77, 66]"
120545,"[54, 51, 13, 279, 20, 112, 103, 9, 27, 119]"
120546,"[187, 121, 58, 45, 220, 48, 76, 261, 12, 43]"
120547,"[19, 119, 66, 223, 149, 238, 189, 4, 29, 28]"
120548,"[54, 34, 121, 2, 84, 5, 10, 1, 220, 43]"
120549,"[124, 27, 9, 149, 41, 105, 25, 103, 51, 45]"
120550,"[32, 44, 66, 103, 19, 55, 12, 13, 58, 112]"
120551,"[121, 187, 261, 76, 220, 58, 45, 12, 43, 48]"
120552,"[1, 49, 30, 28, 4, 138, 23, 2, 10, 24]"
120553,"[60, 24, 23, 121, 28, 42, 142, 49, 220, 4]"
120554,"[14, 21, 238, 20, 223, 189, 36, 90, 261, 157]"
120555,"[21, 189, 149, 4, 36, 55, 90, 238, 28, 157]"
120556,"[238, 21, 157, 223, 90, 189, 36, 20, 175, 14]"
120557,"[19, 66, 149, 55, 119, 15, 122, 223, 12, 238]"
120558,"[32, 279, 17, 19, 112, 103, 12, 119, 66, 149]"
120559,"[25, 6, 41, 10, 121, 76, 151, 60, 261, 51]"
120560,"[151, 0, 105, 97, 25, 30, 49, 41, 14, 77]"
120561,"[187, 121, 220, 43, 34, 10, 60, 42, 23, 24]"
120562,"[41, 51, 10, 9, 0, 6, 27, 25, 124, 5]"
120563,"[122, 133, 149, 19, 15, 38, 26, 55, 14, 66]"
120564,"[151, 97, 77, 0, 25, 14, 261, 41, 105, 147]"
120565,"[119, 13, 20, 112, 45, 261, 103, 48, 279, 76]"
120566,"[279, 20, 112, 13, 51, 119, 157, 189, 48, 103]"
120567,"[122, 238, 55, 14, 28, 36, 175, 223, 189, 60]"
120568,"[27, 51, 142, 25, 124, 261, 112, 9, 13, 41]"
120569,"[90, 189, 7, 48, 238, 21, 223, 36, 14, 19]"
120570,"[103, 32, 261, 13, 34, 112, 220, 20, 58, 44]"
120571,"[58, 12, 32, 34, 220, 48, 45, 121, 133, 187]"
120572,"[220, 187, 121, 76, 147, 12, 58, 45, 43, 6]"
120573,"[90, 223, 189, 36, 66, 175, 21, 112, 157, 19]"
120574,"[21, 189, 223, 14, 19, 66, 36, 90, 238, 157]"
120575,"[151, 97, 0, 77, 25, 14, 261, 91, 41, 49]"
120576,"[82, 15, 18, 77, 105, 26, 1, 151, 72, 149]"
120577,"[238, 36, 14, 189, 223, 76, 157, 147, 66, 55]"
120578,"[4, 24, 157, 36, 66, 149, 28, 7, 223, 90]"
120579,"[91, 130, 73, 3, 29, 42, 17, 51, 97, 77]"
120580,"[51, 9, 73, 6, 10, 5, 71, 13, 41, 27]"
120581,"[238, 55, 66, 36, 28, 19, 223, 149, 189, 122]"
120582,"[25, 6, 41, 10, 76, 0, 97, 151, 130, 49]"
120583,"[34, 13, 187, 20, 84, 103, 119, 220, 261, 32]"
120584,"[105, 151, 0, 77, 97, 157, 25, 51, 90, 27]"
120585,"[103, 261, 20, 13, 45, 76, 48, 279, 119, 112]"
120586,"[66, 19, 28, 189, 55, 4, 223, 149, 238, 36]"
120587,"[119, 112, 13, 32, 187, 43, 45, 58, 20, 103]"
120588,"[90, 223, 189, 36, 175, 112, 66, 157, 21, 19]"
120589,"[175, 36, 90, 223, 21, 238, 77, 157, 189, 119]"
120590,"[43, 187, 220, 121, 10, 42, 60, 23, 24, 76]"
120591,"[34, 84, 187, 121, 220, 42, 43, 7, 10, 28]"
120592,"[18, 72, 15, 19, 82, 6, 64, 3, 55, 66]"
120593,"[17, 29, 3, 19, 66, 73, 32, 42, 149, 44]"
120594,"[19, 119, 66, 223, 149, 238, 29, 189, 55, 175]"
120595,"[26, 1, 15, 72, 77, 151, 18, 49, 82, 0]"
120596,"[90, 0, 97, 223, 157, 36, 189, 238, 175, 21]"
120597,"[142, 27, 21, 23, 149, 60, 238, 133, 66, 14]"
120598,"[1, 77, 105, 15, 82, 18, 4, 28, 49, 279]"
120599,"[2, 27, 124, 112, 41, 6, 51, 71, 9, 20]"
120600,"[187, 43, 220, 121, 42, 23, 24, 84, 261, 4]"
120601,"[66, 21, 238, 19, 14, 223, 38, 36, 149, 28]"
120602,"[149, 66, 19, 124, 55, 38, 15, 157, 122, 36]"
120603,"[41, 25, 9, 27, 51, 124, 6, 112, 97, 15]"
120604,"[43, 13, 7, 32, 58, 12, 119, 20, 121, 10]"
120605,"[19, 66, 149, 55, 119, 15, 72, 18, 12, 122]"
120606,"[5, 2, 34, 1, 10, 84, 51, 187, 27, 9]"
120607,"[84, 34, 121, 220, 60, 187, 42, 4, 43, 2]"
120608,"[151, 77, 64, 18, 15, 97, 1, 72, 82, 0]"
120609,"[82, 15, 18, 72, 149, 64, 26, 66, 3, 105]"
120610,"[91, 3, 130, 73, 42, 133, 6, 29, 97, 151]"
120611,"[103, 261, 112, 20, 13, 119, 238, 27, 32, 21]"
120612,"[30, 49, 10, 60, 23, 24, 1, 142, 42, 220]"
120613,"[187, 43, 220, 121, 42, 84, 23, 34, 4, 24]"
120614,"[1, 49, 30, 4, 28, 23, 138, 24, 2, 60]"
120615,"[6, 41, 25, 51, 10, 2, 18, 71, 0, 124]"
120616,"[28, 24, 49, 23, 4, 220, 60, 121, 7, 2]"
120617,"[64, 15, 18, 72, 19, 82, 66, 71, 3, 77]"
120618,"[133, 122, 19, 149, 146, 38, 58, 66, 55, 15]"
120619,"[92, 26, 73, 6, 49, 72, 15, 0, 18, 38]"
120620,"[4, 28, 7, 1, 84, 60, 23, 34, 24, 66]"
120621,"[38, 66, 149, 19, 55, 60, 147, 146, 133, 157]"
120622,"[17, 3, 73, 29, 42, 91, 12, 58, 66, 19]"
120623,"[13, 20, 119, 84, 76, 261, 58, 34, 103, 32]"
120624,"[133, 66, 38, 14, 7, 189, 36, 149, 146, 23]"
120625,"[119, 112, 13, 32, 187, 43, 20, 45, 58, 103]"
120626,"[36, 90, 149, 66, 223, 189, 157, 21, 4, 175]"
120627,"[32, 12, 58, 279, 112, 103, 17, 119, 19, 43]"
120628,"[122, 28, 133, 189, 90, 19, 149, 24, 142, 23]"
120629,"[25, 41, 76, 6, 0, 151, 97, 261, 10, 45]"
120630,"[2, 10, 1, 27, 5, 124, 49, 121, 84, 187]"
120631,"[20, 13, 261, 45, 48, 14, 119, 76, 279, 103]"
120632,"[55, 66, 19, 149, 157, 38, 32, 36, 133, 17]"
120633,"[17, 73, 3, 91, 42, 29, 55, 149, 32, 122]"
120634,"[41, 25, 6, 76, 10, 9, 261, 51, 45, 14]"
120635,"[1, 49, 30, 151, 77, 26, 105, 15, 97, 82]"
120636,"[261, 76, 45, 48, 20, 14, 13, 103, 279, 25]"
120637,"[34, 84, 28, 187, 220, 121, 7, 43, 4, 42]"
120638,"[9, 41, 51, 27, 124, 25, 13, 112, 20, 76]"
120639,"[29, 17, 90, 119, 223, 238, 20, 3, 42, 157]"
120640,"[187, 121, 58, 45, 220, 48, 12, 76, 34, 43]"
120641,"[73, 91, 3, 17, 130, 26, 42, 6, 92, 72]"
120642,"[146, 38, 66, 133, 60, 12, 149, 72, 14, 19]"
120643,"[66, 149, 19, 72, 38, 146, 55, 133, 17, 238]"
120644,"[9, 51, 41, 27, 13, 20, 77, 25, 279, 112]"
120645,"[238, 157, 36, 28, 66, 90, 19, 189, 7, 4]"
120646,"[7, 23, 28, 60, 4, 34, 220, 24, 142, 121]"
120647,"[2, 5, 10, 34, 49, 84, 28, 1, 121, 51]"
120648,"[187, 34, 121, 223, 58, 20, 220, 45, 48, 84]"
120649,"[20, 261, 13, 103, 279, 48, 45, 76, 112, 119]"
120650,"[105, 77, 97, 151, 0, 189, 223, 157, 90, 82]"
120651,"[2, 5, 10, 34, 49, 28, 1, 84, 121, 30]"
120652,"[238, 21, 14, 175, 66, 223, 36, 90, 19, 28]"
120653,"[10, 6, 51, 27, 9, 151, 71, 25, 124, 121]"
120654,"[38, 146, 133, 66, 149, 12, 58, 19, 14, 24]"
120655,"[72, 15, 64, 18, 82, 66, 3, 105, 71, 19]"
120656,"[151, 0, 97, 30, 49, 26, 6, 24, 142, 25]"
120657,"[105, 1, 157, 18, 77, 15, 72, 36, 9, 82]"
120658,"[44, 13, 84, 119, 20, 7, 103, 34, 279, 32]"
120659,"[48, 45, 76, 261, 14, 20, 58, 13, 12, 220]"
120660,"[0, 97, 151, 18, 41, 30, 26, 73, 49, 6]"
120661,"[14, 147, 261, 76, 45, 48, 223, 189, 23, 146]"
120662,"[23, 7, 279, 28, 24, 157, 14, 19, 90, 189]"
120663,"[60, 142, 23, 24, 30, 49, 42, 28, 220, 121]"
120664,"[13, 112, 20, 103, 279, 261, 119, 76, 45, 121]"
120665,"[133, 38, 14, 146, 23, 147, 66, 24, 60, 187]"
120666,"[44, 13, 84, 119, 20, 7, 261, 103, 76, 187]"
120667,"[90, 223, 0, 157, 238, 189, 97, 36, 21, 175]"
120668,"[133, 38, 146, 58, 12, 122, 19, 149, 147, 14]"
120669,"[44, 32, 279, 12, 58, 7, 112, 38, 133, 48]"
120670,"[220, 187, 121, 147, 76, 112, 12, 58, 45, 43]"
120671,"[146, 38, 133, 66, 60, 12, 149, 72, 14, 19]"
120672,"[25, 6, 41, 10, 60, 151, 121, 76, 261, 26]"
120673,"[12, 58, 32, 6, 66, 45, 149, 71, 220, 44]"
120674,"[18, 15, 82, 105, 2, 175, 0, 1, 90, 77]"
120675,"[71, 51, 30, 27, 124, 9, 20, 2, 15, 3]"
120676,"[54, 220, 32, 121, 103, 279, 12, 13, 76, 34]"
120677,"[3, 91, 73, 82, 17, 29, 15, 18, 72, 130]"
120678,"[3, 29, 73, 82, 91, 17, 130, 77, 71, 27]"
120679,"[261, 103, 45, 76, 48, 14, 121, 58, 32, 43]"
120680,"[21, 189, 238, 36, 157, 90, 223, 13, 105, 77]"
120681,"[20, 279, 13, 112, 103, 34, 32, 119, 84, 261]"
120682,"[121, 187, 261, 34, 13, 220, 20, 84, 58, 112]"
120683,"[149, 66, 19, 38, 36, 157, 238, 23, 189, 133]"
120684,"[38, 133, 14, 76, 60, 23, 146, 24, 66, 45]"
120685,"[36, 157, 238, 14, 13, 189, 147, 21, 90, 112]"
120686,"[48, 45, 261, 76, 14, 58, 13, 121, 20, 103]"
120687,"[130, 10, 42, 91, 30, 220, 73, 5, 49, 187]"
120688,"[5, 2, 51, 34, 1, 49, 9, 28, 4, 10]"
120689,"[54, 34, 2, 121, 84, 1, 5, 7, 13, 43]"
120690,"[30, 49, 151, 92, 0, 10, 26, 97, 25, 77]"
120691,"[279, 20, 112, 13, 51, 119, 157, 189, 103, 48]"
120692,"[223, 238, 189, 90, 157, 29, 20, 175, 66, 21]"
120693,"[32, 12, 58, 44, 66, 103, 261, 19, 55, 149]"
120694,"[119, 13, 20, 112, 103, 279, 34, 189, 223, 84]"
120695,"[55, 19, 28, 189, 157, 149, 66, 4, 90, 36]"
120696,"[66, 19, 55, 38, 146, 149, 32, 133, 58, 12]"
120697,"[130, 42, 2, 10, 73, 30, 121, 3, 34, 49]"
120698,"[10, 121, 43, 2, 6, 34, 84, 42, 51, 1]"
120699,"[223, 66, 189, 238, 90, 28, 19, 55, 29, 157]"
120700,"[6, 41, 25, 58, 12, 10, 71, 18, 91, 121]"
120701,"[19, 66, 149, 119, 12, 55, 38, 122, 58, 92]"
120702,"[124, 27, 112, 76, 9, 51, 41, 77, 45, 90]"
120703,"[66, 19, 55, 149, 38, 15, 146, 32, 189, 28]"
120704,"[5, 76, 124, 2, 13, 51, 10, 25, 146, 9]"
120705,"[72, 64, 18, 15, 82, 66, 6, 92, 71, 3]"
120706,"[36, 149, 90, 66, 223, 157, 238, 189, 175, 21]"
120707,"[28, 238, 24, 66, 223, 19, 4, 157, 189, 55]"
120708,"[43, 187, 42, 220, 121, 10, 23, 34, 60, 7]"
120709,"[25, 6, 41, 60, 121, 10, 76, 151, 261, 0]"
120710,"[0, 97, 18, 90, 105, 151, 77, 51, 41, 14]"
120711,"[2, 51, 27, 18, 71, 112, 103, 34, 13, 9]"
120712,"[121, 220, 187, 60, 42, 43, 24, 34, 23, 10]"
120713,"[41, 6, 10, 0, 25, 97, 51, 261, 92, 121]"
120714,"[77, 105, 151, 15, 82, 1, 72, 138, 18, 30]"
120715,"[92, 0, 105, 15, 18, 49, 77, 1, 51, 72]"
120716,"[157, 223, 149, 36, 90, 23, 238, 105, 189, 19]"
120717,"[27, 51, 142, 25, 124, 261, 9, 112, 41, 279]"
120718,"[151, 0, 97, 105, 25, 14, 30, 49, 76, 45]"
120719,"[146, 66, 36, 14, 133, 189, 23, 60, 149, 175]"
120720,"[77, 105, 151, 15, 82, 138, 1, 18, 72, 49]"
120721,"[55, 97, 19, 147, 38, 28, 189, 149, 36, 157]"
120722,"[54, 34, 84, 5, 2, 121, 1, 28, 220, 4]"
120723,"[28, 24, 238, 66, 223, 23, 14, 49, 189, 19]"
120724,"[26, 97, 92, 49, 73, 0, 151, 1, 10, 30]"
120725,"[91, 3, 73, 130, 133, 42, 6, 38, 17, 92]"
120726,"[223, 238, 189, 14, 90, 20, 157, 29, 175, 36]"
120727,"[9, 51, 27, 77, 71, 13, 20, 5, 34, 2]"
120728,"[41, 0, 6, 10, 25, 97, 130, 51, 91, 73]"
120729,"[105, 157, 77, 0, 97, 25, 151, 36, 21, 238]"
120730,"[41, 51, 10, 0, 6, 9, 25, 27, 97, 124]"
120731,"[279, 112, 20, 103, 13, 119, 51, 261, 45, 238]"
120732,"[36, 66, 157, 4, 238, 90, 38, 146, 147, 14]"
120733,"[48, 45, 76, 261, 58, 12, 121, 43, 14, 279]"
120734,"[64, 15, 72, 18, 19, 82, 3, 66, 71, 77]"
120735,"[121, 220, 187, 43, 34, 10, 24, 60, 42, 84]"
120736,"[28, 19, 238, 157, 149, 189, 66, 90, 223, 4]"
120737,"[84, 34, 121, 4, 13, 60, 220, 20, 2, 187]"
120738,"[64, 15, 72, 18, 19, 82, 66, 3, 77, 71]"
120739,"[51, 27, 0, 9, 25, 41, 20, 124, 112, 279]"
120740,"[3, 91, 73, 130, 29, 17, 42, 105, 77, 51]"
120741,"[84, 121, 34, 220, 60, 187, 4, 43, 10, 2]"
120742,"[4, 28, 84, 7, 1, 189, 34, 24, 23, 142]"
120743,"[45, 261, 103, 48, 112, 13, 76, 20, 279, 119]"
120744,"[112, 76, 13, 279, 45, 20, 90, 124, 103, 261]"
120745,"[149, 124, 157, 36, 142, 23, 223, 66, 38, 19]"
120746,"[84, 34, 4, 121, 60, 220, 187, 2, 13, 7]"
120747,"[103, 32, 261, 13, 34, 20, 112, 44, 76, 220]"
120748,"[66, 4, 38, 133, 19, 149, 175, 28, 60, 7]"
120749,"[133, 38, 146, 66, 14, 58, 149, 91, 19, 12]"
120750,"[55, 66, 122, 19, 238, 149, 38, 157, 60, 15]"
120751,"[23, 24, 60, 49, 142, 42, 30, 121, 4, 187]"
120752,"[1, 49, 30, 4, 28, 138, 60, 7, 82, 5]"
