Index,Index_list
109776,"[54, 279, 261, 23, 220, 9, 42, 66, 32, 5]"
109777,"[18, 0, 90, 72, 60, 5, 19, 82, 91, 15]"
109778,"[2, 261, 5, 36, 19, 73, 32, 92, 223, 3]"
109779,"[84, 60, 82, 19, 90, 55, 223, 105, 13, 43]"
109780,"[20, 54, 261, 279, 1, 14, 5, 19, 23, 43]"
109781,"[105, 60, 5, 19, 130, 82, 223, 77, 151, 55]"
109782,"[149, 124, 3, 20, 45, 36, 1, 66, 261, 138]"
109783,"[119, 55, 5, 24, 51, 2, 10, 71, 138, 34]"
109784,"[72, 23, 157, 76, 1, 34, 279, 10, 27, 60]"
109785,"[19, 9, 24, 28, 92, 10, 51, 32, 5, 54]"
109786,"[91, 18, 60, 19, 71, 55, 51, 90, 238, 130]"
109787,"[64, 146, 1, 23, 261, 279, 20, 72, 3, 21]"
109788,"[279, 23, 32, 261, 43, 34, 54, 9, 5, 142]"
109789,"[42, 3, 138, 189, 36, 23, 17, 29, 149, 7]"
109790,"[189, 5, 19, 60, 175, 66, 26, 14, 151, 138]"
109791,"[23, 54, 64, 1, 279, 261, 20, 14, 32, 43]"
109792,"[71, 19, 7, 238, 73, 5, 9, 66, 38, 77]"
109793,"[60, 130, 151, 105, 5, 77, 19, 157, 25, 223]"
109794,"[133, 5, 23, 32, 130, 279, 2, 261, 54, 26]"
109795,"[24, 19, 73, 5, 17, 34, 28, 122, 261, 51]"
109796,"[157, 19, 261, 76, 55, 5, 7, 60, 223, 54]"
109797,"[261, 84, 20, 5, 43, 19, 7, 279, 220, 103]"
109798,"[146, 19, 55, 82, 13, 5, 60, 3, 36, 6]"
109799,"[45, 261, 5, 19, 66, 279, 71, 54, 32, 20]"
109800,"[119, 24, 28, 5, 51, 19, 55, 122, 60, 147]"
109801,"[138, 189, 6, 42, 7, 41, 19, 175, 66, 54]"
109802,"[130, 5, 26, 28, 10, 34, 122, 19, 151, 73]"
109803,"[21, 82, 19, 5, 187, 60, 72, 238, 64, 142]"
109804,"[3, 19, 17, 36, 138, 6, 7, 73, 29, 223]"
109805,"[66, 175, 92, 2, 30, 71, 149, 19, 6, 124]"
109806,"[19, 7, 138, 103, 3, 223, 17, 279, 58, 261]"
109807,"[72, 21, 10, 5, 19, 73, 43, 36, 18, 26]"
109808,"[45, 66, 149, 3, 175, 19, 30, 5, 12, 261]"
109809,"[187, 21, 138, 23, 261, 43, 66, 142, 189, 2]"
109810,"[19, 36, 3, 58, 5, 6, 12, 146, 223, 17]"
109811,"[24, 19, 4, 36, 5, 60, 92, 29, 51, 49]"
109812,"[30, 71, 7, 175, 66, 48, 2, 103, 38, 92]"
109813,"[187, 142, 21, 2, 28, 5, 19, 10, 238, 34]"
109814,"[71, 261, 27, 5, 7, 21, 19, 55, 66, 9]"
109815,"[26, 97, 60, 49, 10, 147, 122, 41, 121, 6]"
109816,"[4, 24, 19, 36, 5, 29, 60, 23, 17, 28]"
109817,"[28, 147, 23, 32, 76, 130, 4, 122, 24, 279]"
109818,"[14, 261, 32, 23, 54, 20, 1, 279, 43, 2]"
109819,"[23, 238, 279, 10, 133, 5, 92, 261, 1, 175]"
109820,"[124, 149, 66, 48, 3, 138, 42, 45, 30, 189]"
109821,"[138, 189, 19, 54, 43, 66, 5, 23, 7, 42]"
109822,"[27, 66, 45, 92, 149, 124, 71, 14, 21, 77]"
109823,"[157, 19, 76, 73, 5, 7, 261, 17, 51, 55]"
109824,"[66, 45, 38, 149, 71, 124, 49, 30, 27, 77]"
109825,"[30, 7, 92, 71, 48, 20, 66, 175, 238, 5]"
109826,"[23, 1, 54, 138, 55, 36, 3, 19, 20, 42]"
109827,"[3, 73, 19, 6, 30, 92, 175, 5, 21, 146]"
109828,"[189, 23, 5, 175, 71, 43, 279, 19, 223, 261]"
109829,"[2, 7, 54, 261, 71, 43, 55, 32, 175, 103]"
109830,"[42, 3, 138, 23, 189, 36, 220, 5, 55, 261]"
109831,"[51, 73, 10, 9, 5, 261, 19, 34, 279, 130]"
109832,"[60, 105, 5, 19, 49, 97, 82, 55, 146, 2]"
109833,"[43, 279, 103, 220, 9, 7, 261, 77, 19, 34]"
109834,"[189, 223, 19, 5, 55, 138, 2, 54, 64, 92]"
109835,"[76, 12, 5, 19, 54, 7, 121, 279, 261, 58]"
109836,"[49, 6, 7, 48, 92, 105, 25, 77, 44, 19]"
109837,"[7, 6, 19, 48, 175, 14, 261, 30, 72, 44]"
109838,"[1, 54, 23, 279, 19, 121, 43, 14, 20, 10]"
109839,"[122, 34, 26, 5, 72, 146, 19, 130, 10, 261]"
109840,"[223, 19, 130, 60, 5, 92, 90, 82, 12, 261]"
109841,"[12, 71, 279, 19, 5, 261, 60, 32, 17, 54]"
109842,"[54, 279, 23, 220, 1, 43, 261, 14, 20, 32]"
109843,"[54, 32, 261, 5, 2, 279, 1, 23, 19, 14]"
109844,"[28, 1, 9, 24, 103, 36, 32, 147, 34, 23]"
109845,"[43, 220, 5, 36, 19, 146, 55, 29, 189, 175]"
109846,"[175, 7, 23, 19, 261, 3, 5, 32, 17, 9]"
109847,"[82, 19, 5, 146, 60, 17, 84, 105, 3, 72]"
109848,"[28, 24, 34, 32, 103, 5, 9, 122, 279, 19]"
109849,"[71, 5, 32, 2, 261, 19, 223, 9, 122, 7]"
109850,"[5, 147, 19, 261, 238, 76, 142, 32, 71, 122]"
109851,"[73, 17, 19, 5, 72, 3, 7, 10, 261, 146]"
109852,"[73, 17, 19, 10, 279, 124, 220, 261, 72, 5]"
109853,"[1, 23, 55, 32, 149, 261, 138, 20, 54, 5]"
109854,"[13, 0, 121, 146, 97, 5, 76, 55, 19, 279]"
109855,"[189, 60, 5, 130, 23, 26, 17, 19, 138, 223]"
109856,"[1, 23, 64, 54, 5, 19, 220, 73, 261, 146]"
109857,"[97, 18, 0, 60, 121, 90, 55, 71, 105, 72]"
109858,"[187, 21, 5, 261, 103, 279, 19, 14, 2, 43]"
109859,"[157, 72, 55, 76, 5, 10, 261, 54, 60, 20]"
109860,"[157, 5, 26, 23, 19, 42, 92, 73, 10, 7]"
109861,"[30, 175, 48, 7, 6, 71, 66, 38, 3, 92]"
109862,"[17, 19, 73, 7, 23, 3, 72, 279, 142, 238]"
109863,"[45, 261, 5, 54, 66, 19, 71, 279, 27, 2]"
109864,"[261, 2, 5, 279, 60, 32, 10, 55, 71, 66]"
109865,"[97, 121, 0, 60, 5, 19, 26, 130, 157, 25]"
109866,"[146, 5, 19, 73, 17, 26, 6, 130, 122, 13]"
109867,"[64, 23, 146, 261, 1, 279, 3, 17, 20, 5]"
109868,"[149, 3, 124, 45, 36, 138, 20, 66, 1, 42]"
109869,"[142, 23, 279, 19, 261, 5, 175, 14, 32, 4]"
109870,"[223, 5, 19, 17, 138, 142, 261, 149, 64, 7]"
109871,"[103, 261, 279, 32, 19, 2, 220, 43, 54, 9]"
109872,"[76, 12, 21, 19, 82, 5, 18, 36, 130, 0]"
109873,"[45, 66, 261, 149, 5, 19, 36, 32, 238, 3]"
109874,"[7, 175, 19, 6, 48, 223, 2, 30, 55, 14]"
109875,"[60, 105, 151, 77, 19, 130, 5, 92, 223, 97]"
109876,"[66, 30, 5, 20, 175, 92, 19, 21, 73, 261]"
109877,"[49, 105, 77, 5, 60, 82, 19, 25, 84, 55]"
109878,"[9, 279, 51, 175, 124, 58, 48, 19, 66, 6]"
109879,"[48, 7, 6, 175, 9, 279, 19, 157, 10, 44]"
109880,"[84, 60, 82, 19, 90, 55, 13, 223, 105, 0]"
109881,"[41, 19, 220, 73, 5, 6, 261, 49, 138, 36]"
109882,"[220, 19, 36, 261, 9, 43, 103, 1, 6, 5]"
109883,"[151, 92, 77, 49, 19, 220, 175, 15, 105, 5]"
109884,"[147, 28, 122, 26, 71, 60, 5, 130, 24, 2]"
109885,"[97, 121, 0, 41, 60, 26, 105, 49, 19, 1]"
109886,"[82, 91, 60, 105, 151, 19, 77, 5, 18, 36]"
109887,"[149, 66, 124, 30, 175, 5, 92, 19, 238, 9]"
109888,"[0, 5, 19, 97, 121, 71, 55, 13, 76, 238]"
109889,"[77, 49, 92, 105, 38, 5, 19, 36, 7, 6]"
109890,"[84, 82, 60, 90, 19, 18, 0, 105, 15, 13]"
109891,"[64, 1, 20, 5, 261, 54, 23, 19, 279, 90]"
109892,"[82, 84, 60, 19, 90, 105, 49, 146, 0, 15]"
109893,"[187, 21, 5, 261, 2, 72, 19, 43, 32, 142]"
109894,"[4, 19, 5, 7, 261, 66, 51, 142, 223, 29]"
109895,"[41, 97, 10, 55, 279, 60, 0, 121, 13, 43]"
109896,"[142, 19, 279, 5, 261, 14, 23, 54, 32, 43]"
109897,"[149, 124, 45, 20, 3, 138, 66, 1, 261, 36]"
109898,"[5, 36, 138, 3, 42, 149, 55, 189, 19, 25]"
109899,"[149, 124, 3, 36, 45, 1, 66, 138, 20, 42]"
109900,"[82, 84, 60, 19, 90, 223, 15, 146, 105, 49]"
109901,"[25, 6, 55, 36, 49, 42, 60, 77, 157, 261]"
109902,"[130, 151, 19, 10, 92, 12, 60, 5, 147, 133]"
109903,"[26, 34, 5, 122, 10, 130, 28, 72, 71, 49]"
109904,"[64, 261, 5, 73, 20, 23, 2, 32, 220, 1]"
109905,"[13, 97, 0, 121, 146, 60, 5, 76, 55, 23]"
109906,"[21, 20, 5, 19, 261, 238, 64, 103, 6, 187]"
109907,"[19, 60, 82, 5, 84, 105, 130, 91, 261, 90]"
109908,"[147, 122, 71, 5, 175, 19, 279, 34, 10, 66]"
109909,"[130, 151, 19, 60, 91, 12, 17, 223, 51, 5]"
109910,"[77, 49, 92, 19, 38, 5, 105, 36, 7, 6]"
109911,"[36, 3, 42, 19, 92, 55, 5, 138, 149, 29]"
109912,"[122, 147, 51, 28, 26, 5, 34, 19, 24, 71]"
109913,"[6, 77, 25, 157, 19, 105, 92, 151, 49, 30]"
109914,"[17, 19, 3, 36, 73, 5, 223, 130, 7, 29]"
109915,"[64, 1, 261, 54, 23, 20, 279, 32, 2, 19]"
109916,"[72, 34, 43, 19, 10, 36, 26, 60, 17, 189]"
109917,"[77, 151, 157, 49, 25, 6, 60, 19, 92, 5]"
109918,"[72, 19, 36, 73, 5, 3, 10, 34, 26, 17]"
109919,"[119, 24, 5, 28, 147, 130, 51, 122, 19, 223]"
109920,"[3, 19, 82, 6, 7, 17, 138, 146, 5, 72]"
109921,"[36, 19, 77, 5, 151, 223, 60, 55, 121, 92]"
109922,"[103, 238, 32, 261, 279, 220, 5, 20, 19, 54]"
109923,"[51, 10, 34, 55, 26, 5, 19, 41, 36, 28]"
109924,"[76, 36, 261, 5, 3, 42, 55, 19, 149, 32]"
109925,"[42, 23, 36, 5, 54, 1, 55, 138, 157, 76]"
109926,"[9, 19, 51, 5, 261, 279, 92, 175, 6, 238]"
109927,"[41, 19, 220, 138, 36, 6, 103, 3, 5, 82]"
109928,"[105, 49, 151, 60, 25, 77, 157, 5, 84, 19]"
109929,"[2, 71, 6, 261, 49, 175, 92, 5, 48, 66]"
109930,"[189, 43, 71, 14, 55, 19, 261, 175, 21, 60]"
109931,"[223, 130, 19, 12, 92, 5, 82, 60, 90, 29]"
109932,"[119, 55, 5, 41, 147, 71, 97, 138, 10, 58]"
109933,"[55, 138, 189, 121, 5, 42, 43, 6, 13, 3]"
109934,"[187, 21, 19, 5, 43, 261, 279, 55, 103, 82]"
109935,"[26, 122, 49, 147, 28, 10, 34, 6, 157, 71]"
109936,"[121, 97, 5, 13, 223, 76, 26, 71, 21, 0]"
109937,"[4, 36, 19, 24, 5, 17, 29, 3, 28, 73]"
109938,"[66, 45, 261, 5, 19, 71, 27, 238, 175, 149]"
109939,"[7, 48, 6, 175, 44, 19, 49, 261, 92, 30]"
109940,"[14, 23, 261, 32, 1, 54, 20, 279, 2, 7]"
109941,"[36, 138, 42, 19, 189, 3, 5, 149, 55, 76]"
109942,"[73, 5, 32, 2, 261, 3, 223, 19, 36, 92]"
109943,"[72, 5, 34, 73, 19, 10, 26, 36, 130, 17]"
109944,"[151, 157, 130, 60, 5, 19, 77, 55, 17, 105]"
109945,"[51, 73, 5, 19, 261, 130, 9, 279, 17, 10]"
109946,"[14, 261, 1, 23, 20, 32, 54, 72, 279, 5]"
109947,"[51, 10, 19, 73, 60, 55, 6, 5, 130, 92]"
109948,"[21, 187, 19, 14, 5, 82, 3, 24, 27, 30]"
109949,"[7, 48, 6, 2, 55, 19, 175, 261, 44, 138]"
109950,"[92, 133, 175, 49, 6, 130, 151, 19, 10, 2]"
109951,"[73, 5, 19, 17, 130, 10, 223, 138, 3, 55]"
109952,"[82, 19, 5, 3, 36, 138, 189, 238, 103, 9]"
109953,"[28, 103, 24, 9, 43, 147, 32, 1, 10, 279]"
109954,"[261, 32, 279, 103, 5, 54, 17, 142, 23, 238]"
109955,"[3, 19, 5, 82, 146, 14, 72, 6, 138, 7]"
109956,"[119, 24, 5, 55, 147, 32, 122, 28, 54, 71]"
109957,"[121, 97, 0, 13, 60, 76, 55, 223, 5, 71]"
109958,"[28, 133, 32, 5, 103, 238, 20, 19, 279, 92]"
109959,"[64, 261, 23, 32, 2, 1, 220, 20, 55, 73]"
109960,"[19, 82, 60, 105, 5, 130, 84, 49, 91, 51]"
109961,"[142, 30, 27, 175, 19, 66, 38, 5, 149, 7]"
109962,"[24, 4, 28, 60, 9, 19, 51, 5, 49, 36]"
109963,"[261, 32, 5, 73, 2, 19, 220, 238, 92, 3]"
109964,"[71, 66, 30, 19, 6, 261, 55, 2, 175, 21]"
109965,"[18, 0, 72, 90, 5, 91, 60, 105, 82, 97]"
109966,"[157, 19, 73, 76, 261, 7, 5, 17, 55, 51]"
109967,"[25, 6, 36, 49, 55, 138, 42, 149, 92, 3]"
109968,"[261, 20, 32, 279, 23, 54, 2, 5, 14, 19]"
109969,"[36, 3, 138, 42, 149, 19, 55, 92, 29, 223]"
109970,"[51, 261, 10, 60, 19, 55, 5, 73, 9, 279]"
109971,"[175, 19, 6, 66, 10, 92, 7, 48, 77, 5]"
109972,"[279, 54, 5, 23, 19, 261, 1, 32, 220, 9]"
109973,"[72, 73, 5, 19, 34, 10, 238, 21, 261, 36]"
109974,"[92, 77, 7, 6, 175, 49, 151, 19, 5, 9]"
109975,"[261, 175, 19, 5, 6, 48, 7, 9, 23, 32]"
109976,"[82, 84, 60, 90, 19, 49, 105, 15, 146, 223]"
109977,"[147, 71, 2, 10, 41, 66, 19, 175, 5, 21]"
109978,"[24, 119, 28, 5, 147, 51, 4, 122, 130, 19]"
109979,"[36, 220, 19, 5, 76, 77, 12, 73, 3, 60]"
109980,"[133, 5, 261, 32, 279, 54, 2, 23, 238, 92]"
109981,"[97, 121, 41, 0, 60, 49, 105, 26, 71, 151]"
109982,"[30, 71, 92, 7, 175, 238, 20, 14, 66, 5]"
109983,"[10, 73, 19, 5, 157, 6, 17, 7, 77, 26]"
109984,"[4, 19, 24, 5, 66, 29, 7, 138, 223, 51]"
109985,"[7, 44, 48, 6, 175, 14, 19, 30, 23, 261]"
109986,"[58, 19, 5, 261, 220, 55, 12, 51, 32, 9]"
109987,"[146, 19, 5, 13, 17, 91, 55, 60, 82, 7]"
109988,"[76, 19, 36, 21, 51, 58, 18, 82, 71, 5]"
109989,"[77, 7, 92, 48, 175, 6, 151, 9, 49, 19]"
109990,"[175, 19, 5, 6, 7, 92, 9, 223, 66, 49]"
109991,"[60, 130, 151, 105, 5, 77, 19, 25, 97, 223]"
109992,"[29, 36, 24, 19, 5, 3, 92, 49, 28, 51]"
109993,"[32, 261, 279, 7, 103, 14, 55, 19, 9, 44]"
109994,"[18, 90, 60, 0, 82, 15, 105, 84, 92, 157]"
109995,"[119, 147, 5, 28, 24, 26, 122, 97, 1, 72]"
109996,"[21, 187, 5, 2, 19, 142, 261, 55, 36, 66]"
109997,"[66, 19, 51, 6, 60, 10, 138, 189, 41, 151]"
109998,"[5, 112, 279, 19, 54, 32, 17, 7, 157, 261]"
109999,"[26, 34, 5, 10, 122, 71, 130, 72, 28, 238]"
110000,"[112, 5, 92, 261, 6, 19, 2, 9, 49, 29]"
110001,"[30, 66, 124, 92, 36, 49, 149, 77, 6, 105]"
110002,"[142, 19, 175, 23, 5, 261, 279, 14, 24, 32]"
110003,"[151, 77, 7, 38, 48, 25, 9, 121, 49, 157]"
110004,"[71, 5, 261, 2, 19, 238, 223, 72, 175, 32]"
110005,"[17, 19, 36, 3, 5, 73, 29, 130, 7, 189]"
110006,"[122, 147, 28, 26, 51, 71, 34, 24, 10, 32]"
110007,"[42, 23, 1, 157, 36, 54, 5, 138, 76, 279]"
110008,"[157, 72, 5, 10, 76, 91, 54, 261, 73, 97]"
110009,"[103, 43, 279, 261, 58, 54, 2, 66, 41, 119]"
110010,"[23, 64, 1, 279, 54, 20, 32, 261, 103, 19]"
110011,"[238, 261, 279, 66, 91, 14, 72, 32, 5, 20]"
110012,"[73, 17, 19, 10, 12, 130, 124, 3, 4, 51]"
110013,"[21, 20, 64, 19, 5, 3, 238, 82, 36, 27]"
110014,"[73, 17, 19, 5, 146, 10, 82, 3, 223, 138]"
110015,"[146, 19, 5, 73, 17, 6, 26, 13, 122, 189]"
110016,"[27, 66, 45, 261, 71, 149, 32, 55, 124, 34]"
110017,"[73, 19, 10, 17, 5, 261, 51, 130, 72, 32]"
110018,"[92, 66, 77, 6, 7, 175, 10, 48, 149, 133]"
110019,"[223, 5, 17, 142, 130, 175, 19, 151, 49, 9]"
110020,"[71, 2, 5, 66, 55, 21, 32, 261, 19, 10]"
110021,"[9, 51, 175, 279, 92, 261, 19, 5, 66, 71]"
110022,"[147, 19, 5, 238, 261, 71, 279, 66, 51, 122]"
110023,"[28, 10, 32, 19, 51, 55, 261, 5, 24, 147]"
110024,"[27, 66, 45, 92, 20, 149, 238, 261, 5, 30]"
110025,"[41, 5, 32, 261, 19, 91, 97, 71, 55, 72]"
110026,"[77, 151, 6, 49, 157, 71, 60, 25, 175, 48]"
110027,"[51, 10, 21, 55, 9, 73, 19, 261, 6, 60]"
110028,"[142, 23, 279, 19, 261, 175, 32, 5, 24, 14]"
110029,"[28, 24, 119, 147, 51, 4, 130, 122, 49, 29]"
110030,"[119, 147, 5, 28, 24, 26, 97, 122, 130, 138]"
110031,"[142, 30, 27, 175, 66, 7, 261, 19, 23, 4]"
110032,"[9, 279, 175, 51, 19, 261, 32, 5, 43, 220]"
110033,"[142, 19, 5, 279, 261, 238, 14, 175, 43, 23]"
110034,"[44, 6, 7, 279, 48, 157, 25, 23, 92, 14]"
110035,"[133, 92, 175, 49, 44, 9, 28, 147, 130, 24]"
110036,"[175, 9, 6, 19, 66, 14, 71, 7, 5, 10]"
110037,"[1, 23, 5, 261, 32, 28, 55, 20, 54, 19]"
110038,"[142, 23, 279, 261, 19, 175, 24, 32, 14, 4]"
110039,"[122, 34, 26, 5, 19, 72, 261, 238, 20, 30]"
110040,"[122, 26, 34, 5, 19, 72, 261, 77, 30, 10]"
110041,"[91, 19, 15, 157, 30, 90, 17, 3, 66, 92]"
110042,"[71, 261, 2, 32, 7, 30, 175, 5, 19, 49]"
110043,"[20, 2, 103, 261, 32, 66, 54, 71, 149, 238]"
110044,"[97, 121, 0, 105, 41, 60, 10, 55, 26, 13]"
110045,"[119, 5, 24, 147, 28, 19, 51, 71, 55, 261]"
110046,"[175, 7, 30, 6, 19, 48, 73, 261, 38, 142]"
110047,"[66, 6, 77, 19, 58, 5, 60, 138, 238, 92]"
110048,"[6, 175, 48, 19, 7, 30, 21, 92, 66, 10]"
110049,"[157, 25, 77, 6, 151, 60, 19, 105, 36, 55]"
110050,"[9, 157, 279, 151, 146, 261, 51, 5, 19, 10]"
110051,"[73, 17, 19, 5, 130, 7, 2, 261, 223, 10]"
110052,"[30, 19, 60, 6, 92, 66, 175, 5, 124, 149]"
110053,"[187, 5, 261, 19, 21, 72, 32, 2, 238, 36]"
110054,"[5, 19, 112, 157, 6, 279, 92, 261, 7, 17]"
110055,"[97, 121, 105, 60, 26, 0, 49, 5, 151, 77]"
110056,"[73, 17, 19, 5, 72, 261, 10, 130, 279, 76]"
110057,"[71, 5, 19, 261, 30, 66, 6, 77, 7, 27]"
110058,"[5, 261, 10, 19, 279, 2, 20, 71, 32, 60]"
110059,"[90, 19, 20, 43, 14, 279, 64, 103, 34, 32]"
110060,"[5, 19, 34, 261, 223, 72, 73, 238, 51, 130]"
110061,"[21, 20, 3, 5, 187, 82, 64, 66, 146, 72]"
110062,"[42, 23, 138, 1, 189, 157, 149, 76, 36, 54]"
110063,"[151, 19, 5, 130, 146, 60, 157, 77, 73, 55]"
110064,"[41, 97, 10, 121, 0, 19, 279, 151, 24, 60]"
110065,"[146, 19, 55, 13, 82, 60, 5, 3, 157, 17]"
110066,"[146, 66, 13, 189, 19, 45, 21, 5, 64, 6]"
110067,"[175, 38, 77, 30, 9, 36, 92, 49, 48, 6]"
110068,"[97, 121, 0, 5, 60, 19, 13, 105, 41, 92]"
110069,"[18, 82, 90, 0, 19, 60, 15, 105, 84, 6]"
110070,"[17, 73, 19, 5, 7, 223, 12, 54, 130, 32]"
110071,"[77, 26, 105, 34, 5, 19, 76, 151, 38, 122]"
110072,"[7, 6, 44, 175, 48, 19, 14, 261, 30, 72]"
110073,"[279, 32, 5, 19, 54, 261, 43, 2, 9, 103]"
110074,"[21, 5, 19, 187, 238, 261, 72, 20, 60, 24]"
110075,"[10, 157, 71, 55, 41, 5, 261, 72, 76, 19]"
110076,"[220, 261, 5, 19, 238, 43, 73, 32, 20, 2]"
110077,"[19, 76, 5, 7, 73, 12, 130, 1, 17, 261]"
110078,"[71, 2, 138, 5, 66, 223, 7, 175, 261, 19]"
110079,"[49, 105, 77, 60, 82, 25, 5, 19, 6, 55]"
110080,"[175, 71, 9, 10, 6, 77, 55, 2, 48, 25]"
110081,"[97, 60, 23, 121, 0, 5, 72, 18, 19, 138]"
110082,"[7, 48, 6, 19, 175, 17, 5, 30, 44, 238]"
110083,"[76, 279, 12, 19, 54, 55, 5, 261, 121, 7]"
110084,"[138, 19, 36, 92, 6, 7, 5, 14, 10, 82]"
110085,"[66, 38, 45, 27, 261, 149, 71, 238, 30, 19]"
110086,"[10, 19, 73, 5, 6, 55, 71, 157, 60, 77]"
110087,"[82, 19, 36, 5, 3, 138, 238, 189, 51, 9]"
110088,"[13, 121, 0, 97, 146, 55, 60, 5, 76, 279]"
110089,"[90, 19, 18, 91, 10, 60, 5, 51, 71, 55]"
110090,"[49, 6, 92, 105, 48, 77, 7, 25, 36, 151]"
110091,"[64, 20, 19, 261, 5, 1, 72, 146, 92, 21]"
110092,"[66, 175, 149, 30, 20, 92, 45, 124, 27, 3]"
110093,"[7, 261, 19, 175, 44, 48, 32, 2, 6, 279]"
110094,"[261, 2, 32, 3, 220, 19, 73, 103, 5, 9]"
110095,"[34, 10, 5, 19, 26, 261, 9, 55, 130, 122]"
110096,"[238, 5, 19, 92, 20, 72, 73, 91, 220, 130]"
110097,"[119, 28, 147, 24, 60, 122, 5, 55, 138, 26]"
110098,"[60, 84, 5, 157, 25, 76, 42, 19, 23, 97]"
110099,"[3, 19, 42, 36, 5, 17, 73, 130, 138, 32]"
110100,"[130, 19, 5, 151, 12, 92, 91, 223, 60, 147]"
110101,"[112, 2, 60, 54, 5, 261, 279, 19, 43, 10]"
110102,"[119, 5, 147, 28, 24, 97, 10, 122, 55, 72]"
110103,"[1, 55, 261, 5, 23, 32, 20, 10, 28, 279]"
110104,"[5, 19, 2, 72, 73, 223, 261, 238, 34, 130]"
110105,"[30, 71, 7, 66, 175, 92, 6, 138, 48, 77]"
110106,"[72, 60, 76, 27, 23, 10, 279, 43, 71, 157]"
110107,"[112, 279, 5, 157, 19, 9, 7, 32, 13, 261]"
110108,"[122, 26, 34, 19, 5, 60, 77, 121, 55, 7]"
110109,"[17, 73, 19, 5, 146, 60, 55, 130, 7, 261]"
110110,"[25, 55, 6, 42, 36, 60, 49, 157, 77, 149]"
110111,"[28, 5, 19, 238, 20, 32, 103, 76, 92, 34]"
110112,"[64, 261, 20, 1, 92, 54, 23, 2, 90, 32]"
110113,"[2, 112, 54, 19, 5, 10, 279, 261, 92, 60]"
110114,"[20, 1, 54, 5, 279, 19, 73, 261, 14, 32]"
110115,"[20, 2, 261, 66, 238, 71, 7, 64, 14, 30]"
110116,"[19, 5, 73, 17, 6, 175, 10, 82, 130, 146]"
110117,"[10, 34, 5, 19, 26, 130, 77, 51, 92, 60]"
110118,"[5, 138, 3, 36, 149, 55, 19, 42, 2, 189]"
110119,"[261, 32, 279, 103, 23, 5, 54, 43, 19, 20]"
110120,"[5, 19, 49, 261, 73, 26, 34, 51, 223, 77]"
110121,"[3, 19, 138, 7, 5, 36, 149, 103, 223, 42]"
110122,"[112, 5, 157, 6, 19, 279, 7, 92, 13, 60]"
110123,"[223, 5, 19, 17, 7, 142, 261, 2, 6, 138]"
110124,"[103, 261, 5, 19, 238, 32, 55, 20, 2, 54]"
110125,"[92, 133, 44, 49, 112, 7, 77, 238, 2, 130]"
110126,"[7, 48, 43, 261, 14, 175, 19, 279, 20, 23]"
110127,"[133, 92, 5, 238, 279, 2, 175, 66, 187, 21]"
110128,"[55, 1, 5, 23, 42, 138, 121, 189, 3, 261]"
110129,"[19, 20, 58, 5, 6, 261, 64, 7, 220, 138]"
110130,"[90, 18, 60, 19, 43, 279, 32, 55, 20, 54]"
110131,"[5, 19, 36, 51, 223, 73, 3, 29, 92, 17]"
110132,"[17, 73, 19, 60, 146, 55, 5, 7, 261, 82]"
110133,"[175, 9, 19, 10, 71, 38, 28, 6, 49, 77]"
110134,"[18, 0, 90, 97, 10, 60, 72, 41, 82, 91]"
110135,"[92, 133, 49, 44, 112, 7, 77, 130, 2, 238]"
110136,"[71, 175, 19, 7, 30, 261, 32, 2, 49, 38]"
110137,"[42, 138, 189, 3, 36, 23, 29, 220, 17, 149]"
110138,"[91, 19, 18, 130, 60, 82, 15, 5, 90, 238]"
110139,"[223, 130, 19, 92, 12, 5, 60, 82, 90, 29]"
110140,"[43, 220, 279, 261, 9, 7, 32, 103, 23, 19]"
110141,"[84, 82, 60, 19, 90, 105, 49, 223, 18, 55]"
110142,"[90, 19, 60, 91, 32, 18, 10, 5, 20, 261]"
110143,"[238, 5, 19, 54, 2, 73, 66, 36, 261, 223]"
110144,"[72, 34, 43, 5, 10, 26, 19, 73, 36, 17]"
110145,"[55, 5, 60, 25, 36, 19, 77, 138, 49, 189]"
110146,"[19, 60, 82, 5, 84, 105, 90, 279, 130, 157]"
110147,"[175, 9, 38, 5, 19, 30, 77, 6, 7, 36]"
110148,"[19, 5, 60, 9, 51, 73, 36, 223, 55, 17]"
110149,"[54, 261, 23, 32, 1, 14, 279, 5, 220, 20]"
110150,"[42, 138, 3, 189, 36, 23, 29, 149, 17, 7]"
110151,"[133, 92, 5, 130, 26, 238, 175, 19, 147, 2]"
110152,"[1, 54, 23, 279, 43, 121, 103, 32, 10, 20]"
110153,"[77, 49, 5, 19, 92, 38, 7, 105, 261, 6]"
110154,"[6, 157, 25, 77, 151, 49, 19, 60, 26, 5]"
110155,"[19, 5, 279, 73, 238, 54, 17, 82, 103, 34]"
110156,"[64, 1, 19, 261, 23, 20, 279, 54, 5, 92]"
110157,"[124, 149, 66, 45, 138, 55, 2, 30, 261, 6]"
110158,"[220, 261, 5, 279, 19, 32, 2, 17, 9, 43]"
110159,"[119, 147, 5, 28, 24, 1, 34, 138, 10, 26]"
110160,"[223, 5, 19, 261, 175, 6, 49, 17, 2, 21]"
110161,"[121, 97, 223, 5, 76, 0, 26, 71, 238, 13]"
110162,"[71, 48, 7, 30, 261, 66, 27, 175, 20, 9]"
110163,"[55, 25, 5, 60, 138, 34, 19, 157, 151, 17]"
110164,"[42, 36, 23, 157, 1, 138, 133, 92, 149, 44]"
110165,"[14, 261, 23, 32, 279, 54, 20, 1, 43, 5]"
110166,"[73, 19, 5, 72, 130, 189, 91, 138, 3, 146]"
110167,"[261, 32, 279, 103, 5, 19, 64, 73, 17, 76]"
110168,"[157, 51, 19, 76, 36, 10, 138, 151, 189, 92]"
110169,"[90, 18, 60, 0, 19, 20, 279, 91, 72, 5]"
110170,"[5, 72, 261, 19, 55, 157, 73, 76, 20, 91]"
110171,"[130, 26, 34, 5, 28, 10, 122, 60, 19, 73]"
110172,"[25, 6, 49, 55, 36, 92, 41, 77, 138, 60]"
110173,"[73, 17, 19, 5, 72, 10, 130, 261, 51, 279]"
110174,"[76, 19, 5, 12, 261, 21, 36, 223, 55, 54]"
110175,"[30, 7, 71, 92, 20, 175, 48, 5, 27, 238]"
110176,"[1, 23, 5, 32, 261, 19, 20, 55, 3, 54]"
110177,"[1, 23, 54, 32, 20, 5, 261, 73, 279, 72]"
110178,"[41, 19, 220, 5, 36, 82, 6, 73, 91, 261]"
110179,"[2, 54, 19, 138, 21, 82, 5, 60, 55, 51]"
110180,"[4, 19, 5, 24, 29, 12, 238, 7, 51, 17]"
110181,"[51, 19, 73, 10, 5, 55, 60, 92, 9, 6]"
110182,"[18, 60, 90, 82, 0, 15, 84, 105, 91, 19]"
110183,"[238, 279, 92, 23, 142, 261, 42, 5, 7, 27]"
110184,"[49, 105, 60, 5, 77, 19, 82, 25, 6, 55]"
110185,"[5, 279, 261, 32, 23, 130, 19, 44, 42, 73]"
110186,"[223, 5, 17, 19, 175, 49, 138, 261, 7, 130]"
110187,"[19, 5, 151, 60, 55, 77, 17, 130, 157, 146]"
110188,"[51, 10, 34, 28, 36, 5, 24, 122, 91, 149]"
110189,"[112, 157, 92, 6, 10, 105, 77, 151, 279, 5]"
110190,"[17, 73, 19, 142, 7, 261, 279, 3, 5, 130]"
110191,"[25, 151, 157, 77, 36, 60, 49, 105, 3, 130]"
110192,"[12, 5, 19, 130, 73, 17, 71, 223, 261, 7]"
110193,"[7, 2, 261, 48, 92, 175, 14, 5, 55, 66]"
110194,"[48, 175, 7, 19, 6, 261, 9, 279, 5, 2]"
110195,"[71, 261, 19, 66, 30, 6, 2, 55, 9, 175]"
110196,"[142, 30, 27, 66, 21, 175, 6, 124, 261, 41]"
110197,"[4, 36, 19, 24, 29, 17, 5, 28, 3, 51]"
110198,"[24, 19, 5, 10, 17, 51, 7, 9, 2, 261]"
110199,"[66, 2, 261, 20, 175, 30, 21, 5, 92, 54]"
110200,"[32, 261, 2, 103, 279, 54, 23, 19, 20, 124]"
110201,"[187, 21, 5, 19, 103, 43, 261, 279, 14, 32]"
110202,"[92, 133, 175, 151, 130, 19, 49, 6, 77, 5]"
110203,"[34, 10, 26, 130, 19, 5, 51, 77, 92, 9]"
110204,"[71, 7, 261, 279, 48, 19, 34, 38, 66, 32]"
110205,"[4, 24, 36, 19, 29, 17, 28, 5, 12, 3]"
110206,"[238, 5, 19, 20, 92, 66, 54, 72, 220, 32]"
110207,"[97, 121, 18, 0, 138, 60, 90, 105, 5, 72]"
110208,"[60, 130, 151, 105, 17, 5, 220, 73, 19, 77]"
110209,"[66, 175, 92, 73, 30, 20, 149, 238, 19, 27]"
110210,"[19, 5, 36, 51, 10, 92, 9, 130, 73, 223]"
110211,"[6, 25, 77, 157, 44, 7, 151, 19, 38, 17]"
110212,"[0, 71, 97, 121, 5, 76, 19, 13, 55, 60]"
110213,"[32, 261, 2, 54, 279, 42, 5, 55, 41, 23]"
110214,"[45, 261, 5, 279, 66, 19, 32, 54, 71, 2]"
110215,"[66, 149, 45, 124, 261, 2, 3, 138, 7, 238]"
110216,"[6, 7, 92, 48, 44, 66, 157, 49, 175, 30]"
110217,"[138, 189, 42, 6, 23, 41, 3, 175, 7, 149]"
110218,"[21, 19, 187, 92, 5, 36, 14, 77, 30, 238]"
110219,"[1, 28, 23, 32, 279, 10, 261, 9, 5, 14]"
110220,"[26, 60, 97, 5, 130, 121, 122, 19, 49, 34]"
110221,"[17, 19, 73, 5, 42, 130, 12, 7, 223, 3]"
110222,"[220, 261, 43, 54, 2, 19, 1, 66, 238, 103]"
110223,"[279, 261, 23, 9, 1, 5, 19, 76, 32, 175]"
110224,"[76, 55, 2, 138, 71, 41, 261, 54, 36, 6]"
110225,"[77, 7, 6, 175, 92, 49, 10, 48, 19, 151]"
110226,"[13, 19, 5, 146, 10, 121, 55, 71, 6, 7]"
110227,"[72, 7, 261, 5, 17, 279, 23, 14, 238, 32]"
110228,"[17, 73, 19, 7, 3, 261, 5, 142, 130, 12]"
110229,"[3, 19, 73, 5, 175, 91, 17, 42, 7, 103]"
110230,"[27, 66, 45, 149, 92, 124, 20, 5, 30, 238]"
110231,"[5, 19, 20, 261, 220, 138, 7, 23, 84, 3]"
110232,"[5, 19, 20, 220, 7, 34, 9, 73, 84, 17]"
110233,"[12, 19, 5, 261, 71, 130, 223, 51, 58, 60]"
110234,"[91, 19, 55, 92, 261, 10, 71, 238, 90, 77]"
110235,"[28, 5, 32, 24, 9, 73, 261, 20, 279, 103]"
110236,"[84, 82, 60, 19, 90, 105, 223, 55, 0, 13]"
110237,"[138, 82, 189, 66, 21, 6, 2, 19, 49, 175]"
110238,"[51, 41, 10, 24, 60, 28, 19, 55, 49, 71]"
110239,"[34, 5, 261, 279, 72, 55, 238, 19, 26, 9]"
110240,"[220, 261, 32, 279, 5, 43, 19, 103, 17, 9]"
110241,"[36, 151, 5, 19, 77, 60, 238, 29, 223, 92]"
110242,"[29, 36, 24, 3, 19, 5, 92, 4, 9, 17]"
110243,"[13, 121, 5, 97, 0, 146, 55, 261, 279, 23]"
110244,"[55, 25, 5, 60, 138, 36, 77, 49, 189, 19]"
110245,"[97, 18, 60, 0, 121, 55, 5, 90, 13, 19]"
110246,"[73, 17, 19, 5, 3, 146, 82, 223, 36, 91]"
110247,"[29, 36, 24, 19, 5, 3, 92, 9, 133, 28]"
110248,"[17, 73, 19, 7, 5, 3, 2, 130, 223, 142]"
110249,"[66, 45, 27, 38, 261, 149, 238, 71, 77, 19]"
110250,"[72, 7, 14, 261, 238, 279, 19, 5, 2, 23]"
110251,"[97, 60, 18, 0, 121, 19, 5, 71, 92, 105]"
110252,"[64, 146, 20, 279, 23, 1, 3, 261, 17, 72]"
110253,"[3, 36, 29, 19, 138, 17, 42, 82, 223, 149]"
110254,"[189, 5, 17, 130, 223, 60, 147, 26, 19, 175]"
110255,"[5, 4, 9, 261, 71, 279, 2, 19, 43, 60]"
110256,"[261, 32, 103, 5, 54, 14, 20, 19, 220, 55]"
110257,"[7, 44, 48, 6, 175, 30, 19, 14, 38, 72]"
110258,"[175, 66, 7, 6, 30, 92, 149, 17, 19, 5]"
110259,"[103, 279, 261, 43, 32, 55, 54, 34, 2, 58]"
110260,"[42, 1, 23, 157, 36, 133, 279, 92, 54, 76]"
110261,"[19, 73, 5, 223, 17, 58, 130, 34, 6, 54]"
110262,"[20, 5, 261, 36, 103, 34, 238, 32, 220, 149]"
110263,"[76, 36, 3, 5, 149, 19, 138, 42, 55, 12]"
110264,"[130, 92, 19, 223, 238, 142, 279, 175, 60, 91]"
110265,"[14, 261, 23, 32, 54, 20, 1, 279, 43, 7]"
110266,"[5, 19, 261, 84, 20, 7, 238, 220, 91, 138]"
110267,"[26, 49, 10, 34, 122, 147, 77, 28, 71, 6]"
110268,"[26, 34, 122, 147, 49, 28, 10, 5, 77, 157]"
110269,"[6, 25, 77, 157, 19, 92, 7, 44, 151, 60]"
110270,"[13, 5, 146, 19, 7, 55, 6, 261, 73, 121]"
110271,"[92, 133, 19, 5, 175, 6, 238, 130, 77, 49]"
110272,"[54, 1, 23, 32, 261, 14, 103, 2, 279, 220]"
110273,"[157, 151, 25, 77, 60, 6, 130, 19, 5, 49]"
110274,"[19, 4, 5, 51, 7, 223, 138, 2, 24, 54]"
110275,"[238, 19, 5, 20, 92, 72, 66, 1, 14, 91]"
110276,"[103, 261, 19, 2, 175, 7, 220, 32, 5, 73]"
110277,"[92, 6, 133, 77, 7, 175, 66, 30, 49, 149]"
110278,"[5, 24, 19, 73, 17, 223, 51, 7, 10, 34]"
110279,"[60, 130, 151, 105, 5, 25, 77, 19, 97, 157]"
110280,"[5, 19, 112, 92, 36, 130, 223, 60, 9, 54]"
110281,"[44, 6, 7, 25, 48, 2, 92, 49, 32, 23]"
110282,"[130, 92, 44, 112, 279, 19, 223, 7, 175, 151]"
110283,"[189, 223, 5, 19, 43, 175, 238, 20, 55, 138]"
110284,"[17, 73, 19, 5, 60, 146, 55, 7, 130, 261]"
110285,"[90, 18, 0, 19, 20, 72, 5, 238, 60, 1]"
110286,"[220, 19, 261, 103, 279, 9, 43, 36, 32, 5]"
110287,"[149, 124, 45, 20, 3, 66, 1, 138, 36, 64]"
110288,"[261, 32, 2, 54, 279, 20, 103, 14, 45, 23]"
110289,"[105, 60, 130, 5, 19, 223, 82, 97, 157, 17]"
110290,"[112, 5, 92, 19, 10, 77, 36, 130, 60, 76]"
110291,"[119, 5, 147, 28, 24, 1, 26, 130, 122, 138]"
110292,"[175, 19, 6, 7, 30, 48, 92, 5, 91, 261]"
110293,"[187, 5, 21, 261, 19, 72, 2, 138, 238, 7]"
110294,"[223, 189, 92, 130, 238, 19, 5, 36, 151, 26]"
110295,"[25, 6, 42, 55, 36, 49, 3, 77, 157, 261]"
110296,"[28, 147, 119, 24, 122, 105, 10, 51, 1, 5]"
110297,"[220, 261, 43, 32, 103, 1, 54, 20, 238, 2]"
110298,"[26, 34, 5, 122, 49, 10, 28, 130, 71, 19]"
110299,"[20, 238, 64, 261, 66, 2, 7, 103, 5, 138]"
110300,"[175, 66, 19, 261, 6, 9, 5, 30, 71, 92]"
110301,"[72, 7, 261, 14, 32, 279, 43, 2, 238, 5]"
110302,"[49, 92, 77, 6, 105, 48, 7, 71, 25, 2]"
110303,"[97, 60, 0, 121, 5, 19, 18, 23, 72, 1]"
110304,"[6, 25, 77, 60, 175, 71, 157, 48, 7, 2]"
110305,"[66, 175, 149, 30, 6, 124, 19, 157, 9, 21]"
110306,"[112, 71, 92, 2, 6, 10, 261, 279, 5, 49]"
110307,"[157, 175, 19, 76, 10, 51, 5, 73, 151, 55]"
110308,"[20, 66, 261, 5, 238, 19, 92, 30, 21, 2]"
110309,"[25, 55, 6, 36, 49, 42, 60, 92, 138, 77]"
110310,"[25, 6, 36, 55, 157, 3, 42, 49, 77, 5]"
110311,"[26, 34, 122, 49, 147, 10, 71, 28, 5, 261]"
110312,"[60, 130, 151, 105, 5, 77, 19, 157, 223, 17]"
110313,"[28, 19, 24, 147, 32, 9, 5, 51, 55, 10]"
110314,"[19, 5, 73, 3, 130, 17, 10, 51, 36, 9]"
110315,"[27, 142, 21, 66, 30, 19, 261, 32, 2, 60]"
110316,"[146, 55, 13, 19, 60, 82, 5, 84, 223, 58]"
110317,"[5, 19, 112, 92, 36, 130, 60, 9, 279, 77]"
110318,"[1, 64, 23, 54, 220, 261, 20, 72, 279, 5]"
110319,"[21, 187, 5, 60, 19, 14, 82, 261, 7, 66]"
110320,"[71, 7, 175, 38, 49, 48, 30, 2, 41, 19]"
110321,"[220, 261, 32, 43, 19, 23, 2, 58, 5, 279]"
110322,"[66, 261, 20, 30, 2, 175, 5, 19, 24, 23]"
110323,"[5, 19, 51, 223, 34, 55, 77, 261, 26, 238]"
110324,"[66, 45, 149, 124, 261, 92, 14, 238, 20, 3]"
110325,"[2, 261, 32, 92, 71, 73, 9, 220, 3, 238]"
110326,"[175, 7, 23, 48, 6, 19, 3, 30, 261, 220]"
110327,"[38, 71, 19, 30, 175, 77, 5, 7, 66, 146]"
110328,"[119, 5, 24, 147, 26, 28, 55, 122, 97, 138]"
110329,"[279, 23, 32, 261, 19, 5, 9, 103, 1, 2]"
110330,"[34, 10, 19, 26, 5, 130, 92, 36, 9, 28]"
110331,"[15, 18, 0, 105, 82, 19, 90, 60, 84, 91]"
110332,"[122, 147, 28, 26, 34, 51, 5, 24, 32, 19]"
110333,"[7, 48, 261, 14, 175, 20, 19, 2, 72, 30]"
110334,"[71, 30, 66, 38, 19, 7, 261, 77, 175, 5]"
110335,"[71, 5, 2, 238, 261, 19, 66, 55, 64, 92]"
110336,"[7, 48, 44, 6, 175, 138, 42, 3, 25, 261]"
110337,"[77, 151, 157, 49, 25, 6, 130, 19, 60, 105]"
110338,"[51, 73, 19, 261, 9, 5, 10, 6, 32, 55]"
110339,"[21, 187, 5, 82, 19, 14, 175, 72, 66, 24]"
110340,"[10, 19, 73, 5, 6, 55, 71, 7, 261, 157]"
110341,"[14, 43, 261, 54, 103, 5, 20, 19, 23, 66]"
110342,"[5, 10, 2, 71, 279, 238, 261, 51, 34, 19]"
110343,"[42, 3, 138, 36, 23, 17, 189, 19, 25, 29]"
110344,"[151, 7, 77, 9, 25, 36, 38, 175, 43, 138]"
110345,"[103, 261, 2, 54, 279, 32, 220, 58, 138, 48]"
110346,"[45, 261, 66, 27, 32, 5, 146, 279, 19, 71]"
110347,"[82, 19, 105, 60, 90, 5, 84, 21, 0, 49]"
110348,"[51, 9, 279, 55, 261, 10, 60, 21, 34, 71]"
110349,"[26, 34, 77, 10, 28, 49, 147, 122, 92, 157]"
110350,"[146, 55, 82, 19, 13, 60, 223, 5, 3, 84]"
110351,"[84, 5, 60, 105, 77, 25, 157, 19, 238, 1]"
110352,"[105, 60, 18, 0, 90, 82, 5, 19, 49, 157]"
110353,"[76, 54, 19, 55, 121, 279, 261, 12, 5, 7]"
110354,"[17, 73, 19, 7, 3, 72, 5, 261, 279, 23]"
110355,"[175, 5, 48, 261, 6, 19, 7, 9, 223, 54]"
110356,"[1, 64, 23, 54, 261, 5, 20, 279, 19, 32]"
110357,"[19, 5, 9, 73, 223, 10, 51, 34, 60, 17]"
110358,"[92, 49, 19, 133, 238, 77, 5, 2, 261, 44]"
110359,"[71, 60, 19, 18, 23, 5, 279, 122, 9, 2]"
110360,"[220, 261, 19, 43, 5, 54, 2, 32, 238, 103]"
110361,"[119, 5, 147, 28, 24, 1, 130, 10, 19, 138]"
110362,"[13, 5, 146, 19, 55, 7, 121, 261, 0, 91]"
110363,"[20, 54, 1, 279, 5, 14, 261, 238, 19, 23]"
110364,"[58, 19, 5, 12, 36, 20, 238, 223, 261, 29]"
110365,"[157, 19, 5, 76, 36, 51, 7, 223, 189, 261]"
110366,"[90, 19, 43, 20, 64, 60, 14, 142, 279, 189]"
110367,"[45, 66, 149, 5, 19, 27, 261, 238, 36, 21]"
110368,"[60, 105, 5, 19, 223, 130, 17, 55, 82, 97]"
110369,"[147, 2, 19, 32, 261, 51, 71, 76, 142, 60]"
110370,"[34, 10, 19, 26, 5, 77, 92, 55, 9, 36]"
110371,"[3, 21, 175, 30, 6, 73, 92, 19, 66, 17]"
110372,"[55, 60, 19, 146, 10, 5, 13, 71, 18, 261]"
110373,"[72, 23, 5, 1, 19, 10, 77, 76, 157, 36]"
110374,"[26, 34, 5, 122, 71, 58, 60, 223, 19, 261]"
110375,"[261, 279, 32, 43, 103, 54, 23, 2, 220, 9]"
110376,"[149, 66, 175, 5, 19, 30, 92, 3, 238, 124]"
110377,"[142, 27, 261, 66, 279, 21, 7, 55, 13, 6]"
110378,"[279, 261, 43, 2, 138, 60, 54, 7, 189, 55]"
110379,"[72, 10, 19, 26, 36, 34, 17, 189, 73, 5]"
110380,"[147, 28, 5, 19, 130, 36, 51, 261, 1, 23]"
110381,"[71, 19, 7, 73, 66, 5, 6, 238, 77, 30]"
110382,"[103, 238, 19, 5, 36, 20, 220, 279, 261, 138]"
110383,"[72, 10, 19, 34, 5, 43, 26, 60, 189, 261]"
110384,"[7, 23, 2, 261, 5, 54, 279, 32, 19, 175]"
110385,"[36, 138, 3, 42, 19, 189, 149, 51, 5, 55]"
110386,"[19, 58, 5, 36, 76, 54, 73, 12, 223, 261]"
110387,"[1, 28, 23, 55, 261, 32, 10, 279, 9, 20]"
110388,"[220, 43, 261, 238, 19, 1, 103, 54, 9, 5]"
110389,"[24, 19, 5, 10, 51, 73, 17, 21, 36, 147]"
110390,"[55, 138, 189, 10, 121, 1, 5, 36, 6, 157]"
110391,"[20, 1, 54, 14, 279, 5, 23, 64, 19, 238]"
110392,"[175, 6, 7, 48, 19, 66, 261, 30, 21, 58]"
110393,"[119, 28, 5, 24, 147, 138, 122, 97, 55, 60]"
110394,"[19, 175, 5, 7, 3, 6, 48, 220, 23, 17]"
110395,"[60, 105, 130, 5, 19, 223, 17, 97, 82, 157]"
110396,"[157, 76, 23, 261, 10, 60, 175, 19, 138, 73]"
110397,"[41, 91, 19, 5, 58, 97, 0, 261, 138, 146]"
110398,"[32, 261, 44, 279, 14, 23, 103, 175, 7, 92]"
110399,"[187, 5, 142, 19, 2, 21, 3, 175, 73, 103]"
110400,"[220, 43, 66, 261, 238, 1, 58, 9, 103, 54]"
110401,"[97, 19, 0, 60, 5, 121, 105, 13, 279, 175]"
110402,"[60, 105, 130, 151, 19, 17, 5, 77, 55, 92]"
110403,"[92, 133, 44, 49, 112, 77, 7, 10, 130, 2]"
110404,"[60, 105, 130, 5, 19, 97, 223, 17, 82, 55]"
110405,"[32, 261, 103, 44, 7, 279, 9, 14, 20, 6]"
110406,"[41, 97, 10, 0, 121, 60, 55, 51, 19, 24]"
110407,"[14, 261, 23, 20, 32, 1, 54, 279, 5, 72]"
110408,"[64, 20, 19, 146, 1, 5, 279, 261, 92, 23]"
110409,"[187, 261, 279, 5, 21, 32, 43, 103, 9, 220]"
110410,"[121, 97, 13, 5, 0, 55, 223, 26, 76, 60]"
110411,"[122, 147, 28, 26, 34, 32, 51, 5, 24, 60]"
110412,"[44, 6, 7, 92, 48, 77, 19, 175, 279, 25]"
110413,"[97, 60, 5, 0, 19, 121, 23, 138, 18, 1]"
110414,"[5, 19, 261, 36, 66, 9, 51, 6, 279, 157]"
110415,"[147, 28, 5, 279, 19, 32, 76, 261, 238, 51]"
110416,"[64, 146, 23, 1, 138, 3, 175, 189, 21, 2]"
110417,"[261, 32, 279, 54, 2, 66, 55, 14, 103, 23]"
110418,"[4, 19, 5, 7, 24, 142, 60, 261, 66, 223]"
110419,"[45, 261, 5, 32, 54, 71, 66, 19, 146, 279]"
110420,"[279, 261, 32, 23, 9, 5, 73, 142, 43, 4]"
110421,"[3, 19, 5, 82, 72, 238, 20, 7, 14, 36]"
110422,"[73, 5, 17, 19, 223, 72, 130, 146, 3, 82]"
110423,"[18, 71, 19, 60, 175, 10, 279, 5, 2, 90]"
110424,"[71, 38, 30, 6, 19, 7, 175, 66, 261, 49]"
110425,"[60, 18, 105, 5, 0, 19, 55, 97, 90, 82]"
110426,"[7, 48, 44, 6, 175, 14, 30, 261, 38, 71]"
110427,"[175, 6, 10, 66, 41, 92, 49, 19, 2, 48]"
110428,"[73, 17, 19, 5, 261, 142, 279, 2, 130, 54]"
110429,"[189, 5, 223, 19, 23, 146, 20, 175, 138, 55]"
110430,"[44, 7, 175, 48, 6, 261, 92, 32, 19, 30]"
110431,"[130, 5, 26, 34, 19, 122, 28, 73, 151, 10]"
110432,"[119, 5, 24, 147, 28, 122, 19, 261, 32, 55]"
110433,"[119, 5, 147, 28, 24, 10, 1, 122, 71, 51]"
110434,"[5, 19, 261, 73, 9, 279, 23, 157, 146, 32]"
110435,"[103, 3, 238, 138, 19, 42, 189, 6, 149, 5]"
110436,"[19, 20, 64, 157, 138, 5, 220, 1, 3, 90]"
110437,"[133, 175, 92, 9, 49, 130, 24, 28, 6, 44]"
110438,"[36, 149, 55, 138, 3, 19, 29, 92, 42, 124]"
110439,"[13, 121, 97, 55, 0, 146, 5, 261, 71, 60]"
110440,"[9, 175, 34, 5, 6, 19, 10, 279, 20, 7]"
110441,"[44, 261, 7, 279, 48, 175, 32, 71, 2, 92]"
110442,"[149, 124, 3, 45, 20, 1, 66, 138, 36, 42]"
110443,"[279, 261, 54, 55, 9, 32, 23, 43, 5, 34]"
110444,"[5, 19, 36, 29, 92, 3, 73, 42, 49, 6]"
110445,"[279, 23, 261, 32, 220, 1, 175, 43, 103, 54]"
110446,"[189, 73, 19, 151, 138, 15, 175, 5, 26, 146]"
110447,"[279, 103, 261, 41, 54, 32, 10, 23, 1, 2]"
110448,"[26, 34, 122, 28, 5, 49, 147, 157, 130, 10]"
110449,"[32, 261, 103, 44, 279, 14, 7, 92, 19, 23]"
110450,"[21, 187, 19, 92, 5, 14, 30, 82, 36, 77]"
110451,"[142, 30, 175, 27, 19, 66, 149, 38, 7, 6]"
110452,"[142, 27, 66, 30, 6, 21, 124, 261, 32, 2]"
110453,"[60, 105, 97, 5, 0, 157, 49, 18, 19, 90]"
110454,"[261, 32, 54, 14, 2, 60, 103, 55, 19, 220]"
110455,"[122, 34, 26, 5, 72, 146, 19, 130, 91, 30]"
110456,"[36, 3, 55, 138, 19, 29, 42, 149, 92, 5]"
110457,"[25, 151, 77, 36, 157, 49, 105, 60, 19, 55]"
110458,"[133, 92, 175, 9, 24, 6, 49, 147, 5, 77]"
110459,"[122, 147, 28, 26, 34, 24, 32, 5, 51, 71]"
110460,"[14, 261, 5, 1, 20, 238, 19, 23, 72, 54]"
110461,"[71, 5, 261, 2, 19, 32, 238, 55, 51, 223]"
110462,"[91, 19, 60, 18, 130, 90, 15, 82, 84, 5]"
110463,"[121, 97, 71, 261, 5, 223, 0, 220, 4, 2]"
110464,"[19, 5, 34, 130, 36, 10, 9, 17, 3, 1]"
110465,"[142, 23, 279, 261, 19, 175, 14, 24, 32, 5]"
110466,"[5, 19, 36, 3, 51, 223, 73, 49, 138, 17]"
110467,"[54, 261, 23, 32, 279, 1, 43, 2, 55, 5]"
110468,"[3, 138, 19, 7, 6, 175, 189, 12, 17, 223]"
110469,"[12, 19, 5, 261, 71, 60, 32, 51, 55, 17]"
110470,"[112, 5, 19, 157, 92, 7, 17, 6, 279, 146]"
110471,"[21, 223, 82, 187, 24, 72, 157, 3, 5, 142]"
110472,"[25, 151, 77, 36, 60, 55, 157, 49, 6, 105]"
110473,"[223, 5, 92, 17, 29, 49, 19, 64, 9, 175]"
110474,"[38, 71, 175, 30, 77, 19, 60, 66, 7, 9]"
110475,"[5, 19, 36, 223, 73, 51, 3, 92, 21, 138]"
110476,"[149, 3, 124, 45, 36, 1, 66, 20, 138, 19]"
110477,"[147, 122, 28, 26, 5, 24, 130, 71, 119, 97]"
110478,"[138, 19, 5, 36, 92, 7, 279, 20, 43, 14]"
110479,"[147, 28, 41, 122, 71, 26, 10, 119, 105, 24]"
110480,"[25, 6, 55, 42, 49, 36, 77, 157, 60, 149]"
110481,"[261, 2, 5, 32, 19, 73, 238, 92, 103, 220]"
110482,"[32, 261, 279, 5, 103, 19, 43, 60, 91, 17]"
110483,"[7, 48, 44, 6, 175, 261, 30, 14, 19, 38]"
110484,"[157, 5, 23, 42, 19, 279, 7, 73, 133, 26]"
110485,"[30, 7, 175, 19, 48, 6, 66, 92, 3, 138]"
110486,"[223, 5, 19, 261, 142, 17, 238, 92, 7, 73]"
110487,"[51, 24, 28, 19, 10, 5, 60, 147, 9, 49]"
110488,"[7, 48, 6, 44, 43, 175, 261, 279, 55, 34]"
110489,"[5, 279, 261, 44, 19, 32, 13, 130, 54, 76]"
110490,"[238, 5, 92, 19, 20, 72, 91, 66, 220, 54]"
110491,"[32, 261, 5, 279, 2, 19, 54, 103, 20, 34]"
110492,"[51, 28, 24, 10, 41, 147, 60, 19, 103, 49]"
110493,"[44, 6, 92, 7, 48, 77, 279, 157, 25, 175]"
110494,"[138, 92, 19, 36, 6, 189, 21, 7, 49, 82]"
110495,"[175, 9, 19, 5, 6, 7, 146, 92, 10, 71]"
110496,"[3, 19, 82, 36, 17, 138, 146, 7, 5, 6]"
110497,"[14, 261, 23, 32, 20, 1, 54, 279, 72, 43]"
110498,"[23, 1, 54, 19, 5, 55, 43, 36, 20, 138]"
110499,"[73, 5, 2, 261, 3, 19, 92, 32, 238, 36]"
110500,"[27, 142, 66, 21, 30, 5, 19, 238, 261, 36]"
110501,"[25, 151, 77, 49, 36, 60, 157, 55, 6, 105]"
110502,"[7, 48, 261, 175, 30, 6, 44, 157, 19, 72]"
110503,"[119, 5, 147, 24, 19, 36, 122, 51, 28, 138]"
110504,"[14, 23, 261, 32, 1, 20, 279, 54, 72, 5]"
110505,"[55, 19, 60, 10, 5, 146, 261, 17, 9, 7]"
110506,"[55, 138, 5, 121, 261, 23, 54, 42, 1, 189]"
110507,"[76, 5, 19, 12, 279, 121, 54, 238, 261, 7]"
110508,"[28, 5, 238, 20, 19, 24, 32, 92, 103, 142]"
110509,"[142, 30, 27, 19, 66, 149, 175, 6, 7, 5]"
110510,"[29, 36, 19, 3, 5, 24, 17, 92, 138, 4]"
110511,"[26, 60, 97, 121, 49, 77, 105, 5, 220, 238]"
110512,"[0, 18, 60, 90, 82, 97, 15, 105, 41, 84]"
110513,"[14, 5, 261, 32, 72, 19, 23, 20, 54, 103]"
110514,"[130, 26, 5, 10, 151, 19, 77, 34, 122, 28]"
110515,"[45, 66, 38, 149, 71, 27, 30, 124, 77, 49]"
110516,"[187, 2, 21, 261, 142, 5, 43, 55, 19, 238]"
110517,"[189, 5, 19, 130, 26, 151, 7, 175, 60, 14]"
110518,"[54, 1, 279, 10, 261, 121, 43, 32, 23, 41]"
110519,"[92, 49, 133, 2, 10, 112, 71, 44, 6, 77]"
110520,"[26, 34, 122, 5, 10, 28, 71, 72, 130, 220]"
110521,"[151, 7, 77, 9, 38, 48, 25, 157, 175, 43]"
110522,"[9, 19, 175, 51, 5, 92, 279, 66, 77, 261]"
110523,"[55, 60, 19, 91, 5, 13, 7, 17, 82, 71]"
110524,"[92, 133, 19, 5, 175, 6, 49, 130, 146, 44]"
110525,"[138, 19, 36, 5, 92, 3, 7, 189, 23, 1]"
110526,"[112, 5, 29, 92, 48, 30, 133, 49, 6, 19]"
110527,"[17, 73, 19, 5, 7, 60, 55, 130, 146, 223]"
110528,"[14, 23, 1, 261, 20, 279, 72, 5, 54, 32]"
110529,"[18, 60, 19, 71, 55, 51, 0, 58, 91, 10]"
110530,"[64, 261, 20, 1, 32, 5, 279, 23, 54, 220]"
110531,"[41, 55, 60, 6, 10, 220, 0, 19, 138, 261]"
110532,"[189, 60, 223, 26, 5, 17, 138, 23, 66, 7]"
110533,"[55, 189, 5, 138, 121, 97, 3, 42, 6, 1]"
110534,"[1, 28, 23, 42, 55, 10, 149, 138, 5, 32]"
110535,"[1, 23, 20, 54, 64, 72, 14, 28, 9, 5]"
110536,"[14, 5, 19, 261, 20, 238, 1, 23, 279, 54]"
110537,"[36, 3, 29, 55, 138, 19, 5, 149, 42, 92]"
110538,"[72, 5, 19, 36, 34, 21, 189, 10, 238, 43]"
110539,"[36, 151, 19, 77, 60, 5, 55, 223, 25, 121]"
110540,"[66, 30, 149, 175, 92, 77, 38, 6, 19, 48]"
110541,"[7, 77, 92, 175, 49, 133, 5, 6, 151, 48]"
110542,"[9, 175, 6, 19, 51, 10, 49, 151, 92, 71]"
110543,"[45, 66, 149, 36, 27, 19, 77, 238, 261, 3]"
110544,"[151, 19, 130, 157, 5, 146, 77, 17, 49, 60]"
110545,"[20, 1, 54, 279, 14, 23, 64, 19, 32, 5]"
110546,"[23, 1, 54, 20, 279, 36, 5, 261, 32, 14]"
110547,"[20, 261, 2, 5, 32, 103, 54, 71, 72, 220]"
110548,"[5, 112, 19, 92, 157, 36, 26, 130, 9, 76]"
110549,"[146, 19, 5, 13, 82, 0, 17, 55, 6, 7]"
110550,"[19, 5, 73, 17, 238, 223, 60, 72, 261, 54]"
110551,"[130, 19, 12, 151, 72, 5, 60, 17, 147, 91]"
110552,"[4, 36, 19, 5, 24, 3, 73, 17, 29, 60]"
110553,"[77, 151, 157, 49, 25, 71, 60, 105, 6, 92]"
110554,"[238, 66, 19, 5, 21, 54, 72, 20, 92, 14]"
110555,"[45, 66, 149, 261, 5, 19, 27, 36, 238, 77]"
110556,"[151, 77, 7, 175, 9, 25, 220, 19, 48, 121]"
110557,"[24, 73, 17, 5, 19, 34, 9, 4, 142, 122]"
110558,"[19, 60, 82, 5, 130, 84, 91, 105, 73, 17]"
110559,"[238, 66, 21, 92, 71, 5, 54, 18, 19, 43]"
110560,"[138, 19, 6, 10, 23, 92, 189, 49, 26, 55]"
110561,"[82, 5, 19, 21, 238, 54, 261, 72, 103, 279]"
110562,"[20, 54, 279, 1, 23, 32, 261, 14, 5, 19]"
110563,"[1, 54, 23, 19, 20, 5, 64, 36, 14, 72]"
110564,"[92, 10, 133, 175, 238, 23, 112, 49, 5, 1]"
110565,"[5, 19, 261, 2, 34, 71, 55, 10, 26, 51]"
110566,"[17, 3, 19, 36, 29, 73, 130, 189, 42, 5]"
110567,"[71, 7, 19, 55, 2, 60, 175, 48, 66, 30]"
110568,"[45, 146, 19, 261, 5, 66, 71, 6, 3, 17]"
110569,"[112, 279, 157, 5, 261, 54, 6, 19, 71, 60]"
110570,"[44, 6, 7, 25, 279, 48, 157, 92, 175, 77]"
110571,"[220, 19, 5, 36, 12, 238, 261, 103, 2, 279]"
110572,"[36, 19, 220, 76, 3, 77, 5, 12, 17, 60]"
110573,"[71, 2, 261, 5, 55, 19, 6, 60, 66, 32]"
110574,"[27, 142, 21, 261, 2, 66, 71, 279, 55, 19]"
110575,"[7, 48, 6, 30, 19, 175, 92, 138, 66, 44]"
110576,"[124, 149, 66, 138, 42, 6, 261, 3, 45, 30]"
110577,"[19, 82, 60, 5, 105, 84, 91, 36, 90, 130]"
110578,"[3, 19, 36, 17, 73, 29, 146, 6, 138, 42]"
110579,"[7, 48, 6, 157, 175, 30, 19, 138, 189, 261]"
110580,"[7, 175, 2, 92, 48, 6, 44, 138, 5, 66]"
110581,"[238, 54, 38, 133, 5, 103, 2, 20, 66, 19]"
110582,"[3, 17, 36, 19, 29, 146, 82, 138, 189, 7]"
110583,"[15, 18, 0, 84, 105, 82, 60, 90, 91, 19]"
110584,"[34, 77, 5, 26, 76, 60, 19, 122, 13, 10]"
110585,"[73, 19, 5, 72, 189, 151, 261, 130, 138, 238]"
110586,"[66, 175, 27, 20, 261, 149, 142, 30, 238, 73]"
110587,"[0, 18, 82, 90, 15, 60, 105, 84, 97, 19]"
110588,"[130, 92, 175, 19, 6, 223, 17, 7, 142, 112]"
110589,"[30, 71, 7, 175, 6, 66, 92, 48, 2, 19]"
110590,"[4, 24, 19, 5, 29, 51, 142, 17, 12, 9]"
110591,"[147, 5, 19, 261, 28, 130, 76, 36, 238, 51]"
110592,"[149, 124, 9, 66, 175, 261, 30, 2, 279, 23]"
110593,"[9, 5, 175, 19, 6, 7, 66, 20, 92, 71]"
110594,"[105, 10, 92, 49, 133, 82, 77, 5, 1, 90]"
110595,"[55, 121, 138, 5, 1, 189, 36, 10, 92, 7]"
110596,"[20, 2, 261, 66, 103, 238, 71, 7, 14, 5]"
110597,"[157, 5, 73, 19, 42, 7, 23, 76, 261, 279]"
110598,"[142, 27, 66, 21, 30, 6, 124, 77, 10, 149]"
110599,"[6, 25, 77, 19, 157, 7, 92, 48, 44, 49]"
110600,"[73, 17, 19, 5, 32, 261, 130, 7, 23, 279]"
110601,"[146, 19, 82, 5, 55, 60, 6, 13, 0, 91]"
110602,"[147, 122, 5, 71, 19, 279, 34, 32, 261, 10]"
110603,"[157, 23, 279, 54, 5, 10, 151, 133, 1, 92]"
110604,"[21, 66, 27, 60, 175, 261, 55, 2, 103, 14]"
110605,"[19, 5, 17, 73, 238, 6, 223, 82, 60, 54]"
110606,"[133, 92, 175, 6, 9, 49, 147, 130, 44, 5]"
110607,"[54, 261, 23, 32, 1, 20, 5, 279, 14, 19]"
110608,"[157, 25, 151, 77, 6, 105, 60, 49, 19, 36]"
110609,"[58, 5, 19, 12, 223, 238, 3, 36, 7, 20]"
110610,"[25, 151, 157, 60, 77, 49, 36, 19, 55, 130]"
110611,"[2, 112, 54, 10, 19, 5, 60, 261, 279, 43]"
110612,"[19, 51, 54, 5, 9, 55, 10, 32, 34, 261]"
110613,"[19, 36, 7, 5, 175, 3, 17, 146, 138, 223]"
110614,"[1, 54, 23, 279, 43, 121, 19, 7, 20, 5]"
110615,"[19, 5, 36, 73, 146, 238, 3, 6, 17, 58]"
110616,"[32, 261, 279, 23, 5, 42, 60, 34, 54, 73]"
110617,"[64, 261, 20, 1, 54, 23, 92, 90, 32, 77]"
110618,"[3, 36, 17, 29, 19, 82, 223, 146, 7, 24]"
110619,"[20, 238, 261, 2, 66, 5, 64, 103, 32, 279]"
110620,"[112, 5, 60, 19, 54, 2, 92, 84, 9, 279]"
110621,"[36, 3, 42, 138, 55, 19, 149, 5, 29, 261]"
110622,"[55, 5, 60, 25, 138, 19, 77, 36, 223, 121]"
110623,"[54, 1, 279, 43, 23, 121, 10, 20, 41, 261]"
110624,"[14, 261, 23, 32, 54, 19, 5, 43, 72, 20]"
110625,"[261, 4, 60, 43, 279, 5, 2, 32, 23, 119]"
110626,"[112, 5, 92, 29, 261, 223, 19, 17, 9, 279]"
110627,"[92, 238, 10, 5, 279, 2, 1, 112, 23, 175]"
110628,"[92, 66, 6, 7, 77, 149, 30, 48, 133, 175]"
110629,"[122, 34, 26, 5, 72, 19, 261, 146, 238, 71]"
110630,"[97, 121, 60, 0, 105, 26, 41, 25, 49, 10]"
110631,"[124, 149, 66, 3, 138, 42, 36, 92, 30, 238]"
110632,"[146, 55, 60, 19, 5, 82, 13, 91, 0, 138]"
110633,"[142, 30, 175, 27, 66, 149, 19, 7, 6, 38]"
110634,"[20, 238, 66, 2, 261, 5, 7, 73, 71, 64]"
110635,"[189, 23, 19, 5, 223, 138, 146, 20, 60, 55]"
110636,"[5, 36, 138, 55, 3, 149, 19, 42, 189, 261]"
110637,"[71, 30, 7, 175, 261, 5, 14, 92, 48, 20]"
110638,"[122, 34, 26, 5, 72, 19, 146, 130, 60, 261]"
110639,"[32, 261, 5, 42, 220, 2, 103, 23, 19, 73]"
110640,"[25, 151, 77, 105, 157, 49, 36, 60, 6, 55]"
110641,"[42, 138, 189, 36, 3, 23, 220, 29, 149, 55]"
110642,"[24, 4, 28, 60, 19, 49, 36, 5, 23, 130]"
110643,"[51, 10, 34, 28, 5, 36, 92, 19, 24, 147]"
110644,"[20, 19, 5, 138, 64, 7, 261, 6, 157, 66]"
110645,"[66, 45, 149, 124, 261, 2, 7, 14, 138, 92]"
110646,"[21, 187, 14, 19, 82, 24, 5, 238, 66, 30]"
110647,"[20, 21, 5, 187, 261, 238, 103, 3, 73, 19]"
110648,"[41, 19, 220, 5, 73, 0, 82, 91, 36, 103]"
110649,"[48, 175, 7, 9, 6, 279, 19, 261, 23, 71]"
110650,"[71, 7, 30, 38, 5, 19, 48, 238, 66, 77]"
110651,"[41, 97, 19, 0, 60, 10, 151, 121, 55, 5]"
110652,"[122, 147, 26, 28, 34, 51, 5, 24, 32, 60]"
110653,"[71, 30, 38, 66, 261, 5, 175, 19, 34, 7]"
110654,"[130, 5, 26, 34, 28, 10, 151, 19, 73, 105]"
110655,"[189, 5, 175, 279, 23, 223, 43, 19, 71, 26]"
110656,"[55, 25, 60, 5, 3, 138, 17, 49, 42, 34]"
110657,"[14, 23, 261, 1, 32, 20, 54, 72, 279, 43]"
110658,"[142, 27, 66, 261, 30, 279, 48, 7, 6, 77]"
110659,"[51, 19, 73, 5, 9, 261, 10, 55, 92, 279]"
110660,"[36, 3, 138, 19, 42, 189, 76, 149, 29, 1]"
110661,"[157, 25, 151, 77, 6, 60, 19, 105, 49, 36]"
110662,"[24, 119, 28, 51, 147, 19, 5, 36, 130, 4]"
110663,"[73, 17, 19, 3, 5, 72, 146, 7, 261, 66]"
110664,"[55, 5, 1, 36, 189, 138, 121, 3, 6, 49]"
110665,"[32, 261, 2, 5, 279, 220, 19, 103, 73, 54]"
110666,"[238, 5, 19, 20, 54, 261, 73, 29, 3, 220]"
110667,"[112, 157, 5, 279, 19, 17, 7, 6, 92, 130]"
110668,"[44, 7, 48, 261, 32, 2, 6, 175, 279, 66]"
110669,"[105, 49, 151, 77, 25, 60, 5, 36, 19, 157]"
110670,"[149, 124, 66, 175, 9, 261, 30, 2, 5, 19]"
110671,"[21, 187, 72, 5, 238, 60, 23, 24, 261, 32]"
110672,"[54, 23, 279, 261, 42, 220, 1, 5, 9, 73]"
110673,"[121, 97, 0, 41, 10, 71, 223, 21, 13, 26]"
110674,"[25, 6, 42, 55, 49, 36, 3, 60, 76, 138]"
110675,"[92, 133, 6, 48, 10, 34, 38, 77, 7, 44]"
110676,"[4, 19, 5, 24, 29, 51, 12, 7, 223, 17]"
110677,"[15, 18, 0, 60, 84, 105, 90, 91, 82, 19]"
110678,"[0, 18, 82, 60, 90, 15, 105, 84, 19, 146]"
110679,"[175, 5, 9, 6, 19, 66, 7, 92, 20, 34]"
110680,"[49, 175, 26, 6, 71, 19, 5, 66, 73, 2]"
110681,"[92, 49, 133, 44, 2, 112, 10, 7, 6, 77]"
110682,"[13, 0, 121, 97, 146, 41, 55, 21, 76, 10]"
110683,"[279, 5, 2, 10, 261, 71, 34, 238, 9, 51]"
110684,"[30, 71, 7, 175, 6, 66, 92, 19, 2, 9]"
110685,"[17, 73, 19, 146, 60, 5, 82, 7, 3, 55]"
110686,"[55, 60, 19, 146, 10, 7, 5, 13, 261, 157]"
110687,"[36, 138, 42, 3, 19, 189, 149, 51, 55, 76]"
110688,"[1, 55, 138, 23, 10, 54, 19, 149, 14, 77]"
110689,"[20, 238, 7, 2, 261, 138, 66, 64, 19, 149]"
110690,"[72, 5, 189, 36, 19, 21, 34, 10, 43, 26]"
110691,"[103, 238, 5, 19, 261, 20, 32, 220, 138, 279]"
110692,"[18, 0, 97, 5, 90, 10, 72, 49, 82, 15]"
110693,"[5, 19, 157, 146, 279, 175, 261, 9, 23, 130]"
110694,"[5, 19, 2, 49, 261, 34, 223, 10, 77, 72]"
110695,"[7, 48, 6, 175, 2, 3, 55, 261, 19, 43]"
110696,"[20, 19, 64, 138, 220, 58, 238, 157, 5, 7]"
110697,"[175, 19, 7, 38, 9, 6, 23, 49, 30, 5]"
110698,"[48, 7, 6, 175, 44, 19, 30, 9, 25, 3]"
110699,"[12, 19, 5, 71, 17, 130, 60, 279, 90, 261]"
110700,"[82, 84, 60, 90, 19, 105, 49, 15, 146, 18]"
110701,"[189, 175, 26, 17, 223, 130, 60, 5, 19, 151]"
110702,"[19, 58, 5, 261, 12, 32, 20, 73, 60, 55]"
110703,"[90, 19, 20, 43, 34, 14, 189, 5, 30, 72]"
110704,"[220, 19, 261, 43, 23, 36, 5, 32, 138, 9]"
110705,"[36, 60, 19, 5, 151, 25, 77, 121, 238, 55]"
110706,"[28, 19, 5, 32, 24, 51, 9, 279, 34, 238]"
110707,"[66, 20, 261, 5, 2, 175, 30, 32, 19, 73]"
110708,"[147, 5, 19, 279, 34, 238, 122, 32, 91, 130]"
110709,"[44, 6, 279, 32, 7, 14, 23, 48, 92, 157]"
110710,"[238, 32, 261, 7, 19, 91, 5, 20, 28, 38]"
110711,"[29, 3, 17, 138, 36, 19, 6, 9, 220, 7]"
110712,"[28, 1, 9, 103, 24, 147, 32, 279, 34, 10]"
110713,"[38, 71, 19, 77, 30, 175, 7, 5, 66, 238]"
110714,"[29, 24, 36, 3, 9, 19, 4, 5, 42, 28]"
110715,"[103, 238, 5, 19, 261, 55, 20, 54, 6, 279]"
110716,"[38, 30, 175, 71, 19, 77, 25, 48, 7, 66]"
110717,"[44, 7, 48, 175, 279, 6, 261, 66, 149, 92]"
110718,"[76, 36, 3, 149, 5, 55, 19, 261, 32, 20]"
110719,"[76, 36, 3, 149, 19, 5, 42, 138, 261, 20]"
110720,"[142, 30, 27, 175, 19, 6, 7, 66, 146, 261]"
110721,"[18, 72, 0, 5, 91, 60, 97, 90, 19, 15]"
110722,"[5, 36, 3, 19, 138, 55, 149, 42, 189, 77]"
110723,"[1, 54, 23, 279, 43, 103, 121, 20, 32, 10]"
110724,"[157, 25, 151, 77, 60, 6, 105, 19, 49, 55]"
110725,"[54, 2, 138, 103, 82, 71, 261, 19, 43, 21]"
110726,"[43, 220, 3, 138, 42, 189, 5, 7, 23, 19]"
110727,"[12, 5, 76, 19, 121, 238, 54, 7, 223, 130]"
110728,"[15, 18, 0, 105, 82, 60, 90, 84, 91, 19]"
110729,"[64, 261, 1, 58, 138, 21, 146, 19, 10, 71]"
110730,"[279, 32, 261, 43, 54, 23, 5, 124, 19, 13]"
110731,"[97, 43, 60, 13, 121, 19, 0, 5, 2, 119]"
110732,"[175, 71, 9, 10, 6, 2, 55, 25, 19, 124]"
110733,"[55, 5, 25, 60, 77, 36, 138, 19, 105, 151]"
110734,"[2, 261, 54, 32, 71, 103, 238, 220, 92, 9]"
110735,"[3, 175, 17, 19, 21, 14, 6, 73, 146, 30]"
110736,"[30, 7, 71, 92, 66, 175, 19, 77, 6, 48]"
110737,"[130, 26, 5, 34, 151, 28, 19, 17, 122, 77]"
110738,"[28, 147, 23, 122, 32, 76, 5, 4, 261, 130]"
110739,"[76, 12, 5, 19, 238, 121, 1, 279, 7, 92]"
110740,"[45, 261, 66, 149, 71, 5, 19, 32, 27, 2]"
110741,"[54, 261, 23, 279, 32, 220, 2, 5, 1, 9]"
110742,"[51, 10, 73, 19, 5, 261, 9, 21, 279, 55]"
110743,"[92, 133, 175, 44, 151, 112, 49, 66, 77, 238]"
110744,"[6, 71, 49, 19, 261, 5, 220, 138, 2, 60]"
110745,"[220, 19, 279, 43, 9, 103, 32, 261, 23, 175]"
110746,"[5, 36, 138, 3, 42, 19, 149, 189, 55, 25]"
110747,"[261, 279, 32, 43, 103, 2, 54, 55, 23, 60]"
110748,"[3, 36, 29, 17, 138, 189, 19, 6, 21, 82]"
110749,"[19, 138, 36, 5, 7, 55, 92, 279, 238, 20]"
110750,"[77, 26, 34, 5, 76, 19, 122, 151, 130, 60]"
110751,"[84, 82, 60, 90, 19, 0, 15, 105, 91, 18]"
110752,"[6, 25, 77, 157, 19, 44, 49, 48, 175, 7]"
110753,"[36, 19, 151, 5, 25, 60, 157, 77, 1, 223]"
110754,"[23, 1, 54, 279, 64, 32, 261, 20, 103, 76]"
110755,"[28, 51, 9, 10, 24, 92, 19, 147, 32, 261]"
110756,"[43, 220, 55, 261, 5, 138, 103, 19, 42, 279]"
110757,"[41, 10, 97, 0, 19, 121, 151, 55, 157, 147]"
110758,"[36, 19, 5, 77, 220, 76, 12, 43, 60, 3]"
110759,"[84, 60, 82, 19, 90, 0, 105, 92, 13, 32]"
110760,"[10, 5, 28, 34, 279, 130, 147, 72, 12, 24]"
110761,"[73, 5, 19, 17, 72, 3, 261, 146, 130, 10]"
110762,"[17, 73, 19, 279, 2, 32, 5, 261, 7, 54]"
110763,"[142, 27, 32, 66, 30, 261, 149, 279, 7, 24]"
110764,"[12, 19, 71, 60, 5, 32, 17, 261, 130, 7]"
110765,"[27, 142, 5, 21, 19, 66, 3, 30, 223, 73]"
110766,"[90, 19, 34, 64, 189, 43, 20, 60, 26, 91]"
110767,"[157, 76, 10, 19, 51, 151, 138, 175, 36, 73]"
110768,"[19, 5, 77, 92, 49, 6, 66, 2, 261, 71]"
110769,"[29, 36, 3, 24, 19, 4, 17, 9, 138, 149]"
110770,"[66, 149, 45, 124, 3, 261, 2, 238, 32, 20]"
110771,"[149, 30, 261, 124, 66, 9, 238, 14, 279, 175]"
110772,"[5, 19, 2, 49, 10, 261, 71, 130, 121, 105]"
110773,"[19, 5, 36, 73, 261, 72, 9, 223, 10, 130]"
110774,"[60, 105, 5, 19, 97, 2, 55, 18, 82, 90]"
110775,"[146, 19, 82, 5, 13, 55, 3, 60, 36, 157]"
110776,"[20, 1, 54, 14, 261, 5, 23, 19, 279, 64]"
110777,"[142, 27, 6, 66, 7, 175, 261, 21, 30, 60]"
110778,"[60, 84, 5, 19, 55, 25, 77, 42, 157, 97]"
110779,"[5, 19, 4, 49, 36, 28, 121, 9, 10, 77]"
110780,"[138, 189, 42, 3, 146, 175, 23, 149, 54, 43]"
110781,"[60, 28, 19, 122, 24, 5, 121, 51, 147, 12]"
110782,"[7, 77, 6, 92, 175, 49, 10, 19, 5, 48]"
110783,"[1, 23, 20, 54, 32, 5, 279, 73, 261, 19]"
110784,"[138, 36, 92, 19, 189, 7, 21, 43, 279, 14]"
110785,"[4, 5, 261, 9, 279, 19, 23, 28, 32, 24]"
110786,"[151, 9, 7, 43, 175, 220, 25, 71, 38, 10]"
110787,"[279, 261, 32, 23, 54, 43, 34, 60, 5, 76]"
110788,"[187, 21, 5, 19, 14, 103, 82, 43, 20, 7]"
110789,"[32, 261, 279, 17, 3, 2, 5, 54, 103, 14]"
110790,"[223, 5, 19, 17, 142, 175, 21, 92, 6, 7]"
110791,"[13, 121, 0, 97, 146, 5, 55, 142, 60, 23]"
110792,"[121, 133, 19, 175, 5, 157, 97, 10, 92, 279]"
110793,"[0, 71, 121, 5, 13, 19, 55, 97, 76, 238]"
110794,"[105, 82, 151, 91, 60, 18, 77, 0, 90, 19]"
110795,"[51, 10, 92, 34, 28, 26, 71, 55, 36, 49]"
110796,"[41, 0, 49, 138, 82, 189, 6, 19, 220, 10]"
110797,"[71, 30, 38, 19, 66, 7, 36, 6, 175, 2]"
110798,"[24, 19, 36, 5, 49, 92, 4, 51, 60, 77]"
110799,"[5, 19, 223, 36, 3, 51, 73, 29, 17, 42]"
110800,"[130, 92, 44, 112, 19, 238, 142, 151, 7, 133]"
110801,"[55, 5, 60, 77, 25, 71, 151, 92, 36, 17]"
110802,"[26, 34, 122, 28, 147, 5, 49, 157, 130, 10]"
110803,"[24, 4, 36, 19, 60, 5, 29, 51, 223, 92]"
110804,"[220, 19, 261, 43, 1, 2, 66, 5, 238, 97]"
110805,"[55, 25, 5, 60, 34, 151, 17, 77, 71, 261]"
110806,"[32, 261, 44, 23, 279, 14, 7, 103, 20, 9]"
110807,"[51, 24, 9, 28, 55, 19, 10, 34, 92, 147]"
110808,"[279, 261, 5, 54, 43, 72, 2, 19, 66, 23]"
110809,"[66, 5, 21, 2, 175, 20, 30, 261, 73, 19]"
110810,"[119, 5, 55, 51, 261, 71, 2, 10, 122, 147]"
110811,"[28, 147, 119, 24, 5, 130, 122, 105, 26, 151]"
110812,"[82, 84, 60, 19, 90, 146, 15, 49, 0, 105]"
110813,"[223, 130, 19, 92, 12, 82, 90, 60, 151, 133]"
110814,"[51, 10, 5, 19, 49, 34, 92, 28, 26, 36]"
110815,"[2, 20, 175, 66, 71, 19, 103, 54, 261, 5]"
110816,"[4, 5, 28, 71, 2, 279, 9, 261, 49, 23]"
110817,"[64, 261, 71, 23, 2, 14, 20, 55, 66, 43]"
110818,"[49, 105, 151, 77, 60, 25, 5, 157, 26, 36]"
110819,"[5, 138, 36, 3, 42, 55, 189, 19, 149, 2]"
110820,"[51, 10, 5, 19, 34, 36, 2, 55, 149, 28]"
110821,"[3, 71, 82, 19, 146, 21, 6, 66, 5, 73]"
110822,"[23, 1, 36, 54, 20, 64, 138, 3, 19, 42]"
110823,"[77, 26, 34, 76, 5, 19, 122, 60, 71, 10]"
110824,"[64, 23, 146, 20, 3, 279, 261, 1, 32, 72]"
110825,"[187, 21, 103, 279, 28, 14, 43, 32, 5, 23]"
110826,"[30, 175, 6, 19, 7, 92, 48, 66, 71, 146]"
110827,"[91, 55, 27, 19, 238, 5, 73, 60, 92, 261]"
110828,"[157, 77, 151, 6, 25, 105, 60, 49, 92, 36]"
110829,"[142, 66, 30, 149, 27, 175, 45, 7, 19, 124]"
110830,"[157, 5, 7, 19, 92, 42, 238, 76, 6, 77]"
110831,"[147, 28, 130, 122, 5, 23, 76, 32, 19, 24]"
110832,"[7, 6, 44, 48, 175, 71, 92, 30, 14, 38]"
110833,"[5, 84, 60, 19, 42, 157, 77, 238, 25, 97]"
110834,"[7, 6, 19, 175, 48, 44, 30, 261, 92, 14]"
110835,"[121, 97, 223, 13, 0, 5, 55, 26, 76, 60]"
110836,"[66, 175, 30, 92, 9, 77, 38, 149, 133, 14]"
110837,"[147, 28, 122, 26, 24, 5, 71, 32, 130, 60]"
110838,"[71, 19, 30, 7, 261, 77, 48, 92, 38, 2]"
110839,"[149, 66, 124, 175, 30, 71, 2, 58, 9, 21]"
110840,"[119, 5, 147, 28, 24, 122, 71, 26, 238, 1]"
110841,"[32, 261, 279, 220, 238, 103, 23, 5, 54, 14]"
110842,"[28, 5, 19, 32, 24, 26, 261, 20, 73, 36]"
110843,"[25, 151, 77, 105, 157, 36, 49, 60, 55, 38]"
110844,"[24, 36, 19, 28, 4, 5, 29, 49, 60, 51]"
110845,"[279, 5, 44, 23, 261, 32, 42, 76, 19, 130]"
110846,"[77, 49, 5, 38, 92, 105, 175, 6, 157, 7]"
110847,"[112, 5, 19, 261, 92, 55, 6, 7, 2, 71]"
110848,"[157, 5, 42, 73, 19, 23, 261, 10, 7, 77]"
110849,"[54, 279, 261, 23, 5, 19, 2, 1, 42, 220]"
110850,"[157, 54, 23, 5, 19, 7, 10, 261, 279, 42]"
110851,"[28, 32, 103, 5, 279, 238, 133, 20, 24, 34]"
110852,"[90, 19, 43, 34, 20, 279, 10, 5, 142, 71]"
110853,"[103, 261, 32, 2, 279, 54, 23, 3, 7, 220]"
110854,"[261, 279, 5, 23, 138, 60, 189, 7, 76, 121]"
110855,"[28, 24, 5, 103, 19, 32, 20, 9, 34, 238]"
110856,"[14, 261, 23, 5, 19, 1, 32, 146, 72, 73]"
110857,"[2, 261, 6, 54, 48, 19, 10, 5, 279, 175]"
110858,"[49, 6, 48, 77, 92, 105, 25, 7, 9, 5]"
110859,"[175, 38, 77, 9, 92, 36, 19, 30, 6, 7]"
110860,"[48, 7, 175, 6, 9, 261, 19, 44, 279, 23]"
110861,"[48, 7, 175, 6, 19, 261, 9, 5, 2, 60]"
110862,"[19, 5, 3, 76, 36, 17, 12, 6, 58, 146]"
110863,"[42, 3, 36, 138, 23, 189, 29, 17, 220, 19]"
110864,"[36, 3, 138, 29, 189, 19, 42, 149, 5, 76]"
110865,"[36, 60, 19, 77, 151, 5, 121, 25, 55, 138]"
110866,"[21, 5, 187, 19, 72, 238, 24, 60, 223, 20]"
110867,"[77, 49, 157, 151, 6, 25, 7, 92, 175, 19]"
110868,"[72, 7, 261, 14, 2, 32, 66, 238, 5, 23]"
110869,"[142, 279, 19, 261, 5, 43, 23, 14, 32, 175]"
110870,"[84, 82, 60, 105, 90, 19, 49, 0, 223, 54]"
110871,"[122, 26, 5, 77, 34, 19, 220, 20, 121, 48]"
110872,"[27, 66, 45, 71, 261, 14, 32, 149, 124, 175]"
110873,"[7, 44, 175, 48, 279, 19, 6, 32, 261, 9]"
110874,"[119, 55, 24, 261, 5, 2, 32, 34, 279, 71]"
110875,"[19, 36, 5, 3, 17, 76, 92, 238, 29, 6]"
110876,"[133, 92, 49, 175, 6, 130, 147, 44, 9, 5]"
110877,"[51, 9, 261, 73, 10, 279, 55, 5, 142, 19]"
110878,"[76, 36, 55, 92, 64, 20, 3, 261, 19, 5]"
110879,"[151, 77, 7, 9, 175, 49, 25, 121, 38, 10]"
110880,"[30, 19, 5, 36, 3, 223, 261, 149, 9, 92]"
110881,"[90, 18, 19, 60, 91, 5, 43, 10, 72, 279]"
110882,"[142, 23, 261, 279, 32, 19, 5, 175, 9, 4]"
110883,"[0, 18, 60, 82, 90, 15, 97, 105, 84, 91]"
110884,"[0, 18, 82, 60, 90, 15, 105, 84, 97, 19]"
110885,"[175, 6, 7, 48, 19, 30, 146, 66, 10, 92]"
110886,"[261, 32, 103, 54, 220, 5, 2, 14, 72, 19]"
110887,"[72, 36, 34, 5, 21, 18, 19, 10, 238, 189]"
110888,"[238, 91, 7, 19, 14, 3, 5, 30, 175, 72]"
110889,"[9, 28, 10, 51, 71, 92, 147, 55, 24, 26]"
110890,"[71, 2, 261, 55, 5, 54, 32, 66, 10, 19]"
110891,"[13, 121, 0, 97, 146, 5, 55, 60, 76, 23]"
110892,"[5, 36, 3, 138, 149, 55, 189, 42, 19, 77]"
110893,"[66, 30, 175, 21, 19, 20, 5, 92, 2, 261]"
110894,"[142, 279, 14, 43, 261, 175, 32, 19, 24, 187]"
110895,"[175, 3, 66, 73, 92, 30, 149, 19, 20, 9]"
110896,"[14, 261, 54, 23, 43, 32, 20, 279, 1, 103]"
110897,"[19, 5, 3, 223, 10, 36, 12, 9, 130, 51]"
110898,"[44, 6, 7, 25, 92, 48, 157, 279, 175, 77]"
110899,"[17, 73, 19, 55, 5, 60, 130, 7, 146, 91]"
110900,"[41, 97, 10, 19, 55, 121, 0, 60, 5, 1]"
110901,"[71, 5, 2, 261, 19, 32, 223, 238, 175, 92]"
110902,"[19, 5, 9, 34, 130, 73, 146, 17, 10, 23]"
110903,"[18, 0, 90, 60, 19, 91, 15, 72, 5, 105]"
110904,"[91, 19, 72, 55, 17, 92, 238, 5, 60, 261]"
110905,"[9, 28, 92, 19, 51, 10, 5, 24, 261, 32]"
110906,"[77, 34, 60, 26, 19, 5, 76, 10, 105, 71]"
110907,"[157, 5, 279, 133, 19, 23, 92, 72, 77, 76]"
110908,"[279, 261, 220, 23, 5, 1, 43, 14, 175, 54]"
110909,"[7, 261, 2, 175, 5, 71, 32, 55, 48, 279]"
110910,"[15, 18, 0, 82, 105, 60, 19, 84, 90, 91]"
110911,"[14, 261, 23, 5, 32, 72, 20, 279, 1, 238]"
110912,"[119, 5, 147, 24, 28, 122, 19, 12, 51, 223]"
110913,"[71, 5, 223, 261, 32, 19, 2, 9, 55, 60]"
110914,"[26, 34, 5, 122, 10, 130, 77, 19, 72, 138]"
110915,"[20, 175, 2, 5, 66, 73, 19, 103, 261, 54]"
110916,"[133, 92, 5, 66, 21, 175, 2, 238, 130, 26]"
110917,"[10, 105, 60, 41, 77, 82, 55, 92, 18, 19]"
110918,"[187, 21, 142, 5, 73, 261, 72, 19, 238, 3]"
110919,"[9, 175, 19, 6, 92, 66, 5, 10, 71, 7]"
110920,"[71, 19, 73, 5, 238, 261, 17, 7, 9, 6]"
110921,"[279, 54, 32, 261, 43, 23, 103, 34, 55, 58]"
110922,"[0, 18, 60, 90, 82, 15, 105, 97, 84, 91]"
110923,"[26, 60, 97, 121, 5, 19, 77, 36, 238, 220]"
110924,"[32, 261, 5, 103, 279, 220, 73, 54, 19, 14]"
110925,"[20, 1, 54, 279, 14, 23, 5, 32, 19, 261]"
110926,"[66, 20, 175, 261, 30, 73, 5, 149, 32, 19]"
110927,"[20, 5, 261, 21, 73, 187, 19, 238, 32, 146]"
110928,"[124, 149, 66, 3, 45, 92, 138, 30, 55, 42]"
110929,"[64, 71, 2, 10, 1, 261, 21, 92, 45, 23]"
110930,"[60, 130, 17, 19, 5, 151, 73, 223, 77, 220]"
110931,"[66, 175, 149, 30, 6, 7, 5, 19, 92, 3]"
110932,"[20, 5, 261, 2, 19, 103, 238, 54, 32, 3]"
110933,"[23, 1, 261, 64, 32, 54, 279, 20, 19, 5]"
110934,"[21, 187, 261, 43, 2, 23, 5, 55, 72, 66]"
110935,"[0, 71, 97, 19, 5, 122, 60, 41, 146, 55]"
110936,"[7, 92, 77, 133, 175, 49, 151, 48, 6, 9]"
110937,"[36, 3, 149, 138, 55, 19, 29, 42, 92, 223]"
110938,"[4, 5, 261, 279, 2, 9, 60, 71, 32, 220]"
110939,"[157, 25, 151, 6, 77, 60, 49, 105, 19, 130]"
110940,"[130, 92, 19, 223, 17, 7, 238, 175, 142, 5]"
110941,"[71, 7, 30, 261, 20, 48, 9, 5, 34, 279]"
110942,"[157, 76, 19, 189, 51, 138, 7, 36, 238, 5]"
110943,"[36, 151, 5, 19, 77, 26, 60, 25, 175, 1]"
110944,"[5, 19, 279, 77, 261, 1, 92, 7, 20, 72]"
110945,"[1, 54, 23, 32, 20, 2, 261, 19, 279, 73]"
110946,"[142, 27, 21, 66, 30, 77, 6, 124, 41, 175]"
110947,"[238, 5, 54, 20, 261, 19, 220, 279, 1, 103]"
110948,"[45, 66, 27, 261, 71, 238, 20, 149, 279, 19]"
110949,"[84, 82, 60, 90, 19, 0, 105, 18, 223, 15]"
110950,"[34, 5, 261, 55, 279, 58, 19, 42, 72, 2]"
110951,"[72, 34, 5, 73, 19, 10, 43, 26, 17, 279]"
110952,"[122, 147, 26, 34, 28, 51, 5, 24, 32, 60]"
110953,"[105, 60, 130, 5, 19, 223, 97, 82, 17, 77]"
110954,"[66, 175, 149, 30, 92, 19, 7, 5, 77, 14]"
110955,"[72, 261, 7, 5, 32, 2, 14, 19, 238, 23]"
110956,"[29, 36, 24, 5, 19, 9, 42, 3, 238, 92]"
110957,"[279, 23, 19, 261, 2, 43, 32, 5, 7, 54]"
110958,"[26, 34, 28, 122, 147, 49, 10, 157, 77, 44]"
110959,"[51, 10, 34, 28, 5, 36, 122, 19, 26, 24]"
110960,"[189, 5, 23, 138, 60, 130, 7, 17, 19, 175]"
110961,"[14, 23, 261, 1, 54, 20, 279, 32, 43, 72]"
110962,"[5, 71, 34, 2, 72, 238, 73, 19, 10, 55]"
110963,"[19, 5, 223, 9, 238, 51, 73, 34, 17, 60]"
110964,"[97, 19, 5, 0, 121, 60, 175, 71, 146, 13]"
110965,"[261, 20, 32, 279, 103, 23, 19, 54, 64, 2]"
110966,"[64, 1, 23, 261, 20, 54, 279, 90, 5, 19]"
110967,"[41, 10, 97, 19, 55, 121, 51, 0, 60, 151]"
110968,"[0, 76, 71, 97, 13, 121, 60, 55, 5, 18]"
110969,"[10, 66, 175, 21, 92, 279, 43, 238, 41, 112]"
110970,"[71, 30, 38, 19, 66, 5, 175, 77, 7, 36]"
110971,"[36, 3, 149, 92, 138, 19, 55, 42, 29, 77]"
110972,"[71, 66, 261, 19, 175, 30, 60, 45, 32, 55]"
110973,"[64, 279, 1, 23, 261, 32, 54, 20, 5, 220]"
110974,"[130, 92, 19, 223, 142, 44, 238, 279, 5, 6]"
110975,"[15, 82, 19, 84, 91, 18, 223, 36, 60, 0]"
110976,"[41, 220, 73, 19, 91, 6, 261, 138, 0, 5]"
110977,"[6, 175, 77, 92, 7, 49, 10, 151, 133, 48]"
110978,"[60, 12, 122, 28, 24, 41, 51, 189, 97, 119]"
110979,"[20, 21, 5, 261, 32, 238, 103, 187, 64, 19]"
110980,"[77, 151, 157, 49, 25, 5, 6, 19, 60, 7]"
110981,"[189, 223, 19, 5, 138, 55, 175, 3, 23, 36]"
110982,"[149, 66, 9, 71, 92, 175, 238, 124, 261, 30]"
110983,"[175, 92, 7, 77, 6, 49, 9, 151, 5, 19]"
110984,"[18, 0, 10, 72, 90, 97, 60, 49, 41, 5]"
110985,"[29, 36, 19, 3, 5, 17, 92, 24, 223, 138]"
110986,"[19, 51, 55, 9, 24, 5, 28, 261, 10, 32]"
110987,"[97, 121, 0, 60, 41, 105, 13, 55, 26, 25]"
110988,"[55, 25, 5, 60, 17, 157, 34, 151, 49, 77]"
110989,"[92, 77, 6, 7, 48, 66, 149, 175, 10, 30]"
110990,"[238, 220, 84, 43, 9, 5, 20, 91, 261, 103]"
110991,"[9, 175, 6, 71, 10, 19, 5, 34, 92, 66]"
110992,"[105, 49, 77, 151, 60, 25, 5, 157, 36, 84]"
110993,"[54, 1, 261, 23, 14, 279, 5, 32, 19, 20]"
110994,"[103, 261, 2, 71, 32, 9, 220, 238, 7, 19]"
110995,"[60, 51, 121, 19, 5, 12, 122, 55, 0, 97]"
110996,"[5, 279, 19, 238, 92, 72, 77, 9, 261, 76]"
110997,"[29, 24, 36, 5, 9, 19, 28, 3, 42, 238]"
110998,"[71, 175, 149, 30, 66, 124, 92, 14, 2, 9]"
110999,"[44, 6, 7, 48, 25, 279, 92, 157, 175, 77]"
111000,"[19, 36, 58, 5, 3, 12, 223, 17, 76, 238]"
111001,"[72, 10, 189, 34, 43, 26, 4, 19, 5, 36]"
111002,"[77, 92, 7, 6, 175, 5, 9, 151, 19, 48]"
111003,"[64, 261, 23, 1, 32, 2, 54, 220, 279, 20]"
111004,"[189, 5, 19, 223, 138, 55, 2, 64, 175, 7]"
111005,"[28, 32, 9, 1, 24, 103, 10, 23, 147, 34]"
111006,"[24, 5, 19, 17, 28, 73, 147, 4, 51, 130]"
111007,"[49, 105, 77, 60, 5, 82, 19, 25, 55, 51]"
111008,"[90, 18, 19, 5, 72, 0, 20, 91, 279, 73]"
111009,"[220, 19, 261, 5, 1, 238, 43, 20, 103, 32]"
111010,"[66, 45, 149, 124, 261, 14, 92, 238, 2, 30]"
111011,"[28, 1, 9, 24, 32, 23, 103, 147, 10, 34]"
111012,"[45, 66, 36, 149, 261, 19, 77, 27, 238, 21]"
111013,"[42, 138, 3, 23, 189, 36, 29, 220, 17, 149]"
111014,"[220, 49, 66, 175, 92, 77, 261, 9, 14, 5]"
111015,"[71, 66, 2, 21, 10, 5, 6, 55, 138, 19]"
111016,"[82, 19, 5, 60, 105, 84, 90, 146, 0, 187]"
111017,"[71, 19, 5, 7, 175, 30, 261, 2, 48, 77]"
111018,"[147, 28, 119, 24, 5, 122, 60, 130, 1, 10]"
111019,"[72, 261, 32, 5, 7, 2, 279, 23, 14, 19]"
111020,"[97, 19, 5, 60, 121, 261, 0, 55, 32, 2]"
111021,"[223, 2, 175, 21, 19, 5, 54, 138, 66, 261]"
111022,"[138, 189, 42, 19, 36, 5, 261, 54, 7, 23]"
111023,"[54, 1, 279, 23, 43, 20, 121, 0, 103, 10]"
111024,"[17, 73, 19, 279, 32, 261, 5, 7, 2, 23]"
111025,"[90, 18, 0, 60, 19, 10, 72, 71, 91, 5]"
111026,"[261, 66, 45, 27, 279, 71, 32, 9, 175, 2]"
111027,"[19, 5, 175, 7, 6, 48, 223, 30, 92, 3]"
111028,"[119, 5, 28, 147, 24, 1, 97, 122, 138, 130]"
111029,"[73, 17, 19, 5, 3, 72, 261, 146, 10, 6]"
111030,"[122, 34, 5, 26, 72, 261, 19, 238, 146, 71]"
111031,"[7, 71, 261, 55, 60, 19, 32, 66, 279, 43]"
111032,"[5, 19, 77, 34, 261, 238, 51, 26, 49, 2]"
111033,"[122, 147, 28, 26, 34, 5, 32, 51, 24, 261]"
111034,"[36, 19, 5, 151, 25, 77, 1, 60, 3, 223]"
111035,"[91, 92, 238, 30, 19, 15, 90, 55, 14, 72]"
111036,"[187, 21, 5, 261, 142, 14, 19, 3, 103, 73]"
111037,"[279, 261, 23, 32, 103, 1, 220, 5, 54, 19]"
111038,"[90, 18, 72, 19, 5, 20, 0, 279, 43, 60]"
111039,"[29, 36, 24, 5, 92, 19, 3, 238, 9, 28]"
111040,"[0, 97, 121, 76, 19, 5, 13, 71, 55, 66]"
111041,"[30, 7, 71, 175, 20, 48, 92, 14, 9, 66]"
111042,"[72, 5, 19, 36, 21, 238, 189, 34, 73, 10]"
111043,"[26, 5, 34, 19, 122, 130, 36, 49, 223, 77]"
111044,"[19, 58, 5, 36, 223, 73, 7, 238, 3, 29]"
111045,"[28, 9, 24, 1, 103, 32, 147, 279, 23, 34]"
111046,"[238, 5, 54, 20, 38, 19, 92, 220, 133, 36]"
111047,"[36, 138, 3, 19, 149, 189, 42, 5, 76, 29]"
111048,"[41, 3, 220, 73, 82, 189, 19, 15, 138, 36]"
111049,"[130, 5, 26, 34, 19, 28, 151, 17, 73, 10]"
111050,"[19, 5, 36, 10, 9, 261, 82, 72, 60, 223]"
111051,"[41, 97, 0, 10, 121, 19, 151, 77, 60, 5]"
111052,"[142, 27, 30, 5, 261, 6, 279, 17, 7, 21]"
111053,"[187, 5, 19, 142, 34, 261, 32, 2, 103, 10]"
111054,"[20, 21, 19, 5, 64, 238, 261, 36, 82, 3]"
111055,"[5, 138, 3, 19, 36, 55, 42, 189, 149, 17]"
111056,"[72, 10, 23, 1, 60, 54, 19, 77, 76, 5]"
111057,"[3, 19, 82, 5, 146, 36, 72, 73, 7, 17]"
111058,"[41, 97, 10, 0, 121, 60, 77, 19, 151, 92]"
111059,"[73, 17, 5, 19, 10, 261, 146, 72, 6, 3]"
111060,"[30, 71, 7, 66, 175, 261, 48, 92, 2, 103]"
111061,"[261, 4, 279, 5, 71, 9, 60, 2, 23, 43]"
111062,"[119, 5, 147, 24, 28, 122, 51, 71, 26, 238]"
111063,"[41, 97, 10, 19, 151, 0, 157, 55, 1, 121]"
111064,"[14, 261, 5, 238, 20, 19, 43, 72, 54, 23]"
111065,"[5, 19, 261, 279, 23, 60, 32, 20, 14, 7]"
111066,"[19, 5, 175, 36, 7, 17, 146, 3, 223, 138]"
111067,"[279, 23, 1, 19, 54, 261, 91, 32, 5, 60]"
111068,"[9, 175, 5, 19, 34, 71, 6, 10, 66, 279]"
111069,"[7, 48, 19, 30, 175, 6, 20, 92, 138, 38]"
111070,"[261, 14, 32, 20, 5, 103, 220, 72, 3, 66]"
111071,"[4, 5, 261, 71, 2, 9, 60, 19, 51, 121]"
111072,"[82, 84, 60, 90, 105, 19, 15, 49, 18, 146]"
111073,"[146, 82, 19, 55, 13, 60, 3, 36, 5, 157]"
111074,"[92, 6, 10, 66, 49, 133, 175, 48, 124, 7]"
111075,"[18, 0, 15, 5, 90, 19, 105, 72, 36, 97]"
111076,"[105, 49, 77, 60, 151, 25, 5, 19, 36, 55]"
111077,"[17, 19, 3, 7, 5, 189, 4, 73, 223, 36]"
111078,"[29, 36, 19, 5, 24, 3, 92, 223, 73, 51]"
111079,"[5, 84, 60, 157, 19, 77, 25, 238, 151, 72]"
111080,"[19, 5, 151, 130, 17, 77, 157, 60, 223, 55]"
111081,"[60, 105, 151, 77, 19, 130, 5, 223, 92, 49]"
111082,"[157, 21, 60, 54, 55, 23, 76, 7, 43, 121]"
111083,"[60, 5, 54, 2, 19, 112, 261, 279, 43, 84]"
111084,"[19, 91, 5, 84, 3, 138, 220, 7, 82, 20]"
111085,"[28, 103, 1, 10, 24, 147, 9, 54, 51, 32]"
111086,"[7, 44, 279, 48, 261, 2, 32, 23, 175, 43]"
111087,"[0, 71, 60, 97, 55, 13, 121, 76, 18, 19]"
111088,"[49, 105, 25, 60, 77, 151, 157, 5, 19, 36]"
111089,"[21, 20, 103, 64, 27, 5, 32, 238, 261, 19]"
111090,"[3, 19, 17, 6, 73, 175, 21, 146, 30, 7]"
111091,"[41, 19, 97, 5, 2, 0, 261, 55, 71, 138]"
111092,"[223, 5, 19, 17, 261, 49, 142, 92, 7, 138]"
111093,"[175, 36, 19, 77, 6, 9, 92, 38, 5, 49]"
111094,"[92, 77, 7, 6, 175, 49, 9, 151, 48, 5]"
111095,"[20, 175, 2, 32, 261, 103, 66, 54, 14, 279]"
111096,"[14, 5, 261, 19, 20, 1, 238, 23, 32, 72]"
111097,"[38, 19, 175, 71, 30, 77, 5, 7, 49, 26]"
111098,"[29, 261, 23, 220, 9, 138, 32, 19, 36, 5]"
111099,"[7, 48, 19, 30, 175, 92, 6, 77, 5, 82]"
111100,"[6, 25, 77, 157, 60, 7, 175, 71, 48, 19]"
111101,"[3, 19, 17, 73, 5, 146, 30, 223, 72, 6]"
111102,"[130, 10, 26, 151, 28, 5, 122, 105, 34, 147]"
111103,"[97, 19, 5, 60, 0, 121, 82, 18, 55, 6]"
111104,"[279, 32, 261, 19, 43, 23, 9, 54, 103, 5]"
111105,"[2, 5, 261, 175, 71, 32, 92, 6, 122, 223]"
111106,"[60, 130, 105, 151, 19, 5, 55, 220, 77, 17]"
111107,"[24, 5, 19, 73, 17, 28, 51, 72, 261, 10]"
111108,"[19, 58, 12, 5, 36, 29, 92, 238, 103, 146]"
111109,"[261, 23, 64, 2, 32, 1, 71, 14, 20, 54]"
111110,"[133, 5, 92, 130, 26, 238, 175, 146, 19, 72]"
111111,"[112, 5, 92, 6, 29, 19, 30, 49, 9, 48]"
111112,"[60, 130, 151, 105, 77, 5, 19, 157, 17, 25]"
111113,"[7, 6, 44, 48, 175, 49, 30, 10, 19, 14]"
111114,"[138, 92, 19, 14, 36, 189, 10, 6, 21, 7]"
111115,"[10, 34, 26, 77, 5, 51, 151, 92, 19, 49]"
111116,"[261, 32, 103, 66, 54, 58, 20, 14, 2, 45]"
111117,"[18, 0, 90, 72, 10, 60, 41, 97, 105, 84]"
111118,"[10, 73, 19, 5, 6, 261, 55, 77, 51, 7]"
111119,"[10, 41, 71, 157, 0, 18, 97, 6, 51, 261]"
111120,"[66, 45, 149, 124, 92, 261, 238, 20, 30, 1]"
111121,"[30, 7, 19, 48, 175, 6, 66, 138, 3, 149]"
111122,"[157, 5, 4, 279, 73, 19, 23, 7, 9, 76]"
111123,"[73, 17, 5, 19, 72, 3, 10, 261, 146, 27]"
111124,"[54, 261, 23, 32, 1, 14, 279, 20, 5, 238]"
111125,"[51, 19, 28, 10, 24, 261, 5, 36, 49, 9]"
111126,"[112, 279, 261, 5, 32, 55, 60, 54, 27, 7]"
111127,"[187, 5, 21, 72, 261, 2, 3, 138, 32, 19]"
111128,"[7, 48, 44, 6, 175, 279, 49, 30, 34, 238]"
111129,"[261, 32, 23, 42, 19, 279, 7, 43, 103, 138]"
111130,"[28, 24, 9, 51, 147, 19, 10, 92, 32, 29]"
111131,"[5, 36, 19, 3, 138, 55, 42, 149, 189, 261]"
111132,"[18, 0, 91, 60, 15, 90, 72, 105, 5, 97]"
111133,"[189, 5, 19, 223, 146, 175, 138, 72, 7, 130]"
111134,"[151, 7, 77, 9, 38, 25, 36, 175, 157, 19]"
111135,"[7, 48, 44, 175, 6, 261, 14, 19, 30, 38]"
111136,"[49, 105, 151, 77, 60, 25, 5, 97, 157, 26]"
111137,"[20, 175, 2, 103, 54, 261, 19, 66, 279, 7]"
111138,"[28, 103, 10, 24, 1, 9, 32, 147, 43, 49]"
111139,"[66, 27, 45, 38, 71, 149, 261, 238, 30, 21]"
111140,"[51, 10, 36, 49, 19, 28, 34, 2, 5, 149]"
111141,"[119, 147, 5, 28, 24, 1, 26, 122, 130, 34]"
111142,"[90, 60, 19, 18, 91, 5, 55, 10, 71, 43]"
111143,"[71, 261, 66, 30, 38, 32, 175, 19, 77, 5]"
111144,"[90, 18, 0, 279, 72, 20, 91, 19, 60, 5]"
111145,"[261, 55, 64, 43, 66, 2, 71, 32, 14, 23]"
111146,"[220, 261, 43, 32, 1, 9, 19, 103, 2, 54]"
111147,"[1, 23, 54, 64, 279, 261, 220, 20, 5, 9]"
111148,"[133, 92, 5, 238, 130, 26, 2, 19, 72, 175]"
111149,"[64, 261, 32, 23, 20, 14, 43, 220, 103, 1]"
111150,"[49, 105, 5, 77, 82, 19, 60, 25, 84, 92]"
111151,"[32, 261, 279, 44, 7, 103, 14, 23, 19, 92]"
111152,"[175, 9, 71, 10, 19, 36, 77, 49, 6, 5]"
111153,"[17, 73, 19, 2, 7, 5, 261, 71, 54, 238]"
111154,"[34, 10, 19, 26, 5, 55, 36, 77, 51, 92]"
111155,"[49, 105, 60, 77, 5, 25, 19, 84, 55, 82]"
111156,"[5, 19, 261, 2, 60, 4, 279, 54, 7, 121]"
111157,"[97, 121, 60, 0, 5, 19, 105, 26, 130, 25]"
111158,"[90, 18, 60, 72, 10, 19, 91, 71, 23, 1]"
111159,"[51, 10, 34, 5, 19, 55, 36, 28, 122, 26]"
111160,"[38, 71, 77, 19, 175, 30, 5, 25, 66, 48]"
111161,"[151, 157, 19, 5, 130, 60, 146, 77, 17, 55]"
111162,"[124, 149, 66, 2, 55, 41, 261, 138, 71, 45]"
111163,"[279, 54, 261, 23, 5, 32, 220, 1, 9, 19]"
111164,"[34, 10, 19, 261, 26, 5, 55, 9, 60, 122]"
111165,"[0, 18, 82, 60, 90, 15, 105, 84, 97, 19]"
111166,"[3, 19, 17, 82, 146, 6, 138, 73, 175, 36]"
111167,"[28, 32, 1, 9, 103, 23, 24, 279, 261, 54]"
111168,"[90, 18, 0, 91, 19, 72, 60, 73, 20, 5]"
111169,"[64, 1, 54, 261, 23, 5, 20, 32, 19, 92]"
111170,"[19, 5, 73, 238, 17, 34, 36, 10, 223, 51]"
111171,"[25, 151, 60, 77, 157, 49, 55, 36, 19, 3]"
111172,"[30, 175, 71, 7, 48, 92, 21, 6, 38, 66]"
111173,"[133, 92, 175, 49, 130, 6, 5, 26, 2, 9]"
111174,"[27, 66, 45, 92, 261, 71, 5, 149, 124, 77]"
111175,"[146, 19, 55, 82, 5, 60, 13, 36, 138, 189]"
111176,"[18, 0, 5, 72, 97, 90, 105, 10, 60, 82]"
111177,"[121, 97, 5, 223, 0, 13, 21, 238, 26, 71]"
111178,"[149, 124, 66, 30, 175, 9, 261, 92, 71, 32]"
111179,"[64, 1, 20, 23, 279, 54, 261, 5, 19, 32]"
111180,"[73, 17, 19, 5, 3, 146, 36, 138, 82, 77]"
111181,"[138, 19, 36, 92, 5, 7, 279, 72, 28, 9]"
111182,"[142, 27, 30, 279, 5, 19, 261, 32, 66, 21]"
111183,"[51, 19, 24, 28, 5, 122, 147, 60, 10, 9]"
111184,"[42, 23, 1, 138, 55, 189, 54, 5, 76, 261]"
111185,"[19, 261, 32, 5, 175, 103, 42, 7, 223, 138]"
111186,"[43, 279, 7, 32, 220, 103, 261, 60, 23, 19]"
111187,"[1, 64, 23, 54, 20, 220, 261, 279, 72, 238]"
111188,"[60, 19, 5, 130, 55, 105, 17, 261, 220, 151]"
111189,"[90, 19, 18, 5, 60, 91, 72, 10, 20, 0]"
111190,"[76, 19, 36, 73, 5, 261, 130, 32, 20, 238]"
111191,"[1, 54, 23, 279, 43, 20, 121, 103, 10, 14]"
111192,"[2, 261, 92, 19, 36, 73, 3, 32, 103, 5]"
111193,"[175, 6, 48, 7, 66, 2, 30, 10, 71, 55]"
111194,"[5, 73, 19, 130, 34, 72, 77, 49, 238, 223]"
111195,"[66, 45, 38, 149, 27, 71, 30, 261, 49, 7]"
111196,"[51, 19, 10, 73, 9, 21, 5, 55, 261, 279]"
111197,"[21, 187, 14, 19, 261, 5, 238, 24, 66, 82]"
111198,"[38, 175, 71, 30, 19, 77, 5, 7, 66, 9]"
111199,"[105, 10, 60, 41, 82, 92, 77, 55, 54, 18]"
111200,"[142, 30, 19, 27, 175, 66, 5, 7, 77, 149]"
111201,"[220, 19, 261, 36, 43, 5, 103, 6, 138, 2]"
111202,"[29, 3, 223, 138, 17, 175, 5, 19, 9, 220]"
111203,"[44, 6, 279, 48, 7, 25, 157, 92, 103, 32]"
111204,"[3, 17, 19, 73, 175, 6, 7, 30, 223, 146]"
111205,"[20, 2, 175, 66, 103, 261, 5, 19, 64, 149]"
111206,"[60, 19, 28, 5, 51, 122, 24, 121, 34, 36]"
111207,"[105, 60, 130, 223, 5, 19, 82, 77, 157, 17]"
111208,"[147, 28, 122, 26, 24, 71, 51, 5, 49, 130]"
111209,"[34, 10, 19, 5, 60, 26, 55, 130, 9, 76]"
111210,"[60, 105, 55, 5, 77, 19, 97, 130, 71, 223]"
111211,"[54, 23, 5, 1, 261, 32, 14, 279, 20, 19]"
111212,"[97, 19, 5, 60, 0, 121, 6, 146, 34, 13]"
111213,"[92, 6, 133, 77, 7, 48, 175, 49, 149, 34]"
111214,"[32, 261, 14, 279, 103, 7, 44, 175, 9, 23]"
111215,"[58, 19, 6, 10, 66, 20, 5, 2, 220, 261]"
111216,"[142, 30, 175, 66, 27, 149, 7, 19, 24, 38]"
111217,"[187, 21, 142, 5, 19, 261, 238, 2, 279, 20]"
111218,"[41, 220, 6, 19, 0, 55, 60, 82, 261, 10]"
111219,"[5, 112, 19, 261, 6, 279, 55, 54, 71, 60]"
111220,"[72, 7, 2, 261, 66, 6, 10, 14, 71, 19]"
111221,"[220, 261, 43, 55, 19, 54, 279, 9, 2, 103]"
111222,"[54, 261, 1, 23, 32, 279, 20, 5, 43, 14]"
111223,"[151, 77, 7, 138, 175, 36, 49, 25, 121, 38]"
111224,"[54, 23, 279, 261, 1, 32, 220, 2, 5, 9]"
111225,"[51, 73, 5, 130, 19, 157, 261, 9, 17, 10]"
111226,"[261, 19, 2, 7, 5, 6, 55, 175, 48, 54]"
111227,"[76, 60, 32, 261, 147, 23, 142, 279, 5, 19]"
111228,"[119, 5, 147, 28, 24, 26, 55, 97, 138, 130]"
111229,"[151, 7, 9, 77, 38, 175, 43, 220, 157, 121]"
111230,"[55, 25, 60, 138, 5, 77, 36, 49, 151, 92]"
111231,"[19, 5, 36, 92, 112, 77, 130, 60, 105, 220]"
111232,"[19, 261, 223, 5, 30, 58, 279, 2, 66, 55]"
111233,"[7, 48, 6, 261, 44, 175, 19, 55, 49, 2]"
111234,"[1, 23, 54, 64, 261, 220, 279, 43, 32, 2]"
111235,"[92, 6, 133, 7, 149, 66, 49, 48, 30, 77]"
111236,"[60, 51, 19, 28, 122, 26, 97, 121, 10, 55]"
111237,"[105, 82, 151, 60, 19, 77, 36, 0, 5, 91]"
111238,"[60, 130, 19, 5, 105, 17, 151, 77, 73, 92]"
111239,"[261, 32, 5, 14, 20, 220, 72, 73, 103, 19]"
111240,"[103, 279, 261, 43, 32, 64, 41, 66, 23, 54]"
111241,"[41, 97, 10, 0, 19, 121, 5, 151, 77, 55]"
111242,"[147, 122, 28, 60, 24, 119, 26, 32, 71, 5]"
111243,"[92, 133, 49, 175, 10, 6, 151, 66, 77, 112]"
111244,"[175, 19, 30, 6, 7, 38, 146, 92, 48, 10]"
111245,"[38, 71, 30, 175, 19, 7, 77, 66, 48, 60]"
111246,"[14, 261, 32, 23, 279, 20, 54, 1, 43, 72]"
111247,"[175, 2, 20, 66, 261, 103, 54, 71, 19, 5]"
111248,"[279, 10, 133, 238, 92, 23, 175, 1, 5, 49]"
111249,"[97, 60, 19, 121, 5, 55, 43, 13, 0, 261]"
111250,"[21, 20, 238, 64, 66, 5, 261, 187, 19, 27]"
111251,"[5, 112, 19, 6, 157, 92, 146, 279, 7, 10]"
111252,"[71, 7, 19, 5, 30, 261, 48, 175, 14, 66]"
111253,"[220, 19, 261, 43, 5, 9, 103, 32, 279, 175]"
111254,"[36, 3, 138, 42, 19, 189, 5, 29, 149, 76]"
111255,"[30, 175, 48, 6, 7, 66, 71, 21, 92, 19]"
111256,"[223, 19, 189, 36, 92, 82, 5, 55, 60, 138]"
111257,"[43, 220, 5, 103, 19, 55, 261, 189, 187, 146]"
111258,"[55, 138, 121, 189, 42, 43, 10, 1, 97, 5]"
111259,"[24, 19, 17, 5, 73, 51, 34, 10, 9, 130]"
111260,"[7, 2, 5, 138, 54, 223, 19, 14, 43, 261]"
111261,"[48, 7, 6, 103, 5, 44, 261, 175, 72, 2]"
111262,"[238, 5, 21, 66, 73, 54, 19, 2, 76, 12]"
111263,"[149, 124, 36, 3, 45, 20, 1, 66, 92, 238]"
111264,"[97, 121, 60, 0, 26, 157, 105, 5, 25, 71]"
111265,"[10, 34, 77, 51, 26, 112, 60, 105, 71, 151]"
111266,"[21, 5, 3, 19, 223, 82, 142, 187, 24, 36]"
111267,"[12, 19, 71, 17, 5, 60, 261, 130, 32, 7]"
111268,"[3, 6, 73, 19, 21, 66, 124, 175, 30, 42]"
111269,"[5, 84, 60, 157, 279, 19, 25, 72, 54, 97]"
111270,"[261, 64, 1, 279, 23, 20, 54, 32, 5, 19]"
111271,"[36, 19, 77, 76, 220, 5, 12, 105, 29, 82]"
111272,"[151, 77, 7, 38, 175, 9, 48, 36, 157, 25]"
111273,"[29, 36, 24, 3, 19, 9, 4, 17, 42, 5]"
111274,"[90, 18, 60, 72, 279, 0, 91, 73, 5, 19]"
111275,"[146, 19, 13, 5, 55, 60, 6, 82, 34, 58]"
111276,"[71, 19, 30, 66, 77, 261, 6, 5, 92, 38]"
111277,"[18, 0, 90, 72, 60, 105, 15, 5, 91, 10]"
111278,"[6, 25, 77, 92, 49, 157, 19, 30, 175, 105]"
111279,"[41, 71, 10, 261, 0, 55, 97, 2, 32, 43]"
111280,"[36, 55, 149, 3, 19, 138, 92, 5, 29, 42]"
111281,"[5, 261, 2, 19, 73, 71, 72, 10, 55, 54]"
111282,"[147, 71, 19, 10, 5, 66, 2, 122, 119, 60]"
111283,"[20, 19, 5, 261, 58, 64, 138, 220, 7, 238]"
111284,"[0, 97, 71, 121, 41, 13, 76, 5, 26, 60]"
111285,"[223, 19, 5, 189, 238, 92, 130, 36, 82, 17]"
111286,"[42, 23, 1, 36, 157, 5, 54, 138, 92, 76]"
111287,"[4, 19, 5, 51, 24, 142, 17, 73, 12, 223]"
111288,"[189, 5, 223, 19, 175, 23, 146, 261, 55, 142]"
111289,"[77, 49, 5, 19, 92, 38, 175, 105, 26, 6]"
111290,"[142, 261, 19, 238, 66, 21, 14, 72, 5, 71]"
111291,"[15, 18, 19, 60, 0, 82, 105, 84, 90, 36]"
111292,"[73, 17, 19, 5, 10, 3, 6, 72, 2, 261]"
111293,"[7, 48, 6, 44, 175, 19, 261, 14, 43, 30]"
111294,"[44, 7, 175, 48, 32, 92, 261, 38, 133, 30]"
111295,"[0, 18, 60, 82, 90, 105, 84, 15, 19, 97]"
111296,"[5, 10, 279, 71, 51, 34, 66, 2, 9, 261]"
111297,"[77, 71, 5, 6, 49, 19, 92, 10, 7, 175]"
111298,"[30, 175, 7, 48, 19, 6, 66, 92, 71, 3]"
111299,"[55, 19, 10, 261, 71, 60, 5, 6, 146, 51]"
111300,"[49, 105, 5, 60, 77, 82, 25, 19, 6, 51]"
111301,"[73, 17, 19, 5, 10, 6, 72, 146, 261, 3]"
111302,"[105, 49, 77, 60, 151, 25, 5, 157, 36, 19]"
111303,"[45, 261, 5, 66, 54, 279, 71, 32, 19, 91]"
111304,"[157, 76, 261, 19, 23, 10, 175, 73, 5, 60]"
111305,"[238, 54, 5, 20, 19, 261, 66, 32, 23, 220]"
111306,"[3, 82, 138, 21, 223, 19, 189, 5, 146, 66]"
111307,"[20, 175, 2, 261, 66, 5, 103, 19, 7, 14]"
111308,"[73, 17, 19, 5, 3, 10, 72, 261, 2, 6]"
111309,"[122, 26, 34, 71, 77, 72, 10, 5, 55, 92]"
111310,"[124, 149, 66, 30, 36, 92, 3, 138, 45, 48]"
111311,"[157, 5, 23, 19, 92, 7, 72, 77, 175, 1]"
111312,"[3, 19, 82, 5, 146, 7, 17, 72, 73, 138]"
111313,"[142, 21, 30, 66, 73, 19, 175, 146, 7, 238]"
111314,"[76, 12, 5, 19, 130, 54, 7, 121, 1, 279]"
111315,"[119, 5, 147, 28, 24, 97, 138, 10, 122, 26]"
111316,"[29, 36, 3, 19, 24, 5, 92, 17, 9, 238]"
111317,"[64, 20, 261, 1, 19, 5, 23, 55, 54, 36]"
111318,"[3, 73, 19, 5, 32, 30, 6, 17, 223, 103]"
111319,"[10, 55, 19, 6, 73, 71, 60, 157, 5, 7]"
111320,"[142, 279, 175, 23, 5, 14, 19, 261, 4, 17]"
111321,"[261, 64, 20, 23, 32, 54, 2, 43, 103, 14]"
111322,"[7, 6, 44, 175, 48, 19, 14, 30, 17, 261]"
111323,"[18, 0, 72, 90, 5, 60, 238, 97, 82, 92]"
111324,"[238, 279, 5, 92, 175, 10, 133, 54, 112, 66]"
111325,"[4, 24, 19, 36, 5, 29, 17, 72, 32, 220]"
111326,"[175, 7, 6, 30, 48, 38, 19, 146, 3, 92]"
111327,"[97, 60, 0, 92, 19, 18, 121, 5, 105, 71]"
111328,"[3, 19, 5, 36, 82, 146, 72, 7, 73, 238]"
111329,"[19, 5, 73, 130, 9, 34, 51, 10, 36, 17]"
111330,"[175, 41, 66, 6, 10, 48, 2, 7, 58, 71]"
111331,"[187, 142, 261, 32, 2, 28, 43, 26, 34, 5]"
111332,"[105, 5, 19, 82, 10, 49, 133, 92, 1, 60]"
111333,"[7, 48, 261, 6, 44, 175, 32, 279, 42, 55]"
111334,"[38, 71, 175, 19, 30, 77, 5, 7, 60, 48]"
111335,"[147, 5, 19, 28, 279, 71, 122, 34, 66, 238]"
111336,"[151, 77, 7, 38, 9, 25, 48, 43, 121, 36]"
111337,"[187, 5, 21, 261, 72, 19, 3, 36, 73, 138]"
111338,"[238, 54, 5, 19, 20, 261, 279, 32, 220, 21]"
111339,"[91, 19, 238, 55, 92, 5, 27, 73, 72, 130]"
111340,"[71, 19, 5, 73, 7, 66, 30, 238, 77, 261]"
111341,"[5, 138, 55, 19, 2, 36, 42, 3, 261, 149]"
111342,"[133, 10, 279, 175, 157, 23, 92, 1, 66, 112]"
111343,"[97, 60, 121, 0, 5, 138, 23, 55, 19, 18]"
111344,"[30, 7, 71, 175, 66, 92, 149, 19, 38, 20]"
111345,"[45, 261, 5, 146, 19, 66, 71, 6, 32, 73]"
111346,"[32, 261, 5, 42, 2, 220, 23, 279, 3, 14]"
111347,"[19, 5, 58, 12, 36, 223, 76, 6, 73, 17]"
111348,"[90, 18, 0, 72, 91, 5, 19, 279, 20, 1]"
111349,"[149, 66, 261, 124, 9, 32, 279, 27, 5, 30]"
111350,"[149, 124, 66, 30, 175, 2, 19, 3, 92, 49]"
111351,"[142, 30, 19, 66, 5, 27, 175, 7, 149, 261]"
111352,"[187, 21, 5, 72, 77, 36, 261, 133, 19, 24]"
111353,"[36, 60, 19, 5, 77, 151, 55, 25, 238, 121]"
111354,"[147, 71, 19, 5, 51, 66, 10, 122, 238, 279]"
111355,"[77, 49, 92, 71, 6, 5, 26, 2, 19, 175]"
111356,"[146, 19, 55, 82, 5, 60, 13, 3, 17, 84]"
111357,"[73, 24, 5, 19, 17, 34, 130, 10, 51, 9]"
111358,"[261, 20, 32, 279, 19, 5, 14, 54, 23, 64]"
111359,"[189, 5, 223, 19, 279, 20, 175, 23, 64, 142]"
111360,"[28, 24, 10, 51, 9, 147, 133, 92, 32, 105]"
111361,"[15, 18, 0, 82, 84, 60, 105, 19, 91, 90]"
111362,"[238, 66, 7, 32, 261, 19, 54, 20, 14, 103]"
111363,"[122, 34, 26, 5, 72, 19, 20, 238, 261, 10]"
111364,"[3, 36, 29, 19, 17, 138, 42, 5, 146, 7]"
111365,"[142, 27, 19, 30, 66, 175, 7, 6, 238, 149]"
111366,"[72, 23, 157, 1, 10, 76, 34, 151, 5, 189]"
111367,"[5, 3, 36, 138, 19, 42, 55, 189, 149, 17]"
111368,"[66, 92, 175, 30, 77, 21, 6, 149, 14, 7]"
111369,"[147, 122, 28, 5, 26, 24, 119, 71, 60, 130]"
111370,"[121, 279, 60, 55, 261, 43, 97, 54, 34, 10]"
111371,"[55, 60, 71, 10, 91, 151, 261, 157, 146, 9]"
111372,"[187, 19, 142, 5, 21, 10, 2, 28, 73, 36]"
111373,"[6, 25, 77, 157, 44, 17, 175, 7, 92, 151]"
111374,"[223, 5, 17, 19, 142, 175, 261, 9, 7, 238]"
111375,"[97, 121, 60, 0, 41, 26, 105, 49, 6, 10]"
111376,"[41, 97, 19, 10, 0, 55, 121, 5, 60, 1]"
111377,"[76, 5, 12, 261, 19, 279, 32, 54, 121, 55]"
111378,"[30, 71, 92, 7, 48, 175, 6, 66, 20, 19]"
111379,"[25, 151, 77, 157, 36, 105, 60, 49, 19, 130]"
111380,"[71, 38, 30, 66, 45, 175, 77, 7, 36, 19]"
111381,"[187, 21, 5, 72, 24, 261, 138, 133, 32, 279]"
111382,"[64, 146, 23, 20, 1, 3, 17, 279, 138, 175]"
111383,"[44, 7, 48, 279, 175, 261, 6, 149, 32, 66]"
111384,"[220, 103, 43, 19, 9, 138, 261, 6, 238, 36]"
111385,"[149, 124, 45, 66, 20, 3, 138, 1, 261, 36]"
111386,"[60, 151, 130, 77, 19, 5, 105, 25, 223, 157]"
111387,"[24, 19, 5, 17, 73, 51, 34, 9, 10, 36]"
111388,"[44, 7, 175, 261, 48, 32, 30, 38, 92, 19]"
111389,"[5, 19, 20, 220, 91, 138, 7, 261, 84, 3]"
111390,"[3, 36, 42, 29, 19, 21, 223, 138, 189, 6]"
111391,"[14, 261, 23, 32, 20, 1, 279, 54, 5, 72]"
111392,"[44, 6, 7, 48, 279, 23, 32, 261, 25, 92]"
111393,"[122, 147, 28, 34, 26, 5, 51, 24, 32, 19]"
111394,"[36, 5, 19, 60, 151, 223, 9, 238, 77, 25]"
111395,"[238, 261, 32, 7, 20, 91, 19, 14, 279, 5]"
111396,"[60, 82, 105, 151, 18, 91, 0, 19, 90, 157]"
111397,"[24, 4, 28, 19, 60, 36, 49, 5, 29, 9]"
111398,"[72, 7, 261, 5, 14, 32, 2, 238, 19, 20]"
111399,"[138, 189, 42, 3, 43, 9, 149, 23, 175, 146]"
111400,"[55, 25, 60, 5, 49, 97, 10, 138, 157, 105]"
111401,"[15, 18, 0, 60, 84, 91, 82, 105, 19, 90]"
111402,"[38, 71, 19, 175, 77, 30, 66, 7, 49, 5]"
111403,"[103, 54, 138, 261, 238, 6, 279, 55, 2, 19]"
111404,"[66, 149, 45, 261, 124, 20, 238, 14, 92, 3]"
111405,"[51, 10, 34, 28, 92, 36, 55, 5, 147, 24]"
111406,"[29, 19, 5, 3, 36, 24, 17, 223, 92, 4]"
111407,"[51, 19, 5, 24, 60, 10, 261, 28, 55, 36]"
111408,"[151, 5, 130, 19, 146, 157, 17, 73, 60, 91]"
111409,"[92, 6, 77, 7, 48, 149, 36, 49, 30, 19]"
111410,"[5, 279, 23, 49, 44, 175, 157, 133, 19, 2]"
111411,"[73, 17, 19, 10, 5, 72, 51, 261, 130, 21]"
111412,"[41, 97, 19, 10, 0, 121, 279, 5, 32, 60]"
111413,"[238, 32, 54, 261, 279, 7, 43, 66, 20, 5]"
111414,"[261, 32, 279, 55, 54, 103, 5, 223, 34, 19]"
111415,"[91, 72, 19, 18, 238, 90, 92, 14, 15, 55]"
111416,"[44, 261, 7, 279, 48, 92, 175, 32, 66, 2]"
111417,"[5, 19, 36, 223, 51, 73, 29, 92, 3, 9]"
111418,"[36, 151, 5, 19, 60, 25, 77, 121, 9, 26]"
111419,"[92, 6, 66, 7, 149, 77, 48, 30, 19, 36]"
111420,"[13, 55, 71, 261, 146, 121, 43, 279, 60, 7]"
111421,"[5, 157, 19, 84, 77, 36, 42, 1, 49, 25]"
111422,"[55, 13, 71, 19, 10, 146, 261, 60, 2, 6]"
111423,"[49, 7, 77, 133, 175, 6, 92, 10, 151, 157]"
111424,"[32, 261, 103, 7, 279, 19, 9, 20, 6, 44]"
111425,"[58, 138, 189, 279, 7, 223, 12, 76, 261, 43]"
111426,"[41, 220, 261, 32, 19, 103, 60, 279, 73, 5]"
111427,"[175, 261, 19, 23, 7, 6, 5, 32, 10, 48]"
111428,"[82, 84, 90, 60, 105, 15, 19, 18, 0, 49]"
111429,"[2, 261, 92, 238, 5, 32, 73, 36, 19, 220]"
111430,"[121, 97, 223, 71, 0, 5, 13, 55, 2, 26]"
111431,"[91, 60, 19, 130, 55, 279, 5, 18, 51, 238]"
111432,"[279, 23, 261, 32, 54, 14, 43, 19, 5, 7]"
111433,"[146, 19, 82, 55, 13, 3, 5, 60, 36, 223]"
111434,"[41, 97, 10, 19, 0, 121, 151, 55, 28, 60]"
111435,"[2, 261, 19, 32, 36, 5, 92, 73, 220, 238]"
111436,"[261, 66, 45, 27, 2, 71, 55, 58, 279, 9]"
111437,"[20, 2, 261, 238, 66, 5, 32, 73, 71, 64]"
111438,"[175, 66, 30, 20, 73, 149, 9, 5, 133, 38]"
111439,"[119, 24, 28, 147, 5, 32, 138, 54, 122, 55]"
111440,"[7, 48, 261, 30, 6, 175, 19, 44, 72, 5]"
111441,"[17, 73, 19, 55, 5, 60, 130, 7, 124, 146]"
111442,"[187, 261, 32, 5, 21, 72, 24, 23, 20, 19]"
111443,"[5, 261, 10, 19, 2, 32, 60, 71, 20, 279]"
111444,"[19, 103, 5, 7, 54, 279, 17, 43, 261, 23]"
111445,"[2, 261, 92, 238, 32, 5, 73, 9, 36, 220]"
111446,"[138, 19, 5, 36, 92, 279, 261, 72, 146, 23]"
111447,"[97, 121, 0, 41, 60, 105, 77, 26, 92, 55]"
111448,"[73, 17, 19, 261, 10, 124, 51, 5, 130, 279]"
111449,"[51, 41, 10, 24, 60, 55, 66, 28, 119, 58]"
111450,"[77, 49, 5, 92, 19, 38, 105, 17, 7, 6]"
111451,"[28, 32, 24, 34, 5, 279, 20, 103, 19, 76]"
111452,"[187, 21, 5, 19, 261, 14, 279, 28, 32, 103]"
111453,"[175, 66, 30, 92, 149, 77, 38, 133, 14, 5]"
111454,"[187, 142, 5, 2, 261, 21, 19, 73, 34, 51]"
111455,"[19, 23, 7, 17, 261, 3, 138, 43, 14, 175]"
111456,"[130, 19, 5, 151, 12, 73, 223, 91, 51, 60]"
111457,"[19, 223, 58, 5, 21, 73, 17, 238, 60, 82]"
111458,"[157, 76, 10, 41, 138, 175, 51, 71, 19, 60]"
111459,"[28, 24, 19, 51, 92, 133, 32, 103, 26, 5]"
111460,"[19, 5, 10, 12, 36, 223, 9, 51, 17, 189]"
111461,"[66, 175, 6, 19, 92, 71, 2, 14, 77, 7]"
111462,"[45, 261, 5, 66, 19, 32, 20, 146, 27, 279]"
111463,"[13, 5, 146, 19, 7, 6, 121, 72, 73, 261]"
111464,"[48, 6, 175, 19, 7, 30, 66, 49, 5, 3]"
111465,"[18, 90, 0, 82, 15, 60, 84, 105, 19, 91]"
111466,"[138, 189, 42, 3, 23, 54, 19, 175, 149, 146]"
111467,"[71, 2, 5, 261, 19, 10, 32, 55, 66, 175]"
111468,"[133, 92, 5, 238, 26, 130, 23, 175, 2, 72]"
111469,"[151, 19, 5, 77, 130, 157, 60, 105, 55, 92]"
111470,"[20, 21, 261, 5, 32, 238, 19, 66, 187, 64]"
111471,"[92, 133, 112, 44, 49, 77, 7, 238, 10, 2]"
111472,"[92, 19, 6, 5, 49, 175, 133, 151, 77, 238]"
111473,"[19, 5, 58, 6, 36, 261, 76, 146, 73, 3]"
111474,"[36, 3, 55, 19, 138, 29, 42, 92, 149, 49]"
111475,"[146, 5, 19, 82, 55, 13, 36, 3, 60, 151]"
111476,"[24, 36, 4, 19, 28, 49, 5, 29, 92, 51]"
111477,"[90, 19, 43, 14, 10, 60, 71, 66, 64, 189]"
111478,"[42, 23, 36, 1, 138, 5, 55, 157, 54, 189]"
111479,"[19, 58, 5, 36, 12, 29, 146, 223, 238, 189]"
111480,"[66, 149, 45, 261, 124, 32, 23, 42, 2, 3]"
111481,"[97, 121, 60, 5, 0, 18, 19, 138, 82, 55]"
111482,"[54, 279, 261, 23, 2, 43, 1, 220, 5, 9]"
111483,"[91, 19, 92, 238, 55, 30, 27, 77, 72, 5]"
111484,"[105, 49, 151, 77, 60, 25, 41, 10, 18, 82]"
111485,"[36, 3, 55, 19, 138, 42, 149, 92, 5, 223]"
111486,"[25, 6, 55, 36, 49, 42, 157, 77, 60, 105]"
111487,"[77, 151, 157, 105, 49, 25, 38, 92, 71, 60]"
111488,"[10, 34, 5, 130, 26, 77, 19, 72, 92, 51]"
111489,"[25, 151, 60, 55, 77, 157, 105, 49, 138, 10]"
111490,"[5, 261, 279, 32, 19, 130, 44, 9, 51, 42]"
111491,"[51, 10, 34, 5, 55, 28, 19, 24, 122, 279]"
111492,"[223, 5, 19, 17, 21, 175, 6, 12, 138, 7]"
111493,"[60, 19, 130, 5, 17, 105, 73, 151, 223, 220]"
111494,"[72, 34, 5, 19, 43, 10, 73, 17, 26, 279]"
111495,"[29, 24, 3, 4, 36, 19, 157, 138, 17, 42]"
111496,"[18, 90, 60, 0, 82, 84, 15, 19, 105, 72]"
111497,"[72, 23, 5, 1, 157, 10, 34, 189, 76, 279]"
111498,"[24, 19, 4, 5, 28, 36, 60, 49, 9, 23]"
111499,"[119, 5, 147, 24, 28, 10, 34, 26, 122, 97]"
111500,"[49, 77, 6, 92, 105, 7, 19, 48, 5, 55]"
111501,"[146, 19, 55, 5, 60, 82, 138, 13, 6, 36]"
111502,"[45, 66, 261, 149, 27, 36, 238, 19, 5, 32]"
111503,"[41, 36, 19, 220, 138, 0, 49, 82, 73, 6]"
111504,"[14, 261, 32, 23, 5, 20, 72, 1, 9, 19]"
111505,"[66, 149, 45, 124, 3, 261, 42, 138, 189, 2]"
111506,"[29, 19, 3, 36, 5, 17, 92, 138, 6, 82]"
111507,"[175, 66, 149, 30, 73, 20, 3, 27, 92, 9]"
111508,"[112, 5, 92, 29, 6, 9, 19, 175, 187, 279]"
111509,"[73, 19, 189, 5, 72, 130, 58, 138, 146, 15]"
111510,"[18, 0, 5, 72, 90, 82, 97, 19, 15, 105]"
111511,"[71, 38, 30, 19, 175, 5, 7, 2, 261, 32]"
111512,"[4, 36, 19, 5, 24, 17, 223, 76, 3, 29]"
111513,"[66, 45, 19, 5, 71, 175, 27, 261, 21, 12]"
111514,"[13, 146, 5, 19, 55, 71, 121, 7, 72, 261]"
111515,"[73, 17, 19, 261, 32, 5, 2, 7, 23, 54]"
111516,"[238, 5, 19, 220, 279, 20, 54, 34, 32, 72]"
111517,"[24, 5, 73, 19, 17, 34, 10, 51, 122, 28]"
111518,"[60, 55, 130, 151, 19, 105, 17, 5, 77, 223]"
111519,"[105, 84, 5, 77, 60, 157, 92, 151, 19, 238]"
111520,"[25, 6, 42, 49, 55, 157, 36, 3, 77, 189]"
111521,"[90, 19, 18, 60, 5, 72, 10, 32, 91, 279]"
111522,"[41, 19, 71, 97, 261, 5, 0, 55, 10, 51]"
111523,"[223, 130, 19, 5, 12, 60, 92, 82, 90, 29]"
111524,"[138, 19, 36, 92, 189, 1, 55, 5, 82, 7]"
111525,"[15, 18, 0, 84, 60, 105, 82, 91, 90, 19]"
111526,"[66, 45, 38, 149, 71, 261, 27, 19, 124, 7]"
111527,"[157, 5, 42, 7, 19, 4, 54, 223, 23, 73]"
111528,"[130, 5, 26, 19, 151, 17, 122, 28, 34, 77]"
111529,"[119, 2, 55, 54, 41, 71, 5, 138, 60, 10]"
111530,"[122, 34, 26, 5, 72, 146, 19, 130, 30, 261]"
111531,"[5, 19, 34, 223, 261, 279, 2, 238, 51, 54]"
111532,"[34, 10, 26, 19, 36, 5, 130, 77, 122, 92]"
111533,"[220, 19, 5, 43, 36, 261, 103, 7, 91, 3]"
111534,"[18, 90, 82, 60, 0, 19, 15, 84, 105, 72]"
111535,"[122, 26, 5, 34, 19, 77, 220, 20, 7, 72]"
111536,"[7, 2, 5, 261, 43, 92, 48, 238, 14, 71]"
111537,"[32, 261, 279, 54, 2, 60, 5, 43, 55, 23]"
111538,"[261, 32, 23, 20, 2, 54, 279, 103, 14, 19]"
111539,"[5, 71, 19, 2, 10, 55, 77, 238, 261, 21]"
111540,"[18, 82, 60, 0, 90, 19, 15, 91, 5, 84]"
111541,"[72, 7, 261, 2, 5, 32, 14, 238, 19, 66]"
111542,"[119, 147, 5, 28, 24, 10, 26, 21, 97, 0]"
111543,"[112, 5, 6, 92, 19, 9, 261, 157, 7, 10]"
111544,"[146, 19, 5, 55, 13, 60, 82, 36, 6, 10]"
111545,"[105, 92, 10, 77, 90, 82, 49, 5, 0, 19]"
111546,"[29, 138, 3, 6, 17, 19, 175, 36, 82, 146]"
111547,"[64, 261, 20, 1, 23, 55, 19, 14, 54, 32]"
111548,"[157, 21, 10, 19, 175, 77, 5, 92, 121, 76]"
111549,"[1, 23, 55, 5, 261, 28, 32, 10, 19, 49]"
111550,"[71, 7, 30, 38, 19, 48, 36, 175, 55, 49]"
111551,"[13, 121, 97, 0, 55, 60, 119, 146, 76, 23]"
111552,"[48, 7, 6, 5, 103, 2, 261, 44, 49, 72]"
111553,"[20, 1, 54, 14, 279, 261, 23, 66, 64, 5]"
111554,"[17, 73, 19, 146, 5, 130, 82, 60, 55, 7]"
111555,"[187, 21, 5, 3, 142, 73, 261, 23, 72, 19]"
111556,"[7, 48, 175, 6, 9, 19, 17, 279, 55, 60]"
111557,"[73, 138, 19, 58, 189, 23, 54, 5, 72, 261]"
111558,"[149, 30, 66, 124, 20, 238, 261, 5, 19, 14]"
111559,"[119, 5, 147, 28, 10, 24, 1, 97, 55, 138]"
111560,"[44, 7, 48, 175, 133, 92, 6, 38, 261, 149]"
111561,"[1, 54, 20, 23, 64, 5, 14, 72, 19, 279]"
111562,"[26, 34, 122, 49, 28, 10, 147, 6, 71, 77]"
111563,"[43, 103, 19, 279, 5, 220, 7, 60, 54, 12]"
111564,"[261, 23, 279, 138, 121, 7, 32, 5, 1, 175]"
111565,"[7, 2, 175, 43, 55, 138, 19, 66, 71, 261]"
111566,"[77, 92, 7, 6, 175, 5, 49, 19, 151, 48]"
111567,"[5, 43, 220, 19, 103, 3, 55, 138, 261, 91]"
111568,"[151, 19, 130, 5, 157, 146, 17, 60, 77, 73]"
111569,"[60, 5, 19, 105, 97, 82, 55, 18, 77, 0]"
111570,"[157, 72, 10, 71, 26, 97, 76, 5, 55, 18]"
111571,"[3, 19, 7, 138, 82, 17, 36, 149, 223, 72]"
111572,"[34, 10, 26, 130, 122, 5, 19, 28, 60, 32]"
111573,"[90, 43, 19, 64, 189, 60, 34, 18, 66, 10]"
111574,"[21, 187, 19, 14, 261, 5, 32, 30, 24, 3]"
111575,"[48, 7, 19, 6, 5, 55, 261, 279, 175, 9]"
111576,"[84, 60, 82, 90, 19, 105, 0, 49, 32, 55]"
111577,"[151, 7, 77, 9, 38, 175, 157, 25, 48, 19]"
111578,"[32, 261, 279, 54, 2, 23, 5, 14, 60, 20]"
111579,"[42, 138, 3, 36, 23, 189, 29, 220, 1, 17]"
111580,"[121, 175, 92, 10, 133, 151, 77, 19, 5, 157]"
111581,"[238, 5, 54, 19, 261, 32, 220, 2, 23, 73]"
111582,"[60, 223, 105, 5, 19, 130, 55, 17, 82, 51]"
111583,"[76, 36, 19, 5, 12, 130, 72, 261, 32, 82]"
111584,"[13, 97, 121, 0, 146, 5, 55, 60, 76, 17]"
111585,"[147, 28, 122, 76, 19, 5, 130, 49, 26, 71]"
111586,"[20, 175, 2, 261, 66, 5, 103, 71, 14, 32]"
111587,"[66, 6, 92, 19, 175, 77, 7, 149, 30, 261]"
111588,"[19, 5, 130, 17, 9, 146, 10, 73, 34, 279]"
111589,"[18, 82, 90, 0, 60, 19, 15, 84, 105, 91]"
111590,"[21, 19, 5, 223, 82, 66, 64, 36, 142, 24]"
111591,"[24, 5, 19, 73, 17, 28, 34, 130, 51, 10]"
111592,"[279, 23, 261, 1, 32, 54, 43, 42, 5, 3]"
111593,"[51, 10, 34, 5, 26, 122, 28, 19, 55, 49]"
111594,"[84, 60, 82, 19, 90, 13, 0, 55, 105, 32]"
111595,"[103, 19, 5, 7, 54, 279, 261, 32, 43, 9]"
111596,"[19, 5, 73, 130, 17, 238, 6, 223, 82, 175]"
111597,"[97, 18, 0, 121, 60, 5, 90, 82, 19, 138]"
111598,"[220, 261, 5, 19, 2, 279, 238, 36, 32, 43]"
111599,"[122, 147, 28, 26, 5, 51, 34, 24, 105, 49]"
111600,"[5, 19, 279, 12, 76, 77, 13, 130, 44, 7]"
111601,"[54, 1, 261, 23, 32, 14, 5, 20, 279, 19]"
111602,"[19, 5, 73, 17, 130, 6, 34, 82, 10, 223]"
111603,"[19, 189, 138, 151, 58, 15, 5, 73, 238, 14]"
111604,"[60, 151, 82, 19, 105, 91, 5, 77, 157, 0]"
111605,"[5, 138, 36, 3, 55, 42, 149, 19, 2, 25]"
111606,"[77, 49, 151, 6, 157, 25, 175, 7, 71, 92]"
111607,"[19, 5, 41, 36, 220, 82, 6, 3, 73, 49]"
111608,"[0, 18, 90, 82, 60, 15, 105, 84, 97, 19]"
111609,"[189, 5, 223, 17, 130, 60, 175, 19, 2, 138]"
111610,"[20, 2, 261, 66, 32, 103, 71, 238, 64, 7]"
111611,"[189, 5, 223, 19, 60, 7, 55, 2, 175, 66]"
111612,"[223, 130, 19, 60, 12, 5, 92, 82, 90, 17]"
111613,"[10, 34, 112, 51, 105, 60, 77, 26, 157, 55]"
111614,"[36, 55, 138, 3, 29, 42, 19, 149, 261, 5]"
111615,"[29, 24, 36, 3, 9, 19, 4, 5, 17, 76]"
111616,"[119, 147, 24, 5, 21, 122, 28, 10, 51, 71]"
111617,"[54, 1, 23, 14, 261, 279, 43, 32, 5, 2]"
111618,"[279, 261, 32, 54, 103, 34, 23, 43, 55, 220]"
111619,"[0, 18, 60, 82, 90, 19, 84, 15, 91, 105]"
111620,"[146, 19, 5, 55, 6, 73, 13, 71, 3, 60]"
111621,"[26, 60, 97, 121, 5, 19, 77, 49, 130, 238]"
111622,"[189, 92, 19, 5, 223, 175, 138, 7, 6, 66]"
111623,"[142, 27, 30, 7, 17, 279, 175, 73, 77, 21]"
111624,"[149, 66, 124, 261, 30, 175, 5, 9, 2, 71]"
111625,"[238, 20, 261, 279, 7, 5, 32, 14, 54, 19]"
111626,"[121, 97, 5, 76, 0, 71, 223, 13, 55, 60]"
111627,"[76, 19, 36, 71, 73, 130, 5, 18, 6, 92]"
111628,"[55, 25, 36, 5, 60, 138, 77, 49, 19, 223]"
111629,"[112, 5, 157, 19, 279, 146, 7, 23, 261, 17]"
111630,"[6, 7, 92, 44, 175, 157, 220, 49, 25, 30]"
111631,"[261, 9, 60, 19, 5, 10, 279, 71, 26, 146]"
111632,"[48, 7, 6, 175, 19, 9, 44, 30, 5, 2]"
111633,"[71, 66, 30, 45, 19, 6, 77, 38, 7, 36]"
111634,"[19, 261, 6, 71, 66, 55, 5, 30, 60, 2]"
111635,"[4, 19, 5, 54, 2, 7, 138, 60, 24, 223]"
111636,"[189, 19, 138, 5, 55, 223, 64, 23, 20, 7]"
111637,"[77, 151, 49, 6, 157, 25, 60, 71, 105, 92]"
111638,"[44, 7, 261, 48, 6, 19, 279, 32, 175, 2]"
111639,"[13, 146, 55, 71, 19, 60, 10, 6, 261, 5]"
111640,"[48, 7, 6, 2, 103, 49, 138, 124, 25, 58]"
111641,"[19, 7, 23, 138, 3, 17, 261, 43, 279, 1]"
111642,"[151, 77, 7, 175, 25, 19, 9, 138, 220, 6]"
111643,"[279, 23, 261, 32, 103, 43, 54, 5, 19, 9]"
111644,"[42, 23, 36, 1, 138, 157, 5, 76, 19, 54]"
111645,"[55, 1, 138, 121, 23, 189, 42, 97, 10, 5]"
111646,"[189, 175, 26, 17, 130, 5, 151, 92, 146, 223]"
111647,"[19, 3, 5, 30, 223, 17, 149, 175, 138, 36]"
111648,"[103, 261, 32, 7, 23, 279, 138, 220, 9, 42]"
111649,"[3, 82, 19, 14, 72, 5, 146, 20, 7, 17]"
111650,"[121, 19, 5, 279, 175, 55, 60, 130, 10, 238]"
111651,"[146, 13, 19, 12, 0, 82, 138, 119, 6, 60]"
111652,"[41, 97, 10, 19, 0, 55, 60, 151, 121, 28]"
111653,"[26, 60, 97, 49, 121, 147, 10, 130, 122, 105]"
111654,"[5, 19, 223, 30, 3, 261, 17, 32, 36, 42]"
111655,"[12, 19, 60, 5, 261, 66, 71, 279, 130, 32]"
111656,"[92, 133, 175, 44, 6, 77, 151, 19, 238, 130]"
111657,"[18, 0, 72, 90, 15, 105, 91, 5, 60, 10]"
111658,"[28, 24, 119, 147, 51, 130, 4, 133, 49, 36]"
111659,"[149, 175, 14, 261, 71, 2, 124, 279, 32, 9]"
111660,"[27, 66, 45, 149, 261, 20, 71, 124, 32, 91]"
111661,"[29, 36, 24, 3, 19, 5, 4, 17, 9, 92]"
111662,"[77, 151, 49, 157, 25, 6, 60, 71, 19, 175]"
111663,"[51, 5, 73, 19, 261, 9, 279, 10, 34, 21]"
111664,"[105, 92, 19, 5, 77, 10, 49, 238, 82, 1]"
111665,"[76, 36, 3, 42, 55, 149, 138, 19, 5, 261]"
111666,"[119, 5, 147, 55, 24, 28, 51, 34, 71, 19]"
111667,"[91, 60, 19, 18, 279, 130, 90, 71, 238, 5]"
111668,"[45, 66, 149, 261, 36, 5, 19, 238, 27, 3]"
111669,"[19, 5, 36, 58, 146, 76, 73, 12, 223, 29]"
111670,"[54, 32, 261, 1, 23, 279, 5, 2, 14, 103]"
111671,"[60, 19, 36, 151, 77, 55, 5, 9, 10, 121]"
111672,"[19, 6, 60, 5, 261, 51, 10, 9, 66, 138]"
111673,"[220, 19, 9, 36, 103, 261, 1, 43, 279, 20]"
111674,"[60, 105, 151, 77, 130, 19, 25, 97, 223, 49]"
111675,"[30, 71, 7, 66, 92, 175, 6, 149, 19, 77]"
111676,"[223, 5, 17, 49, 19, 9, 29, 130, 175, 142]"
111677,"[261, 279, 32, 103, 43, 23, 54, 5, 20, 19]"
111678,"[189, 19, 54, 2, 138, 103, 43, 5, 223, 71]"
111679,"[279, 261, 5, 32, 19, 23, 54, 1, 103, 2]"
111680,"[91, 19, 55, 261, 10, 146, 60, 71, 92, 6]"
111681,"[73, 17, 19, 5, 72, 130, 261, 10, 279, 54]"
111682,"[51, 10, 5, 36, 28, 19, 49, 26, 34, 92]"
111683,"[5, 19, 223, 34, 72, 238, 26, 261, 130, 21]"
111684,"[41, 138, 220, 19, 6, 49, 0, 36, 10, 103]"
111685,"[36, 5, 29, 19, 92, 3, 223, 42, 73, 49]"
111686,"[73, 5, 19, 17, 10, 223, 146, 130, 55, 72]"
111687,"[44, 7, 175, 48, 6, 30, 149, 19, 38, 92]"
111688,"[220, 261, 19, 43, 279, 32, 9, 55, 54, 23]"
111689,"[6, 7, 44, 157, 25, 48, 3, 175, 92, 49]"
111690,"[49, 6, 71, 175, 220, 10, 138, 66, 151, 261]"
111691,"[130, 92, 175, 19, 6, 151, 17, 223, 7, 112]"
111692,"[149, 66, 261, 124, 279, 14, 9, 175, 23, 32]"
111693,"[30, 71, 7, 175, 92, 48, 238, 20, 14, 38]"
111694,"[44, 7, 175, 48, 261, 279, 32, 6, 19, 30]"
111695,"[112, 5, 261, 29, 279, 9, 157, 223, 19, 92]"
111696,"[7, 261, 175, 2, 32, 279, 43, 23, 71, 48]"
111697,"[29, 36, 24, 9, 92, 19, 238, 5, 3, 51]"
111698,"[5, 19, 76, 12, 279, 261, 73, 238, 121, 130]"
111699,"[29, 36, 24, 5, 19, 3, 92, 238, 9, 133]"
111700,"[18, 5, 0, 72, 90, 19, 97, 82, 60, 238]"
111701,"[55, 5, 25, 17, 60, 34, 49, 151, 138, 189]"
111702,"[76, 36, 3, 149, 138, 189, 42, 19, 5, 223]"
111703,"[238, 32, 261, 91, 14, 279, 19, 7, 20, 72]"
111704,"[142, 73, 21, 27, 19, 5, 7, 238, 66, 30]"
111705,"[146, 19, 66, 261, 138, 5, 13, 189, 55, 58]"
111706,"[223, 19, 130, 5, 189, 60, 82, 17, 146, 175]"
111707,"[28, 9, 1, 24, 32, 10, 103, 147, 23, 34]"
111708,"[49, 105, 5, 77, 19, 60, 82, 92, 55, 223]"
111709,"[48, 7, 6, 19, 175, 5, 49, 92, 77, 30]"
111710,"[279, 5, 44, 32, 130, 157, 24, 175, 19, 13]"
111711,"[146, 5, 19, 6, 73, 66, 71, 21, 55, 261]"
111712,"[261, 54, 32, 2, 14, 103, 71, 55, 23, 20]"
111713,"[130, 92, 19, 238, 44, 142, 223, 133, 279, 175]"
111714,"[66, 175, 261, 14, 19, 71, 23, 30, 60, 6]"
111715,"[1, 54, 23, 19, 20, 5, 64, 14, 261, 36]"
111716,"[187, 21, 5, 3, 279, 103, 14, 28, 17, 142]"
111717,"[189, 19, 279, 238, 5, 43, 71, 151, 92, 138]"
111718,"[149, 3, 124, 36, 1, 20, 45, 138, 66, 92]"
111719,"[55, 25, 157, 60, 49, 138, 5, 151, 189, 105]"
111720,"[44, 7, 48, 175, 261, 19, 6, 149, 32, 66]"
111721,"[130, 151, 12, 19, 91, 60, 17, 5, 147, 72]"
111722,"[43, 7, 220, 279, 19, 261, 23, 9, 5, 32]"
111723,"[12, 19, 5, 130, 71, 17, 223, 238, 60, 92]"
111724,"[157, 5, 19, 77, 92, 7, 42, 261, 23, 6]"
111725,"[103, 261, 55, 238, 279, 32, 19, 43, 5, 42]"
111726,"[189, 19, 5, 138, 43, 279, 7, 72, 261, 23]"
111727,"[72, 19, 5, 73, 36, 34, 3, 10, 17, 26]"
111728,"[24, 19, 28, 5, 4, 51, 60, 10, 17, 66]"
111729,"[77, 151, 157, 25, 49, 105, 92, 60, 6, 38]"
111730,"[60, 105, 130, 19, 5, 223, 82, 17, 55, 97]"
111731,"[76, 220, 36, 19, 261, 60, 77, 5, 55, 42]"
111732,"[20, 2, 175, 66, 261, 71, 103, 54, 19, 6]"
111733,"[18, 90, 60, 0, 15, 82, 105, 84, 157, 91]"
111734,"[60, 105, 151, 130, 77, 19, 97, 25, 38, 5]"
111735,"[29, 19, 5, 36, 3, 92, 223, 24, 17, 73]"
111736,"[48, 7, 261, 2, 6, 43, 138, 71, 55, 103]"
111737,"[25, 6, 55, 36, 49, 42, 77, 60, 92, 157]"
111738,"[18, 5, 19, 71, 72, 60, 279, 261, 90, 54]"
111739,"[13, 146, 5, 19, 7, 55, 6, 17, 261, 71]"
111740,"[12, 130, 19, 5, 90, 17, 71, 60, 76, 66]"
111741,"[18, 0, 5, 15, 19, 72, 105, 90, 91, 97]"
111742,"[26, 97, 60, 49, 121, 10, 77, 41, 105, 220]"
111743,"[41, 19, 0, 36, 97, 5, 10, 49, 146, 6]"
111744,"[45, 66, 261, 149, 71, 77, 5, 19, 2, 21]"
111745,"[119, 147, 5, 24, 189, 21, 28, 138, 26, 122]"
111746,"[42, 23, 36, 1, 157, 54, 5, 279, 138, 76]"
111747,"[1, 54, 23, 20, 72, 32, 261, 14, 64, 279]"
111748,"[84, 5, 105, 60, 77, 19, 25, 151, 97, 157]"
111749,"[20, 66, 2, 238, 103, 261, 71, 7, 5, 21]"
111750,"[147, 5, 28, 122, 19, 130, 32, 76, 261, 238]"
111751,"[49, 6, 5, 175, 19, 220, 146, 92, 66, 26]"
111752,"[28, 147, 119, 5, 24, 122, 1, 130, 26, 60]"
111753,"[13, 146, 0, 5, 71, 6, 55, 7, 97, 17]"
111754,"[18, 82, 90, 0, 60, 19, 15, 146, 84, 105]"
111755,"[97, 19, 5, 60, 6, 121, 55, 13, 71, 261]"
111756,"[24, 119, 5, 28, 51, 147, 19, 223, 130, 122]"
111757,"[147, 28, 122, 24, 5, 119, 26, 71, 130, 60]"
111758,"[130, 92, 19, 223, 17, 175, 7, 44, 151, 142]"
111759,"[14, 23, 1, 261, 5, 72, 279, 32, 19, 54]"
111760,"[175, 77, 38, 92, 6, 9, 30, 49, 10, 151]"
111761,"[19, 18, 5, 91, 60, 0, 73, 146, 72, 82]"
111762,"[23, 1, 36, 3, 54, 55, 42, 19, 32, 5]"
111763,"[1, 54, 23, 279, 43, 20, 0, 19, 90, 14]"
111764,"[19, 5, 58, 261, 36, 73, 6, 146, 29, 223]"
111765,"[76, 36, 3, 149, 19, 138, 55, 42, 189, 5]"
111766,"[3, 36, 19, 29, 223, 138, 5, 17, 92, 24]"
111767,"[45, 66, 261, 27, 71, 38, 149, 76, 19, 238]"
111768,"[147, 119, 28, 24, 5, 122, 130, 26, 34, 138]"
111769,"[82, 19, 105, 60, 90, 84, 0, 5, 18, 15]"
111770,"[10, 5, 279, 19, 130, 72, 51, 34, 261, 12]"
111771,"[92, 6, 77, 7, 66, 48, 10, 149, 175, 36]"
111772,"[44, 6, 7, 48, 92, 279, 25, 77, 175, 261]"
111773,"[82, 84, 60, 19, 90, 105, 223, 18, 15, 0]"
111774,"[238, 5, 19, 36, 72, 66, 20, 130, 92, 28]"
111775,"[189, 71, 175, 19, 10, 5, 26, 43, 279, 2]"
111776,"[15, 18, 0, 105, 84, 91, 82, 90, 60, 19]"
111777,"[142, 279, 23, 19, 261, 175, 32, 73, 5, 42]"
111778,"[147, 71, 41, 66, 10, 19, 175, 21, 60, 119]"
111779,"[60, 130, 5, 19, 261, 220, 17, 73, 151, 55]"
111780,"[44, 7, 175, 6, 48, 92, 66, 19, 149, 30]"
111781,"[9, 51, 175, 279, 19, 142, 261, 5, 10, 6]"
111782,"[30, 175, 6, 48, 7, 92, 66, 19, 71, 21]"
111783,"[55, 5, 138, 3, 121, 189, 6, 42, 36, 1]"
111784,"[30, 7, 71, 92, 175, 66, 48, 77, 19, 6]"
111785,"[18, 0, 10, 97, 90, 72, 41, 71, 60, 49]"
111786,"[41, 19, 97, 5, 261, 10, 55, 60, 121, 279]"
111787,"[66, 30, 21, 19, 20, 92, 5, 2, 261, 175]"
111788,"[279, 261, 23, 5, 34, 32, 9, 1, 54, 76]"
111789,"[142, 30, 175, 38, 19, 27, 66, 149, 7, 4]"
111790,"[55, 5, 189, 138, 1, 121, 261, 6, 3, 42]"
111791,"[19, 58, 261, 6, 5, 220, 7, 20, 146, 66]"
111792,"[84, 157, 105, 60, 25, 77, 5, 112, 151, 42]"
111793,"[122, 26, 34, 146, 19, 5, 77, 10, 121, 7]"
111794,"[55, 25, 5, 151, 77, 60, 36, 189, 138, 17]"
111795,"[49, 105, 5, 60, 77, 19, 55, 82, 25, 84]"
111796,"[122, 26, 5, 34, 77, 19, 7, 20, 146, 121]"
111797,"[17, 19, 73, 3, 223, 5, 36, 7, 12, 4]"
111798,"[14, 261, 23, 32, 5, 279, 1, 54, 72, 19]"
111799,"[279, 32, 23, 261, 103, 34, 54, 43, 220, 3]"
111800,"[146, 82, 19, 55, 13, 138, 5, 189, 60, 151]"
111801,"[3, 19, 5, 36, 42, 32, 73, 6, 138, 9]"
111802,"[146, 5, 19, 73, 13, 122, 261, 6, 130, 23]"
111803,"[151, 25, 7, 9, 175, 138, 157, 77, 19, 38]"
111804,"[77, 5, 34, 26, 19, 76, 122, 60, 10, 71]"
111805,"[55, 19, 60, 146, 5, 10, 223, 91, 7, 17]"
111806,"[10, 34, 5, 77, 19, 26, 51, 130, 92, 72]"
111807,"[66, 5, 30, 21, 20, 19, 73, 175, 261, 92]"
111808,"[187, 142, 5, 19, 32, 21, 34, 103, 2, 261]"
111809,"[49, 6, 77, 92, 48, 7, 105, 19, 25, 5]"
111810,"[49, 105, 5, 60, 82, 25, 77, 19, 6, 26]"
111811,"[119, 24, 5, 28, 51, 19, 147, 36, 130, 223]"
111812,"[82, 19, 60, 5, 146, 84, 105, 17, 0, 261]"
111813,"[18, 0, 60, 97, 55, 72, 19, 10, 90, 91]"
111814,"[151, 7, 157, 25, 77, 9, 38, 48, 138, 175]"
111815,"[261, 138, 58, 5, 7, 189, 2, 175, 223, 66]"
111816,"[261, 279, 2, 23, 138, 175, 121, 32, 5, 76]"
111817,"[72, 7, 261, 32, 5, 23, 2, 279, 146, 17]"
111818,"[4, 19, 36, 24, 60, 5, 138, 223, 76, 261]"
111819,"[55, 5, 25, 60, 77, 36, 17, 34, 151, 138]"
111820,"[187, 142, 5, 19, 2, 21, 261, 73, 26, 32]"
111821,"[19, 5, 261, 60, 9, 73, 10, 51, 32, 34]"
111822,"[133, 92, 175, 49, 130, 9, 5, 44, 6, 147]"
111823,"[187, 261, 5, 72, 21, 32, 19, 2, 20, 23]"
111824,"[18, 82, 90, 0, 15, 19, 60, 105, 84, 91]"
111825,"[7, 5, 261, 2, 92, 71, 48, 175, 238, 14]"
111826,"[51, 9, 261, 10, 279, 73, 5, 19, 21, 60]"
111827,"[82, 189, 21, 19, 138, 3, 5, 36, 66, 23]"
111828,"[149, 66, 124, 9, 175, 23, 3, 30, 261, 279]"
111829,"[19, 36, 5, 51, 92, 223, 138, 3, 105, 77]"
111830,"[146, 19, 5, 55, 82, 36, 13, 6, 138, 60]"
111831,"[20, 261, 2, 66, 32, 71, 238, 279, 54, 43]"
111832,"[60, 77, 26, 34, 76, 19, 5, 122, 13, 71]"
111833,"[105, 10, 92, 5, 49, 133, 77, 19, 1, 82]"
111834,"[187, 21, 5, 19, 3, 28, 14, 17, 23, 36]"
111835,"[42, 36, 23, 1, 157, 92, 279, 5, 54, 76]"
111836,"[138, 19, 36, 5, 7, 92, 23, 3, 279, 2]"
111837,"[82, 84, 90, 60, 105, 15, 19, 18, 49, 0]"
111838,"[2, 261, 19, 73, 36, 5, 32, 92, 220, 223]"
111839,"[5, 19, 34, 261, 51, 238, 223, 77, 73, 10]"
111840,"[261, 23, 279, 32, 7, 42, 138, 19, 43, 54]"
111841,"[43, 220, 7, 9, 238, 279, 103, 261, 34, 19]"
111842,"[261, 32, 279, 19, 23, 5, 7, 103, 42, 54]"
111843,"[189, 19, 5, 64, 36, 223, 238, 138, 92, 20]"
111844,"[54, 32, 261, 23, 279, 1, 220, 14, 5, 43]"
111845,"[19, 5, 58, 12, 73, 17, 3, 146, 223, 238]"
111846,"[60, 130, 151, 19, 105, 5, 17, 73, 77, 92]"
111847,"[18, 0, 90, 60, 15, 19, 91, 5, 10, 105]"
111848,"[5, 19, 55, 73, 71, 77, 223, 121, 2, 51]"
111849,"[151, 7, 175, 77, 49, 9, 36, 38, 25, 138]"
111850,"[119, 24, 28, 147, 51, 5, 130, 4, 122, 19]"
111851,"[261, 32, 5, 19, 2, 14, 23, 66, 73, 220]"
111852,"[187, 142, 21, 19, 2, 5, 103, 43, 30, 34]"
111853,"[5, 19, 10, 261, 238, 71, 51, 20, 2, 279]"
111854,"[48, 7, 6, 175, 44, 30, 5, 25, 142, 17]"
111855,"[34, 10, 26, 130, 19, 122, 5, 9, 60, 2]"
111856,"[279, 32, 261, 54, 19, 5, 103, 9, 43, 220]"
111857,"[7, 48, 6, 44, 175, 279, 92, 30, 19, 34]"
111858,"[19, 60, 82, 5, 84, 223, 90, 17, 105, 157]"
111859,"[119, 5, 147, 28, 24, 1, 36, 71, 29, 10]"
111860,"[7, 6, 48, 175, 44, 261, 19, 71, 9, 30]"
111861,"[187, 21, 5, 73, 72, 2, 261, 23, 3, 43]"
111862,"[4, 5, 19, 29, 24, 66, 12, 7, 223, 189]"
111863,"[64, 5, 1, 20, 36, 73, 261, 23, 92, 19]"
111864,"[60, 84, 5, 19, 25, 42, 77, 157, 55, 9]"
111865,"[60, 5, 19, 84, 25, 77, 55, 36, 97, 7]"
111866,"[73, 5, 17, 19, 72, 261, 10, 3, 7, 20]"
111867,"[5, 3, 138, 36, 42, 55, 189, 149, 19, 17]"
111868,"[20, 2, 261, 66, 103, 71, 14, 7, 32, 138]"
111869,"[92, 6, 7, 34, 77, 175, 149, 9, 66, 27]"
111870,"[20, 261, 5, 19, 43, 84, 220, 238, 279, 9]"
111871,"[73, 17, 5, 19, 3, 72, 146, 261, 10, 21]"
111872,"[28, 10, 32, 147, 24, 51, 9, 54, 133, 55]"
111873,"[105, 10, 49, 5, 1, 82, 92, 19, 60, 54]"
111874,"[23, 1, 36, 3, 54, 20, 32, 279, 5, 19]"
111875,"[146, 19, 55, 5, 60, 6, 82, 13, 138, 10]"
111876,"[32, 261, 279, 43, 2, 103, 54, 187, 71, 66]"
111877,"[7, 48, 6, 44, 5, 261, 175, 19, 238, 223]"
111878,"[32, 261, 7, 279, 19, 6, 92, 9, 103, 20]"
111879,"[28, 24, 32, 133, 103, 279, 34, 9, 5, 20]"
111880,"[77, 49, 92, 38, 71, 5, 9, 34, 105, 133]"
111881,"[122, 26, 34, 5, 32, 220, 19, 17, 146, 175]"
111882,"[25, 42, 6, 55, 157, 36, 49, 3, 138, 149]"
111883,"[20, 261, 5, 32, 73, 19, 21, 3, 238, 146]"
111884,"[64, 146, 23, 20, 1, 279, 261, 3, 72, 32]"
111885,"[90, 19, 72, 5, 18, 10, 60, 1, 23, 32]"
111886,"[19, 5, 76, 54, 36, 58, 17, 3, 73, 72]"
111887,"[175, 77, 30, 92, 6, 19, 38, 9, 36, 49]"
111888,"[157, 51, 76, 19, 10, 175, 5, 73, 189, 138]"
111889,"[49, 105, 5, 77, 60, 19, 82, 25, 55, 84]"
111890,"[122, 34, 5, 26, 72, 261, 238, 19, 71, 13]"
111891,"[119, 24, 28, 51, 5, 147, 36, 19, 238, 29]"
111892,"[23, 261, 1, 279, 32, 20, 54, 64, 5, 220]"
111893,"[20, 261, 103, 32, 279, 34, 2, 43, 54, 220]"
111894,"[90, 18, 0, 19, 60, 10, 43, 71, 72, 5]"
111895,"[220, 261, 58, 43, 279, 5, 29, 19, 9, 17]"
111896,"[92, 112, 5, 60, 19, 77, 36, 10, 26, 2]"
111897,"[48, 7, 6, 261, 138, 175, 5, 49, 44, 25]"
111898,"[72, 7, 261, 14, 5, 2, 238, 32, 279, 23]"
111899,"[18, 0, 19, 71, 51, 60, 90, 91, 5, 66]"
111900,"[223, 19, 130, 60, 92, 12, 82, 90, 5, 21]"
111901,"[5, 238, 92, 175, 279, 133, 10, 19, 6, 1]"
111902,"[60, 19, 51, 55, 121, 36, 5, 24, 12, 138]"
111903,"[60, 5, 19, 84, 25, 77, 55, 36, 97, 7]"
111904,"[4, 5, 19, 60, 23, 279, 261, 9, 189, 24]"
111905,"[142, 66, 27, 21, 238, 30, 19, 7, 261, 149]"
111906,"[261, 2, 32, 103, 54, 220, 9, 5, 73, 43]"
111907,"[45, 66, 149, 27, 71, 38, 124, 21, 238, 77]"
111908,"[4, 19, 36, 24, 5, 60, 32, 17, 3, 76]"
111909,"[133, 92, 175, 49, 9, 6, 24, 44, 77, 5]"
111910,"[3, 36, 19, 29, 146, 5, 73, 17, 6, 42]"
111911,"[45, 66, 261, 27, 279, 71, 55, 2, 238, 34]"
111912,"[122, 26, 146, 5, 19, 34, 77, 130, 6, 121]"
111913,"[28, 1, 24, 147, 9, 32, 103, 23, 10, 279]"
111914,"[14, 261, 23, 279, 1, 54, 20, 32, 43, 72]"
111915,"[238, 32, 91, 20, 261, 19, 7, 5, 279, 34]"
111916,"[130, 92, 19, 223, 238, 5, 142, 279, 6, 44]"
111917,"[142, 27, 66, 30, 77, 7, 21, 6, 48, 261]"
111918,"[21, 5, 19, 187, 238, 72, 82, 223, 142, 20]"
111919,"[151, 77, 7, 43, 25, 9, 175, 48, 71, 10]"
111920,"[27, 142, 66, 21, 30, 3, 19, 6, 5, 261]"
111921,"[146, 13, 55, 82, 19, 5, 189, 138, 3, 60]"
111922,"[66, 45, 149, 38, 71, 27, 124, 77, 55, 19]"
111923,"[76, 261, 32, 72, 5, 19, 23, 54, 20, 279]"
111924,"[48, 7, 261, 6, 71, 2, 44, 175, 103, 9]"
111925,"[20, 2, 261, 103, 66, 71, 54, 279, 32, 14]"
111926,"[64, 261, 1, 54, 23, 2, 20, 32, 71, 92]"
111927,"[223, 19, 130, 60, 12, 92, 90, 5, 82, 121]"
111928,"[5, 36, 3, 138, 19, 149, 55, 42, 189, 77]"
111929,"[21, 187, 14, 19, 30, 5, 24, 149, 36, 82]"
111930,"[30, 7, 48, 6, 175, 19, 66, 21, 3, 138]"
111931,"[44, 7, 175, 48, 6, 279, 149, 261, 66, 30]"
111932,"[36, 19, 77, 151, 5, 60, 92, 25, 105, 121]"
111933,"[36, 138, 3, 149, 55, 92, 19, 29, 42, 77]"
111934,"[77, 26, 34, 5, 76, 19, 122, 151, 130, 60]"
111935,"[55, 19, 146, 60, 10, 7, 5, 6, 17, 261]"
111936,"[146, 19, 5, 82, 55, 36, 13, 175, 3, 189]"
111937,"[55, 25, 5, 60, 77, 36, 17, 151, 138, 19]"
111938,"[261, 32, 19, 279, 5, 103, 175, 9, 7, 51]"
111939,"[77, 151, 157, 49, 25, 105, 92, 71, 6, 60]"
111940,"[119, 147, 28, 24, 5, 12, 138, 97, 122, 34]"
111941,"[187, 21, 14, 19, 261, 32, 24, 5, 49, 82]"
111942,"[4, 19, 36, 51, 5, 24, 73, 261, 60, 71]"
111943,"[5, 58, 19, 12, 223, 73, 36, 146, 238, 189]"
111944,"[55, 1, 10, 5, 121, 189, 138, 157, 97, 42]"
111945,"[41, 19, 5, 97, 55, 261, 121, 60, 10, 32]"
111946,"[28, 32, 5, 103, 238, 279, 20, 261, 24, 19]"
111947,"[97, 19, 60, 5, 121, 55, 261, 13, 0, 6]"
111948,"[71, 30, 7, 175, 66, 92, 77, 19, 6, 48]"
111949,"[92, 133, 44, 112, 49, 7, 77, 130, 10, 9]"
111950,"[147, 32, 122, 28, 130, 17, 19, 26, 5, 76]"
111951,"[28, 1, 9, 24, 103, 32, 147, 34, 23, 279]"
111952,"[49, 105, 48, 92, 6, 77, 7, 25, 44, 151]"
111953,"[10, 41, 71, 157, 55, 0, 18, 97, 6, 72]"
111954,"[151, 19, 5, 77, 130, 157, 92, 146, 17, 60]"
111955,"[34, 5, 279, 261, 55, 58, 72, 238, 42, 223]"
111956,"[2, 5, 71, 261, 92, 7, 66, 175, 32, 6]"
111957,"[32, 261, 279, 44, 7, 103, 19, 23, 9, 55]"
111958,"[238, 5, 19, 92, 36, 130, 20, 66, 72, 73]"
111959,"[82, 84, 60, 90, 19, 105, 15, 146, 223, 49]"
111960,"[261, 2, 279, 55, 54, 41, 43, 19, 10, 71]"
111961,"[124, 149, 66, 138, 3, 30, 45, 189, 42, 6]"
111962,"[220, 19, 279, 43, 9, 32, 103, 261, 23, 175]"
111963,"[45, 66, 19, 5, 12, 175, 21, 71, 30, 6]"
111964,"[146, 55, 13, 60, 19, 5, 82, 17, 3, 34]"
111965,"[3, 19, 82, 138, 5, 36, 189, 146, 7, 91]"
111966,"[66, 175, 21, 2, 30, 5, 124, 20, 45, 261]"
111967,"[10, 19, 73, 6, 55, 5, 71, 261, 7, 48]"
111968,"[142, 23, 279, 14, 261, 4, 54, 175, 24, 42]"
111969,"[149, 66, 124, 45, 30, 279, 103, 175, 2, 54]"
111970,"[142, 261, 73, 27, 21, 66, 19, 5, 7, 30]"
111971,"[7, 2, 71, 92, 175, 261, 54, 14, 55, 66]"
111972,"[19, 5, 73, 17, 130, 34, 279, 10, 82, 72]"
111973,"[261, 32, 103, 76, 45, 66, 279, 5, 19, 14]"
111974,"[18, 72, 5, 0, 97, 91, 60, 10, 19, 82]"
111975,"[54, 1, 261, 23, 32, 5, 20, 19, 220, 238]"
111976,"[220, 19, 2, 261, 58, 32, 5, 29, 3, 223]"
111977,"[187, 2, 32, 5, 261, 142, 19, 103, 43, 73]"
111978,"[60, 105, 5, 19, 97, 82, 0, 49, 146, 18]"
111979,"[42, 138, 36, 149, 189, 23, 157, 3, 76, 5]"
111980,"[71, 2, 261, 55, 5, 66, 32, 54, 10, 60]"
111981,"[130, 19, 151, 60, 10, 147, 5, 92, 12, 51]"
111982,"[27, 66, 45, 261, 71, 149, 20, 32, 55, 124]"
111983,"[189, 5, 92, 19, 223, 1, 7, 130, 6, 151]"
111984,"[29, 36, 19, 5, 3, 92, 223, 42, 24, 138]"
111985,"[105, 49, 151, 25, 77, 60, 157, 36, 5, 19]"
111986,"[60, 130, 105, 151, 19, 77, 157, 25, 97, 223]"
111987,"[189, 5, 19, 72, 279, 261, 138, 43, 7, 23]"
111988,"[55, 146, 19, 5, 10, 82, 91, 73, 60, 157]"
111989,"[97, 121, 60, 0, 105, 26, 25, 41, 5, 19]"
111990,"[223, 130, 90, 60, 12, 92, 19, 82, 21, 105]"
111991,"[55, 138, 1, 189, 157, 121, 34, 5, 10, 25]"
111992,"[142, 27, 30, 6, 66, 21, 92, 77, 175, 7]"
111993,"[71, 5, 2, 55, 261, 19, 238, 92, 51, 175]"
111994,"[7, 77, 279, 9, 5, 92, 49, 175, 10, 133]"
111995,"[4, 19, 49, 24, 138, 29, 5, 66, 7, 28]"
111996,"[223, 130, 60, 19, 12, 5, 82, 92, 90, 121]"
111997,"[97, 121, 41, 0, 49, 60, 105, 26, 6, 10]"
111998,"[14, 261, 23, 5, 1, 32, 19, 54, 72, 20]"
111999,"[151, 77, 7, 48, 38, 9, 25, 43, 121, 157]"
112000,"[15, 18, 19, 60, 0, 82, 105, 84, 90, 91]"
112001,"[220, 2, 19, 58, 261, 32, 29, 103, 66, 5]"
112002,"[18, 72, 0, 90, 5, 10, 105, 112, 97, 60]"
112003,"[60, 151, 105, 77, 130, 19, 223, 25, 55, 97]"
112004,"[90, 18, 72, 5, 0, 19, 20, 91, 279, 60]"
112005,"[90, 19, 5, 18, 60, 10, 1, 91, 20, 72]"
112006,"[92, 6, 66, 77, 149, 7, 48, 30, 49, 36]"
112007,"[91, 19, 30, 92, 15, 55, 72, 14, 175, 157]"
112008,"[1, 23, 54, 20, 138, 19, 49, 2, 10, 32]"
112009,"[72, 19, 10, 5, 43, 36, 34, 21, 238, 261]"
112010,"[238, 54, 279, 14, 66, 261, 43, 103, 32, 7]"
112011,"[84, 5, 60, 19, 157, 25, 42, 77, 91, 238]"
112012,"[7, 48, 44, 6, 261, 175, 238, 49, 279, 34]"
112013,"[24, 19, 5, 17, 73, 10, 34, 261, 51, 279]"
112014,"[17, 7, 73, 19, 23, 12, 4, 3, 130, 142]"
112015,"[27, 261, 45, 66, 71, 32, 279, 55, 34, 149]"
112016,"[55, 60, 25, 5, 138, 19, 77, 36, 223, 92]"
112017,"[76, 220, 36, 12, 42, 19, 60, 3, 43, 5]"
112018,"[19, 5, 261, 60, 21, 6, 66, 51, 77, 175]"
112019,"[41, 97, 10, 19, 55, 121, 51, 0, 5, 1]"
112020,"[71, 238, 73, 17, 19, 9, 77, 38, 7, 5]"
112021,"[18, 72, 0, 90, 5, 15, 105, 91, 10, 60]"
112022,"[15, 18, 0, 60, 19, 82, 91, 84, 105, 90]"
112023,"[1, 23, 28, 55, 261, 10, 5, 32, 49, 54]"
112024,"[261, 2, 19, 5, 32, 73, 54, 9, 238, 3]"
112025,"[279, 64, 20, 54, 1, 261, 23, 32, 19, 43]"
112026,"[27, 66, 45, 71, 149, 124, 92, 261, 14, 6]"
112027,"[17, 19, 73, 7, 3, 146, 223, 82, 55, 5]"
112028,"[29, 36, 3, 24, 19, 4, 9, 5, 17, 42]"
112029,"[21, 20, 238, 64, 261, 103, 66, 187, 19, 5]"
112030,"[157, 51, 10, 138, 19, 175, 76, 36, 189, 21]"
112031,"[142, 27, 30, 175, 66, 38, 19, 24, 261, 4]"
112032,"[5, 112, 19, 279, 157, 7, 51, 60, 17, 6]"
112033,"[41, 19, 5, 220, 73, 6, 82, 36, 138, 261]"
112034,"[60, 84, 5, 19, 55, 77, 238, 25, 121, 279]"
112035,"[82, 19, 5, 60, 146, 105, 84, 90, 17, 0]"
112036,"[23, 1, 36, 54, 19, 55, 138, 3, 20, 64]"
112037,"[90, 19, 20, 64, 14, 30, 43, 142, 189, 238]"
112038,"[175, 9, 38, 77, 30, 5, 36, 92, 19, 71]"
112039,"[5, 112, 19, 2, 92, 130, 60, 54, 261, 36]"
112040,"[60, 105, 19, 49, 5, 97, 82, 0, 10, 36]"
112041,"[51, 9, 55, 19, 24, 60, 10, 32, 34, 5]"
112042,"[147, 19, 5, 238, 71, 66, 51, 122, 12, 77]"
112043,"[32, 261, 279, 54, 55, 5, 2, 23, 42, 103]"
112044,"[138, 189, 41, 90, 175, 66, 10, 43, 6, 71]"
112045,"[51, 19, 28, 24, 122, 10, 9, 147, 5, 60]"
112046,"[187, 21, 23, 261, 43, 5, 72, 73, 32, 3]"
112047,"[4, 36, 19, 24, 5, 17, 73, 29, 76, 60]"
112048,"[19, 5, 60, 82, 130, 105, 84, 91, 279, 17]"
112049,"[66, 149, 45, 124, 261, 238, 2, 14, 42, 20]"
112050,"[103, 261, 279, 32, 5, 19, 43, 23, 20, 54]"
112051,"[175, 9, 6, 66, 19, 10, 5, 103, 92, 7]"
112052,"[13, 121, 0, 97, 55, 5, 76, 279, 60, 146]"
112053,"[5, 19, 34, 238, 261, 77, 223, 72, 49, 2]"
112054,"[151, 19, 130, 157, 5, 146, 17, 60, 49, 82]"
112055,"[54, 279, 43, 1, 23, 20, 121, 32, 103, 14]"
112056,"[189, 223, 5, 19, 43, 238, 55, 138, 21, 175]"
112057,"[223, 130, 19, 12, 60, 92, 90, 82, 5, 18]"
112058,"[238, 5, 19, 223, 91, 279, 72, 54, 20, 92]"
112059,"[44, 7, 48, 6, 175, 261, 279, 92, 32, 19]"
112060,"[19, 5, 10, 34, 130, 223, 12, 9, 54, 51]"
112061,"[142, 279, 23, 175, 261, 54, 5, 14, 32, 4]"
112062,"[91, 19, 18, 15, 90, 60, 130, 82, 84, 77]"
112063,"[19, 36, 5, 12, 76, 3, 58, 6, 92, 82]"
112064,"[14, 261, 23, 54, 32, 279, 20, 1, 43, 72]"
112065,"[1, 64, 54, 23, 66, 149, 261, 279, 103, 20]"
112066,"[49, 48, 6, 105, 7, 92, 25, 77, 44, 151]"
112067,"[5, 10, 2, 71, 261, 32, 19, 51, 60, 279]"
112068,"[43, 220, 55, 5, 19, 103, 261, 6, 146, 138]"
112069,"[1, 64, 23, 54, 261, 279, 20, 220, 238, 43]"
112070,"[24, 4, 28, 60, 9, 36, 19, 29, 5, 51]"
112071,"[10, 261, 51, 71, 5, 2, 9, 73, 32, 55]"
112072,"[73, 189, 151, 72, 19, 5, 146, 15, 130, 71]"
112073,"[97, 18, 0, 121, 105, 60, 138, 90, 76, 13]"
112074,"[149, 124, 3, 45, 66, 138, 20, 36, 1, 42]"
112075,"[28, 24, 147, 9, 19, 32, 5, 10, 122, 55]"
112076,"[1, 23, 54, 279, 64, 261, 20, 32, 149, 66]"
112077,"[60, 130, 55, 19, 5, 261, 151, 105, 220, 17]"
112078,"[122, 34, 26, 5, 72, 261, 279, 19, 55, 32]"
112079,"[6, 261, 48, 2, 66, 175, 279, 34, 58, 10]"
112080,"[76, 36, 19, 12, 58, 21, 223, 82, 6, 51]"
112081,"[121, 261, 55, 19, 5, 279, 60, 10, 34, 13]"
112082,"[25, 151, 77, 36, 49, 60, 157, 19, 105, 55]"
112083,"[71, 38, 30, 175, 19, 2, 49, 66, 7, 60]"
112084,"[175, 48, 261, 6, 7, 71, 30, 142, 55, 54]"
112085,"[133, 5, 238, 92, 130, 21, 279, 66, 175, 261]"
112086,"[17, 73, 19, 7, 23, 2, 3, 4, 130, 142]"
112087,"[10, 2, 5, 71, 261, 19, 51, 55, 32, 66]"
112088,"[36, 138, 189, 3, 42, 19, 149, 76, 51, 5]"
112089,"[189, 19, 5, 138, 7, 146, 175, 72, 43, 223]"
112090,"[60, 130, 151, 105, 157, 5, 25, 77, 19, 223]"
112091,"[34, 5, 279, 72, 261, 103, 55, 42, 238, 19]"
112092,"[5, 3, 138, 36, 19, 55, 42, 149, 189, 17]"
112093,"[238, 5, 73, 19, 261, 54, 20, 32, 36, 142]"
112094,"[19, 5, 36, 73, 3, 223, 17, 6, 76, 58]"
112095,"[103, 261, 32, 220, 279, 23, 19, 9, 54, 5]"
112096,"[122, 147, 28, 26, 5, 51, 34, 24, 71, 32]"
112097,"[84, 82, 60, 90, 19, 105, 18, 0, 15, 13]"
112098,"[223, 60, 130, 19, 12, 90, 92, 5, 82, 18]"
112099,"[2, 54, 5, 19, 60, 261, 279, 43, 112, 71]"
112100,"[73, 17, 19, 5, 3, 223, 36, 146, 138, 130]"
112101,"[60, 19, 122, 51, 5, 147, 12, 97, 36, 121]"
112102,"[27, 2, 21, 66, 41, 71, 142, 261, 124, 54]"
112103,"[48, 7, 5, 6, 138, 30, 175, 142, 19, 238]"
112104,"[5, 19, 76, 238, 12, 1, 92, 121, 73, 279]"
112105,"[5, 4, 19, 189, 9, 279, 36, 60, 49, 7]"
112106,"[10, 73, 19, 5, 55, 157, 261, 60, 6, 71]"
112107,"[4, 5, 23, 60, 261, 2, 19, 279, 24, 28]"
112108,"[175, 19, 38, 92, 6, 7, 5, 48, 30, 66]"
112109,"[19, 5, 58, 36, 146, 3, 12, 261, 76, 6]"
112110,"[73, 19, 72, 189, 138, 130, 5, 58, 146, 6]"
112111,"[13, 121, 97, 0, 146, 5, 19, 55, 76, 7]"
112112,"[19, 41, 5, 97, 121, 0, 10, 55, 60, 77]"
112113,"[3, 19, 36, 17, 5, 6, 146, 29, 73, 42]"
112114,"[147, 28, 5, 122, 26, 60, 71, 32, 130, 24]"
112115,"[64, 20, 279, 261, 23, 1, 32, 103, 220, 2]"
112116,"[146, 19, 5, 13, 6, 82, 91, 17, 60, 175]"
112117,"[19, 157, 9, 60, 51, 5, 279, 146, 151, 3]"
112118,"[41, 19, 5, 220, 6, 82, 3, 138, 36, 103]"
112119,"[73, 19, 17, 5, 72, 3, 261, 10, 7, 2]"
112120,"[20, 261, 2, 32, 103, 54, 5, 220, 238, 279]"
112121,"[77, 151, 157, 49, 6, 60, 25, 92, 19, 5]"
112122,"[97, 60, 0, 19, 121, 105, 5, 49, 55, 71]"
112123,"[34, 10, 26, 5, 122, 19, 130, 28, 9, 60]"
112124,"[1, 54, 279, 23, 43, 20, 19, 14, 103, 7]"
112125,"[38, 19, 71, 30, 77, 175, 5, 7, 238, 6]"
112126,"[18, 82, 0, 60, 19, 90, 15, 84, 5, 91]"
112127,"[220, 43, 261, 103, 32, 23, 19, 9, 279, 54]"
112128,"[55, 60, 146, 261, 19, 13, 10, 5, 17, 71]"
112129,"[187, 142, 28, 261, 32, 2, 43, 21, 34, 5]"
112130,"[20, 1, 54, 23, 279, 32, 261, 5, 19, 14]"
112131,"[10, 71, 55, 73, 6, 19, 51, 26, 60, 77]"
112132,"[147, 122, 28, 60, 32, 24, 5, 26, 71, 119]"
112133,"[55, 1, 121, 5, 23, 189, 138, 97, 42, 261]"
112134,"[5, 261, 2, 19, 10, 43, 279, 71, 32, 34]"
112135,"[24, 28, 119, 147, 5, 51, 4, 32, 130, 122]"
112136,"[54, 1, 279, 23, 43, 121, 261, 32, 41, 103]"
112137,"[27, 21, 142, 66, 30, 175, 6, 19, 73, 92]"
112138,"[60, 24, 28, 19, 122, 121, 5, 51, 32, 72]"
112139,"[45, 66, 261, 71, 279, 2, 32, 27, 9, 149]"
112140,"[97, 19, 5, 0, 121, 60, 6, 18, 76, 13]"
112141,"[45, 261, 66, 5, 54, 19, 32, 146, 20, 27]"
112142,"[105, 60, 130, 5, 19, 223, 17, 97, 82, 157]"
112143,"[17, 73, 19, 146, 60, 5, 7, 82, 55, 3]"
112144,"[142, 30, 66, 27, 149, 175, 7, 19, 77, 38]"
112145,"[279, 261, 5, 34, 54, 23, 32, 1, 76, 19]"
112146,"[18, 0, 5, 72, 60, 90, 97, 10, 238, 105]"
112147,"[121, 133, 175, 157, 151, 92, 279, 10, 77, 60]"
112148,"[157, 5, 7, 26, 4, 23, 42, 19, 76, 72]"
112149,"[19, 189, 5, 138, 175, 7, 92, 6, 223, 36]"
112150,"[10, 5, 71, 2, 261, 51, 9, 26, 73, 19]"
112151,"[84, 60, 82, 90, 19, 0, 105, 13, 32, 18]"
112152,"[6, 7, 92, 48, 44, 157, 30, 66, 175, 49]"
112153,"[66, 21, 5, 261, 175, 20, 2, 27, 73, 30]"
112154,"[20, 175, 2, 66, 261, 71, 1, 5, 103, 23]"
112155,"[21, 20, 19, 5, 238, 27, 103, 261, 60, 66]"
112156,"[97, 0, 18, 60, 121, 189, 138, 41, 23, 13]"
112157,"[105, 92, 49, 5, 77, 10, 133, 19, 82, 28]"
112158,"[19, 6, 20, 64, 5, 261, 10, 66, 220, 58]"
112159,"[146, 19, 5, 55, 6, 13, 71, 45, 54, 261]"
112160,"[157, 25, 151, 77, 60, 6, 19, 130, 49, 26]"
112161,"[17, 73, 19, 5, 223, 279, 7, 54, 32, 130]"
112162,"[26, 34, 5, 10, 122, 77, 71, 72, 58, 130]"
112163,"[30, 19, 36, 66, 92, 238, 261, 77, 149, 71]"
112164,"[18, 82, 90, 0, 15, 105, 60, 19, 84, 91]"
112165,"[12, 19, 5, 130, 71, 17, 60, 103, 76, 279]"
112166,"[220, 43, 5, 19, 36, 279, 261, 55, 103, 146]"
112167,"[5, 77, 34, 76, 19, 26, 60, 122, 13, 71]"
112168,"[91, 30, 14, 90, 19, 15, 157, 55, 92, 72]"
112169,"[103, 6, 138, 3, 19, 42, 238, 220, 189, 175]"
112170,"[76, 32, 261, 60, 54, 0, 19, 23, 5, 72]"
112171,"[130, 26, 5, 10, 28, 34, 122, 151, 19, 60]"
112172,"[1, 54, 23, 20, 64, 19, 14, 138, 5, 72]"
112173,"[82, 19, 138, 51, 21, 55, 60, 189, 71, 36]"
112174,"[157, 72, 18, 10, 71, 76, 26, 41, 97, 119]"
112175,"[19, 58, 5, 6, 73, 20, 138, 220, 146, 7]"
112176,"[103, 238, 20, 19, 5, 261, 220, 6, 138, 36]"
112177,"[58, 19, 5, 36, 29, 12, 223, 189, 261, 103]"
112178,"[175, 48, 38, 7, 66, 6, 19, 30, 92, 133]"
112179,"[223, 5, 19, 17, 12, 7, 138, 142, 6, 175]"
112180,"[187, 5, 21, 72, 19, 261, 3, 238, 138, 73]"
112181,"[25, 6, 42, 157, 49, 55, 3, 36, 77, 138]"
112182,"[122, 26, 34, 5, 32, 19, 261, 121, 77, 20]"
112183,"[142, 27, 30, 261, 21, 66, 5, 279, 72, 19]"
112184,"[146, 13, 5, 19, 66, 261, 23, 54, 55, 60]"
112185,"[28, 1, 9, 147, 24, 103, 10, 34, 133, 36]"
112186,"[7, 2, 175, 138, 44, 48, 54, 66, 261, 49]"
112187,"[14, 5, 261, 19, 20, 72, 238, 32, 23, 279]"
112188,"[5, 10, 19, 147, 279, 261, 2, 238, 20, 133]"
112189,"[279, 32, 54, 261, 5, 103, 19, 124, 43, 2]"
112190,"[7, 279, 44, 32, 261, 23, 5, 54, 14, 2]"
112191,"[54, 279, 261, 32, 51, 9, 23, 220, 2, 5]"
112192,"[223, 130, 19, 60, 5, 12, 92, 82, 90, 17]"
112193,"[41, 97, 10, 55, 60, 0, 279, 121, 43, 13]"
112194,"[17, 73, 5, 19, 130, 223, 3, 32, 261, 7]"
112195,"[21, 66, 5, 82, 19, 138, 223, 45, 72, 187]"
112196,"[54, 82, 19, 103, 5, 238, 261, 279, 21, 71]"
112197,"[147, 32, 5, 122, 261, 130, 28, 279, 142, 19]"
112198,"[54, 1, 43, 23, 279, 14, 20, 103, 175, 0]"
112199,"[138, 36, 19, 92, 189, 7, 6, 14, 49, 2]"
112200,"[175, 6, 261, 7, 146, 48, 19, 30, 71, 2]"
112201,"[29, 24, 36, 5, 9, 19, 42, 238, 28, 3]"
112202,"[91, 19, 18, 60, 71, 130, 5, 238, 90, 55]"
112203,"[220, 43, 261, 238, 2, 9, 71, 5, 32, 103]"
112204,"[121, 97, 71, 223, 76, 2, 55, 41, 13, 5]"
112205,"[66, 45, 149, 71, 21, 189, 175, 261, 6, 19]"
112206,"[66, 175, 9, 71, 6, 30, 5, 261, 17, 149]"
112207,"[24, 5, 19, 73, 17, 51, 34, 10, 223, 130]"
112208,"[18, 60, 82, 19, 90, 0, 84, 5, 15, 72]"
112209,"[220, 261, 43, 19, 32, 20, 238, 1, 138, 23]"
112210,"[97, 121, 105, 0, 41, 60, 10, 26, 49, 157]"
112211,"[151, 9, 77, 175, 7, 19, 36, 121, 25, 10]"
112212,"[45, 66, 38, 71, 149, 27, 261, 76, 124, 30]"
112213,"[92, 133, 66, 6, 175, 19, 238, 130, 49, 77]"
112214,"[122, 26, 34, 5, 77, 19, 220, 121, 10, 20]"
112215,"[45, 66, 261, 19, 5, 146, 6, 138, 149, 71]"
112216,"[28, 9, 24, 51, 10, 34, 32, 19, 92, 147]"
112217,"[1, 23, 54, 64, 261, 5, 220, 19, 279, 138]"
112218,"[238, 5, 19, 72, 32, 220, 20, 54, 261, 279]"
112219,"[261, 32, 5, 2, 19, 20, 54, 6, 14, 55]"
112220,"[5, 55, 36, 138, 3, 42, 19, 149, 189, 25]"
112221,"[21, 20, 5, 261, 238, 187, 64, 27, 103, 19]"
112222,"[142, 175, 30, 27, 24, 4, 149, 66, 38, 19]"
112223,"[49, 105, 60, 25, 151, 77, 5, 157, 19, 36]"
112224,"[44, 7, 48, 175, 6, 30, 38, 92, 32, 261]"
112225,"[55, 5, 121, 138, 10, 2, 1, 261, 36, 19]"
112226,"[55, 60, 19, 91, 71, 10, 7, 5, 261, 223]"
112227,"[138, 19, 92, 6, 55, 36, 10, 14, 71, 21]"
112228,"[6, 25, 77, 157, 44, 151, 19, 38, 49, 175]"
112229,"[34, 5, 261, 72, 279, 19, 26, 238, 42, 91]"
112230,"[82, 19, 60, 146, 105, 0, 84, 90, 49, 5]"
112231,"[91, 19, 55, 92, 238, 5, 77, 90, 72, 18]"
112232,"[45, 66, 27, 261, 5, 19, 71, 6, 238, 12]"
112233,"[21, 261, 20, 5, 32, 187, 19, 238, 27, 66]"
112234,"[0, 19, 5, 71, 13, 121, 55, 97, 60, 76]"
112235,"[30, 7, 48, 175, 6, 66, 38, 92, 3, 21]"
112236,"[1, 54, 23, 20, 32, 19, 5, 138, 2, 279]"
112237,"[4, 19, 5, 29, 49, 24, 51, 7, 66, 28]"
112238,"[54, 1, 279, 43, 23, 20, 14, 121, 103, 0]"
112239,"[10, 73, 19, 77, 157, 6, 105, 5, 55, 38]"
112240,"[21, 66, 103, 2, 55, 261, 58, 19, 27, 6]"
112241,"[17, 73, 19, 5, 7, 238, 2, 130, 142, 279]"
112242,"[73, 17, 19, 5, 10, 72, 3, 7, 261, 27]"
112243,"[36, 220, 76, 77, 19, 5, 103, 43, 12, 29]"
112244,"[220, 43, 261, 19, 103, 238, 2, 5, 138, 32]"
112245,"[122, 147, 51, 5, 26, 28, 19, 34, 71, 32]"
112246,"[30, 71, 92, 7, 66, 175, 77, 238, 38, 2]"
112247,"[223, 189, 19, 5, 82, 130, 238, 92, 60, 36]"
112248,"[55, 19, 5, 60, 13, 223, 91, 82, 7, 17]"
112249,"[54, 261, 1, 32, 23, 279, 14, 220, 5, 20]"
112250,"[36, 76, 77, 19, 12, 220, 60, 42, 5, 1]"
112251,"[10, 55, 71, 51, 41, 60, 28, 2, 19, 54]"
112252,"[72, 7, 32, 261, 2, 23, 279, 14, 54, 44]"
112253,"[122, 147, 28, 34, 24, 26, 51, 32, 5, 60]"
112254,"[7, 103, 42, 279, 19, 138, 189, 223, 5, 12]"
112255,"[189, 5, 19, 223, 72, 138, 7, 238, 43, 142]"
112256,"[0, 18, 60, 90, 82, 105, 15, 97, 84, 91]"
112257,"[77, 151, 49, 157, 6, 19, 92, 25, 5, 60]"
112258,"[20, 2, 66, 261, 64, 238, 7, 149, 30, 138]"
112259,"[149, 124, 66, 30, 9, 175, 279, 261, 32, 92]"
112260,"[121, 97, 13, 0, 223, 5, 60, 55, 76, 71]"
112261,"[5, 29, 19, 36, 92, 3, 223, 17, 24, 42]"
112262,"[220, 19, 36, 6, 5, 103, 43, 261, 9, 138]"
112263,"[187, 21, 5, 261, 43, 103, 19, 279, 32, 14]"
112264,"[77, 5, 19, 76, 34, 26, 122, 60, 130, 105]"
112265,"[34, 5, 279, 19, 42, 72, 261, 26, 238, 21]"
112266,"[72, 189, 36, 10, 19, 26, 5, 21, 3, 17]"
112267,"[14, 261, 23, 43, 54, 32, 103, 279, 5, 20]"
112268,"[45, 66, 149, 19, 5, 238, 261, 36, 27, 77]"
112269,"[49, 92, 48, 105, 77, 6, 7, 25, 44, 36]"
112270,"[72, 34, 5, 19, 10, 36, 73, 26, 17, 189]"
112271,"[13, 55, 19, 146, 5, 71, 121, 7, 6, 261]"
112272,"[55, 19, 60, 10, 146, 5, 261, 13, 7, 17]"
112273,"[24, 28, 19, 147, 10, 73, 5, 17, 51, 4]"
112274,"[187, 32, 142, 43, 5, 103, 21, 261, 279, 19]"
112275,"[20, 5, 261, 238, 103, 34, 2, 19, 149, 220]"
112276,"[51, 73, 10, 19, 5, 21, 9, 6, 130, 261]"
112277,"[130, 151, 12, 157, 60, 19, 147, 133, 10, 17]"
112278,"[133, 92, 49, 175, 6, 77, 2, 29, 147, 66]"
112279,"[1, 54, 23, 20, 5, 261, 19, 73, 32, 72]"
112280,"[5, 60, 19, 25, 84, 42, 157, 77, 36, 97]"
112281,"[5, 19, 36, 29, 92, 3, 223, 73, 49, 24]"
112282,"[58, 19, 5, 36, 223, 12, 238, 3, 51, 73]"
112283,"[157, 5, 7, 42, 76, 19, 23, 4, 73, 279]"
112284,"[49, 92, 48, 77, 6, 105, 7, 238, 25, 44]"
112285,"[51, 10, 21, 6, 73, 19, 157, 66, 5, 92]"
112286,"[84, 60, 5, 157, 25, 42, 97, 19, 151, 77]"
112287,"[10, 73, 19, 5, 77, 55, 6, 7, 48, 71]"
112288,"[77, 34, 5, 26, 19, 76, 60, 122, 105, 130]"
112289,"[9, 279, 175, 51, 19, 43, 261, 5, 32, 220]"
112290,"[41, 97, 19, 10, 0, 121, 279, 32, 5, 60]"
112291,"[279, 5, 44, 77, 261, 19, 157, 54, 133, 1]"
112292,"[149, 124, 279, 66, 32, 2, 175, 9, 103, 30]"
112293,"[279, 32, 261, 43, 9, 23, 103, 5, 71, 54]"
112294,"[142, 19, 14, 5, 261, 175, 23, 279, 32, 24]"
112295,"[66, 45, 71, 149, 27, 38, 77, 19, 92, 124]"
112296,"[9, 175, 19, 279, 5, 51, 261, 43, 92, 142]"
112297,"[1, 32, 5, 23, 54, 279, 261, 19, 20, 55]"
112298,"[175, 30, 38, 36, 6, 19, 92, 49, 77, 9]"
112299,"[220, 43, 261, 103, 54, 19, 9, 279, 6, 138]"
112300,"[64, 261, 20, 32, 14, 23, 1, 220, 43, 5]"
112301,"[36, 151, 77, 19, 5, 105, 60, 25, 82, 121]"
112302,"[5, 7, 20, 138, 19, 84, 261, 220, 23, 189]"
112303,"[97, 60, 121, 0, 5, 23, 18, 72, 279, 138]"
112304,"[92, 77, 7, 6, 49, 175, 19, 151, 36, 9]"
112305,"[17, 73, 19, 146, 5, 60, 130, 55, 7, 82]"
112306,"[55, 138, 23, 1, 189, 121, 42, 97, 10, 43]"
112307,"[58, 19, 5, 12, 36, 223, 29, 73, 146, 238]"
112308,"[27, 142, 21, 66, 30, 19, 5, 238, 223, 73]"
112309,"[27, 142, 66, 30, 21, 19, 6, 92, 5, 261]"
112310,"[17, 73, 32, 261, 23, 279, 19, 7, 2, 54]"
112311,"[238, 279, 92, 133, 5, 175, 157, 1, 23, 34]"
112312,"[17, 19, 73, 5, 3, 223, 7, 189, 261, 130]"
112313,"[64, 261, 23, 2, 1, 5, 20, 220, 49, 19]"
112314,"[223, 19, 130, 92, 60, 5, 82, 12, 90, 29]"
112315,"[19, 82, 238, 21, 5, 138, 92, 36, 2, 54]"
112316,"[77, 151, 49, 157, 25, 60, 6, 175, 71, 7]"
112317,"[157, 151, 25, 77, 6, 49, 105, 60, 26, 19]"
112318,"[19, 5, 36, 3, 51, 73, 10, 82, 17, 223]"
112319,"[1, 54, 103, 10, 23, 41, 279, 121, 43, 64]"
112320,"[5, 112, 19, 60, 261, 54, 92, 9, 130, 32]"
112321,"[20, 261, 5, 2, 19, 32, 220, 238, 36, 73]"
112322,"[7, 55, 223, 2, 175, 19, 21, 54, 5, 66]"
112323,"[18, 0, 5, 15, 19, 91, 72, 97, 60, 10]"
112324,"[60, 105, 151, 130, 19, 77, 55, 5, 17, 220]"
112325,"[42, 138, 3, 36, 23, 189, 19, 29, 220, 25]"
112326,"[5, 112, 19, 92, 36, 60, 2, 12, 76, 9]"
112327,"[119, 5, 147, 10, 71, 26, 55, 2, 261, 51]"
112328,"[19, 151, 5, 77, 60, 130, 55, 157, 82, 17]"
112329,"[18, 0, 97, 10, 5, 90, 72, 41, 60, 82]"
112330,"[138, 92, 36, 19, 279, 189, 7, 43, 9, 28]"
112331,"[77, 34, 5, 76, 26, 105, 19, 130, 60, 122]"
112332,"[28, 1, 9, 24, 32, 23, 103, 261, 147, 36]"
112333,"[92, 133, 44, 49, 112, 77, 10, 7, 9, 2]"
112334,"[142, 19, 279, 175, 14, 5, 261, 23, 21, 43]"
112335,"[64, 261, 20, 23, 2, 32, 220, 1, 14, 55]"
112336,"[13, 146, 19, 5, 7, 0, 121, 20, 71, 72]"
112337,"[220, 19, 43, 261, 32, 103, 279, 23, 20, 9]"
112338,"[25, 151, 157, 77, 36, 49, 3, 60, 105, 19]"
112339,"[14, 261, 5, 20, 238, 72, 1, 19, 23, 32]"
112340,"[76, 19, 5, 279, 261, 32, 12, 130, 54, 1]"
112341,"[223, 19, 5, 151, 49, 175, 6, 92, 21, 17]"
112342,"[30, 7, 92, 71, 175, 66, 77, 48, 149, 38]"
112343,"[51, 28, 19, 24, 5, 147, 122, 9, 10, 49]"
112344,"[175, 19, 30, 7, 6, 92, 48, 5, 66, 261]"
112345,"[17, 73, 19, 5, 60, 55, 146, 261, 7, 130]"
112346,"[105, 60, 130, 5, 19, 97, 151, 223, 77, 82]"
112347,"[36, 151, 60, 25, 26, 19, 97, 49, 175, 77]"
112348,"[130, 92, 19, 175, 6, 223, 142, 7, 71, 112]"
112349,"[6, 49, 19, 92, 77, 66, 5, 175, 138, 10]"
112350,"[279, 5, 19, 32, 23, 1, 261, 73, 36, 34]"
112351,"[3, 73, 5, 21, 19, 42, 58, 223, 27, 17]"
112352,"[279, 261, 32, 23, 9, 5, 73, 142, 54, 4]"
112353,"[20, 2, 261, 238, 66, 7, 32, 71, 103, 5]"
112354,"[17, 19, 73, 5, 130, 36, 7, 32, 42, 223]"
112355,"[121, 175, 5, 279, 19, 97, 130, 157, 151, 133]"
112356,"[1, 23, 64, 54, 279, 261, 20, 5, 72, 220]"
112357,"[72, 10, 76, 23, 60, 77, 157, 1, 71, 43]"
112358,"[122, 26, 34, 5, 72, 146, 130, 19, 91, 10]"
112359,"[7, 48, 19, 30, 175, 6, 38, 44, 92, 5]"
112360,"[189, 138, 23, 175, 60, 130, 5, 26, 7, 1]"
112361,"[90, 18, 10, 19, 60, 91, 43, 32, 71, 72]"
112362,"[17, 73, 19, 5, 146, 55, 7, 60, 130, 223]"
112363,"[175, 19, 6, 7, 2, 38, 9, 49, 48, 10]"
112364,"[7, 77, 175, 92, 6, 49, 19, 5, 9, 133]"
112365,"[7, 48, 6, 175, 44, 261, 55, 19, 49, 2]"
112366,"[157, 151, 77, 25, 105, 6, 60, 49, 19, 92]"
112367,"[41, 82, 15, 0, 220, 138, 3, 49, 19, 189]"
112368,"[261, 1, 23, 279, 5, 32, 64, 20, 19, 54]"
112369,"[55, 5, 138, 121, 261, 23, 1, 42, 189, 97]"
112370,"[189, 223, 19, 5, 138, 146, 175, 3, 82, 21]"
112371,"[1, 23, 54, 20, 72, 5, 32, 261, 73, 19]"
112372,"[17, 73, 19, 5, 55, 60, 91, 7, 130, 146]"
112373,"[24, 4, 51, 9, 60, 5, 19, 36, 29, 28]"
112374,"[130, 5, 26, 151, 10, 19, 28, 73, 77, 34]"
112375,"[45, 66, 261, 279, 146, 5, 149, 189, 17, 138]"
112376,"[20, 2, 175, 261, 103, 32, 23, 71, 54, 66]"
112377,"[146, 5, 55, 19, 82, 13, 60, 91, 10, 151]"
112378,"[7, 48, 43, 175, 19, 6, 14, 30, 103, 261]"
112379,"[45, 66, 27, 71, 261, 5, 238, 19, 279, 32]"
112380,"[36, 55, 3, 42, 19, 138, 92, 5, 149, 29]"
112381,"[122, 26, 34, 77, 146, 5, 71, 19, 175, 10]"
112382,"[17, 19, 73, 7, 3, 12, 4, 223, 142, 2]"
112383,"[17, 73, 19, 7, 3, 23, 60, 72, 4, 261]"
112384,"[1, 54, 23, 279, 20, 19, 43, 121, 0, 64]"
112385,"[32, 261, 44, 92, 7, 14, 6, 279, 103, 23]"
112386,"[1, 64, 54, 23, 279, 20, 261, 5, 32, 66]"
112387,"[82, 19, 5, 138, 2, 21, 6, 54, 122, 71]"
112388,"[60, 105, 130, 19, 5, 223, 97, 55, 17, 82]"
112389,"[0, 71, 55, 60, 19, 13, 97, 121, 41, 18]"
112390,"[48, 7, 6, 261, 71, 9, 238, 26, 175, 77]"
112391,"[138, 189, 19, 36, 66, 92, 42, 175, 54, 7]"
112392,"[151, 7, 77, 9, 157, 25, 48, 38, 175, 43]"
112393,"[64, 146, 261, 1, 3, 20, 5, 23, 19, 73]"
112394,"[29, 24, 36, 9, 51, 5, 19, 42, 92, 3]"
112395,"[175, 9, 5, 6, 19, 10, 34, 71, 20, 49]"
112396,"[279, 261, 32, 54, 43, 2, 23, 9, 1, 51]"
112397,"[72, 1, 23, 19, 77, 76, 5, 10, 157, 60]"
112398,"[1, 54, 23, 279, 121, 19, 43, 10, 7, 5]"
112399,"[91, 19, 60, 18, 238, 5, 130, 90, 77, 55]"
112400,"[92, 77, 7, 5, 19, 6, 175, 49, 36, 9]"
112401,"[3, 138, 82, 189, 146, 17, 19, 6, 7, 29]"
112402,"[261, 279, 5, 54, 19, 72, 2, 32, 238, 43]"
112403,"[41, 19, 36, 49, 220, 6, 82, 5, 0, 138]"
112404,"[32, 261, 44, 23, 279, 103, 7, 14, 54, 19]"
112405,"[90, 18, 0, 72, 279, 20, 91, 238, 5, 60]"
112406,"[19, 223, 30, 5, 261, 3, 36, 149, 54, 138]"
112407,"[19, 82, 60, 105, 5, 84, 90, 49, 36, 130]"
112408,"[58, 5, 19, 12, 29, 261, 36, 189, 223, 7]"
112409,"[48, 7, 6, 19, 175, 9, 77, 92, 55, 5]"
112410,"[49, 105, 77, 60, 82, 25, 5, 19, 51, 6]"
112411,"[146, 19, 13, 5, 82, 60, 17, 0, 34, 10]"
112412,"[189, 5, 19, 138, 146, 175, 7, 130, 42, 23]"
112413,"[84, 82, 60, 90, 19, 105, 0, 5, 49, 13]"
112414,"[223, 5, 17, 29, 49, 19, 130, 142, 175, 9]"
112415,"[60, 130, 105, 151, 77, 19, 157, 25, 49, 5]"
112416,"[45, 19, 6, 261, 66, 5, 71, 146, 2, 21]"
112417,"[1, 64, 23, 54, 279, 138, 66, 261, 20, 43]"
112418,"[45, 66, 71, 38, 27, 149, 238, 77, 21, 76]"
112419,"[60, 5, 105, 19, 97, 82, 55, 18, 0, 90]"
112420,"[261, 32, 5, 103, 76, 66, 279, 45, 19, 73]"
112421,"[238, 5, 54, 261, 19, 23, 73, 32, 220, 279]"
112422,"[64, 261, 1, 279, 54, 32, 23, 20, 55, 43]"
112423,"[60, 105, 5, 97, 90, 18, 0, 19, 82, 157]"
112424,"[19, 5, 220, 41, 36, 6, 82, 3, 73, 91]"
112425,"[157, 25, 151, 77, 6, 60, 19, 105, 36, 49]"
112426,"[223, 189, 92, 19, 238, 130, 5, 60, 71, 55]"
112427,"[54, 279, 261, 23, 5, 32, 43, 1, 220, 9]"
112428,"[21, 5, 19, 146, 82, 92, 187, 26, 238, 73]"
112429,"[36, 19, 220, 5, 76, 77, 12, 1, 60, 130]"
112430,"[28, 1, 9, 103, 24, 10, 32, 147, 36, 261]"
112431,"[18, 82, 90, 0, 15, 19, 105, 60, 84, 92]"
112432,"[13, 146, 5, 19, 7, 0, 121, 73, 55, 17]"
112433,"[138, 189, 42, 36, 3, 7, 149, 92, 19, 43]"
112434,"[5, 19, 3, 223, 36, 17, 51, 73, 130, 138]"
112435,"[7, 48, 6, 19, 44, 20, 30, 157, 9, 175]"
112436,"[279, 23, 261, 32, 5, 19, 9, 7, 54, 73]"
112437,"[19, 5, 34, 9, 17, 279, 130, 10, 36, 24]"
112438,"[133, 92, 175, 49, 44, 9, 28, 6, 130, 24]"
112439,"[36, 19, 77, 220, 76, 55, 60, 5, 43, 54]"
112440,"[220, 43, 261, 103, 19, 32, 9, 279, 23, 54]"
112441,"[122, 26, 34, 5, 19, 146, 220, 77, 17, 7]"
112442,"[25, 6, 55, 77, 36, 49, 60, 157, 42, 71]"
112443,"[19, 5, 223, 82, 21, 73, 189, 17, 130, 6]"
112444,"[19, 5, 103, 238, 7, 43, 261, 279, 54, 32]"
112445,"[3, 73, 19, 6, 175, 5, 30, 21, 142, 146]"
112446,"[26, 34, 10, 122, 28, 5, 49, 71, 130, 151]"
112447,"[103, 261, 32, 279, 220, 9, 175, 43, 2, 19]"
112448,"[45, 66, 149, 3, 5, 261, 27, 238, 19, 36]"
112449,"[13, 5, 146, 19, 7, 73, 121, 6, 55, 261]"
112450,"[238, 19, 5, 92, 72, 36, 66, 130, 220, 20]"
112451,"[2, 261, 32, 220, 103, 54, 71, 5, 9, 73]"
112452,"[5, 19, 73, 223, 51, 36, 9, 3, 17, 261]"
112453,"[105, 157, 84, 77, 5, 36, 25, 49, 112, 92]"
112454,"[5, 19, 36, 58, 12, 73, 223, 3, 29, 238]"
112455,"[4, 19, 24, 36, 29, 60, 51, 5, 103, 138]"
112456,"[223, 60, 19, 130, 12, 90, 5, 92, 82, 121]"
112457,"[64, 1, 54, 23, 261, 90, 279, 20, 138, 14]"
112458,"[51, 9, 55, 279, 10, 261, 60, 71, 34, 21]"
112459,"[1, 28, 32, 23, 279, 261, 10, 9, 5, 43]"
112460,"[19, 5, 73, 17, 82, 175, 6, 130, 223, 10]"
112461,"[5, 19, 60, 84, 77, 238, 157, 105, 36, 1]"
112462,"[2, 5, 261, 71, 32, 6, 92, 48, 19, 7]"
112463,"[90, 60, 19, 43, 64, 20, 14, 279, 261, 18]"
112464,"[17, 73, 19, 7, 2, 23, 72, 12, 4, 261]"
112465,"[279, 238, 133, 10, 112, 92, 23, 48, 175, 66]"
112466,"[147, 5, 19, 71, 238, 72, 66, 279, 122, 261]"
112467,"[157, 19, 138, 76, 223, 5, 36, 7, 51, 189]"
112468,"[3, 19, 73, 5, 17, 92, 30, 175, 6, 146]"
112469,"[26, 34, 10, 5, 122, 71, 28, 238, 49, 151]"
112470,"[175, 9, 6, 10, 19, 49, 92, 71, 5, 66]"
112471,"[130, 5, 26, 34, 73, 19, 122, 28, 10, 17]"
112472,"[142, 30, 27, 66, 19, 175, 77, 7, 92, 38]"
112473,"[58, 20, 19, 261, 138, 119, 7, 220, 157, 60]"
112474,"[9, 175, 5, 6, 19, 66, 7, 71, 34, 10]"
112475,"[12, 32, 261, 279, 5, 60, 19, 71, 130, 17]"
112476,"[41, 97, 19, 5, 55, 10, 0, 121, 51, 60]"
112477,"[9, 19, 51, 175, 92, 5, 6, 279, 49, 133]"
112478,"[151, 77, 7, 9, 38, 36, 121, 175, 92, 48]"
112479,"[48, 7, 175, 19, 6, 9, 60, 55, 279, 30]"
112480,"[64, 23, 261, 1, 20, 32, 54, 279, 2, 5]"
112481,"[2, 261, 32, 238, 71, 9, 103, 92, 54, 220]"
112482,"[220, 261, 1, 19, 238, 43, 2, 97, 5, 9]"
112483,"[5, 19, 34, 261, 72, 223, 2, 77, 238, 279]"
112484,"[7, 48, 6, 30, 175, 44, 19, 223, 138, 157]"
112485,"[130, 151, 12, 91, 19, 147, 51, 60, 10, 133]"
112486,"[119, 28, 5, 147, 24, 55, 60, 71, 261, 97]"
112487,"[60, 105, 5, 97, 19, 49, 82, 0, 23, 18]"
112488,"[60, 105, 130, 19, 151, 55, 77, 5, 10, 157]"
112489,"[34, 5, 279, 19, 238, 261, 72, 91, 55, 51]"
112490,"[82, 84, 60, 90, 19, 105, 15, 18, 0, 146]"
112491,"[55, 146, 19, 5, 10, 60, 261, 91, 13, 7]"
112492,"[279, 261, 32, 103, 19, 54, 43, 5, 220, 23]"
112493,"[187, 21, 5, 3, 72, 261, 73, 32, 23, 142]"
112494,"[42, 36, 138, 189, 3, 23, 220, 29, 17, 1]"
112495,"[147, 28, 122, 26, 24, 60, 119, 130, 5, 32]"
112496,"[30, 19, 36, 5, 223, 149, 92, 3, 66, 21]"
112497,"[60, 157, 84, 5, 54, 25, 105, 19, 97, 32]"
112498,"[7, 48, 6, 261, 19, 175, 55, 92, 238, 2]"
112499,"[220, 261, 19, 43, 54, 9, 5, 6, 279, 103]"
112500,"[30, 7, 71, 92, 175, 66, 77, 19, 6, 149]"
112501,"[175, 9, 19, 5, 30, 38, 92, 77, 36, 6]"
112502,"[7, 19, 23, 261, 3, 138, 14, 17, 42, 5]"
112503,"[44, 6, 279, 133, 92, 48, 157, 32, 103, 25]"
112504,"[26, 60, 97, 10, 71, 49, 41, 77, 121, 6]"
112505,"[28, 24, 19, 5, 32, 20, 103, 238, 279, 76]"
112506,"[13, 121, 0, 97, 146, 5, 76, 55, 119, 21]"
112507,"[48, 7, 175, 6, 19, 44, 9, 279, 77, 30]"
112508,"[91, 18, 19, 238, 60, 130, 90, 5, 51, 15]"
112509,"[19, 5, 36, 223, 17, 238, 51, 9, 92, 10]"
112510,"[20, 1, 54, 14, 23, 279, 261, 64, 5, 238]"
112511,"[220, 19, 36, 261, 43, 9, 103, 279, 64, 1]"
112512,"[7, 6, 48, 175, 19, 44, 30, 43, 14, 77]"
112513,"[6, 25, 77, 157, 19, 44, 17, 92, 7, 49]"
112514,"[73, 19, 17, 10, 5, 51, 130, 72, 6, 261]"
112515,"[28, 24, 103, 9, 10, 1, 32, 51, 147, 55]"
112516,"[175, 30, 7, 6, 19, 66, 48, 21, 146, 92]"
112517,"[73, 5, 17, 19, 223, 72, 130, 146, 3, 82]"
112518,"[19, 5, 58, 76, 36, 3, 12, 42, 261, 17]"
112519,"[25, 151, 157, 77, 36, 49, 60, 3, 105, 55]"
112520,"[60, 18, 105, 5, 19, 0, 97, 82, 55, 90]"
112521,"[42, 3, 138, 17, 189, 23, 36, 220, 29, 7]"
112522,"[130, 151, 19, 60, 5, 51, 10, 91, 147, 73]"
112523,"[103, 238, 261, 5, 220, 42, 32, 6, 73, 19]"
112524,"[64, 20, 146, 261, 1, 3, 19, 72, 279, 149]"
112525,"[187, 5, 21, 19, 261, 36, 72, 77, 20, 32]"
112526,"[279, 32, 23, 261, 103, 43, 9, 54, 1, 5]"
112527,"[18, 0, 90, 19, 54, 60, 279, 15, 10, 71]"
112528,"[112, 5, 279, 261, 71, 2, 9, 187, 27, 10]"
112529,"[92, 133, 49, 44, 7, 19, 77, 238, 112, 36]"
112530,"[12, 19, 5, 130, 71, 17, 223, 261, 76, 138]"
112531,"[142, 261, 19, 66, 21, 71, 5, 2, 73, 72]"
112532,"[5, 19, 2, 26, 10, 261, 223, 51, 49, 77]"
112533,"[97, 5, 0, 19, 121, 60, 72, 146, 18, 23]"
112534,"[76, 36, 3, 149, 19, 5, 138, 42, 189, 64]"
112535,"[12, 261, 19, 5, 32, 71, 73, 17, 130, 60]"
112536,"[32, 261, 44, 23, 103, 279, 14, 7, 28, 20]"
112537,"[36, 220, 19, 76, 3, 77, 12, 103, 29, 138]"
112538,"[157, 76, 17, 19, 73, 91, 279, 5, 175, 51]"
112539,"[55, 19, 60, 10, 2, 223, 54, 71, 5, 7]"
112540,"[18, 0, 72, 5, 90, 97, 10, 105, 60, 15]"
112541,"[5, 19, 4, 2, 261, 7, 60, 49, 223, 55]"
112542,"[146, 55, 19, 82, 5, 60, 13, 36, 91, 0]"
112543,"[20, 5, 220, 84, 7, 19, 138, 103, 30, 3]"
112544,"[82, 84, 60, 90, 19, 105, 223, 15, 18, 49]"
112545,"[76, 19, 5, 36, 261, 32, 82, 6, 73, 20]"
112546,"[7, 48, 44, 6, 175, 279, 261, 138, 25, 3]"
112547,"[19, 5, 7, 6, 175, 261, 55, 48, 2, 9]"
112548,"[18, 58, 60, 19, 71, 90, 0, 51, 66, 9]"
112549,"[138, 189, 42, 3, 36, 149, 7, 66, 23, 29]"
112550,"[66, 45, 261, 27, 279, 71, 149, 30, 175, 20]"
112551,"[5, 82, 238, 261, 19, 51, 9, 21, 73, 71]"
112552,"[146, 13, 55, 19, 60, 71, 261, 6, 34, 10]"
112553,"[122, 34, 26, 5, 72, 261, 19, 238, 10, 71]"
112554,"[71, 19, 30, 5, 77, 38, 175, 36, 7, 261]"
112555,"[34, 10, 19, 5, 26, 36, 130, 77, 92, 9]"
112556,"[220, 19, 261, 43, 5, 238, 1, 20, 103, 73]"
112557,"[112, 5, 279, 9, 157, 29, 92, 261, 187, 133]"
112558,"[146, 13, 5, 261, 19, 66, 23, 122, 55, 6]"
112559,"[34, 5, 261, 26, 55, 19, 279, 72, 10, 91]"
112560,"[7, 5, 175, 92, 279, 55, 261, 19, 14, 71]"
112561,"[66, 238, 14, 21, 71, 41, 138, 10, 90, 7]"
112562,"[91, 19, 18, 60, 90, 130, 238, 15, 77, 5]"
112563,"[121, 133, 10, 19, 175, 92, 97, 157, 49, 151]"
112564,"[41, 55, 2, 71, 97, 60, 58, 261, 32, 10]"
112565,"[5, 10, 19, 279, 72, 130, 34, 261, 23, 122]"
112566,"[175, 66, 92, 19, 30, 149, 20, 238, 36, 73]"
112567,"[10, 34, 130, 26, 77, 60, 105, 5, 157, 72]"
112568,"[223, 19, 189, 5, 82, 279, 92, 130, 103, 238]"
112569,"[23, 1, 36, 3, 54, 19, 20, 5, 55, 42]"
112570,"[149, 66, 124, 5, 175, 30, 9, 261, 279, 19]"
112571,"[19, 223, 30, 5, 58, 66, 261, 21, 27, 36]"
112572,"[48, 7, 6, 175, 2, 19, 55, 58, 261, 9]"
112573,"[223, 189, 130, 19, 5, 82, 92, 21, 12, 17]"
112574,"[7, 6, 48, 19, 175, 14, 44, 261, 30, 72]"
112575,"[119, 5, 147, 122, 54, 32, 24, 2, 1, 138]"
112576,"[13, 146, 5, 19, 7, 261, 55, 121, 72, 6]"
112577,"[261, 54, 279, 32, 220, 2, 9, 23, 51, 5]"
112578,"[20, 21, 261, 32, 5, 103, 19, 64, 72, 238]"
112579,"[19, 73, 5, 72, 138, 238, 36, 71, 189, 223]"
112580,"[73, 17, 19, 5, 3, 10, 7, 72, 27, 261]"
112581,"[82, 19, 60, 84, 5, 105, 90, 0, 17, 146]"
112582,"[130, 92, 19, 223, 5, 238, 44, 142, 279, 7]"
112583,"[124, 149, 66, 45, 261, 55, 279, 2, 32, 42]"
112584,"[6, 7, 44, 48, 30, 49, 157, 25, 175, 220]"
112585,"[54, 23, 279, 220, 261, 1, 42, 5, 9, 14]"
112586,"[97, 19, 0, 60, 5, 121, 105, 82, 18, 76]"
112587,"[60, 130, 151, 17, 105, 5, 157, 19, 77, 220]"
112588,"[97, 60, 121, 0, 18, 5, 19, 138, 105, 55]"
112589,"[28, 24, 103, 19, 26, 32, 133, 5, 51, 92]"
112590,"[279, 261, 32, 5, 23, 54, 19, 51, 9, 1]"
112591,"[44, 175, 7, 48, 279, 92, 38, 32, 30, 6]"
112592,"[49, 48, 77, 6, 92, 7, 105, 25, 261, 5]"
112593,"[5, 19, 49, 146, 6, 220, 175, 77, 261, 73]"
112594,"[5, 66, 21, 20, 261, 19, 238, 30, 27, 73]"
112595,"[0, 18, 82, 90, 60, 15, 105, 84, 97, 19]"
112596,"[149, 66, 124, 9, 175, 3, 71, 30, 261, 19]"
112597,"[19, 5, 36, 51, 223, 92, 73, 3, 29, 261]"
112598,"[48, 7, 6, 2, 103, 49, 138, 58, 30, 124]"
112599,"[103, 238, 189, 138, 3, 42, 5, 6, 19, 220]"
112600,"[279, 261, 32, 23, 9, 54, 34, 5, 2, 43]"
112601,"[82, 19, 238, 5, 36, 21, 138, 9, 3, 187]"
112602,"[43, 19, 7, 220, 5, 103, 279, 9, 34, 261]"
112603,"[28, 147, 119, 24, 122, 5, 130, 60, 1, 26]"
112604,"[19, 60, 82, 5, 105, 17, 84, 130, 91, 146]"
112605,"[149, 124, 2, 175, 103, 30, 32, 71, 279, 261]"
112606,"[142, 19, 261, 23, 5, 279, 14, 175, 24, 4]"
112607,"[175, 9, 38, 30, 6, 19, 5, 25, 36, 7]"
112608,"[20, 175, 261, 2, 5, 14, 103, 32, 66, 220]"
112609,"[73, 17, 19, 3, 5, 72, 7, 261, 10, 146]"
112610,"[7, 48, 6, 43, 261, 175, 44, 2, 279, 55]"
112611,"[60, 130, 19, 151, 5, 77, 105, 97, 223, 25]"
112612,"[55, 5, 25, 36, 105, 77, 151, 60, 157, 17]"
112613,"[5, 19, 261, 220, 7, 20, 9, 84, 23, 138]"
112614,"[142, 27, 261, 66, 21, 238, 76, 73, 7, 71]"
112615,"[77, 19, 5, 26, 34, 76, 60, 130, 122, 36]"
112616,"[157, 10, 76, 72, 97, 5, 73, 41, 138, 26]"
112617,"[66, 149, 175, 14, 77, 5, 19, 261, 21, 92]"
112618,"[2, 5, 10, 261, 66, 71, 19, 51, 58, 55]"
112619,"[36, 19, 151, 5, 60, 25, 77, 1, 9, 26]"
112620,"[32, 261, 279, 44, 103, 23, 14, 7, 20, 28]"
112621,"[92, 133, 44, 49, 112, 19, 238, 77, 7, 36]"
112622,"[1, 23, 54, 20, 32, 5, 19, 279, 73, 3]"
112623,"[13, 121, 0, 97, 55, 5, 279, 146, 76, 60]"
112624,"[41, 19, 97, 5, 146, 0, 36, 71, 55, 6]"
112625,"[30, 19, 36, 149, 92, 64, 77, 66, 20, 3]"
112626,"[7, 48, 6, 44, 261, 43, 175, 66, 55, 279]"
112627,"[157, 41, 10, 26, 97, 71, 76, 18, 138, 55]"
112628,"[19, 5, 76, 12, 238, 7, 73, 121, 17, 1]"
112629,"[29, 19, 3, 17, 138, 36, 6, 223, 5, 9]"
112630,"[187, 21, 5, 72, 3, 142, 2, 73, 138, 261]"
112631,"[19, 73, 5, 17, 130, 51, 10, 6, 261, 175]"
112632,"[97, 121, 0, 105, 60, 5, 26, 130, 13, 19]"
112633,"[7, 48, 175, 6, 19, 9, 5, 17, 44, 3]"
112634,"[149, 124, 45, 3, 36, 20, 66, 1, 138, 42]"
112635,"[238, 91, 7, 279, 32, 5, 20, 261, 19, 34]"
112636,"[146, 19, 13, 55, 5, 82, 60, 223, 84, 3]"
112637,"[55, 5, 25, 77, 60, 36, 19, 92, 138, 49]"
112638,"[6, 7, 44, 157, 30, 25, 48, 175, 49, 19]"
112639,"[138, 189, 42, 3, 149, 23, 36, 175, 146, 1]"
112640,"[60, 130, 19, 5, 151, 17, 105, 73, 77, 55]"
112641,"[5, 19, 261, 34, 77, 238, 49, 51, 223, 72]"
112642,"[20, 2, 261, 66, 238, 71, 7, 32, 103, 64]"
112643,"[82, 5, 19, 261, 3, 21, 23, 238, 36, 189]"
112644,"[122, 147, 28, 26, 34, 32, 24, 5, 51, 71]"
112645,"[27, 142, 21, 19, 30, 5, 73, 66, 92, 238]"
112646,"[9, 175, 19, 279, 5, 51, 261, 223, 142, 92]"
112647,"[26, 34, 5, 122, 10, 130, 49, 28, 71, 72]"
112648,"[71, 30, 38, 66, 19, 77, 7, 45, 175, 5]"
112649,"[90, 18, 60, 10, 71, 19, 1, 0, 23, 91]"
112650,"[10, 34, 130, 26, 51, 77, 5, 151, 19, 73]"
112651,"[5, 2, 43, 279, 261, 71, 10, 19, 60, 32]"
112652,"[55, 25, 151, 77, 105, 60, 5, 71, 92, 157]"
112653,"[147, 28, 122, 26, 5, 24, 60, 71, 32, 130]"
112654,"[91, 18, 19, 90, 60, 130, 15, 238, 220, 279]"
112655,"[20, 66, 2, 103, 238, 21, 64, 7, 261, 71]"
112656,"[77, 92, 7, 175, 9, 151, 48, 5, 133, 49]"
112657,"[223, 5, 17, 19, 49, 29, 142, 92, 9, 261]"
112658,"[51, 73, 19, 5, 9, 261, 130, 10, 17, 279]"
112659,"[6, 48, 19, 175, 7, 30, 5, 2, 3, 10]"
112660,"[82, 19, 5, 60, 146, 105, 84, 17, 0, 90]"
112661,"[92, 7, 149, 6, 48, 66, 133, 30, 175, 49]"
112662,"[105, 92, 77, 10, 82, 5, 133, 1, 49, 90]"
112663,"[29, 36, 9, 19, 220, 223, 138, 49, 175, 3]"
112664,"[119, 24, 28, 5, 51, 147, 19, 4, 122, 12]"
112665,"[187, 21, 5, 73, 142, 261, 3, 72, 189, 2]"
112666,"[92, 49, 133, 6, 2, 77, 7, 44, 19, 10]"
112667,"[220, 43, 261, 32, 103, 1, 19, 54, 20, 5]"
112668,"[146, 5, 19, 13, 26, 122, 73, 6, 261, 130]"
112669,"[29, 19, 261, 23, 220, 17, 36, 138, 9, 5]"
112670,"[121, 279, 175, 10, 55, 34, 151, 60, 157, 92]"
112671,"[36, 3, 138, 149, 19, 189, 42, 5, 76, 29]"
112672,"[41, 97, 19, 10, 0, 28, 151, 55, 1, 5]"
112673,"[77, 49, 5, 92, 38, 105, 36, 19, 7, 133]"
112674,"[32, 261, 279, 23, 44, 7, 19, 14, 20, 103]"
112675,"[187, 5, 261, 3, 19, 32, 72, 279, 21, 138]"
112676,"[187, 21, 5, 72, 36, 261, 77, 24, 19, 64]"
112677,"[24, 4, 28, 36, 19, 5, 49, 29, 60, 122]"
112678,"[17, 73, 19, 146, 60, 5, 7, 55, 130, 82]"
112679,"[21, 5, 19, 238, 142, 82, 187, 24, 60, 66]"
112680,"[223, 5, 17, 19, 9, 175, 142, 7, 73, 12]"
112681,"[5, 19, 261, 9, 279, 73, 23, 146, 51, 72]"
112682,"[82, 60, 84, 19, 90, 105, 146, 49, 0, 18]"
112683,"[20, 5, 261, 2, 76, 34, 103, 32, 220, 149]"
112684,"[24, 51, 28, 9, 19, 122, 147, 5, 60, 4]"
112685,"[54, 279, 5, 23, 19, 2, 261, 1, 32, 42]"
112686,"[4, 19, 36, 24, 5, 29, 23, 28, 60, 17]"
112687,"[157, 151, 25, 60, 77, 19, 6, 5, 130, 49]"
112688,"[84, 20, 43, 9, 103, 220, 279, 5, 7, 19]"
112689,"[121, 97, 60, 13, 0, 76, 5, 261, 55, 43]"
112690,"[84, 60, 82, 90, 19, 0, 105, 13, 18, 91]"
112691,"[28, 24, 32, 19, 34, 103, 5, 9, 51, 122]"
112692,"[5, 279, 44, 49, 19, 130, 175, 133, 261, 32]"
112693,"[43, 279, 220, 103, 7, 138, 19, 157, 9, 34]"
112694,"[51, 19, 9, 92, 5, 55, 28, 261, 32, 147]"
112695,"[82, 19, 105, 5, 146, 60, 90, 84, 21, 17]"
112696,"[3, 138, 19, 6, 17, 82, 146, 7, 223, 58]"
112697,"[10, 73, 19, 5, 17, 55, 7, 6, 157, 223]"
112698,"[0, 71, 97, 41, 66, 122, 60, 13, 55, 19]"
112699,"[27, 66, 45, 149, 261, 91, 71, 92, 238, 20]"
112700,"[19, 5, 175, 3, 30, 92, 77, 6, 149, 17]"
112701,"[223, 130, 19, 189, 5, 175, 82, 92, 146, 17]"
112702,"[149, 66, 124, 261, 2, 71, 279, 58, 175, 9]"
112703,"[19, 5, 261, 6, 48, 7, 279, 32, 175, 9]"
112704,"[66, 45, 149, 124, 261, 2, 138, 30, 92, 3]"
112705,"[157, 21, 10, 76, 7, 6, 43, 5, 66, 19]"
112706,"[21, 187, 19, 14, 82, 3, 30, 92, 27, 36]"
112707,"[146, 19, 13, 5, 7, 261, 72, 55, 138, 60]"
112708,"[32, 261, 42, 220, 5, 103, 3, 279, 19, 238]"
112709,"[138, 19, 7, 92, 5, 36, 55, 43, 279, 20]"
112710,"[220, 19, 5, 279, 261, 103, 17, 91, 3, 36]"
112711,"[175, 6, 49, 10, 133, 38, 41, 151, 92, 189]"
112712,"[119, 34, 71, 55, 26, 58, 10, 5, 51, 41]"
112713,"[9, 175, 5, 19, 6, 146, 7, 34, 66, 10]"
112714,"[27, 66, 45, 261, 71, 149, 14, 5, 92, 20]"
112715,"[122, 34, 26, 5, 72, 146, 130, 30, 19, 261]"
112716,"[220, 43, 261, 238, 103, 32, 19, 55, 66, 97]"
112717,"[13, 97, 146, 121, 0, 5, 55, 19, 76, 34]"
112718,"[5, 4, 279, 43, 19, 261, 24, 60, 9, 71]"
112719,"[34, 5, 261, 279, 72, 55, 42, 238, 19, 21]"
112720,"[220, 103, 279, 43, 261, 32, 2, 19, 5, 54]"
112721,"[189, 5, 261, 138, 19, 279, 4, 71, 175, 72]"
112722,"[73, 5, 19, 17, 223, 130, 36, 3, 20, 77]"
112723,"[157, 25, 151, 60, 6, 77, 19, 49, 130, 105]"
112724,"[1, 28, 23, 261, 55, 5, 10, 32, 20, 238]"
112725,"[261, 64, 32, 23, 20, 2, 220, 43, 71, 14]"
112726,"[261, 44, 7, 32, 279, 19, 48, 2, 5, 66]"
112727,"[60, 91, 82, 19, 5, 105, 151, 77, 0, 36]"
112728,"[3, 36, 19, 29, 6, 17, 146, 138, 42, 189]"
112729,"[19, 261, 5, 223, 58, 66, 30, 279, 55, 6]"
112730,"[14, 261, 23, 32, 1, 279, 20, 54, 72, 43]"
112731,"[25, 6, 55, 49, 36, 42, 60, 157, 138, 3]"
112732,"[6, 25, 77, 157, 151, 7, 44, 17, 38, 48]"
112733,"[0, 18, 82, 60, 90, 15, 84, 105, 91, 19]"
112734,"[90, 10, 18, 60, 19, 41, 0, 55, 71, 54]"
112735,"[29, 9, 220, 32, 279, 261, 36, 5, 223, 3]"
112736,"[189, 223, 5, 138, 19, 21, 55, 64, 43, 238]"
112737,"[51, 19, 24, 28, 36, 5, 147, 10, 60, 122]"
112738,"[90, 18, 0, 60, 43, 19, 82, 13, 91, 72]"
112739,"[28, 147, 32, 261, 23, 5, 130, 142, 19, 4]"
112740,"[17, 73, 19, 5, 146, 130, 55, 7, 36, 223]"
112741,"[157, 76, 19, 51, 138, 36, 223, 189, 7, 5]"
112742,"[175, 92, 133, 238, 279, 10, 157, 21, 5, 187]"
112743,"[28, 19, 24, 5, 92, 36, 51, 20, 103, 64]"
112744,"[223, 19, 189, 5, 130, 36, 146, 26, 82, 92]"
112745,"[30, 48, 175, 7, 38, 66, 92, 6, 21, 3]"
112746,"[12, 19, 5, 60, 17, 130, 32, 261, 71, 223]"
112747,"[6, 25, 77, 157, 44, 151, 7, 19, 38, 175]"
112748,"[2, 5, 92, 261, 49, 175, 71, 66, 19, 6]"
112749,"[1, 261, 5, 55, 23, 32, 51, 10, 20, 42]"
112750,"[38, 71, 77, 30, 175, 66, 19, 60, 238, 92]"
112751,"[20, 2, 175, 66, 5, 19, 261, 103, 54, 32]"
112752,"[5, 10, 19, 279, 51, 130, 34, 77, 121, 1]"
112753,"[261, 64, 32, 1, 279, 54, 23, 55, 19, 20]"
112754,"[122, 26, 5, 34, 77, 19, 261, 121, 20, 32]"
112755,"[48, 7, 6, 21, 30, 103, 44, 175, 5, 138]"
112756,"[30, 71, 7, 66, 175, 92, 261, 48, 20, 6]"
112757,"[41, 97, 19, 10, 0, 279, 5, 121, 60, 157]"
112758,"[21, 19, 187, 92, 14, 82, 77, 30, 5, 36]"
112759,"[2, 71, 175, 49, 5, 7, 261, 66, 92, 48]"
112760,"[73, 5, 17, 19, 3, 72, 261, 7, 146, 10]"
112761,"[187, 21, 5, 19, 261, 14, 73, 92, 32, 28]"
112762,"[64, 19, 261, 5, 1, 20, 279, 223, 3, 73]"
112763,"[26, 34, 122, 49, 28, 10, 147, 71, 157, 77]"
112764,"[48, 7, 175, 6, 44, 19, 261, 9, 279, 30]"
112765,"[133, 5, 92, 175, 130, 26, 238, 19, 279, 91]"
112766,"[151, 60, 157, 55, 77, 19, 5, 92, 130, 105]"
112767,"[29, 36, 238, 5, 9, 261, 220, 23, 19, 92]"
112768,"[60, 105, 5, 19, 130, 223, 82, 97, 17, 77]"
112769,"[189, 17, 26, 175, 130, 60, 223, 7, 5, 138]"
112770,"[220, 43, 3, 19, 5, 138, 42, 55, 91, 60]"
112771,"[14, 261, 20, 5, 19, 23, 1, 72, 32, 54]"
112772,"[66, 175, 30, 3, 149, 124, 6, 92, 73, 133]"
112773,"[73, 19, 151, 130, 71, 72, 189, 5, 261, 58]"
112774,"[48, 7, 6, 175, 21, 49, 25, 138, 30, 77]"
112775,"[90, 19, 43, 60, 34, 26, 10, 122, 32, 279]"
112776,"[19, 5, 103, 7, 238, 261, 43, 9, 54, 279]"
112777,"[44, 6, 7, 92, 25, 175, 48, 279, 49, 157]"
112778,"[5, 19, 84, 20, 220, 9, 238, 34, 7, 103]"
112779,"[18, 60, 19, 279, 91, 71, 9, 5, 0, 34]"
112780,"[25, 6, 36, 49, 55, 92, 77, 19, 42, 261]"
112781,"[41, 97, 0, 10, 19, 1, 55, 151, 121, 60]"
112782,"[279, 32, 261, 23, 43, 9, 54, 124, 103, 5]"
112783,"[147, 28, 122, 26, 5, 130, 24, 71, 133, 51]"
112784,"[142, 30, 175, 27, 19, 7, 5, 6, 3, 4]"
112785,"[97, 19, 5, 60, 121, 0, 71, 6, 2, 26]"
112786,"[44, 7, 92, 175, 133, 48, 261, 38, 279, 6]"
112787,"[238, 91, 7, 19, 261, 32, 3, 20, 279, 5]"
112788,"[142, 27, 30, 66, 175, 38, 149, 3, 54, 2]"
112789,"[19, 73, 5, 72, 189, 238, 6, 66, 138, 151]"
112790,"[44, 7, 32, 261, 279, 175, 48, 23, 6, 38]"
112791,"[19, 82, 60, 105, 5, 84, 130, 157, 90, 17]"
112792,"[90, 18, 0, 19, 60, 5, 72, 82, 91, 238]"
112793,"[105, 92, 49, 133, 10, 77, 5, 82, 1, 19]"
112794,"[5, 76, 19, 73, 12, 279, 238, 17, 261, 130]"
112795,"[5, 19, 34, 261, 223, 26, 238, 72, 51, 73]"
112796,"[92, 133, 175, 151, 49, 130, 77, 19, 44, 6]"
112797,"[18, 72, 5, 0, 90, 19, 82, 60, 238, 10]"
112798,"[189, 5, 19, 279, 72, 223, 138, 175, 142, 130]"
112799,"[30, 48, 175, 7, 6, 66, 71, 92, 19, 21]"
112800,"[72, 7, 261, 14, 2, 32, 279, 238, 48, 66]"
112801,"[238, 261, 32, 7, 28, 5, 14, 20, 19, 66]"
112802,"[38, 71, 175, 19, 66, 30, 60, 7, 77, 48]"
112803,"[55, 3, 138, 1, 97, 36, 189, 42, 121, 5]"
112804,"[147, 28, 122, 26, 24, 119, 5, 60, 130, 71]"
112805,"[60, 19, 51, 28, 36, 5, 122, 121, 147, 26]"
112806,"[3, 19, 5, 73, 30, 175, 91, 17, 92, 21]"
112807,"[15, 18, 0, 84, 105, 60, 91, 90, 82, 19]"
112808,"[34, 10, 26, 51, 9, 55, 122, 261, 130, 19]"
112809,"[71, 7, 19, 5, 38, 30, 48, 261, 279, 32]"
112810,"[103, 3, 261, 19, 7, 91, 175, 9, 279, 223]"
112811,"[72, 5, 1, 77, 19, 23, 238, 10, 36, 76]"
112812,"[220, 43, 19, 5, 36, 146, 3, 55, 7, 103]"
112813,"[55, 25, 5, 60, 97, 151, 157, 49, 17, 34]"
112814,"[72, 261, 7, 32, 5, 2, 279, 19, 23, 238]"
112815,"[20, 19, 64, 58, 5, 6, 238, 73, 7, 220]"
112816,"[19, 103, 5, 279, 7, 261, 32, 238, 54, 9]"
112817,"[18, 90, 0, 82, 15, 60, 105, 84, 91, 19]"
112818,"[10, 73, 157, 55, 71, 48, 19, 6, 60, 51]"
112819,"[54, 1, 43, 23, 279, 14, 20, 103, 175, 0]"
112820,"[130, 151, 19, 60, 91, 17, 10, 51, 12, 92]"
112821,"[41, 10, 97, 121, 0, 19, 55, 151, 77, 60]"
112822,"[7, 48, 19, 6, 30, 238, 261, 5, 175, 20]"
112823,"[10, 73, 19, 55, 5, 60, 51, 7, 71, 6]"
112824,"[19, 29, 36, 3, 5, 138, 24, 17, 4, 223]"
112825,"[73, 17, 19, 3, 6, 72, 21, 10, 261, 5]"
112826,"[73, 5, 261, 2, 19, 32, 92, 36, 238, 223]"
112827,"[72, 7, 261, 14, 32, 238, 279, 142, 2, 5]"
112828,"[34, 5, 261, 279, 55, 238, 72, 19, 26, 9]"
112829,"[45, 261, 32, 5, 279, 66, 55, 54, 71, 19]"
112830,"[261, 20, 32, 23, 14, 279, 64, 2, 19, 54]"
112831,"[1, 54, 279, 23, 43, 10, 121, 20, 103, 261]"
112832,"[64, 23, 146, 261, 1, 279, 32, 175, 20, 2]"
112833,"[142, 279, 261, 32, 43, 175, 19, 23, 24, 14]"
112834,"[157, 6, 77, 25, 151, 49, 19, 60, 105, 36]"
112835,"[133, 92, 5, 26, 2, 66, 175, 71, 238, 21]"
112836,"[60, 5, 84, 157, 105, 25, 97, 19, 1, 77]"
112837,"[29, 24, 36, 9, 5, 42, 19, 32, 238, 55]"
112838,"[36, 55, 92, 138, 3, 77, 149, 19, 42, 238]"
112839,"[64, 20, 19, 146, 1, 5, 279, 261, 92, 23]"
112840,"[60, 130, 5, 105, 151, 261, 55, 19, 220, 43]"
112841,"[72, 7, 261, 19, 5, 71, 2, 6, 238, 10]"
112842,"[58, 261, 138, 19, 54, 5, 20, 66, 7, 119]"
112843,"[71, 261, 7, 5, 19, 72, 66, 14, 48, 30]"
112844,"[175, 9, 38, 19, 28, 71, 6, 49, 36, 10]"
112845,"[76, 21, 19, 82, 18, 12, 6, 36, 71, 5]"
112846,"[124, 149, 66, 45, 138, 30, 2, 48, 3, 55]"
112847,"[26, 97, 60, 49, 121, 5, 19, 77, 130, 122]"
112848,"[175, 66, 73, 30, 20, 149, 92, 5, 27, 238]"
112849,"[187, 21, 5, 19, 261, 3, 32, 43, 103, 14]"
112850,"[119, 5, 24, 147, 28, 43, 55, 71, 122, 97]"
112851,"[55, 5, 25, 60, 77, 19, 36, 151, 49, 138]"
112852,"[3, 19, 17, 175, 30, 149, 6, 66, 73, 146]"
112853,"[157, 72, 76, 5, 73, 10, 97, 138, 91, 19]"
112854,"[64, 1, 23, 146, 261, 279, 175, 138, 3, 19]"
112855,"[9, 19, 5, 51, 279, 175, 261, 92, 6, 223]"
112856,"[121, 97, 0, 71, 2, 10, 5, 223, 13, 41]"
112857,"[151, 9, 7, 77, 38, 25, 175, 19, 36, 157]"
112858,"[261, 20, 32, 23, 279, 64, 14, 220, 2, 17]"
112859,"[20, 103, 261, 36, 238, 5, 220, 2, 149, 32]"
112860,"[18, 82, 90, 0, 19, 60, 15, 105, 5, 146]"
112861,"[223, 5, 189, 19, 130, 36, 146, 82, 92, 175]"
112862,"[19, 58, 5, 36, 12, 29, 238, 92, 223, 20]"
112863,"[119, 24, 147, 5, 138, 28, 55, 122, 12, 189]"
112864,"[9, 175, 92, 279, 51, 71, 43, 10, 238, 151]"
112865,"[3, 19, 5, 82, 7, 103, 17, 73, 20, 138]"
112866,"[19, 5, 18, 60, 279, 91, 9, 23, 34, 261]"
112867,"[41, 19, 97, 58, 0, 10, 55, 261, 71, 138]"
112868,"[15, 82, 84, 91, 19, 18, 105, 0, 146, 60]"
112869,"[42, 138, 3, 189, 23, 36, 220, 55, 279, 149]"
112870,"[29, 36, 19, 3, 5, 24, 138, 223, 17, 92]"
112871,"[1, 54, 23, 20, 19, 5, 73, 3, 279, 14]"
112872,"[58, 19, 12, 5, 261, 66, 189, 20, 60, 29]"
112873,"[5, 3, 138, 42, 36, 189, 19, 149, 55, 25]"
112874,"[175, 19, 7, 49, 38, 92, 6, 30, 5, 3]"
112875,"[149, 66, 261, 124, 9, 279, 32, 23, 175, 30]"
112876,"[175, 6, 41, 10, 2, 66, 92, 19, 71, 21]"
112877,"[7, 279, 261, 54, 32, 5, 43, 2, 14, 44]"
112878,"[45, 66, 149, 36, 3, 261, 5, 19, 138, 238]"
112879,"[64, 1, 261, 23, 54, 2, 20, 138, 32, 90]"
112880,"[43, 279, 261, 19, 32, 7, 220, 23, 9, 103]"
112881,"[76, 36, 3, 42, 149, 5, 19, 138, 189, 55]"
112882,"[90, 10, 19, 49, 30, 34, 71, 26, 32, 43]"
112883,"[175, 19, 6, 279, 9, 10, 7, 92, 49, 5]"
112884,"[45, 66, 261, 27, 71, 32, 175, 279, 149, 9]"
112885,"[149, 124, 45, 3, 66, 36, 138, 20, 1, 92]"
112886,"[90, 60, 19, 18, 55, 20, 5, 54, 32, 261]"
112887,"[77, 34, 76, 26, 19, 5, 105, 122, 49, 60]"
112888,"[82, 84, 60, 19, 90, 223, 18, 15, 105, 0]"
112889,"[15, 82, 19, 146, 84, 91, 0, 18, 36, 60]"
112890,"[1, 23, 64, 54, 279, 220, 20, 28, 9, 43]"
112891,"[51, 10, 34, 26, 28, 122, 5, 24, 147, 49]"
112892,"[29, 3, 36, 19, 5, 138, 24, 17, 42, 223]"
112893,"[54, 1, 23, 261, 5, 14, 279, 19, 20, 32]"
112894,"[149, 66, 92, 19, 175, 2, 71, 5, 261, 30]"
112895,"[90, 19, 91, 5, 18, 60, 10, 1, 55, 72]"
112896,"[92, 133, 44, 112, 49, 7, 9, 10, 77, 130]"
112897,"[187, 2, 142, 19, 3, 5, 175, 103, 32, 21]"
112898,"[17, 73, 19, 5, 146, 130, 55, 60, 7, 82]"
112899,"[30, 19, 7, 175, 6, 92, 5, 48, 66, 3]"
112900,"[91, 60, 19, 18, 55, 71, 90, 130, 84, 51]"
112901,"[30, 48, 175, 7, 38, 92, 6, 19, 66, 21]"
112902,"[149, 3, 124, 36, 1, 20, 45, 138, 66, 92]"
112903,"[29, 261, 5, 23, 19, 3, 220, 138, 36, 9]"
112904,"[13, 121, 0, 97, 146, 5, 55, 60, 19, 17]"
112905,"[133, 92, 5, 2, 238, 60, 66, 175, 130, 71]"
112906,"[5, 3, 138, 36, 42, 19, 149, 189, 55, 17]"
112907,"[279, 32, 5, 261, 19, 23, 73, 43, 124, 54]"
112908,"[5, 261, 279, 19, 23, 60, 32, 54, 76, 157]"
112909,"[91, 92, 238, 19, 55, 72, 18, 90, 27, 5]"
112910,"[187, 5, 142, 19, 21, 2, 261, 30, 32, 175]"
112911,"[97, 121, 60, 26, 0, 105, 41, 5, 49, 55]"
112912,"[21, 20, 5, 19, 238, 261, 73, 27, 187, 64]"
112913,"[18, 90, 82, 0, 60, 19, 15, 105, 84, 91]"
112914,"[41, 220, 73, 19, 261, 5, 32, 91, 60, 42]"
112915,"[0, 18, 60, 82, 90, 15, 84, 105, 97, 19]"
112916,"[77, 151, 49, 157, 105, 71, 6, 92, 25, 175]"
112917,"[38, 71, 175, 30, 19, 77, 66, 10, 48, 49]"
112918,"[14, 261, 5, 32, 23, 20, 72, 19, 54, 1]"
112919,"[51, 28, 24, 19, 36, 10, 5, 147, 49, 9]"
112920,"[27, 142, 21, 66, 30, 3, 238, 19, 73, 5]"
112921,"[10, 34, 26, 77, 5, 19, 151, 92, 49, 51]"
112922,"[17, 73, 19, 146, 5, 82, 60, 130, 7, 3]"
112923,"[119, 24, 28, 147, 5, 55, 97, 138, 122, 1]"
112924,"[5, 19, 261, 77, 279, 6, 92, 175, 51, 2]"
112925,"[223, 189, 5, 19, 130, 82, 146, 36, 29, 3]"
112926,"[147, 28, 19, 5, 130, 51, 36, 1, 32, 17]"
112927,"[32, 261, 279, 23, 220, 14, 103, 42, 5, 43]"
112928,"[187, 21, 5, 261, 19, 14, 73, 279, 142, 9]"
112929,"[279, 19, 5, 23, 43, 261, 1, 91, 103, 7]"
112930,"[66, 175, 149, 30, 20, 45, 27, 124, 92, 238]"
112931,"[73, 5, 17, 19, 3, 223, 36, 146, 130, 72]"
112932,"[90, 43, 19, 71, 10, 60, 14, 51, 279, 142]"
112933,"[84, 82, 90, 60, 105, 19, 0, 15, 18, 49]"
112934,"[119, 55, 5, 51, 24, 71, 138, 223, 34, 60]"
112935,"[77, 151, 49, 6, 157, 25, 60, 105, 92, 71]"
112936,"[279, 261, 54, 32, 43, 103, 220, 23, 5, 19]"
112937,"[175, 6, 9, 30, 19, 71, 7, 77, 38, 2]"
112938,"[138, 19, 36, 92, 5, 7, 20, 279, 9, 3]"
112939,"[19, 5, 36, 51, 223, 92, 138, 3, 6, 261]"
112940,"[92, 133, 44, 112, 49, 77, 7, 238, 38, 2]"
112941,"[49, 105, 60, 5, 25, 77, 19, 82, 84, 6]"
112942,"[147, 28, 122, 26, 24, 5, 130, 119, 71, 49]"
112943,"[2, 71, 5, 175, 261, 32, 49, 38, 147, 92]"
112944,"[17, 32, 19, 5, 42, 261, 73, 223, 23, 279]"
112945,"[38, 30, 175, 71, 7, 19, 66, 77, 48, 25]"
112946,"[55, 138, 189, 42, 121, 5, 23, 7, 43, 1]"
112947,"[7, 6, 175, 44, 48, 71, 43, 14, 30, 9]"
112948,"[82, 3, 19, 138, 21, 189, 5, 6, 36, 66]"
112949,"[1, 64, 23, 54, 261, 19, 36, 220, 5, 20]"
112950,"[48, 7, 175, 6, 71, 2, 9, 19, 92, 10]"
112951,"[146, 13, 60, 19, 5, 55, 0, 23, 138, 82]"
112952,"[9, 175, 6, 5, 19, 34, 7, 66, 10, 49]"
112953,"[119, 5, 55, 147, 34, 51, 10, 71, 122, 26]"
112954,"[51, 24, 19, 28, 10, 60, 9, 5, 261, 55]"
112955,"[142, 21, 66, 19, 261, 30, 2, 5, 7, 71]"
112956,"[91, 55, 19, 261, 10, 71, 90, 60, 14, 92]"
112957,"[261, 279, 23, 60, 121, 43, 76, 138, 7, 175]"
112958,"[34, 5, 261, 42, 72, 279, 26, 32, 19, 55]"
112959,"[20, 5, 261, 19, 36, 238, 2, 32, 92, 103]"
112960,"[45, 261, 66, 5, 146, 19, 279, 32, 71, 6]"
112961,"[119, 147, 28, 5, 24, 138, 10, 55, 97, 1]"
112962,"[72, 5, 1, 19, 23, 77, 36, 10, 76, 238]"
112963,"[30, 71, 7, 92, 48, 20, 175, 6, 5, 66]"
112964,"[25, 6, 36, 55, 49, 77, 92, 157, 105, 42]"
112965,"[23, 279, 54, 220, 261, 1, 32, 9, 5, 103]"
112966,"[187, 21, 142, 103, 43, 28, 34, 5, 2, 12]"
112967,"[175, 19, 5, 7, 66, 6, 223, 92, 30, 48]"
112968,"[7, 48, 6, 175, 19, 44, 30, 77, 14, 261]"
112969,"[149, 124, 2, 103, 175, 32, 261, 30, 54, 279]"
112970,"[279, 32, 261, 54, 103, 5, 19, 43, 9, 23]"
112971,"[279, 261, 5, 43, 9, 238, 34, 54, 76, 19]"
112972,"[138, 189, 42, 3, 23, 19, 36, 7, 54, 175]"
112973,"[112, 5, 19, 92, 2, 60, 220, 130, 261, 36]"
112974,"[7, 44, 2, 261, 5, 175, 14, 279, 48, 66]"
112975,"[30, 48, 7, 175, 6, 38, 3, 138, 19, 66]"
112976,"[26, 34, 5, 19, 122, 238, 72, 130, 36, 261]"
112977,"[147, 32, 28, 76, 2, 60, 71, 261, 122, 23]"
112978,"[19, 138, 220, 66, 157, 20, 64, 6, 58, 5]"
112979,"[5, 19, 36, 223, 3, 51, 73, 9, 29, 17]"
112980,"[90, 18, 19, 0, 91, 5, 72, 60, 1, 73]"
112981,"[175, 66, 3, 73, 20, 30, 149, 27, 146, 92]"
112982,"[20, 261, 5, 103, 238, 32, 34, 279, 36, 19]"
112983,"[21, 187, 19, 14, 5, 261, 82, 92, 30, 238]"
112984,"[130, 19, 92, 223, 175, 17, 7, 6, 5, 142]"
112985,"[20, 2, 66, 261, 238, 64, 103, 71, 7, 32]"
112986,"[43, 19, 5, 220, 7, 9, 36, 77, 261, 130]"
112987,"[90, 19, 60, 18, 10, 5, 91, 261, 72, 32]"
112988,"[7, 44, 261, 19, 6, 48, 279, 5, 175, 32]"
112989,"[10, 34, 112, 60, 51, 77, 105, 26, 41, 157]"
112990,"[223, 5, 130, 19, 189, 73, 82, 17, 121, 238]"
112991,"[90, 18, 0, 19, 72, 60, 5, 97, 10, 73]"
112992,"[72, 7, 261, 32, 14, 2, 238, 279, 5, 142]"
112993,"[112, 5, 261, 19, 51, 54, 279, 71, 6, 10]"
112994,"[14, 261, 23, 43, 54, 19, 1, 72, 66, 18]"
112995,"[55, 5, 25, 73, 49, 17, 146, 60, 3, 36]"
112996,"[223, 189, 5, 19, 130, 36, 82, 17, 73, 146]"
112997,"[189, 19, 5, 175, 138, 10, 223, 71, 41, 7]"
112998,"[34, 5, 261, 72, 279, 26, 19, 42, 32, 238]"
112999,"[189, 26, 17, 175, 5, 151, 130, 60, 6, 1]"
113000,"[71, 5, 2, 32, 261, 147, 175, 24, 66, 21]"
113001,"[34, 10, 26, 19, 130, 36, 5, 92, 77, 122]"
113002,"[48, 6, 19, 175, 7, 10, 49, 30, 2, 5]"
113003,"[2, 71, 175, 92, 49, 6, 5, 261, 147, 48]"
113004,"[7, 77, 92, 49, 133, 5, 6, 175, 9, 19]"
113005,"[73, 19, 17, 5, 10, 130, 261, 51, 6, 72]"
113006,"[7, 6, 19, 175, 2, 48, 44, 261, 71, 223]"
113007,"[45, 66, 149, 71, 27, 38, 124, 21, 261, 76]"
113008,"[1, 23, 55, 138, 149, 19, 36, 261, 5, 20]"
113009,"[28, 238, 5, 20, 19, 24, 92, 103, 76, 279]"
113010,"[48, 7, 6, 175, 2, 55, 10, 71, 261, 19]"
113011,"[18, 0, 72, 90, 60, 91, 15, 97, 105, 151]"
113012,"[220, 36, 76, 77, 43, 5, 103, 19, 12, 29]"
113013,"[60, 5, 19, 84, 42, 157, 25, 54, 1, 279]"
113014,"[43, 220, 261, 103, 19, 279, 7, 9, 5, 32]"
113015,"[51, 24, 28, 19, 9, 5, 122, 147, 60, 34]"
113016,"[66, 175, 6, 5, 149, 21, 77, 92, 19, 30]"
113017,"[73, 5, 17, 19, 223, 130, 72, 10, 146, 3]"
113018,"[5, 19, 223, 2, 49, 26, 261, 72, 77, 34]"
113019,"[138, 189, 36, 42, 92, 19, 7, 149, 3, 151]"
113020,"[175, 38, 36, 9, 77, 6, 30, 92, 19, 7]"
113021,"[187, 142, 19, 103, 2, 21, 5, 43, 55, 34]"
113022,"[48, 7, 6, 49, 30, 2, 19, 175, 77, 5]"
113023,"[66, 21, 30, 175, 45, 124, 5, 149, 2, 27]"
113024,"[72, 43, 34, 5, 19, 36, 10, 261, 238, 14]"
113025,"[7, 48, 6, 44, 175, 261, 19, 5, 279, 3]"
113026,"[92, 66, 10, 6, 77, 49, 175, 124, 133, 48]"
113027,"[18, 0, 60, 91, 15, 97, 72, 55, 90, 10]"
113028,"[5, 19, 4, 60, 223, 7, 279, 138, 238, 189]"
113029,"[2, 261, 32, 220, 54, 5, 66, 223, 103, 58]"
113030,"[97, 60, 121, 19, 0, 5, 18, 105, 82, 55]"
113031,"[157, 151, 25, 6, 77, 60, 49, 26, 105, 19]"
113032,"[71, 34, 32, 7, 279, 38, 175, 19, 261, 26]"
113033,"[105, 49, 77, 151, 60, 25, 41, 82, 10, 97]"
113034,"[19, 82, 60, 5, 223, 84, 91, 105, 130, 90]"
113035,"[60, 28, 51, 121, 24, 122, 279, 19, 12, 147]"
113036,"[4, 36, 19, 24, 29, 5, 28, 51, 17, 26]"
113037,"[105, 49, 151, 60, 77, 25, 5, 19, 82, 157]"
113038,"[147, 28, 2, 32, 76, 49, 5, 261, 19, 122]"
113039,"[43, 7, 19, 220, 279, 5, 103, 9, 138, 261]"
113040,"[187, 21, 23, 3, 32, 279, 2, 142, 261, 5]"
113041,"[146, 13, 19, 60, 0, 55, 6, 71, 5, 10]"
113042,"[223, 19, 5, 130, 189, 60, 82, 36, 17, 121]"
113043,"[64, 20, 19, 138, 279, 146, 261, 23, 1, 21]"
113044,"[71, 38, 7, 30, 66, 175, 19, 48, 45, 6]"
113045,"[105, 60, 130, 5, 19, 82, 77, 223, 151, 17]"
113046,"[60, 130, 151, 105, 25, 157, 97, 77, 5, 19]"
113047,"[146, 13, 19, 60, 82, 0, 55, 5, 138, 91]"
113048,"[55, 5, 6, 138, 92, 121, 1, 36, 189, 3]"
113049,"[261, 32, 5, 14, 23, 20, 279, 19, 103, 54]"
113050,"[7, 6, 48, 175, 19, 44, 43, 261, 14, 279]"
113051,"[72, 157, 5, 10, 71, 55, 261, 76, 54, 41]"
113052,"[142, 21, 66, 27, 73, 238, 5, 19, 261, 72]"
113053,"[261, 32, 14, 220, 2, 6, 103, 54, 5, 175]"
113054,"[119, 147, 24, 5, 28, 122, 97, 34, 43, 130]"
113055,"[45, 66, 27, 261, 58, 71, 149, 279, 2, 19]"
113056,"[4, 36, 19, 5, 24, 29, 17, 3, 223, 73]"
113057,"[130, 19, 92, 17, 223, 7, 175, 6, 142, 279]"
113058,"[90, 18, 19, 0, 73, 72, 5, 91, 60, 279]"
113059,"[146, 55, 19, 82, 5, 60, 3, 223, 36, 175]"
113060,"[7, 48, 175, 6, 19, 261, 44, 71, 43, 10]"
113061,"[7, 44, 48, 175, 6, 261, 19, 14, 72, 30]"
113062,"[10, 34, 19, 5, 26, 73, 51, 130, 72, 77]"
113063,"[220, 261, 43, 32, 103, 2, 1, 19, 54, 97]"
113064,"[43, 7, 58, 220, 103, 9, 279, 261, 138, 19]"
113065,"[36, 19, 151, 60, 5, 25, 49, 1, 77, 26]"
113066,"[5, 10, 238, 19, 51, 71, 279, 92, 2, 34]"
113067,"[121, 279, 60, 261, 97, 19, 175, 5, 157, 55]"
113068,"[261, 32, 20, 23, 279, 14, 54, 2, 103, 19]"
113069,"[220, 261, 19, 9, 103, 6, 279, 43, 32, 5]"
113070,"[18, 0, 72, 5, 10, 97, 82, 90, 91, 60]"
113071,"[119, 147, 28, 5, 24, 138, 1, 189, 26, 130]"
113072,"[130, 151, 12, 19, 60, 91, 147, 10, 223, 157]"
113073,"[147, 28, 32, 23, 130, 5, 122, 2, 261, 49]"
113074,"[91, 19, 60, 130, 18, 5, 238, 51, 15, 90]"
113075,"[25, 55, 6, 60, 42, 157, 36, 3, 77, 261]"
113076,"[66, 45, 149, 124, 261, 238, 14, 42, 138, 2]"
113077,"[4, 19, 36, 5, 24, 60, 29, 261, 17, 138]"
113078,"[279, 261, 5, 7, 138, 189, 175, 12, 223, 43]"
113079,"[91, 19, 238, 55, 72, 92, 27, 18, 15, 5]"
113080,"[138, 189, 42, 19, 36, 261, 54, 5, 7, 238]"
113081,"[5, 19, 34, 223, 72, 26, 2, 49, 77, 261]"
113082,"[76, 36, 3, 149, 42, 19, 55, 261, 5, 138]"
113083,"[187, 21, 5, 43, 19, 14, 279, 261, 103, 7]"
113084,"[1, 54, 23, 43, 279, 121, 20, 14, 103, 19]"
113085,"[84, 82, 60, 90, 19, 0, 105, 223, 15, 49]"
113086,"[10, 279, 34, 5, 24, 19, 28, 12, 147, 130]"
113087,"[77, 151, 157, 60, 25, 7, 49, 71, 6, 19]"
113088,"[103, 261, 32, 2, 220, 54, 9, 279, 71, 19]"
113089,"[26, 34, 5, 122, 261, 49, 77, 147, 10, 28]"
113090,"[122, 26, 34, 5, 146, 77, 19, 7, 121, 130]"
113091,"[54, 261, 2, 23, 32, 1, 279, 43, 14, 5]"
113092,"[41, 19, 5, 220, 82, 73, 36, 0, 261, 138]"
113093,"[19, 5, 10, 34, 12, 66, 223, 9, 51, 43]"
113094,"[149, 124, 45, 3, 36, 20, 66, 138, 1, 92]"
113095,"[36, 3, 92, 138, 29, 55, 42, 149, 19, 49]"
113096,"[187, 2, 261, 43, 142, 5, 55, 32, 21, 279]"
113097,"[24, 19, 5, 73, 10, 147, 28, 17, 51, 2]"
113098,"[261, 32, 103, 14, 2, 19, 17, 23, 66, 73]"
113099,"[18, 82, 0, 60, 90, 19, 15, 91, 146, 84]"
113100,"[122, 26, 34, 5, 19, 60, 77, 10, 121, 32]"
113101,"[5, 36, 3, 19, 138, 55, 149, 42, 189, 1]"
113102,"[15, 18, 0, 84, 60, 105, 90, 91, 82, 19]"
113103,"[64, 261, 73, 23, 32, 5, 20, 19, 1, 220]"
113104,"[77, 151, 49, 157, 105, 25, 6, 92, 7, 48]"
113105,"[92, 133, 49, 44, 112, 6, 2, 10, 7, 77]"
113106,"[26, 34, 10, 28, 77, 147, 49, 122, 71, 92]"
113107,"[7, 261, 2, 71, 5, 14, 55, 32, 48, 175]"
113108,"[58, 19, 12, 5, 36, 29, 238, 223, 146, 7]"
113109,"[12, 19, 71, 5, 60, 17, 261, 130, 73, 32]"
113110,"[142, 279, 73, 261, 5, 175, 23, 32, 19, 9]"
113111,"[91, 19, 130, 60, 18, 5, 90, 238, 15, 20]"
113112,"[73, 189, 138, 19, 151, 15, 130, 58, 142, 4]"
113113,"[2, 60, 54, 19, 5, 112, 71, 261, 55, 279]"
113114,"[187, 5, 21, 261, 72, 19, 32, 20, 24, 279]"
113115,"[17, 19, 73, 7, 3, 130, 12, 4, 223, 29]"
113116,"[279, 261, 175, 23, 32, 7, 189, 138, 43, 9]"
113117,"[45, 261, 5, 66, 54, 19, 32, 71, 279, 27]"
113118,"[21, 19, 187, 92, 82, 14, 5, 36, 30, 3]"
113119,"[1, 23, 64, 54, 279, 261, 9, 220, 20, 43]"
113120,"[3, 36, 29, 138, 189, 17, 82, 19, 42, 6]"
113121,"[124, 149, 66, 3, 138, 45, 30, 6, 42, 103]"
113122,"[90, 18, 60, 10, 23, 0, 1, 91, 19, 43]"
113123,"[49, 105, 60, 5, 77, 19, 25, 55, 26, 82]"
113124,"[3, 19, 17, 175, 30, 73, 5, 146, 6, 14]"
113125,"[279, 261, 34, 5, 76, 32, 9, 1, 23, 19]"
113126,"[6, 25, 77, 157, 44, 48, 19, 49, 7, 92]"
113127,"[24, 4, 29, 36, 5, 19, 28, 60, 9, 92]"
113128,"[261, 32, 2, 23, 20, 54, 14, 279, 103, 220]"
113129,"[72, 19, 5, 10, 34, 21, 43, 60, 189, 26]"
113130,"[55, 25, 5, 60, 3, 36, 17, 42, 73, 138]"
113131,"[146, 5, 19, 82, 13, 55, 189, 3, 138, 36]"
113132,"[5, 138, 36, 55, 42, 3, 149, 189, 19, 25]"
113133,"[25, 6, 55, 42, 60, 77, 49, 36, 261, 157]"
113134,"[97, 0, 18, 60, 121, 138, 23, 189, 76, 72]"
113135,"[133, 5, 26, 261, 2, 71, 130, 175, 92, 32]"
113136,"[21, 5, 72, 187, 19, 24, 32, 20, 223, 3]"
113137,"[187, 5, 21, 72, 261, 20, 19, 238, 24, 138]"
113138,"[60, 84, 5, 157, 25, 19, 97, 279, 34, 72]"
113139,"[29, 24, 36, 42, 5, 19, 9, 3, 76, 238]"
113140,"[19, 60, 82, 5, 84, 105, 279, 223, 90, 157]"
113141,"[97, 60, 19, 55, 121, 5, 175, 2, 13, 0]"
113142,"[60, 5, 19, 84, 157, 42, 25, 55, 97, 76]"
113143,"[13, 121, 0, 97, 146, 5, 55, 142, 60, 76]"
113144,"[18, 82, 90, 0, 19, 15, 60, 105, 5, 91]"
113145,"[41, 97, 55, 10, 60, 121, 51, 19, 279, 0]"
113146,"[32, 261, 279, 220, 17, 5, 54, 103, 34, 142]"
113147,"[112, 5, 19, 51, 279, 157, 55, 9, 60, 6]"
113148,"[261, 66, 27, 45, 32, 279, 5, 23, 42, 142]"
113149,"[10, 34, 26, 51, 2, 77, 55, 60, 5, 19]"
113150,"[7, 48, 6, 49, 19, 175, 44, 261, 92, 5]"
113151,"[77, 7, 92, 5, 9, 175, 19, 223, 6, 279]"
113152,"[189, 223, 5, 60, 7, 17, 19, 138, 175, 92]"
113153,"[90, 19, 43, 20, 142, 60, 14, 279, 34, 64]"
113154,"[64, 279, 23, 146, 3, 1, 20, 17, 261, 72]"
113155,"[51, 24, 28, 19, 60, 9, 122, 10, 34, 58]"
113156,"[42, 23, 1, 5, 138, 54, 261, 36, 32, 76]"
113157,"[32, 261, 279, 103, 5, 42, 220, 54, 238, 20]"
113158,"[20, 261, 66, 2, 238, 64, 32, 5, 7, 14]"
113159,"[97, 121, 0, 41, 105, 60, 77, 92, 26, 55]"
113160,"[142, 27, 30, 261, 6, 19, 5, 66, 21, 32]"
113161,"[138, 189, 42, 3, 36, 149, 23, 7, 146, 175]"
113162,"[82, 21, 189, 5, 138, 3, 19, 54, 66, 223]"
113163,"[119, 5, 55, 147, 24, 19, 51, 28, 1, 223]"
113164,"[220, 19, 261, 43, 103, 9, 23, 32, 36, 20]"
113165,"[41, 6, 19, 220, 49, 138, 261, 55, 10, 42]"
113166,"[3, 17, 36, 19, 138, 29, 189, 146, 7, 42]"
113167,"[5, 19, 73, 55, 77, 2, 238, 130, 72, 10]"
113168,"[5, 19, 34, 223, 261, 49, 77, 238, 26, 2]"
113169,"[71, 5, 2, 19, 92, 76, 24, 60, 77, 10]"
113170,"[34, 5, 279, 261, 55, 19, 26, 54, 42, 91]"
113171,"[147, 122, 5, 66, 71, 19, 28, 175, 119, 261]"
113172,"[42, 23, 1, 157, 36, 279, 5, 138, 54, 76]"
113173,"[26, 34, 28, 122, 147, 49, 10, 157, 130, 77]"
113174,"[146, 19, 5, 82, 55, 13, 3, 60, 138, 36]"
113175,"[103, 261, 19, 5, 2, 7, 32, 73, 36, 220]"
113176,"[175, 6, 7, 48, 19, 30, 10, 66, 2, 92]"
113177,"[7, 48, 261, 6, 175, 19, 9, 71, 142, 73]"
113178,"[149, 261, 279, 30, 20, 66, 9, 124, 238, 32]"
113179,"[20, 261, 66, 2, 238, 64, 32, 7, 5, 14]"
113180,"[4, 19, 5, 7, 24, 60, 138, 23, 142, 261]"
113181,"[121, 97, 5, 223, 71, 0, 13, 76, 238, 26]"
113182,"[112, 5, 261, 279, 27, 9, 71, 2, 19, 6]"
113183,"[29, 36, 24, 19, 5, 3, 9, 92, 42, 51]"
113184,"[7, 71, 30, 21, 45, 66, 48, 38, 19, 5]"
113185,"[261, 279, 23, 7, 60, 43, 138, 121, 32, 76]"
113186,"[105, 60, 130, 5, 223, 19, 17, 97, 77, 82]"
113187,"[91, 60, 90, 19, 18, 15, 84, 82, 130, 0]"
113188,"[5, 73, 19, 130, 261, 2, 72, 238, 54, 34]"
113189,"[175, 19, 7, 48, 6, 23, 261, 30, 5, 220]"
113190,"[133, 92, 49, 175, 44, 147, 130, 6, 5, 28]"
113191,"[60, 151, 130, 5, 77, 105, 19, 223, 25, 49]"
113192,"[45, 66, 261, 36, 149, 27, 19, 238, 5, 77]"
113193,"[92, 133, 44, 112, 49, 77, 7, 238, 9, 10]"
113194,"[151, 19, 5, 130, 157, 60, 146, 17, 49, 77]"
113195,"[30, 149, 5, 261, 19, 238, 66, 20, 14, 175]"
113196,"[91, 19, 238, 5, 55, 92, 27, 72, 73, 3]"
113197,"[82, 19, 60, 5, 146, 105, 17, 84, 3, 0]"
113198,"[97, 121, 105, 60, 0, 26, 41, 25, 49, 10]"
113199,"[76, 55, 279, 54, 12, 261, 43, 58, 5, 19]"
113200,"[36, 220, 77, 19, 3, 29, 76, 12, 223, 5]"
113201,"[175, 19, 223, 7, 6, 5, 2, 66, 3, 9]"
113202,"[14, 5, 261, 19, 23, 20, 54, 32, 72, 73]"
113203,"[10, 279, 5, 34, 19, 54, 261, 72, 55, 51]"
113204,"[7, 2, 5, 175, 19, 92, 261, 71, 55, 49]"
113205,"[175, 38, 9, 36, 77, 30, 6, 25, 49, 92]"
113206,"[122, 147, 26, 28, 34, 51, 24, 5, 76, 60]"
113207,"[220, 261, 2, 43, 19, 138, 58, 54, 103, 32]"
113208,"[122, 147, 28, 26, 51, 34, 5, 24, 19, 71]"
113209,"[43, 261, 279, 7, 19, 54, 220, 55, 103, 32]"
113210,"[82, 60, 19, 105, 0, 84, 90, 5, 146, 55]"
113211,"[19, 60, 82, 5, 130, 105, 17, 49, 84, 146]"
113212,"[130, 151, 5, 26, 19, 17, 10, 122, 34, 28]"
113213,"[189, 92, 19, 223, 5, 2, 175, 138, 7, 66]"
113214,"[34, 5, 72, 261, 26, 19, 279, 238, 42, 10]"
113215,"[66, 45, 27, 71, 38, 149, 261, 19, 238, 77]"
113216,"[151, 19, 5, 77, 60, 55, 130, 92, 51, 49]"
113217,"[18, 19, 0, 71, 90, 60, 5, 146, 66, 6]"
113218,"[54, 23, 32, 261, 1, 279, 220, 2, 14, 103]"
113219,"[66, 149, 45, 124, 261, 3, 1, 14, 238, 92]"
113220,"[6, 77, 25, 92, 157, 49, 71, 151, 19, 60]"
113221,"[45, 66, 27, 261, 71, 279, 51, 175, 91, 238]"
113222,"[2, 71, 175, 261, 5, 55, 7, 66, 92, 6]"
113223,"[261, 20, 21, 5, 32, 73, 187, 3, 146, 130]"
113224,"[175, 19, 6, 9, 49, 10, 7, 23, 2, 146]"
113225,"[43, 220, 55, 138, 5, 19, 261, 103, 2, 36]"
113226,"[2, 20, 66, 175, 103, 71, 261, 54, 124, 149]"
113227,"[220, 261, 2, 19, 43, 32, 58, 5, 103, 55]"
113228,"[32, 7, 261, 3, 279, 19, 103, 14, 175, 9]"
113229,"[5, 19, 223, 34, 73, 36, 130, 49, 189, 26]"
113230,"[220, 2, 261, 92, 19, 43, 71, 32, 36, 29]"
113231,"[10, 66, 112, 92, 133, 238, 2, 124, 175, 48]"
113232,"[175, 19, 23, 7, 5, 261, 3, 146, 6, 48]"
113233,"[10, 73, 19, 6, 77, 55, 157, 51, 71, 7]"
113234,"[34, 10, 19, 26, 5, 9, 122, 60, 130, 55]"
113235,"[71, 2, 66, 5, 55, 10, 19, 92, 6, 49]"
113236,"[112, 157, 279, 5, 19, 9, 92, 6, 7, 10]"
113237,"[2, 66, 6, 19, 71, 138, 124, 261, 55, 30]"
113238,"[24, 4, 60, 19, 28, 122, 36, 5, 23, 130]"
113239,"[41, 10, 97, 19, 55, 28, 121, 0, 60, 151]"
113240,"[1, 20, 23, 54, 72, 14, 261, 5, 64, 279]"
113241,"[12, 19, 5, 130, 17, 60, 92, 279, 261, 76]"
113242,"[42, 36, 23, 3, 138, 189, 220, 1, 5, 19]"
113243,"[142, 27, 261, 66, 30, 279, 7, 5, 121, 32]"
113244,"[7, 261, 2, 92, 71, 14, 43, 55, 48, 66]"
113245,"[189, 138, 19, 146, 175, 223, 7, 4, 5, 72]"
113246,"[29, 5, 220, 19, 9, 138, 261, 223, 36, 3]"
113247,"[77, 49, 92, 5, 19, 6, 105, 38, 7, 175]"
113248,"[5, 19, 34, 2, 261, 238, 223, 279, 60, 32]"
113249,"[279, 54, 23, 220, 261, 32, 43, 9, 5, 1]"
113250,"[20, 175, 66, 2, 261, 5, 73, 32, 23, 149]"
113251,"[138, 189, 279, 223, 7, 12, 5, 58, 261, 43]"
113252,"[146, 5, 55, 19, 13, 82, 60, 175, 189, 17]"
113253,"[130, 19, 151, 12, 17, 223, 5, 72, 60, 92]"
113254,"[0, 18, 82, 15, 90, 60, 105, 84, 97, 91]"
113255,"[72, 10, 1, 23, 19, 71, 77, 5, 60, 36]"
113256,"[6, 220, 77, 9, 66, 49, 238, 5, 19, 92]"
113257,"[121, 175, 19, 279, 5, 43, 133, 130, 157, 151]"
113258,"[44, 6, 279, 25, 48, 7, 32, 157, 261, 23]"
113259,"[28, 19, 24, 32, 92, 5, 103, 51, 20, 238]"
113260,"[97, 60, 121, 18, 0, 55, 5, 72, 71, 25]"
113261,"[20, 1, 14, 23, 54, 279, 261, 5, 72, 19]"
113262,"[157, 10, 41, 55, 18, 71, 138, 76, 60, 97]"
113263,"[175, 66, 3, 73, 2, 149, 30, 19, 92, 124]"
113264,"[146, 66, 21, 15, 13, 6, 189, 45, 19, 58]"
113265,"[189, 5, 19, 279, 72, 261, 142, 138, 4, 175]"
113266,"[73, 5, 261, 19, 2, 32, 36, 238, 92, 223]"
113267,"[142, 279, 19, 14, 43, 261, 175, 5, 24, 23]"
113268,"[82, 60, 84, 90, 19, 18, 105, 0, 15, 49]"
113269,"[238, 54, 5, 261, 220, 19, 279, 20, 43, 32]"
113270,"[19, 29, 3, 36, 17, 92, 5, 138, 82, 6]"
113271,"[133, 92, 175, 49, 6, 147, 44, 130, 9, 5]"
113272,"[73, 19, 189, 130, 151, 5, 72, 142, 138, 15]"
113273,"[3, 19, 82, 5, 146, 36, 7, 238, 17, 73]"
113274,"[238, 5, 19, 73, 20, 92, 36, 54, 38, 261]"
113275,"[97, 121, 0, 60, 105, 26, 49, 41, 122, 19]"
113276,"[25, 60, 55, 151, 77, 157, 36, 42, 138, 49]"
113277,"[73, 17, 3, 72, 19, 5, 10, 146, 261, 7]"
113278,"[157, 175, 19, 17, 26, 189, 76, 73, 3, 51]"
113279,"[103, 238, 261, 19, 5, 20, 279, 6, 220, 55]"
113280,"[82, 21, 19, 92, 238, 71, 36, 5, 6, 3]"
113281,"[18, 82, 90, 60, 0, 19, 84, 15, 105, 5]"
113282,"[142, 27, 30, 279, 261, 7, 32, 66, 19, 77]"
113283,"[5, 4, 19, 189, 60, 2, 24, 12, 223, 7]"
113284,"[223, 189, 19, 130, 82, 5, 36, 3, 138, 49]"
113285,"[142, 30, 19, 66, 175, 261, 38, 27, 279, 6]"
113286,"[36, 220, 19, 77, 76, 5, 12, 103, 1, 43]"
113287,"[279, 23, 19, 5, 91, 1, 261, 43, 175, 32]"
113288,"[7, 71, 30, 261, 38, 32, 19, 175, 23, 48]"
113289,"[121, 279, 175, 157, 133, 34, 19, 10, 5, 97]"
113290,"[91, 30, 92, 55, 19, 238, 27, 77, 72, 90]"
113291,"[18, 82, 90, 60, 0, 15, 19, 84, 91, 105]"
113292,"[64, 1, 146, 3, 19, 261, 23, 73, 5, 17]"
113293,"[64, 261, 1, 23, 20, 32, 5, 279, 73, 54]"
113294,"[220, 43, 261, 238, 19, 1, 103, 54, 9, 5]"
113295,"[20, 2, 261, 175, 66, 71, 5, 54, 103, 142]"
113296,"[92, 238, 10, 66, 23, 175, 1, 279, 6, 60]"
113297,"[133, 92, 175, 49, 6, 5, 77, 9, 130, 238]"
113298,"[64, 261, 1, 5, 54, 20, 32, 279, 23, 220]"
113299,"[17, 73, 19, 5, 146, 130, 55, 60, 7, 82]"
113300,"[223, 19, 189, 5, 92, 82, 130, 175, 21, 90]"
113301,"[17, 73, 19, 7, 3, 142, 130, 23, 261, 223]"
113302,"[0, 18, 82, 90, 60, 105, 15, 84, 97, 19]"
113303,"[19, 5, 73, 36, 82, 10, 223, 17, 238, 21]"
113304,"[261, 32, 2, 220, 5, 73, 103, 175, 3, 9]"
113305,"[157, 5, 19, 73, 42, 23, 92, 77, 7, 6]"
113306,"[5, 19, 73, 223, 2, 138, 21, 130, 49, 71]"
113307,"[36, 3, 149, 55, 19, 138, 92, 42, 29, 238]"
113308,"[149, 66, 124, 279, 9, 30, 175, 34, 261, 142]"
113309,"[121, 97, 5, 13, 223, 0, 261, 76, 60, 55]"
113310,"[105, 60, 130, 5, 19, 223, 77, 17, 151, 97]"
113311,"[76, 36, 19, 6, 12, 92, 5, 21, 73, 82]"
113312,"[189, 223, 19, 138, 5, 23, 55, 175, 3, 1]"
113313,"[38, 175, 133, 124, 28, 30, 77, 49, 36, 9]"
113314,"[60, 130, 105, 5, 19, 223, 17, 82, 97, 157]"
113315,"[51, 10, 34, 26, 28, 122, 5, 19, 36, 147]"
113316,"[41, 220, 19, 261, 82, 6, 55, 0, 5, 10]"
113317,"[142, 279, 23, 175, 24, 261, 4, 5, 14, 32]"
113318,"[112, 5, 29, 66, 261, 92, 19, 223, 279, 9]"
113319,"[77, 151, 157, 6, 49, 71, 92, 60, 25, 19]"
113320,"[73, 17, 19, 10, 5, 3, 187, 21, 2, 72]"
113321,"[149, 124, 3, 20, 45, 1, 138, 66, 261, 42]"
113322,"[279, 261, 23, 189, 5, 9, 42, 34, 43, 54]"
113323,"[223, 19, 130, 12, 5, 60, 92, 90, 82, 29]"
113324,"[105, 60, 5, 19, 130, 223, 55, 82, 77, 151]"
113325,"[51, 10, 71, 55, 41, 2, 34, 26, 92, 49]"
113326,"[17, 19, 73, 7, 23, 130, 3, 5, 12, 146]"
113327,"[20, 175, 66, 2, 103, 64, 71, 261, 14, 92]"
113328,"[64, 1, 23, 54, 90, 261, 138, 14, 2, 41]"
113329,"[6, 7, 44, 261, 25, 48, 19, 157, 49, 30]"
113330,"[55, 60, 25, 5, 71, 34, 151, 77, 17, 97]"
113331,"[19, 3, 5, 36, 58, 12, 17, 146, 6, 223]"
113332,"[187, 21, 3, 72, 73, 23, 261, 2, 5, 142]"
113333,"[151, 19, 5, 130, 157, 60, 17, 77, 55, 146]"
113334,"[54, 279, 23, 103, 32, 1, 261, 2, 220, 24]"
113335,"[189, 5, 223, 19, 43, 71, 21, 55, 14, 175]"
113336,"[157, 76, 19, 51, 279, 55, 223, 43, 261, 5]"
113337,"[24, 4, 19, 36, 5, 29, 60, 92, 51, 9]"
113338,"[17, 73, 2, 19, 261, 7, 142, 32, 279, 55]"
113339,"[238, 14, 7, 66, 261, 54, 20, 43, 91, 71]"
113340,"[17, 73, 19, 146, 60, 5, 55, 261, 7, 130]"
113341,"[82, 84, 60, 19, 90, 105, 223, 49, 15, 146]"
113342,"[175, 19, 5, 92, 9, 77, 36, 30, 6, 38]"
113343,"[60, 105, 19, 5, 18, 49, 77, 10, 55, 97]"
113344,"[90, 18, 0, 60, 19, 91, 5, 43, 82, 72]"
113345,"[19, 5, 92, 220, 77, 49, 6, 151, 175, 36]"
113346,"[20, 1, 54, 14, 23, 279, 261, 5, 19, 73]"
113347,"[66, 45, 261, 71, 2, 5, 27, 175, 32, 19]"
113348,"[91, 19, 92, 55, 30, 10, 261, 90, 71, 238]"
113349,"[220, 261, 19, 1, 43, 238, 32, 20, 5, 54]"
113350,"[77, 151, 60, 157, 49, 6, 25, 71, 7, 19]"
113351,"[5, 19, 73, 2, 77, 10, 130, 71, 261, 54]"
113352,"[261, 32, 92, 7, 6, 19, 279, 44, 14, 55]"
113353,"[119, 5, 24, 147, 28, 55, 19, 51, 60, 34]"
113354,"[30, 71, 175, 7, 66, 92, 48, 2, 261, 9]"
113355,"[24, 36, 19, 28, 29, 4, 49, 92, 51, 5]"
113356,"[84, 60, 82, 19, 90, 0, 55, 105, 223, 91]"
113357,"[54, 279, 261, 2, 32, 5, 9, 43, 23, 103]"
113358,"[5, 19, 49, 10, 34, 2, 77, 105, 223, 26]"
113359,"[189, 19, 5, 146, 175, 138, 130, 26, 7, 223]"
113360,"[18, 90, 0, 71, 60, 91, 19, 9, 5, 279]"
113361,"[73, 5, 19, 17, 10, 130, 223, 6, 77, 138]"
113362,"[7, 48, 6, 175, 44, 14, 19, 30, 261, 279]"
113363,"[60, 130, 151, 77, 19, 105, 5, 223, 25, 92]"
113364,"[103, 238, 5, 20, 19, 6, 220, 138, 3, 261]"
113365,"[23, 1, 54, 261, 36, 3, 32, 279, 20, 42]"
113366,"[19, 60, 82, 5, 84, 91, 223, 90, 17, 55]"
113367,"[133, 92, 175, 49, 9, 44, 6, 130, 23, 24]"
113368,"[26, 34, 10, 122, 5, 130, 28, 71, 49, 72]"
113369,"[3, 36, 19, 29, 17, 42, 138, 32, 223, 9]"
113370,"[77, 49, 5, 19, 92, 38, 7, 6, 17, 130]"
113371,"[151, 130, 19, 157, 5, 17, 60, 146, 77, 55]"
113372,"[66, 175, 149, 20, 2, 19, 9, 71, 124, 30]"
113373,"[2, 5, 261, 71, 32, 6, 175, 7, 66, 122]"
113374,"[12, 71, 19, 5, 60, 17, 32, 261, 130, 279]"
113375,"[55, 138, 5, 189, 223, 6, 3, 121, 42, 54]"
113376,"[32, 261, 5, 19, 2, 279, 73, 220, 17, 20]"
113377,"[7, 19, 3, 138, 17, 261, 42, 189, 279, 103]"
113378,"[119, 5, 147, 24, 122, 19, 238, 28, 34, 223]"
113379,"[26, 34, 5, 10, 238, 71, 60, 77, 122, 19]"
113380,"[238, 5, 66, 73, 19, 21, 92, 36, 54, 2]"
113381,"[119, 24, 5, 55, 138, 54, 2, 28, 147, 122]"
113382,"[32, 261, 279, 42, 5, 103, 220, 19, 54, 238]"
113383,"[17, 73, 19, 5, 146, 55, 7, 60, 223, 130]"
113384,"[10, 73, 19, 6, 5, 157, 175, 17, 7, 146]"
113385,"[71, 19, 73, 7, 238, 17, 9, 5, 175, 38]"
113386,"[130, 92, 19, 6, 175, 60, 223, 71, 279, 7]"
113387,"[30, 19, 36, 66, 92, 149, 175, 6, 77, 49]"
113388,"[55, 60, 19, 261, 13, 7, 5, 91, 20, 71]"
113389,"[220, 43, 238, 261, 54, 19, 66, 20, 103, 55]"
113390,"[25, 151, 105, 77, 49, 157, 60, 36, 55, 6]"
113391,"[261, 279, 23, 175, 138, 5, 32, 7, 223, 189]"
113392,"[279, 261, 5, 138, 7, 12, 60, 43, 189, 19]"
113393,"[55, 60, 25, 5, 138, 77, 19, 105, 49, 157]"
113394,"[142, 30, 27, 175, 19, 66, 6, 7, 261, 77]"
113395,"[238, 92, 71, 6, 9, 49, 220, 261, 77, 26]"
113396,"[151, 175, 25, 77, 49, 7, 157, 38, 9, 19]"
113397,"[64, 146, 261, 1, 138, 19, 21, 23, 71, 92]"
113398,"[24, 5, 73, 17, 19, 51, 147, 34, 130, 72]"
113399,"[26, 34, 122, 49, 28, 147, 5, 10, 157, 130]"
113400,"[60, 105, 130, 151, 77, 19, 17, 157, 92, 90]"
113401,"[187, 5, 142, 19, 261, 2, 32, 21, 28, 43]"
113402,"[119, 147, 28, 41, 10, 97, 24, 105, 138, 0]"
113403,"[43, 279, 261, 7, 55, 19, 60, 9, 220, 103]"
113404,"[13, 0, 121, 97, 146, 5, 55, 19, 76, 10]"
113405,"[238, 5, 19, 279, 43, 54, 20, 32, 72, 223]"
113406,"[48, 7, 30, 49, 6, 5, 261, 92, 44, 238]"
113407,"[32, 261, 5, 279, 20, 103, 2, 54, 60, 19]"
113408,"[175, 7, 6, 48, 19, 3, 30, 5, 223, 146]"
113409,"[60, 5, 84, 19, 157, 105, 25, 1, 97, 20]"
113410,"[187, 142, 19, 3, 5, 21, 175, 55, 73, 32]"
113411,"[72, 5, 19, 73, 34, 36, 3, 17, 10, 130]"
113412,"[30, 71, 7, 175, 66, 48, 92, 38, 9, 149]"
113413,"[72, 23, 10, 1, 76, 77, 5, 157, 36, 19]"
113414,"[261, 279, 189, 138, 58, 23, 60, 121, 7, 5]"
113415,"[66, 149, 45, 124, 261, 42, 3, 2, 238, 138]"
113416,"[261, 2, 32, 5, 73, 220, 19, 92, 49, 103]"
113417,"[279, 54, 32, 43, 261, 2, 103, 5, 9, 19]"
113418,"[21, 187, 19, 5, 92, 30, 73, 82, 14, 223]"
113419,"[60, 19, 130, 5, 17, 55, 105, 220, 151, 77]"
113420,"[66, 45, 149, 261, 124, 238, 20, 2, 92, 32]"
113421,"[157, 10, 18, 41, 55, 72, 71, 91, 77, 76]"
113422,"[3, 73, 19, 5, 32, 175, 72, 17, 92, 2]"
113423,"[220, 261, 279, 32, 43, 103, 5, 2, 19, 17]"
113424,"[29, 24, 36, 3, 9, 28, 19, 4, 92, 157]"
113425,"[189, 130, 26, 5, 17, 151, 19, 147, 175, 1]"
113426,"[7, 6, 44, 175, 48, 19, 30, 38, 92, 17]"
113427,"[19, 5, 36, 3, 12, 73, 76, 17, 238, 58]"
113428,"[38, 71, 175, 19, 30, 5, 77, 7, 66, 238]"
113429,"[54, 1, 279, 43, 23, 121, 41, 103, 10, 14]"
113430,"[223, 130, 19, 5, 189, 82, 279, 17, 92, 238]"
113431,"[18, 82, 19, 60, 90, 0, 15, 5, 84, 91]"
113432,"[77, 151, 49, 157, 6, 25, 60, 105, 71, 48]"
113433,"[146, 13, 55, 19, 6, 10, 71, 261, 60, 5]"
113434,"[7, 6, 48, 175, 19, 44, 43, 2, 71, 261]"
113435,"[29, 238, 36, 9, 92, 5, 220, 6, 138, 223]"
113436,"[147, 19, 5, 261, 122, 130, 32, 28, 71, 72]"
113437,"[5, 138, 3, 36, 189, 42, 149, 55, 25, 29]"
113438,"[49, 6, 77, 48, 92, 105, 7, 25, 19, 5]"
113439,"[73, 19, 189, 72, 5, 130, 138, 146, 6, 15]"
113440,"[5, 19, 261, 223, 51, 72, 6, 279, 73, 238]"
113441,"[279, 5, 44, 12, 19, 103, 7, 76, 32, 54]"
113442,"[6, 25, 77, 157, 48, 7, 60, 44, 71, 19]"
113443,"[73, 17, 19, 6, 10, 130, 5, 3, 72, 51]"
113444,"[187, 2, 142, 19, 5, 55, 261, 34, 21, 10]"
113445,"[220, 261, 19, 2, 43, 5, 1, 55, 238, 54]"
113446,"[64, 5, 1, 20, 261, 36, 92, 73, 54, 19]"
113447,"[76, 36, 60, 220, 19, 42, 43, 3, 55, 279]"
113448,"[32, 261, 2, 279, 54, 43, 55, 60, 103, 58]"
113449,"[32, 261, 44, 103, 7, 279, 6, 55, 19, 23]"
113450,"[261, 32, 103, 45, 76, 66, 5, 279, 19, 54]"
113451,"[91, 19, 130, 5, 18, 60, 82, 90, 72, 238]"
113452,"[36, 19, 76, 5, 12, 220, 77, 82, 17, 105]"
113453,"[261, 32, 14, 20, 103, 66, 3, 220, 54, 5]"
113454,"[32, 261, 238, 220, 103, 5, 279, 14, 2, 20]"
113455,"[97, 18, 0, 121, 60, 105, 138, 90, 5, 151]"
113456,"[42, 23, 138, 36, 3, 189, 220, 261, 32, 1]"
113457,"[71, 261, 66, 77, 30, 27, 55, 9, 238, 60]"
113458,"[0, 18, 82, 60, 90, 105, 15, 146, 84, 97]"
113459,"[36, 77, 19, 76, 5, 220, 92, 82, 29, 21]"
113460,"[279, 261, 32, 19, 5, 23, 9, 2, 54, 55]"
113461,"[5, 19, 10, 130, 279, 34, 72, 12, 122, 20]"
113462,"[261, 32, 103, 54, 20, 2, 279, 220, 14, 60]"
113463,"[6, 7, 44, 48, 157, 25, 92, 30, 49, 36]"
113464,"[151, 19, 60, 55, 5, 77, 17, 82, 92, 157]"
113465,"[36, 55, 138, 3, 149, 19, 42, 92, 189, 5]"
113466,"[5, 36, 55, 138, 19, 3, 2, 149, 189, 42]"
113467,"[76, 279, 261, 5, 19, 54, 12, 121, 32, 7]"
113468,"[73, 5, 19, 17, 223, 130, 146, 36, 238, 10]"
113469,"[223, 19, 60, 130, 92, 5, 82, 12, 90, 29]"
113470,"[54, 1, 41, 279, 43, 10, 103, 121, 23, 32]"
113471,"[38, 71, 19, 77, 175, 30, 5, 238, 66, 7]"
113472,"[5, 19, 261, 112, 2, 60, 92, 10, 130, 9]"
113473,"[36, 3, 55, 138, 149, 29, 42, 92, 19, 49]"
113474,"[34, 77, 26, 60, 19, 76, 5, 122, 10, 71]"
113475,"[142, 27, 32, 103, 54, 261, 279, 30, 23, 38]"
113476,"[5, 19, 261, 34, 2, 223, 51, 10, 55, 238]"
113477,"[175, 66, 30, 9, 38, 92, 6, 149, 220, 77]"
113478,"[103, 238, 5, 261, 20, 19, 6, 55, 279, 54]"
113479,"[92, 133, 44, 49, 7, 9, 34, 130, 77, 112]"
113480,"[15, 18, 0, 82, 19, 105, 84, 60, 91, 90]"
113481,"[130, 92, 19, 223, 238, 5, 6, 279, 142, 60]"
113482,"[92, 133, 49, 112, 44, 2, 66, 10, 6, 7]"
113483,"[82, 19, 105, 146, 60, 5, 84, 90, 0, 15]"
113484,"[146, 5, 19, 73, 122, 23, 26, 261, 189, 17]"
113485,"[157, 76, 19, 51, 73, 261, 5, 36, 189, 55]"
113486,"[58, 19, 7, 2, 261, 6, 220, 175, 3, 5]"
113487,"[29, 138, 5, 223, 36, 19, 3, 42, 6, 220]"
113488,"[92, 49, 133, 44, 112, 2, 6, 10, 7, 77]"
113489,"[149, 3, 124, 20, 1, 36, 138, 45, 66, 23]"
113490,"[71, 5, 261, 7, 19, 238, 30, 72, 48, 21]"
113491,"[72, 5, 19, 21, 43, 36, 34, 18, 238, 14]"
113492,"[92, 133, 175, 44, 112, 49, 77, 151, 130, 10]"
113493,"[3, 146, 82, 17, 138, 19, 6, 189, 72, 7]"
113494,"[27, 142, 66, 21, 55, 6, 30, 175, 261, 60]"
113495,"[119, 5, 147, 28, 24, 122, 34, 97, 238, 26]"
113496,"[55, 25, 5, 105, 60, 151, 77, 157, 138, 34]"
113497,"[149, 30, 9, 14, 175, 124, 3, 261, 238, 66]"
113498,"[82, 19, 5, 60, 17, 146, 84, 105, 72, 279]"
113499,"[119, 147, 28, 24, 5, 122, 60, 26, 55, 34]"
113500,"[45, 66, 71, 27, 261, 21, 238, 55, 2, 279]"
113501,"[10, 73, 19, 5, 157, 17, 55, 77, 6, 91]"
113502,"[151, 157, 130, 19, 5, 77, 105, 146, 60, 17]"
113503,"[55, 5, 25, 60, 138, 34, 77, 17, 19, 97]"
113504,"[5, 19, 60, 84, 77, 36, 105, 157, 25, 92]"
113505,"[73, 189, 151, 19, 71, 15, 9, 72, 58, 5]"
113506,"[36, 220, 76, 77, 19, 5, 43, 60, 3, 103]"
113507,"[20, 66, 261, 5, 175, 30, 2, 21, 238, 73]"
113508,"[27, 66, 45, 71, 149, 124, 261, 92, 20, 32]"
113509,"[45, 66, 5, 261, 19, 146, 71, 6, 279, 17]"
113510,"[1, 23, 64, 279, 261, 19, 54, 32, 20, 5]"
113511,"[45, 66, 38, 27, 71, 77, 149, 30, 21, 49]"
113512,"[26, 34, 5, 122, 10, 130, 71, 49, 28, 72]"
113513,"[24, 4, 60, 19, 9, 36, 5, 51, 29, 28]"
113514,"[6, 7, 48, 44, 25, 138, 30, 220, 49, 66]"
113515,"[49, 92, 77, 6, 105, 48, 7, 238, 25, 19]"
113516,"[73, 5, 17, 19, 10, 77, 130, 71, 238, 60]"
113517,"[18, 0, 60, 90, 5, 82, 97, 10, 72, 19]"
113518,"[54, 1, 279, 43, 23, 103, 10, 41, 20, 121]"
113519,"[15, 82, 84, 60, 19, 91, 0, 18, 223, 146]"
113520,"[19, 5, 73, 36, 238, 92, 130, 77, 17, 10]"
113521,"[187, 21, 19, 14, 5, 24, 92, 82, 32, 30]"
113522,"[261, 2, 5, 32, 220, 19, 73, 238, 54, 9]"
113523,"[30, 71, 175, 7, 66, 92, 48, 261, 6, 38]"
113524,"[130, 151, 19, 60, 5, 91, 77, 92, 10, 223]"
113525,"[64, 32, 261, 54, 23, 1, 20, 279, 103, 2]"
113526,"[21, 19, 5, 223, 82, 36, 66, 7, 142, 238]"
113527,"[6, 7, 44, 92, 48, 157, 30, 175, 25, 49]"
113528,"[5, 19, 54, 2, 73, 130, 55, 279, 223, 261]"
113529,"[51, 34, 10, 5, 19, 24, 55, 28, 149, 2]"
113530,"[28, 103, 1, 32, 9, 24, 147, 279, 23, 10]"
113531,"[9, 175, 6, 34, 5, 19, 66, 7, 71, 10]"
113532,"[51, 71, 10, 9, 21, 41, 66, 60, 6, 77]"
113533,"[6, 25, 77, 92, 49, 19, 157, 151, 105, 175]"
113534,"[21, 187, 14, 92, 19, 238, 5, 30, 77, 66]"
113535,"[19, 5, 36, 3, 73, 76, 17, 146, 29, 12]"
113536,"[55, 25, 5, 60, 49, 151, 157, 97, 105, 17]"
113537,"[48, 7, 175, 6, 9, 19, 44, 25, 58, 279]"
113538,"[72, 23, 157, 1, 76, 10, 34, 189, 279, 25]"
113539,"[64, 32, 261, 279, 1, 20, 54, 23, 103, 220]"
113540,"[12, 5, 19, 261, 130, 32, 71, 17, 279, 60]"
113541,"[60, 19, 12, 51, 103, 121, 5, 279, 55, 122]"
113542,"[66, 45, 149, 124, 261, 238, 92, 20, 14, 1]"
113543,"[20, 2, 175, 66, 261, 71, 103, 54, 5, 142]"
113544,"[13, 261, 55, 5, 146, 19, 279, 71, 121, 60]"
113545,"[7, 6, 44, 175, 48, 19, 30, 38, 17, 14]"
113546,"[58, 261, 19, 55, 60, 32, 43, 279, 5, 12]"
113547,"[18, 19, 0, 60, 71, 5, 91, 279, 90, 146]"
113548,"[261, 14, 103, 32, 3, 5, 220, 54, 19, 2]"
113549,"[138, 189, 42, 43, 54, 55, 19, 66, 261, 7]"
113550,"[151, 73, 189, 19, 15, 238, 92, 72, 138, 14]"
113551,"[4, 19, 5, 36, 24, 32, 73, 60, 261, 17]"
113552,"[130, 151, 19, 60, 10, 147, 5, 51, 6, 92]"
113553,"[34, 5, 26, 72, 261, 279, 238, 42, 91, 19]"
113554,"[5, 19, 60, 36, 77, 84, 105, 92, 49, 157]"
113555,"[147, 28, 122, 26, 60, 32, 24, 5, 71, 130]"
113556,"[0, 18, 82, 60, 90, 105, 84, 15, 97, 19]"
113557,"[44, 279, 5, 76, 42, 32, 19, 133, 23, 157]"
113558,"[28, 147, 119, 5, 24, 122, 26, 1, 130, 60]"
113559,"[105, 49, 77, 151, 25, 60, 157, 82, 36, 84]"
113560,"[121, 19, 5, 175, 7, 97, 130, 60, 157, 10]"
113561,"[119, 147, 28, 24, 122, 5, 34, 157, 130, 51]"
113562,"[10, 147, 41, 28, 24, 51, 122, 157, 1, 34]"
113563,"[3, 36, 29, 138, 19, 189, 6, 42, 17, 146]"
113564,"[45, 66, 261, 149, 27, 5, 36, 238, 3, 19]"
113565,"[19, 29, 3, 36, 17, 138, 82, 5, 175, 223]"
113566,"[142, 21, 30, 73, 19, 27, 238, 66, 7, 175]"
113567,"[24, 19, 5, 51, 10, 73, 36, 17, 77, 4]"
113568,"[27, 142, 21, 19, 30, 238, 92, 66, 5, 73]"
113569,"[19, 5, 238, 279, 54, 73, 72, 103, 17, 82]"
113570,"[17, 73, 19, 5, 55, 60, 130, 7, 91, 223]"
113571,"[1, 54, 20, 23, 19, 5, 64, 72, 261, 223]"
113572,"[10, 34, 26, 77, 92, 49, 151, 51, 175, 5]"
113573,"[220, 19, 5, 43, 36, 55, 238, 3, 103, 7]"
113574,"[175, 30, 6, 19, 48, 7, 92, 38, 261, 10]"
113575,"[23, 1, 3, 54, 42, 36, 279, 32, 20, 138]"
113576,"[66, 45, 149, 261, 124, 14, 2, 7, 138, 238]"
113577,"[9, 175, 51, 279, 19, 92, 60, 142, 5, 43]"
113578,"[238, 261, 54, 5, 20, 23, 279, 220, 2, 32]"
113579,"[13, 146, 5, 19, 7, 73, 6, 17, 223, 122]"
113580,"[103, 261, 2, 71, 9, 43, 238, 220, 32, 279]"
113581,"[49, 105, 151, 25, 77, 60, 5, 157, 19, 36]"
113582,"[261, 103, 54, 32, 14, 2, 20, 66, 220, 64]"
113583,"[51, 24, 28, 19, 10, 60, 9, 55, 103, 261]"
113584,"[30, 71, 7, 175, 66, 92, 48, 261, 77, 9]"
113585,"[10, 92, 175, 66, 6, 238, 5, 21, 19, 55]"
113586,"[130, 5, 26, 19, 73, 10, 151, 34, 28, 122]"
113587,"[10, 34, 26, 5, 51, 77, 60, 19, 55, 130]"
113588,"[73, 19, 17, 5, 10, 72, 261, 279, 130, 51]"
113589,"[64, 261, 1, 32, 54, 23, 5, 220, 20, 279]"
113590,"[19, 5, 41, 261, 91, 97, 32, 73, 36, 0]"
113591,"[13, 146, 7, 5, 19, 0, 97, 121, 17, 55]"
113592,"[1, 54, 43, 279, 121, 103, 23, 19, 10, 41]"
113593,"[71, 73, 19, 17, 238, 5, 7, 9, 30, 38]"
113594,"[15, 82, 19, 84, 91, 146, 60, 0, 36, 223]"
113595,"[29, 17, 3, 19, 223, 36, 220, 138, 9, 5]"
113596,"[142, 19, 5, 261, 279, 14, 23, 54, 32, 43]"
113597,"[51, 10, 34, 55, 24, 36, 149, 19, 91, 28]"
113598,"[72, 7, 238, 261, 2, 32, 5, 14, 19, 142]"
113599,"[92, 49, 2, 7, 77, 10, 6, 71, 133, 66]"
113600,"[261, 175, 19, 55, 2, 6, 5, 7, 48, 71]"
113601,"[7, 44, 48, 6, 175, 30, 19, 38, 14, 2]"
113602,"[43, 220, 5, 3, 189, 103, 138, 223, 19, 7]"
113603,"[43, 220, 279, 261, 9, 7, 32, 103, 23, 19]"
113604,"[5, 13, 19, 146, 261, 279, 121, 7, 6, 55]"
113605,"[24, 4, 28, 60, 19, 36, 49, 9, 5, 23]"
113606,"[3, 19, 5, 72, 82, 14, 36, 238, 29, 7]"
113607,"[157, 25, 151, 77, 6, 60, 19, 49, 5, 130]"
113608,"[147, 41, 71, 2, 10, 28, 60, 122, 76, 32]"
113609,"[7, 48, 6, 175, 261, 44, 14, 19, 30, 71]"
113610,"[66, 149, 45, 261, 124, 32, 20, 23, 14, 7]"
113611,"[147, 5, 28, 32, 76, 19, 279, 261, 24, 71]"
113612,"[45, 66, 149, 261, 36, 19, 5, 124, 32, 77]"
113613,"[119, 147, 28, 5, 24, 34, 122, 55, 97, 71]"
113614,"[64, 1, 261, 23, 54, 279, 32, 138, 2, 90]"
113615,"[238, 261, 32, 5, 54, 279, 66, 19, 71, 72]"
113616,"[77, 34, 76, 5, 26, 19, 122, 130, 60, 13]"
113617,"[66, 175, 6, 92, 19, 77, 30, 71, 149, 138]"
113618,"[175, 19, 7, 92, 66, 5, 48, 38, 6, 30]"
113619,"[18, 58, 60, 66, 54, 19, 279, 0, 90, 71]"
113620,"[238, 54, 5, 43, 19, 66, 279, 103, 72, 71]"
113621,"[6, 25, 77, 157, 44, 151, 19, 38, 49, 175]"
113622,"[189, 175, 5, 130, 223, 19, 92, 7, 26, 17]"
113623,"[157, 10, 26, 97, 76, 5, 55, 71, 73, 41]"
113624,"[55, 19, 10, 146, 60, 5, 6, 71, 7, 92]"
113625,"[23, 279, 1, 54, 32, 261, 64, 20, 5, 43]"
113626,"[10, 19, 73, 5, 6, 17, 7, 55, 77, 91]"
113627,"[187, 5, 19, 142, 21, 2, 261, 34, 32, 103]"
113628,"[146, 55, 13, 19, 60, 82, 5, 17, 84, 3]"
113629,"[261, 32, 5, 103, 279, 19, 54, 2, 55, 220]"
113630,"[45, 66, 149, 19, 36, 261, 77, 3, 5, 138]"
113631,"[44, 7, 175, 6, 19, 92, 48, 32, 261, 5]"
113632,"[19, 5, 36, 10, 17, 73, 51, 92, 3, 9]"
113633,"[24, 28, 119, 51, 147, 5, 19, 36, 130, 29]"
113634,"[261, 175, 5, 19, 7, 121, 138, 12, 76, 279]"
113635,"[23, 72, 1, 157, 10, 76, 60, 19, 189, 25]"
113636,"[29, 5, 19, 36, 3, 92, 17, 73, 223, 24]"
113637,"[71, 73, 19, 238, 17, 5, 77, 38, 9, 7]"
113638,"[19, 60, 82, 5, 84, 55, 17, 261, 90, 279]"
113639,"[28, 24, 32, 9, 1, 103, 23, 261, 43, 55]"
113640,"[119, 5, 24, 55, 147, 138, 34, 189, 51, 28]"
113641,"[149, 30, 175, 103, 124, 279, 14, 9, 19, 92]"
113642,"[34, 5, 19, 261, 238, 279, 91, 55, 42, 72]"
113643,"[48, 7, 6, 49, 261, 142, 175, 44, 30, 103]"
113644,"[1, 64, 23, 54, 5, 261, 20, 19, 36, 72]"
113645,"[60, 130, 151, 105, 157, 77, 5, 19, 25, 223]"
113646,"[157, 76, 19, 138, 189, 7, 51, 36, 55, 261]"
113647,"[17, 73, 19, 3, 223, 4, 24, 7, 5, 12]"
113648,"[279, 261, 32, 43, 19, 54, 5, 103, 9, 23]"
113649,"[13, 121, 55, 97, 0, 60, 71, 146, 279, 261]"
113650,"[60, 5, 19, 105, 157, 97, 23, 55, 82, 146]"
113651,"[13, 121, 0, 97, 146, 5, 55, 76, 19, 175]"
113652,"[187, 21, 261, 142, 5, 279, 72, 55, 32, 2]"
113653,"[261, 32, 55, 54, 279, 2, 5, 66, 19, 71]"
113654,"[279, 23, 261, 19, 5, 2, 43, 32, 7, 54]"
113655,"[36, 19, 5, 138, 223, 51, 92, 6, 3, 21]"
113656,"[71, 30, 38, 66, 45, 19, 7, 175, 6, 36]"
113657,"[51, 5, 19, 73, 130, 9, 12, 10, 261, 21]"
113658,"[24, 36, 28, 49, 4, 19, 29, 133, 92, 51]"
113659,"[71, 19, 7, 30, 261, 5, 77, 38, 48, 2]"
113660,"[36, 19, 5, 77, 60, 151, 121, 223, 55, 238]"
113661,"[60, 51, 121, 19, 41, 122, 55, 0, 12, 10]"
113662,"[25, 55, 6, 60, 42, 157, 36, 49, 261, 149]"
113663,"[45, 261, 66, 5, 19, 20, 146, 32, 279, 71]"
113664,"[0, 5, 97, 19, 55, 13, 71, 60, 122, 32]"
113665,"[48, 7, 6, 175, 44, 9, 19, 279, 77, 30]"
113666,"[29, 36, 24, 92, 5, 19, 3, 238, 9, 28]"
113667,"[41, 97, 10, 0, 121, 55, 76, 60, 151, 19]"
113668,"[60, 151, 130, 105, 77, 19, 5, 25, 97, 157]"
113669,"[189, 23, 60, 5, 175, 17, 26, 130, 138, 7]"
113670,"[3, 36, 17, 19, 29, 146, 82, 7, 73, 138]"
113671,"[13, 121, 5, 0, 97, 146, 19, 55, 76, 7]"
113672,"[6, 7, 66, 48, 49, 138, 30, 19, 25, 44]"
113673,"[149, 66, 124, 30, 175, 45, 279, 9, 92, 14]"
113674,"[142, 27, 66, 30, 175, 19, 149, 6, 7, 77]"
113675,"[7, 48, 19, 175, 30, 6, 92, 3, 5, 82]"
113676,"[66, 175, 77, 30, 149, 92, 48, 261, 9, 21]"
113677,"[55, 5, 25, 60, 36, 138, 77, 19, 151, 17]"
113678,"[279, 23, 103, 261, 3, 1, 54, 220, 32, 138]"
113679,"[220, 43, 19, 261, 9, 279, 103, 54, 238, 5]"
113680,"[151, 5, 157, 19, 130, 146, 60, 77, 17, 26]"
113681,"[72, 5, 34, 19, 10, 73, 36, 189, 26, 17]"
113682,"[175, 6, 55, 7, 41, 71, 48, 2, 19, 10]"
113683,"[142, 30, 27, 19, 175, 38, 7, 261, 66, 149]"
113684,"[19, 58, 5, 36, 76, 238, 261, 73, 3, 223]"
113685,"[71, 2, 261, 238, 19, 54, 9, 10, 279, 55]"
113686,"[28, 1, 9, 24, 147, 103, 36, 32, 23, 10]"
113687,"[147, 23, 32, 261, 5, 28, 122, 130, 19, 76]"
113688,"[3, 17, 19, 73, 175, 223, 82, 5, 30, 72]"
113689,"[157, 19, 5, 77, 92, 7, 36, 76, 1, 42]"
113690,"[66, 149, 45, 261, 124, 32, 2, 238, 3, 20]"
113691,"[13, 121, 97, 0, 146, 5, 55, 60, 23, 76]"
113692,"[64, 1, 23, 54, 261, 138, 2, 90, 32, 14]"
113693,"[121, 97, 0, 71, 5, 238, 76, 13, 55, 223]"
113694,"[142, 21, 66, 30, 238, 27, 14, 72, 187, 261]"
113695,"[5, 19, 36, 138, 3, 55, 42, 149, 189, 73]"
113696,"[261, 103, 279, 32, 2, 54, 220, 9, 51, 71]"
113697,"[92, 49, 133, 2, 7, 10, 44, 6, 71, 77]"
113698,"[130, 26, 34, 5, 151, 28, 122, 19, 10, 17]"
113699,"[146, 19, 55, 5, 60, 82, 6, 13, 10, 71]"
113700,"[14, 261, 32, 20, 23, 279, 54, 43, 1, 5]"
113701,"[36, 19, 25, 151, 49, 3, 138, 77, 105, 60]"
113702,"[1, 54, 23, 279, 121, 43, 20, 19, 14, 64]"
113703,"[142, 27, 66, 21, 6, 124, 30, 41, 10, 175]"
113704,"[279, 32, 23, 103, 54, 43, 261, 1, 90, 34]"
113705,"[97, 121, 0, 41, 105, 60, 49, 6, 92, 77]"
113706,"[42, 23, 138, 157, 1, 36, 149, 92, 189, 76]"
113707,"[5, 20, 261, 43, 19, 220, 103, 84, 7, 9]"
113708,"[5, 36, 138, 3, 19, 149, 42, 55, 189, 49]"
113709,"[36, 5, 151, 19, 60, 77, 1, 29, 26, 121]"
113710,"[42, 36, 189, 1, 55, 23, 58, 138, 157, 92]"
113711,"[122, 34, 26, 5, 146, 72, 261, 19, 30, 32]"
113712,"[133, 5, 279, 92, 2, 66, 238, 54, 71, 32]"
113713,"[103, 279, 261, 32, 19, 54, 220, 43, 2, 5]"
113714,"[71, 30, 7, 175, 92, 48, 3, 19, 5, 6]"
113715,"[146, 19, 55, 13, 82, 5, 60, 3, 36, 223]"
113716,"[76, 36, 5, 3, 19, 138, 261, 149, 42, 12]"
113717,"[130, 92, 19, 223, 238, 6, 7, 5, 44, 142]"
113718,"[36, 151, 77, 60, 105, 25, 19, 175, 41, 10]"
113719,"[3, 19, 36, 17, 146, 29, 6, 5, 73, 82]"
113720,"[279, 5, 261, 220, 19, 3, 54, 32, 1, 103]"
113721,"[18, 19, 5, 90, 60, 82, 0, 91, 71, 72]"
113722,"[15, 18, 0, 105, 84, 90, 91, 82, 60, 19]"
113723,"[175, 2, 10, 6, 49, 41, 19, 38, 7, 71]"
113724,"[51, 19, 24, 5, 36, 60, 28, 9, 122, 223]"
113725,"[147, 5, 19, 279, 34, 238, 261, 122, 32, 71]"
113726,"[77, 49, 5, 19, 92, 6, 175, 261, 9, 26]"
113727,"[29, 138, 3, 36, 6, 19, 223, 220, 9, 149]"
113728,"[54, 261, 23, 1, 20, 32, 5, 279, 14, 43]"
113729,"[7, 175, 5, 55, 92, 71, 43, 2, 261, 48]"
113730,"[82, 19, 60, 105, 5, 146, 84, 0, 90, 49]"
113731,"[71, 66, 30, 77, 19, 261, 92, 45, 38, 21]"
113732,"[60, 82, 5, 19, 91, 105, 151, 0, 77, 157]"
113733,"[64, 23, 261, 146, 1, 2, 279, 20, 32, 71]"
113734,"[45, 66, 38, 71, 27, 149, 261, 30, 49, 77]"
113735,"[146, 5, 19, 6, 73, 13, 261, 66, 45, 71]"
113736,"[1, 23, 54, 32, 55, 10, 28, 261, 138, 5]"
113737,"[220, 261, 19, 5, 2, 32, 43, 23, 279, 7]"
113738,"[175, 6, 19, 41, 10, 2, 7, 48, 92, 21]"
113739,"[90, 18, 0, 72, 20, 5, 19, 279, 60, 1]"
113740,"[0, 97, 71, 121, 19, 60, 5, 55, 13, 76]"
113741,"[146, 5, 19, 122, 23, 13, 261, 73, 26, 189]"
113742,"[119, 5, 28, 24, 147, 19, 55, 97, 138, 60]"
113743,"[27, 66, 45, 149, 92, 71, 20, 261, 14, 30]"
113744,"[58, 19, 5, 12, 261, 238, 36, 220, 32, 55]"
113745,"[76, 36, 3, 5, 92, 19, 149, 42, 138, 55]"
113746,"[60, 130, 105, 151, 19, 5, 17, 77, 55, 220]"
113747,"[32, 44, 279, 261, 14, 103, 7, 175, 23, 92]"
113748,"[261, 32, 2, 19, 55, 5, 66, 103, 54, 279]"
113749,"[19, 5, 60, 9, 34, 10, 261, 279, 32, 51]"
113750,"[157, 73, 72, 10, 91, 5, 261, 71, 18, 76]"
113751,"[66, 10, 175, 21, 279, 92, 238, 6, 112, 41]"
113752,"[49, 105, 60, 77, 5, 55, 25, 19, 82, 84]"
113753,"[91, 19, 60, 130, 18, 15, 90, 17, 82, 238]"
113754,"[30, 7, 71, 92, 66, 175, 19, 77, 149, 38]"
113755,"[60, 130, 151, 105, 157, 25, 5, 97, 19, 77]"
113756,"[261, 5, 32, 14, 103, 20, 220, 19, 54, 2]"
113757,"[238, 5, 66, 7, 19, 14, 20, 54, 261, 279]"
113758,"[32, 44, 261, 103, 7, 279, 20, 19, 92, 14]"
113759,"[24, 28, 119, 51, 5, 36, 147, 19, 29, 9]"
113760,"[24, 4, 60, 19, 36, 51, 9, 223, 5, 29]"
113761,"[48, 7, 261, 103, 6, 44, 2, 23, 49, 220]"
113762,"[21, 187, 14, 19, 24, 5, 27, 82, 261, 238]"
113763,"[77, 5, 19, 92, 49, 36, 38, 105, 223, 6]"
113764,"[24, 119, 28, 5, 51, 19, 147, 4, 55, 32]"
113765,"[130, 19, 91, 60, 12, 151, 223, 5, 147, 17]"
113766,"[30, 7, 92, 71, 175, 19, 66, 77, 6, 5]"
113767,"[223, 5, 19, 175, 261, 142, 6, 17, 49, 138]"
113768,"[45, 261, 5, 19, 54, 66, 27, 55, 71, 32]"
113769,"[238, 91, 5, 19, 7, 261, 14, 279, 72, 66]"
113770,"[18, 19, 90, 60, 0, 71, 5, 279, 82, 91]"
113771,"[19, 5, 34, 279, 9, 17, 10, 43, 130, 223]"
113772,"[19, 5, 73, 130, 223, 17, 82, 189, 21, 15]"
113773,"[71, 38, 7, 30, 48, 175, 2, 49, 19, 66]"
113774,"[112, 5, 279, 157, 60, 19, 261, 23, 32, 6]"
113775,"[7, 261, 23, 2, 175, 5, 14, 44, 48, 32]"
113776,"[73, 17, 19, 10, 261, 5, 279, 72, 51, 32]"
113777,"[77, 151, 157, 49, 19, 6, 92, 105, 25, 7]"
113778,"[261, 175, 71, 124, 2, 149, 66, 41, 48, 14]"
113779,"[5, 21, 20, 73, 238, 19, 3, 187, 261, 27]"
113780,"[29, 19, 5, 36, 24, 3, 92, 2, 223, 55]"
113781,"[49, 105, 5, 77, 19, 60, 82, 92, 25, 6]"
113782,"[130, 92, 19, 175, 6, 223, 2, 71, 7, 121]"
113783,"[142, 21, 73, 27, 66, 238, 5, 19, 261, 30]"
113784,"[72, 5, 21, 36, 19, 189, 14, 10, 43, 18]"
113785,"[12, 19, 60, 5, 261, 130, 17, 71, 51, 279]"
113786,"[82, 54, 238, 19, 5, 261, 103, 21, 138, 43]"
113787,"[55, 10, 51, 9, 261, 19, 60, 24, 71, 26]"
113788,"[138, 19, 36, 92, 6, 10, 7, 2, 49, 189]"
113789,"[189, 223, 138, 21, 5, 19, 54, 45, 103, 149]"
113790,"[130, 26, 5, 19, 151, 17, 122, 34, 10, 77]"
113791,"[138, 189, 36, 42, 19, 5, 43, 7, 92, 23]"
113792,"[133, 92, 175, 49, 147, 44, 9, 66, 24, 6]"
113793,"[28, 1, 9, 24, 32, 23, 36, 103, 147, 10]"
113794,"[97, 121, 105, 0, 60, 41, 25, 49, 157, 26]"
113795,"[14, 261, 23, 32, 20, 279, 54, 72, 1, 5]"
113796,"[43, 7, 19, 220, 9, 103, 1, 261, 5, 279]"
113797,"[122, 34, 26, 5, 261, 72, 32, 60, 55, 71]"
113798,"[4, 19, 36, 5, 24, 17, 73, 220, 29, 51]"
113799,"[5, 19, 279, 77, 261, 20, 238, 223, 7, 72]"
113800,"[28, 32, 103, 24, 19, 5, 261, 279, 20, 51]"
113801,"[71, 5, 2, 261, 19, 72, 55, 32, 238, 54]"
113802,"[220, 261, 32, 2, 279, 5, 43, 4, 19, 9]"
113803,"[187, 5, 261, 32, 14, 23, 279, 21, 19, 43]"
113804,"[29, 24, 36, 9, 5, 28, 19, 92, 133, 3]"
113805,"[133, 175, 92, 49, 130, 6, 147, 5, 24, 19]"
113806,"[30, 71, 7, 175, 66, 92, 6, 2, 48, 261]"
113807,"[82, 21, 19, 5, 238, 54, 279, 9, 17, 261]"
113808,"[23, 1, 36, 54, 3, 19, 261, 55, 5, 42]"
113809,"[64, 261, 20, 23, 32, 14, 2, 66, 54, 1]"
113810,"[10, 55, 279, 34, 54, 71, 2, 60, 261, 5]"
113811,"[5, 261, 32, 60, 279, 23, 2, 76, 10, 66]"
113812,"[238, 54, 5, 92, 261, 21, 20, 2, 29, 38]"
113813,"[72, 2, 7, 261, 66, 32, 71, 10, 54, 279]"
113814,"[97, 60, 5, 121, 72, 18, 19, 0, 55, 138]"
113815,"[64, 54, 1, 20, 279, 23, 19, 261, 5, 103]"
113816,"[77, 157, 151, 49, 6, 25, 60, 66, 175, 105]"
113817,"[157, 25, 151, 77, 6, 60, 19, 5, 36, 49]"
113818,"[19, 20, 58, 5, 220, 261, 7, 6, 238, 73]"
113819,"[119, 147, 28, 24, 122, 5, 60, 238, 71, 26]"
113820,"[187, 21, 142, 5, 2, 19, 103, 55, 34, 43]"
113821,"[13, 5, 19, 146, 55, 6, 7, 0, 261, 20]"
113822,"[279, 32, 261, 23, 43, 9, 5, 14, 187, 103]"
113823,"[223, 189, 19, 130, 5, 36, 138, 92, 82, 3]"
113824,"[5, 19, 34, 223, 72, 238, 261, 77, 26, 9]"
113825,"[261, 23, 279, 7, 189, 138, 175, 42, 5, 44]"
113826,"[72, 1, 19, 5, 23, 77, 10, 36, 189, 76]"
113827,"[119, 147, 5, 28, 24, 97, 55, 10, 26, 71]"
113828,"[71, 19, 73, 5, 238, 261, 7, 9, 54, 17]"
113829,"[90, 18, 19, 10, 5, 92, 72, 60, 71, 91]"
113830,"[45, 66, 124, 149, 77, 138, 21, 36, 6, 71]"
113831,"[5, 60, 19, 84, 77, 42, 238, 157, 25, 36]"
113832,"[45, 66, 261, 149, 27, 58, 124, 55, 138, 71]"
113833,"[122, 26, 34, 5, 220, 77, 147, 19, 28, 175]"
113834,"[90, 19, 10, 34, 26, 142, 71, 51, 261, 32]"
113835,"[66, 175, 19, 6, 92, 5, 149, 77, 7, 30]"
113836,"[157, 25, 6, 77, 151, 60, 19, 36, 49, 26]"
113837,"[147, 28, 122, 71, 24, 60, 26, 119, 5, 2]"
113838,"[73, 5, 19, 17, 130, 146, 223, 10, 238, 20]"
113839,"[41, 19, 49, 220, 0, 138, 82, 29, 189, 5]"
113840,"[36, 138, 19, 3, 55, 189, 42, 76, 149, 5]"
113841,"[5, 4, 19, 2, 189, 261, 24, 223, 7, 9]"
113842,"[60, 19, 55, 51, 121, 5, 24, 261, 138, 119]"
113843,"[149, 124, 3, 45, 36, 1, 20, 66, 138, 19]"
113844,"[130, 19, 60, 151, 10, 5, 147, 51, 223, 91]"
113845,"[138, 19, 10, 92, 23, 49, 71, 6, 14, 2]"
113846,"[5, 19, 73, 2, 55, 71, 10, 34, 261, 130]"
113847,"[6, 7, 44, 48, 92, 30, 19, 49, 25, 36]"
113848,"[77, 26, 34, 19, 76, 5, 105, 130, 122, 10]"
113849,"[122, 34, 26, 5, 72, 146, 130, 30, 19, 10]"
113850,"[72, 7, 261, 32, 5, 2, 19, 17, 238, 142]"
113851,"[71, 2, 5, 19, 66, 261, 138, 10, 49, 223]"
113852,"[91, 19, 60, 130, 18, 5, 51, 238, 71, 55]"
113853,"[223, 5, 17, 19, 49, 73, 130, 142, 175, 12]"
113854,"[20, 175, 2, 5, 66, 261, 73, 238, 19, 71]"
113855,"[73, 5, 17, 19, 10, 130, 261, 51, 72, 142]"
113856,"[103, 279, 32, 261, 43, 23, 54, 220, 17, 5]"
113857,"[51, 10, 34, 28, 24, 147, 149, 36, 49, 122]"
113858,"[130, 5, 34, 26, 28, 122, 19, 10, 73, 151]"
113859,"[1, 54, 23, 14, 20, 261, 19, 5, 64, 138]"
113860,"[142, 27, 30, 66, 6, 261, 7, 175, 21, 77]"
113861,"[157, 5, 23, 279, 54, 76, 72, 19, 7, 73]"
113862,"[220, 43, 66, 261, 54, 103, 2, 138, 1, 58]"
113863,"[261, 20, 32, 64, 23, 14, 103, 54, 2, 279]"
113864,"[4, 19, 24, 5, 23, 142, 60, 29, 261, 7]"
113865,"[72, 7, 2, 261, 23, 14, 32, 10, 71, 5]"
113866,"[30, 175, 48, 7, 6, 66, 38, 3, 124, 92]"
113867,"[32, 261, 279, 5, 103, 2, 54, 220, 73, 19]"
113868,"[54, 261, 23, 1, 279, 238, 14, 32, 55, 20]"
113869,"[60, 28, 51, 12, 41, 147, 122, 97, 10, 24]"
113870,"[23, 1, 36, 54, 3, 42, 19, 55, 20, 138]"
113871,"[32, 261, 103, 5, 54, 2, 19, 279, 42, 220]"
113872,"[147, 5, 19, 71, 238, 66, 279, 60, 261, 34]"
113873,"[7, 6, 175, 19, 48, 30, 14, 92, 2, 223]"
113874,"[60, 19, 5, 51, 36, 121, 28, 24, 238, 72]"
113875,"[151, 60, 157, 130, 5, 19, 77, 55, 105, 14]"
113876,"[41, 19, 36, 220, 73, 82, 5, 0, 138, 76]"
113877,"[36, 138, 3, 189, 19, 42, 149, 76, 55, 5]"
113878,"[91, 55, 19, 92, 18, 71, 90, 10, 261, 60]"
113879,"[77, 49, 19, 5, 71, 92, 2, 7, 6, 261]"
113880,"[10, 73, 19, 5, 157, 7, 17, 77, 6, 26]"
113881,"[41, 220, 19, 261, 5, 73, 82, 91, 0, 49]"
113882,"[103, 238, 20, 5, 19, 261, 220, 6, 36, 138]"
113883,"[54, 1, 279, 43, 23, 103, 19, 20, 14, 121]"
113884,"[130, 19, 60, 151, 10, 5, 147, 6, 51, 12]"
113885,"[92, 77, 6, 149, 66, 7, 48, 175, 30, 19]"
113886,"[60, 12, 138, 103, 121, 19, 51, 5, 223, 97]"
113887,"[77, 92, 7, 175, 6, 10, 19, 5, 223, 48]"
113888,"[151, 5, 19, 130, 157, 60, 146, 17, 77, 55]"
113889,"[238, 149, 30, 261, 279, 9, 20, 66, 5, 71]"
113890,"[51, 10, 34, 28, 24, 55, 5, 122, 26, 36]"
113891,"[20, 2, 66, 71, 261, 103, 238, 54, 14, 279]"
113892,"[66, 261, 149, 45, 124, 32, 23, 14, 2, 20]"
113893,"[91, 18, 90, 60, 19, 130, 84, 15, 71, 279]"
113894,"[122, 34, 26, 5, 10, 72, 71, 2, 261, 19]"
113895,"[261, 64, 32, 23, 20, 54, 1, 220, 5, 2]"
113896,"[34, 5, 26, 72, 279, 261, 42, 19, 238, 91]"
113897,"[4, 24, 19, 36, 60, 5, 29, 28, 32, 17]"
113898,"[77, 5, 19, 34, 76, 26, 60, 130, 122, 151]"
113899,"[9, 51, 279, 261, 55, 71, 175, 19, 92, 238]"
113900,"[119, 24, 5, 51, 28, 147, 19, 223, 138, 238]"
113901,"[19, 58, 36, 5, 17, 3, 76, 223, 82, 73]"
113902,"[7, 48, 43, 6, 55, 279, 44, 261, 175, 2]"
113903,"[26, 34, 5, 122, 60, 238, 261, 19, 71, 130]"
113904,"[23, 1, 54, 32, 55, 138, 43, 279, 261, 19]"
113905,"[6, 7, 92, 48, 19, 175, 25, 49, 30, 3]"
113906,"[133, 5, 92, 130, 238, 2, 26, 175, 66, 21]"
113907,"[187, 21, 2, 43, 3, 71, 73, 72, 5, 23]"
113908,"[223, 189, 19, 130, 5, 82, 175, 43, 279, 17]"
113909,"[91, 19, 72, 55, 60, 17, 261, 92, 146, 18]"
113910,"[149, 124, 3, 36, 138, 1, 45, 66, 19, 42]"
113911,"[60, 51, 122, 34, 26, 121, 28, 12, 24, 19]"
113912,"[71, 30, 7, 175, 92, 48, 261, 9, 66, 20]"
113913,"[41, 71, 97, 10, 0, 2, 26, 175, 60, 261]"
113914,"[13, 5, 19, 146, 55, 7, 121, 73, 0, 17]"
113915,"[130, 5, 19, 26, 34, 17, 151, 73, 122, 77]"
113916,"[71, 5, 261, 19, 7, 21, 6, 66, 48, 175]"
113917,"[97, 121, 60, 0, 41, 26, 55, 105, 71, 19]"
113918,"[28, 147, 119, 5, 24, 122, 60, 130, 26, 34]"
113919,"[279, 261, 54, 32, 34, 9, 43, 5, 55, 2]"
113920,"[36, 19, 25, 60, 151, 5, 223, 138, 157, 34]"
113921,"[0, 71, 121, 97, 66, 18, 41, 13, 19, 5]"
113922,"[3, 19, 138, 5, 82, 7, 223, 103, 36, 149]"
113923,"[147, 28, 5, 238, 122, 17, 76, 130, 19, 279]"
113924,"[175, 7, 48, 6, 55, 30, 66, 19, 71, 261]"
113925,"[1, 54, 121, 10, 41, 23, 279, 43, 0, 103]"
113926,"[23, 1, 261, 279, 64, 20, 32, 5, 54, 19]"
113927,"[122, 26, 34, 5, 220, 19, 146, 32, 261, 121]"
113928,"[119, 5, 147, 24, 51, 28, 122, 12, 71, 138]"
113929,"[32, 261, 279, 238, 220, 55, 103, 54, 5, 2]"
113930,"[187, 142, 32, 261, 60, 43, 34, 55, 5, 19]"
113931,"[5, 19, 279, 175, 23, 1, 130, 146, 7, 3]"
113932,"[0, 71, 121, 97, 13, 76, 18, 5, 55, 64]"
113933,"[30, 92, 71, 7, 175, 66, 38, 48, 77, 149]"
113934,"[175, 6, 19, 7, 55, 71, 48, 10, 30, 92]"
113935,"[92, 133, 175, 6, 151, 49, 189, 146, 19, 66]"
113936,"[25, 151, 77, 157, 60, 105, 36, 55, 49, 6]"
113937,"[157, 25, 151, 77, 60, 6, 105, 19, 36, 49]"
113938,"[261, 32, 279, 103, 43, 54, 2, 76, 9, 34]"
113939,"[91, 55, 18, 92, 71, 10, 19, 90, 66, 27]"
113940,"[133, 175, 92, 9, 130, 49, 6, 5, 147, 24]"
113941,"[36, 19, 5, 151, 60, 77, 26, 175, 223, 121]"
113942,"[82, 84, 60, 19, 90, 105, 49, 146, 15, 223]"
113943,"[261, 20, 32, 23, 279, 64, 103, 2, 14, 54]"
113944,"[279, 5, 32, 23, 19, 261, 175, 2, 73, 146]"
113945,"[48, 7, 6, 49, 30, 5, 261, 2, 103, 175]"
113946,"[5, 19, 147, 76, 238, 130, 12, 261, 122, 28]"
113947,"[2, 5, 92, 147, 175, 49, 71, 66, 7, 261]"
113948,"[121, 19, 175, 279, 5, 7, 157, 97, 60, 261]"
113949,"[10, 34, 77, 51, 26, 60, 92, 105, 151, 19]"
113950,"[119, 5, 147, 28, 24, 138, 122, 97, 55, 10]"
113951,"[223, 5, 19, 142, 261, 17, 175, 9, 138, 73]"
113952,"[151, 175, 77, 9, 7, 10, 220, 26, 25, 49]"
113953,"[23, 1, 32, 54, 261, 36, 42, 19, 5, 20]"
113954,"[23, 1, 54, 20, 55, 5, 279, 19, 138, 36]"
113955,"[133, 92, 175, 6, 49, 147, 66, 44, 24, 223]"
113956,"[261, 32, 20, 14, 103, 220, 54, 279, 72, 2]"
113957,"[220, 43, 261, 32, 279, 54, 103, 9, 23, 19]"
113958,"[133, 5, 238, 92, 2, 279, 26, 19, 54, 261]"
113959,"[30, 175, 48, 7, 6, 38, 66, 3, 138, 124]"
113960,"[238, 10, 92, 279, 66, 133, 1, 112, 175, 5]"
113961,"[97, 0, 60, 121, 18, 138, 5, 55, 25, 23]"
113962,"[30, 71, 7, 175, 19, 92, 2, 66, 6, 261]"
113963,"[66, 149, 45, 124, 261, 3, 32, 2, 7, 42]"
113964,"[71, 48, 7, 30, 261, 20, 66, 175, 92, 238]"
113965,"[32, 238, 261, 54, 279, 7, 20, 23, 91, 14]"
113966,"[82, 19, 5, 60, 105, 146, 84, 261, 90, 17]"
113967,"[151, 38, 7, 77, 25, 157, 48, 133, 9, 49]"
113968,"[60, 84, 5, 279, 157, 25, 42, 34, 19, 32]"
113969,"[10, 5, 279, 19, 72, 130, 34, 28, 1, 12]"
113970,"[157, 25, 77, 6, 151, 105, 60, 49, 19, 36]"
113971,"[64, 261, 20, 23, 32, 14, 66, 5, 36, 76]"
113972,"[5, 77, 76, 34, 19, 26, 60, 122, 130, 105]"
113973,"[77, 151, 49, 157, 105, 25, 92, 6, 60, 48]"
113974,"[130, 26, 122, 19, 5, 151, 10, 34, 28, 77]"
113975,"[66, 175, 19, 23, 6, 149, 261, 146, 92, 7]"
113976,"[138, 23, 10, 2, 71, 41, 49, 19, 279, 43]"
113977,"[60, 130, 105, 5, 19, 223, 97, 17, 55, 51]"
113978,"[238, 5, 19, 23, 54, 261, 20, 142, 32, 220]"
113979,"[223, 130, 19, 60, 12, 5, 92, 82, 90, 17]"
113980,"[20, 6, 19, 238, 220, 90, 261, 157, 71, 5]"
113981,"[223, 5, 19, 261, 17, 142, 9, 73, 175, 7]"
113982,"[20, 58, 220, 19, 261, 64, 157, 279, 54, 238]"
113983,"[32, 261, 279, 103, 44, 7, 19, 23, 2, 54]"
113984,"[19, 6, 5, 49, 138, 175, 1, 36, 60, 92]"
113985,"[17, 73, 19, 146, 5, 7, 82, 60, 130, 220]"
113986,"[41, 19, 5, 220, 82, 261, 36, 73, 6, 91]"
113987,"[5, 3, 138, 36, 42, 189, 149, 19, 55, 25]"
113988,"[3, 73, 19, 5, 32, 72, 30, 21, 175, 223]"
113989,"[187, 21, 261, 5, 43, 279, 9, 32, 103, 19]"
113990,"[1, 23, 64, 19, 261, 5, 32, 20, 279, 54]"
113991,"[5, 3, 138, 19, 36, 42, 55, 149, 189, 73]"
113992,"[0, 71, 13, 55, 60, 5, 97, 19, 121, 76]"
113993,"[49, 105, 5, 60, 77, 19, 82, 25, 84, 6]"
113994,"[223, 189, 19, 36, 5, 92, 130, 138, 82, 7]"
113995,"[0, 18, 60, 82, 15, 90, 84, 97, 19, 91]"
113996,"[19, 20, 64, 6, 10, 261, 90, 5, 71, 238]"
113997,"[12, 19, 5, 71, 261, 51, 60, 17, 130, 92]"
113998,"[36, 220, 76, 77, 3, 19, 103, 43, 5, 12]"
113999,"[238, 54, 5, 19, 261, 20, 66, 2, 92, 1]"
114000,"[157, 151, 25, 77, 60, 6, 19, 130, 5, 49]"
114001,"[84, 82, 60, 90, 19, 43, 105, 13, 18, 0]"
114002,"[38, 71, 19, 30, 7, 175, 34, 49, 5, 36]"
114003,"[220, 43, 103, 138, 261, 2, 66, 19, 20, 12]"
114004,"[133, 92, 5, 238, 261, 2, 130, 26, 32, 23]"
114005,"[97, 5, 0, 121, 19, 60, 23, 138, 18, 72]"
114006,"[92, 6, 66, 77, 48, 7, 10, 175, 133, 149]"
114007,"[142, 279, 19, 23, 14, 261, 5, 24, 54, 175]"
114008,"[36, 138, 19, 5, 51, 105, 12, 223, 3, 149]"
114009,"[90, 19, 64, 34, 20, 43, 279, 10, 60, 36]"
114010,"[36, 3, 138, 42, 189, 149, 19, 5, 76, 29]"
114011,"[41, 19, 220, 73, 49, 5, 138, 3, 0, 91]"
114012,"[41, 10, 97, 0, 71, 55, 151, 121, 51, 60]"
114013,"[12, 19, 5, 130, 261, 60, 71, 92, 17, 238]"
114014,"[90, 18, 72, 0, 20, 5, 279, 60, 91, 19]"
114015,"[149, 124, 66, 175, 30, 9, 103, 279, 92, 261]"
114016,"[261, 138, 7, 5, 175, 279, 23, 2, 19, 1]"
114017,"[77, 49, 71, 92, 6, 2, 5, 26, 175, 9]"
114018,"[36, 5, 220, 19, 76, 77, 29, 12, 17, 130]"
114019,"[24, 36, 28, 19, 4, 92, 29, 49, 51, 105]"
114020,"[72, 7, 2, 66, 261, 6, 14, 19, 32, 5]"
114021,"[175, 19, 7, 38, 30, 6, 133, 48, 49, 3]"
114022,"[14, 261, 5, 19, 1, 20, 54, 23, 43, 32]"
114023,"[28, 9, 24, 19, 92, 10, 32, 51, 147, 5]"
114024,"[97, 60, 0, 121, 18, 138, 55, 23, 105, 5]"
114025,"[279, 32, 23, 261, 43, 5, 19, 9, 14, 91]"
114026,"[112, 5, 19, 157, 6, 279, 261, 7, 60, 92]"
114027,"[71, 30, 19, 66, 7, 6, 5, 36, 38, 261]"
114028,"[44, 6, 7, 25, 48, 279, 92, 261, 23, 32]"
114029,"[130, 26, 34, 5, 28, 10, 122, 60, 151, 73]"
114030,"[19, 82, 60, 105, 84, 5, 90, 91, 49, 146]"
114031,"[30, 7, 71, 92, 175, 66, 48, 38, 77, 19]"
114032,"[27, 66, 45, 149, 71, 92, 261, 20, 124, 6]"
114033,"[2, 5, 261, 71, 175, 92, 6, 49, 147, 32]"
114034,"[82, 21, 238, 5, 9, 3, 19, 36, 189, 28]"
114035,"[92, 238, 10, 5, 1, 19, 23, 49, 6, 175]"
114036,"[7, 6, 175, 44, 71, 48, 92, 10, 2, 151]"
114037,"[261, 2, 32, 5, 73, 220, 54, 9, 19, 238]"
114038,"[26, 34, 5, 10, 71, 122, 60, 77, 19, 36]"
114039,"[105, 82, 10, 92, 19, 49, 5, 1, 60, 90]"
114040,"[7, 261, 44, 5, 279, 2, 175, 14, 92, 32]"
114041,"[261, 4, 5, 71, 2, 279, 60, 43, 23, 9]"
114042,"[21, 20, 5, 73, 238, 27, 19, 3, 261, 187]"
114043,"[25, 151, 77, 157, 60, 55, 36, 49, 105, 42]"
114044,"[189, 19, 138, 5, 43, 103, 71, 72, 279, 2]"
114045,"[18, 0, 60, 72, 5, 90, 97, 10, 82, 19]"
114046,"[238, 5, 19, 66, 220, 92, 73, 130, 21, 36]"
114047,"[105, 49, 151, 77, 60, 25, 97, 82, 10, 6]"
114048,"[97, 121, 0, 60, 41, 105, 26, 10, 55, 25]"
114049,"[119, 5, 147, 28, 24, 1, 122, 10, 19, 71]"
114050,"[23, 1, 54, 3, 42, 36, 279, 32, 20, 64]"
114051,"[130, 5, 26, 10, 19, 28, 73, 34, 122, 151]"
114052,"[1, 5, 20, 23, 261, 55, 19, 238, 77, 36]"
114053,"[189, 5, 223, 19, 43, 238, 20, 71, 261, 279]"
114054,"[279, 32, 261, 43, 23, 5, 19, 103, 54, 20]"
114055,"[187, 5, 32, 261, 23, 103, 43, 279, 21, 14]"
114056,"[71, 30, 7, 175, 66, 48, 261, 92, 2, 5]"
114057,"[19, 5, 36, 7, 17, 175, 261, 146, 223, 138]"
114058,"[41, 97, 10, 0, 19, 28, 151, 121, 55, 147]"
114059,"[146, 19, 82, 55, 3, 13, 60, 5, 17, 36]"
114060,"[32, 261, 5, 279, 42, 2, 73, 103, 17, 72]"
114061,"[103, 261, 238, 220, 138, 19, 32, 55, 20, 6]"
114062,"[21, 66, 60, 19, 6, 138, 157, 41, 82, 77]"
114063,"[124, 149, 66, 55, 2, 41, 45, 138, 261, 71]"
114064,"[60, 151, 130, 105, 77, 5, 19, 157, 223, 25]"
114065,"[17, 73, 5, 19, 42, 32, 223, 261, 130, 279]"
114066,"[72, 7, 32, 261, 17, 2, 279, 23, 122, 142]"
114067,"[77, 5, 19, 49, 92, 36, 7, 6, 223, 38]"
114068,"[60, 105, 5, 19, 55, 97, 82, 18, 49, 0]"
114069,"[42, 3, 138, 36, 189, 23, 17, 29, 19, 220]"
114070,"[51, 10, 28, 36, 5, 19, 34, 26, 49, 92]"
114071,"[7, 48, 261, 43, 55, 279, 2, 6, 54, 138]"
114072,"[103, 279, 32, 43, 261, 220, 23, 9, 54, 175]"
114073,"[71, 19, 73, 238, 5, 9, 279, 7, 17, 38]"
114074,"[157, 10, 41, 72, 18, 76, 26, 97, 71, 73]"
114075,"[149, 124, 20, 45, 138, 3, 1, 66, 261, 36]"
114076,"[19, 5, 91, 84, 3, 7, 138, 20, 17, 223]"
114077,"[19, 138, 36, 92, 5, 55, 20, 7, 238, 279]"
114078,"[28, 24, 5, 32, 19, 20, 261, 34, 76, 279]"
114079,"[5, 279, 10, 19, 130, 34, 72, 24, 54, 91]"
114080,"[45, 261, 66, 32, 54, 279, 71, 5, 27, 146]"
114081,"[2, 71, 5, 261, 66, 175, 7, 48, 6, 92]"
114082,"[72, 7, 14, 261, 2, 32, 66, 238, 48, 10]"
114083,"[19, 5, 91, 3, 138, 7, 84, 36, 20, 220]"
114084,"[34, 10, 26, 122, 130, 19, 5, 9, 60, 28]"
114085,"[71, 30, 7, 175, 92, 48, 238, 9, 20, 38]"
114086,"[130, 19, 60, 151, 5, 91, 223, 12, 73, 17]"
114087,"[13, 55, 71, 146, 5, 19, 121, 6, 261, 7]"
114088,"[142, 21, 66, 27, 73, 19, 5, 238, 261, 7]"
114089,"[64, 261, 1, 23, 32, 54, 20, 5, 279, 220]"
114090,"[7, 48, 261, 279, 55, 43, 66, 6, 2, 54]"
114091,"[5, 55, 138, 42, 3, 261, 71, 51, 19, 36]"
114092,"[64, 1, 23, 20, 19, 54, 261, 92, 5, 279]"
114093,"[7, 48, 92, 261, 14, 2, 66, 44, 175, 112]"
114094,"[21, 187, 5, 24, 72, 32, 19, 23, 82, 14]"
114095,"[55, 5, 138, 121, 189, 3, 92, 6, 223, 43]"
114096,"[82, 19, 5, 146, 60, 105, 84, 17, 90, 72]"
114097,"[279, 54, 32, 261, 23, 220, 43, 103, 9, 1]"
114098,"[97, 60, 121, 0, 18, 55, 23, 41, 138, 71]"
114099,"[261, 2, 32, 20, 54, 23, 279, 19, 103, 14]"
114100,"[5, 19, 261, 223, 30, 2, 36, 66, 54, 279]"
114101,"[130, 19, 151, 12, 17, 60, 5, 72, 147, 223]"
114102,"[29, 36, 19, 5, 3, 223, 24, 92, 17, 4]"
114103,"[261, 138, 5, 58, 175, 19, 7, 2, 279, 189]"
114104,"[157, 25, 77, 151, 6, 105, 60, 19, 36, 49]"
114105,"[23, 54, 261, 279, 1, 220, 32, 5, 9, 19]"
114106,"[279, 32, 261, 43, 23, 103, 54, 124, 19, 5]"
114107,"[14, 261, 23, 20, 1, 32, 54, 72, 5, 279]"
114108,"[30, 71, 7, 175, 66, 92, 6, 2, 19, 149]"
114109,"[0, 71, 97, 121, 55, 13, 5, 60, 122, 76]"
114110,"[10, 5, 19, 12, 130, 279, 54, 51, 147, 24]"
114111,"[29, 17, 223, 3, 19, 138, 36, 9, 220, 24]"
114112,"[0, 97, 71, 122, 13, 121, 60, 55, 76, 19]"
114113,"[92, 133, 44, 49, 112, 77, 7, 2, 10, 130]"
114114,"[32, 261, 279, 44, 103, 7, 9, 14, 6, 20]"
114115,"[142, 73, 27, 21, 261, 66, 5, 71, 17, 238]"
114116,"[92, 133, 44, 112, 49, 7, 77, 9, 34, 10]"
114117,"[73, 72, 19, 5, 189, 261, 151, 138, 146, 14]"
114118,"[32, 261, 44, 279, 14, 92, 7, 23, 103, 19]"
114119,"[14, 261, 23, 5, 32, 72, 1, 20, 9, 238]"
114120,"[146, 13, 19, 5, 82, 6, 55, 91, 0, 60]"
114121,"[5, 105, 84, 60, 157, 279, 19, 77, 25, 49]"
114122,"[147, 71, 122, 5, 10, 34, 19, 279, 26, 175]"
114123,"[4, 36, 19, 24, 5, 223, 3, 17, 29, 72]"
114124,"[261, 2, 54, 32, 279, 43, 84, 103, 5, 55]"
114125,"[138, 189, 42, 3, 23, 175, 6, 7, 36, 19]"
114126,"[13, 121, 0, 97, 146, 55, 119, 60, 5, 76]"
114127,"[103, 261, 2, 54, 32, 19, 279, 55, 7, 9]"
114128,"[25, 55, 6, 60, 49, 42, 36, 71, 41, 76]"
114129,"[142, 27, 30, 66, 77, 7, 73, 175, 261, 5]"
114130,"[4, 19, 36, 24, 60, 5, 17, 29, 76, 73]"
114131,"[71, 30, 32, 261, 38, 175, 19, 5, 66, 122]"
114132,"[146, 19, 55, 82, 13, 60, 5, 3, 36, 6]"
114133,"[0, 97, 76, 13, 5, 55, 71, 60, 121, 19]"
114134,"[175, 6, 48, 30, 7, 19, 261, 71, 9, 142]"
114135,"[23, 1, 54, 32, 279, 64, 261, 20, 149, 103]"
114136,"[28, 119, 24, 51, 147, 5, 122, 55, 130, 19]"
114137,"[10, 34, 26, 77, 51, 60, 5, 19, 55, 92]"
114138,"[92, 133, 130, 19, 175, 5, 151, 49, 6, 77]"
114139,"[72, 23, 1, 76, 60, 10, 77, 19, 157, 36]"
114140,"[187, 21, 261, 2, 23, 72, 5, 55, 73, 32]"
114141,"[138, 76, 261, 12, 279, 175, 66, 7, 189, 6]"
114142,"[18, 0, 72, 91, 5, 60, 97, 19, 15, 130]"
114143,"[55, 60, 146, 19, 10, 17, 157, 5, 34, 7]"
114144,"[71, 5, 261, 19, 7, 238, 21, 48, 72, 30]"
114145,"[279, 23, 43, 54, 261, 103, 71, 2, 5, 32]"
114146,"[105, 60, 151, 82, 91, 18, 0, 157, 77, 19]"
114147,"[9, 175, 5, 19, 66, 6, 92, 71, 20, 7]"
114148,"[5, 261, 9, 157, 146, 279, 19, 151, 175, 51]"
114149,"[51, 10, 34, 19, 36, 5, 55, 91, 138, 122]"
114150,"[21, 5, 19, 187, 60, 142, 72, 3, 223, 238]"
114151,"[0, 71, 13, 60, 41, 97, 55, 76, 5, 18]"
114152,"[82, 19, 21, 54, 5, 138, 2, 103, 71, 261]"
114153,"[92, 133, 44, 175, 151, 112, 130, 6, 77, 49]"
114154,"[146, 55, 19, 82, 13, 5, 60, 138, 223, 189]"
114155,"[41, 91, 19, 0, 97, 146, 5, 58, 138, 175]"
114156,"[82, 84, 19, 60, 90, 223, 105, 146, 49, 15]"
114157,"[220, 261, 5, 43, 279, 19, 32, 2, 103, 9]"
114158,"[36, 138, 3, 42, 149, 189, 19, 76, 55, 5]"
114159,"[23, 279, 1, 54, 32, 64, 261, 20, 103, 28]"
114160,"[119, 55, 71, 34, 5, 41, 97, 26, 2, 60]"
114161,"[19, 36, 51, 5, 223, 138, 92, 29, 3, 58]"
114162,"[5, 44, 279, 12, 19, 7, 13, 76, 103, 54]"
114163,"[124, 149, 66, 55, 42, 45, 261, 51, 138, 3]"
114164,"[19, 5, 36, 10, 51, 92, 223, 72, 77, 82]"
114165,"[41, 0, 5, 36, 19, 97, 71, 261, 91, 18]"
114166,"[149, 124, 261, 175, 30, 66, 71, 9, 32, 14]"
114167,"[4, 36, 19, 24, 5, 29, 17, 138, 60, 76]"
114168,"[90, 19, 10, 26, 43, 49, 71, 82, 60, 30]"
114169,"[97, 121, 0, 60, 5, 105, 19, 26, 25, 130]"
114170,"[73, 19, 17, 10, 5, 6, 261, 130, 51, 7]"
114171,"[5, 19, 146, 49, 175, 6, 73, 36, 26, 220]"
114172,"[15, 82, 19, 0, 84, 60, 91, 146, 18, 138]"
114173,"[238, 7, 20, 261, 5, 19, 54, 32, 43, 66]"
114174,"[223, 5, 19, 17, 21, 175, 92, 261, 138, 6]"
114175,"[71, 2, 261, 5, 138, 66, 19, 45, 223, 55]"
114176,"[19, 5, 30, 223, 3, 261, 32, 17, 36, 149]"
114177,"[92, 77, 7, 133, 151, 175, 49, 9, 6, 48]"
114178,"[25, 151, 60, 55, 77, 157, 49, 105, 6, 138]"
114179,"[7, 48, 6, 66, 19, 223, 58, 30, 175, 43]"
114180,"[122, 34, 5, 26, 72, 19, 261, 60, 238, 55]"
114181,"[43, 220, 261, 279, 19, 7, 32, 9, 23, 103]"
114182,"[187, 5, 21, 19, 72, 261, 238, 20, 7, 138]"
114183,"[41, 19, 5, 220, 82, 36, 73, 6, 0, 60]"
114184,"[223, 130, 60, 19, 82, 90, 12, 5, 92, 121]"
114185,"[38, 71, 175, 66, 77, 30, 19, 10, 25, 49]"
114186,"[261, 7, 71, 66, 19, 14, 30, 55, 48, 5]"
114187,"[103, 261, 32, 279, 220, 9, 54, 2, 19, 3]"
114188,"[130, 5, 34, 19, 73, 26, 122, 10, 151, 77]"
114189,"[21, 187, 19, 5, 3, 30, 27, 73, 82, 14]"
114190,"[55, 5, 25, 60, 36, 49, 146, 3, 17, 77]"
114191,"[18, 0, 91, 72, 60, 5, 15, 97, 10, 90]"
114192,"[4, 19, 5, 24, 29, 49, 51, 17, 142, 28]"
114193,"[60, 19, 51, 121, 24, 55, 5, 97, 10, 36]"
114194,"[175, 9, 38, 30, 28, 36, 25, 77, 6, 49]"
114195,"[15, 82, 84, 18, 19, 105, 91, 0, 60, 90]"
114196,"[146, 55, 19, 13, 60, 82, 5, 58, 3, 223]"
114197,"[14, 261, 5, 23, 19, 32, 20, 1, 72, 238]"
114198,"[12, 71, 19, 5, 261, 60, 17, 2, 7, 279]"
114199,"[73, 17, 19, 72, 3, 5, 261, 23, 10, 7]"
114200,"[1, 23, 54, 20, 19, 2, 32, 5, 261, 138]"
114201,"[42, 3, 138, 17, 23, 36, 189, 19, 29, 220]"
114202,"[7, 2, 6, 48, 261, 55, 54, 19, 71, 175]"
114203,"[157, 151, 77, 25, 60, 6, 105, 19, 26, 49]"
114204,"[71, 66, 261, 55, 60, 77, 30, 45, 21, 2]"
114205,"[142, 19, 30, 261, 27, 175, 32, 66, 7, 5]"
114206,"[82, 151, 60, 105, 157, 0, 18, 15, 90, 77]"
114207,"[76, 19, 82, 261, 21, 41, 36, 66, 18, 5]"
114208,"[2, 71, 261, 32, 175, 10, 49, 5, 48, 41]"
114209,"[71, 19, 73, 7, 2, 10, 261, 9, 66, 6]"
114210,"[261, 32, 279, 55, 23, 54, 19, 43, 9, 5]"
114211,"[18, 72, 5, 0, 90, 82, 19, 105, 60, 10]"
114212,"[5, 19, 54, 82, 261, 51, 238, 21, 103, 142]"
114213,"[279, 32, 261, 43, 54, 19, 2, 103, 5, 9]"
114214,"[175, 9, 6, 10, 92, 71, 19, 66, 5, 77]"
114215,"[91, 19, 90, 15, 30, 157, 14, 92, 18, 55]"
114216,"[151, 157, 25, 38, 9, 7, 77, 48, 133, 175]"
114217,"[20, 103, 261, 34, 32, 5, 2, 220, 54, 238]"
114218,"[97, 58, 121, 41, 60, 19, 55, 71, 18, 2]"
114219,"[30, 175, 7, 3, 19, 6, 48, 5, 92, 66]"
114220,"[261, 20, 32, 279, 23, 64, 14, 103, 54, 220]"
114221,"[90, 18, 72, 0, 20, 5, 19, 279, 91, 60]"
114222,"[4, 19, 36, 24, 5, 17, 32, 29, 60, 73]"
114223,"[92, 133, 175, 151, 130, 6, 49, 19, 44, 5]"
114224,"[32, 279, 261, 17, 103, 5, 220, 19, 42, 60]"
114225,"[7, 6, 19, 48, 175, 14, 30, 261, 44, 92]"
114226,"[58, 19, 3, 36, 223, 17, 76, 5, 55, 6]"
114227,"[5, 19, 279, 261, 76, 77, 20, 7, 92, 1]"
114228,"[82, 84, 60, 19, 90, 105, 49, 0, 18, 15]"
114229,"[64, 261, 32, 54, 1, 23, 20, 279, 2, 103]"
114230,"[261, 32, 279, 103, 54, 55, 34, 5, 27, 19]"
114231,"[10, 92, 66, 6, 175, 238, 5, 2, 19, 55]"
114232,"[19, 7, 103, 17, 279, 261, 5, 23, 138, 3]"
114233,"[175, 6, 19, 49, 92, 7, 10, 38, 146, 151]"
114234,"[18, 0, 60, 90, 5, 72, 97, 82, 19, 10]"
114235,"[71, 5, 2, 223, 21, 54, 19, 66, 45, 138]"
114236,"[20, 2, 175, 261, 103, 66, 5, 71, 14, 54]"
114237,"[142, 30, 66, 27, 38, 149, 175, 45, 19, 124]"
114238,"[12, 19, 5, 71, 130, 17, 60, 261, 92, 73]"
114239,"[119, 24, 28, 51, 147, 5, 29, 130, 36, 223]"
114240,"[6, 25, 77, 92, 19, 157, 44, 7, 17, 49]"
114241,"[17, 73, 19, 5, 146, 55, 130, 7, 36, 60]"
114242,"[261, 48, 7, 2, 175, 6, 55, 19, 23, 58]"
114243,"[13, 0, 121, 97, 146, 55, 10, 76, 5, 71]"
114244,"[36, 3, 92, 55, 42, 138, 19, 29, 149, 77]"
114245,"[7, 48, 44, 6, 175, 49, 279, 261, 43, 34]"
114246,"[149, 30, 124, 66, 103, 175, 20, 9, 14, 48]"
114247,"[175, 9, 6, 10, 71, 66, 92, 41, 14, 151]"
114248,"[7, 5, 66, 48, 2, 14, 92, 175, 43, 261]"
114249,"[7, 261, 19, 48, 6, 43, 2, 175, 14, 279]"
114250,"[43, 220, 55, 189, 21, 5, 138, 19, 58, 42]"
114251,"[105, 49, 77, 151, 25, 60, 36, 157, 6, 10]"
114252,"[77, 49, 5, 92, 19, 38, 6, 105, 130, 17]"
114253,"[105, 130, 60, 5, 223, 19, 17, 82, 77, 97]"
114254,"[77, 49, 5, 19, 7, 6, 92, 175, 26, 2]"
114255,"[19, 29, 3, 36, 5, 17, 138, 24, 223, 4]"
114256,"[36, 5, 151, 19, 60, 77, 9, 26, 25, 1]"
114257,"[4, 49, 41, 2, 60, 10, 105, 121, 119, 24]"
114258,"[82, 19, 5, 21, 3, 36, 189, 138, 238, 66]"
114259,"[149, 66, 124, 175, 261, 51, 30, 9, 71, 5]"
114260,"[4, 19, 5, 29, 24, 142, 66, 51, 7, 49]"
114261,"[119, 24, 5, 51, 28, 19, 223, 147, 122, 55]"
114262,"[133, 92, 175, 49, 130, 6, 9, 5, 147, 19]"
114263,"[72, 19, 10, 5, 36, 21, 189, 26, 34, 73]"
114264,"[43, 261, 279, 220, 19, 7, 9, 32, 103, 5]"
114265,"[64, 261, 20, 2, 71, 32, 23, 54, 55, 1]"
114266,"[71, 30, 5, 261, 19, 38, 66, 77, 32, 7]"
114267,"[26, 34, 5, 10, 122, 130, 71, 238, 19, 72]"
114268,"[91, 60, 19, 18, 71, 55, 90, 238, 130, 51]"
114269,"[149, 30, 124, 66, 261, 14, 175, 238, 9, 20]"
114270,"[77, 49, 151, 157, 6, 19, 25, 5, 60, 92]"
114271,"[20, 66, 2, 7, 261, 238, 138, 64, 149, 30]"
114272,"[58, 189, 138, 261, 21, 223, 175, 66, 279, 7]"
114273,"[142, 21, 66, 30, 27, 73, 238, 7, 72, 3]"
114274,"[54, 261, 32, 23, 279, 1, 220, 14, 43, 2]"
114275,"[12, 5, 261, 19, 71, 32, 17, 23, 60, 279]"
114276,"[36, 76, 5, 19, 12, 220, 77, 103, 60, 3]"
114277,"[103, 261, 3, 91, 7, 19, 279, 175, 9, 138]"
114278,"[26, 105, 97, 60, 121, 49, 77, 147, 28, 220]"
114279,"[48, 6, 7, 19, 5, 2, 175, 45, 54, 138]"
114280,"[175, 19, 5, 38, 49, 7, 30, 133, 92, 6]"
114281,"[238, 261, 5, 54, 19, 142, 32, 20, 220, 73]"
114282,"[119, 5, 24, 28, 55, 147, 60, 97, 122, 261]"
114283,"[73, 5, 17, 19, 3, 223, 146, 82, 130, 72]"
114284,"[54, 261, 32, 23, 1, 279, 220, 2, 14, 43]"
114285,"[17, 19, 5, 73, 130, 42, 32, 223, 3, 142]"
114286,"[133, 5, 92, 130, 279, 26, 238, 175, 147, 32]"
114287,"[82, 5, 54, 19, 9, 261, 32, 103, 279, 238]"
114288,"[32, 261, 279, 23, 43, 187, 220, 14, 5, 60]"
114289,"[55, 60, 10, 146, 5, 71, 19, 13, 157, 261]"
114290,"[44, 6, 48, 7, 279, 25, 261, 32, 2, 157]"
114291,"[19, 5, 9, 34, 73, 10, 36, 130, 51, 17]"
114292,"[130, 5, 17, 151, 19, 26, 34, 28, 77, 73]"
114293,"[66, 45, 38, 149, 71, 27, 2, 124, 49, 19]"
114294,"[6, 7, 92, 44, 30, 19, 157, 49, 175, 36]"
114295,"[175, 66, 20, 9, 30, 32, 73, 2, 149, 3]"
114296,"[90, 10, 32, 19, 18, 60, 43, 91, 71, 279]"
114297,"[7, 48, 6, 175, 44, 261, 5, 19, 223, 3]"
114298,"[43, 220, 261, 279, 7, 9, 19, 103, 5, 14]"
114299,"[36, 151, 5, 19, 77, 60, 26, 25, 1, 130]"
114300,"[122, 34, 26, 5, 72, 19, 146, 238, 20, 130]"
114301,"[38, 71, 19, 175, 30, 7, 77, 5, 27, 238]"
114302,"[279, 5, 261, 19, 103, 32, 23, 54, 43, 7]"
114303,"[223, 60, 19, 130, 12, 90, 5, 92, 82, 121]"
114304,"[32, 261, 279, 23, 44, 103, 7, 20, 14, 19]"
114305,"[279, 261, 32, 23, 9, 43, 2, 5, 19, 1]"
114306,"[21, 187, 66, 138, 189, 2, 6, 43, 54, 142]"
114307,"[10, 51, 41, 147, 28, 105, 49, 34, 77, 26]"
114308,"[66, 45, 149, 261, 124, 32, 2, 238, 20, 14]"
114309,"[41, 0, 138, 10, 97, 19, 147, 71, 124, 2]"
114310,"[121, 97, 223, 2, 71, 55, 0, 5, 238, 26]"
114311,"[0, 5, 19, 13, 55, 121, 97, 76, 71, 60]"
114312,"[34, 10, 26, 19, 5, 28, 130, 60, 122, 92]"
114313,"[32, 261, 42, 220, 279, 3, 103, 5, 23, 54]"
114314,"[1, 20, 54, 5, 23, 19, 72, 14, 64, 261]"
114315,"[26, 60, 97, 5, 19, 121, 36, 77, 49, 130]"
114316,"[48, 7, 5, 6, 19, 175, 21, 238, 30, 103]"
114317,"[10, 73, 19, 71, 77, 55, 6, 157, 60, 5]"
114318,"[142, 279, 19, 261, 5, 14, 42, 24, 23, 175]"
114319,"[49, 6, 48, 92, 77, 105, 7, 25, 19, 44]"
114320,"[18, 82, 60, 90, 0, 19, 84, 146, 6, 5]"
114321,"[60, 130, 55, 5, 19, 261, 105, 54, 17, 151]"
114322,"[0, 18, 60, 82, 90, 15, 84, 105, 19, 91]"
114323,"[30, 36, 19, 92, 77, 5, 149, 223, 238, 20]"
114324,"[279, 32, 261, 43, 54, 19, 5, 103, 9, 55]"
114325,"[130, 92, 19, 6, 175, 223, 5, 7, 142, 2]"
114326,"[5, 36, 3, 138, 19, 55, 149, 42, 189, 25]"
114327,"[92, 133, 44, 49, 112, 7, 77, 66, 238, 2]"
114328,"[19, 5, 60, 36, 9, 138, 51, 55, 43, 279]"
114329,"[130, 60, 105, 19, 151, 5, 77, 17, 157, 12]"
114330,"[23, 1, 279, 261, 64, 32, 54, 20, 5, 43]"
114331,"[54, 279, 2, 261, 32, 23, 58, 103, 220, 43]"
114332,"[72, 32, 7, 5, 261, 17, 223, 2, 279, 19]"
114333,"[261, 32, 20, 14, 5, 103, 2, 19, 220, 72]"
114334,"[36, 3, 42, 138, 189, 19, 149, 55, 76, 29]"
114335,"[189, 5, 19, 23, 223, 175, 20, 43, 146, 64]"
114336,"[17, 73, 19, 146, 7, 5, 60, 3, 55, 82]"
114337,"[76, 32, 279, 19, 261, 5, 103, 130, 72, 54]"
114338,"[92, 6, 133, 149, 7, 66, 48, 30, 124, 77]"
114339,"[27, 66, 45, 71, 261, 92, 149, 20, 14, 77]"
114340,"[0, 18, 82, 60, 90, 105, 15, 84, 146, 97]"
114341,"[103, 2, 261, 43, 41, 279, 54, 58, 138, 55]"
114342,"[175, 66, 30, 17, 149, 14, 92, 26, 7, 279]"
114343,"[73, 17, 19, 5, 10, 3, 261, 72, 6, 2]"
114344,"[279, 54, 261, 32, 2, 5, 23, 9, 220, 42]"
114345,"[41, 220, 19, 5, 91, 73, 82, 261, 138, 3]"
114346,"[1, 64, 54, 23, 279, 261, 20, 66, 5, 238]"
114347,"[24, 4, 19, 49, 36, 60, 28, 51, 122, 5]"
114348,"[133, 92, 175, 49, 147, 9, 6, 44, 77, 24]"
114349,"[146, 5, 19, 13, 23, 26, 122, 261, 189, 66]"
114350,"[17, 7, 19, 23, 73, 261, 60, 4, 3, 279]"
114351,"[4, 71, 2, 5, 9, 261, 60, 49, 279, 43]"
114352,"[42, 3, 138, 36, 189, 23, 17, 19, 29, 220]"
114353,"[220, 261, 2, 58, 43, 279, 19, 103, 9, 5]"
114354,"[18, 0, 5, 72, 19, 15, 90, 97, 91, 105]"
114355,"[58, 189, 279, 138, 66, 43, 119, 261, 60, 223]"
114356,"[149, 124, 3, 45, 138, 20, 1, 36, 66, 25]"
114357,"[91, 72, 19, 92, 238, 18, 90, 15, 17, 55]"
114358,"[19, 5, 36, 58, 3, 12, 223, 17, 73, 76]"
114359,"[18, 19, 71, 60, 2, 5, 55, 66, 51, 0]"
114360,"[7, 5, 175, 44, 92, 261, 48, 146, 279, 14]"
114361,"[130, 151, 60, 12, 91, 19, 17, 157, 147, 223]"
114362,"[5, 84, 60, 19, 42, 157, 25, 279, 97, 76]"
114363,"[66, 175, 20, 30, 149, 45, 3, 27, 261, 92]"
114364,"[5, 73, 10, 71, 19, 261, 91, 122, 32, 238]"
114365,"[27, 142, 19, 5, 21, 238, 73, 30, 261, 66]"
114366,"[72, 7, 261, 2, 223, 32, 142, 238, 19, 5]"
114367,"[45, 66, 5, 261, 71, 279, 19, 21, 6, 32]"
114368,"[60, 105, 5, 82, 18, 97, 0, 157, 19, 90]"
114369,"[142, 30, 27, 175, 19, 7, 66, 149, 4, 5]"
114370,"[147, 122, 28, 5, 24, 119, 26, 60, 130, 71]"
114371,"[36, 76, 19, 220, 5, 77, 12, 60, 1, 43]"
114372,"[71, 7, 5, 19, 261, 32, 38, 175, 30, 48]"
114373,"[175, 6, 19, 66, 223, 7, 45, 149, 138, 2]"
114374,"[130, 92, 44, 112, 151, 19, 7, 175, 133, 223]"
114375,"[49, 105, 5, 77, 82, 19, 60, 25, 6, 92]"
114376,"[138, 279, 19, 43, 23, 10, 92, 71, 36, 9]"
114377,"[279, 32, 103, 19, 5, 43, 261, 9, 54, 175]"
114378,"[5, 76, 19, 12, 121, 261, 1, 73, 7, 54]"
114379,"[60, 151, 130, 105, 77, 5, 19, 25, 157, 97]"
114380,"[90, 19, 20, 43, 60, 14, 64, 261, 32, 279]"
114381,"[30, 175, 7, 48, 3, 66, 6, 19, 21, 149]"
114382,"[21, 20, 261, 64, 3, 66, 73, 27, 5, 58]"
114383,"[23, 1, 54, 42, 3, 36, 32, 19, 138, 261]"
114384,"[146, 13, 5, 19, 66, 261, 122, 23, 6, 55]"
114385,"[49, 105, 5, 77, 60, 82, 19, 25, 84, 55]"
114386,"[49, 105, 5, 77, 60, 19, 82, 25, 84, 55]"
114387,"[157, 151, 77, 25, 6, 60, 19, 105, 55, 92]"
114388,"[97, 121, 0, 41, 60, 26, 105, 49, 122, 55]"
114389,"[55, 10, 71, 60, 41, 157, 76, 18, 26, 97]"
114390,"[26, 60, 97, 121, 147, 49, 34, 5, 122, 28]"
114391,"[19, 36, 3, 5, 6, 76, 17, 92, 73, 238]"
114392,"[121, 97, 223, 13, 5, 0, 238, 71, 2, 55]"
114393,"[44, 6, 7, 48, 92, 279, 25, 77, 157, 19]"
114394,"[261, 279, 23, 5, 9, 32, 19, 54, 1, 175]"
114395,"[124, 149, 66, 48, 2, 30, 261, 279, 45, 103]"
114396,"[5, 4, 60, 279, 19, 24, 261, 43, 119, 71]"
114397,"[66, 175, 92, 149, 30, 19, 6, 77, 49, 9]"
114398,"[261, 32, 54, 103, 2, 14, 60, 55, 279, 20]"
114399,"[10, 73, 19, 5, 157, 17, 6, 7, 55, 72]"
114400,"[103, 261, 19, 32, 7, 2, 279, 54, 9, 138]"
114401,"[36, 151, 5, 60, 19, 9, 77, 223, 26, 121]"
114402,"[124, 149, 66, 103, 41, 45, 14, 48, 133, 175]"
114403,"[121, 19, 5, 175, 10, 55, 261, 7, 279, 60]"
114404,"[44, 6, 7, 279, 48, 25, 23, 157, 32, 175]"
114405,"[3, 175, 19, 6, 17, 21, 30, 14, 146, 92]"
114406,"[36, 220, 19, 5, 76, 77, 3, 60, 103, 1]"
114407,"[175, 41, 66, 6, 10, 48, 2, 7, 58, 71]"
114408,"[44, 7, 48, 175, 261, 66, 6, 5, 149, 2]"
114409,"[25, 6, 55, 42, 49, 60, 41, 157, 77, 76]"
114410,"[17, 73, 19, 146, 5, 55, 60, 130, 223, 91]"
114411,"[92, 77, 48, 66, 7, 6, 149, 10, 133, 49]"
114412,"[45, 66, 27, 149, 38, 71, 21, 30, 77, 238]"
114413,"[142, 27, 30, 6, 66, 21, 92, 77, 175, 7]"
114414,"[149, 66, 71, 175, 9, 92, 279, 261, 30, 2]"
114415,"[14, 261, 5, 20, 23, 19, 72, 238, 54, 1]"
114416,"[6, 49, 66, 92, 138, 77, 19, 175, 10, 71]"
114417,"[238, 5, 261, 20, 54, 19, 32, 73, 142, 220]"
114418,"[84, 82, 60, 90, 19, 0, 15, 105, 13, 223]"
114419,"[18, 0, 72, 90, 15, 5, 105, 91, 10, 60]"
114420,"[49, 6, 92, 77, 105, 48, 7, 36, 25, 19]"
114421,"[0, 97, 71, 121, 19, 5, 55, 13, 76, 60]"
114422,"[28, 32, 5, 19, 20, 261, 238, 76, 24, 279]"
114423,"[5, 19, 261, 2, 26, 49, 10, 77, 51, 223]"
114424,"[21, 20, 64, 5, 238, 261, 19, 66, 27, 82]"
114425,"[0, 5, 71, 97, 13, 76, 122, 121, 19, 32]"
114426,"[20, 1, 23, 14, 279, 54, 261, 5, 19, 238]"
114427,"[124, 149, 66, 30, 45, 36, 92, 138, 3, 19]"
114428,"[119, 28, 147, 24, 60, 5, 122, 55, 97, 26]"
114429,"[4, 19, 5, 24, 7, 29, 142, 51, 17, 23]"
114430,"[77, 34, 26, 76, 5, 60, 19, 122, 10, 13]"
114431,"[44, 7, 48, 175, 66, 261, 6, 2, 19, 149]"
114432,"[55, 138, 54, 43, 121, 2, 23, 261, 42, 10]"
114433,"[5, 10, 51, 19, 2, 71, 261, 55, 60, 91]"
114434,"[261, 20, 32, 23, 279, 14, 54, 2, 64, 19]"
114435,"[13, 121, 0, 97, 5, 55, 279, 60, 19, 76]"
114436,"[36, 19, 29, 5, 3, 223, 92, 24, 51, 58]"
114437,"[146, 55, 19, 5, 60, 82, 13, 138, 6, 261]"
114438,"[119, 24, 5, 28, 51, 147, 19, 223, 122, 238]"
114439,"[3, 19, 82, 17, 138, 6, 7, 146, 5, 223]"
114440,"[189, 5, 19, 223, 138, 72, 7, 4, 175, 146]"
114441,"[20, 175, 103, 1, 149, 64, 66, 7, 19, 2]"
114442,"[119, 24, 147, 5, 28, 122, 71, 55, 26, 10]"
114443,"[44, 6, 7, 48, 92, 25, 279, 49, 157, 175]"
114444,"[5, 19, 112, 36, 92, 2, 130, 261, 60, 9]"
114445,"[44, 6, 48, 279, 7, 25, 92, 133, 32, 157]"
114446,"[142, 30, 19, 27, 66, 175, 149, 6, 92, 77]"
114447,"[142, 66, 261, 27, 7, 14, 238, 21, 19, 138]"
114448,"[122, 147, 28, 26, 5, 51, 24, 34, 130, 49]"
114449,"[73, 17, 19, 3, 5, 72, 6, 7, 1, 10]"
114450,"[64, 146, 21, 1, 138, 19, 5, 3, 261, 45]"
114451,"[17, 19, 3, 36, 7, 73, 29, 4, 189, 138]"
114452,"[42, 189, 138, 3, 23, 36, 55, 29, 220, 66]"
114453,"[6, 77, 25, 19, 157, 92, 105, 49, 151, 30]"
114454,"[34, 10, 19, 26, 5, 92, 130, 36, 77, 9]"
114455,"[92, 133, 175, 5, 130, 19, 151, 44, 49, 6]"
114456,"[26, 34, 5, 130, 10, 122, 71, 72, 49, 19]"
114457,"[60, 105, 0, 49, 18, 97, 19, 82, 90, 10]"
114458,"[149, 124, 45, 20, 66, 138, 3, 1, 36, 261]"
114459,"[30, 6, 92, 66, 21, 175, 77, 124, 19, 41]"
114460,"[66, 45, 261, 19, 71, 175, 6, 5, 2, 27]"
114461,"[51, 28, 24, 19, 122, 9, 5, 60, 10, 147]"
114462,"[43, 220, 5, 261, 32, 55, 19, 9, 279, 73]"
114463,"[10, 34, 5, 130, 77, 19, 105, 92, 51, 72]"
114464,"[51, 28, 24, 147, 9, 92, 19, 10, 5, 55]"
114465,"[76, 12, 279, 133, 121, 54, 157, 5, 1, 19]"
114466,"[92, 10, 133, 175, 23, 238, 1, 112, 49, 5]"
114467,"[20, 1, 54, 23, 14, 5, 19, 261, 279, 73]"
114468,"[18, 90, 60, 82, 0, 84, 15, 105, 92, 72]"
114469,"[223, 5, 19, 17, 142, 49, 73, 130, 261, 29]"
114470,"[6, 7, 30, 44, 92, 138, 48, 49, 66, 220]"
114471,"[122, 147, 28, 51, 26, 34, 5, 24, 19, 76]"
114472,"[112, 5, 19, 157, 279, 7, 17, 6, 92, 9]"
114473,"[49, 6, 92, 105, 77, 48, 7, 5, 25, 19]"
114474,"[19, 7, 261, 5, 175, 23, 48, 30, 32, 6]"
114475,"[122, 147, 28, 51, 26, 5, 19, 34, 71, 24]"
114476,"[20, 261, 5, 238, 103, 220, 32, 34, 2, 19]"
114477,"[29, 36, 5, 19, 92, 223, 3, 24, 58, 42]"
114478,"[142, 27, 175, 6, 19, 279, 30, 21, 5, 54]"
114479,"[130, 151, 19, 60, 10, 147, 5, 92, 51, 12]"
114480,"[49, 105, 77, 82, 60, 6, 19, 25, 5, 92]"
114481,"[60, 51, 19, 121, 5, 12, 122, 97, 55, 10]"
114482,"[92, 133, 19, 130, 5, 175, 6, 49, 238, 151]"
114483,"[36, 3, 138, 42, 189, 19, 29, 149, 76, 5]"
114484,"[147, 28, 119, 24, 122, 5, 34, 130, 26, 133]"
114485,"[238, 5, 19, 92, 54, 20, 21, 261, 142, 66]"
114486,"[92, 6, 48, 77, 7, 10, 66, 38, 149, 133]"
114487,"[1, 5, 55, 261, 23, 19, 51, 138, 10, 32]"
114488,"[36, 151, 60, 19, 5, 25, 223, 77, 26, 157]"
114489,"[5, 19, 261, 34, 72, 2, 223, 238, 279, 54]"
114490,"[10, 5, 19, 51, 130, 72, 279, 34, 1, 92]"
114491,"[77, 26, 34, 76, 122, 5, 60, 19, 157, 13]"
114492,"[151, 19, 5, 130, 146, 157, 17, 60, 77, 49]"
114493,"[71, 30, 38, 66, 261, 175, 92, 77, 27, 9]"
114494,"[73, 36, 5, 2, 92, 19, 261, 3, 32, 223]"
114495,"[60, 130, 151, 105, 25, 157, 77, 5, 97, 19]"
114496,"[14, 261, 23, 32, 279, 54, 20, 43, 1, 5]"
114497,"[3, 36, 138, 42, 19, 29, 17, 7, 6, 223]"
114498,"[15, 18, 0, 91, 84, 60, 82, 105, 19, 90]"
114499,"[90, 18, 0, 60, 72, 279, 23, 43, 97, 1]"
114500,"[48, 7, 261, 6, 30, 49, 2, 5, 175, 44]"
114501,"[36, 151, 19, 5, 77, 60, 25, 223, 9, 238]"
114502,"[30, 71, 175, 7, 6, 66, 2, 92, 48, 261]"
114503,"[138, 19, 92, 6, 36, 10, 189, 41, 55, 49]"
114504,"[142, 27, 30, 66, 21, 19, 6, 5, 92, 77]"
114505,"[15, 82, 84, 19, 91, 18, 0, 60, 105, 146]"
114506,"[64, 279, 23, 1, 54, 20, 261, 103, 32, 149]"
114507,"[84, 82, 60, 19, 90, 0, 105, 5, 223, 18]"
114508,"[77, 34, 5, 26, 76, 19, 60, 122, 130, 10]"
114509,"[279, 261, 23, 5, 76, 32, 19, 14, 92, 238]"
114510,"[122, 147, 5, 51, 28, 26, 34, 19, 32, 24]"
114511,"[149, 66, 124, 261, 30, 175, 5, 32, 9, 279]"
114512,"[0, 71, 97, 13, 121, 76, 60, 55, 34, 5]"
114513,"[82, 19, 105, 60, 146, 84, 49, 90, 0, 5]"
114514,"[175, 30, 19, 7, 48, 6, 261, 38, 9, 10]"
114515,"[187, 5, 261, 19, 21, 32, 72, 20, 24, 23]"
114516,"[4, 19, 24, 5, 29, 49, 51, 142, 17, 28]"
114517,"[43, 261, 220, 279, 7, 9, 19, 32, 103, 14]"
114518,"[71, 9, 149, 261, 279, 66, 238, 34, 175, 2]"
114519,"[13, 121, 97, 0, 5, 146, 76, 55, 60, 19]"
114520,"[32, 261, 5, 279, 2, 19, 54, 20, 72, 73]"
114521,"[14, 261, 23, 1, 54, 20, 32, 279, 72, 43]"
114522,"[19, 5, 36, 6, 146, 73, 76, 17, 58, 92]"
114523,"[119, 5, 147, 51, 71, 10, 261, 26, 55, 2]"
114524,"[82, 19, 5, 60, 146, 105, 0, 21, 84, 90]"
114525,"[261, 32, 5, 279, 19, 23, 54, 55, 2, 14]"
114526,"[238, 32, 261, 91, 279, 7, 54, 72, 28, 20]"
114527,"[261, 2, 32, 103, 5, 54, 19, 220, 9, 238]"
114528,"[55, 19, 60, 146, 10, 5, 261, 13, 91, 7]"
114529,"[73, 5, 19, 17, 3, 146, 130, 223, 77, 36]"
114530,"[103, 261, 32, 2, 54, 279, 43, 9, 71, 19]"
114531,"[72, 7, 261, 2, 5, 32, 238, 19, 14, 142]"
114532,"[32, 261, 279, 23, 44, 7, 14, 19, 20, 92]"
114533,"[97, 121, 60, 0, 105, 55, 41, 71, 26, 10]"
114534,"[261, 2, 54, 7, 19, 175, 23, 5, 279, 48]"
114535,"[77, 26, 76, 34, 19, 5, 60, 122, 151, 130]"
114536,"[261, 279, 121, 23, 44, 175, 1, 138, 189, 5]"
114537,"[21, 5, 19, 82, 36, 238, 187, 92, 142, 223]"
114538,"[112, 5, 223, 92, 29, 30, 6, 19, 9, 157]"
114539,"[76, 19, 55, 60, 54, 71, 51, 5, 82, 41]"
114540,"[60, 51, 19, 121, 122, 5, 97, 55, 130, 10]"
114541,"[72, 2, 7, 10, 261, 54, 32, 66, 6, 71]"
114542,"[187, 5, 21, 261, 72, 3, 19, 32, 138, 24]"
114543,"[49, 105, 60, 77, 82, 25, 5, 19, 6, 26]"
114544,"[175, 7, 30, 6, 48, 19, 3, 149, 66, 223]"
114545,"[5, 19, 223, 261, 34, 2, 72, 73, 36, 51]"
114546,"[72, 34, 43, 10, 36, 189, 19, 138, 18, 21]"
114547,"[32, 261, 5, 42, 220, 23, 279, 19, 2, 103]"
114548,"[36, 3, 138, 42, 189, 149, 19, 29, 76, 24]"
114549,"[48, 7, 261, 142, 5, 6, 175, 9, 220, 44]"
114550,"[6, 25, 77, 49, 92, 157, 48, 19, 175, 60]"
114551,"[17, 42, 73, 130, 19, 223, 5, 12, 3, 189]"
114552,"[42, 36, 5, 138, 23, 189, 149, 54, 55, 58]"
114553,"[18, 0, 72, 5, 10, 60, 97, 71, 91, 82]"
114554,"[48, 7, 6, 2, 261, 43, 103, 21, 5, 138]"
114555,"[157, 151, 25, 77, 60, 6, 19, 105, 5, 49]"
114556,"[10, 34, 26, 72, 5, 130, 60, 73, 77, 19]"
114557,"[157, 10, 41, 18, 72, 76, 119, 71, 77, 97]"
114558,"[21, 5, 19, 82, 238, 223, 7, 187, 142, 138]"
114559,"[238, 19, 66, 5, 92, 21, 220, 72, 175, 71]"
114560,"[15, 82, 19, 84, 60, 0, 18, 91, 36, 146]"
114561,"[130, 19, 92, 17, 223, 7, 175, 60, 6, 142]"
114562,"[20, 1, 14, 5, 54, 64, 279, 19, 238, 23]"
114563,"[10, 34, 26, 151, 77, 71, 51, 72, 60, 175]"
114564,"[261, 32, 14, 20, 5, 19, 23, 220, 54, 2]"
114565,"[5, 19, 73, 55, 223, 130, 77, 238, 54, 71]"
114566,"[45, 261, 66, 27, 279, 5, 19, 71, 91, 54]"
114567,"[1, 54, 23, 32, 20, 19, 261, 14, 5, 279]"
114568,"[238, 5, 73, 19, 36, 54, 28, 261, 38, 92]"
114569,"[9, 51, 10, 28, 19, 55, 24, 34, 32, 92]"
114570,"[17, 73, 19, 5, 3, 146, 82, 223, 138, 130]"
114571,"[17, 73, 71, 238, 19, 261, 2, 5, 7, 279]"
114572,"[1, 23, 10, 28, 55, 261, 5, 19, 14, 51]"
114573,"[32, 261, 279, 5, 2, 54, 20, 103, 34, 19]"
114574,"[157, 51, 73, 10, 151, 76, 19, 175, 189, 1]"
114575,"[119, 24, 28, 147, 51, 12, 5, 4, 138, 122]"
114576,"[55, 10, 19, 60, 146, 157, 7, 91, 151, 17]"
114577,"[20, 261, 2, 66, 32, 103, 71, 238, 14, 187]"
114578,"[60, 130, 5, 105, 19, 17, 223, 82, 97, 73]"
114579,"[51, 10, 5, 34, 19, 36, 91, 28, 122, 92]"
114580,"[1, 64, 54, 23, 20, 5, 279, 220, 76, 36]"
114581,"[1, 23, 64, 54, 261, 279, 20, 220, 72, 5]"
114582,"[32, 261, 44, 7, 103, 14, 279, 23, 6, 19]"
114583,"[77, 19, 5, 76, 34, 60, 105, 26, 130, 38]"
114584,"[2, 5, 4, 71, 261, 19, 60, 9, 43, 121]"
114585,"[21, 187, 5, 19, 14, 261, 238, 72, 82, 20]"
114586,"[7, 6, 48, 175, 71, 261, 14, 43, 44, 2]"
114587,"[19, 5, 223, 3, 51, 73, 36, 17, 138, 130]"
114588,"[146, 55, 13, 19, 60, 82, 3, 5, 0, 17]"
114589,"[2, 261, 32, 220, 5, 73, 19, 103, 3, 23]"
114590,"[25, 6, 36, 55, 49, 42, 138, 3, 157, 149]"
114591,"[14, 23, 261, 32, 19, 20, 1, 3, 5, 54]"
114592,"[5, 19, 279, 44, 7, 12, 13, 76, 92, 42]"
114593,"[71, 30, 66, 38, 175, 261, 77, 19, 45, 49]"
114594,"[119, 5, 28, 147, 24, 122, 1, 19, 26, 261]"
114595,"[58, 19, 5, 261, 220, 103, 36, 32, 29, 12]"
114596,"[157, 19, 76, 51, 5, 73, 36, 7, 223, 55]"
114597,"[7, 48, 43, 175, 6, 30, 14, 19, 71, 2]"
114598,"[261, 103, 32, 14, 19, 20, 2, 54, 6, 5]"
114599,"[60, 10, 105, 82, 19, 5, 77, 55, 54, 21]"
114600,"[261, 5, 2, 43, 10, 71, 60, 279, 32, 54]"
114601,"[10, 34, 60, 51, 77, 26, 19, 130, 5, 55]"
114602,"[103, 238, 19, 6, 261, 138, 36, 5, 220, 55]"
114603,"[112, 5, 279, 157, 66, 223, 2, 92, 27, 6]"
114604,"[66, 175, 92, 30, 77, 19, 5, 149, 7, 14]"
114605,"[238, 54, 261, 5, 21, 92, 2, 20, 66, 71]"
114606,"[9, 51, 175, 279, 19, 261, 5, 10, 142, 49]"
114607,"[20, 54, 279, 261, 1, 32, 14, 5, 23, 43]"
114608,"[20, 66, 2, 64, 238, 138, 149, 261, 103, 7]"
114609,"[261, 32, 54, 2, 103, 5, 14, 55, 20, 71]"
114610,"[5, 4, 2, 261, 19, 71, 43, 7, 60, 9]"
114611,"[279, 23, 261, 32, 54, 1, 4, 43, 14, 28]"
114612,"[58, 19, 5, 21, 223, 29, 66, 189, 36, 82]"
114613,"[71, 30, 7, 175, 6, 66, 2, 261, 48, 92]"
114614,"[66, 175, 20, 5, 2, 149, 19, 73, 30, 71]"
114615,"[13, 146, 5, 19, 7, 0, 73, 97, 261, 6]"
114616,"[34, 10, 19, 5, 26, 36, 130, 92, 77, 60]"
114617,"[17, 73, 19, 5, 261, 72, 2, 279, 7, 32]"
114618,"[97, 60, 55, 19, 121, 0, 41, 2, 13, 71]"
114619,"[279, 5, 19, 32, 23, 261, 73, 175, 9, 34]"
114620,"[157, 151, 77, 25, 6, 60, 19, 105, 5, 36]"
114621,"[23, 1, 54, 138, 20, 3, 55, 36, 42, 103]"
114622,"[20, 66, 2, 238, 261, 64, 71, 14, 5, 72]"
114623,"[20, 23, 279, 54, 1, 261, 14, 32, 5, 72]"
114624,"[55, 5, 25, 36, 60, 189, 138, 77, 19, 17]"
114625,"[1, 23, 64, 54, 261, 220, 5, 279, 19, 20]"
114626,"[142, 279, 23, 5, 19, 175, 261, 24, 14, 54]"
114627,"[5, 10, 2, 66, 71, 26, 261, 58, 19, 51]"
114628,"[76, 5, 19, 279, 1, 12, 261, 238, 73, 121]"
114629,"[91, 18, 19, 90, 60, 15, 82, 77, 130, 71]"
114630,"[7, 48, 19, 6, 175, 55, 30, 261, 92, 138]"
114631,"[10, 19, 73, 6, 55, 157, 5, 77, 7, 71]"
114632,"[5, 76, 19, 261, 1, 12, 121, 54, 20, 73]"
114633,"[48, 7, 6, 5, 2, 261, 21, 19, 138, 55]"
114634,"[19, 36, 5, 238, 76, 58, 17, 73, 12, 29]"
114635,"[92, 133, 44, 49, 112, 77, 7, 130, 10, 2]"
114636,"[15, 82, 19, 91, 18, 84, 0, 36, 60, 90]"
114637,"[76, 19, 5, 72, 36, 73, 21, 261, 82, 130]"
114638,"[25, 6, 55, 36, 49, 157, 77, 60, 42, 92]"
114639,"[58, 19, 5, 36, 223, 3, 29, 7, 17, 12]"
114640,"[119, 5, 24, 147, 122, 55, 51, 32, 28, 71]"
114641,"[220, 19, 261, 5, 103, 43, 29, 279, 17, 189]"
114642,"[19, 51, 5, 6, 261, 10, 60, 9, 238, 71]"
114643,"[130, 92, 19, 175, 6, 223, 60, 5, 7, 71]"
114644,"[92, 19, 5, 6, 133, 175, 77, 238, 49, 66]"
114645,"[103, 261, 32, 279, 23, 43, 20, 19, 54, 220]"
114646,"[261, 32, 14, 54, 103, 2, 20, 23, 220, 19]"
114647,"[189, 5, 19, 43, 279, 103, 223, 175, 72, 138]"
114648,"[279, 138, 189, 58, 7, 261, 43, 223, 66, 119]"
114649,"[121, 97, 5, 13, 223, 0, 238, 26, 76, 60]"
114650,"[133, 92, 2, 175, 66, 71, 147, 5, 10, 21]"
114651,"[28, 5, 19, 92, 32, 261, 51, 238, 20, 103]"
114652,"[42, 23, 138, 3, 36, 189, 1, 220, 17, 261]"
114653,"[73, 19, 17, 5, 130, 10, 51, 72, 261, 6]"
114654,"[36, 151, 5, 19, 77, 60, 121, 26, 1, 9]"
114655,"[97, 18, 0, 121, 41, 60, 105, 90, 119, 13]"
114656,"[1, 54, 279, 43, 23, 103, 121, 10, 32, 20]"
114657,"[149, 238, 30, 20, 5, 261, 19, 9, 279, 66]"
114658,"[19, 17, 3, 7, 175, 138, 223, 189, 146, 103]"
114659,"[60, 84, 25, 5, 77, 105, 151, 157, 97, 19]"
114660,"[10, 34, 51, 26, 55, 60, 261, 71, 77, 5]"
114661,"[122, 34, 26, 5, 146, 19, 72, 130, 30, 10]"
114662,"[17, 73, 19, 146, 60, 55, 5, 151, 82, 7]"
114663,"[30, 71, 7, 175, 92, 66, 48, 77, 19, 261]"
114664,"[60, 55, 130, 151, 261, 43, 13, 71, 19, 41]"
114665,"[43, 76, 220, 55, 103, 60, 36, 19, 279, 261]"
114666,"[49, 105, 77, 5, 60, 19, 25, 82, 92, 84]"
114667,"[91, 19, 55, 92, 238, 72, 5, 90, 77, 60]"
114668,"[220, 43, 5, 261, 19, 55, 103, 279, 238, 9]"
114669,"[66, 21, 30, 5, 175, 45, 2, 20, 19, 149]"
114670,"[19, 5, 30, 223, 3, 36, 261, 17, 149, 6]"
114671,"[21, 187, 2, 19, 55, 66, 71, 43, 10, 6]"
114672,"[25, 6, 55, 49, 42, 36, 60, 138, 77, 41]"
114673,"[112, 5, 10, 279, 2, 157, 66, 71, 34, 6]"
114674,"[24, 4, 28, 36, 49, 51, 29, 60, 19, 122]"
114675,"[48, 7, 142, 6, 261, 5, 73, 175, 220, 9]"
114676,"[72, 10, 43, 34, 189, 36, 18, 14, 138, 103]"
114677,"[3, 19, 5, 82, 36, 72, 7, 238, 73, 20]"
114678,"[119, 147, 28, 24, 5, 122, 60, 34, 26, 55]"
114679,"[76, 261, 32, 54, 60, 55, 71, 19, 279, 5]"
114680,"[1, 28, 55, 23, 261, 238, 77, 10, 64, 20]"
114681,"[6, 7, 44, 48, 25, 157, 261, 19, 9, 49]"
114682,"[71, 19, 7, 30, 5, 261, 36, 175, 279, 91]"
114683,"[76, 19, 32, 54, 261, 5, 60, 103, 20, 36]"
114684,"[149, 124, 2, 175, 66, 9, 23, 32, 30, 261]"
114685,"[7, 48, 6, 19, 261, 5, 92, 175, 49, 77]"
114686,"[10, 5, 279, 130, 19, 12, 72, 34, 1, 54]"
114687,"[73, 17, 3, 19, 72, 5, 7, 10, 27, 66]"
114688,"[25, 6, 55, 36, 49, 42, 77, 92, 60, 19]"
114689,"[5, 19, 223, 51, 73, 3, 9, 36, 261, 17]"
114690,"[26, 34, 5, 19, 122, 71, 223, 261, 10, 72]"
114691,"[66, 175, 20, 238, 92, 30, 149, 19, 5, 73]"
114692,"[220, 261, 43, 238, 54, 19, 32, 55, 279, 1]"
114693,"[1, 64, 54, 23, 261, 19, 32, 5, 279, 20]"
114694,"[71, 30, 66, 261, 77, 92, 38, 238, 5, 19]"
114695,"[130, 151, 60, 19, 12, 10, 5, 147, 91, 223]"
114696,"[19, 30, 3, 5, 175, 17, 36, 223, 77, 92]"
114697,"[60, 84, 5, 19, 25, 157, 151, 77, 36, 82]"
114698,"[30, 175, 48, 6, 7, 138, 66, 3, 38, 124]"
114699,"[3, 19, 5, 223, 54, 91, 73, 82, 103, 7]"
114700,"[187, 21, 5, 19, 14, 261, 3, 17, 73, 279]"
114701,"[19, 73, 5, 17, 130, 82, 21, 146, 238, 189]"
114702,"[27, 66, 45, 92, 149, 5, 124, 261, 30, 14]"
114703,"[149, 9, 261, 32, 71, 2, 175, 66, 5, 124]"
114704,"[10, 73, 19, 6, 77, 5, 157, 175, 71, 55]"
114705,"[261, 66, 2, 20, 32, 54, 5, 175, 23, 30]"
114706,"[28, 5, 19, 238, 103, 20, 32, 51, 24, 261]"
114707,"[26, 49, 28, 147, 10, 122, 34, 157, 6, 77]"
114708,"[91, 19, 55, 238, 5, 92, 72, 27, 60, 73]"
114709,"[84, 60, 82, 90, 19, 0, 13, 43, 18, 55]"
114710,"[60, 19, 130, 5, 55, 17, 223, 261, 105, 151]"
114711,"[71, 19, 30, 5, 261, 66, 38, 7, 6, 175]"
114712,"[23, 72, 1, 10, 157, 76, 60, 54, 5, 189]"
114713,"[21, 187, 43, 71, 2, 55, 66, 261, 60, 142]"
114714,"[42, 138, 36, 23, 189, 3, 220, 29, 1, 64]"
114715,"[20, 175, 261, 66, 2, 73, 142, 5, 32, 103]"
114716,"[6, 25, 77, 157, 92, 7, 44, 48, 19, 175]"
114717,"[77, 76, 26, 5, 19, 34, 60, 122, 130, 10]"
114718,"[36, 151, 77, 19, 105, 92, 60, 5, 121, 55]"
114719,"[5, 19, 223, 34, 2, 261, 238, 51, 49, 66]"
114720,"[149, 66, 5, 175, 124, 279, 9, 19, 261, 30]"
114721,"[147, 122, 71, 66, 175, 19, 28, 5, 26, 279]"
114722,"[64, 20, 261, 23, 2, 220, 14, 32, 1, 103]"
114723,"[42, 138, 23, 3, 36, 189, 220, 29, 1, 17]"
114724,"[82, 238, 21, 9, 5, 19, 28, 189, 3, 103]"
114725,"[157, 5, 76, 10, 72, 19, 73, 55, 64, 97]"
114726,"[103, 261, 32, 220, 9, 279, 19, 2, 175, 43]"
114727,"[4, 19, 36, 24, 5, 60, 29, 261, 32, 72]"
114728,"[121, 97, 13, 76, 71, 55, 2, 223, 60, 0]"
114729,"[71, 19, 73, 38, 5, 10, 77, 7, 238, 30]"
114730,"[54, 279, 23, 1, 261, 32, 2, 19, 220, 92]"
114731,"[5, 19, 49, 220, 6, 261, 146, 73, 9, 175]"
114732,"[189, 5, 19, 138, 223, 72, 175, 7, 4, 146]"
114733,"[3, 36, 19, 17, 82, 29, 138, 6, 146, 223]"
114734,"[54, 1, 279, 23, 43, 103, 0, 41, 20, 121]"
114735,"[5, 279, 19, 130, 261, 32, 26, 9, 73, 23]"
114736,"[66, 27, 38, 45, 261, 71, 149, 238, 76, 19]"
114737,"[220, 43, 9, 261, 279, 19, 54, 103, 55, 6]"
114738,"[138, 6, 189, 19, 66, 71, 14, 10, 151, 73]"
114739,"[15, 82, 84, 19, 91, 0, 18, 60, 146, 105]"
114740,"[138, 189, 3, 42, 36, 23, 1, 149, 146, 175]"
114741,"[25, 151, 77, 157, 36, 60, 49, 19, 6, 105]"
114742,"[175, 66, 73, 20, 30, 92, 149, 3, 9, 238]"
114743,"[175, 66, 2, 6, 19, 41, 7, 60, 10, 14]"
114744,"[20, 19, 5, 64, 58, 238, 73, 12, 157, 6]"
114745,"[119, 24, 28, 51, 147, 19, 36, 5, 55, 138]"
114746,"[21, 261, 20, 32, 5, 187, 60, 23, 73, 3]"
114747,"[49, 105, 48, 92, 77, 6, 44, 133, 7, 25]"
114748,"[41, 19, 5, 0, 97, 55, 71, 60, 91, 36]"
114749,"[146, 82, 19, 13, 55, 3, 17, 60, 5, 157]"
114750,"[149, 124, 20, 45, 3, 1, 36, 66, 138, 238]"
114751,"[122, 34, 26, 5, 146, 19, 72, 261, 130, 32]"
114752,"[223, 189, 5, 19, 130, 238, 82, 21, 121, 92]"
114753,"[119, 24, 5, 28, 51, 147, 19, 130, 223, 238]"
114754,"[97, 0, 121, 138, 60, 18, 25, 41, 23, 189]"
114755,"[18, 82, 90, 0, 60, 19, 15, 105, 84, 146]"
114756,"[44, 7, 261, 48, 32, 19, 6, 279, 175, 92]"
114757,"[6, 175, 19, 5, 21, 92, 48, 7, 10, 71]"
114758,"[55, 146, 19, 5, 10, 60, 13, 91, 157, 7]"
114759,"[19, 5, 36, 73, 130, 34, 10, 9, 17, 1]"
114760,"[27, 66, 45, 92, 149, 20, 238, 71, 124, 30]"
114761,"[18, 19, 60, 0, 90, 5, 71, 15, 51, 55]"
114762,"[84, 82, 90, 60, 19, 105, 15, 0, 18, 49]"
114763,"[4, 5, 261, 71, 19, 60, 2, 9, 279, 121]"
114764,"[41, 19, 5, 0, 97, 36, 10, 55, 121, 71]"
114765,"[5, 19, 73, 51, 223, 142, 9, 261, 130, 17]"
114766,"[32, 261, 220, 5, 279, 103, 42, 238, 73, 54]"
114767,"[261, 279, 43, 60, 23, 119, 55, 58, 121, 2]"
114768,"[14, 20, 261, 23, 5, 19, 1, 54, 32, 103]"
114769,"[60, 105, 5, 19, 97, 49, 0, 82, 23, 1]"
114770,"[28, 103, 5, 238, 19, 20, 24, 149, 76, 92]"
114771,"[72, 19, 5, 10, 36, 34, 238, 21, 73, 26]"
114772,"[1, 54, 41, 103, 10, 23, 121, 279, 43, 0]"
114773,"[9, 19, 51, 175, 5, 6, 92, 49, 261, 10]"
114774,"[142, 279, 261, 5, 19, 14, 175, 32, 23, 4]"
114775,"[103, 261, 2, 279, 54, 32, 19, 220, 71, 43]"
114776,"[130, 19, 151, 5, 60, 92, 10, 51, 147, 12]"
114777,"[20, 1, 14, 23, 54, 279, 261, 5, 73, 32]"
114778,"[92, 49, 133, 77, 112, 6, 7, 19, 44, 2]"
114779,"[54, 23, 279, 1, 220, 261, 5, 9, 42, 43]"
114780,"[9, 19, 279, 51, 175, 6, 66, 124, 133, 5]"
114781,"[26, 97, 60, 49, 121, 5, 147, 105, 28, 130]"
114782,"[92, 133, 49, 19, 7, 44, 77, 238, 130, 36]"
114783,"[261, 32, 2, 73, 220, 3, 5, 19, 103, 92]"
114784,"[261, 32, 103, 279, 66, 34, 76, 45, 64, 5]"
114785,"[21, 82, 223, 138, 19, 157, 3, 49, 66, 5]"
114786,"[17, 19, 73, 7, 12, 3, 76, 142, 23, 72]"
114787,"[279, 32, 261, 23, 43, 9, 54, 103, 5, 72]"
114788,"[3, 82, 14, 19, 17, 146, 72, 7, 29, 175]"
114789,"[71, 2, 5, 175, 261, 66, 32, 19, 138, 26]"
114790,"[77, 151, 157, 49, 25, 19, 5, 105, 6, 7]"
114791,"[279, 261, 23, 32, 54, 43, 19, 55, 2, 58]"
114792,"[55, 5, 25, 17, 60, 49, 151, 77, 138, 157]"
114793,"[146, 5, 13, 19, 261, 23, 55, 66, 60, 279]"
114794,"[15, 18, 0, 60, 105, 82, 84, 19, 90, 91]"
114795,"[44, 6, 7, 48, 279, 157, 25, 92, 175, 77]"
114796,"[175, 19, 6, 66, 2, 7, 223, 92, 10, 5]"
114797,"[45, 5, 261, 66, 73, 146, 27, 91, 71, 19]"
114798,"[21, 14, 187, 19, 5, 261, 76, 30, 92, 66]"
114799,"[9, 175, 5, 19, 66, 6, 92, 71, 20, 7]"
114800,"[223, 5, 189, 130, 19, 238, 92, 73, 146, 17]"
114801,"[97, 0, 18, 41, 60, 121, 105, 90, 138, 71]"
114802,"[124, 149, 66, 45, 42, 138, 48, 3, 30, 55]"
114803,"[90, 18, 10, 19, 60, 0, 71, 64, 55, 105]"
114804,"[146, 13, 55, 82, 19, 60, 5, 84, 0, 18]"
114805,"[138, 189, 42, 6, 66, 41, 7, 55, 36, 149]"
114806,"[1, 54, 23, 20, 19, 5, 73, 279, 3, 32]"
114807,"[20, 1, 54, 279, 14, 23, 5, 261, 19, 73]"
114808,"[146, 5, 19, 13, 6, 10, 7, 121, 0, 71]"
114809,"[32, 279, 2, 261, 54, 103, 71, 43, 14, 66]"
114810,"[119, 5, 24, 147, 279, 34, 28, 51, 55, 71]"
114811,"[112, 5, 157, 279, 19, 92, 261, 238, 9, 7]"
114812,"[122, 5, 26, 34, 66, 72, 19, 13, 146, 12]"
114813,"[36, 19, 76, 77, 220, 5, 60, 261, 54, 43]"
114814,"[1, 23, 64, 54, 261, 279, 72, 220, 5, 20]"
114815,"[71, 5, 19, 261, 30, 66, 77, 27, 7, 32]"
114816,"[223, 19, 60, 130, 92, 12, 90, 5, 82, 121]"
114817,"[10, 34, 26, 19, 77, 51, 5, 60, 130, 151]"
114818,"[28, 19, 51, 24, 5, 32, 103, 92, 238, 20]"
114819,"[189, 17, 223, 130, 5, 26, 138, 175, 60, 1]"
114820,"[34, 5, 72, 279, 223, 21, 42, 261, 26, 55]"
114821,"[36, 151, 60, 25, 19, 49, 5, 105, 9, 77]"
114822,"[10, 41, 157, 71, 26, 72, 5, 97, 261, 175]"
114823,"[122, 34, 26, 5, 261, 72, 146, 32, 19, 130]"
114824,"[60, 130, 151, 5, 19, 105, 77, 157, 25, 97]"
114825,"[15, 18, 0, 82, 19, 91, 60, 105, 84, 90]"
114826,"[90, 60, 19, 32, 279, 91, 5, 34, 20, 10]"
114827,"[261, 19, 23, 7, 5, 279, 32, 14, 146, 175]"
114828,"[261, 32, 279, 54, 23, 5, 55, 103, 2, 43]"
114829,"[5, 2, 261, 71, 43, 10, 279, 32, 73, 9]"
114830,"[66, 19, 30, 21, 175, 92, 5, 2, 20, 77]"
114831,"[26, 34, 5, 130, 122, 72, 10, 28, 19, 238]"
114832,"[18, 0, 72, 91, 5, 60, 19, 15, 97, 90]"
114833,"[71, 30, 19, 66, 77, 38, 5, 36, 45, 7]"
114834,"[55, 19, 60, 10, 7, 5, 6, 71, 146, 261]"
114835,"[71, 261, 19, 238, 279, 54, 9, 5, 73, 7]"
114836,"[19, 5, 58, 12, 238, 73, 223, 261, 7, 20]"
114837,"[42, 23, 279, 1, 54, 32, 55, 76, 261, 5]"
114838,"[19, 36, 5, 12, 29, 76, 58, 146, 17, 73]"
114839,"[90, 19, 5, 18, 91, 72, 60, 10, 12, 20]"
114840,"[84, 60, 82, 90, 19, 223, 0, 105, 13, 43]"
114841,"[77, 151, 49, 157, 25, 92, 105, 6, 7, 19]"
114842,"[133, 92, 175, 49, 66, 6, 77, 10, 147, 9]"
114843,"[238, 7, 54, 43, 14, 279, 103, 20, 261, 66]"
114844,"[73, 17, 19, 5, 10, 261, 51, 130, 32, 142]"
114845,"[60, 105, 130, 151, 77, 19, 25, 5, 157, 223]"
114846,"[187, 142, 19, 103, 28, 21, 2, 30, 5, 10]"
114847,"[2, 60, 5, 43, 19, 261, 112, 54, 279, 9]"
114848,"[51, 10, 2, 55, 41, 34, 71, 49, 26, 19]"
114849,"[66, 149, 45, 261, 124, 238, 14, 20, 2, 7]"
114850,"[149, 124, 30, 66, 279, 20, 32, 103, 261, 19]"
114851,"[32, 261, 279, 103, 54, 43, 2, 5, 20, 60]"
114852,"[60, 105, 5, 19, 130, 223, 55, 17, 97, 82]"
114853,"[138, 189, 19, 42, 3, 5, 146, 36, 23, 54]"
114854,"[73, 5, 19, 17, 10, 223, 130, 146, 77, 36]"
114855,"[48, 7, 6, 49, 5, 30, 238, 92, 77, 44]"
114856,"[92, 133, 44, 175, 6, 66, 49, 112, 77, 19]"
114857,"[261, 32, 103, 279, 23, 5, 19, 220, 43, 20]"
114858,"[121, 97, 0, 60, 55, 13, 76, 5, 223, 71]"
114859,"[43, 220, 19, 7, 261, 9, 279, 23, 32, 103]"
114860,"[49, 6, 175, 146, 138, 26, 66, 10, 19, 220]"
114861,"[45, 261, 66, 5, 71, 19, 54, 55, 2, 32]"
114862,"[36, 3, 19, 55, 138, 42, 5, 149, 92, 238]"
114863,"[19, 58, 5, 29, 36, 223, 12, 73, 238, 7]"
114864,"[133, 92, 175, 49, 77, 44, 9, 6, 238, 29]"
114865,"[64, 261, 32, 23, 2, 54, 20, 220, 103, 1]"
114866,"[71, 19, 73, 238, 5, 38, 9, 7, 17, 279]"
114867,"[77, 5, 19, 76, 26, 60, 34, 130, 122, 151]"
114868,"[42, 23, 1, 36, 5, 261, 138, 54, 55, 20]"
114869,"[138, 19, 92, 6, 36, 10, 49, 1, 189, 7]"
114870,"[41, 19, 97, 55, 60, 0, 279, 121, 10, 51]"
114871,"[2, 71, 54, 55, 138, 45, 10, 261, 66, 19]"
114872,"[34, 5, 26, 261, 279, 72, 238, 42, 91, 19]"
114873,"[122, 34, 26, 5, 72, 261, 10, 279, 71, 60]"
114874,"[82, 105, 19, 60, 84, 90, 0, 18, 21, 5]"
114875,"[84, 82, 60, 19, 90, 0, 105, 13, 18, 92]"
114876,"[279, 54, 261, 2, 43, 32, 103, 41, 124, 71]"
114877,"[119, 5, 147, 24, 28, 138, 122, 130, 1, 97]"
114878,"[12, 5, 19, 71, 261, 17, 130, 279, 20, 238]"
114879,"[19, 5, 58, 12, 223, 73, 3, 238, 36, 7]"
114880,"[49, 105, 77, 151, 60, 5, 25, 19, 36, 82]"
114881,"[187, 142, 2, 103, 21, 175, 28, 34, 279, 5]"
114882,"[28, 5, 19, 238, 20, 92, 103, 32, 51, 9]"
114883,"[9, 175, 5, 19, 6, 7, 34, 92, 66, 20]"
114884,"[48, 7, 6, 5, 103, 30, 44, 261, 238, 175]"
114885,"[146, 6, 189, 5, 66, 19, 138, 122, 3, 45]"
114886,"[122, 26, 34, 77, 5, 19, 220, 10, 121, 20]"
114887,"[64, 1, 20, 261, 54, 23, 5, 19, 279, 32]"
114888,"[105, 60, 130, 5, 223, 19, 82, 77, 17, 157]"
114889,"[3, 6, 19, 175, 73, 30, 92, 66, 5, 2]"
114890,"[84, 82, 60, 90, 105, 19, 0, 15, 49, 18]"
114891,"[73, 5, 17, 19, 223, 146, 20, 130, 3, 10]"
114892,"[175, 7, 23, 6, 48, 19, 146, 261, 3, 5]"
114893,"[42, 138, 3, 23, 189, 17, 36, 220, 29, 7]"
114894,"[73, 17, 19, 3, 10, 66, 72, 23, 146, 6]"
114895,"[146, 19, 13, 5, 55, 73, 64, 6, 45, 17]"
114896,"[189, 5, 19, 223, 138, 72, 7, 146, 175, 36]"
114897,"[261, 32, 55, 279, 2, 71, 19, 54, 103, 5]"
114898,"[91, 19, 60, 55, 18, 5, 130, 51, 238, 82]"
114899,"[38, 71, 30, 19, 77, 175, 66, 7, 48, 6]"
114900,"[19, 5, 84, 220, 7, 20, 138, 73, 3, 9]"
114901,"[34, 5, 55, 261, 279, 19, 223, 72, 32, 26]"
114902,"[51, 73, 5, 10, 19, 21, 261, 130, 9, 6]"
114903,"[27, 142, 21, 30, 19, 261, 32, 73, 5, 2]"
114904,"[103, 261, 55, 6, 238, 43, 138, 66, 54, 220]"
114905,"[23, 1, 54, 55, 19, 36, 5, 138, 43, 42]"
114906,"[30, 36, 149, 92, 3, 19, 66, 77, 64, 124]"
114907,"[223, 19, 5, 189, 36, 92, 130, 82, 238, 175]"
114908,"[30, 71, 175, 7, 261, 92, 5, 48, 27, 73]"
114909,"[220, 43, 261, 9, 23, 103, 54, 279, 19, 32]"
114910,"[24, 73, 5, 19, 17, 34, 10, 51, 130, 261]"
114911,"[279, 261, 7, 189, 138, 1, 5, 175, 19, 121]"
114912,"[41, 10, 97, 0, 55, 121, 19, 60, 151, 71]"
114913,"[27, 142, 21, 66, 73, 30, 5, 261, 19, 3]"
114914,"[261, 279, 23, 43, 60, 121, 2, 7, 138, 76]"
114915,"[279, 32, 261, 23, 5, 43, 19, 9, 124, 54]"
114916,"[41, 19, 55, 97, 60, 51, 0, 279, 121, 76]"
114917,"[55, 146, 13, 19, 60, 6, 82, 138, 10, 119]"
114918,"[49, 5, 7, 77, 6, 92, 19, 105, 48, 238]"
114919,"[26, 34, 10, 122, 5, 28, 71, 49, 130, 147]"
114920,"[175, 38, 9, 36, 48, 30, 77, 25, 6, 7]"
114921,"[5, 19, 238, 72, 34, 71, 2, 77, 92, 105]"
114922,"[7, 261, 43, 14, 32, 2, 71, 279, 55, 175]"
114923,"[12, 19, 5, 130, 17, 261, 71, 92, 223, 60]"
114924,"[142, 261, 66, 27, 73, 21, 187, 14, 175, 23]"
114925,"[220, 43, 55, 261, 5, 73, 42, 91, 146, 32]"
114926,"[175, 9, 6, 10, 71, 66, 19, 5, 92, 2]"
114927,"[26, 34, 122, 28, 49, 147, 10, 5, 71, 6]"
114928,"[130, 5, 26, 19, 73, 10, 151, 77, 28, 34]"
114929,"[60, 84, 55, 279, 157, 54, 25, 43, 32, 5]"
114930,"[5, 9, 157, 19, 146, 73, 261, 279, 151, 51]"
114931,"[3, 36, 19, 42, 5, 29, 138, 146, 6, 17]"
114932,"[138, 189, 42, 3, 23, 175, 19, 7, 41, 55]"
114933,"[34, 10, 26, 5, 19, 60, 130, 122, 55, 28]"
114934,"[103, 261, 3, 19, 279, 54, 32, 7, 138, 23]"
114935,"[119, 5, 28, 147, 24, 97, 138, 122, 10, 130]"
114936,"[146, 13, 5, 19, 261, 66, 55, 27, 73, 60]"
114937,"[20, 2, 261, 103, 54, 66, 175, 279, 32, 5]"
114938,"[147, 5, 19, 71, 238, 51, 279, 66, 122, 34]"
114939,"[90, 19, 43, 142, 20, 60, 71, 279, 261, 34]"
114940,"[149, 124, 66, 9, 279, 175, 103, 32, 71, 261]"
114941,"[21, 187, 14, 19, 66, 82, 24, 5, 27, 175]"
114942,"[19, 5, 34, 223, 9, 10, 12, 130, 17, 54]"
114943,"[77, 7, 92, 6, 175, 5, 19, 49, 223, 9]"
114944,"[28, 9, 1, 24, 103, 32, 34, 147, 279, 23]"
114945,"[112, 157, 5, 19, 279, 23, 7, 60, 130, 261]"
114946,"[49, 105, 77, 60, 25, 5, 82, 84, 19, 151]"
114947,"[92, 133, 44, 49, 112, 7, 130, 6, 2, 77]"
114948,"[146, 19, 6, 5, 66, 13, 45, 138, 223, 64]"
114949,"[54, 261, 1, 32, 23, 5, 19, 220, 20, 279]"
114950,"[73, 17, 19, 3, 72, 5, 146, 21, 261, 23]"
114951,"[0, 18, 82, 90, 60, 105, 15, 84, 97, 19]"
114952,"[20, 2, 261, 71, 32, 66, 238, 103, 220, 14]"
114953,"[72, 23, 10, 1, 157, 54, 5, 19, 76, 71]"
114954,"[73, 17, 19, 5, 72, 130, 51, 3, 10, 36]"
114955,"[0, 18, 90, 60, 15, 105, 82, 84, 97, 91]"
114956,"[55, 5, 25, 60, 138, 36, 77, 19, 223, 189]"
114957,"[60, 105, 5, 130, 19, 97, 223, 55, 17, 157]"
114958,"[51, 10, 34, 5, 122, 19, 24, 28, 26, 92]"
114959,"[119, 5, 24, 147, 19, 36, 28, 51, 1, 55]"
114960,"[5, 261, 10, 32, 19, 71, 73, 51, 60, 279]"
114961,"[7, 48, 2, 261, 6, 55, 175, 43, 54, 279]"
114962,"[238, 5, 261, 73, 220, 54, 19, 142, 32, 20]"
114963,"[157, 25, 151, 60, 77, 6, 19, 105, 5, 55]"
114964,"[36, 151, 60, 77, 19, 175, 25, 55, 82, 21]"
114965,"[42, 138, 23, 189, 3, 36, 220, 29, 64, 17]"
114966,"[32, 261, 5, 2, 42, 55, 54, 279, 73, 41]"
114967,"[34, 10, 26, 55, 19, 60, 5, 122, 9, 51]"
114968,"[175, 66, 2, 9, 149, 30, 3, 32, 19, 73]"
114969,"[77, 151, 49, 157, 25, 6, 105, 92, 130, 60]"
114970,"[45, 66, 261, 149, 2, 71, 77, 19, 36, 6]"
114971,"[261, 32, 5, 20, 14, 220, 72, 103, 19, 73]"
114972,"[151, 157, 175, 9, 7, 77, 25, 10, 49, 189]"
114973,"[42, 23, 36, 138, 220, 189, 3, 29, 1, 32]"
114974,"[5, 76, 19, 12, 73, 238, 121, 261, 130, 1]"
114975,"[92, 6, 77, 7, 48, 133, 149, 36, 10, 34]"
114976,"[146, 55, 19, 13, 60, 5, 82, 3, 138, 175]"
114977,"[147, 19, 5, 60, 238, 66, 261, 122, 279, 71]"
114978,"[14, 261, 23, 32, 20, 54, 1, 279, 43, 72]"
114979,"[24, 73, 5, 17, 19, 51, 10, 28, 130, 34]"
114980,"[261, 32, 14, 103, 3, 20, 2, 6, 220, 23]"
114981,"[3, 19, 36, 5, 73, 42, 29, 220, 17, 32]"
114982,"[130, 5, 34, 73, 26, 19, 122, 10, 60, 151]"
114983,"[17, 19, 73, 5, 130, 3, 223, 36, 32, 261]"
114984,"[90, 18, 0, 72, 19, 5, 20, 73, 60, 279]"
114985,"[142, 21, 66, 238, 30, 27, 19, 73, 14, 5]"
114986,"[157, 19, 76, 51, 36, 91, 73, 5, 55, 3]"
114987,"[0, 71, 55, 19, 13, 121, 97, 76, 5, 60]"
114988,"[49, 105, 77, 60, 25, 6, 19, 82, 5, 55]"
114989,"[20, 21, 261, 3, 5, 146, 32, 187, 64, 66]"
114990,"[27, 66, 261, 45, 149, 20, 32, 5, 91, 42]"
114991,"[5, 19, 92, 36, 112, 60, 130, 77, 54, 279]"
114992,"[71, 5, 261, 19, 32, 30, 7, 26, 38, 34]"
114993,"[142, 27, 30, 92, 6, 17, 19, 7, 5, 77]"
114994,"[133, 92, 175, 6, 130, 5, 9, 49, 147, 44]"
114995,"[76, 5, 19, 279, 12, 261, 54, 73, 121, 32]"
114996,"[24, 4, 19, 60, 36, 5, 28, 29, 49, 92]"
114997,"[66, 149, 45, 261, 124, 238, 2, 3, 32, 138]"
114998,"[36, 3, 138, 19, 149, 189, 42, 29, 24, 76]"
114999,"[29, 36, 24, 3, 19, 5, 4, 9, 17, 28]"
115000,"[142, 66, 21, 19, 30, 2, 7, 261, 149, 73]"
115001,"[122, 26, 34, 5, 261, 32, 121, 19, 77, 20]"
115002,"[58, 5, 19, 12, 29, 36, 261, 223, 103, 7]"
115003,"[157, 72, 91, 10, 76, 5, 55, 18, 73, 1]"
115004,"[38, 19, 71, 175, 30, 7, 5, 77, 6, 48]"
115005,"[19, 138, 5, 6, 66, 261, 51, 60, 2, 10]"
115006,"[238, 66, 14, 7, 5, 261, 279, 72, 19, 54]"
115007,"[13, 71, 5, 55, 146, 19, 121, 6, 0, 7]"
115008,"[130, 151, 60, 19, 12, 10, 223, 91, 5, 147]"
115009,"[66, 175, 149, 27, 20, 30, 92, 279, 238, 45]"
115010,"[220, 19, 43, 36, 103, 261, 6, 9, 175, 138]"
115011,"[220, 261, 43, 32, 23, 1, 19, 14, 2, 54]"
115012,"[43, 220, 103, 189, 5, 55, 3, 42, 138, 7]"
115013,"[76, 36, 3, 149, 5, 20, 19, 138, 32, 64]"
115014,"[0, 18, 82, 60, 90, 105, 15, 19, 84, 97]"
115015,"[82, 60, 84, 90, 19, 18, 105, 0, 15, 49]"
115016,"[146, 19, 13, 60, 82, 55, 0, 6, 5, 91]"
115017,"[26, 34, 5, 122, 130, 10, 19, 261, 72, 49]"
115018,"[17, 73, 19, 5, 146, 55, 7, 130, 60, 261]"
115019,"[25, 151, 77, 157, 36, 60, 130, 19, 49, 3]"
115020,"[175, 6, 48, 19, 7, 30, 10, 71, 261, 92]"
115021,"[124, 149, 66, 45, 48, 36, 30, 138, 2, 92]"
115022,"[112, 5, 261, 9, 6, 92, 19, 279, 2, 71]"
115023,"[64, 1, 23, 20, 54, 261, 279, 5, 19, 66]"
115024,"[41, 5, 19, 261, 146, 32, 97, 91, 72, 36]"
115025,"[175, 6, 30, 92, 21, 71, 7, 66, 48, 261]"
115026,"[27, 142, 30, 21, 19, 5, 73, 3, 66, 261]"
115027,"[6, 7, 92, 25, 48, 44, 49, 66, 19, 175]"
115028,"[223, 189, 19, 130, 5, 82, 36, 17, 64, 26]"
115029,"[10, 92, 112, 133, 175, 238, 66, 142, 5, 6]"
115030,"[7, 261, 175, 2, 48, 44, 14, 92, 5, 23]"
115031,"[19, 5, 58, 261, 12, 20, 32, 238, 60, 7]"
115032,"[60, 105, 49, 77, 151, 5, 25, 19, 55, 157]"
115033,"[130, 5, 19, 26, 73, 60, 10, 34, 122, 151]"
115034,"[36, 3, 138, 19, 42, 189, 149, 29, 5, 76]"
115035,"[38, 19, 71, 77, 175, 30, 7, 92, 5, 238]"
115036,"[189, 5, 223, 19, 146, 20, 175, 82, 138, 238]"
115037,"[21, 187, 3, 27, 14, 19, 5, 82, 30, 142]"
115038,"[90, 18, 0, 60, 19, 5, 72, 20, 238, 10]"
115039,"[48, 7, 6, 19, 5, 138, 175, 30, 92, 261]"
115040,"[54, 279, 23, 261, 1, 32, 220, 9, 20, 64]"
115041,"[2, 71, 261, 5, 175, 32, 48, 54, 10, 66]"
115042,"[45, 66, 261, 19, 5, 149, 27, 238, 36, 20]"
115043,"[130, 5, 19, 26, 151, 17, 122, 34, 73, 10]"
115044,"[73, 17, 5, 19, 3, 82, 223, 77, 130, 91]"
115045,"[19, 138, 7, 175, 17, 5, 36, 3, 223, 146]"
115046,"[147, 19, 5, 71, 66, 122, 10, 238, 105, 51]"
115047,"[279, 32, 261, 103, 23, 9, 5, 19, 43, 220]"
115048,"[24, 19, 5, 73, 51, 17, 21, 10, 36, 223]"
115049,"[54, 279, 261, 23, 19, 1, 9, 220, 91, 5]"
115050,"[21, 5, 142, 187, 19, 238, 82, 223, 72, 73]"
115051,"[82, 91, 60, 105, 151, 19, 18, 157, 0, 77]"
115052,"[77, 151, 49, 157, 105, 6, 25, 60, 71, 92]"
115053,"[103, 261, 32, 279, 23, 7, 3, 220, 9, 54]"
115054,"[60, 19, 51, 5, 121, 36, 55, 10, 238, 97]"
115055,"[92, 6, 175, 19, 133, 66, 2, 49, 10, 151]"
115056,"[15, 18, 0, 84, 105, 90, 60, 91, 82, 19]"
115057,"[18, 0, 72, 90, 60, 10, 5, 97, 71, 41]"
115058,"[90, 19, 14, 43, 10, 26, 279, 34, 64, 20]"
115059,"[175, 66, 261, 23, 30, 9, 14, 71, 6, 19]"
115060,"[32, 261, 5, 42, 220, 279, 103, 23, 14, 73]"
115061,"[10, 73, 19, 5, 55, 6, 7, 17, 261, 20]"
115062,"[66, 45, 149, 261, 124, 32, 2, 51, 238, 20]"
115063,"[10, 34, 2, 71, 77, 51, 26, 175, 41, 151]"
115064,"[66, 175, 20, 73, 149, 30, 3, 261, 32, 9]"
115065,"[261, 64, 23, 32, 14, 20, 2, 54, 71, 220]"
115066,"[15, 82, 19, 84, 146, 0, 91, 36, 18, 60]"
115067,"[142, 27, 30, 175, 66, 19, 279, 149, 7, 261]"
115068,"[77, 49, 92, 71, 6, 26, 5, 2, 175, 19]"
115069,"[1, 54, 279, 23, 20, 19, 64, 43, 121, 103]"
115070,"[261, 103, 14, 2, 6, 54, 32, 66, 71, 92]"
115071,"[29, 36, 24, 3, 19, 5, 92, 28, 42, 4]"
115072,"[18, 0, 5, 72, 19, 15, 91, 36, 90, 105]"
115073,"[20, 175, 5, 2, 66, 73, 19, 103, 7, 149]"
115074,"[23, 1, 36, 19, 54, 55, 5, 3, 42, 20]"
115075,"[42, 138, 23, 220, 189, 261, 32, 3, 36, 55]"
115076,"[10, 5, 157, 71, 73, 26, 55, 41, 97, 72]"
115077,"[189, 23, 5, 223, 261, 19, 279, 32, 55, 9]"
115078,"[77, 92, 7, 48, 6, 9, 5, 175, 151, 19]"
115079,"[13, 146, 5, 19, 7, 0, 55, 121, 73, 17]"
115080,"[15, 18, 0, 82, 105, 19, 84, 90, 60, 91]"
115081,"[17, 73, 19, 2, 7, 142, 32, 261, 279, 223]"
115082,"[28, 19, 92, 5, 51, 238, 36, 24, 20, 103]"
115083,"[157, 133, 42, 5, 23, 92, 19, 7, 76, 1]"
115084,"[71, 7, 19, 261, 5, 38, 30, 48, 55, 66]"
115085,"[238, 92, 23, 1, 133, 5, 10, 279, 261, 175]"
115086,"[1, 23, 55, 138, 19, 5, 10, 32, 54, 261]"
115087,"[10, 5, 19, 130, 77, 51, 34, 279, 1, 55]"
115088,"[4, 19, 5, 24, 223, 12, 66, 7, 29, 142]"
115089,"[122, 26, 5, 77, 19, 34, 220, 121, 20, 7]"
115090,"[43, 220, 279, 103, 5, 55, 187, 32, 19, 261]"
115091,"[138, 19, 92, 6, 55, 36, 189, 7, 10, 71]"
115092,"[48, 6, 7, 58, 261, 2, 55, 19, 175, 66]"
115093,"[30, 19, 175, 6, 7, 48, 66, 3, 92, 36]"
115094,"[223, 189, 19, 82, 5, 90, 175, 92, 43, 60]"
115095,"[21, 5, 19, 187, 146, 3, 82, 72, 130, 73]"
115096,"[105, 49, 77, 60, 151, 25, 5, 36, 19, 157]"
115097,"[19, 60, 82, 5, 105, 130, 84, 91, 17, 90]"
115098,"[36, 19, 77, 151, 92, 223, 60, 105, 5, 138]"
115099,"[9, 175, 51, 19, 279, 92, 5, 60, 142, 43]"
115100,"[48, 7, 6, 44, 49, 30, 138, 175, 25, 92]"
115101,"[146, 5, 13, 55, 19, 82, 60, 175, 189, 119]"
115102,"[49, 6, 220, 5, 261, 19, 71, 146, 26, 92]"
115103,"[146, 19, 5, 55, 82, 36, 13, 60, 151, 0]"
115104,"[122, 147, 28, 26, 34, 24, 51, 5, 32, 76]"
115105,"[0, 71, 97, 13, 76, 55, 121, 60, 5, 18]"
115106,"[73, 5, 19, 17, 3, 223, 146, 36, 130, 72]"
115107,"[72, 34, 36, 189, 10, 5, 26, 3, 19, 21]"
115108,"[112, 5, 92, 29, 157, 6, 133, 49, 36, 19]"
115109,"[76, 220, 60, 19, 12, 36, 5, 42, 43, 261]"
115110,"[51, 19, 24, 28, 60, 9, 36, 5, 10, 122]"
115111,"[138, 19, 36, 92, 5, 72, 279, 28, 7, 23]"
115112,"[64, 146, 23, 279, 1, 20, 19, 261, 3, 32]"
115113,"[82, 21, 175, 19, 5, 32, 54, 279, 71, 138]"
115114,"[45, 66, 261, 149, 19, 36, 5, 32, 27, 238]"
115115,"[41, 0, 19, 6, 220, 82, 49, 138, 5, 60]"
115116,"[25, 151, 77, 60, 157, 55, 6, 36, 49, 105]"
115117,"[41, 261, 32, 5, 19, 71, 97, 0, 10, 55]"
115118,"[29, 138, 220, 9, 223, 3, 36, 19, 6, 149]"
115119,"[175, 19, 6, 92, 7, 5, 49, 3, 30, 223]"
115120,"[44, 6, 7, 48, 25, 92, 279, 175, 23, 77]"
115121,"[72, 34, 5, 10, 19, 36, 73, 54, 21, 43]"
115122,"[238, 5, 19, 92, 54, 279, 20, 130, 91, 1]"
115123,"[142, 279, 261, 73, 175, 5, 32, 19, 9, 51]"
115124,"[12, 19, 5, 130, 71, 51, 60, 261, 92, 223]"
115125,"[66, 175, 45, 149, 124, 2, 30, 20, 6, 223]"
115126,"[32, 261, 42, 5, 2, 279, 149, 103, 41, 23]"
115127,"[6, 7, 25, 48, 44, 175, 157, 55, 49, 26]"
115128,"[151, 157, 130, 19, 5, 17, 146, 60, 77, 55]"
115129,"[84, 82, 60, 90, 19, 0, 105, 18, 15, 5]"
115130,"[17, 73, 19, 146, 60, 5, 55, 7, 82, 3]"
115131,"[25, 151, 77, 55, 60, 105, 157, 49, 36, 19]"
115132,"[1, 54, 23, 279, 43, 103, 121, 10, 20, 19]"
115133,"[1, 23, 54, 20, 64, 28, 72, 14, 9, 279]"
115134,"[5, 19, 76, 261, 73, 12, 54, 238, 7, 223]"
115135,"[72, 19, 36, 5, 238, 10, 73, 189, 21, 3]"
115136,"[45, 66, 261, 279, 71, 5, 32, 146, 21, 27]"
115137,"[103, 261, 3, 58, 7, 2, 223, 42, 9, 138]"
115138,"[60, 105, 82, 91, 157, 0, 19, 151, 77, 5]"
115139,"[32, 261, 220, 279, 42, 5, 2, 54, 55, 23]"
115140,"[220, 261, 43, 19, 5, 238, 2, 54, 32, 20]"
115141,"[44, 6, 7, 92, 48, 279, 25, 175, 32, 77]"
115142,"[32, 261, 42, 279, 23, 220, 103, 5, 14, 54]"
115143,"[71, 5, 55, 223, 19, 261, 2, 60, 54, 32]"
115144,"[19, 82, 5, 60, 238, 91, 73, 17, 189, 14]"
115145,"[55, 5, 25, 105, 151, 36, 77, 60, 157, 34]"
115146,"[238, 5, 19, 92, 54, 223, 20, 91, 130, 73]"
115147,"[189, 60, 175, 66, 138, 26, 43, 21, 14, 7]"
115148,"[142, 2, 66, 21, 261, 71, 19, 14, 175, 238]"
115149,"[66, 45, 261, 27, 71, 175, 5, 32, 279, 23]"
115150,"[60, 105, 5, 130, 223, 17, 19, 55, 97, 77]"
115151,"[151, 19, 60, 55, 5, 77, 130, 157, 17, 92]"
115152,"[30, 19, 3, 223, 5, 36, 149, 17, 138, 175]"
115153,"[76, 5, 12, 19, 130, 261, 54, 121, 73, 32]"
115154,"[27, 45, 66, 261, 71, 279, 55, 32, 2, 149]"
115155,"[157, 7, 23, 42, 19, 6, 175, 4, 5, 26]"
115156,"[36, 19, 60, 5, 151, 1, 25, 77, 23, 3]"
115157,"[157, 10, 21, 66, 77, 6, 76, 42, 7, 189]"
115158,"[44, 6, 7, 48, 25, 279, 23, 157, 32, 261]"
115159,"[7, 48, 6, 66, 30, 138, 175, 19, 189, 44]"
115160,"[0, 71, 97, 121, 76, 5, 60, 55, 13, 261]"
115161,"[49, 48, 7, 77, 6, 92, 105, 25, 238, 261]"
115162,"[175, 6, 9, 36, 19, 77, 38, 49, 71, 10]"
115163,"[82, 84, 60, 19, 90, 105, 223, 49, 146, 15]"
115164,"[84, 60, 82, 90, 19, 13, 18, 0, 55, 105]"
115165,"[97, 121, 60, 0, 26, 5, 157, 25, 105, 41]"
115166,"[36, 76, 19, 220, 5, 77, 12, 3, 60, 17]"
115167,"[124, 149, 66, 138, 261, 55, 6, 3, 45, 42]"
115168,"[41, 5, 19, 261, 71, 97, 32, 55, 2, 10]"
115169,"[149, 30, 124, 66, 103, 9, 175, 14, 48, 20]"
115170,"[220, 19, 261, 5, 2, 32, 29, 146, 17, 91]"
115171,"[26, 34, 122, 28, 5, 49, 147, 10, 92, 77]"
115172,"[1, 23, 138, 28, 10, 55, 149, 54, 32, 42]"
115173,"[7, 5, 261, 2, 92, 19, 175, 14, 71, 66]"
115174,"[32, 261, 44, 23, 279, 103, 14, 7, 9, 28]"
115175,"[41, 97, 10, 0, 151, 121, 77, 60, 19, 55]"
115176,"[36, 138, 3, 19, 189, 42, 149, 55, 76, 5]"
115177,"[97, 121, 0, 41, 60, 26, 105, 49, 19, 1]"
115178,"[71, 7, 19, 30, 36, 5, 261, 77, 48, 238]"
115179,"[91, 19, 60, 130, 18, 238, 90, 5, 51, 77]"
115180,"[261, 32, 279, 103, 5, 23, 220, 17, 66, 14]"
115181,"[2, 5, 261, 175, 32, 71, 92, 7, 223, 66]"
115182,"[66, 175, 20, 149, 30, 92, 19, 238, 73, 5]"
115183,"[19, 5, 261, 6, 238, 51, 72, 77, 60, 223]"
115184,"[19, 5, 36, 73, 238, 223, 12, 146, 17, 58]"
115185,"[138, 189, 42, 3, 6, 36, 19, 23, 7, 175]"
115186,"[1, 23, 54, 20, 73, 32, 5, 279, 261, 9]"
115187,"[76, 19, 5, 279, 261, 17, 73, 238, 54, 7]"
115188,"[122, 26, 34, 5, 121, 19, 77, 72, 7, 220]"
115189,"[19, 5, 147, 261, 76, 223, 55, 60, 36, 32]"
115190,"[1, 23, 28, 138, 55, 5, 149, 10, 49, 19]"
115191,"[3, 82, 19, 17, 72, 7, 146, 223, 5, 36]"
115192,"[9, 51, 279, 19, 6, 175, 66, 5, 261, 124]"
115193,"[19, 5, 58, 76, 261, 12, 54, 36, 73, 42]"
115194,"[58, 19, 6, 157, 64, 138, 29, 20, 10, 7]"
115195,"[7, 48, 6, 175, 44, 71, 261, 43, 2, 14]"
115196,"[6, 25, 77, 157, 92, 71, 151, 175, 60, 49]"
115197,"[157, 151, 25, 77, 60, 6, 105, 19, 130, 49]"
115198,"[49, 105, 151, 77, 60, 25, 5, 157, 26, 19]"
115199,"[66, 45, 149, 261, 124, 2, 32, 14, 20, 238]"
115200,"[51, 10, 34, 41, 55, 71, 26, 2, 119, 149]"
115201,"[82, 66, 21, 138, 189, 36, 19, 103, 51, 12]"
115202,"[147, 28, 122, 26, 24, 130, 71, 32, 5, 60]"
115203,"[19, 5, 17, 73, 6, 43, 60, 238, 279, 103]"
115204,"[103, 279, 43, 261, 32, 64, 19, 220, 23, 138]"
115205,"[189, 138, 5, 19, 223, 72, 279, 42, 175, 7]"
115206,"[32, 261, 5, 279, 220, 103, 23, 54, 2, 14]"
115207,"[19, 36, 5, 3, 17, 73, 29, 58, 238, 76]"
115208,"[76, 19, 36, 60, 220, 43, 12, 103, 5, 54]"
115209,"[21, 187, 14, 92, 19, 77, 82, 66, 238, 30]"
115210,"[29, 138, 261, 4, 220, 3, 23, 17, 9, 19]"
115211,"[14, 23, 261, 1, 32, 20, 54, 279, 72, 5]"
115212,"[45, 66, 5, 19, 146, 261, 6, 71, 21, 279]"
115213,"[91, 60, 18, 19, 130, 55, 238, 15, 71, 51]"
115214,"[223, 5, 19, 49, 29, 17, 261, 2, 92, 175]"
115215,"[2, 261, 5, 71, 60, 279, 4, 43, 54, 23]"
115216,"[19, 5, 175, 48, 6, 261, 30, 279, 7, 9]"
115217,"[7, 44, 261, 175, 2, 279, 6, 48, 32, 19]"
115218,"[133, 92, 175, 49, 9, 24, 6, 147, 77, 66]"
115219,"[157, 19, 77, 6, 92, 10, 7, 5, 21, 76]"
115220,"[220, 261, 19, 238, 5, 43, 20, 32, 103, 66]"
115221,"[30, 149, 19, 3, 175, 36, 66, 223, 6, 138]"
115222,"[18, 19, 71, 60, 5, 279, 72, 9, 0, 55]"
115223,"[261, 32, 279, 23, 19, 5, 7, 42, 54, 9]"
115224,"[279, 261, 43, 54, 55, 34, 103, 32, 5, 9]"
115225,"[112, 5, 279, 9, 261, 223, 29, 92, 187, 32]"
115226,"[119, 5, 28, 147, 24, 55, 138, 34, 122, 97]"
115227,"[223, 5, 17, 19, 49, 12, 142, 138, 130, 29]"
115228,"[19, 146, 5, 55, 60, 82, 6, 13, 17, 7]"
115229,"[90, 19, 18, 5, 60, 92, 10, 0, 12, 72]"
115230,"[4, 36, 19, 24, 29, 60, 5, 51, 71, 77]"
115231,"[45, 66, 149, 38, 27, 71, 30, 124, 21, 77]"
115232,"[1, 23, 54, 20, 32, 279, 28, 72, 261, 9]"
115233,"[92, 133, 44, 112, 49, 77, 7, 10, 2, 130]"
115234,"[5, 138, 36, 19, 55, 3, 149, 42, 2, 189]"
115235,"[25, 151, 55, 77, 36, 60, 49, 42, 19, 157]"
115236,"[119, 24, 28, 147, 5, 122, 138, 1, 55, 26]"
115237,"[34, 10, 26, 19, 130, 122, 60, 55, 5, 49]"
115238,"[24, 19, 5, 73, 17, 28, 10, 51, 34, 9]"
115239,"[36, 4, 19, 5, 24, 73, 17, 32, 3, 29]"
115240,"[5, 112, 19, 36, 92, 77, 130, 2, 133, 10]"
115241,"[10, 34, 77, 26, 5, 51, 19, 105, 130, 60]"
115242,"[9, 279, 175, 51, 19, 92, 10, 124, 43, 133]"
115243,"[34, 10, 26, 122, 28, 130, 60, 19, 9, 49]"
115244,"[20, 3, 5, 19, 21, 73, 261, 238, 32, 146]"
115245,"[261, 32, 2, 19, 55, 5, 66, 103, 54, 279]"
115246,"[261, 82, 5, 51, 19, 2, 54, 71, 138, 21]"
115247,"[21, 5, 20, 73, 27, 261, 3, 238, 187, 19]"
115248,"[5, 58, 19, 12, 223, 238, 29, 73, 20, 36]"
115249,"[73, 151, 130, 72, 189, 19, 5, 146, 58, 138]"
115250,"[18, 71, 19, 90, 0, 60, 189, 146, 10, 175]"
115251,"[41, 261, 19, 5, 97, 71, 55, 10, 2, 32]"
115252,"[12, 5, 19, 261, 130, 60, 32, 73, 17, 71]"
115253,"[122, 147, 26, 28, 51, 34, 5, 32, 24, 60]"
115254,"[157, 5, 19, 76, 73, 51, 223, 91, 238, 189]"
115255,"[4, 19, 36, 5, 24, 51, 261, 29, 223, 73]"
115256,"[18, 0, 90, 5, 97, 82, 105, 72, 15, 10]"
115257,"[261, 32, 23, 20, 279, 14, 220, 54, 7, 2]"
115258,"[45, 66, 149, 3, 261, 124, 138, 19, 5, 42]"
115259,"[34, 10, 26, 19, 130, 5, 36, 77, 9, 92]"
115260,"[51, 73, 19, 9, 5, 130, 261, 17, 10, 157]"
115261,"[279, 32, 103, 261, 5, 19, 43, 23, 20, 54]"
115262,"[279, 261, 5, 54, 9, 43, 34, 76, 32, 23]"
115263,"[60, 112, 54, 2, 261, 5, 19, 279, 43, 84]"
115264,"[76, 5, 19, 261, 279, 12, 54, 121, 1, 32]"
115265,"[157, 77, 25, 151, 6, 60, 19, 105, 36, 49]"
115266,"[157, 151, 25, 77, 6, 49, 60, 105, 19, 26]"
115267,"[13, 146, 55, 6, 19, 5, 71, 41, 7, 10]"
115268,"[28, 9, 103, 24, 1, 32, 34, 279, 43, 238]"
115269,"[73, 19, 5, 72, 146, 130, 189, 261, 26, 151]"
115270,"[60, 105, 151, 77, 130, 19, 5, 223, 25, 49]"
115271,"[220, 261, 43, 19, 9, 32, 54, 23, 279, 138]"
115272,"[60, 130, 151, 105, 19, 5, 17, 77, 55, 73]"
115273,"[60, 130, 151, 105, 157, 77, 19, 25, 97, 5]"
115274,"[261, 32, 5, 14, 220, 103, 54, 20, 73, 2]"
115275,"[19, 5, 30, 36, 223, 20, 261, 92, 27, 77]"
115276,"[20, 261, 279, 43, 32, 103, 84, 19, 220, 5]"
115277,"[72, 157, 5, 76, 10, 73, 261, 55, 71, 97]"
115278,"[238, 5, 19, 92, 20, 66, 36, 220, 72, 149]"
115279,"[5, 72, 157, 55, 261, 10, 76, 19, 73, 71]"
115280,"[26, 34, 28, 49, 122, 147, 10, 77, 157, 71]"
115281,"[279, 5, 103, 261, 43, 19, 14, 220, 54, 66]"
115282,"[20, 5, 261, 19, 43, 7, 84, 9, 103, 220]"
115283,"[84, 105, 77, 5, 157, 36, 25, 19, 49, 112]"
115284,"[105, 49, 77, 25, 60, 151, 5, 36, 157, 19]"
115285,"[9, 279, 51, 43, 175, 10, 261, 124, 34, 103]"
115286,"[60, 105, 130, 97, 5, 19, 223, 55, 82, 17]"
115287,"[238, 5, 19, 72, 20, 220, 92, 28, 66, 36]"
115288,"[19, 60, 82, 5, 84, 279, 105, 90, 261, 157]"
115289,"[19, 151, 5, 60, 157, 55, 82, 77, 17, 223]"
115290,"[38, 19, 71, 175, 30, 77, 5, 66, 7, 60]"
115291,"[72, 23, 10, 1, 60, 54, 71, 19, 76, 77]"
115292,"[14, 5, 261, 19, 20, 23, 1, 32, 72, 238]"
115293,"[122, 26, 5, 19, 34, 77, 261, 20, 121, 220]"
115294,"[73, 17, 19, 5, 3, 72, 10, 51, 21, 27]"
115295,"[19, 7, 17, 3, 138, 103, 223, 189, 175, 5]"
115296,"[3, 2, 32, 73, 261, 5, 220, 9, 175, 223]"
115297,"[3, 73, 175, 19, 17, 6, 30, 21, 146, 5]"
115298,"[121, 97, 5, 223, 71, 0, 13, 238, 76, 26]"
115299,"[32, 261, 220, 5, 103, 36, 238, 19, 42, 73]"
115300,"[142, 21, 66, 19, 30, 2, 7, 5, 261, 27]"
115301,"[41, 0, 220, 19, 49, 82, 6, 103, 5, 10]"
115302,"[1, 23, 54, 20, 261, 26, 14, 189, 9, 5]"
115303,"[20, 1, 14, 23, 54, 64, 5, 261, 72, 279]"
115304,"[2, 261, 73, 5, 32, 223, 19, 36, 3, 103]"
115305,"[76, 36, 19, 5, 12, 72, 130, 73, 223, 3]"
115306,"[146, 13, 19, 55, 82, 58, 5, 66, 6, 60]"
115307,"[223, 5, 19, 17, 92, 12, 6, 21, 142, 49]"
115308,"[7, 6, 48, 175, 261, 44, 19, 9, 43, 72]"
115309,"[44, 7, 92, 175, 6, 48, 238, 261, 71, 9]"
115310,"[19, 4, 5, 24, 142, 7, 51, 238, 17, 29]"
115311,"[149, 66, 9, 5, 261, 175, 124, 73, 30, 32]"
115312,"[71, 19, 60, 55, 30, 5, 261, 27, 66, 77]"
115313,"[64, 1, 146, 279, 23, 261, 20, 19, 17, 3]"
115314,"[103, 279, 261, 54, 43, 32, 2, 19, 220, 5]"
115315,"[142, 27, 66, 30, 6, 21, 2, 261, 149, 19]"
115316,"[9, 175, 5, 19, 10, 71, 66, 6, 92, 279]"
115317,"[60, 151, 130, 105, 77, 19, 5, 25, 157, 97]"
115318,"[28, 9, 103, 24, 1, 32, 34, 279, 10, 43]"
115319,"[26, 60, 97, 121, 49, 10, 77, 71, 6, 19]"
115320,"[97, 18, 121, 0, 90, 60, 72, 105, 5, 119]"
115321,"[6, 25, 77, 19, 7, 157, 48, 44, 92, 49]"
115322,"[30, 6, 175, 19, 7, 48, 92, 3, 38, 36]"
115323,"[238, 5, 54, 261, 20, 19, 220, 66, 2, 43]"
115324,"[15, 18, 19, 82, 0, 105, 60, 5, 90, 91]"
115325,"[223, 5, 19, 17, 29, 175, 3, 130, 92, 12]"
115326,"[84, 82, 60, 90, 19, 105, 0, 49, 15, 223]"
115327,"[60, 5, 84, 19, 77, 105, 157, 238, 97, 25]"
115328,"[122, 147, 28, 26, 51, 5, 34, 24, 32, 71]"
115329,"[7, 19, 5, 48, 261, 175, 6, 2, 30, 3]"
115330,"[149, 30, 124, 238, 66, 5, 261, 3, 9, 19]"
115331,"[149, 124, 45, 20, 3, 1, 66, 138, 36, 25]"
115332,"[71, 19, 73, 5, 238, 7, 38, 77, 17, 30]"
115333,"[77, 151, 49, 6, 71, 105, 157, 60, 25, 175]"
115334,"[12, 19, 32, 130, 71, 5, 279, 261, 60, 51]"
115335,"[130, 5, 34, 26, 19, 17, 122, 151, 28, 157]"
115336,"[261, 279, 5, 32, 54, 72, 9, 2, 51, 19]"
115337,"[124, 149, 66, 3, 138, 42, 55, 36, 45, 175]"
115338,"[15, 18, 0, 82, 60, 84, 19, 105, 90, 91]"
115339,"[5, 19, 73, 72, 130, 223, 238, 2, 1, 34]"
115340,"[66, 261, 20, 21, 2, 19, 5, 30, 238, 175]"
115341,"[13, 121, 0, 5, 146, 97, 55, 19, 76, 17]"
115342,"[92, 133, 238, 44, 19, 49, 77, 112, 7, 36]"
115343,"[220, 43, 55, 5, 103, 261, 19, 238, 91, 279]"
115344,"[60, 130, 151, 105, 157, 77, 25, 19, 5, 97]"
115345,"[27, 142, 21, 66, 19, 30, 92, 5, 6, 175]"
115346,"[97, 19, 0, 60, 121, 105, 5, 82, 6, 18]"
115347,"[220, 261, 32, 43, 2, 279, 19, 103, 5, 23]"
115348,"[90, 43, 19, 60, 14, 20, 64, 261, 23, 279]"
115349,"[157, 72, 10, 55, 5, 19, 71, 76, 21, 138]"
115350,"[122, 26, 77, 34, 5, 121, 19, 71, 220, 10]"
115351,"[5, 19, 261, 112, 2, 60, 54, 43, 92, 279]"
115352,"[92, 133, 6, 175, 49, 151, 66, 19, 189, 77]"
115353,"[48, 7, 175, 6, 19, 60, 9, 279, 55, 2]"
115354,"[187, 21, 5, 19, 43, 14, 3, 103, 279, 82]"
115355,"[84, 82, 60, 90, 19, 0, 105, 223, 15, 13]"
115356,"[20, 103, 36, 261, 2, 92, 149, 19, 64, 32]"
115357,"[44, 7, 175, 48, 6, 261, 30, 9, 32, 92]"
115358,"[7, 92, 5, 175, 55, 19, 48, 71, 14, 43]"
115359,"[19, 5, 60, 51, 261, 279, 55, 223, 91, 157]"
115360,"[45, 261, 66, 5, 54, 19, 71, 32, 279, 146]"
115361,"[220, 261, 43, 19, 103, 5, 32, 66, 238, 42]"
115362,"[24, 4, 28, 19, 60, 36, 49, 23, 5, 51]"
115363,"[26, 34, 77, 10, 49, 5, 122, 71, 92, 6]"
115364,"[21, 187, 19, 3, 14, 5, 82, 30, 36, 27]"
115365,"[18, 0, 90, 72, 60, 97, 10, 5, 91, 82]"
115366,"[48, 7, 175, 55, 6, 19, 2, 10, 58, 51]"
115367,"[151, 19, 5, 60, 130, 55, 17, 73, 51, 261]"
115368,"[21, 5, 3, 82, 223, 146, 187, 72, 19, 189]"
115369,"[103, 261, 19, 5, 2, 7, 73, 223, 54, 279]"
115370,"[45, 66, 27, 261, 71, 5, 238, 73, 51, 142]"
115371,"[5, 19, 73, 55, 2, 223, 130, 21, 238, 17]"
115372,"[17, 73, 2, 54, 19, 5, 279, 223, 142, 32]"
115373,"[15, 82, 84, 19, 91, 18, 0, 146, 105, 60]"
115374,"[49, 105, 77, 151, 60, 25, 19, 36, 5, 82]"
115375,"[147, 19, 5, 238, 71, 66, 279, 261, 122, 77]"
115376,"[51, 73, 261, 279, 9, 5, 19, 17, 130, 157]"
115377,"[119, 24, 28, 51, 5, 147, 130, 19, 55, 122]"
115378,"[7, 48, 6, 44, 92, 49, 175, 30, 19, 77]"
115379,"[36, 19, 138, 3, 55, 149, 42, 189, 5, 76]"
115380,"[25, 151, 60, 55, 77, 157, 36, 49, 19, 6]"
115381,"[9, 24, 51, 10, 34, 28, 32, 19, 122, 26]"
115382,"[19, 5, 6, 7, 175, 261, 55, 48, 2, 54]"
115383,"[105, 92, 10, 77, 5, 238, 82, 60, 90, 19]"
115384,"[261, 54, 2, 32, 279, 20, 103, 14, 43, 23]"
115385,"[19, 5, 34, 130, 9, 10, 3, 17, 12, 24]"
115386,"[28, 147, 119, 24, 5, 36, 10, 71, 92, 55]"
115387,"[45, 66, 261, 5, 146, 279, 189, 149, 19, 17]"
115388,"[15, 18, 0, 82, 91, 60, 105, 19, 84, 90]"
115389,"[119, 24, 5, 147, 28, 122, 138, 223, 34, 1]"
115390,"[142, 279, 261, 23, 32, 175, 19, 5, 24, 9]"
115391,"[238, 5, 66, 92, 279, 6, 7, 19, 175, 10]"
115392,"[19, 73, 5, 17, 130, 238, 36, 21, 34, 6]"
115393,"[175, 19, 2, 6, 49, 92, 3, 7, 5, 10]"
115394,"[187, 21, 32, 279, 3, 23, 261, 5, 72, 73]"
115395,"[147, 238, 19, 5, 66, 71, 21, 122, 279, 77]"
115396,"[73, 17, 19, 5, 3, 138, 223, 36, 146, 6]"
115397,"[76, 36, 3, 19, 5, 138, 42, 149, 55, 32]"
115398,"[279, 54, 261, 32, 43, 2, 23, 9, 103, 71]"
115399,"[90, 18, 0, 19, 5, 72, 60, 20, 73, 91]"
115400,"[142, 27, 30, 66, 6, 149, 175, 21, 7, 92]"
115401,"[142, 21, 66, 30, 73, 19, 27, 7, 3, 175]"
115402,"[1, 54, 23, 14, 138, 90, 20, 2, 19, 49]"
115403,"[26, 34, 5, 130, 71, 122, 72, 238, 10, 261]"
115404,"[138, 42, 189, 54, 19, 43, 261, 7, 5, 55]"
115405,"[76, 5, 19, 261, 72, 36, 82, 20, 12, 73]"
115406,"[82, 60, 84, 19, 90, 49, 146, 0, 15, 105]"
115407,"[142, 27, 261, 30, 279, 32, 5, 6, 66, 21]"
115408,"[122, 147, 28, 26, 34, 5, 51, 24, 32, 19]"
115409,"[76, 19, 261, 5, 73, 6, 51, 71, 32, 12]"
115410,"[138, 189, 23, 42, 3, 54, 175, 43, 1, 19]"
115411,"[90, 19, 10, 26, 82, 122, 49, 71, 60, 14]"
115412,"[66, 175, 30, 149, 9, 38, 133, 92, 14, 6]"
115413,"[55, 60, 25, 138, 5, 189, 17, 13, 97, 157]"
115414,"[187, 72, 261, 21, 5, 32, 24, 279, 2, 20]"
115415,"[23, 261, 1, 32, 279, 64, 54, 20, 19, 5]"
115416,"[18, 0, 72, 5, 97, 60, 90, 91, 82, 10]"
115417,"[146, 55, 82, 60, 13, 19, 5, 119, 0, 175]"
115418,"[119, 147, 5, 28, 71, 97, 26, 24, 122, 238]"
115419,"[30, 175, 6, 7, 48, 71, 19, 66, 142, 21]"
115420,"[71, 73, 19, 17, 7, 66, 30, 6, 175, 10]"
115421,"[19, 5, 73, 238, 17, 223, 72, 6, 130, 36]"
115422,"[146, 55, 13, 60, 19, 82, 119, 84, 5, 0]"
115423,"[10, 5, 19, 51, 55, 2, 54, 130, 1, 26]"
115424,"[38, 71, 77, 19, 175, 30, 5, 66, 7, 48]"
115425,"[147, 19, 5, 130, 17, 122, 175, 76, 28, 51]"
115426,"[189, 26, 175, 5, 17, 130, 151, 138, 19, 147]"
115427,"[0, 18, 82, 60, 90, 15, 105, 84, 97, 19]"
115428,"[30, 48, 175, 7, 66, 149, 124, 6, 138, 21]"
115429,"[1, 23, 55, 261, 32, 10, 54, 5, 28, 138]"
115430,"[220, 43, 5, 55, 19, 73, 146, 91, 261, 175]"
115431,"[30, 7, 92, 175, 71, 20, 5, 238, 48, 14]"
115432,"[27, 142, 21, 19, 30, 66, 5, 73, 238, 92]"
115433,"[122, 34, 26, 72, 5, 238, 71, 77, 261, 10]"
115434,"[146, 55, 19, 13, 60, 82, 5, 84, 36, 0]"
115435,"[97, 121, 60, 0, 105, 5, 26, 41, 77, 55]"
115436,"[7, 2, 175, 49, 44, 5, 66, 138, 92, 14]"
115437,"[157, 55, 10, 71, 76, 60, 72, 5, 6, 138]"
115438,"[71, 5, 261, 2, 19, 66, 32, 92, 238, 147]"
115439,"[77, 92, 7, 5, 6, 49, 19, 175, 9, 133]"
115440,"[157, 72, 5, 91, 73, 19, 10, 55, 76, 1]"
115441,"[7, 48, 30, 6, 44, 175, 157, 19, 66, 14]"
115442,"[25, 151, 77, 36, 60, 55, 19, 157, 105, 49]"
115443,"[5, 19, 130, 23, 279, 261, 1, 146, 157, 42]"
115444,"[19, 5, 36, 51, 92, 238, 10, 9, 17, 77]"
115445,"[25, 6, 55, 42, 49, 157, 36, 3, 60, 138]"
115446,"[27, 45, 66, 149, 261, 71, 32, 279, 20, 124]"
115447,"[15, 82, 19, 84, 36, 91, 0, 18, 223, 60]"
115448,"[0, 97, 5, 122, 19, 13, 71, 146, 60, 26]"
115449,"[36, 151, 19, 49, 60, 105, 175, 5, 25, 77]"
115450,"[90, 19, 10, 34, 26, 30, 49, 91, 71, 60]"
115451,"[90, 18, 0, 19, 279, 72, 60, 20, 5, 91]"
115452,"[2, 261, 5, 73, 32, 19, 3, 223, 36, 220]"
115453,"[5, 2, 19, 261, 55, 54, 34, 71, 279, 223]"
115454,"[238, 92, 5, 261, 54, 2, 21, 20, 66, 71]"
115455,"[34, 10, 26, 122, 130, 28, 19, 60, 9, 5]"
115456,"[45, 66, 27, 149, 38, 71, 124, 261, 30, 21]"
115457,"[60, 151, 130, 105, 19, 5, 77, 157, 223, 82]"
115458,"[29, 6, 92, 138, 3, 17, 175, 36, 19, 77]"
115459,"[90, 10, 19, 92, 64, 71, 49, 30, 66, 41]"
115460,"[97, 60, 18, 0, 55, 121, 138, 19, 71, 13]"
115461,"[146, 55, 13, 19, 60, 82, 5, 84, 223, 7]"
115462,"[149, 9, 175, 124, 279, 261, 23, 66, 32, 19]"
115463,"[26, 34, 10, 5, 122, 28, 77, 71, 72, 130]"
115464,"[18, 82, 90, 0, 60, 15, 19, 84, 105, 91]"
115465,"[29, 5, 19, 36, 223, 3, 92, 42, 24, 58]"
115466,"[6, 25, 77, 157, 19, 7, 92, 48, 60, 49]"
115467,"[60, 5, 151, 130, 77, 105, 19, 223, 17, 97]"
115468,"[147, 28, 122, 26, 5, 24, 60, 71, 32, 130]"
115469,"[29, 261, 23, 138, 9, 32, 3, 220, 19, 42]"
115470,"[21, 5, 19, 142, 238, 187, 223, 82, 66, 92]"
115471,"[82, 19, 60, 105, 21, 0, 84, 5, 90, 146]"
115472,"[51, 28, 24, 19, 147, 36, 10, 49, 105, 60]"
115473,"[41, 97, 10, 151, 0, 77, 60, 121, 92, 1]"
115474,"[5, 29, 19, 36, 223, 24, 3, 92, 73, 42]"
115475,"[3, 36, 19, 17, 29, 6, 146, 5, 138, 220]"
115476,"[105, 5, 19, 92, 10, 82, 77, 1, 49, 238]"
115477,"[130, 151, 12, 60, 147, 10, 72, 157, 19, 133]"
115478,"[103, 261, 32, 279, 2, 54, 9, 43, 220, 19]"
115479,"[146, 19, 82, 55, 13, 5, 60, 3, 17, 36]"
115480,"[147, 19, 5, 122, 71, 175, 49, 10, 28, 2]"
115481,"[238, 91, 19, 7, 5, 14, 20, 279, 66, 261]"
115482,"[21, 20, 261, 3, 5, 32, 66, 23, 187, 73]"
115483,"[0, 18, 60, 90, 82, 97, 105, 15, 84, 91]"
115484,"[82, 19, 5, 238, 3, 21, 36, 103, 9, 54]"
115485,"[64, 261, 20, 23, 5, 54, 19, 32, 76, 66]"
115486,"[77, 49, 151, 157, 6, 71, 175, 92, 19, 5]"
115487,"[77, 19, 92, 49, 5, 6, 151, 66, 220, 38]"
115488,"[64, 1, 261, 54, 20, 23, 32, 2, 5, 138]"
115489,"[119, 5, 147, 24, 19, 51, 28, 138, 1, 10]"
115490,"[147, 5, 32, 28, 261, 122, 142, 130, 4, 19]"
115491,"[34, 5, 19, 26, 261, 42, 55, 10, 279, 72]"
115492,"[187, 32, 142, 5, 261, 2, 103, 19, 279, 43]"
115493,"[71, 66, 261, 30, 38, 77, 19, 5, 45, 175]"
115494,"[7, 48, 30, 19, 6, 175, 157, 3, 44, 17]"
115495,"[279, 261, 32, 43, 54, 9, 23, 5, 124, 103]"
115496,"[175, 36, 19, 6, 38, 9, 77, 30, 92, 49]"
115497,"[26, 34, 28, 122, 147, 49, 10, 157, 44, 77]"
115498,"[66, 45, 19, 27, 30, 149, 238, 36, 5, 175]"
115499,"[25, 55, 6, 42, 36, 3, 60, 138, 76, 49]"
115500,"[122, 34, 26, 72, 5, 19, 261, 71, 10, 146]"
115501,"[223, 189, 19, 5, 130, 138, 60, 36, 82, 3]"
115502,"[82, 19, 5, 54, 3, 238, 103, 138, 9, 261]"
115503,"[105, 49, 77, 151, 25, 60, 157, 5, 36, 19]"
115504,"[187, 32, 261, 142, 2, 43, 5, 103, 23, 28]"
115505,"[138, 189, 42, 3, 23, 43, 9, 175, 54, 261]"
115506,"[18, 0, 72, 60, 91, 90, 5, 97, 15, 19]"
115507,"[122, 147, 26, 28, 51, 5, 34, 19, 32, 24]"
115508,"[220, 19, 261, 9, 36, 1, 23, 32, 43, 103]"
115509,"[138, 19, 36, 5, 92, 279, 7, 3, 23, 9]"
115510,"[41, 97, 19, 10, 121, 279, 55, 51, 60, 0]"
115511,"[220, 12, 58, 19, 43, 5, 103, 29, 66, 261]"
115512,"[175, 19, 49, 10, 92, 2, 6, 7, 38, 133]"
115513,"[7, 175, 2, 261, 92, 5, 71, 43, 14, 48]"
115514,"[2, 5, 73, 19, 261, 32, 223, 3, 92, 238]"
115515,"[175, 9, 10, 66, 71, 14, 6, 19, 5, 92]"
115516,"[72, 7, 261, 2, 32, 10, 6, 5, 14, 19]"
115517,"[121, 97, 13, 55, 223, 5, 71, 2, 0, 41]"
115518,"[279, 32, 23, 103, 43, 261, 54, 14, 9, 5]"
115519,"[71, 261, 5, 7, 19, 72, 30, 48, 32, 238]"
115520,"[157, 10, 72, 18, 76, 71, 261, 43, 55, 5]"
115521,"[71, 5, 19, 261, 30, 66, 32, 7, 2, 45]"
115522,"[72, 23, 10, 5, 1, 157, 19, 130, 73, 54]"
115523,"[73, 17, 19, 7, 5, 261, 32, 130, 2, 23]"
115524,"[34, 5, 72, 261, 26, 238, 91, 279, 42, 19]"
115525,"[54, 43, 279, 1, 23, 10, 20, 41, 121, 261]"
115526,"[20, 261, 5, 32, 21, 19, 73, 238, 187, 3]"
115527,"[5, 19, 261, 279, 146, 73, 9, 130, 32, 23]"
115528,"[82, 84, 60, 19, 223, 90, 15, 18, 105, 0]"
115529,"[15, 82, 19, 84, 91, 105, 18, 0, 60, 90]"
115530,"[187, 142, 19, 5, 73, 21, 3, 43, 103, 34]"
115531,"[27, 66, 45, 71, 261, 149, 14, 32, 124, 20]"
115532,"[19, 5, 9, 73, 51, 10, 223, 17, 130, 238]"
115533,"[0, 18, 82, 90, 60, 15, 105, 84, 97, 146]"
115534,"[130, 92, 19, 6, 175, 17, 7, 223, 151, 112]"
115535,"[55, 60, 13, 19, 10, 146, 71, 58, 7, 18]"
115536,"[73, 5, 19, 17, 223, 130, 3, 36, 146, 77]"
115537,"[92, 44, 112, 133, 7, 49, 77, 66, 10, 2]"
115538,"[60, 151, 105, 130, 77, 5, 19, 223, 157, 97]"
115539,"[142, 261, 73, 27, 66, 19, 21, 5, 238, 7]"
115540,"[175, 9, 38, 7, 6, 30, 19, 5, 25, 77]"
115541,"[103, 279, 32, 261, 54, 19, 64, 23, 43, 20]"
115542,"[187, 21, 5, 3, 17, 279, 14, 43, 19, 23]"
115543,"[19, 261, 5, 2, 175, 6, 48, 7, 54, 279]"
115544,"[279, 32, 19, 5, 103, 43, 261, 54, 9, 220]"
115545,"[147, 122, 28, 5, 26, 71, 51, 130, 60, 24]"
115546,"[122, 26, 34, 5, 146, 19, 17, 220, 10, 77]"
115547,"[55, 138, 1, 5, 121, 10, 189, 42, 6, 97]"
115548,"[29, 36, 19, 3, 17, 138, 5, 223, 220, 149]"
115549,"[13, 121, 0, 97, 146, 5, 279, 55, 76, 60]"
115550,"[25, 151, 157, 77, 60, 36, 49, 130, 3, 55]"
115551,"[54, 279, 261, 23, 43, 2, 220, 9, 32, 5]"
115552,"[15, 82, 19, 84, 18, 91, 60, 0, 105, 238]"
115553,"[103, 261, 2, 54, 279, 71, 43, 32, 220, 19]"
115554,"[146, 5, 19, 55, 60, 82, 13, 91, 261, 73]"
115555,"[5, 19, 73, 17, 71, 130, 55, 223, 72, 77]"
115556,"[15, 18, 0, 105, 60, 82, 84, 19, 91, 90]"
115557,"[121, 97, 13, 0, 223, 76, 71, 5, 55, 60]"
115558,"[71, 2, 66, 5, 138, 175, 19, 261, 7, 189]"
115559,"[58, 64, 20, 19, 220, 29, 7, 6, 138, 157]"
115560,"[66, 45, 149, 124, 261, 238, 20, 92, 3, 30]"
115561,"[60, 130, 19, 5, 151, 105, 17, 77, 73, 220]"
115562,"[7, 279, 32, 54, 261, 44, 2, 5, 23, 71]"
115563,"[41, 220, 19, 5, 73, 261, 91, 103, 138, 32]"
115564,"[279, 23, 261, 32, 220, 1, 19, 54, 5, 20]"
115565,"[19, 5, 58, 12, 76, 36, 73, 238, 223, 17]"
115566,"[26, 97, 49, 105, 147, 60, 121, 28, 10, 220]"
115567,"[220, 261, 19, 1, 43, 238, 5, 2, 20, 32]"
115568,"[77, 92, 7, 133, 151, 6, 48, 175, 49, 19]"
115569,"[279, 261, 32, 54, 23, 103, 19, 1, 175, 41]"
115570,"[24, 51, 19, 5, 10, 73, 261, 17, 71, 142]"
115571,"[71, 2, 55, 60, 54, 19, 261, 138, 5, 10]"
115572,"[5, 36, 19, 3, 138, 55, 42, 189, 149, 77]"
115573,"[133, 5, 92, 238, 130, 19, 26, 21, 175, 66]"
115574,"[55, 138, 23, 1, 189, 42, 97, 121, 10, 5]"
115575,"[1, 64, 23, 54, 20, 261, 220, 5, 19, 238]"
115576,"[21, 261, 20, 23, 32, 187, 66, 146, 3, 5]"
115577,"[130, 92, 223, 19, 142, 44, 238, 279, 175, 112]"
115578,"[32, 261, 279, 238, 220, 103, 5, 55, 42, 73]"
115579,"[17, 19, 3, 73, 223, 5, 36, 7, 138, 4]"
115580,"[19, 60, 147, 261, 76, 5, 23, 51, 28, 71]"
115581,"[1, 23, 28, 55, 5, 19, 36, 138, 49, 149]"
115582,"[64, 261, 1, 54, 23, 32, 2, 20, 103, 220]"
115583,"[261, 32, 103, 279, 5, 19, 54, 23, 142, 73]"
115584,"[28, 147, 23, 32, 122, 76, 4, 261, 1, 130]"
115585,"[5, 112, 2, 19, 60, 10, 261, 92, 36, 54]"
115586,"[1, 23, 54, 20, 5, 279, 32, 19, 261, 73]"
115587,"[84, 82, 60, 90, 19, 0, 18, 13, 105, 15]"
115588,"[27, 66, 149, 45, 92, 20, 71, 261, 124, 14]"
115589,"[238, 5, 19, 20, 54, 92, 66, 32, 72, 36]"
115590,"[49, 6, 105, 92, 77, 48, 7, 175, 19, 25]"
115591,"[30, 175, 19, 5, 261, 77, 3, 149, 21, 146]"
115592,"[105, 151, 60, 82, 77, 157, 19, 0, 91, 5]"
115593,"[1, 54, 23, 279, 43, 103, 121, 32, 20, 10]"
115594,"[17, 19, 32, 5, 73, 42, 261, 130, 7, 23]"
115595,"[45, 66, 261, 149, 27, 5, 138, 58, 55, 71]"
115596,"[48, 7, 19, 2, 6, 175, 55, 261, 10, 71]"
115597,"[151, 77, 7, 9, 38, 48, 25, 121, 43, 157]"
115598,"[187, 261, 5, 21, 72, 23, 2, 3, 32, 19]"
115599,"[18, 0, 90, 5, 97, 82, 105, 72, 15, 10]"
115600,"[41, 220, 19, 73, 3, 5, 42, 6, 91, 82]"
115601,"[45, 66, 38, 149, 77, 71, 27, 49, 92, 124]"
115602,"[27, 142, 21, 66, 19, 30, 73, 2, 261, 92]"
115603,"[92, 133, 49, 44, 112, 19, 7, 130, 77, 238]"
115604,"[133, 92, 175, 49, 44, 147, 130, 28, 6, 9]"
115605,"[36, 138, 3, 189, 42, 19, 149, 29, 76, 1]"
115606,"[24, 36, 19, 4, 5, 60, 29, 92, 51, 9]"
115607,"[20, 1, 54, 14, 279, 5, 19, 261, 238, 73]"
115608,"[55, 138, 189, 6, 1, 5, 3, 36, 97, 121]"
115609,"[279, 261, 43, 23, 138, 54, 60, 2, 76, 32]"
115610,"[84, 60, 82, 19, 90, 13, 43, 55, 223, 54]"
115611,"[175, 9, 19, 5, 2, 6, 71, 7, 10, 66]"
115612,"[175, 6, 7, 189, 19, 49, 66, 38, 133, 10]"
115613,"[15, 82, 19, 60, 18, 84, 91, 0, 223, 138]"
115614,"[42, 36, 1, 23, 138, 5, 92, 189, 54, 157]"
115615,"[19, 175, 7, 103, 9, 23, 261, 17, 43, 5]"
115616,"[130, 151, 19, 10, 51, 147, 12, 91, 60, 17]"
115617,"[26, 34, 5, 10, 238, 71, 77, 72, 28, 122]"
115618,"[151, 19, 77, 5, 60, 55, 92, 21, 157, 13]"
115619,"[20, 1, 54, 279, 14, 64, 5, 23, 19, 238]"
115620,"[238, 5, 19, 73, 261, 54, 92, 36, 66, 142]"
115621,"[17, 73, 19, 7, 5, 23, 130, 3, 12, 261]"
115622,"[44, 6, 48, 7, 279, 25, 133, 92, 157, 32]"
115623,"[66, 20, 5, 19, 175, 30, 261, 73, 21, 238]"
115624,"[24, 5, 19, 51, 17, 73, 10, 261, 34, 72]"
115625,"[189, 23, 5, 130, 17, 138, 60, 7, 175, 223]"
115626,"[175, 66, 9, 30, 71, 261, 5, 77, 26, 92]"
115627,"[112, 157, 6, 10, 19, 92, 5, 105, 279, 133]"
115628,"[36, 3, 55, 42, 138, 92, 19, 29, 149, 5]"
115629,"[73, 17, 19, 5, 130, 10, 261, 51, 142, 72]"
115630,"[223, 19, 92, 130, 5, 60, 12, 82, 90, 29]"
115631,"[55, 138, 3, 10, 1, 2, 42, 6, 97, 5]"
115632,"[2, 5, 71, 261, 66, 48, 175, 92, 7, 6]"
115633,"[82, 105, 157, 60, 151, 19, 77, 91, 0, 36]"
115634,"[5, 19, 73, 223, 3, 36, 51, 130, 9, 17]"
115635,"[29, 36, 24, 92, 19, 5, 3, 28, 9, 49]"
115636,"[28, 1, 9, 24, 36, 103, 238, 19, 92, 147]"
115637,"[13, 146, 19, 7, 5, 55, 261, 17, 20, 0]"
115638,"[189, 19, 138, 5, 223, 175, 146, 7, 4, 72]"
115639,"[60, 5, 19, 105, 55, 18, 97, 261, 0, 82]"
115640,"[146, 73, 5, 19, 6, 13, 130, 26, 122, 17]"
115641,"[32, 261, 5, 279, 17, 2, 14, 19, 72, 73]"
115642,"[20, 1, 54, 279, 5, 73, 14, 19, 23, 261]"
115643,"[28, 34, 32, 24, 279, 9, 103, 26, 5, 238]"
115644,"[279, 32, 261, 103, 43, 5, 9, 19, 54, 124]"
115645,"[26, 34, 122, 28, 49, 147, 157, 10, 5, 130]"
115646,"[157, 10, 55, 71, 41, 60, 97, 76, 138, 6]"
115647,"[0, 71, 5, 55, 121, 97, 76, 13, 60, 19]"
115648,"[1, 55, 138, 23, 19, 5, 10, 261, 149, 36]"
115649,"[91, 19, 238, 92, 5, 55, 72, 77, 261, 73]"
115650,"[15, 18, 0, 82, 91, 84, 19, 60, 105, 90]"
115651,"[51, 73, 9, 5, 19, 10, 34, 261, 130, 157]"
115652,"[18, 0, 60, 72, 97, 15, 91, 5, 90, 105]"
115653,"[10, 34, 5, 77, 130, 51, 26, 19, 60, 72]"
115654,"[5, 19, 34, 73, 2, 10, 55, 130, 71, 77]"
115655,"[90, 18, 10, 60, 19, 71, 5, 43, 279, 0]"
115656,"[49, 6, 92, 105, 48, 77, 7, 25, 19, 151]"
115657,"[25, 6, 55, 36, 42, 49, 77, 157, 60, 261]"
115658,"[25, 6, 55, 36, 49, 77, 42, 92, 157, 105]"
115659,"[119, 147, 5, 26, 97, 24, 28, 138, 122, 55]"
115660,"[60, 84, 5, 157, 25, 19, 77, 42, 55, 76]"
115661,"[17, 19, 3, 4, 23, 7, 261, 5, 73, 29]"
115662,"[121, 175, 19, 133, 279, 157, 10, 151, 5, 92]"
115663,"[29, 261, 138, 6, 17, 220, 19, 23, 4, 9]"
115664,"[138, 19, 92, 55, 36, 7, 21, 6, 189, 82]"
115665,"[36, 19, 4, 5, 24, 17, 29, 51, 238, 223]"
115666,"[92, 133, 175, 151, 77, 6, 49, 19, 44, 130]"
115667,"[175, 66, 20, 73, 32, 30, 261, 3, 149, 9]"
115668,"[36, 19, 5, 51, 92, 138, 223, 105, 29, 49]"
115669,"[130, 26, 5, 10, 34, 28, 122, 19, 60, 151]"
115670,"[66, 45, 38, 27, 149, 71, 261, 19, 238, 77]"
115671,"[5, 261, 32, 23, 279, 19, 2, 60, 20, 122]"
115672,"[157, 5, 7, 76, 19, 42, 54, 279, 238, 6]"
115673,"[147, 5, 19, 71, 238, 261, 51, 122, 66, 72]"
115674,"[157, 151, 25, 60, 6, 77, 26, 49, 105, 19]"
115675,"[130, 5, 19, 26, 17, 34, 73, 122, 151, 223]"
115676,"[20, 2, 261, 66, 238, 71, 103, 14, 64, 21]"
115677,"[72, 7, 261, 17, 2, 14, 23, 32, 5, 279]"
115678,"[19, 5, 30, 223, 261, 36, 60, 32, 3, 20]"
115679,"[5, 19, 77, 261, 60, 55, 279, 76, 71, 92]"
115680,"[84, 60, 5, 157, 55, 25, 13, 19, 279, 34]"
115681,"[261, 32, 20, 23, 279, 54, 14, 103, 2, 19]"
115682,"[18, 0, 72, 5, 90, 91, 15, 19, 60, 82]"
115683,"[91, 92, 19, 18, 72, 90, 238, 146, 77, 55]"
115684,"[238, 19, 5, 66, 92, 21, 54, 72, 71, 20]"
115685,"[133, 5, 92, 26, 130, 175, 238, 2, 23, 122]"
115686,"[42, 36, 1, 23, 92, 5, 157, 138, 133, 54]"
115687,"[187, 21, 5, 19, 261, 43, 14, 279, 103, 32]"
115688,"[97, 18, 121, 0, 105, 60, 90, 119, 138, 189]"
115689,"[238, 66, 7, 14, 279, 261, 54, 91, 19, 20]"
115690,"[27, 66, 45, 149, 92, 71, 20, 261, 124, 238]"
115691,"[103, 32, 279, 261, 43, 54, 34, 5, 9, 2]"
115692,"[36, 12, 76, 220, 3, 19, 77, 189, 5, 42]"
115693,"[36, 19, 5, 77, 220, 76, 12, 103, 82, 130]"
115694,"[15, 82, 19, 91, 84, 60, 36, 223, 0, 18]"
115695,"[175, 30, 36, 38, 19, 77, 9, 92, 5, 6]"
115696,"[32, 261, 103, 220, 42, 279, 23, 5, 2, 133]"
115697,"[187, 142, 19, 5, 2, 238, 261, 21, 34, 55]"
115698,"[23, 279, 10, 175, 1, 133, 157, 112, 238, 92]"
115699,"[220, 261, 2, 32, 19, 5, 43, 29, 103, 9]"
115700,"[119, 24, 5, 147, 28, 122, 223, 26, 71, 51]"
115701,"[21, 187, 14, 3, 19, 24, 261, 5, 32, 27]"
115702,"[26, 77, 5, 34, 19, 60, 76, 13, 122, 261]"
115703,"[7, 261, 48, 44, 6, 175, 19, 279, 43, 32]"
115704,"[175, 19, 5, 7, 23, 9, 6, 279, 1, 3]"
115705,"[60, 28, 122, 12, 51, 41, 24, 147, 97, 19]"
115706,"[13, 146, 55, 5, 71, 19, 34, 58, 6, 279]"
115707,"[24, 60, 4, 19, 5, 36, 29, 51, 223, 9]"
115708,"[72, 19, 34, 5, 238, 43, 36, 17, 20, 189]"
115709,"[223, 5, 19, 175, 261, 17, 138, 1, 7, 21]"
115710,"[130, 19, 5, 151, 60, 91, 73, 223, 72, 12]"
115711,"[54, 279, 23, 261, 220, 32, 43, 5, 9, 1]"
115712,"[119, 28, 5, 147, 24, 34, 71, 55, 122, 279]"
115713,"[43, 220, 5, 19, 36, 138, 103, 55, 7, 189]"
115714,"[76, 36, 3, 149, 5, 42, 138, 19, 189, 55]"
115715,"[130, 19, 60, 151, 10, 223, 51, 147, 92, 6]"
115716,"[25, 6, 42, 157, 36, 55, 49, 3, 77, 149]"
115717,"[4, 5, 261, 279, 23, 60, 32, 9, 19, 2]"
115718,"[13, 121, 97, 0, 146, 55, 5, 76, 261, 60]"
115719,"[223, 189, 19, 5, 82, 238, 36, 64, 92, 130]"
115720,"[27, 142, 21, 66, 73, 30, 5, 19, 261, 3]"
115721,"[157, 151, 25, 77, 60, 6, 19, 49, 105, 130]"
115722,"[20, 2, 261, 238, 66, 5, 71, 7, 54, 73]"
115723,"[10, 5, 19, 130, 51, 72, 279, 34, 12, 238]"
115724,"[66, 175, 92, 6, 77, 30, 149, 19, 9, 21]"
115725,"[84, 82, 60, 90, 19, 0, 105, 15, 13, 223]"
115726,"[82, 84, 60, 19, 90, 223, 15, 18, 105, 0]"
115727,"[119, 5, 28, 24, 147, 55, 26, 138, 1, 97]"
115728,"[119, 147, 5, 28, 1, 10, 122, 24, 26, 138]"
115729,"[157, 72, 76, 10, 5, 73, 26, 97, 41, 91]"
115730,"[119, 5, 147, 24, 51, 55, 138, 19, 71, 10]"
115731,"[82, 19, 60, 5, 146, 105, 84, 0, 49, 17]"
115732,"[77, 49, 92, 5, 71, 9, 38, 261, 6, 26]"
115733,"[49, 105, 25, 60, 77, 151, 157, 5, 19, 36]"
115734,"[187, 142, 28, 21, 34, 103, 26, 2, 3, 138]"
115735,"[72, 261, 7, 2, 23, 32, 122, 71, 5, 19]"
115736,"[55, 5, 121, 189, 138, 42, 97, 10, 6, 1]"
115737,"[41, 97, 10, 0, 151, 19, 121, 157, 1, 24]"
115738,"[133, 92, 175, 49, 44, 9, 147, 28, 6, 130]"
115739,"[77, 7, 92, 5, 19, 6, 9, 175, 223, 238]"
115740,"[261, 279, 32, 5, 19, 54, 23, 51, 1, 9]"
115741,"[112, 5, 27, 279, 19, 9, 261, 223, 51, 71]"
115742,"[175, 9, 71, 6, 2, 10, 48, 25, 55, 77]"
115743,"[73, 19, 5, 72, 130, 71, 261, 238, 189, 138]"
115744,"[84, 5, 58, 43, 19, 7, 138, 279, 223, 54]"
115745,"[42, 23, 1, 279, 54, 32, 5, 76, 261, 55]"
115746,"[72, 7, 261, 32, 2, 279, 14, 238, 142, 48]"
115747,"[54, 279, 19, 1, 23, 261, 5, 32, 92, 2]"
115748,"[77, 49, 19, 5, 92, 36, 6, 105, 175, 38]"
115749,"[261, 32, 103, 5, 20, 220, 54, 14, 2, 72]"
115750,"[175, 124, 71, 149, 261, 2, 30, 279, 14, 9]"
115751,"[279, 32, 19, 5, 261, 54, 103, 9, 23, 73]"
115752,"[92, 6, 7, 49, 77, 48, 19, 66, 175, 36]"
115753,"[1, 23, 20, 54, 72, 5, 14, 261, 32, 19]"
115754,"[25, 151, 77, 157, 60, 36, 49, 3, 105, 55]"
115755,"[3, 73, 19, 17, 175, 5, 142, 261, 32, 9]"
115756,"[279, 261, 32, 23, 19, 1, 5, 54, 20, 220]"
115757,"[5, 19, 34, 223, 261, 130, 72, 238, 73, 49]"
115758,"[32, 103, 261, 279, 43, 2, 54, 23, 9, 19]"
115759,"[13, 146, 5, 19, 7, 0, 121, 261, 55, 72]"
115760,"[49, 6, 220, 175, 71, 26, 66, 10, 261, 2]"
115761,"[5, 112, 19, 279, 261, 6, 7, 92, 54, 238]"
115762,"[55, 25, 60, 5, 77, 151, 157, 138, 36, 105]"
115763,"[19, 5, 3, 36, 130, 34, 73, 223, 17, 82]"
115764,"[3, 36, 19, 42, 29, 5, 73, 32, 17, 261]"
115765,"[51, 10, 55, 41, 34, 71, 26, 2, 49, 5]"
115766,"[60, 105, 151, 77, 130, 19, 5, 157, 223, 25]"
115767,"[146, 13, 55, 19, 82, 60, 138, 58, 5, 119]"
115768,"[72, 34, 5, 36, 189, 19, 10, 26, 3, 73]"
115769,"[189, 5, 223, 175, 146, 19, 138, 82, 71, 279]"
115770,"[157, 151, 77, 25, 6, 60, 105, 19, 5, 49]"
115771,"[21, 187, 2, 43, 66, 261, 19, 10, 71, 55]"
115772,"[220, 261, 238, 43, 1, 19, 103, 20, 5, 9]"
115773,"[34, 5, 261, 19, 55, 72, 279, 238, 9, 54]"
115774,"[32, 261, 279, 220, 238, 23, 54, 5, 103, 14]"
115775,"[97, 60, 121, 5, 18, 0, 19, 55, 138, 13]"
115776,"[84, 82, 60, 90, 19, 105, 0, 223, 43, 15]"
115777,"[49, 105, 151, 77, 60, 25, 26, 71, 97, 10]"
115778,"[90, 18, 0, 19, 60, 10, 43, 82, 72, 66]"
115779,"[71, 5, 2, 261, 24, 175, 64, 32, 147, 20]"
115780,"[14, 261, 23, 32, 5, 19, 279, 1, 20, 72]"
115781,"[18, 0, 72, 10, 97, 5, 60, 49, 90, 82]"
115782,"[49, 105, 5, 77, 82, 19, 60, 25, 6, 92]"
115783,"[119, 24, 28, 147, 5, 51, 130, 122, 4, 223]"
115784,"[130, 151, 19, 91, 51, 5, 60, 12, 73, 10]"
115785,"[92, 133, 49, 44, 77, 112, 130, 19, 6, 10]"
115786,"[73, 17, 19, 5, 3, 10, 72, 261, 6, 1]"
115787,"[73, 5, 17, 19, 223, 130, 3, 146, 72, 77]"
115788,"[279, 5, 44, 54, 32, 19, 261, 103, 157, 133]"
115789,"[49, 105, 60, 151, 77, 25, 5, 19, 157, 26]"
115790,"[76, 5, 19, 32, 261, 12, 73, 20, 36, 72]"
115791,"[77, 49, 5, 19, 92, 105, 38, 7, 36, 17]"
115792,"[238, 5, 19, 72, 92, 20, 36, 220, 130, 66]"
115793,"[279, 2, 261, 23, 19, 32, 103, 138, 58, 54]"
115794,"[26, 34, 5, 122, 10, 71, 130, 28, 49, 72]"
115795,"[119, 24, 5, 51, 28, 19, 147, 36, 223, 130]"
115796,"[72, 36, 34, 19, 10, 5, 238, 189, 43, 21]"
115797,"[43, 103, 19, 12, 7, 5, 220, 279, 138, 34]"
115798,"[119, 5, 147, 51, 71, 55, 261, 34, 122, 97]"
115799,"[142, 279, 19, 261, 5, 14, 43, 175, 23, 187]"
115800,"[77, 151, 157, 49, 25, 60, 6, 105, 38, 48]"
115801,"[19, 5, 58, 36, 12, 223, 238, 92, 29, 73]"
115802,"[105, 5, 19, 92, 60, 82, 77, 10, 238, 49]"
115803,"[105, 5, 10, 49, 19, 1, 92, 82, 60, 77]"
115804,"[279, 238, 23, 261, 32, 10, 112, 54, 92, 66]"
115805,"[49, 48, 7, 6, 77, 105, 92, 25, 9, 44]"
115806,"[97, 60, 55, 13, 2, 19, 43, 5, 121, 34]"
115807,"[7, 48, 6, 261, 19, 175, 71, 30, 142, 9]"
115808,"[187, 21, 261, 23, 32, 138, 2, 54, 43, 142]"
115809,"[187, 21, 43, 279, 261, 2, 66, 71, 72, 32]"
115810,"[20, 2, 66, 261, 71, 238, 103, 21, 54, 7]"
115811,"[19, 6, 5, 10, 60, 261, 77, 71, 66, 51]"
115812,"[157, 10, 19, 6, 77, 5, 54, 261, 7, 21]"
115813,"[157, 76, 19, 189, 73, 23, 51, 138, 151, 1]"
115814,"[43, 220, 103, 261, 5, 55, 187, 23, 60, 19]"
115815,"[103, 238, 20, 5, 19, 220, 261, 6, 32, 279]"
115816,"[28, 1, 9, 10, 103, 36, 24, 32, 51, 49]"
115817,"[5, 19, 34, 77, 261, 223, 238, 72, 26, 20]"
115818,"[149, 66, 124, 30, 9, 279, 238, 5, 261, 175]"
115819,"[18, 82, 0, 90, 19, 15, 60, 146, 105, 5]"
115820,"[238, 5, 92, 279, 27, 66, 6, 175, 91, 21]"
115821,"[51, 10, 34, 5, 55, 24, 19, 279, 28, 122]"
115822,"[51, 19, 5, 73, 261, 130, 9, 10, 279, 60]"
115823,"[90, 18, 0, 60, 20, 19, 43, 72, 279, 10]"
115824,"[92, 133, 175, 151, 130, 6, 44, 49, 19, 77]"
115825,"[5, 19, 34, 261, 2, 72, 238, 223, 71, 26]"
115826,"[41, 32, 0, 261, 19, 10, 5, 71, 97, 147]"
115827,"[48, 7, 6, 261, 49, 5, 175, 2, 30, 142]"
115828,"[32, 261, 5, 103, 19, 220, 238, 42, 279, 73]"
115829,"[51, 24, 28, 10, 19, 60, 55, 49, 147, 41]"
115830,"[261, 23, 279, 54, 64, 32, 55, 20, 43, 1]"
115831,"[220, 261, 9, 19, 279, 103, 32, 43, 6, 54]"
115832,"[38, 30, 71, 175, 19, 7, 77, 66, 25, 5]"
115833,"[92, 133, 175, 49, 6, 151, 10, 2, 19, 130]"
115834,"[19, 5, 36, 9, 73, 17, 51, 34, 3, 223]"
115835,"[17, 73, 19, 7, 3, 223, 12, 72, 23, 76]"
115836,"[60, 130, 151, 17, 19, 105, 5, 73, 77, 55]"
115837,"[20, 1, 54, 14, 279, 23, 64, 5, 73, 261]"
115838,"[175, 6, 19, 48, 7, 10, 5, 103, 2, 279]"
115839,"[82, 105, 19, 60, 84, 90, 0, 5, 146, 15]"
115840,"[105, 151, 82, 60, 19, 77, 5, 91, 36, 18]"
115841,"[26, 34, 122, 49, 28, 10, 5, 147, 71, 77]"
115842,"[60, 122, 24, 19, 51, 121, 28, 55, 97, 5]"
115843,"[60, 151, 130, 105, 77, 19, 5, 25, 157, 97]"
115844,"[45, 66, 149, 27, 38, 71, 77, 124, 19, 2]"
115845,"[29, 24, 3, 36, 19, 4, 138, 42, 5, 17]"
115846,"[76, 19, 55, 54, 12, 121, 5, 279, 261, 7]"
115847,"[20, 1, 279, 14, 54, 23, 5, 64, 261, 32]"
115848,"[97, 0, 121, 60, 18, 41, 23, 105, 25, 138]"
115849,"[3, 73, 19, 5, 30, 21, 17, 175, 14, 149]"
115850,"[27, 142, 21, 19, 30, 5, 238, 66, 73, 92]"
115851,"[146, 13, 66, 19, 5, 189, 55, 0, 6, 261]"
115852,"[238, 261, 5, 32, 20, 279, 19, 66, 14, 54]"
115853,"[91, 90, 15, 18, 19, 92, 175, 14, 55, 30]"
115854,"[97, 19, 5, 0, 121, 76, 60, 146, 13, 122]"
115855,"[122, 34, 26, 5, 72, 146, 19, 130, 30, 238]"
115856,"[29, 36, 3, 24, 19, 9, 17, 92, 5, 238]"
115857,"[112, 5, 92, 29, 6, 19, 223, 30, 36, 9]"
115858,"[223, 130, 19, 60, 92, 82, 5, 12, 90, 17]"
115859,"[17, 73, 19, 7, 32, 5, 261, 279, 54, 130]"
115860,"[157, 76, 36, 19, 189, 73, 138, 5, 1, 3]"
115861,"[18, 90, 82, 0, 60, 19, 15, 105, 84, 92]"
115862,"[10, 5, 19, 2, 41, 51, 54, 121, 1, 55]"
115863,"[36, 3, 149, 138, 55, 42, 29, 19, 92, 24]"
115864,"[27, 142, 21, 30, 19, 5, 66, 73, 238, 261]"
115865,"[5, 19, 4, 223, 24, 7, 17, 238, 29, 66]"
115866,"[92, 133, 175, 19, 6, 77, 151, 66, 49, 44]"
115867,"[279, 23, 19, 261, 43, 54, 60, 32, 1, 7]"
115868,"[10, 279, 5, 51, 34, 261, 71, 121, 54, 9]"
115869,"[2, 261, 5, 32, 19, 54, 238, 73, 220, 223]"
115870,"[66, 175, 30, 92, 6, 149, 77, 9, 21, 7]"
115871,"[19, 5, 9, 36, 34, 10, 73, 238, 17, 51]"
115872,"[73, 17, 19, 51, 5, 10, 130, 91, 72, 261]"
115873,"[157, 19, 76, 5, 51, 36, 73, 7, 223, 189]"
115874,"[44, 7, 92, 48, 175, 133, 6, 30, 38, 49]"
115875,"[7, 48, 6, 44, 261, 19, 138, 175, 49, 238]"
115876,"[72, 5, 19, 1, 36, 77, 23, 238, 10, 76]"
115877,"[77, 5, 34, 26, 19, 76, 130, 105, 122, 151]"
115878,"[20, 261, 103, 2, 32, 5, 220, 238, 34, 72]"
115879,"[6, 7, 48, 44, 25, 92, 66, 157, 175, 9]"
115880,"[44, 7, 48, 175, 92, 19, 6, 261, 38, 30]"
115881,"[5, 261, 4, 19, 2, 60, 23, 7, 279, 43]"
115882,"[157, 77, 25, 6, 151, 60, 19, 36, 105, 49]"
115883,"[7, 48, 261, 44, 6, 43, 138, 55, 279, 2]"
115884,"[23, 1, 32, 54, 279, 261, 42, 5, 55, 20]"
115885,"[71, 19, 5, 7, 73, 238, 38, 77, 17, 20]"
115886,"[51, 73, 261, 10, 55, 9, 60, 32, 71, 279]"
115887,"[64, 1, 261, 23, 54, 138, 90, 20, 19, 279]"
115888,"[36, 76, 220, 43, 77, 19, 60, 5, 12, 261]"
115889,"[103, 261, 19, 54, 5, 2, 279, 32, 9, 223]"
115890,"[124, 149, 66, 138, 3, 36, 30, 42, 45, 92]"
115891,"[3, 19, 73, 5, 91, 175, 17, 30, 142, 223]"
115892,"[17, 19, 73, 7, 3, 12, 4, 23, 60, 2]"
115893,"[44, 7, 92, 175, 6, 48, 261, 133, 32, 38]"
115894,"[220, 261, 5, 9, 66, 71, 77, 6, 19, 238]"
115895,"[77, 5, 19, 49, 92, 6, 7, 261, 223, 36]"
115896,"[90, 10, 18, 19, 60, 0, 91, 71, 49, 1]"
115897,"[189, 19, 138, 5, 66, 175, 72, 7, 14, 43]"
115898,"[6, 7, 44, 48, 25, 261, 9, 175, 157, 49]"
115899,"[19, 5, 175, 7, 30, 6, 48, 261, 92, 2]"
115900,"[279, 261, 103, 32, 23, 5, 54, 43, 19, 220]"
115901,"[122, 34, 26, 72, 5, 238, 261, 77, 71, 30]"
115902,"[149, 66, 9, 71, 261, 175, 124, 2, 5, 19]"
115903,"[20, 2, 261, 66, 103, 64, 238, 14, 71, 279]"
115904,"[157, 10, 189, 76, 51, 36, 138, 19, 175, 41]"
115905,"[157, 54, 23, 76, 19, 261, 5, 10, 7, 55]"
115906,"[43, 19, 261, 5, 220, 7, 2, 9, 6, 103]"
115907,"[5, 112, 157, 279, 19, 17, 261, 7, 23, 72]"
115908,"[20, 19, 5, 220, 90, 261, 6, 64, 157, 7]"
115909,"[5, 2, 55, 19, 34, 54, 10, 71, 261, 223]"
115910,"[17, 73, 19, 279, 7, 5, 2, 261, 130, 32]"
115911,"[28, 147, 119, 24, 5, 122, 26, 130, 60, 71]"
115912,"[45, 66, 71, 38, 27, 149, 77, 261, 124, 19]"
115913,"[220, 261, 19, 1, 238, 43, 20, 5, 66, 32]"
115914,"[6, 25, 77, 157, 92, 19, 44, 105, 49, 30]"
115915,"[66, 45, 5, 19, 261, 149, 238, 175, 17, 34]"
115916,"[133, 92, 175, 49, 44, 9, 147, 28, 130, 77]"
115917,"[77, 49, 5, 19, 175, 7, 92, 6, 26, 17]"
115918,"[36, 55, 92, 138, 3, 19, 21, 149, 77, 71]"
115919,"[71, 30, 38, 66, 19, 5, 175, 7, 261, 36]"
115920,"[142, 73, 27, 261, 238, 279, 21, 72, 71, 66]"
115921,"[19, 82, 60, 5, 105, 84, 130, 90, 91, 223]"
115922,"[223, 3, 5, 19, 36, 29, 51, 73, 17, 130]"
115923,"[3, 19, 82, 5, 146, 14, 21, 175, 72, 138]"
115924,"[36, 138, 149, 3, 189, 19, 24, 55, 42, 76]"
115925,"[122, 34, 26, 5, 72, 261, 146, 32, 19, 130]"
115926,"[82, 19, 60, 105, 84, 5, 0, 90, 146, 18]"
115927,"[84, 7, 5, 19, 103, 138, 43, 220, 20, 9]"
115928,"[73, 5, 17, 19, 10, 55, 223, 146, 130, 3]"
115929,"[77, 157, 151, 49, 25, 6, 19, 5, 60, 7]"
115930,"[19, 5, 36, 12, 6, 17, 3, 76, 58, 146]"
115931,"[6, 7, 48, 19, 25, 157, 44, 55, 175, 30]"
115932,"[5, 10, 279, 19, 261, 54, 34, 72, 51, 55]"
115933,"[130, 19, 151, 17, 60, 12, 5, 10, 92, 223]"
115934,"[6, 7, 44, 48, 157, 25, 92, 30, 175, 19]"
115935,"[130, 5, 26, 34, 19, 122, 17, 151, 157, 28]"
115936,"[64, 261, 32, 1, 54, 23, 5, 279, 220, 20]"
115937,"[26, 34, 122, 77, 147, 10, 49, 28, 5, 157]"
115938,"[138, 19, 36, 7, 6, 92, 189, 5, 2, 21]"
115939,"[5, 279, 19, 32, 73, 23, 261, 146, 9, 17]"
115940,"[71, 19, 238, 38, 7, 5, 9, 73, 261, 77]"
115941,"[26, 34, 122, 5, 10, 28, 71, 72, 130, 220]"
115942,"[25, 6, 55, 49, 157, 77, 36, 60, 92, 105]"
115943,"[122, 147, 28, 51, 26, 24, 5, 34, 32, 71]"
115944,"[19, 5, 7, 261, 32, 23, 238, 42, 279, 138]"
115945,"[23, 1, 64, 54, 279, 261, 32, 20, 103, 220]"
115946,"[92, 77, 6, 7, 48, 66, 10, 133, 149, 34]"
115947,"[71, 19, 30, 5, 261, 77, 66, 38, 92, 27]"
115948,"[112, 279, 5, 157, 19, 54, 60, 261, 7, 6]"
115949,"[76, 5, 12, 19, 121, 261, 1, 54, 130, 7]"
115950,"[149, 30, 238, 20, 66, 92, 9, 261, 124, 14]"
115951,"[112, 5, 261, 9, 92, 157, 279, 142, 29, 6]"
115952,"[5, 19, 73, 220, 20, 9, 7, 34, 84, 238]"
115953,"[82, 84, 60, 19, 90, 105, 223, 15, 0, 146]"
115954,"[5, 19, 223, 34, 77, 2, 49, 261, 238, 72]"
115955,"[64, 20, 1, 279, 103, 10, 45, 261, 146, 92]"
115956,"[32, 279, 261, 17, 103, 54, 34, 5, 20, 14]"
115957,"[3, 19, 92, 30, 17, 21, 175, 6, 73, 72]"
115958,"[49, 105, 60, 151, 77, 25, 5, 157, 26, 36]"
115959,"[90, 19, 18, 60, 10, 55, 5, 71, 91, 64]"
115960,"[92, 133, 49, 44, 77, 7, 19, 112, 238, 36]"
115961,"[24, 5, 19, 17, 28, 73, 10, 34, 147, 72]"
115962,"[223, 5, 19, 21, 175, 66, 138, 6, 261, 49]"
115963,"[279, 23, 32, 261, 5, 1, 19, 72, 54, 130]"
115964,"[36, 3, 138, 42, 189, 19, 5, 149, 29, 76]"
115965,"[77, 5, 49, 92, 19, 7, 105, 38, 36, 6]"
115966,"[66, 149, 45, 124, 261, 3, 1, 42, 14, 238]"
115967,"[175, 19, 279, 5, 9, 6, 2, 38, 7, 49]"
115968,"[15, 18, 0, 60, 91, 84, 82, 19, 90, 105]"
115969,"[112, 157, 5, 29, 19, 92, 6, 130, 77, 10]"
115970,"[66, 261, 45, 71, 32, 27, 279, 23, 5, 19]"
115971,"[20, 261, 5, 32, 103, 238, 19, 54, 34, 64]"
115972,"[151, 9, 7, 77, 25, 38, 19, 157, 175, 36]"
115973,"[20, 19, 64, 5, 73, 261, 238, 58, 36, 10]"
115974,"[2, 71, 5, 175, 261, 49, 6, 92, 147, 66]"
115975,"[24, 4, 28, 36, 19, 49, 29, 60, 51, 5]"
115976,"[17, 73, 19, 7, 23, 261, 142, 279, 130, 4]"
115977,"[36, 3, 92, 55, 149, 29, 138, 238, 19, 42]"
115978,"[157, 5, 19, 92, 76, 77, 42, 36, 7, 133]"
115979,"[5, 279, 44, 12, 157, 130, 24, 19, 133, 42]"
115980,"[138, 19, 92, 36, 55, 10, 7, 43, 6, 71]"
115981,"[223, 189, 5, 19, 130, 146, 82, 92, 17, 26]"
115982,"[29, 36, 3, 19, 5, 223, 17, 92, 24, 138]"
115983,"[21, 20, 3, 5, 64, 261, 146, 73, 19, 82]"
115984,"[18, 82, 0, 90, 60, 19, 15, 84, 105, 91]"
115985,"[261, 279, 138, 23, 7, 121, 58, 189, 42, 43]"
115986,"[175, 71, 6, 48, 7, 30, 10, 21, 92, 9]"
115987,"[26, 60, 97, 121, 5, 122, 34, 220, 49, 19]"
115988,"[122, 26, 34, 5, 17, 19, 146, 130, 20, 7]"
115989,"[2, 71, 175, 49, 92, 5, 6, 261, 66, 7]"
115990,"[146, 55, 13, 19, 60, 82, 5, 223, 17, 84]"
115991,"[32, 44, 261, 279, 103, 14, 7, 28, 92, 23]"
115992,"[28, 32, 5, 133, 19, 20, 34, 76, 238, 103]"
115993,"[238, 66, 21, 19, 5, 54, 72, 223, 149, 43]"
115994,"[6, 25, 77, 92, 157, 19, 49, 48, 175, 105]"
115995,"[15, 18, 60, 0, 105, 19, 82, 84, 90, 91]"
115996,"[49, 48, 6, 105, 92, 7, 44, 77, 133, 25]"
115997,"[28, 24, 119, 147, 51, 130, 5, 36, 29, 19]"
115998,"[26, 60, 97, 121, 49, 77, 105, 5, 10, 147]"
115999,"[45, 66, 261, 71, 27, 19, 55, 2, 51, 91]"
116000,"[146, 55, 19, 13, 82, 60, 58, 3, 36, 223]"
116001,"[60, 130, 17, 19, 151, 73, 5, 55, 220, 223]"
116002,"[72, 1, 157, 23, 10, 77, 76, 64, 189, 54]"
116003,"[279, 261, 1, 5, 54, 19, 76, 32, 23, 34]"
116004,"[124, 149, 66, 2, 71, 6, 261, 41, 55, 45]"
116005,"[72, 23, 10, 1, 77, 76, 71, 189, 157, 5]"
116006,"[1, 54, 23, 279, 220, 19, 261, 9, 32, 5]"
116007,"[49, 105, 5, 60, 77, 19, 82, 25, 55, 84]"
116008,"[32, 261, 2, 279, 54, 71, 55, 60, 43, 19]"
116009,"[28, 9, 24, 19, 92, 32, 51, 5, 147, 10]"
116010,"[66, 175, 30, 20, 149, 92, 238, 27, 21, 45]"
116011,"[32, 261, 42, 3, 103, 220, 279, 5, 54, 2]"
116012,"[130, 19, 5, 12, 151, 17, 73, 91, 72, 223]"
116013,"[55, 25, 5, 60, 17, 138, 34, 157, 3, 36]"
116014,"[92, 49, 133, 44, 6, 112, 2, 66, 10, 7]"
116015,"[122, 147, 28, 26, 34, 5, 24, 51, 32, 19]"
116016,"[187, 21, 5, 19, 43, 103, 14, 261, 3, 279]"
116017,"[15, 82, 84, 18, 19, 0, 105, 90, 60, 91]"
116018,"[25, 6, 55, 36, 42, 60, 49, 138, 76, 92]"
116019,"[45, 66, 261, 2, 149, 71, 19, 5, 77, 21]"
116020,"[21, 187, 43, 2, 261, 55, 66, 71, 279, 54]"
116021,"[6, 7, 44, 48, 25, 157, 92, 49, 19, 66]"
116022,"[5, 19, 92, 112, 60, 77, 157, 130, 10, 82]"
116023,"[90, 43, 32, 34, 20, 19, 279, 60, 261, 64]"
116024,"[6, 25, 77, 157, 19, 60, 7, 92, 175, 48]"
116025,"[73, 17, 19, 5, 51, 3, 10, 72, 130, 82]"
116026,"[2, 71, 32, 261, 5, 175, 122, 147, 7, 92]"
116027,"[60, 105, 5, 19, 97, 18, 0, 82, 55, 77]"
116028,"[82, 21, 19, 5, 66, 3, 138, 189, 238, 36]"
116029,"[261, 32, 103, 279, 23, 5, 43, 19, 20, 54]"
116030,"[9, 19, 51, 175, 92, 6, 10, 49, 5, 60]"
116031,"[91, 19, 238, 92, 55, 30, 5, 27, 72, 261]"
116032,"[97, 121, 60, 18, 0, 138, 55, 19, 5, 189]"
116033,"[1, 23, 36, 54, 20, 19, 238, 55, 64, 279]"
116034,"[20, 21, 5, 261, 32, 187, 73, 72, 238, 103]"
116035,"[41, 220, 49, 19, 0, 138, 82, 189, 6, 73]"
116036,"[64, 1, 261, 23, 32, 54, 2, 5, 20, 220]"
116037,"[5, 19, 73, 77, 238, 92, 130, 55, 1, 36]"
116038,"[71, 5, 2, 19, 66, 36, 261, 138, 223, 7]"
116039,"[149, 30, 175, 124, 66, 3, 14, 279, 261, 9]"
116040,"[10, 34, 26, 77, 51, 19, 5, 151, 92, 73]"
116041,"[36, 19, 77, 5, 223, 60, 151, 238, 138, 25]"
116042,"[71, 5, 2, 261, 19, 26, 175, 146, 7, 49]"
116043,"[5, 19, 34, 2, 223, 261, 51, 10, 238, 77]"
116044,"[261, 20, 32, 23, 279, 64, 91, 14, 3, 19]"
116045,"[58, 54, 19, 261, 2, 20, 5, 7, 220, 6]"
116046,"[20, 19, 5, 220, 138, 64, 29, 7, 238, 58]"
116047,"[1, 5, 23, 19, 32, 55, 28, 20, 261, 36]"
116048,"[26, 34, 5, 130, 122, 10, 28, 49, 157, 72]"
116049,"[261, 6, 2, 175, 5, 48, 19, 71, 7, 54]"
116050,"[20, 261, 2, 66, 238, 5, 71, 73, 32, 7]"
116051,"[76, 36, 19, 12, 130, 72, 3, 5, 157, 82]"
116052,"[133, 92, 175, 6, 5, 49, 19, 77, 2, 9]"
116053,"[18, 60, 82, 90, 0, 19, 84, 6, 105, 15]"
116054,"[26, 60, 97, 121, 19, 122, 77, 220, 5, 49]"
116055,"[72, 157, 76, 91, 5, 55, 71, 18, 10, 26]"
116056,"[21, 187, 14, 92, 66, 19, 238, 82, 77, 30]"
116057,"[220, 261, 43, 32, 2, 5, 279, 19, 103, 23]"
116058,"[119, 147, 24, 5, 28, 26, 34, 122, 138, 130]"
116059,"[13, 146, 19, 55, 261, 5, 60, 279, 34, 43]"
116060,"[92, 9, 238, 151, 71, 220, 77, 49, 6, 175]"
116061,"[72, 7, 5, 19, 261, 238, 2, 142, 32, 14]"
116062,"[76, 19, 5, 12, 32, 82, 261, 0, 20, 21]"
116063,"[119, 147, 28, 5, 10, 24, 26, 97, 138, 71]"
116064,"[130, 34, 28, 26, 151, 10, 5, 122, 147, 17]"
116065,"[261, 84, 19, 103, 220, 5, 43, 20, 279, 54]"
116066,"[91, 18, 19, 60, 90, 130, 15, 238, 82, 5]"
116067,"[92, 49, 133, 77, 19, 112, 7, 6, 2, 71]"
116068,"[20, 2, 66, 261, 238, 64, 14, 5, 71, 149]"
116069,"[73, 17, 19, 5, 3, 10, 72, 21, 66, 7]"
116070,"[66, 175, 30, 21, 19, 5, 92, 2, 261, 130]"
116071,"[71, 19, 73, 5, 17, 238, 7, 91, 77, 9]"
116072,"[220, 5, 49, 261, 19, 77, 71, 9, 238, 6]"
116073,"[45, 66, 38, 71, 149, 27, 124, 30, 49, 77]"
116074,"[77, 49, 5, 38, 92, 105, 19, 36, 7, 133]"
116075,"[223, 19, 5, 189, 130, 92, 82, 36, 238, 60]"
116076,"[103, 261, 2, 279, 32, 43, 54, 9, 71, 41]"
116077,"[55, 138, 1, 189, 10, 49, 157, 42, 133, 36]"
116078,"[29, 36, 138, 19, 5, 3, 220, 223, 238, 149]"
116079,"[6, 77, 25, 92, 157, 60, 71, 19, 49, 7]"
116080,"[64, 261, 1, 20, 5, 23, 32, 54, 2, 279]"
116081,"[122, 26, 34, 5, 19, 77, 17, 220, 130, 20]"
116082,"[58, 19, 5, 55, 261, 60, 223, 32, 138, 7]"
116083,"[261, 32, 20, 23, 279, 2, 220, 14, 64, 54]"
116084,"[44, 279, 6, 157, 133, 48, 92, 7, 25, 175]"
116085,"[122, 34, 26, 5, 72, 279, 19, 261, 14, 10]"
116086,"[82, 19, 5, 60, 146, 17, 105, 73, 84, 261]"
116087,"[149, 124, 66, 32, 261, 23, 279, 175, 9, 2]"
116088,"[73, 17, 19, 5, 72, 3, 261, 7, 23, 1]"
116089,"[55, 5, 25, 151, 77, 60, 92, 71, 49, 36]"
116090,"[24, 5, 73, 19, 17, 34, 10, 130, 122, 51]"
116091,"[220, 43, 5, 19, 36, 103, 55, 146, 3, 7]"
116092,"[15, 82, 84, 19, 18, 0, 91, 60, 105, 90]"
116093,"[238, 5, 19, 54, 1, 36, 20, 3, 73, 91]"
116094,"[142, 175, 23, 261, 19, 5, 14, 279, 32, 73]"
116095,"[146, 19, 82, 5, 55, 3, 13, 60, 17, 36]"
116096,"[20, 21, 5, 261, 32, 238, 103, 187, 64, 19]"
116097,"[122, 34, 5, 26, 72, 19, 238, 77, 20, 36]"
116098,"[51, 10, 34, 41, 55, 2, 119, 71, 26, 149]"
116099,"[66, 175, 23, 261, 60, 7, 14, 9, 122, 26]"
116100,"[15, 82, 19, 84, 18, 91, 0, 60, 105, 36]"
116101,"[29, 3, 19, 138, 2, 36, 223, 42, 5, 9]"
116102,"[42, 23, 138, 189, 3, 220, 261, 66, 29, 36]"
116103,"[138, 19, 36, 92, 189, 7, 21, 55, 14, 6]"
116104,"[112, 92, 5, 6, 29, 30, 71, 9, 157, 77]"
116105,"[105, 92, 5, 77, 82, 133, 49, 10, 90, 19]"
116106,"[9, 175, 6, 34, 5, 19, 66, 7, 10, 71]"
116107,"[142, 27, 30, 66, 175, 19, 5, 261, 7, 238]"
116108,"[5, 19, 73, 223, 51, 36, 142, 9, 261, 3]"
116109,"[26, 34, 122, 5, 10, 71, 49, 77, 238, 28]"
116110,"[187, 261, 5, 21, 32, 42, 72, 279, 19, 24]"
116111,"[119, 24, 28, 51, 147, 19, 36, 5, 55, 138]"
116112,"[124, 149, 66, 92, 71, 9, 138, 48, 2, 238]"
116113,"[19, 36, 5, 3, 146, 73, 58, 12, 17, 76]"
116114,"[82, 19, 36, 5, 3, 138, 238, 51, 189, 9]"
116115,"[18, 90, 82, 0, 60, 15, 105, 19, 84, 91]"
116116,"[24, 4, 19, 5, 29, 60, 36, 9, 28, 51]"
116117,"[60, 130, 151, 105, 77, 157, 5, 25, 97, 19]"
116118,"[76, 36, 5, 19, 12, 72, 130, 82, 261, 20]"
116119,"[20, 238, 261, 64, 138, 2, 66, 7, 103, 14]"
116120,"[5, 19, 77, 72, 238, 105, 2, 92, 49, 34]"
116121,"[122, 147, 34, 28, 26, 32, 51, 24, 60, 5]"
116122,"[12, 130, 19, 5, 105, 92, 90, 138, 71, 51]"
116123,"[2, 5, 261, 71, 175, 92, 32, 6, 49, 147]"
116124,"[261, 32, 66, 279, 14, 2, 103, 54, 34, 58]"
116125,"[112, 5, 279, 19, 261, 157, 60, 13, 55, 7]"
116126,"[71, 6, 92, 66, 77, 49, 26, 60, 55, 238]"
116127,"[25, 151, 157, 77, 60, 36, 3, 49, 19, 55]"
116128,"[72, 23, 10, 1, 76, 77, 71, 43, 60, 27]"
116129,"[133, 92, 175, 6, 5, 49, 77, 130, 147, 19]"
116130,"[32, 279, 261, 23, 43, 54, 103, 19, 5, 175]"
116131,"[5, 19, 20, 279, 84, 103, 7, 220, 238, 261]"
116132,"[64, 261, 23, 2, 1, 20, 92, 19, 14, 36]"
116133,"[72, 34, 10, 36, 189, 3, 5, 26, 19, 73]"
116134,"[175, 9, 6, 49, 19, 133, 10, 66, 34, 103]"
116135,"[5, 19, 223, 34, 261, 238, 279, 72, 20, 77]"
116136,"[54, 261, 279, 5, 23, 2, 43, 32, 220, 1]"
116137,"[49, 105, 151, 77, 60, 25, 5, 157, 19, 36]"
116138,"[119, 147, 24, 5, 28, 10, 71, 51, 122, 41]"
116139,"[55, 5, 25, 17, 60, 73, 146, 3, 49, 138]"
116140,"[51, 73, 9, 10, 157, 42, 5, 17, 130, 12]"
116141,"[26, 97, 60, 105, 77, 49, 121, 28, 147, 10]"
116142,"[121, 19, 5, 175, 7, 55, 97, 10, 261, 92]"
116143,"[157, 5, 73, 76, 10, 72, 19, 55, 26, 130]"
116144,"[84, 60, 82, 90, 19, 105, 0, 15, 49, 55]"
116145,"[32, 261, 5, 2, 279, 103, 54, 19, 42, 23]"
116146,"[73, 17, 3, 19, 72, 5, 7, 10, 138, 261]"
116147,"[17, 19, 3, 223, 7, 73, 36, 189, 138, 5]"
116148,"[0, 18, 60, 90, 82, 97, 15, 105, 91, 84]"
116149,"[30, 19, 5, 223, 3, 261, 9, 32, 149, 17]"
116150,"[12, 19, 5, 261, 130, 60, 32, 71, 76, 17]"
116151,"[18, 82, 90, 60, 0, 19, 15, 84, 105, 91]"
116152,"[14, 23, 261, 1, 32, 20, 54, 72, 279, 5]"
116153,"[175, 9, 6, 10, 71, 19, 5, 66, 2, 92]"
116154,"[130, 19, 151, 5, 73, 91, 60, 223, 12, 51]"
116155,"[187, 21, 73, 5, 261, 43, 3, 32, 142, 279]"
116156,"[21, 20, 238, 66, 5, 187, 14, 261, 27, 82]"
116157,"[189, 19, 5, 223, 20, 238, 138, 23, 55, 43]"
116158,"[45, 66, 149, 36, 19, 261, 124, 77, 5, 21]"
116159,"[42, 36, 1, 23, 138, 5, 157, 92, 25, 19]"
116160,"[66, 175, 20, 149, 30, 3, 73, 261, 92, 146]"
116161,"[71, 7, 19, 38, 10, 66, 9, 77, 238, 48]"
116162,"[261, 279, 32, 23, 54, 5, 9, 34, 1, 55]"
116163,"[15, 18, 0, 105, 84, 90, 82, 60, 91, 19]"
116164,"[77, 151, 157, 49, 25, 60, 6, 105, 130, 48]"
116165,"[28, 5, 103, 24, 238, 19, 32, 20, 92, 133]"
116166,"[146, 55, 13, 19, 60, 82, 5, 84, 91, 0]"
116167,"[138, 189, 42, 43, 7, 54, 3, 36, 9, 149]"
116168,"[175, 19, 92, 49, 6, 133, 38, 10, 2, 7]"
116169,"[223, 19, 5, 189, 238, 130, 92, 82, 36, 21]"
116170,"[26, 60, 97, 121, 10, 34, 77, 49, 220, 43]"
116171,"[5, 19, 29, 36, 223, 92, 73, 3, 42, 27]"
116172,"[238, 261, 14, 32, 66, 279, 20, 7, 54, 71]"
116173,"[261, 32, 5, 19, 103, 279, 14, 17, 2, 73]"
116174,"[23, 1, 54, 3, 19, 36, 261, 32, 20, 42]"
116175,"[133, 92, 175, 6, 5, 9, 49, 130, 77, 238]"
116176,"[103, 32, 279, 261, 54, 2, 43, 138, 23, 19]"
116177,"[66, 175, 30, 149, 6, 92, 3, 19, 7, 49]"
116178,"[19, 30, 6, 66, 71, 92, 36, 261, 5, 2]"
116179,"[7, 48, 6, 175, 5, 44, 72, 223, 261, 3]"
116180,"[19, 5, 175, 7, 261, 6, 223, 3, 2, 48]"
116181,"[5, 19, 112, 92, 36, 60, 130, 12, 157, 223]"
116182,"[2, 5, 261, 71, 175, 92, 6, 49, 147, 32]"
116183,"[44, 7, 48, 261, 175, 6, 32, 19, 279, 38]"
116184,"[124, 149, 66, 138, 45, 48, 42, 36, 30, 6]"
116185,"[51, 73, 261, 10, 19, 9, 5, 130, 6, 60]"
116186,"[103, 279, 32, 261, 43, 54, 23, 220, 5, 19]"
116187,"[42, 138, 36, 23, 189, 3, 220, 29, 149, 55]"
116188,"[3, 36, 17, 19, 29, 42, 7, 73, 138, 223]"
116189,"[130, 5, 26, 34, 28, 10, 151, 19, 122, 73]"
116190,"[42, 36, 23, 138, 5, 3, 19, 189, 1, 76]"
116191,"[19, 5, 36, 3, 17, 12, 238, 58, 223, 29]"
116192,"[48, 7, 6, 175, 58, 19, 9, 55, 2, 44]"
116193,"[71, 30, 7, 48, 20, 175, 92, 5, 238, 261]"
116194,"[20, 1, 54, 5, 279, 261, 19, 32, 238, 14]"
116195,"[54, 279, 5, 19, 261, 32, 23, 1, 9, 220]"
116196,"[82, 19, 60, 146, 105, 84, 90, 0, 5, 17]"
116197,"[189, 66, 41, 21, 175, 138, 92, 6, 10, 90]"
116198,"[60, 19, 121, 5, 51, 36, 55, 122, 138, 10]"
116199,"[147, 122, 28, 119, 26, 60, 71, 5, 24, 32]"
116200,"[220, 261, 9, 43, 19, 32, 103, 6, 279, 23]"
116201,"[97, 121, 105, 0, 60, 41, 77, 49, 25, 26]"
116202,"[133, 92, 175, 147, 130, 6, 49, 44, 5, 24]"
116203,"[19, 138, 3, 36, 223, 5, 49, 51, 6, 29]"
116204,"[7, 48, 44, 30, 6, 157, 38, 175, 138, 19]"
116205,"[175, 66, 20, 30, 32, 279, 73, 149, 9, 133]"
116206,"[92, 105, 10, 19, 77, 41, 82, 60, 49, 5]"
116207,"[147, 5, 19, 76, 32, 60, 261, 12, 279, 54]"
116208,"[147, 5, 19, 71, 238, 51, 122, 66, 279, 12]"
116209,"[19, 77, 92, 138, 238, 5, 36, 55, 60, 175]"
116210,"[138, 189, 42, 3, 36, 149, 146, 23, 92, 175]"
116211,"[26, 34, 28, 10, 122, 5, 49, 130, 147, 72]"
116212,"[25, 6, 77, 157, 151, 7, 44, 175, 17, 60]"
116213,"[92, 133, 44, 49, 112, 77, 130, 238, 2, 19]"
116214,"[142, 27, 175, 124, 6, 66, 30, 21, 261, 32]"
116215,"[26, 34, 28, 49, 122, 147, 5, 157, 77, 10]"
116216,"[279, 23, 19, 1, 5, 103, 261, 91, 20, 43]"
116217,"[187, 5, 21, 72, 261, 19, 238, 73, 142, 138]"
116218,"[220, 261, 5, 43, 19, 2, 103, 238, 9, 32]"
116219,"[41, 0, 19, 5, 97, 91, 36, 10, 58, 55]"
116220,"[279, 23, 32, 261, 54, 1, 103, 5, 9, 2]"
116221,"[10, 73, 19, 55, 5, 6, 71, 261, 60, 157]"
116222,"[5, 138, 3, 36, 19, 42, 189, 55, 149, 73]"
116223,"[4, 19, 24, 5, 36, 17, 73, 220, 60, 29]"
116224,"[9, 175, 5, 6, 19, 10, 71, 66, 92, 34]"
116225,"[7, 44, 261, 5, 175, 279, 92, 14, 48, 2]"
116226,"[189, 17, 26, 175, 130, 60, 19, 138, 5, 7]"
116227,"[91, 19, 55, 238, 27, 5, 92, 60, 73, 72]"
116228,"[103, 238, 5, 6, 19, 220, 261, 138, 20, 3]"
116229,"[147, 28, 122, 26, 5, 130, 24, 60, 71, 32]"
116230,"[5, 55, 138, 19, 36, 42, 2, 261, 71, 3]"
116231,"[187, 5, 261, 72, 32, 21, 23, 3, 24, 138]"
116232,"[66, 21, 20, 5, 238, 30, 19, 27, 92, 175]"
116233,"[28, 32, 5, 19, 103, 20, 133, 34, 238, 279]"
116234,"[187, 21, 3, 73, 5, 2, 19, 189, 175, 142]"
116235,"[5, 19, 223, 77, 238, 34, 51, 72, 105, 92]"
116236,"[279, 261, 19, 32, 5, 9, 76, 23, 51, 1]"
116237,"[220, 19, 261, 58, 2, 5, 32, 66, 29, 41]"
116238,"[21, 5, 19, 187, 238, 82, 20, 72, 7, 142]"
116239,"[14, 261, 23, 54, 32, 20, 279, 1, 72, 103]"
116240,"[147, 28, 5, 19, 130, 122, 17, 49, 26, 76]"
116241,"[82, 84, 60, 19, 90, 105, 15, 146, 223, 49]"
116242,"[122, 26, 34, 32, 60, 5, 261, 19, 220, 24]"
116243,"[238, 19, 5, 54, 36, 20, 1, 92, 142, 279]"
116244,"[15, 82, 19, 84, 18, 60, 91, 0, 36, 90]"
116245,"[55, 19, 60, 10, 5, 261, 71, 91, 92, 82]"
116246,"[5, 19, 34, 105, 49, 77, 10, 238, 223, 12]"
116247,"[44, 6, 7, 279, 25, 48, 157, 92, 133, 175]"
116248,"[20, 2, 261, 32, 71, 66, 238, 103, 7, 220]"
116249,"[18, 0, 60, 5, 90, 19, 97, 72, 15, 91]"
116250,"[119, 5, 147, 28, 24, 51, 261, 122, 55, 71]"
116251,"[5, 10, 19, 279, 72, 130, 261, 34, 54, 91]"
116252,"[29, 36, 24, 5, 19, 92, 3, 28, 9, 238]"
116253,"[41, 19, 82, 0, 220, 3, 91, 138, 5, 49]"
116254,"[51, 9, 28, 24, 147, 10, 32, 19, 261, 55]"
116255,"[130, 60, 5, 19, 17, 223, 73, 151, 220, 77]"
116256,"[146, 55, 13, 19, 82, 60, 5, 84, 17, 3]"
116257,"[26, 60, 97, 121, 49, 77, 6, 19, 10, 105]"
116258,"[121, 97, 223, 0, 76, 60, 13, 55, 138, 5]"
116259,"[41, 97, 19, 55, 60, 0, 10, 24, 151, 121]"
116260,"[7, 6, 48, 44, 175, 92, 238, 19, 49, 72]"
116261,"[142, 30, 175, 27, 261, 23, 24, 19, 4, 66]"
116262,"[60, 105, 18, 5, 19, 0, 97, 82, 55, 90]"
116263,"[90, 18, 60, 19, 10, 5, 72, 1, 43, 23]"
116264,"[112, 2, 261, 10, 9, 43, 60, 5, 19, 279]"
116265,"[130, 92, 19, 6, 223, 44, 7, 112, 151, 175]"
116266,"[90, 19, 20, 43, 14, 64, 30, 34, 26, 72]"
116267,"[76, 19, 5, 261, 36, 73, 32, 6, 130, 71]"
116268,"[25, 55, 6, 41, 42, 60, 49, 138, 124, 149]"
116269,"[66, 5, 20, 21, 261, 73, 19, 175, 30, 27]"
116270,"[223, 19, 60, 130, 5, 92, 12, 82, 90, 261]"
116271,"[66, 261, 20, 2, 32, 54, 45, 19, 30, 138]"
116272,"[60, 105, 82, 18, 19, 0, 49, 5, 55, 77]"
116273,"[189, 21, 175, 71, 55, 223, 5, 19, 2, 138]"
116274,"[124, 149, 66, 45, 2, 261, 55, 103, 138, 279]"
116275,"[60, 82, 91, 19, 5, 0, 151, 18, 77, 105]"
116276,"[157, 23, 261, 5, 10, 19, 7, 21, 54, 76]"
116277,"[91, 55, 19, 261, 71, 10, 72, 90, 14, 92]"
116278,"[77, 5, 19, 34, 76, 26, 130, 60, 122, 105]"
116279,"[147, 122, 19, 71, 66, 5, 175, 130, 91, 49]"
116280,"[44, 7, 32, 48, 261, 279, 175, 38, 6, 23]"
116281,"[0, 18, 60, 90, 82, 105, 84, 15, 97, 19]"
116282,"[41, 97, 19, 121, 0, 10, 5, 77, 1, 76]"
116283,"[187, 21, 5, 19, 103, 261, 43, 32, 279, 14]"
116284,"[92, 6, 19, 5, 133, 175, 49, 151, 77, 130]"
116285,"[26, 60, 97, 49, 130, 34, 121, 122, 5, 147]"
116286,"[48, 7, 103, 6, 175, 43, 124, 21, 49, 2]"
116287,"[1, 5, 23, 19, 32, 261, 20, 28, 55, 54]"
116288,"[5, 3, 36, 138, 19, 42, 55, 149, 189, 73]"
116289,"[29, 3, 19, 36, 24, 92, 6, 17, 138, 4]"
116290,"[72, 7, 261, 19, 5, 17, 2, 32, 71, 279]"
116291,"[1, 54, 23, 19, 20, 64, 5, 14, 36, 138]"
116292,"[147, 28, 5, 76, 142, 19, 51, 1, 130, 36]"
116293,"[24, 19, 5, 73, 28, 17, 10, 147, 4, 51]"
116294,"[29, 19, 3, 5, 36, 17, 223, 92, 73, 51]"
116295,"[71, 5, 32, 2, 261, 147, 19, 223, 24, 9]"
116296,"[130, 19, 12, 5, 223, 151, 73, 60, 91, 17]"
116297,"[60, 151, 130, 105, 77, 157, 97, 25, 5, 38]"
116298,"[147, 122, 28, 26, 71, 5, 60, 49, 24, 2]"
116299,"[82, 84, 60, 90, 19, 105, 18, 15, 0, 49]"
116300,"[18, 90, 82, 0, 60, 19, 15, 105, 91, 84]"
116301,"[5, 112, 19, 279, 261, 6, 55, 157, 7, 9]"
116302,"[54, 1, 279, 43, 23, 10, 121, 103, 261, 41]"
116303,"[66, 45, 27, 38, 71, 149, 238, 77, 261, 30]"
116304,"[19, 51, 66, 151, 6, 5, 9, 10, 261, 238]"
116305,"[149, 124, 66, 30, 175, 9, 261, 32, 19, 92]"
116306,"[24, 5, 19, 73, 17, 34, 72, 7, 9, 4]"
116307,"[34, 5, 279, 261, 72, 32, 19, 238, 55, 54]"
116308,"[5, 73, 19, 130, 72, 238, 49, 261, 34, 2]"
116309,"[119, 24, 55, 28, 147, 5, 138, 71, 97, 34]"
116310,"[55, 146, 19, 60, 5, 13, 82, 138, 10, 6]"
116311,"[24, 19, 5, 73, 17, 10, 51, 36, 72, 21]"
116312,"[187, 21, 261, 5, 72, 24, 20, 238, 32, 23]"
116313,"[77, 7, 92, 151, 175, 48, 49, 9, 157, 6]"
116314,"[105, 151, 60, 82, 91, 77, 0, 19, 5, 157]"
116315,"[142, 27, 30, 175, 7, 19, 149, 24, 17, 279]"
116316,"[15, 18, 0, 84, 82, 91, 105, 60, 90, 19]"
116317,"[84, 82, 60, 90, 19, 223, 105, 0, 49, 13]"
116318,"[64, 1, 20, 261, 54, 5, 32, 23, 279, 19]"
116319,"[124, 149, 66, 261, 2, 45, 138, 55, 48, 279]"
116320,"[77, 34, 76, 19, 5, 26, 122, 105, 60, 130]"
116321,"[279, 261, 23, 32, 54, 1, 19, 5, 43, 220]"
116322,"[261, 64, 32, 20, 14, 23, 220, 2, 54, 1]"
116323,"[189, 223, 55, 142, 279, 64, 19, 5, 43, 20]"
116324,"[175, 7, 6, 48, 38, 30, 19, 9, 261, 103]"
116325,"[77, 157, 151, 49, 25, 6, 60, 38, 105, 175]"
116326,"[26, 97, 60, 49, 105, 121, 147, 28, 220, 10]"
116327,"[92, 133, 175, 151, 49, 130, 19, 6, 44, 5]"
116328,"[71, 38, 30, 66, 175, 261, 92, 77, 2, 9]"
116329,"[105, 60, 130, 5, 223, 19, 17, 157, 97, 82]"
116330,"[48, 7, 175, 6, 19, 9, 261, 44, 5, 77]"
116331,"[122, 147, 28, 26, 34, 51, 5, 24, 32, 60]"
116332,"[72, 5, 10, 1, 19, 23, 77, 157, 73, 130]"
116333,"[34, 5, 261, 72, 19, 55, 279, 10, 2, 32]"
116334,"[84, 82, 60, 19, 90, 105, 0, 5, 49, 91]"
116335,"[146, 19, 5, 13, 6, 261, 55, 66, 220, 122]"
116336,"[92, 6, 77, 7, 49, 48, 133, 149, 30, 175]"
116337,"[26, 97, 60, 49, 121, 71, 122, 10, 130, 5]"
116338,"[2, 261, 32, 19, 220, 103, 54, 92, 71, 5]"
116339,"[20, 66, 5, 261, 21, 30, 19, 73, 175, 238]"
116340,"[71, 19, 5, 261, 7, 73, 238, 10, 66, 2]"
116341,"[55, 138, 189, 121, 5, 42, 10, 6, 97, 1]"
116342,"[64, 261, 23, 1, 54, 2, 20, 32, 71, 90]"
116343,"[42, 5, 36, 189, 138, 76, 157, 23, 92, 1]"
116344,"[0, 71, 97, 13, 55, 18, 121, 60, 76, 41]"
116345,"[119, 28, 24, 147, 5, 122, 138, 97, 26, 60]"
116346,"[17, 73, 19, 5, 146, 60, 55, 151, 130, 91]"
116347,"[18, 19, 0, 60, 90, 5, 15, 82, 71, 279]"
116348,"[223, 5, 19, 2, 138, 7, 261, 17, 6, 49]"
116349,"[29, 36, 24, 19, 5, 28, 92, 9, 3, 49]"
116350,"[220, 5, 19, 261, 2, 36, 279, 238, 32, 43]"
116351,"[149, 66, 2, 124, 261, 103, 19, 9, 71, 54]"
116352,"[45, 66, 27, 149, 71, 38, 124, 238, 21, 76]"
116353,"[36, 138, 189, 3, 42, 149, 19, 76, 55, 21]"
116354,"[27, 66, 45, 149, 20, 92, 261, 238, 71, 124]"
116355,"[13, 121, 0, 97, 5, 146, 55, 19, 76, 60]"
116356,"[60, 5, 84, 19, 261, 55, 279, 157, 54, 25]"
116357,"[279, 5, 19, 261, 76, 42, 54, 7, 44, 32]"
116358,"[6, 7, 44, 30, 92, 19, 157, 49, 36, 25]"
116359,"[17, 73, 19, 5, 7, 130, 91, 223, 51, 3]"
116360,"[279, 32, 103, 43, 261, 124, 19, 5, 54, 23]"
116361,"[157, 23, 5, 42, 10, 279, 151, 73, 76, 19]"
116362,"[146, 55, 19, 13, 60, 82, 5, 91, 36, 84]"
116363,"[5, 2, 10, 279, 71, 238, 261, 34, 19, 147]"
116364,"[20, 261, 32, 2, 34, 103, 54, 279, 5, 43]"
116365,"[146, 19, 5, 6, 73, 21, 55, 17, 223, 64]"
116366,"[157, 10, 21, 77, 19, 6, 5, 7, 41, 66]"
116367,"[71, 30, 7, 175, 66, 6, 2, 261, 48, 92]"
116368,"[147, 5, 19, 76, 261, 32, 28, 279, 238, 130]"
116369,"[238, 5, 19, 20, 91, 220, 92, 72, 36, 1]"
116370,"[45, 261, 66, 5, 54, 71, 27, 279, 32, 91]"
116371,"[142, 23, 279, 175, 54, 19, 24, 5, 4, 138]"
116372,"[66, 45, 38, 149, 71, 77, 30, 27, 124, 49]"
116373,"[90, 19, 64, 43, 26, 20, 34, 60, 261, 23]"
116374,"[122, 34, 5, 26, 19, 72, 77, 30, 261, 20]"
116375,"[5, 105, 157, 36, 77, 19, 84, 49, 92, 25]"
116376,"[279, 261, 5, 19, 51, 55, 1, 23, 9, 54]"
116377,"[60, 12, 19, 121, 24, 55, 43, 103, 51, 122]"
116378,"[92, 133, 49, 19, 130, 238, 77, 5, 36, 9]"
116379,"[72, 1, 23, 10, 76, 19, 60, 5, 77, 157]"
116380,"[7, 19, 3, 138, 17, 261, 42, 189, 279, 103]"
116381,"[71, 2, 261, 5, 32, 55, 20, 121, 24, 279]"
116382,"[36, 151, 77, 5, 26, 19, 25, 1, 60, 157]"
116383,"[13, 121, 55, 97, 0, 279, 71, 261, 43, 146]"
116384,"[157, 25, 60, 151, 77, 6, 105, 19, 55, 5]"
116385,"[4, 5, 261, 2, 279, 49, 9, 71, 19, 60]"
116386,"[20, 175, 2, 261, 103, 66, 32, 5, 73, 9]"
116387,"[48, 7, 6, 58, 261, 2, 175, 19, 55, 5]"
116388,"[90, 19, 18, 5, 10, 91, 1, 72, 60, 279]"
116389,"[238, 91, 7, 32, 20, 279, 5, 14, 54, 66]"
116390,"[82, 84, 60, 90, 19, 105, 49, 223, 18, 15]"
116391,"[73, 17, 19, 10, 5, 130, 261, 54, 279, 32]"
116392,"[26, 60, 97, 121, 10, 49, 34, 147, 105, 43]"
116393,"[238, 19, 5, 92, 36, 91, 20, 72, 220, 1]"
116394,"[175, 6, 48, 30, 7, 38, 19, 66, 10, 92]"
116395,"[261, 279, 54, 32, 20, 2, 14, 23, 103, 19]"
116396,"[41, 220, 19, 138, 3, 36, 73, 5, 189, 42]"
116397,"[34, 5, 261, 279, 72, 26, 238, 55, 19, 10]"
116398,"[71, 19, 5, 73, 238, 279, 9, 17, 30, 261]"
116399,"[91, 19, 18, 60, 130, 90, 15, 5, 77, 238]"
116400,"[41, 5, 19, 146, 91, 97, 0, 76, 32, 261]"
116401,"[27, 45, 66, 261, 2, 71, 54, 32, 149, 279]"
116402,"[19, 5, 261, 73, 138, 7, 54, 2, 223, 3]"
116403,"[92, 6, 77, 66, 48, 10, 7, 49, 71, 175]"
116404,"[20, 66, 64, 2, 238, 261, 103, 30, 149, 138]"
116405,"[10, 5, 279, 19, 34, 51, 54, 55, 261, 72]"
116406,"[60, 151, 105, 19, 130, 77, 25, 5, 157, 223]"
116407,"[30, 36, 19, 149, 5, 3, 92, 77, 66, 223]"
116408,"[44, 6, 7, 279, 25, 48, 23, 157, 32, 14]"
116409,"[112, 5, 157, 279, 19, 92, 6, 9, 261, 17]"
116410,"[187, 21, 5, 19, 82, 14, 43, 3, 103, 279]"
116411,"[90, 18, 72, 0, 20, 5, 19, 91, 279, 1]"
116412,"[142, 279, 23, 19, 261, 175, 5, 32, 24, 9]"
116413,"[261, 32, 20, 279, 23, 54, 103, 2, 14, 220]"
116414,"[130, 5, 34, 28, 17, 26, 19, 151, 10, 122]"
116415,"[5, 19, 24, 9, 261, 51, 28, 55, 32, 92]"
116416,"[84, 19, 138, 20, 82, 103, 90, 7, 189, 220]"
116417,"[187, 142, 32, 103, 279, 43, 28, 21, 5, 34]"
116418,"[6, 7, 44, 30, 48, 3, 157, 25, 138, 19]"
116419,"[121, 175, 279, 43, 19, 13, 10, 103, 133, 157]"
116420,"[19, 36, 5, 12, 58, 76, 3, 6, 146, 17]"
116421,"[122, 34, 26, 5, 72, 146, 130, 19, 238, 13]"
116422,"[3, 17, 175, 19, 73, 21, 6, 9, 32, 261]"
116423,"[7, 48, 6, 44, 261, 175, 19, 5, 238, 223]"
116424,"[1, 23, 64, 20, 279, 261, 19, 5, 54, 32]"
116425,"[261, 64, 32, 20, 23, 43, 54, 2, 14, 103]"
116426,"[279, 23, 32, 261, 28, 43, 1, 4, 54, 14]"
116427,"[138, 189, 19, 42, 43, 5, 54, 23, 36, 7]"
116428,"[187, 261, 43, 21, 2, 279, 14, 54, 103, 23]"
116429,"[32, 261, 279, 2, 5, 23, 54, 20, 103, 43]"
116430,"[130, 151, 19, 60, 10, 5, 147, 12, 17, 72]"
116431,"[18, 19, 5, 60, 66, 58, 223, 72, 21, 71]"
116432,"[54, 1, 43, 23, 279, 121, 20, 10, 19, 103]"
116433,"[5, 10, 261, 51, 279, 71, 19, 2, 34, 32]"
116434,"[103, 238, 5, 261, 19, 32, 6, 20, 55, 220]"
116435,"[71, 19, 5, 73, 279, 238, 261, 9, 54, 7]"
116436,"[130, 151, 19, 60, 10, 147, 51, 91, 5, 92]"
116437,"[60, 28, 122, 24, 19, 12, 97, 147, 121, 51]"
116438,"[142, 27, 30, 261, 5, 6, 66, 19, 279, 32]"
116439,"[76, 5, 19, 12, 279, 73, 17, 261, 54, 7]"
116440,"[19, 5, 73, 130, 146, 9, 17, 51, 10, 34]"
116441,"[32, 261, 279, 5, 34, 220, 103, 17, 19, 20]"
116442,"[51, 19, 28, 24, 5, 122, 36, 9, 147, 261]"
116443,"[146, 19, 82, 55, 13, 5, 60, 3, 36, 17]"
116444,"[55, 146, 60, 19, 17, 10, 13, 5, 7, 157]"
116445,"[45, 66, 27, 175, 149, 91, 279, 71, 261, 17]"
116446,"[66, 175, 30, 149, 92, 5, 19, 6, 77, 49]"
116447,"[7, 2, 5, 261, 43, 92, 238, 48, 71, 55]"
116448,"[32, 261, 42, 5, 3, 103, 73, 279, 23, 220]"
116449,"[5, 3, 36, 138, 19, 55, 42, 189, 149, 49]"
116450,"[84, 60, 82, 19, 90, 105, 0, 55, 18, 92]"
116451,"[13, 146, 19, 82, 0, 10, 34, 55, 138, 66]"
116452,"[64, 5, 1, 20, 261, 54, 19, 32, 23, 73]"
116453,"[146, 55, 13, 19, 60, 82, 17, 3, 5, 223]"
116454,"[36, 138, 3, 19, 42, 189, 149, 76, 55, 5]"
116455,"[44, 92, 7, 175, 48, 261, 6, 133, 30, 32]"
116456,"[220, 43, 261, 19, 103, 238, 5, 32, 9, 20]"
116457,"[77, 92, 7, 175, 49, 6, 5, 19, 10, 151]"
116458,"[48, 7, 43, 6, 21, 103, 2, 175, 261, 124]"
116459,"[84, 60, 82, 90, 19, 0, 105, 13, 43, 15]"
116460,"[29, 3, 19, 36, 24, 17, 4, 9, 138, 6]"
116461,"[119, 5, 147, 28, 24, 55, 223, 138, 97, 29]"
116462,"[279, 23, 32, 261, 43, 103, 1, 175, 5, 2]"
116463,"[51, 24, 28, 60, 10, 19, 55, 9, 261, 122]"
116464,"[71, 19, 5, 73, 17, 238, 7, 261, 6, 20]"
116465,"[51, 19, 73, 5, 10, 9, 261, 6, 130, 21]"
116466,"[17, 73, 7, 19, 3, 261, 142, 12, 23, 72]"
116467,"[77, 92, 7, 6, 175, 48, 10, 49, 19, 151]"
116468,"[10, 55, 51, 5, 71, 34, 279, 54, 261, 19]"
116469,"[25, 6, 49, 42, 36, 3, 55, 157, 138, 77]"
116470,"[90, 60, 19, 18, 91, 10, 55, 5, 32, 279]"
116471,"[77, 49, 38, 5, 105, 2, 92, 6, 175, 19]"
116472,"[82, 19, 5, 60, 105, 146, 84, 90, 21, 0]"
116473,"[23, 1, 64, 279, 54, 20, 32, 76, 149, 261]"
116474,"[138, 189, 42, 3, 149, 23, 175, 7, 146, 36]"
116475,"[20, 64, 19, 5, 220, 261, 157, 6, 238, 90]"
116476,"[223, 19, 189, 92, 5, 36, 82, 130, 21, 175]"
116477,"[71, 30, 19, 38, 5, 261, 7, 175, 66, 32]"
116478,"[187, 21, 5, 261, 279, 103, 19, 43, 14, 32]"
116479,"[25, 6, 55, 42, 36, 49, 60, 76, 77, 92]"
116480,"[1, 23, 5, 28, 55, 20, 261, 19, 32, 10]"
116481,"[34, 5, 279, 72, 21, 26, 238, 42, 91, 261]"
116482,"[19, 5, 58, 12, 32, 261, 20, 60, 73, 238]"
116483,"[29, 36, 24, 3, 19, 5, 4, 9, 42, 28]"
116484,"[51, 261, 279, 10, 9, 55, 73, 32, 5, 19]"
116485,"[51, 28, 24, 19, 147, 5, 10, 36, 60, 9]"
116486,"[51, 73, 261, 10, 21, 5, 9, 6, 19, 17]"
116487,"[48, 7, 6, 19, 175, 5, 9, 77, 44, 30]"
116488,"[20, 2, 175, 66, 71, 103, 261, 54, 43, 64]"
116489,"[122, 26, 34, 5, 19, 77, 7, 6, 261, 20]"
116490,"[17, 73, 19, 5, 55, 146, 60, 130, 32, 261]"
116491,"[82, 151, 105, 60, 0, 157, 19, 77, 18, 90]"
116492,"[27, 66, 45, 149, 124, 71, 92, 261, 138, 3]"
116493,"[157, 76, 261, 19, 60, 55, 10, 175, 51, 71]"
116494,"[34, 10, 26, 130, 19, 5, 28, 36, 122, 49]"
116495,"[26, 34, 122, 49, 147, 10, 28, 71, 6, 157]"
116496,"[19, 17, 73, 5, 130, 34, 279, 175, 189, 6]"
116497,"[77, 151, 49, 157, 25, 105, 6, 60, 7, 92]"
116498,"[19, 5, 73, 9, 223, 10, 238, 51, 34, 17]"
116499,"[4, 36, 19, 5, 24, 29, 17, 72, 60, 73]"
116500,"[71, 261, 30, 5, 32, 66, 19, 9, 77, 27]"
116501,"[15, 82, 19, 91, 60, 18, 84, 0, 146, 223]"
116502,"[41, 19, 5, 146, 97, 71, 36, 0, 6, 261]"
116503,"[42, 23, 1, 157, 36, 54, 138, 44, 5, 92]"
116504,"[147, 71, 5, 279, 19, 122, 26, 10, 34, 175]"
116505,"[73, 5, 36, 2, 19, 32, 261, 3, 92, 223]"
116506,"[3, 36, 19, 42, 29, 5, 138, 73, 6, 17]"
116507,"[142, 19, 73, 261, 21, 5, 2, 3, 66, 7]"
116508,"[147, 28, 5, 130, 122, 76, 32, 19, 12, 238]"
116509,"[97, 121, 0, 105, 60, 26, 41, 49, 25, 5]"
116510,"[157, 25, 60, 151, 77, 6, 19, 105, 5, 55]"
116511,"[29, 36, 19, 3, 5, 17, 92, 24, 138, 223]"
116512,"[66, 175, 20, 73, 30, 149, 238, 27, 92, 5]"
116513,"[20, 261, 2, 32, 54, 5, 71, 34, 55, 66]"
116514,"[133, 92, 26, 5, 2, 175, 71, 130, 238, 21]"
116515,"[19, 7, 103, 5, 138, 175, 279, 261, 42, 55]"
116516,"[122, 26, 5, 34, 19, 77, 20, 7, 121, 6]"
116517,"[19, 58, 5, 12, 261, 20, 32, 60, 29, 103]"
116518,"[17, 73, 19, 7, 3, 23, 72, 5, 261, 130]"
116519,"[7, 6, 44, 48, 175, 19, 17, 30, 14, 72]"
116520,"[20, 2, 261, 66, 238, 71, 5, 14, 7, 103]"
116521,"[29, 3, 17, 36, 19, 138, 220, 23, 9, 7]"
116522,"[27, 66, 45, 149, 92, 124, 20, 91, 30, 71]"
116523,"[97, 121, 0, 60, 41, 105, 26, 77, 18, 71]"
116524,"[105, 49, 151, 77, 25, 60, 5, 36, 157, 19]"
116525,"[5, 19, 20, 84, 238, 73, 7, 103, 220, 30]"
116526,"[71, 279, 261, 9, 19, 10, 43, 54, 7, 66]"
116527,"[66, 21, 5, 175, 27, 30, 45, 142, 19, 261]"
116528,"[103, 279, 43, 261, 32, 54, 58, 2, 7, 45]"
116529,"[2, 6, 48, 175, 7, 41, 55, 261, 58, 19]"
116530,"[147, 71, 5, 66, 122, 19, 10, 51, 175, 21]"
116531,"[3, 19, 36, 17, 73, 42, 6, 146, 29, 5]"
116532,"[157, 77, 92, 5, 10, 19, 7, 76, 21, 121]"
116533,"[20, 2, 103, 175, 66, 54, 261, 71, 149, 124]"
116534,"[90, 18, 0, 10, 19, 43, 60, 72, 105, 5]"
116535,"[187, 21, 5, 72, 36, 261, 19, 3, 138, 24]"
116536,"[19, 18, 5, 60, 82, 91, 66, 0, 238, 279]"
116537,"[279, 23, 32, 175, 261, 19, 3, 91, 5, 17]"
116538,"[261, 279, 32, 103, 43, 23, 5, 54, 2, 19]"
116539,"[21, 187, 14, 3, 82, 19, 175, 49, 30, 27]"
116540,"[26, 34, 122, 5, 77, 19, 10, 147, 49, 92]"
116541,"[60, 151, 77, 105, 130, 97, 5, 25, 19, 157]"
116542,"[261, 20, 32, 279, 54, 23, 2, 14, 19, 103]"
116543,"[32, 279, 261, 44, 7, 14, 103, 92, 19, 20]"
116544,"[142, 21, 66, 73, 27, 30, 189, 72, 223, 7]"
116545,"[30, 7, 48, 71, 92, 175, 20, 66, 14, 3]"
116546,"[17, 73, 19, 5, 146, 7, 55, 60, 130, 82]"
116547,"[23, 1, 54, 42, 32, 261, 3, 138, 55, 279]"
116548,"[189, 223, 5, 19, 21, 238, 55, 20, 138, 175]"
116549,"[20, 2, 175, 261, 103, 32, 5, 220, 23, 66]"
116550,"[105, 151, 82, 60, 77, 19, 91, 18, 36, 0]"
116551,"[60, 121, 51, 119, 55, 19, 24, 122, 189, 12]"
116552,"[92, 44, 112, 133, 49, 7, 2, 10, 77, 9]"
116553,"[146, 19, 13, 5, 55, 64, 6, 17, 27, 21]"
116554,"[27, 66, 149, 45, 261, 20, 92, 71, 32, 5]"
116555,"[103, 261, 32, 220, 279, 54, 23, 9, 2, 19]"
116556,"[9, 279, 175, 51, 43, 124, 19, 10, 103, 24]"
116557,"[26, 97, 49, 121, 5, 60, 19, 130, 36, 147]"
116558,"[6, 25, 77, 157, 151, 19, 48, 92, 175, 60]"
116559,"[279, 261, 32, 54, 55, 23, 5, 1, 103, 220]"
116560,"[261, 20, 23, 32, 64, 14, 279, 2, 54, 17]"
116561,"[20, 175, 261, 19, 5, 2, 66, 54, 103, 7]"
116562,"[92, 133, 175, 6, 19, 151, 49, 77, 238, 66]"
116563,"[71, 5, 2, 261, 32, 238, 175, 9, 26, 223]"
116564,"[66, 10, 92, 21, 175, 238, 6, 279, 43, 41]"
116565,"[36, 138, 189, 42, 3, 19, 76, 149, 51, 25]"
116566,"[66, 175, 30, 20, 92, 149, 38, 238, 45, 133]"
116567,"[1, 23, 64, 54, 220, 261, 279, 32, 43, 9]"
116568,"[0, 18, 60, 82, 90, 105, 84, 15, 19, 97]"
116569,"[187, 21, 3, 189, 138, 5, 142, 73, 72, 2]"
116570,"[138, 36, 7, 189, 19, 49, 3, 92, 28, 6]"
116571,"[261, 54, 103, 2, 32, 45, 20, 14, 66, 5]"
116572,"[13, 0, 146, 121, 5, 97, 76, 279, 55, 19]"
116573,"[133, 92, 5, 238, 26, 66, 130, 175, 2, 23]"
116574,"[26, 34, 5, 10, 71, 122, 72, 238, 19, 261]"
116575,"[12, 19, 60, 5, 261, 130, 66, 76, 279, 17]"
116576,"[261, 103, 32, 2, 54, 279, 43, 9, 220, 71]"
116577,"[92, 6, 48, 77, 7, 133, 149, 34, 49, 38]"
116578,"[36, 76, 19, 5, 220, 77, 12, 60, 17, 1]"
116579,"[6, 7, 44, 175, 48, 30, 157, 92, 9, 220]"
116580,"[60, 19, 5, 36, 51, 28, 121, 122, 24, 26]"
116581,"[1, 54, 23, 20, 5, 72, 261, 32, 19, 279]"
116582,"[20, 175, 2, 103, 261, 66, 5, 32, 220, 23]"
116583,"[27, 66, 45, 149, 71, 261, 124, 2, 20, 92]"
116584,"[90, 18, 60, 19, 10, 72, 1, 5, 91, 23]"
116585,"[146, 19, 13, 60, 55, 5, 261, 6, 0, 10]"
116586,"[29, 138, 6, 17, 3, 175, 19, 23, 9, 220]"
116587,"[149, 30, 66, 238, 124, 20, 19, 92, 261, 5]"
116588,"[30, 19, 77, 175, 92, 5, 6, 3, 151, 149]"
116589,"[90, 18, 0, 60, 43, 72, 279, 19, 20, 54]"
116590,"[189, 17, 130, 26, 138, 5, 223, 151, 1, 175]"
116591,"[28, 147, 32, 261, 23, 5, 76, 19, 279, 60]"
116592,"[112, 5, 29, 9, 157, 279, 223, 92, 261, 6]"
116593,"[14, 5, 19, 20, 261, 54, 238, 32, 72, 103]"
116594,"[45, 66, 261, 41, 71, 2, 58, 6, 54, 19]"
116595,"[124, 149, 66, 48, 45, 51, 30, 71, 42, 55]"
116596,"[2, 32, 261, 103, 220, 5, 3, 54, 73, 38]"
116597,"[187, 261, 5, 21, 72, 32, 2, 19, 138, 279]"
116598,"[133, 92, 175, 49, 130, 147, 9, 44, 6, 77]"
116599,"[151, 7, 77, 25, 38, 157, 9, 48, 175, 121]"
116600,"[187, 5, 21, 72, 261, 24, 142, 238, 19, 3]"
116601,"[44, 7, 48, 133, 92, 175, 38, 30, 6, 49]"
116602,"[92, 44, 133, 112, 49, 10, 2, 32, 71, 7]"
116603,"[19, 6, 58, 5, 138, 7, 66, 36, 64, 20]"
116604,"[49, 48, 105, 92, 6, 7, 44, 77, 25, 133]"
116605,"[5, 220, 19, 36, 3, 43, 103, 146, 1, 55]"
116606,"[10, 73, 19, 5, 6, 157, 17, 55, 7, 71]"
116607,"[51, 28, 24, 19, 5, 147, 122, 49, 36, 60]"
116608,"[175, 19, 7, 66, 6, 92, 48, 149, 30, 5]"
116609,"[28, 9, 24, 10, 19, 32, 147, 34, 60, 5]"
116610,"[23, 1, 54, 36, 20, 64, 42, 138, 55, 279]"
116611,"[30, 19, 36, 92, 175, 6, 3, 77, 149, 5]"
116612,"[146, 66, 19, 5, 13, 6, 45, 189, 21, 64]"
116613,"[261, 32, 279, 103, 5, 19, 64, 73, 17, 220]"
116614,"[122, 34, 26, 5, 72, 10, 2, 32, 97, 71]"
116615,"[147, 19, 5, 60, 71, 223, 122, 55, 66, 175]"
116616,"[49, 48, 6, 7, 77, 92, 105, 25, 9, 55]"
116617,"[0, 18, 82, 60, 90, 15, 19, 97, 105, 146]"
116618,"[20, 261, 32, 103, 2, 54, 14, 220, 23, 5]"
116619,"[187, 5, 21, 103, 43, 19, 14, 3, 261, 279]"
116620,"[122, 26, 34, 5, 77, 19, 220, 147, 130, 121]"
116621,"[138, 19, 36, 5, 92, 23, 6, 279, 3, 7]"
116622,"[82, 84, 60, 19, 90, 49, 146, 0, 105, 223]"
116623,"[66, 175, 73, 27, 20, 30, 149, 3, 92, 9]"
116624,"[279, 32, 5, 19, 261, 9, 23, 73, 54, 130]"
116625,"[45, 66, 5, 19, 6, 146, 21, 71, 261, 82]"
116626,"[220, 261, 1, 66, 43, 2, 19, 103, 138, 32]"
116627,"[55, 25, 60, 138, 5, 3, 17, 42, 189, 34]"
116628,"[146, 55, 13, 60, 19, 5, 82, 119, 138, 84]"
116629,"[21, 20, 5, 261, 238, 19, 73, 64, 66, 187]"
116630,"[151, 157, 25, 77, 6, 60, 49, 105, 19, 130]"
116631,"[146, 13, 55, 19, 82, 60, 5, 84, 3, 0]"
116632,"[38, 71, 77, 19, 30, 175, 66, 10, 25, 48]"
116633,"[38, 77, 19, 71, 30, 175, 25, 66, 5, 6]"
116634,"[119, 147, 28, 24, 5, 138, 122, 97, 29, 223]"
116635,"[2, 71, 175, 5, 261, 49, 6, 92, 147, 48]"
116636,"[13, 121, 97, 0, 55, 5, 261, 146, 279, 60]"
116637,"[55, 25, 5, 60, 138, 17, 146, 151, 3, 157]"
116638,"[119, 5, 51, 24, 55, 19, 147, 1, 36, 71]"
116639,"[64, 1, 23, 19, 20, 3, 261, 138, 5, 55]"
116640,"[32, 261, 23, 14, 279, 44, 7, 103, 19, 20]"
116641,"[45, 66, 38, 149, 27, 124, 71, 30, 77, 49]"
116642,"[4, 19, 5, 29, 49, 24, 51, 7, 138, 142]"
116643,"[151, 19, 5, 77, 55, 60, 92, 17, 130, 146]"
116644,"[146, 19, 82, 55, 13, 60, 3, 58, 36, 223]"
116645,"[0, 71, 97, 60, 55, 13, 41, 122, 121, 76]"
116646,"[142, 279, 23, 5, 19, 175, 4, 14, 24, 261]"
116647,"[142, 30, 27, 66, 19, 175, 7, 149, 6, 77]"
116648,"[261, 32, 103, 5, 19, 279, 223, 2, 66, 54]"
116649,"[51, 19, 24, 28, 5, 36, 9, 60, 122, 147]"
116650,"[97, 121, 105, 0, 41, 60, 25, 49, 26, 157]"
116651,"[7, 48, 44, 92, 175, 66, 14, 112, 279, 133]"
116652,"[2, 261, 54, 60, 5, 112, 279, 43, 19, 32]"
116653,"[71, 5, 2, 19, 92, 76, 24, 60, 77, 10]"
116654,"[261, 23, 7, 138, 189, 279, 42, 44, 175, 121]"
116655,"[82, 5, 19, 138, 21, 3, 261, 36, 238, 66]"
116656,"[27, 66, 45, 149, 91, 261, 71, 92, 3, 5]"
116657,"[23, 279, 261, 19, 2, 54, 32, 5, 138, 14]"
116658,"[261, 32, 5, 19, 103, 54, 279, 73, 223, 2]"
116659,"[73, 17, 19, 3, 5, 72, 261, 7, 20, 6]"
116660,"[29, 3, 17, 36, 19, 138, 6, 7, 223, 220]"
116661,"[5, 19, 73, 223, 51, 36, 9, 3, 17, 130]"
116662,"[26, 41, 60, 10, 97, 49, 105, 147, 121, 122]"
116663,"[121, 175, 60, 157, 279, 97, 151, 5, 238, 71]"
116664,"[32, 261, 54, 103, 279, 2, 5, 23, 220, 42]"
116665,"[43, 5, 220, 19, 261, 55, 36, 187, 23, 7]"
116666,"[28, 147, 119, 24, 5, 122, 26, 10, 130, 1]"
116667,"[157, 19, 76, 51, 73, 91, 5, 55, 223, 17]"
116668,"[55, 5, 25, 36, 60, 19, 17, 3, 49, 138]"
116669,"[92, 7, 48, 6, 133, 77, 149, 49, 66, 175]"
116670,"[44, 7, 279, 48, 32, 261, 6, 175, 92, 19]"
116671,"[19, 5, 36, 130, 34, 17, 73, 9, 10, 3]"
116672,"[18, 0, 72, 60, 15, 91, 97, 5, 19, 90]"
116673,"[238, 5, 19, 72, 20, 54, 220, 261, 32, 71]"
116674,"[10, 5, 19, 130, 12, 34, 279, 28, 44, 1]"
116675,"[90, 18, 0, 60, 72, 279, 19, 10, 43, 13]"
116676,"[34, 261, 5, 279, 55, 72, 91, 26, 32, 42]"
116677,"[29, 36, 238, 9, 5, 92, 220, 261, 23, 19]"
116678,"[48, 7, 6, 138, 49, 175, 25, 44, 2, 30]"
116679,"[60, 41, 71, 147, 76, 21, 2, 19, 66, 175]"
116680,"[77, 92, 6, 7, 5, 175, 19, 49, 10, 48]"
116681,"[73, 17, 19, 5, 10, 130, 36, 72, 51, 12]"
116682,"[279, 261, 43, 5, 23, 9, 32, 175, 72, 14]"
116683,"[72, 23, 157, 1, 10, 34, 76, 5, 54, 151]"
116684,"[220, 43, 261, 9, 279, 103, 32, 54, 19, 23]"
116685,"[157, 5, 19, 76, 92, 42, 133, 77, 7, 36]"
116686,"[261, 9, 23, 5, 19, 71, 279, 10, 73, 175]"
116687,"[97, 0, 18, 121, 60, 5, 105, 76, 13, 19]"
116688,"[261, 32, 14, 54, 20, 60, 103, 23, 2, 66]"
116689,"[58, 12, 5, 19, 223, 189, 29, 36, 7, 103]"
116690,"[189, 223, 5, 138, 146, 21, 3, 175, 82, 19]"
116691,"[77, 151, 157, 49, 25, 92, 6, 105, 60, 38]"
116692,"[187, 5, 279, 32, 261, 103, 43, 23, 21, 19]"
116693,"[124, 149, 66, 71, 92, 55, 9, 45, 261, 238]"
116694,"[9, 175, 66, 19, 71, 7, 5, 6, 34, 10]"
116695,"[60, 28, 51, 24, 19, 122, 121, 32, 5, 9]"
116696,"[19, 82, 60, 5, 105, 91, 130, 84, 90, 36]"
116697,"[91, 90, 18, 15, 55, 19, 157, 92, 14, 238]"
116698,"[19, 138, 189, 73, 58, 71, 14, 175, 60, 6]"
116699,"[73, 189, 151, 19, 9, 71, 5, 72, 15, 58]"
116700,"[138, 54, 82, 2, 103, 19, 32, 3, 5, 124]"
116701,"[20, 238, 2, 66, 261, 103, 5, 7, 71, 32]"
116702,"[157, 5, 19, 92, 73, 76, 42, 23, 7, 77]"
116703,"[76, 12, 279, 19, 5, 54, 7, 133, 121, 20]"
116704,"[27, 142, 21, 19, 238, 30, 5, 66, 92, 73]"
116705,"[261, 2, 92, 5, 19, 36, 238, 73, 3, 32]"
116706,"[133, 5, 92, 238, 26, 72, 130, 175, 279, 2]"
116707,"[64, 20, 261, 5, 1, 279, 146, 19, 23, 72]"
116708,"[28, 19, 24, 51, 92, 55, 147, 5, 10, 60]"
116709,"[175, 9, 5, 19, 6, 261, 66, 71, 7, 32]"
116710,"[45, 66, 27, 261, 71, 175, 238, 21, 5, 91]"
116711,"[105, 60, 5, 130, 19, 97, 223, 82, 17, 151]"
116712,"[26, 34, 5, 122, 28, 147, 49, 10, 77, 71]"
116713,"[19, 5, 36, 92, 238, 82, 51, 10, 77, 130]"
116714,"[261, 32, 279, 14, 7, 44, 23, 103, 19, 20]"
116715,"[72, 7, 261, 32, 2, 14, 23, 5, 17, 279]"
116716,"[84, 82, 60, 90, 19, 223, 0, 105, 49, 5]"
116717,"[29, 36, 3, 24, 19, 4, 92, 138, 28, 149]"
116718,"[64, 1, 23, 261, 54, 279, 20, 90, 32, 138]"
116719,"[7, 30, 71, 48, 20, 175, 92, 9, 238, 14]"
116720,"[119, 147, 5, 24, 28, 97, 10, 122, 71, 12]"
116721,"[97, 121, 60, 0, 105, 26, 25, 5, 157, 55]"
116722,"[92, 77, 7, 49, 6, 175, 151, 19, 133, 48]"
116723,"[19, 30, 175, 3, 60, 149, 5, 6, 17, 138]"
116724,"[279, 261, 189, 138, 175, 7, 5, 121, 66, 43]"
116725,"[82, 19, 105, 60, 5, 84, 90, 0, 146, 49]"
116726,"[103, 261, 32, 279, 43, 23, 220, 54, 2, 19]"
116727,"[21, 187, 19, 5, 92, 14, 49, 82, 30, 142]"
116728,"[7, 48, 6, 175, 19, 261, 5, 49, 92, 3]"
116729,"[151, 157, 130, 19, 60, 5, 17, 55, 77, 146]"
116730,"[45, 66, 261, 149, 5, 238, 19, 27, 71, 21]"
116731,"[71, 5, 223, 2, 19, 138, 32, 261, 45, 7]"
116732,"[97, 0, 60, 5, 121, 18, 146, 19, 72, 23]"
116733,"[157, 54, 5, 279, 23, 19, 42, 34, 7, 76]"
116734,"[119, 24, 28, 55, 5, 138, 147, 97, 122, 10]"
116735,"[133, 5, 92, 175, 26, 2, 130, 147, 49, 261]"
116736,"[1, 64, 23, 54, 279, 20, 261, 220, 32, 43]"
116737,"[133, 5, 2, 92, 175, 130, 26, 66, 122, 147]"
116738,"[15, 18, 105, 0, 60, 82, 19, 90, 84, 36]"
116739,"[48, 7, 6, 142, 49, 261, 44, 5, 151, 238]"
116740,"[138, 36, 19, 92, 6, 49, 189, 7, 10, 2]"
116741,"[82, 84, 60, 90, 105, 19, 15, 49, 146, 0]"
116742,"[34, 5, 279, 261, 58, 42, 55, 21, 26, 238]"
116743,"[7, 261, 279, 44, 2, 92, 5, 32, 14, 175]"
116744,"[64, 20, 261, 1, 54, 32, 23, 5, 2, 279]"
116745,"[103, 261, 32, 220, 19, 7, 2, 54, 23, 5]"
116746,"[58, 19, 5, 12, 223, 146, 36, 29, 73, 3]"
116747,"[238, 5, 19, 7, 66, 20, 14, 261, 91, 54]"
116748,"[72, 7, 261, 32, 17, 279, 5, 19, 223, 23]"
116749,"[14, 261, 5, 20, 19, 238, 72, 32, 54, 279]"
116750,"[38, 71, 175, 19, 30, 66, 77, 60, 7, 48]"
116751,"[261, 175, 7, 6, 19, 5, 9, 48, 32, 3]"
116752,"[19, 73, 5, 17, 130, 223, 34, 175, 238, 10]"
116753,"[238, 261, 32, 91, 5, 19, 7, 72, 66, 20]"
116754,"[187, 5, 19, 103, 142, 34, 32, 261, 279, 28]"
116755,"[238, 5, 20, 66, 19, 72, 54, 92, 279, 21]"
116756,"[76, 36, 3, 138, 149, 19, 6, 42, 55, 92]"
116757,"[187, 2, 21, 55, 142, 261, 19, 43, 10, 238]"
116758,"[76, 36, 3, 5, 149, 19, 138, 20, 12, 92]"
116759,"[92, 133, 44, 49, 112, 7, 130, 2, 6, 19]"
116760,"[19, 5, 6, 49, 238, 261, 220, 66, 71, 92]"
116761,"[66, 14, 41, 21, 10, 238, 90, 71, 138, 54]"
116762,"[48, 7, 175, 6, 49, 5, 2, 261, 30, 92]"
116763,"[124, 149, 66, 138, 41, 42, 189, 45, 6, 2]"
116764,"[122, 147, 28, 26, 51, 34, 5, 24, 19, 76]"
116765,"[121, 19, 261, 5, 60, 55, 175, 279, 7, 130]"
116766,"[7, 48, 30, 19, 175, 6, 138, 44, 157, 38]"
116767,"[72, 7, 2, 19, 261, 6, 14, 71, 66, 5]"
116768,"[6, 7, 48, 25, 44, 157, 66, 175, 9, 49]"
116769,"[71, 30, 7, 261, 20, 48, 92, 66, 5, 19]"
116770,"[84, 82, 60, 90, 19, 15, 105, 0, 223, 43]"
116771,"[20, 103, 34, 5, 261, 220, 238, 17, 36, 2]"
116772,"[157, 76, 19, 189, 73, 175, 91, 5, 51, 151]"
116773,"[44, 6, 7, 48, 279, 92, 25, 157, 77, 133]"
116774,"[119, 28, 24, 147, 51, 5, 130, 122, 19, 4]"
116775,"[42, 23, 138, 220, 261, 3, 189, 36, 32, 1]"
116776,"[223, 5, 19, 189, 60, 55, 238, 121, 130, 43]"
116777,"[28, 51, 24, 10, 92, 19, 147, 9, 55, 60]"
116778,"[7, 48, 6, 175, 30, 157, 3, 189, 19, 17]"
116779,"[238, 5, 19, 36, 92, 1, 20, 54, 73, 3]"
116780,"[29, 5, 36, 19, 223, 3, 9, 138, 220, 73]"
116781,"[77, 49, 151, 157, 6, 25, 60, 71, 19, 105]"
116782,"[72, 7, 2, 261, 19, 238, 71, 32, 6, 5]"
116783,"[238, 5, 20, 19, 72, 220, 92, 133, 66, 36]"
116784,"[45, 66, 38, 149, 27, 71, 30, 238, 77, 21]"
116785,"[30, 175, 6, 48, 7, 66, 71, 19, 21, 138]"
116786,"[279, 138, 12, 7, 261, 189, 43, 5, 60, 76]"
116787,"[14, 5, 19, 261, 1, 20, 23, 72, 3, 91]"
116788,"[55, 5, 121, 1, 138, 10, 189, 6, 36, 42]"
116789,"[4, 19, 36, 5, 24, 60, 32, 76, 261, 23]"
116790,"[49, 175, 220, 146, 92, 5, 26, 6, 3, 151]"
116791,"[36, 151, 19, 60, 25, 77, 5, 26, 49, 97]"
116792,"[24, 5, 17, 73, 19, 10, 34, 28, 147, 72]"
116793,"[25, 6, 36, 49, 55, 77, 157, 105, 42, 92]"
116794,"[5, 19, 73, 34, 130, 49, 223, 72, 42, 138]"
116795,"[147, 28, 122, 60, 71, 119, 24, 26, 32, 2]"
116796,"[32, 261, 2, 220, 73, 5, 3, 19, 103, 9]"
116797,"[223, 5, 19, 17, 2, 6, 49, 261, 21, 175]"
116798,"[32, 261, 2, 279, 54, 71, 220, 43, 55, 58]"
116799,"[130, 92, 19, 223, 17, 44, 142, 6, 7, 175]"
116800,"[90, 18, 0, 60, 19, 20, 72, 279, 43, 10]"
116801,"[92, 133, 19, 238, 175, 5, 77, 6, 130, 49]"
116802,"[147, 66, 71, 19, 5, 119, 21, 122, 60, 175]"
116803,"[5, 19, 73, 130, 223, 34, 2, 72, 238, 17]"
116804,"[12, 5, 19, 130, 60, 261, 17, 71, 66, 20]"
116805,"[138, 189, 42, 55, 19, 36, 51, 7, 3, 175]"
116806,"[175, 48, 19, 2, 6, 261, 7, 54, 279, 10]"
116807,"[223, 189, 92, 130, 19, 238, 5, 60, 151, 26]"
116808,"[29, 24, 36, 3, 9, 19, 5, 4, 42, 28]"
116809,"[82, 84, 19, 60, 90, 105, 223, 15, 49, 146]"
116810,"[2, 20, 261, 175, 66, 71, 54, 10, 5, 19]"
116811,"[43, 279, 220, 103, 261, 19, 9, 7, 32, 34]"
116812,"[5, 138, 55, 36, 19, 42, 3, 189, 149, 51]"
116813,"[32, 261, 279, 44, 14, 7, 103, 23, 19, 20]"
116814,"[29, 36, 24, 9, 5, 19, 3, 42, 238, 92]"
116815,"[220, 261, 32, 2, 43, 19, 9, 103, 55, 238]"
116816,"[28, 24, 119, 147, 51, 5, 36, 19, 29, 130]"
116817,"[175, 5, 19, 6, 261, 7, 48, 9, 220, 146]"
116818,"[187, 21, 28, 5, 103, 14, 19, 279, 3, 130]"
116819,"[64, 261, 23, 20, 2, 138, 32, 66, 76, 19]"
116820,"[112, 157, 5, 19, 279, 92, 17, 7, 6, 29]"
116821,"[223, 19, 130, 5, 189, 121, 60, 72, 36, 151]"
116822,"[5, 19, 34, 261, 2, 54, 279, 223, 32, 55]"
116823,"[142, 27, 66, 21, 238, 261, 73, 30, 19, 71]"
116824,"[58, 19, 2, 138, 6, 20, 261, 7, 64, 220]"
116825,"[103, 279, 261, 32, 43, 54, 58, 19, 220, 23]"
116826,"[91, 19, 60, 5, 18, 130, 279, 238, 90, 71]"
116827,"[19, 5, 73, 17, 34, 130, 36, 175, 10, 238]"
116828,"[91, 19, 66, 15, 14, 175, 90, 146, 6, 30]"
116829,"[121, 97, 55, 71, 0, 13, 5, 223, 2, 60]"
116830,"[36, 42, 3, 138, 19, 189, 51, 5, 76, 149]"
116831,"[48, 7, 6, 49, 25, 44, 103, 124, 77, 30]"
116832,"[73, 17, 3, 19, 72, 66, 7, 5, 146, 10]"
116833,"[25, 55, 6, 60, 42, 49, 261, 77, 36, 41]"
116834,"[66, 149, 175, 30, 92, 3, 20, 45, 21, 238]"
116835,"[9, 261, 51, 71, 73, 6, 279, 10, 60, 19]"
116836,"[42, 138, 23, 3, 36, 189, 220, 261, 32, 55]"
116837,"[17, 19, 3, 7, 73, 42, 36, 4, 138, 261]"
116838,"[48, 7, 6, 19, 175, 9, 279, 55, 34, 5]"
116839,"[189, 19, 5, 138, 223, 279, 142, 72, 7, 66]"
116840,"[58, 19, 64, 261, 2, 6, 5, 20, 71, 54]"
116841,"[19, 5, 76, 12, 261, 7, 54, 279, 58, 121]"
116842,"[2, 5, 92, 71, 147, 175, 49, 261, 66, 6]"
116843,"[19, 5, 60, 51, 261, 279, 223, 55, 9, 91]"
116844,"[3, 19, 82, 238, 36, 6, 21, 146, 7, 5]"
116845,"[91, 60, 19, 18, 90, 130, 55, 15, 71, 84]"
116846,"[97, 121, 0, 60, 105, 5, 19, 26, 41, 77]"
116847,"[142, 30, 66, 19, 27, 7, 77, 149, 5, 175]"
116848,"[66, 175, 133, 149, 30, 38, 157, 77, 92, 124]"
116849,"[64, 23, 2, 261, 1, 146, 175, 279, 32, 138]"
116850,"[60, 105, 19, 5, 55, 130, 261, 151, 220, 17]"
116851,"[122, 26, 34, 5, 146, 19, 77, 220, 261, 20]"
116852,"[34, 5, 42, 72, 26, 261, 279, 55, 223, 238]"
116853,"[27, 142, 21, 66, 30, 19, 92, 6, 73, 238]"
116854,"[41, 36, 19, 220, 82, 5, 0, 29, 15, 49]"
116855,"[5, 261, 147, 19, 32, 142, 238, 279, 76, 51]"
116856,"[10, 73, 19, 5, 6, 55, 157, 17, 71, 60]"
116857,"[27, 21, 142, 66, 261, 19, 2, 238, 55, 279]"
116858,"[54, 1, 43, 279, 20, 23, 121, 19, 10, 103]"
116859,"[51, 10, 19, 261, 73, 9, 5, 55, 6, 2]"
116860,"[49, 77, 92, 6, 48, 7, 105, 25, 19, 238]"
116861,"[105, 60, 130, 5, 223, 97, 25, 17, 19, 151]"
116862,"[3, 73, 5, 19, 32, 261, 30, 27, 175, 223]"
116863,"[6, 7, 49, 19, 48, 92, 175, 261, 51, 66]"
116864,"[14, 5, 19, 20, 261, 238, 1, 54, 72, 23]"
116865,"[10, 51, 55, 41, 71, 9, 60, 26, 24, 54]"
116866,"[77, 151, 49, 157, 6, 25, 60, 175, 19, 71]"
116867,"[72, 7, 261, 32, 5, 2, 17, 19, 142, 238]"
116868,"[3, 30, 19, 5, 73, 21, 175, 92, 14, 142]"
116869,"[4, 19, 36, 5, 24, 17, 51, 60, 220, 29]"
116870,"[261, 32, 20, 23, 2, 279, 54, 14, 7, 19]"
116871,"[92, 49, 133, 44, 112, 7, 6, 2, 77, 10]"
116872,"[49, 105, 5, 77, 60, 82, 19, 92, 25, 55]"
116873,"[119, 147, 5, 28, 24, 26, 97, 122, 130, 138]"
116874,"[279, 54, 261, 43, 32, 2, 23, 220, 103, 9]"
116875,"[119, 28, 147, 24, 60, 122, 55, 5, 138, 34]"
116876,"[71, 2, 5, 261, 147, 175, 49, 26, 19, 32]"
116877,"[279, 261, 23, 175, 43, 189, 138, 7, 14, 187]"
116878,"[28, 24, 9, 10, 92, 133, 29, 51, 147, 19]"
116879,"[19, 5, 73, 17, 82, 91, 238, 175, 223, 60]"
116880,"[187, 21, 261, 142, 23, 43, 32, 2, 5, 55]"
116881,"[0, 97, 71, 5, 121, 19, 13, 122, 76, 41]"
116882,"[130, 92, 19, 6, 175, 223, 60, 7, 71, 44]"
116883,"[72, 34, 19, 5, 21, 36, 238, 189, 10, 223]"
116884,"[223, 19, 130, 60, 92, 12, 5, 90, 82, 121]"
116885,"[66, 45, 149, 124, 2, 261, 138, 7, 6, 71]"
116886,"[238, 5, 54, 187, 20, 220, 279, 73, 133, 32]"
116887,"[82, 19, 60, 105, 5, 146, 0, 90, 84, 21]"
116888,"[42, 36, 138, 23, 189, 220, 3, 29, 55, 1]"
116889,"[90, 19, 64, 10, 26, 189, 34, 43, 30, 14]"
116890,"[119, 147, 5, 28, 97, 10, 24, 138, 122, 26]"
116891,"[121, 97, 5, 261, 13, 71, 223, 26, 220, 0]"
116892,"[15, 82, 84, 19, 91, 18, 0, 105, 60, 146]"
116893,"[175, 66, 20, 73, 30, 261, 3, 149, 32, 27]"
116894,"[223, 130, 19, 92, 12, 60, 82, 5, 90, 21]"
116895,"[36, 151, 60, 5, 19, 9, 25, 77, 26, 34]"
116896,"[4, 19, 5, 51, 142, 24, 223, 73, 12, 261]"
116897,"[7, 92, 2, 55, 175, 19, 71, 5, 48, 261]"
116898,"[5, 60, 84, 19, 157, 42, 25, 32, 97, 1]"
116899,"[133, 92, 175, 49, 5, 6, 130, 9, 44, 147]"
116900,"[71, 5, 175, 2, 24, 261, 32, 9, 147, 238]"
116901,"[130, 5, 26, 19, 151, 17, 73, 34, 28, 77]"
116902,"[2, 71, 32, 261, 5, 175, 92, 147, 6, 122]"
116903,"[279, 261, 1, 5, 23, 9, 54, 32, 51, 19]"
116904,"[97, 19, 60, 5, 0, 121, 92, 55, 6, 2]"
116905,"[18, 82, 60, 90, 19, 0, 5, 84, 72, 105]"
116906,"[28, 19, 5, 24, 51, 32, 103, 92, 66, 261]"
116907,"[122, 34, 26, 72, 5, 261, 146, 14, 71, 238]"
116908,"[1, 54, 23, 121, 19, 279, 10, 43, 20, 7]"
116909,"[121, 97, 13, 223, 5, 0, 55, 238, 76, 71]"
116910,"[14, 261, 5, 19, 20, 72, 238, 23, 1, 54]"
116911,"[30, 71, 92, 7, 48, 175, 20, 66, 5, 19]"
116912,"[175, 19, 92, 38, 7, 6, 14, 66, 48, 279]"
116913,"[4, 19, 24, 5, 60, 23, 261, 7, 142, 138]"
116914,"[25, 6, 49, 55, 36, 92, 60, 77, 97, 138]"
116915,"[92, 49, 2, 6, 71, 133, 7, 19, 10, 77]"
116916,"[142, 30, 175, 19, 27, 38, 7, 4, 149, 23]"
116917,"[187, 21, 23, 14, 3, 43, 28, 279, 261, 5]"
116918,"[19, 5, 36, 3, 58, 73, 76, 17, 238, 146]"
116919,"[43, 279, 261, 220, 7, 19, 103, 9, 55, 2]"
116920,"[4, 19, 5, 24, 17, 51, 29, 12, 142, 223]"
116921,"[187, 5, 142, 19, 21, 2, 238, 30, 73, 261]"
116922,"[91, 19, 60, 5, 130, 238, 18, 90, 15, 55]"
116923,"[105, 82, 151, 60, 157, 18, 90, 77, 84, 91]"
116924,"[90, 19, 34, 20, 279, 32, 142, 43, 64, 60]"
116925,"[12, 19, 5, 130, 71, 17, 60, 261, 223, 76]"
116926,"[36, 76, 220, 43, 5, 77, 19, 60, 261, 12]"
116927,"[30, 175, 48, 7, 38, 71, 19, 124, 92, 6]"
116928,"[60, 28, 24, 122, 51, 19, 121, 97, 32, 55]"
116929,"[279, 261, 32, 23, 54, 1, 19, 5, 20, 220]"
116930,"[19, 20, 5, 64, 6, 58, 66, 73, 238, 12]"
116931,"[7, 48, 6, 261, 175, 19, 44, 71, 14, 43]"
116932,"[30, 7, 71, 48, 20, 92, 175, 238, 5, 66]"
116933,"[55, 5, 25, 17, 60, 3, 49, 151, 146, 130]"
116934,"[119, 24, 5, 147, 28, 122, 71, 26, 97, 32]"
116935,"[238, 19, 5, 32, 54, 66, 279, 261, 72, 20]"
116936,"[30, 71, 7, 175, 92, 66, 19, 6, 77, 49]"
116937,"[30, 19, 36, 6, 92, 66, 149, 5, 49, 77]"
116938,"[220, 261, 9, 19, 103, 279, 1, 6, 32, 43]"
116939,"[175, 7, 6, 30, 48, 19, 66, 2, 149, 261]"
116940,"[279, 32, 5, 261, 19, 43, 54, 103, 23, 20]"
116941,"[119, 147, 28, 24, 5, 138, 97, 122, 10, 2]"
116942,"[90, 19, 43, 14, 26, 10, 189, 23, 64, 60]"
116943,"[34, 10, 26, 9, 5, 19, 122, 92, 130, 60]"
116944,"[105, 60, 19, 82, 130, 5, 77, 151, 97, 55]"
116945,"[189, 138, 19, 5, 14, 7, 43, 72, 175, 66]"
116946,"[149, 124, 3, 45, 66, 138, 20, 36, 1, 42]"
116947,"[77, 5, 19, 26, 76, 34, 122, 130, 60, 92]"
116948,"[147, 5, 19, 71, 122, 10, 28, 279, 26, 34]"
116949,"[261, 10, 71, 5, 157, 73, 55, 91, 72, 51]"
116950,"[5, 10, 19, 279, 34, 51, 261, 130, 54, 12]"
116951,"[19, 82, 60, 105, 84, 5, 90, 279, 17, 223]"
116952,"[261, 20, 32, 2, 279, 54, 23, 64, 19, 220]"
116953,"[14, 261, 32, 20, 23, 279, 54, 43, 1, 5]"
116954,"[2, 261, 92, 238, 32, 5, 71, 9, 73, 220]"
116955,"[82, 238, 9, 5, 19, 54, 21, 279, 103, 3]"
116956,"[27, 142, 21, 73, 261, 30, 5, 130, 66, 19]"
116957,"[51, 10, 34, 55, 28, 24, 2, 279, 5, 122]"
116958,"[97, 60, 0, 19, 121, 5, 76, 122, 13, 55]"
116959,"[72, 10, 34, 43, 19, 60, 36, 26, 18, 7]"
116960,"[17, 73, 19, 7, 2, 5, 32, 279, 142, 130]"
116961,"[41, 2, 97, 55, 19, 71, 0, 261, 10, 60]"
116962,"[73, 17, 19, 10, 5, 261, 32, 279, 130, 72]"
116963,"[6, 77, 25, 92, 157, 71, 151, 49, 175, 60]"
116964,"[112, 92, 5, 261, 9, 71, 157, 6, 29, 77]"
116965,"[36, 151, 19, 25, 77, 60, 5, 49, 1, 26]"
116966,"[20, 19, 58, 64, 5, 6, 7, 138, 238, 220]"
116967,"[6, 7, 48, 49, 25, 261, 175, 51, 19, 66]"
116968,"[29, 24, 36, 5, 9, 3, 19, 42, 238, 92]"
116969,"[146, 13, 19, 60, 5, 138, 55, 82, 7, 0]"
116970,"[97, 60, 19, 5, 121, 2, 0, 6, 55, 71]"
116971,"[36, 138, 19, 5, 51, 105, 12, 223, 3, 149]"
116972,"[3, 19, 5, 82, 36, 146, 7, 238, 73, 20]"
116973,"[90, 19, 5, 18, 60, 10, 1, 92, 20, 72]"
116974,"[238, 91, 279, 7, 14, 19, 261, 20, 32, 5]"
116975,"[220, 261, 19, 23, 9, 1, 43, 32, 36, 138]"
116976,"[130, 5, 19, 73, 26, 34, 10, 122, 151, 77]"
116977,"[51, 19, 28, 10, 24, 147, 5, 49, 6, 41]"
116978,"[24, 36, 19, 5, 29, 4, 49, 92, 9, 51]"
116979,"[19, 5, 261, 6, 21, 66, 60, 77, 51, 72]"
116980,"[90, 19, 5, 18, 60, 10, 20, 72, 92, 91]"
116981,"[142, 27, 73, 261, 19, 21, 7, 66, 42, 60]"
116982,"[3, 19, 42, 36, 138, 6, 55, 60, 73, 29]"
116983,"[142, 279, 175, 261, 23, 14, 54, 19, 4, 32]"
116984,"[187, 21, 5, 72, 261, 142, 279, 3, 32, 43]"
116985,"[49, 6, 92, 77, 7, 105, 48, 25, 175, 19]"
116986,"[17, 73, 19, 146, 3, 82, 5, 7, 60, 130]"
116987,"[44, 6, 48, 25, 279, 7, 133, 157, 92, 49]"
116988,"[54, 32, 261, 1, 23, 279, 14, 220, 103, 20]"
116989,"[20, 66, 2, 238, 64, 261, 103, 14, 71, 5]"
116990,"[157, 151, 77, 25, 60, 6, 105, 19, 49, 55]"
116991,"[20, 1, 54, 261, 23, 14, 279, 238, 5, 19]"
116992,"[157, 19, 76, 151, 10, 5, 175, 73, 51, 1]"
116993,"[15, 82, 19, 91, 84, 146, 0, 18, 36, 105]"
116994,"[55, 146, 19, 5, 10, 60, 261, 7, 17, 6]"
116995,"[32, 279, 261, 103, 220, 54, 2, 14, 187, 43]"
116996,"[119, 2, 55, 138, 24, 5, 58, 51, 147, 122]"
116997,"[21, 5, 187, 72, 261, 32, 24, 23, 19, 73]"
116998,"[42, 23, 138, 189, 3, 36, 220, 54, 32, 261]"
116999,"[2, 71, 92, 5, 261, 175, 66, 49, 6, 48]"
117000,"[149, 30, 66, 175, 124, 14, 3, 261, 9, 279]"
117001,"[45, 66, 261, 58, 71, 27, 19, 2, 149, 5]"
117002,"[60, 76, 36, 220, 19, 43, 138, 55, 54, 12]"
117003,"[76, 12, 279, 1, 157, 5, 7, 54, 19, 261]"
117004,"[175, 19, 7, 6, 30, 261, 48, 5, 55, 91]"
117005,"[18, 60, 90, 82, 0, 84, 15, 91, 92, 19]"
117006,"[175, 5, 19, 261, 30, 6, 48, 23, 7, 220]"
117007,"[238, 54, 5, 19, 261, 20, 2, 103, 220, 279]"
117008,"[19, 58, 36, 5, 76, 17, 12, 223, 3, 73]"
117009,"[66, 149, 175, 21, 30, 45, 92, 77, 6, 14]"
117010,"[19, 7, 23, 138, 261, 17, 5, 175, 76, 3]"
117011,"[5, 19, 77, 261, 92, 6, 279, 7, 76, 72]"
117012,"[97, 121, 60, 0, 5, 26, 19, 130, 13, 55]"
117013,"[112, 5, 92, 133, 157, 279, 142, 19, 49, 30]"
117014,"[15, 18, 0, 84, 105, 91, 82, 90, 60, 19]"
117015,"[18, 82, 90, 0, 15, 105, 60, 19, 84, 91]"
117016,"[55, 279, 103, 261, 43, 54, 58, 19, 41, 2]"
117017,"[66, 45, 149, 124, 3, 261, 138, 30, 2, 42]"
117018,"[261, 279, 121, 58, 43, 9, 51, 138, 55, 32]"
117019,"[187, 23, 21, 261, 32, 72, 279, 43, 2, 54]"
117020,"[223, 19, 5, 175, 49, 17, 151, 130, 92, 6]"
117021,"[157, 19, 76, 261, 138, 60, 5, 189, 175, 51]"
117022,"[5, 2, 77, 71, 10, 19, 238, 105, 34, 92]"
117023,"[97, 60, 121, 55, 19, 0, 5, 71, 2, 119]"
117024,"[7, 48, 261, 175, 72, 157, 92, 71, 238, 30]"
117025,"[6, 25, 77, 48, 157, 49, 19, 71, 92, 175]"
117026,"[157, 76, 19, 138, 189, 73, 23, 36, 7, 3]"
117027,"[21, 187, 14, 19, 30, 5, 149, 66, 223, 82]"
117028,"[103, 261, 32, 279, 220, 142, 54, 43, 5, 9]"
117029,"[175, 9, 38, 30, 77, 6, 19, 71, 92, 25]"
117030,"[97, 121, 0, 60, 105, 5, 13, 19, 55, 41]"
117031,"[43, 5, 55, 220, 103, 19, 3, 60, 261, 279]"
117032,"[187, 2, 19, 261, 142, 55, 43, 5, 21, 32]"
117033,"[157, 19, 76, 51, 36, 189, 138, 7, 5, 91]"
117034,"[55, 19, 146, 10, 5, 60, 92, 6, 91, 71]"
117035,"[64, 261, 20, 23, 36, 220, 14, 5, 76, 2]"
117036,"[279, 261, 1, 5, 23, 34, 19, 54, 76, 9]"
117037,"[82, 19, 105, 60, 90, 84, 18, 49, 5, 157]"
117038,"[261, 32, 14, 23, 54, 20, 220, 60, 103, 2]"
117039,"[187, 21, 261, 2, 43, 142, 23, 32, 54, 55]"
117040,"[157, 25, 151, 77, 6, 60, 19, 26, 105, 130]"
117041,"[1, 28, 23, 55, 149, 10, 138, 64, 42, 20]"
117042,"[124, 149, 66, 138, 3, 36, 30, 92, 261, 19]"
117043,"[26, 34, 122, 5, 77, 261, 19, 147, 10, 6]"
117044,"[189, 175, 19, 5, 26, 151, 6, 92, 66, 60]"
117045,"[71, 2, 5, 261, 32, 175, 138, 147, 26, 19]"
117046,"[5, 138, 36, 19, 3, 55, 149, 42, 189, 49]"
117047,"[13, 121, 0, 97, 146, 5, 55, 60, 23, 76]"
117048,"[54, 1, 279, 43, 23, 20, 14, 103, 32, 121]"
117049,"[51, 73, 5, 19, 130, 9, 157, 12, 10, 17]"
117050,"[142, 27, 30, 6, 66, 261, 19, 5, 77, 7]"
117051,"[142, 73, 27, 21, 66, 30, 175, 261, 17, 19]"
117052,"[49, 105, 60, 77, 5, 25, 55, 82, 19, 84]"
117053,"[90, 19, 20, 43, 5, 142, 279, 60, 261, 71]"
117054,"[27, 66, 45, 71, 149, 261, 92, 91, 5, 238]"
117055,"[279, 261, 54, 23, 43, 32, 55, 34, 2, 60]"
117056,"[5, 19, 73, 51, 223, 36, 3, 17, 6, 9]"
117057,"[105, 60, 130, 5, 19, 223, 17, 97, 82, 151]"
117058,"[91, 15, 18, 90, 238, 92, 72, 19, 55, 14]"
117059,"[92, 133, 175, 19, 151, 77, 6, 49, 44, 5]"
117060,"[23, 1, 32, 279, 54, 3, 42, 20, 36, 19]"
117061,"[21, 14, 19, 187, 5, 36, 30, 92, 66, 82]"
117062,"[2, 261, 32, 103, 220, 223, 54, 238, 19, 48]"
117063,"[64, 138, 45, 66, 10, 2, 23, 261, 21, 71]"
117064,"[15, 18, 0, 105, 19, 60, 82, 90, 84, 91]"
117065,"[60, 5, 19, 105, 55, 77, 82, 6, 97, 49]"
117066,"[49, 105, 5, 77, 60, 19, 82, 25, 6, 84]"
117067,"[30, 175, 7, 19, 3, 5, 6, 48, 92, 66]"
117068,"[10, 73, 19, 157, 5, 17, 6, 7, 55, 77]"
117069,"[28, 24, 32, 103, 19, 51, 122, 133, 9, 5]"
117070,"[60, 84, 157, 5, 25, 19, 97, 1, 42, 23]"
117071,"[36, 3, 138, 19, 42, 189, 149, 76, 5, 1]"
117072,"[9, 175, 5, 6, 19, 92, 71, 7, 66, 20]"
117073,"[5, 19, 223, 34, 77, 2, 261, 10, 238, 51]"
117074,"[7, 48, 6, 19, 30, 175, 66, 223, 21, 138]"
117075,"[149, 124, 30, 66, 175, 14, 9, 92, 103, 279]"
117076,"[122, 147, 26, 51, 24, 34, 28, 5, 32, 60]"
117077,"[261, 32, 2, 5, 73, 19, 220, 238, 103, 9]"
117078,"[105, 60, 82, 151, 19, 5, 91, 77, 18, 36]"
117079,"[14, 261, 54, 23, 43, 103, 32, 19, 60, 1]"
117080,"[19, 73, 5, 130, 6, 17, 36, 10, 82, 238]"
117081,"[49, 92, 6, 77, 105, 48, 7, 19, 238, 25]"
117082,"[142, 21, 66, 27, 73, 42, 30, 238, 17, 223]"
117083,"[142, 23, 175, 19, 279, 261, 5, 32, 24, 4]"
117084,"[121, 5, 175, 19, 279, 130, 97, 261, 157, 238]"
117085,"[5, 19, 18, 261, 51, 279, 91, 66, 71, 60]"
117086,"[147, 19, 5, 122, 12, 71, 238, 66, 34, 28]"
117087,"[238, 261, 91, 32, 279, 7, 19, 54, 5, 20]"
117088,"[73, 5, 19, 17, 10, 223, 130, 36, 77, 146]"
117089,"[23, 1, 3, 36, 54, 42, 138, 19, 32, 20]"
117090,"[157, 10, 97, 138, 72, 76, 41, 26, 71, 55]"
117091,"[29, 36, 3, 19, 138, 223, 17, 5, 7, 189]"
117092,"[66, 30, 5, 21, 19, 175, 92, 73, 36, 20]"
117093,"[2, 71, 5, 175, 261, 147, 92, 48, 49, 6]"
117094,"[187, 21, 261, 5, 73, 19, 23, 32, 142, 238]"
117095,"[142, 27, 66, 261, 30, 77, 7, 6, 279, 48]"
117096,"[30, 7, 71, 92, 48, 175, 20, 238, 14, 27]"
117097,"[18, 82, 90, 60, 19, 0, 15, 84, 91, 72]"
117098,"[9, 175, 51, 279, 10, 19, 261, 49, 5, 124]"
117099,"[142, 19, 279, 261, 14, 23, 5, 175, 54, 32]"
117100,"[27, 66, 45, 149, 71, 261, 91, 124, 238, 92]"
117101,"[66, 30, 175, 20, 92, 21, 19, 5, 2, 261]"
117102,"[44, 279, 5, 19, 32, 261, 76, 49, 2, 103]"
117103,"[138, 189, 42, 3, 23, 19, 36, 175, 7, 54]"
117104,"[149, 30, 175, 124, 66, 14, 7, 71, 3, 261]"
117105,"[41, 261, 5, 19, 71, 97, 55, 2, 10, 6]"
117106,"[1, 54, 279, 43, 23, 121, 103, 41, 261, 19]"
117107,"[1, 54, 43, 279, 23, 20, 14, 121, 90, 0]"
117108,"[187, 261, 5, 21, 23, 14, 32, 279, 3, 142]"
117109,"[5, 19, 73, 130, 49, 2, 146, 72, 71, 261]"
117110,"[32, 261, 5, 279, 17, 14, 72, 2, 19, 103]"
117111,"[51, 5, 34, 10, 19, 36, 28, 92, 122, 24]"
117112,"[6, 7, 48, 19, 92, 25, 36, 49, 175, 55]"
117113,"[36, 19, 5, 151, 77, 60, 223, 82, 55, 92]"
117114,"[21, 175, 189, 2, 19, 71, 55, 41, 138, 82]"
117115,"[36, 3, 42, 138, 189, 19, 76, 149, 55, 5]"
117116,"[19, 5, 73, 130, 146, 9, 51, 10, 3, 17]"
117117,"[48, 7, 6, 103, 175, 2, 5, 49, 261, 43]"
117118,"[43, 279, 19, 7, 220, 1, 9, 103, 5, 23]"
117119,"[82, 5, 19, 261, 54, 103, 21, 238, 279, 43]"
117120,"[41, 220, 19, 6, 73, 91, 261, 0, 5, 49]"
117121,"[121, 19, 5, 279, 175, 20, 92, 157, 10, 97]"
117122,"[51, 10, 5, 49, 147, 28, 19, 34, 26, 92]"
117123,"[92, 6, 77, 7, 175, 10, 48, 66, 49, 149]"
117124,"[41, 19, 220, 5, 261, 73, 60, 32, 103, 91]"
117125,"[1, 23, 54, 20, 28, 14, 72, 64, 279, 3]"
117126,"[45, 66, 71, 27, 238, 261, 21, 77, 6, 5]"
117127,"[28, 32, 1, 9, 24, 23, 261, 103, 54, 279]"
117128,"[4, 19, 5, 29, 24, 7, 49, 2, 175, 138]"
117129,"[189, 223, 19, 5, 138, 21, 64, 55, 82, 58]"
117130,"[32, 261, 44, 279, 19, 7, 103, 14, 20, 55]"
117131,"[19, 60, 82, 5, 105, 84, 130, 17, 91, 90]"
117132,"[130, 92, 19, 175, 223, 60, 6, 142, 17, 279]"
117133,"[19, 6, 49, 2, 66, 71, 5, 138, 60, 55]"
117134,"[189, 5, 71, 175, 43, 72, 19, 279, 26, 92]"
117135,"[261, 2, 175, 7, 138, 121, 19, 5, 58, 189]"
117136,"[10, 73, 19, 5, 17, 72, 7, 261, 146, 55]"
117137,"[238, 5, 279, 92, 27, 66, 19, 6, 91, 54]"
117138,"[23, 261, 279, 54, 64, 1, 66, 32, 20, 14]"
117139,"[41, 10, 55, 6, 0, 60, 43, 220, 71, 51]"
117140,"[55, 19, 60, 13, 10, 146, 7, 6, 71, 5]"
117141,"[30, 71, 7, 175, 20, 48, 5, 261, 92, 72]"
117142,"[58, 189, 138, 12, 7, 279, 223, 261, 43, 5]"
117143,"[28, 24, 119, 147, 51, 5, 130, 122, 19, 29]"
117144,"[7, 48, 6, 44, 261, 138, 43, 175, 19, 55]"
117145,"[44, 133, 48, 7, 92, 175, 38, 6, 124, 49]"
117146,"[10, 73, 19, 5, 55, 77, 6, 157, 7, 17]"
117147,"[24, 4, 60, 19, 36, 5, 9, 28, 49, 29]"
117148,"[71, 32, 175, 7, 19, 261, 2, 279, 38, 30]"
117149,"[157, 10, 72, 261, 5, 71, 18, 91, 55, 76]"
117150,"[223, 130, 60, 19, 12, 5, 90, 82, 92, 121]"
117151,"[26, 34, 5, 10, 122, 71, 130, 19, 36, 72]"
117152,"[105, 49, 151, 77, 60, 5, 25, 19, 36, 157]"
117153,"[55, 10, 138, 41, 121, 1, 189, 92, 2, 49]"
117154,"[223, 189, 19, 36, 5, 82, 92, 130, 138, 64]"
117155,"[18, 10, 71, 157, 41, 72, 55, 76, 21, 0]"
117156,"[187, 21, 5, 14, 19, 103, 261, 92, 43, 2]"
117157,"[1, 54, 23, 5, 20, 19, 73, 32, 72, 64]"
117158,"[7, 48, 6, 44, 279, 34, 175, 261, 54, 66]"
117159,"[13, 121, 0, 97, 5, 146, 76, 279, 19, 55]"
117160,"[15, 82, 19, 91, 84, 60, 18, 146, 0, 223]"
117161,"[27, 142, 21, 261, 66, 19, 32, 279, 5, 238]"
117162,"[149, 175, 124, 66, 30, 14, 41, 71, 6, 3]"
117163,"[279, 5, 261, 19, 23, 32, 73, 175, 34, 91]"
117164,"[32, 261, 279, 17, 42, 5, 91, 19, 3, 23]"
117165,"[142, 54, 2, 261, 279, 27, 32, 55, 21, 60]"
117166,"[10, 34, 60, 26, 5, 77, 130, 72, 19, 261]"
117167,"[103, 261, 2, 32, 19, 220, 48, 7, 279, 3]"
117168,"[122, 147, 28, 51, 26, 34, 24, 10, 105, 32]"
117169,"[220, 261, 43, 19, 2, 103, 54, 32, 58, 66]"
117170,"[105, 60, 151, 82, 77, 18, 91, 5, 19, 0]"
117171,"[32, 261, 7, 103, 279, 6, 19, 44, 20, 9]"
117172,"[51, 10, 9, 55, 73, 58, 261, 34, 279, 157]"
117173,"[17, 19, 73, 7, 146, 60, 3, 5, 55, 138]"
117174,"[103, 238, 220, 20, 5, 261, 279, 19, 32, 14]"
117175,"[175, 19, 6, 30, 7, 48, 5, 73, 92, 261]"
117176,"[5, 10, 2, 19, 66, 26, 71, 122, 261, 73]"
117177,"[189, 26, 5, 223, 130, 175, 19, 138, 17, 92]"
117178,"[119, 147, 5, 24, 28, 122, 34, 1, 26, 19]"
117179,"[189, 5, 223, 19, 64, 55, 20, 138, 82, 36]"
117180,"[10, 34, 60, 26, 2, 55, 5, 51, 261, 19]"
117181,"[44, 6, 279, 7, 48, 25, 157, 92, 23, 175]"
117182,"[2, 5, 71, 175, 261, 92, 49, 147, 48, 32]"
117183,"[64, 261, 2, 23, 1, 55, 32, 138, 54, 71]"
117184,"[10, 5, 19, 279, 34, 51, 130, 261, 77, 121]"
117185,"[14, 1, 54, 261, 23, 66, 18, 43, 19, 60]"
117186,"[279, 23, 32, 261, 54, 1, 19, 5, 9, 43]"
117187,"[4, 5, 23, 60, 2, 19, 261, 279, 32, 7]"
117188,"[189, 19, 5, 223, 7, 92, 175, 60, 55, 138]"
117189,"[147, 28, 122, 5, 60, 26, 24, 119, 32, 71]"
117190,"[187, 34, 261, 142, 32, 103, 43, 279, 55, 2]"
117191,"[64, 146, 261, 5, 1, 20, 3, 23, 72, 279]"
117192,"[28, 32, 5, 261, 19, 20, 238, 24, 279, 26]"
117193,"[41, 0, 82, 49, 10, 105, 6, 15, 19, 138]"
117194,"[54, 1, 279, 43, 23, 20, 121, 0, 10, 14]"
117195,"[279, 261, 32, 5, 43, 19, 103, 54, 9, 2]"
117196,"[92, 19, 133, 5, 6, 175, 49, 130, 77, 238]"
117197,"[18, 0, 72, 60, 90, 91, 97, 5, 15, 19]"
117198,"[32, 261, 103, 279, 43, 23, 54, 20, 19, 5]"
117199,"[187, 21, 5, 19, 43, 103, 261, 20, 14, 32]"
117200,"[187, 21, 3, 73, 5, 142, 19, 261, 23, 2]"
117201,"[71, 5, 2, 261, 19, 32, 20, 238, 147, 121]"
117202,"[187, 32, 261, 2, 34, 43, 103, 142, 279, 5]"
117203,"[92, 6, 133, 48, 7, 77, 49, 149, 66, 30]"
117204,"[73, 17, 19, 10, 51, 130, 6, 261, 5, 142]"
117205,"[189, 5, 71, 19, 175, 279, 43, 72, 10, 2]"
117206,"[19, 3, 7, 17, 138, 36, 103, 175, 279, 1]"
117207,"[34, 10, 26, 19, 5, 130, 122, 28, 36, 9]"
117208,"[220, 19, 261, 5, 32, 2, 279, 43, 12, 7]"
117209,"[261, 279, 5, 60, 138, 7, 189, 58, 43, 223]"
117210,"[7, 5, 84, 19, 138, 20, 261, 43, 220, 9]"
117211,"[34, 10, 26, 5, 19, 122, 130, 55, 60, 28]"
117212,"[32, 44, 103, 261, 279, 14, 92, 30, 175, 7]"
117213,"[124, 41, 2, 71, 175, 261, 14, 149, 10, 66]"
117214,"[60, 51, 19, 121, 5, 122, 34, 28, 10, 12]"
117215,"[151, 77, 7, 9, 38, 220, 175, 19, 25, 49]"
117216,"[105, 5, 10, 82, 49, 133, 1, 92, 19, 60]"
117217,"[45, 66, 77, 149, 261, 21, 36, 71, 238, 19]"
117218,"[4, 24, 19, 36, 29, 138, 60, 51, 189, 66]"
117219,"[223, 19, 130, 60, 90, 5, 12, 92, 82, 261]"
117220,"[7, 6, 48, 261, 238, 43, 19, 55, 44, 2]"
117221,"[223, 189, 19, 130, 36, 5, 92, 3, 49, 138]"
117222,"[64, 261, 20, 146, 19, 5, 279, 1, 72, 220]"
117223,"[77, 7, 92, 5, 19, 6, 223, 9, 238, 36]"
117224,"[146, 19, 5, 6, 13, 26, 66, 55, 73, 122]"
117225,"[28, 103, 1, 32, 9, 24, 147, 279, 261, 10]"
117226,"[5, 138, 36, 55, 149, 3, 19, 42, 105, 2]"
117227,"[105, 60, 130, 5, 19, 223, 17, 97, 82, 77]"
117228,"[105, 60, 130, 5, 19, 223, 17, 82, 77, 97]"
117229,"[26, 34, 5, 238, 72, 122, 10, 71, 261, 19]"
117230,"[189, 5, 19, 223, 279, 138, 34, 175, 36, 9]"
117231,"[189, 5, 223, 279, 175, 64, 43, 20, 19, 23]"
117232,"[151, 77, 60, 19, 55, 157, 105, 82, 5, 51]"
117233,"[1, 23, 54, 64, 279, 32, 261, 220, 20, 9]"
117234,"[15, 18, 0, 82, 60, 19, 91, 84, 90, 105]"
117235,"[279, 261, 19, 5, 51, 1, 32, 23, 76, 54]"
117236,"[28, 103, 1, 24, 10, 9, 147, 49, 32, 23]"
117237,"[175, 30, 38, 7, 48, 6, 19, 92, 10, 66]"
117238,"[51, 34, 5, 10, 19, 122, 55, 32, 28, 24]"
117239,"[76, 261, 36, 5, 55, 32, 42, 19, 3, 138]"
117240,"[112, 92, 5, 133, 29, 49, 9, 157, 6, 30]"
117241,"[146, 19, 55, 13, 82, 60, 5, 17, 3, 73]"
117242,"[147, 5, 19, 238, 71, 261, 279, 60, 122, 66]"
117243,"[7, 2, 175, 92, 49, 48, 44, 6, 138, 66]"
117244,"[142, 261, 66, 27, 23, 73, 7, 42, 21, 30]"
117245,"[66, 149, 45, 261, 124, 20, 238, 3, 19, 14]"
117246,"[27, 142, 21, 66, 19, 73, 30, 6, 175, 3]"
117247,"[30, 7, 175, 48, 6, 3, 19, 38, 66, 146]"
117248,"[121, 175, 19, 151, 92, 157, 133, 130, 97, 10]"
117249,"[105, 60, 5, 130, 19, 223, 82, 77, 17, 55]"
117250,"[238, 54, 5, 261, 19, 279, 43, 20, 66, 2]"
117251,"[130, 92, 44, 19, 279, 112, 7, 223, 175, 60]"
117252,"[64, 261, 71, 20, 23, 2, 14, 1, 92, 32]"
117253,"[60, 130, 17, 19, 5, 73, 151, 223, 77, 105]"
117254,"[19, 5, 51, 36, 223, 92, 73, 138, 6, 261]"
117255,"[5, 19, 6, 261, 220, 49, 146, 9, 26, 238]"
117256,"[13, 121, 97, 0, 55, 71, 146, 60, 279, 76]"
117257,"[71, 19, 30, 5, 261, 175, 36, 7, 38, 77]"
117258,"[19, 49, 5, 146, 6, 175, 26, 73, 220, 92]"
117259,"[28, 24, 119, 147, 51, 130, 5, 122, 4, 19]"
117260,"[38, 71, 175, 19, 30, 5, 77, 7, 6, 25]"
117261,"[261, 5, 147, 19, 32, 238, 23, 76, 142, 28]"
117262,"[142, 19, 5, 279, 14, 261, 175, 23, 43, 54]"
117263,"[38, 71, 19, 30, 175, 7, 5, 77, 6, 66]"
117264,"[82, 105, 151, 60, 157, 77, 19, 90, 18, 36]"
117265,"[41, 5, 19, 261, 91, 97, 32, 55, 71, 0]"
117266,"[28, 24, 103, 5, 19, 20, 76, 32, 66, 149]"
117267,"[147, 19, 5, 238, 71, 261, 122, 77, 60, 66]"
117268,"[28, 119, 147, 24, 5, 122, 130, 26, 60, 157]"
117269,"[19, 5, 36, 51, 73, 223, 3, 29, 17, 92]"
117270,"[71, 19, 7, 73, 238, 38, 17, 5, 9, 77]"
117271,"[21, 187, 19, 14, 27, 82, 24, 66, 92, 142]"
117272,"[25, 6, 55, 36, 49, 157, 42, 60, 77, 138]"
117273,"[42, 36, 23, 138, 3, 189, 220, 1, 261, 29]"
117274,"[10, 34, 5, 26, 19, 77, 92, 51, 2, 49]"
117275,"[187, 261, 21, 5, 2, 72, 23, 43, 19, 32]"
117276,"[2, 19, 92, 261, 36, 73, 5, 32, 49, 66]"
117277,"[146, 5, 19, 82, 13, 55, 60, 91, 3, 189]"
117278,"[2, 261, 54, 32, 19, 103, 5, 220, 71, 3]"
117279,"[90, 19, 64, 60, 10, 92, 30, 43, 82, 26]"
117280,"[92, 133, 44, 49, 112, 77, 9, 7, 238, 2]"
117281,"[157, 72, 73, 5, 91, 76, 10, 55, 19, 97]"
117282,"[17, 73, 261, 19, 2, 23, 7, 32, 238, 279]"
117283,"[12, 5, 19, 130, 261, 73, 17, 71, 92, 51]"
117284,"[29, 36, 3, 24, 19, 92, 5, 4, 17, 9]"
117285,"[15, 82, 84, 19, 91, 18, 0, 60, 105, 90]"
117286,"[6, 49, 66, 92, 77, 138, 19, 175, 220, 105]"
117287,"[42, 23, 138, 36, 189, 220, 3, 29, 1, 261]"
117288,"[10, 279, 34, 5, 19, 55, 12, 54, 261, 121]"
117289,"[43, 7, 9, 220, 261, 19, 77, 92, 103, 279]"
117290,"[45, 261, 66, 71, 5, 54, 32, 279, 55, 146]"
117291,"[112, 5, 261, 9, 279, 142, 157, 29, 223, 92]"
117292,"[0, 18, 60, 82, 90, 15, 97, 84, 105, 19]"
117293,"[12, 19, 5, 71, 17, 130, 238, 20, 261, 73]"
117294,"[41, 97, 19, 0, 55, 71, 10, 5, 6, 2]"
117295,"[10, 5, 279, 34, 51, 19, 72, 121, 261, 71]"
117296,"[82, 18, 60, 19, 90, 0, 84, 5, 15, 91]"
117297,"[130, 92, 19, 223, 17, 142, 175, 7, 238, 279]"
117298,"[41, 220, 19, 261, 5, 0, 103, 6, 60, 49]"
117299,"[105, 10, 41, 90, 60, 82, 49, 0, 92, 54]"
117300,"[138, 19, 6, 92, 10, 23, 36, 1, 189, 55]"
117301,"[84, 60, 82, 90, 19, 0, 223, 13, 105, 7]"
117302,"[30, 175, 7, 3, 19, 6, 48, 5, 66, 21]"
117303,"[220, 58, 261, 279, 19, 43, 2, 5, 66, 32]"
117304,"[71, 19, 5, 54, 261, 73, 7, 238, 9, 2]"
117305,"[6, 7, 44, 48, 25, 157, 175, 92, 19, 55]"
117306,"[5, 32, 279, 2, 60, 43, 10, 34, 71, 19]"
117307,"[76, 36, 3, 149, 19, 138, 42, 92, 189, 5]"
117308,"[7, 5, 2, 92, 175, 54, 279, 19, 261, 55]"
117309,"[122, 34, 26, 5, 72, 261, 32, 146, 19, 279]"
117310,"[20, 2, 175, 66, 103, 71, 149, 64, 261, 19]"
117311,"[147, 5, 19, 122, 71, 238, 279, 34, 32, 175]"
117312,"[43, 19, 5, 7, 220, 12, 103, 279, 34, 138]"
117313,"[7, 48, 30, 6, 44, 19, 261, 175, 14, 72]"
117314,"[27, 66, 45, 149, 124, 71, 92, 20, 30, 112]"
117315,"[77, 34, 5, 76, 26, 19, 122, 60, 130, 10]"
117316,"[175, 19, 5, 6, 7, 146, 261, 220, 3, 48]"
117317,"[130, 92, 19, 44, 112, 223, 7, 5, 6, 175]"
117318,"[49, 105, 60, 77, 5, 6, 25, 19, 82, 51]"
117319,"[175, 9, 6, 38, 77, 5, 30, 25, 19, 71]"
117320,"[29, 24, 3, 36, 19, 4, 17, 92, 9, 138]"
117321,"[119, 5, 24, 147, 28, 19, 55, 51, 36, 60]"
117322,"[133, 5, 92, 238, 130, 19, 26, 175, 21, 66]"
117323,"[175, 30, 21, 6, 149, 19, 66, 3, 138, 223]"
117324,"[44, 6, 279, 7, 25, 48, 157, 92, 175, 32]"
117325,"[44, 6, 7, 279, 25, 48, 157, 32, 175, 92]"
117326,"[48, 7, 30, 49, 44, 6, 92, 103, 38, 133]"
117327,"[77, 76, 60, 5, 34, 19, 26, 130, 122, 13]"
117328,"[21, 20, 261, 5, 103, 32, 72, 187, 19, 238]"
117329,"[49, 105, 60, 77, 25, 5, 26, 82, 6, 55]"
117330,"[19, 5, 76, 12, 7, 121, 130, 223, 261, 73]"
117331,"[25, 151, 77, 36, 60, 55, 49, 157, 19, 105]"
117332,"[146, 55, 5, 82, 60, 19, 13, 36, 18, 151]"
117333,"[72, 1, 157, 23, 77, 76, 10, 36, 60, 64]"
117334,"[103, 3, 19, 261, 91, 279, 54, 175, 138, 7]"
117335,"[261, 60, 4, 5, 279, 43, 2, 19, 55, 32]"
117336,"[25, 151, 157, 77, 60, 49, 105, 36, 3, 130]"
117337,"[17, 73, 19, 5, 3, 146, 130, 82, 223, 138]"
117338,"[25, 6, 49, 55, 36, 42, 138, 157, 60, 23]"
117339,"[26, 34, 5, 10, 122, 72, 71, 28, 238, 77]"
117340,"[92, 19, 6, 5, 133, 175, 77, 238, 130, 49]"
117341,"[77, 92, 7, 5, 48, 6, 151, 175, 9, 19]"
117342,"[157, 76, 72, 5, 10, 73, 97, 19, 91, 55]"
117343,"[76, 36, 55, 3, 42, 149, 19, 138, 261, 60]"
117344,"[27, 66, 45, 149, 124, 92, 71, 30, 21, 77]"
117345,"[3, 42, 36, 29, 73, 19, 189, 21, 146, 6]"
117346,"[44, 6, 7, 279, 25, 48, 157, 92, 23, 77]"
117347,"[19, 17, 82, 189, 5, 130, 73, 34, 15, 6]"
117348,"[17, 73, 19, 146, 7, 5, 223, 3, 55, 60]"
117349,"[4, 36, 19, 24, 29, 5, 60, 51, 17, 138]"
117350,"[92, 6, 7, 133, 77, 49, 48, 149, 66, 175]"
117351,"[25, 6, 55, 36, 157, 42, 49, 3, 60, 138]"
117352,"[55, 5, 121, 6, 138, 189, 92, 97, 1, 7]"
117353,"[36, 3, 138, 55, 42, 149, 29, 19, 5, 92]"
117354,"[7, 43, 55, 2, 223, 261, 13, 54, 5, 279]"
117355,"[18, 19, 5, 60, 9, 71, 91, 279, 146, 73]"
117356,"[19, 5, 34, 17, 9, 130, 73, 3, 223, 10]"
117357,"[36, 3, 149, 55, 19, 138, 92, 29, 42, 5]"
117358,"[91, 72, 19, 55, 238, 90, 261, 18, 27, 17]"
117359,"[54, 1, 23, 14, 20, 279, 261, 32, 5, 64]"
117360,"[72, 19, 36, 10, 3, 5, 73, 34, 26, 189]"
117361,"[54, 32, 261, 279, 23, 1, 5, 14, 43, 20]"
117362,"[223, 19, 92, 5, 189, 21, 6, 82, 36, 77]"
117363,"[42, 138, 3, 189, 36, 23, 29, 149, 1, 220]"
117364,"[92, 133, 49, 44, 130, 2, 19, 112, 10, 9]"
117365,"[28, 1, 9, 23, 24, 32, 10, 103, 147, 34]"
117366,"[44, 48, 7, 133, 38, 175, 92, 6, 30, 49]"
117367,"[72, 23, 10, 1, 157, 5, 76, 19, 130, 189]"
117368,"[5, 279, 19, 32, 73, 23, 261, 146, 34, 9]"
117369,"[90, 19, 43, 34, 20, 30, 189, 92, 64, 26]"
117370,"[103, 261, 32, 279, 19, 9, 220, 23, 2, 43]"
117371,"[29, 36, 5, 19, 92, 3, 24, 223, 49, 73]"
117372,"[119, 5, 147, 28, 24, 122, 34, 223, 279, 261]"
117373,"[64, 261, 32, 20, 23, 2, 54, 220, 14, 43]"
117374,"[77, 49, 151, 157, 6, 71, 175, 92, 105, 25]"
117375,"[142, 21, 66, 30, 27, 19, 7, 73, 149, 223]"
117376,"[122, 26, 34, 5, 77, 261, 19, 121, 220, 32]"
117377,"[220, 261, 32, 43, 20, 19, 238, 1, 103, 54]"
117378,"[73, 17, 19, 5, 3, 72, 261, 146, 6, 10]"
117379,"[36, 138, 19, 3, 189, 42, 5, 149, 76, 29]"
117380,"[45, 66, 149, 36, 27, 19, 77, 238, 261, 3]"
117381,"[71, 5, 2, 238, 261, 19, 92, 20, 64, 147]"
117382,"[17, 73, 5, 19, 279, 261, 32, 142, 7, 238]"
117383,"[103, 279, 32, 261, 5, 19, 64, 23, 54, 34]"
117384,"[19, 64, 5, 20, 58, 66, 6, 138, 220, 157]"
117385,"[27, 66, 92, 20, 45, 149, 238, 5, 261, 19]"
117386,"[189, 138, 19, 5, 72, 23, 146, 7, 4, 279]"
117387,"[26, 34, 5, 10, 122, 72, 77, 238, 130, 71]"
117388,"[223, 5, 19, 17, 261, 142, 73, 9, 130, 175]"
117389,"[5, 19, 60, 9, 112, 130, 220, 92, 26, 54]"
117390,"[2, 261, 5, 71, 175, 32, 147, 92, 48, 220]"
117391,"[122, 147, 28, 51, 26, 34, 5, 24, 19, 60]"
117392,"[29, 5, 36, 19, 3, 223, 42, 24, 58, 92]"
117393,"[23, 279, 64, 1, 54, 32, 261, 20, 5, 19]"
117394,"[14, 261, 5, 32, 73, 19, 279, 9, 23, 72]"
117395,"[220, 261, 43, 55, 19, 54, 279, 9, 2, 103]"
117396,"[30, 175, 7, 48, 6, 3, 19, 146, 66, 92]"
117397,"[149, 124, 3, 36, 45, 1, 20, 138, 66, 42]"
117398,"[4, 19, 36, 5, 24, 60, 17, 223, 76, 32]"
117399,"[55, 60, 19, 261, 13, 146, 5, 71, 7, 10]"
117400,"[12, 261, 71, 32, 60, 5, 51, 19, 279, 55]"
117401,"[149, 124, 3, 45, 20, 66, 1, 138, 36, 42]"
117402,"[5, 19, 10, 130, 279, 72, 1, 34, 51, 91]"
117403,"[21, 73, 5, 27, 261, 20, 238, 32, 187, 3]"
117404,"[72, 7, 261, 2, 32, 238, 19, 223, 14, 66]"
117405,"[71, 19, 73, 5, 238, 17, 7, 77, 9, 91]"
117406,"[54, 1, 23, 261, 279, 64, 32, 103, 20, 43]"
117407,"[1, 23, 54, 64, 261, 279, 5, 220, 32, 20]"
117408,"[18, 60, 19, 0, 51, 91, 71, 90, 55, 97]"
117409,"[27, 142, 21, 30, 66, 5, 3, 19, 238, 73]"
117410,"[7, 48, 44, 6, 261, 175, 5, 49, 279, 19]"
117411,"[147, 122, 26, 28, 71, 5, 119, 51, 60, 24]"
117412,"[45, 66, 19, 261, 149, 91, 27, 5, 71, 175]"
117413,"[238, 5, 32, 19, 72, 20, 279, 220, 261, 9]"
117414,"[220, 261, 9, 19, 279, 103, 32, 43, 6, 54]"
117415,"[175, 6, 71, 2, 10, 41, 92, 261, 48, 66]"
117416,"[15, 18, 0, 60, 82, 19, 91, 84, 90, 105]"
117417,"[121, 175, 279, 97, 5, 157, 133, 19, 151, 130]"
117418,"[54, 1, 43, 279, 23, 10, 121, 20, 0, 41]"
117419,"[32, 261, 5, 103, 220, 238, 279, 19, 42, 73]"
117420,"[7, 261, 19, 6, 48, 14, 175, 71, 66, 72]"
117421,"[149, 124, 3, 20, 1, 45, 36, 138, 66, 42]"
117422,"[48, 7, 175, 6, 19, 44, 9, 2, 71, 30]"
117423,"[32, 261, 279, 42, 103, 5, 220, 238, 54, 14]"
117424,"[10, 2, 5, 51, 19, 54, 261, 71, 55, 41]"
117425,"[36, 19, 4, 5, 24, 223, 238, 17, 73, 72]"
117426,"[105, 60, 5, 130, 19, 223, 77, 82, 17, 151]"
117427,"[27, 66, 149, 5, 261, 20, 45, 3, 92, 238]"
117428,"[91, 19, 60, 130, 18, 55, 5, 71, 51, 90]"
117429,"[60, 19, 51, 122, 121, 97, 26, 5, 12, 0]"
117430,"[175, 9, 5, 19, 6, 7, 20, 66, 92, 261]"
117431,"[38, 175, 77, 30, 71, 19, 66, 60, 7, 25]"
117432,"[142, 175, 23, 279, 4, 14, 261, 32, 187, 24]"
117433,"[223, 19, 5, 130, 189, 60, 82, 17, 36, 55]"
117434,"[20, 2, 175, 261, 66, 5, 19, 54, 103, 32]"
117435,"[151, 157, 77, 105, 19, 112, 130, 60, 25, 55]"
117436,"[72, 261, 7, 32, 5, 23, 2, 14, 279, 19]"
117437,"[17, 73, 19, 5, 55, 60, 146, 130, 7, 223]"
117438,"[73, 2, 5, 3, 36, 32, 261, 19, 92, 238]"
117439,"[7, 6, 48, 19, 175, 92, 2, 261, 44, 49]"
117440,"[90, 18, 0, 91, 72, 73, 5, 20, 279, 60]"
117441,"[42, 23, 138, 3, 189, 36, 261, 1, 220, 19]"
117442,"[130, 19, 12, 151, 17, 223, 157, 72, 60, 5]"
117443,"[60, 105, 130, 5, 19, 223, 17, 82, 97, 157]"
117444,"[60, 130, 151, 17, 105, 157, 223, 19, 77, 220]"
117445,"[5, 84, 60, 19, 77, 238, 105, 157, 92, 97]"
117446,"[124, 149, 66, 92, 36, 138, 2, 55, 3, 30]"
117447,"[103, 261, 32, 220, 7, 23, 2, 279, 19, 138]"
117448,"[42, 36, 23, 157, 138, 1, 76, 3, 189, 19]"
117449,"[19, 5, 73, 238, 82, 10, 261, 17, 21, 223]"
117450,"[97, 0, 41, 121, 138, 18, 60, 25, 189, 23]"
117451,"[1, 64, 23, 54, 261, 279, 43, 32, 20, 220]"
117452,"[60, 105, 5, 130, 19, 223, 17, 73, 82, 32]"
117453,"[97, 18, 60, 121, 0, 138, 55, 90, 41, 5]"
117454,"[73, 17, 5, 19, 146, 130, 10, 82, 223, 3]"
117455,"[72, 7, 261, 5, 32, 279, 17, 238, 142, 19]"
117456,"[187, 21, 5, 72, 261, 142, 279, 3, 32, 43]"
117457,"[6, 49, 19, 66, 92, 77, 71, 138, 60, 261]"
117458,"[28, 19, 92, 5, 51, 238, 24, 36, 103, 20]"
117459,"[0, 71, 60, 55, 76, 18, 121, 97, 13, 19]"
117460,"[49, 6, 105, 92, 48, 77, 25, 7, 26, 175]"
117461,"[5, 19, 261, 2, 4, 77, 71, 7, 49, 121]"
117462,"[220, 19, 261, 5, 91, 2, 32, 3, 17, 146]"
117463,"[97, 60, 55, 121, 19, 71, 13, 5, 0, 2]"
117464,"[49, 105, 151, 25, 77, 60, 157, 26, 84, 82]"
117465,"[66, 21, 92, 2, 175, 71, 261, 27, 30, 77]"
117466,"[72, 34, 10, 26, 5, 36, 130, 189, 19, 73]"
117467,"[55, 19, 10, 60, 5, 146, 261, 7, 71, 6]"
117468,"[3, 175, 19, 73, 32, 2, 6, 21, 124, 71]"
117469,"[60, 130, 151, 19, 5, 105, 157, 25, 77, 17]"
117470,"[279, 261, 23, 32, 142, 9, 34, 5, 54, 1]"
117471,"[0, 97, 76, 121, 71, 13, 5, 66, 122, 41]"
117472,"[64, 32, 261, 23, 1, 54, 279, 20, 2, 5]"
117473,"[1, 54, 23, 43, 279, 20, 14, 175, 121, 0]"
117474,"[66, 45, 149, 124, 261, 2, 138, 14, 30, 6]"
117475,"[3, 5, 19, 73, 30, 21, 6, 72, 17, 223]"
117476,"[42, 189, 138, 23, 3, 220, 43, 36, 55, 32]"
117477,"[5, 279, 19, 23, 32, 261, 146, 175, 73, 34]"
117478,"[10, 73, 19, 55, 6, 71, 157, 51, 5, 48]"
117479,"[15, 18, 0, 105, 84, 91, 82, 90, 60, 19]"
117480,"[27, 142, 21, 175, 66, 2, 19, 73, 261, 3]"
117481,"[4, 5, 19, 24, 17, 7, 223, 142, 73, 51]"
117482,"[72, 23, 10, 1, 157, 77, 76, 34, 189, 43]"
117483,"[32, 261, 279, 44, 23, 7, 14, 20, 103, 19]"
117484,"[51, 73, 19, 5, 9, 261, 130, 32, 279, 10]"
117485,"[77, 49, 151, 157, 6, 19, 25, 5, 175, 60]"
117486,"[187, 142, 19, 5, 103, 43, 21, 32, 2, 261]"
117487,"[48, 7, 6, 25, 142, 138, 189, 44, 175, 30]"
117488,"[5, 105, 279, 10, 19, 130, 34, 112, 133, 32]"
117489,"[66, 45, 149, 261, 124, 20, 32, 14, 138, 238]"
117490,"[73, 19, 72, 5, 238, 261, 71, 138, 14, 189]"
117491,"[10, 73, 19, 6, 5, 17, 7, 26, 55, 175]"
117492,"[5, 19, 261, 175, 7, 76, 138, 121, 12, 36]"
117493,"[142, 279, 19, 23, 175, 261, 5, 24, 17, 14]"
117494,"[23, 1, 64, 279, 54, 20, 261, 32, 149, 5]"
117495,"[187, 21, 5, 73, 142, 3, 19, 36, 72, 238]"
117496,"[5, 19, 223, 72, 21, 34, 2, 73, 54, 130]"
117497,"[142, 30, 175, 38, 279, 19, 133, 27, 66, 149]"
117498,"[1, 23, 32, 261, 10, 5, 28, 55, 279, 9]"
117499,"[32, 261, 5, 279, 23, 220, 14, 42, 19, 103]"
117500,"[119, 5, 24, 28, 147, 1, 55, 2, 19, 51]"
117501,"[82, 19, 138, 21, 6, 5, 7, 66, 238, 103]"
117502,"[146, 19, 5, 6, 189, 13, 122, 66, 26, 138]"
117503,"[19, 82, 60, 5, 105, 84, 130, 90, 17, 91]"
117504,"[55, 10, 19, 60, 6, 7, 71, 146, 223, 138]"
117505,"[92, 133, 6, 49, 175, 19, 130, 151, 189, 146]"
117506,"[223, 189, 19, 21, 82, 138, 66, 58, 5, 92]"
117507,"[60, 130, 151, 105, 77, 157, 25, 5, 19, 17]"
117508,"[13, 121, 97, 0, 5, 146, 23, 55, 19, 76]"
117509,"[51, 261, 73, 10, 9, 5, 19, 12, 279, 130]"
117510,"[3, 19, 17, 29, 138, 175, 36, 6, 82, 21]"
117511,"[9, 51, 279, 2, 58, 10, 55, 66, 175, 19]"
117512,"[41, 220, 19, 82, 36, 5, 91, 3, 73, 0]"
117513,"[60, 151, 130, 105, 77, 157, 5, 25, 97, 26]"
117514,"[279, 261, 103, 32, 43, 54, 9, 55, 2, 71]"
117515,"[29, 3, 19, 36, 138, 189, 82, 6, 21, 17]"
117516,"[45, 66, 27, 261, 279, 149, 175, 71, 32, 24]"
117517,"[92, 6, 7, 49, 175, 77, 66, 10, 149, 48]"
117518,"[121, 19, 175, 279, 157, 130, 5, 151, 133, 1]"
117519,"[26, 5, 34, 238, 19, 77, 72, 261, 122, 71]"
117520,"[30, 175, 48, 7, 6, 66, 3, 124, 38, 71]"
117521,"[71, 38, 30, 66, 45, 77, 36, 92, 19, 7]"
117522,"[34, 5, 261, 42, 72, 279, 26, 32, 19, 7]"
117523,"[77, 49, 92, 105, 38, 5, 175, 133, 6, 157]"
117524,"[3, 19, 17, 73, 21, 72, 223, 5, 149, 146]"
117525,"[138, 19, 36, 6, 92, 7, 2, 49, 10, 189]"
117526,"[4, 19, 5, 7, 261, 24, 142, 60, 9, 66]"
117527,"[189, 5, 19, 92, 223, 7, 60, 138, 1, 6]"
117528,"[82, 84, 90, 60, 19, 105, 49, 15, 223, 18]"
117529,"[1, 54, 23, 279, 43, 20, 121, 32, 103, 19]"
117530,"[12, 71, 19, 5, 92, 238, 17, 130, 66, 60]"
117531,"[64, 146, 23, 279, 3, 1, 17, 20, 32, 261]"
117532,"[90, 60, 19, 5, 10, 18, 91, 32, 43, 73]"
117533,"[19, 17, 7, 175, 261, 279, 146, 5, 103, 223]"
117534,"[48, 7, 6, 261, 55, 175, 71, 2, 9, 19]"
117535,"[71, 19, 5, 30, 7, 60, 261, 77, 55, 27]"
117536,"[133, 5, 130, 92, 2, 238, 26, 175, 147, 60]"
117537,"[19, 5, 36, 51, 223, 92, 73, 17, 3, 238]"
117538,"[55, 138, 121, 10, 1, 36, 92, 2, 51, 54]"
117539,"[187, 2, 21, 142, 55, 19, 10, 5, 261, 43]"
117540,"[48, 7, 138, 261, 23, 5, 60, 175, 6, 279]"
117541,"[66, 175, 30, 149, 6, 124, 19, 49, 92, 7]"
117542,"[20, 54, 279, 261, 1, 5, 14, 19, 32, 238]"
117543,"[82, 84, 60, 19, 90, 223, 15, 18, 0, 105]"
117544,"[42, 138, 23, 189, 36, 3, 220, 279, 32, 29]"
117545,"[121, 19, 175, 5, 130, 10, 92, 151, 133, 157]"
117546,"[66, 261, 45, 5, 19, 27, 20, 60, 279, 32]"
117547,"[5, 19, 73, 261, 2, 72, 130, 238, 54, 34]"
117548,"[21, 82, 64, 187, 24, 157, 72, 223, 5, 142]"
117549,"[64, 261, 1, 23, 20, 32, 54, 2, 279, 5]"
117550,"[45, 66, 261, 6, 71, 2, 54, 19, 58, 138]"
117551,"[3, 36, 19, 17, 138, 6, 7, 29, 73, 42]"
117552,"[9, 175, 51, 92, 71, 10, 6, 279, 19, 49]"
117553,"[7, 261, 23, 71, 92, 2, 43, 175, 279, 14]"
117554,"[18, 0, 90, 105, 60, 72, 15, 10, 19, 82]"
117555,"[1, 54, 64, 23, 261, 279, 20, 5, 220, 19]"
117556,"[14, 261, 23, 20, 1, 32, 279, 72, 54, 5]"
117557,"[27, 142, 21, 66, 19, 30, 73, 92, 3, 2]"
117558,"[223, 130, 19, 5, 92, 60, 12, 82, 90, 29]"
117559,"[71, 2, 5, 261, 55, 19, 175, 7, 138, 66]"
117560,"[32, 261, 44, 103, 7, 92, 175, 6, 279, 14]"
117561,"[27, 142, 261, 21, 19, 5, 66, 238, 30, 73]"
117562,"[261, 5, 2, 32, 60, 279, 19, 54, 55, 10]"
117563,"[41, 10, 97, 0, 60, 28, 55, 147, 121, 151]"
117564,"[29, 36, 24, 28, 9, 92, 19, 3, 5, 238]"
117565,"[29, 3, 36, 138, 17, 223, 19, 6, 7, 175]"
117566,"[48, 7, 261, 6, 5, 44, 49, 30, 138, 2]"
117567,"[49, 105, 77, 151, 60, 5, 25, 19, 36, 82]"
117568,"[223, 19, 5, 130, 60, 189, 82, 54, 2, 138]"
117569,"[36, 19, 60, 5, 151, 25, 9, 77, 3, 223]"
117570,"[220, 76, 36, 5, 43, 279, 19, 103, 77, 12]"
117571,"[151, 77, 7, 9, 25, 175, 220, 19, 48, 121]"
117572,"[28, 1, 9, 32, 36, 261, 23, 24, 19, 103]"
117573,"[10, 73, 71, 55, 19, 6, 77, 60, 26, 261]"
117574,"[10, 5, 279, 28, 34, 72, 19, 130, 24, 12]"
117575,"[121, 97, 13, 76, 60, 0, 223, 55, 26, 5]"
117576,"[189, 5, 19, 138, 223, 72, 146, 7, 130, 175]"
117577,"[32, 261, 2, 279, 103, 71, 54, 66, 14, 43]"
117578,"[146, 19, 55, 82, 5, 138, 36, 3, 189, 175]"
117579,"[130, 92, 19, 175, 6, 238, 223, 44, 7, 112]"
117580,"[149, 3, 124, 1, 20, 45, 36, 138, 66, 42]"
117581,"[157, 10, 41, 76, 26, 55, 72, 97, 71, 138]"
117582,"[48, 7, 6, 103, 5, 175, 92, 30, 21, 238]"
117583,"[71, 30, 38, 66, 19, 45, 5, 7, 261, 36]"
117584,"[238, 5, 19, 261, 73, 20, 54, 32, 92, 66]"
117585,"[157, 72, 76, 5, 10, 73, 91, 97, 19, 130]"
117586,"[146, 19, 82, 55, 3, 13, 60, 17, 5, 157]"
117587,"[92, 133, 19, 175, 130, 5, 49, 6, 2, 151]"
117588,"[220, 261, 19, 5, 2, 32, 43, 7, 20, 36]"
117589,"[130, 92, 19, 223, 60, 175, 279, 44, 7, 142]"
117590,"[66, 45, 149, 124, 261, 3, 238, 92, 14, 2]"
117591,"[146, 5, 19, 6, 73, 13, 45, 66, 223, 261]"
117592,"[17, 73, 19, 146, 5, 82, 60, 7, 3, 55]"
117593,"[27, 142, 261, 21, 2, 55, 279, 71, 66, 32]"
117594,"[26, 34, 77, 60, 76, 5, 19, 71, 10, 13]"
117595,"[51, 19, 28, 24, 5, 10, 36, 60, 49, 9]"
117596,"[6, 25, 77, 157, 44, 92, 105, 30, 151, 48]"
117597,"[151, 77, 7, 38, 25, 48, 157, 9, 175, 121]"
117598,"[112, 5, 157, 279, 19, 7, 6, 13, 17, 146]"
117599,"[36, 3, 138, 189, 42, 19, 5, 149, 76, 29]"
117600,"[17, 73, 19, 3, 5, 223, 130, 7, 72, 4]"
117601,"[18, 60, 71, 66, 2, 55, 41, 58, 19, 43]"
117602,"[20, 2, 261, 175, 66, 71, 54, 5, 103, 32]"
117603,"[97, 60, 19, 5, 0, 121, 18, 55, 6, 82]"
117604,"[55, 5, 25, 60, 49, 77, 36, 105, 71, 19]"
117605,"[121, 97, 5, 13, 0, 223, 76, 238, 55, 71]"
117606,"[19, 138, 92, 36, 5, 238, 20, 261, 7, 6]"
117607,"[142, 30, 27, 66, 175, 19, 261, 7, 149, 6]"
117608,"[25, 60, 151, 55, 77, 157, 36, 19, 42, 49]"
117609,"[51, 261, 55, 10, 9, 19, 34, 5, 32, 54]"
117610,"[41, 97, 0, 19, 138, 146, 175, 71, 10, 6]"
117611,"[73, 17, 19, 5, 130, 3, 72, 51, 10, 7]"
117612,"[66, 30, 5, 21, 175, 20, 19, 73, 238, 92]"
117613,"[5, 261, 19, 60, 279, 2, 4, 32, 71, 121]"
117614,"[147, 23, 19, 28, 5, 60, 130, 1, 32, 122]"
117615,"[1, 55, 23, 261, 10, 54, 5, 32, 19, 138]"
117616,"[20, 238, 261, 2, 7, 66, 64, 73, 19, 5]"
117617,"[23, 1, 54, 20, 138, 36, 19, 55, 3, 42]"
117618,"[220, 58, 2, 261, 66, 19, 29, 43, 41, 5]"
117619,"[10, 73, 19, 5, 6, 55, 157, 17, 77, 72]"
117620,"[54, 238, 279, 92, 2, 10, 5, 142, 175, 66]"
117621,"[51, 10, 49, 5, 28, 26, 92, 36, 34, 147]"
117622,"[19, 82, 60, 5, 105, 84, 130, 17, 90, 157]"
117623,"[0, 18, 82, 60, 90, 15, 105, 84, 146, 19]"
117624,"[133, 92, 175, 6, 49, 77, 19, 5, 9, 223]"
117625,"[90, 18, 279, 72, 20, 19, 60, 0, 5, 43]"
117626,"[7, 48, 44, 6, 175, 261, 30, 14, 19, 38]"
117627,"[187, 261, 32, 21, 43, 5, 279, 24, 72, 23]"
117628,"[42, 138, 23, 36, 189, 3, 220, 261, 55, 1]"
117629,"[36, 3, 138, 42, 149, 55, 29, 189, 19, 124]"
117630,"[103, 238, 261, 5, 220, 42, 6, 32, 19, 20]"
117631,"[45, 261, 66, 27, 149, 5, 32, 238, 19, 42]"
117632,"[49, 6, 92, 7, 48, 77, 5, 105, 238, 19]"
117633,"[20, 103, 261, 32, 2, 54, 34, 149, 5, 279]"
117634,"[20, 2, 261, 66, 238, 14, 71, 64, 72, 5]"
117635,"[36, 138, 19, 3, 189, 42, 76, 55, 29, 149]"
117636,"[92, 49, 133, 44, 112, 6, 2, 10, 7, 77]"
117637,"[147, 28, 122, 26, 5, 49, 71, 24, 2, 41]"
117638,"[19, 5, 51, 36, 223, 92, 21, 73, 142, 261]"
117639,"[23, 1, 54, 36, 19, 55, 138, 42, 3, 261]"
117640,"[19, 5, 279, 60, 9, 43, 261, 51, 32, 10]"
117641,"[64, 1, 261, 20, 23, 32, 54, 220, 5, 103]"
117642,"[76, 12, 19, 36, 130, 157, 18, 0, 32, 20]"
117643,"[43, 220, 5, 19, 261, 55, 103, 60, 32, 279]"
117644,"[77, 71, 92, 49, 2, 10, 105, 6, 175, 21]"
117645,"[19, 5, 29, 36, 24, 3, 138, 42, 55, 223]"
117646,"[38, 175, 30, 19, 71, 77, 5, 7, 48, 66]"
117647,"[84, 82, 60, 19, 90, 105, 43, 55, 223, 49]"
117648,"[175, 9, 6, 146, 66, 5, 7, 10, 19, 71]"
117649,"[142, 27, 6, 30, 261, 66, 21, 7, 77, 5]"
117650,"[103, 5, 84, 19, 220, 7, 43, 9, 20, 138]"
117651,"[157, 19, 5, 54, 23, 7, 42, 130, 2, 73]"
117652,"[279, 261, 23, 32, 43, 54, 9, 76, 187, 34]"
117653,"[60, 82, 151, 91, 19, 105, 0, 5, 77, 18]"
117654,"[3, 36, 42, 73, 19, 29, 6, 138, 5, 189]"
117655,"[38, 71, 30, 77, 175, 19, 238, 92, 25, 66]"
117656,"[42, 23, 138, 3, 189, 261, 36, 220, 17, 32]"
117657,"[149, 124, 45, 66, 20, 3, 138, 1, 261, 36]"
117658,"[147, 279, 5, 71, 32, 19, 34, 261, 122, 10]"
117659,"[279, 261, 32, 23, 1, 19, 5, 54, 20, 220]"
117660,"[130, 12, 151, 19, 17, 72, 157, 147, 223, 91]"
117661,"[6, 220, 49, 9, 5, 146, 19, 261, 175, 26]"
117662,"[36, 60, 151, 5, 19, 9, 121, 77, 25, 26]"
117663,"[15, 82, 19, 84, 91, 0, 18, 146, 105, 60]"
117664,"[66, 45, 149, 261, 124, 20, 238, 5, 1, 2]"
117665,"[77, 7, 92, 6, 175, 48, 151, 10, 49, 5]"
117666,"[25, 151, 157, 77, 36, 60, 49, 55, 3, 105]"
117667,"[5, 19, 73, 130, 238, 17, 72, 77, 1, 223]"
117668,"[261, 32, 20, 23, 14, 2, 279, 220, 64, 91]"
117669,"[9, 51, 19, 175, 5, 49, 10, 6, 279, 92]"
117670,"[138, 19, 36, 49, 6, 92, 2, 189, 7, 10]"
117671,"[13, 5, 19, 7, 146, 12, 6, 0, 121, 55]"
117672,"[223, 130, 19, 12, 60, 92, 5, 82, 90, 29]"
117673,"[119, 5, 147, 28, 34, 24, 279, 32, 55, 122]"
117674,"[149, 124, 30, 103, 279, 20, 9, 66, 261, 32]"
117675,"[238, 66, 21, 54, 71, 5, 43, 92, 19, 72]"
117676,"[138, 42, 189, 3, 19, 23, 36, 5, 175, 7]"
117677,"[90, 19, 5, 18, 10, 92, 71, 91, 20, 51]"
117678,"[97, 121, 0, 60, 5, 19, 105, 92, 13, 223]"
117679,"[189, 5, 19, 223, 138, 175, 72, 21, 66, 71]"
117680,"[15, 82, 19, 84, 91, 0, 18, 60, 146, 223]"
117681,"[149, 66, 261, 9, 175, 19, 279, 124, 5, 238]"
117682,"[157, 19, 7, 76, 5, 77, 92, 55, 60, 138]"
117683,"[41, 71, 0, 10, 97, 2, 55, 261, 51, 6]"
117684,"[279, 23, 19, 261, 5, 32, 2, 54, 103, 7]"
117685,"[92, 6, 77, 7, 49, 48, 133, 10, 175, 66]"
117686,"[6, 66, 19, 10, 41, 60, 51, 138, 71, 21]"
117687,"[54, 279, 23, 5, 261, 1, 19, 32, 220, 2]"
117688,"[18, 71, 19, 90, 0, 60, 189, 146, 10, 175]"
117689,"[17, 73, 32, 261, 19, 42, 5, 279, 142, 130]"
117690,"[142, 30, 27, 38, 175, 66, 19, 133, 149, 7]"
117691,"[5, 19, 2, 34, 54, 10, 223, 51, 105, 49]"
117692,"[51, 10, 34, 5, 55, 2, 19, 49, 71, 26]"
117693,"[72, 10, 189, 34, 26, 19, 36, 122, 3, 21]"
117694,"[91, 19, 238, 18, 60, 90, 130, 77, 5, 15]"
117695,"[105, 60, 5, 49, 19, 82, 97, 157, 90, 0]"
117696,"[19, 7, 175, 103, 17, 6, 261, 92, 43, 279]"
117697,"[45, 66, 149, 261, 19, 36, 77, 30, 27, 5]"
117698,"[279, 32, 23, 261, 43, 19, 9, 5, 60, 91]"
117699,"[124, 149, 66, 45, 2, 55, 41, 71, 261, 279]"
117700,"[82, 84, 90, 60, 105, 15, 19, 18, 49, 146]"
117701,"[64, 20, 261, 36, 220, 5, 23, 76, 73, 2]"
117702,"[66, 45, 261, 149, 124, 32, 20, 238, 42, 2]"
117703,"[146, 19, 82, 55, 5, 60, 6, 13, 0, 91]"
117704,"[17, 73, 19, 60, 5, 146, 55, 7, 130, 91]"
117705,"[91, 19, 60, 15, 130, 18, 90, 82, 84, 12]"
117706,"[138, 223, 189, 175, 7, 261, 279, 58, 23, 42]"
117707,"[146, 55, 60, 19, 13, 82, 5, 138, 0, 10]"
117708,"[36, 138, 189, 3, 149, 42, 55, 76, 19, 21]"
117709,"[72, 21, 189, 10, 34, 18, 19, 66, 36, 43]"
117710,"[146, 55, 19, 60, 13, 82, 3, 17, 5, 223]"
117711,"[187, 32, 142, 261, 19, 5, 2, 43, 28, 103]"
117712,"[220, 19, 261, 43, 1, 2, 20, 103, 66, 238]"
117713,"[30, 7, 71, 92, 66, 175, 19, 77, 6, 48]"
117714,"[36, 19, 77, 5, 220, 76, 12, 29, 82, 103]"
117715,"[82, 84, 60, 90, 19, 105, 223, 15, 49, 146]"
117716,"[130, 26, 151, 5, 34, 77, 19, 28, 10, 17]"
117717,"[189, 73, 138, 15, 151, 58, 19, 72, 66, 14]"
117718,"[142, 279, 23, 175, 19, 24, 14, 4, 54, 5]"
117719,"[2, 71, 5, 175, 92, 7, 261, 147, 49, 66]"
117720,"[21, 5, 187, 19, 142, 82, 238, 223, 72, 73]"
117721,"[20, 2, 261, 66, 103, 32, 71, 14, 5, 238]"
117722,"[18, 82, 90, 60, 15, 0, 19, 84, 91, 105]"
117723,"[9, 51, 2, 10, 19, 175, 279, 55, 41, 71]"
117724,"[77, 5, 34, 19, 76, 26, 60, 122, 105, 130]"
117725,"[5, 19, 223, 36, 49, 130, 2, 238, 77, 12]"
117726,"[238, 19, 5, 54, 92, 36, 1, 20, 77, 261]"
117727,"[10, 19, 73, 5, 6, 77, 55, 157, 17, 91]"
117728,"[25, 55, 6, 41, 71, 60, 10, 49, 77, 2]"
117729,"[146, 19, 55, 13, 82, 60, 5, 3, 36, 7]"
117730,"[261, 32, 103, 279, 5, 43, 19, 54, 220, 2]"
117731,"[84, 20, 103, 238, 19, 5, 220, 90, 279, 9]"
117732,"[1, 64, 54, 23, 261, 279, 220, 20, 32, 5]"
117733,"[279, 23, 261, 32, 175, 71, 19, 54, 1, 5]"
117734,"[54, 279, 261, 2, 9, 58, 5, 23, 42, 43]"
117735,"[138, 189, 3, 42, 36, 146, 149, 175, 7, 23]"
117736,"[146, 55, 13, 19, 82, 60, 5, 58, 3, 84]"
117737,"[220, 43, 238, 2, 261, 103, 9, 71, 5, 279]"
117738,"[146, 5, 19, 13, 261, 6, 55, 66, 60, 122]"
117739,"[17, 73, 19, 7, 72, 5, 261, 2, 23, 223]"
117740,"[28, 24, 9, 1, 103, 34, 32, 147, 279, 36]"
117741,"[142, 261, 66, 19, 21, 5, 14, 7, 238, 2]"
117742,"[7, 48, 6, 44, 175, 49, 261, 238, 19, 92]"
117743,"[261, 58, 54, 20, 19, 119, 279, 43, 138, 5]"
117744,"[157, 5, 73, 72, 76, 10, 97, 26, 19, 41]"
117745,"[175, 9, 38, 77, 30, 71, 36, 25, 6, 92]"
117746,"[187, 21, 5, 73, 261, 142, 19, 55, 32, 238]"
117747,"[91, 19, 18, 130, 60, 5, 15, 238, 90, 82]"
117748,"[45, 66, 36, 149, 19, 5, 77, 261, 238, 3]"
117749,"[238, 5, 54, 20, 279, 220, 32, 261, 187, 133]"
117750,"[147, 5, 238, 19, 76, 51, 279, 122, 142, 261]"
117751,"[49, 6, 77, 48, 7, 92, 105, 25, 9, 26]"
117752,"[146, 5, 19, 13, 6, 261, 73, 66, 55, 71]"
117753,"[175, 92, 38, 6, 19, 7, 66, 48, 30, 133]"
117754,"[19, 6, 138, 66, 5, 51, 60, 261, 10, 2]"
117755,"[189, 5, 19, 14, 17, 26, 60, 130, 223, 7]"
117756,"[7, 48, 6, 44, 261, 175, 2, 43, 138, 66]"
117757,"[20, 103, 261, 2, 5, 32, 238, 220, 34, 71]"
117758,"[20, 5, 261, 3, 17, 19, 238, 36, 32, 103]"
117759,"[28, 32, 5, 20, 19, 238, 261, 92, 103, 76]"
117760,"[279, 23, 261, 32, 43, 19, 54, 5, 7, 14]"
117761,"[97, 60, 13, 0, 43, 19, 121, 5, 55, 18]"
117762,"[3, 5, 19, 73, 30, 175, 21, 6, 146, 92]"
117763,"[103, 261, 2, 54, 71, 43, 279, 9, 238, 7]"
117764,"[19, 5, 51, 147, 142, 76, 279, 261, 36, 60]"
117765,"[71, 30, 7, 38, 175, 19, 66, 48, 3, 49]"
117766,"[19, 5, 91, 84, 20, 60, 7, 138, 82, 103]"
117767,"[72, 10, 23, 1, 19, 77, 60, 54, 76, 157]"
117768,"[124, 149, 66, 261, 51, 6, 138, 71, 42, 45]"
117769,"[21, 20, 5, 27, 66, 73, 238, 64, 19, 261]"
117770,"[41, 10, 97, 121, 55, 0, 60, 51, 24, 19]"
117771,"[71, 5, 2, 261, 19, 66, 223, 138, 7, 45]"
117772,"[5, 112, 19, 279, 261, 157, 7, 6, 9, 17]"
117773,"[49, 105, 60, 5, 77, 25, 84, 82, 157, 6]"
117774,"[261, 32, 279, 103, 34, 55, 54, 27, 2, 43]"
117775,"[66, 45, 38, 27, 149, 71, 77, 21, 19, 238]"
117776,"[103, 261, 32, 19, 54, 279, 5, 7, 9, 2]"
117777,"[76, 36, 3, 42, 149, 261, 138, 19, 32, 5]"
117778,"[146, 55, 19, 13, 60, 82, 5, 71, 6, 58]"
117779,"[103, 238, 19, 6, 36, 5, 92, 20, 220, 261]"
117780,"[60, 105, 5, 19, 130, 223, 82, 77, 17, 55]"
117781,"[187, 21, 3, 5, 73, 72, 2, 142, 189, 138]"
117782,"[25, 151, 77, 60, 55, 49, 36, 6, 105, 157]"
117783,"[175, 9, 71, 38, 19, 6, 10, 49, 77, 5]"
117784,"[71, 30, 92, 7, 175, 48, 19, 5, 238, 6]"
117785,"[261, 32, 20, 23, 2, 54, 14, 103, 279, 220]"
117786,"[21, 20, 5, 73, 3, 64, 238, 19, 187, 146]"
117787,"[279, 261, 43, 54, 9, 32, 2, 13, 34, 55]"
117788,"[17, 32, 5, 19, 73, 261, 23, 130, 42, 279]"
117789,"[5, 34, 19, 58, 223, 261, 51, 2, 26, 10]"
117790,"[5, 157, 105, 84, 19, 60, 77, 25, 36, 92]"
117791,"[28, 147, 119, 24, 5, 122, 105, 157, 130, 133]"
117792,"[25, 151, 77, 36, 60, 55, 105, 157, 49, 19]"
117793,"[5, 36, 138, 19, 55, 3, 189, 149, 42, 49]"
117794,"[261, 32, 14, 54, 23, 220, 19, 60, 5, 103]"
117795,"[77, 49, 5, 19, 92, 105, 36, 38, 17, 130]"
117796,"[4, 19, 36, 5, 24, 223, 60, 51, 17, 73]"
117797,"[18, 0, 60, 72, 91, 5, 97, 19, 55, 90]"
117798,"[119, 147, 5, 28, 24, 55, 10, 51, 71, 2]"
117799,"[26, 34, 5, 19, 238, 36, 77, 10, 130, 122]"
117800,"[54, 261, 279, 32, 103, 43, 2, 55, 19, 23]"
117801,"[60, 130, 151, 105, 19, 77, 157, 5, 25, 49]"
117802,"[187, 21, 5, 19, 14, 28, 261, 3, 1, 23]"
117803,"[30, 175, 7, 48, 66, 19, 6, 21, 92, 71]"
117804,"[91, 18, 19, 60, 90, 130, 82, 15, 84, 51]"
117805,"[36, 19, 220, 76, 5, 77, 12, 1, 60, 103]"
117806,"[21, 66, 71, 2, 103, 6, 20, 55, 261, 19]"
117807,"[60, 105, 5, 97, 19, 82, 0, 18, 49, 90]"
117808,"[24, 36, 19, 4, 51, 60, 29, 92, 5, 223]"
117809,"[223, 189, 21, 82, 19, 60, 138, 90, 5, 66]"
117810,"[17, 73, 19, 7, 2, 261, 130, 142, 223, 71]"
117811,"[261, 279, 23, 43, 32, 121, 14, 7, 175, 5]"
117812,"[71, 19, 7, 2, 55, 175, 66, 60, 30, 261]"
117813,"[19, 5, 51, 73, 130, 9, 10, 238, 17, 34]"
117814,"[15, 82, 18, 19, 84, 0, 91, 90, 105, 60]"
117815,"[119, 2, 55, 71, 41, 10, 54, 147, 5, 24]"
117816,"[122, 147, 28, 26, 34, 5, 24, 32, 51, 76]"
117817,"[122, 26, 34, 5, 77, 19, 220, 121, 10, 20]"
117818,"[3, 19, 82, 146, 36, 5, 17, 138, 189, 7]"
117819,"[5, 19, 84, 20, 220, 7, 73, 91, 238, 138]"
117820,"[220, 76, 261, 19, 60, 77, 36, 5, 55, 12]"
117821,"[18, 82, 90, 0, 60, 19, 15, 146, 105, 84]"
117822,"[223, 130, 19, 60, 5, 12, 92, 82, 90, 17]"
117823,"[238, 5, 19, 21, 23, 54, 29, 66, 3, 73]"
117824,"[138, 189, 42, 7, 3, 149, 43, 36, 19, 66]"
117825,"[82, 19, 5, 54, 3, 103, 238, 36, 32, 1]"
117826,"[44, 7, 48, 92, 133, 6, 175, 279, 38, 30]"
117827,"[58, 19, 5, 12, 223, 36, 146, 261, 7, 6]"
117828,"[17, 73, 19, 146, 5, 3, 7, 55, 82, 60]"
117829,"[121, 97, 76, 223, 0, 5, 13, 71, 12, 138]"
117830,"[30, 71, 7, 92, 48, 20, 238, 5, 175, 66]"
117831,"[122, 26, 5, 34, 77, 121, 19, 7, 20, 220]"
117832,"[90, 19, 20, 34, 43, 60, 5, 32, 279, 10]"
117833,"[32, 279, 261, 5, 19, 103, 54, 91, 17, 60]"
117834,"[261, 2, 32, 54, 279, 20, 23, 14, 103, 7]"
117835,"[7, 2, 175, 92, 44, 48, 261, 71, 49, 55]"
117836,"[15, 18, 0, 60, 82, 91, 19, 84, 90, 105]"
117837,"[189, 23, 60, 5, 130, 19, 26, 138, 17, 175]"
117838,"[72, 7, 5, 19, 261, 6, 2, 14, 238, 66]"
117839,"[146, 19, 82, 55, 13, 60, 36, 5, 223, 58]"
117840,"[130, 19, 151, 17, 60, 5, 12, 72, 223, 91]"
117841,"[146, 5, 19, 13, 6, 66, 55, 21, 45, 64]"
117842,"[19, 5, 36, 51, 138, 6, 223, 3, 73, 49]"
117843,"[55, 19, 146, 5, 10, 91, 60, 261, 82, 7]"
117844,"[10, 73, 19, 6, 5, 157, 55, 17, 77, 7]"
117845,"[51, 19, 5, 279, 261, 73, 9, 157, 21, 130]"
117846,"[51, 10, 5, 34, 55, 36, 19, 26, 92, 122]"
117847,"[146, 55, 13, 82, 19, 60, 5, 3, 84, 91]"
117848,"[66, 175, 14, 7, 30, 149, 19, 92, 261, 77]"
117849,"[23, 261, 279, 32, 1, 54, 64, 20, 55, 43]"
117850,"[138, 19, 36, 92, 6, 189, 21, 7, 55, 10]"
117851,"[10, 92, 238, 66, 21, 175, 1, 6, 279, 71]"
117852,"[17, 73, 19, 130, 5, 7, 142, 2, 12, 66]"
117853,"[66, 45, 149, 261, 124, 32, 2, 3, 42, 30]"
117854,"[238, 5, 92, 20, 66, 19, 72, 21, 36, 71]"
117855,"[49, 105, 5, 60, 77, 19, 82, 6, 55, 25]"
117856,"[3, 19, 82, 146, 5, 73, 36, 6, 17, 223]"
117857,"[97, 0, 41, 18, 121, 60, 138, 105, 90, 71]"
117858,"[279, 261, 54, 2, 34, 43, 32, 5, 23, 55]"
117859,"[45, 66, 149, 38, 27, 124, 71, 21, 77, 3]"
117860,"[6, 25, 77, 157, 151, 175, 44, 38, 17, 7]"
117861,"[18, 0, 72, 90, 60, 19, 5, 15, 91, 105]"
117862,"[48, 7, 6, 49, 92, 30, 151, 77, 44, 38]"
117863,"[71, 30, 48, 7, 175, 20, 92, 261, 9, 5]"
117864,"[4, 36, 19, 24, 60, 5, 29, 28, 23, 76]"
117865,"[7, 261, 23, 2, 14, 32, 43, 71, 54, 279]"
117866,"[66, 2, 71, 6, 55, 19, 124, 41, 138, 21]"
117867,"[25, 151, 60, 77, 55, 157, 36, 49, 19, 138]"
117868,"[21, 5, 187, 72, 19, 238, 223, 20, 14, 24]"
117869,"[36, 138, 3, 42, 189, 19, 149, 76, 29, 5]"
117870,"[41, 82, 15, 0, 220, 138, 3, 49, 19, 189]"
117871,"[151, 157, 60, 130, 5, 19, 17, 77, 55, 34]"
117872,"[220, 19, 36, 103, 6, 138, 261, 5, 1, 279]"
117873,"[157, 25, 151, 6, 60, 77, 19, 49, 26, 105]"
117874,"[20, 261, 21, 19, 238, 64, 32, 5, 27, 60]"
117875,"[23, 1, 36, 19, 261, 54, 55, 42, 5, 138]"
117876,"[29, 36, 92, 24, 19, 9, 5, 3, 238, 28]"
117877,"[97, 0, 60, 121, 18, 19, 138, 55, 5, 1]"
117878,"[97, 5, 19, 60, 121, 71, 2, 55, 261, 0]"
117879,"[43, 19, 7, 220, 5, 9, 261, 279, 32, 103]"
117880,"[21, 19, 5, 187, 14, 30, 92, 223, 238, 82]"
117881,"[66, 45, 38, 27, 149, 77, 71, 238, 30, 261]"
117882,"[66, 45, 149, 124, 261, 3, 2, 238, 20, 138]"
117883,"[29, 36, 24, 3, 19, 92, 5, 9, 238, 17]"
117884,"[6, 7, 44, 175, 25, 157, 220, 30, 48, 49]"
117885,"[0, 18, 82, 60, 90, 15, 84, 105, 97, 19]"
117886,"[187, 32, 43, 261, 142, 279, 2, 5, 103, 19]"
117887,"[64, 146, 1, 21, 5, 19, 261, 138, 3, 92]"
117888,"[279, 261, 23, 1, 5, 9, 54, 42, 32, 34]"
117889,"[26, 49, 34, 28, 147, 10, 122, 71, 157, 77]"
117890,"[82, 19, 60, 5, 146, 17, 84, 0, 105, 90]"
117891,"[103, 261, 32, 238, 54, 279, 55, 43, 20, 220]"
117892,"[130, 92, 19, 223, 238, 44, 142, 279, 5, 6]"
117893,"[1, 23, 54, 20, 32, 73, 279, 261, 5, 9]"
117894,"[82, 157, 151, 60, 105, 19, 91, 18, 0, 90]"
117895,"[7, 48, 6, 44, 175, 238, 261, 43, 9, 92]"
117896,"[48, 7, 6, 103, 175, 43, 21, 138, 5, 44]"
117897,"[17, 73, 19, 5, 55, 146, 60, 7, 130, 223]"
117898,"[91, 19, 92, 238, 5, 72, 55, 90, 77, 18]"
117899,"[42, 36, 138, 189, 23, 5, 3, 149, 19, 1]"
117900,"[32, 261, 54, 2, 103, 279, 42, 23, 220, 5]"
117901,"[122, 26, 5, 19, 77, 34, 121, 7, 6, 51]"
117902,"[3, 36, 29, 42, 19, 189, 138, 6, 146, 7]"
117903,"[92, 133, 175, 5, 130, 19, 151, 44, 49, 6]"
117904,"[30, 71, 175, 7, 6, 92, 19, 66, 2, 261]"
117905,"[13, 121, 0, 97, 5, 19, 55, 60, 76, 279]"
117906,"[2, 71, 175, 92, 147, 5, 133, 261, 66, 32]"
117907,"[187, 5, 21, 72, 261, 19, 3, 20, 32, 238]"
117908,"[157, 10, 41, 72, 26, 76, 5, 71, 73, 138]"
117909,"[77, 5, 76, 19, 26, 34, 60, 130, 122, 105]"
117910,"[92, 6, 7, 77, 48, 34, 149, 10, 175, 66]"
117911,"[76, 36, 19, 5, 92, 73, 261, 82, 71, 18]"
117912,"[60, 130, 151, 105, 157, 25, 77, 19, 5, 38]"
117913,"[5, 21, 20, 73, 19, 238, 261, 27, 3, 187]"
117914,"[32, 261, 279, 92, 103, 7, 14, 44, 19, 6]"
117915,"[133, 92, 175, 49, 9, 6, 77, 44, 130, 147]"
117916,"[73, 189, 5, 19, 9, 261, 72, 142, 58, 175]"
117917,"[124, 149, 66, 30, 48, 45, 36, 138, 92, 42]"
117918,"[73, 19, 72, 5, 238, 189, 138, 71, 151, 58]"
117919,"[149, 45, 124, 20, 3, 36, 66, 1, 138, 64]"
117920,"[187, 21, 43, 238, 2, 72, 142, 55, 261, 71]"
117921,"[41, 10, 97, 121, 0, 151, 19, 279, 60, 24]"
117922,"[149, 279, 261, 124, 66, 9, 175, 30, 103, 14]"
117923,"[133, 130, 92, 175, 147, 5, 26, 1, 2, 28]"
117924,"[2, 261, 73, 3, 19, 32, 92, 36, 5, 220]"
117925,"[0, 18, 82, 60, 90, 105, 15, 146, 19, 97]"
117926,"[60, 105, 18, 5, 0, 97, 90, 82, 19, 49]"
117927,"[261, 279, 23, 5, 19, 2, 175, 9, 32, 1]"
117928,"[29, 5, 220, 261, 9, 19, 238, 223, 73, 51]"
117929,"[142, 261, 279, 175, 19, 23, 14, 5, 32, 73]"
117930,"[72, 7, 14, 2, 261, 32, 44, 66, 23, 54]"
117931,"[92, 77, 7, 175, 9, 6, 151, 5, 133, 49]"
117932,"[19, 30, 36, 5, 3, 223, 92, 17, 149, 77]"
117933,"[82, 84, 60, 90, 105, 15, 19, 223, 49, 146]"
117934,"[279, 23, 54, 261, 32, 1, 64, 20, 43, 5]"
117935,"[103, 279, 32, 261, 43, 23, 54, 220, 9, 34]"
117936,"[187, 142, 2, 19, 5, 21, 175, 103, 30, 28]"
117937,"[97, 19, 5, 121, 41, 60, 6, 2, 55, 71]"
117938,"[26, 34, 5, 10, 28, 122, 77, 238, 49, 105]"
117939,"[51, 261, 55, 10, 279, 19, 9, 60, 73, 58]"
117940,"[44, 7, 48, 175, 38, 6, 92, 133, 261, 30]"
117941,"[32, 261, 279, 2, 54, 43, 58, 66, 60, 45]"
117942,"[7, 44, 92, 48, 175, 5, 2, 279, 261, 34]"
117943,"[48, 7, 175, 19, 261, 2, 9, 6, 279, 71]"
117944,"[29, 36, 138, 19, 5, 3, 220, 223, 238, 149]"
117945,"[103, 261, 2, 71, 43, 54, 279, 9, 41, 21]"
117946,"[24, 4, 28, 49, 36, 19, 60, 29, 5, 9]"
117947,"[54, 279, 23, 261, 32, 5, 1, 220, 19, 2]"
117948,"[2, 261, 32, 19, 103, 5, 223, 92, 54, 36]"
117949,"[30, 71, 7, 20, 5, 48, 261, 92, 175, 72]"
117950,"[36, 5, 220, 19, 76, 17, 77, 3, 279, 29]"
117951,"[82, 84, 60, 19, 90, 105, 146, 223, 15, 49]"
117952,"[19, 24, 28, 5, 9, 92, 51, 32, 10, 20]"
117953,"[149, 30, 124, 66, 20, 238, 261, 19, 175, 279]"
117954,"[223, 189, 19, 5, 36, 130, 146, 92, 82, 175]"
117955,"[71, 38, 66, 30, 77, 92, 45, 261, 175, 2]"
117956,"[138, 19, 36, 5, 7, 92, 3, 6, 49, 23]"
117957,"[103, 238, 19, 5, 261, 138, 6, 220, 20, 55]"
117958,"[142, 30, 66, 19, 261, 32, 175, 27, 2, 54]"
117959,"[105, 49, 60, 77, 5, 151, 25, 19, 157, 36]"
117960,"[146, 19, 5, 6, 73, 122, 13, 26, 55, 71]"
117961,"[187, 21, 5, 73, 72, 23, 261, 3, 279, 2]"
117962,"[103, 261, 54, 32, 279, 2, 19, 7, 223, 220]"
117963,"[20, 261, 34, 103, 5, 2, 32, 238, 54, 220]"
117964,"[55, 60, 25, 5, 138, 19, 77, 34, 36, 157]"
117965,"[91, 18, 92, 238, 90, 72, 15, 27, 55, 14]"
117966,"[27, 142, 21, 66, 30, 19, 238, 5, 92, 73]"
117967,"[77, 105, 26, 10, 34, 76, 151, 147, 133, 49]"
117968,"[71, 19, 238, 73, 261, 5, 9, 54, 2, 77]"
117969,"[2, 71, 49, 92, 5, 175, 6, 66, 261, 10]"
117970,"[51, 28, 24, 19, 147, 36, 49, 5, 122, 10]"
117971,"[0, 71, 97, 13, 76, 121, 18, 38, 60, 41]"
117972,"[6, 7, 44, 48, 92, 66, 25, 49, 30, 19]"
117973,"[73, 189, 138, 19, 6, 146, 5, 58, 71, 26]"
117974,"[5, 19, 34, 223, 2, 10, 77, 49, 238, 261]"
117975,"[146, 19, 13, 5, 60, 55, 6, 17, 82, 7]"
117976,"[82, 19, 60, 5, 146, 84, 105, 17, 49, 0]"
117977,"[77, 92, 7, 5, 19, 6, 223, 175, 9, 238]"
117978,"[175, 30, 6, 36, 19, 38, 9, 5, 77, 92]"
117979,"[7, 48, 6, 44, 261, 138, 175, 49, 19, 2]"
117980,"[149, 30, 124, 261, 66, 175, 19, 71, 9, 32]"
117981,"[142, 5, 19, 261, 14, 279, 175, 23, 238, 66]"
117982,"[122, 26, 34, 5, 19, 77, 121, 32, 261, 7]"
117983,"[21, 5, 19, 60, 72, 66, 187, 82, 14, 261]"
117984,"[105, 82, 60, 19, 5, 151, 36, 77, 91, 0]"
117985,"[41, 220, 19, 73, 5, 91, 82, 0, 32, 261]"
117986,"[92, 133, 49, 44, 112, 2, 10, 6, 7, 77]"
117987,"[146, 55, 19, 60, 82, 13, 5, 91, 3, 0]"
117988,"[223, 5, 17, 49, 19, 29, 130, 142, 9, 92]"
117989,"[147, 28, 122, 26, 5, 24, 60, 130, 32, 119]"
117990,"[7, 48, 6, 261, 66, 138, 44, 55, 19, 175]"
117991,"[43, 19, 220, 7, 5, 9, 261, 103, 279, 77]"
117992,"[119, 147, 5, 97, 28, 24, 26, 122, 138, 55]"
117993,"[20, 175, 2, 103, 261, 66, 220, 32, 14, 5]"
117994,"[133, 92, 5, 238, 130, 26, 72, 261, 2, 19]"
117995,"[77, 5, 49, 19, 92, 17, 7, 38, 175, 26]"
117996,"[15, 82, 84, 19, 91, 18, 0, 60, 90, 105]"
117997,"[28, 1, 103, 9, 10, 24, 32, 147, 43, 92]"
117998,"[48, 7, 6, 175, 19, 44, 71, 9, 77, 30]"
117999,"[5, 10, 2, 261, 60, 32, 20, 279, 76, 19]"
118000,"[220, 43, 261, 19, 32, 238, 103, 20, 279, 54]"
118001,"[130, 92, 19, 6, 175, 7, 17, 223, 60, 151]"
118002,"[34, 5, 261, 19, 55, 238, 72, 279, 91, 7]"
118003,"[97, 60, 19, 0, 55, 5, 121, 6, 2, 175]"
118004,"[151, 19, 130, 5, 157, 60, 55, 146, 17, 77]"
118005,"[121, 5, 175, 19, 21, 92, 7, 223, 6, 130]"
118006,"[279, 32, 5, 19, 261, 103, 23, 54, 9, 43]"
118007,"[223, 60, 19, 130, 92, 90, 12, 82, 5, 121]"
118008,"[238, 261, 66, 54, 32, 7, 19, 71, 43, 279]"
118009,"[48, 7, 261, 5, 142, 6, 2, 175, 49, 44]"
118010,"[175, 6, 10, 41, 66, 48, 30, 7, 19, 92]"
118011,"[223, 130, 60, 19, 82, 12, 90, 5, 92, 21]"
118012,"[20, 261, 238, 103, 34, 92, 36, 5, 2, 64]"
118013,"[30, 19, 36, 5, 3, 92, 223, 149, 66, 6]"
118014,"[60, 105, 130, 5, 19, 97, 223, 82, 17, 151]"
118015,"[60, 130, 5, 19, 105, 223, 17, 73, 82, 91]"
118016,"[13, 146, 5, 19, 55, 7, 0, 121, 71, 261]"
118017,"[30, 71, 7, 175, 66, 6, 138, 2, 48, 92]"
118018,"[26, 34, 28, 122, 10, 147, 49, 77, 71, 157]"
118019,"[175, 133, 10, 157, 66, 279, 92, 238, 189, 21]"
118020,"[24, 19, 5, 60, 28, 261, 17, 10, 4, 34]"
118021,"[157, 5, 133, 42, 92, 19, 23, 77, 73, 1]"
118022,"[175, 9, 38, 30, 7, 6, 25, 77, 5, 48]"
118023,"[6, 25, 77, 157, 175, 19, 92, 151, 60, 7]"
118024,"[32, 261, 279, 44, 103, 7, 20, 19, 14, 9]"
118025,"[45, 261, 66, 5, 19, 146, 279, 32, 71, 21]"
118026,"[71, 73, 19, 7, 9, 5, 66, 17, 261, 10]"
118027,"[5, 34, 19, 261, 2, 55, 72, 223, 279, 71]"
118028,"[32, 261, 2, 279, 5, 41, 55, 42, 220, 23]"
118029,"[151, 19, 5, 77, 60, 55, 10, 6, 261, 51]"
118030,"[73, 19, 5, 17, 10, 130, 261, 6, 51, 72]"
118031,"[45, 66, 261, 71, 146, 5, 279, 17, 27, 19]"
118032,"[3, 73, 19, 5, 92, 30, 175, 6, 146, 21]"
118033,"[7, 48, 6, 261, 44, 175, 5, 279, 9, 42]"
118034,"[66, 175, 14, 261, 92, 149, 19, 7, 30, 71]"
118035,"[5, 19, 223, 34, 261, 238, 51, 55, 279, 2]"
118036,"[6, 7, 92, 48, 25, 44, 49, 30, 19, 175]"
118037,"[72, 7, 261, 5, 238, 279, 19, 32, 14, 223]"
118038,"[133, 5, 2, 54, 238, 92, 60, 279, 19, 261]"
118039,"[2, 71, 66, 261, 6, 49, 92, 175, 5, 10]"
118040,"[147, 71, 28, 51, 76, 2, 122, 60, 5, 19]"
118041,"[4, 19, 36, 24, 5, 29, 28, 17, 60, 73]"
118042,"[187, 21, 72, 5, 261, 238, 36, 77, 24, 3]"
118043,"[51, 55, 261, 10, 2, 279, 60, 54, 19, 21]"
118044,"[119, 5, 24, 55, 28, 60, 147, 122, 34, 32]"
118045,"[26, 34, 122, 10, 49, 71, 147, 77, 28, 60]"
118046,"[73, 17, 19, 3, 5, 72, 7, 261, 146, 1]"
118047,"[30, 7, 71, 175, 66, 48, 92, 38, 77, 19]"
118048,"[66, 175, 20, 92, 30, 73, 19, 149, 2, 71]"
118049,"[13, 146, 19, 34, 55, 58, 82, 60, 5, 66]"
118050,"[5, 19, 2, 34, 223, 261, 54, 58, 55, 10]"
118051,"[13, 146, 5, 19, 7, 73, 6, 121, 17, 12]"
118052,"[45, 66, 149, 38, 27, 71, 77, 124, 21, 19]"
118053,"[187, 142, 2, 5, 19, 21, 175, 103, 3, 30]"
118054,"[92, 6, 49, 10, 66, 175, 7, 77, 133, 48]"
118055,"[2, 36, 5, 261, 73, 19, 92, 32, 3, 49]"
118056,"[15, 18, 0, 84, 105, 91, 60, 82, 90, 19]"
118057,"[18, 19, 60, 5, 58, 66, 279, 54, 138, 223]"
118058,"[5, 19, 60, 92, 54, 36, 2, 112, 130, 77]"
118059,"[26, 34, 49, 77, 147, 10, 28, 122, 92, 157]"
118060,"[49, 105, 60, 151, 5, 77, 25, 19, 36, 157]"
118061,"[2, 54, 60, 112, 10, 71, 261, 41, 19, 5]"
118062,"[54, 261, 32, 1, 23, 220, 5, 19, 20, 238]"
118063,"[5, 4, 71, 9, 2, 43, 261, 60, 279, 238]"
118064,"[18, 82, 90, 0, 60, 15, 19, 84, 105, 91]"
118065,"[157, 5, 76, 21, 10, 41, 55, 138, 72, 97]"
118066,"[187, 261, 5, 32, 72, 23, 19, 24, 42, 21]"
118067,"[175, 66, 30, 73, 20, 149, 92, 27, 3, 238]"
118068,"[17, 19, 5, 73, 130, 32, 42, 261, 36, 7]"
118069,"[1, 54, 23, 279, 43, 121, 20, 103, 10, 32]"
118070,"[1, 5, 261, 23, 19, 55, 20, 238, 54, 138]"
118071,"[157, 76, 19, 73, 5, 10, 261, 279, 138, 189]"
118072,"[220, 43, 261, 2, 54, 9, 103, 32, 238, 55]"
118073,"[30, 71, 7, 175, 92, 48, 238, 20, 14, 38]"
118074,"[279, 5, 261, 34, 9, 19, 238, 23, 32, 54]"
118075,"[1, 23, 55, 5, 261, 138, 19, 28, 32, 10]"
118076,"[119, 147, 28, 97, 138, 24, 10, 5, 122, 26]"
118077,"[138, 189, 42, 3, 36, 149, 23, 7, 146, 1]"
118078,"[189, 60, 19, 138, 5, 175, 7, 223, 66, 71]"
118079,"[26, 34, 5, 122, 10, 72, 28, 130, 71, 238]"
118080,"[15, 18, 82, 0, 19, 105, 84, 90, 60, 91]"
118081,"[54, 261, 1, 23, 5, 32, 14, 20, 19, 279]"
118082,"[147, 28, 122, 5, 26, 71, 49, 24, 51, 130]"
118083,"[60, 151, 130, 105, 77, 97, 157, 25, 5, 19]"
118084,"[72, 23, 10, 157, 1, 76, 71, 5, 60, 34]"
118085,"[130, 5, 19, 26, 73, 10, 151, 28, 77, 60]"
118086,"[279, 261, 5, 19, 2, 23, 32, 1, 54, 9]"
118087,"[18, 82, 90, 0, 19, 60, 15, 105, 84, 5]"
118088,"[17, 42, 130, 19, 73, 189, 36, 3, 12, 5]"
118089,"[28, 19, 10, 32, 9, 51, 147, 24, 92, 5]"
118090,"[44, 7, 48, 175, 6, 30, 149, 38, 279, 66]"
118091,"[82, 84, 60, 19, 90, 105, 49, 146, 15, 0]"
118092,"[28, 1, 9, 24, 103, 36, 238, 19, 92, 51]"
118093,"[21, 187, 14, 3, 19, 82, 175, 27, 92, 49]"
118094,"[220, 36, 76, 19, 77, 5, 261, 12, 60, 279]"
118095,"[119, 147, 5, 24, 21, 138, 28, 12, 122, 66]"
118096,"[119, 147, 10, 41, 28, 138, 105, 51, 24, 2]"
118097,"[187, 5, 261, 21, 19, 36, 72, 32, 3, 42]"
118098,"[66, 21, 20, 5, 30, 175, 27, 238, 19, 73]"
118099,"[82, 19, 5, 3, 54, 138, 36, 103, 1, 279]"
118100,"[133, 92, 175, 5, 6, 238, 77, 9, 49, 19]"
118101,"[29, 36, 17, 6, 9, 3, 19, 92, 138, 220]"
118102,"[19, 5, 7, 6, 48, 175, 261, 9, 2, 34]"
118103,"[223, 5, 19, 17, 142, 92, 29, 12, 64, 49]"
118104,"[1, 54, 23, 32, 261, 279, 20, 9, 10, 175]"
118105,"[7, 48, 6, 261, 19, 55, 5, 175, 238, 279]"
118106,"[90, 43, 19, 34, 60, 142, 20, 17, 279, 32]"
118107,"[5, 76, 19, 12, 73, 121, 261, 130, 279, 1]"
118108,"[73, 17, 5, 19, 3, 72, 261, 10, 27, 146]"
118109,"[138, 19, 36, 5, 92, 55, 279, 71, 20, 43]"
118110,"[261, 32, 279, 54, 23, 103, 5, 66, 19, 76]"
118111,"[76, 36, 3, 149, 32, 138, 261, 55, 19, 103]"
118112,"[17, 73, 19, 261, 5, 32, 42, 223, 130, 142]"
118113,"[24, 19, 5, 10, 51, 73, 17, 261, 60, 4]"
118114,"[223, 5, 19, 17, 261, 142, 49, 73, 29, 130]"
118115,"[54, 1, 23, 261, 14, 5, 279, 20, 72, 32]"
118116,"[30, 7, 175, 48, 6, 66, 19, 138, 21, 149]"
118117,"[44, 7, 175, 6, 48, 19, 92, 261, 32, 38]"
118118,"[1, 23, 54, 20, 19, 3, 2, 32, 5, 14]"
118119,"[55, 19, 10, 146, 60, 261, 5, 71, 7, 91]"
118120,"[51, 5, 19, 261, 73, 9, 279, 21, 238, 10]"
118121,"[45, 261, 66, 5, 71, 19, 279, 6, 146, 2]"
118122,"[4, 261, 5, 2, 71, 9, 60, 51, 19, 279]"
118123,"[223, 130, 19, 60, 12, 5, 92, 82, 90, 17]"
118124,"[73, 5, 17, 19, 130, 146, 223, 10, 6, 21]"
118125,"[3, 36, 19, 5, 29, 42, 146, 189, 7, 138]"
118126,"[146, 55, 19, 13, 60, 82, 5, 17, 3, 34]"
118127,"[77, 151, 157, 49, 25, 6, 105, 60, 38, 92]"
118128,"[122, 34, 26, 5, 32, 261, 72, 13, 146, 279]"
118129,"[18, 82, 90, 0, 19, 60, 15, 91, 105, 5]"
118130,"[5, 261, 19, 2, 32, 10, 20, 279, 187, 60]"
118131,"[142, 27, 30, 66, 6, 21, 149, 175, 124, 7]"
118132,"[9, 175, 19, 279, 51, 5, 6, 92, 261, 223]"
118133,"[5, 279, 19, 44, 77, 261, 20, 76, 23, 14]"
118134,"[119, 55, 5, 24, 138, 34, 60, 51, 71, 147]"
118135,"[71, 73, 19, 238, 9, 5, 17, 7, 261, 279]"
118136,"[30, 7, 71, 66, 175, 92, 149, 77, 19, 261]"
118137,"[28, 1, 9, 147, 103, 32, 23, 279, 24, 34]"
118138,"[223, 19, 5, 189, 82, 60, 21, 43, 121, 55]"
118139,"[220, 19, 103, 9, 36, 43, 261, 279, 64, 6]"
118140,"[279, 23, 261, 5, 157, 76, 19, 32, 44, 130]"
118141,"[44, 6, 7, 279, 25, 48, 92, 23, 261, 157]"
118142,"[71, 30, 7, 48, 175, 92, 261, 20, 6, 66]"
118143,"[220, 43, 5, 103, 279, 19, 55, 261, 32, 36]"
118144,"[71, 7, 30, 48, 175, 92, 66, 20, 261, 103]"
118145,"[64, 1, 261, 23, 54, 20, 5, 19, 32, 138]"
118146,"[261, 2, 19, 32, 92, 3, 36, 5, 103, 238]"
118147,"[261, 32, 23, 279, 54, 103, 5, 14, 220, 19]"
118148,"[18, 0, 72, 91, 5, 60, 97, 15, 10, 105]"
118149,"[189, 175, 43, 71, 21, 2, 55, 19, 14, 82]"
118150,"[10, 34, 77, 26, 51, 92, 105, 112, 60, 5]"
118151,"[5, 19, 112, 60, 2, 220, 261, 54, 9, 92]"
118152,"[4, 19, 5, 7, 24, 23, 261, 9, 73, 142]"
118153,"[3, 19, 82, 36, 17, 7, 223, 5, 72, 138]"
118154,"[6, 7, 44, 19, 48, 25, 261, 157, 92, 49]"
118155,"[175, 19, 5, 92, 7, 66, 14, 6, 279, 223]"
118156,"[187, 5, 261, 21, 138, 32, 72, 19, 23, 20]"
118157,"[90, 18, 19, 5, 0, 238, 20, 72, 60, 91]"
118158,"[21, 5, 20, 73, 3, 238, 19, 130, 36, 64]"
118159,"[19, 5, 36, 3, 130, 146, 17, 82, 73, 34]"
118160,"[124, 149, 66, 138, 3, 36, 45, 92, 30, 55]"
118161,"[142, 30, 27, 19, 175, 261, 7, 23, 24, 38]"
118162,"[0, 18, 90, 82, 105, 41, 15, 60, 84, 97]"
118163,"[1, 54, 20, 5, 23, 19, 64, 72, 32, 223]"
118164,"[26, 34, 5, 238, 19, 122, 10, 77, 71, 130]"
118165,"[58, 20, 19, 138, 220, 261, 64, 54, 7, 66]"
118166,"[92, 77, 7, 175, 6, 49, 151, 133, 48, 9]"
118167,"[92, 133, 175, 19, 5, 6, 238, 130, 77, 151]"
118168,"[90, 18, 0, 19, 72, 60, 279, 5, 91, 20]"
118169,"[149, 30, 124, 66, 279, 5, 20, 19, 261, 238]"
118170,"[279, 1, 32, 54, 103, 19, 261, 23, 5, 220]"
118171,"[149, 124, 45, 66, 3, 20, 138, 1, 36, 92]"
118172,"[77, 5, 49, 19, 92, 261, 6, 17, 130, 9]"
118173,"[17, 19, 73, 7, 3, 130, 12, 4, 223, 29]"
118174,"[51, 73, 5, 19, 261, 9, 279, 130, 17, 32]"
118175,"[146, 5, 19, 82, 13, 55, 60, 91, 3, 6]"
118176,"[223, 60, 19, 130, 90, 92, 82, 12, 5, 121]"
118177,"[146, 19, 5, 13, 6, 82, 55, 17, 91, 60]"
118178,"[6, 25, 77, 157, 92, 19, 44, 105, 49, 7]"
118179,"[1, 54, 20, 23, 5, 261, 73, 32, 19, 279]"
118180,"[189, 66, 41, 21, 175, 138, 92, 6, 10, 90]"
118181,"[175, 149, 14, 30, 19, 7, 71, 261, 3, 138]"
118182,"[146, 55, 13, 60, 19, 82, 5, 84, 261, 58]"
118183,"[13, 121, 0, 97, 55, 146, 5, 71, 60, 76]"
118184,"[66, 149, 45, 124, 261, 3, 92, 2, 1, 6]"
118185,"[58, 189, 138, 223, 42, 261, 7, 279, 175, 76]"
118186,"[279, 261, 23, 1, 32, 54, 34, 5, 43, 9]"
118187,"[261, 19, 5, 60, 279, 51, 9, 71, 6, 23]"
118188,"[25, 6, 36, 42, 55, 49, 3, 77, 157, 138]"
118189,"[34, 77, 5, 76, 26, 60, 19, 122, 130, 13]"
118190,"[55, 5, 1, 3, 138, 6, 97, 121, 36, 189]"
118191,"[45, 66, 261, 149, 19, 36, 5, 238, 27, 20]"
118192,"[157, 10, 18, 72, 71, 261, 91, 5, 51, 55]"
118193,"[175, 7, 6, 19, 30, 48, 91, 3, 138, 55]"
118194,"[17, 73, 19, 146, 5, 60, 3, 7, 82, 55]"
118195,"[238, 54, 5, 38, 20, 19, 261, 103, 2, 279]"
118196,"[42, 23, 138, 1, 36, 157, 3, 189, 149, 54]"
118197,"[1, 64, 23, 54, 261, 5, 20, 220, 238, 32]"
118198,"[15, 18, 0, 60, 105, 82, 19, 84, 90, 91]"
118199,"[77, 5, 49, 19, 34, 7, 17, 261, 175, 38]"
118200,"[3, 19, 73, 146, 82, 17, 6, 5, 261, 72]"
118201,"[55, 60, 146, 5, 19, 261, 10, 91, 71, 17]"
118202,"[7, 48, 6, 44, 175, 19, 261, 5, 55, 3]"
118203,"[24, 119, 28, 147, 5, 51, 130, 122, 19, 4]"
118204,"[82, 19, 105, 60, 5, 84, 21, 0, 146, 90]"
118205,"[17, 73, 261, 19, 32, 42, 142, 130, 4, 5]"
118206,"[36, 138, 189, 19, 3, 42, 55, 149, 76, 21]"
118207,"[157, 19, 76, 5, 7, 51, 36, 55, 238, 138]"
118208,"[0, 71, 97, 121, 76, 13, 18, 55, 19, 5]"
118209,"[279, 261, 32, 9, 43, 5, 34, 175, 73, 13]"
118210,"[17, 19, 3, 7, 138, 36, 4, 130, 23, 73]"
118211,"[19, 5, 51, 73, 9, 130, 10, 238, 34, 17]"
118212,"[149, 124, 45, 3, 20, 138, 66, 1, 36, 25]"
118213,"[73, 17, 19, 5, 10, 261, 72, 23, 54, 2]"
118214,"[66, 21, 175, 5, 30, 27, 20, 238, 142, 19]"
118215,"[97, 121, 0, 5, 60, 105, 13, 19, 26, 130]"
118216,"[189, 5, 60, 19, 223, 7, 17, 138, 43, 66]"
118217,"[82, 19, 105, 60, 90, 84, 0, 5, 146, 21]"
118218,"[60, 105, 130, 151, 19, 5, 77, 17, 220, 90]"
118219,"[122, 147, 28, 5, 26, 34, 51, 24, 19, 32]"
118220,"[119, 147, 5, 28, 10, 97, 138, 24, 0, 41]"
118221,"[146, 55, 60, 5, 13, 19, 82, 18, 92, 71]"
118222,"[157, 133, 5, 42, 23, 76, 1, 151, 54, 10]"
118223,"[142, 27, 19, 30, 175, 7, 23, 261, 32, 24]"
118224,"[45, 66, 27, 149, 71, 38, 77, 19, 21, 124]"
118225,"[19, 58, 3, 76, 5, 17, 73, 36, 223, 146]"
118226,"[147, 238, 19, 5, 66, 71, 21, 122, 279, 77]"
118227,"[105, 60, 5, 130, 19, 223, 82, 77, 17, 55]"
118228,"[97, 0, 60, 18, 121, 12, 13, 19, 119, 6]"
118229,"[92, 175, 6, 133, 49, 19, 189, 151, 66, 146]"
118230,"[58, 19, 20, 6, 261, 2, 7, 220, 138, 64]"
118231,"[97, 60, 19, 55, 5, 0, 121, 13, 6, 71]"
118232,"[30, 92, 19, 36, 66, 175, 77, 6, 49, 149]"
118233,"[4, 19, 24, 36, 60, 5, 103, 223, 54, 51]"
118234,"[6, 7, 44, 157, 25, 48, 30, 92, 66, 19]"
118235,"[138, 189, 42, 6, 175, 19, 66, 36, 7, 92]"
118236,"[149, 66, 30, 124, 175, 5, 2, 261, 92, 19]"
118237,"[21, 5, 72, 187, 32, 54, 19, 60, 223, 24]"
118238,"[130, 92, 19, 44, 112, 7, 223, 6, 151, 238]"
118239,"[73, 189, 19, 138, 130, 72, 66, 15, 5, 23]"
118240,"[32, 261, 5, 103, 220, 19, 42, 36, 279, 73]"
118241,"[122, 147, 28, 26, 34, 51, 24, 32, 49, 10]"
118242,"[130, 5, 26, 34, 19, 73, 122, 151, 17, 10]"
118243,"[18, 19, 60, 5, 91, 223, 55, 54, 279, 82]"
118244,"[41, 220, 0, 19, 261, 82, 138, 91, 51, 6]"
118245,"[146, 13, 5, 19, 55, 261, 6, 82, 91, 60]"
118246,"[36, 4, 19, 5, 24, 17, 3, 73, 29, 32]"
118247,"[41, 71, 10, 18, 21, 55, 157, 0, 26, 6]"
118248,"[71, 19, 7, 175, 30, 2, 261, 66, 5, 14]"
118249,"[13, 0, 121, 97, 146, 55, 5, 60, 19, 76]"
118250,"[12, 19, 5, 60, 130, 261, 76, 32, 71, 66]"
118251,"[64, 1, 23, 66, 2, 138, 103, 14, 261, 10]"
118252,"[175, 9, 6, 19, 92, 5, 71, 66, 7, 20]"
118253,"[147, 28, 32, 5, 122, 130, 23, 261, 19, 24]"
118254,"[6, 25, 77, 157, 44, 151, 48, 38, 7, 175]"
118255,"[9, 51, 175, 279, 5, 6, 19, 261, 10, 142]"
118256,"[26, 34, 10, 49, 122, 71, 77, 6, 147, 261]"
118257,"[91, 18, 14, 55, 90, 72, 27, 15, 19, 43]"
118258,"[77, 92, 7, 6, 19, 175, 5, 9, 10, 55]"
118259,"[21, 5, 19, 3, 82, 223, 91, 142, 72, 187]"
118260,"[149, 66, 124, 103, 279, 71, 30, 175, 2, 261]"
118261,"[49, 220, 6, 71, 175, 261, 5, 92, 2, 19]"
118262,"[58, 19, 5, 12, 261, 32, 7, 223, 146, 20]"
118263,"[32, 103, 44, 261, 279, 7, 14, 23, 54, 66]"
118264,"[5, 55, 138, 19, 3, 42, 36, 149, 2, 261]"
118265,"[261, 23, 20, 32, 3, 19, 2, 279, 14, 54]"
118266,"[151, 130, 19, 5, 157, 146, 17, 73, 60, 91]"
118267,"[189, 5, 19, 175, 36, 223, 138, 72, 130, 146]"
118268,"[82, 84, 90, 60, 105, 19, 15, 49, 18, 0]"
118269,"[105, 84, 157, 60, 77, 25, 5, 19, 151, 49]"
118270,"[90, 18, 279, 20, 72, 0, 60, 19, 5, 43]"
118271,"[72, 7, 261, 5, 32, 2, 238, 17, 23, 19]"
118272,"[66, 175, 30, 149, 92, 21, 6, 77, 124, 9]"
118273,"[147, 28, 122, 26, 71, 24, 60, 130, 5, 133]"
118274,"[90, 18, 72, 279, 20, 5, 19, 0, 1, 91]"
118275,"[151, 7, 77, 9, 38, 175, 43, 48, 36, 157]"
118276,"[18, 0, 90, 97, 10, 105, 41, 72, 5, 60]"
118277,"[20, 19, 220, 261, 6, 5, 64, 58, 73, 29]"
118278,"[76, 36, 3, 149, 138, 42, 23, 32, 19, 261]"
118279,"[30, 48, 7, 175, 6, 19, 66, 92, 38, 21]"
118280,"[261, 32, 5, 66, 2, 279, 19, 23, 103, 14]"
118281,"[138, 19, 6, 92, 10, 49, 2, 1, 23, 36]"
118282,"[142, 27, 66, 30, 175, 19, 5, 149, 7, 238]"
118283,"[138, 189, 42, 55, 175, 6, 51, 66, 10, 41]"
118284,"[5, 261, 2, 19, 10, 32, 279, 60, 20, 71]"
118285,"[49, 6, 175, 19, 26, 71, 92, 220, 2, 5]"
118286,"[10, 41, 157, 71, 97, 0, 138, 26, 2, 55]"
118287,"[25, 151, 36, 77, 49, 105, 60, 157, 55, 19]"
118288,"[9, 10, 51, 175, 41, 6, 124, 66, 19, 49]"
118289,"[73, 17, 19, 5, 72, 3, 261, 10, 146, 1]"
118290,"[189, 223, 19, 5, 36, 64, 21, 92, 138, 55]"
118291,"[223, 189, 19, 5, 138, 55, 238, 54, 43, 82]"
118292,"[5, 19, 223, 36, 51, 92, 73, 21, 3, 29]"
118293,"[18, 82, 90, 0, 19, 60, 15, 84, 105, 91]"
118294,"[5, 19, 261, 9, 279, 51, 238, 60, 6, 10]"
118295,"[112, 2, 10, 60, 5, 9, 19, 51, 71, 92]"
118296,"[105, 92, 5, 77, 10, 49, 133, 19, 238, 103]"
118297,"[92, 133, 175, 6, 19, 77, 5, 151, 130, 49]"
118298,"[189, 175, 5, 19, 4, 138, 151, 130, 10, 146]"
118299,"[147, 28, 32, 122, 24, 4, 76, 23, 261, 51]"
118300,"[73, 17, 19, 5, 7, 2, 130, 142, 54, 279]"
118301,"[3, 19, 17, 30, 175, 6, 73, 14, 92, 21]"
118302,"[157, 73, 76, 19, 91, 51, 175, 5, 17, 189]"
118303,"[23, 238, 10, 92, 279, 66, 175, 112, 261, 14]"
118304,"[238, 92, 5, 66, 279, 21, 175, 10, 19, 142]"
118305,"[142, 27, 30, 66, 261, 279, 21, 76, 6, 149]"
118306,"[58, 5, 12, 19, 223, 29, 36, 189, 21, 238]"
118307,"[92, 133, 19, 6, 175, 5, 49, 130, 2, 77]"
118308,"[133, 5, 92, 2, 66, 130, 175, 238, 23, 21]"
118309,"[64, 146, 1, 20, 3, 261, 72, 19, 36, 21]"
118310,"[55, 1, 138, 189, 42, 5, 3, 121, 23, 97]"
118311,"[10, 34, 26, 77, 49, 41, 51, 5, 105, 2]"
118312,"[84, 82, 60, 90, 19, 15, 105, 0, 18, 13]"
118313,"[147, 28, 122, 32, 5, 4, 279, 23, 76, 71]"
118314,"[279, 32, 23, 261, 5, 103, 54, 9, 34, 43]"
118315,"[1, 23, 5, 54, 3, 32, 19, 55, 91, 261]"
118316,"[10, 73, 19, 5, 6, 17, 157, 7, 146, 77]"
118317,"[5, 261, 10, 2, 71, 279, 51, 34, 32, 9]"
118318,"[189, 279, 5, 19, 72, 43, 103, 223, 261, 138]"
118319,"[24, 5, 73, 19, 17, 51, 261, 10, 34, 28]"
118320,"[19, 6, 5, 261, 138, 66, 51, 2, 10, 36]"
118321,"[77, 49, 175, 105, 10, 92, 71, 2, 6, 19]"
118322,"[138, 19, 5, 36, 7, 3, 23, 6, 189, 279]"
118323,"[92, 6, 66, 10, 77, 7, 175, 124, 48, 149]"
118324,"[142, 21, 27, 66, 73, 30, 3, 189, 223, 17]"
118325,"[84, 82, 60, 90, 19, 105, 0, 15, 223, 13]"
118326,"[146, 5, 73, 19, 26, 71, 122, 6, 55, 130]"
118327,"[60, 55, 130, 19, 5, 261, 151, 105, 220, 71]"
118328,"[133, 5, 130, 238, 26, 92, 279, 54, 32, 175]"
118329,"[91, 19, 60, 130, 18, 77, 238, 90, 5, 15]"
118330,"[60, 157, 84, 5, 25, 42, 23, 19, 279, 76]"
118331,"[187, 21, 5, 261, 72, 19, 36, 3, 138, 2]"
118332,"[54, 1, 23, 261, 14, 20, 5, 279, 32, 43]"
118333,"[187, 5, 261, 21, 72, 19, 32, 138, 23, 20]"
118334,"[105, 92, 5, 77, 49, 10, 19, 82, 1, 36]"
118335,"[151, 7, 77, 38, 36, 9, 175, 48, 157, 25]"
118336,"[261, 32, 279, 54, 55, 103, 34, 5, 43, 2]"
118337,"[24, 19, 5, 73, 17, 51, 34, 9, 7, 4]"
118338,"[149, 66, 5, 124, 261, 19, 238, 30, 175, 27]"
118339,"[91, 55, 72, 238, 19, 90, 92, 14, 18, 261]"
118340,"[223, 19, 49, 5, 92, 6, 17, 2, 29, 138]"
118341,"[45, 66, 38, 71, 149, 261, 27, 30, 49, 124]"
118342,"[119, 5, 147, 28, 34, 71, 55, 24, 60, 279]"
118343,"[26, 60, 97, 49, 121, 10, 77, 6, 71, 122]"
118344,"[42, 279, 54, 23, 36, 5, 76, 55, 138, 1]"
118345,"[238, 7, 175, 14, 91, 32, 261, 19, 66, 122]"
118346,"[54, 279, 23, 261, 43, 9, 220, 1, 66, 42]"
118347,"[130, 19, 151, 5, 12, 72, 17, 60, 73, 223]"
118348,"[149, 124, 45, 3, 20, 66, 36, 138, 1, 238]"
118349,"[175, 19, 9, 7, 6, 279, 38, 2, 23, 34]"
118350,"[7, 6, 44, 48, 175, 19, 30, 2, 261, 38]"
118351,"[187, 142, 5, 21, 19, 2, 103, 261, 73, 51]"
118352,"[261, 14, 103, 20, 32, 2, 6, 220, 5, 238]"
118353,"[10, 5, 19, 77, 51, 147, 1, 130, 41, 26]"
118354,"[66, 92, 175, 6, 77, 30, 71, 19, 261, 149]"
118355,"[71, 261, 7, 30, 5, 19, 38, 32, 48, 34]"
118356,"[27, 142, 21, 19, 92, 30, 66, 5, 238, 73]"
118357,"[5, 19, 36, 223, 73, 51, 29, 17, 3, 142]"
118358,"[45, 261, 54, 5, 66, 19, 71, 279, 27, 32]"
118359,"[66, 20, 30, 21, 175, 92, 238, 19, 27, 45]"
118360,"[64, 261, 20, 1, 5, 72, 146, 279, 21, 92]"
118361,"[7, 6, 48, 44, 175, 19, 261, 30, 14, 72]"
118362,"[122, 26, 5, 77, 19, 121, 34, 7, 10, 72]"
118363,"[64, 1, 20, 261, 5, 23, 54, 19, 36, 90]"
118364,"[30, 19, 36, 66, 92, 149, 6, 175, 138, 77]"
118365,"[130, 92, 19, 6, 175, 223, 17, 60, 7, 71]"
118366,"[121, 175, 19, 157, 133, 97, 10, 151, 92, 130]"
118367,"[48, 7, 5, 175, 6, 103, 43, 220, 9, 19]"
118368,"[21, 20, 5, 238, 19, 27, 187, 261, 103, 73]"
118369,"[105, 157, 84, 5, 77, 25, 60, 49, 36, 151]"
118370,"[10, 73, 19, 5, 55, 157, 60, 6, 77, 71]"
118371,"[21, 20, 261, 187, 5, 238, 73, 32, 146, 72]"
118372,"[5, 19, 82, 238, 261, 54, 21, 103, 279, 72]"
118373,"[119, 24, 147, 5, 122, 28, 26, 138, 71, 1]"
118374,"[220, 261, 43, 32, 2, 279, 19, 23, 103, 60]"
118375,"[2, 261, 32, 223, 19, 5, 103, 3, 220, 73]"
118376,"[122, 34, 26, 5, 72, 19, 261, 10, 77, 71]"
118377,"[66, 149, 45, 261, 124, 23, 14, 32, 2, 20]"
118378,"[64, 1, 261, 23, 32, 20, 54, 2, 5, 19]"
118379,"[2, 5, 261, 71, 92, 32, 6, 175, 19, 66]"
118380,"[24, 28, 119, 5, 51, 147, 36, 130, 19, 29]"
118381,"[5, 29, 19, 36, 92, 223, 3, 24, 73, 17]"
118382,"[19, 21, 223, 58, 66, 54, 5, 82, 6, 15]"
118383,"[82, 84, 60, 19, 90, 15, 223, 146, 105, 18]"
118384,"[72, 7, 261, 32, 2, 14, 23, 279, 17, 5]"
118385,"[17, 73, 19, 7, 23, 3, 130, 72, 261, 223]"
118386,"[49, 105, 77, 5, 60, 25, 19, 82, 84, 55]"
118387,"[30, 71, 175, 7, 2, 6, 66, 48, 92, 49]"
118388,"[54, 279, 261, 23, 32, 1, 220, 9, 5, 2]"
118389,"[2, 261, 71, 32, 5, 175, 66, 279, 187, 220]"
118390,"[14, 261, 23, 54, 32, 20, 279, 238, 43, 72]"
118391,"[55, 19, 10, 5, 261, 146, 71, 91, 60, 6]"
118392,"[1, 23, 28, 32, 261, 55, 279, 5, 10, 54]"
118393,"[133, 92, 5, 175, 19, 238, 21, 130, 60, 2]"
118394,"[76, 5, 261, 19, 1, 279, 54, 32, 12, 73]"
118395,"[146, 55, 13, 19, 82, 60, 5, 3, 17, 91]"
118396,"[20, 238, 7, 261, 64, 138, 66, 2, 73, 5]"
118397,"[5, 19, 103, 7, 138, 12, 223, 42, 279, 32]"
118398,"[146, 13, 19, 66, 6, 55, 5, 15, 21, 17]"
118399,"[279, 32, 23, 261, 5, 54, 103, 43, 73, 42]"
118400,"[30, 7, 71, 66, 92, 175, 48, 149, 77, 38]"
118401,"[19, 5, 51, 9, 261, 73, 10, 60, 279, 34]"
118402,"[91, 19, 30, 15, 72, 3, 157, 17, 90, 14]"
118403,"[60, 151, 105, 130, 77, 19, 5, 97, 223, 25]"
118404,"[10, 34, 5, 19, 130, 77, 60, 26, 92, 72]"
118405,"[54, 1, 23, 261, 14, 32, 279, 20, 5, 220]"
118406,"[5, 19, 42, 84, 157, 60, 77, 238, 36, 72]"
118407,"[36, 220, 77, 76, 19, 12, 3, 103, 60, 29]"
118408,"[142, 175, 23, 279, 261, 19, 24, 32, 17, 73]"
118409,"[279, 261, 55, 54, 2, 41, 43, 58, 13, 60]"
118410,"[24, 19, 5, 21, 17, 51, 223, 73, 58, 7]"
118411,"[175, 30, 38, 9, 19, 6, 36, 77, 7, 92]"
118412,"[20, 64, 19, 90, 157, 5, 138, 36, 1, 29]"
118413,"[14, 261, 23, 32, 1, 54, 279, 2, 43, 72]"
118414,"[49, 105, 5, 60, 77, 82, 25, 19, 84, 6]"
118415,"[122, 26, 10, 77, 90, 147, 105, 34, 121, 71]"
118416,"[82, 19, 60, 5, 84, 105, 146, 90, 0, 17]"
118417,"[36, 77, 76, 220, 19, 5, 12, 105, 82, 92]"
118418,"[2, 71, 261, 66, 48, 5, 7, 175, 32, 92]"
118419,"[119, 5, 147, 28, 55, 24, 26, 10, 138, 130]"
118420,"[5, 279, 44, 19, 23, 157, 133, 1, 76, 42]"
118421,"[51, 24, 19, 5, 28, 60, 122, 36, 147, 9]"
118422,"[261, 32, 20, 2, 54, 19, 23, 279, 103, 7]"
118423,"[42, 138, 3, 36, 23, 189, 220, 261, 25, 1]"
118424,"[175, 6, 19, 92, 49, 10, 7, 2, 38, 9]"
118425,"[147, 32, 28, 5, 122, 130, 24, 279, 76, 261]"
118426,"[24, 19, 5, 73, 17, 28, 9, 10, 4, 34]"
118427,"[146, 55, 19, 82, 13, 60, 5, 3, 17, 73]"
118428,"[5, 19, 10, 51, 91, 71, 60, 73, 279, 261]"
118429,"[58, 19, 5, 12, 29, 223, 103, 36, 261, 24]"
118430,"[5, 19, 73, 223, 2, 138, 21, 130, 49, 71]"
118431,"[58, 19, 76, 12, 36, 279, 5, 42, 138, 45]"
118432,"[92, 133, 175, 151, 6, 66, 77, 49, 44, 10]"
118433,"[19, 5, 73, 130, 36, 17, 175, 82, 10, 223]"
118434,"[175, 9, 19, 5, 92, 6, 71, 10, 66, 7]"
118435,"[19, 5, 238, 77, 6, 92, 60, 138, 55, 36]"
118436,"[92, 6, 7, 77, 49, 48, 66, 10, 175, 9]"
118437,"[261, 14, 32, 3, 220, 91, 19, 175, 103, 5]"
118438,"[261, 20, 32, 23, 279, 54, 14, 64, 3, 5]"
118439,"[23, 1, 36, 3, 54, 55, 32, 42, 19, 138]"
118440,"[238, 5, 19, 73, 36, 20, 54, 38, 92, 261]"
118441,"[103, 238, 20, 261, 19, 32, 5, 14, 279, 220]"
118442,"[124, 149, 66, 138, 45, 42, 175, 3, 30, 48]"
118443,"[38, 71, 19, 175, 77, 30, 66, 7, 48, 60]"
118444,"[41, 19, 220, 5, 82, 73, 3, 6, 146, 91]"
118445,"[48, 7, 6, 175, 19, 5, 9, 77, 10, 21]"
118446,"[26, 122, 34, 49, 28, 147, 10, 71, 5, 6]"
118447,"[71, 45, 66, 38, 30, 6, 7, 138, 124, 48]"
118448,"[9, 51, 279, 19, 66, 175, 261, 2, 58, 55]"
118449,"[97, 121, 60, 0, 105, 26, 41, 25, 49, 10]"
118450,"[13, 121, 0, 97, 55, 146, 119, 5, 60, 43]"
118451,"[15, 18, 0, 60, 84, 82, 91, 90, 105, 19]"
118452,"[41, 32, 5, 19, 261, 91, 175, 71, 0, 97]"
118453,"[92, 77, 48, 133, 66, 7, 6, 149, 10, 30]"
118454,"[19, 73, 5, 17, 130, 34, 175, 82, 238, 10]"
118455,"[60, 151, 130, 77, 105, 19, 5, 223, 157, 25]"
118456,"[64, 19, 1, 279, 261, 5, 20, 54, 23, 55]"
118457,"[76, 36, 220, 19, 60, 5, 12, 77, 42, 55]"
118458,"[19, 58, 5, 64, 6, 73, 138, 20, 10, 36]"
118459,"[147, 28, 122, 26, 5, 24, 130, 133, 119, 71]"
118460,"[91, 19, 30, 92, 175, 261, 14, 10, 55, 77]"
118461,"[175, 6, 10, 19, 7, 41, 66, 48, 2, 71]"
118462,"[175, 19, 5, 6, 261, 23, 48, 220, 7, 279]"
118463,"[60, 18, 82, 0, 90, 19, 15, 84, 97, 91]"
118464,"[28, 32, 103, 5, 20, 279, 24, 19, 34, 9]"
118465,"[71, 30, 38, 19, 175, 5, 27, 32, 66, 261]"
118466,"[60, 5, 105, 19, 55, 97, 77, 2, 49, 82]"
118467,"[105, 49, 92, 82, 133, 10, 5, 19, 1, 77]"
118468,"[20, 58, 19, 261, 5, 64, 54, 220, 238, 6]"
118469,"[97, 121, 60, 0, 105, 13, 41, 5, 157, 55]"
118470,"[71, 7, 92, 77, 238, 30, 21, 38, 261, 19]"
118471,"[21, 19, 5, 36, 223, 66, 142, 82, 7, 24]"
118472,"[66, 149, 45, 124, 261, 2, 3, 92, 238, 7]"
118473,"[15, 82, 84, 19, 60, 91, 0, 223, 36, 18]"
118474,"[130, 5, 19, 26, 34, 28, 122, 151, 72, 17]"
118475,"[45, 5, 19, 261, 54, 6, 66, 32, 2, 71]"
118476,"[84, 19, 55, 261, 60, 138, 54, 5, 58, 43]"
118477,"[54, 279, 23, 261, 42, 5, 220, 32, 73, 9]"
118478,"[189, 5, 19, 43, 279, 103, 223, 175, 72, 138]"
118479,"[157, 51, 76, 189, 36, 223, 138, 10, 19, 58]"
118480,"[147, 19, 71, 60, 66, 5, 119, 122, 261, 175]"
118481,"[28, 5, 19, 32, 261, 20, 103, 238, 279, 24]"
118482,"[55, 60, 19, 13, 7, 10, 223, 146, 157, 91]"
118483,"[18, 0, 60, 90, 97, 10, 5, 82, 72, 71]"
118484,"[112, 5, 279, 261, 9, 157, 6, 34, 17, 76]"
118485,"[60, 105, 49, 97, 19, 5, 0, 82, 10, 18]"
118486,"[17, 73, 19, 7, 12, 66, 3, 76, 130, 23]"
118487,"[1, 23, 54, 20, 19, 72, 14, 49, 5, 64]"
118488,"[30, 19, 175, 3, 60, 17, 5, 6, 223, 261]"
118489,"[261, 20, 32, 23, 14, 279, 64, 54, 2, 220]"
118490,"[72, 23, 157, 10, 1, 76, 5, 189, 34, 130]"
118491,"[238, 92, 5, 279, 10, 133, 1, 23, 19, 6]"
118492,"[64, 261, 1, 23, 2, 20, 32, 54, 71, 92]"
118493,"[71, 7, 30, 38, 48, 19, 5, 175, 72, 3]"
118494,"[76, 36, 5, 3, 19, 261, 149, 42, 92, 20]"
118495,"[71, 2, 261, 5, 55, 66, 19, 32, 238, 6]"
118496,"[142, 23, 279, 261, 19, 32, 175, 5, 24, 14]"
118497,"[45, 66, 38, 149, 27, 71, 124, 30, 3, 77]"
118498,"[66, 20, 30, 21, 238, 92, 261, 175, 2, 5]"
118499,"[84, 60, 82, 19, 90, 0, 91, 223, 13, 18]"
118500,"[54, 23, 1, 261, 14, 32, 279, 20, 43, 5]"
118501,"[30, 175, 6, 48, 7, 19, 71, 38, 66, 138]"
118502,"[138, 19, 279, 10, 7, 55, 9, 6, 36, 5]"
118503,"[9, 175, 6, 51, 279, 19, 10, 60, 43, 5]"
118504,"[51, 28, 10, 9, 92, 19, 55, 71, 261, 147]"
118505,"[149, 45, 124, 3, 20, 1, 66, 36, 138, 92]"
118506,"[54, 261, 23, 1, 279, 19, 5, 220, 92, 2]"
118507,"[84, 82, 60, 19, 90, 105, 55, 223, 43, 49]"
118508,"[121, 175, 19, 5, 6, 97, 76, 10, 13, 7]"
118509,"[90, 18, 0, 60, 279, 72, 73, 43, 19, 97]"
118510,"[7, 77, 92, 49, 5, 6, 175, 10, 19, 9]"
118511,"[19, 5, 73, 82, 238, 279, 17, 21, 60, 9]"
118512,"[36, 3, 29, 55, 42, 138, 92, 149, 19, 5]"
118513,"[76, 36, 60, 19, 220, 5, 55, 43, 77, 42]"
118514,"[71, 48, 7, 30, 261, 175, 20, 279, 103, 55]"
118515,"[43, 261, 279, 19, 5, 220, 7, 32, 2, 23]"
118516,"[73, 17, 3, 19, 5, 72, 7, 138, 23, 54]"
118517,"[91, 15, 19, 66, 18, 90, 14, 175, 55, 146]"
118518,"[18, 19, 5, 60, 279, 54, 90, 91, 0, 71]"
118519,"[3, 19, 17, 30, 149, 73, 175, 6, 223, 66]"
118520,"[82, 19, 60, 5, 146, 105, 84, 73, 0, 17]"
118521,"[187, 142, 261, 32, 2, 28, 43, 26, 34, 5]"
118522,"[5, 3, 19, 36, 138, 42, 189, 55, 149, 73]"
118523,"[5, 19, 55, 130, 238, 34, 77, 73, 60, 10]"
118524,"[34, 10, 19, 5, 26, 60, 32, 130, 55, 122]"
118525,"[187, 5, 21, 261, 72, 19, 36, 138, 238, 32]"
118526,"[238, 5, 279, 92, 19, 7, 66, 142, 175, 261]"
118527,"[147, 28, 5, 19, 130, 279, 32, 261, 76, 1]"
118528,"[18, 19, 5, 60, 279, 91, 23, 0, 54, 1]"
118529,"[58, 19, 5, 12, 36, 223, 29, 3, 7, 64]"
118530,"[18, 0, 72, 90, 105, 10, 97, 112, 84, 60]"
118531,"[130, 26, 5, 10, 34, 28, 122, 19, 60, 151]"
118532,"[38, 71, 19, 30, 175, 77, 66, 7, 5, 238]"
118533,"[103, 238, 19, 3, 138, 5, 220, 279, 42, 6]"
118534,"[142, 66, 261, 238, 21, 19, 27, 14, 7, 76]"
118535,"[10, 73, 19, 5, 6, 17, 146, 7, 71, 55]"
118536,"[36, 3, 138, 19, 149, 92, 42, 55, 29, 5]"
118537,"[138, 189, 42, 43, 55, 54, 7, 19, 261, 66]"
118538,"[122, 147, 26, 28, 34, 5, 51, 24, 32, 146]"
118539,"[19, 261, 5, 9, 60, 34, 238, 55, 66, 30]"
118540,"[187, 21, 261, 14, 43, 2, 5, 279, 32, 23]"
118541,"[122, 26, 34, 5, 72, 19, 146, 130, 261, 30]"
118542,"[26, 34, 28, 122, 49, 147, 10, 77, 71, 157]"
118543,"[5, 36, 3, 138, 19, 189, 42, 149, 55, 146]"
118544,"[21, 5, 187, 72, 23, 32, 261, 60, 24, 19]"
118545,"[121, 5, 19, 279, 175, 97, 130, 60, 10, 157]"
118546,"[5, 10, 19, 2, 261, 73, 71, 238, 34, 9]"
118547,"[14, 261, 23, 20, 1, 32, 54, 279, 72, 5]"
118548,"[146, 19, 5, 55, 36, 82, 13, 138, 6, 189]"
118549,"[238, 261, 32, 91, 5, 279, 7, 54, 9, 19]"
118550,"[72, 7, 2, 10, 66, 14, 6, 71, 112, 261]"
118551,"[41, 220, 19, 36, 5, 73, 82, 6, 0, 91]"
118552,"[133, 92, 238, 5, 26, 175, 279, 21, 130, 34]"
118553,"[5, 19, 76, 12, 261, 238, 7, 279, 73, 54]"
118554,"[133, 92, 175, 49, 9, 130, 44, 147, 28, 6]"
118555,"[34, 10, 26, 19, 60, 5, 55, 9, 122, 130]"
118556,"[151, 7, 25, 175, 157, 77, 49, 138, 9, 189]"
118557,"[34, 261, 5, 55, 279, 72, 19, 42, 32, 238]"
118558,"[32, 261, 5, 103, 19, 220, 238, 42, 279, 73]"
118559,"[26, 34, 5, 122, 10, 130, 71, 49, 19, 28]"
118560,"[72, 10, 19, 5, 3, 36, 73, 34, 189, 21]"
118561,"[130, 92, 19, 223, 238, 142, 279, 5, 44, 175]"
118562,"[48, 7, 6, 49, 2, 5, 77, 261, 151, 103]"
118563,"[19, 82, 60, 5, 105, 130, 84, 91, 49, 17]"
118564,"[5, 279, 92, 77, 19, 238, 76, 261, 20, 1]"
118565,"[105, 10, 82, 60, 77, 92, 19, 5, 41, 49]"
118566,"[261, 279, 32, 43, 103, 58, 23, 54, 2, 55]"
118567,"[19, 82, 60, 105, 5, 84, 130, 91, 157, 17]"
118568,"[279, 5, 44, 32, 19, 76, 261, 20, 54, 157]"
118569,"[175, 10, 124, 28, 6, 71, 41, 49, 9, 77]"
118570,"[147, 28, 122, 5, 26, 71, 51, 130, 24, 60]"
118571,"[13, 121, 0, 97, 55, 146, 71, 60, 76, 10]"
118572,"[147, 28, 122, 26, 130, 24, 133, 49, 5, 71]"
118573,"[44, 7, 48, 175, 92, 261, 32, 6, 38, 30]"
118574,"[261, 32, 279, 103, 34, 66, 9, 54, 55, 238]"
118575,"[72, 7, 261, 32, 2, 279, 14, 66, 54, 23]"
118576,"[64, 1, 5, 23, 20, 261, 32, 54, 73, 19]"
118577,"[157, 76, 73, 19, 5, 261, 10, 51, 72, 175]"
118578,"[92, 133, 49, 112, 44, 7, 77, 6, 66, 2]"
118579,"[77, 19, 60, 5, 76, 34, 130, 26, 105, 151]"
118580,"[92, 6, 66, 77, 7, 48, 149, 49, 36, 30]"
118581,"[157, 138, 19, 76, 189, 51, 7, 261, 175, 10]"
118582,"[2, 175, 71, 5, 261, 92, 49, 147, 7, 32]"
118583,"[60, 105, 130, 151, 19, 5, 17, 77, 92, 90]"
118584,"[44, 7, 261, 19, 48, 6, 92, 32, 175, 2]"
118585,"[146, 19, 5, 122, 26, 6, 130, 23, 73, 13]"
118586,"[15, 18, 0, 60, 19, 82, 105, 90, 84, 91]"
118587,"[77, 92, 49, 38, 9, 71, 5, 105, 34, 133]"
118588,"[151, 157, 77, 7, 25, 9, 38, 48, 175, 133]"
118589,"[279, 23, 19, 91, 1, 32, 261, 43, 9, 5]"
118590,"[64, 54, 1, 261, 23, 32, 20, 279, 103, 2]"
118591,"[105, 92, 49, 10, 5, 82, 19, 77, 1, 133]"
118592,"[82, 84, 60, 90, 105, 19, 15, 49, 0, 18]"
118593,"[54, 279, 23, 1, 42, 220, 3, 17, 19, 91]"
118594,"[189, 5, 175, 19, 151, 279, 4, 130, 138, 142]"
118595,"[121, 97, 71, 0, 55, 5, 223, 26, 76, 92]"
118596,"[119, 5, 28, 147, 24, 138, 1, 55, 97, 10]"
118597,"[24, 4, 28, 60, 49, 36, 19, 29, 9, 51]"
118598,"[149, 30, 9, 261, 124, 14, 238, 175, 279, 103]"
118599,"[29, 5, 220, 19, 9, 223, 261, 36, 238, 138]"
118600,"[5, 60, 19, 84, 77, 157, 36, 25, 42, 97]"
118601,"[77, 157, 151, 49, 25, 60, 6, 105, 19, 5]"
118602,"[147, 122, 119, 26, 28, 60, 71, 41, 2, 24]"
118603,"[175, 19, 6, 92, 7, 66, 14, 5, 77, 60]"
118604,"[146, 5, 19, 13, 66, 6, 21, 55, 189, 71]"
118605,"[19, 5, 32, 103, 73, 7, 9, 223, 238, 279]"
118606,"[66, 45, 149, 261, 124, 32, 20, 14, 238, 2]"
118607,"[279, 261, 32, 23, 54, 76, 5, 19, 2, 7]"
118608,"[25, 151, 157, 77, 60, 36, 130, 3, 19, 49]"
118609,"[220, 261, 43, 19, 103, 54, 32, 6, 9, 138]"
118610,"[26, 34, 5, 238, 72, 122, 71, 10, 19, 261]"
118611,"[147, 122, 28, 5, 2, 60, 26, 71, 24, 130]"
118612,"[77, 5, 19, 26, 34, 76, 105, 10, 60, 122]"
118613,"[14, 23, 261, 32, 1, 54, 20, 279, 72, 43]"
118614,"[32, 261, 279, 7, 44, 103, 19, 20, 6, 14]"
118615,"[5, 19, 2, 261, 10, 51, 49, 71, 34, 54]"
118616,"[28, 9, 24, 1, 103, 147, 32, 34, 36, 10]"
118617,"[4, 5, 60, 19, 261, 7, 138, 279, 23, 119]"
118618,"[147, 122, 28, 26, 71, 119, 24, 41, 51, 10]"
118619,"[97, 19, 5, 0, 121, 146, 92, 105, 60, 13]"
118620,"[142, 27, 30, 66, 92, 6, 77, 261, 19, 7]"
118621,"[133, 92, 175, 49, 6, 66, 77, 2, 29, 147]"
118622,"[19, 36, 5, 138, 223, 51, 6, 92, 3, 73]"
118623,"[220, 19, 5, 261, 2, 32, 17, 146, 36, 29]"
118624,"[138, 189, 3, 42, 23, 149, 175, 146, 7, 36]"
118625,"[19, 7, 5, 261, 23, 17, 138, 36, 76, 73]"
118626,"[64, 1, 23, 54, 261, 90, 138, 279, 14, 103]"
118627,"[20, 261, 103, 2, 36, 149, 5, 32, 220, 19]"
118628,"[238, 54, 32, 261, 279, 7, 66, 19, 14, 2]"
118629,"[82, 5, 103, 9, 261, 19, 54, 32, 279, 238]"
118630,"[32, 261, 5, 19, 2, 73, 20, 279, 54, 72]"
118631,"[92, 133, 19, 5, 175, 130, 6, 238, 77, 66]"
118632,"[49, 92, 48, 6, 77, 105, 7, 44, 151, 25]"
118633,"[44, 7, 48, 175, 133, 149, 92, 279, 6, 38]"
118634,"[220, 261, 2, 71, 55, 43, 32, 41, 19, 279]"
118635,"[187, 142, 34, 261, 5, 2, 32, 21, 103, 19]"
118636,"[18, 0, 72, 5, 60, 90, 97, 82, 10, 105]"
118637,"[175, 48, 261, 7, 9, 71, 10, 6, 279, 30]"
118638,"[64, 20, 261, 23, 2, 220, 14, 32, 1, 103]"
118639,"[76, 36, 3, 149, 42, 138, 55, 19, 189, 5]"
118640,"[138, 41, 10, 71, 43, 19, 55, 6, 2, 14]"
118641,"[279, 261, 23, 32, 9, 42, 43, 76, 54, 5]"
118642,"[64, 1, 23, 54, 261, 32, 279, 20, 103, 90]"
118643,"[223, 19, 130, 12, 60, 92, 5, 90, 82, 21]"
118644,"[36, 3, 19, 29, 5, 42, 146, 189, 7, 82]"
118645,"[29, 223, 3, 36, 138, 17, 19, 149, 5, 189]"
118646,"[13, 146, 5, 19, 7, 55, 6, 17, 0, 121]"
118647,"[10, 73, 55, 19, 60, 157, 71, 5, 261, 48]"
118648,"[29, 3, 17, 19, 36, 223, 138, 7, 149, 6]"
118649,"[82, 5, 19, 21, 261, 138, 9, 6, 71, 54]"
118650,"[42, 23, 138, 1, 36, 157, 3, 189, 149, 54]"
118651,"[66, 20, 30, 21, 5, 19, 92, 238, 27, 261]"
118652,"[24, 19, 5, 17, 34, 10, 73, 58, 51, 223]"
118653,"[41, 220, 19, 91, 82, 42, 3, 0, 73, 15]"
118654,"[92, 7, 77, 6, 48, 66, 149, 10, 9, 27]"
118655,"[142, 21, 66, 27, 73, 19, 5, 238, 261, 7]"
118656,"[41, 66, 6, 21, 10, 60, 19, 175, 71, 51]"
118657,"[147, 71, 261, 5, 19, 32, 122, 279, 60, 66]"
118658,"[73, 5, 19, 17, 10, 146, 130, 223, 1, 82]"
118659,"[146, 55, 19, 13, 82, 60, 5, 3, 84, 17]"
118660,"[73, 5, 17, 19, 223, 130, 20, 146, 54, 3]"
118661,"[112, 92, 5, 157, 6, 10, 133, 279, 49, 175]"
118662,"[76, 19, 5, 12, 121, 261, 54, 279, 7, 32]"
118663,"[146, 13, 19, 55, 5, 60, 6, 261, 34, 91]"
118664,"[77, 49, 92, 6, 19, 2, 105, 66, 175, 71]"
118665,"[28, 9, 19, 51, 24, 10, 5, 92, 36, 147]"
118666,"[0, 18, 82, 60, 15, 90, 19, 97, 105, 91]"
118667,"[147, 28, 122, 24, 119, 60, 32, 71, 26, 5]"
118668,"[147, 175, 122, 26, 19, 130, 17, 5, 23, 76]"
118669,"[91, 19, 18, 238, 130, 5, 90, 60, 15, 77]"
118670,"[124, 149, 66, 3, 30, 138, 45, 42, 36, 261]"
118671,"[121, 19, 175, 5, 97, 133, 157, 76, 130, 10]"
118672,"[4, 19, 36, 24, 5, 29, 72, 28, 17, 23]"
118673,"[175, 6, 7, 77, 49, 92, 10, 5, 19, 151]"
118674,"[112, 5, 279, 157, 13, 6, 19, 7, 54, 66]"
118675,"[18, 5, 19, 90, 279, 72, 91, 60, 261, 82]"
118676,"[220, 261, 43, 19, 32, 279, 5, 9, 7, 23]"
118677,"[60, 130, 151, 17, 19, 105, 157, 220, 223, 5]"
118678,"[189, 5, 279, 223, 23, 103, 43, 19, 20, 175]"
118679,"[51, 19, 24, 28, 122, 5, 60, 147, 9, 10]"
118680,"[91, 19, 60, 18, 130, 15, 238, 5, 51, 279]"
118681,"[28, 1, 9, 32, 103, 24, 147, 23, 10, 279]"
118682,"[36, 151, 5, 19, 25, 77, 60, 223, 9, 121]"
118683,"[238, 14, 66, 279, 91, 7, 72, 28, 261, 5]"
118684,"[26, 34, 49, 122, 10, 77, 147, 71, 5, 261]"
118685,"[138, 84, 220, 189, 3, 19, 5, 103, 82, 7]"
118686,"[119, 24, 28, 147, 51, 5, 4, 43, 12, 122]"
118687,"[13, 5, 146, 19, 55, 121, 261, 71, 7, 72]"
118688,"[220, 261, 19, 43, 54, 2, 5, 32, 238, 66]"
118689,"[66, 45, 38, 149, 71, 27, 3, 92, 77, 19]"
118690,"[4, 24, 36, 19, 28, 29, 60, 5, 17, 23]"
118691,"[84, 5, 138, 7, 103, 19, 189, 43, 220, 58]"
118692,"[13, 121, 97, 0, 146, 5, 55, 60, 76, 279]"
118693,"[138, 189, 42, 36, 7, 43, 175, 149, 3, 66]"
118694,"[21, 187, 142, 2, 66, 5, 138, 261, 71, 6]"
118695,"[48, 7, 6, 49, 175, 5, 19, 26, 151, 77]"
118696,"[5, 19, 49, 2, 130, 73, 72, 77, 105, 10]"
118697,"[133, 92, 5, 238, 2, 66, 130, 23, 19, 26]"
118698,"[25, 151, 77, 60, 157, 105, 49, 36, 55, 6]"
118699,"[9, 175, 5, 6, 19, 92, 71, 20, 10, 7]"
118700,"[19, 5, 6, 66, 51, 189, 138, 261, 36, 146]"
118701,"[49, 175, 6, 146, 19, 26, 5, 92, 220, 10]"
118702,"[82, 84, 60, 19, 90, 49, 146, 105, 0, 223]"
118703,"[187, 5, 21, 261, 72, 3, 19, 32, 138, 24]"
118704,"[44, 7, 48, 175, 6, 92, 30, 19, 38, 261]"
118705,"[6, 49, 66, 77, 138, 19, 92, 60, 10, 71]"
118706,"[18, 19, 60, 5, 91, 223, 55, 82, 279, 0]"
118707,"[0, 18, 60, 82, 90, 15, 97, 105, 84, 91]"
118708,"[71, 2, 66, 55, 41, 21, 5, 10, 58, 261]"
118709,"[189, 19, 223, 5, 238, 138, 55, 7, 82, 64]"
118710,"[261, 279, 23, 5, 19, 32, 9, 54, 2, 1]"
118711,"[130, 5, 26, 73, 19, 10, 34, 60, 151, 122]"
118712,"[19, 82, 5, 279, 21, 73, 103, 238, 54, 43]"
118713,"[41, 220, 19, 6, 49, 261, 0, 10, 5, 60]"
118714,"[238, 5, 19, 66, 21, 12, 223, 92, 220, 76]"
118715,"[51, 10, 34, 41, 28, 92, 26, 147, 49, 77]"
118716,"[20, 2, 261, 238, 66, 7, 32, 5, 103, 71]"
118717,"[112, 5, 92, 12, 2, 19, 10, 133, 77, 105]"
118718,"[32, 261, 279, 42, 5, 55, 220, 54, 103, 2]"
118719,"[7, 2, 175, 92, 48, 66, 71, 55, 19, 49]"
118720,"[34, 5, 261, 19, 72, 279, 55, 32, 238, 54]"
118721,"[14, 261, 23, 54, 1, 279, 32, 20, 43, 72]"
118722,"[43, 220, 261, 55, 5, 19, 279, 60, 32, 54]"
118723,"[26, 97, 60, 49, 121, 105, 10, 41, 147, 77]"
118724,"[92, 133, 19, 175, 6, 130, 5, 49, 151, 146]"
118725,"[42, 23, 138, 3, 36, 189, 261, 220, 17, 1]"
118726,"[32, 261, 5, 238, 19, 23, 279, 42, 20, 14]"
118727,"[146, 13, 19, 60, 5, 82, 55, 17, 0, 138]"
118728,"[41, 97, 10, 55, 60, 19, 121, 0, 71, 32]"
118729,"[42, 36, 157, 1, 23, 92, 279, 5, 54, 76]"
118730,"[92, 133, 49, 44, 112, 10, 2, 71, 7, 6]"
118731,"[119, 5, 28, 147, 24, 1, 26, 72, 122, 138]"
118732,"[77, 151, 157, 49, 25, 105, 92, 38, 6, 175]"
118733,"[175, 19, 5, 6, 7, 9, 279, 223, 3, 2]"
118734,"[20, 54, 1, 14, 23, 5, 279, 19, 73, 238]"
118735,"[44, 7, 48, 175, 92, 133, 38, 279, 6, 261]"
118736,"[138, 19, 36, 55, 92, 189, 10, 6, 7, 1]"
118737,"[1, 23, 64, 54, 279, 261, 220, 32, 20, 5]"
118738,"[25, 6, 55, 36, 42, 49, 77, 157, 60, 92]"
118739,"[7, 44, 48, 6, 175, 14, 30, 38, 151, 49]"
118740,"[261, 103, 32, 279, 43, 23, 54, 19, 20, 220]"
118741,"[90, 19, 18, 60, 10, 71, 5, 0, 55, 92]"
118742,"[19, 82, 60, 90, 105, 84, 5, 91, 17, 157]"
118743,"[19, 5, 60, 82, 238, 91, 73, 17, 279, 55]"
118744,"[220, 2, 261, 43, 9, 71, 19, 32, 29, 238]"
118745,"[279, 32, 261, 19, 5, 54, 103, 9, 23, 43]"
118746,"[146, 5, 19, 6, 73, 13, 261, 66, 71, 45]"
118747,"[55, 5, 121, 189, 138, 92, 3, 6, 1, 36]"
118748,"[119, 5, 28, 147, 24, 71, 122, 55, 34, 261]"
118749,"[142, 279, 261, 19, 23, 5, 32, 73, 14, 175]"
118750,"[175, 6, 19, 7, 48, 55, 30, 71, 261, 146]"
118751,"[84, 220, 20, 9, 238, 43, 279, 5, 261, 103]"
118752,"[24, 28, 119, 51, 5, 147, 19, 130, 122, 36]"
118753,"[119, 147, 5, 24, 28, 10, 122, 71, 138, 1]"
118754,"[7, 71, 261, 66, 19, 48, 30, 60, 55, 14]"
118755,"[1, 23, 64, 54, 261, 220, 279, 19, 5, 20]"
118756,"[261, 23, 19, 7, 43, 279, 60, 175, 32, 76]"
118757,"[19, 261, 7, 5, 175, 55, 23, 6, 48, 2]"
118758,"[9, 157, 279, 261, 5, 23, 32, 151, 19, 60]"
118759,"[5, 23, 19, 279, 130, 44, 157, 1, 76, 261]"
118760,"[279, 261, 54, 32, 23, 5, 19, 34, 76, 1]"
118761,"[142, 66, 21, 27, 238, 7, 149, 223, 12, 19]"
118762,"[19, 5, 10, 36, 51, 3, 9, 223, 82, 130]"
118763,"[189, 19, 138, 5, 43, 103, 71, 72, 279, 2]"
118764,"[32, 261, 5, 279, 103, 23, 54, 42, 20, 19]"
118765,"[10, 34, 26, 77, 72, 151, 5, 92, 130, 28]"
118766,"[122, 147, 28, 26, 51, 5, 34, 32, 24, 130]"
118767,"[45, 261, 5, 19, 66, 279, 27, 32, 146, 20]"
118768,"[71, 5, 261, 2, 19, 147, 32, 146, 223, 175]"
118769,"[7, 48, 6, 175, 44, 19, 138, 3, 55, 92]"
118770,"[157, 72, 5, 10, 76, 55, 18, 261, 20, 71]"
118771,"[17, 73, 19, 146, 5, 82, 60, 130, 3, 223]"
118772,"[261, 64, 20, 23, 5, 32, 19, 14, 2, 55]"
118773,"[21, 20, 32, 261, 103, 19, 64, 5, 187, 238]"
118774,"[92, 133, 44, 112, 77, 7, 49, 238, 36, 9]"
118775,"[73, 17, 19, 10, 6, 7, 72, 261, 130, 5]"
118776,"[45, 66, 261, 5, 19, 279, 54, 27, 138, 32]"
118777,"[60, 84, 157, 19, 5, 25, 77, 36, 42, 49]"
118778,"[187, 21, 261, 142, 73, 5, 279, 2, 238, 72]"
118779,"[19, 5, 73, 238, 17, 6, 223, 34, 10, 58]"
118780,"[23, 1, 54, 32, 5, 261, 55, 3, 19, 36]"
118781,"[7, 5, 175, 2, 44, 261, 279, 13, 48, 71]"
118782,"[82, 60, 151, 0, 157, 19, 18, 91, 105, 77]"
118783,"[261, 32, 2, 55, 41, 279, 43, 71, 54, 103]"
118784,"[220, 261, 43, 32, 1, 238, 19, 9, 23, 54]"
118785,"[220, 261, 43, 32, 19, 2, 279, 5, 103, 9]"
118786,"[19, 149, 30, 175, 5, 279, 238, 261, 92, 14]"
118787,"[15, 82, 19, 84, 18, 91, 0, 60, 223, 36]"
118788,"[187, 261, 5, 32, 23, 43, 103, 279, 220, 14]"
118789,"[2, 5, 261, 71, 175, 92, 19, 7, 66, 32]"
118790,"[64, 146, 20, 261, 5, 1, 23, 72, 279, 3]"
118791,"[45, 66, 149, 38, 27, 71, 124, 77, 238, 261]"
118792,"[151, 43, 175, 71, 77, 7, 10, 41, 9, 138]"
118793,"[9, 175, 51, 279, 6, 261, 10, 19, 220, 5]"
118794,"[220, 261, 1, 19, 20, 43, 238, 32, 23, 14]"
118795,"[71, 238, 19, 73, 7, 9, 17, 77, 6, 10]"
118796,"[24, 4, 60, 28, 19, 36, 9, 49, 122, 29]"
118797,"[66, 21, 92, 238, 10, 6, 175, 5, 279, 19]"
118798,"[45, 261, 66, 5, 71, 32, 19, 146, 27, 54]"
118799,"[91, 19, 55, 92, 30, 90, 10, 238, 72, 77]"
118800,"[77, 7, 92, 9, 19, 175, 5, 48, 6, 36]"
118801,"[42, 23, 138, 3, 189, 17, 36, 220, 7, 261]"
118802,"[90, 18, 0, 60, 20, 279, 19, 72, 73, 91]"
118803,"[41, 0, 10, 97, 147, 19, 71, 6, 175, 90]"
118804,"[51, 10, 5, 34, 92, 36, 19, 55, 238, 28]"
118805,"[175, 19, 6, 5, 7, 30, 92, 48, 21, 223]"
118806,"[66, 45, 261, 279, 5, 238, 27, 19, 149, 175]"
118807,"[73, 17, 72, 19, 3, 10, 5, 261, 23, 7]"
118808,"[92, 133, 44, 112, 49, 2, 10, 77, 7, 9]"
118809,"[261, 1, 23, 5, 32, 64, 279, 20, 54, 19]"
118810,"[29, 9, 5, 220, 223, 19, 138, 36, 261, 3]"
118811,"[10, 5, 279, 261, 51, 34, 54, 19, 55, 72]"
118812,"[97, 0, 60, 18, 121, 138, 55, 19, 1, 90]"
118813,"[48, 7, 138, 261, 60, 6, 5, 19, 43, 175]"
118814,"[20, 2, 66, 261, 71, 58, 54, 32, 103, 7]"
118815,"[21, 19, 14, 187, 92, 82, 66, 77, 142, 149]"
118816,"[279, 261, 32, 23, 9, 34, 5, 142, 54, 1]"
118817,"[73, 17, 19, 5, 7, 261, 32, 279, 223, 2]"
118818,"[5, 10, 261, 71, 51, 19, 2, 73, 147, 92]"
118819,"[20, 5, 103, 261, 238, 34, 149, 220, 2, 54]"
118820,"[261, 138, 76, 7, 5, 279, 12, 121, 19, 189]"
118821,"[90, 18, 72, 5, 20, 19, 0, 60, 279, 43]"
118822,"[238, 5, 261, 54, 73, 220, 19, 142, 32, 20]"
118823,"[279, 32, 5, 261, 19, 103, 23, 124, 220, 54]"
118824,"[261, 103, 2, 32, 220, 9, 54, 71, 279, 48]"
118825,"[147, 28, 122, 26, 130, 49, 71, 5, 24, 10]"
118826,"[41, 220, 19, 3, 138, 6, 36, 49, 5, 42]"
118827,"[261, 14, 32, 20, 72, 5, 220, 103, 2, 238]"
118828,"[19, 261, 5, 175, 6, 146, 32, 7, 279, 2]"
118829,"[20, 21, 5, 261, 238, 19, 64, 73, 187, 32]"
118830,"[7, 175, 5, 55, 92, 71, 43, 2, 261, 48]"
118831,"[238, 54, 261, 20, 279, 14, 66, 5, 19, 71]"
118832,"[19, 3, 29, 36, 5, 6, 138, 17, 92, 82]"
118833,"[27, 66, 149, 45, 92, 20, 124, 71, 238, 261]"
118834,"[175, 66, 20, 149, 27, 19, 30, 261, 238, 279]"
118835,"[124, 149, 66, 30, 36, 92, 45, 138, 3, 48]"
118836,"[44, 7, 48, 175, 6, 38, 279, 261, 133, 92]"
118837,"[6, 25, 77, 157, 44, 105, 92, 19, 49, 7]"
118838,"[10, 73, 19, 6, 55, 5, 71, 51, 175, 26]"
118839,"[30, 71, 175, 7, 66, 2, 92, 261, 48, 6]"
118840,"[28, 9, 5, 24, 1, 103, 32, 261, 43, 19]"
118841,"[2, 71, 49, 147, 175, 261, 10, 48, 32, 6]"
118842,"[36, 76, 220, 43, 77, 19, 5, 55, 60, 54]"
118843,"[142, 23, 175, 279, 19, 261, 5, 32, 54, 14]"
118844,"[19, 5, 12, 58, 73, 6, 36, 17, 3, 223]"
118845,"[3, 17, 19, 36, 29, 138, 146, 189, 7, 6]"
118846,"[82, 84, 60, 19, 90, 105, 15, 223, 0, 18]"
118847,"[5, 138, 36, 55, 49, 149, 3, 189, 42, 19]"
118848,"[19, 261, 23, 5, 32, 279, 2, 175, 1, 49]"
118849,"[91, 19, 55, 92, 238, 90, 77, 60, 5, 157]"
118850,"[149, 30, 14, 9, 175, 124, 279, 261, 32, 103]"
118851,"[41, 0, 82, 19, 10, 49, 220, 138, 6, 15]"
118852,"[2, 261, 32, 71, 5, 175, 279, 66, 220, 187]"
118853,"[220, 43, 5, 55, 19, 238, 36, 261, 279, 103]"
118854,"[151, 5, 19, 77, 55, 60, 92, 157, 130, 17]"
118855,"[142, 30, 27, 175, 66, 19, 261, 38, 149, 279]"
118856,"[72, 32, 261, 7, 279, 2, 23, 5, 122, 17]"
118857,"[71, 7, 5, 261, 19, 48, 30, 238, 66, 279]"
118858,"[51, 10, 34, 5, 19, 122, 36, 28, 91, 55]"
118859,"[97, 60, 18, 0, 71, 121, 5, 55, 19, 92]"
118860,"[48, 7, 175, 19, 6, 55, 2, 10, 51, 9]"
118861,"[138, 19, 36, 49, 6, 92, 10, 189, 23, 2]"
118862,"[45, 66, 149, 238, 27, 5, 36, 19, 21, 77]"
118863,"[26, 34, 77, 10, 71, 49, 92, 122, 147, 28]"
118864,"[103, 238, 189, 138, 6, 3, 5, 220, 19, 7]"
118865,"[19, 5, 34, 9, 223, 36, 17, 51, 279, 60]"
118866,"[66, 30, 5, 175, 21, 19, 73, 261, 92, 20]"
118867,"[5, 19, 34, 261, 2, 279, 223, 72, 71, 55]"
118868,"[18, 82, 90, 0, 15, 19, 60, 105, 146, 84]"
118869,"[25, 6, 55, 42, 49, 157, 36, 3, 60, 138]"
118870,"[12, 19, 5, 60, 130, 17, 92, 261, 71, 51]"
118871,"[18, 0, 15, 90, 60, 105, 91, 82, 97, 151]"
118872,"[238, 19, 92, 5, 36, 20, 66, 149, 72, 220]"
118873,"[5, 4, 2, 261, 19, 71, 49, 60, 121, 24]"
118874,"[121, 97, 76, 223, 5, 71, 0, 13, 238, 26]"
118875,"[19, 5, 20, 91, 84, 220, 138, 7, 3, 36]"
118876,"[54, 279, 23, 1, 66, 2, 32, 103, 261, 42]"
118877,"[238, 5, 19, 21, 54, 66, 73, 92, 77, 261]"
118878,"[130, 92, 19, 6, 175, 223, 5, 7, 44, 112]"
118879,"[19, 5, 6, 49, 220, 146, 92, 77, 3, 66]"
118880,"[187, 21, 43, 261, 14, 279, 103, 23, 2, 54]"
118881,"[189, 279, 5, 7, 175, 261, 138, 223, 60, 3]"
118882,"[20, 2, 238, 261, 66, 73, 32, 71, 7, 5]"
118883,"[9, 175, 5, 6, 34, 19, 10, 7, 146, 20]"
118884,"[20, 54, 1, 14, 279, 261, 19, 5, 23, 43]"
118885,"[19, 3, 29, 36, 17, 5, 24, 138, 223, 4]"
118886,"[19, 58, 5, 6, 76, 261, 54, 36, 55, 223]"
118887,"[66, 77, 105, 49, 12, 15, 6, 138, 92, 10]"
118888,"[26, 34, 10, 122, 49, 28, 130, 5, 71, 157]"
118889,"[19, 5, 223, 36, 138, 51, 3, 6, 73, 21]"
118890,"[77, 5, 92, 49, 19, 6, 36, 105, 7, 223]"
118891,"[30, 71, 7, 92, 66, 175, 77, 19, 261, 48]"
118892,"[151, 9, 7, 38, 43, 25, 157, 77, 48, 175]"
118893,"[175, 6, 19, 7, 5, 2, 3, 261, 23, 48]"
118894,"[105, 60, 5, 19, 130, 223, 17, 82, 77, 55]"
118895,"[6, 25, 77, 157, 92, 151, 17, 38, 175, 19]"
118896,"[279, 32, 261, 103, 43, 124, 19, 23, 54, 5]"
118897,"[121, 55, 19, 175, 5, 279, 60, 10, 51, 7]"
118898,"[5, 19, 36, 29, 92, 3, 223, 24, 49, 73]"
118899,"[54, 1, 43, 279, 23, 20, 103, 0, 121, 10]"
118900,"[55, 5, 25, 189, 138, 36, 49, 60, 17, 3]"
118901,"[223, 5, 19, 175, 17, 138, 261, 21, 92, 1]"
118902,"[10, 19, 73, 6, 71, 55, 7, 5, 48, 51]"
118903,"[121, 19, 157, 175, 279, 5, 151, 97, 133, 60]"
118904,"[20, 1, 54, 23, 19, 279, 5, 14, 261, 32]"
118905,"[18, 90, 82, 0, 15, 60, 84, 105, 19, 91]"
118906,"[12, 5, 19, 130, 261, 17, 71, 92, 66, 279]"
118907,"[187, 21, 3, 73, 279, 142, 261, 2, 5, 23]"
118908,"[5, 261, 19, 43, 279, 84, 20, 7, 9, 54]"
118909,"[147, 28, 122, 26, 24, 133, 130, 5, 49, 119]"
118910,"[2, 71, 175, 261, 55, 66, 6, 10, 51, 48]"
118911,"[10, 73, 19, 6, 5, 71, 17, 157, 146, 175]"
118912,"[30, 175, 7, 71, 92, 66, 19, 38, 149, 5]"
118913,"[51, 10, 34, 55, 41, 26, 5, 71, 2, 122]"
118914,"[21, 5, 19, 187, 238, 82, 72, 142, 20, 36]"
118915,"[261, 32, 23, 103, 14, 5, 279, 19, 20, 2]"
118916,"[5, 19, 10, 238, 279, 51, 261, 71, 2, 92]"
118917,"[73, 5, 19, 17, 223, 146, 130, 10, 3, 77]"
118918,"[51, 10, 34, 28, 36, 5, 19, 24, 147, 92]"
118919,"[92, 133, 44, 112, 49, 7, 2, 10, 77, 9]"
118920,"[19, 82, 105, 60, 90, 84, 157, 5, 130, 49]"
118921,"[133, 5, 92, 238, 130, 175, 71, 66, 2, 21]"
118922,"[3, 19, 6, 73, 175, 30, 5, 66, 146, 261]"
118923,"[23, 261, 1, 32, 279, 54, 20, 64, 5, 220]"
118924,"[26, 60, 97, 121, 49, 77, 5, 10, 105, 51]"
118925,"[21, 5, 19, 142, 82, 187, 238, 223, 72, 66]"
118926,"[189, 279, 238, 5, 43, 19, 71, 72, 92, 142]"
118927,"[122, 34, 26, 72, 5, 238, 30, 261, 130, 71]"
118928,"[36, 19, 12, 220, 76, 77, 3, 5, 17, 29]"
118929,"[30, 19, 3, 36, 5, 17, 149, 92, 77, 151]"
118930,"[175, 19, 5, 6, 2, 92, 7, 66, 223, 10]"
118931,"[133, 5, 238, 92, 2, 279, 26, 19, 54, 261]"
118932,"[60, 51, 19, 121, 122, 28, 26, 55, 5, 97]"
118933,"[90, 18, 0, 72, 19, 60, 5, 73, 20, 91]"
118934,"[71, 5, 261, 2, 19, 32, 223, 238, 72, 20]"
118935,"[55, 25, 5, 60, 157, 138, 34, 189, 17, 3]"
118936,"[92, 133, 19, 175, 6, 130, 49, 151, 5, 238]"
118937,"[71, 73, 238, 19, 5, 17, 77, 7, 72, 9]"
118938,"[105, 82, 151, 60, 18, 77, 91, 0, 19, 90]"
118939,"[138, 189, 42, 23, 54, 3, 43, 19, 5, 9]"
118940,"[10, 157, 5, 97, 76, 19, 71, 55, 73, 26]"
118941,"[19, 5, 36, 73, 146, 3, 17, 238, 12, 58]"
118942,"[32, 44, 261, 279, 103, 7, 23, 14, 92, 9]"
118943,"[189, 5, 130, 17, 73, 19, 26, 175, 223, 147]"
118944,"[4, 36, 19, 5, 24, 60, 76, 32, 261, 223]"
118945,"[84, 82, 60, 90, 19, 0, 105, 43, 32, 223]"
118946,"[32, 261, 23, 279, 14, 44, 7, 175, 19, 103]"
118947,"[82, 19, 105, 60, 84, 5, 146, 0, 90, 17]"
118948,"[189, 138, 55, 19, 43, 60, 175, 223, 82, 14]"
118949,"[77, 92, 19, 5, 49, 36, 105, 7, 38, 6]"
118950,"[19, 5, 84, 20, 7, 103, 261, 82, 220, 138]"
118951,"[279, 32, 5, 19, 103, 261, 124, 43, 54, 9]"
118952,"[146, 55, 19, 60, 5, 82, 13, 138, 6, 84]"
118953,"[279, 32, 261, 23, 43, 5, 9, 19, 103, 54]"
118954,"[175, 20, 66, 2, 261, 71, 149, 7, 23, 103]"
118955,"[30, 48, 175, 7, 38, 66, 92, 6, 21, 3]"
118956,"[7, 5, 279, 261, 43, 2, 32, 175, 71, 44]"
118957,"[24, 19, 5, 17, 73, 7, 10, 9, 51, 261]"
118958,"[18, 19, 60, 71, 55, 5, 66, 261, 51, 0]"
118959,"[76, 36, 220, 60, 19, 5, 77, 261, 42, 73]"
118960,"[17, 73, 19, 5, 7, 146, 55, 60, 261, 130]"
118961,"[187, 19, 5, 142, 2, 21, 261, 55, 73, 36]"
118962,"[220, 64, 103, 19, 43, 9, 279, 36, 1, 261]"
118963,"[146, 19, 5, 73, 13, 6, 64, 55, 17, 0]"
118964,"[20, 261, 279, 238, 58, 54, 71, 220, 64, 43]"
118965,"[130, 92, 19, 175, 6, 151, 7, 17, 223, 112]"
118966,"[24, 4, 28, 49, 36, 60, 19, 51, 29, 9]"
118967,"[103, 261, 32, 9, 7, 220, 3, 19, 54, 2]"
118968,"[51, 10, 55, 92, 71, 5, 36, 34, 2, 28]"
118969,"[189, 175, 5, 19, 223, 130, 26, 17, 7, 92]"
118970,"[18, 0, 91, 60, 90, 15, 72, 19, 5, 55]"
118971,"[19, 5, 73, 58, 12, 3, 6, 223, 17, 36]"
118972,"[82, 19, 60, 5, 146, 84, 105, 17, 279, 0]"
118973,"[72, 7, 261, 2, 32, 5, 17, 71, 6, 122]"
118974,"[49, 77, 105, 48, 6, 92, 7, 25, 9, 19]"
118975,"[66, 261, 45, 27, 23, 71, 19, 175, 279, 238]"
118976,"[23, 54, 279, 261, 220, 1, 32, 9, 42, 2]"
118977,"[220, 5, 43, 19, 55, 103, 146, 91, 73, 261]"
118978,"[13, 121, 0, 55, 97, 279, 76, 146, 60, 34]"
118979,"[187, 21, 261, 43, 2, 23, 55, 32, 54, 66]"
118980,"[97, 0, 18, 121, 105, 138, 60, 90, 25, 41]"
118981,"[43, 261, 279, 32, 60, 54, 55, 7, 2, 34]"
118982,"[64, 279, 20, 261, 1, 103, 32, 220, 23, 14]"
118983,"[18, 72, 0, 5, 90, 60, 97, 238, 19, 105]"
118984,"[90, 18, 10, 19, 60, 71, 5, 72, 91, 92]"
118985,"[105, 60, 130, 19, 223, 82, 5, 77, 97, 55]"
118986,"[5, 20, 19, 261, 7, 84, 220, 238, 138, 23]"
118987,"[146, 13, 19, 6, 55, 82, 5, 10, 138, 60]"
118988,"[7, 48, 6, 175, 19, 3, 5, 55, 238, 44]"
118989,"[223, 5, 19, 17, 9, 261, 142, 175, 73, 49]"
118990,"[20, 54, 279, 1, 5, 14, 261, 32, 19, 238]"
118991,"[71, 2, 5, 32, 19, 261, 54, 55, 10, 60]"
118992,"[60, 105, 5, 19, 97, 55, 49, 82, 146, 0]"
118993,"[279, 23, 32, 5, 261, 19, 54, 103, 43, 76]"
118994,"[90, 18, 19, 0, 5, 72, 20, 60, 238, 43]"
118995,"[119, 24, 5, 51, 28, 19, 147, 223, 122, 130]"
118996,"[90, 18, 60, 19, 10, 55, 71, 0, 41, 92]"
118997,"[73, 17, 19, 10, 12, 124, 138, 130, 76, 6]"
118998,"[261, 279, 60, 23, 43, 138, 2, 55, 121, 71]"
118999,"[28, 1, 9, 147, 103, 24, 32, 10, 34, 23]"
119000,"[103, 238, 5, 19, 3, 261, 138, 6, 220, 32]"
119001,"[20, 261, 2, 32, 238, 71, 66, 5, 73, 103]"
119002,"[36, 151, 19, 60, 5, 77, 25, 1, 121, 9]"
119003,"[64, 1, 261, 5, 23, 73, 20, 32, 19, 36]"
119004,"[64, 261, 32, 1, 20, 23, 5, 279, 220, 54]"
119005,"[26, 34, 122, 147, 28, 49, 5, 157, 130, 10]"
119006,"[34, 5, 261, 279, 26, 55, 72, 91, 42, 10]"
119007,"[36, 76, 220, 77, 19, 12, 5, 3, 103, 42]"
119008,"[77, 49, 151, 157, 25, 6, 60, 105, 71, 38]"
119009,"[175, 9, 6, 10, 71, 19, 146, 7, 5, 49]"
119010,"[90, 18, 10, 19, 60, 71, 0, 41, 55, 92]"
119011,"[20, 1, 54, 261, 19, 5, 23, 14, 279, 238]"
119012,"[142, 27, 30, 66, 175, 38, 238, 77, 19, 7]"
119013,"[41, 97, 19, 0, 5, 10, 121, 60, 55, 51]"
119014,"[36, 3, 55, 138, 42, 29, 19, 149, 5, 23]"
119015,"[97, 121, 0, 60, 5, 13, 19, 55, 105, 223]"
119016,"[90, 18, 0, 19, 91, 5, 60, 72, 73, 279]"
119017,"[175, 6, 77, 38, 49, 36, 92, 19, 9, 10]"
119018,"[21, 5, 19, 3, 82, 146, 175, 26, 73, 187]"
119019,"[19, 5, 138, 261, 7, 223, 73, 3, 54, 84]"
119020,"[105, 151, 82, 60, 91, 77, 18, 0, 19, 36]"
119021,"[238, 5, 54, 261, 19, 43, 21, 66, 279, 187]"
119022,"[36, 3, 42, 149, 138, 55, 29, 189, 19, 5]"
119023,"[36, 55, 19, 138, 92, 3, 42, 77, 149, 5]"
119024,"[5, 261, 4, 19, 2, 7, 23, 60, 279, 43]"
119025,"[66, 45, 149, 71, 27, 38, 124, 21, 77, 92]"
119026,"[18, 82, 90, 0, 15, 60, 19, 84, 105, 91]"
119027,"[146, 5, 19, 13, 73, 6, 261, 55, 71, 45]"
119028,"[28, 238, 5, 92, 32, 9, 34, 133, 279, 103]"
119029,"[28, 147, 119, 24, 5, 122, 26, 130, 19, 1]"
119030,"[4, 36, 19, 24, 5, 17, 29, 60, 220, 238]"
119031,"[21, 19, 14, 187, 92, 66, 77, 82, 5, 175]"
119032,"[220, 261, 2, 5, 19, 32, 58, 91, 279, 71]"
119033,"[5, 19, 3, 223, 36, 17, 51, 73, 130, 138]"
119034,"[66, 175, 149, 30, 3, 92, 20, 19, 6, 124]"
119035,"[151, 7, 43, 38, 77, 9, 48, 25, 71, 157]"
119036,"[149, 66, 71, 92, 9, 261, 238, 175, 30, 2]"
119037,"[18, 19, 91, 15, 60, 90, 0, 189, 279, 5]"
119038,"[54, 1, 23, 279, 0, 43, 121, 175, 76, 10]"
119039,"[21, 187, 14, 92, 19, 3, 30, 5, 49, 77]"
119040,"[238, 92, 10, 5, 19, 1, 66, 2, 6, 261]"
119041,"[130, 26, 5, 151, 28, 34, 10, 77, 105, 73]"
119042,"[90, 18, 279, 20, 19, 72, 60, 0, 238, 5]"
119043,"[151, 7, 38, 9, 157, 43, 77, 25, 175, 48]"
119044,"[51, 19, 10, 24, 60, 28, 41, 147, 6, 36]"
119045,"[133, 5, 130, 92, 26, 175, 238, 19, 122, 146]"
119046,"[147, 28, 5, 19, 261, 36, 51, 238, 76, 130]"
119047,"[90, 19, 32, 43, 279, 261, 20, 34, 60, 23]"
119048,"[157, 23, 42, 5, 7, 19, 261, 72, 76, 4]"
119049,"[34, 10, 26, 130, 19, 122, 5, 28, 36, 60]"
119050,"[279, 261, 23, 2, 54, 32, 1, 19, 76, 103]"
119051,"[147, 28, 122, 26, 71, 60, 119, 24, 97, 5]"
119052,"[19, 5, 36, 73, 17, 3, 146, 58, 29, 12]"
119053,"[1, 23, 64, 54, 261, 220, 279, 20, 72, 5]"
119054,"[149, 66, 124, 30, 3, 175, 133, 9, 279, 92]"
119055,"[48, 7, 6, 175, 19, 2, 261, 55, 10, 9]"
119056,"[10, 34, 5, 19, 26, 77, 51, 60, 92, 2]"
119057,"[51, 19, 10, 73, 60, 5, 6, 55, 130, 92]"
119058,"[112, 92, 6, 10, 133, 49, 71, 157, 77, 5]"
119059,"[279, 23, 43, 54, 103, 261, 5, 32, 19, 2]"
119060,"[64, 261, 54, 32, 1, 23, 2, 279, 20, 103]"
119061,"[42, 138, 23, 3, 189, 36, 17, 220, 1, 29]"
119062,"[261, 71, 7, 32, 66, 55, 279, 19, 48, 5]"
119063,"[10, 73, 19, 157, 6, 77, 5, 48, 7, 55]"
119064,"[82, 19, 21, 66, 54, 5, 6, 51, 138, 238]"
119065,"[23, 1, 54, 32, 279, 261, 55, 20, 5, 42]"
119066,"[18, 0, 5, 90, 72, 60, 82, 97, 10, 19]"
119067,"[55, 25, 60, 5, 151, 77, 157, 71, 34, 17]"
119068,"[133, 5, 92, 130, 26, 238, 19, 2, 175, 261]"
119069,"[5, 2, 19, 54, 112, 261, 60, 279, 71, 9]"
119070,"[189, 60, 19, 5, 138, 7, 14, 223, 92, 175]"
119071,"[105, 82, 18, 151, 90, 0, 157, 91, 60, 15]"
119072,"[124, 149, 66, 45, 138, 30, 92, 6, 3, 36]"
119073,"[54, 23, 261, 5, 1, 14, 32, 19, 20, 73]"
119074,"[5, 84, 60, 42, 19, 25, 55, 279, 77, 157]"
119075,"[4, 36, 19, 24, 29, 60, 138, 51, 5, 223]"
119076,"[138, 189, 3, 23, 42, 19, 146, 5, 36, 175]"
119077,"[20, 1, 279, 54, 23, 14, 5, 261, 32, 19]"
119078,"[133, 92, 238, 5, 26, 130, 71, 72, 2, 23]"
119079,"[44, 6, 7, 48, 92, 25, 279, 77, 175, 19]"
119080,"[71, 66, 30, 175, 19, 55, 77, 45, 27, 60]"
119081,"[4, 19, 5, 24, 142, 7, 29, 66, 261, 238]"
119082,"[112, 5, 92, 19, 29, 6, 157, 223, 36, 17]"
119083,"[105, 84, 77, 151, 157, 25, 5, 60, 49, 92]"
119084,"[119, 5, 147, 28, 24, 55, 130, 97, 26, 10]"
119085,"[189, 19, 64, 223, 138, 5, 36, 82, 55, 20]"
119086,"[55, 146, 60, 19, 5, 261, 91, 10, 73, 71]"
119087,"[220, 19, 36, 43, 9, 103, 279, 261, 138, 5]"
119088,"[36, 220, 76, 19, 77, 12, 5, 103, 60, 54]"
119089,"[10, 5, 71, 55, 41, 19, 261, 73, 76, 157]"
119090,"[261, 20, 32, 279, 64, 23, 19, 5, 103, 54]"
119091,"[29, 24, 36, 42, 5, 3, 19, 76, 28, 32]"
119092,"[20, 261, 5, 238, 103, 34, 19, 220, 17, 36]"
119093,"[157, 5, 19, 146, 130, 279, 3, 60, 23, 9]"
119094,"[76, 55, 261, 138, 60, 42, 36, 71, 149, 19]"
119095,"[26, 34, 122, 28, 49, 147, 10, 77, 157, 5]"
119096,"[105, 92, 5, 238, 77, 19, 82, 133, 49, 90]"
119097,"[103, 3, 19, 238, 5, 138, 6, 175, 7, 261]"
119098,"[51, 24, 9, 28, 10, 19, 55, 60, 34, 279]"
119099,"[17, 73, 19, 146, 60, 5, 55, 82, 151, 7]"
119100,"[97, 60, 18, 121, 0, 55, 138, 90, 41, 71]"
119101,"[7, 175, 48, 6, 44, 19, 14, 30, 261, 92]"
119102,"[51, 28, 24, 10, 147, 19, 49, 105, 36, 41]"
119103,"[19, 5, 34, 9, 17, 130, 10, 3, 73, 60]"
119104,"[72, 5, 34, 19, 10, 36, 26, 73, 43, 17]"
119105,"[71, 18, 157, 10, 55, 72, 41, 76, 21, 60]"
119106,"[130, 5, 26, 19, 34, 122, 28, 73, 10, 151]"
119107,"[142, 238, 21, 27, 19, 66, 30, 73, 7, 5]"
119108,"[220, 261, 19, 9, 43, 32, 36, 1, 103, 6]"
119109,"[76, 5, 19, 261, 12, 54, 279, 121, 32, 7]"
119110,"[261, 64, 32, 23, 20, 2, 220, 43, 71, 54]"
119111,"[13, 146, 19, 55, 119, 82, 66, 5, 6, 58]"
119112,"[112, 92, 5, 261, 71, 6, 157, 279, 9, 66]"
119113,"[76, 55, 149, 41, 138, 36, 71, 42, 189, 2]"
119114,"[5, 261, 82, 32, 54, 9, 238, 19, 279, 51]"
119115,"[119, 5, 147, 28, 24, 97, 122, 51, 71, 223]"
119116,"[25, 6, 49, 157, 55, 42, 105, 77, 124, 28]"
119117,"[5, 82, 261, 19, 51, 73, 32, 54, 9, 21]"
119118,"[36, 3, 138, 42, 189, 19, 149, 24, 55, 76]"
119119,"[146, 13, 23, 5, 19, 189, 122, 66, 60, 130]"
119120,"[20, 2, 66, 175, 261, 103, 54, 32, 71, 149]"
119121,"[6, 7, 44, 157, 25, 175, 48, 3, 30, 19]"
119122,"[19, 30, 5, 60, 261, 223, 36, 55, 149, 34]"
119123,"[92, 133, 6, 77, 48, 49, 10, 7, 149, 66]"
119124,"[34, 5, 261, 55, 19, 72, 279, 238, 32, 10]"
119125,"[19, 5, 36, 3, 12, 58, 223, 17, 146, 76]"
119126,"[4, 19, 36, 5, 24, 60, 29, 261, 238, 138]"
119127,"[32, 261, 2, 41, 279, 54, 103, 55, 42, 124]"
119128,"[10, 34, 5, 130, 72, 26, 19, 60, 157, 73]"
119129,"[223, 19, 130, 5, 189, 60, 121, 72, 17, 55]"
119130,"[21, 20, 5, 238, 19, 64, 261, 187, 103, 82]"
119131,"[28, 10, 147, 92, 19, 51, 24, 9, 60, 55]"
119132,"[32, 261, 279, 220, 103, 5, 23, 42, 2, 73]"
119133,"[279, 32, 261, 5, 43, 23, 103, 19, 72, 9]"
119134,"[279, 261, 54, 32, 23, 43, 2, 55, 220, 1]"
119135,"[51, 10, 34, 28, 5, 122, 19, 26, 49, 24]"
119136,"[122, 147, 28, 26, 51, 34, 5, 24, 71, 119]"
119137,"[119, 147, 5, 24, 28, 36, 122, 138, 1, 19]"
119138,"[1, 23, 32, 55, 261, 5, 54, 10, 19, 42]"
119139,"[189, 223, 138, 5, 64, 19, 175, 3, 279, 23]"
119140,"[91, 19, 60, 130, 18, 5, 55, 51, 90, 15]"
119141,"[112, 5, 19, 279, 261, 157, 6, 9, 7, 92]"
119142,"[77, 151, 157, 49, 25, 6, 7, 105, 48, 60]"
119143,"[142, 27, 30, 66, 77, 7, 124, 149, 6, 38]"
119144,"[175, 5, 10, 279, 92, 238, 133, 6, 157, 54]"
119145,"[28, 119, 147, 24, 5, 60, 122, 1, 55, 130]"
119146,"[261, 2, 5, 60, 10, 19, 54, 279, 32, 55]"
119147,"[146, 19, 55, 82, 5, 13, 60, 3, 17, 223]"
119148,"[119, 28, 147, 24, 5, 138, 122, 189, 1, 97]"
119149,"[4, 5, 19, 24, 29, 73, 17, 12, 51, 7]"
119150,"[175, 30, 6, 19, 7, 48, 92, 5, 38, 146]"
119151,"[5, 19, 9, 261, 73, 279, 146, 157, 51, 72]"
119152,"[66, 45, 149, 27, 38, 124, 261, 71, 76, 21]"
119153,"[71, 30, 175, 7, 66, 261, 92, 6, 19, 9]"
119154,"[92, 133, 19, 5, 175, 6, 77, 130, 238, 49]"
119155,"[76, 261, 19, 41, 60, 54, 55, 71, 66, 21]"
119156,"[15, 82, 19, 84, 91, 60, 0, 223, 146, 18]"
119157,"[20, 261, 103, 5, 2, 34, 32, 238, 43, 54]"
119158,"[30, 71, 7, 92, 48, 175, 20, 66, 238, 5]"
119159,"[279, 261, 23, 32, 60, 5, 19, 54, 76, 43]"
119160,"[73, 3, 5, 19, 142, 32, 30, 6, 91, 175]"
119161,"[175, 9, 38, 77, 6, 92, 71, 151, 30, 25]"
119162,"[76, 19, 5, 12, 121, 279, 261, 32, 238, 7]"
119163,"[105, 10, 92, 77, 82, 5, 41, 19, 49, 60]"
119164,"[7, 48, 6, 44, 5, 19, 261, 49, 175, 238]"
119165,"[45, 66, 149, 261, 27, 19, 36, 138, 124, 30]"
119166,"[5, 60, 84, 157, 279, 25, 19, 32, 97, 34]"
119167,"[2, 261, 32, 3, 103, 5, 220, 19, 73, 54]"
119168,"[90, 19, 18, 60, 10, 5, 91, 1, 72, 55]"
119169,"[10, 5, 279, 130, 19, 72, 34, 12, 51, 147]"
119170,"[279, 23, 32, 103, 43, 54, 261, 1, 175, 5]"
119171,"[29, 3, 19, 138, 36, 17, 6, 189, 21, 175]"
119172,"[30, 71, 7, 175, 92, 66, 48, 38, 9, 261]"
119173,"[92, 133, 49, 44, 7, 77, 238, 130, 19, 112]"
119174,"[20, 2, 175, 66, 5, 261, 19, 71, 92, 14]"
119175,"[187, 5, 261, 32, 279, 23, 14, 21, 103, 43]"
119176,"[44, 7, 175, 19, 92, 48, 261, 6, 30, 32]"
119177,"[220, 261, 43, 238, 19, 1, 5, 20, 279, 2]"
119178,"[2, 54, 261, 32, 5, 223, 103, 19, 3, 238]"
119179,"[60, 105, 19, 5, 82, 77, 157, 0, 55, 18]"
119180,"[261, 32, 103, 279, 54, 2, 55, 19, 58, 43]"
119181,"[7, 48, 261, 44, 6, 279, 175, 55, 42, 43]"
119182,"[92, 6, 77, 48, 7, 133, 10, 38, 66, 149]"
119183,"[5, 19, 34, 261, 238, 77, 223, 2, 72, 49]"
119184,"[72, 7, 2, 32, 261, 10, 5, 54, 223, 14]"
119185,"[51, 10, 28, 24, 147, 92, 9, 49, 55, 19]"
119186,"[18, 82, 90, 60, 19, 0, 5, 146, 84, 105]"
119187,"[138, 19, 3, 189, 84, 5, 29, 7, 82, 223]"
119188,"[9, 279, 51, 261, 19, 55, 43, 5, 34, 6]"
119189,"[157, 19, 76, 51, 175, 5, 73, 223, 55, 10]"
119190,"[44, 6, 7, 48, 279, 25, 2, 175, 92, 103]"
119191,"[45, 66, 149, 261, 5, 3, 19, 6, 138, 77]"
119192,"[10, 66, 92, 175, 6, 2, 71, 55, 238, 5]"
119193,"[1, 54, 20, 23, 261, 279, 72, 5, 9, 32]"
119194,"[4, 36, 19, 24, 29, 5, 28, 17, 72, 60]"
119195,"[279, 43, 261, 55, 23, 2, 19, 103, 32, 175]"
119196,"[41, 73, 19, 220, 91, 0, 3, 5, 82, 36]"
119197,"[130, 92, 19, 44, 223, 142, 175, 7, 238, 279]"
119198,"[149, 124, 30, 175, 66, 279, 261, 32, 3, 9]"
119199,"[90, 10, 18, 19, 0, 60, 91, 1, 105, 71]"
119200,"[20, 2, 175, 103, 66, 261, 54, 71, 7, 149]"
119201,"[142, 30, 66, 27, 149, 175, 7, 19, 77, 38]"
119202,"[26, 34, 5, 10, 122, 72, 28, 77, 238, 71]"
119203,"[72, 7, 261, 14, 279, 238, 2, 66, 43, 32]"
119204,"[5, 19, 51, 142, 147, 76, 238, 60, 261, 279]"
119205,"[76, 19, 5, 36, 73, 261, 72, 60, 12, 223]"
119206,"[130, 19, 5, 151, 60, 91, 73, 223, 72, 51]"
119207,"[76, 36, 3, 149, 19, 5, 138, 261, 42, 1]"
119208,"[103, 261, 2, 71, 32, 54, 21, 175, 9, 279]"
119209,"[122, 26, 34, 77, 19, 10, 5, 7, 71, 121]"
119210,"[4, 279, 5, 43, 261, 2, 24, 9, 32, 119]"
119211,"[151, 19, 77, 60, 157, 49, 5, 55, 130, 105]"
119212,"[54, 279, 23, 1, 261, 2, 220, 32, 5, 43]"
119213,"[26, 34, 122, 49, 147, 10, 28, 71, 6, 157]"
119214,"[151, 7, 48, 9, 38, 77, 43, 25, 157, 175]"
119215,"[18, 0, 5, 72, 97, 90, 10, 82, 19, 105]"
119216,"[4, 19, 24, 5, 7, 29, 17, 223, 175, 138]"
119217,"[19, 51, 5, 138, 105, 36, 49, 6, 261, 223]"
119218,"[66, 21, 27, 5, 30, 45, 238, 20, 175, 142]"
119219,"[24, 28, 119, 147, 51, 5, 19, 130, 122, 4]"
119220,"[90, 19, 91, 60, 18, 5, 55, 72, 279, 10]"
119221,"[5, 3, 138, 42, 36, 19, 55, 73, 189, 149]"
119222,"[147, 122, 28, 5, 26, 130, 71, 24, 60, 32]"
119223,"[121, 19, 5, 175, 10, 279, 130, 97, 55, 133]"
119224,"[71, 261, 45, 66, 38, 2, 32, 30, 19, 10]"
119225,"[261, 20, 220, 19, 5, 279, 14, 157, 23, 32]"
119226,"[122, 26, 34, 19, 5, 220, 32, 7, 20, 261]"
119227,"[41, 6, 82, 19, 138, 49, 36, 0, 189, 15]"
119228,"[187, 5, 21, 19, 261, 3, 72, 36, 138, 32]"
119229,"[66, 175, 27, 73, 30, 20, 149, 142, 238, 45]"
119230,"[17, 73, 19, 5, 55, 60, 7, 146, 130, 91]"
119231,"[279, 54, 261, 2, 34, 32, 5, 9, 43, 19]"
119232,"[5, 19, 2, 261, 34, 55, 10, 51, 26, 71]"
119233,"[157, 10, 76, 72, 5, 41, 97, 73, 64, 71]"
119234,"[30, 71, 7, 175, 66, 6, 92, 48, 2, 49]"
119235,"[122, 26, 34, 5, 77, 19, 146, 220, 7, 130]"
119236,"[175, 6, 48, 30, 7, 261, 9, 142, 146, 73]"
119237,"[122, 34, 26, 5, 72, 19, 146, 261, 10, 30]"
119238,"[66, 175, 20, 149, 30, 73, 92, 238, 5, 19]"
119239,"[238, 7, 66, 5, 14, 91, 19, 261, 72, 32]"
119240,"[5, 23, 279, 19, 261, 32, 130, 44, 1, 7]"
119241,"[157, 19, 76, 77, 10, 7, 5, 92, 138, 6]"
119242,"[71, 55, 261, 7, 60, 66, 32, 279, 2, 175]"
119243,"[1, 64, 23, 54, 279, 261, 20, 220, 9, 32]"
119244,"[44, 6, 7, 48, 92, 77, 279, 19, 25, 261]"
119245,"[4, 19, 5, 7, 223, 24, 142, 66, 12, 238]"
119246,"[34, 10, 26, 92, 77, 28, 130, 36, 9, 122]"
119247,"[157, 19, 76, 261, 138, 7, 5, 51, 55, 60]"
119248,"[71, 5, 30, 261, 19, 66, 38, 77, 32, 175]"
119249,"[55, 60, 25, 138, 5, 2, 223, 19, 77, 10]"
119250,"[19, 5, 36, 223, 51, 92, 73, 3, 138, 17]"
119251,"[261, 103, 279, 2, 43, 54, 5, 32, 19, 55]"
119252,"[90, 18, 60, 19, 10, 71, 5, 72, 55, 43]"
119253,"[1, 54, 279, 23, 121, 43, 10, 261, 103, 14]"
119254,"[25, 151, 77, 60, 157, 55, 36, 49, 105, 19]"
119255,"[26, 34, 5, 130, 122, 72, 10, 71, 19, 261]"
119256,"[29, 36, 19, 5, 138, 223, 220, 6, 3, 49]"
119257,"[5, 19, 4, 261, 60, 279, 9, 7, 55, 121]"
119258,"[279, 261, 32, 1, 5, 23, 54, 103, 19, 220]"
119259,"[71, 2, 5, 238, 261, 19, 92, 55, 66, 77]"
119260,"[97, 19, 5, 60, 0, 121, 55, 13, 146, 6]"
119261,"[112, 5, 19, 157, 279, 92, 7, 77, 9, 51]"
119262,"[42, 138, 23, 3, 189, 36, 220, 29, 1, 17]"
119263,"[130, 5, 26, 34, 28, 10, 151, 122, 105, 19]"
119264,"[45, 261, 66, 54, 5, 55, 71, 19, 60, 279]"
119265,"[6, 7, 44, 30, 92, 3, 25, 49, 48, 19]"
119266,"[64, 261, 1, 23, 20, 54, 32, 2, 92, 279]"
119267,"[133, 92, 175, 49, 6, 130, 5, 9, 77, 19]"
119268,"[122, 34, 26, 10, 5, 30, 72, 130, 146, 97]"
119269,"[76, 19, 12, 36, 5, 21, 223, 82, 73, 72]"
119270,"[19, 5, 36, 130, 73, 146, 10, 17, 9, 3]"
119271,"[189, 5, 19, 138, 7, 223, 72, 279, 23, 146]"
119272,"[1, 55, 23, 138, 10, 19, 5, 149, 28, 36]"
119273,"[92, 149, 7, 66, 6, 48, 77, 30, 36, 124]"
119274,"[238, 66, 14, 261, 54, 7, 279, 19, 20, 72]"
119275,"[157, 51, 19, 36, 55, 76, 223, 10, 5, 73]"
119276,"[238, 32, 54, 261, 7, 279, 66, 14, 91, 28]"
119277,"[5, 112, 19, 157, 279, 17, 7, 146, 6, 9]"
119278,"[28, 9, 103, 24, 1, 147, 32, 10, 51, 14]"
119279,"[36, 3, 42, 138, 149, 55, 29, 92, 19, 189]"
119280,"[5, 36, 138, 55, 3, 19, 149, 42, 189, 2]"
119281,"[130, 92, 19, 223, 44, 142, 279, 6, 175, 238]"
119282,"[20, 2, 66, 261, 5, 103, 71, 14, 138, 7]"
119283,"[6, 7, 44, 157, 19, 25, 30, 3, 175, 92]"
119284,"[279, 261, 32, 43, 54, 2, 71, 103, 9, 55]"
119285,"[157, 5, 84, 105, 77, 19, 25, 36, 49, 42]"
119286,"[42, 3, 36, 138, 23, 189, 19, 29, 1, 17]"
119287,"[5, 19, 76, 261, 121, 1, 238, 12, 279, 54]"
119288,"[10, 34, 77, 51, 26, 5, 60, 19, 92, 55]"
119289,"[223, 130, 19, 60, 12, 92, 5, 82, 90, 29]"
119290,"[17, 19, 3, 4, 24, 7, 138, 279, 12, 73]"
119291,"[220, 43, 261, 54, 103, 2, 279, 23, 9, 32]"
119292,"[19, 36, 51, 5, 92, 223, 21, 29, 138, 6]"
119293,"[42, 138, 189, 3, 23, 36, 29, 149, 17, 66]"
119294,"[73, 17, 19, 5, 10, 72, 261, 3, 6, 23]"
119295,"[122, 34, 26, 5, 72, 261, 19, 71, 10, 238]"
119296,"[175, 6, 19, 9, 71, 10, 77, 92, 5, 38]"
119297,"[223, 130, 19, 60, 12, 82, 92, 5, 90, 29]"
119298,"[187, 5, 142, 19, 261, 34, 28, 32, 103, 21]"
119299,"[44, 7, 175, 6, 48, 92, 19, 149, 32, 279]"
119300,"[20, 1, 54, 279, 5, 23, 14, 261, 32, 19]"
119301,"[91, 55, 19, 60, 261, 92, 71, 175, 5, 10]"
119302,"[41, 19, 261, 82, 220, 5, 0, 6, 49, 91]"
119303,"[9, 175, 6, 71, 5, 66, 19, 10, 92, 34]"
119304,"[157, 151, 77, 25, 6, 60, 105, 55, 26, 19]"
119305,"[49, 105, 5, 60, 77, 19, 25, 6, 82, 55]"
119306,"[6, 7, 48, 30, 220, 175, 19, 49, 92, 44]"
119307,"[119, 5, 24, 55, 60, 19, 28, 32, 147, 138]"
119308,"[26, 34, 10, 28, 122, 5, 130, 49, 157, 71]"
119309,"[146, 19, 13, 5, 60, 55, 6, 10, 0, 17]"
119310,"[55, 60, 19, 13, 146, 7, 261, 5, 10, 71]"
119311,"[26, 34, 122, 5, 28, 49, 147, 77, 92, 19]"
119312,"[60, 5, 130, 19, 151, 77, 105, 223, 97, 17]"
119313,"[27, 142, 21, 261, 66, 2, 32, 55, 71, 279]"
119314,"[76, 19, 261, 32, 36, 5, 130, 73, 12, 20]"
119315,"[27, 66, 45, 71, 261, 2, 124, 55, 41, 149]"
119316,"[112, 157, 5, 6, 19, 279, 13, 10, 92, 7]"
119317,"[54, 279, 23, 42, 1, 66, 9, 220, 17, 261]"
119318,"[105, 92, 77, 10, 5, 19, 82, 49, 90, 1]"
119319,"[71, 19, 5, 30, 261, 7, 175, 77, 27, 60]"
119320,"[142, 30, 27, 19, 261, 5, 175, 279, 66, 32]"
119321,"[105, 49, 77, 25, 60, 151, 157, 19, 5, 36]"
119322,"[42, 23, 138, 189, 3, 36, 220, 29, 261, 7]"
119323,"[13, 41, 6, 146, 10, 55, 19, 71, 5, 7]"
119324,"[122, 34, 5, 26, 72, 19, 238, 30, 13, 91]"
119325,"[187, 2, 5, 19, 21, 142, 261, 103, 55, 10]"
119326,"[261, 32, 20, 103, 14, 54, 220, 2, 72, 6]"
119327,"[23, 1, 54, 261, 279, 64, 20, 32, 19, 5]"
119328,"[60, 151, 130, 17, 105, 5, 19, 220, 157, 73]"
119329,"[146, 55, 19, 13, 60, 82, 5, 17, 3, 84]"
119330,"[122, 147, 28, 26, 34, 51, 5, 24, 19, 32]"
119331,"[5, 19, 238, 4, 7, 261, 223, 60, 2, 6]"
119332,"[77, 151, 157, 49, 25, 6, 19, 38, 92, 7]"
119333,"[7, 48, 175, 6, 30, 19, 3, 17, 82, 146]"
119334,"[97, 121, 60, 0, 26, 105, 25, 55, 157, 130]"
119335,"[105, 60, 130, 5, 77, 19, 82, 223, 97, 12]"
119336,"[60, 5, 84, 19, 157, 55, 25, 42, 238, 279]"
119337,"[24, 19, 5, 51, 17, 21, 10, 147, 28, 34]"
119338,"[0, 18, 90, 82, 105, 60, 15, 84, 97, 19]"
119339,"[90, 19, 5, 60, 18, 10, 72, 20, 1, 91]"
119340,"[49, 105, 60, 77, 5, 25, 84, 34, 82, 55]"
119341,"[34, 10, 26, 5, 130, 122, 19, 9, 60, 36]"
119342,"[261, 32, 5, 66, 103, 279, 14, 223, 19, 76]"
119343,"[27, 142, 21, 66, 30, 238, 19, 92, 5, 73]"
119344,"[10, 5, 19, 51, 55, 261, 71, 2, 121, 77]"
119345,"[77, 151, 49, 71, 6, 60, 157, 19, 7, 25]"
119346,"[5, 20, 19, 103, 261, 220, 43, 279, 84, 7]"
119347,"[149, 261, 9, 279, 32, 175, 124, 66, 30, 14]"
119348,"[189, 5, 19, 92, 1, 17, 7, 223, 60, 130]"
119349,"[91, 18, 55, 15, 90, 19, 92, 14, 3, 157]"
119350,"[124, 149, 66, 45, 138, 2, 3, 42, 261, 51]"
119351,"[51, 73, 19, 9, 10, 5, 261, 6, 130, 17]"
119352,"[60, 105, 130, 151, 77, 19, 5, 25, 157, 223]"
119353,"[41, 97, 10, 19, 121, 1, 0, 175, 28, 151]"
119354,"[124, 149, 66, 3, 42, 138, 55, 45, 261, 175]"
119355,"[29, 17, 9, 261, 220, 3, 19, 138, 36, 223]"
119356,"[45, 66, 5, 27, 19, 12, 223, 261, 149, 238]"
119357,"[71, 30, 38, 66, 175, 19, 77, 45, 5, 261]"
119358,"[10, 34, 26, 77, 130, 5, 60, 51, 19, 151]"
119359,"[187, 21, 261, 5, 42, 138, 2, 24, 72, 55]"
119360,"[66, 19, 261, 175, 6, 7, 30, 149, 14, 5]"
119361,"[105, 92, 5, 77, 19, 238, 49, 133, 82, 10]"
119362,"[1, 23, 64, 54, 279, 261, 32, 20, 220, 5]"
119363,"[30, 19, 6, 7, 175, 5, 92, 66, 48, 36]"
119364,"[18, 90, 60, 82, 0, 19, 84, 15, 105, 91]"
119365,"[41, 19, 5, 220, 261, 91, 36, 82, 73, 0]"
119366,"[90, 19, 18, 5, 60, 10, 0, 91, 72, 92]"
119367,"[20, 175, 66, 2, 261, 103, 32, 64, 5, 71]"
119368,"[24, 4, 36, 19, 5, 29, 92, 51, 60, 9]"
119369,"[157, 5, 76, 7, 42, 54, 19, 223, 58, 21]"
119370,"[27, 142, 66, 21, 19, 261, 238, 30, 5, 2]"
119371,"[175, 9, 71, 6, 55, 10, 77, 25, 19, 60]"
119372,"[19, 5, 261, 103, 32, 7, 279, 238, 223, 73]"
119373,"[189, 5, 130, 17, 73, 223, 26, 60, 19, 175]"
119374,"[142, 27, 21, 66, 30, 6, 77, 175, 10, 41]"
119375,"[44, 6, 7, 48, 25, 279, 23, 157, 92, 261]"
119376,"[146, 19, 55, 5, 13, 60, 82, 6, 138, 223]"
119377,"[29, 36, 24, 19, 5, 92, 3, 49, 51, 133]"
119378,"[24, 17, 5, 19, 73, 28, 34, 10, 9, 147]"
119379,"[279, 23, 32, 261, 19, 1, 175, 5, 146, 130]"
119380,"[3, 19, 73, 5, 30, 17, 175, 6, 72, 146]"
119381,"[7, 6, 48, 44, 175, 261, 19, 30, 14, 9]"
119382,"[223, 5, 19, 261, 17, 142, 175, 7, 238, 29]"
119383,"[122, 26, 34, 5, 77, 10, 19, 220, 20, 146]"
119384,"[149, 66, 124, 30, 45, 92, 175, 5, 9, 238]"
119385,"[30, 7, 19, 48, 175, 6, 66, 92, 3, 71]"
119386,"[187, 21, 261, 138, 23, 2, 43, 66, 55, 142]"
119387,"[21, 5, 146, 223, 19, 3, 82, 73, 66, 7]"
119388,"[7, 175, 44, 6, 48, 14, 30, 10, 19, 38]"
119389,"[146, 5, 19, 73, 13, 6, 26, 122, 23, 261]"
119390,"[28, 24, 19, 32, 5, 9, 34, 103, 51, 20]"
119391,"[76, 36, 3, 19, 149, 20, 64, 138, 5, 55]"
119392,"[187, 5, 21, 72, 261, 19, 238, 3, 73, 138]"
119393,"[119, 147, 28, 24, 60, 122, 5, 55, 32, 34]"
119394,"[60, 105, 151, 77, 19, 130, 5, 49, 223, 97]"
119395,"[15, 18, 0, 19, 82, 91, 60, 84, 105, 90]"
119396,"[73, 189, 151, 19, 14, 72, 5, 138, 175, 130]"
119397,"[130, 5, 34, 26, 19, 73, 122, 17, 151, 10]"
119398,"[279, 23, 261, 32, 54, 19, 43, 5, 14, 7]"
119399,"[30, 7, 48, 71, 20, 261, 66, 92, 2, 175]"
119400,"[26, 34, 5, 122, 10, 28, 130, 72, 71, 49]"
119401,"[90, 18, 0, 72, 19, 5, 20, 60, 105, 43]"
119402,"[97, 60, 19, 5, 6, 0, 121, 34, 76, 55]"
119403,"[19, 3, 58, 17, 36, 5, 223, 73, 76, 29]"
119404,"[38, 175, 71, 30, 19, 5, 7, 77, 6, 48]"
119405,"[17, 261, 73, 19, 32, 142, 4, 42, 220, 7]"
119406,"[45, 261, 32, 279, 54, 66, 71, 55, 27, 5]"
119407,"[73, 17, 3, 19, 21, 10, 66, 72, 146, 6]"
119408,"[64, 261, 20, 5, 1, 23, 2, 36, 19, 73]"
119409,"[147, 28, 122, 26, 5, 24, 130, 119, 133, 34]"
119410,"[147, 19, 5, 71, 91, 175, 122, 130, 10, 261]"
119411,"[60, 5, 105, 19, 97, 261, 55, 18, 2, 0]"
119412,"[48, 7, 6, 175, 9, 71, 19, 261, 279, 2]"
119413,"[103, 261, 58, 2, 54, 223, 7, 279, 138, 19]"
119414,"[15, 82, 91, 19, 84, 18, 60, 0, 36, 146]"
119415,"[27, 45, 66, 32, 261, 20, 71, 149, 279, 14]"
119416,"[29, 36, 3, 24, 19, 5, 9, 4, 17, 92]"
119417,"[51, 28, 24, 19, 9, 5, 122, 147, 32, 10]"
119418,"[133, 92, 175, 49, 9, 44, 6, 130, 147, 77]"
119419,"[12, 261, 5, 71, 19, 51, 32, 60, 279, 130]"
119420,"[76, 36, 3, 149, 42, 19, 138, 189, 55, 5]"
119421,"[82, 19, 60, 5, 105, 146, 84, 0, 90, 21]"
119422,"[105, 60, 91, 151, 82, 77, 18, 0, 5, 19]"
119423,"[82, 19, 60, 5, 146, 105, 84, 0, 73, 17]"
119424,"[149, 66, 261, 2, 71, 5, 32, 9, 124, 19]"
119425,"[97, 5, 121, 72, 60, 23, 0, 18, 19, 138]"
119426,"[238, 279, 5, 10, 92, 1, 261, 34, 32, 23]"
119427,"[72, 23, 157, 10, 34, 1, 76, 43, 279, 5]"
119428,"[51, 10, 19, 55, 92, 54, 9, 28, 24, 60]"
119429,"[18, 0, 97, 60, 72, 10, 90, 5, 82, 49]"
119430,"[21, 5, 72, 187, 19, 20, 32, 24, 261, 238]"
119431,"[73, 17, 19, 5, 7, 130, 238, 72, 142, 2]"
119432,"[25, 6, 55, 60, 49, 42, 36, 77, 261, 157]"
119433,"[28, 51, 24, 147, 19, 10, 105, 49, 12, 36]"
119434,"[122, 147, 28, 26, 34, 24, 51, 32, 119, 5]"
119435,"[90, 18, 0, 19, 5, 72, 91, 60, 73, 10]"
119436,"[71, 19, 238, 73, 261, 5, 9, 54, 2, 77]"
119437,"[5, 82, 21, 19, 66, 238, 54, 223, 3, 138]"
119438,"[149, 124, 45, 20, 66, 3, 1, 36, 138, 261]"
119439,"[2, 71, 5, 92, 261, 175, 147, 48, 49, 6]"
119440,"[279, 261, 5, 19, 238, 32, 72, 43, 54, 34]"
119441,"[238, 54, 32, 261, 7, 19, 2, 103, 66, 279]"
119442,"[90, 18, 0, 60, 72, 43, 20, 279, 10, 19]"
119443,"[71, 19, 261, 238, 5, 9, 73, 10, 279, 54]"
119444,"[49, 105, 151, 25, 60, 77, 5, 157, 19, 36]"
119445,"[19, 5, 34, 9, 73, 51, 130, 17, 10, 223]"
119446,"[66, 175, 149, 30, 92, 77, 133, 6, 38, 9]"
119447,"[146, 13, 19, 55, 60, 5, 6, 71, 10, 261]"
119448,"[261, 32, 279, 103, 220, 43, 9, 5, 73, 34]"
119449,"[10, 73, 19, 55, 5, 6, 261, 71, 7, 60]"
119450,"[27, 142, 21, 66, 261, 5, 19, 238, 30, 2]"
119451,"[77, 151, 49, 6, 157, 92, 105, 19, 60, 25]"
119452,"[9, 6, 220, 5, 146, 19, 49, 26, 261, 34]"
119453,"[24, 5, 19, 73, 17, 28, 34, 72, 261, 4]"
119454,"[175, 66, 73, 27, 3, 9, 30, 149, 279, 20]"
119455,"[18, 72, 5, 0, 97, 91, 10, 60, 19, 82]"
119456,"[64, 20, 19, 261, 5, 146, 1, 279, 238, 72]"
119457,"[147, 122, 28, 24, 119, 60, 26, 5, 71, 2]"
119458,"[142, 279, 19, 5, 261, 14, 43, 24, 23, 54]"
119459,"[1, 54, 261, 64, 23, 279, 20, 5, 19, 2]"
119460,"[157, 76, 19, 261, 51, 5, 55, 7, 73, 138]"
119461,"[6, 25, 157, 77, 44, 19, 7, 17, 175, 30]"
119462,"[90, 18, 0, 72, 19, 20, 60, 5, 1, 91]"
119463,"[82, 84, 60, 19, 90, 105, 223, 49, 146, 15]"
119464,"[2, 261, 32, 3, 5, 73, 220, 238, 19, 175]"
119465,"[261, 20, 32, 23, 279, 64, 103, 14, 220, 54]"
119466,"[5, 19, 112, 92, 60, 82, 43, 2, 279, 54]"
119467,"[112, 5, 261, 92, 32, 279, 157, 19, 6, 223]"
119468,"[28, 24, 9, 92, 147, 51, 29, 19, 10, 36]"
119469,"[32, 261, 279, 23, 220, 5, 42, 14, 103, 73]"
119470,"[122, 34, 26, 5, 72, 19, 130, 91, 279, 146]"
119471,"[238, 66, 7, 5, 19, 14, 54, 21, 261, 279]"
119472,"[119, 5, 147, 28, 24, 97, 1, 26, 10, 138]"
119473,"[43, 220, 279, 261, 7, 9, 23, 32, 19, 103]"
119474,"[10, 279, 34, 5, 54, 261, 55, 71, 51, 121]"
119475,"[44, 7, 48, 175, 6, 92, 38, 32, 30, 261]"
119476,"[97, 121, 60, 0, 105, 26, 41, 25, 49, 10]"
119477,"[71, 30, 92, 7, 175, 66, 77, 6, 2, 21]"
119478,"[27, 66, 45, 149, 261, 71, 124, 91, 34, 32]"
119479,"[55, 146, 19, 60, 10, 5, 157, 7, 91, 261]"
119480,"[60, 130, 105, 19, 5, 17, 151, 223, 73, 92]"
119481,"[36, 3, 92, 138, 29, 42, 149, 55, 19, 238]"
119482,"[71, 19, 5, 73, 261, 54, 238, 7, 9, 17]"
119483,"[32, 261, 5, 23, 279, 2, 42, 220, 19, 20]"
119484,"[84, 60, 55, 25, 19, 5, 42, 77, 157, 112]"
119485,"[157, 72, 73, 91, 5, 76, 55, 10, 261, 54]"
119486,"[279, 261, 5, 23, 19, 76, 77, 92, 14, 60]"
119487,"[122, 34, 26, 5, 146, 19, 72, 130, 12, 7]"
119488,"[19, 5, 58, 36, 29, 223, 261, 12, 103, 189]"
119489,"[29, 24, 36, 3, 9, 19, 4, 5, 28, 17]"
119490,"[44, 279, 5, 76, 130, 133, 42, 19, 157, 32]"
119491,"[77, 151, 157, 49, 6, 25, 60, 92, 19, 7]"
119492,"[0, 18, 90, 82, 60, 105, 15, 84, 97, 13]"
119493,"[3, 36, 19, 29, 6, 17, 138, 82, 146, 7]"
119494,"[44, 6, 279, 7, 48, 32, 103, 175, 25, 157]"
119495,"[5, 19, 72, 2, 261, 26, 223, 34, 49, 238]"
119496,"[20, 175, 2, 261, 66, 103, 71, 23, 14, 32]"
119497,"[1, 23, 54, 19, 32, 5, 20, 261, 73, 2]"
119498,"[24, 19, 5, 10, 51, 73, 21, 28, 36, 147]"
119499,"[84, 82, 60, 19, 90, 105, 5, 49, 0, 223]"
119500,"[32, 261, 279, 2, 54, 220, 55, 42, 5, 34]"
119501,"[19, 58, 3, 5, 73, 36, 17, 223, 76, 146]"
119502,"[34, 10, 26, 122, 130, 19, 28, 60, 5, 9]"
119503,"[97, 121, 60, 0, 157, 25, 5, 130, 26, 19]"
119504,"[92, 6, 133, 7, 38, 10, 48, 77, 66, 34]"
119505,"[5, 19, 146, 6, 49, 220, 175, 261, 26, 77]"
119506,"[54, 2, 279, 261, 32, 23, 5, 43, 1, 9]"
119507,"[55, 19, 60, 5, 146, 13, 10, 91, 7, 71]"
119508,"[149, 175, 19, 30, 92, 71, 124, 238, 261, 7]"
119509,"[149, 66, 5, 19, 30, 124, 261, 92, 175, 9]"
119510,"[23, 5, 279, 19, 261, 1, 130, 32, 60, 24]"
119511,"[4, 2, 119, 60, 58, 66, 41, 71, 49, 138]"
119512,"[45, 66, 149, 19, 5, 77, 27, 261, 124, 138]"
119513,"[5, 2, 19, 261, 55, 54, 34, 71, 279, 223]"
119514,"[42, 3, 138, 23, 17, 36, 189, 220, 149, 29]"
119515,"[157, 10, 76, 72, 5, 73, 26, 130, 55, 97]"
119516,"[223, 189, 19, 5, 36, 82, 130, 21, 92, 64]"
119517,"[238, 7, 66, 30, 19, 5, 3, 91, 32, 28]"
119518,"[20, 1, 54, 14, 23, 19, 5, 279, 64, 261]"
119519,"[187, 21, 5, 261, 72, 43, 19, 2, 138, 24]"
119520,"[238, 261, 32, 7, 54, 279, 66, 20, 14, 19]"
119521,"[76, 19, 261, 73, 36, 5, 51, 6, 71, 32]"
119522,"[66, 175, 30, 20, 149, 92, 27, 45, 73, 19]"
119523,"[7, 2, 48, 175, 66, 138, 92, 71, 112, 49]"
119524,"[175, 9, 5, 19, 6, 66, 7, 20, 261, 71]"
119525,"[223, 5, 21, 19, 175, 66, 261, 6, 17, 92]"
119526,"[5, 19, 261, 238, 60, 9, 279, 66, 72, 36]"
119527,"[60, 84, 25, 42, 5, 157, 19, 55, 97, 77]"
119528,"[54, 279, 23, 261, 43, 32, 220, 9, 5, 1]"
119529,"[112, 5, 60, 19, 92, 82, 130, 261, 2, 187]"
119530,"[189, 5, 19, 14, 7, 223, 66, 175, 92, 60]"
119531,"[91, 15, 19, 55, 18, 27, 90, 92, 14, 72]"
119532,"[20, 3, 21, 5, 19, 73, 64, 238, 91, 27]"
119533,"[142, 23, 175, 279, 261, 19, 32, 24, 4, 124]"
119534,"[32, 261, 279, 103, 60, 43, 5, 2, 54, 17]"
119535,"[29, 36, 24, 3, 19, 92, 9, 5, 238, 28]"
119536,"[21, 187, 14, 19, 82, 24, 92, 5, 149, 30]"
119537,"[5, 138, 12, 7, 261, 223, 19, 189, 279, 175]"
119538,"[20, 103, 261, 149, 5, 220, 2, 238, 32, 34]"
119539,"[45, 66, 149, 261, 5, 19, 3, 138, 27, 238]"
119540,"[5, 34, 19, 261, 2, 10, 279, 51, 223, 26]"
119541,"[147, 28, 5, 130, 122, 19, 49, 26, 23, 175]"
119542,"[20, 157, 64, 261, 19, 220, 6, 5, 58, 10]"
119543,"[26, 60, 97, 5, 121, 77, 19, 49, 261, 238]"
119544,"[64, 261, 20, 1, 92, 23, 54, 90, 5, 77]"
119545,"[122, 26, 10, 34, 32, 71, 77, 147, 19, 121]"
119546,"[261, 32, 23, 20, 279, 64, 3, 91, 17, 19]"
119547,"[54, 1, 279, 43, 23, 103, 41, 121, 10, 32]"
119548,"[21, 187, 19, 5, 92, 30, 49, 14, 82, 36]"
119549,"[7, 43, 2, 5, 19, 55, 238, 261, 279, 223]"
119550,"[122, 147, 28, 26, 51, 34, 24, 105, 71, 49]"
119551,"[130, 19, 151, 60, 5, 223, 51, 10, 91, 73]"
119552,"[15, 82, 19, 84, 91, 18, 0, 60, 105, 36]"
119553,"[261, 32, 23, 20, 279, 14, 54, 7, 2, 220]"
119554,"[18, 60, 19, 0, 175, 71, 189, 90, 66, 82]"
119555,"[41, 0, 19, 6, 82, 49, 220, 138, 5, 10]"
119556,"[112, 5, 261, 279, 9, 157, 29, 32, 19, 92]"
119557,"[97, 121, 0, 60, 5, 19, 105, 41, 77, 13]"
119558,"[14, 261, 5, 20, 279, 19, 32, 1, 23, 72]"
119559,"[5, 36, 138, 3, 55, 19, 149, 42, 189, 77]"
119560,"[76, 36, 3, 5, 261, 19, 149, 32, 23, 42]"
119561,"[73, 17, 19, 72, 5, 3, 261, 23, 10, 7]"
119562,"[220, 43, 261, 19, 32, 9, 23, 279, 103, 20]"
119563,"[220, 76, 36, 19, 5, 60, 12, 103, 279, 17]"
119564,"[9, 51, 175, 19, 279, 6, 66, 5, 92, 10]"
119565,"[73, 2, 261, 5, 32, 19, 3, 9, 238, 220]"
119566,"[26, 97, 49, 60, 147, 121, 105, 6, 10, 28]"
119567,"[13, 5, 146, 19, 7, 91, 0, 121, 72, 17]"
119568,"[44, 7, 261, 48, 32, 175, 279, 2, 6, 71]"
119569,"[19, 29, 36, 5, 3, 24, 42, 92, 223, 138]"
119570,"[27, 66, 45, 71, 124, 2, 41, 149, 261, 10]"
119571,"[28, 92, 19, 5, 238, 51, 24, 20, 9, 36]"
119572,"[17, 73, 19, 146, 7, 60, 5, 55, 3, 223]"
119573,"[151, 7, 43, 9, 38, 48, 77, 25, 157, 71]"
119574,"[13, 19, 146, 5, 7, 71, 121, 0, 2, 55]"
119575,"[151, 77, 7, 9, 71, 175, 43, 48, 25, 19]"
119576,"[54, 261, 23, 32, 1, 279, 220, 14, 5, 2]"
119577,"[10, 5, 279, 72, 19, 34, 24, 130, 54, 23]"
119578,"[32, 261, 279, 2, 54, 5, 60, 43, 23, 20]"
119579,"[92, 133, 44, 112, 49, 7, 10, 77, 2, 38]"
119580,"[17, 73, 32, 261, 19, 42, 130, 5, 142, 220]"
119581,"[82, 21, 189, 238, 19, 28, 3, 138, 5, 66]"
119582,"[7, 2, 175, 43, 48, 71, 14, 92, 66, 55]"
119583,"[130, 92, 19, 223, 7, 17, 6, 175, 44, 142]"
119584,"[66, 175, 73, 3, 149, 20, 30, 27, 5, 92]"
119585,"[142, 23, 175, 4, 124, 24, 279, 19, 14, 49]"
119586,"[157, 25, 151, 60, 6, 77, 130, 19, 26, 5]"
119587,"[220, 261, 43, 238, 19, 54, 20, 5, 279, 9]"
119588,"[279, 54, 261, 23, 32, 43, 1, 55, 58, 2]"
119589,"[175, 9, 19, 77, 36, 6, 71, 5, 10, 60]"
119590,"[71, 261, 7, 279, 175, 9, 32, 30, 34, 23]"
119591,"[92, 133, 175, 44, 151, 66, 6, 77, 49, 19]"
119592,"[1, 23, 54, 14, 20, 5, 19, 72, 261, 36]"
119593,"[77, 7, 92, 175, 49, 6, 5, 19, 133, 157]"
119594,"[72, 36, 19, 5, 34, 73, 238, 18, 10, 43]"
119595,"[5, 4, 279, 9, 60, 19, 261, 43, 24, 220]"
119596,"[130, 5, 26, 151, 34, 28, 19, 77, 17, 10]"
119597,"[72, 7, 261, 14, 5, 279, 238, 32, 2, 19]"
119598,"[82, 19, 105, 60, 84, 5, 90, 146, 0, 21]"
119599,"[36, 60, 19, 5, 55, 25, 151, 138, 77, 223]"
119600,"[5, 19, 92, 77, 279, 20, 1, 238, 76, 36]"
119601,"[71, 66, 19, 30, 5, 7, 77, 45, 261, 60]"
119602,"[2, 3, 175, 54, 32, 19, 6, 55, 73, 10]"
119603,"[24, 60, 19, 36, 4, 51, 223, 92, 29, 5]"
119604,"[5, 103, 138, 19, 12, 84, 20, 7, 54, 223]"
119605,"[73, 19, 5, 17, 130, 72, 10, 261, 54, 279]"
119606,"[24, 4, 60, 19, 36, 51, 5, 9, 29, 223]"
119607,"[55, 146, 19, 10, 60, 261, 91, 5, 73, 71]"
119608,"[147, 66, 19, 5, 71, 261, 238, 122, 119, 279]"
119609,"[2, 5, 261, 19, 10, 32, 54, 279, 60, 23]"
119610,"[60, 51, 19, 121, 122, 26, 5, 28, 34, 10]"
119611,"[90, 19, 18, 10, 60, 5, 0, 1, 91, 92]"
119612,"[151, 60, 130, 17, 19, 105, 77, 73, 5, 92]"
119613,"[29, 3, 9, 223, 42, 5, 17, 220, 138, 19]"
119614,"[66, 175, 20, 30, 149, 45, 38, 103, 133, 279]"
119615,"[17, 73, 19, 7, 23, 130, 3, 5, 12, 76]"
119616,"[187, 261, 5, 32, 21, 42, 279, 19, 2, 138]"
119617,"[187, 55, 142, 19, 21, 2, 43, 51, 5, 261]"
119618,"[175, 6, 10, 19, 92, 66, 21, 7, 2, 48]"
119619,"[51, 24, 9, 28, 55, 19, 60, 10, 147, 34]"
119620,"[2, 5, 261, 66, 71, 175, 92, 7, 147, 49]"
119621,"[7, 2, 175, 19, 55, 49, 71, 261, 5, 138]"
119622,"[2, 261, 32, 220, 5, 73, 238, 103, 3, 9]"
119623,"[142, 279, 261, 19, 5, 54, 43, 32, 14, 23]"
119624,"[64, 146, 1, 279, 17, 23, 3, 261, 20, 19]"
119625,"[36, 149, 138, 3, 42, 55, 29, 189, 92, 19]"
119626,"[26, 97, 60, 49, 121, 10, 147, 122, 51, 220]"
119627,"[21, 5, 72, 187, 19, 24, 23, 32, 130, 3]"
119628,"[157, 51, 36, 189, 19, 10, 29, 76, 138, 58]"
119629,"[175, 9, 38, 77, 36, 30, 28, 25, 6, 7]"
119630,"[279, 54, 261, 23, 32, 220, 9, 1, 5, 42]"
119631,"[32, 261, 66, 42, 41, 2, 279, 55, 58, 149]"
119632,"[97, 60, 19, 121, 5, 55, 43, 13, 0, 261]"
119633,"[97, 60, 0, 18, 19, 121, 13, 82, 5, 34]"
119634,"[130, 92, 19, 6, 175, 223, 17, 7, 60, 151]"
119635,"[279, 261, 32, 43, 54, 23, 9, 71, 5, 2]"
119636,"[119, 5, 147, 28, 24, 97, 55, 10, 138, 122]"
119637,"[51, 24, 55, 10, 9, 28, 19, 60, 92, 54]"
119638,"[157, 5, 76, 19, 42, 7, 92, 77, 279, 23]"
119639,"[5, 92, 112, 60, 19, 26, 77, 9, 238, 36]"
119640,"[73, 17, 19, 5, 10, 72, 21, 6, 3, 146]"
119641,"[60, 51, 19, 24, 122, 28, 121, 5, 12, 36]"
119642,"[13, 146, 19, 5, 7, 121, 0, 55, 261, 71]"
119643,"[142, 21, 66, 27, 30, 238, 73, 72, 3, 149]"
119644,"[97, 121, 18, 0, 60, 5, 19, 76, 105, 55]"
119645,"[43, 261, 279, 32, 220, 60, 54, 7, 9, 55]"
119646,"[261, 32, 2, 103, 54, 279, 19, 66, 5, 138]"
119647,"[223, 19, 130, 12, 92, 5, 60, 90, 82, 29]"
119648,"[146, 5, 19, 6, 66, 13, 21, 45, 189, 223]"
119649,"[66, 149, 45, 261, 20, 124, 14, 32, 238, 2]"
119650,"[51, 10, 34, 55, 49, 92, 19, 2, 5, 26]"
119651,"[130, 92, 19, 223, 6, 175, 17, 7, 151, 112]"
119652,"[0, 97, 71, 41, 146, 13, 122, 5, 26, 19]"
119653,"[55, 60, 261, 19, 5, 71, 7, 10, 146, 13]"
119654,"[121, 175, 19, 5, 279, 7, 60, 261, 130, 55]"
119655,"[26, 49, 34, 122, 147, 10, 77, 28, 5, 92]"
119656,"[44, 48, 7, 175, 6, 149, 66, 124, 2, 30]"
119657,"[149, 124, 20, 3, 1, 36, 45, 66, 138, 261]"
119658,"[7, 48, 6, 44, 175, 3, 19, 138, 238, 92]"
119659,"[41, 97, 19, 10, 55, 0, 60, 121, 24, 5]"
119660,"[19, 5, 84, 261, 7, 138, 6, 9, 20, 220]"
119661,"[112, 5, 261, 279, 2, 66, 76, 19, 223, 138]"
119662,"[189, 223, 5, 7, 138, 66, 19, 60, 17, 6]"
119663,"[103, 261, 279, 9, 7, 19, 91, 54, 32, 43]"
119664,"[73, 72, 5, 19, 261, 130, 71, 9, 189, 32]"
119665,"[3, 17, 175, 21, 19, 30, 6, 73, 92, 146]"
119666,"[147, 5, 122, 19, 71, 66, 261, 26, 175, 279]"
119667,"[149, 124, 45, 20, 66, 261, 3, 138, 1, 23]"
119668,"[30, 71, 7, 92, 48, 175, 6, 66, 3, 5]"
119669,"[146, 55, 19, 13, 82, 60, 17, 3, 5, 36]"
119670,"[58, 19, 5, 12, 29, 36, 223, 103, 220, 189]"
119671,"[25, 60, 5, 157, 84, 19, 42, 77, 36, 49]"
119672,"[147, 5, 19, 71, 261, 122, 279, 66, 238, 34]"
119673,"[90, 18, 72, 20, 5, 19, 0, 60, 279, 238]"
119674,"[121, 19, 175, 10, 6, 55, 5, 97, 92, 7]"
119675,"[21, 5, 19, 36, 82, 66, 223, 72, 30, 187]"
119676,"[17, 73, 19, 7, 3, 223, 142, 130, 72, 4]"
119677,"[6, 7, 48, 19, 175, 5, 2, 261, 30, 66]"
119678,"[146, 55, 5, 60, 19, 13, 82, 138, 34, 10]"
119679,"[187, 21, 261, 142, 73, 23, 5, 3, 32, 72]"
119680,"[64, 261, 5, 1, 20, 32, 54, 279, 220, 23]"
119681,"[84, 82, 60, 90, 19, 105, 0, 15, 49, 18]"
119682,"[187, 21, 5, 73, 72, 3, 261, 2, 23, 142]"
119683,"[130, 151, 147, 10, 60, 17, 157, 19, 12, 91]"
119684,"[24, 4, 28, 60, 19, 9, 23, 49, 29, 36]"
119685,"[189, 5, 19, 23, 146, 175, 223, 138, 55, 21]"
119686,"[97, 0, 105, 19, 60, 121, 18, 5, 49, 82]"
119687,"[105, 49, 92, 10, 5, 82, 90, 77, 19, 60]"
119688,"[30, 66, 71, 6, 175, 19, 149, 92, 2, 138]"
119689,"[30, 175, 48, 7, 19, 71, 92, 3, 38, 6]"
119690,"[187, 5, 261, 21, 19, 2, 72, 32, 279, 43]"
119691,"[73, 19, 5, 17, 10, 130, 51, 6, 36, 72]"
119692,"[76, 5, 19, 12, 73, 17, 7, 130, 261, 54]"
119693,"[24, 73, 19, 5, 28, 17, 34, 10, 51, 4]"
119694,"[76, 12, 121, 5, 19, 238, 7, 261, 54, 279]"
119695,"[73, 5, 17, 19, 223, 146, 130, 72, 3, 10]"
119696,"[223, 60, 90, 19, 82, 130, 92, 21, 12, 18]"
119697,"[146, 13, 19, 5, 17, 60, 55, 72, 261, 10]"
119698,"[149, 124, 3, 45, 66, 20, 36, 138, 1, 42]"
119699,"[36, 3, 138, 42, 189, 19, 23, 76, 149, 55]"
119700,"[261, 32, 20, 54, 14, 5, 19, 220, 2, 23]"
119701,"[14, 23, 1, 261, 54, 32, 20, 279, 43, 72]"
119702,"[1, 54, 23, 279, 43, 20, 121, 103, 19, 10]"
119703,"[10, 34, 77, 26, 5, 92, 60, 151, 105, 72]"
119704,"[29, 24, 36, 3, 19, 4, 9, 17, 5, 138]"
119705,"[142, 27, 175, 30, 7, 19, 66, 261, 17, 5]"
119706,"[71, 261, 32, 7, 38, 34, 19, 30, 279, 5]"
119707,"[119, 5, 147, 28, 24, 122, 34, 71, 26, 55]"
119708,"[41, 19, 91, 0, 5, 97, 146, 175, 60, 71]"
119709,"[82, 60, 91, 151, 105, 18, 0, 157, 15, 19]"
119710,"[13, 121, 55, 97, 0, 60, 119, 146, 279, 5]"
119711,"[17, 19, 73, 142, 3, 130, 261, 32, 4, 5]"
119712,"[7, 6, 48, 175, 44, 19, 3, 238, 261, 92]"
119713,"[26, 34, 5, 10, 28, 122, 49, 130, 71, 72]"
119714,"[112, 157, 5, 6, 71, 92, 279, 19, 9, 10]"
119715,"[91, 19, 60, 18, 90, 130, 5, 15, 71, 0]"
119716,"[5, 19, 10, 60, 51, 71, 2, 261, 55, 91]"
119717,"[3, 19, 82, 5, 36, 138, 7, 91, 146, 17]"
119718,"[41, 0, 19, 82, 6, 138, 36, 49, 220, 60]"
119719,"[27, 66, 149, 45, 20, 124, 32, 261, 71, 92]"
119720,"[72, 1, 23, 5, 10, 77, 157, 19, 9, 151]"
119721,"[130, 151, 19, 10, 147, 60, 92, 51, 223, 12]"
119722,"[14, 238, 66, 54, 261, 43, 7, 60, 71, 279]"
119723,"[147, 122, 28, 26, 5, 49, 130, 71, 24, 51]"
119724,"[124, 149, 66, 261, 30, 45, 138, 2, 51, 42]"
119725,"[66, 261, 20, 5, 30, 175, 19, 238, 73, 21]"
119726,"[122, 26, 5, 34, 19, 32, 261, 77, 17, 146]"
119727,"[32, 261, 279, 17, 19, 42, 5, 2, 91, 23]"
119728,"[103, 238, 5, 32, 261, 279, 43, 19, 220, 20]"
119729,"[279, 23, 1, 175, 261, 19, 3, 220, 32, 54]"
119730,"[261, 32, 14, 23, 20, 220, 54, 103, 5, 60]"
119731,"[29, 36, 24, 5, 28, 19, 92, 133, 3, 9]"
119732,"[72, 23, 10, 19, 60, 1, 76, 71, 157, 5]"
119733,"[238, 54, 261, 20, 5, 32, 19, 23, 279, 220]"
119734,"[130, 19, 91, 223, 60, 5, 12, 151, 72, 17]"
119735,"[21, 187, 3, 19, 14, 82, 5, 27, 24, 92]"
119736,"[130, 60, 19, 151, 10, 223, 12, 5, 147, 51]"
119737,"[82, 84, 60, 90, 18, 105, 15, 0, 49, 19]"
119738,"[14, 5, 19, 261, 73, 32, 20, 23, 54, 1]"
119739,"[24, 19, 5, 51, 73, 261, 10, 71, 21, 142]"
119740,"[10, 73, 19, 5, 261, 55, 51, 6, 71, 9]"
119741,"[0, 18, 82, 60, 90, 15, 105, 84, 97, 19]"
119742,"[119, 147, 5, 28, 26, 24, 97, 122, 34, 10]"
119743,"[0, 18, 82, 60, 15, 90, 105, 19, 146, 84]"
119744,"[64, 261, 20, 23, 2, 32, 55, 220, 66, 71]"
119745,"[49, 77, 48, 6, 92, 105, 7, 5, 19, 261]"
119746,"[175, 38, 6, 48, 66, 7, 19, 92, 133, 30]"
119747,"[58, 5, 19, 12, 223, 36, 29, 73, 261, 146]"
119748,"[36, 138, 189, 42, 19, 3, 76, 55, 149, 23]"
119749,"[21, 5, 19, 187, 72, 3, 238, 142, 146, 130]"
119750,"[51, 19, 28, 24, 5, 36, 49, 122, 147, 10]"
119751,"[10, 34, 5, 130, 19, 26, 72, 60, 77, 157]"
119752,"[5, 19, 2, 261, 49, 34, 72, 71, 223, 26]"
119753,"[45, 66, 5, 261, 19, 146, 71, 6, 27, 149]"
119754,"[279, 32, 261, 43, 54, 2, 13, 103, 34, 5]"
119755,"[48, 7, 55, 6, 43, 261, 58, 5, 60, 138]"
119756,"[146, 45, 66, 6, 21, 19, 189, 138, 5, 13]"
119757,"[34, 5, 261, 72, 19, 279, 238, 55, 42, 26]"
119758,"[92, 133, 175, 151, 130, 44, 49, 19, 5, 77]"
119759,"[41, 32, 261, 97, 0, 71, 10, 19, 5, 103]"
119760,"[7, 48, 44, 175, 17, 157, 6, 30, 19, 279]"
119761,"[20, 19, 5, 220, 261, 64, 58, 238, 6, 54]"
119762,"[142, 27, 30, 21, 38, 54, 175, 77, 92, 279]"
119763,"[5, 130, 72, 19, 34, 73, 157, 223, 10, 42]"
119764,"[175, 6, 19, 48, 30, 7, 92, 10, 66, 2]"
119765,"[73, 138, 19, 58, 72, 5, 54, 189, 223, 23]"
119766,"[41, 97, 10, 19, 55, 0, 121, 5, 60, 24]"
119767,"[146, 19, 5, 55, 60, 82, 13, 36, 6, 138]"
119768,"[5, 19, 4, 261, 223, 7, 2, 238, 60, 71]"
119769,"[77, 34, 19, 5, 26, 76, 105, 151, 130, 60]"
119770,"[18, 0, 5, 90, 72, 105, 97, 10, 82, 60]"
119771,"[51, 24, 28, 19, 122, 5, 9, 60, 147, 32]"
119772,"[43, 19, 261, 2, 220, 7, 5, 55, 9, 32]"
119773,"[157, 151, 25, 60, 77, 6, 19, 49, 105, 26]"
119774,"[97, 19, 0, 5, 60, 121, 18, 105, 92, 13]"
119775,"[119, 147, 28, 24, 122, 5, 60, 10, 34, 12]"
119776,"[121, 97, 5, 71, 13, 261, 220, 223, 76, 9]"
119777,"[21, 20, 5, 238, 19, 66, 103, 27, 73, 76]"
119778,"[49, 220, 6, 175, 19, 77, 151, 5, 92, 38]"
119779,"[41, 19, 60, 0, 55, 73, 51, 261, 76, 220]"
119780,"[64, 261, 20, 1, 54, 32, 23, 279, 5, 220]"
119781,"[121, 19, 5, 279, 175, 261, 130, 7, 72, 23]"
119782,"[7, 44, 92, 2, 71, 48, 175, 261, 279, 133]"
119783,"[142, 261, 279, 175, 23, 32, 19, 5, 4, 9]"
119784,"[36, 138, 42, 3, 189, 19, 149, 76, 29, 5]"
119785,"[138, 92, 19, 36, 10, 14, 6, 7, 77, 55]"
119786,"[187, 261, 32, 5, 72, 21, 23, 24, 138, 20]"
119787,"[1, 23, 5, 261, 32, 28, 20, 279, 55, 54]"
119788,"[82, 19, 138, 189, 3, 5, 36, 175, 6, 1]"
119789,"[187, 5, 261, 21, 19, 72, 279, 32, 138, 3]"
119790,"[76, 19, 36, 5, 261, 6, 32, 71, 12, 55]"
119791,"[121, 5, 19, 261, 175, 279, 7, 60, 130, 23]"
119792,"[103, 261, 32, 238, 220, 20, 138, 6, 5, 42]"
119793,"[44, 6, 279, 7, 25, 32, 48, 261, 92, 157]"
119794,"[220, 261, 2, 19, 5, 32, 279, 43, 103, 238]"
119795,"[45, 66, 38, 27, 149, 71, 77, 238, 261, 19]"
119796,"[157, 10, 189, 51, 41, 21, 138, 175, 76, 151]"
119797,"[55, 60, 10, 146, 71, 19, 5, 157, 13, 91]"
119798,"[17, 73, 19, 7, 5, 238, 142, 130, 2, 279]"
119799,"[60, 130, 105, 5, 19, 223, 17, 97, 82, 157]"
119800,"[51, 10, 5, 34, 122, 26, 19, 28, 49, 147]"
119801,"[151, 19, 146, 130, 5, 60, 157, 17, 49, 77]"
119802,"[66, 2, 261, 45, 71, 55, 41, 19, 21, 5]"
119803,"[51, 10, 28, 19, 9, 55, 261, 92, 71, 5]"
119804,"[175, 9, 30, 19, 38, 5, 6, 36, 77, 7]"
119805,"[5, 36, 55, 138, 19, 3, 42, 149, 189, 71]"
119806,"[151, 19, 60, 5, 77, 55, 6, 10, 261, 146]"
119807,"[51, 10, 34, 5, 19, 55, 36, 91, 28, 92]"
119808,"[92, 77, 6, 66, 7, 175, 48, 10, 149, 49]"
119809,"[189, 5, 19, 223, 55, 36, 261, 175, 138, 238]"
119810,"[21, 261, 20, 66, 19, 14, 187, 60, 5, 27]"
119811,"[64, 1, 23, 20, 261, 54, 5, 279, 90, 220]"
119812,"[175, 9, 6, 92, 19, 5, 10, 71, 49, 151]"
119813,"[220, 261, 43, 32, 103, 1, 19, 9, 5, 238]"
119814,"[34, 5, 72, 261, 42, 279, 26, 238, 19, 55]"
119815,"[73, 5, 19, 17, 3, 146, 130, 223, 77, 36]"
119816,"[72, 5, 19, 36, 34, 10, 21, 238, 73, 26]"
119817,"[175, 261, 138, 7, 189, 5, 19, 223, 2, 42]"
119818,"[4, 19, 5, 7, 24, 223, 17, 12, 51, 66]"
119819,"[45, 66, 261, 149, 27, 5, 19, 77, 71, 124]"
119820,"[49, 105, 77, 60, 25, 5, 82, 19, 84, 6]"
119821,"[92, 77, 19, 238, 133, 49, 7, 36, 44, 112]"
119822,"[36, 3, 138, 19, 42, 189, 76, 149, 29, 1]"
119823,"[4, 19, 5, 29, 24, 51, 142, 49, 17, 130]"
119824,"[28, 24, 9, 32, 51, 147, 92, 19, 34, 10]"
119825,"[7, 48, 19, 30, 175, 6, 38, 44, 92, 157]"
119826,"[92, 133, 44, 49, 130, 112, 7, 9, 19, 238]"
119827,"[36, 3, 42, 92, 19, 55, 138, 5, 149, 29]"
119828,"[30, 175, 7, 19, 6, 48, 3, 71, 92, 66]"
119829,"[15, 18, 0, 82, 105, 19, 84, 60, 90, 91]"
119830,"[72, 5, 19, 36, 34, 10, 21, 238, 43, 20]"
119831,"[0, 18, 82, 60, 15, 90, 105, 84, 19, 97]"
119832,"[5, 92, 19, 112, 36, 77, 2, 10, 60, 105]"
119833,"[71, 261, 32, 279, 34, 38, 48, 7, 26, 2]"
119834,"[48, 7, 175, 19, 6, 9, 55, 3, 25, 91]"
119835,"[76, 12, 220, 36, 43, 103, 42, 19, 60, 5]"
119836,"[82, 60, 84, 90, 19, 18, 0, 105, 15, 49]"
119837,"[49, 220, 6, 5, 19, 9, 261, 175, 92, 238]"
119838,"[5, 105, 19, 82, 10, 60, 49, 1, 92, 77]"
119839,"[130, 92, 19, 175, 6, 223, 60, 151, 17, 7]"
119840,"[112, 279, 5, 261, 19, 55, 9, 32, 2, 71]"
119841,"[5, 105, 157, 84, 77, 60, 19, 25, 238, 151]"
119842,"[72, 7, 261, 5, 14, 32, 2, 238, 19, 20]"
119843,"[71, 19, 238, 77, 92, 6, 73, 5, 10, 38]"
119844,"[5, 36, 19, 138, 3, 55, 42, 149, 1, 189]"
119845,"[30, 7, 175, 71, 92, 66, 19, 38, 149, 5]"
119846,"[223, 189, 130, 19, 5, 82, 146, 17, 60, 175]"
119847,"[91, 19, 18, 60, 130, 90, 15, 82, 238, 5]"
119848,"[29, 17, 3, 138, 6, 175, 19, 82, 223, 189]"
119849,"[103, 261, 54, 55, 32, 238, 279, 43, 138, 20]"
119850,"[187, 19, 5, 142, 28, 2, 32, 103, 21, 261]"
119851,"[54, 103, 82, 2, 279, 19, 32, 5, 261, 21]"
119852,"[76, 36, 3, 149, 5, 138, 189, 19, 92, 42]"
119853,"[54, 279, 23, 43, 261, 220, 1, 14, 5, 32]"
119854,"[44, 6, 92, 7, 48, 157, 279, 133, 25, 77]"
119855,"[21, 66, 54, 2, 103, 27, 19, 60, 175, 82]"
119856,"[0, 97, 71, 60, 121, 76, 19, 55, 5, 13]"
119857,"[91, 19, 92, 238, 72, 55, 5, 18, 90, 77]"
119858,"[5, 19, 261, 223, 2, 238, 60, 7, 4, 71]"
119859,"[15, 18, 0, 105, 84, 82, 91, 90, 60, 19]"
119860,"[26, 34, 5, 238, 10, 77, 122, 49, 71, 72]"
119861,"[19, 41, 60, 66, 175, 10, 21, 5, 77, 51]"
119862,"[21, 187, 14, 261, 19, 5, 32, 82, 30, 24]"
119863,"[103, 261, 279, 32, 2, 54, 220, 9, 43, 71]"
119864,"[124, 149, 66, 30, 2, 103, 175, 45, 41, 10]"
119865,"[60, 130, 151, 105, 5, 77, 19, 223, 25, 157]"
119866,"[130, 5, 26, 34, 73, 19, 122, 28, 10, 17]"
119867,"[92, 133, 175, 44, 49, 77, 151, 130, 19, 6]"
119868,"[32, 261, 44, 103, 279, 19, 7, 6, 92, 20]"
119869,"[25, 151, 77, 36, 60, 19, 157, 130, 55, 5]"
119870,"[175, 19, 6, 5, 7, 92, 48, 10, 2, 261]"
119871,"[60, 105, 19, 5, 49, 97, 55, 82, 26, 146]"
119872,"[0, 18, 82, 90, 105, 60, 15, 84, 97, 19]"
119873,"[29, 23, 138, 261, 9, 32, 2, 238, 36, 220]"
119874,"[60, 130, 19, 151, 5, 55, 261, 220, 17, 105]"
119875,"[27, 142, 21, 66, 261, 2, 19, 55, 279, 238]"
119876,"[49, 6, 175, 146, 19, 5, 26, 66, 220, 92]"
119877,"[4, 19, 5, 7, 66, 24, 29, 261, 142, 23]"
119878,"[279, 32, 261, 5, 19, 54, 43, 9, 58, 124]"
119879,"[279, 261, 5, 121, 23, 175, 76, 1, 238, 138]"
119880,"[91, 60, 19, 18, 71, 5, 238, 130, 55, 279]"
119881,"[130, 92, 19, 223, 6, 7, 175, 44, 151, 60]"
119882,"[28, 24, 103, 9, 147, 1, 32, 279, 54, 43]"
119883,"[147, 71, 19, 5, 60, 66, 122, 51, 175, 119]"
119884,"[119, 5, 24, 28, 147, 138, 55, 60, 122, 97]"
119885,"[26, 34, 5, 19, 238, 36, 77, 10, 130, 122]"
119886,"[5, 19, 34, 10, 73, 2, 130, 55, 71, 105]"
119887,"[149, 124, 3, 45, 36, 1, 20, 138, 66, 42]"
119888,"[223, 19, 130, 60, 92, 5, 12, 90, 82, 238]"
119889,"[119, 5, 28, 24, 147, 138, 122, 97, 42, 189]"
119890,"[149, 66, 71, 175, 2, 92, 9, 124, 30, 261]"
119891,"[220, 5, 43, 146, 261, 19, 55, 279, 91, 103]"
119892,"[92, 133, 6, 19, 5, 238, 175, 130, 66, 77]"
119893,"[54, 1, 279, 23, 121, 0, 43, 10, 20, 103]"
119894,"[51, 24, 19, 28, 5, 122, 36, 9, 147, 60]"
119895,"[261, 32, 103, 5, 19, 66, 14, 2, 279, 64]"
119896,"[55, 5, 25, 17, 73, 60, 151, 261, 130, 146]"
119897,"[5, 19, 77, 223, 238, 51, 2, 34, 49, 261]"
119898,"[261, 32, 23, 279, 20, 14, 54, 2, 220, 17]"
119899,"[13, 121, 97, 0, 55, 60, 279, 5, 261, 146]"
119900,"[82, 84, 60, 90, 19, 49, 105, 146, 15, 18]"
119901,"[5, 19, 261, 279, 138, 60, 7, 223, 12, 175]"
119902,"[189, 5, 19, 130, 151, 92, 26, 17, 1, 147]"
119903,"[4, 19, 5, 29, 49, 142, 24, 17, 51, 175]"
119904,"[51, 9, 28, 10, 24, 147, 92, 19, 32, 261]"
119905,"[14, 20, 261, 238, 5, 1, 72, 23, 19, 54]"
119906,"[146, 5, 19, 55, 82, 13, 3, 189, 36, 138]"
119907,"[19, 220, 43, 5, 261, 55, 36, 6, 7, 103]"
119908,"[279, 32, 261, 43, 54, 103, 9, 124, 187, 13]"
119909,"[21, 187, 19, 3, 30, 14, 5, 24, 49, 149]"
119910,"[220, 43, 103, 19, 9, 261, 32, 279, 5, 20]"
119911,"[2, 5, 92, 71, 261, 49, 66, 48, 6, 175]"
119912,"[24, 4, 60, 19, 36, 5, 51, 28, 9, 92]"
119913,"[34, 261, 5, 279, 55, 72, 32, 42, 58, 54]"
119914,"[41, 97, 19, 0, 10, 121, 60, 55, 279, 5]"
119915,"[60, 82, 105, 151, 91, 157, 19, 0, 77, 5]"
119916,"[14, 261, 23, 32, 1, 54, 5, 19, 279, 43]"
119917,"[146, 19, 5, 55, 60, 82, 3, 91, 13, 138]"
119918,"[261, 279, 43, 2, 23, 121, 7, 138, 54, 60]"
119919,"[60, 55, 19, 151, 105, 5, 130, 77, 261, 71]"
119920,"[60, 122, 12, 97, 19, 121, 147, 51, 5, 26]"
119921,"[25, 151, 36, 77, 60, 157, 55, 19, 49, 6]"
119922,"[76, 19, 73, 5, 36, 238, 130, 72, 12, 261]"
119923,"[175, 6, 10, 41, 48, 7, 66, 30, 124, 19]"
119924,"[138, 19, 36, 7, 92, 5, 189, 6, 21, 55]"
119925,"[32, 261, 5, 103, 220, 19, 238, 2, 42, 279]"
119926,"[71, 92, 30, 7, 238, 175, 20, 2, 261, 48]"
119927,"[130, 19, 151, 17, 5, 12, 60, 91, 223, 72]"
119928,"[28, 10, 24, 9, 92, 147, 51, 133, 19, 29]"
119929,"[5, 36, 3, 19, 138, 42, 55, 189, 149, 1]"
119930,"[24, 28, 119, 147, 51, 130, 5, 19, 122, 36]"
119931,"[175, 9, 38, 77, 7, 30, 19, 5, 25, 34]"
119932,"[146, 19, 82, 55, 3, 36, 13, 5, 60, 6]"
119933,"[76, 55, 261, 36, 32, 71, 138, 2, 54, 60]"
119934,"[2, 261, 32, 19, 220, 103, 54, 92, 71, 5]"
119935,"[34, 10, 26, 5, 19, 60, 122, 55, 9, 130]"
119936,"[1, 64, 23, 54, 261, 138, 66, 19, 5, 77]"
119937,"[1, 64, 54, 19, 23, 261, 55, 279, 92, 5]"
119938,"[146, 19, 6, 13, 82, 138, 5, 0, 7, 55]"
119939,"[279, 5, 23, 261, 44, 32, 19, 1, 157, 76]"
119940,"[44, 261, 7, 19, 32, 48, 6, 175, 279, 2]"
119941,"[66, 175, 30, 20, 27, 149, 73, 92, 238, 45]"
119942,"[7, 48, 19, 6, 5, 30, 138, 223, 238, 189]"
119943,"[91, 60, 19, 18, 130, 55, 71, 82, 17, 90]"
119944,"[45, 66, 149, 261, 27, 55, 19, 58, 5, 36]"
119945,"[122, 26, 5, 34, 146, 19, 77, 130, 6, 7]"
119946,"[92, 6, 49, 7, 48, 10, 133, 77, 66, 175]"
119947,"[124, 149, 66, 138, 3, 42, 45, 48, 36, 30]"
119948,"[30, 175, 19, 3, 7, 6, 5, 48, 92, 38]"
119949,"[220, 43, 5, 19, 36, 103, 55, 3, 279, 138]"
119950,"[121, 97, 5, 13, 0, 223, 238, 76, 19, 26]"
119951,"[279, 261, 32, 5, 103, 19, 54, 23, 220, 43]"
119952,"[7, 19, 175, 42, 279, 223, 138, 5, 261, 58]"
119953,"[10, 157, 72, 76, 71, 18, 55, 41, 97, 5]"
119954,"[41, 220, 19, 6, 138, 55, 36, 10, 58, 49]"
119955,"[133, 92, 175, 49, 9, 44, 130, 147, 6, 77]"
119956,"[103, 261, 2, 32, 71, 9, 19, 54, 220, 7]"
119957,"[13, 121, 97, 0, 5, 146, 55, 261, 23, 60]"
119958,"[30, 92, 71, 5, 7, 20, 48, 175, 238, 261]"
119959,"[7, 48, 6, 44, 175, 261, 55, 2, 43, 49]"
119960,"[71, 19, 238, 73, 7, 5, 77, 17, 9, 38]"
119961,"[3, 19, 36, 73, 42, 5, 6, 29, 146, 17]"
119962,"[1, 23, 55, 28, 19, 138, 5, 10, 49, 261]"
119963,"[29, 36, 19, 3, 5, 223, 17, 24, 138, 82]"
119964,"[76, 36, 3, 5, 32, 261, 149, 138, 19, 42]"
119965,"[175, 7, 19, 5, 55, 48, 6, 223, 261, 54]"
119966,"[12, 71, 60, 261, 19, 279, 5, 32, 43, 54]"
119967,"[122, 34, 26, 5, 72, 19, 146, 130, 238, 91]"
119968,"[149, 66, 124, 30, 45, 5, 9, 175, 238, 279]"
119969,"[23, 1, 261, 32, 64, 54, 20, 279, 19, 5]"
119970,"[220, 43, 19, 103, 54, 261, 6, 138, 279, 5]"
119971,"[112, 279, 23, 238, 66, 92, 10, 133, 175, 157]"
119972,"[64, 279, 261, 23, 146, 1, 20, 32, 72, 2]"
119973,"[32, 261, 279, 44, 103, 23, 7, 14, 20, 19]"
119974,"[20, 175, 5, 2, 66, 73, 19, 103, 7, 149]"
119975,"[130, 92, 19, 112, 223, 44, 7, 142, 238, 6]"
119976,"[220, 261, 43, 103, 19, 20, 238, 1, 32, 66]"
119977,"[7, 6, 44, 48, 175, 19, 30, 49, 38, 92]"
119978,"[55, 19, 9, 261, 51, 54, 32, 10, 5, 60]"
119979,"[119, 5, 147, 28, 97, 10, 55, 51, 138, 71]"
119980,"[10, 5, 279, 34, 19, 51, 55, 261, 72, 121]"
119981,"[92, 133, 49, 112, 44, 6, 77, 2, 66, 7]"
119982,"[146, 13, 5, 189, 19, 122, 66, 23, 73, 6]"
119983,"[261, 32, 23, 20, 14, 54, 279, 2, 103, 64]"
119984,"[5, 19, 261, 20, 7, 84, 220, 9, 138, 54]"
119985,"[92, 77, 48, 6, 7, 149, 66, 10, 133, 9]"
119986,"[45, 66, 261, 149, 27, 138, 71, 2, 19, 238]"
119987,"[97, 0, 18, 121, 41, 60, 90, 105, 138, 23]"
119988,"[103, 261, 32, 7, 3, 19, 2, 223, 220, 42]"
119989,"[30, 19, 5, 3, 223, 261, 17, 142, 36, 20]"
119990,"[138, 19, 92, 36, 6, 55, 1, 7, 189, 82]"
119991,"[105, 49, 10, 60, 19, 5, 82, 92, 1, 26]"
119992,"[43, 220, 5, 261, 55, 19, 103, 279, 9, 54]"
119993,"[103, 19, 261, 279, 36, 54, 7, 3, 175, 138]"
119994,"[92, 133, 6, 175, 151, 49, 19, 66, 77, 238]"
119995,"[7, 48, 6, 261, 44, 175, 14, 19, 30, 43]"
119996,"[72, 7, 2, 261, 14, 66, 6, 5, 19, 23]"
119997,"[19, 7, 17, 3, 279, 36, 138, 103, 175, 1]"
119998,"[51, 10, 34, 71, 55, 41, 2, 261, 26, 5]"
119999,"[45, 261, 279, 32, 66, 54, 55, 71, 60, 27]"
120000,"[6, 7, 44, 175, 30, 92, 157, 19, 48, 49]"
120001,"[5, 19, 29, 36, 3, 223, 92, 73, 42, 24]"
120002,"[19, 5, 17, 130, 3, 73, 34, 36, 9, 175]"
120003,"[72, 34, 10, 43, 19, 5, 36, 73, 26, 189]"
120004,"[72, 7, 2, 261, 19, 6, 32, 5, 10, 71]"
120005,"[38, 71, 175, 66, 30, 77, 10, 25, 19, 49]"
120006,"[157, 10, 51, 19, 21, 41, 138, 6, 175, 77]"
120007,"[51, 10, 34, 5, 36, 19, 55, 28, 122, 92]"
120008,"[77, 151, 157, 49, 25, 6, 105, 7, 48, 60]"
120009,"[77, 19, 5, 76, 60, 34, 26, 130, 122, 97]"
120010,"[279, 32, 19, 5, 261, 124, 103, 54, 43, 220]"
120011,"[147, 71, 66, 21, 19, 5, 41, 2, 10, 175]"
120012,"[261, 32, 5, 103, 279, 54, 223, 45, 42, 76]"
120013,"[27, 66, 45, 149, 92, 71, 261, 124, 20, 238]"
120014,"[13, 146, 19, 34, 17, 5, 60, 55, 279, 82]"
120015,"[5, 19, 49, 261, 51, 77, 223, 26, 34, 105]"
120016,"[14, 5, 20, 19, 261, 279, 238, 23, 32, 43]"
120017,"[189, 19, 5, 138, 43, 279, 23, 7, 72, 146]"
120018,"[42, 36, 23, 138, 5, 1, 92, 149, 19, 55]"
120019,"[220, 43, 261, 103, 32, 238, 19, 1, 2, 9]"
120020,"[19, 261, 5, 60, 51, 71, 2, 6, 10, 9]"
120021,"[142, 27, 21, 261, 13, 66, 279, 6, 51, 55]"
120022,"[58, 12, 5, 19, 36, 223, 73, 3, 146, 7]"
120023,"[17, 19, 73, 7, 23, 3, 261, 5, 72, 4]"
120024,"[1, 54, 23, 64, 261, 279, 32, 20, 220, 138]"
120025,"[105, 49, 84, 77, 36, 157, 92, 5, 19, 60]"
120026,"[72, 36, 34, 19, 10, 21, 5, 189, 43, 18]"
120027,"[92, 6, 7, 66, 77, 48, 19, 149, 36, 30]"
120028,"[119, 147, 28, 24, 60, 5, 55, 122, 138, 19]"
120029,"[122, 34, 26, 72, 5, 261, 130, 10, 19, 30]"
120030,"[4, 5, 19, 24, 29, 17, 12, 73, 7, 51]"
120031,"[220, 261, 43, 32, 23, 19, 20, 9, 238, 1]"
120032,"[13, 5, 19, 146, 7, 73, 6, 223, 121, 17]"
120033,"[122, 26, 5, 34, 77, 19, 20, 261, 72, 121]"
120034,"[147, 19, 5, 71, 66, 10, 2, 105, 261, 238]"
120035,"[84, 60, 82, 90, 19, 0, 91, 13, 105, 223]"
120036,"[60, 5, 105, 19, 55, 97, 261, 18, 0, 23]"
120037,"[42, 23, 36, 157, 1, 5, 138, 92, 54, 76]"
120038,"[38, 19, 77, 30, 71, 175, 66, 5, 6, 25]"
120039,"[142, 19, 261, 5, 175, 14, 23, 77, 32, 49]"
120040,"[10, 73, 19, 6, 5, 55, 71, 51, 261, 175]"
120041,"[19, 5, 51, 9, 73, 34, 10, 223, 279, 261]"
120042,"[146, 19, 175, 10, 26, 9, 157, 5, 6, 151]"
120043,"[82, 84, 90, 60, 105, 19, 15, 18, 49, 223]"
120044,"[149, 175, 279, 3, 5, 9, 124, 19, 30, 66]"
120045,"[26, 60, 97, 19, 5, 121, 36, 77, 238, 220]"
120046,"[82, 84, 60, 19, 90, 105, 49, 146, 15, 0]"
120047,"[28, 24, 51, 10, 19, 9, 92, 36, 55, 29]"
120048,"[175, 36, 9, 19, 38, 6, 49, 77, 92, 30]"
120049,"[20, 261, 32, 5, 103, 220, 238, 19, 2, 149]"
120050,"[7, 48, 6, 44, 279, 175, 34, 19, 138, 3]"
120051,"[19, 5, 6, 66, 138, 261, 51, 2, 10, 175]"
120052,"[82, 19, 5, 238, 36, 21, 3, 9, 189, 28]"
120053,"[147, 5, 19, 238, 71, 122, 261, 66, 60, 223]"
120054,"[45, 66, 38, 149, 27, 71, 30, 77, 21, 124]"
120055,"[91, 55, 19, 92, 30, 10, 66, 90, 15, 175]"
120056,"[121, 19, 5, 175, 97, 133, 157, 76, 34, 12]"
120057,"[3, 29, 36, 19, 17, 82, 7, 138, 189, 146]"
120058,"[5, 4, 19, 2, 189, 24, 7, 261, 223, 12]"
120059,"[142, 30, 175, 66, 19, 149, 2, 38, 77, 261]"
120060,"[1, 55, 23, 10, 92, 77, 261, 28, 238, 36]"
120061,"[157, 5, 23, 42, 19, 7, 261, 73, 1, 72]"
120062,"[151, 175, 77, 9, 7, 10, 220, 26, 25, 49]"
120063,"[138, 19, 92, 36, 21, 55, 5, 279, 14, 7]"
120064,"[279, 32, 43, 103, 54, 261, 14, 175, 23, 19]"
120065,"[19, 5, 36, 73, 12, 238, 6, 17, 146, 58]"
120066,"[122, 147, 28, 26, 51, 34, 24, 5, 60, 19]"
120067,"[26, 34, 5, 28, 122, 10, 72, 151, 71, 238]"
120068,"[5, 19, 2, 10, 43, 279, 261, 71, 187, 238]"
120069,"[261, 20, 32, 64, 23, 103, 279, 54, 2, 14]"
120070,"[130, 151, 19, 60, 10, 147, 5, 92, 51, 12]"
120071,"[24, 28, 119, 5, 147, 51, 130, 19, 122, 29]"
120072,"[1, 23, 32, 5, 55, 54, 279, 261, 19, 138]"
120073,"[64, 146, 3, 1, 261, 5, 23, 20, 73, 19]"
120074,"[119, 147, 28, 5, 24, 26, 29, 97, 138, 122]"
120075,"[82, 19, 60, 5, 279, 84, 32, 17, 105, 72]"
120076,"[6, 7, 44, 48, 25, 261, 175, 49, 157, 30]"
120077,"[34, 10, 26, 122, 9, 130, 19, 5, 60, 32]"
120078,"[73, 5, 17, 19, 72, 261, 10, 146, 3, 142]"
120079,"[54, 279, 261, 23, 1, 5, 220, 2, 32, 19]"
120080,"[84, 60, 82, 19, 90, 55, 105, 0, 92, 223]"
120081,"[73, 10, 17, 19, 3, 5, 66, 6, 41, 189]"
120082,"[51, 261, 55, 279, 10, 19, 9, 2, 5, 60]"
120083,"[3, 36, 19, 6, 5, 73, 138, 42, 2, 223]"
120084,"[64, 261, 32, 20, 23, 5, 1, 14, 43, 54]"
120085,"[189, 19, 175, 5, 223, 146, 138, 82, 55, 3]"
120086,"[112, 5, 157, 279, 23, 19, 261, 7, 146, 29]"
120087,"[20, 2, 175, 66, 54, 103, 261, 149, 71, 14]"
120088,"[55, 5, 25, 60, 49, 36, 17, 19, 3, 97]"
120089,"[142, 23, 175, 279, 19, 24, 261, 32, 3, 54]"
120090,"[187, 142, 34, 21, 2, 43, 103, 279, 55, 261]"
120091,"[71, 30, 7, 175, 48, 261, 20, 92, 5, 238]"
120092,"[44, 6, 7, 48, 92, 77, 279, 25, 261, 19]"
120093,"[55, 279, 103, 261, 43, 54, 58, 19, 41, 2]"
120094,"[175, 7, 6, 48, 30, 19, 38, 66, 10, 261]"
120095,"[60, 105, 18, 90, 5, 0, 82, 19, 77, 157]"
120096,"[4, 36, 19, 24, 5, 29, 28, 60, 72, 32]"
120097,"[72, 157, 5, 76, 91, 71, 261, 10, 18, 26]"
120098,"[36, 12, 76, 220, 3, 77, 19, 42, 103, 189]"
120099,"[105, 92, 77, 5, 82, 10, 19, 133, 49, 90]"
120100,"[64, 1, 261, 23, 54, 2, 32, 103, 20, 138]"
120101,"[64, 261, 23, 20, 1, 66, 54, 103, 2, 14]"
120102,"[19, 60, 82, 5, 84, 91, 130, 105, 223, 17]"
120103,"[77, 49, 175, 2, 71, 26, 6, 5, 19, 92]"
120104,"[103, 261, 19, 32, 7, 5, 54, 20, 9, 279]"
120105,"[103, 238, 5, 220, 175, 19, 43, 32, 14, 189]"
120106,"[21, 187, 73, 5, 3, 138, 142, 189, 19, 30]"
120107,"[58, 19, 5, 29, 36, 223, 12, 189, 3, 261]"
120108,"[175, 9, 19, 6, 77, 36, 30, 71, 38, 7]"
120109,"[1, 54, 23, 20, 64, 14, 72, 138, 90, 32]"
120110,"[2, 71, 175, 5, 261, 6, 49, 92, 147, 32]"
120111,"[5, 19, 76, 12, 73, 238, 121, 17, 36, 130]"
120112,"[41, 19, 5, 97, 60, 55, 0, 261, 6, 71]"
120113,"[25, 6, 42, 55, 3, 36, 49, 157, 77, 138]"
120114,"[103, 261, 32, 220, 2, 23, 7, 19, 54, 9]"
120115,"[5, 261, 10, 19, 279, 2, 20, 71, 60, 32]"
120116,"[48, 7, 19, 6, 175, 9, 5, 30, 77, 279]"
120117,"[20, 54, 1, 23, 261, 279, 14, 32, 19, 7]"
120118,"[175, 19, 6, 7, 92, 66, 48, 38, 30, 149]"
120119,"[29, 19, 3, 138, 17, 36, 82, 189, 5, 4]"
120120,"[54, 1, 261, 23, 14, 238, 279, 20, 32, 5]"
120121,"[21, 5, 19, 187, 238, 72, 223, 60, 32, 20]"
120122,"[13, 60, 55, 19, 261, 146, 54, 5, 138, 7]"
120123,"[17, 73, 19, 146, 5, 7, 130, 151, 82, 36]"
120124,"[187, 19, 142, 5, 21, 34, 103, 55, 10, 30]"
120125,"[21, 187, 14, 3, 19, 24, 82, 261, 32, 5]"
120126,"[76, 34, 77, 60, 19, 26, 5, 122, 130, 10]"
120127,"[119, 5, 147, 28, 24, 10, 1, 97, 26, 138]"
120128,"[51, 10, 34, 28, 122, 5, 26, 24, 147, 92]"
120129,"[147, 28, 119, 24, 122, 130, 5, 26, 34, 60]"
120130,"[32, 279, 261, 17, 103, 54, 34, 5, 20, 14]"
120131,"[3, 36, 29, 19, 5, 42, 7, 17, 146, 220]"
120132,"[220, 19, 5, 261, 2, 32, 36, 66, 29, 6]"
120133,"[3, 73, 19, 17, 175, 6, 5, 146, 261, 9]"
120134,"[12, 5, 19, 17, 130, 238, 71, 73, 92, 60]"
120135,"[5, 112, 279, 19, 32, 261, 157, 9, 6, 7]"
120136,"[45, 66, 149, 27, 189, 5, 12, 261, 223, 21]"
120137,"[32, 261, 279, 42, 5, 2, 54, 17, 60, 103]"
120138,"[122, 34, 26, 5, 72, 130, 146, 19, 279, 10]"
120139,"[189, 5, 19, 72, 279, 43, 138, 7, 223, 146]"
120140,"[71, 19, 73, 5, 238, 261, 17, 9, 7, 6]"
120141,"[45, 66, 149, 36, 77, 19, 261, 30, 124, 27]"
120142,"[122, 147, 28, 26, 34, 51, 5, 24, 32, 71]"
120143,"[12, 5, 19, 71, 261, 130, 17, 73, 51, 32]"
120144,"[187, 21, 5, 19, 103, 14, 279, 261, 28, 32]"
120145,"[121, 97, 5, 0, 261, 71, 223, 13, 76, 220]"
120146,"[142, 21, 73, 27, 238, 66, 19, 7, 5, 72]"
120147,"[55, 5, 25, 60, 138, 19, 189, 77, 34, 17]"
120148,"[64, 261, 23, 20, 32, 2, 71, 1, 220, 14]"
120149,"[3, 19, 30, 17, 175, 149, 66, 14, 6, 21]"
120150,"[2, 261, 32, 19, 103, 5, 220, 73, 92, 36]"
120151,"[66, 175, 149, 6, 30, 5, 146, 19, 7, 92]"
120152,"[112, 5, 92, 19, 6, 29, 9, 223, 73, 30]"
120153,"[7, 6, 44, 48, 175, 19, 30, 49, 14, 10]"
120154,"[157, 76, 261, 19, 73, 23, 55, 60, 5, 279]"
120155,"[26, 60, 97, 49, 121, 77, 6, 10, 41, 71]"
120156,"[151, 77, 7, 9, 38, 36, 175, 121, 43, 157]"
120157,"[29, 24, 36, 9, 3, 19, 5, 4, 17, 238]"
120158,"[130, 19, 151, 17, 60, 5, 12, 72, 91, 10]"
120159,"[72, 23, 1, 5, 19, 157, 10, 76, 189, 279]"
120160,"[2, 5, 175, 92, 147, 7, 71, 66, 261, 122]"
120161,"[122, 147, 28, 26, 32, 34, 24, 60, 51, 71]"
120162,"[42, 23, 138, 3, 36, 189, 261, 220, 32, 55]"
120163,"[90, 19, 18, 5, 60, 91, 10, 20, 1, 72]"
120164,"[29, 36, 138, 3, 17, 6, 223, 19, 220, 9]"
120165,"[82, 21, 19, 138, 36, 66, 5, 238, 189, 6]"
120166,"[82, 5, 36, 189, 3, 19, 138, 21, 28, 29]"
120167,"[82, 84, 60, 90, 105, 19, 49, 15, 146, 18]"
120168,"[175, 19, 7, 6, 30, 48, 5, 3, 91, 92]"
120169,"[1, 23, 64, 54, 261, 20, 72, 220, 279, 238]"
120170,"[261, 32, 5, 19, 2, 66, 55, 103, 279, 54]"
120171,"[5, 36, 138, 3, 19, 55, 189, 42, 149, 77]"
120172,"[187, 5, 34, 142, 261, 32, 19, 103, 2, 43]"
120173,"[34, 5, 261, 279, 72, 32, 55, 9, 238, 42]"
120174,"[60, 151, 130, 105, 77, 5, 19, 157, 223, 25]"
120175,"[32, 261, 103, 279, 220, 2, 54, 42, 5, 55]"
120176,"[73, 5, 17, 19, 223, 146, 130, 72, 3, 10]"
120177,"[223, 19, 5, 92, 130, 189, 82, 121, 36, 238]"
120178,"[90, 18, 0, 19, 72, 5, 91, 60, 238, 73]"
120179,"[220, 19, 36, 261, 6, 5, 1, 138, 103, 9]"
120180,"[238, 32, 7, 261, 19, 5, 20, 14, 91, 54]"
120181,"[130, 5, 26, 10, 28, 34, 19, 122, 73, 151]"
120182,"[66, 45, 38, 71, 261, 27, 149, 76, 19, 30]"
120183,"[130, 92, 175, 19, 6, 7, 223, 112, 151, 17]"
120184,"[71, 7, 261, 55, 21, 238, 60, 279, 43, 9]"
120185,"[12, 19, 5, 17, 71, 130, 60, 238, 73, 223]"
120186,"[77, 92, 7, 6, 175, 151, 48, 49, 19, 10]"
120187,"[36, 55, 138, 3, 149, 19, 42, 92, 29, 7]"
120188,"[23, 279, 10, 175, 238, 5, 1, 261, 32, 92]"
120189,"[175, 30, 38, 19, 9, 6, 36, 5, 7, 92]"
120190,"[19, 261, 2, 6, 71, 5, 66, 60, 138, 55]"
120191,"[5, 4, 279, 9, 261, 19, 43, 23, 60, 220]"
120192,"[130, 60, 17, 19, 151, 73, 5, 223, 220, 105]"
120193,"[238, 5, 19, 72, 92, 220, 66, 223, 20, 130]"
120194,"[7, 77, 92, 175, 133, 48, 49, 6, 44, 9]"
120195,"[21, 20, 5, 261, 19, 238, 103, 187, 32, 72]"
120196,"[5, 19, 261, 51, 238, 9, 73, 6, 142, 60]"
120197,"[175, 9, 6, 10, 19, 71, 66, 92, 5, 77]"
120198,"[9, 175, 19, 279, 51, 92, 10, 6, 43, 49]"
120199,"[72, 34, 36, 10, 19, 5, 21, 43, 189, 238]"
120200,"[10, 41, 5, 261, 19, 71, 51, 60, 9, 175]"
120201,"[14, 23, 261, 32, 1, 54, 279, 20, 43, 7]"
120202,"[133, 92, 175, 49, 130, 147, 44, 9, 6, 28]"
120203,"[130, 5, 26, 34, 28, 19, 10, 122, 151, 73]"
120204,"[10, 66, 92, 41, 175, 112, 6, 124, 2, 133]"
120205,"[1, 64, 23, 54, 261, 20, 19, 32, 279, 66]"
120206,"[175, 9, 71, 10, 6, 55, 49, 28, 19, 124]"
120207,"[51, 10, 36, 5, 19, 34, 28, 92, 24, 149]"
120208,"[187, 5, 3, 21, 19, 279, 14, 1, 103, 17]"
120209,"[49, 105, 60, 77, 25, 5, 84, 55, 82, 19]"
120210,"[77, 92, 6, 7, 175, 5, 19, 9, 49, 10]"
120211,"[90, 18, 0, 20, 72, 279, 238, 60, 19, 91]"
120212,"[5, 19, 36, 130, 261, 279, 112, 92, 60, 2]"
120213,"[5, 19, 36, 223, 3, 73, 29, 17, 51, 130]"
120214,"[20, 103, 2, 261, 54, 5, 238, 43, 34, 279]"
120215,"[45, 66, 19, 27, 261, 149, 91, 71, 175, 3]"
120216,"[73, 19, 5, 130, 189, 72, 138, 142, 151, 175]"
120217,"[103, 238, 19, 6, 36, 5, 92, 138, 20, 30]"
120218,"[30, 71, 175, 7, 66, 2, 261, 92, 9, 6]"
120219,"[91, 15, 55, 10, 90, 18, 19, 92, 30, 157]"
120220,"[21, 187, 2, 19, 5, 261, 142, 72, 138, 55]"
120221,"[7, 6, 19, 175, 48, 30, 77, 223, 55, 92]"
120222,"[151, 7, 77, 9, 38, 175, 43, 48, 36, 157]"
120223,"[220, 261, 2, 19, 5, 32, 43, 54, 279, 7]"
120224,"[1, 5, 32, 23, 261, 54, 279, 20, 19, 14]"
120225,"[76, 19, 261, 51, 55, 60, 71, 32, 36, 5]"
120226,"[146, 55, 60, 138, 19, 13, 82, 5, 189, 0]"
120227,"[30, 71, 175, 6, 7, 92, 66, 21, 48, 19]"
120228,"[17, 73, 146, 19, 82, 7, 12, 60, 130, 5]"
120229,"[112, 5, 279, 27, 261, 9, 34, 2, 66, 71]"
120230,"[97, 18, 0, 90, 105, 60, 138, 121, 71, 41]"
120231,"[54, 23, 279, 261, 2, 1, 220, 9, 32, 42]"
120232,"[66, 45, 71, 27, 38, 261, 238, 149, 77, 21]"
120233,"[18, 0, 72, 5, 19, 60, 90, 15, 91, 97]"
120234,"[20, 5, 238, 36, 261, 19, 220, 73, 149, 17]"
120235,"[220, 43, 261, 238, 2, 54, 9, 66, 55, 103]"
120236,"[90, 18, 0, 20, 72, 19, 60, 1, 279, 23]"
120237,"[175, 9, 6, 19, 10, 5, 92, 71, 49, 34]"
120238,"[29, 19, 3, 36, 17, 5, 92, 138, 189, 21]"
120239,"[220, 43, 261, 279, 32, 103, 2, 19, 5, 9]"
120240,"[55, 60, 146, 19, 261, 10, 13, 7, 17, 5]"
120241,"[187, 142, 5, 34, 261, 21, 19, 2, 10, 55]"
120242,"[66, 20, 30, 2, 27, 261, 21, 175, 5, 142]"
120243,"[19, 5, 73, 261, 58, 72, 138, 54, 238, 66]"
120244,"[66, 149, 45, 261, 124, 238, 2, 92, 32, 3]"
120245,"[238, 5, 73, 19, 92, 36, 38, 54, 20, 28]"
120246,"[112, 6, 5, 92, 157, 10, 71, 19, 279, 77]"
120247,"[14, 261, 23, 32, 1, 20, 279, 54, 72, 43]"
120248,"[60, 36, 19, 77, 151, 121, 55, 5, 138, 25]"
120249,"[24, 36, 28, 4, 49, 105, 19, 51, 60, 29]"
120250,"[51, 24, 19, 28, 60, 5, 122, 36, 147, 55]"
120251,"[21, 187, 20, 103, 27, 66, 64, 261, 5, 32]"
120252,"[45, 261, 5, 19, 66, 32, 20, 146, 27, 279]"
120253,"[29, 36, 24, 3, 19, 5, 9, 17, 92, 238]"
120254,"[43, 55, 220, 19, 5, 261, 279, 60, 7, 138]"
120255,"[71, 30, 19, 77, 66, 175, 55, 45, 60, 38]"
120256,"[15, 82, 84, 19, 91, 18, 60, 0, 105, 146]"
120257,"[142, 27, 21, 66, 6, 13, 30, 261, 279, 124]"
120258,"[138, 36, 92, 19, 7, 189, 10, 43, 6, 103]"
120259,"[175, 6, 49, 19, 7, 92, 3, 48, 38, 133]"
120260,"[54, 23, 261, 1, 5, 14, 32, 20, 279, 72]"
120261,"[17, 32, 261, 23, 279, 5, 19, 42, 60, 73]"
120262,"[20, 261, 5, 34, 238, 2, 103, 32, 54, 19]"
120263,"[157, 19, 261, 73, 5, 51, 76, 91, 175, 10]"
120264,"[146, 19, 5, 13, 82, 6, 55, 7, 223, 0]"
120265,"[133, 92, 5, 238, 66, 2, 175, 26, 19, 71]"
120266,"[112, 157, 5, 279, 19, 23, 60, 261, 92, 32]"
120267,"[220, 261, 2, 19, 5, 43, 71, 92, 32, 36]"
120268,"[66, 175, 30, 38, 103, 149, 14, 77, 92, 48]"
120269,"[48, 7, 6, 175, 58, 19, 55, 9, 2, 223]"
120270,"[124, 149, 66, 92, 36, 138, 6, 261, 2, 30]"
120271,"[103, 238, 261, 220, 279, 5, 6, 32, 19, 42]"
120272,"[44, 6, 7, 279, 92, 48, 157, 25, 175, 77]"
120273,"[72, 23, 19, 10, 54, 1, 27, 157, 77, 5]"
120274,"[84, 60, 82, 19, 90, 0, 13, 55, 105, 54]"
120275,"[49, 48, 105, 6, 77, 25, 7, 92, 44, 133]"
120276,"[121, 97, 0, 223, 21, 71, 13, 26, 5, 55]"
120277,"[24, 19, 5, 73, 51, 10, 28, 36, 17, 147]"
120278,"[189, 5, 19, 279, 142, 72, 261, 138, 4, 130]"
120279,"[103, 6, 238, 138, 19, 220, 5, 279, 42, 66]"
120280,"[73, 19, 17, 5, 10, 6, 130, 51, 261, 72]"
120281,"[151, 19, 5, 60, 55, 51, 77, 130, 146, 261]"
120282,"[189, 5, 223, 19, 7, 17, 175, 130, 26, 138]"
120283,"[51, 261, 9, 279, 10, 55, 34, 73, 19, 5]"
120284,"[71, 19, 279, 9, 238, 5, 73, 261, 54, 7]"
120285,"[21, 187, 14, 238, 19, 92, 27, 66, 82, 30]"
120286,"[42, 23, 138, 189, 3, 32, 36, 220, 55, 261]"
120287,"[0, 97, 71, 13, 76, 121, 38, 60, 41, 34]"
120288,"[1, 54, 20, 23, 14, 5, 279, 19, 32, 261]"
120289,"[45, 66, 38, 27, 149, 71, 30, 124, 77, 3]"
120290,"[157, 25, 151, 6, 60, 77, 105, 49, 19, 130]"
120291,"[187, 21, 43, 261, 5, 279, 14, 19, 55, 9]"
120292,"[20, 1, 54, 279, 14, 23, 5, 261, 32, 64]"
120293,"[147, 28, 122, 5, 26, 130, 24, 71, 49, 51]"
120294,"[66, 149, 45, 261, 124, 23, 2, 32, 3, 14]"
120295,"[51, 10, 9, 21, 279, 19, 261, 60, 92, 73]"
120296,"[43, 220, 55, 103, 279, 138, 58, 42, 261, 5]"
120297,"[60, 5, 42, 157, 25, 84, 19, 23, 97, 76]"
120298,"[20, 175, 19, 103, 5, 2, 54, 261, 1, 66]"
120299,"[97, 60, 19, 55, 0, 13, 5, 121, 6, 18]"
120300,"[10, 5, 19, 51, 130, 77, 1, 92, 121, 122]"
120301,"[220, 43, 103, 19, 9, 138, 64, 6, 261, 279]"
120302,"[64, 261, 20, 2, 220, 23, 103, 32, 1, 14]"
120303,"[44, 7, 175, 48, 6, 38, 30, 92, 133, 261]"
120304,"[42, 138, 189, 3, 36, 23, 220, 29, 149, 55]"
120305,"[51, 19, 24, 28, 36, 60, 5, 10, 49, 147]"
120306,"[151, 19, 5, 130, 157, 146, 17, 60, 55, 73]"
120307,"[55, 3, 5, 42, 138, 1, 121, 189, 97, 36]"
120308,"[5, 4, 19, 261, 23, 60, 2, 28, 49, 279]"
120309,"[220, 43, 261, 19, 54, 9, 103, 6, 238, 279]"
120310,"[25, 6, 55, 36, 77, 49, 92, 157, 60, 42]"
120311,"[72, 34, 10, 43, 5, 19, 18, 26, 189, 36]"
120312,"[10, 73, 19, 6, 55, 5, 71, 261, 51, 7]"
120313,"[18, 279, 60, 90, 0, 71, 43, 19, 66, 91]"
120314,"[17, 73, 19, 5, 146, 60, 55, 7, 130, 82]"
120315,"[146, 5, 6, 19, 122, 13, 26, 130, 73, 55]"
120316,"[77, 34, 26, 5, 76, 19, 60, 13, 122, 10]"
120317,"[21, 187, 14, 19, 261, 27, 32, 5, 66, 82]"
120318,"[138, 189, 42, 3, 175, 55, 23, 41, 43, 7]"
120319,"[55, 138, 1, 121, 10, 5, 189, 92, 2, 42]"
120320,"[124, 149, 66, 71, 92, 55, 2, 6, 138, 45]"
120321,"[30, 92, 71, 7, 175, 48, 5, 19, 238, 20]"
120322,"[122, 147, 28, 26, 51, 34, 5, 24, 19, 49]"
120323,"[1, 54, 23, 261, 14, 32, 20, 19, 279, 238]"
120324,"[103, 279, 261, 32, 43, 54, 2, 220, 23, 19]"
120325,"[45, 261, 32, 54, 5, 66, 279, 27, 60, 19]"
120326,"[66, 261, 5, 20, 30, 175, 19, 21, 2, 73]"
120327,"[261, 32, 23, 19, 5, 14, 279, 220, 73, 238]"
120328,"[223, 5, 12, 17, 49, 29, 19, 138, 92, 64]"
120329,"[72, 34, 5, 10, 26, 189, 43, 21, 36, 17]"
120330,"[42, 23, 1, 138, 54, 189, 55, 157, 76, 36]"
120331,"[5, 279, 19, 261, 32, 44, 130, 1, 157, 23]"
120332,"[60, 19, 55, 36, 5, 151, 121, 77, 138, 175]"
120333,"[77, 151, 157, 49, 25, 105, 60, 38, 6, 92]"
120334,"[19, 5, 36, 17, 130, 10, 9, 73, 51, 3]"
120335,"[5, 10, 261, 2, 34, 279, 19, 51, 238, 71]"
120336,"[10, 73, 19, 5, 157, 55, 6, 7, 72, 51]"
120337,"[27, 66, 45, 261, 149, 20, 5, 71, 92, 32]"
120338,"[24, 4, 28, 60, 19, 23, 49, 36, 9, 5]"
120339,"[146, 55, 5, 19, 60, 13, 82, 261, 3, 34]"
120340,"[77, 92, 7, 133, 10, 48, 49, 175, 105, 157]"
120341,"[175, 7, 6, 48, 30, 19, 66, 142, 71, 10]"
120342,"[18, 72, 5, 0, 90, 60, 97, 82, 19, 10]"
120343,"[71, 2, 5, 261, 54, 55, 19, 51, 10, 6]"
120344,"[14, 261, 54, 23, 43, 1, 20, 279, 2, 72]"
120345,"[151, 19, 5, 130, 157, 146, 60, 49, 77, 17]"
120346,"[64, 1, 23, 261, 54, 32, 90, 2, 5, 279]"
120347,"[122, 147, 28, 26, 51, 34, 5, 24, 32, 71]"
120348,"[27, 66, 45, 124, 71, 149, 92, 14, 261, 77]"
120349,"[238, 279, 23, 112, 187, 92, 261, 66, 175, 32]"
120350,"[36, 19, 5, 151, 60, 77, 121, 238, 1, 92]"
120351,"[60, 130, 151, 19, 5, 105, 73, 17, 77, 55]"
120352,"[187, 142, 2, 19, 32, 5, 3, 261, 175, 55]"
120353,"[5, 36, 19, 3, 138, 55, 42, 149, 189, 77]"
120354,"[5, 36, 19, 3, 138, 55, 42, 189, 149, 261]"
120355,"[91, 19, 60, 130, 18, 5, 238, 55, 71, 90]"
120356,"[3, 19, 5, 175, 21, 73, 30, 66, 2, 6]"
120357,"[9, 175, 5, 6, 19, 66, 7, 71, 34, 10]"
120358,"[5, 238, 279, 92, 66, 10, 19, 175, 261, 7]"
120359,"[149, 66, 175, 5, 30, 124, 261, 9, 279, 19]"
120360,"[261, 23, 1, 64, 20, 54, 279, 19, 32, 5]"
120361,"[90, 19, 34, 20, 279, 64, 142, 43, 32, 10]"
120362,"[25, 151, 77, 60, 36, 55, 49, 157, 105, 19]"
120363,"[1, 23, 64, 54, 279, 220, 20, 28, 9, 43]"
120364,"[279, 261, 54, 32, 23, 55, 43, 103, 19, 220]"
120365,"[6, 7, 44, 157, 48, 92, 25, 49, 3, 19]"
120366,"[64, 1, 54, 23, 261, 20, 279, 90, 138, 32]"
120367,"[41, 10, 157, 18, 76, 71, 0, 97, 21, 90]"
120368,"[92, 6, 10, 49, 77, 7, 48, 34, 9, 133]"
120369,"[42, 36, 23, 1, 138, 19, 157, 92, 5, 189]"
120370,"[189, 5, 19, 223, 175, 138, 23, 2, 261, 55]"
120371,"[4, 36, 19, 5, 24, 51, 17, 142, 60, 29]"
120372,"[138, 189, 36, 92, 90, 19, 6, 42, 7, 66]"
120373,"[4, 36, 19, 5, 24, 29, 17, 223, 73, 12]"
120374,"[82, 19, 238, 21, 5, 54, 138, 223, 66, 36]"
120375,"[64, 5, 261, 20, 1, 73, 92, 32, 23, 36]"
120376,"[92, 133, 19, 175, 5, 130, 6, 49, 238, 77]"
120377,"[189, 19, 5, 175, 223, 2, 146, 138, 21, 55]"
120378,"[21, 20, 238, 66, 5, 187, 14, 261, 27, 82]"
120379,"[64, 146, 23, 261, 20, 1, 279, 19, 3, 5]"
120380,"[0, 41, 71, 18, 13, 97, 10, 66, 55, 105]"
120381,"[105, 49, 77, 151, 60, 25, 157, 6, 82, 10]"
120382,"[54, 1, 279, 23, 261, 19, 220, 9, 7, 2]"
120383,"[60, 130, 19, 151, 17, 5, 73, 77, 223, 220]"
120384,"[30, 175, 7, 6, 48, 19, 3, 66, 71, 92]"
120385,"[124, 149, 66, 3, 45, 138, 42, 103, 30, 261]"
120386,"[60, 105, 18, 5, 19, 0, 97, 90, 82, 55]"
120387,"[175, 77, 9, 38, 19, 92, 36, 30, 5, 6]"
120388,"[45, 66, 149, 261, 5, 77, 19, 71, 36, 21]"
120389,"[66, 2, 5, 261, 175, 21, 20, 32, 122, 54]"
120390,"[130, 19, 151, 17, 12, 5, 223, 60, 91, 73]"
120391,"[142, 19, 175, 14, 261, 5, 23, 279, 54, 4]"
120392,"[103, 261, 20, 54, 32, 2, 14, 19, 5, 220]"
120393,"[175, 66, 3, 30, 73, 20, 149, 27, 9, 279]"
120394,"[97, 60, 121, 138, 18, 19, 0, 55, 5, 223]"
120395,"[238, 5, 54, 19, 220, 20, 2, 261, 73, 223]"
120396,"[23, 1, 261, 279, 54, 32, 20, 64, 19, 5]"
120397,"[9, 51, 19, 175, 10, 279, 5, 6, 92, 49]"
120398,"[97, 121, 105, 0, 60, 41, 77, 49, 26, 92]"
120399,"[82, 84, 60, 19, 90, 15, 223, 105, 146, 0]"
120400,"[82, 19, 5, 60, 105, 146, 84, 90, 0, 261]"
120401,"[97, 19, 60, 5, 0, 121, 55, 13, 6, 34]"
120402,"[25, 151, 60, 77, 157, 55, 36, 19, 49, 42]"
120403,"[72, 23, 157, 10, 1, 189, 5, 34, 36, 76]"
120404,"[13, 121, 0, 97, 146, 5, 55, 43, 279, 119]"
120405,"[3, 36, 19, 29, 17, 5, 82, 223, 7, 146]"
120406,"[30, 19, 3, 5, 36, 149, 77, 9, 17, 92]"
120407,"[20, 1, 54, 14, 19, 64, 5, 23, 238, 73]"
120408,"[122, 34, 26, 5, 19, 77, 72, 55, 60, 7]"
120409,"[13, 121, 97, 0, 55, 146, 5, 60, 76, 58]"
120410,"[187, 21, 103, 279, 261, 43, 14, 19, 5, 32]"
120411,"[73, 17, 19, 10, 130, 6, 138, 124, 51, 12]"
120412,"[34, 10, 26, 19, 5, 130, 122, 9, 77, 92]"
120413,"[238, 279, 92, 66, 112, 10, 133, 42, 142, 27]"
120414,"[15, 18, 0, 60, 82, 84, 19, 105, 90, 91]"
120415,"[71, 30, 7, 175, 66, 261, 6, 142, 92, 48]"
120416,"[23, 1, 54, 261, 32, 279, 55, 43, 20, 14]"
120417,"[72, 23, 1, 19, 10, 77, 76, 157, 60, 5]"
120418,"[29, 36, 24, 19, 5, 3, 9, 92, 42, 238]"
120419,"[66, 10, 92, 21, 175, 238, 279, 6, 1, 112]"
120420,"[43, 103, 220, 279, 261, 19, 7, 32, 2, 9]"
120421,"[66, 175, 149, 20, 30, 238, 92, 19, 45, 5]"
120422,"[43, 220, 279, 103, 77, 261, 9, 19, 7, 34]"
120423,"[238, 5, 73, 19, 54, 36, 28, 20, 38, 261]"
120424,"[32, 261, 279, 5, 2, 73, 103, 220, 17, 43]"
120425,"[36, 3, 138, 42, 19, 189, 29, 5, 76, 149]"
120426,"[82, 84, 90, 60, 105, 19, 15, 18, 49, 223]"
120427,"[223, 19, 5, 17, 175, 51, 9, 73, 261, 142]"
120428,"[97, 121, 105, 60, 0, 26, 25, 49, 157, 41]"
120429,"[29, 36, 5, 19, 138, 3, 223, 220, 9, 17]"
120430,"[189, 5, 223, 19, 55, 21, 175, 36, 64, 238]"
120431,"[49, 6, 105, 92, 48, 77, 25, 7, 19, 26]"
120432,"[71, 261, 5, 30, 32, 19, 38, 66, 175, 9]"
120433,"[97, 5, 60, 19, 121, 261, 279, 34, 71, 73]"
120434,"[66, 175, 20, 30, 149, 92, 238, 261, 14, 73]"
120435,"[119, 5, 147, 97, 55, 28, 122, 24, 34, 26]"
120436,"[48, 7, 6, 175, 19, 71, 9, 2, 55, 261]"
120437,"[238, 66, 54, 14, 7, 279, 103, 19, 20, 91]"
120438,"[44, 279, 6, 48, 7, 92, 32, 14, 157, 103]"
120439,"[73, 19, 189, 72, 5, 151, 14, 138, 238, 15]"
120440,"[2, 71, 92, 175, 5, 49, 66, 6, 48, 261]"
120441,"[44, 6, 279, 7, 2, 48, 25, 32, 55, 175]"
120442,"[66, 261, 149, 45, 124, 32, 20, 23, 14, 2]"
120443,"[14, 23, 261, 32, 1, 54, 279, 20, 43, 7]"
120444,"[5, 19, 44, 261, 279, 6, 77, 42, 76, 130]"
120445,"[27, 45, 66, 261, 71, 32, 149, 20, 279, 14]"
120446,"[5, 13, 19, 7, 6, 146, 12, 223, 73, 121]"
120447,"[19, 5, 51, 73, 10, 130, 9, 36, 17, 34]"
120448,"[103, 279, 32, 261, 43, 54, 23, 5, 220, 19]"
120449,"[17, 19, 3, 4, 7, 223, 12, 138, 189, 73]"
120450,"[54, 261, 23, 1, 5, 32, 279, 14, 2, 19]"
120451,"[45, 66, 149, 21, 19, 6, 261, 77, 124, 5]"
120452,"[7, 48, 261, 6, 175, 2, 19, 5, 55, 71]"
120453,"[261, 2, 32, 14, 20, 5, 54, 71, 55, 66]"
120454,"[149, 124, 45, 3, 66, 138, 20, 36, 42, 1]"
120455,"[223, 130, 19, 189, 5, 92, 238, 82, 36, 17]"
120456,"[13, 121, 0, 97, 55, 146, 5, 279, 60, 76]"
120457,"[49, 105, 77, 25, 60, 84, 82, 90, 5, 18]"
120458,"[2, 71, 92, 49, 5, 6, 175, 66, 147, 48]"
120459,"[43, 19, 220, 279, 5, 7, 103, 34, 9, 77]"
120460,"[28, 32, 9, 1, 103, 261, 24, 23, 279, 54]"
120461,"[27, 66, 45, 261, 71, 149, 32, 91, 5, 20]"
120462,"[43, 261, 220, 279, 7, 9, 32, 19, 103, 54]"
120463,"[175, 7, 19, 6, 38, 48, 66, 92, 9, 279]"
120464,"[1, 23, 20, 54, 32, 279, 5, 19, 72, 261]"
120465,"[105, 10, 49, 19, 5, 60, 92, 1, 54, 2]"
120466,"[19, 12, 36, 58, 5, 76, 3, 138, 223, 149]"
120467,"[175, 9, 6, 19, 5, 146, 49, 10, 71, 92]"
120468,"[23, 279, 19, 261, 32, 175, 5, 2, 7, 1]"
120469,"[60, 105, 5, 19, 130, 223, 97, 17, 55, 82]"
120470,"[3, 19, 17, 30, 73, 5, 7, 175, 6, 92]"
120471,"[3, 19, 17, 5, 138, 82, 7, 42, 73, 146]"
120472,"[91, 18, 19, 130, 238, 90, 60, 5, 15, 51]"
120473,"[66, 45, 149, 27, 38, 71, 124, 21, 77, 92]"
120474,"[44, 7, 175, 48, 261, 279, 92, 19, 32, 6]"
120475,"[90, 18, 0, 72, 19, 279, 60, 20, 5, 1]"
120476,"[13, 5, 19, 146, 7, 261, 121, 55, 0, 20]"
120477,"[73, 17, 19, 3, 72, 5, 146, 7, 21, 261]"
120478,"[38, 71, 19, 175, 30, 77, 66, 7, 5, 92]"
120479,"[28, 119, 147, 24, 122, 60, 5, 130, 34, 97]"
120480,"[7, 48, 6, 30, 138, 44, 175, 19, 66, 223]"
120481,"[223, 19, 130, 5, 189, 92, 82, 121, 36, 60]"
120482,"[20, 238, 2, 66, 261, 5, 32, 7, 73, 149]"
120483,"[64, 279, 261, 32, 20, 103, 220, 1, 146, 23]"
120484,"[18, 90, 60, 0, 82, 15, 84, 105, 91, 72]"
120485,"[90, 18, 0, 60, 72, 20, 279, 19, 23, 5]"
120486,"[97, 18, 0, 121, 60, 90, 5, 105, 19, 72]"
120487,"[147, 28, 5, 122, 19, 71, 17, 130, 76, 238]"
120488,"[103, 261, 54, 32, 238, 19, 55, 279, 2, 43]"
120489,"[220, 261, 43, 32, 54, 103, 19, 2, 1, 279]"
120490,"[189, 223, 279, 19, 55, 43, 5, 54, 138, 20]"
120491,"[18, 60, 71, 9, 279, 0, 91, 90, 19, 34]"
120492,"[29, 19, 36, 3, 5, 17, 223, 24, 92, 4]"
120493,"[124, 149, 66, 45, 138, 48, 42, 55, 2, 3]"
120494,"[30, 175, 48, 7, 71, 92, 19, 38, 124, 66]"
120495,"[92, 133, 175, 151, 44, 130, 6, 49, 238, 19]"
120496,"[64, 20, 261, 279, 1, 19, 5, 23, 146, 103]"
120497,"[24, 4, 60, 19, 36, 5, 51, 223, 29, 9]"
120498,"[10, 5, 19, 279, 54, 34, 51, 72, 261, 55]"
120499,"[64, 1, 261, 23, 20, 5, 32, 54, 279, 220]"
120500,"[238, 7, 66, 5, 261, 20, 91, 14, 32, 72]"
120501,"[60, 130, 151, 5, 19, 105, 77, 25, 223, 157]"
120502,"[105, 130, 60, 5, 223, 19, 17, 82, 157, 97]"
120503,"[17, 73, 146, 19, 82, 3, 7, 130, 60, 151]"
120504,"[64, 261, 1, 20, 23, 5, 32, 54, 279, 92]"
120505,"[151, 130, 60, 105, 5, 77, 19, 157, 25, 97]"
120506,"[2, 71, 5, 92, 48, 175, 261, 49, 7, 66]"
120507,"[64, 23, 261, 146, 279, 1, 2, 71, 32, 10]"
120508,"[64, 1, 279, 20, 261, 19, 3, 17, 138, 23]"
120509,"[146, 5, 19, 55, 82, 13, 175, 10, 60, 6]"
120510,"[18, 0, 5, 15, 19, 72, 105, 90, 91, 97]"
120511,"[261, 279, 43, 60, 23, 32, 55, 121, 2, 119]"
120512,"[66, 45, 27, 38, 71, 77, 149, 19, 92, 261]"
120513,"[124, 149, 66, 45, 2, 138, 48, 55, 51, 42]"
120514,"[36, 19, 29, 5, 3, 17, 223, 24, 92, 138]"
120515,"[19, 5, 73, 36, 58, 238, 146, 6, 12, 223]"
120516,"[66, 45, 149, 27, 38, 238, 77, 71, 261, 19]"
120517,"[66, 175, 27, 20, 73, 261, 149, 30, 19, 32]"
120518,"[60, 51, 28, 19, 121, 5, 122, 147, 26, 10]"
120519,"[34, 10, 26, 9, 122, 60, 19, 55, 130, 5]"
120520,"[66, 45, 149, 124, 2, 138, 261, 3, 32, 6]"
120521,"[36, 4, 19, 5, 24, 29, 17, 73, 223, 3]"
120522,"[73, 17, 19, 5, 10, 3, 261, 7, 6, 72]"
120523,"[82, 84, 60, 90, 15, 19, 105, 18, 223, 0]"
120524,"[220, 19, 43, 9, 103, 261, 138, 6, 36, 5]"
120525,"[54, 261, 23, 14, 1, 32, 279, 5, 43, 220]"
120526,"[21, 66, 82, 19, 138, 6, 189, 51, 36, 92]"
120527,"[220, 19, 261, 43, 9, 6, 54, 103, 5, 32]"
120528,"[64, 261, 1, 23, 32, 54, 220, 2, 5, 279]"
120529,"[92, 133, 49, 112, 44, 2, 10, 7, 6, 71]"
120530,"[189, 223, 5, 43, 55, 279, 19, 9, 103, 138]"
120531,"[1, 23, 64, 54, 5, 19, 36, 20, 220, 261]"
120532,"[1, 23, 55, 19, 5, 28, 10, 49, 138, 36]"
120533,"[58, 19, 5, 36, 12, 29, 223, 103, 220, 3]"
120534,"[41, 19, 5, 97, 146, 36, 6, 138, 261, 175]"
120535,"[138, 19, 5, 55, 36, 261, 7, 279, 20, 92]"
120536,"[41, 19, 49, 82, 0, 220, 6, 5, 36, 138]"
120537,"[138, 189, 42, 23, 3, 19, 6, 175, 5, 7]"
120538,"[10, 5, 19, 279, 54, 51, 34, 55, 72, 261]"
120539,"[175, 9, 19, 71, 6, 77, 10, 5, 36, 49]"
120540,"[279, 261, 32, 220, 23, 103, 54, 43, 9, 5]"
120541,"[119, 5, 28, 24, 147, 138, 19, 55, 122, 60]"
120542,"[66, 45, 38, 27, 149, 71, 261, 19, 76, 3]"
120543,"[147, 19, 5, 71, 66, 122, 21, 10, 60, 238]"
120544,"[64, 146, 261, 20, 5, 1, 19, 23, 72, 3]"
120545,"[54, 1, 279, 2, 10, 23, 103, 261, 66, 32]"
120546,"[187, 21, 261, 5, 142, 73, 32, 9, 19, 279]"
120547,"[19, 5, 51, 73, 9, 130, 238, 10, 223, 17]"
120548,"[1, 54, 23, 279, 43, 121, 20, 19, 103, 10]"
120549,"[149, 66, 124, 30, 9, 261, 175, 48, 279, 14]"
120550,"[32, 103, 261, 279, 44, 7, 14, 19, 23, 20]"
120551,"[121, 97, 76, 13, 223, 5, 0, 71, 26, 138]"
120552,"[1, 64, 23, 54, 5, 220, 19, 261, 73, 20]"
120553,"[60, 105, 18, 5, 55, 19, 97, 0, 261, 77]"
120554,"[21, 187, 14, 19, 76, 66, 82, 5, 92, 261]"
120555,"[187, 21, 2, 43, 32, 261, 19, 55, 142, 5]"
120556,"[238, 5, 19, 92, 20, 133, 130, 91, 66, 220]"
120557,"[19, 5, 34, 60, 9, 10, 130, 3, 17, 32]"
120558,"[32, 261, 42, 5, 220, 23, 279, 103, 73, 3]"
120559,"[25, 6, 36, 55, 49, 77, 42, 92, 3, 19]"
120560,"[19, 60, 5, 157, 175, 146, 279, 73, 9, 82]"
120561,"[187, 21, 279, 261, 43, 103, 5, 32, 14, 9]"
120562,"[41, 0, 19, 55, 97, 60, 71, 10, 138, 5]"
120563,"[122, 26, 77, 71, 34, 92, 10, 5, 19, 121]"
120564,"[151, 175, 77, 138, 7, 10, 41, 25, 43, 121]"
120565,"[119, 5, 147, 28, 24, 138, 55, 26, 223, 189]"
120566,"[279, 261, 54, 5, 2, 175, 23, 32, 43, 3]"
120567,"[122, 147, 28, 34, 26, 24, 51, 5, 32, 49]"
120568,"[142, 27, 175, 21, 6, 66, 124, 41, 30, 149]"
120569,"[90, 19, 26, 10, 34, 30, 60, 82, 64, 43]"
120570,"[32, 279, 261, 44, 103, 7, 14, 9, 92, 20]"
120571,"[261, 279, 138, 23, 2, 7, 42, 60, 121, 58]"
120572,"[220, 19, 238, 261, 43, 5, 1, 103, 20, 91]"
120573,"[90, 18, 279, 0, 20, 72, 91, 60, 73, 19]"
120574,"[21, 5, 19, 187, 238, 82, 142, 36, 223, 24]"
120575,"[151, 7, 77, 38, 9, 25, 48, 157, 36, 121]"
120576,"[82, 84, 60, 19, 90, 105, 0, 15, 49, 18]"
120577,"[238, 5, 19, 54, 73, 220, 92, 21, 3, 1]"
120578,"[4, 36, 19, 24, 5, 17, 28, 73, 29, 3]"
120579,"[91, 19, 238, 5, 60, 130, 18, 51, 90, 77]"
120580,"[51, 73, 10, 9, 6, 21, 151, 261, 157, 19]"
120581,"[238, 5, 261, 20, 54, 32, 19, 187, 279, 14]"
120582,"[25, 151, 60, 77, 55, 157, 36, 19, 42, 49]"
120583,"[34, 5, 19, 261, 91, 72, 55, 26, 42, 279]"
120584,"[19, 5, 157, 146, 175, 279, 23, 73, 9, 223]"
120585,"[103, 238, 3, 189, 42, 138, 20, 279, 220, 149]"
120586,"[66, 175, 149, 20, 30, 238, 73, 45, 92, 27]"
120587,"[119, 147, 28, 24, 5, 55, 34, 71, 122, 60]"
120588,"[90, 18, 5, 72, 19, 0, 73, 91, 20, 279]"
120589,"[10, 279, 66, 175, 238, 43, 21, 71, 54, 5]"
120590,"[43, 261, 2, 279, 9, 220, 7, 55, 103, 54]"
120591,"[34, 10, 26, 19, 130, 5, 122, 36, 9, 77]"
120592,"[18, 19, 0, 60, 5, 90, 146, 15, 71, 91]"
120593,"[17, 73, 19, 7, 72, 23, 261, 5, 76, 3]"
120594,"[19, 5, 9, 130, 34, 17, 10, 51, 223, 73]"
120595,"[26, 60, 5, 97, 121, 19, 77, 238, 36, 122]"
120596,"[90, 10, 19, 18, 5, 60, 91, 1, 0, 71]"
120597,"[142, 27, 30, 66, 149, 19, 38, 175, 7, 24]"
120598,"[1, 23, 64, 54, 261, 5, 19, 279, 32, 220]"
120599,"[20, 175, 2, 66, 261, 103, 23, 71, 14, 7]"
120600,"[187, 5, 261, 21, 138, 2, 3, 32, 19, 72]"
120601,"[261, 66, 20, 2, 5, 19, 238, 21, 32, 30]"
120602,"[149, 9, 32, 279, 66, 261, 175, 5, 71, 124]"
120603,"[41, 97, 55, 60, 10, 19, 121, 279, 261, 51]"
120604,"[36, 19, 77, 76, 5, 220, 60, 55, 82, 12]"
120605,"[19, 5, 10, 130, 3, 223, 36, 51, 49, 1]"
120606,"[5, 19, 73, 2, 261, 49, 77, 130, 238, 72]"
120607,"[5, 157, 42, 25, 84, 60, 77, 19, 36, 279]"
120608,"[151, 7, 77, 9, 38, 175, 157, 43, 25, 121]"
120609,"[82, 84, 60, 19, 90, 105, 223, 18, 15, 0]"
120610,"[91, 55, 19, 60, 92, 71, 10, 261, 90, 18]"
120611,"[103, 261, 54, 32, 220, 2, 279, 19, 9, 3]"
120612,"[30, 175, 7, 19, 6, 48, 3, 92, 66, 38]"
120613,"[187, 5, 21, 72, 19, 3, 261, 36, 73, 238]"
120614,"[1, 23, 64, 54, 5, 220, 261, 20, 279, 36]"
120615,"[6, 7, 157, 175, 25, 44, 3, 30, 19, 138]"
120616,"[28, 19, 5, 92, 20, 32, 51, 238, 261, 103]"
120617,"[64, 261, 5, 1, 32, 20, 54, 23, 279, 220]"
120618,"[133, 92, 5, 238, 175, 19, 2, 71, 26, 66]"
120619,"[92, 6, 7, 77, 66, 48, 34, 10, 19, 149]"
120620,"[4, 5, 19, 24, 29, 7, 66, 12, 223, 142]"
120621,"[71, 261, 19, 27, 7, 5, 48, 279, 34, 32]"
120622,"[17, 19, 3, 73, 5, 223, 130, 7, 4, 12]"
120623,"[13, 121, 0, 146, 97, 5, 55, 76, 19, 279]"
120624,"[5, 279, 19, 24, 130, 17, 76, 60, 175, 122]"
120625,"[119, 5, 28, 24, 147, 55, 60, 122, 34, 97]"
120626,"[36, 3, 42, 55, 138, 19, 5, 149, 261, 29]"
120627,"[32, 261, 42, 5, 220, 279, 103, 23, 3, 73]"
120628,"[122, 34, 26, 5, 72, 30, 130, 19, 146, 10]"
120629,"[25, 60, 55, 151, 77, 36, 157, 19, 138, 42]"
120630,"[20, 175, 2, 66, 5, 19, 103, 261, 92, 30]"
120631,"[20, 261, 2, 71, 66, 238, 32, 279, 103, 43]"
120632,"[55, 19, 146, 60, 261, 5, 10, 91, 17, 7]"
120633,"[17, 73, 19, 146, 55, 5, 60, 130, 7, 220]"
120634,"[41, 19, 220, 0, 60, 76, 6, 5, 138, 49]"
120635,"[1, 64, 23, 54, 261, 220, 20, 279, 72, 5]"
120636,"[261, 32, 20, 23, 279, 220, 14, 2, 103, 54]"
120637,"[34, 5, 261, 279, 72, 19, 26, 32, 238, 42]"
120638,"[175, 9, 30, 77, 6, 38, 92, 25, 71, 151]"
120639,"[5, 19, 29, 36, 3, 92, 42, 138, 73, 6]"
120640,"[187, 21, 5, 19, 279, 103, 43, 261, 14, 3]"
120641,"[73, 17, 10, 19, 3, 5, 6, 21, 72, 66]"
120642,"[146, 55, 19, 60, 13, 5, 82, 3, 17, 73]"
120643,"[66, 45, 149, 261, 124, 32, 2, 20, 23, 3]"
120644,"[19, 51, 5, 9, 24, 28, 92, 55, 91, 147]"
120645,"[238, 261, 32, 7, 20, 91, 19, 14, 279, 5]"
120646,"[7, 92, 2, 71, 175, 261, 44, 48, 43, 55]"
120647,"[261, 2, 5, 32, 73, 19, 238, 103, 220, 92]"
120648,"[187, 21, 28, 5, 14, 23, 32, 19, 261, 1]"
120649,"[261, 32, 20, 23, 279, 2, 14, 220, 103, 64]"
120650,"[105, 133, 10, 92, 49, 90, 82, 77, 1, 41]"
120651,"[261, 2, 32, 220, 73, 5, 19, 54, 71, 9]"
120652,"[238, 5, 19, 20, 220, 279, 43, 66, 72, 21]"
120653,"[10, 73, 19, 55, 71, 5, 77, 6, 157, 51]"
120654,"[38, 30, 175, 19, 71, 7, 77, 5, 66, 122]"
120655,"[64, 55, 1, 261, 23, 138, 19, 2, 54, 20]"
120656,"[151, 19, 5, 130, 157, 17, 60, 146, 55, 34]"
120657,"[49, 105, 77, 151, 60, 25, 36, 19, 6, 5]"
120658,"[7, 48, 6, 44, 2, 43, 261, 138, 175, 55]"
120659,"[48, 7, 6, 175, 9, 77, 19, 44, 30, 92]"
120660,"[0, 18, 82, 90, 60, 15, 105, 84, 97, 91]"
120661,"[14, 261, 23, 32, 20, 1, 279, 54, 72, 5]"
120662,"[279, 23, 32, 261, 1, 5, 19, 103, 34, 43]"
120663,"[142, 19, 66, 21, 30, 261, 73, 27, 7, 5]"
120664,"[146, 13, 19, 5, 82, 60, 0, 55, 34, 17]"
120665,"[5, 279, 44, 130, 19, 261, 157, 133, 32, 23]"
120666,"[7, 48, 6, 44, 261, 279, 34, 175, 55, 238]"
120667,"[90, 18, 60, 10, 91, 19, 0, 71, 5, 84]"
120668,"[133, 5, 26, 92, 130, 175, 66, 279, 238, 147]"
120669,"[44, 7, 175, 48, 279, 32, 261, 124, 2, 6]"
120670,"[220, 261, 43, 32, 9, 103, 1, 2, 19, 238]"
120671,"[146, 19, 55, 13, 5, 82, 60, 3, 6, 17]"
120672,"[25, 55, 6, 60, 42, 49, 36, 138, 76, 261]"
120673,"[19, 58, 3, 5, 36, 223, 12, 73, 17, 29]"
120674,"[18, 82, 90, 0, 60, 19, 15, 91, 84, 105]"
120675,"[71, 30, 7, 175, 66, 92, 48, 9, 261, 21]"
120676,"[54, 1, 23, 261, 14, 32, 20, 5, 279, 220]"
120677,"[3, 138, 6, 5, 19, 146, 82, 66, 189, 21]"
120678,"[3, 19, 82, 17, 72, 5, 223, 7, 36, 14]"
120679,"[261, 32, 5, 19, 103, 279, 66, 20, 2, 54]"
120680,"[21, 187, 5, 19, 73, 36, 138, 142, 55, 2]"
120681,"[20, 54, 279, 1, 261, 23, 32, 14, 5, 19]"
120682,"[121, 97, 0, 71, 13, 76, 55, 60, 5, 238]"
120683,"[45, 66, 38, 27, 71, 77, 149, 30, 49, 238]"
120684,"[175, 66, 30, 5, 26, 19, 77, 92, 261, 14]"
120685,"[36, 138, 3, 189, 42, 19, 149, 55, 76, 24]"
120686,"[48, 7, 2, 6, 58, 261, 55, 138, 49, 71]"
120687,"[130, 26, 5, 19, 151, 122, 10, 28, 34, 17]"
120688,"[5, 19, 34, 238, 77, 49, 2, 223, 10, 26]"
120689,"[1, 54, 279, 23, 43, 20, 121, 14, 32, 103]"
120690,"[30, 175, 6, 48, 19, 7, 38, 66, 3, 92]"
120691,"[279, 261, 43, 2, 54, 32, 55, 9, 41, 34]"
120692,"[223, 130, 19, 5, 60, 82, 92, 90, 12, 121]"
120693,"[32, 261, 279, 23, 44, 7, 14, 92, 20, 103]"
120694,"[119, 5, 28, 24, 147, 138, 1, 130, 55, 122]"
120695,"[55, 138, 5, 1, 121, 189, 19, 261, 42, 23]"
120696,"[66, 175, 20, 30, 92, 238, 149, 73, 5, 19]"
120697,"[130, 92, 19, 223, 44, 279, 7, 17, 175, 142]"
120698,"[10, 73, 19, 6, 5, 157, 77, 7, 17, 48]"
120699,"[223, 130, 60, 19, 5, 12, 82, 92, 90, 121]"
120700,"[6, 7, 44, 30, 92, 48, 157, 175, 25, 49]"
120701,"[19, 5, 36, 130, 73, 146, 10, 17, 9, 3]"
120702,"[30, 175, 19, 6, 92, 66, 5, 21, 77, 71]"
120703,"[66, 175, 27, 73, 30, 142, 149, 20, 9, 261]"
120704,"[5, 3, 36, 138, 42, 19, 189, 149, 55, 146]"
120705,"[64, 261, 20, 5, 1, 23, 19, 92, 36, 73]"
120706,"[36, 3, 55, 42, 19, 138, 149, 92, 5, 29]"
120707,"[28, 32, 19, 5, 238, 261, 20, 51, 103, 92]"
120708,"[43, 220, 55, 5, 3, 23, 19, 261, 279, 7]"
120709,"[25, 55, 6, 42, 36, 60, 157, 51, 138, 77]"
120710,"[55, 21, 157, 76, 5, 18, 54, 60, 10, 0]"
120711,"[2, 71, 261, 5, 175, 48, 7, 32, 66, 92]"
120712,"[121, 5, 19, 175, 279, 130, 261, 97, 157, 151]"
120713,"[41, 0, 19, 5, 97, 138, 36, 147, 32, 76]"
120714,"[77, 49, 5, 19, 38, 92, 105, 9, 175, 17]"
120715,"[92, 133, 49, 44, 112, 77, 7, 2, 6, 10]"
120716,"[223, 17, 5, 19, 142, 9, 29, 64, 175, 130]"
120717,"[142, 27, 175, 6, 21, 30, 66, 17, 73, 77]"
120718,"[60, 261, 51, 71, 9, 6, 5, 10, 19, 175]"
120719,"[146, 19, 5, 82, 55, 13, 60, 151, 0, 36]"
120720,"[77, 49, 5, 19, 92, 38, 6, 17, 7, 130]"
120721,"[55, 1, 138, 157, 189, 121, 10, 25, 23, 97]"
120722,"[54, 279, 261, 1, 23, 5, 32, 19, 2, 220]"
120723,"[28, 24, 133, 103, 32, 122, 51, 147, 9, 19]"
120724,"[26, 34, 5, 122, 49, 28, 77, 147, 19, 92]"
120725,"[91, 55, 19, 238, 92, 27, 60, 5, 77, 10]"
120726,"[223, 130, 60, 19, 82, 90, 92, 12, 5, 17]"
120727,"[55, 51, 9, 24, 32, 34, 60, 19, 54, 5]"
120728,"[41, 5, 19, 261, 32, 91, 146, 72, 97, 175]"
120729,"[105, 49, 77, 151, 60, 25, 71, 10, 18, 41]"
120730,"[41, 19, 5, 261, 32, 55, 97, 2, 91, 0]"
120731,"[279, 32, 261, 43, 5, 103, 19, 54, 9, 23]"
120732,"[36, 138, 3, 42, 189, 19, 55, 149, 76, 24]"
120733,"[175, 19, 5, 6, 48, 7, 30, 92, 261, 2]"
120734,"[64, 54, 1, 23, 261, 32, 2, 103, 279, 20]"
120735,"[121, 97, 5, 71, 0, 223, 261, 2, 130, 26]"
120736,"[119, 147, 28, 24, 5, 122, 130, 60, 26, 34]"
120737,"[60, 84, 5, 157, 25, 19, 105, 151, 77, 97]"
120738,"[64, 261, 32, 1, 23, 54, 20, 2, 279, 220]"
120739,"[51, 10, 34, 26, 138, 122, 19, 49, 55, 41]"
120740,"[3, 36, 19, 29, 73, 6, 5, 42, 146, 261]"
120741,"[5, 19, 60, 84, 77, 238, 25, 157, 92, 72]"
120742,"[4, 5, 2, 279, 71, 261, 9, 28, 23, 49]"
120743,"[45, 66, 71, 21, 261, 149, 2, 238, 77, 27]"
120744,"[112, 5, 92, 6, 261, 30, 175, 19, 66, 29]"
120745,"[149, 66, 124, 30, 175, 92, 103, 279, 9, 133]"
120746,"[5, 84, 60, 157, 1, 151, 72, 19, 77, 97]"
120747,"[32, 44, 261, 23, 279, 14, 7, 28, 103, 9]"
120748,"[4, 19, 5, 24, 17, 7, 29, 142, 51, 49]"
120749,"[279, 5, 19, 23, 157, 26, 130, 76, 32, 34]"
120750,"[55, 25, 5, 60, 138, 3, 42, 189, 49, 146]"
120751,"[23, 1, 32, 54, 261, 279, 42, 55, 43, 3]"
120752,"[1, 54, 23, 20, 14, 32, 261, 103, 279, 72]"
