Index,Index_list
109776,"[47258, 88353, 5332, 52778, 79822, 34151, 59609, 7688, 39104, 72797]"
109777,"[105353, 106992, 67136, 98313, 28204, 53862, 97426, 44042, 37383, 15823]"
109778,"[31137, 103177, 1455, 73695, 96854, 89511, 62251, 75580, 80861, 85105]"
109779,"[37568, 48556, 35290, 4566, 34652, 33630, 59861, 19631, 89387, 83779]"
109780,"[96443, 84688, 49239, 106819, 9305, 85141, 66795, 57928, 98597, 25845]"
109781,"[102931, 90249, 37835, 97538, 51049, 97797, 103815, 69175, 89893, 53512]"
109782,"[87823, 54184, 18186, 56862, 87025, 36462, 85111, 68916, 80772, 20557]"
109783,"[80403, 22443, 49936, 42740, 79150, 58438, 101323, 88508, 54486, 12766]"
109784,"[91316, 84520, 104820, 83415, 91073, 106780, 85101, 17725, 6960, 21685]"
109785,"[5944, 4042, 28256, 107130, 30499, 81059, 94025, 88064, 62243, 12338]"
109786,"[3040, 21983, 42519, 28447, 47911, 108231, 70554, 64238, 61069, 105530]"
109787,"[8810, 19953, 64219, 19879, 104274, 29624, 89976, 61295, 95013, 104171]"
109788,"[17230, 53349, 53264, 18777, 102449, 66796, 35844, 28345, 99821, 71810]"
109789,"[40067, 8660, 89026, 100567, 47949, 47322, 17036, 104213, 99285, 5455]"
109790,"[39452, 1365, 91225, 13407, 88328, 49843, 1779, 82011, 42477, 53230]"
109791,"[55335, 31806, 64490, 61520, 20876, 38605, 46738, 44712, 3629, 27181]"
109792,"[31903, 44471, 57190, 27365, 80661, 103468, 59722, 46073, 47808, 13984]"
109793,"[109644, 4383, 21434, 82273, 8801, 68751, 58116, 8014, 27667, 83852]"
109794,"[4441, 14140, 3301, 91080, 88749, 86088, 45230, 93782, 1885, 57694]"
109795,"[15187, 16728, 52636, 18858, 2168, 96767, 18598, 43133, 80487, 55344]"
109796,"[43271, 28479, 52119, 19383, 30100, 79448, 43942, 12595, 50805, 6342]"
109797,"[68214, 15944, 34964, 86935, 38042, 84001, 66828, 33974, 35983, 94401]"
109798,"[70616, 108395, 69551, 109122, 77597, 53378, 70926, 97807, 67685, 41919]"
109799,"[80731, 60252, 53019, 67994, 5663, 96339, 91190, 90370, 88444, 108654]"
109800,"[26751, 2306, 37790, 46465, 27454, 5738, 43387, 33436, 41438, 84476]"
109801,"[74139, 85051, 29125, 6346, 33643, 100361, 62490, 90925, 10089, 226]"
109802,"[26000, 90602, 92979, 83550, 18895, 36890, 38958, 63043, 29294, 84713]"
109803,"[57636, 30151, 83477, 103406, 76676, 72769, 5794, 67479, 77486, 13365]"
109804,"[31025, 61312, 52110, 91757, 87847, 12234, 51912, 11841, 96601, 39514]"
109805,"[5400, 44305, 33212, 44064, 74124, 23904, 74435, 17637, 97949, 65476]"
109806,"[108948, 46122, 92585, 590, 42127, 36663, 9765, 32756, 25873, 91015]"
109807,"[16587, 63910, 72575, 21668, 50741, 90326, 57508, 55181, 51047, 102275]"
109808,"[107829, 75390, 21192, 26748, 10343, 16492, 42578, 105254, 65598, 5758]"
109809,"[56714, 69486, 46207, 27184, 93496, 62359, 71450, 66731, 47557, 21325]"
109810,"[16688, 83138, 95198, 98217, 107570, 31360, 27286, 29568, 36518, 9766]"
109811,"[108497, 61790, 107949, 89322, 80456, 38970, 1853, 29958, 724, 64876]"
109812,"[2252, 9541, 11557, 102648, 13552, 80605, 103645, 52679, 71374, 90569]"
109813,"[84720, 88275, 30169, 19444, 103871, 69858, 24771, 42485, 14037, 82012]"
109814,"[108126, 46787, 48765, 64205, 11482, 79428, 108812, 91402, 68715, 103817]"
109815,"[65622, 41776, 101091, 52604, 48709, 31315, 27879, 81295, 43977, 60317]"
109816,"[69701, 63543, 308, 85274, 6239, 92690, 64382, 66263, 96037, 73363]"
109817,"[43556, 95107, 27451, 65329, 95202, 24736, 23102, 47604, 15753, 35201]"
109818,"[66348, 60389, 33474, 60617, 37931, 87805, 98402, 11253, 21622, 92275]"
109819,"[22473, 90983, 97032, 78890, 20480, 41884, 87273, 82952, 45231, 61792]"
109820,"[78980, 33284, 1493, 104946, 80602, 57369, 7573, 45795, 97355, 78728]"
109821,"[52763, 40662, 35474, 46213, 5371, 19089, 36719, 52300, 67674, 107150]"
109822,"[85889, 68921, 79226, 4377, 5490, 30030, 54956, 94923, 58962, 98318]"
109823,"[19383, 12595, 79448, 70273, 52119, 43271, 43942, 58052, 28479, 30100]"
109824,"[26438, 102042, 8453, 23253, 92575, 102780, 92449, 3122, 95539, 86748]"
109825,"[10589, 3343, 68908, 80509, 45854, 50673, 75053, 104037, 28095, 98059]"
109826,"[30745, 17993, 34289, 8408, 35820, 69792, 4094, 47720, 91965, 19349]"
109827,"[17024, 14364, 36767, 38085, 103590, 84229, 2018, 32800, 72395, 23591]"
109828,"[104755, 5064, 96879, 89284, 68026, 23273, 17622, 86829, 1862, 34065]"
109829,"[62848, 71430, 108742, 97403, 104962, 70778, 89556, 61242, 55961, 36673]"
109830,"[63875, 67879, 37566, 13727, 6073, 100881, 70168, 43565, 60270, 38540]"
109831,"[98544, 89877, 79295, 78038, 56870, 13482, 16652, 38100, 96007, 71995]"
109832,"[100179, 37575, 27364, 92202, 18546, 89632, 102381, 2921, 27498, 28390]"
109833,"[89764, 26747, 13676, 92613, 88917, 89989, 64290, 73442, 91662, 65233]"
109834,"[92885, 76053, 95558, 12038, 55326, 92784, 1610, 89900, 4747, 60298]"
109835,"[38323, 94740, 54543, 29348, 91750, 62741, 78825, 48563, 92259, 53682]"
109836,"[46937, 37776, 82682, 104064, 54023, 46271, 63610, 109558, 66550, 91688]"
109837,"[81523, 49955, 98385, 7502, 94837, 95753, 94190, 71998, 42431, 42969]"
109838,"[56692, 67503, 68787, 103272, 44621, 88576, 19389, 52437, 98568, 94244]"
109839,"[13548, 90062, 58586, 5573, 18442, 64131, 11984, 90261, 58360, 907]"
109840,"[28903, 90153, 90137, 27220, 38301, 91105, 20073, 77549, 3062, 99297]"
109841,"[4506, 22676, 61552, 35475, 45582, 55162, 4857, 10730, 5360, 42742]"
109842,"[33690, 104712, 21084, 89328, 11622, 105929, 17336, 67677, 18948, 17765]"
109843,"[27012, 83216, 45354, 21889, 81833, 94219, 35714, 68068, 47442, 101055]"
109844,"[51300, 17111, 18322, 62172, 47421, 40875, 86791, 10758, 15728, 8388]"
109845,"[99743, 74981, 50836, 79553, 81425, 67666, 56843, 41995, 35697, 38419]"
109846,"[64849, 66415, 66745, 18565, 9453, 51689, 38662, 45628, 24481, 77281]"
109847,"[59316, 75760, 96484, 25381, 65453, 66022, 45439, 26077, 37532, 70354]"
109848,"[92508, 66917, 11829, 70342, 92914, 67532, 35058, 106990, 72169, 55630]"
109849,"[75747, 64843, 11558, 77347, 11344, 17608, 67938, 22937, 81189, 13285]"
109850,"[97157, 20729, 3765, 68270, 85696, 56994, 60106, 16892, 41842, 21188]"
109851,"[70686, 88604, 78759, 29563, 94545, 82477, 67284, 4812, 1227, 6047]"
109852,"[41219, 88398, 98484, 54706, 9073, 22515, 52334, 97294, 1250, 21056]"
109853,"[54222, 20443, 79682, 106859, 92338, 30871, 26605, 98531, 86927, 2058]"
109854,"[70046, 14509, 12987, 18915, 100548, 25857, 22396, 20653, 58718, 99243]"
109855,"[105176, 39040, 49098, 103713, 91194, 90731, 60734, 61338, 33751, 106200]"
109856,"[23754, 23546, 67681, 65320, 62432, 29813, 73453, 18523, 29656, 28815]"
109857,"[5586, 15125, 54142, 30620, 33371, 97234, 18715, 50493, 74177, 46112]"
109858,"[52332, 65543, 30299, 22353, 51450, 85262, 73606, 71977, 30187, 100228]"
109859,"[96052, 72296, 47946, 57232, 84606, 34205, 42749, 28658, 88727, 19346]"
109860,"[8488, 57646, 17767, 21117, 10927, 23221, 77067, 23449, 20822, 67374]"
109861,"[7114, 34933, 28794, 104893, 11645, 68282, 30305, 6717, 8269, 80958]"
109862,"[25232, 9769, 106272, 782, 21869, 54046, 92266, 60471, 64871, 108350]"
109863,"[82917, 35067, 97419, 91989, 55656, 4583, 87684, 1795, 105201, 46503]"
109864,"[10780, 34614, 38824, 35939, 28277, 30602, 40262, 108453, 15631, 41547]"
109865,"[9795, 39986, 22335, 42158, 76731, 97998, 34235, 86452, 38736, 72084]"
109866,"[735, 79766, 62877, 4509, 76986, 74688, 11992, 101052, 109266, 30266]"
109867,"[82480, 26977, 14043, 40095, 12544, 101741, 84265, 36447, 8438, 81404]"
109868,"[8556, 47669, 25326, 3968, 37812, 67883, 79806, 9741, 4587, 59820]"
109869,"[14415, 58868, 13586, 39878, 3302, 5207, 100843, 93538, 40926, 102164]"
109870,"[66334, 74709, 35553, 102674, 59402, 7985, 7608, 108044, 77048, 81764]"
109871,"[68127, 2901, 48459, 57560, 69563, 42032, 26500, 3064, 70815, 49572]"
109872,"[59247, 98546, 70257, 62833, 109535, 71471, 109108, 65900, 45603, 94826]"
109873,"[75349, 9295, 61647, 43978, 56503, 77860, 49614, 21256, 4527, 88262]"
109874,"[50977, 29370, 66622, 88669, 55807, 68234, 42027, 29714, 98119, 2345]"
109875,"[69146, 88694, 49803, 109311, 76225, 74654, 37335, 68617, 40027, 2932]"
109876,"[61920, 20164, 24633, 29442, 22183, 38106, 75049, 64825, 98931, 23594]"
109877,"[105026, 33641, 41926, 24389, 56693, 2916, 88927, 76936, 97176, 108222]"
109878,"[63665, 60372, 42047, 75732, 13537, 44123, 93163, 40117, 58655, 11497]"
109879,"[76092, 75952, 35792, 3797, 85463, 61229, 68546, 52436, 98060, 90745]"
109880,"[17941, 50368, 42709, 22047, 24886, 98733, 22527, 53766, 105322, 50702]"
109881,"[71813, 49856, 42736, 12661, 75082, 105936, 108248, 93669, 45372, 66424]"
109882,"[10713, 99741, 58879, 48912, 91683, 88279, 18658, 74868, 86806, 82602]"
109883,"[99446, 33277, 74755, 61006, 51811, 18590, 38495, 56033, 109640, 91477]"
109884,"[64283, 1772, 91275, 56149, 105834, 52331, 58576, 28992, 46697, 31268]"
109885,"[23869, 92788, 41524, 79616, 61745, 4660, 65397, 23351, 77147, 39846]"
109886,"[108718, 56972, 1382, 22575, 102280, 37788, 7483, 31050, 38097, 73540]"
109887,"[101146, 23133, 90179, 17595, 49421, 101083, 45466, 59427, 58563, 74052]"
109888,"[84508, 34660, 50077, 88292, 65565, 47624, 70135, 62930, 57316, 14164]"
109889,"[100291, 40889, 28659, 22270, 68204, 56950, 86042, 8525, 44852, 7836]"
109890,"[36181, 90206, 27887, 32823, 35359, 55971, 101753, 86569, 71834, 72087]"
109891,"[65506, 68477, 10125, 317, 48931, 101686, 106450, 66458, 109295, 45719]"
109892,"[65190, 68262, 77604, 66978, 89073, 70536, 64795, 94250, 97111, 28916]"
109893,"[6813, 77129, 55356, 82865, 15743, 95066, 82288, 32343, 74881, 108698]"
109894,"[106701, 93256, 37229, 96806, 41069, 31438, 89914, 78480, 104674, 62976]"
109895,"[65929, 35093, 94218, 33783, 94922, 18603, 75120, 96502, 91067, 18225]"
109896,"[407, 109373, 60732, 8665, 75249, 31075, 83654, 49418, 13093, 109482]"
109897,"[103842, 29273, 45705, 12023, 48160, 6860, 24246, 96801, 79921, 76307]"
109898,"[40476, 49705, 16802, 36828, 85067, 99170, 16873, 22283, 82364, 99744]"
109899,"[15216, 53668, 66016, 76736, 34286, 59588, 74257, 41186, 92306, 7773]"
109900,"[46918, 69916, 6246, 20893, 97880, 70092, 31645, 58254, 26402, 7604]"
109901,"[22806, 98576, 52144, 328, 9954, 93258, 92214, 78037, 51533, 62125]"
109902,"[7883, 101152, 83339, 38056, 79490, 42945, 63621, 20567, 42883, 17791]"
109903,"[37828, 33985, 17432, 93447, 20961, 10300, 79486, 70596, 109383, 109544]"
109904,"[55390, 92053, 89174, 36496, 97923, 90483, 45875, 62093, 10568, 107151]"
109905,"[50524, 61702, 99818, 51488, 101758, 83587, 50889, 1203, 34576, 68320]"
109906,"[91130, 78245, 76249, 17680, 20847, 10844, 55259, 59280, 65455, 51050]"
109907,"[21471, 49558, 15045, 38975, 89686, 3200, 18722, 34546, 18282, 33514]"
109908,"[1761, 17289, 54967, 67645, 26130, 89942, 45036, 10201, 333, 102513]"
109909,"[22193, 70989, 4735, 39644, 3522, 62064, 64989, 13650, 103348, 28017]"
109910,"[22270, 100291, 28659, 102214, 68204, 56950, 86042, 8525, 29375, 40889]"
109911,"[92170, 74105, 71331, 39949, 50305, 107242, 31427, 90725, 89756, 64220]"
109912,"[79526, 34552, 33852, 47038, 90373, 47492, 7663, 107455, 47165, 48979]"
109913,"[95384, 102350, 44513, 86022, 98947, 98826, 44232, 11150, 82630, 17171]"
109914,"[61392, 53852, 26233, 3659, 47304, 32436, 12140, 61230, 6609, 64783]"
109915,"[109657, 21054, 101463, 99406, 90871, 80887, 9615, 70667, 68531, 16197]"
109916,"[93449, 12838, 74234, 10605, 97113, 87493, 93728, 23886, 25144, 105444]"
109917,"[39037, 85404, 57209, 8303, 74297, 60169, 71486, 29420, 49831, 30789]"
109918,"[89948, 30319, 98419, 35917, 109475, 52010, 83522, 3887, 67157, 55168]"
109919,"[52980, 108310, 86142, 9028, 27972, 54657, 47542, 84476, 84192, 102443]"
109920,"[105597, 86074, 59006, 64153, 16738, 15981, 71074, 106050, 107813, 105831]"
109921,"[90295, 36, 23228, 70644, 58311, 31771, 39478, 98015, 71884, 91160]"
109922,"[98992, 99749, 2097, 101671, 103269, 108336, 106539, 76762, 96531, 33791]"
109923,"[56767, 96252, 6830, 4686, 79912, 13936, 84940, 82231, 23887, 11668]"
109924,"[58758, 61749, 1857, 518, 2639, 86150, 91710, 101933, 36250, 7026]"
109925,"[36570, 51821, 37271, 61233, 11057, 59846, 106381, 61962, 96724, 50565]"
109926,"[567, 40491, 48077, 16310, 34837, 56719, 1568, 29730, 2489, 50402]"
109927,"[103098, 33679, 109497, 103507, 56948, 52726, 83717, 67455, 88213, 33052]"
109928,"[34774, 72748, 28074, 16756, 7331, 39882, 15961, 72032, 40210, 69525]"
109929,"[34026, 2, 87958, 7890, 4367, 32644, 23779, 105028, 15340, 36356]"
109930,"[104755, 5064, 41300, 34065, 72336, 73878, 89284, 96468, 21645, 96879]"
109931,"[107325, 3657, 4859, 86168, 66081, 94081, 43982, 92738, 75909, 41384]"
109932,"[83102, 33108, 4708, 87010, 76403, 24008, 57204, 42820, 16937, 71497]"
109933,"[76618, 88539, 95501, 16151, 80691, 4663, 34667, 85953, 32692, 11660]"
109934,"[66508, 105618, 71270, 12076, 48351, 16416, 72319, 76148, 70034, 16315]"
109935,"[66141, 59303, 17069, 481, 93895, 59546, 70730, 88043, 45830, 58308]"
109936,"[41714, 17683, 46463, 39813, 109356, 22793, 15585, 21067, 55352, 38382]"
109937,"[102189, 41012, 86921, 63166, 103161, 79125, 77071, 50716, 80784, 89827]"
109938,"[74241, 4255, 97171, 24158, 82517, 47997, 72329, 53263, 43807, 13322]"
109939,"[88354, 5141, 11306, 39251, 108239, 99631, 69005, 25212, 66362, 107594]"
109940,"[37653, 2170, 93887, 85455, 105892, 68351, 51871, 78809, 63780, 88684]"
109941,"[22452, 51749, 14458, 9506, 103138, 64584, 52161, 85186, 47793, 12372]"
109942,"[35100, 10990, 80861, 98462, 62559, 40101, 61524, 40341, 31137, 63461]"
109943,"[30701, 40475, 105162, 98165, 80138, 8056, 10989, 82922, 13943, 72571]"
109944,"[72240, 77855, 18105, 30712, 10940, 105413, 73816, 43277, 18103, 94681]"
109945,"[23365, 89498, 102899, 74591, 31226, 61170, 49330, 59671, 24146, 12517]"
109946,"[25008, 105007, 23847, 102684, 26289, 12854, 20378, 106572, 3329, 40290]"
109947,"[106617, 59666, 85267, 108874, 109238, 33497, 87098, 91289, 15644, 59068]"
109948,"[39906, 67549, 62042, 72457, 104958, 45989, 2742, 41992, 5223, 79010]"
109949,"[49019, 68748, 23632, 64975, 44793, 2493, 68971, 4312, 72866, 108681]"
109950,"[15206, 41023, 39475, 40964, 40451, 14367, 45672, 62399, 62625, 102328]"
109951,"[6517, 95451, 23048, 18646, 104807, 14081, 46632, 22486, 42062, 86930]"
109952,"[49173, 84515, 61189, 97262, 74617, 6303, 50224, 105871, 35182, 32030]"
109953,"[12512, 78507, 4751, 39469, 99439, 38310, 68818, 81411, 78643, 47421]"
109954,"[61350, 46862, 42599, 38294, 81275, 98515, 109396, 48877, 61371, 52934]"
109955,"[1120, 99111, 91347, 87073, 99373, 33950, 34183, 106050, 2562, 34392]"
109956,"[18238, 53522, 10302, 94092, 12689, 97322, 102253, 35749, 40946, 63926]"
109957,"[83752, 69566, 64705, 101380, 86158, 109172, 81515, 66628, 21768, 67607]"
109958,"[53381, 72101, 21763, 95363, 8959, 7931, 21426, 24595, 23201, 49241]"
109959,"[70799, 98495, 39498, 46319, 12041, 70259, 40133, 79058, 105995, 83627]"
109960,"[25351, 5353, 87099, 66234, 52274, 98039, 11434, 9760, 27112, 33341]"
109961,"[15305, 20008, 95715, 73743, 66740, 12308, 17739, 83433, 56385, 13561]"
109962,"[104092, 68183, 75238, 82157, 83387, 84782, 106886, 75107, 44476, 101594]"
109963,"[71966, 29997, 3953, 84320, 85352, 38963, 36596, 49768, 7837, 14623]"
109964,"[36686, 29311, 54769, 38392, 82224, 15309, 18708, 85798, 13144, 101871]"
109965,"[38823, 14085, 86418, 3196, 95640, 100307, 15787, 17335, 61327, 49343]"
109966,"[79448, 19383, 12595, 30100, 43271, 70273, 52119, 43942, 50805, 28479]"
109967,"[19006, 12178, 79640, 47240, 19124, 95506, 46838, 60449, 57878, 109142]"
109968,"[26561, 92838, 6416, 14455, 45731, 52158, 31844, 69997, 22116, 70959]"
109969,"[100006, 98487, 109634, 56611, 104668, 32679, 5814, 48003, 28805, 44908]"
109970,"[21952, 97951, 19578, 75706, 31118, 100602, 108582, 102937, 80760, 2707]"
109971,"[29490, 99018, 18352, 66418, 99450, 18831, 96932, 98778, 32351, 21018]"
109972,"[31605, 54529, 95178, 43574, 74626, 23540, 11990, 79591, 106406, 107257]"
109973,"[26439, 20103, 12523, 22885, 6312, 45291, 90932, 74948, 74964, 26895]"
109974,"[78682, 15936, 9580, 71952, 39568, 109459, 72731, 14012, 17899, 77352]"
109975,"[36500, 43331, 18016, 1625, 55798, 3900, 3603, 57443, 31178, 16213]"
109976,"[75223, 38945, 2995, 76509, 65662, 20025, 37728, 103698, 107818, 63272]"
109977,"[102770, 63748, 100440, 88646, 6726, 54967, 72302, 91377, 7170, 53858]"
109978,"[34690, 81477, 57994, 17162, 37034, 86584, 32036, 39245, 69524, 50898]"
109979,"[41297, 29620, 54091, 49833, 3980, 81414, 11476, 63025, 67171, 48215]"
109980,"[73279, 1885, 88749, 81228, 96285, 105099, 91080, 86088, 14140, 53757]"
109981,"[61288, 21226, 7774, 16704, 17492, 84323, 15532, 77844, 90350, 13903]"
109982,"[48776, 25235, 72568, 19320, 42716, 43612, 62905, 18663, 8046, 18754]"
109983,"[39319, 45157, 96787, 59632, 62916, 91917, 97520, 78329, 47712, 10]"
109984,"[89903, 25359, 4046, 62373, 325, 55448, 83615, 40251, 53706, 75900]"
109985,"[12432, 1513, 76628, 35865, 97514, 100051, 28745, 7306, 105720, 34492]"
109986,"[45977, 55500, 26554, 39474, 12700, 47781, 89375, 77626, 35197, 58]"
109987,"[54994, 13321, 71947, 46851, 33559, 64119, 554, 23982, 48125, 9487]"
109988,"[68107, 24612, 27788, 21578, 67804, 106813, 43547, 89882, 85763, 3372]"
109989,"[70537, 96296, 17417, 62528, 80567, 63495, 76591, 98126, 16630, 7785]"
109990,"[9743, 34274, 20543, 93302, 102422, 80923, 21367, 85833, 68872, 35523]"
109991,"[48676, 108685, 8858, 102094, 97192, 29419, 8946, 49784, 81942, 79211]"
109992,"[25922, 87619, 33424, 19244, 97579, 9558, 89897, 72190, 82580, 11587]"
109993,"[80894, 73818, 84525, 26894, 72272, 92516, 65207, 57823, 3342, 75788]"
109994,"[101876, 2159, 88676, 61983, 42727, 8808, 78874, 105433, 273, 94494]"
109995,"[32508, 10734, 77505, 101712, 65693, 15086, 73163, 100668, 52424, 47600]"
109996,"[50575, 100183, 37631, 93072, 37752, 33970, 30898, 16207, 78907, 27074]"
109997,"[27766, 25866, 50671, 80556, 52986, 87575, 29111, 8996, 17704, 4049]"
109998,"[33467, 2384, 81664, 96146, 27094, 71231, 71493, 5766, 103436, 5803]"
109999,"[24790, 54601, 80506, 44480, 57225, 31535, 54530, 64838, 81274, 71786]"
110000,"[46832, 22302, 8576, 14133, 107136, 52966, 2254, 106268, 52201, 2076]"
110001,"[72647, 37581, 39066, 3694, 67250, 80102, 99661, 61741, 102276, 73292]"
110002,"[19982, 74228, 30085, 81916, 74745, 67067, 55165, 46922, 41644, 1285]"
110003,"[100557, 86572, 45382, 56448, 90762, 66507, 20631, 37952, 59472, 14903]"
110004,"[31913, 84284, 27125, 81929, 108691, 79577, 48955, 902, 1972, 70181]"
110005,"[44119, 57109, 103362, 93535, 78011, 90450, 64783, 82522, 74662, 25471]"
110006,"[98063, 32272, 1614, 63358, 94062, 39455, 15574, 16857, 91548, 65878]"
110007,"[68043, 25246, 35751, 1780, 82717, 4000, 73274, 61490, 6694, 108993]"
110008,"[82409, 54398, 77938, 42386, 49382, 35741, 45727, 64242, 84579, 44150]"
110009,"[48963, 22791, 96302, 50873, 61150, 34237, 100237, 98460, 15377, 402]"
110010,"[42620, 90708, 69581, 42621, 31977, 16874, 25185, 68115, 69577, 7152]"
110011,"[18798, 55738, 6059, 109060, 17395, 107315, 107158, 47642, 28750, 101198]"
110012,"[22402, 38999, 30442, 93424, 61896, 64268, 89340, 22566, 62796, 105395]"
110013,"[96344, 101701, 8656, 51799, 93430, 42872, 41757, 40880, 45037, 92679]"
110014,"[15931, 26378, 43875, 54917, 81223, 60989, 74505, 43885, 49280, 35131]"
110015,"[67421, 105666, 35576, 96851, 93907, 37537, 71283, 76716, 50128, 32273]"
110016,"[94326, 6392, 15093, 28200, 18707, 88768, 14773, 54733, 84355, 98280]"
110017,"[24153, 27573, 98328, 9917, 30016, 9016, 64357, 84614, 92439, 41209]"
110018,"[106768, 19640, 69421, 92960, 6981, 107085, 58230, 40990, 14147, 46343]"
110019,"[47684, 77939, 89745, 99578, 35143, 95988, 38611, 71853, 61087, 104997]"
110020,"[59330, 29842, 86318, 71850, 4017, 50743, 14933, 68138, 93974, 24750]"
110021,"[13647, 89876, 77577, 28341, 98888, 79276, 69542, 27551, 92822, 101334]"
110022,"[103525, 82354, 100176, 11118, 62591, 34928, 85993, 70607, 818, 78169]"
110023,"[82962, 3930, 29416, 58720, 99663, 9846, 15525, 47524, 98950, 87489]"
110024,"[109069, 40461, 30030, 67756, 33652, 27747, 102542, 54956, 88371, 102560]"
110025,"[39315, 10272, 31578, 47915, 49429, 77633, 29791, 7620, 54227, 9946]"
110026,"[46587, 69236, 49831, 37840, 39334, 74860, 29420, 71486, 91214, 74297]"
110027,"[43487, 24398, 58698, 73110, 64898, 45694, 51433, 48025, 82293, 106046]"
110028,"[100843, 14415, 39878, 13586, 5207, 3302, 58868, 93538, 102164, 37360]"
110029,"[82980, 68310, 39013, 41565, 63676, 25397, 33602, 66635, 105454, 64152]"
110030,"[70308, 49694, 59242, 54798, 53329, 7008, 65582, 59200, 51820, 106462]"
110031,"[74039, 60190, 4556, 54909, 58239, 32728, 41730, 75690, 55982, 108161]"
110032,"[58794, 50890, 14305, 18413, 24076, 81866, 54618, 64801, 50113, 92822]"
110033,"[39048, 42623, 44371, 67642, 87973, 106229, 61758, 52671, 17065, 13532]"
110034,"[47364, 98157, 1211, 66262, 83331, 12755, 26914, 32915, 77128, 31941]"
110035,"[46948, 42190, 72593, 852, 74733, 100350, 20548, 61482, 64746, 48688]"
110036,"[59005, 65261, 50110, 54841, 73276, 27402, 33525, 6650, 47176, 22180]"
110037,"[50377, 97652, 46498, 101339, 42933, 70202, 104389, 45158, 97541, 89917]"
110038,"[108590, 2757, 28223, 79505, 20531, 91609, 55165, 1285, 35097, 55217]"
110039,"[101897, 39132, 23864, 26832, 60329, 44873, 78171, 48282, 31386, 76818]"
110040,"[255, 92916, 60107, 24448, 45894, 23288, 65604, 103187, 9026, 100490]"
110041,"[7885, 65099, 17008, 77274, 97397, 12852, 26202, 11392, 65770, 56125]"
110042,"[78403, 27438, 44284, 107277, 3368, 37849, 108421, 32045, 97203, 67899]"
110043,"[36498, 14997, 38403, 28641, 83149, 6723, 20381, 53942, 72770, 59236]"
110044,"[42689, 30493, 25329, 91622, 16438, 8636, 18947, 38588, 80655, 29390]"
110045,"[19517, 11215, 91025, 43971, 67467, 84123, 22577, 23539, 5340, 6329]"
110046,"[16679, 79683, 60950, 104890, 3052, 8441, 67303, 97344, 60588, 15425]"
110047,"[66816, 94538, 40076, 73762, 18356, 46800, 57712, 7037, 64812, 98223]"
110048,"[99187, 63743, 98480, 72603, 71014, 12218, 65330, 85683, 83559, 82523]"
110049,"[30541, 100000, 16668, 55634, 11962, 39731, 86095, 83934, 61051, 66865]"
110050,"[60967, 76257, 81322, 64367, 23179, 26137, 62779, 40217, 69092, 9216]"
110051,"[76126, 1477, 49688, 54886, 13905, 102540, 17561, 84406, 99067, 92654]"
110052,"[4541, 12458, 72398, 42750, 14748, 9197, 7518, 85878, 94255, 69245]"
110053,"[16977, 84442, 22674, 27641, 21534, 23793, 24412, 97250, 98325, 107465]"
110054,"[73114, 29256, 29778, 63539, 105746, 44711, 72432, 30195, 19044, 834]"
110055,"[20462, 10646, 92766, 66921, 73761, 41096, 103943, 103762, 32361, 1612]"
110056,"[20795, 20023, 64799, 77895, 98960, 44742, 53432, 48665, 88241, 21841]"
110057,"[19873, 101953, 8070, 12695, 70214, 97710, 75913, 27947, 4463, 94076]"
110058,"[47075, 83191, 64936, 37986, 20129, 97180, 76517, 88710, 56741, 70401]"
110059,"[89844, 25191, 29990, 5725, 47158, 81854, 31095, 37827, 80443, 72178]"
110060,"[90541, 75780, 2577, 2399, 28067, 15543, 36512, 30585, 83945, 91994]"
110061,"[56067, 25506, 27951, 4544, 40435, 54553, 21274, 94138, 24949, 89052]"
110062,"[101378, 15419, 79991, 76014, 23898, 16377, 43308, 48129, 107888, 65837]"
110063,"[31997, 46791, 46854, 20272, 34117, 19339, 58123, 64957, 100992, 36183]"
110064,"[14508, 39033, 8374, 101364, 67769, 28876, 98163, 3700, 83739, 15295]"
110065,"[83190, 59259, 50364, 8242, 73133, 76705, 58702, 44569, 14797, 76008]"
110066,"[16322, 47601, 63231, 1029, 71778, 35782, 41782, 43038, 87353, 51034]"
110067,"[12624, 87648, 12800, 15261, 69882, 99976, 690, 92497, 107043, 16900]"
110068,"[79047, 68417, 30121, 94086, 87807, 7505, 27807, 48326, 43593, 12138]"
110069,"[106511, 22279, 74844, 51623, 103724, 90865, 98845, 80622, 21522, 57501]"
110070,"[21632, 80328, 57950, 55152, 35449, 46280, 9476, 42237, 58065, 108515]"
110071,"[63593, 17615, 30809, 58966, 18909, 21508, 69752, 21097, 61608, 45673]"
110072,"[1662, 58449, 696, 1878, 109533, 34176, 82492, 71421, 87095, 40755]"
110073,"[63932, 9801, 98129, 7422, 87460, 58297, 43605, 105432, 102159, 90637]"
110074,"[62409, 5369, 61537, 56418, 48456, 8315, 75032, 79396, 33698, 69449]"
110075,"[52519, 57756, 15999, 56574, 105971, 32242, 5477, 83288, 104162, 1654]"
110076,"[13571, 41320, 56200, 65462, 98709, 28399, 43422, 27122, 76603, 2353]"
110077,"[15793, 40609, 53911, 87033, 48738, 23484, 21005, 54118, 62583, 50505]"
110078,"[42397, 2587, 83036, 43560, 103147, 89653, 68168, 89974, 89812, 103392]"
110079,"[11145, 20000, 74843, 82026, 35430, 93541, 77947, 56819, 6049, 101481]"
110080,"[26200, 83020, 106412, 50432, 92802, 53789, 108974, 102406, 19677, 98673]"
110081,"[106632, 5527, 6339, 88744, 100627, 73697, 2951, 28220, 95540, 43531]"
110082,"[1991, 73699, 64987, 44296, 42472, 47975, 11988, 94799, 30258, 43169]"
110083,"[1084, 63312, 61642, 37643, 101185, 14002, 29436, 54543, 63331, 38594]"
110084,"[44701, 50453, 49766, 31618, 91414, 16166, 22548, 83850, 80368, 93011]"
110085,"[85002, 101535, 91372, 35621, 7371, 32342, 106653, 39888, 90991, 24672]"
110086,"[38980, 35979, 100368, 62124, 18350, 65365, 77978, 94866, 74661, 32426]"
110087,"[105674, 94471, 53099, 55667, 65784, 40879, 79130, 97262, 96684, 96213]"
110088,"[20693, 50889, 53199, 63193, 1203, 12397, 34576, 99818, 64161, 51488]"
110089,"[64565, 98609, 79012, 108505, 69390, 108753, 19173, 86631, 65456, 84860]"
110090,"[18035, 82395, 64617, 61603, 99770, 73672, 26191, 101096, 25722, 46321]"
110091,"[63886, 43176, 9932, 56206, 92280, 79786, 42036, 100400, 56831, 48611]"
110092,"[64818, 17758, 72216, 72410, 8804, 44916, 1058, 81712, 57948, 85658]"
110093,"[22310, 62612, 47242, 83679, 55429, 37282, 2891, 6748, 76946, 48221]"
110094,"[106100, 80396, 24791, 105080, 23045, 49340, 77096, 66908, 107788, 27083]"
110095,"[10180, 69663, 35352, 103799, 9695, 90918, 97461, 26370, 65753, 7521]"
110096,"[96489, 3504, 6561, 65003, 52208, 15191, 84817, 95867, 66772, 61899]"
110097,"[85049, 22871, 88386, 107737, 34121, 103923, 37354, 23139, 78486, 92244]"
110098,"[3478, 12979, 73109, 15331, 57286, 79193, 45753, 78935, 59662, 86697]"
110099,"[73539, 66558, 88004, 59916, 72597, 44787, 53464, 92551, 46734, 44464]"
110100,"[79490, 15956, 18373, 104510, 44896, 17026, 33118, 58060, 83339, 38056]"
110101,"[177, 8461, 26661, 93693, 99689, 45965, 94030, 69530, 105701, 90702]"
110102,"[59242, 87439, 102514, 86242, 70308, 53329, 1671, 67206, 56178, 59302]"
110103,"[35406, 85253, 30770, 19591, 66809, 18659, 58208, 48124, 78918, 49588]"
110104,"[102397, 375, 104973, 12835, 54626, 100111, 22305, 3112, 62682, 73376]"
110105,"[82643, 66578, 33719, 50425, 17935, 34393, 39712, 4096, 69229, 101294]"
110106,"[106780, 84520, 17725, 21685, 26601, 83415, 91073, 65141, 2366, 24913]"
110107,"[41193, 25687, 87996, 101466, 53282, 846, 45192, 50282, 89129, 28510]"
110108,"[2282, 35810, 106130, 103872, 41641, 109027, 72174, 4770, 86331, 60570]"
110109,"[43702, 86458, 28714, 44669, 72734, 82692, 38400, 55947, 85467, 107654]"
110110,"[54477, 44807, 25, 94647, 41440, 41917, 19251, 6151, 80659, 98261]"
110111,"[85559, 2160, 29663, 108800, 14181, 98220, 17625, 64261, 45587, 7332]"
110112,"[1385, 8426, 19355, 33308, 52098, 43611, 82263, 69813, 48225, 52533]"
110113,"[10864, 37545, 40360, 106236, 52991, 37281, 105381, 17652, 59999, 75183]"
110114,"[40495, 8449, 56141, 51941, 50319, 6689, 38013, 12830, 96510, 89166]"
110115,"[66961, 37757, 49405, 105766, 18039, 6705, 25515, 29994, 35901, 20381]"
110116,"[4766, 38787, 7429, 37848, 86671, 63604, 26120, 97615, 51536, 98901]"
110117,"[49368, 16245, 6662, 36192, 26756, 97924, 34679, 59774, 42533, 17166]"
110118,"[11743, 48966, 103281, 459, 32908, 24573, 54562, 58747, 49977, 72657]"
110119,"[100553, 24356, 3162, 36279, 102875, 47937, 36354, 76951, 33716, 85652]"
110120,"[52623, 4851, 36512, 83945, 54483, 13911, 57467, 56336, 2399, 92624]"
110121,"[22053, 35519, 105951, 39806, 105857, 105880, 34164, 73281, 69317, 38925]"
110122,"[76379, 36838, 44711, 35260, 87857, 55467, 43232, 14141, 76636, 1730]"
110123,"[86093, 90866, 46181, 88130, 33168, 50746, 105987, 79852, 84561, 52842]"
110124,"[38774, 91593, 62609, 96388, 75622, 40603, 94007, 73159, 34033, 107629]"
110125,"[94793, 89848, 9344, 19074, 56558, 26081, 2138, 70501, 46290, 90385]"
110126,"[51194, 102846, 65310, 56355, 88685, 106975, 81661, 23570, 99068, 54724]"
110127,"[103213, 18067, 96113, 89304, 67487, 20645, 98978, 72932, 97601, 59586]"
110128,"[67927, 22007, 18564, 85570, 29672, 32565, 49136, 99095, 350, 7395]"
110129,"[47535, 103437, 35634, 42851, 29283, 66412, 97636, 3885, 50393, 22273]"
110130,"[36503, 7454, 17761, 54440, 72022, 101350, 59455, 38032, 52703, 29954]"
110131,"[47951, 41082, 88523, 28671, 55642, 68486, 30183, 32778, 88363, 89373]"
110132,"[16780, 18266, 36196, 15817, 84254, 79407, 77670, 15076, 44928, 72734]"
110133,"[34954, 31600, 104593, 47358, 100920, 1940, 14150, 23915, 28026, 62464]"
110134,"[2155, 97446, 33391, 20177, 7489, 5287, 11771, 77453, 93944, 51308]"
110135,"[61778, 60223, 63205, 46248, 6557, 105726, 45337, 102967, 106550, 89479]"
110136,"[67899, 37486, 89682, 107107, 26589, 61673, 19488, 66291, 11754, 83700]"
110137,"[13626, 17003, 31733, 67752, 2409, 59623, 16578, 7792, 17715, 5455]"
110138,"[54914, 54995, 85788, 43196, 4818, 45353, 107189, 25525, 54027, 319]"
110139,"[36710, 17324, 697, 37803, 38986, 60827, 107325, 38053, 41384, 5560]"
110140,"[13790, 25803, 737, 42798, 104565, 60051, 41267, 99071, 81759, 48340]"
110141,"[30884, 5719, 107843, 76990, 49662, 33163, 19999, 74230, 11302, 60343]"
110142,"[102049, 84860, 47762, 20010, 58865, 63671, 99640, 46651, 101943, 6713]"
110143,"[87990, 103440, 34687, 65451, 93366, 34845, 5311, 97086, 61215, 105262]"
110144,"[25464, 74671, 77533, 87247, 13943, 65282, 38741, 35681, 28118, 38552]"
110145,"[16434, 28733, 5118, 80916, 46502, 80758, 94282, 92267, 107362, 78046]"
110146,"[83230, 51254, 99180, 66172, 53423, 12963, 26330, 9118, 106139, 79160]"
110147,"[89222, 62766, 88760, 30952, 34257, 41664, 76365, 104431, 90858, 105718]"
110148,"[44948, 38190, 81836, 28378, 42843, 86520, 43158, 61251, 61166, 91358]"
110149,"[28198, 31259, 85538, 12524, 28403, 76579, 97675, 34001, 63532, 26815]"
110150,"[64990, 18412, 25717, 96658, 3141, 62076, 60501, 40067, 47949, 97830]"
110151,"[87394, 107468, 57258, 11174, 35278, 78962, 25930, 105918, 9375, 76459]"
110152,"[61014, 86771, 101552, 59447, 8175, 68787, 26320, 103500, 48164, 76492]"
110153,"[29828, 89707, 59083, 61095, 97286, 28493, 72482, 27650, 71091, 83069]"
110154,"[52608, 42792, 53612, 6976, 106105, 39731, 24691, 27461, 26046, 79108]"
110155,"[85278, 103099, 62419, 89655, 106532, 16102, 16620, 96173, 69412, 81264]"
110156,"[56066, 107486, 95404, 61139, 68115, 66820, 92858, 57986, 4571, 24397]"
110157,"[26443, 30207, 46588, 77068, 85682, 81709, 58944, 42321, 10470, 101628]"
110158,"[30886, 104866, 88713, 22833, 20770, 82133, 5258, 48434, 50137, 75485]"
110159,"[107853, 105081, 57883, 59692, 524, 33884, 32315, 74272, 87826, 41073]"
110160,"[24858, 14638, 33159, 49617, 59580, 6399, 77193, 93229, 73592, 57271]"
110161,"[57505, 39477, 34699, 101277, 43409, 34410, 109667, 89521, 101115, 52236]"
110162,"[101166, 6408, 45312, 106697, 46644, 79315, 13621, 80509, 107260, 32101]"
110163,"[15914, 109647, 91969, 29309, 94565, 53483, 9497, 33197, 42777, 92500]"
110164,"[14384, 48530, 29574, 94048, 109365, 104098, 86174, 73867, 7977, 94053]"
110165,"[98943, 57551, 16546, 48037, 57356, 63472, 61218, 37931, 984, 33227]"
110166,"[20202, 12100, 72159, 61838, 55089, 108362, 2968, 79774, 95815, 11318]"
110167,"[80352, 107583, 46137, 5435, 14471, 64539, 4433, 51566, 46824, 39237]"
110168,"[63450, 45814, 70434, 45107, 18074, 68378, 62405, 87475, 96084, 3804]"
110169,"[76621, 80967, 15369, 78023, 18645, 27916, 78130, 7695, 49907, 39297]"
110170,"[57835, 100725, 109559, 12540, 77295, 27085, 489, 38465, 74118, 107619]"
110171,"[105912, 102517, 68656, 4407, 105012, 91897, 90813, 59543, 53646, 100405]"
110172,"[42236, 81699, 84828, 84617, 43839, 108073, 99093, 31940, 1231, 6933]"
110173,"[39309, 34004, 36928, 76961, 53897, 76313, 17252, 53336, 73599, 50884]"
110174,"[93914, 36383, 104693, 56083, 38090, 1449, 61755, 22829, 49022, 103085]"
110175,"[29371, 41220, 36883, 83060, 40357, 62769, 3698, 108580, 48600, 69333]"
110176,"[105038, 99978, 81261, 27285, 21921, 87945, 98052, 40919, 17544, 40567]"
110177,"[105615, 14809, 12115, 49184, 35715, 47339, 79189, 57669, 38413, 103568]"
110178,"[90095, 96479, 2393, 10673, 53446, 51003, 48406, 68001, 66856, 48286]"
110179,"[73742, 32182, 20915, 64481, 78392, 89973, 35770, 7701, 78255, 51362]"
110180,"[32941, 97407, 763, 11147, 9955, 52581, 72233, 46547, 107039, 1346]"
110181,"[80760, 102937, 12935, 10906, 14732, 44856, 51728, 185, 61614, 90822]"
110182,"[46047, 89244, 12073, 25497, 31324, 101876, 42727, 90729, 34600, 58664]"
110183,"[100933, 17752, 10620, 56913, 108686, 66531, 51807, 80245, 108251, 104456]"
110184,"[60392, 75872, 66555, 65012, 80292, 16678, 50350, 60485, 33815, 78880]"
110185,"[31944, 70870, 34239, 18165, 63463, 19574, 43385, 12273, 50376, 64226]"
110186,"[54734, 44848, 73592, 64771, 45300, 78802, 104405, 102736, 23512, 78285]"
110187,"[35537, 7918, 18540, 62014, 99436, 84913, 57939, 9211, 6733, 79310]"
110188,"[78922, 108983, 46182, 59595, 46745, 32797, 75322, 9503, 30885, 78066]"
110189,"[98671, 68020, 55177, 10256, 22350, 61141, 85179, 94845, 23628, 2383]"
110190,"[4304, 105993, 50469, 81438, 67465, 91147, 13347, 79438, 18261, 84198]"
110191,"[18525, 62819, 92640, 4177, 73269, 68671, 14800, 87908, 99528, 24407]"
110192,"[39396, 61514, 62619, 27932, 4161, 9934, 87703, 44717, 29147, 11033]"
110193,"[95945, 96499, 4418, 1093, 11675, 25105, 105721, 77946, 82380, 34754]"
110194,"[7938, 27182, 69810, 96559, 70721, 68188, 24902, 19501, 28995, 15351]"
110195,"[36686, 29311, 54769, 38392, 98286, 18708, 63482, 38481, 82224, 15309]"
110196,"[88598, 6138, 101803, 6576, 50069, 50174, 5853, 32409, 54563, 25753]"
110197,"[62601, 82905, 70549, 51736, 24276, 109439, 37661, 93414, 53316, 70078]"
110198,"[79074, 6040, 86486, 98962, 71914, 63125, 9488, 461, 43411, 41847]"
110199,"[81687, 81772, 102996, 68693, 33046, 59344, 38961, 46145, 71294, 8346]"
110200,"[26035, 17318, 52666, 24947, 7002, 94777, 41716, 34167, 79845, 76765]"
110201,"[69696, 107104, 69490, 96931, 39354, 32680, 78181, 40989, 66330, 106363]"
110202,"[43057, 35778, 11994, 78388, 35065, 15103, 33939, 4533, 43629, 92183]"
110203,"[57170, 99485, 7222, 28566, 31042, 86698, 101250, 26610, 106861, 91442]"
110204,"[106470, 101002, 103533, 76491, 66994, 61074, 75242, 65536, 68449, 23782]"
110205,"[100716, 39322, 107935, 308, 86164, 48311, 78372, 64034, 12865, 89516]"
110206,"[94761, 97549, 108683, 2674, 38998, 90023, 31528, 31340, 75300, 95665]"
110207,"[77187, 30206, 26064, 109334, 72502, 48049, 13159, 105781, 71620, 38494]"
110208,"[24060, 57039, 22609, 55115, 109260, 90155, 51371, 49750, 94562, 107213]"
110209,"[50150, 25769, 62180, 73335, 7804, 22819, 88256, 32301, 72592, 26752]"
110210,"[18098, 43964, 70458, 44788, 28061, 98293, 68549, 6485, 92882, 85473]"
110211,"[62637, 95441, 108426, 24582, 104760, 48492, 84360, 57000, 58630, 19363]"
110212,"[94019, 57316, 14164, 11574, 11190, 46227, 38281, 13713, 42807, 88682]"
110213,"[32845, 81679, 66801, 33353, 3304, 43294, 104129, 25826, 2950, 74566]"
110214,"[55734, 98156, 109679, 11050, 70530, 58357, 106589, 99023, 21940, 22244]"
110215,"[42855, 58689, 78532, 108635, 11789, 40629, 103868, 46006, 16968, 6206]"
110216,"[62730, 37896, 58243, 87695, 29376, 89037, 4740, 37923, 50546, 1131]"
110217,"[55276, 85174, 69583, 100332, 2557, 81447, 53373, 87603, 49235, 101522]"
110218,"[38760, 13854, 96892, 70713, 12683, 86717, 92912, 18763, 77654, 74416]"
110219,"[12640, 56844, 77138, 69347, 90508, 3056, 11824, 82214, 95152, 69569]"
110220,"[15949, 49916, 99979, 109226, 71587, 78102, 17056, 59998, 53827, 74699]"
110221,"[49744, 45252, 36975, 96317, 107754, 41622, 13351, 82802, 73974, 32726]"
110222,"[29165, 220, 28899, 48024, 101900, 66959, 37416, 88095, 6277, 2269]"
110223,"[12464, 79642, 15960, 49491, 106107, 32547, 25297, 63882, 94728, 12330]"
110224,"[46274, 32130, 14896, 30201, 30543, 71783, 44664, 83665, 90347, 70561]"
110225,"[98426, 13895, 41708, 77934, 42719, 4530, 39752, 63522, 51176, 14676]"
110226,"[45079, 20762, 2849, 49537, 2109, 4236, 92965, 67745, 46080, 12401]"
110227,"[75708, 22908, 1291, 104100, 26159, 59355, 79537, 65179, 36308, 102541]"
110228,"[69907, 32262, 18471, 7421, 91147, 47147, 82032, 98082, 104484, 4188]"
110229,"[70086, 18863, 27483, 11745, 89277, 7509, 3646, 78043, 55710, 4579]"
110230,"[9015, 35292, 105656, 30009, 6017, 109706, 89221, 86908, 49436, 14249]"
110231,"[57396, 97737, 15210, 20824, 36270, 60998, 26690, 89855, 97703, 70648]"
110232,"[12445, 6179, 99370, 25462, 76424, 2454, 16237, 51327, 109740, 66066]"
110233,"[53140, 81368, 34981, 58118, 5657, 71156, 81113, 28470, 8779, 61671]"
110234,"[4654, 58391, 57083, 102492, 68305, 105741, 96614, 95021, 76228, 39337]"
110235,"[9783, 37888, 26545, 11380, 24773, 64065, 56598, 91635, 31607, 102848]"
110236,"[37187, 56926, 40968, 21348, 29855, 43660, 33484, 70377, 2532, 5719]"
110237,"[63310, 35158, 98278, 71332, 78561, 76566, 16786, 38527, 33758, 12754]"
110238,"[58384, 78172, 34595, 100162, 29784, 25659, 74374, 84931, 39400, 2620]"
110239,"[92178, 16423, 84616, 16613, 17790, 37441, 27834, 3468, 108692, 88696]"
110240,"[43297, 86874, 4013, 20573, 107795, 107749, 34658, 94878, 83231, 32069]"
110241,"[91160, 39478, 3188, 105851, 99755, 85218, 23228, 58311, 98810, 107746]"
110242,"[91761, 11560, 41781, 54177, 87337, 37650, 69477, 5677, 9035, 41490]"
110243,"[89436, 12397, 13228, 71830, 97318, 106486, 100202, 57426, 21345, 76501]"
110244,"[81820, 107261, 106157, 82334, 80754, 3195, 101291, 32348, 5913, 101563]"
110245,"[109433, 50477, 68590, 23032, 47043, 54488, 42181, 22773, 108300, 90521]"
110246,"[73484, 96475, 90139, 67952, 20481, 57389, 88375, 14429, 72283, 104779]"
110247,"[62841, 8422, 67283, 93231, 86051, 40746, 58479, 108971, 102800, 80634]"
110248,"[53869, 32185, 95257, 17063, 92051, 98085, 66450, 108872, 30961, 47391]"
110249,"[24672, 90991, 7371, 32342, 81608, 80911, 19935, 101535, 85002, 91372]"
110250,"[79537, 65179, 26159, 17070, 22908, 1291, 104100, 36308, 75708, 59355]"
110251,"[57546, 100515, 37601, 71626, 79197, 44778, 11908, 43351, 76908, 58825]"
110252,"[92929, 49069, 7989, 100462, 28768, 83510, 27291, 40298, 8957, 34588]"
110253,"[85544, 23018, 85555, 80132, 41946, 26729, 57080, 12245, 50930, 56258]"
110254,"[10324, 33398, 95788, 25835, 34201, 61538, 32493, 79476, 95604, 4938]"
110255,"[41900, 24459, 83723, 80242, 86237, 3964, 22196, 60411, 160, 85361]"
110256,"[95159, 88687, 712, 90848, 43357, 94515, 95917, 32280, 3483, 53235]"
110257,"[107420, 20640, 41938, 86032, 70665, 97009, 72226, 4626, 17590, 23559]"
110258,"[69454, 57510, 69694, 83518, 2755, 35360, 43434, 45914, 107704, 37145]"
110259,"[43488, 11074, 61559, 61146, 49028, 100632, 77182, 39715, 60996, 12206]"
110260,"[95436, 94048, 4093, 72722, 92423, 53080, 19040, 34735, 76992, 94042]"
110261,"[66881, 44161, 15007, 6655, 17462, 26943, 31665, 12365, 107246, 22804]"
110262,"[47708, 93758, 89247, 56283, 97837, 46245, 6874, 5892, 36388, 4379]"
110263,"[102724, 91179, 32447, 48569, 105199, 40705, 63634, 17727, 71812, 67126]"
110264,"[69898, 31638, 79204, 22511, 346, 79038, 54476, 73486, 86053, 2527]"
110265,"[43678, 44942, 67997, 14, 82461, 62127, 37162, 66794, 22325, 71510]"
110266,"[6977, 73115, 72383, 95727, 15210, 20699, 10416, 51282, 72344, 97107]"
110267,"[12012, 42486, 51637, 17584, 81488, 46336, 75139, 21044, 32975, 100569]"
110268,"[15275, 3287, 24464, 94948, 53051, 70996, 82037, 108592, 5969, 93657]"
110269,"[99757, 90396, 14084, 2658, 85146, 19096, 44321, 102396, 108252, 77624]"
110270,"[86948, 88296, 94017, 39253, 102753, 76066, 91934, 32197, 54637, 19046]"
110271,"[29236, 84468, 95249, 56101, 23267, 46725, 96096, 73508, 49487, 102421]"
110272,"[20810, 104017, 104196, 94325, 28608, 69881, 77718, 43060, 91212, 32601]"
110273,"[6774, 24897, 13567, 50083, 108759, 6452, 58799, 19811, 102269, 77111]"
110274,"[21172, 43215, 41005, 100196, 83259, 2067, 80949, 56697, 68545, 16184]"
110275,"[71158, 6461, 4729, 11094, 23129, 42502, 29339, 42138, 38468, 60041]"
110276,"[45954, 61444, 9696, 21746, 100178, 86745, 84382, 36952, 97683, 97727]"
110277,"[35233, 93454, 101757, 34080, 104743, 74366, 2833, 65600, 86438, 86462]"
110278,"[15062, 51932, 50708, 82399, 69880, 15595, 46109, 100244, 58889, 30060]"
110279,"[102094, 8858, 81942, 108685, 20569, 55541, 48676, 49784, 105986, 21402]"
110280,"[96358, 46132, 50486, 64432, 3333, 56525, 36794, 8188, 61032, 47744]"
110281,"[58558, 52873, 108163, 81905, 1564, 71112, 41471, 91392, 98316, 107476]"
110282,"[43857, 38151, 86735, 53688, 70860, 85671, 71902, 23381, 56727, 36615]"
110283,"[91997, 46414, 31583, 106071, 87818, 102313, 20122, 107677, 100284, 1700]"
110284,"[81691, 25248, 25502, 4646, 86449, 37878, 44347, 39674, 15076, 56086]"
110285,"[77918, 84319, 21516, 49709, 18339, 37637, 74404, 98687, 23281, 85923]"
110286,"[98602, 42010, 74868, 65224, 50881, 57516, 30257, 106765, 73627, 37716]"
110287,"[101276, 11907, 82923, 62229, 54921, 83210, 95586, 85603, 6860, 63582]"
110288,"[14399, 2929, 8630, 7014, 80993, 103628, 20842, 29449, 74977, 1473]"
110289,"[17632, 95551, 65056, 69445, 85519, 97967, 94965, 55221, 106496, 25218]"
110290,"[54931, 102437, 89990, 37494, 34596, 82478, 86749, 68419, 40391, 95361]"
110291,"[108629, 101193, 40849, 53499, 104375, 78437, 104602, 18003, 32235, 76431]"
110292,"[66658, 46120, 8776, 50177, 76772, 94704, 76693, 3460, 86235, 24348]"
110293,"[37689, 105402, 33068, 35408, 97137, 91585, 24026, 60467, 41346, 53500]"
110294,"[91552, 85843, 44417, 34240, 12318, 35700, 106203, 16186, 83858, 44259]"
110295,"[77747, 100463, 14031, 55411, 87729, 30579, 6752, 37943, 529, 63114]"
110296,"[66363, 83034, 97972, 1209, 49549, 25749, 73053, 20756, 5031, 73085]"
110297,"[83713, 54060, 34338, 77269, 32044, 8275, 20562, 11885, 81551, 52242]"
110298,"[85584, 5581, 304, 93421, 924, 74840, 70115, 8212, 81957, 28965]"
110299,"[36775, 103936, 48727, 14342, 101018, 4965, 101134, 60502, 81786, 35479]"
110300,"[74456, 61688, 105688, 97948, 65088, 80191, 46749, 61835, 89167, 76823]"
110301,"[51245, 64371, 57681, 45892, 88822, 38499, 85974, 92410, 65628, 23196]"
110302,"[21357, 54862, 47823, 102710, 26550, 69584, 99, 106736, 20962, 48441]"
110303,"[21606, 86642, 65681, 8446, 70150, 28802, 68754, 108300, 86503, 30939]"
110304,"[83666, 97562, 95207, 52438, 107644, 56010, 103137, 12286, 73380, 7987]"
110305,"[46549, 7111, 97490, 7981, 59267, 98816, 75992, 74185, 37145, 41768]"
110306,"[100563, 56132, 62145, 18807, 107077, 23051, 51172, 26528, 105563, 40774]"
110307,"[20872, 22021, 95488, 7500, 11639, 57971, 41383, 75114, 15119, 88835]"
110308,"[58253, 66157, 25219, 1204, 55062, 31582, 91986, 57260, 61920, 8943]"
110309,"[40104, 92726, 2146, 38324, 22135, 65566, 40672, 85170, 84703, 18893]"
110310,"[106668, 13252, 28600, 32656, 29648, 32977, 81379, 103970, 73216, 96649]"
110311,"[36967, 49265, 58242, 40730, 7172, 69062, 82198, 67926, 28455, 85066]"
110312,"[33892, 65945, 13585, 80089, 92140, 86448, 30420, 83363, 49728, 103049]"
110313,"[65148, 8451, 18791, 64731, 39959, 9737, 9297, 66074, 98802, 100372]"
110314,"[10020, 17085, 91171, 57895, 80832, 15699, 81891, 89122, 27168, 73339]"
110315,"[43557, 106659, 37868, 35363, 17103, 43068, 30810, 62898, 84584, 46124]"
110316,"[80632, 92465, 84788, 85574, 51458, 63107, 53624, 50087, 54232, 17170]"
110317,"[62555, 42874, 80940, 81830, 89289, 34155, 8652, 90515, 67713, 45918]"
110318,"[51059, 106208, 53663, 5006, 84017, 23848, 84449, 60422, 8655, 103718]"
110319,"[109032, 22369, 95147, 62588, 16238, 30395, 91207, 101541, 97375, 74393]"
110320,"[9612, 10054, 26589, 23692, 41907, 82105, 12067, 75343, 67032, 14840]"
110321,"[23456, 94408, 14335, 34268, 78492, 83403, 67897, 6965, 23513, 5000]"
110322,"[75875, 70983, 29295, 103998, 95118, 102332, 24894, 18696, 15021, 104597]"
110323,"[8910, 11052, 79830, 36185, 99712, 95425, 92974, 93640, 7633, 74210]"
110324,"[77101, 106194, 869, 9222, 91180, 75779, 20007, 43967, 75214, 93967]"
110325,"[11173, 65357, 95149, 46707, 56437, 106832, 78923, 20455, 63797, 68755]"
110326,"[21401, 70328, 81617, 54771, 788, 15410, 108825, 109095, 66415, 91057]"
110327,"[19348, 35568, 54088, 20412, 13077, 63059, 39208, 90346, 36317, 51436]"
110328,"[98632, 51733, 87950, 76258, 99281, 41895, 76360, 24728, 74371, 101485]"
110329,"[9563, 25970, 82139, 89083, 59522, 26075, 18381, 17218, 27900, 39852]"
110330,"[45598, 26370, 65753, 103799, 9695, 33666, 90918, 35352, 69663, 5014]"
110331,"[7577, 54339, 32096, 30665, 32848, 11956, 84426, 3942, 31029, 30074]"
110332,"[30566, 66648, 54928, 73806, 50810, 66640, 96838, 52036, 28905, 41270]"
110333,"[20799, 28111, 49726, 107920, 24811, 15263, 22469, 58588, 65310, 93969]"
110334,"[52711, 75902, 21139, 18671, 70184, 104611, 46338, 33891, 59052, 6990]"
110335,"[14436, 72763, 15803, 13878, 93638, 90570, 70181, 50408, 72496, 50468]"
110336,"[71043, 84278, 65170, 73098, 87535, 81211, 62020, 10610, 11879, 11412]"
110337,"[28311, 75086, 30789, 57209, 8303, 99384, 39037, 85404, 51860, 29420]"
110338,"[103887, 57886, 109534, 75706, 16652, 52573, 71995, 77841, 8093, 79295]"
110339,"[67626, 105490, 97573, 14167, 40377, 36257, 37109, 9501, 83477, 94920]"
110340,"[75098, 6128, 33528, 48780, 89472, 40424, 53151, 5253, 27983, 16976]"
110341,"[62331, 10432, 91355, 41330, 109454, 19188, 51503, 84549, 14420, 52941]"
110342,"[19329, 75316, 980, 54697, 40103, 13193, 62557, 81739, 107385, 41027]"
110343,"[82707, 104679, 28962, 45530, 66422, 52212, 15775, 38864, 17272, 6073]"
110344,"[18556, 44818, 43851, 44857, 85650, 61881, 9986, 107567, 25620, 25537]"
110345,"[36990, 21083, 67444, 32828, 59408, 57385, 1434, 62717, 66163, 22902]"
110346,"[101311, 89462, 59161, 1073, 1795, 67108, 69401, 5587, 99614, 84083]"
110347,"[33364, 67464, 49273, 23923, 20404, 14518, 46799, 33885, 7956, 61463]"
110348,"[86391, 13108, 36629, 79499, 108866, 73538, 24810, 87605, 6673, 86482]"
110349,"[93642, 53845, 107411, 39083, 12556, 365, 100346, 43417, 91211, 5969]"
110350,"[8166, 80586, 52599, 3539, 10680, 19416, 80047, 2939, 60607, 76477]"
110351,"[31272, 56422, 106006, 67606, 29098, 16639, 2974, 35384, 97168, 108641]"
110352,"[87931, 93452, 99584, 81584, 91957, 72849, 25736, 44728, 82010, 91696]"
110353,"[50505, 68969, 48209, 40609, 99748, 15793, 27067, 50909, 53911, 48738]"
110354,"[28795, 71142, 53503, 32903, 102825, 93651, 46855, 17695, 12727, 103404]"
110355,"[72062, 100940, 35911, 59555, 73784, 62002, 76370, 53995, 98312, 59410]"
110356,"[30841, 38523, 87940, 51707, 22376, 53407, 51220, 45916, 44345, 67747]"
110357,"[94279, 77554, 8869, 57943, 17620, 58957, 104458, 36682, 84830, 46670]"
110358,"[68824, 90809, 92678, 45234, 76361, 20574, 29540, 49284, 8490, 45893]"
110359,"[3007, 87790, 43244, 33437, 52293, 245, 10563, 99215, 64240, 17372]"
110360,"[13571, 101059, 20519, 98566, 56200, 2353, 65462, 75176, 47123, 81773]"
110361,"[49592, 32619, 41492, 1339, 73977, 98493, 88107, 68911, 23708, 101711]"
110362,"[106498, 77647, 7031, 30350, 43947, 81507, 104957, 95117, 95630, 48965]"
110363,"[84688, 49239, 17035, 98597, 57928, 2533, 31485, 99030, 45275, 34649]"
110364,"[30275, 70951, 50733, 1303, 104379, 9449, 48914, 40599, 7767, 118]"
110365,"[9709, 23247, 91310, 62465, 48208, 22039, 71549, 96480, 11236, 41981]"
110366,"[53008, 70297, 61695, 93357, 106917, 80954, 39197, 49896, 3201, 94487]"
110367,"[84839, 15447, 71681, 77233, 32416, 21030, 14485, 14765, 39471, 71869]"
110368,"[44226, 42957, 108482, 63572, 91040, 7367, 50878, 108309, 98006, 105211]"
110369,"[52180, 78229, 82592, 67170, 27243, 64959, 15020, 74644, 108892, 1526]"
110370,"[9957, 13618, 27958, 103171, 42272, 90348, 15208, 16356, 26474, 86638]"
110371,"[39682, 17251, 41467, 97377, 4240, 54138, 54690, 9835, 104980, 67570]"
110372,"[50238, 17152, 89634, 57644, 27146, 23717, 92392, 92807, 92042, 60620]"
110373,"[70891, 37178, 12072, 97482, 93663, 18600, 93703, 97644, 77777, 20835]"
110374,"[78407, 56524, 5021, 29333, 72921, 85273, 83714, 42735, 108437, 49327]"
110375,"[68267, 36367, 16471, 41812, 36109, 45335, 1085, 21616, 15917, 96445]"
110376,"[85705, 105358, 18724, 26677, 57147, 28131, 77153, 59153, 108347, 7898]"
110377,"[49532, 28977, 101987, 97997, 20379, 107534, 67220, 92424, 63708, 86445]"
110378,"[26543, 15679, 58614, 109240, 85829, 11446, 71009, 76267, 87949, 62428]"
110379,"[71972, 38535, 74234, 84294, 90952, 23886, 12977, 90803, 24710, 12838]"
110380,"[11426, 83028, 90532, 108291, 14197, 24064, 42866, 88754, 95017, 10788]"
110381,"[14457, 22616, 77417, 89972, 54048, 10650, 92154, 66118, 62736, 104261]"
110382,"[11519, 40091, 51627, 76762, 16019, 10751, 81546, 101598, 109748, 105488]"
110383,"[30306, 56051, 48686, 104060, 62942, 46054, 37522, 85192, 58693, 107146]"
110384,"[59442, 65083, 145, 89285, 73474, 89529, 92378, 81906, 23855, 50061]"
110385,"[103067, 46772, 38590, 72028, 100671, 21977, 77551, 54712, 32639, 61366]"
110386,"[78032, 79782, 31351, 45707, 97749, 80618, 104908, 43371, 7200, 76059]"
110387,"[20871, 87836, 19730, 96903, 67113, 96829, 80361, 76152, 48211, 54970]"
110388,"[29361, 28103, 22499, 101900, 6335, 58047, 64844, 31390, 29165, 37416]"
110389,"[18886, 94703, 37955, 38713, 18475, 6336, 83203, 39997, 34885, 92797]"
110390,"[5241, 83544, 64424, 59322, 46592, 26857, 68287, 57062, 98640, 3588]"
110391,"[19740, 15552, 89044, 31006, 87491, 27530, 86442, 61604, 83703, 99623]"
110392,"[61088, 64839, 58905, 25355, 18997, 47892, 86427, 99407, 106645, 60831]"
110393,"[97935, 905, 11411, 99997, 81810, 88812, 44500, 85796, 57642, 30379]"
110394,"[103190, 7198, 19513, 92674, 37326, 56285, 79269, 41424, 31170, 92345]"
110395,"[15415, 79079, 86291, 76369, 54188, 13280, 3961, 75699, 4645, 70472]"
110396,"[22532, 74670, 51501, 20253, 73151, 50294, 69691, 95783, 31269, 93336]"
110397,"[68965, 76450, 11494, 103794, 56646, 91577, 108540, 5442, 1701, 16453]"
110398,"[7659, 21799, 13134, 52391, 37503, 34720, 20126, 3536, 99918, 81603]"
110399,"[63356, 87522, 57622, 97018, 70489, 46895, 43599, 1364, 37713, 32156]"
110400,"[78339, 58220, 7645, 40050, 77707, 30524, 22227, 18522, 6672, 97115]"
110401,"[6253, 96027, 50818, 47918, 71776, 24300, 106437, 84226, 35273, 60246]"
110402,"[70835, 103637, 38083, 107055, 29774, 24861, 40518, 17406, 65503, 102623]"
110403,"[102041, 26588, 68014, 64758, 15693, 109496, 42761, 78093, 29747, 57527]"
110404,"[30456, 67325, 50941, 106439, 75202, 68959, 46267, 74652, 30675, 29557]"
110405,"[88114, 29619, 16125, 79203, 12467, 45641, 86722, 81216, 33572, 108852]"
110406,"[60847, 99089, 53380, 79146, 59786, 34554, 108900, 46926, 77040, 96710]"
110407,"[87448, 74640, 77498, 107637, 85303, 105646, 66621, 79028, 83891, 43678]"
110408,"[41927, 78694, 76684, 33753, 48586, 26913, 50787, 39933, 51741, 61348]"
110409,"[22715, 37138, 68819, 21247, 100228, 85114, 67141, 10772, 48529, 40989]"
110410,"[103246, 58924, 3878, 18867, 66336, 36104, 42732, 106366, 52134, 23528]"
110411,"[94580, 95691, 95098, 91193, 65624, 3432, 74712, 95084, 30779, 106052]"
110412,"[46045, 81377, 88964, 70411, 52996, 97398, 92765, 90434, 36855, 54982]"
110413,"[8446, 86642, 68754, 21606, 70150, 28802, 65681, 8109, 89927, 45765]"
110414,"[2545, 69159, 29062, 41924, 95050, 51345, 3724, 53627, 38642, 70163]"
110415,"[79639, 64036, 14101, 84084, 79167, 62903, 55997, 44580, 46488, 87078]"
110416,"[20024, 28270, 20525, 709, 72759, 2629, 42104, 34054, 16650, 58491]"
110417,"[99390, 51804, 2594, 72154, 31800, 105579, 71882, 105419, 21703, 2693]"
110418,"[66532, 85304, 74805, 10116, 103382, 72304, 62347, 21219, 59587, 65825]"
110419,"[12431, 57132, 102662, 3851, 83681, 58296, 84195, 85210, 155, 10552]"
110420,"[98268, 34341, 46064, 108860, 67680, 72489, 73087, 34971, 69805, 15332]"
110421,"[26183, 95812, 24727, 93241, 96430, 19359, 91611, 106729, 22008, 30917]"
110422,"[93710, 89468, 47162, 4012, 87299, 46375, 75894, 109467, 33025, 11374]"
110423,"[60097, 107086, 66501, 4317, 108967, 16917, 67889, 642, 108964, 4457]"
110424,"[44058, 97358, 7630, 52630, 87797, 73026, 61298, 78851, 79007, 6002]"
110425,"[65071, 53560, 39439, 105350, 42771, 15244, 390, 30911, 17959, 32065]"
110426,"[88443, 45321, 61193, 30062, 39730, 3054, 10384, 54709, 3150, 6173]"
110427,"[86058, 84955, 27569, 34743, 16326, 60146, 18855, 107613, 70570, 27513]"
110428,"[44106, 79438, 81438, 84693, 67465, 29453, 41173, 4304, 105993, 50469]"
110429,"[90279, 34755, 44951, 49646, 15734, 45589, 86829, 68019, 97944, 101363]"
110430,"[15980, 84808, 8351, 104634, 102053, 4111, 3018, 23086, 9437, 43737]"
110431,"[1128, 32142, 27994, 86902, 98506, 44751, 59100, 80892, 25138, 106783]"
110432,"[40830, 75879, 74023, 6329, 62774, 22577, 104632, 47268, 80203, 5233]"
110433,"[76539, 61924, 59898, 37389, 36522, 28394, 74327, 30497, 32026, 47013]"
110434,"[64917, 13891, 90757, 98048, 49188, 39461, 51896, 109139, 105314, 75987]"
110435,"[77616, 42896, 104971, 34456, 26725, 90243, 18031, 26314, 76605, 82454]"
110436,"[108360, 27054, 98611, 16341, 74923, 40635, 21109, 98613, 104872, 15610]"
110437,"[48116, 48688, 104465, 2415, 14792, 80074, 27850, 90911, 76803, 21894]"
110438,"[60590, 39671, 28689, 50914, 104692, 77536, 54839, 35098, 103439, 52813]"
110439,"[39030, 9494, 84297, 8546, 85677, 73827, 99818, 93966, 30822, 100425]"
110440,"[53833, 104728, 50593, 79995, 96158, 22222, 11617, 98565, 50510, 77065]"
110441,"[35547, 13800, 71844, 31181, 39399, 16442, 95674, 86044, 64774, 26157]"
110442,"[76691, 62675, 70322, 3043, 51767, 97418, 97823, 89723, 22758, 32905]"
110443,"[72035, 14894, 72481, 40869, 87591, 83968, 19603, 55408, 37796, 65214]"
110444,"[43765, 80284, 99987, 21607, 38690, 59045, 103804, 77509, 41617, 43604]"
110445,"[24706, 37062, 78004, 34722, 50026, 28515, 72549, 1912, 14686, 3203]"
110446,"[24708, 31179, 93760, 42853, 77680, 40549, 35299, 31782, 14978, 106928]"
110447,"[61031, 39129, 105252, 1235, 75843, 43524, 21510, 107234, 43053, 46222]"
110448,"[93901, 18320, 26555, 44363, 11294, 2671, 87209, 84427, 71766, 82201]"
110449,"[50059, 912, 14236, 13449, 7137, 82044, 64853, 75637, 105765, 98615]"
110450,"[25688, 60784, 90010, 64298, 75335, 80834, 65109, 89380, 50522, 92149]"
110451,"[33972, 82417, 35184, 78837, 89297, 27374, 43056, 28104, 56385, 15305]"
110452,"[64735, 71923, 8066, 4296, 44316, 49167, 63179, 46585, 102188, 89916]"
110453,"[84235, 27116, 33245, 84686, 95671, 39618, 59651, 13349, 79281, 22341]"
110454,"[3483, 32280, 12370, 59062, 34979, 93371, 21111, 3594, 95917, 95159]"
110455,"[42216, 90700, 18536, 19954, 72483, 7448, 70576, 60971, 3702, 48726]"
110456,"[41751, 87116, 84944, 25804, 81226, 49962, 4140, 44072, 47849, 71226]"
110457,"[94773, 106040, 76356, 2031, 81323, 108384, 66606, 37056, 82192, 87911]"
110458,"[10882, 18169, 9388, 72043, 96923, 65439, 103986, 48847, 88846, 22611]"
110459,"[7447, 97940, 21624, 68609, 240, 45445, 17137, 50234, 97089, 107409]"
110460,"[48535, 11100, 67169, 18157, 16057, 57579, 41007, 56583, 22274, 84159]"
110461,"[33172, 35873, 7188, 22586, 56522, 54845, 4633, 9680, 25721, 109391]"
110462,"[63965, 84118, 4653, 8018, 53408, 36034, 45997, 86484, 14752, 267]"
110463,"[18078, 61950, 41950, 75616, 12035, 33820, 82473, 86490, 13559, 21768]"
110464,"[78084, 75047, 77884, 1232, 822, 108798, 2584, 94000, 17678, 31692]"
110465,"[2757, 108590, 79505, 55165, 55217, 20531, 28223, 35097, 81916, 74745]"
110466,"[81935, 47334, 45782, 81063, 29917, 82048, 5246, 3697, 13290, 26541]"
110467,"[97681, 61413, 104637, 19601, 103075, 41162, 12408, 92830, 82465, 101774]"
110468,"[52054, 59796, 42225, 29475, 50053, 18026, 42127, 32379, 105398, 91115]"
110469,"[77990, 22533, 68527, 64007, 53452, 86871, 80337, 38562, 66864, 60258]"
110470,"[50843, 88210, 7181, 31457, 93279, 52469, 27056, 83523, 86233, 54174]"
110471,"[33116, 24800, 95063, 10785, 2343, 38536, 10202, 21, 67451, 88596]"
110472,"[50194, 77764, 61258, 11658, 89667, 75867, 5631, 29392, 59324, 22555]"
110473,"[77397, 66195, 26178, 32774, 88208, 76637, 87270, 37009, 101861, 48908]"
110474,"[22877, 87677, 65857, 100790, 69212, 53841, 51163, 96631, 25130, 31273]"
110475,"[5686, 85905, 81652, 77025, 10389, 26651, 2283, 104483, 63591, 29920]"
110476,"[47385, 68157, 8207, 52189, 37008, 41186, 15216, 53668, 74108, 86929]"
110477,"[10074, 31296, 69368, 88477, 17938, 18543, 58872, 1332, 10769, 33571]"
110478,"[64792, 90327, 42499, 67862, 73448, 63227, 1408, 107881, 31531, 67130]"
110479,"[84591, 83999, 67576, 70258, 31008, 104229, 35429, 46880, 15876, 28588]"
110480,"[8039, 40771, 59230, 22114, 54112, 91127, 21060, 77726, 69498, 61049]"
110481,"[95397, 26907, 36766, 82187, 31449, 64798, 91557, 36810, 31994, 85496]"
110482,"[26384, 39145, 49523, 54911, 106629, 105626, 37830, 100823, 8219, 100304]"
110483,"[88443, 76395, 45321, 30062, 89170, 59119, 10384, 54709, 3054, 6173]"
110484,"[23221, 10927, 21117, 81499, 57646, 17767, 8488, 20822, 77067, 26073]"
110485,"[7983, 56091, 44166, 101280, 62182, 7203, 48128, 32771, 78385, 33809]"
110486,"[66096, 103750, 57709, 31910, 5681, 41139, 71457, 69500, 49924, 91875]"
110487,"[35361, 58595, 33746, 19639, 79962, 60382, 51385, 96346, 13078, 75840]"
110488,"[33888, 23034, 55143, 26587, 62358, 54684, 43883, 4101, 105870, 29021]"
110489,"[49039, 77856, 57076, 73932, 60031, 104530, 3459, 64226, 62300, 1048]"
110490,"[60865, 16853, 107466, 98929, 35569, 4721, 35711, 47196, 15165, 95638]"
110491,"[92504, 74528, 87906, 52070, 44062, 49370, 17771, 4297, 20383, 12973]"
110492,"[29291, 34595, 96346, 33746, 78172, 97901, 69026, 60484, 41564, 99768]"
110493,"[67463, 213, 31587, 43166, 78585, 21784, 26745, 58510, 50880, 85307]"
110494,"[55058, 42068, 13704, 10478, 57633, 78024, 32838, 1210, 23648, 13978]"
110495,"[81572, 53471, 103506, 31393, 15594, 11501, 103503, 102518, 64341, 65872]"
110496,"[405, 3822, 40181, 83902, 89146, 45904, 94133, 105831, 6996, 63436]"
110497,"[24044, 73731, 15171, 21053, 108597, 24097, 84948, 67736, 77423, 68344]"
110498,"[32395, 80496, 52298, 174, 4372, 107454, 49422, 13461, 82689, 35820]"
110499,"[86959, 44589, 39898, 64745, 108559, 4948, 59345, 69745, 35909, 28189]"
110500,"[104022, 46846, 7559, 46814, 34785, 103355, 63273, 45331, 23440, 62360]"
110501,"[77646, 78126, 85698, 49335, 86621, 5305, 61930, 99108, 8614, 148]"
110502,"[48131, 42566, 71991, 72331, 37519, 49033, 26716, 92719, 69685, 100674]"
110503,"[1712, 21449, 62768, 30707, 94874, 67959, 35871, 65703, 1295, 58394]"
110504,"[2389, 77423, 49269, 93955, 97412, 57533, 11058, 619, 81326, 6429]"
110505,"[9004, 79468, 36214, 4629, 54655, 16877, 3859, 93000, 14606, 83764]"
110506,"[34840, 1007, 18709, 82211, 58969, 38251, 71989, 80164, 58356, 39611]"
110507,"[59197, 53450, 8794, 98859, 25680, 103963, 35240, 87569, 60187, 96678]"
110508,"[16142, 11380, 3712, 25834, 37761, 54212, 86183, 55038, 81569, 98552]"
110509,"[78837, 82417, 43056, 35184, 33972, 93788, 43761, 20524, 104996, 99112]"
110510,"[61003, 35682, 44591, 54629, 20965, 37295, 76017, 29892, 76465, 85840]"
110511,"[49483, 73980, 26060, 18448, 95033, 69969, 45143, 68841, 51401, 101674]"
110512,"[106051, 95625, 57226, 43692, 62154, 95744, 38148, 95620, 16622, 88446]"
110513,"[19133, 28219, 63507, 94779, 36994, 103620, 13440, 27795, 15197, 20204]"
110514,"[67081, 52918, 103110, 75437, 77256, 106259, 36554, 20350, 42182, 98506]"
110515,"[22144, 70340, 84577, 43282, 27117, 69528, 83006, 106554, 57176, 32451]"
110516,"[79433, 65875, 101210, 31171, 33960, 95163, 19444, 57730, 75743, 8086]"
110517,"[42477, 56756, 1365, 88328, 39452, 53230, 83757, 72744, 22783, 82011]"
110518,"[49864, 103873, 20771, 66824, 39837, 58236, 94513, 45581, 21076, 32912]"
110519,"[74762, 85064, 90022, 29740, 60736, 95848, 108647, 83294, 67437, 86801]"
110520,"[55522, 11952, 18139, 75668, 9603, 15580, 9038, 37029, 32900, 30896]"
110521,"[12332, 10708, 80283, 19247, 34871, 35095, 48143, 72530, 62687, 50103]"
110522,"[52943, 105631, 90504, 71512, 35044, 45789, 19442, 77976, 68439, 61283]"
110523,"[58679, 8634, 104398, 92315, 77664, 64554, 66984, 84471, 54322, 54745]"
110524,"[76178, 62632, 38513, 87509, 103192, 52396, 66442, 4513, 15313, 23797]"
110525,"[82172, 61623, 42558, 42279, 67525, 1139, 4505, 50617, 89201, 84503]"
110526,"[27687, 81616, 28079, 4216, 29153, 69539, 97665, 20994, 106606, 16994]"
110527,"[97282, 33713, 89360, 10526, 38450, 30640, 57528, 66598, 80562, 87767]"
110528,"[80411, 32952, 100052, 86004, 103784, 89211, 39035, 19020, 4097, 13888]"
110529,"[100236, 781, 105035, 91242, 106508, 66471, 23354, 64773, 29468, 99306]"
110530,"[33402, 15694, 70841, 59459, 94529, 4178, 47061, 52491, 49070, 29464]"
110531,"[27410, 63937, 44738, 44132, 66470, 75, 97740, 15392, 106551, 86145]"
110532,"[29397, 3325, 38447, 70455, 60528, 68892, 6475, 94156, 59766, 6907]"
110533,"[53738, 102498, 81119, 44060, 106278, 45690, 42120, 50902, 16365, 99427]"
110534,"[62067, 47292, 65299, 52016, 27069, 93812, 29986, 32265, 11389, 34295]"
110535,"[94669, 76626, 92550, 2715, 57347, 15526, 9007, 91709, 35109, 106718]"
110536,"[100471, 106000, 104569, 59780, 73870, 18731, 9879, 90157, 7343, 16469]"
110537,"[41751, 84944, 81226, 49962, 44072, 87116, 47849, 38453, 71226, 59926]"
110538,"[36998, 72, 22076, 59297, 38099, 95648, 98757, 90181, 46184, 91417]"
110539,"[37347, 29628, 71195, 70378, 59618, 75377, 108905, 32541, 27148, 43923]"
110540,"[64332, 89747, 107499, 41191, 33619, 75685, 106690, 74395, 16590, 20061]"
110541,"[104808, 82063, 99715, 72391, 105931, 68008, 60287, 27936, 11677, 19875]"
110542,"[52167, 41761, 247, 1337, 100017, 86606, 81218, 64723, 85395, 6771]"
110543,"[66675, 31013, 48251, 74156, 72176, 102829, 62846, 44947, 109611, 79743]"
110544,"[55683, 35048, 8790, 1413, 14005, 69480, 61140, 57392, 14580, 43993]"
110545,"[64982, 60672, 16319, 18581, 11693, 27147, 91397, 25784, 51937, 91497]"
110546,"[29550, 99882, 39133, 61167, 22687, 106305, 30729, 74058, 24191, 83662]"
110547,"[96525, 86087, 90020, 75178, 34558, 63253, 71603, 78579, 59182, 105384]"
110548,"[64209, 10616, 104061, 16507, 6793, 97479, 68706, 60191, 17196, 1244]"
110549,"[20076, 75422, 66174, 78594, 42909, 107137, 9172, 67755, 76640, 91919]"
110550,"[91964, 104170, 65147, 56989, 70668, 53037, 90659, 69768, 34157, 51664]"
110551,"[45385, 84007, 88702, 11111, 90273, 9798, 14320, 9542, 108136, 68335]"
110552,"[86906, 65988, 97444, 77183, 32713, 33221, 67131, 37746, 76314, 62601]"
110553,"[99349, 30736, 22630, 95040, 92995, 108862, 88423, 54268, 49494, 1606]"
110554,"[34251, 71482, 80465, 13029, 44101, 24263, 96714, 95324, 12211, 26260]"
110555,"[98964, 8718, 51279, 1580, 47203, 6125, 78521, 6016, 16345, 55512]"
110556,"[59696, 64455, 4134, 108171, 102888, 21374, 66544, 32960, 699, 37310]"
110557,"[4303, 81219, 27158, 107892, 48491, 81738, 65373, 37821, 80216, 83948]"
110558,"[41188, 39483, 1685, 64976, 33341, 36551, 27112, 1416, 38467, 74761]"
110559,"[98929, 107466, 35711, 15165, 22983, 42910, 46775, 60865, 16853, 35569]"
110560,"[8710, 60843, 49653, 56374, 16166, 68272, 34163, 62862, 26189, 98219]"
110561,"[55252, 80715, 21813, 55878, 60756, 80637, 89334, 19450, 107460, 58949]"
110562,"[50529, 18489, 46570, 52667, 83703, 71357, 74916, 77454, 94786, 107940]"
110563,"[67560, 20196, 23524, 36613, 65200, 34461, 94775, 55951, 105909, 47424]"
110564,"[101119, 93697, 13668, 10425, 92294, 14188, 88742, 85978, 70531, 39421]"
110565,"[3475, 17454, 69778, 36513, 74756, 5222, 80343, 21337, 42021, 16936]"
110566,"[30000, 48658, 78730, 29706, 97363, 58274, 7610, 63402, 38854, 63795]"
110567,"[84523, 96030, 8403, 44440, 38646, 24186, 71100, 61673, 24904, 37981]"
110568,"[44028, 10445, 54642, 105027, 105809, 12823, 33790, 75661, 73414, 85210]"
110569,"[78926, 56603, 41823, 58787, 10256, 80169, 8971, 43044, 44263, 25033]"
110570,"[8551, 109086, 29661, 78131, 104731, 44065, 89364, 61748, 109121, 26125]"
110571,"[96986, 105139, 47710, 810, 31254, 3057, 11028, 69305, 89662, 42123]"
110572,"[94246, 89110, 45003, 77403, 52204, 32109, 102441, 40448, 103373, 99701]"
110573,"[2009, 53463, 100858, 66913, 3484, 8854, 25299, 35705, 4610, 47093]"
110574,"[31720, 77684, 45772, 79861, 22628, 24072, 24650, 1430, 64021, 27877]"
110575,"[38432, 59873, 63326, 27007, 20492, 13298, 55730, 12221, 5164, 97602]"
110576,"[49322, 39181, 10379, 48783, 4955, 44903, 65284, 103471, 100269, 102655]"
110577,"[15798, 53218, 80645, 2959, 76586, 43380, 12357, 34814, 77206, 56486]"
110578,"[75536, 67932, 49944, 25051, 81987, 65494, 73267, 29852, 33111, 42626]"
110579,"[101189, 89336, 79570, 94082, 79104, 98512, 51946, 21028, 108005, 35305]"
110580,"[76835, 41971, 68013, 2238, 87862, 49505, 25417, 34598, 93361, 77119]"
110581,"[8958, 40913, 94949, 7318, 73518, 54751, 38325, 107911, 1687, 2934]"
110582,"[27076, 70392, 62483, 87886, 26705, 9154, 99481, 13348, 79509, 1963]"
110583,"[71846, 86081, 60318, 79661, 103674, 36941, 100165, 76625, 2547, 33369]"
110584,"[96911, 66495, 37729, 89320, 76043, 10675, 84791, 31350, 41802, 47763]"
110585,"[106928, 65758, 91690, 39198, 42052, 16559, 24099, 24708, 66237, 24951]"
110586,"[62776, 34705, 86626, 20304, 69396, 16942, 101212, 90817, 60825, 17637]"
110587,"[38570, 20468, 17158, 73963, 104551, 22266, 98412, 31134, 109411, 4799]"
110588,"[58830, 41668, 28868, 103317, 34676, 76639, 19360, 95200, 86082, 88886]"
110589,"[50043, 44822, 25064, 35582, 102837, 57299, 106190, 4344, 1251, 4870]"
110590,"[53946, 7982, 47352, 96794, 52196, 84314, 85946, 52372, 3776, 98668]"
110591,"[63033, 109686, 80708, 36201, 108072, 105065, 36184, 76199, 108466, 91629]"
110592,"[72717, 49692, 94206, 105845, 42768, 13015, 24576, 79831, 16340, 1543]"
110593,"[15974, 102372, 1062, 44707, 67572, 88963, 86653, 47299, 45699, 83375]"
110594,"[48652, 48822, 101082, 56320, 42437, 86968, 57697, 44092, 23776, 38226]"
110595,"[103307, 77715, 106376, 9876, 12209, 37656, 59830, 26706, 43447, 61022]"
110596,"[7589, 52330, 79498, 83495, 99365, 23606, 68548, 39479, 23722, 76581]"
110597,"[5343, 66791, 68243, 90025, 109509, 75031, 43778, 95593, 69342, 73225]"
110598,"[83251, 104782, 12231, 24899, 94827, 17614, 6243, 52400, 67257, 89020]"
110599,"[78584, 6224, 69665, 22932, 95441, 7218, 102112, 11902, 108426, 52738]"
110600,"[104072, 43569, 52303, 8689, 80575, 64646, 7882, 69835, 53999, 55501]"
110601,"[7157, 31119, 107313, 17692, 43721, 60086, 105794, 55752, 64335, 37201]"
110602,"[56494, 91458, 109208, 70621, 53331, 56240, 81678, 34066, 93320, 14969]"
110603,"[99966, 37059, 98111, 61478, 45405, 22828, 84381, 43658, 8250, 283]"
110604,"[90648, 45499, 101954, 72527, 86856, 88022, 62724, 34352, 51332, 104504]"
110605,"[53908, 82118, 13712, 62362, 9850, 81337, 94788, 89016, 92930, 78593]"
110606,"[35666, 14900, 22272, 51410, 71254, 80198, 24916, 80074, 10901, 88923]"
110607,"[91851, 16065, 55197, 96365, 77046, 100571, 69382, 55882, 98010, 52589]"
110608,"[16772, 58428, 76105, 41762, 2796, 99845, 54692, 63921, 94018, 30541]"
110609,"[10967, 45868, 72250, 34512, 70187, 20036, 9959, 92657, 4549, 15563]"
110610,"[59540, 64032, 64193, 99108, 54330, 21756, 76624, 194, 105793, 65976]"
110611,"[98346, 19238, 63768, 4190, 58266, 44588, 8073, 52263, 37999, 77016]"
110612,"[73904, 39959, 5337, 52493, 64757, 72678, 71511, 80066, 18171, 3649]"
110613,"[47293, 18026, 24863, 67306, 11206, 102256, 107152, 44605, 94727, 80942]"
110614,"[1503, 96608, 85157, 2450, 24145, 20805, 33510, 38110, 109483, 21930]"
110615,"[91670, 24296, 101289, 20715, 72714, 108012, 104473, 60386, 59709, 88483]"
110616,"[30430, 4088, 1723, 31784, 370, 89406, 14165, 62114, 8855, 33942]"
110617,"[36327, 70291, 5147, 16003, 31544, 79364, 51684, 30124, 53846, 653]"
110618,"[27076, 70392, 103874, 9154, 26705, 87886, 62483, 49681, 61506, 70453]"
110619,"[13487, 78824, 71979, 33427, 1491, 50621, 33931, 56782, 17630, 35102]"
110620,"[48104, 70939, 105701, 45026, 90702, 30927, 104032, 28015, 104673, 48488]"
110621,"[47211, 36296, 7913, 80798, 10400, 38239, 28656, 88849, 37768, 4118]"
110622,"[95687, 78185, 10611, 18198, 54446, 11769, 50428, 5049, 98648, 77237]"
110623,"[73236, 18054, 76048, 60944, 78363, 81537, 26912, 23911, 54754, 26285]"
110624,"[26234, 1998, 65871, 978, 23091, 36994, 104422, 27795, 43853, 106186]"
110625,"[30133, 30631, 86897, 41566, 66353, 46461, 46636, 99479, 49835, 58315]"
110626,"[41888, 77250, 87780, 44251, 47711, 21108, 10984, 11970, 97651, 85730]"
110627,"[37599, 91650, 9170, 6857, 56822, 27471, 104801, 87534, 3444, 33518]"
110628,"[19085, 69533, 86673, 11788, 74498, 23499, 95264, 49197, 65930, 60947]"
110629,"[18959, 104590, 3806, 7492, 83424, 15951, 53826, 107287, 19954, 68099]"
110630,"[54948, 57726, 42000, 29250, 66921, 54901, 10809, 79056, 87410, 91089]"
110631,"[68307, 49914, 56709, 70027, 81327, 16842, 28303, 50434, 107633, 3116]"
110632,"[60403, 10498, 78103, 6065, 817, 72931, 60652, 22190, 97606, 32658]"
110633,"[96558, 7440, 19246, 80517, 86962, 100441, 17467, 1275, 104150, 37352]"
110634,"[15712, 2818, 13006, 59973, 49372, 492, 20074, 78732, 2455, 18990]"
110635,"[62417, 50025, 24307, 67331, 71984, 89509, 32555, 5263, 36360, 107947]"
110636,"[30292, 79186, 59673, 41876, 83964, 71157, 85331, 96333, 17669, 9164]"
110637,"[71451, 59468, 38807, 106397, 8726, 17851, 74092, 39951, 108422, 91845]"
110638,"[18182, 38789, 59464, 7448, 43309, 16038, 8253, 18127, 14092, 24841]"
110639,"[48943, 73603, 83941, 35229, 20102, 57377, 5606, 41084, 22404, 44393]"
110640,"[4035, 7554, 88714, 24207, 82825, 36001, 3837, 26900, 7846, 77426]"
110641,"[76743, 64963, 73357, 79544, 68817, 30247, 49312, 102562, 108535, 79071]"
110642,"[2192, 105585, 76302, 101594, 11648, 91620, 102970, 109701, 46013, 106855]"
110643,"[82276, 23887, 98, 79912, 75608, 35757, 94525, 56767, 38817, 44515]"
110644,"[9927, 88040, 45515, 1814, 18778, 66412, 45049, 54785, 62233, 105124]"
110645,"[25718, 51175, 24865, 15213, 70264, 6642, 80552, 3686, 46920, 34152]"
110646,"[52367, 26869, 24268, 15623, 18089, 101321, 1684, 11358, 108957, 17202]"
110647,"[49866, 92176, 16563, 51050, 80881, 35713, 14466, 69020, 80210, 70493]"
110648,"[104494, 3580, 106814, 59085, 20225, 25316, 104175, 78698, 36218, 52789]"
110649,"[68188, 96559, 27182, 69810, 19501, 7938, 54267, 52827, 70721, 71596]"
110650,"[33267, 47434, 54567, 40580, 43930, 67495, 108727, 24376, 102462, 12186]"
110651,"[8760, 89671, 47436, 93559, 50639, 92060, 64296, 93273, 109745, 22529]"
110652,"[90755, 45445, 97678, 37081, 41857, 73207, 9728, 104686, 70447, 54028]"
110653,"[54067, 1512, 54584, 21055, 17400, 7393, 45145, 59052, 7630, 52630]"
110654,"[25221, 71837, 3746, 105651, 75070, 887, 26607, 20684, 64378, 52647]"
110655,"[20152, 59288, 20406, 5425, 45435, 63053, 65076, 20703, 40780, 26156]"
110656,"[16434, 28733, 80758, 80916, 46502, 92267, 19724, 100998, 5118, 110]"
110657,"[23847, 59067, 105007, 39975, 20378, 106572, 25008, 3329, 40778, 1726]"
110658,"[32927, 67887, 60704, 13001, 67174, 39314, 58839, 75816, 24210, 5662]"
110659,"[1931, 23725, 32602, 21628, 83534, 75521, 6550, 42585, 105611, 23205]"
110660,"[103632, 15987, 93528, 41911, 36802, 66513, 107274, 107087, 89742, 57705]"
110661,"[6770, 21998, 72495, 81522, 62570, 47444, 100289, 34267, 46119, 80750]"
110662,"[30421, 4208, 86911, 67727, 28444, 62066, 92132, 88484, 11155, 79711]"
110663,"[49301, 93736, 36262, 35787, 91099, 48916, 63577, 7669, 105772, 3924]"
110664,"[31271, 76103, 16846, 59634, 1764, 94592, 7572, 64928, 107558, 18962]"
110665,"[81914, 68962, 24222, 51312, 68646, 37889, 40238, 44714, 26527, 11758]"
110666,"[34008, 3234, 64804, 56800, 38234, 1022, 41738, 17150, 13879, 101865]"
110667,"[89386, 18271, 39510, 76027, 41064, 53277, 25033, 17667, 89359, 71443]"
110668,"[9294, 72977, 50471, 44392, 60779, 86311, 80974, 69213, 31107, 88587]"
110669,"[58929, 72287, 42184, 1214, 53990, 53190, 91639, 78150, 94359, 100173]"
110670,"[50961, 14535, 78347, 84422, 38827, 87771, 42175, 56761, 80019, 19900]"
110671,"[6631, 61098, 67790, 30244, 99228, 12961, 29786, 19768, 76681, 91293]"
110672,"[56769, 72757, 59903, 12545, 53927, 82668, 21079, 40604, 80987, 99583]"
110673,"[53741, 98621, 68511, 59571, 30979, 83849, 64038, 40739, 9786, 17455]"
110674,"[22135, 42379, 2146, 18893, 84703, 65566, 70495, 59028, 29600, 38324]"
110675,"[105937, 41853, 89750, 102785, 98366, 69748, 103612, 91044, 7703, 94551]"
110676,"[97809, 7204, 49227, 105309, 90658, 91302, 5383, 73881, 91248, 9867]"
110677,"[45004, 79313, 60746, 52921, 107955, 94691, 55153, 107762, 51054, 20441]"
110678,"[64579, 16979, 67432, 63137, 41525, 85511, 97979, 56375, 22266, 20977]"
110679,"[33843, 69289, 5211, 39007, 74001, 43563, 58770, 102445, 23927, 89341]"
110680,"[50185, 16901, 58642, 89803, 72828, 19560, 97300, 14657, 47026, 1355]"
110681,"[56157, 81412, 87312, 94185, 51150, 103912, 35239, 108443, 32767, 76361]"
110682,"[93058, 59645, 94502, 98518, 61616, 90769, 20581, 47740, 2467, 43046]"
110683,"[41027, 34433, 96560, 70401, 26606, 22990, 74753, 98608, 102478, 14871]"
110684,"[99205, 35582, 17798, 4870, 87418, 86402, 86326, 6431, 31934, 19464]"
110685,"[42366, 87824, 41046, 15076, 30484, 64878, 25248, 81691, 3060, 62004]"
110686,"[42500, 1402, 6751, 24524, 28956, 100107, 10954, 9814, 15547, 52484]"
110687,"[72028, 103067, 21977, 77551, 54874, 38590, 46772, 100671, 32639, 61366]"
110688,"[63191, 58355, 99380, 32015, 95270, 71560, 14124, 107695, 106925, 87945]"
110689,"[61652, 47996, 102075, 59624, 95663, 34031, 3085, 11995, 17575, 72770]"
110690,"[1833, 33403, 106282, 72263, 82106, 46866, 75636, 61572, 23876, 53166]"
110691,"[100197, 105822, 92671, 87893, 107215, 83628, 26460, 105488, 22242, 91488]"
110692,"[54963, 100687, 60679, 80167, 45250, 37845, 26939, 29957, 51096, 46390]"
110693,"[60910, 4800, 44008, 100532, 67651, 77353, 28790, 30838, 3252, 64620]"
110694,"[9890, 29918, 97680, 72213, 96758, 74756, 52246, 108152, 90224, 39868]"
110695,"[98399, 20403, 40679, 84582, 44793, 7042, 64835, 8210, 60548, 105141]"
110696,"[74923, 50386, 98613, 104872, 31838, 108360, 41202, 27054, 98611, 84176]"
110697,"[1374, 97953, 109330, 23516, 35454, 75552, 43077, 96114, 72185, 52644]"
110698,"[31180, 88780, 61038, 86875, 94168, 2570, 36515, 3917, 32621, 78959]"
110699,"[71540, 2525, 102133, 89142, 25261, 20460, 42742, 73227, 43529, 33789]"
110700,"[76509, 103698, 37728, 72343, 25604, 65662, 3760, 90159, 9360, 63028]"
110701,"[101903, 20314, 84571, 63818, 55582, 67111, 86678, 88932, 51646, 99840]"
110702,"[83292, 51271, 91861, 88287, 33523, 57169, 40460, 61050, 47409, 107338]"
110703,"[68048, 14520, 2856, 103915, 34841, 89369, 43777, 90076, 66475, 50737]"
110704,"[106765, 73627, 108805, 31033, 30257, 65224, 18161, 36703, 10394, 90097]"
110705,"[25262, 73367, 44771, 60623, 52851, 99570, 37882, 103579, 97104, 98810]"
110706,"[40263, 29626, 42490, 5575, 79356, 33919, 78310, 29662, 94690, 56598]"
110707,"[23442, 108444, 62673, 514, 79868, 86109, 65169, 7006, 61665, 26121]"
110708,"[4711, 818, 78169, 109057, 64225, 51394, 13730, 49740, 61009, 72836]"
110709,"[21661, 86173, 86062, 45155, 35362, 56045, 103294, 2746, 16243, 78893]"
110710,"[3410, 90171, 57134, 98695, 108877, 95144, 24555, 26883, 77255, 27908]"
110711,"[47032, 49439, 82915, 29969, 20035, 20969, 20311, 55720, 23395, 102193]"
110712,"[59805, 71527, 94369, 9978, 69962, 49093, 62110, 100302, 107400, 60939]"
110713,"[79676, 88294, 50050, 50500, 52680, 72133, 67599, 108191, 9094, 34890]"
110714,"[42944, 103015, 50795, 71192, 51846, 80614, 44285, 48533, 13308, 54208]"
110715,"[102588, 91913, 25569, 60217, 36933, 46674, 23938, 78654, 55007, 25969]"
110716,"[24756, 22730, 91101, 38942, 103093, 97197, 4667, 52094, 47635, 97323]"
110717,"[42881, 17820, 67352, 21278, 54923, 25118, 41734, 38694, 89977, 7769]"
110718,"[74846, 71383, 50793, 37394, 74444, 32718, 5268, 17730, 49657, 35942]"
110719,"[90186, 30986, 339, 53210, 78733, 94886, 3146, 79949, 25201, 93871]"
110720,"[99582, 7185, 97091, 95530, 8591, 17844, 94718, 42695, 80668, 33844]"
110721,"[40870, 7083, 107125, 83455, 87674, 25494, 100011, 107599, 72230, 24944]"
110722,"[102886, 63876, 87018, 33866, 103448, 64446, 97728, 77756, 8064, 90820]"
110723,"[86771, 61014, 106612, 101552, 5882, 90478, 82697, 55621, 77092, 12584]"
110724,"[28316, 71139, 52702, 75314, 44165, 90282, 42219, 73888, 2908, 27845]"
110725,"[34967, 36232, 26134, 92855, 20991, 100698, 104153, 44389, 92446, 80715]"
110726,"[105592, 13187, 80924, 99842, 83784, 85937, 63633, 50470, 98028, 25980]"
110727,"[108896, 63267, 6358, 3100, 44384, 26295, 101655, 49463, 81046, 16513]"
110728,"[61492, 28077, 40828, 86468, 10888, 97216, 68903, 40508, 44279, 50401]"
110729,"[62854, 42573, 85649, 15636, 30472, 48262, 70630, 76239, 39079, 79560]"
110730,"[32614, 93764, 79925, 1576, 11576, 11516, 25245, 6320, 82300, 10764]"
110731,"[94400, 84226, 97558, 16175, 103249, 87755, 1124, 6253, 77720, 14306]"
110732,"[106266, 104000, 73981, 22880, 68197, 52731, 104834, 41395, 4840, 25627]"
110733,"[54446, 95687, 95301, 5791, 97069, 50918, 19375, 87641, 98648, 29649]"
110734,"[46887, 53306, 38348, 432, 77031, 56673, 53666, 85628, 29235, 69797]"
110735,"[107016, 29019, 79480, 13514, 9125, 25214, 52031, 93429, 32842, 9835]"
110736,"[97617, 28662, 1195, 29679, 80557, 25030, 8411, 88305, 32064, 17233]"
110737,"[91336, 30928, 64293, 76167, 8645, 22345, 5654, 90867, 46955, 42811]"
110738,"[45115, 73975, 102098, 91439, 8812, 52550, 98713, 4184, 88787, 72879]"
110739,"[38259, 35297, 91062, 63267, 37435, 24733, 58165, 3100, 91665, 58507]"
110740,"[77860, 4527, 77338, 75349, 43978, 29310, 2993, 61647, 21256, 108949]"
110741,"[10028, 73499, 20911, 13633, 89261, 57223, 10729, 50115, 23940, 38675]"
110742,"[24028, 68209, 35724, 77485, 11490, 6284, 82754, 77283, 69740, 104749]"
110743,"[76934, 64086, 11366, 5278, 64906, 86165, 89156, 49331, 108725, 31642]"
110744,"[96297, 83603, 102675, 74892, 93056, 65766, 27672, 107767, 26818, 13253]"
110745,"[58518, 57433, 98211, 73776, 59591, 64951, 80145, 62547, 51564, 46979]"
110746,"[40615, 29725, 78278, 98664, 54040, 75964, 64446, 85454, 94171, 530]"
110747,"[53040, 7475, 87496, 9749, 5129, 85423, 19778, 20342, 94203, 93024]"
110748,"[80132, 8605, 10100, 97004, 26729, 18492, 36738, 8129, 66382, 69354]"
110749,"[74582, 42324, 101398, 105303, 33055, 26533, 34858, 64792, 17827, 57688]"
110750,"[70540, 80864, 101616, 76190, 28906, 41407, 27973, 17301, 3169, 88640]"
110751,"[84941, 26758, 100482, 100947, 105548, 66587, 88015, 90206, 5563, 36037]"
110752,"[57853, 41833, 34377, 55060, 77135, 85910, 14592, 108156, 103489, 44167]"
110753,"[38404, 89963, 28625, 113, 105216, 70498, 73765, 30058, 59823, 104161]"
110754,"[30987, 105650, 36580, 2834, 55053, 28650, 53200, 16874, 21484, 4832]"
110755,"[5110, 99540, 98266, 10793, 28865, 16165, 16173, 3693, 86756, 67699]"
110756,"[13787, 68522, 107232, 18290, 101823, 91872, 84774, 10615, 74174, 105442]"
110757,"[41814, 10612, 41199, 71042, 34861, 106454, 82814, 17451, 24912, 105221]"
110758,"[45003, 32109, 102441, 43246, 99954, 103373, 52204, 90552, 77403, 47264]"
110759,"[10018, 25935, 14707, 89268, 94667, 50218, 79817, 70211, 47682, 25028]"
110760,"[70085, 102487, 76895, 108929, 14669, 41692, 41848, 108909, 24446, 49400]"
110761,"[90384, 9791, 98927, 89835, 47481, 83021, 56846, 67417, 24878, 44960]"
110762,"[72089, 77342, 61610, 36638, 98769, 29849, 43589, 107682, 54587, 76748]"
110763,"[102188, 107808, 70165, 73315, 50285, 89916, 54356, 4419, 90576, 64735]"
110764,"[64007, 22533, 86871, 10316, 39741, 48404, 77990, 53452, 75803, 68527]"
110765,"[31815, 51601, 31661, 31811, 13540, 93615, 20515, 103355, 63273, 49025]"
110766,"[47974, 103561, 91337, 49291, 59520, 36274, 61916, 28775, 20784, 82928]"
110767,"[61701, 31986, 37784, 106896, 89125, 7500, 47055, 57050, 55615, 6538]"
110768,"[3541, 108076, 28096, 6665, 4915, 32787, 100255, 65353, 69399, 44672]"
110769,"[62791, 106106, 88394, 99495, 102963, 7067, 91995, 39818, 103989, 8266]"
110770,"[79998, 85230, 96950, 64790, 64672, 65990, 547, 79933, 12263, 41029]"
110771,"[16657, 8131, 42194, 83598, 57032, 81195, 69248, 4459, 27314, 56119]"
110772,"[36127, 8424, 85924, 82979, 43187, 57345, 109710, 52831, 93087, 24050]"
110773,"[92191, 91937, 57943, 84830, 108614, 65982, 58957, 98476, 84231, 739]"
110774,"[39571, 48961, 36186, 92308, 79281, 46746, 13496, 87889, 84221, 104257]"
110775,"[58702, 42023, 2508, 14858, 31358, 46797, 107438, 47776, 2858, 25251]"
110776,"[3531, 29084, 78324, 5757, 73036, 72983, 53606, 25845, 63835, 106807]"
110777,"[89597, 50782, 58215, 42074, 63836, 22567, 12552, 42480, 54563, 6930]"
110778,"[27557, 43550, 91468, 58730, 5887, 35581, 16705, 6061, 14767, 52115]"
110779,"[60250, 53405, 104904, 26464, 96605, 91582, 307, 94440, 106507, 7109]"
110780,"[101673, 50454, 104823, 62235, 102420, 58812, 97404, 894, 19602, 93530]"
110781,"[24765, 37402, 30221, 50457, 101955, 81803, 15488, 105247, 13723, 84615]"
110782,"[66518, 93019, 38973, 5982, 80762, 40030, 79838, 21956, 100757, 72620]"
110783,"[22770, 84696, 102957, 13678, 23397, 37633, 78577, 81853, 16598, 20409]"
110784,"[86274, 42558, 26428, 84583, 65794, 94865, 13840, 33389, 50617, 4505]"
110785,"[875, 57745, 29707, 22975, 83505, 20046, 83723, 95217, 51540, 60131]"
110786,"[1868, 101063, 22873, 2163, 36916, 84463, 95378, 73895, 39556, 96228]"
110787,"[6669, 109218, 77941, 37286, 107573, 19165, 52548, 60653, 52598, 28879]"
110788,"[106042, 34012, 52415, 62101, 51162, 68719, 46621, 11307, 106030, 77520]"
110789,"[7531, 84086, 91332, 63514, 73001, 59866, 57774, 36792, 54988, 20999]"
110790,"[16611, 69481, 6688, 32834, 7134, 48187, 35921, 14297, 88062, 105165]"
110791,"[86229, 52995, 22069, 101074, 22049, 66028, 17088, 102119, 92759, 38277]"
110792,"[25841, 58014, 52716, 8908, 5459, 73262, 68983, 21766, 44193, 96819]"
110793,"[38597, 94347, 12463, 85370, 59681, 16949, 37332, 41609, 22739, 96959]"
110794,"[27332, 71151, 79506, 83264, 18938, 63226, 86732, 74687, 51945, 7321]"
110795,"[18918, 83427, 1257, 45386, 9901, 98008, 45674, 48306, 471, 25967]"
110796,"[2646, 105598, 54590, 23220, 64258, 80392, 61058, 59022, 19013, 9545]"
110797,"[61216, 24923, 7680, 303, 69074, 38209, 70560, 23236, 820, 33070]"
110798,"[30559, 74352, 5653, 90433, 99555, 23386, 33327, 4937, 46622, 95401]"
110799,"[95616, 12146, 34368, 53487, 94098, 3072, 107923, 32647, 14574, 69827]"
110800,"[34025, 92756, 26623, 78060, 58399, 17519, 89537, 1938, 31627, 39373]"
110801,"[63202, 29201, 83536, 58594, 38689, 46200, 95831, 48393, 107170, 60054]"
110802,"[79317, 52798, 54300, 96422, 33967, 35159, 51933, 60180, 57658, 78470]"
110803,"[25608, 106199, 99544, 41918, 78595, 26864, 23074, 184, 8687, 94]"
110804,"[51366, 98016, 63293, 60060, 25000, 20675, 16747, 1926, 89098, 87285]"
110805,"[6995, 77034, 99909, 72193, 18797, 96428, 21260, 78019, 42821, 46935]"
110806,"[51776, 13297, 5676, 55192, 8933, 10298, 23403, 68630, 59499, 23251]"
110807,"[54131, 25575, 64671, 98259, 48571, 108951, 22340, 101915, 67946, 102209]"
110808,"[70594, 107358, 100915, 37163, 68071, 50626, 79939, 53355, 75628, 49253]"
110809,"[28422, 55597, 7356, 108444, 54125, 70992, 1367, 65883, 23442, 94299]"
110810,"[19517, 13757, 84123, 11215, 22577, 22106, 3871, 67467, 6329, 43971]"
110811,"[101599, 23934, 34762, 101347, 4772, 107972, 22334, 101109, 69998, 98494]"
110812,"[69423, 36350, 30967, 23117, 89329, 29824, 64145, 5002, 100968, 41979]"
110813,"[15381, 37067, 70327, 42939, 90863, 31480, 67040, 67490, 52413, 100631]"
110814,"[52489, 20896, 108105, 1462, 50920, 24638, 16791, 69531, 86410, 93431]"
110815,"[47846, 66728, 106671, 8313, 36617, 6821, 60001, 25094, 41137, 66198]"
110816,"[21462, 73491, 101760, 25768, 79357, 34243, 52124, 106364, 36934, 81234]"
110817,"[1116, 67792, 32916, 93980, 14149, 85391, 51651, 54370, 73879, 47668]"
110818,"[35755, 80853, 81531, 4079, 102584, 53361, 39385, 12762, 11012, 39748]"
110819,"[78278, 75964, 88939, 101257, 53340, 40615, 31727, 31873, 6176, 66967]"
110820,"[55540, 39105, 66763, 66342, 91352, 51691, 69847, 98083, 104842, 92938]"
110821,"[77621, 94646, 100943, 76666, 30301, 29803, 87917, 94343, 10521, 96681]"
110822,"[88348, 90979, 89493, 86125, 95346, 47720, 48004, 72367, 57178, 15603]"
110823,"[69669, 35367, 17301, 28906, 51880, 66055, 58936, 10700, 65124, 70540]"
110824,"[107591, 22839, 67103, 26781, 8691, 23806, 41961, 45024, 32938, 99595]"
110825,"[108157, 86332, 92213, 50819, 72859, 54302, 99618, 58476, 891, 87237]"
110826,"[18190, 88616, 59911, 58062, 1046, 2277, 102141, 68519, 103403, 104838]"
110827,"[67522, 29549, 104641, 87009, 77585, 27174, 18462, 36005, 22521, 109628]"
110828,"[74826, 39224, 31852, 96425, 50336, 94018, 63037, 64292, 91365, 82453]"
110829,"[88773, 14830, 50303, 16550, 56099, 94900, 73918, 41791, 72389, 106241]"
110830,"[90982, 55389, 7654, 69751, 1386, 4135, 49316, 8455, 3681, 10881]"
110831,"[67539, 35201, 2873, 40177, 21280, 61210, 92549, 54942, 6354, 13397]"
110832,"[32720, 72832, 1878, 61942, 11626, 40755, 49442, 82252, 74834, 87769]"
110833,"[16484, 32676, 29217, 21868, 52115, 30340, 105580, 102162, 41455, 86697]"
110834,"[33808, 43768, 61670, 57567, 70445, 71998, 38104, 28870, 71421, 1662]"
110835,"[15234, 34435, 81596, 106279, 65732, 87733, 60503, 90416, 2555, 51579]"
110836,"[16514, 103918, 13562, 16403, 109321, 93836, 107499, 96989, 10822, 16080]"
110837,"[93065, 109154, 44624, 21270, 70154, 42288, 45487, 8140, 25480, 32913]"
110838,"[62389, 28970, 58133, 109765, 27063, 102550, 91976, 102944, 37849, 41947]"
110839,"[63764, 64408, 45241, 32364, 3297, 2852, 12134, 81949, 29837, 93039]"
110840,"[9083, 69811, 80626, 79144, 43177, 92035, 71960, 86248, 23536, 1450]"
110841,"[1394, 57008, 3611, 51706, 93217, 70374, 92586, 65927, 23294, 70247]"
110842,"[45485, 21087, 100871, 54084, 42401, 11370, 81383, 26911, 43856, 37994]"
110843,"[6720, 88138, 79451, 34912, 21831, 49394, 3837, 86682, 102634, 37052]"
110844,"[92796, 104393, 19299, 87004, 54045, 63520, 17565, 93923, 90316, 105585]"
110845,"[26830, 55763, 11770, 32695, 68452, 12673, 43596, 51486, 101553, 80178]"
110846,"[18487, 12260, 48859, 86981, 28297, 27347, 104694, 83043, 37146, 91330]"
110847,"[53120, 36448, 73488, 6616, 99847, 7035, 23476, 44901, 18091, 99316]"
110848,"[92224, 101129, 45333, 20090, 95593, 17545, 84313, 26721, 74636, 106683]"
110849,"[99583, 82668, 127, 5332, 82698, 59903, 92238, 105811, 56032, 28857]"
110850,"[83466, 76099, 35202, 83790, 60978, 34203, 75420, 44349, 72033, 39302]"
110851,"[54285, 80563, 54362, 26491, 87240, 97225, 58604, 37121, 65376, 40099]"
110852,"[71427, 69757, 109525, 11631, 68655, 24007, 92485, 18740, 61270, 27894]"
110853,"[39717, 100428, 55116, 95910, 63963, 56423, 3064, 25160, 98705, 49572]"
110854,"[95428, 3675, 103083, 42185, 65522, 47508, 27352, 43769, 80767, 58600]"
110855,"[99672, 46072, 38482, 10026, 4897, 92472, 81569, 66954, 19418, 70423]"
110856,"[74503, 68886, 4526, 57455, 77148, 80533, 42374, 40214, 92092, 93661]"
110857,"[92003, 90861, 88067, 79528, 109095, 101054, 47796, 72261, 97928, 4045]"
110858,"[53307, 49628, 12109, 41372, 62668, 30394, 28178, 96956, 36621, 89182]"
110859,"[7652, 64459, 302, 9362, 77573, 105316, 76667, 60278, 91660, 92626]"
110860,"[104815, 80498, 78152, 73910, 66062, 23250, 47883, 52542, 57306, 20700]"
110861,"[36597, 63888, 93922, 87609, 109300, 43727, 30881, 54946, 72239, 55572]"
110862,"[83810, 37311, 1807, 69725, 26905, 8289, 101916, 5664, 563, 64429]"
110863,"[16118, 39645, 23083, 52732, 2462, 20189, 83606, 64245, 96501, 17036]"
110864,"[42682, 38500, 15661, 54966, 93085, 45156, 107836, 97017, 23502, 16497]"
110865,"[21552, 18353, 41498, 56720, 105204, 59023, 53376, 19161, 28102, 35962]"
110866,"[28575, 46464, 33635, 13624, 17118, 65636, 21418, 4592, 102483, 14787]"
110867,"[31488, 62363, 19573, 13116, 49266, 39817, 43532, 75184, 21532, 34540]"
110868,"[94348, 13615, 106794, 30710, 103217, 70352, 66383, 14100, 3269, 77800]"
110869,"[94682, 84264, 86043, 33805, 33204, 20787, 105323, 29100, 104197, 16169]"
110870,"[67589, 7961, 89802, 2532, 70377, 55176, 37187, 61278, 42278, 13780]"
110871,"[25880, 21511, 87837, 34466, 26018, 18264, 54924, 37409, 74982, 13427]"
110872,"[31173, 64493, 91576, 31362, 32300, 46518, 59282, 98284, 13074, 82210]"
110873,"[63479, 75362, 17046, 50080, 7287, 23884, 29883, 83955, 22424, 30160]"
110874,"[103325, 14908, 92597, 61812, 26667, 11418, 105535, 13146, 104501, 9121]"
110875,"[104282, 96860, 37560, 74007, 97749, 108447, 59457, 98448, 83697, 100523]"
110876,"[54954, 80504, 78431, 78650, 101452, 100350, 25895, 61586, 19448, 15038]"
110877,"[104325, 98465, 71037, 64897, 103707, 51, 100648, 97516, 86246, 26225]"
110878,"[67878, 68149, 15387, 40457, 82060, 48952, 81036, 88633, 21146, 94619]"
110879,"[85345, 82027, 40392, 88870, 22192, 71612, 61306, 53737, 107094, 56005]"
110880,"[63035, 93135, 33898, 35113, 17892, 25124, 79595, 30845, 26811, 88636]"
110881,"[98308, 59455, 104881, 9672, 29954, 81464, 26113, 94706, 36503, 34654]"
110882,"[60609, 98409, 107317, 19531, 47890, 55189, 23746, 9534, 44204, 45128]"
110883,"[1094, 104828, 94472, 61597, 61744, 77948, 70964, 47230, 11278, 39148]"
110884,"[93332, 32411, 109397, 80475, 99801, 68219, 102582, 71079, 4309, 72447]"
110885,"[1517, 51465, 35014, 99417, 86308, 108165, 74433, 75795, 71237, 36455]"
110886,"[41159, 67941, 67063, 29934, 41771, 65187, 3117, 50112, 45896, 88098]"
110887,"[60494, 30963, 80966, 72497, 34479, 24523, 10707, 82720, 96046, 87470]"
110888,"[65154, 4369, 46382, 91743, 1581, 93500, 87785, 21757, 49824, 20052]"
110889,"[95923, 26856, 70418, 74593, 53815, 729, 92129, 942, 23838, 71425]"
110890,"[67001, 103169, 56211, 74920, 33170, 102334, 495, 89198, 34409, 72164]"
110891,"[48695, 94847, 59714, 57623, 32757, 99888, 36393, 23023, 22965, 19642]"
110892,"[24834, 88450, 29850, 18077, 19099, 108802, 56866, 96809, 41876, 69721]"
110893,"[13898, 104882, 27205, 77736, 22853, 17966, 53805, 10358, 2240, 95118]"
110894,"[7311, 44696, 2007, 23277, 78511, 33278, 42331, 28409, 85790, 3319]"
110895,"[74986, 21898, 107959, 48140, 77474, 60144, 19605, 85646, 97324, 69605]"
110896,"[102527, 72510, 101731, 44942, 42956, 104785, 73595, 73720, 86689, 101043]"
110897,"[21712, 44639, 63874, 61251, 81416, 30994, 19034, 95137, 23693, 43158]"
110898,"[94913, 87632, 8550, 39363, 82658, 77162, 108572, 89949, 8551, 55507]"
110899,"[73557, 10339, 24174, 17885, 60829, 106959, 82438, 28890, 64201, 77029]"
110900,"[8015, 48954, 25793, 45113, 99677, 106841, 47596, 99328, 13566, 23431]"
110901,"[24854, 35399, 438, 68822, 12926, 38593, 11966, 77886, 30846, 51672]"
110902,"[92174, 100974, 35492, 21475, 69375, 20392, 29573, 12329, 75103, 90457]"
110903,"[21595, 65924, 68581, 48184, 94927, 87118, 89642, 87249, 58573, 17101]"
110904,"[53484, 12790, 101337, 93047, 69253, 13270, 46012, 70208, 35573, 68125]"
110905,"[34787, 17994, 48061, 23838, 99194, 102108, 57965, 105373, 40669, 21517]"
110906,"[42594, 4470, 23193, 57671, 14534, 88639, 85842, 93030, 55981, 67069]"
110907,"[53411, 57051, 34734, 71143, 15390, 31556, 91498, 33957, 100207, 11321]"
110908,"[26502, 48190, 95820, 72855, 9668, 104082, 55004, 38036, 57313, 41778]"
110909,"[21299, 13422, 33796, 32988, 9393, 25317, 92360, 23703, 31757, 26214]"
110910,"[19019, 76188, 101997, 44853, 60318, 59448, 67702, 36696, 88346, 10581]"
110911,"[37047, 57246, 10483, 79370, 3500, 54815, 76319, 67776, 45089, 80297]"
110912,"[108168, 107463, 68415, 64387, 1221, 90743, 23815, 52390, 37158, 24082]"
110913,"[87635, 108465, 59707, 74641, 11182, 21672, 103169, 17367, 76325, 95154]"
110914,"[10582, 58894, 67232, 82566, 86643, 21823, 14565, 99952, 39948, 78407]"
110915,"[83462, 43109, 109428, 64475, 39407, 44697, 24438, 49351, 66198, 6821]"
110916,"[42959, 99210, 44593, 94702, 49991, 16208, 71849, 16700, 4054, 63955]"
110917,"[55930, 84353, 97942, 64945, 99442, 72930, 45222, 29049, 59012, 35162]"
110918,"[84152, 16396, 93729, 32789, 4409, 44582, 11260, 18764, 94460, 55834]"
110919,"[56218, 34604, 57128, 103957, 15475, 2546, 66569, 53963, 109567, 56735]"
110920,"[17830, 2147, 21690, 67265, 61253, 32633, 16988, 26711, 57836, 60793]"
110921,"[21888, 58317, 7872, 18899, 109704, 40340, 18746, 50736, 77398, 9671]"
110922,"[60542, 31371, 68075, 52628, 8796, 63068, 16622, 64495, 78550, 62154]"
110923,"[29862, 10451, 109171, 36299, 108435, 15178, 32326, 7909, 29063, 79291]"
110924,"[26051, 87883, 35816, 71553, 7707, 25614, 55568, 88524, 4641, 277]"
110925,"[60163, 103486, 53944, 104078, 89039, 48228, 40745, 74331, 106605, 91497]"
110926,"[81535, 69191, 86446, 90914, 26634, 59665, 68146, 87, 7625, 49155]"
110927,"[95950, 21222, 56363, 84560, 26992, 24616, 71747, 82279, 39973, 45433]"
110928,"[73957, 12075, 73642, 98661, 89061, 75036, 15194, 83905, 72793, 12350]"
110929,"[27616, 104935, 94267, 83081, 92774, 83334, 86716, 39172, 70786, 28195]"
110930,"[16574, 84090, 41505, 49481, 31647, 2936, 107630, 61862, 106029, 36944]"
110931,"[100483, 78766, 59553, 14667, 69952, 77238, 76358, 9097, 11496, 73835]"
110932,"[92834, 99411, 68295, 95124, 53520, 1172, 86758, 108829, 11897, 93605]"
110933,"[30148, 33393, 40509, 27892, 4571, 23947, 102738, 6252, 36491, 11532]"
110934,"[48939, 59496, 28603, 19848, 20520, 100469, 20627, 107068, 88074, 71441]"
110935,"[91307, 45144, 84092, 60116, 97907, 1897, 11711, 102719, 1092, 44012]"
110936,"[104808, 105931, 82063, 99715, 72391, 68008, 60287, 27936, 97527, 46373]"
110937,"[109634, 32679, 104668, 5814, 100006, 48003, 56611, 62468, 98487, 65992]"
110938,"[7556, 56038, 78182, 10639, 29929, 37112, 64558, 66389, 46996, 7962]"
110939,"[37449, 72602, 90204, 106893, 76993, 91365, 49088, 59524, 31367, 88745]"
110940,"[57153, 109746, 69576, 36762, 96281, 108553, 22511, 68193, 31419, 66802]"
110941,"[103930, 19679, 95212, 56940, 55590, 102196, 24816, 73331, 5099, 108070]"
110942,"[6532, 74979, 47786, 30998, 48289, 54179, 5533, 84089, 69511, 1213]"
110943,"[9944, 66489, 6982, 33618, 81695, 73020, 28382, 102311, 55879, 68764]"
110944,"[109600, 50466, 45281, 11323, 10457, 37928, 93106, 10246, 21081, 101539]"
110945,"[10649, 26763, 25223, 64814, 29279, 108763, 20781, 70047, 83884, 102999]"
110946,"[94395, 83913, 52400, 37926, 94725, 55964, 70877, 33612, 6243, 99930]"
110947,"[17835, 49318, 105057, 77205, 39386, 88933, 72147, 76590, 28642, 56379]"
110948,"[72607, 15052, 59795, 79266, 55083, 63808, 59946, 99432, 31522, 102090]"
110949,"[25264, 58737, 69471, 86415, 27465, 106574, 18065, 56921, 20980, 99007]"
110950,"[92012, 61261, 63277, 30755, 108544, 37441, 22291, 83131, 56796, 48214]"
110951,"[40475, 10989, 82922, 72571, 31557, 20265, 76563, 80138, 99641, 8056]"
110952,"[90323, 80907, 35354, 38897, 73422, 95908, 78014, 727, 27895, 28929]"
110953,"[96551, 96318, 39870, 17915, 60933, 43990, 57801, 85266, 69671, 55323]"
110954,"[97430, 87062, 95286, 96246, 83526, 67305, 16880, 47993, 106378, 78174]"
110955,"[17379, 84318, 31052, 66124, 84661, 109468, 4249, 29314, 69899, 96391]"
110956,"[72581, 28127, 17861, 30470, 102569, 94241, 91450, 56624, 75301, 53284]"
110957,"[103768, 32670, 60892, 45964, 59815, 56993, 96016, 98004, 46741, 71364]"
110958,"[103069, 10036, 59303, 83887, 59546, 80540, 15820, 89598, 65763, 64530]"
110959,"[44515, 35757, 75608, 71973, 94498, 84940, 26859, 22430, 13936, 79912]"
110960,"[13516, 45720, 68638, 75721, 668, 59818, 68900, 70069, 19253, 13407]"
110961,"[76806, 88409, 47789, 54032, 82455, 13762, 6142, 50491, 91459, 43519]"
110962,"[46081, 75357, 74278, 108457, 12080, 40837, 94644, 58681, 56284, 38602]"
110963,"[46670, 77554, 94279, 49397, 66440, 36682, 85594, 84830, 100785, 108614]"
110964,"[49148, 97558, 56084, 2443, 2793, 24300, 84226, 58219, 41356, 99139]"
110965,"[20903, 106620, 63348, 3520, 77011, 104573, 2504, 76340, 78028, 13651]"
110966,"[36878, 60841, 69161, 7514, 59950, 12922, 73404, 81131, 45719, 30705]"
110967,"[99985, 53245, 94414, 72756, 11036, 11051, 106566, 36833, 65993, 88884]"
110968,"[96648, 15211, 39669, 96867, 62256, 67515, 259, 15287, 56163, 23971]"
110969,"[43960, 64614, 62753, 76613, 35529, 88817, 90784, 54457, 15909, 13909]"
110970,"[63307, 43323, 54961, 58783, 75313, 64932, 17995, 108119, 105744, 64819]"
110971,"[57865, 33793, 86108, 74827, 47861, 37836, 67960, 85226, 60615, 56938]"
110972,"[33799, 32904, 80055, 34587, 81672, 5489, 12436, 14714, 23236, 58284]"
110973,"[81311, 85873, 104546, 39365, 57488, 97994, 13196, 55065, 7732, 103291]"
110974,"[81423, 41011, 90254, 92067, 176, 11820, 106568, 68967, 37852, 105437]"
110975,"[14915, 40359, 74009, 64986, 70857, 96160, 15711, 60934, 27866, 39393]"
110976,"[20560, 102320, 35329, 98534, 11836, 38062, 89088, 84128, 96186, 65576]"
110977,"[89486, 8533, 59969, 34331, 65460, 78635, 28224, 16878, 95161, 88926]"
110978,"[7636, 89007, 3400, 101479, 24556, 3671, 8136, 90008, 70751, 36036]"
110979,"[71789, 86825, 66726, 7889, 26744, 21314, 105368, 41894, 71647, 103012]"
110980,"[58466, 19649, 141, 43190, 63185, 97656, 4183, 54276, 93032, 55361]"
110981,"[108403, 35279, 78592, 17099, 108644, 11088, 107505, 46341, 45951, 91492]"
110982,"[92911, 65247, 82132, 100498, 72656, 57700, 39591, 51590, 23885, 64781]"
110983,"[47381, 72162, 21594, 21843, 48640, 105282, 61678, 12844, 69642, 17899]"
110984,"[86253, 46487, 62590, 19393, 47107, 68175, 80389, 96953, 55526, 87890]"
110985,"[23058, 25459, 31749, 38528, 1255, 3864, 96079, 5261, 93380, 26355]"
110986,"[70693, 11430, 84822, 16212, 84673, 54169, 107048, 89703, 68986, 20402]"
110987,"[83147, 31355, 74011, 57124, 28487, 65773, 18506, 103948, 73795, 72029]"
110988,"[69462, 34608, 82520, 25482, 32292, 31839, 94639, 18417, 61470, 108804]"
110989,"[40432, 83074, 66935, 88356, 40016, 59190, 71745, 21292, 20504, 28597]"
110990,"[30533, 90218, 10886, 86008, 103237, 97107, 69973, 109066, 18251, 12429]"
110991,"[14419, 100373, 4230, 60133, 80357, 83031, 42748, 8598, 39057, 81802]"
110992,"[15961, 40210, 69525, 28074, 72748, 34774, 97544, 103156, 67154, 39882]"
110993,"[58853, 18366, 67215, 14311, 89091, 42360, 47910, 16193, 22172, 89310]"
110994,"[86876, 36834, 66956, 56074, 43459, 26452, 63093, 27443, 90092, 109182]"
110995,"[1534, 32377, 51721, 95958, 12580, 75299, 21121, 74164, 63212, 89749]"
110996,"[70753, 81043, 102935, 14639, 68722, 53215, 90193, 63013, 108733, 108182]"
110997,"[36586, 103235, 85892, 77982, 91292, 84547, 30660, 19791, 84051, 103443]"
110998,"[50533, 35663, 81718, 1861, 97666, 46378, 3137, 80437, 47859, 58245]"
110999,"[108572, 89949, 55507, 8550, 46756, 39363, 58705, 51380, 108090, 94913]"
111000,"[87598, 78742, 97210, 46541, 67688, 76080, 49472, 25481, 90031, 101751]"
111001,"[90326, 21668, 57508, 16587, 101033, 63910, 72575, 55181, 69420, 79023]"
111002,"[40772, 2615, 11288, 8885, 60497, 46604, 64673, 55681, 70625, 20732]"
111003,"[23560, 65663, 47960, 107780, 44590, 36764, 75008, 38398, 19100, 56109]"
111004,"[6921, 54613, 20905, 26674, 108539, 25685, 78902, 73048, 42831, 92374]"
111005,"[76923, 103395, 47407, 53420, 109692, 83127, 43606, 31837, 64054, 62751]"
111006,"[45652, 5415, 4460, 27185, 27089, 92539, 71300, 73842, 18030, 72996]"
111007,"[10985, 97176, 74516, 98889, 22631, 3003, 35092, 55786, 97140, 29960]"
111008,"[25127, 52677, 41834, 36564, 93797, 91525, 21065, 58870, 47156, 101595]"
111009,"[29353, 47344, 102068, 88380, 81655, 22692, 20675, 42040, 93309, 12422]"
111010,"[11583, 90245, 87201, 73427, 85313, 62280, 77166, 49461, 36143, 75072]"
111011,"[93819, 90291, 2298, 3572, 100261, 67260, 78867, 42359, 54203, 8241]"
111012,"[78121, 22254, 35944, 50154, 47199, 100073, 16122, 81874, 97817, 48136]"
111013,"[39827, 30722, 76456, 44673, 25717, 3141, 96658, 56148, 108533, 31794]"
111014,"[1746, 102201, 81909, 38573, 29280, 33277, 91825, 6828, 10578, 50302]"
111015,"[21153, 30361, 72018, 66937, 2361, 61132, 4714, 90900, 71880, 72453]"
111016,"[37634, 26468, 47231, 72677, 61393, 70105, 50317, 62104, 98297, 5096]"
111017,"[75061, 66291, 85055, 84756, 7307, 83700, 61673, 74388, 28526, 107107]"
111018,"[92021, 76849, 51068, 44933, 102712, 25594, 6761, 16135, 9878, 98704]"
111019,"[61085, 79485, 49760, 59378, 58404, 46822, 54171, 102003, 51484, 44483]"
111020,"[90289, 25111, 14291, 50924, 76786, 7609, 74443, 32746, 58137, 27520]"
111021,"[106805, 93229, 88475, 37798, 6889, 99960, 81971, 3741, 20561, 60511]"
111022,"[88968, 104806, 107127, 42162, 54250, 69624, 42845, 81413, 93811, 14961]"
111023,"[32943, 69045, 80866, 21253, 21936, 49433, 86385, 976, 29659, 27145]"
111024,"[88550, 11535, 45662, 89675, 83803, 93641, 227, 1984, 59493, 662]"
111025,"[75717, 106189, 97015, 6795, 108931, 49720, 27491, 102508, 9394, 13748]"
111026,"[109590, 25284, 75833, 65221, 43446, 26673, 106939, 108343, 29095, 18414]"
111027,"[49196, 105584, 68056, 27436, 24969, 17346, 35152, 27428, 14861, 30724]"
111028,"[20495, 70023, 69314, 36468, 31866, 66427, 51820, 88115, 71129, 61908]"
111029,"[66734, 104380, 84077, 27346, 82477, 2847, 15906, 70686, 78759, 81093]"
111030,"[91661, 28616, 74218, 63076, 10263, 80135, 32664, 9641, 66698, 14780]"
111031,"[78022, 75922, 54164, 93975, 38360, 66634, 35312, 65673, 6008, 84523]"
111032,"[32669, 17668, 86953, 72076, 26268, 5486, 15491, 32590, 41890, 79601]"
111033,"[68825, 4524, 97678, 70935, 29756, 39292, 22554, 44875, 108294, 83291]"
111034,"[102248, 27818, 44549, 108027, 21548, 58791, 65793, 52215, 2820, 102146]"
111035,"[8891, 46326, 1054, 13453, 89054, 35786, 9663, 1296, 50304, 37598]"
111036,"[39387, 98222, 48351, 13764, 85736, 16553, 10914, 53974, 93851, 49256]"
111037,"[40822, 107760, 109335, 28182, 21965, 26465, 39769, 105760, 35890, 60459]"
111038,"[104332, 26131, 100301, 76600, 24156, 101542, 67125, 52963, 47210, 101603]"
111039,"[80634, 102800, 11560, 41781, 49954, 85716, 69477, 85213, 78411, 62841]"
111040,"[44022, 47388, 14344, 45545, 948, 19592, 33035, 25445, 37451, 56100]"
111041,"[4222, 105360, 66314, 29199, 75549, 54969, 102885, 107370, 442, 95212]"
111042,"[91647, 6097, 4596, 79475, 84795, 84901, 32659, 38329, 89789, 18888]"
111043,"[41810, 87014, 21541, 78407, 72921, 76768, 19088, 97835, 5021, 57342]"
111044,"[68690, 34379, 70729, 86844, 46381, 62333, 103423, 36002, 12534, 60522]"
111045,"[83127, 57663, 71856, 62226, 109331, 103395, 51300, 9424, 70480, 70068]"
111046,"[73518, 8958, 94949, 7318, 40913, 107911, 38003, 35447, 54751, 49279]"
111047,"[94379, 108566, 9110, 62384, 92228, 89742, 43486, 26509, 3177, 64613]"
111048,"[27576, 2867, 23510, 103013, 21844, 40110, 94474, 73654, 13620, 8905]"
111049,"[52288, 68843, 27964, 19579, 95791, 91451, 85676, 23494, 80060, 38399]"
111050,"[109480, 105808, 41765, 77377, 97096, 52885, 61928, 65639, 56296, 81000]"
111051,"[51991, 39523, 20868, 17451, 28876, 35093, 81829, 36960, 86387, 13992]"
111052,"[9670, 75028, 87988, 72895, 33712, 10479, 82051, 59576, 50782, 24689]"
111053,"[71284, 90257, 100474, 43276, 66949, 95698, 51335, 44976, 97112, 65008]"
111054,"[43075, 8656, 96344, 51799, 63736, 57588, 59104, 63663, 101701, 36432]"
111055,"[105138, 2057, 11644, 86879, 101257, 90469, 73750, 31500, 48503, 25279]"
111056,"[93095, 64642, 85292, 72454, 106354, 83329, 49879, 66884, 107448, 101917]"
111057,"[32206, 23137, 23735, 33191, 36323, 102213, 55584, 31595, 77349, 107399]"
111058,"[23765, 54644, 99944, 53365, 71794, 102318, 101343, 67097, 90593, 26714]"
111059,"[71159, 105159, 36106, 61999, 20227, 71806, 29434, 36902, 84751, 68123]"
111060,"[80253, 80605, 2252, 4624, 37782, 11557, 40718, 9541, 33516, 85486]"
111061,"[54930, 106364, 78840, 83857, 28452, 41515, 60131, 22975, 81234, 71030]"
111062,"[82641, 89820, 4823, 68257, 92312, 2618, 78420, 33678, 38948, 109759]"
111063,"[101499, 108554, 63674, 70749, 2041, 99651, 79891, 31159, 21848, 75556]"
111064,"[107184, 16057, 53156, 79290, 22810, 43498, 18157, 37884, 45089, 105464]"
111065,"[40592, 4386, 21531, 85989, 17601, 2011, 96945, 3412, 91487, 9585]"
111066,"[47293, 24863, 67306, 18026, 107152, 74596, 66522, 33634, 11206, 87235]"
111067,"[109352, 45983, 41142, 104160, 41390, 20970, 98699, 51604, 28910, 27654]"
111068,"[63103, 44014, 99805, 89657, 58669, 18211, 30953, 80453, 32815, 57073]"
111069,"[6298, 104237, 20357, 83245, 30123, 94290, 9445, 25345, 20799, 76759]"
111070,"[77267, 27716, 65454, 55400, 100222, 46881, 11855, 109363, 60991, 65535]"
111071,"[99857, 80231, 37737, 3565, 29929, 78182, 66389, 74225, 5417, 96575]"
111072,"[85176, 92643, 54050, 94444, 108195, 56229, 30663, 63028, 90777, 31490]"
111073,"[88132, 106979, 89583, 100286, 5214, 36995, 40222, 8732, 5495, 20310]"
111074,"[12980, 38744, 40227, 97378, 15664, 79738, 72330, 55708, 12956, 66766]"
111075,"[1463, 27988, 102413, 77572, 30794, 69284, 21010, 25398, 103250, 43480]"
111076,"[79361, 65757, 11637, 7566, 94328, 54441, 61332, 45819, 67154, 103156]"
111077,"[56261, 73903, 56247, 94248, 27500, 44765, 26419, 44044, 4611, 91339]"
111078,"[18321, 94938, 97238, 94921, 5535, 64612, 3402, 94568, 72522, 18033]"
111079,"[51356, 32686, 92570, 98418, 75151, 50521, 9656, 92157, 45676, 67510]"
111080,"[9211, 22847, 18295, 47137, 38769, 34715, 6607, 46097, 2553, 86797]"
111081,"[87663, 33282, 91104, 57757, 92292, 1815, 1111, 43069, 54728, 89234]"
111082,"[55403, 48226, 75033, 73219, 1020, 103422, 63244, 37551, 6308, 98333]"
111083,"[71293, 56016, 35296, 53654, 17042, 56461, 5280, 63970, 102993, 16511]"
111084,"[76275, 37230, 79795, 83710, 73223, 6050, 81487, 30549, 695, 74585]"
111085,"[61602, 57152, 50868, 11108, 95577, 93262, 90987, 98622, 54761, 74345]"
111086,"[81353, 28922, 66855, 84058, 49830, 35738, 61988, 69069, 12371, 82708]"
111087,"[5871, 20349, 97864, 8076, 54507, 89983, 79300, 26287, 36630, 33031]"
111088,"[29070, 61002, 45301, 46666, 38628, 42020, 40474, 91373, 45014, 67405]"
111089,"[58584, 21996, 47272, 97941, 80968, 32474, 50972, 34195, 59649, 80532]"
111090,"[81724, 52031, 78796, 13602, 6952, 84641, 44269, 2069, 75539, 25214]"
111091,"[76549, 53728, 24108, 67132, 68532, 24270, 39284, 100922, 21224, 76844]"
111092,"[63184, 35556, 74162, 32494, 20108, 96967, 42118, 42528, 48192, 61970]"
111093,"[32923, 50413, 52600, 56832, 21782, 34801, 48096, 77497, 28744, 82779]"
111094,"[51324, 75588, 8000, 45627, 103848, 25757, 34420, 95811, 17770, 86493]"
111095,"[61301, 100511, 65409, 82809, 8415, 78263, 63098, 63415, 7399, 74631]"
111096,"[97999, 54612, 93339, 24112, 29797, 109562, 64412, 40214, 45089, 76319]"
111097,"[8391, 12652, 107811, 96902, 81861, 21394, 72218, 56324, 74831, 66688]"
111098,"[100741, 46898, 97800, 63346, 34342, 77781, 68113, 41831, 91052, 10966]"
111099,"[69790, 95438, 49528, 27455, 95173, 107205, 88431, 65824, 64134, 79931]"
111100,"[104490, 59043, 94070, 79389, 108886, 26232, 31047, 54261, 53759, 16234]"
111101,"[18816, 64664, 79380, 2559, 93023, 103283, 42029, 55118, 61489, 39082]"
111102,"[65936, 102101, 75735, 23955, 3803, 9505, 85006, 101591, 15654, 78237]"
111103,"[92484, 109546, 82845, 95733, 87584, 99041, 71822, 63556, 107998, 25394]"
111104,"[28267, 89902, 29073, 90275, 30045, 52730, 104284, 19995, 16153, 38171]"
111105,"[23719, 61855, 80377, 9792, 74109, 76336, 89458, 85828, 20705, 97498]"
111106,"[88036, 92630, 73821, 3443, 99621, 43544, 27351, 17583, 56827, 89646]"
111107,"[52597, 54147, 57675, 70684, 5698, 33481, 72996, 57583, 8412, 57997]"
111108,"[71391, 1286, 2035, 98890, 100786, 5733, 87379, 32369, 27037, 104768]"
111109,"[66905, 103723, 53750, 32568, 1117, 37196, 59038, 98495, 96431, 89471]"
111110,"[22848, 97641, 31423, 27643, 96618, 78962, 61137, 25044, 107468, 18247]"
111111,"[107489, 24455, 2076, 39221, 26102, 108078, 608, 31677, 69611, 90132]"
111112,"[93618, 34688, 30535, 624, 86448, 83435, 44077, 68654, 14151, 85703]"
111113,"[104030, 79888, 108255, 42943, 75781, 68129, 26440, 72600, 76766, 18608]"
111114,"[84611, 15416, 8969, 85581, 73623, 83873, 85015, 3823, 2038, 39130]"
111115,"[35934, 101514, 89921, 61461, 72013, 63425, 94341, 94022, 67468, 34370]"
111116,"[60991, 46881, 65535, 30170, 27716, 109363, 11855, 77267, 65454, 22098]"
111117,"[45675, 68256, 36011, 57486, 102524, 63406, 97828, 88323, 49275, 53842]"
111118,"[70384, 56535, 73176, 75173, 7455, 42772, 30114, 55473, 666, 89526]"
111119,"[4657, 76854, 19990, 12150, 88148, 96595, 3350, 94698, 88875, 51045]"
111120,"[73427, 89830, 11583, 87201, 85313, 62280, 77166, 14627, 43429, 93952]"
111121,"[29930, 67949, 7692, 45377, 55617, 55279, 66128, 5229, 84156, 108092]"
111122,"[15859, 14909, 44493, 6623, 109167, 34144, 79954, 100207, 33957, 31491]"
111123,"[10939, 39165, 25170, 89954, 37114, 76882, 63669, 1877, 56117, 29434]"
111124,"[97675, 35460, 32776, 86884, 16384, 61646, 6554, 28403, 12524, 85538]"
111125,"[39412, 44509, 15237, 3590, 85949, 29784, 94361, 11515, 52259, 57491]"
111126,"[16472, 99316, 44087, 29991, 68510, 11396, 102467, 67817, 62187, 21562]"
111127,"[21102, 16567, 90860, 39718, 93589, 69318, 104112, 13604, 66367, 39507]"
111128,"[91613, 28250, 47743, 3937, 69884, 65232, 92947, 73775, 29021, 78756]"
111129,"[36435, 23153, 65074, 93314, 20237, 51858, 55938, 103658, 1884, 86433]"
111130,"[19751, 8019, 17529, 81408, 4261, 9247, 40669, 73056, 86091, 12312]"
111131,"[84133, 93962, 90241, 55494, 16755, 105385, 78127, 20469, 98407, 56866]"
111132,"[106851, 12959, 43457, 87653, 30044, 4215, 15752, 89642, 87249, 108596]"
111133,"[13497, 65416, 61852, 24716, 65078, 17757, 93038, 53281, 88732, 47572]"
111134,"[52252, 48429, 74268, 11345, 8583, 96839, 21538, 89606, 3873, 104222]"
111135,"[12355, 17206, 23178, 47214, 16555, 16744, 52693, 66410, 35662, 35423]"
111136,"[26153, 88470, 74484, 69565, 61380, 87423, 79751, 6087, 76883, 22171]"
111137,"[8279, 92278, 3467, 17420, 36753, 87361, 65062, 66955, 76781, 11023]"
111138,"[4855, 102423, 74013, 11108, 45139, 76840, 99439, 38310, 70035, 66040]"
111139,"[55287, 64846, 44100, 39416, 16034, 18790, 106719, 54425, 83041, 98323]"
111140,"[3687, 93920, 89822, 41141, 55989, 72493, 55540, 19697, 33337, 60129]"
111141,"[96065, 32315, 74272, 43981, 107853, 60598, 33884, 105081, 59692, 57883]"
111142,"[83447, 82537, 71260, 22241, 77949, 68982, 39067, 42012, 29222, 77280]"
111143,"[49932, 72124, 83741, 91847, 14714, 47529, 30924, 12939, 8857, 5190]"
111144,"[97525, 61554, 19328, 51342, 97539, 87257, 85203, 47871, 17347, 6276]"
111145,"[73547, 90038, 21140, 86149, 52694, 78466, 28207, 46037, 38120, 64829]"
111146,"[102268, 55050, 43751, 104441, 2640, 58047, 79612, 27350, 6335, 44689]"
111147,"[3899, 33377, 44724, 84178, 36269, 44838, 20964, 47913, 38953, 67441]"
111148,"[9537, 99210, 29141, 76486, 3300, 54126, 6558, 50183, 97500, 18284]"
111149,"[18376, 79345, 64243, 32429, 104734, 44297, 93162, 55405, 73696, 29963]"
111150,"[55913, 49928, 69234, 85746, 42539, 17682, 6493, 26371, 22594, 5116]"
111151,"[19294, 98145, 35463, 75788, 36927, 13534, 37233, 20019, 24460, 44692]"
111152,"[1827, 74717, 62464, 31600, 1940, 51929, 89442, 95157, 79609, 43607]"
111153,"[50585, 24698, 21141, 99209, 106272, 99379, 55633, 36891, 95172, 96889]"
111154,"[84275, 100086, 47549, 18702, 52059, 11339, 51281, 18624, 81676, 62209]"
111155,"[53193, 95454, 42545, 36521, 92519, 37913, 79043, 8004, 32320, 103540]"
111156,"[8224, 51569, 59894, 72363, 5154, 98174, 44158, 108383, 15558, 89136]"
111157,"[103762, 30708, 40212, 31616, 4284, 51812, 92766, 24917, 45946, 42158]"
111158,"[102384, 73725, 20255, 84455, 99970, 12874, 22461, 102148, 46868, 94694]"
111159,"[19555, 78784, 44693, 10812, 9063, 107552, 26229, 76413, 90223, 76548]"
111160,"[83450, 44258, 97432, 34890, 2172, 57077, 48878, 71781, 36131, 8949]"
111161,"[29808, 60007, 103864, 48334, 81381, 71253, 77185, 108653, 60540, 91197]"
111162,"[5521, 76518, 39860, 13122, 95842, 60976, 107633, 3116, 50433, 104065]"
111163,"[27855, 84908, 40708, 97414, 48016, 98324, 66669, 57714, 6014, 57833]"
111164,"[60743, 88012, 4892, 103171, 86638, 99463, 67723, 26598, 28285, 8677]"
111165,"[56780, 95775, 48093, 57115, 64948, 38367, 91615, 35084, 68136, 65862]"
111166,"[23059, 70250, 106679, 23650, 79424, 24940, 82392, 97824, 40331, 3]"
111167,"[24788, 637, 57663, 64054, 15551, 29711, 28927, 89204, 6009, 19207]"
111168,"[13748, 72188, 63869, 56985, 4621, 64443, 9394, 30667, 27491, 102508]"
111169,"[7017, 6652, 13388, 17550, 68845, 23605, 72956, 82041, 3493, 67637]"
111170,"[108831, 66762, 39495, 97753, 81264, 97456, 41606, 20692, 75944, 52173]"
111171,"[47417, 8976, 64713, 738, 42541, 61258, 106778, 85151, 13565, 78126]"
111172,"[61354, 46985, 104420, 83645, 104328, 22518, 60554, 69616, 57550, 46374]"
111173,"[22950, 12701, 19523, 84021, 94383, 64279, 37267, 14791, 8765, 24592]"
111174,"[15036, 82108, 71556, 105177, 90014, 36680, 9213, 63989, 41512, 54011]"
111175,"[72931, 60403, 32658, 22612, 78103, 6065, 22190, 10498, 817, 60652]"
111176,"[90607, 93290, 4976, 42001, 75240, 73968, 102298, 50925, 18046, 39427]"
111177,"[64038, 27911, 27311, 87259, 68469, 38382, 15579, 102570, 24697, 51382]"
111178,"[5771, 47504, 75167, 97465, 108548, 72232, 1690, 74397, 64902, 37374]"
111179,"[19585, 35836, 30649, 91234, 80160, 9448, 82015, 85873, 14442, 20276]"
111180,"[14429, 62058, 20481, 34252, 70062, 73484, 20936, 90139, 96475, 73161]"
111181,"[75430, 39130, 77719, 3868, 3763, 16336, 101764, 61375, 2038, 23400]"
111182,"[98380, 80657, 68989, 89311, 6917, 100699, 102559, 26067, 6119, 75181]"
111183,"[56942, 29980, 1495, 60999, 15403, 51076, 44512, 70293, 108675, 93908]"
111184,"[17280, 67864, 59810, 109420, 48129, 107888, 75858, 76014, 38206, 23898]"
111185,"[72110, 15106, 66408, 51600, 10718, 54594, 55238, 80862, 77196, 12128]"
111186,"[53288, 29899, 74285, 63866, 64266, 39915, 703, 86527, 56572, 36653]"
111187,"[60706, 80530, 16682, 86166, 79942, 3237, 16619, 77587, 49225, 106898]"
111188,"[82737, 4121, 107185, 12896, 61913, 107402, 58684, 84619, 58639, 95133]"
111189,"[29138, 106098, 13961, 108717, 74820, 36685, 1888, 27948, 11109, 108345]"
111190,"[34154, 74647, 59765, 78317, 52388, 53294, 65165, 65181, 10533, 109732]"
111191,"[74364, 94944, 94785, 61981, 41290, 38091, 20075, 13328, 66119, 7097]"
111192,"[78425, 88229, 38483, 34560, 7755, 31672, 75186, 83496, 77218, 60211]"
111193,"[60801, 82912, 59071, 104832, 59523, 9578, 46675, 91273, 40355, 90547]"
111194,"[109612, 108053, 27327, 63338, 60157, 105255, 3091, 3819, 63354, 14501]"
111195,"[67587, 57500, 91351, 101005, 68771, 16800, 1597, 26103, 78970, 16527]"
111196,"[83951, 62158, 13866, 51575, 19344, 860, 23662, 58698, 24398, 1852]"
111197,"[9237, 5963, 12026, 48026, 87324, 79040, 96261, 1883, 69483, 24331]"
111198,"[90346, 32942, 67623, 59734, 76104, 27899, 15243, 45032, 85708, 25821]"
111199,"[55930, 35162, 84353, 97942, 64945, 99442, 72930, 33940, 45222, 29049]"
111200,"[15201, 88856, 109227, 16040, 48328, 72389, 109245, 77628, 72986, 55745]"
111201,"[86213, 43801, 18658, 98946, 27607, 94120, 103638, 86406, 41415, 31444]"
111202,"[92231, 92919, 47758, 22115, 71631, 46447, 35018, 83100, 38672, 86010]"
111203,"[65666, 7485, 12050, 73312, 22549, 14594, 97239, 55486, 37294, 94393]"
111204,"[17157, 2827, 27371, 16770, 83553, 99589, 108094, 96494, 97125, 35692]"
111205,"[30877, 46894, 3380, 56981, 34233, 92711, 74548, 3560, 55697, 43849]"
111206,"[59674, 54902, 16761, 45771, 30648, 80548, 14958, 92199, 108551, 10404]"
111207,"[73065, 45970, 30711, 61712, 77669, 63798, 54602, 10092, 23565, 1956]"
111208,"[83999, 104229, 67576, 70258, 31008, 2635, 84591, 22062, 11095, 105242]"
111209,"[101941, 60743, 26598, 89382, 101392, 26698, 33997, 33554, 89554, 99032]"
111210,"[90770, 3101, 101076, 58815, 46344, 71699, 3668, 89275, 102362, 31461]"
111211,"[100836, 86041, 17773, 74000, 98573, 81614, 76164, 94219, 17253, 68068]"
111212,"[60735, 18753, 49512, 5320, 63556, 64903, 39266, 99139, 61296, 27385]"
111213,"[21682, 22980, 47365, 107771, 92960, 55017, 41862, 88599, 39341, 74880]"
111214,"[85560, 55282, 34773, 27813, 107600, 77323, 7137, 86436, 4569, 33296]"
111215,"[50689, 10144, 100433, 29575, 23255, 30751, 29182, 29103, 90151, 78116]"
111216,"[105872, 97883, 59125, 68558, 40302, 19286, 86193, 57235, 80693, 99098]"
111217,"[18602, 35642, 48066, 30898, 33970, 26312, 40572, 88944, 10545, 24381]"
111218,"[82135, 1735, 64965, 96174, 7752, 40602, 96217, 3126, 20172, 105712]"
111219,"[14402, 57238, 19397, 95537, 87330, 49550, 22958, 104231, 52137, 11632]"
111220,"[71075, 107416, 86755, 53622, 61387, 38952, 11309, 30957, 26293, 65894]"
111221,"[84247, 14582, 43393, 84761, 70405, 22541, 22799, 6032, 20048, 70385]"
111222,"[91851, 16065, 100571, 55882, 96365, 8362, 95838, 65833, 61361, 27411]"
111223,"[26888, 69460, 42538, 80739, 63805, 80329, 89217, 58644, 109298, 13737]"
111224,"[82388, 28904, 100944, 105339, 25780, 28711, 20114, 15777, 85010, 65614]"
111225,"[97045, 86057, 95764, 64794, 102360, 83025, 6079, 83101, 10537, 65080]"
111226,"[27428, 68056, 17346, 30724, 66415, 35152, 49196, 62586, 27436, 13286]"
111227,"[23102, 25015, 11860, 24736, 47604, 27451, 95107, 43556, 65329, 95202]"
111228,"[76360, 24728, 95611, 41895, 38831, 100650, 98632, 51733, 98486, 69923]"
111229,"[34423, 71406, 47411, 107178, 52968, 21485, 39556, 47324, 96228, 72737]"
111230,"[16434, 28733, 5118, 80916, 46502, 80758, 25183, 78046, 94282, 83167]"
111231,"[107375, 85461, 2304, 106613, 86344, 14931, 58100, 79764, 13256, 23151]"
111232,"[40332, 57557, 55618, 51923, 57030, 31445, 82771, 6906, 61091, 799]"
111233,"[77704, 98140, 73993, 10160, 19366, 15246, 4276, 48587, 4101, 12634]"
111234,"[75135, 45781, 85813, 86588, 65273, 83349, 28222, 85301, 37853, 94356]"
111235,"[107482, 22033, 8500, 46256, 106415, 49903, 83811, 81147, 39646, 68537]"
111236,"[87124, 18135, 59364, 6185, 60100, 52704, 104075, 28145, 79846, 6190]"
111237,"[82239, 75859, 34166, 24903, 39344, 108080, 77448, 52828, 72484, 23078]"
111238,"[74287, 97580, 87870, 107331, 92096, 82366, 45103, 80036, 13692, 11449]"
111239,"[62795, 18323, 91781, 93269, 88689, 25562, 33608, 61826, 51317, 81582]"
111240,"[2408, 1631, 43864, 103019, 26713, 19405, 5776, 22791, 49243, 104255]"
111241,"[12857, 81344, 10142, 66357, 84483, 58435, 80217, 83886, 67492, 69754]"
111242,"[3022, 91482, 81336, 38627, 43372, 47590, 57297, 65980, 211, 36391]"
111243,"[91008, 63145, 95533, 40964, 102328, 52279, 105075, 2739, 98075, 103006]"
111244,"[91416, 56929, 79139, 2588, 24395, 51876, 71454, 899, 21890, 82501]"
111245,"[28973, 69068, 38297, 27499, 101416, 66476, 41365, 103847, 100134, 5132]"
111246,"[10382, 64457, 57479, 97913, 40153, 95629, 88409, 104785, 47789, 72510]"
111247,"[60444, 23763, 93325, 98491, 47881, 21205, 77132, 28080, 97383, 60322]"
111248,"[22663, 84492, 96452, 93062, 18857, 106966, 63903, 103357, 35885, 21221]"
111249,"[81692, 2793, 62010, 97558, 24300, 3704, 87755, 71379, 3346, 7907]"
111250,"[92874, 21693, 59489, 29721, 57245, 100982, 12535, 47414, 87588, 90499]"
111251,"[63539, 29778, 44711, 5361, 105746, 29256, 36838, 76379, 55609, 72253]"
111252,"[35990, 23488, 64430, 34992, 71858, 57768, 48765, 92234, 65635, 33855]"
111253,"[103073, 26778, 53702, 64951, 73776, 4087, 46266, 7750, 58545, 4503]"
111254,"[14737, 33968, 65882, 108254, 101019, 101295, 8715, 79328, 22519, 50601]"
111255,"[76298, 33877, 12887, 33366, 28838, 40419, 5540, 103029, 91261, 52780]"
111256,"[64993, 48896, 18716, 101765, 97717, 109451, 13212, 55933, 81913, 93963]"
111257,"[105602, 50311, 92645, 51253, 51000, 22599, 18363, 87139, 32319, 58442]"
111258,"[34665, 16015, 21995, 86998, 54971, 43072, 23243, 74622, 5347, 61946]"
111259,"[49020, 38469, 6649, 68488, 10931, 82712, 104776, 73700, 55779, 14998]"
111260,"[52877, 92724, 53167, 109763, 40437, 78697, 58866, 77580, 1148, 85881]"
111261,"[74823, 95884, 55370, 2815, 5874, 76867, 28933, 93182, 78656, 51854]"
111262,"[93632, 37061, 86866, 42674, 98676, 12677, 45529, 57213, 16831, 59093]"
111263,"[107864, 92716, 40997, 42504, 101384, 18610, 72910, 82121, 53643, 27561]"
111264,"[12929, 54001, 5753, 91496, 63589, 54364, 91474, 12587, 107007, 42403]"
111265,"[80259, 57494, 21551, 67519, 98719, 87308, 16603, 54786, 65790, 41990]"
111266,"[63024, 46618, 38456, 51339, 82586, 76444, 41770, 48505, 68375, 74581]"
111267,"[10316, 72785, 64007, 54081, 60258, 48404, 22533, 37215, 13275, 39741]"
111268,"[57301, 13602, 85142, 6952, 17251, 18450, 39682, 84933, 49575, 12591]"
111269,"[55565, 66472, 81247, 72518, 16484, 99688, 47238, 61307, 89273, 45597]"
111270,"[37045, 2935, 99266, 61139, 60182, 80160, 45703, 58575, 93180, 56365]"
111271,"[20004, 82889, 87132, 91603, 31074, 12997, 96152, 49036, 87292, 100901]"
111272,"[26243, 4970, 85349, 99217, 3130, 23796, 37708, 69672, 42707, 4390]"
111273,"[42953, 21814, 90685, 32668, 16072, 18627, 91995, 46025, 41746, 58022]"
111274,"[108738, 51580, 83310, 46714, 106008, 5176, 93827, 78232, 63869, 347]"
111275,"[13179, 59715, 7954, 7248, 41729, 7601, 10081, 59498, 78477, 106025]"
111276,"[37808, 43168, 30090, 8753, 8352, 53994, 30462, 17414, 25268, 30668]"
111277,"[21073, 9189, 107578, 33326, 10609, 48207, 29499, 58206, 559, 62599]"
111278,"[17957, 17663, 72131, 65474, 69171, 83696, 19693, 96781, 7456, 61842]"
111279,"[83247, 67354, 52886, 11489, 42355, 88479, 27617, 39631, 105227, 87061]"
111280,"[60590, 4548, 39671, 106142, 28689, 60864, 50914, 105248, 104692, 77536]"
111281,"[39287, 12096, 91723, 52867, 97810, 41973, 100111, 108648, 60525, 2059]"
111282,"[65359, 83017, 15701, 91377, 37097, 61277, 57415, 33845, 56240, 70621]"
111283,"[55031, 98613, 35691, 28397, 41202, 1814, 24879, 96813, 5367, 34538]"
111284,"[42317, 108891, 61697, 39668, 101895, 45273, 1207, 48540, 55693, 105280]"
111285,"[58089, 69885, 104062, 97078, 61292, 68343, 76924, 65178, 70404, 93009]"
111286,"[68043, 31262, 105118, 25246, 61203, 95162, 6694, 21436, 71199, 75596]"
111287,"[39883, 10232, 81233, 65238, 78740, 4469, 26962, 95619, 72238, 23707]"
111288,"[22127, 1700, 79798, 101363, 15734, 107997, 85888, 20664, 16391, 35099]"
111289,"[33524, 42962, 76117, 102592, 46085, 2605, 11921, 23149, 18933, 96399]"
111290,"[15521, 82577, 96833, 102477, 106292, 56905, 104018, 34847, 18558, 84993]"
111291,"[42479, 85608, 40531, 74704, 106595, 77821, 98555, 84177, 52823, 17131]"
111292,"[27937, 48296, 20146, 60585, 34206, 1936, 25568, 4191, 62797, 34969]"
111293,"[90277, 83204, 84766, 52260, 77749, 15047, 62688, 100327, 83174, 70210]"
111294,"[50894, 24884, 46160, 82034, 108498, 29304, 16060, 88029, 22338, 46027]"
111295,"[63220, 58971, 65277, 97722, 9485, 50326, 78337, 109771, 61106, 20633]"
111296,"[3496, 17061, 4455, 80264, 30380, 61752, 22954, 46257, 25795, 50443]"
111297,"[86981, 99554, 27347, 18487, 12260, 94275, 54132, 37146, 92737, 50161]"
111298,"[48357, 37385, 27741, 23389, 98921, 89252, 30, 32768, 22389, 105517]"
111299,"[17062, 94131, 11041, 16441, 99791, 62676, 8475, 2490, 33160, 21906]"
111300,"[21985, 11672, 16697, 78620, 92427, 98031, 54317, 2731, 46334, 48876]"
111301,"[15906, 47037, 27183, 70681, 35635, 6294, 65342, 82177, 101160, 36902]"
111302,"[44366, 108994, 87817, 103156, 67154, 97544, 42653, 73449, 106482, 11817]"
111303,"[45670, 14681, 102447, 46841, 50347, 86282, 92964, 39982, 46940, 39536]"
111304,"[51501, 74670, 22532, 69691, 50294, 95783, 57154, 73151, 46069, 2278]"
111305,"[92892, 18380, 64405, 94949, 53106, 35447, 38003, 1687, 31380, 84035]"
111306,"[101975, 25589, 12437, 93593, 34505, 89886, 10104, 15250, 90388, 108978]"
111307,"[65062, 87718, 44089, 84600, 8279, 92278, 19483, 66955, 3467, 87361]"
111308,"[26530, 81246, 88153, 97246, 54964, 7778, 98832, 74171, 87503, 109005]"
111309,"[31547, 17799, 46194, 82332, 28175, 76754, 100490, 78509, 27337, 25491]"
111310,"[92061, 35591, 11571, 52482, 90905, 16842, 28303, 4415, 1357, 61177]"
111311,"[100374, 3123, 60960, 87937, 85816, 93999, 49559, 62592, 46558, 9081]"
111312,"[35517, 7749, 53952, 84085, 91426, 17439, 55283, 34387, 31705, 24695]"
111313,"[45861, 83641, 24669, 14687, 93953, 5926, 49229, 85123, 47383, 22189]"
111314,"[38704, 83769, 73836, 22447, 29334, 101655, 3100, 54780, 91998, 88044]"
111315,"[64970, 8112, 84413, 107045, 33718, 2980, 57643, 52782, 41073, 43742]"
111316,"[95104, 32080, 73146, 62963, 91068, 35125, 81081, 91995, 14446, 94624]"
111317,"[3731, 11767, 76734, 95891, 107718, 39321, 72537, 72010, 61329, 34050]"
111318,"[2181, 100660, 44758, 79018, 1757, 40596, 60888, 93739, 25285, 64522]"
111319,"[33528, 75098, 89472, 6128, 48780, 40424, 53151, 16976, 62124, 77428]"
111320,"[34442, 44526, 87683, 89086, 57788, 32606, 68905, 21720, 29874, 76711]"
111321,"[45891, 95229, 7259, 27868, 59170, 1141, 12696, 12224, 40526, 22293]"
111322,"[45516, 7502, 70445, 57295, 8519, 94837, 49955, 61670, 42431, 42969]"
111323,"[86231, 47202, 98177, 58202, 29755, 71650, 81968, 39826, 76235, 39662]"
111324,"[28577, 108427, 26219, 88243, 9352, 95417, 88033, 27471, 104801, 92810]"
111325,"[60408, 92545, 94014, 53205, 109025, 15186, 63590, 76091, 4398, 34148]"
111326,"[35014, 11200, 90826, 15141, 74433, 11815, 43290, 85670, 51465, 1517]"
111327,"[11871, 81904, 9705, 75725, 79539, 100515, 84665, 9686, 79197, 1466]"
111328,"[25677, 24641, 24695, 95626, 81629, 75292, 96029, 77676, 105773, 58968]"
111329,"[9071, 74832, 81171, 40831, 94006, 47143, 53609, 25275, 28778, 90457]"
111330,"[93595, 28696, 58326, 100640, 106645, 31573, 75904, 18997, 51968, 47892]"
111331,"[101486, 23649, 76342, 85457, 69372, 42110, 19495, 104657, 101210, 39326]"
111332,"[78983, 99469, 90336, 80582, 79085, 28940, 92321, 82078, 10439, 30719]"
111333,"[67311, 87897, 70941, 40857, 74903, 84511, 99143, 34224, 48244, 44596]"
111334,"[102907, 94631, 81289, 66790, 30618, 3667, 26096, 93198, 16618, 69212]"
111335,"[7213, 15922, 71565, 91454, 81640, 1114, 61304, 29189, 102513, 78344]"
111336,"[52187, 23340, 326, 47222, 101453, 86130, 13515, 79878, 47073, 63208]"
111337,"[61914, 28369, 37214, 10701, 36943, 87414, 44760, 61818, 82811, 98056]"
111338,"[21057, 52473, 68801, 50883, 109434, 36758, 84436, 12677, 52318, 83514]"
111339,"[67522, 89558, 27174, 77585, 18462, 87009, 29549, 36005, 104641, 109628]"
111340,"[77417, 14457, 92154, 66118, 22616, 62736, 104261, 104314, 10779, 89972]"
111341,"[10817, 13541, 8355, 68723, 93507, 54320, 87370, 71056, 17669, 17107]"
111342,"[50480, 59776, 107919, 956, 108405, 44104, 64270, 13476, 11431, 45100]"
111343,"[45765, 106346, 31274, 10477, 46958, 85747, 4396, 30939, 86503, 5729]"
111344,"[34695, 21068, 101602, 70246, 50267, 61967, 24538, 65720, 49976, 97506]"
111345,"[104348, 73414, 16991, 100250, 12809, 34919, 35321, 45082, 106831, 6472]"
111346,"[24593, 2209, 103076, 6648, 106043, 72406, 45841, 27854, 81180, 66487]"
111347,"[102801, 779, 85589, 106935, 70467, 98091, 60708, 24415, 89807, 76577]"
111348,"[88181, 65884, 87642, 7695, 20658, 90349, 45305, 107308, 90467, 65867]"
111349,"[94466, 24251, 64702, 85087, 78877, 96254, 97847, 60638, 98587, 9623]"
111350,"[3297, 63764, 32364, 29837, 42175, 12636, 100898, 45241, 64408, 87162]"
111351,"[94900, 35695, 23064, 11387, 44579, 34394, 81018, 52101, 22088, 60183]"
111352,"[24474, 73044, 37031, 2317, 88722, 80811, 55820, 71048, 22976, 35684]"
111353,"[5898, 7167, 23169, 65899, 51134, 86767, 28102, 4926, 73829, 97285]"
111354,"[62587, 7631, 99793, 50426, 46960, 33769, 48515, 34617, 101561, 41399]"
111355,"[33423, 66748, 64501, 41877, 39003, 66860, 90687, 9697, 46074, 63305]"
111356,"[69259, 28629, 13962, 42488, 33058, 10791, 25899, 3824, 94199, 47539]"
111357,"[90718, 51932, 82399, 46109, 15595, 17926, 18598, 50708, 99620, 48666]"
111358,"[97916, 31542, 28431, 1473, 99552, 36910, 44657, 45314, 106379, 39721]"
111359,"[91006, 108813, 108368, 107440, 91899, 14405, 21520, 8132, 77199, 105496]"
111360,"[101841, 107496, 89053, 82179, 63936, 90030, 12312, 40940, 81751, 32526]"
111361,"[86300, 90356, 85608, 30918, 67998, 98555, 106595, 11447, 37630, 68255]"
111362,"[80048, 57205, 13136, 93798, 96212, 32460, 99679, 28885, 15732, 30107]"
111363,"[42555, 4765, 77439, 93274, 59506, 33092, 109174, 55812, 20801, 25535]"
111364,"[25582, 84554, 20343, 60294, 29122, 33768, 78516, 70298, 90080, 12833]"
111365,"[105926, 44579, 11387, 52101, 60183, 34394, 94900, 85852, 23064, 35695]"
111366,"[23295, 71873, 5272, 80951, 86539, 354, 107918, 70356, 29032, 48945]"
111367,"[67644, 6862, 56473, 13823, 104377, 6510, 74804, 22092, 49814, 72947]"
111368,"[52426, 24552, 33831, 6490, 36047, 12388, 44185, 31089, 12493, 24487]"
111369,"[90112, 81926, 1419, 57168, 101866, 30093, 1494, 28779, 44076, 35111]"
111370,"[90523, 8735, 48240, 82218, 55072, 48940, 70771, 61268, 81634, 43502]"
111371,"[78691, 16773, 5680, 41623, 97855, 71475, 46435, 17472, 45453, 94429]"
111372,"[72037, 59437, 37624, 97780, 76535, 76439, 48075, 73941, 95677, 46337]"
111373,"[95964, 73380, 3583, 101844, 1426, 4988, 107660, 40334, 50530, 46957]"
111374,"[41077, 56274, 61762, 105906, 15692, 81971, 43352, 64615, 1100, 69534]"
111375,"[93093, 102084, 1069, 105462, 78513, 13903, 6695, 34877, 48960, 7355]"
111376,"[25529, 105253, 57499, 80941, 108297, 78606, 10834, 83434, 6772, 29220]"
111377,"[99611, 105144, 2998, 105106, 56403, 80454, 53605, 67608, 54044, 33492]"
111378,"[12862, 84655, 94101, 84480, 47571, 88725, 69031, 67721, 81071, 52910]"
111379,"[104070, 86682, 65306, 31857, 2037, 57615, 91124, 89079, 76356, 79451]"
111380,"[77987, 44448, 19701, 98586, 82503, 21055, 59052, 7393, 73757, 3632]"
111381,"[7547, 29043, 3282, 40867, 65877, 18772, 883, 5506, 54781, 40019]"
111382,"[38673, 103469, 37559, 8691, 87170, 56233, 36752, 86349, 87868, 45739]"
111383,"[42881, 25118, 17820, 41734, 38694, 21278, 67352, 25725, 7769, 89977]"
111384,"[293, 90012, 83282, 77228, 65280, 90130, 77104, 107627, 47197, 92525]"
111385,"[103842, 29273, 12023, 3043, 39098, 45705, 41048, 29296, 17813, 72060]"
111386,"[88429, 4886, 94953, 109022, 67611, 45177, 75441, 8447, 36275, 90562]"
111387,"[67933, 87916, 11517, 75464, 29928, 21015, 58050, 9538, 76425, 22024]"
111388,"[88240, 55594, 69484, 109299, 94099, 42832, 101352, 80287, 5426, 66098]"
111389,"[9068, 72040, 22505, 106930, 92793, 47480, 16001, 76275, 37230, 81487]"
111390,"[20763, 42031, 14524, 66382, 45193, 108130, 22734, 8237, 74683, 93689]"
111391,"[85303, 107637, 77498, 95043, 74640, 46984, 105892, 87623, 87448, 38176]"
111392,"[6859, 6371, 49776, 73964, 31911, 71112, 45844, 34313, 72924, 23497]"
111393,"[11652, 49415, 23641, 40614, 1899, 70935, 90055, 48937, 102636, 71380]"
111394,"[61368, 84009, 46556, 93028, 41647, 74841, 57996, 25047, 83928, 91411]"
111395,"[32178, 9226, 9287, 85792, 20471, 28539, 49593, 35961, 7923, 79834]"
111396,"[665, 67378, 28047, 103143, 35645, 18938, 54209, 20899, 60584, 68933]"
111397,"[56241, 43384, 43501, 66441, 2192, 69272, 99305, 35465, 20670, 40972]"
111398,"[79607, 17038, 28570, 31959, 63749, 106519, 106493, 89740, 17027, 8371]"
111399,"[42586, 77389, 894, 22061, 52300, 70194, 88862, 16380, 25337, 99502]"
111400,"[25473, 21209, 24265, 8477, 15239, 78019, 95299, 42152, 106438, 54576]"
111401,"[80428, 104409, 19127, 55315, 12511, 48729, 35196, 7034, 99816, 25951]"
111402,"[62546, 52029, 27628, 82722, 46281, 68103, 97124, 36567, 93198, 34161]"
111403,"[71400, 56391, 83394, 90427, 19227, 96300, 12384, 11910, 28254, 24948]"
111404,"[105923, 78107, 79446, 21230, 51906, 11365, 61001, 61588, 71461, 39835]"
111405,"[89447, 71064, 59237, 97010, 69126, 87982, 72817, 91677, 9901, 21563]"
111406,"[95562, 71862, 13933, 64612, 18321, 57785, 2395, 94568, 72522, 77139]"
111407,"[33637, 5550, 34525, 57041, 3772, 70475, 93867, 86992, 52049, 16299]"
111408,"[34515, 49867, 50991, 99865, 88055, 89394, 95564, 20272, 4673, 90679]"
111409,"[6865, 17411, 74880, 40943, 81748, 105604, 13701, 13556, 50989, 18815]"
111410,"[68668, 36674, 27322, 44914, 63377, 89523, 60699, 25706, 42238, 48534]"
111411,"[4116, 34851, 72610, 51796, 65977, 107238, 106214, 33458, 98579, 81]"
111412,"[21194, 59535, 87518, 77028, 78465, 30046, 35417, 75940, 8374, 89109]"
111413,"[50612, 28282, 19906, 24116, 33883, 54627, 57956, 76638, 75982, 27086]"
111414,"[1737, 78814, 36228, 21486, 75559, 63290, 88755, 47962, 17194, 2817]"
111415,"[74614, 106607, 68664, 37244, 70208, 78189, 12790, 55399, 30432, 93047]"
111416,"[26157, 31181, 64088, 31823, 69108, 16820, 81051, 86044, 29932, 26155]"
111417,"[29516, 428, 8721, 9682, 51877, 105968, 2051, 31664, 71164, 11195]"
111418,"[31658, 103207, 10501, 93257, 25752, 63793, 64931, 39766, 67084, 61160]"
111419,"[83811, 107482, 8500, 46256, 39646, 100630, 49903, 81147, 20261, 25877]"
111420,"[11523, 84106, 59269, 69377, 92820, 77369, 58142, 108760, 78219, 53596]"
111421,"[18739, 47219, 59901, 68985, 68662, 4553, 8009, 34060, 28913, 60733]"
111422,"[24957, 42332, 57033, 89715, 86337, 105463, 65886, 25048, 68232, 27760]"
111423,"[63445, 83338, 49369, 7551, 38950, 84638, 72044, 659, 78682, 5542]"
111424,"[109739, 79203, 12467, 72466, 86722, 72272, 88114, 50056, 9122, 87092]"
111425,"[85767, 42117, 32399, 41719, 29471, 36892, 62241, 85983, 42576, 97000]"
111426,"[11071, 10843, 78831, 5296, 102822, 21993, 10673, 4347, 24385, 65576]"
111427,"[22610, 33466, 73437, 102132, 19016, 99973, 14006, 8111, 5077, 56945]"
111428,"[6566, 54050, 56229, 108195, 90777, 31490, 64881, 91949, 85176, 95632]"
111429,"[35374, 58374, 79060, 47135, 52535, 81056, 69797, 75652, 84631, 81917]"
111430,"[90774, 96135, 25792, 18400, 63623, 73536, 25694, 19793, 7375, 45834]"
111431,"[11752, 59165, 36485, 1637, 35899, 105196, 26007, 46452, 22952, 9926]"
111432,"[23532, 47617, 57729, 75429, 383, 45073, 47000, 101328, 29553, 49452]"
111433,"[107726, 97364, 52819, 40165, 13962, 90799, 13147, 96588, 31108, 79093]"
111434,"[3044, 81829, 83661, 1776, 17451, 34100, 74845, 98740, 90634, 81758]"
111435,"[77765, 68766, 12551, 16202, 48094, 70962, 15070, 53466, 59834, 74355]"
111436,"[93420, 97467, 69726, 16896, 88860, 89936, 40663, 43130, 76019, 82270]"
111437,"[35350, 84534, 97804, 6139, 22750, 52105, 87154, 65150, 59973, 29020]"
111438,"[4713, 42684, 107658, 38718, 13535, 50355, 95749, 44965, 13700, 20632]"
111439,"[67555, 40316, 58733, 105589, 92553, 26738, 43693, 19838, 83414, 19754]"
111440,"[49033, 71991, 4638, 77962, 48131, 42566, 72331, 92719, 38080, 37519]"
111441,"[14396, 42368, 38450, 34806, 16376, 106848, 87767, 97282, 52906, 71224]"
111442,"[50823, 5506, 56908, 97642, 72384, 32822, 6124, 65877, 69358, 45663]"
111443,"[6356, 30832, 97188, 108212, 49393, 102405, 47075, 25595, 66464, 9214]"
111444,"[78188, 69042, 81638, 72781, 14618, 28983, 11384, 50647, 79824, 82180]"
111445,"[69797, 81056, 52535, 75052, 24338, 82507, 4948, 58374, 46707, 47135]"
111446,"[45653, 53203, 106826, 3618, 88179, 69890, 107119, 10629, 15205, 86903]"
111447,"[52904, 5626, 43837, 107248, 58401, 82087, 19056, 47924, 72745, 8567]"
111448,"[68332, 54039, 41897, 47597, 1250, 54447, 25742, 93098, 98328, 21056]"
111449,"[42039, 41963, 49724, 101331, 26391, 66112, 95751, 25103, 3274, 12052]"
111450,"[59083, 89707, 29828, 1523, 71091, 66333, 27650, 28493, 72482, 45369]"
111451,"[69464, 12574, 86404, 39429, 99120, 86176, 23000, 21321, 43856, 50885]"
111452,"[73144, 107568, 55535, 22353, 104816, 65543, 16539, 54302, 41750, 62608]"
111453,"[33619, 75685, 107499, 74395, 64332, 106690, 41191, 89747, 68185, 91801]"
111454,"[93824, 33028, 30842, 91284, 22185, 14702, 23835, 31322, 62508, 72691]"
111455,"[4665, 91687, 39681, 3742, 88136, 56660, 102726, 14355, 11864, 3664]"
111456,"[59966, 43355, 106166, 52611, 52807, 9589, 14532, 70330, 102815, 6822]"
111457,"[107495, 104337, 34329, 71765, 68862, 55026, 98362, 73519, 36130, 37621]"
111458,"[83229, 3627, 105556, 78355, 47456, 95478, 86039, 83179, 73258, 88319]"
111459,"[36751, 15997, 86138, 21680, 96872, 16544, 3550, 95587, 82549, 51833]"
111460,"[40840, 41982, 30994, 57797, 35315, 44639, 16662, 71847, 50936, 21712]"
111461,"[34451, 84961, 61529, 98310, 70375, 54215, 67189, 63266, 87620, 56626]"
111462,"[91501, 12456, 70110, 48553, 40611, 41673, 105174, 41733, 102122, 65629]"
111463,"[39253, 54637, 91934, 76066, 57456, 102753, 70173, 100365, 41801, 32197]"
111464,"[98480, 71014, 63743, 4233, 2816, 99187, 82523, 15666, 84034, 102539]"
111465,"[8296, 109101, 100896, 94124, 49215, 41758, 15308, 95977, 12818, 65631]"
111466,"[54182, 63503, 54499, 50380, 45459, 100438, 79680, 58955, 81084, 29525]"
111467,"[71850, 64644, 6093, 86318, 59330, 106913, 40198, 74988, 86736, 43183]"
111468,"[97372, 97500, 49725, 63929, 99874, 56257, 105099, 105131, 85918, 109747]"
111469,"[49091, 63456, 107340, 46817, 77120, 106002, 61260, 75227, 28053, 2668]"
111470,"[64910, 87930, 31790, 95233, 55941, 109123, 90250, 10203, 59337, 31359]"
111471,"[62506, 16536, 105671, 21305, 100497, 44757, 97535, 17960, 13236, 76630]"
111472,"[23462, 13673, 39757, 75051, 72200, 13002, 61123, 13259, 12220, 100058]"
111473,"[34431, 83692, 67268, 62264, 34134, 34807, 34615, 91670, 37560, 96938]"
111474,"[48182, 69608, 84954, 95070, 100656, 30916, 73245, 21698, 87116, 53371]"
111475,"[99483, 19690, 78361, 61399, 51838, 99753, 20858, 17205, 17904, 37495]"
111476,"[56601, 90316, 25709, 92796, 6973, 87004, 19299, 93923, 58625, 76892]"
111477,"[70297, 61695, 14831, 15655, 93357, 53008, 84169, 80954, 49896, 94487]"
111478,"[61233, 59846, 61962, 106381, 103535, 103703, 36570, 70559, 76529, 13627]"
111479,"[30275, 1303, 9449, 7767, 50733, 104379, 73885, 70951, 108151, 45614]"
111480,"[9914, 26254, 63703, 80867, 80302, 61254, 18184, 88701, 84759, 104145]"
111481,"[5038, 61716, 75281, 82804, 36525, 62934, 97977, 95694, 67422, 75531]"
111482,"[22294, 90425, 77928, 82496, 60091, 6567, 66642, 82698, 5332, 22625]"
111483,"[13453, 27996, 102387, 31592, 12426, 11120, 61940, 99533, 18817, 8891]"
111484,"[32699, 101952, 59128, 31851, 10807, 67634, 1748, 2417, 37322, 17300]"
111485,"[30621, 4266, 32551, 65613, 64899, 64977, 53085, 19931, 12782, 93520]"
111486,"[35898, 100100, 25598, 101444, 92748, 76788, 74006, 80462, 44578, 18820]"
111487,"[30736, 22630, 39194, 12879, 72140, 108862, 88423, 49494, 92995, 18502]"
111488,"[38898, 35771, 27172, 34078, 100665, 62853, 89919, 109478, 36815, 106779]"
111489,"[87371, 8974, 7846, 62569, 72260, 10345, 73221, 103582, 77524, 87968]"
111490,"[17094, 63463, 99836, 104530, 60323, 57262, 98870, 80865, 31944, 72335]"
111491,"[88759, 41544, 68675, 9010, 24770, 38532, 79608, 65672, 56171, 34207]"
111492,"[89434, 109545, 15441, 23272, 23089, 103226, 42339, 60744, 105018, 57017]"
111493,"[67890, 36546, 30156, 84619, 108920, 52046, 106068, 94424, 31996, 27392]"
111494,"[82922, 40475, 99641, 10989, 74671, 31557, 20265, 72571, 76563, 80138]"
111495,"[16343, 54208, 30324, 7650, 72630, 49226, 47395, 36059, 11405, 52077]"
111496,"[56540, 63928, 40793, 90345, 51243, 38747, 53820, 86575, 88041, 91000]"
111497,"[2497, 49379, 49891, 52211, 49459, 46657, 46457, 56744, 6764, 104376]"
111498,"[83733, 98391, 15461, 74625, 93674, 56604, 12157, 5948, 33327, 47979]"
111499,"[73856, 76930, 39401, 59584, 9969, 7969, 43789, 82730, 74272, 75794]"
111500,"[101899, 35623, 84386, 4964, 96066, 102016, 74866, 108771, 34776, 20804]"
111501,"[62518, 103751, 11721, 79083, 25174, 71236, 26158, 84850, 52569, 43233]"
111502,"[97738, 42241, 73206, 58701, 51653, 98189, 56402, 9184, 91838, 35944]"
111503,"[72412, 74990, 7557, 85518, 32962, 21790, 81078, 37507, 66365, 67999]"
111504,"[29896, 24942, 96888, 1953, 99197, 24512, 51982, 100081, 50021, 95455]"
111505,"[83130, 93652, 25010, 26316, 44885, 95787, 91748, 71777, 88879, 12447]"
111506,"[103804, 92095, 5656, 106477, 88257, 85821, 77330, 72974, 74274, 43765]"
111507,"[103519, 39480, 100829, 73052, 10902, 5499, 48865, 9048, 92523, 97715]"
111508,"[52781, 17028, 94969, 5958, 47062, 20609, 59024, 106174, 84161, 22011]"
111509,"[94955, 10349, 42912, 67411, 96461, 30297, 102206, 68406, 62341, 5492]"
111510,"[38878, 81186, 40808, 89404, 91222, 45013, 18046, 79243, 40750, 66377]"
111511,"[93491, 73520, 93603, 65227, 64960, 16807, 40988, 42024, 7300, 39180]"
111512,"[46729, 21592, 45211, 46187, 10053, 13332, 14082, 20831, 72718, 52328]"
111513,"[47997, 104188, 5868, 87995, 82517, 53263, 72329, 69773, 26275, 51187]"
111514,"[21244, 59075, 62568, 73661, 59177, 40152, 32944, 11718, 78040, 66922]"
111515,"[13905, 90167, 85013, 45608, 35070, 98085, 70464, 36891, 83379, 99067]"
111516,"[95002, 34396, 81349, 62900, 66539, 45288, 89594, 57431, 91775, 10917]"
111517,"[46109, 99620, 26922, 61707, 82399, 51932, 15595, 90718, 96767, 30791]"
111518,"[106562, 68794, 74726, 13692, 14507, 58639, 81994, 92096, 107331, 47468]"
111519,"[70915, 11580, 95688, 74919, 42177, 98418, 56120, 14226, 12632, 3456]"
111520,"[66716, 21949, 21696, 100345, 29903, 21060, 57647, 104472, 61049, 59230]"
111521,"[36503, 54440, 38032, 52703, 59455, 7454, 22342, 13324, 17761, 56852]"
111522,"[2477, 83337, 19871, 59582, 6780, 37686, 9452, 79735, 46048, 57450]"
111523,"[77635, 90045, 17246, 38960, 43936, 8468, 20544, 26507, 64434, 82082]"
111524,"[103675, 51181, 2585, 76352, 20584, 3232, 26533, 73943, 17593, 25861]"
111525,"[83333, 27278, 60640, 107762, 38558, 64862, 75434, 107955, 60746, 27370]"
111526,"[88432, 44160, 18681, 93335, 62320, 35104, 51596, 46845, 15529, 35720]"
111527,"[49316, 3681, 7654, 99014, 8455, 90982, 60235, 7444, 24553, 91186]"
111528,"[82884, 100329, 86112, 90867, 42811, 106783, 39271, 29486, 76167, 90771]"
111529,"[79850, 56517, 85786, 41400, 103670, 70505, 38777, 16746, 42230, 107105]"
111530,"[13548, 58586, 18442, 5573, 89440, 11984, 90261, 36374, 58360, 907]"
111531,"[50247, 97058, 104007, 54102, 83994, 60903, 76683, 82846, 27768, 104107]"
111532,"[50506, 97735, 8696, 13618, 101391, 15157, 14010, 26281, 106555, 82910]"
111533,"[75949, 29947, 29484, 104437, 22448, 13848, 9324, 96157, 40777, 38659]"
111534,"[77481, 97464, 12831, 53880, 22382, 76536, 87091, 88041, 102414, 86575]"
111535,"[65615, 81074, 61052, 93174, 89345, 14898, 67372, 13129, 15083, 12484]"
111536,"[48684, 54817, 96139, 34704, 34754, 27345, 27382, 30552, 21931, 4418]"
111537,"[89339, 1198, 45278, 49523, 32199, 33135, 8219, 25881, 103393, 2619]"
111538,"[45590, 82964, 32061, 12117, 94293, 109524, 34996, 14130, 42015, 45314]"
111539,"[18553, 77971, 28191, 103081, 23794, 12080, 22065, 67860, 49156, 99566]"
111540,"[57755, 64050, 101480, 25513, 88196, 50667, 68073, 70623, 45379, 103136]"
111541,"[3269, 98612, 30710, 60455, 13615, 71592, 34241, 106794, 64442, 94348]"
111542,"[42440, 96325, 81631, 56178, 26665, 68958, 49930, 42169, 87400, 78963]"
111543,"[36842, 103475, 8693, 78622, 56887, 19772, 50129, 98296, 86784, 69599]"
111544,"[57953, 105601, 57879, 70806, 74239, 20858, 39448, 83720, 97974, 57056]"
111545,"[86968, 44092, 23776, 48652, 38226, 101082, 48822, 24215, 9338, 88048]"
111546,"[79124, 79250, 73747, 5511, 11420, 4292, 95251, 59333, 29953, 49006]"
111547,"[95891, 89063, 10408, 25477, 109203, 3731, 70054, 72537, 39321, 78607]"
111548,"[88365, 25664, 20482, 11021, 77261, 63154, 8563, 11321, 30781, 34144]"
111549,"[40949, 93415, 43009, 74131, 4401, 4354, 70843, 39316, 3715, 22665]"
111550,"[16203, 17327, 109549, 97853, 53953, 62602, 41907, 51403, 28186, 31884]"
111551,"[45682, 21345, 47063, 84664, 84204, 57623, 56689, 7869, 75835, 19642]"
111552,"[95884, 28933, 76867, 5874, 74823, 100625, 14993, 75981, 60622, 75632]"
111553,"[85332, 19968, 14886, 91789, 54883, 21835, 106673, 40276, 100479, 86442]"
111554,"[11160, 1561, 61663, 105105, 64878, 101393, 88019, 101181, 1858, 109345]"
111555,"[88944, 30898, 33970, 18602, 35642, 48066, 26312, 82092, 40572, 75494]"
111556,"[52228, 26824, 95364, 3548, 99870, 28292, 64291, 19966, 93188, 21546]"
111557,"[99451, 58183, 58350, 66765, 42478, 78354, 74680, 68405, 67007, 18733]"
111558,"[68580, 62387, 84080, 86367, 36086, 55724, 74600, 44635, 42438, 20450]"
111559,"[36468, 89105, 107861, 61908, 66427, 70023, 7317, 77907, 59584, 31866]"
111560,"[93147, 57006, 28882, 89344, 28680, 64178, 37020, 356, 107604, 10569]"
111561,"[105507, 37633, 19613, 35894, 93719, 8653, 3470, 28645, 93439, 29151]"
111562,"[15275, 24464, 3287, 93657, 94948, 70996, 108592, 53051, 825, 5969]"
111563,"[3170, 48713, 26919, 12009, 26400, 56975, 102109, 63613, 63834, 69561]"
111564,"[25956, 95169, 26267, 75057, 36385, 63542, 51595, 41752, 83188, 24843]"
111565,"[63390, 7100, 37820, 37293, 45402, 93532, 89285, 93327, 33071, 32198]"
111566,"[54183, 34419, 26903, 36292, 76810, 3334, 57602, 99817, 43295, 69404]"
111567,"[45366, 84581, 8647, 95531, 103987, 59809, 14068, 92393, 63182, 89231]"
111568,"[20624, 9385, 53691, 48833, 39946, 41205, 78582, 99990, 15121, 96521]"
111569,"[54211, 14804, 61722, 17950, 105155, 45759, 52845, 105836, 99832, 28637]"
111570,"[79702, 51241, 76419, 50897, 101218, 42813, 78676, 34902, 44359, 108836]"
111571,"[25844, 68314, 45009, 69873, 62245, 68085, 50722, 86706, 102538, 34101]"
111572,"[1079, 41572, 57566, 62503, 68165, 50567, 15198, 80251, 37226, 24312]"
111573,"[91337, 28775, 49291, 81544, 36274, 38923, 103561, 79556, 10279, 82928]"
111574,"[91172, 39167, 82227, 20049, 94002, 38193, 69482, 54662, 16292, 10858]"
111575,"[44356, 78768, 26641, 27572, 10557, 77857, 82381, 28824, 58620, 78030]"
111576,"[61973, 8071, 89802, 3209, 49471, 35756, 88832, 90543, 54665, 44063]"
111577,"[89307, 33670, 84906, 4209, 82885, 59486, 44395, 50820, 30163, 714]"
111578,"[84224, 105645, 103832, 10802, 18395, 80077, 93636, 37929, 80105, 26527]"
111579,"[77942, 101755, 39645, 1867, 58845, 33036, 660, 46724, 58319, 63489]"
111580,"[24333, 48508, 52507, 80041, 813, 67395, 74890, 44843, 84269, 105525]"
111581,"[18593, 86836, 43787, 102015, 53969, 70716, 58530, 70303, 39965, 61215]"
111582,"[73024, 97389, 38355, 107103, 27619, 70917, 65231, 34077, 55680, 28902]"
111583,"[53548, 11350, 14854, 59451, 78332, 65653, 77109, 58667, 43888, 10090]"
111584,"[92582, 84668, 97296, 75182, 33926, 97429, 101244, 77204, 30527, 56944]"
111585,"[72879, 65546, 83049, 35872, 58057, 90927, 15136, 80600, 86521, 77058]"
111586,"[102198, 103850, 67234, 104703, 65787, 102232, 43037, 40145, 11895, 14922]"
111587,"[47931, 98352, 75853, 10119, 13758, 6481, 47254, 12388, 43361, 24725]"
111588,"[36874, 79409, 55576, 47010, 78148, 46144, 94483, 93639, 35382, 65712]"
111589,"[18814, 52560, 55142, 4702, 95977, 66594, 65631, 64174, 59737, 109221]"
111590,"[89981, 105438, 11927, 98143, 6088, 14437, 8504, 39812, 60594, 77829]"
111591,"[71865, 54489, 89998, 46276, 56876, 36087, 104027, 78560, 36868, 4951]"
111592,"[87806, 40173, 74792, 40340, 76272, 28515, 109704, 18746, 16209, 91381]"
111593,"[12292, 1340, 72448, 18758, 60470, 61397, 66685, 5784, 30373, 36248]"
111594,"[27465, 83788, 89402, 86415, 36033, 69471, 25264, 19014, 20980, 58737]"
111595,"[85276, 28983, 17857, 10633, 48554, 46650, 87866, 81080, 82180, 41832]"
111596,"[103869, 85093, 27470, 63604, 22970, 31413, 85722, 54944, 26120, 37848]"
111597,"[67422, 95694, 61716, 103917, 101394, 6226, 82804, 75281, 62934, 5038]"
111598,"[8366, 85233, 4760, 33765, 74432, 88495, 97648, 65466, 10957, 3598]"
111599,"[46312, 39633, 90931, 50534, 4053, 78601, 7663, 47492, 87117, 22944]"
111600,"[74551, 94962, 14144, 87802, 71888, 19933, 71329, 77644, 43553, 24709]"
111601,"[34001, 67008, 81254, 27239, 33464, 2957, 104613, 12524, 85538, 28403]"
111602,"[62362, 9850, 13712, 81337, 78593, 30836, 53908, 82118, 104757, 93842]"
111603,"[42202, 107915, 64637, 85999, 88723, 45348, 28543, 37242, 50676, 70971]"
111604,"[61771, 28614, 93848, 54497, 99391, 95903, 35518, 45201, 28818, 29065]"
111605,"[16802, 99170, 85067, 88939, 36828, 82364, 40476, 51989, 49705, 105388]"
111606,"[1071, 63197, 26392, 61847, 97899, 67852, 77143, 102254, 23970, 28660]"
111607,"[327, 92477, 69518, 79206, 48286, 51003, 69201, 10934, 61066, 90095]"
111608,"[5649, 70243, 40339, 59598, 54111, 84590, 55575, 16562, 33880, 26542]"
111609,"[45577, 86120, 12969, 75334, 31392, 99283, 12345, 93497, 40917, 100384]"
111610,"[38403, 36498, 14997, 28641, 600, 74623, 83149, 53942, 20381, 97450]"
111611,"[103812, 25621, 68453, 63700, 85319, 56102, 82986, 15148, 3998, 20540]"
111612,"[46572, 17824, 47713, 88219, 87792, 33823, 11466, 102402, 8462, 42562]"
111613,"[14593, 13773, 28020, 78988, 8742, 961, 69434, 31035, 28836, 32376]"
111614,"[1178, 45295, 11401, 18073, 80370, 69967, 17275, 4140, 72183, 71530]"
111615,"[17177, 84547, 55627, 91292, 30660, 79558, 102512, 36678, 1144, 76981]"
111616,"[101107, 75085, 27631, 83782, 7724, 13456, 94189, 96183, 33901, 69612]"
111617,"[29022, 70116, 50409, 30101, 43125, 95532, 25122, 86663, 52267, 83207]"
111618,"[59425, 31590, 47747, 42743, 109143, 14976, 99307, 98502, 100863, 434]"
111619,"[103651, 0, 68136, 58207, 62293, 35084, 91615, 37307, 38367, 75716]"
111620,"[99282, 8580, 47717, 22951, 33795, 96637, 28344, 45224, 101951, 48650]"
111621,"[15949, 99979, 17800, 49916, 109226, 59998, 71587, 13221, 57042, 67809]"
111622,"[96669, 41446, 87234, 41816, 13009, 60009, 103455, 61719, 61543, 39499]"
111623,"[65575, 86445, 95039, 92424, 95073, 31227, 14723, 12642, 43585, 28977]"
111624,"[72717, 49692, 13015, 105845, 79831, 16340, 70156, 5350, 94206, 72952]"
111625,"[9293, 39526, 33883, 42975, 19906, 82323, 58324, 28282, 9288, 70002]"
111626,"[11539, 5472, 49685, 54803, 30973, 6608, 38927, 68564, 38621, 87000]"
111627,"[1920, 42823, 50935, 7491, 75196, 27523, 70548, 87783, 4058, 39281]"
111628,"[3929, 71307, 16433, 93113, 61419, 46782, 48382, 66205, 46770, 85597]"
111629,"[19952, 3999, 27473, 69244, 44138, 32261, 16641, 93260, 26311, 15865]"
111630,"[58243, 62730, 95439, 37896, 73419, 89037, 29376, 42311, 39937, 33498]"
111631,"[3154, 55170, 38423, 34990, 11221, 1642, 47616, 75039, 84654, 34854]"
111632,"[8420, 12847, 100167, 60070, 79781, 97881, 86110, 46049, 14447, 12937]"
111633,"[16844, 65839, 85187, 80896, 23236, 73757, 80523, 85636, 44448, 21059]"
111634,"[27661, 96738, 76570, 94320, 80387, 1489, 63666, 66823, 39064, 32107]"
111635,"[103382, 74805, 10116, 88582, 65825, 95114, 7903, 98257, 34686, 72304]"
111636,"[56936, 15509, 108627, 57861, 44980, 82450, 57133, 60340, 84873, 29510]"
111637,"[68350, 18125, 76110, 86571, 57826, 13137, 21269, 78133, 107883, 77634]"
111638,"[63333, 2095, 23913, 35319, 65947, 93099, 88587, 97128, 19577, 60262]"
111639,"[35687, 87174, 26126, 11441, 74045, 27760, 65886, 25048, 24957, 42005]"
111640,"[5022, 17211, 53577, 67186, 75436, 78812, 93633, 33849, 66038, 48155]"
111641,"[47543, 26300, 65856, 109597, 5168, 4665, 61851, 51858, 22413, 71147]"
111642,"[72146, 52486, 27593, 37877, 50560, 65126, 19627, 151, 94229, 70309]"
111643,"[58403, 85753, 60886, 107264, 76560, 26252, 34072, 92906, 30837, 91087]"
111644,"[64974, 92085, 82370, 61483, 43700, 62656, 12405, 12243, 6773, 48607]"
111645,"[34665, 16015, 5347, 86998, 48256, 39074, 54971, 21995, 83601, 31132]"
111646,"[74802, 55582, 63818, 48715, 72919, 84571, 101903, 20314, 64561, 84045]"
111647,"[103521, 37341, 35631, 56672, 84267, 68261, 35649, 92939, 39066, 90924]"
111648,"[103693, 15971, 27066, 70641, 65905, 109173, 68607, 45797, 66243, 54291]"
111649,"[95812, 93241, 24727, 26183, 85627, 94181, 55283, 102940, 44647, 105857]"
111650,"[12633, 101013, 30272, 99738, 88906, 35930, 55381, 15786, 46683, 13887]"
111651,"[59498, 78477, 10081, 13179, 7601, 89033, 7954, 91074, 66387, 12091]"
111652,"[5094, 104391, 74845, 83353, 29044, 100282, 10933, 24261, 31304, 98503]"
111653,"[77411, 81194, 62889, 78669, 17012, 81174, 72953, 46238, 29069, 37611]"
111654,"[79365, 101970, 55811, 68835, 11301, 11744, 82181, 90052, 16810, 83279]"
111655,"[49488, 107049, 59921, 27280, 42446, 56454, 98458, 69282, 108025, 62971]"
111656,"[100675, 58127, 35129, 867, 90162, 41132, 75962, 10473, 66211, 19083]"
111657,"[66394, 56052, 75433, 96532, 18038, 59260, 63396, 48985, 1309, 8954]"
111658,"[90436, 82168, 70591, 97596, 11026, 99214, 95871, 52131, 56847, 30210]"
111659,"[100232, 103875, 107508, 13094, 38574, 5816, 1962, 91637, 87907, 21364]"
111660,"[57751, 93313, 41512, 9213, 64172, 50970, 99274, 54011, 90014, 63989]"
111661,"[91761, 87337, 54177, 41490, 9035, 5677, 102800, 80634, 44460, 38850]"
111662,"[31958, 62767, 14537, 77753, 39334, 37840, 74860, 19175, 91214, 30789]"
111663,"[8093, 38100, 16652, 64591, 101829, 15675, 58351, 38750, 52573, 57375]"
111664,"[42546, 23189, 1740, 10745, 85441, 35617, 24732, 64041, 33047, 56329]"
111665,"[100906, 77053, 103172, 75224, 78733, 6229, 50656, 15685, 81513, 81193]"
111666,"[78906, 103867, 66778, 61423, 47446, 108274, 35076, 6378, 27318, 105502]"
111667,"[9201, 42873, 17198, 35899, 10200, 96870, 11963, 40764, 96696, 45992]"
111668,"[49669, 11685, 10549, 79435, 81541, 46810, 6404, 6212, 22803, 71869]"
111669,"[88902, 83061, 33356, 106787, 85589, 33283, 6322, 81898, 73409, 63477]"
111670,"[73015, 55655, 28859, 40641, 69957, 27239, 50829, 88934, 29566, 95907]"
111671,"[87483, 43332, 12165, 81842, 42418, 76527, 50397, 72589, 6692, 98813]"
111672,"[34570, 5973, 74103, 24655, 66701, 107498, 64620, 100532, 3252, 80747]"
111673,"[74507, 30923, 1823, 93667, 14806, 15298, 100679, 11866, 89149, 36750]"
111674,"[74654, 69146, 88694, 46520, 49803, 76225, 2932, 12850, 109311, 68617]"
111675,"[87871, 85281, 43254, 77972, 71958, 49976, 61967, 95398, 106402, 50267]"
111676,"[81132, 45206, 84589, 51496, 66168, 62649, 26022, 89999, 82719, 68230]"
111677,"[19657, 72360, 89399, 21435, 90749, 94699, 35220, 72562, 83405, 109406]"
111678,"[101430, 15660, 57854, 104387, 50367, 40753, 81720, 56650, 98499, 54634]"
111679,"[67521, 68743, 38337, 45639, 108860, 28485, 31199, 20329, 46064, 60356]"
111680,"[62379, 45349, 81824, 90216, 57248, 54026, 30996, 108087, 25997, 103314]"
111681,"[63753, 47954, 49192, 13141, 78236, 53336, 44742, 1415, 73614, 34851]"
111682,"[29473, 65411, 65970, 50690, 103311, 42429, 63758, 91527, 84233, 67105]"
111683,"[21842, 53057, 36887, 76582, 107309, 84016, 26938, 91896, 11969, 40123]"
111684,"[21790, 7557, 45920, 33881, 23375, 2061, 33052, 35527, 72412, 72683]"
111685,"[106996, 74476, 2797, 81094, 80334, 68077, 32749, 45827, 60172, 71034]"
111686,"[128, 91758, 94155, 13874, 53244, 23541, 66829, 85994, 7541, 76159]"
111687,"[81064, 48689, 43737, 19468, 68170, 3529, 40779, 24484, 28472, 47245]"
111688,"[56502, 25539, 22799, 82613, 20048, 70385, 75600, 71571, 22541, 84761]"
111689,"[47251, 63454, 11355, 59949, 37182, 2726, 84647, 93073, 10679, 86985]"
111690,"[53150, 107767, 91189, 57156, 74892, 93828, 6949, 18199, 72184, 92913]"
111691,"[8322, 38237, 18836, 38150, 34676, 97747, 83050, 36974, 6790, 73232]"
111692,"[52237, 58338, 16340, 29984, 62049, 22657, 71809, 24000, 24275, 67683]"
111693,"[67586, 3275, 1197, 18718, 76060, 18754, 24515, 98059, 103764, 29365]"
111694,"[99477, 33426, 11090, 83679, 55429, 47242, 28668, 22310, 32147, 80258]"
111695,"[3606, 15683, 104467, 10468, 98742, 6287, 51676, 38988, 20596, 4984]"
111696,"[14795, 70170, 11854, 8601, 88887, 39002, 50382, 30571, 85026, 145]"
111697,"[40093, 36031, 70763, 103624, 100792, 21282, 97603, 70364, 11103, 107110]"
111698,"[81052, 6986, 96164, 42309, 343, 21973, 22557, 46303, 88309, 92372]"
111699,"[102800, 80634, 11560, 41781, 49954, 85716, 69477, 85213, 30940, 62841]"
111700,"[40808, 89404, 38878, 81186, 91222, 62183, 4976, 18046, 56353, 66377]"
111701,"[10606, 21804, 60844, 100266, 22710, 53211, 103128, 37885, 106438, 54439]"
111702,"[104616, 73003, 58366, 1697, 49425, 32657, 62023, 88301, 38271, 33825]"
111703,"[61336, 24840, 27373, 23773, 14753, 31708, 99855, 99383, 12226, 9976]"
111704,"[5044, 99234, 107509, 102375, 59723, 51872, 86172, 78690, 88207, 11316]"
111705,"[99082, 95269, 30576, 79369, 43444, 55244, 104571, 28339, 27416, 24055]"
111706,"[51552, 82739, 106689, 1176, 97078, 72387, 109563, 2247, 98131, 92632]"
111707,"[70035, 63169, 66040, 47185, 60885, 103395, 88481, 4855, 78643, 104374]"
111708,"[98570, 78880, 73947, 80292, 25711, 411, 52911, 14175, 24178, 56185]"
111709,"[55471, 81455, 58804, 77404, 1736, 61627, 18024, 59948, 100167, 48]"
111710,"[13784, 86278, 40138, 74742, 26954, 56621, 17288, 39932, 91865, 34278]"
111711,"[83855, 30266, 7937, 45224, 34682, 107757, 108180, 68890, 55589, 91125]"
111712,"[83037, 33128, 106660, 70178, 88335, 15358, 16862, 101929, 17132, 56205]"
111713,"[10560, 31105, 54940, 88746, 100182, 100952, 34358, 4563, 19777, 96676]"
111714,"[9938, 28162, 75487, 67485, 51625, 94311, 19199, 48161, 95824, 62329]"
111715,"[87382, 3547, 87472, 105844, 70285, 88777, 2205, 69033, 50583, 8304]"
111716,"[36420, 22835, 24282, 60466, 25180, 51616, 7471, 22086, 97341, 43743]"
111717,"[19184, 56565, 8440, 8613, 92150, 27336, 70796, 58589, 12644, 34262]"
111718,"[58641, 109184, 72741, 77002, 91828, 44128, 17190, 42340, 91476, 58582]"
111719,"[77313, 52198, 89133, 11944, 108918, 85502, 42517, 84384, 62092, 30136]"
111720,"[54923, 53743, 81519, 31543, 40116, 48337, 55182, 60259, 25773, 3591]"
111721,"[75574, 55643, 48316, 50028, 63061, 30646, 109376, 65957, 80451, 96775]"
111722,"[103840, 65101, 644, 51025, 40741, 17191, 96247, 45286, 83038, 25803]"
111723,"[91165, 55658, 12, 44311, 39620, 17247, 6174, 16733, 100354, 107480]"
111724,"[45333, 3919, 84313, 26721, 106683, 108471, 102807, 92224, 20090, 95593]"
111725,"[26460, 107215, 87893, 15347, 92671, 105822, 100197, 80280, 101598, 83628]"
111726,"[38922, 2064, 19860, 83092, 81805, 19876, 33870, 59841, 68407, 25137]"
111727,"[3887, 89948, 35917, 109475, 52010, 83522, 43256, 25341, 95304, 30319]"
111728,"[57675, 52597, 70684, 5698, 33481, 8412, 2002, 57997, 35746, 96334]"
111729,"[79979, 42135, 106146, 102052, 8685, 38685, 101810, 75330, 23751, 55109]"
111730,"[50941, 29557, 25443, 74652, 48008, 30456, 108309, 76656, 67325, 22292]"
111731,"[49833, 87812, 7223, 54091, 81414, 79237, 43937, 95719, 80175, 12061]"
111732,"[10381, 28475, 54593, 66851, 806, 82968, 34465, 19209, 28043, 81864]"
111733,"[80187, 75215, 83897, 63902, 57219, 109168, 97348, 104505, 37207, 51400]"
111734,"[96513, 61331, 34177, 43048, 43069, 30946, 73718, 25436, 11590, 20433]"
111735,"[109501, 40239, 32317, 70093, 9836, 51635, 46183, 35743, 104735, 23841]"
111736,"[17386, 86371, 36472, 10747, 53577, 25039, 10577, 556, 18359, 68786]"
111737,"[65259, 83474, 48260, 20575, 100100, 35898, 14255, 38324, 89672, 85170]"
111738,"[67497, 50973, 12369, 78074, 20616, 66290, 51089, 19761, 46151, 59517]"
111739,"[19981, 47499, 74123, 76420, 3178, 12401, 10440, 18270, 58064, 16660]"
111740,"[25373, 27280, 4161, 34510, 19960, 82340, 9278, 12757, 80820, 88003]"
111741,"[38112, 86151, 33131, 39905, 53876, 33217, 62515, 15923, 69284, 50375]"
111742,"[27840, 69210, 86912, 31327, 59037, 47059, 67624, 10819, 109734, 71963]"
111743,"[91553, 64215, 107673, 82694, 50508, 4836, 80756, 67964, 101255, 26583]"
111744,"[49859, 35000, 81964, 93396, 83045, 2386, 89761, 33546, 70846, 79522]"
111745,"[21043, 60561, 1989, 34916, 58792, 69656, 2804, 61978, 43261, 23065]"
111746,"[37271, 51821, 10016, 94048, 71199, 11057, 95896, 21576, 98627, 96683]"
111747,"[41837, 103568, 29630, 58170, 64321, 106636, 36729, 35715, 49184, 95322]"
111748,"[85894, 29873, 49626, 54566, 64000, 97850, 95042, 56642, 90251, 15137]"
111749,"[47260, 20137, 52879, 32618, 102104, 91312, 39118, 68373, 71423, 68548]"
111750,"[104447, 16892, 89448, 97157, 68270, 85696, 41842, 76199, 20729, 60106]"
111751,"[64966, 15439, 81834, 6477, 6949, 18199, 57424, 16022, 59628, 38495]"
111752,"[25594, 58125, 6761, 51068, 49579, 98704, 29744, 6414, 76849, 21740]"
111753,"[14229, 55391, 44086, 108313, 7476, 106954, 6106, 108144, 24483, 42708]"
111754,"[65230, 82268, 106623, 101853, 26728, 46605, 17554, 49826, 8340, 24327]"
111755,"[107717, 81628, 22584, 5927, 3346, 64538, 99139, 86738, 87137, 27385]"
111756,"[94652, 61605, 26564, 48281, 103391, 13756, 58306, 106852, 5828, 64971]"
111757,"[18924, 6563, 2049, 22531, 29517, 74793, 21223, 3909, 36676, 28588]"
111758,"[7835, 35450, 90660, 35470, 34605, 97747, 83050, 11989, 19777, 4563]"
111759,"[80411, 39035, 32952, 19020, 100052, 86004, 103784, 39, 63344, 31153]"
111760,"[12624, 87648, 78958, 37384, 65569, 690, 36814, 97938, 99976, 107043]"
111761,"[701, 104326, 5672, 8171, 73489, 29077, 17151, 90994, 95930, 97620]"
111762,"[105328, 25288, 22930, 32395, 63964, 18810, 6940, 98302, 44949, 82689]"
111763,"[51608, 15957, 52803, 102054, 33361, 21930, 26323, 80076, 59204, 100225]"
111764,"[54304, 43674, 57945, 49268, 63930, 88808, 57410, 23063, 67268, 106506]"
111765,"[51137, 79949, 90186, 21078, 13968, 8702, 67554, 68582, 53210, 93483]"
111766,"[70671, 97133, 22377, 38393, 7335, 41045, 77139, 82130, 83195, 60669]"
111767,"[2179, 67971, 72507, 93384, 40792, 19623, 66169, 41403, 53049, 76277]"
111768,"[5194, 95893, 37781, 52595, 100397, 69741, 26489, 80751, 82031, 83071]"
111769,"[6660, 56144, 9860, 3946, 28858, 61548, 109314, 96224, 68897, 7864]"
111770,"[88541, 38994, 108221, 101944, 68750, 82272, 75374, 40899, 65162, 45444]"
111771,"[6817, 6548, 82608, 48781, 57822, 14248, 63397, 13701, 74554, 69786]"
111772,"[74050, 36855, 47403, 43300, 5018, 35362, 87156, 59109, 40902, 31941]"
111773,"[94496, 85774, 53404, 60778, 5894, 73760, 96496, 90777, 94250, 96025]"
111774,"[94776, 53391, 19226, 62242, 24172, 27798, 74897, 53338, 5070, 19773]"
111775,"[88873, 92113, 47071, 13738, 80913, 65336, 109114, 68476, 34643, 14852]"
111776,"[66972, 9140, 106727, 71948, 30904, 49545, 14121, 63718, 78987, 32096]"
111777,"[58868, 68849, 92098, 20637, 40330, 60059, 27633, 102164, 37360, 73379]"
111778,"[61009, 109057, 13730, 78169, 46340, 50136, 61277, 17097, 102103, 818]"
111779,"[107000, 93894, 36416, 59249, 25538, 89038, 35217, 25948, 19985, 1057]"
111780,"[63675, 13200, 37204, 100706, 71749, 45085, 49587, 7519, 103790, 74561]"
111781,"[61283, 59445, 12090, 10435, 101798, 436, 72989, 51416, 13220, 2256]"
111782,"[33366, 28838, 76298, 52780, 12887, 62847, 40419, 33877, 5540, 103029]"
111783,"[93075, 31306, 3362, 11660, 4663, 80691, 22007, 28301, 16151, 85953]"
111784,"[27406, 36304, 53988, 30912, 2602, 70400, 19147, 53034, 84082, 71738]"
111785,"[80015, 48224, 68852, 45605, 33786, 56500, 55856, 56061, 18970, 102676]"
111786,"[98452, 10052, 54926, 75270, 59702, 88381, 24261, 10530, 108359, 10834]"
111787,"[13898, 22853, 53805, 17966, 27205, 104882, 77736, 73014, 10358, 106665]"
111788,"[65104, 44877, 58869, 18730, 27732, 88032, 5045, 97534, 33755, 61053]"
111789,"[28104, 37127, 104996, 50359, 95715, 56385, 92283, 89297, 20524, 33972]"
111790,"[30799, 102664, 50212, 83263, 30914, 58356, 39080, 16489, 72724, 60487]"
111791,"[90985, 103437, 47535, 35634, 21227, 50393, 61040, 46000, 39877, 70103]"
111792,"[39880, 80858, 70119, 30340, 105580, 91468, 52543, 64249, 55295, 53014]"
111793,"[57269, 37094, 86950, 66313, 6155, 86000, 32539, 73174, 52517, 57060]"
111794,"[36095, 56932, 73950, 45629, 78801, 56669, 26070, 51213, 17351, 9628]"
111795,"[48568, 3862, 34973, 73947, 25711, 98570, 31426, 50550, 411, 80292]"
111796,"[32321, 108404, 77516, 47637, 16710, 18328, 81074, 85920, 19660, 15083]"
111797,"[91856, 44431, 3659, 6609, 57109, 41210, 69901, 44119, 96726, 61392]"
111798,"[100536, 101654, 64420, 38015, 37240, 86540, 103922, 8450, 63995, 7935]"
111799,"[28130, 30473, 7415, 86409, 38070, 1103, 76833, 28705, 60629, 37108]"
111800,"[26071, 86813, 71589, 101684, 106863, 78120, 92289, 82891, 18921, 3808]"
111801,"[76330, 10056, 40804, 57378, 104399, 108840, 91097, 63599, 1282, 11162]"
111802,"[11720, 82196, 56681, 61343, 86938, 80854, 51670, 84783, 4826, 56962]"
111803,"[22540, 71836, 106604, 29465, 654, 76607, 92100, 58708, 80283, 99889]"
111804,"[6351, 76384, 47763, 51445, 28108, 61102, 41977, 11391, 105921, 62339]"
111805,"[54743, 10600, 77189, 98871, 83164, 86843, 15904, 5635, 104133, 21045]"
111806,"[100665, 94838, 109478, 89919, 54449, 42009, 7679, 26892, 42571, 108385]"
111807,"[33639, 36505, 70557, 61665, 10820, 49423, 44306, 7401, 108446, 100612]"
111808,"[1364, 85691, 103975, 108755, 60711, 17453, 62266, 74310, 44817, 63356]"
111809,"[85197, 88272, 38332, 20957, 25789, 17473, 62053, 94585, 39724, 14635]"
111810,"[78453, 108217, 27744, 6904, 98501, 96219, 69234, 106830, 55913, 5116]"
111811,"[47167, 97226, 58318, 33436, 90309, 102401, 10442, 105738, 73976, 54625]"
111812,"[73424, 34301, 40335, 58222, 40819, 40416, 98141, 3069, 28471, 42898]"
111813,"[102711, 34244, 24547, 77897, 94758, 32303, 66300, 34081, 91860, 53965]"
111814,"[77648, 51085, 61689, 28170, 4758, 5013, 55047, 5717, 60062, 108857]"
111815,"[81437, 37678, 97000, 42117, 69600, 63746, 72227, 101358, 106726, 65073]"
111816,"[58778, 109240, 71009, 73290, 13894, 46255, 51295, 87949, 55423, 53552]"
111817,"[13010, 62834, 95424, 97752, 21158, 18775, 27359, 14642, 89552, 87650]"
111818,"[72195, 43178, 73111, 4813, 40470, 44508, 54639, 69562, 41994, 91298]"
111819,"[8662, 53483, 91374, 42080, 33197, 92670, 100477, 60359, 74850, 45075]"
111820,"[14702, 62508, 109521, 45095, 39829, 30842, 51411, 36538, 66768, 9069]"
111821,"[57943, 58957, 84830, 739, 108614, 91937, 98476, 8869, 104458, 36682]"
111822,"[40920, 20548, 77005, 38191, 106824, 70685, 50321, 76879, 106571, 47646]"
111823,"[36804, 18637, 41346, 14000, 44353, 35408, 7246, 73534, 37689, 76288]"
111824,"[63173, 98221, 104359, 46110, 95821, 37862, 36790, 77481, 82451, 100206]"
111825,"[22606, 91830, 102274, 72258, 4481, 38464, 92360, 21299, 13422, 35603]"
111826,"[108866, 86482, 13108, 61459, 87605, 44103, 24529, 6673, 79178, 12039]"
111827,"[64364, 30635, 96686, 13663, 19633, 42407, 87450, 90077, 8433, 18573]"
111828,"[36840, 14176, 31205, 44531, 64803, 40090, 25449, 50592, 23778, 97486]"
111829,"[24600, 32778, 67473, 104077, 82267, 20702, 61831, 67794, 40703, 57009]"
111830,"[35353, 27013, 58408, 101585, 20351, 68159, 79688, 27138, 78638, 108206]"
111831,"[7632, 6723, 48078, 97989, 88621, 28661, 19547, 49992, 35435, 57239]"
111832,"[24111, 66918, 17264, 60974, 73659, 29313, 74180, 45564, 44659, 104871]"
111833,"[99921, 60979, 32884, 84236, 60819, 10806, 66048, 89227, 89564, 80179]"
111834,"[22086, 7471, 7647, 73464, 60466, 6427, 82611, 24763, 88440, 43743]"
111835,"[68866, 37292, 31255, 83909, 86221, 27880, 70174, 35751, 76992, 51542]"
111836,"[65034, 97165, 74184, 82908, 64507, 97996, 56977, 80629, 67130, 87975]"
111837,"[55776, 72392, 17105, 21602, 3760, 35397, 29652, 59114, 9360, 93015]"
111838,"[74183, 74269, 15448, 19742, 95386, 55487, 53421, 92520, 37144, 2738]"
111839,"[59970, 4851, 54483, 107696, 56336, 57467, 108756, 54493, 32775, 91994]"
111840,"[3820, 5182, 11433, 19836, 69523, 74734, 56300, 106795, 78436, 5610]"
111841,"[49620, 44070, 22542, 58048, 22546, 45286, 104565, 24543, 78161, 73442]"
111842,"[74609, 76250, 94742, 51622, 33429, 46650, 37493, 82836, 102153, 68447]"
111843,"[88184, 26039, 96800, 27541, 42108, 22987, 46140, 84428, 66687, 93492]"
111844,"[89968, 107672, 71905, 94724, 201, 85475, 104412, 81257, 87597, 78197]"
111845,"[94970, 58102, 63394, 84644, 50548, 36822, 53687, 10704, 88808, 57685]"
111846,"[15082, 18629, 6891, 13218, 57618, 84107, 59031, 57718, 74283, 58710]"
111847,"[83651, 12883, 94989, 83907, 14094, 13999, 10444, 32986, 109176, 87511]"
111848,"[86609, 7516, 21031, 88674, 83335, 57202, 35637, 99035, 69686, 109481]"
111849,"[69460, 58644, 13737, 67450, 91734, 42538, 63805, 26888, 80739, 80329]"
111850,"[90222, 73770, 36429, 96561, 91253, 14310, 39308, 72632, 39890, 83875]"
111851,"[86542, 52456, 7408, 89287, 48452, 105340, 19005, 10215, 18805, 84376]"
111852,"[8254, 37408, 61998, 41251, 36421, 46156, 77491, 57525, 50464, 76443]"
111853,"[63698, 9799, 13779, 76919, 103155, 5704, 67459, 88894, 86216, 74608]"
111854,"[82892, 77501, 68701, 47660, 35849, 34823, 65765, 62850, 12984, 36871]"
111855,"[75470, 66887, 8603, 20089, 19910, 104039, 109282, 36724, 1079, 52787]"
111856,"[33317, 26995, 76687, 19367, 20869, 68133, 81300, 106681, 89308, 32042]"
111857,"[45209, 14407, 64835, 65406, 60548, 107431, 41915, 59656, 47462, 7042]"
111858,"[21132, 88953, 71276, 20769, 20615, 17766, 67894, 76081, 63683, 104277]"
111859,"[39042, 28389, 59426, 83082, 70125, 74327, 58394, 8557, 43177, 2373]"
111860,"[56996, 59975, 79415, 21300, 26283, 79214, 68733, 44727, 47452, 102195]"
111861,"[40503, 4202, 24306, 66977, 88930, 88074, 79008, 41775, 21530, 107328]"
111862,"[35971, 74281, 28832, 107033, 75900, 53706, 90936, 108207, 60396, 32324]"
111863,"[45311, 64518, 99517, 67652, 27934, 40992, 43402, 36954, 48252, 27097]"
111864,"[58767, 105642, 99200, 15137, 58828, 25531, 68662, 18516, 106301, 44280]"
111865,"[68280, 36732, 47792, 96886, 107954, 95379, 12121, 30706, 39259, 82040]"
111866,"[96979, 88211, 28156, 4830, 23142, 76746, 13697, 26286, 32013, 18729]"
111867,"[72104, 93205, 56821, 59340, 8554, 10511, 68357, 79894, 61782, 20352]"
111868,"[27550, 39118, 59236, 70323, 5921, 16684, 19972, 23722, 76581, 38029]"
111869,"[18896, 39052, 95976, 58305, 25438, 105306, 67324, 86101, 74366, 62313]"
111870,"[12429, 89299, 103237, 94401, 69973, 108338, 19885, 70648, 14696, 33517]"
111871,"[19643, 43610, 74665, 70826, 17863, 25132, 85977, 102365, 85864, 79932]"
111872,"[43896, 55005, 39684, 2448, 35123, 12060, 50485, 87489, 4856, 46682]"
111873,"[60879, 49299, 41408, 8191, 80697, 51060, 70944, 90684, 38614, 100639]"
111874,"[63044, 506, 24985, 48734, 23486, 51160, 64190, 107832, 79196, 83258]"
111875,"[1032, 71523, 36669, 81656, 99839, 27495, 81912, 46690, 37217, 28512]"
111876,"[85768, 91210, 76276, 83341, 11779, 104012, 79102, 52544, 88580, 17458]"
111877,"[55867, 101281, 61863, 101863, 79470, 44677, 42532, 22923, 83889, 97978]"
111878,"[22985, 68935, 10459, 53904, 8814, 15001, 49656, 75613, 35856, 49634]"
111879,"[85835, 38819, 63734, 12367, 83441, 13233, 107978, 28158, 17341, 27268]"
111880,"[66564, 1523, 53886, 101879, 14887, 90563, 37646, 42790, 22968, 47175]"
111881,"[70762, 29816, 4223, 94561, 54365, 79418, 53742, 16270, 77482, 36066]"
111882,"[1427, 50871, 90724, 99165, 55371, 98121, 13323, 88590, 53216, 44944]"
111883,"[9882, 37797, 26195, 81351, 3624, 72857, 67156, 99231, 27987, 43267]"
111884,"[38673, 37559, 103469, 8691, 86090, 3738, 13479, 8402, 86349, 36752]"
111885,"[63771, 72081, 5804, 94860, 94208, 89303, 73801, 26037, 42200, 99970]"
111886,"[31069, 56190, 39060, 40235, 89398, 7381, 7627, 55147, 91243, 46760]"
111887,"[69882, 92865, 100420, 5328, 105372, 107586, 78958, 18574, 15261, 12800]"
111888,"[10010, 2915, 29519, 109318, 32673, 105930, 99163, 12505, 7346, 79061]"
111889,"[46297, 34594, 99359, 86429, 24567, 33932, 37738, 98031, 92427, 45015]"
111890,"[74218, 32664, 91661, 14780, 28616, 8888, 46753, 27690, 77296, 63076]"
111891,"[81161, 86263, 82646, 7155, 75907, 93394, 19507, 21926, 72987, 36791]"
111892,"[23041, 12381, 65831, 70794, 10178, 30616, 81122, 28212, 109575, 11397]"
111893,"[82197, 50418, 92845, 42766, 8235, 34231, 56063, 4815, 19283, 74736]"
111894,"[25989, 26669, 25794, 15612, 77880, 45621, 100530, 47866, 41610, 100965]"
111895,"[32519, 47440, 96698, 21660, 26785, 80299, 100450, 50395, 78492, 65690]"
111896,"[88999, 91134, 73850, 65004, 75572, 60148, 85568, 23085, 47106, 93576]"
111897,"[96812, 97159, 35546, 52890, 38461, 51914, 23914, 8176, 98984, 40054]"
111898,"[107073, 92353, 88187, 97158, 78788, 82554, 23413, 6018, 37283, 9215]"
111899,"[76332, 23330, 105324, 69446, 89884, 94125, 72086, 89508, 27923, 62810]"
111900,"[5091, 89522, 15609, 36801, 52839, 96188, 109045, 65696, 56790, 6950]"
111901,"[44406, 18104, 76169, 9523, 78648, 70550, 9029, 42734, 42918, 73625]"
111902,"[12361, 8363, 101220, 16950, 57038, 8042, 82004, 90482, 76290, 12415]"
111903,"[68280, 36732, 47792, 96886, 107954, 95379, 12121, 30706, 39259, 82040]"
111904,"[91944, 59393, 78610, 101804, 94797, 85638, 18666, 40852, 81435, 73152]"
111905,"[94954, 2971, 50728, 13130, 85988, 50106, 59557, 74275, 71348, 86752]"
111906,"[6464, 100096, 95882, 22867, 92304, 48953, 83793, 58181, 49431, 31994]"
111907,"[89825, 18870, 43493, 85381, 103227, 5571, 84258, 34083, 54082, 35192]"
111908,"[108198, 53920, 88809, 43193, 46388, 51069, 79637, 80180, 13415, 65745]"
111909,"[6247, 14591, 12282, 10039, 10901, 66003, 33101, 37069, 22226, 76879]"
111910,"[33807, 83401, 61509, 3363, 39230, 30269, 57478, 77378, 1282, 37922]"
111911,"[71213, 92782, 24700, 3932, 56636, 99779, 41477, 93420, 585, 97467]"
111912,"[80678, 34222, 102069, 63924, 61791, 58387, 100980, 39615, 106222, 72004]"
111913,"[83127, 109692, 76923, 103395, 41639, 80989, 66040, 90987, 93262, 32112]"
111914,"[101206, 83027, 55068, 61972, 50644, 101630, 89180, 13810, 99786, 29017]"
111915,"[96039, 26270, 71096, 42475, 79834, 42191, 108233, 18276, 34009, 72761]"
111916,"[92067, 81423, 58685, 72132, 41011, 105160, 176, 346, 90254, 81776]"
111917,"[66750, 66251, 99930, 107946, 36136, 94725, 94395, 33612, 83913, 64807]"
111918,"[94542, 107279, 25644, 46078, 74434, 69674, 56683, 74710, 85740, 15277]"
111919,"[50103, 62687, 72530, 35095, 72661, 48143, 83366, 71836, 12332, 80568]"
111920,"[9557, 92817, 39238, 86617, 71469, 51392, 106659, 63273, 20515, 27099]"
111921,"[81986, 10484, 66073, 20828, 97370, 12315, 12679, 54843, 49786, 80642]"
111922,"[21948, 49043, 101050, 4852, 56106, 97682, 107602, 41581, 56871, 95940]"
111923,"[66546, 16294, 62829, 60602, 94607, 31663, 70631, 39989, 96987, 51505]"
111924,"[32631, 105180, 15188, 55760, 21171, 25039, 54831, 22670, 46595, 3051]"
111925,"[34922, 9889, 42037, 2722, 90330, 50621, 37866, 106698, 22750, 105137]"
111926,"[79364, 81651, 28119, 67738, 96161, 31544, 5147, 7585, 71305, 33308]"
111927,"[21588, 76710, 35559, 31276, 92856, 92876, 95996, 8775, 631, 44683]"
111928,"[78348, 41667, 78296, 20469, 78127, 43450, 95314, 46903, 80271, 105048]"
111929,"[70538, 67369, 4712, 92921, 102692, 46732, 96074, 77102, 52814, 102607]"
111930,"[105567, 104217, 52060, 18007, 41809, 61743, 41618, 95030, 25628, 68441]"
111931,"[84510, 40779, 48689, 106757, 74752, 68170, 94567, 81064, 21082, 81954]"
111932,"[55653, 50383, 78447, 25455, 74597, 96941, 59823, 19150, 102641, 98841]"
111933,"[32234, 23410, 47060, 36175, 85226, 38373, 97474, 13069, 32653, 99529]"
111934,"[22523, 25196, 29410, 103020, 14058, 107879, 2350, 92264, 85665, 35300]"
111935,"[8087, 53100, 13542, 45212, 106575, 85769, 16883, 78704, 44027, 8878]"
111936,"[94700, 68904, 71548, 32729, 97356, 99136, 107095, 46835, 33999, 67981]"
111937,"[95301, 50918, 54446, 5791, 97069, 19375, 87641, 76463, 50428, 101973]"
111938,"[94035, 60519, 22307, 77196, 41636, 59682, 87816, 15106, 80862, 71068]"
111939,"[30736, 22630, 99349, 108862, 88423, 18502, 56918, 1606, 15462, 49494]"
111940,"[42192, 92250, 14825, 40537, 82578, 94205, 11117, 82575, 17403, 3717]"
111941,"[52869, 77470, 4986, 9267, 67030, 40974, 97024, 15032, 67833, 23921]"
111942,"[92251, 71590, 86604, 26675, 42141, 18528, 109, 101490, 30019, 73002]"
111943,"[10697, 95182, 40955, 64417, 83930, 33040, 11314, 18693, 42698, 16814]"
111944,"[24679, 27844, 106278, 102231, 102498, 44060, 91835, 78328, 16365, 53738]"
111945,"[21297, 65107, 88891, 14881, 88113, 47495, 89410, 66813, 98516, 72738]"
111946,"[7563, 52868, 93037, 77659, 8959, 7931, 55145, 66679, 1961, 85004]"
111947,"[71537, 51662, 107391, 99880, 68371, 39240, 3346, 78501, 87137, 100616]"
111948,"[26879, 58933, 27224, 23429, 49889, 23860, 59677, 30912, 2602, 38926]"
111949,"[54114, 73609, 62994, 15988, 101355, 89806, 26923, 647, 27294, 86692]"
111950,"[1323, 23615, 77315, 10608, 70908, 40661, 93364, 51466, 68273, 3848]"
111951,"[89259, 68244, 48651, 5244, 99950, 14298, 100677, 88481, 66040, 7828]"
111952,"[50541, 56182, 88675, 98432, 43173, 62458, 5901, 74595, 108817, 109188]"
111953,"[5477, 104162, 36899, 93196, 24939, 15999, 57756, 12150, 69895, 105971]"
111954,"[77120, 106567, 25864, 84833, 31202, 13527, 18167, 88322, 34879, 52378]"
111955,"[37441, 81424, 63277, 61261, 34849, 104540, 75168, 48108, 30698, 22291]"
111956,"[83938, 90002, 1265, 19570, 105988, 84220, 76747, 46141, 82540, 40143]"
111957,"[14920, 53123, 17629, 60068, 88819, 81216, 75112, 107903, 73927, 68869]"
111958,"[19226, 94776, 72414, 53391, 70735, 95656, 74550, 24172, 29487, 9996]"
111959,"[82657, 54579, 62809, 44242, 34218, 107326, 100884, 21759, 96762, 52203]"
111960,"[73128, 39441, 14536, 14267, 98057, 61335, 27065, 34948, 32743, 82075]"
111961,"[99356, 51010, 22658, 94211, 34713, 3892, 74247, 10032, 78955, 99844]"
111962,"[58518, 57433, 62547, 98211, 8960, 50222, 46979, 64951, 51259, 73776]"
111963,"[5868, 57716, 47701, 104188, 70519, 37740, 20622, 87995, 51187, 53263]"
111964,"[106714, 26444, 4128, 50145, 28295, 62728, 55532, 63751, 64068, 44412]"
111965,"[12482, 92180, 59711, 105942, 63436, 50030, 89146, 16252, 91347, 2535]"
111966,"[71214, 98276, 2423, 65471, 17592, 9872, 47045, 64451, 102585, 60271]"
111967,"[40424, 75098, 6128, 33528, 48780, 89472, 27983, 53151, 16976, 23404]"
111968,"[38687, 25573, 47822, 57398, 17927, 87777, 55173, 77386, 108893, 39610]"
111969,"[80975, 12662, 80151, 2542, 6644, 7190, 104648, 13157, 72273, 26670]"
111970,"[84993, 65984, 85734, 109294, 27953, 59154, 76593, 107968, 77086, 39519]"
111971,"[93327, 97874, 97724, 60962, 13553, 21871, 90212, 89652, 25384, 103052]"
111972,"[91469, 12044, 107469, 75071, 20341, 29036, 94204, 71122, 16027, 20320]"
111973,"[50135, 60587, 25402, 16249, 103787, 55198, 36220, 69076, 19379, 58033]"
111974,"[54666, 102716, 72405, 5806, 28262, 93529, 103063, 77881, 57344, 34937]"
111975,"[40170, 5379, 73940, 41499, 30022, 58581, 67315, 69450, 106747, 78558]"
111976,"[39573, 60127, 70523, 37659, 8030, 5318, 29592, 12952, 102050, 43525]"
111977,"[70494, 84687, 94841, 106879, 99202, 34550, 102215, 47487, 109521, 69629]"
111978,"[69479, 81003, 105336, 53315, 66960, 73345, 27498, 64569, 25727, 105836]"
111979,"[26621, 99946, 67534, 1129, 25349, 104098, 14329, 96724, 27381, 73103]"
111980,"[67001, 102334, 89198, 56211, 438, 80673, 84972, 1930, 72164, 11530]"
111981,"[109301, 9922, 102369, 89661, 73983, 98584, 96172, 16768, 14725, 40394]"
111982,"[79746, 57661, 71866, 67427, 86196, 71676, 35975, 50680, 2877, 82434]"
111983,"[9945, 78241, 12376, 33286, 108887, 57203, 23954, 70790, 4349, 6168]"
111984,"[43688, 21960, 53970, 70634, 24983, 86529, 83992, 82130, 42376, 83195]"
111985,"[16162, 32127, 29277, 29246, 5625, 63355, 55134, 90845, 48239, 92950]"
111986,"[59178, 9241, 71309, 18183, 16168, 109587, 75764, 91703, 34187, 44304]"
111987,"[27078, 81290, 19876, 19860, 68407, 25137, 2064, 51313, 39572, 68611]"
111988,"[93682, 75463, 42737, 29494, 64913, 8387, 61789, 109093, 64288, 58006]"
111989,"[7231, 12753, 65799, 30823, 9561, 5959, 28769, 24525, 93630, 84702]"
111990,"[1806, 72542, 85510, 45006, 101068, 48188, 101157, 75105, 60887, 54871]"
111991,"[9876, 43447, 37656, 65480, 63256, 106376, 29602, 12209, 59830, 103307]"
111992,"[6928, 69409, 80452, 93356, 77547, 104609, 55753, 6930, 31109, 80663]"
111993,"[65035, 74580, 57680, 52949, 98770, 873, 7446, 73321, 91956, 32404]"
111994,"[82768, 21036, 99047, 74073, 14453, 72268, 36853, 45986, 83338, 80889]"
111995,"[103938, 72824, 70300, 93959, 61607, 71003, 72375, 56123, 35996, 62976]"
111996,"[54898, 60993, 21821, 43704, 67044, 66719, 14706, 41168, 61421, 31563]"
111997,"[6871, 76193, 86669, 83746, 30547, 63733, 4788, 79703, 88324, 18146]"
111998,"[106922, 28346, 86434, 46135, 12569, 42629, 17872, 23875, 51809, 24266]"
111999,"[25874, 7063, 11702, 26235, 105676, 18632, 35520, 107742, 46062, 64306]"
112000,"[74704, 85608, 98555, 17131, 97819, 42479, 4359, 40531, 6146, 77355]"
112001,"[12952, 107280, 5318, 102050, 85081, 55430, 37659, 70523, 21116, 39573]"
112002,"[67472, 37024, 46432, 39102, 86129, 14380, 25760, 79453, 75917, 105154]"
112003,"[69146, 88694, 49803, 74654, 76225, 21402, 2932, 62423, 46520, 109311]"
112004,"[97338, 108902, 26348, 75209, 52866, 278, 54840, 27831, 39583, 19310]"
112005,"[25696, 2469, 40591, 95469, 106875, 98036, 79474, 36685, 83806, 85167]"
112006,"[56976, 49903, 15630, 60863, 25877, 35969, 22852, 91386, 23527, 16669]"
112007,"[35573, 4821, 69984, 8482, 89035, 75617, 68060, 30605, 7613, 30852]"
112008,"[64814, 26763, 10649, 25223, 20781, 51894, 14470, 83884, 102999, 26566]"
112009,"[48686, 37522, 56051, 30306, 100997, 41406, 62942, 64824, 104060, 46054]"
112010,"[58324, 82323, 33883, 42975, 46063, 76638, 13382, 69079, 38184, 106371]"
112011,"[69435, 68662, 106301, 64574, 78999, 83064, 76724, 18177, 40916, 40106]"
112012,"[73775, 57635, 92947, 92650, 65232, 3937, 28250, 91613, 83656, 7232]"
112013,"[53806, 461, 80424, 58935, 68472, 47992, 54574, 40379, 58697, 88175]"
112014,"[67458, 10884, 94507, 106839, 20676, 95115, 13419, 35742, 102444, 62349]"
112015,"[24426, 35, 32739, 55245, 55901, 3428, 35975, 50680, 86196, 76599]"
112016,"[16434, 28733, 94282, 5118, 80916, 46502, 80758, 7403, 63435, 25183]"
112017,"[14406, 25601, 100216, 49518, 48215, 42890, 76016, 37323, 73385, 74731]"
112018,"[51896, 42289, 60782, 23975, 75987, 39461, 49188, 13891, 76620, 105314]"
112019,"[83661, 2657, 40149, 108571, 81758, 72738, 1776, 11051, 3044, 81829]"
112020,"[63373, 21077, 29848, 91643, 70653, 95987, 81878, 37765, 10311, 5373]"
112021,"[86324, 48207, 58206, 559, 62599, 21073, 105353, 44042, 101290, 37383]"
112022,"[70556, 27596, 83333, 106595, 45685, 92693, 68399, 44576, 62665, 10350]"
112023,"[24358, 34523, 70637, 1655, 97801, 94046, 6629, 91155, 14048, 71686]"
112024,"[8923, 70773, 56965, 49431, 48094, 70962, 16498, 37786, 59834, 87250]"
112025,"[57942, 82778, 33502, 63814, 54003, 9021, 4431, 101404, 86955, 13401]"
112026,"[28260, 50970, 59990, 64172, 83068, 36680, 41512, 98834, 105667, 13026]"
112027,"[71224, 52906, 76341, 62738, 78984, 27272, 42368, 55711, 15817, 23691]"
112028,"[101617, 22154, 51173, 20731, 57867, 11405, 47395, 86570, 106512, 49226]"
112029,"[57588, 59444, 29721, 41978, 12535, 47414, 45742, 58824, 6289, 37893]"
112030,"[19311, 27565, 95777, 30057, 75095, 62896, 31083, 71292, 22239, 65094]"
112031,"[101415, 27407, 27490, 12103, 9335, 22851, 73743, 73590, 47413, 99326]"
112032,"[107428, 33142, 81123, 51272, 88982, 19846, 32251, 71231, 8288, 82937]"
112033,"[93451, 20080, 50854, 36932, 59992, 5480, 6413, 101467, 9763, 109115]"
112034,"[106573, 108749, 89935, 46494, 27466, 101729, 83370, 104733, 42981, 105495]"
112035,"[95327, 33782, 56487, 57921, 107741, 2778, 10564, 34953, 84505, 67557]"
112036,"[76130, 109340, 101040, 62239, 48734, 23486, 44599, 2789, 68144, 3842]"
112037,"[73670, 99891, 37132, 96013, 106525, 28803, 16107, 1759, 2175, 98991]"
112038,"[72381, 103125, 3089, 89442, 31600, 100920, 94546, 4998, 89953, 82497]"
112039,"[36372, 65473, 35398, 58569, 62799, 92130, 2850, 13172, 34155, 67713]"
112040,"[96404, 2008, 103560, 27498, 100876, 64448, 6122, 94158, 12829, 66092]"
112041,"[18791, 30626, 49015, 22589, 49712, 97947, 107984, 50545, 12082, 11607]"
112042,"[11114, 79840, 99527, 39233, 99001, 106001, 89421, 104610, 21694, 16325]"
112043,"[35768, 40031, 108652, 12196, 66764, 14733, 55564, 47198, 104839, 50276]"
112044,"[87303, 28497, 100361, 10089, 90925, 99502, 19089, 16656, 70194, 27020]"
112045,"[74912, 10736, 88194, 26609, 11515, 44509, 3590, 104926, 28963, 85949]"
112046,"[46606, 21530, 41661, 107120, 108698, 1839, 24869, 95704, 2960, 18250]"
112047,"[46729, 56860, 45211, 9106, 13332, 14082, 81637, 81127, 21592, 28827]"
112048,"[23044, 83805, 41910, 14710, 96184, 97019, 70517, 2627, 76269, 96129]"
112049,"[91748, 33644, 71777, 26316, 95787, 66109, 107581, 83130, 105996, 93652]"
112050,"[65617, 63573, 54220, 87577, 81240, 59318, 22893, 8625, 55059, 42163]"
112051,"[72698, 454, 55827, 29951, 18326, 35138, 29657, 83833, 31338, 22979]"
112052,"[50917, 37319, 31229, 88521, 97022, 57164, 56944, 16948, 20948, 58636]"
112053,"[34929, 2333, 89641, 69516, 15127, 61941, 9033, 2528, 5250, 53478]"
112054,"[41599, 48972, 56135, 3256, 28766, 9090, 78800, 22847, 83065, 75194]"
112055,"[49363, 82119, 37099, 18144, 39695, 75515, 7285, 45878, 27977, 85743]"
112056,"[105231, 3254, 67711, 43073, 64850, 78542, 24533, 68025, 83243, 86685]"
112057,"[2596, 86012, 12946, 85726, 75442, 108612, 79953, 81029, 102359, 58430]"
112058,"[61462, 12815, 4237, 35415, 29596, 57031, 95867, 95771, 29487, 8602]"
112059,"[96220, 34296, 88078, 101325, 50339, 84808, 15980, 89344, 3018, 64968]"
112060,"[88962, 96222, 99811, 20264, 1731, 94495, 3890, 81416, 49097, 99309]"
112061,"[49606, 34225, 47598, 49418, 40236, 29100, 105323, 83654, 90361, 21351]"
112062,"[60873, 95929, 71222, 59245, 55435, 39543, 83113, 18869, 83629, 75852]"
112063,"[63848, 35228, 94104, 4593, 10347, 43171, 92538, 24415, 39324, 70467]"
112064,"[88409, 47789, 54032, 76806, 82455, 1726, 13762, 105007, 50491, 68594]"
112065,"[9734, 8029, 101545, 8618, 90185, 58763, 31188, 43120, 9648, 87465]"
112066,"[43935, 85402, 54973, 7906, 27547, 82817, 106565, 71607, 96534, 9171]"
112067,"[26375, 64046, 80713, 104756, 46017, 97025, 83223, 17631, 54750, 78778]"
112068,"[54585, 22573, 288, 65537, 83342, 63893, 37136, 65472, 97865, 14577]"
112069,"[86166, 79942, 49225, 16682, 30804, 49912, 80530, 60706, 17237, 46563]"
112070,"[41536, 36754, 105838, 28932, 54853, 100543, 103277, 24342, 94, 17032]"
112071,"[44470, 83636, 88118, 53492, 9799, 93417, 82269, 104756, 67459, 5704]"
112072,"[14978, 23750, 47343, 5088, 92935, 24099, 18752, 78079, 101284, 91138]"
112073,"[92435, 76702, 2207, 74400, 29606, 85156, 106631, 67075, 86159, 79634]"
112074,"[17855, 59820, 109328, 36511, 22758, 27561, 32905, 64988, 89005, 76691]"
112075,"[9297, 91313, 64731, 108486, 102689, 9737, 30020, 26154, 58313, 33039]"
112076,"[96924, 11931, 53593, 42869, 83834, 36117, 15286, 38260, 11972, 76850]"
112077,"[71039, 5410, 5153, 14507, 3443, 31641, 71324, 18458, 109571, 83371]"
112078,"[45509, 22136, 108616, 61827, 1971, 78646, 37433, 36474, 21425, 66015]"
112079,"[73780, 15886, 17737, 72623, 61987, 24786, 50075, 37105, 21246, 98588]"
112080,"[78621, 59446, 57218, 76777, 97343, 84451, 64847, 81494, 70802, 79517]"
112081,"[49476, 58234, 25441, 83653, 23978, 34277, 109441, 97611, 102242, 96260]"
112082,"[94773, 81323, 66606, 38763, 48348, 6767, 3635, 81543, 37056, 25159]"
112083,"[27375, 7300, 25003, 39180, 107422, 56452, 55516, 78653, 31656, 92186]"
112084,"[42799, 81956, 84624, 49693, 68091, 78316, 45471, 78273, 100983, 46241]"
112085,"[20001, 63637, 72418, 301, 90506, 19970, 103695, 94798, 76459, 105220]"
112086,"[2714, 29651, 66947, 68627, 65029, 50611, 94507, 33924, 92758, 21615]"
112087,"[8616, 56224, 98994, 79649, 66649, 20437, 52097, 33772, 90276, 86592]"
112088,"[12910, 5543, 96190, 32886, 27489, 106058, 90972, 38939, 88039, 109389]"
112089,"[3578, 11385, 102309, 15175, 2560, 44040, 19126, 100663, 32168, 37093]"
112090,"[64721, 104460, 42976, 106706, 45984, 102849, 105702, 11957, 40979, 32818]"
112091,"[34849, 104540, 6086, 56386, 36800, 108665, 37441, 79660, 94119, 48214]"
112092,"[16755, 95314, 56821, 79894, 90820, 59340, 93205, 61782, 14851, 79935]"
112093,"[5548, 106894, 97630, 57791, 60198, 90187, 6044, 100496, 26383, 14307]"
112094,"[7381, 83924, 66332, 34615, 42937, 34134, 45279, 67268, 34431, 83138]"
112095,"[106067, 42212, 51642, 26303, 6934, 24289, 92773, 94971, 82731, 80310]"
112096,"[33553, 35307, 67112, 59235, 11794, 63147, 98086, 39265, 966, 38343]"
112097,"[11302, 62872, 65823, 71504, 82056, 66595, 37313, 19999, 5719, 38088]"
112098,"[51388, 103174, 75582, 29161, 38808, 27186, 100989, 74016, 87165, 107368]"
112099,"[39945, 1802, 108419, 66990, 940, 62323, 1622, 72907, 2524, 68049]"
112100,"[67590, 45762, 105245, 49691, 46571, 58902, 8657, 90413, 94902, 97545]"
112101,"[53903, 59663, 52457, 100797, 8199, 93278, 90333, 65258, 40978, 94794]"
112102,"[105661, 106703, 61165, 30659, 40529, 1470, 37618, 101858, 62288, 70440]"
112103,"[35572, 105691, 81117, 73101, 77049, 11258, 108503, 38785, 60445, 75970]"
112104,"[58800, 25085, 8617, 92755, 81315, 67426, 92628, 65433, 95857, 58248]"
112105,"[91114, 8476, 106152, 29130, 80254, 73152, 56695, 9943, 61551, 41336]"
112106,"[60200, 68067, 34578, 23108, 32740, 57023, 96842, 15226, 84586, 66903]"
112107,"[1042, 84144, 48843, 48273, 49997, 76062, 10554, 62982, 96083, 26339]"
112108,"[98778, 96932, 18831, 55126, 99450, 921, 92071, 21018, 32351, 75076]"
112109,"[91962, 51958, 48634, 71588, 21452, 43674, 104580, 77300, 36929, 40320]"
112110,"[27038, 78354, 71388, 46801, 12774, 68709, 44827, 64024, 99451, 58183]"
112111,"[33607, 53160, 58267, 89389, 20773, 70856, 70011, 8561, 93686, 48785]"
112112,"[34100, 47495, 98516, 89410, 36960, 13992, 24010, 101926, 2967, 65107]"
112113,"[71901, 49189, 74889, 83669, 37068, 86616, 77834, 107157, 64368, 30162]"
112114,"[38630, 60905, 49957, 65904, 95003, 26929, 4756, 59466, 7177, 35059]"
112115,"[102130, 64064, 89988, 94504, 18059, 48312, 33188, 8957, 87081, 27613]"
112116,"[749, 93277, 93649, 56104, 46396, 48377, 87796, 66387, 76789, 31597]"
112117,"[48946, 108500, 95702, 87923, 3592, 56616, 58994, 69787, 90135, 99699]"
112118,"[23158, 90775, 50854, 36932, 41038, 54381, 93451, 103916, 74767, 97497]"
112119,"[74171, 97246, 3650, 80479, 63414, 97249, 70826, 81246, 26530, 850]"
112120,"[51534, 104583, 72760, 94671, 11045, 65896, 12538, 49645, 68428, 55717]"
112121,"[26915, 43292, 54783, 74360, 2260, 15236, 97656, 75435, 85216, 50009]"
112122,"[64360, 46718, 27441, 36693, 46361, 91051, 84234, 8395, 43489, 15632]"
112123,"[19803, 101833, 16167, 17319, 29731, 99717, 48850, 63559, 35366, 42662]"
112124,"[15957, 51608, 33361, 52803, 80076, 102054, 63794, 21930, 100225, 69764]"
112125,"[67599, 54260, 88294, 79676, 5684, 4662, 94911, 53418, 65057, 5289]"
112126,"[49826, 80945, 69293, 57944, 31532, 24327, 12264, 40909, 21444, 89137]"
112127,"[79170, 91549, 44761, 26477, 89932, 95741, 97550, 15059, 60415, 62615]"
112128,"[20846, 55483, 77735, 22184, 6872, 38118, 54877, 32420, 52689, 56340]"
112129,"[53993, 2045, 64786, 72346, 101702, 39894, 2211, 79092, 37730, 8404]"
112130,"[97251, 107549, 68176, 109180, 18489, 69932, 38405, 57887, 100170, 66721]"
112131,"[88981, 62650, 67686, 56645, 57087, 6256, 38018, 78804, 85098, 32661]"
112132,"[29793, 58049, 20077, 79148, 42669, 85188, 72815, 65650, 18303, 103559]"
112133,"[45690, 102498, 53738, 81119, 39767, 106278, 91835, 82670, 99427, 44060]"
112134,"[36784, 88472, 22633, 77544, 63250, 52461, 78211, 3691, 9799, 79343]"
112135,"[92200, 16569, 74458, 48543, 47750, 46465, 22181, 25207, 66343, 53996]"
112136,"[67359, 76492, 38692, 49448, 5882, 106612, 55621, 82697, 84498, 72310]"
112137,"[78956, 85911, 59272, 104665, 95433, 102373, 12672, 40766, 11683, 18304]"
112138,"[66455, 68005, 40258, 20576, 90311, 75365, 78661, 26764, 2376, 101955]"
112139,"[104524, 18414, 49927, 89614, 86548, 403, 41061, 108343, 69270, 805]"
112140,"[62200, 87221, 53089, 64102, 11006, 92498, 9686, 7550, 40041, 56084]"
112141,"[48553, 65629, 91501, 41733, 41673, 40611, 105174, 12456, 103683, 70110]"
112142,"[93456, 29178, 99132, 61273, 96396, 73018, 8206, 45451, 74447, 94965]"
112143,"[3060, 36406, 51523, 55886, 59504, 88171, 54595, 12763, 95415, 91599]"
112144,"[14199, 7081, 49042, 56863, 49785, 50323, 32050, 34740, 4632, 30811]"
112145,"[18730, 29901, 65104, 88032, 44877, 58869, 97534, 30821, 61053, 59768]"
112146,"[95333, 102494, 49317, 40465, 24453, 88276, 108517, 102378, 98351, 38778]"
112147,"[95323, 31676, 50176, 85781, 23979, 69655, 84269, 64894, 7080, 45980]"
112148,"[107506, 75420, 62231, 85160, 50992, 38838, 44493, 1725, 39302, 83790]"
112149,"[35575, 107003, 17794, 97930, 45169, 43123, 63457, 26942, 66958, 101199]"
112150,"[74339, 25059, 56582, 59351, 37593, 47778, 14871, 97180, 19129, 56741]"
112151,"[29425, 5987, 45998, 28719, 4980, 105403, 38835, 12657, 88973, 45594]"
112152,"[29376, 62730, 45900, 1131, 95439, 37896, 4740, 73419, 58243, 39937]"
112153,"[7356, 28422, 54125, 70992, 65883, 67214, 8346, 109529, 4225, 55597]"
112154,"[97235, 30079, 44145, 85551, 45859, 93671, 39370, 19402, 58286, 20566]"
112155,"[93430, 43075, 101701, 50950, 60862, 41757, 40880, 36432, 63248, 35618]"
112156,"[102543, 68053, 55121, 38548, 86793, 20704, 23813, 39963, 80816, 36335]"
112157,"[64945, 29049, 59012, 85125, 67867, 65657, 26248, 50720, 97942, 10918]"
112158,"[62121, 92761, 109615, 6333, 30751, 27453, 85116, 105124, 29103, 100412]"
112159,"[105366, 75326, 87985, 16723, 93453, 109055, 97834, 51508, 50158, 47717]"
112160,"[81522, 21998, 6770, 72495, 62570, 100289, 14888, 74317, 49228, 46119]"
112161,"[37346, 87001, 69350, 18076, 88111, 55415, 16017, 68744, 67919, 90589]"
112162,"[41810, 108437, 6731, 96583, 28726, 102217, 45732, 30530, 21541, 35506]"
112163,"[15115, 35500, 85798, 82224, 52648, 26245, 98286, 63482, 7142, 47627]"
112164,"[60243, 2958, 71208, 78944, 2539, 18170, 28773, 42103, 21047, 9847]"
112165,"[91165, 13038, 99083, 12, 55658, 16733, 6174, 11001, 93318, 31814]"
112166,"[100861, 104400, 54473, 97310, 31902, 85937, 38084, 38419, 87926, 23224]"
112167,"[14860, 61990, 22569, 98727, 35863, 19775, 35348, 15716, 24654, 19322]"
112168,"[108979, 29834, 30389, 81826, 40485, 29316, 81183, 537, 82153, 81509]"
112169,"[50372, 89212, 96300, 85534, 50182, 11910, 3728, 109584, 64830, 69815]"
112170,"[62829, 60675, 94607, 3970, 60602, 16294, 66546, 25743, 70631, 98546]"
112171,"[18895, 26000, 63043, 52922, 90602, 103048, 130, 100411, 107299, 86241]"
112172,"[102999, 26763, 10649, 70047, 57265, 87336, 64814, 25223, 36124, 2205]"
112173,"[75786, 37141, 23518, 4862, 23183, 76180, 35182, 37628, 73988, 39331]"
112174,"[44359, 98489, 37914, 71044, 90941, 79702, 96818, 79195, 87197, 14727]"
112175,"[34437, 43669, 104869, 73926, 69301, 62744, 56557, 66592, 75370, 5879]"
112176,"[38139, 42388, 98877, 104622, 71178, 109748, 8894, 84031, 53368, 70622]"
112177,"[6332, 59026, 1979, 97755, 89375, 4444, 108604, 19373, 105546, 17987]"
112178,"[65933, 103642, 21657, 4034, 32136, 91946, 102688, 64852, 37673, 70570]"
112179,"[90866, 86093, 88130, 79852, 50773, 50746, 33168, 90501, 84561, 22854]"
112180,"[24657, 18384, 62398, 105697, 42530, 28830, 1497, 98783, 90612, 74250]"
112181,"[104155, 60899, 69498, 715, 104472, 32803, 15438, 22114, 21060, 29903]"
112182,"[71892, 1683, 1524, 76948, 92900, 52081, 2331, 48631, 54283, 18264]"
112183,"[24114, 100522, 29565, 120, 8208, 69513, 93596, 106291, 53595, 94974]"
112184,"[22102, 83880, 43527, 95645, 25255, 85001, 39466, 94242, 96379, 465]"
112185,"[67340, 38229, 99009, 15061, 86549, 7272, 15963, 107656, 43606, 101756]"
112186,"[84875, 77119, 2238, 14273, 53278, 70774, 55520, 41971, 97874, 53074]"
112187,"[42931, 24202, 80909, 23409, 100621, 67989, 7689, 103657, 97933, 20301]"
112188,"[38761, 93404, 83091, 45848, 39978, 91153, 80795, 43562, 30113, 50707]"
112189,"[64327, 28144, 97417, 69028, 19847, 36153, 7768, 32614, 56927, 89456]"
112190,"[84058, 56302, 67223, 29040, 12371, 100234, 62694, 81353, 61988, 49830]"
112191,"[48536, 81398, 52764, 22774, 47342, 1627, 84908, 69990, 40400, 60572]"
112192,"[71148, 20803, 54989, 44683, 22797, 97731, 89337, 58553, 57845, 12269]"
112193,"[6759, 103080, 106133, 35482, 70112, 104083, 7948, 70284, 3183, 22790]"
112194,"[60909, 9625, 41846, 65571, 50827, 1711, 16189, 13080, 58568, 20863]"
112195,"[94920, 82586, 64557, 74581, 48505, 51339, 68375, 41721, 12989, 34962]"
112196,"[11226, 45849, 83115, 28855, 101847, 34217, 49711, 75969, 90215, 100698]"
112197,"[106197, 19194, 104307, 34098, 147, 74231, 98265, 66711, 95145, 44230]"
112198,"[45878, 27977, 85743, 57243, 67547, 58780, 30422, 55939, 36972, 49363]"
112199,"[78024, 46565, 65574, 73455, 100140, 11987, 31342, 86505, 52443, 81899]"
112200,"[10602, 55944, 46675, 26659, 74127, 8937, 19171, 21020, 30666, 68091]"
112201,"[54522, 53284, 41532, 51846, 46035, 77953, 56255, 83252, 31989, 48798]"
112202,"[28447, 21983, 3040, 70359, 43443, 106433, 51631, 42873, 66827, 42519]"
112203,"[70759, 108699, 16035, 102192, 69930, 108882, 48834, 61138, 81471, 13326]"
112204,"[46951, 8988, 45718, 55352, 109667, 22793, 56490, 72206, 8430, 45834]"
112205,"[13007, 11654, 16397, 99878, 81266, 70003, 62312, 104182, 58287, 36334]"
112206,"[55345, 5532, 72789, 3175, 69454, 39628, 57589, 24856, 30317, 109110]"
112207,"[34382, 50044, 105560, 4468, 88031, 33871, 15428, 56080, 71865, 73231]"
112208,"[54034, 95550, 63717, 74454, 66803, 80095, 51808, 47402, 7676, 94500]"
112209,"[105320, 53030, 6277, 97856, 45887, 21992, 74564, 69023, 95570, 30947]"
112210,"[30493, 18947, 80655, 23817, 77844, 8636, 25329, 106110, 42689, 42150]"
112211,"[26132, 27029, 90449, 23340, 101022, 95980, 5699, 94229, 70309, 36799]"
112212,"[23443, 104028, 63094, 85680, 18153, 36912, 94547, 4730, 53228, 28058]"
112213,"[69018, 61686, 20239, 75686, 62625, 75677, 3450, 6803, 48810, 102727]"
112214,"[5297, 40429, 12373, 32677, 72669, 51853, 73650, 85755, 45274, 40295]"
112215,"[54915, 72407, 90673, 16991, 108114, 74970, 34865, 74539, 108784, 26899]"
112216,"[85400, 108226, 36046, 8588, 95579, 97458, 106963, 38429, 15066, 6531]"
112217,"[97452, 80360, 8292, 39702, 86297, 57497, 107099, 32294, 7106, 92388]"
112218,"[53298, 23998, 37642, 93025, 40082, 39996, 66034, 66256, 59660, 86820]"
112219,"[28529, 84074, 63201, 66754, 61353, 60727, 21503, 38284, 70231, 30336]"
112220,"[57254, 73077, 39897, 36705, 10063, 20062, 99586, 60113, 103204, 6535]"
112221,"[4075, 71647, 101344, 57786, 57537, 42035, 13863, 3832, 80220, 6011]"
112222,"[16040, 106020, 109227, 70142, 88856, 48328, 49344, 55015, 17687, 33421]"
112223,"[33192, 76127, 12582, 19626, 16420, 45646, 15291, 49303, 41020, 95498]"
112224,"[5580, 80501, 94403, 63177, 9822, 52257, 40318, 51042, 21914, 40779]"
112225,"[59150, 60500, 53720, 80607, 55226, 96367, 83571, 47404, 97976, 15189]"
112226,"[59798, 8428, 2324, 222, 8878, 52182, 35977, 64754, 7670, 58679]"
112227,"[68272, 90620, 96375, 85960, 91414, 81899, 78995, 28565, 56276, 54331]"
112228,"[105998, 31821, 34377, 92746, 108156, 41833, 98642, 108441, 13754, 57660]"
112229,"[33848, 99412, 84292, 98240, 68536, 38991, 71274, 33660, 46104, 24441]"
112230,"[43097, 52844, 86776, 82808, 99022, 77321, 32643, 70354, 26570, 44094]"
112231,"[91720, 65513, 61940, 46580, 50036, 102915, 12453, 28029, 85261, 77437]"
112232,"[58539, 64940, 39614, 63531, 67706, 43283, 81280, 64979, 45750, 80474]"
112233,"[50210, 55081, 38756, 109775, 32157, 10009, 40018, 104896, 31510, 86973]"
112234,"[37011, 90399, 71696, 106686, 13721, 39100, 87814, 75179, 97108, 55810]"
112235,"[55617, 34043, 101280, 76785, 82124, 28792, 22489, 10681, 47533, 102994]"
112236,"[108763, 20781, 83884, 26566, 64377, 26763, 10649, 11933, 70047, 25223]"
112237,"[28258, 91304, 68354, 11889, 43001, 56348, 72233, 46547, 9955, 11147]"
112238,"[66674, 2251, 75515, 30641, 103589, 55939, 7285, 49285, 67547, 58780]"
112239,"[10405, 54975, 56464, 77602, 33519, 27724, 106923, 32999, 94294, 38262]"
112240,"[68865, 104714, 81154, 84924, 47272, 45401, 99488, 589, 41074, 27357]"
112241,"[60165, 95135, 57143, 3420, 109120, 12660, 63437, 9092, 26909, 72089]"
112242,"[80872, 850, 79306, 98832, 54964, 7778, 80479, 30768, 41122, 13239]"
112243,"[67445, 2997, 59460, 100770, 68557, 105318, 35776, 74198, 36225, 34388]"
112244,"[75243, 69440, 63650, 47938, 11746, 56124, 15771, 55917, 28103, 29361]"
112245,"[5954, 86659, 104930, 92924, 9492, 97510, 82925, 56608, 86675, 83879]"
112246,"[35487, 11500, 91154, 80557, 25030, 29679, 73138, 102316, 5303, 37693]"
112247,"[25571, 107743, 101620, 100324, 51354, 11802, 20305, 28002, 38990, 37053]"
112248,"[34375, 84477, 48924, 4652, 31928, 77701, 19812, 79200, 43221, 99790]"
112249,"[15938, 54804, 51412, 73154, 57090, 43095, 58961, 100057, 37129, 104017]"
112250,"[88845, 83691, 86559, 23004, 38773, 44342, 14265, 46843, 35481, 61564]"
112251,"[58720, 9846, 99663, 3930, 82962, 47524, 15525, 29416, 46682, 64731]"
112252,"[28985, 40969, 70352, 64442, 43736, 66383, 107180, 60455, 36711, 103217]"
112253,"[63885, 271, 55570, 35673, 2166, 102556, 74725, 4242, 108113, 3988]"
112254,"[69523, 26836, 2979, 5182, 59796, 106795, 29475, 59529, 71330, 34599]"
112255,"[85801, 108258, 98645, 9298, 108593, 87957, 81406, 4119, 78208, 92821]"
112256,"[71652, 96691, 98949, 28581, 8796, 78550, 40747, 88446, 43426, 7912]"
112257,"[43458, 11227, 11549, 68712, 96311, 76179, 99780, 106513, 6514, 44909]"
112258,"[19764, 65437, 25761, 7795, 44661, 28854, 82724, 20248, 95555, 43142]"
112259,"[81612, 107668, 21656, 3771, 67415, 103329, 66638, 85532, 8153, 64781]"
112260,"[98842, 64395, 16450, 101259, 18837, 106319, 59811, 91866, 32651, 91850]"
112261,"[52195, 5589, 64930, 71256, 24337, 65850, 56682, 29218, 30213, 43766]"
112262,"[65013, 99142, 48401, 55171, 74895, 105036, 86806, 76629, 60020, 41415]"
112263,"[53283, 6992, 59636, 56747, 26731, 83883, 12617, 7353, 87237, 66374]"
112264,"[61990, 35863, 15716, 24654, 93239, 102709, 22569, 104281, 58646, 9724]"
112265,"[12343, 72927, 54140, 51349, 51126, 44286, 28450, 83131, 98290, 77007]"
112266,"[13178, 80921, 79626, 79952, 3553, 7264, 32630, 93083, 3397, 95304]"
112267,"[34911, 16277, 24005, 73640, 6638, 27795, 54612, 94779, 52487, 16182]"
112268,"[85446, 67159, 54363, 13152, 88721, 24177, 22079, 15026, 104069, 51743]"
112269,"[56182, 50541, 5901, 108817, 38439, 62458, 43173, 98432, 108771, 46321]"
112270,"[64700, 92118, 5788, 88648, 31374, 84259, 87226, 19853, 74307, 76602]"
112271,"[102873, 72803, 61410, 62653, 27823, 37206, 53987, 7920, 41908, 82325]"
112272,"[14606, 79468, 4629, 54655, 93000, 3859, 76183, 16877, 45514, 36214]"
112273,"[72123, 44864, 100777, 7823, 59980, 76914, 41878, 9131, 13580, 76425]"
112274,"[44195, 2054, 107162, 21161, 73197, 28791, 105359, 102215, 57622, 107124]"
112275,"[40462, 49788, 1362, 29763, 36988, 104024, 18527, 76451, 34127, 78175]"
112276,"[82293, 64898, 106046, 45694, 65324, 58698, 101396, 43487, 73110, 73021]"
112277,"[49134, 32059, 18228, 50489, 11835, 15536, 70223, 42122, 68335, 24846]"
112278,"[71010, 99634, 91445, 51348, 29962, 24248, 59185, 40511, 5525, 103332]"
112279,"[53906, 68500, 14495, 109752, 28841, 106165, 82743, 29478, 27399, 57461]"
112280,"[2401, 50848, 94813, 99342, 14401, 53024, 50120, 76724, 42393, 30363]"
112281,"[21607, 99987, 38690, 80284, 106477, 43765, 88257, 48460, 88442, 83904]"
112282,"[90074, 14719, 61963, 89317, 29046, 58760, 109381, 46381, 24839, 69098]"
112283,"[44493, 25738, 38838, 62231, 85160, 75420, 39302, 107506, 50992, 56122]"
112284,"[37751, 13598, 30394, 85263, 99788, 74122, 76868, 36621, 22822, 28178]"
112285,"[72487, 85372, 39195, 25408, 96824, 70287, 12104, 8806, 14832, 28777]"
112286,"[46906, 15814, 21017, 54279, 28312, 725, 40608, 7564, 82660, 70343]"
112287,"[38858, 89185, 8741, 56535, 104513, 62851, 56589, 20082, 27724, 85076]"
112288,"[11391, 391, 5192, 18808, 21508, 47335, 17615, 61608, 13612, 69752]"
112289,"[50890, 58794, 108959, 14305, 81866, 64801, 54618, 14956, 102580, 19452]"
112290,"[75940, 89757, 21194, 59535, 89109, 12834, 87518, 54926, 35417, 20091]"
112291,"[62300, 69550, 2301, 97818, 57262, 50376, 60323, 87781, 107605, 19574]"
112292,"[26671, 30149, 108841, 68827, 1040, 34123, 45041, 95502, 28848, 32388]"
112293,"[56700, 9752, 75630, 93167, 14349, 35198, 70639, 35667, 18185, 80783]"
112294,"[67067, 1285, 56627, 47070, 74228, 30085, 19982, 74745, 81916, 54811]"
112295,"[95273, 3949, 49003, 35536, 35104, 41242, 46316, 44160, 91443, 68474]"
112296,"[9345, 103792, 67160, 101121, 64120, 100254, 97351, 61384, 62706, 77388]"
112297,"[61299, 47791, 105494, 82214, 8335, 88147, 107434, 75455, 90508, 86927]"
112298,"[2265, 74944, 103949, 76513, 84352, 50202, 60338, 80943, 18382, 50131]"
112299,"[107627, 90130, 92525, 12723, 33463, 101724, 65280, 293, 83282, 90012]"
112300,"[47658, 55405, 28948, 12283, 73696, 29963, 36681, 29844, 71082, 44297]"
112301,"[105216, 70498, 89963, 38404, 30058, 59823, 113, 104161, 28625, 425]"
112302,"[101319, 55995, 108702, 48898, 18512, 39486, 72697, 32406, 7812, 81873]"
112303,"[62934, 98256, 75531, 82804, 75281, 67422, 70348, 7696, 61716, 62217]"
112304,"[73611, 15936, 78682, 86593, 77352, 55681, 70625, 20732, 9580, 95708]"
112305,"[1561, 11160, 61663, 105105, 101393, 1858, 109345, 101181, 64878, 85986]"
112306,"[86998, 54971, 5347, 34665, 16015, 74622, 21995, 31132, 48256, 39074]"
112307,"[5939, 48372, 97832, 9234, 86334, 60522, 108151, 21347, 85883, 56108]"
112308,"[89301, 44836, 61302, 41767, 82481, 79672, 15833, 64081, 4996, 15628]"
112309,"[43042, 57902, 53117, 54158, 15435, 44836, 36074, 69439, 82481, 79672]"
112310,"[83379, 24231, 27731, 48649, 67052, 88550, 34985, 54837, 662, 20722]"
112311,"[86170, 13690, 3105, 33395, 63409, 50588, 102376, 43991, 56913, 54305]"
112312,"[92468, 3462, 21396, 90778, 1055, 40252, 1147, 96743, 91856, 28257]"
112313,"[95090, 58171, 82872, 73667, 64964, 32592, 49075, 36496, 89174, 88974]"
112314,"[5111, 43472, 48112, 97667, 20130, 3809, 53084, 107447, 31082, 58354]"
112315,"[20915, 99126, 73742, 64481, 32182, 5513, 83486, 35770, 7701, 89973]"
112316,"[10841, 44156, 51214, 54075, 71063, 32313, 84960, 68284, 66226, 25737]"
112317,"[88517, 25658, 63037, 74826, 88216, 79821, 91365, 39224, 50336, 96425]"
112318,"[107316, 81836, 55160, 56432, 104089, 43158, 38190, 9054, 102983, 104792]"
112319,"[100801, 10167, 59211, 37078, 12516, 66119, 36029, 74364, 81841, 51849]"
112320,"[98793, 67713, 34155, 92034, 2213, 101637, 65473, 94431, 80940, 318]"
112321,"[53101, 36379, 106535, 73051, 53335, 53786, 23341, 51489, 92915, 97875]"
112322,"[37820, 37293, 45402, 63390, 7100, 46933, 53173, 81906, 42221, 13553]"
112323,"[15923, 33217, 38112, 39905, 50375, 88463, 43480, 8274, 51301, 86151]"
112324,"[13692, 106562, 68794, 2794, 81994, 106325, 92096, 26041, 107331, 47468]"
112325,"[96501, 52254, 23083, 82954, 64990, 25717, 19398, 51800, 75627, 96658]"
112326,"[96358, 46132, 80595, 50486, 93437, 61032, 8188, 62555, 56525, 36794]"
112327,"[12222, 62742, 10641, 26280, 13757, 88202, 39042, 98161, 53909, 46377]"
112328,"[4664, 101230, 22493, 54520, 25484, 81960, 73763, 25016, 21935, 70871]"
112329,"[50850, 45250, 2700, 47069, 14786, 76153, 48339, 67408, 49343, 53842]"
112330,"[91257, 83873, 73623, 15416, 3823, 50595, 56661, 47212, 49233, 8969]"
112331,"[94346, 64182, 23658, 87576, 94655, 14058, 47986, 7814, 34791, 101197]"
112332,"[46468, 82557, 78867, 85219, 72614, 77885, 30876, 28, 93807, 104319]"
112333,"[55809, 35545, 106635, 76345, 636, 13523, 86034, 77952, 108526, 29857]"
112334,"[81730, 15507, 71551, 78692, 48542, 70358, 5968, 70220, 46849, 87579]"
112335,"[31780, 101361, 55591, 99169, 27706, 89040, 6948, 19172, 78044, 109243]"
112336,"[18289, 60868, 98041, 44507, 56371, 7052, 66804, 1873, 20807, 66063]"
112337,"[18677, 9404, 50800, 46979, 9810, 36571, 49625, 33677, 68976, 29261]"
112338,"[25109, 19544, 88753, 106040, 4125, 59775, 108384, 2031, 25159, 82192]"
112339,"[45089, 80297, 54815, 76319, 37960, 31904, 85113, 79370, 3500, 37047]"
112340,"[54118, 3224, 46303, 92372, 99686, 36517, 20983, 343, 96164, 48997]"
112341,"[104408, 80773, 25195, 75973, 49089, 15098, 61063, 223, 51277, 103226]"
112342,"[70400, 71738, 7173, 84082, 27406, 27224, 30912, 2602, 105016, 87146]"
112343,"[59475, 59629, 54959, 39525, 95888, 70041, 84341, 42461, 91371, 66492]"
112344,"[94704, 3460, 46120, 16016, 82837, 57264, 50177, 76772, 66658, 76693]"
112345,"[43702, 35268, 72734, 46398, 20856, 48919, 86458, 1925, 56811, 96719]"
112346,"[50014, 50872, 11869, 54950, 97043, 65991, 104454, 70389, 38992, 52757]"
112347,"[54178, 74693, 77324, 98387, 99369, 89940, 3939, 85643, 10146, 65861]"
112348,"[72064, 176, 46768, 30452, 70589, 37852, 20523, 8045, 31534, 45873]"
112349,"[43367, 104339, 77000, 81834, 74189, 6949, 18199, 15439, 98533, 64966]"
112350,"[55527, 98408, 15153, 51644, 60325, 55906, 107078, 86086, 44686, 80695]"
112351,"[85849, 20435, 46449, 52853, 79747, 78792, 24577, 23612, 68366, 32852]"
112352,"[73087, 98268, 67680, 51434, 34341, 104575, 72489, 34971, 69805, 15332]"
112353,"[76581, 7589, 29915, 52108, 57504, 27550, 99059, 23722, 105766, 61652]"
112354,"[109094, 44315, 45166, 39657, 66376, 25078, 19795, 109116, 32436, 2114]"
112355,"[47614, 59537, 14929, 100147, 71566, 25888, 89862, 12705, 82806, 109026]"
112356,"[16619, 23098, 16593, 42926, 26843, 34944, 17237, 3825, 5115, 30804]"
112357,"[41553, 69702, 71424, 60929, 9583, 91911, 4082, 10845, 105251, 26635]"
112358,"[60575, 60781, 66964, 99760, 72903, 91645, 100800, 55561, 70709, 90062]"
112359,"[10135, 82414, 5090, 77611, 80488, 35418, 25345, 76759, 38488, 20357]"
112360,"[68900, 668, 13407, 59818, 70069, 45720, 13516, 43032, 68638, 76690]"
112361,"[77786, 91406, 14853, 34862, 50718, 46796, 19783, 2019, 87037, 60366]"
112362,"[37392, 88522, 56093, 55263, 72214, 27865, 75849, 77029, 104338, 80624]"
112363,"[51091, 39983, 103862, 59094, 91145, 100688, 28237, 69992, 76279, 11261]"
112364,"[44966, 2510, 79541, 106628, 42719, 95756, 47094, 16515, 69971, 5778]"
112365,"[8853, 95605, 109437, 3673, 6847, 5755, 47696, 9974, 17139, 57237]"
112366,"[90282, 74681, 49565, 78913, 27080, 14888, 74317, 26707, 4168, 56330]"
112367,"[188, 35978, 45098, 22129, 64258, 80392, 68365, 7458, 20333, 9545]"
112368,"[62375, 82015, 88505, 2312, 97473, 108286, 2935, 81311, 12948, 36575]"
112369,"[790, 102879, 28482, 31306, 92476, 77539, 106784, 94338, 48904, 53007]"
112370,"[22624, 87554, 99850, 83961, 26149, 45930, 16021, 57133, 62962, 50563]"
112371,"[87058, 92899, 95322, 20755, 91529, 92804, 102442, 57669, 57347, 103581]"
112372,"[91013, 76038, 52027, 57043, 26204, 71249, 54990, 57789, 96930, 41275]"
112373,"[14626, 144, 96237, 59032, 10683, 98995, 74937, 1053, 10551, 25608]"
112374,"[77256, 52918, 106259, 98506, 67081, 103110, 75437, 61747, 36554, 20350]"
112375,"[44453, 97346, 82750, 76750, 90797, 27030, 65069, 1866, 67108, 24486]"
112376,"[82169, 43082, 1547, 106308, 93251, 97895, 46529, 60380, 93325, 58807]"
112377,"[42580, 50555, 29723, 2686, 89041, 45450, 47919, 21203, 84904, 55175]"
112378,"[29300, 13949, 54724, 30553, 17121, 71918, 31251, 79966, 16342, 42862]"
112379,"[20358, 40706, 82812, 93275, 50570, 105956, 1439, 64940, 91131, 41635]"
112380,"[61398, 83418, 36756, 14963, 78322, 30858, 94512, 24138, 5276, 67742]"
112381,"[12654, 107702, 105210, 89575, 44625, 33675, 48589, 47031, 72004, 97958]"
112382,"[68744, 16017, 88111, 108859, 13706, 28723, 78529, 24117, 29520, 69350]"
112383,"[97130, 64874, 10627, 108298, 81549, 10331, 103964, 67458, 43589, 29849]"
112384,"[49263, 80076, 33361, 59204, 100225, 86385, 51608, 52803, 69764, 52387]"
112385,"[3574, 63841, 92444, 77608, 35686, 70829, 66576, 63380, 43552, 74763]"
112386,"[30804, 17237, 3825, 6195, 53529, 104577, 77587, 86166, 49912, 74063]"
112387,"[63762, 66535, 10575, 6257, 993, 104153, 58035, 16504, 60289, 80082]"
112388,"[6067, 70515, 98248, 92134, 34077, 13283, 39666, 31071, 20582, 28902]"
112389,"[10243, 98376, 57536, 108451, 97632, 99504, 86100, 35860, 20244, 106686]"
112390,"[21291, 86244, 77049, 15725, 34336, 89010, 46595, 16933, 46550, 43278]"
112391,"[83099, 96638, 105198, 13525, 87851, 81335, 63985, 49713, 9638, 10031]"
112392,"[66574, 92097, 68387, 78168, 59486, 82885, 77843, 21964, 102424, 30591]"
112393,"[54763, 84108, 83800, 105064, 1691, 88129, 30250, 104274, 94128, 14486]"
112394,"[38273, 31989, 17572, 25829, 37492, 81081, 80822, 83252, 29, 94805]"
112395,"[32815, 57073, 30953, 89657, 66431, 4269, 63103, 103962, 42696, 44014]"
112396,"[43299, 59920, 92490, 21135, 17442, 42591, 58452, 9370, 31498, 105074]"
112397,"[95459, 77777, 26973, 798, 24080, 53800, 54156, 16101, 60526, 9583]"
112398,"[59090, 51818, 49765, 19389, 74675, 47087, 29427, 21542, 75598, 88576]"
112399,"[45992, 38946, 58011, 28179, 26007, 95849, 29076, 4318, 85599, 18465]"
112400,"[78230, 42756, 79545, 71522, 5841, 53695, 77845, 11010, 70056, 27936]"
112401,"[12733, 27368, 89886, 107813, 108978, 34096, 103278, 10104, 67187, 81821]"
112402,"[94664, 44159, 80507, 49392, 69857, 97984, 89290, 55209, 86028, 41909]"
112403,"[18496, 58293, 45922, 49856, 85966, 88471, 75082, 46362, 4387, 88783]"
112404,"[8933, 13297, 51776, 5676, 10298, 23112, 23251, 68630, 38908, 15700]"
112405,"[540, 29761, 51908, 15437, 83118, 23823, 72735, 78232, 86251, 37892]"
112406,"[40332, 57557, 51923, 55618, 44991, 31445, 55078, 105043, 799, 6906]"
112407,"[62884, 30517, 54569, 59633, 27624, 2773, 51762, 67300, 24620, 22972]"
112408,"[58981, 109322, 95276, 81019, 56732, 47409, 99192, 86152, 89887, 71436]"
112409,"[98706, 42897, 41370, 47760, 69506, 809, 62473, 13295, 47839, 96020]"
112410,"[29960, 85956, 24530, 45907, 39032, 2916, 55786, 35092, 52083, 3003]"
112411,"[42983, 60483, 52140, 42849, 20013, 103888, 58104, 92709, 1720, 32780]"
112412,"[16281, 60295, 92993, 50013, 80214, 46803, 43910, 189, 101269, 24351]"
112413,"[70657, 31512, 105322, 24886, 51995, 104528, 18880, 27043, 64580, 73091]"
112414,"[51496, 66168, 26022, 45206, 82719, 89999, 81132, 84589, 103330, 77643]"
112415,"[71309, 85959, 91686, 8445, 9241, 94372, 75764, 43595, 65849, 17434]"
112416,"[62105, 106871, 39081, 41280, 32120, 34238, 34418, 40588, 58357, 79643]"
112417,"[32844, 26843, 42926, 57462, 46598, 104577, 64304, 48998, 55253, 43886]"
112418,"[91390, 64058, 97897, 43640, 67203, 9479, 97684, 33228, 84943, 98707]"
112419,"[14804, 18514, 54211, 17950, 57838, 2201, 99832, 105155, 105836, 47835]"
112420,"[50135, 20451, 25402, 103787, 55198, 58033, 49031, 72357, 31886, 40927]"
112421,"[83459, 1407, 53969, 109349, 78357, 84436, 49193, 101947, 63144, 95650]"
112422,"[102738, 23947, 108295, 27892, 40509, 33393, 30148, 63195, 108000, 1558]"
112423,"[105383, 19648, 47628, 20258, 46099, 80201, 36186, 52743, 37054, 15111]"
112424,"[327, 92477, 69518, 61066, 96479, 79206, 51003, 69201, 10934, 53446]"
112425,"[46119, 100289, 21998, 72495, 81522, 34267, 48775, 66309, 2199, 62570]"
112426,"[106021, 56614, 18022, 64352, 45889, 106011, 45712, 81896, 85843, 89213]"
112427,"[74220, 1000, 93061, 24867, 11313, 29800, 22625, 97713, 104712, 77928]"
112428,"[72569, 90705, 6943, 94254, 24285, 47215, 25508, 7699, 77525, 38542]"
112429,"[46469, 7991, 39168, 36318, 22329, 17764, 2270, 100855, 23850, 37438]"
112430,"[7828, 4855, 63169, 11108, 93458, 88481, 70035, 66040, 38979, 13446]"
112431,"[86015, 32666, 107240, 52329, 14699, 46831, 27478, 98639, 95239, 43358]"
112432,"[104957, 55866, 95117, 59014, 70236, 48870, 106498, 104139, 77647, 7031]"
112433,"[23453, 68433, 39943, 31754, 83336, 101544, 68388, 61451, 88862, 14651]"
112434,"[29124, 67412, 9377, 103538, 61046, 93672, 87627, 21815, 34586, 63545]"
112435,"[29535, 18278, 47737, 42507, 29066, 33507, 70014, 8311, 87525, 7667]"
112436,"[597, 34253, 89319, 80566, 25560, 72820, 31, 105848, 97812, 41390]"
112437,"[59331, 16283, 11330, 28778, 39361, 61945, 10801, 78084, 6873, 4361]"
112438,"[64746, 94416, 43917, 90485, 41332, 91445, 93490, 38668, 24699, 72893]"
112439,"[15696, 102273, 94914, 6994, 40368, 22672, 74187, 107038, 62381, 104411]"
112440,"[59837, 101299, 38865, 15010, 18811, 82389, 41464, 46802, 41415, 18923]"
112441,"[55884, 81378, 44849, 87626, 4165, 90408, 21130, 18102, 104008, 88485]"
112442,"[46244, 34960, 15069, 48692, 41440, 60631, 55132, 6999, 13341, 21143]"
112443,"[107495, 34329, 68862, 55026, 104337, 98362, 71765, 29675, 6887, 23685]"
112444,"[10633, 85276, 17857, 51622, 43790, 102153, 88651, 98535, 26436, 14585]"
112445,"[89734, 40754, 78536, 42011, 18554, 108621, 1856, 1747, 47474, 23740]"
112446,"[4171, 47940, 32675, 79486, 26247, 17705, 58755, 17432, 83774, 102035]"
112447,"[83086, 83489, 29907, 86988, 7924, 69563, 103, 104212, 5870, 6766]"
112448,"[67439, 100585, 94977, 49874, 77415, 29393, 30817, 30632, 41741, 6916]"
112449,"[7623, 5436, 11687, 57065, 3969, 106675, 24872, 55138, 104448, 36085]"
112450,"[91120, 21886, 8549, 14882, 69049, 95324, 66853, 75698, 24263, 47466]"
112451,"[58244, 7837, 14623, 93684, 84727, 41509, 46887, 94307, 9775, 7038]"
112452,"[47149, 19539, 83870, 34752, 34263, 18911, 97420, 94505, 30933, 4718]"
112453,"[34060, 60733, 68985, 46041, 61986, 86764, 59901, 18739, 47219, 74919]"
112454,"[91731, 58964, 108479, 98890, 43164, 63087, 57416, 89439, 68833, 57722]"
112455,"[12925, 109025, 20284, 104948, 102923, 94382, 3083, 30019, 93414, 4]"
112456,"[92856, 631, 21588, 74499, 4531, 104709, 92876, 95996, 8775, 76710]"
112457,"[84725, 40311, 7434, 88792, 57632, 23825, 46586, 84217, 59617, 97105]"
112458,"[86391, 36629, 13108, 56923, 108866, 73538, 79499, 87605, 24810, 15581]"
112459,"[56844, 77138, 12640, 3056, 69347, 90508, 8335, 69569, 36733, 82275]"
112460,"[87760, 100512, 97708, 87068, 86118, 40471, 85009, 94353, 1584, 69604]"
112461,"[15814, 7564, 54279, 2974, 46906, 40608, 106006, 46561, 32510, 92173]"
112462,"[51679, 60632, 88288, 22502, 36356, 48682, 74650, 51002, 53473, 37272]"
112463,"[87457, 24314, 108716, 92262, 91996, 108354, 94701, 94088, 98470, 79790]"
112464,"[69371, 82246, 47634, 33924, 94507, 108677, 6833, 55119, 5427, 103828]"
112465,"[64287, 95556, 86303, 56116, 93062, 22663, 40172, 63903, 50480, 45030]"
112466,"[34066, 56494, 91458, 109208, 53331, 48618, 70621, 38344, 37097, 62285]"
112467,"[70947, 92455, 69975, 94873, 28340, 12003, 78343, 68394, 96717, 104479]"
112468,"[47862, 106713, 83977, 73135, 50784, 88103, 22161, 63418, 2018, 61657]"
112469,"[90539, 64947, 54601, 52773, 66436, 54614, 19920, 36063, 80506, 2015]"
112470,"[29970, 100844, 6169, 93360, 70216, 42696, 91559, 32329, 43675, 10348]"
112471,"[101473, 45688, 105012, 32446, 105849, 75623, 36675, 80892, 100405, 102517]"
112472,"[62764, 7678, 52061, 38055, 90973, 38022, 25544, 33838, 41136, 88452]"
112473,"[55031, 35476, 78090, 34538, 104872, 50386, 3035, 35691, 28397, 41202]"
112474,"[15974, 88963, 83375, 86653, 102372, 1062, 44707, 67572, 47299, 45699]"
112475,"[23212, 26783, 49398, 12118, 12290, 7154, 13165, 78538, 71526, 11184]"
112476,"[96015, 95047, 75381, 90115, 3638, 98378, 58435, 30046, 93031, 58990]"
112477,"[11497, 4603, 91916, 93111, 44123, 17736, 28663, 14272, 40677, 94249]"
112478,"[99217, 4970, 85349, 26243, 4390, 3130, 69672, 42707, 15893, 2412]"
112479,"[14573, 66072, 13295, 64632, 57306, 57035, 53626, 809, 69506, 45050]"
112480,"[27686, 106131, 90884, 104959, 87151, 69713, 82662, 70667, 104867, 3926]"
112481,"[432, 46887, 53306, 38348, 81056, 69797, 4948, 75052, 12594, 88631]"
112482,"[108598, 58047, 2326, 22499, 70725, 77997, 6335, 94344, 101930, 93769]"
112483,"[89641, 34929, 69516, 2333, 30102, 12270, 23060, 91693, 19558, 15127]"
112484,"[75640, 55730, 11751, 45708, 10121, 47698, 98166, 74748, 13298, 2550]"
112485,"[44031, 81169, 78444, 11918, 78770, 51753, 53273, 50028, 1465, 5805]"
112486,"[71964, 100853, 70427, 77070, 91076, 82304, 87527, 68634, 45484, 56686]"
112487,"[26462, 108799, 56768, 80219, 105238, 23617, 24857, 87161, 55066, 9601]"
112488,"[82736, 31641, 42402, 105341, 13100, 57767, 12685, 53342, 14655, 73299]"
112489,"[109137, 44809, 46915, 98624, 54308, 83670, 50102, 100391, 96271, 38114]"
112490,"[5026, 22037, 28532, 2995, 42382, 108278, 72441, 17573, 16788, 43234]"
112491,"[28956, 42500, 6751, 100107, 10954, 1402, 77735, 55483, 73068, 22050]"
112492,"[60583, 21852, 81685, 10412, 50527, 80223, 87881, 42661, 90723, 68082]"
112493,"[57686, 31247, 43643, 53276, 58365, 87112, 102452, 81442, 43992, 35952]"
112494,"[82049, 82954, 104762, 8442, 69172, 109190, 103279, 81966, 108346, 18991]"
112495,"[74529, 51543, 109007, 31889, 42113, 75589, 65526, 9518, 86177, 18302]"
112496,"[799, 4601, 44991, 31445, 36839, 48212, 44350, 102760, 89159, 57557]"
112497,"[12979, 3478, 73109, 108055, 67901, 104876, 79193, 47426, 45753, 78935]"
112498,"[64835, 60548, 107431, 41915, 59656, 47462, 44793, 65406, 98399, 40679]"
112499,"[35371, 80409, 77755, 28653, 5249, 77344, 69868, 59243, 64373, 15109]"
112500,"[86292, 72540, 1732, 106781, 14046, 45170, 70277, 74669, 47905, 3817]"
112501,"[103125, 89953, 4998, 93409, 1827, 47358, 103766, 84352, 28744, 103949]"
112502,"[105398, 70817, 42225, 56300, 74734, 106267, 96123, 52054, 11433, 108911]"
112503,"[74908, 99015, 35362, 77128, 45155, 22332, 25374, 92966, 32305, 23523]"
112504,"[107405, 46609, 30388, 96253, 38359, 96746, 29779, 90372, 104041, 52894]"
112505,"[65376, 87246, 40498, 25860, 13142, 678, 35457, 81126, 75084, 92284]"
112506,"[5526, 26538, 83372, 51704, 86461, 48370, 76020, 98906, 92981, 43684]"
112507,"[33935, 107873, 89629, 73224, 68323, 45520, 76718, 28995, 17990, 60851]"
112508,"[47911, 106433, 70359, 98437, 51631, 101785, 42519, 64238, 108231, 70554]"
112509,"[100955, 69438, 23261, 99913, 69501, 6424, 79920, 27079, 60496, 56134]"
112510,"[85332, 91789, 54883, 21835, 40276, 100479, 86442, 19968, 33065, 40855]"
112511,"[81897, 97970, 53442, 17325, 95741, 104073, 16997, 63772, 34264, 37824]"
112512,"[89305, 42302, 95753, 92303, 381, 19296, 99203, 33969, 76659, 22366]"
112513,"[95441, 6224, 93723, 69665, 48492, 84360, 91204, 108426, 44731, 57000]"
112514,"[13493, 19166, 49836, 7790, 105379, 98230, 53730, 84637, 27573, 98873]"
112515,"[81249, 7387, 18371, 62314, 45139, 14771, 27014, 58473, 96807, 67798]"
112516,"[94016, 36369, 58759, 47892, 71890, 75904, 86427, 25355, 79132, 105205]"
112517,"[93710, 89468, 47162, 4012, 87299, 46375, 75894, 109467, 33025, 11374]"
112518,"[78193, 30654, 46482, 36590, 65176, 76059, 99119, 66317, 79670, 10856]"
112519,"[33610, 738, 72161, 72858, 105792, 1798, 3290, 88138, 34912, 71654]"
112520,"[7158, 98753, 68977, 99562, 5056, 67740, 92571, 71688, 62039, 79232]"
112521,"[55670, 90184, 6073, 38864, 45530, 15775, 17272, 67879, 58784, 100879]"
112522,"[11251, 78444, 102815, 105364, 81169, 49769, 34143, 72680, 4787, 51753]"
112523,"[107846, 31038, 89690, 56325, 45937, 72852, 6181, 60431, 44575, 9447]"
112524,"[86349, 36752, 67, 56233, 87170, 13479, 77026, 3738, 29621, 755]"
112525,"[99523, 64055, 13564, 65512, 83640, 61873, 98851, 73925, 32724, 30610]"
112526,"[88397, 66329, 96984, 2484, 61415, 17064, 26450, 15795, 94634, 97769]"
112527,"[78586, 25405, 41058, 74774, 39239, 101537, 108871, 1825, 81903, 21329]"
112528,"[94969, 17028, 20609, 52781, 79596, 59024, 106174, 5958, 95225, 69174]"
112529,"[35170, 97560, 82425, 71350, 108047, 48338, 73259, 16330, 64767, 87029]"
112530,"[108186, 44004, 52417, 15329, 24648, 45345, 92904, 33611, 99150, 94602]"
112531,"[86172, 57554, 15962, 93392, 30850, 81977, 44993, 51119, 83939, 59791]"
112532,"[62015, 88743, 32753, 78020, 80088, 8246, 18357, 21809, 59779, 48139]"
112533,"[30098, 40628, 16849, 10714, 109233, 24766, 18686, 98814, 28248, 59294]"
112534,"[84744, 28106, 18388, 15645, 40346, 41481, 21667, 73944, 19155, 1090]"
112535,"[81728, 109538, 96659, 26517, 44079, 39396, 79843, 9568, 16505, 101421]"
112536,"[11040, 91814, 109716, 4941, 68630, 23112, 8933, 246, 10298, 108100]"
112537,"[28082, 17701, 35008, 102647, 103236, 68659, 41016, 46479, 21697, 40492]"
112538,"[98123, 22843, 27779, 105239, 109577, 46597, 97499, 11642, 79448, 51567]"
112539,"[92787, 8016, 36223, 39500, 87914, 60110, 89885, 89134, 30978, 93890]"
112540,"[75240, 37720, 102298, 4976, 93290, 90607, 73968, 42001, 39427, 81186]"
112541,"[74560, 96732, 12923, 81461, 42637, 56278, 86224, 63199, 7438, 42691]"
112542,"[32075, 652, 68583, 22612, 106178, 30633, 88252, 34907, 6065, 14567]"
112543,"[63887, 12992, 82762, 57482, 51016, 90894, 5485, 80597, 50287, 12042]"
112544,"[20893, 108778, 31279, 48418, 8927, 6246, 69916, 4567, 80636, 95667]"
112545,"[45740, 37038, 2410, 98897, 104109, 94090, 17058, 107951, 98669, 2402]"
112546,"[26668, 18979, 26008, 89256, 20997, 84041, 71043, 65170, 73098, 65232]"
112547,"[62478, 99238, 30680, 65805, 4494, 3597, 46372, 81585, 30352, 27428]"
112548,"[1667, 106662, 107500, 107625, 56195, 18, 94651, 101403, 9180, 66290]"
112549,"[23202, 6590, 95552, 66697, 56221, 101737, 71645, 14721, 6783, 9851]"
112550,"[87939, 38853, 11507, 52056, 25413, 34000, 21610, 108722, 93275, 29030]"
112551,"[65452, 38669, 60914, 47632, 107181, 93844, 107460, 44802, 32607, 106918]"
112552,"[35687, 11441, 87174, 26126, 18844, 74045, 57033, 63308, 42005, 42332]"
112553,"[61827, 45678, 63039, 45509, 89582, 62486, 55936, 47255, 91759, 108616]"
112554,"[79228, 30293, 100310, 53065, 25388, 74751, 57842, 14599, 86769, 89743]"
112555,"[69983, 62077, 78267, 30907, 54058, 33666, 92169, 84466, 45242, 50506]"
112556,"[6135, 63470, 3509, 30947, 47100, 82286, 81727, 19478, 56062, 76663]"
112557,"[95225, 79596, 48976, 44414, 94969, 5958, 59024, 106174, 37747, 40085]"
112558,"[43527, 95645, 94242, 99754, 83880, 22102, 85001, 39466, 43444, 25255]"
112559,"[71889, 68534, 106580, 71401, 85245, 105217, 72524, 15482, 23347, 88552]"
112560,"[75303, 84393, 64094, 8622, 21670, 47721, 39984, 62265, 95426, 51899]"
112561,"[68247, 38655, 9460, 1003, 15766, 3243, 38004, 48742, 43514, 105022]"
112562,"[38924, 93408, 4784, 83113, 18869, 84745, 93236, 4858, 20655, 55435]"
112563,"[8908, 104527, 5459, 21766, 21025, 93192, 68983, 10117, 86977, 24045]"
112564,"[73233, 71392, 32906, 32609, 30144, 70949, 91749, 26770, 101070, 33947]"
112565,"[55383, 94394, 99144, 2906, 96359, 47832, 49502, 8747, 33929, 101614]"
112566,"[60144, 19605, 32741, 48140, 77474, 74986, 44173, 21898, 11180, 97336]"
112567,"[104345, 52646, 25584, 62964, 87157, 47620, 21338, 104873, 87946, 79297]"
112568,"[107855, 75892, 49395, 108111, 86116, 72020, 104947, 55864, 5979, 1176]"
112569,"[23486, 3842, 101040, 109340, 17848, 76130, 99877, 68144, 44599, 107154]"
112570,"[30662, 46389, 8486, 46773, 43590, 48625, 82111, 70032, 95502, 83898]"
112571,"[63699, 3135, 101989, 39408, 90924, 99661, 103521, 35631, 92313, 39066]"
112572,"[93922, 36597, 54946, 72239, 87609, 109300, 30881, 102349, 55572, 63888]"
112573,"[7245, 52954, 106094, 58848, 19864, 8743, 3364, 33208, 28519, 100718]"
112574,"[58449, 34176, 82492, 71421, 101379, 34884, 696, 58419, 44307, 42969]"
112575,"[85282, 32761, 1609, 91502, 91455, 44979, 23075, 17988, 57910, 38770]"
112576,"[19981, 47499, 19532, 58064, 76420, 40282, 70816, 18270, 74123, 895]"
112577,"[1627, 48536, 22774, 52764, 47342, 19545, 13873, 81398, 71872, 69990]"
112578,"[108382, 45037, 92679, 98146, 5531, 6166, 96980, 32415, 35015, 69925]"
112579,"[55089, 72159, 2964, 61838, 81710, 33461, 70204, 3758, 49931, 5896]"
112580,"[41013, 5409, 13239, 27869, 16323, 92977, 33269, 66867, 36902, 108481]"
112581,"[2778, 57921, 56487, 107741, 34480, 34953, 84505, 33782, 95327, 52690]"
112582,"[92067, 346, 10835, 81423, 2819, 81776, 41011, 90254, 14074, 67362]"
112583,"[18427, 81293, 93224, 1380, 10878, 96747, 79621, 22012, 53937, 100890]"
112584,"[50775, 10961, 76799, 81026, 30406, 42515, 104670, 5460, 22788, 78220]"
112585,"[79822, 34151, 39104, 72797, 83502, 34636, 3502, 7688, 59609, 27759]"
112586,"[11229, 10283, 28651, 50744, 56176, 105950, 70350, 32552, 8293, 4047]"
112587,"[80442, 4479, 80726, 41694, 7602, 83014, 57162, 90448, 100393, 3833]"
112588,"[89927, 29875, 95647, 8109, 8446, 68754, 62315, 4396, 10477, 62471]"
112589,"[21680, 96872, 3550, 15997, 86138, 16544, 95587, 36342, 36751, 250]"
112590,"[25136, 30218, 87979, 41882, 8951, 63898, 48806, 109744, 60653, 23695]"
112591,"[16060, 68633, 105603, 67149, 82987, 22330, 32968, 45257, 13200, 52685]"
112592,"[57182, 74098, 78455, 70613, 44865, 65689, 7996, 21318, 69040, 1461]"
112593,"[50281, 63725, 109630, 100837, 30806, 30699, 6477, 68570, 9676, 6949]"
112594,"[35525, 50220, 2349, 67538, 108895, 125, 69931, 25553, 57487, 31267]"
112595,"[38570, 20468, 17158, 2307, 51716, 56375, 73963, 97979, 31134, 109411]"
112596,"[67987, 72425, 95813, 40836, 7324, 23321, 47538, 45071, 52841, 51063]"
112597,"[80573, 24600, 20702, 108334, 23146, 75540, 26173, 44458, 41597, 37584]"
112598,"[66038, 46783, 107610, 56584, 88813, 47530, 31216, 90599, 63774, 68870]"
112599,"[82454, 26314, 14158, 85711, 41085, 7895, 36759, 77616, 42896, 88937]"
112600,"[109353, 85238, 20428, 13056, 103499, 52624, 2285, 9370, 58452, 6792]"
112601,"[106184, 44604, 104884, 23723, 77260, 8301, 52335, 34458, 6260, 17068]"
112602,"[88079, 60867, 93133, 25868, 102586, 93352, 99343, 40443, 2355, 80040]"
112603,"[45978, 10291, 104721, 18071, 104102, 41417, 78881, 30561, 50057, 85938]"
112604,"[73987, 67482, 95784, 51098, 16032, 29187, 59196, 51408, 21123, 30111]"
112605,"[44913, 13094, 109570, 24980, 107508, 26885, 94490, 55836, 47687, 95809]"
112606,"[21779, 81708, 44648, 28895, 39582, 49045, 1928, 72711, 52383, 85909]"
112607,"[50131, 75675, 56315, 43614, 103949, 60338, 18382, 2265, 74944, 7240]"
112608,"[63098, 36251, 7399, 100511, 65409, 9319, 61301, 22331, 82649, 95184]"
112609,"[37410, 96171, 3316, 88895, 43461, 65868, 76746, 44998, 26574, 80116]"
112610,"[62358, 55143, 54684, 57635, 75631, 44266, 26587, 50223, 102415, 84578]"
112611,"[47507, 63879, 72662, 54728, 65139, 62987, 18937, 91453, 38044, 87663]"
112612,"[37514, 105529, 92500, 34038, 31900, 54851, 30843, 22759, 57717, 44450]"
112613,"[16754, 100171, 100659, 107037, 21442, 31530, 33974, 57212, 35983, 239]"
112614,"[107968, 27953, 84993, 85734, 74119, 42589, 109294, 65984, 76593, 59154]"
112615,"[88448, 78246, 40467, 67993, 71678, 66559, 102795, 73431, 67407, 15118]"
112616,"[11211, 57123, 38218, 37091, 13766, 79793, 46728, 14525, 12291, 32312]"
112617,"[28322, 62491, 61635, 103025, 62091, 45563, 50630, 106865, 74185, 98816]"
112618,"[68212, 7084, 27753, 88890, 14179, 66421, 27310, 10742, 4649, 25795]"
112619,"[55879, 102311, 66489, 9944, 33618, 66830, 81695, 73020, 28382, 68764]"
112620,"[34609, 21395, 93951, 103534, 51153, 422, 67568, 100941, 16819, 27050]"
112621,"[31187, 26518, 103264, 63728, 42464, 5201, 60815, 40284, 92811, 90133]"
112622,"[54265, 91378, 41579, 102442, 14658, 34612, 104898, 49185, 37064, 2798]"
112623,"[46710, 17072, 47392, 100548, 62267, 10083, 97258, 18480, 15015, 3622]"
112624,"[4836, 80756, 107673, 4736, 35727, 65021, 79383, 54321, 64215, 50508]"
112625,"[89159, 36839, 61091, 74113, 47311, 59013, 66998, 83609, 84079, 107809]"
112626,"[84278, 11879, 62020, 85189, 64173, 101173, 11412, 62358, 5980, 71043]"
112627,"[359, 15299, 89604, 22840, 65648, 41954, 24390, 23962, 66322, 83570]"
112628,"[87033, 82702, 101185, 53911, 54543, 67058, 50909, 27067, 14002, 36362]"
112629,"[86547, 31167, 85150, 54292, 44147, 69749, 92429, 58577, 65441, 92471]"
112630,"[32284, 17760, 96772, 67639, 62100, 104009, 64665, 20206, 27945, 53535]"
112631,"[28183, 1205, 99825, 62614, 41008, 27761, 39359, 20444, 68981, 52050]"
112632,"[89243, 55885, 37499, 68331, 29390, 63297, 88176, 42150, 95445, 15532]"
112633,"[52228, 69182, 26824, 3548, 73745, 28292, 30423, 20785, 79090, 104780]"
112634,"[50605, 6469, 96721, 8556, 20885, 49527, 107427, 25326, 42340, 106261]"
112635,"[7923, 90264, 101738, 55641, 16717, 9916, 92136, 32733, 85792, 28539]"
112636,"[85574, 51458, 63107, 53624, 50087, 80632, 54232, 92465, 84788, 17170]"
112637,"[60232, 88209, 48514, 11237, 80455, 71790, 68179, 9628, 5291, 90489]"
112638,"[81626, 105677, 6462, 81654, 5330, 108401, 20995, 22130, 29871, 86519]"
112639,"[13742, 72021, 16893, 28497, 13868, 14250, 72225, 9386, 30893, 82797]"
112640,"[88569, 67309, 33925, 5130, 74587, 49687, 40773, 77438, 32073, 80036]"
112641,"[105225, 107696, 57514, 41107, 51895, 86272, 72311, 30585, 32775, 54483]"
112642,"[39117, 11577, 16684, 60579, 87134, 27550, 23722, 29915, 52108, 59236]"
112643,"[55919, 87531, 61485, 8813, 34696, 62079, 92581, 75405, 51237, 89100]"
112644,"[98364, 96238, 61832, 61271, 25684, 10634, 88630, 107459, 240, 73857]"
112645,"[98578, 57268, 56543, 30240, 95720, 53301, 89651, 70406, 9868, 93130]"
112646,"[97351, 46211, 35320, 12347, 91658, 72014, 105021, 91107, 73268, 75410]"
112647,"[54221, 82654, 90696, 58469, 85947, 72049, 67263, 93778, 37001, 61666]"
112648,"[5396, 52711, 77987, 54505, 58779, 19701, 71052, 98586, 37186, 1810]"
112649,"[46868, 22461, 92491, 102384, 73725, 99970, 20255, 78866, 84455, 50332]"
112650,"[42284, 12232, 44033, 17425, 63978, 92256, 16617, 43310, 38616, 37044]"
112651,"[16945, 104751, 36773, 69261, 13050, 52441, 17718, 75096, 52461, 63250]"
112652,"[46935, 55011, 66177, 24326, 73889, 29201, 17114, 96847, 36913, 6801]"
112653,"[65904, 95003, 26929, 49957, 38630, 60905, 35059, 85525, 4756, 7177]"
112654,"[62050, 56192, 80594, 31103, 30958, 95929, 62116, 74222, 75017, 51843]"
112655,"[20137, 2455, 39118, 32618, 68373, 58335, 55719, 68548, 38643, 102104]"
112656,"[90084, 33706, 12053, 46096, 85720, 96780, 103195, 26405, 66447, 75898]"
112657,"[77643, 103330, 62649, 82719, 26022, 45206, 84589, 51496, 66168, 15627]"
112658,"[7153, 51813, 61234, 13087, 6221, 78775, 105039, 22857, 13194, 97688]"
112659,"[48270, 106283, 8259, 38606, 2363, 39137, 108825, 76195, 40729, 104273]"
112660,"[91024, 108062, 59701, 25080, 9401, 73263, 98044, 35513, 24955, 62784]"
112661,"[94814, 10002, 90105, 27136, 11954, 30010, 55800, 65983, 107990, 30721]"
112662,"[5005, 4423, 8992, 30182, 10778, 28427, 88513, 73340, 104311, 109281]"
112663,"[34342, 605, 100741, 46898, 68113, 97800, 91052, 32407, 45361, 78202]"
112664,"[104250, 66585, 12132, 37057, 99868, 100321, 50958, 70483, 74060, 5372]"
112665,"[104031, 44313, 105234, 72774, 67074, 47323, 42666, 44582, 55834, 60222]"
112666,"[108443, 32767, 94185, 51150, 86454, 84516, 79707, 71285, 8572, 45893]"
112667,"[77269, 20562, 101059, 75247, 54060, 61903, 103146, 81551, 23732, 88380]"
112668,"[35038, 42997, 98755, 78330, 67777, 23687, 93889, 78633, 34958, 41324]"
112669,"[10966, 41420, 77781, 41831, 30936, 97800, 100741, 15847, 34221, 38537]"
112670,"[17257, 416, 72122, 7080, 97016, 105525, 61583, 85781, 70771, 23979]"
112671,"[95189, 26509, 48146, 7974, 25668, 78875, 94379, 97304, 1898, 25748]"
112672,"[28060, 63598, 20125, 93981, 28159, 129, 92843, 3638, 90115, 93858]"
112673,"[31456, 77312, 93504, 20738, 75146, 27274, 33648, 27897, 32400, 25293]"
112674,"[52401, 102354, 49840, 42286, 86537, 49538, 66709, 19763, 100941, 103534]"
112675,"[84442, 99086, 22674, 16977, 955, 60410, 51041, 102732, 23793, 92664]"
112676,"[64640, 17509, 73044, 65816, 74836, 49178, 35684, 43231, 42648, 57492]"
112677,"[17189, 102970, 109701, 31619, 36540, 6973, 2192, 19299, 24342, 58625]"
112678,"[16780, 18266, 15076, 36196, 58660, 84254, 38951, 63075, 77670, 79407]"
112679,"[30424, 75821, 16062, 34407, 93237, 103481, 41441, 71662, 66951, 59004]"
112680,"[50773, 90866, 88130, 50746, 33168, 84561, 42528, 48192, 86093, 106237]"
112681,"[36477, 52568, 86075, 23179, 74471, 77353, 55902, 28438, 107312, 104784]"
112682,"[56917, 99105, 15459, 14973, 53252, 71854, 92643, 15183, 52445, 469]"
112683,"[8458, 48637, 4379, 57130, 36379, 88947, 31640, 83189, 56420, 91870]"
112684,"[61736, 78979, 45542, 50886, 74925, 92215, 21385, 103196, 56183, 71483]"
112685,"[106204, 6832, 27776, 103253, 22044, 26146, 42547, 105811, 21066, 9665]"
112686,"[63543, 6239, 69701, 308, 85274, 92690, 12380, 96098, 98386, 37142]"
112687,"[87326, 47444, 25406, 28844, 49228, 6671, 57804, 54882, 27445, 51304]"
112688,"[11357, 99201, 38572, 78623, 18251, 86008, 33517, 6309, 109066, 61943]"
112689,"[44131, 106471, 41627, 98867, 99198, 74910, 42704, 79112, 107488, 108803]"
112690,"[29425, 5987, 54532, 93477, 4980, 105403, 47757, 13377, 58550, 108127]"
112691,"[62304, 21680, 95587, 15997, 86138, 82549, 96872, 107258, 73999, 16544]"
112692,"[9520, 50946, 72173, 37734, 109522, 101693, 40922, 17002, 53184, 72922]"
112693,"[105219, 86608, 92816, 43868, 39915, 34711, 41501, 97639, 36653, 100163]"
112694,"[22921, 94340, 109166, 29637, 16355, 29859, 59213, 79825, 26154, 47623]"
112695,"[16259, 100317, 14168, 40823, 20683, 78859, 44990, 108062, 91737, 93948]"
112696,"[78001, 38925, 84002, 83902, 87917, 2332, 68085, 103278, 94646, 48591]"
112697,"[22913, 64912, 20154, 30453, 63438, 25724, 4614, 23752, 76299, 50955]"
112698,"[116, 82881, 19916, 75906, 25350, 62638, 42126, 32703, 101735, 48867]"
112699,"[17738, 66633, 73909, 83721, 71903, 32520, 55307, 69087, 60832, 65155]"
112700,"[87745, 7705, 32378, 35994, 54148, 31813, 34802, 30783, 39064, 101508]"
112701,"[72752, 2247, 19243, 2749, 62083, 13677, 35089, 26642, 7852, 94589]"
112702,"[6693, 33268, 86654, 64739, 107433, 31686, 85630, 34245, 75966, 55333]"
112703,"[42132, 25206, 93082, 108914, 100554, 72475, 3406, 15843, 45195, 74216]"
112704,"[36456, 108272, 84550, 49607, 8620, 90163, 19891, 78321, 90578, 20449]"
112705,"[38838, 1725, 25738, 56122, 50992, 107506, 44493, 44349, 85280, 66366]"
112706,"[12667, 20527, 49960, 96178, 54016, 3408, 17875, 46936, 96261, 98715]"
112707,"[29946, 88720, 76877, 33504, 79657, 9258, 100750, 28516, 15677, 60046]"
112708,"[17845, 57071, 35640, 65091, 10674, 87451, 100468, 99922, 100819, 49564]"
112709,"[67544, 81079, 15067, 7643, 104594, 90561, 13158, 94136, 17877, 33083]"
112710,"[58294, 56888, 93558, 71861, 36149, 33973, 37359, 75949, 27485, 11066]"
112711,"[1272, 49474, 104125, 33803, 25975, 98717, 91653, 33773, 99361, 32188]"
112712,"[105681, 17464, 25815, 108678, 65995, 94442, 59570, 103670, 35871, 21772]"
112713,"[67572, 47299, 15974, 83375, 86653, 88963, 70044, 102372, 1062, 44707]"
112714,"[43132, 100798, 13669, 53127, 17635, 10221, 82434, 35975, 24426, 23013]"
112715,"[38387, 52555, 58145, 35630, 91285, 107394, 97695, 1572, 76957, 81823]"
112716,"[50949, 73423, 87023, 86257, 65989, 104395, 39863, 58937, 84443, 3373]"
112717,"[6802, 57103, 62957, 36110, 65427, 22113, 26220, 25771, 25857, 16172]"
112718,"[108626, 20677, 7708, 89997, 89089, 41872, 88735, 104925, 85810, 6077]"
112719,"[39609, 43475, 92646, 103168, 57761, 59516, 27126, 33723, 8148, 78764]"
112720,"[35051, 37359, 48500, 627, 16875, 32248, 70875, 26797, 99010, 38067]"
112721,"[70121, 6225, 33014, 38867, 100371, 6038, 108064, 30129, 18272, 27110]"
112722,"[97686, 23816, 31974, 8640, 106449, 48275, 69820, 4943, 62299, 2782]"
112723,"[66190, 17502, 13680, 84789, 92584, 53272, 92431, 88516, 106704, 23125]"
112724,"[96903, 20871, 62198, 80361, 76152, 77534, 48211, 19730, 54970, 40344]"
112725,"[38966, 94116, 75226, 28646, 53748, 75701, 58112, 32650, 100118, 59170]"
112726,"[88587, 5426, 41941, 63839, 99248, 23728, 99300, 31107, 5380, 8633]"
112727,"[48900, 97149, 52030, 96971, 64939, 451, 19749, 3430, 32389, 31050]"
112728,"[33111, 29852, 65494, 69269, 25051, 81987, 104053, 51912, 65132, 52596]"
112729,"[84390, 50387, 96528, 98532, 39899, 68835, 55811, 69667, 65347, 75813]"
112730,"[64540, 4345, 93845, 46984, 67997, 22325, 43678, 8008, 108088, 62127]"
112731,"[64170, 62125, 36832, 37165, 92214, 11014, 82418, 25023, 65297, 98116]"
112732,"[5166, 97391, 54261, 72129, 3585, 92018, 24485, 58736, 74976, 35564]"
112733,"[22922, 95775, 9419, 103902, 56780, 58207, 65862, 68676, 74989, 104791]"
112734,"[38336, 98108, 84240, 108889, 31138, 59021, 13503, 5184, 41695, 109337]"
112735,"[63346, 59785, 7673, 12996, 38672, 82931, 605, 89560, 35679, 32407]"
112736,"[41065, 38610, 55921, 37932, 105250, 31894, 58216, 70679, 1843, 103312]"
112737,"[25905, 102416, 43844, 73043, 63908, 77830, 46093, 63527, 22811, 25832]"
112738,"[80967, 15369, 76621, 18645, 90349, 17613, 78023, 78130, 81393, 69204]"
112739,"[12160, 90675, 60202, 60586, 56433, 50786, 102853, 46320, 36399, 91859]"
112740,"[37392, 43074, 108478, 37596, 107654, 67210, 105733, 93818, 98249, 572]"
112741,"[62174, 12003, 92455, 28340, 70947, 69975, 94873, 68394, 78343, 5533]"
112742,"[24661, 13909, 15909, 88742, 90784, 97153, 35529, 98459, 64614, 14105]"
112743,"[49993, 14901, 104417, 66930, 86773, 56560, 52088, 100871, 29626, 54608]"
112744,"[91767, 33311, 33916, 27804, 76015, 53092, 4693, 53768, 19022, 88659]"
112745,"[39056, 54606, 96547, 53615, 85851, 61131, 66428, 55216, 36465, 101248]"
112746,"[98833, 37660, 75897, 35796, 12832, 18482, 86206, 7055, 108186, 24976]"
112747,"[95441, 62637, 57000, 58630, 19363, 6224, 53012, 108426, 69233, 44731]"
112748,"[37003, 14741, 3377, 95052, 45667, 44655, 9639, 35923, 7498, 9865]"
112749,"[31045, 92400, 9892, 11378, 58729, 88897, 6527, 89779, 35310, 7146]"
112750,"[53841, 100790, 51163, 87677, 24458, 65857, 22877, 96631, 69212, 44882]"
112751,"[77772, 99851, 8763, 44718, 100642, 44737, 32170, 96288, 69356, 24712]"
112752,"[33977, 88834, 6781, 30892, 79752, 86790, 48477, 39304, 44782, 40178]"
112753,"[27892, 23947, 102738, 10178, 70794, 33393, 40509, 30148, 2204, 57336]"
112754,"[92900, 14834, 83475, 59895, 85351, 73372, 74708, 61631, 51375, 79299]"
112755,"[12164, 79902, 17466, 98109, 61841, 54555, 50000, 6400, 101037, 88537]"
112756,"[85795, 7241, 41090, 98760, 23071, 76525, 34153, 5112, 14177, 86326]"
112757,"[99677, 27362, 52217, 36404, 45113, 25793, 48954, 8015, 65658, 13566]"
112758,"[13250, 109320, 13610, 105714, 83657, 18665, 93533, 50522, 80834, 65109]"
112759,"[101632, 65250, 26638, 10098, 38501, 44694, 64479, 79340, 2339, 57892]"
112760,"[18912, 24878, 69789, 49287, 47481, 98927, 16908, 93736, 53967, 85864]"
112761,"[44910, 20988, 82284, 86437, 79455, 32496, 61585, 107365, 104816, 16539]"
112762,"[36476, 72811, 13480, 76220, 8512, 70626, 92458, 74876, 55453, 22572]"
112763,"[75774, 66229, 3045, 34901, 7474, 9044, 44107, 2084, 73526, 27925]"
112764,"[78152, 20700, 6915, 37891, 73910, 66072, 61721, 14573, 54041, 105371]"
112765,"[49008, 31748, 31160, 48001, 70084, 90387, 39871, 10638, 12316, 75400]"
112766,"[35130, 433, 67669, 70695, 39917, 20884, 40267, 72845, 67861, 24540]"
112767,"[74714, 56953, 64500, 9649, 11372, 35679, 28978, 67038, 28928, 36819]"
112768,"[13996, 95829, 100098, 33561, 61207, 94402, 59977, 18021, 93668, 30848]"
112769,"[78410, 9409, 106057, 18018, 97198, 12345, 19153, 99863, 91968, 36377]"
112770,"[44346, 105263, 13020, 59461, 50470, 103344, 35811, 87125, 101823, 57198]"
112771,"[103995, 38682, 51503, 102077, 91144, 19528, 45882, 109454, 10432, 91355]"
112772,"[34335, 12083, 104812, 5398, 93485, 33029, 84597, 27614, 86524, 63317]"
112773,"[67329, 41379, 35577, 50509, 69637, 101482, 83013, 31697, 4155, 69919]"
112774,"[11422, 86208, 79902, 96450, 43564, 95334, 6400, 61841, 101037, 86368]"
112775,"[4864, 103051, 59072, 53630, 10871, 40115, 1759, 22614, 24737, 87357]"
112776,"[10633, 85276, 17857, 83224, 48554, 46650, 87866, 28983, 1638, 43790]"
112777,"[21990, 107476, 6967, 46259, 98225, 81284, 59959, 7451, 49822, 18088]"
112778,"[23087, 109740, 66066, 60767, 76424, 94581, 12445, 54352, 109594, 99370]"
112779,"[39544, 75110, 71322, 101726, 86163, 64240, 102686, 32031, 100707, 27296]"
112780,"[42236, 99093, 89668, 34633, 78110, 44854, 63114, 19918, 56252, 101342]"
112781,"[89671, 106566, 36833, 47048, 93559, 11051, 86387, 99985, 47436, 50229]"
112782,"[88730, 20709, 57435, 94144, 6207, 35629, 54664, 11516, 71585, 11576]"
112783,"[28073, 80045, 28541, 56894, 8606, 56370, 75287, 29534, 32808, 24081]"
112784,"[45476, 48888, 29249, 15506, 104981, 87384, 103356, 10829, 37641, 62993]"
112785,"[91051, 46361, 76367, 65723, 45027, 44778, 84536, 79053, 54049, 29496]"
112786,"[21437, 107443, 64088, 86131, 81201, 31823, 69108, 81051, 16820, 31181]"
112787,"[65154, 87785, 4369, 49824, 1581, 26768, 107638, 87219, 85750, 21757]"
112788,"[102188, 107808, 70165, 50285, 89916, 4419, 54356, 73315, 84307, 49167]"
112789,"[48035, 30740, 77455, 28439, 44196, 62415, 1840, 54390, 85212, 6211]"
112790,"[23728, 3182, 71750, 18118, 88240, 71844, 99248, 55594, 93542, 19415]"
112791,"[72966, 10207, 67596, 105700, 66666, 51762, 8717, 22972, 86854, 90456]"
112792,"[30703, 49907, 33629, 1024, 105684, 88736, 27916, 81393, 8410, 45305]"
112793,"[83998, 60256, 4337, 2144, 9805, 89722, 97127, 50513, 69453, 25941]"
112794,"[30094, 3601, 78679, 16796, 13812, 91318, 83293, 100635, 70393, 75932]"
112795,"[30585, 2577, 57467, 90541, 54483, 83945, 15543, 2399, 95543, 36512]"
112796,"[66821, 35778, 14866, 60215, 4533, 35065, 43057, 83981, 109183, 1183]"
112797,"[33293, 1361, 64740, 58063, 40693, 48165, 65218, 87596, 26682, 91991]"
112798,"[80639, 18568, 32363, 34611, 91815, 53656, 44812, 22638, 78208, 92821]"
112799,"[80958, 30305, 62847, 1978, 28838, 95484, 68282, 8269, 57828, 34933]"
112800,"[5188, 64251, 42323, 41542, 90880, 77743, 17921, 48379, 17552, 41103]"
112801,"[65791, 40999, 42994, 11337, 53935, 73886, 65279, 44001, 91408, 745]"
112802,"[53469, 10821, 36908, 57266, 62317, 25821, 85708, 69013, 34196, 77131]"
112803,"[6019, 20260, 36633, 104149, 23780, 847, 39128, 102621, 78251, 36459]"
112804,"[32811, 102797, 29534, 19010, 51758, 2483, 19201, 29999, 84572, 10988]"
112805,"[9384, 54656, 57989, 32745, 32556, 60798, 41479, 35462, 70222, 18580]"
112806,"[68667, 86634, 55710, 104600, 45735, 9768, 11870, 90270, 31565, 69407]"
112807,"[94691, 107955, 52921, 60640, 66812, 27278, 20441, 45004, 83333, 78994]"
112808,"[101250, 62192, 26610, 92152, 106861, 30907, 5708, 92434, 28566, 57170]"
112809,"[65407, 38061, 58850, 51658, 106467, 21558, 7247, 7376, 27019, 71308]"
112810,"[13244, 30015, 41031, 21686, 71131, 109119, 54648, 79272, 16228, 93243]"
112811,"[38105, 105943, 108331, 95925, 51779, 94956, 100275, 19265, 70669, 71595]"
112812,"[24160, 85357, 98231, 89281, 57656, 85992, 27218, 74981, 3309, 42450]"
112813,"[57186, 75023, 14326, 63369, 8349, 62208, 71061, 57517, 8477, 30136]"
112814,"[12433, 44483, 46088, 109084, 49760, 79485, 59378, 48836, 61085, 9735]"
112815,"[30671, 88833, 50072, 91771, 95661, 73030, 18207, 40406, 39445, 5972]"
112816,"[80436, 68447, 60104, 14953, 9840, 103816, 46650, 38408, 48554, 33956]"
112817,"[43517, 84765, 8340, 80945, 40909, 57944, 109280, 31532, 106623, 65230]"
112818,"[11646, 108679, 16389, 82484, 70376, 59727, 63642, 82857, 81168, 13399]"
112819,"[45878, 27977, 85743, 57243, 67547, 58780, 30422, 55939, 36972, 49363]"
112820,"[37825, 28017, 9723, 39644, 42613, 20425, 91918, 48978, 13650, 103348]"
112821,"[8707, 34811, 103731, 11844, 56899, 52907, 1946, 46912, 29591, 60084]"
112822,"[9379, 24088, 27521, 22137, 34875, 22530, 10195, 63140, 98469, 31225]"
112823,"[35493, 58143, 37460, 6099, 76400, 104511, 23922, 13716, 26057, 80028]"
112824,"[98360, 77891, 15690, 93380, 15053, 20083, 84659, 16793, 92095, 35682]"
112825,"[54256, 35562, 77047, 44255, 44953, 65014, 32791, 86247, 100609, 83854]"
112826,"[5723, 61363, 56471, 87658, 87748, 60184, 36336, 94065, 55749, 28189]"
112827,"[99658, 7629, 12193, 60729, 82066, 2654, 4241, 14100, 17679, 19342]"
112828,"[68776, 13686, 14942, 25817, 28835, 65777, 68265, 68076, 40578, 49354]"
112829,"[88444, 43160, 54022, 101231, 108654, 109158, 103375, 91607, 58781, 86809]"
112830,"[89029, 58904, 51888, 107575, 51824, 44983, 41892, 104110, 38313, 32857]"
112831,"[22478, 26285, 54754, 9599, 81537, 78363, 73236, 32327, 10504, 62184]"
112832,"[36071, 80961, 49069, 54682, 79863, 12028, 93253, 106457, 52830, 26988]"
112833,"[108277, 69664, 33278, 3732, 27633, 41256, 24945, 23277, 46424, 73379]"
112834,"[79108, 37449, 26046, 82974, 90283, 106105, 27461, 24691, 75026, 42792]"
112835,"[25993, 27643, 43893, 18247, 88133, 31399, 25247, 96618, 41196, 66180]"
112836,"[33433, 84551, 91821, 68081, 15331, 57286, 55651, 59662, 79207, 3478]"
112837,"[28016, 36482, 94059, 87813, 105393, 108154, 94241, 97918, 65717, 82695]"
112838,"[40292, 2245, 63233, 17242, 95800, 34908, 41364, 99872, 50628, 43413]"
112839,"[41927, 78694, 76684, 33753, 48586, 26913, 50787, 39933, 51741, 61348]"
112840,"[22508, 74429, 98074, 79381, 33676, 2826, 10628, 92323, 81099, 108920]"
112841,"[80448, 67843, 36325, 29622, 102541, 30519, 26159, 96828, 93715, 1388]"
112842,"[96813, 94183, 41094, 62233, 104614, 9927, 45515, 88040, 56552, 43669]"
112843,"[79063, 107277, 108126, 96622, 43642, 96584, 105061, 94884, 39787, 78403]"
112844,"[42285, 104357, 47213, 97095, 1940, 51929, 62464, 95804, 31600, 74717]"
112845,"[89601, 24612, 64822, 3372, 45603, 106813, 21578, 92962, 3338, 68107]"
112846,"[85682, 58944, 77068, 26443, 36438, 101628, 15762, 67269, 81709, 10470]"
112847,"[57042, 81091, 80305, 4630, 54978, 35238, 17876, 10614, 59033, 15949]"
112848,"[1939, 78820, 74018, 33812, 63480, 55672, 88597, 62203, 73335, 62164]"
112849,"[15180, 20472, 90703, 101789, 9909, 46621, 60466, 46634, 60915, 74879]"
112850,"[42347, 91288, 8115, 87779, 103370, 63586, 82578, 21186, 21745, 43957]"
112851,"[66391, 51105, 4031, 67828, 87960, 7073, 36921, 99114, 61965, 16289]"
112852,"[10154, 84452, 99269, 73594, 51151, 54501, 12591, 18306, 26335, 11171]"
112853,"[66770, 107777, 38896, 54382, 99746, 99942, 102329, 24504, 64101, 11211]"
112854,"[14154, 24925, 74590, 77450, 108743, 29166, 8401, 74876, 61000, 89240]"
112855,"[34837, 29730, 50402, 51416, 105631, 1568, 102250, 2489, 67402, 104745]"
112856,"[90774, 37704, 25694, 25792, 19793, 7375, 37489, 104987, 73536, 18400]"
112857,"[8583, 74268, 11345, 52252, 48053, 96839, 91431, 19627, 8569, 50560]"
112858,"[68293, 61667, 56395, 77208, 88644, 56751, 80301, 38458, 55122, 37525]"
112859,"[25882, 46164, 5892, 36978, 60145, 81888, 62749, 26513, 63944, 55717]"
112860,"[103109, 100189, 46831, 27478, 101608, 86015, 107240, 89910, 16602, 45130]"
112861,"[81217, 72646, 9150, 34426, 43366, 66145, 95406, 78932, 53768, 33311]"
112862,"[82021, 73885, 50733, 23517, 12534, 36002, 30275, 9449, 66162, 7767]"
112863,"[39313, 7857, 61018, 5858, 96722, 3898, 100240, 105357, 37252, 19456]"
112864,"[97867, 79384, 58655, 95885, 98336, 69542, 55359, 92822, 21773, 108022]"
112865,"[40132, 22314, 74143, 84085, 81743, 28739, 35628, 101657, 91426, 45293]"
112866,"[34647, 12576, 55538, 90738, 12578, 60860, 13890, 99664, 20057, 29245]"
112867,"[56764, 73143, 10945, 28850, 106387, 95944, 26055, 35861, 73591, 83914]"
112868,"[92196, 80148, 63707, 103819, 91717, 34160, 95705, 45052, 16467, 18742]"
112869,"[37992, 79732, 102379, 70168, 43565, 81334, 87753, 11444, 29094, 6564]"
112870,"[29570, 71065, 85618, 24430, 37128, 59127, 64390, 77249, 27114, 3332]"
112871,"[7576, 46916, 63106, 13824, 91676, 9719, 49198, 43813, 54450, 107824]"
112872,"[42764, 60305, 106392, 72658, 107909, 54190, 89873, 99192, 90318, 44729]"
112873,"[65815, 95296, 101795, 54040, 78377, 87772, 50478, 40832, 3786, 44879]"
112874,"[15408, 66301, 52644, 108912, 58225, 56496, 55562, 72830, 85522, 101046]"
112875,"[58338, 24000, 71809, 22657, 24275, 67683, 29984, 62049, 58115, 52237]"
112876,"[56328, 49949, 21665, 11873, 34602, 83690, 37777, 44133, 20928, 4301]"
112877,"[56129, 66855, 28922, 82097, 31112, 71430, 69069, 62848, 97403, 82708]"
112878,"[57577, 48067, 102698, 29739, 81541, 8167, 59579, 99936, 94579, 97966]"
112879,"[90884, 104867, 93216, 37963, 61979, 43182, 87100, 74165, 11550, 111]"
112880,"[24636, 31258, 94626, 39094, 11575, 45448, 31520, 49552, 20545, 47603]"
112881,"[81193, 64062, 37012, 53210, 49425, 99694, 19043, 22409, 48569, 77053]"
112882,"[40565, 103956, 34024, 68288, 72784, 53351, 47706, 80514, 20578, 72546]"
112883,"[6300, 45736, 97954, 93122, 75159, 64706, 46600, 52278, 103194, 29971]"
112884,"[41061, 805, 86548, 403, 108343, 69270, 60817, 74425, 49927, 98337]"
112885,"[74257, 66016, 15216, 53668, 83756, 34286, 59588, 9774, 53747, 69966]"
112886,"[40681, 72022, 101350, 34105, 12988, 84860, 82292, 87286, 72982, 3208]"
112887,"[104427, 77107, 44051, 24347, 105921, 48545, 62762, 90319, 103276, 94463]"
112888,"[108278, 97659, 31785, 2338, 94109, 45609, 107690, 28532, 100506, 22037]"
112889,"[22453, 38009, 13494, 74915, 34088, 75550, 49407, 66061, 96554, 2925]"
112890,"[57462, 16682, 80530, 60706, 16619, 79942, 55253, 67561, 45446, 105754]"
112891,"[103377, 100902, 76857, 75344, 4477, 52321, 62504, 92937, 41194, 76519]"
112892,"[37128, 64390, 71065, 29570, 85618, 24430, 8179, 15706, 35682, 22729]"
112893,"[18244, 101086, 61859, 37334, 88172, 10739, 61619, 92647, 9231, 66657]"
112894,"[2183, 20853, 106658, 2676, 57376, 70156, 9981, 45923, 69430, 49600]"
112895,"[77615, 10075, 1744, 86631, 32477, 19491, 81028, 41570, 10790, 88058]"
112896,"[87924, 76630, 44757, 17960, 46192, 21305, 68364, 97535, 9845, 75261]"
112897,"[72100, 26771, 15652, 52364, 21220, 109425, 57622, 73137, 60043, 73655]"
112898,"[572, 107067, 4987, 8896, 70699, 109766, 88848, 1763, 61704, 75849]"
112899,"[17694, 80350, 19061, 106885, 38916, 26023, 20678, 51757, 94284, 6418]"
112900,"[67158, 24866, 21149, 87422, 79897, 40971, 9201, 39661, 46452, 107803]"
112901,"[53615, 61131, 39056, 83841, 96547, 101021, 101248, 85851, 85447, 54606]"
112902,"[26028, 71916, 16075, 105047, 102066, 48993, 90357, 36768, 43824, 51255]"
112903,"[67783, 17416, 103292, 66189, 22593, 46447, 51513, 14600, 40430, 14884]"
112904,"[16783, 56362, 108697, 101373, 17542, 99171, 24335, 77231, 22965, 53594]"
112905,"[62388, 61113, 57441, 70795, 11232, 60181, 17441, 101450, 71635, 7379]"
112906,"[80126, 14166, 25035, 59340, 52760, 22216, 97183, 95314, 41957, 93205]"
112907,"[63840, 69675, 66811, 23789, 2521, 1179, 89456, 26414, 63864, 86202]"
112908,"[52370, 52209, 95089, 36674, 27322, 42247, 10182, 21611, 38449, 25894]"
112909,"[75832, 100838, 67093, 57992, 3395, 22431, 106453, 28245, 86532, 99191]"
112910,"[97018, 32156, 70489, 63356, 79332, 49873, 58987, 94257, 9346, 39829]"
112911,"[72093, 70151, 47924, 96582, 43837, 90288, 73058, 32241, 58401, 107248]"
112912,"[62044, 51396, 37452, 8534, 82116, 106054, 84560, 49240, 40501, 69750]"
112913,"[39379, 94771, 65127, 77929, 31549, 84786, 38173, 34818, 46047, 19313]"
112914,"[4565, 93702, 11121, 89021, 86145, 101467, 9763, 20560, 56883, 84917]"
112915,"[58608, 67279, 16612, 18883, 23769, 7503, 75022, 30537, 40287, 76689]"
112916,"[13393, 49494, 48560, 54095, 22630, 28800, 30736, 8465, 36848, 4007]"
112917,"[57266, 36389, 81238, 20547, 71684, 57963, 87631, 50604, 76104, 43285]"
112918,"[49399, 64023, 49648, 90103, 67373, 81807, 100621, 43301, 41281, 1948]"
112919,"[9857, 72356, 78163, 45558, 81740, 79962, 75955, 60382, 83278, 80640]"
112920,"[15022, 104336, 81158, 22364, 40833, 5544, 106250, 6215, 89372, 101196]"
112921,"[28747, 5084, 103319, 46964, 61505, 22100, 41497, 86388, 19361, 73504]"
112922,"[62580, 77670, 79407, 3807, 30484, 64878, 96719, 84566, 73238, 25079]"
112923,"[106240, 100668, 27262, 15778, 106842, 74467, 77505, 15054, 10734, 100735]"
112924,"[60323, 73960, 17094, 99836, 90491, 80865, 69550, 98870, 60031, 84486]"
112925,"[106094, 7245, 19864, 33208, 3364, 52954, 104833, 80026, 71463, 8743]"
112926,"[11426, 90532, 89233, 108291, 83028, 14197, 24064, 62469, 42866, 88754]"
112927,"[99280, 19670, 48333, 100413, 5606, 54101, 57377, 72601, 38198, 27854]"
112928,"[55535, 20610, 21717, 44052, 92358, 66097, 36563, 82213, 101267, 13111]"
112929,"[55517, 37710, 29919, 60334, 86552, 11614, 61575, 77642, 40901, 9781]"
112930,"[103630, 56742, 15450, 27469, 83846, 95219, 48517, 78938, 64818, 62882]"
112931,"[5761, 49855, 75856, 15421, 36861, 42797, 69630, 97390, 106858, 55416]"
112932,"[47228, 18277, 73722, 53590, 56419, 109267, 85337, 92057, 86422, 75140]"
112933,"[11616, 54287, 31781, 100686, 38088, 59984, 4149, 72539, 14970, 70615]"
112934,"[20198, 17763, 74371, 91305, 10775, 34698, 58922, 75933, 88107, 109588]"
112935,"[102254, 77143, 10482, 37985, 40504, 23672, 23970, 28660, 97899, 71722]"
112936,"[87881, 90723, 80223, 10412, 2346, 21852, 109690, 41028, 81685, 68082]"
112937,"[45053, 392, 49142, 29522, 98043, 19852, 73416, 81310, 79443, 43439]"
112938,"[61951, 50779, 32911, 78914, 72967, 40726, 32023, 103983, 31618, 4559]"
112939,"[40703, 57009, 107393, 52594, 51877, 2558, 85948, 62551, 22139, 12728]"
112940,"[109496, 78093, 42761, 97047, 109070, 40468, 102041, 98554, 15693, 64758]"
112941,"[26866, 98843, 65058, 47357, 53921, 65579, 93331, 86018, 46297, 29193]"
112942,"[102797, 32811, 51758, 29534, 19010, 67237, 2483, 19201, 29999, 84572]"
112943,"[21448, 52800, 23507, 90454, 95195, 76985, 12837, 34923, 18813, 36222]"
112944,"[68713, 55793, 610, 68559, 43083, 8924, 78281, 92827, 58084, 66214]"
112945,"[2139, 41365, 103847, 56189, 56988, 43670, 106834, 5132, 11262, 100097]"
112946,"[53341, 86236, 92476, 57445, 2471, 98089, 29821, 87164, 36605, 85397]"
112947,"[60017, 54925, 42915, 18136, 10085, 73992, 65009, 76891, 55419, 3975]"
112948,"[87450, 64364, 15868, 35905, 46351, 13663, 19633, 42407, 83367, 96474]"
112949,"[4745, 22681, 109697, 109767, 46470, 42325, 84824, 58796, 134, 92889]"
112950,"[19335, 69775, 50091, 33714, 23597, 79014, 8055, 81705, 24476, 22197]"
112951,"[68252, 32966, 87486, 29299, 90099, 54628, 36457, 43101, 65670, 95538]"
112952,"[22979, 18326, 35138, 86821, 55827, 29657, 454, 83833, 29951, 31338]"
112953,"[82883, 50156, 66755, 85199, 70129, 1221, 41993, 44956, 37076, 25479]"
112954,"[59286, 15237, 29639, 9353, 16939, 102898, 82161, 70869, 50886, 23325]"
112955,"[97228, 8612, 33213, 108149, 4411, 16699, 99320, 23845, 34140, 56126]"
112956,"[37872, 36543, 34770, 929, 104140, 74882, 85321, 102831, 54714, 97565]"
112957,"[15599, 53552, 97523, 58462, 19107, 7552, 104956, 6417, 88178, 42112]"
112958,"[31786, 82600, 24441, 89670, 83096, 85225, 95569, 5198, 105596, 105668]"
112959,"[106535, 9824, 73051, 53101, 20250, 15167, 104370, 53335, 95496, 57310]"
112960,"[14681, 50347, 105201, 45670, 46841, 39982, 41035, 40787, 52821, 103772]"
112961,"[108095, 11749, 46349, 23342, 45304, 59302, 22636, 38354, 72965, 101711]"
112962,"[16101, 24080, 77777, 60526, 798, 95459, 67671, 90013, 41130, 26973]"
112963,"[60012, 83935, 9446, 96077, 72504, 60434, 60890, 52755, 56940, 89833]"
112964,"[60631, 42218, 44606, 3136, 30127, 38765, 47140, 92045, 51364, 105751]"
112965,"[93092, 39985, 525, 65614, 107015, 71127, 2938, 20114, 28904, 100944]"
112966,"[105059, 46261, 65163, 61595, 23742, 51019, 41549, 5937, 106692, 47800]"
112967,"[102422, 80923, 20543, 34274, 68872, 74809, 74383, 67292, 9743, 76355]"
112968,"[35253, 20050, 70651, 60822, 4009, 54172, 95753, 51966, 37324, 98540]"
112969,"[47687, 25216, 14112, 6476, 68697, 52032, 86476, 8106, 101270, 78206]"
112970,"[62531, 104066, 89491, 70164, 29380, 18023, 103140, 85184, 92978, 101330]"
112971,"[279, 17087, 27698, 59611, 55408, 50346, 51655, 2679, 65317, 87758]"
112972,"[29525, 84878, 99382, 28593, 275, 17407, 81084, 82486, 18072, 6346]"
112973,"[91174, 43013, 103900, 96175, 75183, 5706, 89680, 61032, 73119, 17196]"
112974,"[55215, 48832, 55520, 81374, 16210, 8684, 34598, 12266, 71867, 82708]"
112975,"[82061, 13674, 77066, 57199, 93637, 24574, 59063, 61743, 56701, 9966]"
112976,"[64941, 23548, 28965, 2933, 70115, 16575, 81996, 72175, 46004, 9052]"
112977,"[8552, 15285, 96656, 52601, 40958, 72511, 28197, 91264, 105352, 102429]"
112978,"[18443, 41266, 75094, 8642, 77568, 95591, 105110, 80407, 37406, 42998]"
112979,"[5246, 2558, 65278, 40703, 57009, 108839, 62278, 51457, 82024, 18265]"
112980,"[107308, 57858, 82412, 36557, 74492, 75533, 99155, 65867, 17613, 69204]"
112981,"[90817, 62776, 16942, 20304, 101212, 34705, 69396, 86626, 46315, 62453]"
112982,"[47235, 31946, 49309, 19699, 48970, 17013, 99899, 28286, 74854, 3244]"
112983,"[15623, 97691, 24268, 1684, 11358, 52367, 108957, 17202, 26869, 650]"
112984,"[69576, 84299, 108553, 50279, 109746, 6746, 57153, 94225, 57191, 20201]"
112985,"[4429, 32618, 56207, 20248, 95555, 68373, 39118, 28854, 24508, 44661]"
112986,"[42857, 58728, 86681, 25178, 68951, 81781, 65668, 40443, 17647, 106260]"
112987,"[46651, 63671, 99640, 20010, 47762, 102049, 84546, 84289, 58865, 101943]"
112988,"[63641, 88587, 63961, 16822, 101491, 98475, 39929, 2095, 64774, 21208]"
112989,"[28020, 14593, 8742, 961, 13773, 78988, 24110, 69434, 31035, 105049]"
112990,"[65532, 56481, 71007, 61676, 75157, 41964, 9462, 32883, 33123, 6924]"
112991,"[48157, 22564, 78674, 58835, 69153, 321, 62708, 38299, 73723, 26042]"
112992,"[14100, 4241, 17679, 99658, 60729, 82066, 98794, 96041, 12193, 7629]"
112993,"[22958, 107716, 21713, 49440, 61228, 60508, 28511, 63602, 8048, 94178]"
112994,"[41007, 57579, 48535, 11100, 67169, 84159, 56583, 37960, 18157, 37884]"
112995,"[93852, 104195, 78360, 15829, 104591, 63371, 73937, 41333, 62868, 27746]"
112996,"[8893, 13915, 41306, 85723, 77188, 35150, 58548, 66914, 23724, 86827]"
112997,"[19235, 35456, 66548, 100811, 53281, 47572, 88732, 60283, 27292, 66217]"
112998,"[87704, 107417, 17164, 97081, 89905, 29306, 68536, 28654, 31265, 98240]"
112999,"[70790, 4349, 24128, 57203, 108887, 23954, 78241, 96058, 6168, 60416]"
113000,"[94459, 104829, 74988, 50743, 59330, 1264, 26005, 3158, 102650, 105690]"
113001,"[50435, 77278, 78365, 24789, 69633, 11042, 94041, 31586, 31369, 75581]"
113002,"[41182, 14171, 74026, 33190, 96786, 97038, 2347, 35690, 88605, 77012]"
113003,"[91760, 13847, 85069, 64241, 80312, 9701, 62859, 105425, 70658, 74643]"
113004,"[25055, 78813, 49282, 98307, 27843, 84638, 21036, 659, 52988, 63445]"
113005,"[91907, 104700, 93803, 8558, 76274, 11726, 103515, 98579, 47900, 48762]"
113006,"[45569, 15367, 29714, 57545, 87725, 88801, 61774, 61654, 100566, 95288]"
113007,"[3149, 2360, 39740, 49929, 44100, 79617, 51596, 38390, 25287, 98767]"
113008,"[69777, 97805, 37582, 37563, 56489, 107044, 92338, 76937, 92860, 105655]"
113009,"[1397, 30612, 31763, 41426, 77359, 80413, 39339, 86240, 46427, 42491]"
113010,"[104767, 47271, 20700, 88619, 74262, 87356, 37220, 24214, 70241, 109417]"
113011,"[27913, 33069, 96779, 73905, 49154, 53551, 72339, 44542, 90546, 104346]"
113012,"[67445, 2997, 36318, 36225, 22709, 35776, 105318, 42890, 10161, 59460]"
113013,"[106301, 6061, 38906, 68662, 51581, 42079, 108564, 18128, 22960, 15137]"
113014,"[76140, 47338, 32705, 62986, 87993, 73945, 35372, 48320, 32375, 93712]"
113015,"[74002, 107517, 44512, 29980, 60999, 103196, 44994, 1495, 101745, 12123]"
113016,"[10119, 75853, 43361, 106621, 59285, 56612, 98352, 2673, 40811, 31012]"
113017,"[66829, 41999, 87373, 840, 90256, 51755, 33051, 36861, 93710, 33025]"
113018,"[101457, 33750, 22654, 102403, 27707, 106170, 100587, 76902, 28617, 21671]"
113019,"[14721, 7717, 90876, 8722, 18563, 47074, 100521, 52197, 95792, 816]"
113020,"[32189, 92812, 37505, 44546, 50202, 84352, 39213, 37683, 720, 74944]"
113021,"[36421, 77491, 37408, 50464, 49315, 8254, 61998, 76443, 79551, 46156]"
113022,"[98054, 106504, 25712, 39641, 75814, 22757, 74155, 9711, 80085, 90695]"
113023,"[17840, 53941, 82343, 19492, 72612, 44112, 19692, 56726, 93195, 22326]"
113024,"[105795, 66326, 13763, 38741, 65282, 35681, 101, 91236, 96046, 87247]"
113025,"[73479, 6880, 63211, 93400, 15027, 30475, 19091, 60916, 89179, 109715]"
113026,"[97378, 39368, 12980, 68504, 58444, 63022, 97209, 55084, 94458, 20522]"
113027,"[15912, 25169, 103345, 28467, 93924, 41360, 104461, 31690, 51862, 24012]"
113028,"[94797, 58930, 2608, 109402, 55629, 69398, 71875, 2073, 20677, 43033]"
113029,"[51879, 100628, 2280, 29257, 18148, 34064, 26380, 102300, 25187, 76692]"
113030,"[75522, 1890, 6314, 44289, 105978, 88608, 74089, 49190, 84234, 8395]"
113031,"[49041, 33333, 12396, 25770, 51509, 62512, 100747, 91625, 41669, 104636]"
113032,"[96805, 22048, 97743, 7657, 19680, 97537, 65673, 16830, 89828, 8650]"
113033,"[71700, 61332, 45819, 102918, 54441, 79361, 17245, 10304, 20324, 88803]"
113034,"[62867, 10328, 23957, 64724, 94963, 84415, 38043, 20554, 62210, 58087]"
113035,"[54353, 12212, 92823, 81627, 102758, 71829, 77985, 84000, 24873, 27554]"
113036,"[23399, 10770, 27301, 88364, 76314, 10044, 84049, 61445, 84270, 80784]"
113037,"[15304, 53387, 105116, 107296, 31548, 80804, 62115, 90063, 16159, 31855]"
113038,"[28197, 8552, 15285, 91264, 95483, 105352, 72511, 96656, 40958, 68217]"
113039,"[44649, 85459, 77805, 63834, 89003, 74377, 24182, 28979, 98315, 109126]"
113040,"[57686, 31247, 43643, 53276, 58365, 35952, 87112, 102452, 44858, 81442]"
113041,"[74045, 87174, 90300, 89127, 26126, 11441, 35687, 28356, 53558, 11116]"
113042,"[42476, 83569, 45602, 91315, 32063, 32858, 1535, 79655, 8321, 60682]"
113043,"[23806, 45739, 99595, 41961, 107591, 67103, 22839, 67, 37559, 49701]"
113044,"[28090, 64302, 15003, 2165, 24376, 62602, 109549, 48538, 4891, 77175]"
113045,"[17413, 32183, 101357, 67808, 93263, 31283, 98006, 66808, 32373, 97184]"
113046,"[21764, 40896, 73613, 33373, 79211, 12670, 79259, 22155, 45455, 8940]"
113047,"[4746, 96210, 74815, 60086, 105794, 42455, 21633, 53847, 62301, 38213]"
113048,"[66562, 27822, 60010, 102037, 6147, 13471, 979, 41506, 61164, 532]"
113049,"[45624, 108086, 783, 47552, 105579, 33237, 2594, 40888, 21703, 80779]"
113050,"[62386, 36018, 44301, 58790, 26802, 85191, 27153, 53433, 40022, 48092]"
113051,"[47946, 55935, 19346, 72296, 42749, 107699, 21649, 16859, 34205, 79198]"
113052,"[109248, 28169, 1411, 89466, 67116, 92819, 46379, 99184, 4523, 54278]"
113053,"[56999, 81582, 53878, 99591, 16972, 633, 750, 43318, 12324, 92158]"
113054,"[91288, 8115, 103370, 42347, 87779, 55660, 51957, 40807, 29105, 54688]"
113055,"[27459, 53429, 98481, 58334, 42111, 102090, 108748, 29095, 101169, 990]"
113056,"[9432, 50716, 86164, 72718, 67956, 12380, 96098, 64034, 78372, 66263]"
113057,"[87369, 20201, 2189, 99080, 76058, 77168, 92008, 105160, 85692, 80431]"
113058,"[56985, 30667, 63869, 27491, 13748, 72188, 7941, 5176, 13186, 32401]"
113059,"[106380, 91598, 26614, 103106, 14050, 52171, 59123, 63751, 26619, 8839]"
113060,"[10555, 20881, 77273, 4393, 52693, 91894, 77517, 56841, 73208, 60167]"
113061,"[13929, 17768, 460, 6776, 98209, 46704, 84709, 89170, 50424, 10209]"
113062,"[46415, 9329, 101825, 64107, 48359, 92248, 6488, 12302, 49665, 15495]"
113063,"[102268, 101611, 73353, 93225, 6335, 21441, 77269, 28399, 12808, 44068]"
113064,"[29515, 32421, 21710, 83132, 92829, 82234, 1287, 38002, 703, 34711]"
113065,"[48291, 90568, 18206, 11640, 91868, 31319, 60064, 13128, 76527, 24963]"
113066,"[26606, 41027, 34433, 22990, 61923, 102478, 83191, 98608, 86933, 59351]"
113067,"[82218, 48940, 32580, 60175, 38195, 102025, 52041, 48240, 1351, 11838]"
113068,"[38567, 52737, 32061, 54552, 92825, 64834, 55184, 15132, 58904, 70995]"
113069,"[20617, 24299, 73297, 86197, 80145, 19967, 78973, 97970, 67078, 36703]"
113070,"[33202, 43436, 77881, 39650, 26972, 65950, 59758, 67797, 106651, 44142]"
113071,"[40245, 83572, 23689, 66637, 43261, 41965, 3481, 81363, 15273, 73800]"
113072,"[78965, 17873, 84489, 56407, 10127, 62064, 101178, 82701, 4077, 81453]"
113073,"[40958, 95483, 62218, 8552, 15285, 64636, 68311, 93303, 96656, 105352]"
113074,"[35022, 75016, 45416, 68299, 82059, 68702, 45786, 43828, 47911, 54995]"
113075,"[7470, 4462, 17934, 59028, 82856, 74642, 29600, 28429, 92663, 32290]"
113076,"[91748, 33644, 66109, 71777, 105996, 93652, 26316, 95787, 61054, 89426]"
113077,"[70078, 4447, 11112, 95686, 35031, 52815, 86533, 70547, 12918, 26628]"
113078,"[17574, 69485, 39542, 64726, 28898, 95534, 35311, 46891, 45244, 3991]"
113079,"[92702, 19186, 70037, 104798, 10982, 54847, 36645, 69897, 12434, 33862]"
113080,"[33098, 103153, 76652, 42527, 28489, 81413, 93811, 81812, 96287, 85128]"
113081,"[55495, 101457, 21671, 55616, 99129, 27707, 101977, 106170, 19983, 76902]"
113082,"[93494, 108370, 107894, 98291, 95676, 92602, 17730, 58758, 49657, 41913]"
113083,"[106030, 64478, 101789, 70619, 17937, 106042, 16272, 14252, 52415, 91826]"
113084,"[17721, 101730, 21253, 78340, 90533, 84262, 24145, 108777, 20805, 27145]"
113085,"[85491, 42592, 46032, 20714, 48764, 16361, 106175, 97076, 48172, 59015]"
113086,"[21634, 85817, 11019, 97861, 46442, 23039, 60066, 101956, 23734, 80665]"
113087,"[84960, 82167, 62371, 88478, 40113, 99353, 28811, 103549, 23007, 13495]"
113088,"[31538, 96577, 70457, 45683, 28213, 60848, 26090, 43959, 17714, 58013]"
113089,"[102183, 49410, 71221, 105343, 39538, 46243, 72861, 49717, 48619, 67869]"
113090,"[108404, 32321, 89647, 85920, 16710, 47637, 18328, 77516, 90635, 52517]"
113091,"[104637, 97681, 61413, 103075, 41162, 101774, 58026, 12408, 92830, 82465]"
113092,"[104494, 87191, 59085, 13027, 36218, 38971, 44716, 106814, 25316, 104175]"
113093,"[30509, 81416, 88962, 99811, 20264, 96222, 1731, 97459, 99532, 3890]"
113094,"[83756, 9774, 59588, 34286, 74257, 92306, 66016, 76736, 7773, 23856]"
113095,"[26494, 76994, 81454, 59281, 104692, 77536, 54839, 28689, 4548, 106142]"
113096,"[19495, 104657, 92778, 65875, 29681, 8086, 19444, 39326, 23649, 76342]"
113097,"[37955, 94703, 34885, 39997, 92797, 18886, 18475, 38713, 23467, 105600]"
113098,"[7284, 101253, 56788, 55825, 6315, 72154, 105419, 44811, 43588, 71882]"
113099,"[108366, 80269, 55150, 82728, 19191, 103136, 64050, 38747, 68073, 101480]"
113100,"[100591, 17539, 7737, 2331, 51011, 88491, 105665, 28490, 92506, 26299]"
113101,"[12842, 40160, 4382, 33866, 63876, 108376, 61906, 87018, 8064, 67013]"
113102,"[55153, 52921, 45004, 79313, 107762, 60746, 66812, 107955, 83333, 60640]"
113103,"[97256, 43070, 42635, 23349, 44522, 18403, 80467, 37321, 39652, 1387]"
113104,"[92334, 29269, 37035, 42008, 74299, 80625, 41956, 43419, 20598, 66278]"
113105,"[99019, 59906, 69519, 85064, 21989, 65608, 54114, 101355, 74888, 29740]"
113106,"[45498, 29902, 77343, 2554, 76805, 67209, 40147, 106585, 191, 18114]"
113107,"[34963, 46751, 49863, 14474, 2928, 89285, 1074, 107703, 89765, 94610]"
113108,"[86990, 108357, 70158, 40460, 95228, 118, 70192, 49807, 40728, 7767]"
113109,"[54081, 21041, 60258, 72785, 13275, 37215, 296, 38562, 80337, 48404]"
113110,"[45522, 45128, 47890, 14726, 37869, 9534, 37046, 103130, 9302, 22785]"
113111,"[93236, 52362, 98430, 12030, 27312, 7661, 16556, 64319, 35022, 96832]"
113112,"[103933, 49409, 67007, 42930, 58648, 33320, 73638, 91764, 66765, 82336]"
113113,"[55613, 92108, 1622, 108363, 79858, 67366, 53181, 91689, 66845, 83128]"
113114,"[78950, 3013, 24474, 92677, 63119, 45663, 95832, 74769, 70938, 80030]"
113115,"[49990, 98196, 94507, 35108, 106570, 24751, 63565, 35209, 62349, 105237]"
113116,"[41739, 18734, 88536, 109656, 102456, 27886, 88299, 102942, 18434, 94266]"
113117,"[84083, 1795, 101311, 27959, 59161, 77381, 54022, 43160, 67498, 60247]"
113118,"[92912, 5714, 102872, 92975, 74728, 60808, 32204, 108348, 81645, 6001]"
113119,"[107009, 39179, 49885, 8143, 57278, 84301, 8626, 46397, 64092, 25512]"
113120,"[80132, 18492, 8605, 8129, 69354, 33895, 36738, 42031, 85555, 25100]"
113121,"[74398, 88285, 40636, 42657, 25848, 57931, 71323, 40670, 50379, 108834]"
113122,"[33705, 10434, 56269, 69123, 77693, 93104, 66360, 67913, 83184, 22093]"
113123,"[75872, 60392, 48568, 14175, 25711, 66555, 3862, 58769, 98570, 73947]"
113124,"[50064, 2284, 99883, 49921, 1151, 74380, 39667, 26901, 94139, 69331]"
113125,"[13059, 76541, 57026, 106107, 107396, 32547, 39101, 78657, 46823, 21681]"
113126,"[77335, 72107, 6788, 57534, 58743, 24798, 49638, 26124, 55317, 62289]"
113127,"[45754, 10551, 56012, 43501, 81176, 64272, 84132, 17189, 69272, 56849]"
113128,"[94293, 109524, 45590, 73583, 20903, 64834, 29450, 73863, 38567, 32200]"
113129,"[56051, 30306, 48686, 37522, 107146, 62942, 46054, 104060, 64824, 48731]"
113130,"[75998, 105959, 100597, 77237, 95001, 87641, 76463, 19375, 99244, 101973]"
113131,"[37516, 18835, 5774, 1682, 19181, 108996, 22949, 47914, 4064, 105435]"
113132,"[82371, 31727, 88939, 75964, 85454, 78278, 36828, 99170, 85067, 99744]"
113133,"[17997, 30749, 81699, 84828, 76960, 12743, 19799, 27715, 43839, 55553]"
113134,"[38548, 98073, 39963, 23813, 68053, 102543, 86793, 20704, 36335, 94349]"
113135,"[18942, 63262, 102531, 90057, 76166, 86932, 24804, 103695, 39258, 4048]"
113136,"[98349, 30983, 103488, 31451, 63868, 14787, 28194, 5314, 101155, 35759]"
113137,"[17282, 13792, 19051, 77463, 101913, 48550, 43026, 21372, 17141, 97369]"
113138,"[72518, 55565, 40924, 82403, 66472, 97260, 47903, 52540, 43739, 69435]"
113139,"[65717, 21137, 81586, 109390, 43955, 102569, 30470, 68550, 94241, 85178]"
113140,"[99076, 13376, 71106, 50236, 80535, 44840, 5955, 101428, 22686, 23044]"
113141,"[42129, 65723, 73864, 95306, 17053, 27520, 22466, 25448, 91334, 76786]"
113142,"[73109, 108055, 79193, 47426, 3478, 12979, 78935, 92681, 67901, 104876]"
113143,"[19249, 5762, 22049, 101074, 98690, 9594, 89666, 108342, 20306, 20948]"
113144,"[64163, 95821, 46110, 68271, 36790, 56629, 98221, 104359, 14286, 23491]"
113145,"[25529, 26575, 68057, 91435, 6759, 78606, 104083, 92783, 29220, 70112]"
113146,"[55905, 66599, 26527, 105645, 81545, 37889, 80077, 36415, 11758, 31285]"
113147,"[33084, 47128, 52181, 834, 95463, 32251, 67129, 39465, 8288, 107428]"
113148,"[106085, 58039, 80648, 68663, 42942, 90072, 585, 45750, 24700, 3932]"
113149,"[33454, 94022, 30203, 94341, 38553, 57314, 88021, 79151, 96191, 35934]"
113150,"[19366, 4276, 98140, 73993, 2224, 77704, 54241, 109437, 29703, 92877]"
113151,"[40698, 22041, 24494, 66447, 60239, 93510, 52087, 98242, 35298, 84747]"
113152,"[91968, 12969, 45577, 93497, 40917, 18018, 86120, 31392, 69558, 79476]"
113153,"[73722, 47228, 8544, 109267, 85337, 16378, 108975, 18277, 19705, 53590]"
113154,"[50024, 92600, 30992, 52735, 55406, 55093, 100358, 12340, 70337, 106248]"
113155,"[21170, 64284, 82543, 41226, 72723, 47618, 49724, 7803, 68285, 25103]"
113156,"[39698, 41555, 106381, 96683, 103535, 49988, 37271, 26236, 56501, 100580]"
113157,"[80654, 76335, 65045, 6227, 89114, 53881, 43541, 78948, 102071, 1515]"
113158,"[46583, 27852, 89139, 9299, 11053, 4231, 24371, 17106, 23557, 104532]"
113159,"[89589, 53771, 24525, 32995, 67540, 79616, 12753, 49819, 30823, 93630]"
113160,"[61174, 104976, 102433, 84819, 6543, 38155, 2134, 6362, 76728, 73704]"
113161,"[100438, 97758, 10326, 6081, 68388, 96262, 4992, 275, 40175, 61402]"
113162,"[90077, 42345, 16314, 51299, 97704, 82941, 18573, 109456, 79359, 83367]"
113163,"[109588, 10775, 91305, 101711, 23166, 486, 74371, 75933, 20198, 66023]"
113164,"[69151, 30582, 86799, 70395, 90792, 86469, 62027, 11866, 97846, 89149]"
113165,"[88733, 109115, 13620, 8762, 63937, 103013, 73551, 37291, 8905, 16798]"
113166,"[22295, 96942, 44464, 83428, 29698, 78871, 72597, 46734, 75845, 16986]"
113167,"[75092, 77614, 83335, 75065, 21031, 55289, 7516, 6661, 12096, 32737]"
113168,"[89871, 10238, 71185, 43520, 72733, 3904, 106618, 105487, 73788, 59938]"
113169,"[70940, 11344, 31060, 22937, 83975, 51370, 92910, 8078, 80101, 107962]"
113170,"[15400, 39166, 87502, 104802, 6553, 82867, 100260, 59731, 84802, 4454]"
113171,"[19549, 39110, 89769, 50076, 31474, 79855, 53951, 29569, 54738, 65341]"
113172,"[94048, 10016, 25314, 108399, 44523, 99049, 61345, 96683, 11057, 11110]"
113173,"[100869, 44141, 79317, 78677, 104558, 48330, 39919, 75212, 84191, 54300]"
113174,"[41386, 20828, 10261, 54843, 80642, 49786, 93108, 100936, 18921, 64868]"
113175,"[84382, 96843, 1047, 48662, 69679, 20888, 84098, 77702, 86745, 61444]"
113176,"[9979, 87218, 87649, 24402, 37804, 2727, 74794, 28667, 33057, 36343]"
113177,"[4638, 79588, 69097, 3790, 2550, 98983, 49033, 105948, 9692, 63140]"
113178,"[88635, 56599, 84274, 9252, 62685, 45648, 19722, 106179, 92037, 10496]"
113179,"[106447, 42365, 46583, 94959, 27852, 89139, 33910, 15465, 85944, 66093]"
113180,"[83259, 68545, 72937, 21459, 10487, 52465, 69972, 56605, 49234, 67102]"
113181,"[49685, 5472, 63732, 31298, 15138, 43156, 43474, 47599, 90107, 72376]"
113182,"[51479, 91463, 14153, 15409, 93647, 16302, 31677, 39221, 74629, 51247]"
113183,"[103443, 84051, 9558, 100719, 91292, 43490, 9811, 68587, 52425, 30660]"
113184,"[2165, 48538, 36888, 34992, 4891, 75607, 15003, 28090, 4605, 60984]"
113185,"[37819, 6205, 103886, 61427, 19107, 65937, 18705, 87903, 19028, 43345]"
113186,"[75699, 75319, 7096, 11882, 95238, 61273, 32373, 15415, 6809, 92030]"
113187,"[38962, 32611, 107245, 5994, 30137, 59944, 56653, 2106, 97595, 101504]"
113188,"[45137, 57476, 71731, 91228, 40052, 10601, 35081, 78858, 56937, 97810]"
113189,"[56945, 22610, 73437, 33466, 102132, 48504, 84540, 10449, 54822, 14861]"
113190,"[23291, 93830, 34966, 82897, 67621, 31452, 72962, 21518, 62969, 47046]"
113191,"[72694, 27228, 67010, 102371, 4383, 85756, 92292, 53237, 81791, 82715]"
113192,"[78121, 22254, 100073, 50154, 35944, 47199, 32537, 16122, 81874, 97817]"
113193,"[104620, 50755, 33579, 35545, 45917, 636, 76345, 82859, 55809, 84516]"
113194,"[9090, 7377, 35136, 19149, 70240, 32575, 96976, 27315, 16787, 55461]"
113195,"[91902, 92252, 10110, 43217, 15391, 87659, 97331, 34457, 81229, 78854]"
113196,"[87009, 36005, 104641, 77585, 27174, 67522, 109628, 14135, 18462, 76503]"
113197,"[95327, 56487, 33782, 34480, 101555, 57921, 2778, 84505, 31696, 14032]"
113198,"[29250, 91089, 54948, 92766, 79056, 84371, 87410, 42000, 57726, 92661]"
113199,"[10539, 3888, 75449, 18628, 65378, 99730, 16987, 1789, 51147, 13812]"
113200,"[102647, 35008, 17701, 100780, 28082, 41016, 522, 21697, 103236, 16597]"
113201,"[103178, 29413, 27513, 102688, 84202, 77678, 16326, 30464, 91946, 40560]"
113202,"[36254, 1481, 107138, 80533, 20466, 7220, 38569, 63693, 93339, 51573]"
113203,"[30813, 74781, 107761, 61281, 41702, 86343, 75751, 6712, 50054, 99275]"
113204,"[46933, 7100, 64393, 45402, 63390, 41598, 50061, 37820, 3656, 37293]"
113205,"[37683, 44546, 39213, 32505, 33222, 32189, 56315, 29252, 71368, 103949]"
113206,"[90323, 35354, 73422, 78014, 38897, 14749, 56287, 70444, 727, 95908]"
113207,"[16097, 97088, 55917, 52783, 107059, 47938, 15771, 8154, 82606, 75243]"
113208,"[99645, 2774, 103520, 50810, 62450, 50908, 7624, 5954, 86675, 85424]"
113209,"[67282, 46300, 91045, 17753, 87346, 18404, 3233, 104522, 28692, 12296]"
113210,"[65054, 5096, 1554, 38418, 54200, 59721, 86868, 79385, 84893, 64454]"
113211,"[974, 18019, 52058, 90054, 96363, 88921, 20470, 86499, 40884, 99808]"
113212,"[67591, 61334, 101431, 98356, 68196, 30766, 89068, 84568, 61245, 53354]"
113213,"[66185, 14421, 76873, 74168, 96109, 51737, 38321, 35809, 20291, 68383]"
113214,"[31265, 69794, 105287, 100362, 99826, 78006, 34, 92942, 68536, 82104]"
113215,"[78442, 42925, 3949, 51981, 103931, 80721, 60279, 108067, 41091, 99737]"
113216,"[13226, 60049, 72565, 33141, 94940, 93898, 24357, 11695, 72420, 69135]"
113217,"[5232, 3716, 2090, 37636, 9316, 30327, 48716, 66759, 108871, 15177]"
113218,"[77718, 32601, 100478, 40418, 83745, 1392, 69881, 30277, 78197, 45125]"
113219,"[62295, 2403, 47465, 107590, 12353, 95250, 21968, 15229, 15394, 85313]"
113220,"[54409, 87682, 38424, 56750, 61319, 50160, 17136, 71407, 66880, 52884]"
113221,"[11300, 92223, 60667, 54753, 20712, 77911, 49541, 101523, 108433, 29914]"
113222,"[50423, 16048, 85545, 74109, 12293, 12387, 89458, 107963, 43662, 72377]"
113223,"[61534, 15606, 80761, 38756, 55081, 40018, 109775, 32157, 10009, 31510]"
113224,"[99296, 91739, 54568, 72663, 13437, 1374, 65774, 61061, 23206, 12814]"
113225,"[33749, 99045, 68522, 57055, 58993, 24361, 86302, 26446, 72928, 23950]"
113226,"[107858, 49899, 109772, 16305, 18749, 59369, 3582, 54593, 74633, 46894]"
113227,"[10860, 62975, 96628, 33388, 15650, 58686, 75542, 103898, 65796, 33522]"
113228,"[46339, 37233, 3342, 26894, 98145, 72272, 35463, 57823, 344, 84525]"
113229,"[75618, 97335, 105534, 95237, 29175, 87272, 25305, 85220, 72816, 101287]"
113230,"[13326, 105541, 91812, 48834, 81222, 13243, 18308, 56635, 108882, 75244]"
113231,"[29988, 15662, 92391, 22977, 97515, 7119, 78862, 10531, 101694, 72427]"
113232,"[10219, 55496, 60015, 88332, 69187, 48644, 65601, 94917, 12351, 70955]"
113233,"[78352, 50, 65938, 60901, 13302, 10329, 8758, 101889, 44281, 30897]"
113234,"[31286, 87933, 40892, 28518, 84466, 84613, 92728, 44530, 51286, 39848]"
113235,"[72496, 14436, 69030, 36900, 72763, 97518, 108691, 13878, 91423, 50468]"
113236,"[79248, 14035, 49939, 27092, 51840, 13719, 15600, 31969, 104322, 63001]"
113237,"[95065, 105043, 10953, 95684, 52812, 82771, 57750, 13265, 16255, 18708]"
113238,"[74997, 21481, 83146, 109033, 53229, 6191, 41507, 77632, 58250, 58044]"
113239,"[47596, 107511, 18495, 69183, 8015, 48954, 106841, 45897, 96502, 64512]"
113240,"[32167, 59847, 5134, 68717, 53545, 16158, 90516, 67914, 18439, 75393]"
113241,"[62412, 103808, 21837, 5840, 9729, 102335, 100041, 61985, 8360, 6684]"
113242,"[27508, 57707, 109135, 66761, 13174, 37050, 21491, 52033, 8145, 10230]"
113243,"[12694, 43363, 5662, 46158, 105284, 66345, 4535, 66563, 53104, 101987]"
113244,"[84290, 53332, 49739, 107722, 93316, 13547, 69051, 13553, 21783, 22733]"
113245,"[10687, 59412, 95901, 49503, 75544, 26842, 95819, 32929, 69529, 13384]"
113246,"[41607, 64589, 52855, 96147, 92231, 6852, 91638, 3463, 89560, 70584]"
113247,"[75519, 7674, 87778, 48345, 96668, 20096, 90618, 100009, 43118, 47593]"
113248,"[81514, 109273, 29351, 104223, 36375, 29826, 26135, 15288, 18793, 54392]"
113249,"[66468, 89328, 2030, 48633, 86425, 78966, 74718, 99934, 11622, 45081]"
113250,"[42513, 93247, 24859, 67285, 75569, 78668, 40540, 24033, 331, 86113]"
113251,"[23324, 96958, 11919, 64289, 91119, 108190, 24653, 5693, 42679, 99304]"
113252,"[76176, 2724, 99721, 32334, 61594, 19181, 66696, 84965, 56357, 99136]"
113253,"[4618, 89012, 50489, 68335, 50724, 8200, 92572, 42122, 8737, 49134]"
113254,"[91640, 33330, 105710, 106089, 80719, 3132, 21636, 3756, 50073, 25566]"
113255,"[35337, 79771, 53358, 17643, 8784, 39547, 87750, 24913, 29240, 42618]"
113256,"[108646, 21365, 7771, 42860, 11663, 25545, 81343, 37860, 92621, 27801]"
113257,"[16140, 9650, 102025, 2572, 102087, 48435, 17138, 74659, 60175, 4783]"
113258,"[36639, 54598, 4848, 75817, 21728, 79532, 37273, 99720, 42779, 32201]"
113259,"[21718, 65203, 43096, 8299, 51833, 7766, 108452, 39150, 79704, 2927]"
113260,"[15884, 37161, 7058, 42224, 20138, 30447, 88124, 44154, 74177, 81565]"
113261,"[96398, 99012, 34363, 6577, 105456, 102450, 98741, 50319, 14716, 98187]"
113262,"[359, 83183, 24390, 39942, 29057, 59122, 54919, 36797, 15299, 89604]"
113263,"[46315, 47819, 35257, 58395, 46702, 17637, 97949, 58095, 35060, 44305]"
113264,"[82751, 89851, 4105, 106075, 26309, 41782, 107685, 87353, 33000, 96851]"
113265,"[20848, 89191, 109261, 40060, 68844, 102034, 60804, 96776, 99116, 60377]"
113266,"[61363, 5723, 87748, 47959, 62171, 63517, 29347, 56471, 36810, 60184]"
113267,"[44371, 42623, 39048, 60315, 67240, 34442, 13477, 74302, 426, 34638]"
113268,"[88903, 80636, 63938, 31645, 42303, 89242, 92961, 36450, 94868, 35589]"
113269,"[20586, 20214, 45016, 102455, 46816, 59093, 44206, 56379, 14395, 72147]"
113270,"[105246, 107265, 89969, 87182, 43412, 59127, 18995, 2096, 41045, 55254]"
113271,"[63012, 103431, 9567, 32441, 20713, 42463, 96487, 3989, 36721, 74195]"
113272,"[106928, 105887, 39198, 69057, 91690, 65758, 69793, 66237, 47343, 31179]"
113273,"[100369, 77349, 31595, 2695, 63359, 33191, 55584, 102213, 55021, 32206]"
113274,"[48759, 50535, 95252, 5162, 94854, 1771, 7957, 74573, 73166, 30594]"
113275,"[30512, 103504, 5971, 13594, 35041, 40237, 96815, 55321, 59880, 34235]"
113276,"[8974, 87371, 44419, 72260, 73221, 33744, 21301, 81543, 103582, 77524]"
113277,"[66080, 4158, 11020, 25558, 20131, 19643, 84008, 7435, 83007, 65868]"
113278,"[76045, 56151, 26660, 58052, 75137, 97499, 32282, 109577, 80125, 32849]"
113279,"[55007, 62106, 79684, 21406, 91405, 52654, 69345, 34463, 47882, 60836]"
113280,"[44537, 35651, 82997, 65665, 93706, 107615, 67533, 94739, 832, 70267]"
113281,"[47402, 51808, 95550, 63717, 7676, 82151, 66803, 80095, 40351, 16390]"
113282,"[31227, 67220, 85773, 91230, 63708, 12642, 76468, 72739, 107534, 92424]"
113283,"[3736, 82533, 69292, 3179, 10275, 52395, 39550, 94514, 64712, 1425]"
113284,"[89377, 100718, 104833, 61406, 58848, 83952, 1618, 71369, 60037, 27580]"
113285,"[75578, 9949, 56491, 38709, 46224, 83851, 46637, 60608, 13311, 104306]"
113286,"[10678, 52585, 47151, 25959, 103672, 6409, 65516, 28075, 53059, 45974]"
113287,"[29919, 86552, 40901, 37710, 60334, 61575, 25254, 37423, 71924, 77642]"
113288,"[42529, 7600, 97783, 98311, 103287, 34656, 8506, 47458, 29303, 90464]"
113289,"[47132, 63421, 106129, 11807, 12210, 91447, 41211, 31125, 79019, 45980]"
113290,"[95921, 25788, 56037, 50797, 66966, 104688, 26746, 81509, 86711, 8986]"
113291,"[64174, 4702, 109221, 69781, 59737, 55142, 100896, 65631, 66594, 18814]"
113292,"[8401, 14154, 36476, 11732, 77450, 13480, 65228, 72811, 108743, 70626]"
113293,"[84385, 57985, 8114, 15845, 105013, 18714, 18447, 88314, 104331, 40643]"
113294,"[29361, 28103, 22499, 101900, 6335, 58047, 64844, 31390, 29165, 37416]"
113295,"[58264, 64921, 45228, 17067, 3194, 54419, 65787, 6438, 39588, 35478]"
113296,"[70362, 91601, 85330, 103547, 25968, 96263, 19622, 3960, 80252, 34970]"
113297,"[41839, 92055, 50444, 82505, 22226, 37069, 97943, 84958, 30235, 51410]"
113298,"[19615, 49110, 79026, 959, 103709, 21643, 74025, 43907, 84185, 64537]"
113299,"[75412, 107067, 55699, 30652, 85289, 70605, 83967, 27412, 57043, 47609]"
113300,"[2749, 62083, 13677, 35089, 26642, 94589, 83275, 72752, 2247, 19243]"
113301,"[18261, 104484, 4188, 47147, 84198, 69907, 4304, 109498, 59612, 105993]"
113302,"[26947, 10489, 17834, 26473, 30592, 5444, 12155, 48196, 25211, 2078]"
113303,"[25973, 12945, 676, 15224, 78390, 88231, 21991, 107097, 39495, 39782]"
113304,"[5687, 99237, 53861, 81209, 6274, 19630, 87900, 41616, 59857, 22858]"
113305,"[106683, 92224, 20090, 95593, 31936, 26721, 108471, 101129, 17545, 102807]"
113306,"[47065, 48005, 12411, 42319, 37042, 40127, 20981, 934, 41494, 57401]"
113307,"[56611, 100006, 98487, 109634, 104668, 32679, 5814, 57966, 48003, 44564]"
113308,"[12662, 80151, 7190, 104648, 13157, 72273, 80975, 6644, 2542, 97486]"
113309,"[72625, 56098, 7979, 27864, 108611, 81542, 9776, 103600, 24198, 16689]"
113310,"[70389, 104454, 67351, 38992, 52757, 19158, 50872, 11869, 72117, 94555]"
113311,"[57218, 76777, 49547, 81494, 59446, 79517, 70802, 97343, 64847, 78621]"
113312,"[44980, 82450, 56936, 15509, 108627, 89900, 57861, 26039, 69444, 105449]"
113313,"[37505, 32189, 92812, 720, 29252, 9096, 37683, 2265, 101571, 33222]"
113314,"[70917, 38355, 20582, 107103, 84006, 97389, 73024, 60423, 88100, 20625]"
113315,"[84940, 71973, 44515, 35757, 75608, 94498, 13936, 56767, 96252, 82276]"
113316,"[82135, 40602, 96174, 105712, 92908, 75, 34544, 64965, 52863, 3126]"
113317,"[49606, 34225, 47598, 105323, 35574, 20787, 29100, 22351, 34442, 17456]"
113318,"[16517, 94428, 6287, 38988, 84147, 59377, 89913, 24526, 105704, 35036]"
113319,"[8465, 13393, 72140, 36848, 4007, 84837, 19696, 56918, 18502, 54095]"
113320,"[7368, 78459, 98658, 12542, 61720, 80157, 107421, 17863, 102365, 66867]"
113321,"[1864, 93513, 40564, 27164, 106261, 100080, 99915, 92727, 28216, 10315]"
113322,"[37163, 53355, 79939, 68071, 100915, 107358, 70594, 89700, 3012, 49253]"
113323,"[18710, 43817, 39468, 6950, 56790, 100502, 66173, 79512, 37257, 87810]"
113324,"[36025, 441, 96994, 73558, 104215, 84099, 103290, 29643, 64517, 86842]"
113325,"[105112, 48306, 86819, 21563, 471, 34207, 92135, 25967, 33274, 1257]"
113326,"[61837, 96272, 40324, 72944, 39710, 69835, 35069, 93722, 88170, 99955]"
113327,"[15697, 77940, 29581, 50501, 108367, 36713, 51296, 58286, 54025, 82744]"
113328,"[84217, 88792, 105705, 72682, 65820, 28988, 8609, 32993, 11875, 84725]"
113329,"[65449, 94855, 77116, 36528, 14553, 89366, 108093, 98496, 71161, 154]"
113330,"[46200, 48393, 83536, 64208, 104103, 58594, 55959, 63202, 29201, 43938]"
113331,"[91824, 22868, 84127, 36226, 56649, 68095, 107570, 94390, 14077, 90213]"
113332,"[28380, 26161, 14104, 47715, 31372, 109609, 52838, 70678, 72416, 46695]"
113333,"[21935, 4664, 54520, 81960, 73763, 67810, 48446, 101230, 22493, 70871]"
113334,"[72875, 58251, 50638, 104515, 9604, 8667, 87838, 55290, 89839, 45669]"
113335,"[31416, 106877, 6264, 7586, 23225, 25662, 55785, 17622, 109065, 27677]"
113336,"[52177, 33930, 55278, 66604, 87462, 24692, 94220, 19324, 90414, 65405]"
113337,"[74937, 98995, 59295, 105759, 29717, 89627, 26695, 41131, 31046, 95666]"
113338,"[23897, 95690, 107682, 76748, 54587, 109021, 4220, 89650, 77342, 74849]"
113339,"[55770, 44660, 19233, 93691, 104313, 71657, 44423, 70680, 53614, 9687]"
113340,"[23949, 64878, 61663, 105105, 76300, 1561, 83158, 34993, 88019, 44669]"
113341,"[103293, 92126, 26819, 68347, 41296, 45462, 74405, 70887, 69594, 23667]"
113342,"[29225, 67767, 84938, 40278, 982, 28246, 98811, 52790, 20521, 200]"
113343,"[85460, 75712, 85440, 21439, 35526, 71365, 100503, 32196, 66502, 98881]"
113344,"[27916, 49907, 8410, 33629, 45305, 81393, 65867, 88736, 105684, 1024]"
113345,"[74755, 38495, 109640, 33277, 99446, 61006, 56033, 90760, 14078, 91477]"
113346,"[93434, 67005, 106889, 14161, 93610, 67012, 26978, 105456, 32217, 80279]"
113347,"[75239, 108940, 23237, 84456, 37743, 14717, 50570, 81800, 92124, 77396]"
113348,"[55918, 1418, 84295, 9663, 30852, 23207, 104644, 99656, 482, 11415]"
113349,"[3509, 21992, 74564, 82286, 19478, 6135, 56062, 30947, 87258, 105320]"
113350,"[54075, 32313, 51214, 84960, 71063, 25737, 32461, 10841, 28811, 44156]"
113351,"[62307, 3819, 60157, 108053, 106455, 109429, 77870, 14612, 109612, 91855]"
113352,"[24240, 92963, 92444, 2101, 70829, 35686, 66576, 77608, 9862, 43634]"
113353,"[37771, 55407, 108274, 31404, 97730, 98096, 51815, 101827, 106912, 49462]"
113354,"[97084, 86144, 6736, 59405, 56334, 87193, 79316, 84309, 20411, 10546]"
113355,"[93549, 184, 85162, 21142, 103224, 55242, 107927, 33948, 17847, 7878]"
113356,"[7504, 61814, 55176, 98722, 50655, 105497, 30555, 41836, 74658, 87669]"
113357,"[17225, 57860, 73587, 91311, 89353, 58169, 102089, 93294, 65694, 96589]"
113358,"[93235, 90956, 72634, 80803, 78313, 44489, 26135, 70741, 38781, 36704]"
113359,"[46279, 27110, 27697, 81832, 20396, 65078, 3119, 75060, 81837, 27292]"
113360,"[27504, 72848, 49894, 53665, 92909, 81251, 99499, 103145, 59517, 27296]"
113361,"[37469, 8851, 109339, 60904, 23666, 9153, 616, 48567, 86393, 52502]"
113362,"[48472, 90152, 68975, 56823, 2345, 57354, 1530, 90068, 60822, 88443]"
113363,"[75441, 97054, 58139, 37461, 78059, 29293, 58116, 90562, 8447, 93440]"
113364,"[2276, 97094, 115, 63433, 100449, 67750, 20461, 61696, 89692, 10891]"
113365,"[1549, 99270, 6877, 27971, 106360, 10370, 68895, 19030, 69588, 93809]"
113366,"[78628, 42362, 34334, 106739, 45902, 46765, 5782, 9212, 47015, 34814]"
113367,"[78426, 14591, 10039, 33101, 22226, 37069, 12282, 31869, 29234, 14211]"
113368,"[59876, 95258, 4280, 103737, 64330, 32473, 53819, 14145, 70582, 67818]"
113369,"[29122, 70298, 20343, 60294, 84554, 25582, 33768, 85544, 44975, 81373]"
113370,"[95817, 101588, 30280, 71091, 98009, 7064, 68556, 16050, 98807, 89423]"
113371,"[52427, 61435, 44710, 93221, 60834, 63381, 27199, 80831, 98956, 35605]"
113372,"[21882, 58167, 90260, 86524, 99471, 57317, 1598, 2688, 62272, 82009]"
113373,"[41704, 37476, 40478, 37272, 37367, 92740, 79067, 7890, 102951, 88288]"
113374,"[52558, 12748, 67950, 25261, 44220, 62112, 94425, 21455, 65260, 9934]"
113375,"[72667, 68521, 62864, 66008, 83995, 38648, 3014, 41316, 19202, 94712]"
113376,"[52070, 100295, 4920, 20383, 49370, 87906, 92504, 100755, 42967, 102997]"
113377,"[42127, 32379, 23674, 41923, 42225, 52054, 59529, 10859, 78158, 59796]"
113378,"[2375, 104632, 39301, 76044, 16276, 78420, 22577, 23539, 104303, 58320]"
113379,"[86066, 5203, 50450, 21938, 39616, 78065, 54397, 41433, 57977, 42971]"
113380,"[16831, 104744, 105875, 83956, 28168, 96873, 82534, 77205, 76968, 52665]"
113381,"[47619, 2373, 63319, 1874, 9693, 62451, 21609, 29560, 42607, 57910]"
113382,"[59976, 73996, 3927, 25226, 96878, 64467, 46754, 82564, 98490, 17845]"
113383,"[20719, 27865, 66700, 20226, 94741, 43316, 95387, 33587, 73066, 70699]"
113384,"[39345, 31310, 75889, 97520, 92642, 78804, 18246, 107161, 23408, 83796]"
113385,"[48423, 70980, 34360, 14529, 74905, 34198, 44958, 85392, 3032, 91922]"
113386,"[82320, 73486, 9074, 41583, 22511, 50233, 57018, 96221, 54940, 86053]"
113387,"[32218, 34120, 46858, 3009, 22373, 57030, 16255, 10953, 11266, 47311]"
113388,"[21903, 42256, 4221, 8981, 44790, 57769, 13383, 56009, 76809, 50438]"
113389,"[101880, 101900, 22499, 48024, 70725, 2326, 28899, 220, 983, 94344]"
113390,"[64713, 47417, 23977, 42541, 68051, 81032, 94773, 49394, 106778, 8976]"
113391,"[97524, 45950, 87949, 109240, 18434, 94266, 55075, 13248, 38620, 63230]"
113392,"[39542, 69485, 46891, 3991, 17574, 46353, 28898, 19028, 87903, 74562]"
113393,"[7073, 51105, 4031, 67828, 87960, 56142, 66391, 15239, 61432, 99114]"
113394,"[25544, 108558, 6222, 38055, 45695, 15506, 33838, 62764, 90973, 56321]"
113395,"[32712, 53052, 83915, 107902, 43509, 43174, 82310, 45334, 31558, 5718]"
113396,"[14903, 92496, 107994, 96433, 67577, 8579, 29760, 14811, 99794, 45382]"
113397,"[11495, 22134, 54603, 44005, 53068, 23483, 31685, 2865, 4207, 42841]"
113398,"[105570, 52281, 99298, 52516, 12767, 56019, 81796, 76515, 45400, 86999]"
113399,"[88310, 66681, 9037, 1976, 7474, 73526, 99362, 74291, 57570, 56516]"
113400,"[78461, 19858, 9403, 73637, 31026, 81099, 39822, 2411, 8879, 80189]"
113401,"[58987, 12508, 99756, 21042, 3607, 22649, 66596, 8394, 25238, 34045]"
113402,"[50700, 92265, 42192, 14825, 40537, 51801, 3339, 17147, 80837, 17942]"
113403,"[71422, 58214, 27989, 61388, 31929, 71814, 13402, 24182, 44649, 60051]"
113404,"[60432, 83719, 105471, 93058, 35644, 65145, 44375, 43046, 1130, 94097]"
113405,"[35654, 102169, 21093, 89424, 7150, 46861, 27232, 15191, 66772, 21469]"
113406,"[11832, 108033, 106909, 85448, 90695, 48442, 192, 78977, 45398, 50111]"
113407,"[55828, 1659, 82525, 1508, 101513, 73466, 86054, 61178, 104350, 93422]"
113408,"[4233, 66244, 78105, 69187, 82523, 63743, 98480, 84034, 102539, 72652]"
113409,"[15331, 41612, 40607, 59060, 35199, 34139, 45597, 67261, 57973, 46633]"
113410,"[46895, 82342, 87670, 60889, 63356, 49883, 85907, 13842, 38361, 96128]"
113411,"[36303, 98419, 109574, 26868, 3683, 54191, 89948, 12571, 25341, 56724]"
113412,"[3576, 62018, 19148, 53412, 79080, 52843, 107201, 77696, 35291, 66578]"
113413,"[27376, 35522, 104937, 107859, 28385, 42618, 60158, 24670, 4945, 60929]"
113414,"[47508, 27352, 51967, 106726, 3036, 43769, 3675, 34520, 42185, 65522]"
113415,"[83130, 25010, 93652, 71777, 26316, 95787, 17077, 7730, 101233, 88879]"
113416,"[85648, 41509, 29997, 85659, 28720, 38963, 93684, 92520, 86276, 26974]"
113417,"[18185, 56406, 35198, 70639, 51168, 56700, 2233, 14349, 11276, 107595]"
113418,"[6232, 60784, 25688, 89380, 101959, 74200, 65109, 80834, 64298, 74382]"
113419,"[107331, 26041, 97580, 58639, 14507, 81484, 85472, 82366, 2794, 74287]"
113420,"[93864, 47464, 83470, 39991, 73070, 27718, 72314, 9023, 45697, 88705]"
113421,"[13309, 89357, 35259, 45272, 73822, 33223, 91413, 26058, 63847, 63222]"
113422,"[43007, 99965, 10695, 54502, 80255, 82444, 63735, 109582, 35692, 69989]"
113423,"[38067, 94306, 32069, 75485, 48500, 107795, 73469, 32248, 103079, 50137]"
113424,"[79558, 104875, 97485, 42081, 108730, 102512, 55627, 23702, 90418, 86805]"
113425,"[39940, 47122, 30935, 54985, 91182, 89587, 12489, 109414, 99537, 88393]"
113426,"[80042, 85084, 241, 21902, 53359, 39476, 99575, 53061, 37754, 69332]"
113427,"[92521, 25925, 66075, 28217, 5356, 93554, 5195, 43328, 44402, 35385]"
113428,"[24042, 75517, 96091, 84544, 34624, 25130, 2449, 67623, 36131, 8949]"
113429,"[22864, 56495, 72310, 62404, 41959, 104080, 55285, 48797, 23727, 106315]"
113430,"[72020, 98131, 104010, 59602, 1176, 59917, 109563, 108111, 86116, 55864]"
113431,"[52641, 64553, 99947, 15804, 30544, 91524, 106333, 67384, 103914, 74655]"
113432,"[38144, 76078, 66306, 37526, 57826, 52224, 14761, 16558, 73090, 105914]"
113433,"[38872, 106081, 92920, 51709, 11790, 29477, 71581, 78445, 57095, 67099]"
113434,"[4170, 15047, 88222, 62688, 44301, 76025, 100684, 70210, 98264, 80318]"
113435,"[61556, 61305, 66082, 7583, 36819, 28928, 32034, 13576, 15346, 64500]"
113436,"[50076, 79855, 92922, 81316, 39110, 74145, 19549, 5418, 27320, 53588]"
113437,"[72408, 10669, 19262, 14991, 48969, 68361, 21174, 32257, 50449, 6214]"
113438,"[60360, 67460, 55328, 37331, 41217, 46904, 1233, 30459, 48287, 70353]"
113439,"[51080, 34850, 109618, 24023, 5024, 19472, 39198, 77705, 89933, 70636]"
113440,"[98048, 13891, 109139, 105314, 30217, 60782, 90757, 75987, 17973, 87899]"
113441,"[103542, 77072, 101714, 65475, 8672, 90423, 81220, 2501, 65371, 70355]"
113442,"[58647, 25372, 74672, 40334, 5886, 82829, 89190, 18292, 5443, 44563]"
113443,"[26224, 20604, 95146, 75241, 92439, 75609, 26862, 27652, 32412, 83953]"
113444,"[72037, 37624, 92851, 59437, 68682, 108019, 34047, 4095, 76439, 52285]"
113445,"[105164, 52069, 30947, 70583, 51429, 33620, 21726, 53030, 9351, 45887]"
113446,"[53011, 97555, 79557, 36209, 28336, 27922, 81953, 32636, 14214, 20840]"
113447,"[40448, 78183, 61135, 94246, 27660, 47602, 55499, 73797, 10060, 7075]"
113448,"[69795, 80071, 49703, 67896, 67886, 82572, 66057, 34220, 32553, 35503]"
113449,"[98159, 3976, 78408, 43583, 57653, 12467, 88551, 82844, 56590, 4362]"
113450,"[25402, 58033, 36220, 88755, 72357, 29995, 50135, 84748, 43445, 69076]"
113451,"[103639, 59301, 21955, 74698, 99608, 53369, 8213, 82142, 59533, 70985]"
113452,"[93982, 10492, 95345, 83316, 12400, 45551, 12997, 82889, 87132, 84820]"
113453,"[77267, 60991, 27716, 65454, 11855, 109363, 46881, 65535, 30170, 5912]"
113454,"[58107, 28737, 25889, 40683, 61775, 103087, 77694, 28199, 30653, 51706]"
113455,"[50699, 35611, 55787, 12839, 49534, 18391, 70509, 72024, 36945, 15919]"
113456,"[106517, 68631, 72839, 46724, 31014, 83606, 904, 107, 53047, 52033]"
113457,"[99447, 2792, 9950, 72092, 24586, 68164, 29263, 63606, 23626, 64710]"
113458,"[80281, 11705, 80677, 17834, 26473, 60664, 12155, 1950, 10489, 27851]"
113459,"[72229, 26557, 82666, 16191, 52801, 13660, 99003, 11463, 70697, 82355]"
113460,"[38327, 16311, 109744, 49350, 42739, 27479, 44734, 107931, 51236, 92840]"
113461,"[58353, 67873, 61281, 63691, 55227, 83893, 66483, 40032, 29940, 17556]"
113462,"[100204, 78735, 90059, 29203, 31313, 32236, 67670, 51307, 54000, 53907]"
113463,"[16967, 25720, 63454, 54180, 5966, 32279, 36017, 20827, 2726, 37182]"
113464,"[39705, 9736, 100377, 37021, 54033, 51535, 2909, 31092, 60516, 54965]"
113465,"[16978, 33195, 66056, 69579, 45945, 103649, 40557, 67376, 98487, 13924]"
113466,"[5058, 62924, 91935, 33683, 56507, 50488, 3127, 87298, 88465, 60763]"
113467,"[49661, 81613, 96871, 107554, 71060, 36812, 62421, 59193, 60480, 691]"
113468,"[64334, 86700, 79419, 2863, 9826, 76327, 67827, 64504, 39392, 3133]"
113469,"[29399, 50734, 67990, 18547, 7684, 36454, 101114, 46149, 65425, 71557]"
113470,"[90390, 49765, 27093, 19389, 59090, 47087, 95737, 33177, 74675, 102713]"
113471,"[15618, 16633, 5289, 60244, 52680, 98002, 18866, 66610, 72450, 88294]"
113472,"[8652, 53972, 89289, 42874, 25432, 28087, 98267, 7606, 55158, 37644]"
113473,"[45835, 27120, 50703, 14649, 76686, 86687, 12588, 853, 67537, 21267]"
113474,"[63311, 47561, 57671, 104871, 17250, 9905, 52416, 9070, 60974, 73659]"
113475,"[71015, 106709, 6362, 104976, 73704, 6543, 99319, 9875, 84819, 61174]"
113476,"[89663, 28188, 12474, 35806, 87941, 52673, 96916, 44872, 103686, 99592]"
113477,"[30317, 37104, 55345, 29134, 86618, 65729, 54123, 65243, 16514, 52150]"
113478,"[100449, 20461, 2276, 115, 43107, 29809, 4666, 38774, 73159, 77695]"
113479,"[26081, 90385, 2472, 9344, 89848, 11678, 46290, 92629, 56220, 2138]"
113480,"[85497, 20861, 71232, 82013, 43079, 85394, 64349, 105453, 99452, 2634]"
113481,"[15566, 5530, 76556, 28900, 104118, 47957, 69232, 61320, 71799, 8159]"
113482,"[44236, 34300, 64343, 32777, 34511, 30691, 88901, 39954, 107576, 12871]"
113483,"[62784, 34975, 22876, 95938, 97334, 99564, 98711, 73263, 108062, 35513]"
113484,"[86357, 735, 107074, 57802, 28190, 11992, 109344, 68563, 106639, 57100]"
113485,"[30224, 60683, 5830, 78937, 75081, 96480, 53397, 30196, 70859, 24995]"
113486,"[70133, 46947, 35543, 22439, 53350, 92044, 8138, 43832, 65276, 90985]"
113487,"[62223, 22570, 34882, 62403, 64918, 76665, 13292, 54413, 25701, 99250]"
113488,"[54114, 99019, 59906, 69519, 9376, 21989, 101355, 52793, 74888, 18678]"
113489,"[84366, 20730, 11209, 104533, 100784, 32443, 90202, 74651, 54404, 25453]"
113490,"[11482, 31953, 48765, 108126, 79428, 108812, 91402, 46787, 102323, 47902]"
113491,"[50741, 52360, 41337, 71013, 101033, 55181, 93860, 79023, 30011, 16587]"
113492,"[94770, 80963, 95533, 2739, 98075, 29274, 34228, 72884, 75677, 31415]"
113493,"[86731, 67689, 102845, 27810, 103034, 43831, 1660, 53083, 36487, 88259]"
113494,"[46701, 98928, 41517, 66345, 66563, 46158, 62913, 88340, 50717, 340]"
113495,"[104647, 16702, 106367, 27848, 20183, 337, 10693, 105200, 102125, 107729]"
113496,"[109566, 48825, 39026, 38511, 30171, 12780, 13404, 54446, 29649, 71124]"
113497,"[23625, 95863, 18967, 21237, 100908, 28941, 14112, 49585, 73573, 25837]"
113498,"[22574, 20708, 107360, 58269, 107008, 65167, 102693, 62711, 32286, 91003]"
113499,"[51462, 16523, 94170, 82047, 43500, 87252, 28556, 9968, 76791, 77899]"
113500,"[22200, 72503, 15469, 9899, 4368, 718, 5349, 21100, 83332, 36240]"
113501,"[76461, 61558, 80028, 6099, 35493, 62629, 84636, 7598, 54355, 10149]"
113502,"[28799, 20473, 101112, 63456, 48828, 49091, 66013, 46817, 52378, 61260]"
113503,"[53483, 33197, 42777, 91374, 100477, 8662, 92670, 42080, 94565, 15914]"
113504,"[89058, 96697, 18128, 68662, 105072, 1403, 68985, 20307, 35384, 26964]"
113505,"[41228, 74112, 87551, 93353, 98961, 24099, 14978, 1327, 92935, 47343]"
113506,"[58346, 54716, 73229, 74547, 68158, 11463, 83691, 88845, 15372, 96152]"
113507,"[514, 86109, 23442, 48465, 26121, 108444, 73769, 1766, 62673, 61665]"
113508,"[62142, 23593, 49804, 109489, 11361, 70071, 54640, 99593, 37774, 17383]"
113509,"[103895, 63111, 73528, 41733, 13030, 12300, 45011, 86218, 104430, 79025]"
113510,"[23195, 6918, 108335, 88099, 4571, 88441, 101098, 72306, 78380, 54396]"
113511,"[6261, 39371, 15830, 72449, 94461, 47431, 55185, 6846, 39487, 68495]"
113512,"[6327, 4806, 95221, 16491, 22450, 89633, 63918, 80720, 78757, 80790]"
113513,"[55310, 58044, 6191, 64629, 41507, 83146, 77632, 21481, 74997, 4283]"
113514,"[10950, 48432, 49209, 29305, 34401, 105293, 43783, 53917, 66573, 75826]"
113515,"[44501, 105829, 44379, 55638, 79049, 44799, 27437, 105244, 19163, 54862]"
113516,"[32346, 18735, 33076, 38549, 35515, 70558, 3843, 78113, 83161, 48275]"
113517,"[2691, 71069, 61159, 7489, 57649, 97446, 2155, 79032, 33391, 20177]"
113518,"[66833, 55135, 31515, 67011, 56541, 39960, 32765, 62336, 90689, 88414]"
113519,"[36431, 61330, 48823, 65590, 2197, 97189, 43496, 39249, 505, 8337]"
113520,"[52173, 97753, 108831, 66762, 81264, 41606, 97456, 39495, 63029, 69886]"
113521,"[16686, 40974, 97024, 52112, 58888, 77470, 45626, 92975, 98852, 5741]"
113522,"[29997, 84320, 85352, 20778, 94307, 84727, 71966, 3953, 54056, 93684]"
113523,"[40718, 80253, 109008, 52679, 37782, 4624, 91331, 11557, 12362, 80605]"
113524,"[34832, 44287, 9657, 65530, 14966, 93694, 81169, 63621, 50200, 48579]"
113525,"[34921, 55468, 48629, 83816, 55379, 73843, 57013, 83458, 60559, 42714]"
113526,"[49961, 66680, 53233, 81095, 12557, 84121, 42514, 1166, 21796, 30584]"
113527,"[68039, 4740, 85031, 33498, 87695, 50546, 45900, 61015, 105469, 62186]"
113528,"[104804, 99035, 96043, 33263, 57429, 10971, 2059, 109481, 105347, 34942]"
113529,"[32497, 19842, 69746, 26736, 52321, 14944, 25782, 80282, 81086, 22457]"
113530,"[101137, 72689, 82420, 78525, 62751, 80989, 11778, 38314, 29359, 17144]"
113531,"[34002, 22635, 6169, 93360, 9546, 8700, 87225, 65015, 83375, 43563]"
113532,"[90382, 103003, 69092, 33992, 61810, 81322, 9216, 31482, 62779, 55902]"
113533,"[61217, 83042, 52514, 68891, 88461, 93742, 64576, 4142, 16234, 88173]"
113534,"[106220, 72637, 98272, 16627, 20537, 86717, 63538, 40208, 96099, 62123]"
113535,"[108098, 96233, 43371, 31351, 106506, 109104, 35228, 4593, 31735, 78032]"
113536,"[25473, 21209, 24265, 95299, 14326, 58066, 54576, 78019, 66612, 77313]"
113537,"[40206, 109300, 87609, 87008, 61357, 91927, 106997, 102349, 72239, 54946]"
113538,"[18822, 98939, 10928, 36242, 97757, 59124, 104526, 68798, 55736, 79947]"
113539,"[70841, 4178, 47061, 33402, 15694, 83458, 29464, 64890, 94529, 15528]"
113540,"[96753, 13165, 12118, 26783, 541, 71526, 78538, 44365, 7154, 23212]"
113541,"[48189, 79580, 100540, 101220, 94641, 6479, 57038, 40900, 21897, 101273]"
113542,"[107373, 96774, 18435, 101079, 13596, 69853, 56710, 83804, 2854, 41029]"
113543,"[6438, 35897, 64921, 58264, 45228, 17067, 3194, 8279, 73597, 53918]"
113544,"[24229, 64549, 55666, 60285, 40152, 66164, 16264, 59572, 37467, 11523]"
113545,"[79417, 42404, 241, 21902, 34291, 39476, 80042, 53061, 85084, 89673]"
113546,"[60073, 39070, 84531, 25900, 50440, 77496, 83364, 48915, 58852, 8901]"
113547,"[95482, 95545, 64005, 4281, 61293, 8134, 81865, 10280, 66242, 29077]"
113548,"[43357, 106097, 712, 46485, 10214, 12370, 94515, 3117, 90848, 107453]"
113549,"[19089, 99502, 6200, 81413, 52763, 9767, 67674, 52300, 3351, 107150]"
113550,"[71591, 37262, 23750, 106767, 98961, 20119, 14978, 5088, 47343, 92935]"
113551,"[109, 51722, 86604, 71590, 40696, 10757, 6271, 101490, 55151, 17740]"
113552,"[101102, 21937, 20179, 36119, 40394, 105364, 42613, 94990, 74978, 101345]"
113553,"[31723, 8503, 65844, 108488, 67225, 85245, 46545, 29284, 88696, 105217]"
113554,"[96886, 47792, 68280, 45995, 20220, 95379, 2970, 93214, 9794, 89455]"
113555,"[8140, 29670, 78713, 30264, 63474, 85525, 33596, 34664, 103980, 11570]"
113556,"[17834, 12155, 30592, 10489, 26947, 80281, 5444, 11705, 66890, 102806]"
113557,"[73571, 51961, 46296, 66869, 40707, 33413, 2862, 104156, 76256, 52021]"
113558,"[51068, 76849, 92021, 53565, 44933, 25594, 6761, 49094, 49579, 98704]"
113559,"[62382, 68080, 101141, 7993, 24546, 96235, 4015, 33511, 52614, 70255]"
113560,"[14788, 92089, 16180, 49099, 28980, 53086, 85637, 55604, 99726, 26734]"
113561,"[101697, 26317, 80362, 14263, 17553, 68162, 83071, 92495, 6025, 5194]"
113562,"[80939, 46403, 28829, 108264, 21416, 92530, 9977, 24544, 80829, 42367]"
113563,"[92675, 56383, 32978, 43719, 80439, 89361, 65436, 63957, 83016, 47083]"
113564,"[11685, 49669, 10549, 79435, 71869, 48251, 48067, 36097, 71681, 9295]"
113565,"[87182, 105246, 107265, 89969, 43412, 42222, 18995, 7335, 35927, 56239]"
113566,"[19569, 46603, 7798, 88207, 71795, 64320, 64445, 63993, 85254, 19915]"
113567,"[75464, 21015, 87916, 22024, 67933, 83845, 9538, 76425, 11517, 48748]"
113568,"[53301, 56543, 30240, 98578, 95720, 57268, 70406, 12148, 17178, 92373]"
113569,"[106532, 81615, 89655, 96173, 16102, 103099, 85278, 62419, 52173, 69684]"
113570,"[17885, 106959, 10339, 73557, 24174, 60829, 14839, 66732, 103913, 82438]"
113571,"[36124, 85166, 71675, 68918, 108764, 16863, 55876, 68203, 47315, 51894]"
113572,"[97986, 75604, 85221, 837, 65790, 79293, 79329, 15401, 17741, 50492]"
113573,"[8647, 31795, 18765, 54297, 37382, 30689, 57198, 22121, 12966, 40187]"
113574,"[197, 74111, 46176, 20749, 52775, 96087, 41813, 97820, 65254, 17517]"
113575,"[86319, 76149, 70913, 93186, 90661, 36216, 43915, 91745, 27452, 85558]"
113576,"[107389, 28918, 32681, 41078, 15091, 89335, 98443, 98652, 96955, 89746]"
113577,"[17006, 90633, 10367, 36896, 8821, 54793, 74817, 103792, 100254, 26880]"
113578,"[43954, 49077, 19759, 47891, 84535, 74266, 101947, 33081, 12200, 48099]"
113579,"[55138, 106336, 5436, 91934, 87517, 84238, 15751, 86948, 3178, 7623]"
113580,"[26452, 11207, 66924, 6380, 7813, 86876, 2901, 17756, 63093, 95153]"
113581,"[100967, 15730, 40071, 87423, 94328, 101141, 76354, 35848, 100173, 34158]"
113582,"[56013, 14705, 38109, 22098, 67579, 55400, 51066, 22995, 2322, 107251]"
113583,"[108675, 107517, 12123, 74002, 29980, 12176, 44994, 83686, 70869, 50886]"
113584,"[83969, 59405, 101649, 77783, 90000, 12816, 74818, 24101, 14672, 82068]"
113585,"[81933, 74678, 27769, 58952, 50698, 8627, 11508, 8483, 76753, 32576]"
113586,"[57387, 100975, 57242, 103054, 84713, 29294, 32798, 84072, 59100, 11453]"
113587,"[3405, 93833, 41990, 89419, 37181, 86388, 108160, 41497, 8926, 82146]"
113588,"[64097, 84614, 64357, 32470, 41219, 44053, 21695, 20889, 41209, 80778]"
113589,"[91343, 81402, 29204, 46857, 5785, 33143, 19572, 76832, 41988, 32032]"
113590,"[80205, 49872, 87144, 98564, 4736, 20294, 28936, 102965, 79383, 55841]"
113591,"[60304, 76214, 45236, 46022, 47836, 64592, 58892, 10440, 4078, 103397]"
113592,"[31787, 83373, 66975, 109462, 107058, 18349, 43645, 39210, 101641, 26840]"
113593,"[68854, 1693, 84340, 18087, 48423, 32538, 59596, 8895, 92207, 108381]"
113594,"[79779, 3672, 25199, 41021, 83095, 11686, 52017, 43608, 58753, 43626]"
113595,"[28787, 61858, 34221, 16145, 38537, 91038, 67197, 72896, 78202, 89560]"
113596,"[83654, 49418, 54229, 66384, 51038, 407, 22351, 109482, 109373, 24945]"
113597,"[32797, 75322, 41780, 59595, 108983, 7357, 94509, 18873, 72249, 78922]"
113598,"[67297, 64059, 106537, 61996, 15255, 26472, 14254, 109728, 61878, 22087]"
113599,"[76983, 74452, 45773, 41434, 56220, 88345, 70820, 20221, 15975, 16206]"
113600,"[60990, 61011, 37802, 39137, 78166, 4907, 82901, 37906, 62002, 16929]"
113601,"[107464, 88839, 104899, 3959, 107366, 26827, 87513, 64194, 26616, 22174]"
113602,"[36229, 18290, 30747, 74174, 103605, 21550, 31622, 49775, 97865, 65537]"
113603,"[13790, 25803, 737, 42798, 104565, 60051, 41267, 99071, 81759, 48340]"
113604,"[80240, 58426, 70430, 100365, 42180, 32197, 91900, 4072, 51665, 97508]"
113605,"[65084, 41223, 75681, 47291, 39229, 2678, 18829, 39340, 79928, 3308]"
113606,"[100943, 96546, 81476, 94343, 30301, 39053, 29803, 91462, 97772, 17860]"
113607,"[85195, 40040, 34395, 108513, 15170, 75481, 94380, 102819, 52770, 80159]"
113608,"[96656, 8552, 15285, 73261, 40958, 106138, 72511, 72780, 2586, 69888]"
113609,"[76287, 66486, 45853, 34931, 76333, 33622, 88977, 47753, 96552, 75148]"
113610,"[19800, 104145, 65272, 45697, 40009, 61254, 85729, 39991, 72314, 88705]"
113611,"[35984, 43442, 30070, 94766, 89059, 50301, 102429, 98933, 75099, 86017]"
113612,"[50789, 52958, 9675, 14765, 108949, 51743, 73959, 64969, 41100, 29771]"
113613,"[15338, 46438, 30565, 52490, 39517, 109088, 34403, 23346, 20234, 9964]"
113614,"[72682, 99062, 91888, 84217, 8609, 105705, 20772, 58364, 84228, 57632]"
113615,"[56757, 101474, 86373, 42949, 89567, 19223, 54270, 107293, 20052, 84143]"
113616,"[20671, 9939, 79054, 13956, 51343, 26010, 106394, 75595, 32714, 4164]"
113617,"[90969, 26249, 107986, 15984, 89747, 88905, 41298, 9398, 53214, 21024]"
113618,"[10518, 52468, 20697, 93627, 74679, 16759, 35523, 26240, 89184, 109330]"
113619,"[5047, 38035, 31487, 2195, 515, 80521, 103394, 69502, 42250, 78434]"
113620,"[5536, 81182, 71223, 7855, 83633, 97268, 95970, 40595, 7706, 7789]"
113621,"[105998, 31821, 34377, 92746, 108156, 41833, 98642, 108441, 13754, 57660]"
113622,"[52964, 41816, 61719, 8463, 13009, 82986, 79216, 17154, 60416, 61543]"
113623,"[4193, 24302, 94441, 36137, 88802, 62710, 103544, 44803, 24919, 103841]"
113624,"[32891, 42006, 20591, 24581, 15044, 88057, 67446, 94084, 78704, 72143]"
113625,"[88191, 94714, 90960, 44656, 45703, 25203, 63814, 42634, 108541, 42510]"
113626,"[24545, 98680, 74576, 68090, 20367, 93925, 89411, 51106, 26057, 30114]"
113627,"[1364, 85691, 79500, 25630, 97993, 41326, 55457, 97112, 54582, 23119]"
113628,"[38165, 96693, 8242, 73133, 86712, 76562, 3824, 95716, 26875, 85030]"
113629,"[102286, 65240, 35638, 56072, 102065, 94590, 37381, 74041, 20793, 19522]"
113630,"[75674, 30227, 109149, 79155, 61803, 79280, 70394, 87607, 40312, 13152]"
113631,"[79669, 86491, 108007, 86376, 9600, 26036, 80685, 68502, 54475, 30818]"
113632,"[18150, 103623, 73339, 38316, 105833, 57895, 89122, 52864, 81891, 11630]"
113633,"[106063, 13740, 13463, 13994, 56441, 56493, 26564, 50665, 27454, 73377]"
113634,"[39600, 87415, 19703, 41343, 28761, 102626, 32994, 72805, 101892, 33259]"
113635,"[26635, 2094, 45993, 18239, 89483, 26655, 95459, 90013, 71424, 91911]"
113636,"[70899, 12442, 83904, 52499, 92226, 69850, 27817, 100870, 44325, 5591]"
113637,"[40743, 67795, 77304, 37561, 64057, 5373, 29116, 10177, 63466, 97765]"
113638,"[82624, 54794, 40247, 20533, 48739, 62912, 90116, 44061, 77679, 87387]"
113639,"[35554, 59491, 50337, 34697, 94486, 74457, 52117, 24611, 16667, 76233]"
113640,"[34698, 58922, 86242, 2271, 74255, 66023, 98493, 66987, 14300, 47797]"
113641,"[25311, 8050, 68386, 15508, 14805, 40272, 24267, 35528, 12555, 89780]"
113642,"[25500, 52118, 108166, 76831, 94853, 24463, 46384, 46104, 39139, 62263]"
113643,"[1921, 74760, 54096, 53926, 78912, 94398, 47459, 93234, 86020, 76888]"
113644,"[73453, 62432, 65320, 29813, 67681, 96211, 29656, 23754, 29927, 87175]"
113645,"[16168, 61571, 43595, 97100, 14028, 83730, 37859, 48010, 26956, 14347]"
113646,"[73717, 45544, 83711, 46165, 80528, 54621, 93336, 94107, 39751, 53756]"
113647,"[9284, 20509, 78417, 23420, 65571, 43149, 106810, 9625, 19624, 50827]"
113648,"[18187, 36153, 8597, 71503, 100859, 59258, 69028, 104669, 98397, 100524]"
113649,"[16782, 94519, 73352, 23092, 102680, 12638, 60460, 79410, 15800, 80239]"
113650,"[26292, 4110, 75745, 42676, 106876, 4416, 66092, 58585, 4273, 27498]"
113651,"[58267, 33607, 53160, 89389, 101227, 69298, 88066, 33625, 107807, 84315]"
113652,"[93820, 57350, 83750, 29654, 68926, 35079, 50849, 25976, 44699, 77010]"
113653,"[35915, 264, 30556, 5947, 24217, 103396, 59637, 66950, 36171, 31828]"
113654,"[45964, 56993, 103768, 98004, 60892, 32670, 96016, 46741, 59815, 71364]"
113655,"[68919, 71759, 94339, 104483, 29920, 63591, 2428, 48886, 106762, 63552]"
113656,"[104088, 35230, 97381, 106735, 49723, 7841, 3632, 94687, 41476, 19701]"
113657,"[81808, 29230, 401, 41970, 71496, 103223, 91375, 105030, 107538, 43388]"
113658,"[95468, 70102, 10409, 22807, 28673, 40738, 50005, 89322, 18062, 63520]"
113659,"[102944, 91976, 28970, 41947, 49682, 58133, 102550, 62389, 36260, 3368]"
113660,"[30589, 54545, 101624, 31983, 55387, 24184, 76143, 25047, 87206, 89940]"
113661,"[81473, 43558, 39188, 3671, 57724, 74972, 89007, 24556, 15278, 101727]"
113662,"[71579, 529, 1248, 23355, 71637, 39017, 55411, 27636, 104758, 56838]"
113663,"[91501, 12456, 70110, 6442, 48553, 40611, 41673, 105174, 65629, 103683]"
113664,"[88292, 65565, 47624, 62930, 15179, 9720, 84508, 34660, 75810, 55539]"
113665,"[11212, 76479, 18099, 39552, 89939, 37123, 45960, 40053, 37572, 12337]"
113666,"[18542, 36357, 15908, 36031, 101762, 60454, 65011, 58347, 40093, 21282]"
113667,"[72594, 98370, 82723, 75606, 62279, 84851, 25291, 18225, 107330, 68294]"
113668,"[85121, 55595, 75252, 47873, 12957, 49589, 93857, 19714, 37279, 27882]"
113669,"[64547, 67111, 25112, 33216, 93509, 15418, 45442, 28996, 63818, 80547]"
113670,"[78871, 22295, 66030, 100723, 16986, 546, 75845, 29702, 29698, 72597]"
113671,"[49286, 79465, 13, 27802, 13037, 5526, 53594, 31840, 11448, 79278]"
113672,"[53345, 9907, 64159, 38307, 31139, 51077, 72809, 51666, 62435, 20064]"
113673,"[80975, 6644, 19856, 12662, 2542, 7190, 13157, 72273, 104648, 80151]"
113674,"[55480, 90352, 51258, 34740, 87363, 90051, 1005, 69237, 57538, 65893]"
113675,"[27455, 95173, 69790, 95438, 6241, 49528, 107205, 66060, 88431, 42482]"
113676,"[103918, 109321, 22323, 44176, 6453, 67485, 25158, 16514, 13843, 16403]"
113677,"[15914, 91969, 109647, 92670, 42777, 53483, 34038, 22207, 32115, 33197]"
113678,"[75843, 39129, 61031, 107234, 105252, 19535, 43524, 21510, 65981, 17522]"
113679,"[2226, 71571, 60020, 93177, 6375, 3111, 70405, 54623, 62940, 43393]"
113680,"[8406, 47592, 40699, 31589, 82080, 91197, 40267, 72845, 20884, 105515]"
113681,"[99764, 46054, 55718, 64197, 56983, 62942, 92375, 52442, 37522, 58693]"
113682,"[57264, 527, 74046, 82837, 16016, 82171, 24901, 92720, 4906, 94704]"
113683,"[13561, 89297, 88034, 56385, 76187, 52536, 66012, 93788, 95715, 92818]"
113684,"[52727, 10072, 555, 49016, 95419, 72624, 103798, 63619, 62461, 65315]"
113685,"[16839, 29116, 18996, 86, 39554, 29804, 64489, 13089, 77304, 84172]"
113686,"[29942, 54203, 21184, 100708, 92235, 84212, 22580, 39508, 93819, 43170]"
113687,"[102949, 37405, 39999, 83257, 35774, 30175, 92897, 78210, 16601, 89532]"
113688,"[80255, 27371, 17157, 96494, 109582, 39440, 97125, 55169, 50184, 44985]"
113689,"[67954, 61169, 77731, 49169, 27838, 46567, 67059, 84785, 76650, 22247]"
113690,"[109484, 90127, 22662, 27592, 75986, 70810, 92651, 72231, 17126, 78076]"
113691,"[84530, 100172, 97429, 44915, 53962, 70225, 57044, 33, 58636, 48422]"
113692,"[72682, 8609, 65820, 28988, 22735, 20772, 99062, 91888, 84217, 46586]"
113693,"[16635, 94863, 29135, 57282, 61360, 39798, 82919, 34421, 109310, 91980]"
113694,"[78605, 83432, 3357, 54958, 215, 60260, 14670, 41206, 93752, 73676]"
113695,"[102755, 30287, 76798, 89581, 26648, 1089, 18231, 30255, 73668, 107527]"
113696,"[95596, 98135, 61369, 22075, 104730, 52216, 58519, 36241, 55994, 53986]"
113697,"[56220, 88345, 76983, 15173, 16206, 52051, 74452, 103452, 15738, 22846]"
113698,"[54742, 3071, 1008, 90100, 105121, 104821, 56798, 57524, 60263, 98152]"
113699,"[76035, 97388, 70372, 107478, 89992, 90398, 60800, 2869, 8773, 33806]"
113700,"[90176, 84662, 56877, 94312, 40223, 57406, 11253, 38460, 15687, 106300]"
113701,"[67414, 40826, 18040, 44425, 87206, 61221, 1911, 107155, 32879, 21548]"
113702,"[53541, 72498, 78366, 105960, 4715, 103500, 51551, 94764, 21542, 82001]"
113703,"[4296, 44316, 49167, 64735, 46585, 71923, 8066, 39694, 105430, 63179]"
113704,"[18899, 77398, 107958, 28368, 70039, 104541, 21888, 58211, 58317, 50736]"
113705,"[59927, 59880, 35041, 55321, 5618, 30512, 13594, 46148, 96815, 85868]"
113706,"[35153, 37983, 86103, 8577, 75284, 90479, 63670, 75624, 58616, 95574]"
113707,"[18251, 62817, 30895, 55577, 86612, 12745, 102884, 75315, 75594, 47773]"
113708,"[78296, 49977, 19341, 24573, 78348, 94171, 93658, 69081, 57820, 58747]"
113709,"[65899, 86767, 23169, 7167, 5898, 73829, 4926, 97285, 28102, 4497]"
113710,"[61473, 29741, 38206, 56004, 29408, 50893, 22671, 49594, 1742, 109420]"
113711,"[108281, 37333, 101908, 92236, 102653, 54368, 87213, 21006, 59216, 70367]"
113712,"[54891, 39512, 69239, 91080, 70087, 105220, 89561, 97347, 92440, 57848]"
113713,"[27033, 91157, 56002, 91684, 55999, 90953, 24705, 77247, 5780, 55304]"
113714,"[67698, 101921, 77986, 11474, 74092, 37135, 95094, 70036, 8535, 108422]"
113715,"[9163, 28363, 79093, 33850, 87523, 47771, 70640, 107577, 100286, 104985]"
113716,"[105199, 33826, 17727, 69556, 58036, 44369, 39979, 92548, 88126, 103092]"
113717,"[20465, 11615, 12417, 51697, 14074, 21412, 42830, 35619, 50328, 61742]"
113718,"[6982, 41749, 36349, 81557, 37570, 44931, 102311, 55879, 104450, 17394]"
113719,"[20141, 54294, 51328, 3971, 14427, 22432, 45869, 45460, 69602, 68871]"
113720,"[73192, 7226, 85583, 80081, 73354, 21013, 85328, 70682, 82601, 2346]"
113721,"[40756, 9529, 78482, 59800, 46134, 6134, 90430, 10566, 4317, 77721]"
113722,"[66972, 106727, 71948, 63718, 9140, 10963, 54339, 78987, 63779, 32096]"
113723,"[90324, 77850, 101418, 60908, 27849, 84955, 55360, 8027, 104561, 37552]"
113724,"[23857, 21088, 81881, 86982, 11022, 63141, 109348, 68927, 102793, 61781]"
113725,"[47350, 35241, 56088, 87202, 79185, 83734, 103838, 16651, 39227, 60299]"
113726,"[42435, 72244, 105041, 90524, 82084, 85089, 43118, 85662, 14950, 38230]"
113727,"[12147, 52356, 76665, 11420, 18401, 32237, 69863, 12407, 7047, 26882]"
113728,"[69382, 91851, 16065, 100571, 86835, 62519, 55882, 96365, 55197, 21560]"
113729,"[75303, 96075, 109410, 62265, 64094, 47721, 51899, 46626, 75038, 39984]"
113730,"[14079, 79385, 32864, 29470, 61103, 94289, 82308, 56289, 94620, 41039]"
113731,"[11249, 88896, 35469, 349, 29263, 61298, 109191, 93381, 52675, 63606]"
113732,"[11102, 43272, 66970, 61672, 74169, 95151, 15267, 7523, 77211, 94688]"
113733,"[8666, 7425, 63339, 84277, 41530, 31651, 57535, 83472, 58051, 45024]"
113734,"[88591, 69854, 51775, 27477, 76277, 24570, 43282, 21861, 23824, 59317]"
113735,"[57807, 93889, 78633, 27231, 34513, 87757, 78330, 67287, 68608, 101052]"
113736,"[98904, 94015, 40139, 99157, 12704, 35177, 73577, 24358, 14480, 18882]"
113737,"[36080, 65311, 35468, 22996, 35346, 78294, 29148, 38957, 60956, 17176]"
113738,"[70502, 27436, 47252, 16591, 99187, 49196, 62586, 43709, 68056, 105584]"
113739,"[86320, 61068, 93986, 59549, 347, 101053, 16981, 91082, 62430, 81694]"
113740,"[55810, 97108, 20244, 15211, 39669, 96648, 96867, 99504, 67515, 11725]"
113741,"[52664, 44973, 95755, 98849, 41835, 66356, 15635, 73132, 77921, 28610]"
113742,"[11411, 76739, 99997, 44500, 85796, 88812, 81810, 97935, 83842, 105981]"
113743,"[109526, 97575, 1185, 2573, 93573, 59589, 54324, 48433, 21144, 20140]"
113744,"[97547, 82165, 26554, 89873, 20602, 78665, 83055, 34982, 93315, 55500]"
113745,"[57361, 2639, 69796, 13036, 107678, 101933, 36250, 19215, 38212, 91710]"
113746,"[92630, 73821, 99621, 89646, 43544, 27351, 4582, 71818, 17583, 56827]"
113747,"[108977, 27050, 43163, 100796, 90003, 17629, 96566, 71317, 66603, 35772]"
113748,"[10215, 18805, 47419, 53204, 86542, 35801, 84376, 19522, 105419, 19005]"
113749,"[109480, 29742, 32106, 41765, 33743, 71847, 77377, 52885, 105808, 106013]"
113750,"[98527, 90195, 48804, 107093, 16881, 44499, 74758, 57600, 39186, 40621]"
113751,"[6175, 59687, 92486, 44231, 54318, 14105, 24233, 66084, 15531, 95348]"
113752,"[25711, 50550, 47663, 106093, 19245, 76500, 56185, 72792, 79960, 65012]"
113753,"[40905, 65932, 105805, 106691, 43881, 23402, 30558, 87196, 31103, 62116]"
113754,"[46788, 70277, 86292, 72540, 47905, 68316, 43928, 27835, 103574, 1732]"
113755,"[34998, 49784, 55541, 20569, 36275, 96134, 44502, 81942, 47829, 74739]"
113756,"[40186, 106569, 61353, 65858, 53270, 93882, 81806, 83343, 38284, 83357]"
113757,"[62492, 52564, 107314, 31348, 623, 78056, 103028, 42870, 6971, 38693]"
113758,"[90203, 53197, 75411, 84552, 36101, 28266, 94710, 76215, 85567, 70203]"
113759,"[90439, 105738, 21734, 20059, 17079, 70847, 42232, 53187, 37517, 100504]"
113760,"[108020, 69650, 86316, 5484, 6191, 106385, 74937, 98995, 1053, 41507]"
113761,"[100625, 93182, 28864, 85572, 17386, 59548, 84293, 14993, 36472, 97159]"
113762,"[101145, 87477, 33759, 89001, 63296, 55622, 650, 62509, 30369, 20058]"
113763,"[5259, 34496, 9704, 108990, 58314, 93659, 96399, 62024, 23149, 39755]"
113764,"[58554, 26284, 92999, 56476, 50116, 74808, 46070, 104969, 70483, 5372]"
113765,"[60397, 106216, 65055, 31885, 74363, 24935, 74455, 108063, 19239, 103687]"
113766,"[19147, 52165, 66885, 9991, 38926, 41093, 7173, 27406, 49889, 61795]"
113767,"[59754, 86815, 17429, 50298, 48098, 93229, 87559, 19308, 43058, 48323]"
113768,"[90007, 51449, 5414, 33687, 37667, 20338, 19973, 87076, 5587, 94381]"
113769,"[100570, 99670, 107638, 40057, 95590, 1223, 21315, 20538, 4369, 93500]"
113770,"[73887, 89773, 14284, 98507, 9005, 88190, 18, 39192, 81251, 53665]"
113771,"[47010, 36874, 78148, 86831, 79409, 102720, 4725, 10801, 93639, 25176]"
113772,"[107495, 34329, 6887, 68862, 55026, 104337, 98362, 71765, 60173, 78012]"
113773,"[83589, 7419, 42342, 86453, 90464, 7102, 18053, 32760, 52453, 90970]"
113774,"[15686, 71012, 102166, 6140, 22844, 106695, 31922, 68191, 19952, 70572]"
113775,"[3361, 49689, 27209, 3656, 86582, 78305, 52419, 92367, 12208, 53534]"
113776,"[95568, 106214, 51796, 34851, 33458, 4116, 81, 65977, 72610, 17968]"
113777,"[20478, 52639, 85165, 27016, 3516, 109477, 74349, 77336, 67829, 49181]"
113778,"[77814, 11060, 100042, 20934, 76813, 19276, 85374, 47546, 69248, 15614]"
113779,"[85338, 37799, 43267, 66565, 97618, 39039, 22256, 4586, 109660, 86856]"
113780,"[97238, 94938, 18321, 5284, 32226, 57785, 2395, 72522, 68856, 64612]"
113781,"[9095, 95920, 62989, 104809, 56850, 38444, 103636, 18841, 27087, 105026]"
113782,"[90142, 87681, 70860, 42712, 38151, 71902, 53688, 100210, 26765, 17902]"
113783,"[33248, 106648, 60022, 87335, 94031, 74722, 103702, 79754, 36160, 41898]"
113784,"[16587, 102275, 21668, 90326, 57508, 63910, 50741, 72575, 101800, 72825]"
113785,"[38028, 32810, 91556, 47824, 71558, 95922, 82173, 91542, 101165, 37607]"
113786,"[23669, 104449, 102632, 423, 79713, 76601, 8757, 72670, 39944, 36544]"
113787,"[54169, 84822, 16212, 84673, 70693, 107048, 80716, 11430, 89703, 68986]"
113788,"[86505, 31342, 39726, 81899, 64507, 87975, 82908, 53217, 21967, 42934]"
113789,"[41065, 70679, 58216, 55921, 105250, 38610, 37932, 31894, 32350, 55785]"
113790,"[61334, 101431, 68196, 98356, 89068, 98685, 61245, 30727, 46125, 82884]"
113791,"[9638, 49713, 99924, 81335, 14961, 42563, 5508, 86892, 24450, 96491]"
113792,"[63446, 35400, 102187, 33316, 794, 14754, 12820, 3677, 5838, 649]"
113793,"[3572, 2298, 78867, 93819, 8241, 43648, 95878, 22580, 90291, 93546]"
113794,"[18146, 91452, 106556, 77566, 10809, 107091, 70349, 55159, 81167, 67295]"
113795,"[100626, 76282, 23024, 92588, 63486, 10823, 106112, 6922, 68650, 34276]"
113796,"[41500, 105096, 13075, 74101, 100456, 815, 68181, 56526, 7548, 95962]"
113797,"[95544, 19222, 92243, 74746, 5401, 7821, 16998, 82156, 17241, 47255]"
113798,"[48990, 561, 100153, 103040, 102333, 86049, 104678, 10757, 40696, 26675]"
113799,"[66888, 58903, 57357, 84180, 13472, 44645, 45218, 91787, 99831, 15897]"
113800,"[39150, 48033, 34628, 54009, 55145, 104436, 93037, 94233, 26192, 81369]"
113801,"[101985, 59781, 77039, 71, 19258, 90191, 39346, 48857, 16860, 96925]"
113802,"[52037, 105082, 12777, 64578, 20770, 12805, 57650, 15927, 34321, 47775]"
113803,"[7825, 79044, 6157, 56425, 57775, 11697, 78298, 104816, 105396, 69007]"
113804,"[86805, 18362, 19791, 108730, 68587, 35610, 9811, 100719, 103235, 102512]"
113805,"[22950, 37267, 12701, 40676, 94383, 92418, 44517, 19523, 17235, 56260]"
113806,"[35582, 86402, 99205, 25064, 102837, 4870, 34153, 17798, 106190, 4344]"
113807,"[28383, 78072, 82036, 50227, 45038, 37744, 7089, 55127, 1613, 22485]"
113808,"[19546, 107301, 93809, 23385, 77890, 252, 69588, 83124, 106360, 1775]"
113809,"[9459, 25800, 46493, 64011, 32184, 92254, 8536, 84296, 77531, 19172]"
113810,"[105037, 102985, 98106, 73405, 29282, 8220, 50054, 75751, 6712, 71172]"
113811,"[108453, 11991, 43521, 97587, 108875, 84205, 35939, 37986, 13278, 82819]"
113812,"[38397, 104134, 15080, 23601, 59017, 33081, 43954, 103539, 86340, 1824]"
113813,"[86036, 53693, 107123, 105313, 69615, 35636, 86230, 64251, 99920, 90880]"
113814,"[88744, 81565, 43531, 100627, 6339, 68811, 75014, 2289, 11805, 28248]"
113815,"[13264, 105864, 17843, 57319, 70821, 56303, 7863, 71600, 83881, 33332]"
113816,"[63328, 78000, 19213, 72543, 85945, 30204, 97927, 102511, 41102, 34087]"
113817,"[35483, 38935, 40481, 40002, 39350, 61051, 103925, 55607, 66865, 5647]"
113818,"[28756, 31518, 107183, 99494, 17846, 98878, 43832, 70755, 46689, 35473]"
113819,"[50620, 80059, 42842, 41026, 10406, 98137, 28880, 40796, 64806, 21750]"
113820,"[70049, 39649, 28120, 46566, 100973, 97993, 49873, 46687, 48485, 59341]"
113821,"[58064, 40282, 17708, 18270, 41148, 96756, 107617, 79521, 19981, 76420]"
113822,"[39151, 108510, 21210, 75189, 108406, 29441, 47301, 77433, 5854, 67516]"
113823,"[21283, 85991, 69066, 33256, 13486, 39016, 66914, 102150, 40554, 443]"
113824,"[72163, 66943, 50045, 53966, 50602, 26618, 92974, 9651, 51594, 15535]"
113825,"[102176, 63617, 73129, 63167, 5693, 30825, 59560, 54244, 34269, 80571]"
113826,"[91803, 55092, 73682, 79771, 69812, 102796, 52394, 34090, 87750, 35337]"
113827,"[7317, 57215, 33082, 87107, 100306, 101712, 79996, 19114, 77907, 13490]"
113828,"[109758, 99154, 2832, 96133, 20659, 48156, 15375, 12684, 86460, 95024]"
113829,"[90085, 64044, 106882, 14957, 90610, 20255, 92115, 103419, 99970, 6240]"
113830,"[103252, 5737, 56447, 91838, 23268, 17320, 41914, 85204, 35280, 9895]"
113831,"[700, 61307, 73109, 42177, 40257, 24688, 12979, 3478, 11580, 47903]"
113832,"[48605, 42889, 29867, 29368, 29444, 85204, 16385, 41914, 9895, 35955]"
113833,"[70858, 27867, 80054, 29061, 41369, 101606, 64729, 31655, 26387, 28912]"
113834,"[76041, 29237, 53590, 16051, 89982, 61787, 84573, 61279, 56172, 92057]"
113835,"[45914, 83518, 87620, 60452, 69694, 45203, 107704, 54215, 57510, 67189]"
113836,"[55634, 86095, 83934, 66865, 40481, 100000, 39731, 30541, 35483, 107188]"
113837,"[98556, 46971, 37400, 107233, 98468, 76203, 32046, 26775, 76901, 88893]"
113838,"[12404, 78042, 48148, 60226, 85807, 69733, 97177, 13995, 41436, 104803]"
113839,"[105598, 61058, 11393, 19013, 2646, 23220, 37291, 54590, 53159, 12978]"
113840,"[98084, 102279, 68838, 22418, 107087, 16253, 57705, 40114, 29593, 107274]"
113841,"[64712, 8341, 25171, 52605, 82533, 68684, 69292, 104492, 61114, 3964]"
113842,"[95924, 24461, 9221, 79828, 84308, 5228, 78565, 41208, 62948, 92099]"
113843,"[52189, 37008, 68157, 47385, 34286, 59588, 76736, 8207, 13011, 28574]"
113844,"[93846, 67397, 103372, 79593, 34133, 43370, 42628, 51648, 66448, 106609]"
113845,"[67550, 27353, 16841, 43225, 37508, 59092, 97619, 43627, 17709, 30064]"
113846,"[88624, 106847, 81270, 68276, 101677, 66662, 105817, 56023, 29439, 32737]"
113847,"[96290, 60005, 48432, 103026, 66800, 34214, 59827, 756, 12421, 2180]"
113848,"[27717, 99702, 92264, 6619, 58017, 109232, 97842, 102643, 86117, 9939]"
113849,"[42383, 38012, 70482, 26377, 90740, 20662, 73678, 88234, 22689, 102948]"
113850,"[17027, 28570, 106493, 53857, 89740, 99367, 74232, 79607, 80959, 17038]"
113851,"[89653, 103392, 2587, 102650, 43560, 83036, 28982, 42397, 59330, 15247]"
113852,"[41681, 45508, 94335, 70100, 55351, 3992, 19691, 1381, 2630, 46448]"
113853,"[50746, 50773, 33168, 79852, 84561, 88130, 63184, 86093, 90866, 19466]"
113854,"[73597, 6818, 24339, 15337, 41394, 78147, 51521, 78136, 45228, 6438]"
113855,"[19180, 46696, 21695, 11536, 56364, 32470, 35957, 3719, 50652, 62696]"
113856,"[16649, 55986, 35428, 50879, 86124, 52620, 75132, 49473, 55264, 88286]"
113857,"[50010, 48115, 2424, 14086, 51691, 33470, 39761, 60297, 105881, 33337]"
113858,"[83550, 92979, 86241, 20056, 66510, 130, 83088, 106791, 1927, 29878]"
113859,"[57461, 106165, 109752, 68500, 53906, 31626, 66530, 56562, 75528, 74812]"
113860,"[63836, 42074, 58215, 12552, 89597, 50782, 46191, 49283, 87988, 56137]"
113861,"[51731, 105286, 9081, 46558, 29558, 34044, 2396, 64328, 7560, 21023]"
113862,"[58220, 6672, 40050, 7645, 77707, 30524, 65288, 78339, 22227, 18522]"
113863,"[67139, 75402, 94996, 58611, 40150, 42506, 94937, 43745, 37654, 105770]"
113864,"[101159, 26516, 21029, 11635, 38430, 9517, 75019, 9867, 16179, 72831]"
113865,"[23198, 38834, 55103, 1623, 51245, 46980, 53923, 64371, 87650, 13010]"
113866,"[9422, 105354, 91539, 46352, 67640, 15478, 28578, 75188, 10804, 108092]"
113867,"[44317, 76276, 73001, 60630, 86942, 104350, 24435, 62985, 68400, 85768]"
113868,"[10559, 106323, 13350, 67763, 78644, 27689, 24514, 49697, 63343, 26180]"
113869,"[61918, 99257, 45063, 5919, 57881, 20421, 56632, 25991, 18656, 16904]"
113870,"[83116, 64650, 86097, 38745, 31517, 60138, 106426, 7053, 7140, 90681]"
113871,"[98857, 25796, 91457, 94213, 108970, 55320, 12374, 38217, 48830, 26051]"
113872,"[105527, 71870, 100062, 24370, 20535, 64322, 39227, 104752, 46794, 56088]"
113873,"[29370, 88669, 55807, 68234, 42027, 50977, 66622, 2345, 57354, 45569]"
113874,"[78865, 93634, 88177, 35462, 14393, 75659, 100734, 79463, 53903, 94794]"
113875,"[77855, 105413, 73816, 94681, 96539, 39513, 18105, 26313, 7780, 30712]"
113876,"[40110, 53115, 103013, 13620, 11408, 30785, 21844, 27576, 90775, 8905]"
113877,"[76707, 45116, 25982, 79328, 15324, 18683, 101019, 21494, 104894, 89901]"
113878,"[109133, 90364, 71168, 18203, 17133, 40201, 81684, 105672, 19381, 88388]"
113879,"[89276, 33468, 55413, 10285, 22042, 27180, 95549, 105498, 64314, 74532]"
113880,"[24580, 60799, 82484, 44281, 70376, 32654, 76138, 58591, 11032, 100575]"
113881,"[52406, 75534, 61122, 78810, 12932, 87094, 94474, 30637, 91081, 68945]"
113882,"[66504, 9744, 70910, 53118, 10891, 24181, 21892, 77695, 94007, 70082]"
113883,"[26323, 85469, 59204, 69764, 52387, 63794, 100225, 15957, 51608, 80076]"
113884,"[83872, 16838, 14532, 106338, 101012, 48610, 98234, 55927, 72680, 25619]"
113885,"[52174, 95046, 6981, 107771, 25950, 2808, 21682, 71904, 6908, 22980]"
113886,"[61562, 105789, 19997, 8345, 20852, 32939, 42722, 103845, 79497, 78640]"
113887,"[7785, 78115, 98796, 40585, 16474, 98126, 16630, 28093, 51955, 96666]"
113888,"[77322, 4529, 22080, 1468, 5204, 195, 102167, 70828, 11695, 71059]"
113889,"[92848, 29424, 80437, 3137, 51331, 68995, 62685, 53096, 96954, 50533]"
113890,"[84700, 38532, 24770, 39773, 79608, 24844, 3094, 99468, 76857, 5645]"
113891,"[106698, 82515, 88083, 61718, 86772, 50653, 23361, 24040, 37897, 34425]"
113892,"[80867, 61254, 26254, 9914, 84759, 63703, 18184, 80302, 36698, 108209]"
113893,"[66372, 62116, 74222, 22235, 76727, 6582, 62050, 43881, 62141, 28697]"
113894,"[46889, 65764, 65682, 21425, 55936, 71266, 108483, 101540, 46154, 100618]"
113895,"[34016, 25474, 100150, 77592, 46123, 94808, 65985, 50556, 20906, 76052]"
113896,"[25884, 44286, 4458, 9328, 82302, 15400, 80653, 61907, 51383, 34559]"
113897,"[57795, 89630, 22617, 66837, 8118, 42226, 60491, 83707, 98511, 6420]"
113898,"[99340, 58862, 108720, 80304, 4640, 65921, 48375, 78798, 46864, 61102]"
113899,"[13647, 89876, 28341, 77577, 101334, 37567, 98888, 79276, 69542, 4727]"
113900,"[81521, 39890, 36429, 8999, 14310, 83875, 75404, 14689, 18689, 90222]"
113901,"[60189, 69591, 31406, 76059, 63097, 10856, 99843, 30654, 79670, 43846]"
113902,"[62358, 44266, 26587, 54684, 84578, 102415, 55143, 30776, 50223, 57635]"
113903,"[59441, 93801, 20022, 76943, 83714, 39664, 107494, 67863, 29037, 22237]"
113904,"[10741, 4005, 1180, 23458, 99882, 13637, 1775, 30601, 103060, 5113]"
113905,"[77842, 87734, 46363, 71517, 5964, 68725, 50614, 22395, 106900, 5646]"
113906,"[67291, 69143, 82236, 52014, 21816, 73134, 36957, 54427, 37444, 66058]"
113907,"[84403, 53696, 18172, 79756, 88458, 89770, 95405, 109609, 60472, 100793]"
113908,"[51552, 82739, 72387, 92632, 32883, 107855, 76322, 93009, 90823, 104010]"
113909,"[53853, 68125, 78189, 69253, 71975, 11248, 90216, 101337, 46012, 49047]"
113910,"[84968, 76411, 85536, 73141, 43222, 39693, 59248, 90357, 36768, 99961]"
113911,"[101167, 60928, 44023, 93049, 21048, 8136, 65618, 104989, 48703, 9838]"
113912,"[41706, 79315, 56266, 33315, 58906, 93268, 105896, 22713, 13151, 13557]"
113913,"[16794, 57460, 40325, 18614, 82134, 53360, 4406, 104435, 33008, 14499]"
113914,"[104139, 76912, 95630, 104957, 26182, 106498, 34265, 30350, 77647, 7031]"
113915,"[86507, 37082, 33305, 31368, 38101, 41628, 11781, 82942, 102597, 59113]"
113916,"[108126, 64205, 103817, 48765, 82141, 11482, 108812, 79428, 46787, 61515]"
113917,"[77147, 25728, 28769, 41524, 7355, 58073, 39846, 23351, 84702, 27230]"
113918,"[76700, 59131, 11909, 22081, 34373, 41865, 89865, 94720, 30561, 55530]"
113919,"[17223, 67868, 105711, 12514, 87005, 30821, 26451, 99761, 51235, 88032]"
113920,"[34581, 36067, 85294, 41647, 98560, 69352, 37263, 3858, 78503, 68481]"
113921,"[75906, 49011, 63117, 57734, 60327, 104239, 62638, 21497, 53079, 12341]"
113922,"[69317, 44587, 30106, 51471, 35519, 101657, 39806, 69891, 106878, 105857]"
113923,"[29474, 40405, 57311, 6143, 106502, 1499, 77362, 6305, 67104, 73936]"
113924,"[44756, 90075, 6445, 87967, 70976, 59463, 61573, 63455, 88698, 33057]"
113925,"[29427, 95737, 33177, 102713, 102292, 90390, 19389, 83954, 38411, 12589]"
113926,"[88099, 26498, 28212, 41698, 59487, 20651, 6492, 101098, 24397, 9148]"
113927,"[8537, 3778, 101333, 109307, 48771, 46804, 15230, 86331, 103472, 54346]"
113928,"[68257, 38948, 2618, 78420, 89820, 82641, 67782, 103231, 93624, 4823]"
113929,"[3611, 93217, 51706, 57008, 1394, 103087, 70374, 92586, 4574, 101565]"
113930,"[95083, 70866, 6468, 96898, 20657, 101486, 12056, 81285, 20086, 58106]"
113931,"[97849, 91033, 89523, 26644, 57449, 21500, 88320, 19062, 51907, 59397]"
113932,"[73175, 61471, 94850, 102747, 15649, 51803, 58574, 59361, 80669, 44583]"
113933,"[106781, 3817, 74264, 47905, 19753, 98076, 70277, 27835, 43928, 74669]"
113934,"[4906, 82171, 80722, 92720, 80928, 22536, 74046, 527, 75795, 79573]"
113935,"[91788, 109626, 51104, 41696, 21306, 95243, 26445, 99939, 70840, 58184]"
113936,"[12658, 41377, 2923, 23368, 74068, 38353, 62569, 103743, 109169, 74172]"
113937,"[28843, 20280, 23495, 100305, 68110, 54864, 41291, 91625, 104636, 93973]"
113938,"[21482, 98118, 57305, 86153, 9454, 12307, 109163, 38294, 57481, 102286]"
113939,"[81684, 17133, 71168, 18203, 40201, 109133, 105672, 7107, 19381, 53180]"
113940,"[80074, 76483, 55459, 59450, 34829, 3497, 48116, 74973, 48688, 106264]"
113941,"[93028, 80229, 22618, 46556, 74841, 61368, 106202, 105380, 14992, 84009]"
113942,"[80331, 21335, 65143, 98575, 97779, 86382, 81782, 13990, 36293, 92453]"
113943,"[71024, 86508, 101532, 57308, 80857, 12665, 94251, 83508, 20176, 62660]"
113944,"[92063, 84711, 94492, 82249, 47471, 86705, 63512, 77909, 108458, 54478]"
113945,"[34668, 10103, 77871, 91020, 26122, 47477, 46232, 79967, 26211, 86812]"
113946,"[101180, 101914, 61458, 56797, 19095, 59905, 18719, 95092, 74914, 87986]"
113947,"[1049, 54660, 19570, 23270, 97498, 105988, 51387, 82540, 79273, 1265]"
113948,"[73253, 3454, 106219, 53086, 49099, 29890, 99147, 92089, 95313, 77739]"
113949,"[94240, 80836, 4397, 60593, 23966, 36418, 13057, 28001, 56015, 56156]"
113950,"[76310, 24362, 71497, 102391, 35669, 4708, 70079, 16937, 57204, 107912]"
113951,"[50298, 17429, 77912, 59754, 86815, 87559, 48932, 19308, 67511, 103027]"
113952,"[5699, 36799, 51935, 26132, 27029, 95980, 101022, 54776, 90449, 75741]"
113953,"[43950, 39214, 26549, 34631, 76149, 92579, 52754, 330, 100122, 52772]"
113954,"[93055, 109774, 20488, 897, 40226, 86096, 68084, 47629, 2437, 46497]"
113955,"[48299, 104367, 103332, 5525, 26595, 39634, 46208, 68887, 105895, 94416]"
113956,"[89599, 49881, 17582, 88335, 85931, 91049, 103911, 30931, 84642, 98899]"
113957,"[15059, 53337, 79170, 11417, 60415, 62615, 44761, 91549, 82389, 26477]"
113958,"[41432, 26310, 53213, 13300, 62394, 95391, 105918, 49484, 107208, 73461]"
113959,"[91539, 105354, 9422, 46352, 66128, 67640, 15478, 28578, 47533, 10804]"
113960,"[3733, 38096, 72307, 6292, 22060, 75783, 2120, 24233, 44231, 29694]"
113961,"[40568, 23307, 66159, 20326, 32366, 61115, 80886, 78489, 65776, 25407]"
113962,"[47756, 78541, 104877, 76793, 33562, 48153, 24139, 27642, 41303, 71318]"
113963,"[104796, 96955, 55149, 55923, 58307, 26593, 108208, 28817, 90111, 6800]"
113964,"[101166, 6408, 106697, 45312, 1855, 79315, 13621, 2066, 50259, 23995]"
113965,"[54857, 70043, 44001, 109408, 10466, 93763, 108731, 72393, 19122, 99679]"
113966,"[54161, 73679, 73049, 42051, 24619, 54035, 57852, 50047, 65332, 27190]"
113967,"[49781, 84903, 8579, 60065, 59472, 90762, 66507, 58629, 101023, 26147]"
113968,"[4553, 46436, 107954, 7197, 73201, 39259, 82040, 30706, 24490, 4993]"
113969,"[24446, 93796, 53814, 22236, 108909, 22421, 14186, 91571, 14669, 64106]"
113970,"[99845, 14111, 6571, 83747, 29616, 101568, 39224, 82798, 90683, 42864]"
113971,"[99292, 9933, 89210, 54869, 54370, 70259, 3801, 28290, 96891, 101787]"
113972,"[80674, 101883, 25885, 108487, 95984, 12413, 34522, 14477, 36158, 67069]"
113973,"[46989, 30578, 40313, 85950, 62022, 104886, 4798, 3037, 102511, 57609]"
113974,"[83528, 64927, 35214, 104548, 67039, 92673, 46125, 41628, 65675, 33650]"
113975,"[108916, 106699, 80016, 7111, 62491, 61635, 62091, 103025, 75992, 59267]"
113976,"[69132, 77440, 102160, 10895, 22410, 102590, 39902, 53761, 37258, 75274]"
113977,"[1254, 8295, 44668, 32024, 80113, 35549, 100132, 24693, 16818, 36781]"
113978,"[91098, 63318, 91348, 7900, 37372, 72241, 44362, 5547, 58188, 35858]"
113979,"[77635, 90045, 43936, 38960, 20544, 82082, 16111, 17246, 30551, 8468]"
113980,"[90623, 19868, 75130, 43399, 33731, 37356, 7876, 2053, 13572, 21737]"
113981,"[57271, 21544, 14638, 33159, 77193, 50298, 24517, 6399, 24858, 32371]"
113982,"[95610, 11704, 44436, 1987, 23843, 92233, 104872, 84676, 9198, 13426]"
113983,"[72466, 71081, 81603, 43583, 98159, 27032, 66645, 21794, 87389, 79065]"
113984,"[97971, 49608, 65524, 12856, 6039, 4358, 43067, 95485, 53116, 75020]"
113985,"[77670, 79407, 62580, 3807, 37964, 71950, 41680, 21308, 48815, 107976]"
113986,"[9763, 38186, 29609, 70769, 41038, 89021, 4565, 101467, 96217, 11121]"
113987,"[32222, 106444, 75251, 30222, 19262, 86504, 35139, 23545, 93678, 32257]"
113988,"[25750, 93091, 32800, 41054, 8, 13369, 47126, 106833, 8284, 100882]"
113989,"[49256, 10914, 16553, 39387, 98222, 63451, 100465, 100125, 101069, 60220]"
113990,"[41838, 4147, 103501, 84168, 37682, 71600, 83881, 2204, 33332, 65350]"
113991,"[12005, 73668, 11688, 21353, 107527, 76798, 105865, 94844, 40710, 105388]"
113992,"[60447, 29869, 311, 56100, 2381, 83137, 7398, 39668, 105280, 1207]"
113993,"[93915, 9429, 108518, 1438, 102925, 12953, 29193, 50105, 95920, 86018]"
113994,"[289, 47139, 39742, 34536, 27269, 67025, 34744, 3943, 49298, 101439]"
113995,"[61521, 64577, 1410, 70380, 40410, 70283, 53219, 93572, 102107, 30853]"
113996,"[31943, 75130, 7876, 76893, 45532, 83490, 65290, 36202, 4327, 43628]"
113997,"[58038, 44220, 14095, 24132, 39176, 48758, 17495, 33789, 95922, 22676]"
113998,"[96308, 76846, 85633, 99288, 36225, 7191, 68360, 1721, 98067, 59619]"
113999,"[32922, 57753, 11265, 53968, 58754, 82898, 37133, 98599, 41859, 6848]"
114000,"[63555, 103421, 50083, 97893, 36434, 82163, 11898, 90697, 9467, 71908]"
114001,"[106705, 9572, 71175, 70615, 56955, 55202, 26693, 41737, 27888, 92925]"
114002,"[16732, 104741, 85095, 9334, 24376, 67474, 65542, 8379, 95359, 21729]"
114003,"[11746, 82023, 56200, 15771, 63650, 82606, 69440, 59239, 11602, 107606]"
114004,"[85918, 14140, 75127, 97500, 4441, 105099, 57694, 828, 54310, 101450]"
114005,"[102762, 44981, 97760, 33381, 98389, 54196, 74522, 53689, 6457, 66938]"
114006,"[91719, 64682, 12443, 50255, 73820, 39293, 22417, 33416, 74533, 104194]"
114007,"[48054, 55008, 29766, 57398, 17927, 108520, 80298, 64303, 42154, 47822]"
114008,"[39146, 41312, 97564, 37971, 94354, 61831, 40703, 57009, 16861, 36352]"
114009,"[92281, 71788, 96928, 14239, 47577, 70508, 7068, 79790, 19288, 102174]"
114010,"[104684, 107207, 57216, 7549, 97303, 65687, 103456, 74110, 59335, 16215]"
114011,"[90210, 95432, 14668, 77681, 3580, 33906, 21196, 36218, 63914, 14617]"
114012,"[100510, 46926, 108618, 34554, 39451, 26197, 14987, 35458, 82383, 98474]"
114013,"[42446, 62971, 59921, 27280, 82340, 35054, 107049, 49488, 65557, 73501]"
114014,"[57626, 60290, 4879, 101793, 46645, 105409, 5864, 75861, 4235, 97539]"
114015,"[22390, 5256, 70260, 86733, 26290, 101775, 109731, 23030, 23133, 18957]"
114016,"[17574, 64726, 16930, 67815, 46255, 52319, 89102, 30283, 18889, 44245]"
114017,"[33423, 64501, 41877, 66860, 39003, 18494, 43481, 90687, 9697, 63305]"
114018,"[34388, 92526, 45083, 11476, 18202, 59733, 80175, 3920, 53071, 41297]"
114019,"[28673, 89322, 63520, 96054, 10409, 70102, 40738, 22807, 46771, 73451]"
114020,"[38576, 58359, 109018, 68093, 24495, 77257, 44039, 34241, 1388, 22882]"
114021,"[37673, 64852, 65933, 32136, 91946, 84202, 103642, 2212, 21657, 4034]"
114022,"[96536, 45576, 79210, 12569, 64449, 20112, 80638, 64856, 31904, 6841]"
114023,"[85548, 14288, 45600, 94439, 102108, 9104, 27055, 88611, 44049, 4956]"
114024,"[106346, 30939, 86503, 46958, 45765, 21606, 4396, 31274, 5729, 10477]"
114025,"[76095, 100923, 40584, 19097, 67558, 91265, 74245, 71218, 15601, 24183]"
114026,"[29778, 29256, 87857, 55467, 63539, 72516, 108791, 72253, 55609, 105746]"
114027,"[54505, 65839, 72092, 16844, 1967, 7450, 10307, 80523, 90409, 18671]"
114028,"[69753, 20648, 10174, 34049, 85509, 46259, 77416, 56828, 91692, 67643]"
114029,"[62542, 78237, 8690, 1008, 3803, 22543, 65936, 54742, 101591, 14564]"
114030,"[31121, 42604, 36581, 90371, 88830, 87097, 46347, 4887, 93041, 84988]"
114031,"[53988, 94049, 105016, 84082, 53034, 36304, 27406, 23429, 30912, 2602]"
114032,"[87128, 90581, 59054, 51472, 109151, 39149, 104539, 100265, 28613, 50273]"
114033,"[37476, 102951, 51002, 12947, 27727, 37272, 40478, 37367, 51679, 12105]"
114034,"[82870, 50227, 107615, 69337, 35651, 22485, 39264, 51480, 70267, 37744]"
114035,"[32576, 58952, 1842, 50672, 31345, 67974, 87534, 3444, 50698, 74678]"
114036,"[103551, 104297, 80947, 66240, 73992, 28760, 72832, 54698, 360, 20054]"
114037,"[84320, 85352, 84727, 84909, 29997, 58244, 3953, 71966, 93684, 36596]"
114038,"[28396, 17148, 4213, 41657, 22535, 99031, 84052, 97748, 89080, 77013]"
114039,"[5345, 61872, 55179, 69242, 4251, 80984, 42834, 81835, 33692, 18898]"
114040,"[77395, 35016, 46751, 24731, 64550, 72958, 82339, 17579, 9393, 100762]"
114041,"[41515, 20864, 106364, 54930, 87976, 78903, 43568, 22975, 83857, 28452]"
114042,"[101954, 88022, 72527, 90648, 34352, 36715, 45108, 70493, 83103, 6499]"
114043,"[86352, 105634, 35392, 40874, 44419, 18638, 16025, 73855, 8469, 84918]"
114044,"[101430, 104387, 54634, 91630, 15660, 98499, 57854, 8783, 50367, 40753]"
114045,"[8884, 49742, 57116, 38502, 1546, 8967, 58917, 98831, 69862, 37164]"
114046,"[19226, 53391, 24172, 24135, 43708, 29026, 93905, 94776, 72881, 58481]"
114047,"[5624, 97172, 100545, 32946, 50357, 95949, 18445, 96460, 72627, 95096]"
114048,"[80655, 30493, 18947, 23817, 91622, 77844, 61535, 23820, 68331, 84323]"
114049,"[59898, 76539, 61924, 36522, 32026, 46050, 19754, 30497, 94874, 70307]"
114050,"[76149, 70913, 90661, 36216, 93186, 86319, 91745, 8708, 27452, 92593]"
114051,"[108876, 60826, 80319, 98839, 103457, 22013, 10688, 56429, 27903, 52647]"
114052,"[42198, 32617, 82297, 83772, 37546, 38678, 59764, 77958, 47551, 56337]"
114053,"[23225, 4786, 97671, 7586, 31416, 60687, 55785, 27677, 109065, 16391]"
114054,"[7617, 15761, 47301, 103140, 35023, 21080, 54664, 24183, 87398, 94443]"
114055,"[49096, 53710, 30529, 63792, 91303, 79886, 79880, 51577, 38152, 96544]"
114056,"[43237, 73344, 94327, 17377, 36550, 64051, 103599, 53296, 45820, 34666]"
114057,"[61491, 13656, 10262, 107152, 97868, 11206, 67306, 21959, 83770, 71754]"
114058,"[84248, 103855, 28060, 60035, 87876, 129, 66357, 30046, 28643, 54417]"
114059,"[93499, 78308, 101057, 106460, 40347, 98095, 52264, 88120, 76608, 76477]"
114060,"[24435, 14955, 32390, 58774, 32921, 3001, 12275, 52668, 5865, 41716]"
114061,"[12561, 46366, 41672, 88024, 105810, 46991, 14482, 54984, 11016, 76121]"
114062,"[51544, 72929, 23472, 100322, 34709, 102870, 104081, 67758, 27766, 55969]"
114063,"[57541, 4483, 106334, 25850, 90883, 78464, 89061, 86464, 107384, 67995]"
114064,"[80089, 33892, 13585, 27986, 92140, 83363, 30420, 65945, 58139, 97054]"
114065,"[72430, 98976, 68516, 73265, 14891, 43083, 13080, 58568, 68713, 8924]"
114066,"[61878, 22087, 59162, 13744, 64059, 54735, 67297, 26472, 109728, 94934]"
114067,"[93695, 49574, 28974, 35224, 78765, 75478, 21001, 34650, 45611, 57412]"
114068,"[22341, 7139, 84686, 20628, 100503, 10198, 88548, 33446, 12412, 17898]"
114069,"[95458, 12802, 83173, 51443, 9089, 17930, 98903, 34415, 87236, 61075]"
114070,"[7168, 34294, 77738, 47306, 84940, 22430, 75608, 35757, 62910, 82231]"
114071,"[92650, 62695, 3984, 105870, 38170, 42395, 29021, 104543, 45080, 81319]"
114072,"[7807, 81789, 53848, 60720, 102981, 63705, 56679, 43030, 42521, 41812]"
114073,"[102412, 91235, 24303, 10535, 67774, 92207, 17172, 14262, 26612, 53645]"
114074,"[44333, 82983, 28937, 22400, 91394, 23962, 83570, 66322, 21881, 359]"
114075,"[41707, 12102, 40684, 72411, 3317, 51255, 99915, 89688, 62582, 4967]"
114076,"[695, 83710, 90719, 103111, 22505, 79795, 87224, 93917, 10338, 73223]"
114077,"[62956, 64562, 27833, 45895, 41448, 4559, 83221, 108377, 72967, 40726]"
114078,"[97413, 68906, 15671, 69833, 67939, 16767, 17869, 99351, 43779, 12111]"
114079,"[49502, 2906, 21972, 55383, 99144, 94394, 18012, 32835, 45069, 59354]"
114080,"[86282, 41451, 38078, 19845, 100250, 45082, 1073, 94475, 99614, 34919]"
114081,"[80378, 39836, 6898, 16447, 103466, 8898, 35075, 50982, 30047, 37969]"
114082,"[71859, 109201, 84441, 25140, 18670, 100576, 81170, 91366, 31041, 81641]"
114083,"[37230, 81487, 90719, 99102, 103111, 93664, 69184, 269, 72040, 52407]"
114084,"[104514, 52833, 42662, 82112, 45226, 29731, 13084, 101833, 11761, 101888]"
114085,"[67586, 3275, 24515, 18754, 19320, 1197, 42977, 43612, 87358, 60694]"
114086,"[24048, 34467, 4051, 91148, 14725, 5212, 101153, 40202, 70883, 95174]"
114087,"[53596, 92820, 77369, 59935, 74170, 80418, 59269, 14229, 32944, 105900]"
114088,"[41898, 103702, 74722, 79754, 109132, 76881, 59723, 71076, 106802, 99234]"
114089,"[42248, 63584, 99876, 60803, 16466, 38306, 59327, 56109, 89819, 36931]"
114090,"[52931, 49909, 27841, 4687, 101173, 30955, 85251, 23739, 100444, 84601]"
114091,"[105629, 83751, 8619, 6085, 106113, 100071, 93977, 78936, 93089, 91935]"
114092,"[15926, 60253, 51990, 18803, 35488, 52847, 14442, 88441, 102776, 57442]"
114093,"[60721, 39950, 75489, 23607, 93361, 1694, 89548, 59590, 94610, 83421]"
114094,"[2752, 14386, 30812, 58632, 36307, 84771, 30584, 28849, 11381, 28926]"
114095,"[15395, 93916, 98850, 89697, 59830, 73651, 89095, 61022, 42627, 108623]"
114096,"[22600, 96899, 16163, 51742, 64262, 97384, 40148, 49273, 32286, 7840]"
114097,"[41621, 67662, 92564, 62683, 38675, 19073, 63209, 84773, 20295, 10028]"
114098,"[88909, 58809, 88372, 36180, 59964, 22158, 66347, 1850, 38381, 3940]"
114099,"[31290, 106945, 94419, 29007, 52559, 44657, 9243, 27225, 73583, 58552]"
114100,"[55618, 40332, 57557, 51923, 4601, 6906, 47926, 99707, 31445, 47716]"
114101,"[88702, 2292, 45385, 75004, 93445, 57593, 6744, 24676, 84007, 4618]"
114102,"[9836, 2096, 3272, 89280, 38393, 15690, 24204, 23168, 83457, 80827]"
114103,"[72805, 101892, 87415, 12440, 8661, 32994, 41343, 8177, 26315, 19703]"
114104,"[39651, 52770, 28862, 82494, 99742, 107866, 48200, 43784, 42864, 61455]"
114105,"[73499, 47273, 23940, 52454, 88859, 60178, 65538, 9941, 70028, 79675]"
114106,"[94144, 54664, 88730, 49496, 4878, 33352, 35629, 20709, 49295, 57683]"
114107,"[63780, 105892, 2170, 78809, 88684, 93887, 37653, 85455, 97492, 54805]"
114108,"[70246, 61967, 50267, 95398, 49976, 21068, 19458, 87871, 85281, 43254]"
114109,"[89602, 23553, 71922, 95637, 35532, 83023, 13642, 19045, 107631, 19774]"
114110,"[80627, 93317, 26798, 84796, 106408, 41828, 58458, 93910, 51645, 32288]"
114111,"[67197, 38537, 34221, 61858, 91038, 28787, 55578, 16145, 47501, 78202]"
114112,"[101644, 55024, 85706, 90902, 63426, 61926, 34797, 98819, 48042, 18842]"
114113,"[70673, 81975, 17882, 27528, 97217, 24058, 71467, 13223, 89806, 78546]"
114114,"[23821, 81876, 65207, 10459, 57368, 81203, 86372, 10922, 91251, 67475]"
114115,"[106263, 39640, 104384, 67116, 87787, 28169, 54278, 92819, 46379, 109248]"
114116,"[17882, 27528, 78546, 81975, 70673, 97217, 24058, 71467, 89806, 79707]"
114117,"[99549, 28238, 100339, 19923, 87888, 12002, 55316, 87628, 15057, 39492]"
114118,"[80840, 62330, 14224, 49238, 74763, 39735, 63380, 104011, 5808, 42156]"
114119,"[74375, 2750, 81947, 7118, 43498, 39647, 10483, 105392, 85113, 99500]"
114120,"[77197, 6611, 11429, 23490, 58482, 71581, 13715, 91967, 13004, 85520]"
114121,"[55651, 91821, 75968, 13729, 57973, 46633, 52543, 33433, 25650, 20307]"
114122,"[13232, 62587, 41399, 84618, 48515, 101561, 6895, 7631, 22195, 2681]"
114123,"[13855, 85871, 28579, 37962, 30991, 53316, 44508, 103878, 28863, 61004]"
114124,"[11901, 84, 102884, 64149, 101117, 83094, 35246, 55577, 25637, 59264]"
114125,"[28593, 84878, 17407, 29525, 73768, 99382, 57760, 74342, 99518, 74270]"
114126,"[98906, 15789, 83372, 5526, 92981, 26538, 85436, 64161, 92409, 66223]"
114127,"[109119, 41031, 79272, 75671, 30015, 36925, 54648, 16228, 106712, 35688]"
114128,"[78037, 6129, 7461, 328, 52144, 6999, 49730, 65297, 36832, 44767]"
114129,"[95875, 59191, 43483, 13001, 67887, 46092, 1665, 60704, 32927, 65575]"
114130,"[33180, 97696, 66857, 9611, 87515, 17908, 14941, 29119, 35369, 48327]"
114131,"[63294, 96092, 89956, 5611, 58284, 29818, 92488, 104611, 75642, 102578]"
114132,"[80047, 52599, 10680, 8166, 80586, 19416, 3539, 89355, 20838, 68853]"
114133,"[46227, 11190, 88682, 94019, 57316, 14164, 38281, 9720, 13713, 42807]"
114134,"[86348, 88672, 65507, 81956, 21020, 100983, 44617, 65309, 18762, 47858]"
114135,"[52847, 51990, 15926, 18803, 35488, 104704, 13817, 57442, 71600, 102776]"
114136,"[47750, 99654, 51712, 27982, 50932, 85900, 75121, 14587, 102630, 93394]"
114137,"[60593, 80836, 13057, 20973, 23966, 94240, 4397, 56015, 28001, 71748]"
114138,"[14866, 4533, 35065, 89555, 60215, 35778, 14671, 33939, 59558, 8870]"
114139,"[91911, 26655, 45993, 18239, 2094, 24080, 90013, 89483, 9583, 94563]"
114140,"[52838, 26161, 14104, 31372, 28380, 109609, 46695, 72416, 70678, 88458]"
114141,"[25654, 63746, 58778, 15025, 63981, 32795, 206, 69600, 84977, 102942]"
114142,"[46639, 22427, 15967, 106164, 57773, 36182, 105876, 45492, 24053, 97103]"
114143,"[79468, 36214, 93000, 106575, 3859, 9004, 73411, 78704, 14606, 54655]"
114144,"[11482, 31953, 79428, 108812, 48765, 79460, 108126, 75607, 4891, 51617]"
114145,"[35379, 26806, 1087, 53124, 62750, 88317, 2123, 39108, 40390, 103066]"
114146,"[81556, 38442, 71944, 89829, 37039, 65735, 17587, 36187, 66737, 63263]"
114147,"[47880, 3281, 76251, 85615, 24956, 1785, 98952, 102284, 89309, 75192]"
114148,"[97624, 75413, 94781, 11484, 69216, 6603, 101680, 6842, 6402, 65185]"
114149,"[46182, 66941, 84481, 102062, 56511, 94803, 108965, 78922, 9503, 94509]"
114150,"[62785, 12799, 6540, 54402, 28741, 19460, 74639, 5835, 63533, 48456]"
114151,"[60447, 29869, 311, 70135, 101895, 39668, 90061, 83137, 19592, 68363]"
114152,"[498, 96636, 11341, 59788, 43723, 48147, 66528, 51257, 67530, 51570]"
114153,"[867, 100675, 90162, 41132, 58127, 10473, 35129, 107116, 41123, 39138]"
114154,"[12315, 49786, 80642, 97370, 12679, 20828, 81986, 10484, 22046, 69127]"
114155,"[97936, 59703, 103794, 30949, 11494, 62891, 63870, 108540, 76450, 46982]"
114156,"[46918, 89242, 69916, 6246, 45056, 85902, 58254, 42303, 31645, 26402]"
114157,"[45665, 92949, 8249, 94410, 4013, 66571, 56204, 66327, 41742, 16677]"
114158,"[59335, 16215, 65687, 12342, 83546, 107207, 97303, 104684, 97756, 11715]"
114159,"[56460, 56365, 2935, 69577, 74305, 99266, 99866, 82220, 37045, 93180]"
114160,"[102930, 65468, 60296, 5271, 60816, 11665, 50640, 13731, 77612, 7260]"
114161,"[92087, 69827, 94946, 77757, 78080, 95303, 45538, 38006, 88289, 72642]"
114162,"[65371, 65475, 90423, 81220, 103542, 80178, 87561, 92399, 8672, 101714]"
114163,"[90759, 78776, 42600, 86351, 94047, 57931, 100298, 20012, 72047, 32634]"
114164,"[41412, 104792, 55101, 39112, 49138, 45283, 106626, 46747, 104696, 39162]"
114165,"[82316, 51865, 101027, 79896, 66723, 76506, 71940, 81419, 99381, 102208]"
114166,"[87829, 4459, 20934, 81195, 63295, 11060, 40272, 94231, 77814, 100042]"
114167,"[28827, 13332, 14082, 81127, 67565, 20831, 76061, 82290, 27742, 100715]"
114168,"[29858, 31897, 13569, 29993, 73445, 105095, 76900, 12776, 18801, 65093]"
114169,"[46059, 4749, 28596, 75267, 108349, 139, 94086, 30121, 15442, 70286]"
114170,"[97571, 63357, 30164, 51090, 68538, 3987, 9636, 75500, 27171, 96977]"
114171,"[3307, 7202, 15689, 62789, 59862, 23114, 41114, 62065, 72342, 40563]"
114172,"[89768, 71932, 39050, 18237, 109432, 60142, 97189, 44293, 67051, 95278]"
114173,"[50612, 28282, 24116, 39362, 19906, 54627, 50809, 25193, 16730, 10919]"
114174,"[34495, 8180, 22854, 52842, 5376, 105987, 106393, 42151, 86037, 12097]"
114175,"[98548, 11472, 20734, 772, 90269, 38514, 37676, 61488, 51127, 44171]"
114176,"[93135, 7950, 17892, 33898, 63035, 291, 8824, 58018, 68809, 103835]"
114177,"[60497, 11288, 40397, 101094, 8885, 86593, 12844, 40772, 78682, 21594]"
114178,"[70862, 80023, 44536, 16809, 84698, 23646, 107766, 55619, 68055, 8974]"
114179,"[9839, 54816, 84012, 68515, 104019, 79104, 5281, 64247, 42060, 80083]"
114180,"[14092, 59464, 8253, 19954, 107267, 52691, 72483, 16038, 18536, 32475]"
114181,"[48858, 56041, 60628, 93712, 57819, 58103, 73945, 14321, 32705, 6838]"
114182,"[5518, 102302, 3028, 282, 8649, 62540, 90614, 76825, 11793, 106957]"
114183,"[101467, 37507, 29609, 38186, 41038, 70769, 4565, 89021, 2279, 9763]"
114184,"[72165, 13251, 83630, 55849, 81801, 6599, 32270, 95854, 55010, 90863]"
114185,"[46281, 36567, 29578, 27628, 96707, 62546, 34161, 56324, 82722, 68103]"
114186,"[64252, 65686, 43642, 15325, 2910, 20865, 34324, 44283, 95489, 28810]"
114187,"[87293, 91034, 80233, 43243, 13269, 100415, 66163, 7018, 97572, 27598]"
114188,"[85667, 59993, 99118, 54157, 104199, 79574, 84097, 64587, 67865, 74149]"
114189,"[34799, 101487, 82683, 20058, 74416, 70713, 12683, 76547, 102464, 39906]"
114190,"[71790, 60232, 88209, 90489, 30542, 48514, 74850, 101426, 104954, 11237]"
114191,"[86046, 7899, 109650, 100732, 13500, 15967, 76185, 85465, 75069, 53809]"
114192,"[52291, 33856, 98668, 103364, 23753, 62621, 16983, 25253, 27082, 19177]"
114193,"[71829, 71408, 24873, 52771, 62996, 105633, 27666, 93252, 51124, 105919]"
114194,"[51196, 63881, 67310, 41921, 66186, 94892, 51940, 77559, 3354, 37527]"
114195,"[47688, 76435, 5522, 25533, 40197, 86007, 45490, 96138, 30587, 4607]"
114196,"[107361, 27439, 91823, 59346, 96943, 69252, 20037, 6763, 4514, 109246]"
114197,"[12546, 8748, 64596, 76154, 92092, 43301, 73355, 107612, 56347, 2750]"
114198,"[60258, 54081, 296, 80337, 72785, 21041, 77990, 105256, 13275, 37215]"
114199,"[55463, 44002, 26481, 83098, 103536, 48522, 54461, 93654, 76344, 73758]"
114200,"[26566, 20781, 83884, 64814, 108763, 107167, 10649, 26763, 25223, 70047]"
114201,"[45530, 15775, 82707, 104679, 66422, 38864, 28962, 32360, 52212, 55670]"
114202,"[54345, 88459, 23942, 102767, 30642, 45591, 20819, 104057, 109651, 104247]"
114203,"[93973, 106704, 88516, 92584, 22313, 13680, 66190, 104636, 84789, 92431]"
114204,"[349, 88896, 109191, 93381, 78615, 95408, 72092, 61298, 42493, 24586]"
114205,"[102029, 29109, 49344, 80693, 107870, 104150, 46637, 74217, 64345, 9819]"
114206,"[96347, 15985, 55993, 54162, 22208, 7793, 84629, 57987, 46133, 1804]"
114207,"[5612, 13837, 77103, 28560, 77532, 44773, 34761, 107218, 75124, 24612]"
114208,"[11079, 36222, 70627, 100148, 49673, 12837, 62977, 25572, 60969, 96596]"
114209,"[15316, 52606, 85802, 8521, 45811, 19259, 71229, 87123, 29116, 34957]"
114210,"[102459, 101247, 26139, 37543, 10306, 46713, 15889, 94601, 69047, 29724]"
114211,"[95992, 22694, 47976, 89099, 72071, 107865, 39102, 89343, 47805, 44927]"
114212,"[5054, 89713, 71782, 106117, 107460, 85803, 42793, 32607, 106918, 47632]"
114213,"[82250, 78265, 73382, 63901, 40639, 19958, 8324, 37592, 36408, 5888]"
114214,"[22035, 68812, 49153, 78508, 14201, 92636, 43691, 39057, 70632, 42531]"
114215,"[1436, 92047, 30814, 94663, 81492, 29319, 104058, 70687, 31051, 68884]"
114216,"[32722, 74209, 32779, 107634, 16324, 58531, 71153, 75847, 34333, 22779]"
114217,"[107680, 19467, 96060, 53997, 65528, 104464, 66257, 106181, 19283, 81090]"
114218,"[44652, 17053, 30401, 18669, 106786, 49190, 95639, 42253, 103958, 84234]"
114219,"[94432, 20678, 80350, 19061, 60201, 41811, 51757, 106885, 1592, 25495]"
114220,"[53807, 74737, 41237, 94251, 77227, 55859, 101133, 86508, 104110, 41892]"
114221,"[99246, 107856, 6595, 83911, 75696, 22945, 17347, 47871, 86601, 62046]"
114222,"[102189, 41012, 63166, 32925, 79125, 5416, 103161, 52040, 77071, 62426]"
114223,"[31370, 102614, 105654, 79958, 52404, 68096, 35065, 69553, 12378, 71691]"
114224,"[48020, 54911, 46967, 9984, 20999, 100562, 50721, 71608, 6160, 60630]"
114225,"[38104, 43768, 33808, 61670, 71998, 58449, 57567, 58419, 49955, 28870]"
114226,"[29198, 9418, 10072, 1373, 35073, 58423, 13652, 60189, 80618, 109091]"
114227,"[10457, 45281, 109600, 50466, 37928, 21081, 91727, 93802, 88997, 4356]"
114228,"[18374, 106251, 76171, 94734, 44218, 65226, 8467, 104355, 334, 82605]"
114229,"[60559, 38398, 66393, 42714, 11942, 50822, 73843, 56109, 57013, 27529]"
114230,"[78814, 82888, 12395, 108982, 98342, 16823, 40863, 53161, 23783, 61850]"
114231,"[27769, 87534, 3444, 8483, 1842, 50698, 74678, 81933, 68153, 58349]"
114232,"[20585, 95979, 22561, 73255, 102821, 79005, 33956, 56231, 13504, 28833]"
114233,"[85522, 56496, 15408, 55562, 66301, 52644, 108912, 9301, 66418, 72830]"
114234,"[2691, 71069, 61159, 5287, 7489, 57649, 79032, 96708, 2155, 73452]"
114235,"[107623, 48882, 101170, 74464, 8203, 91161, 30901, 71880, 72453, 4068]"
114236,"[10131, 15355, 68810, 20710, 33313, 60380, 12680, 69400, 1547, 56059]"
114237,"[85939, 90310, 106369, 43031, 31494, 75837, 74448, 61786, 13311, 30237]"
114238,"[38562, 68527, 77990, 53452, 21041, 64007, 86871, 54081, 104912, 22533]"
114239,"[40587, 66225, 47354, 63020, 59832, 71053, 82635, 97226, 10784, 19154]"
114240,"[32000, 17086, 82460, 5598, 106293, 1426, 100001, 4988, 12475, 53141]"
114241,"[77029, 55263, 105575, 66285, 88522, 92722, 56093, 104853, 4050, 64845]"
114242,"[108825, 788, 21401, 38606, 84139, 105624, 76195, 106283, 70328, 48371]"
114243,"[102399, 80237, 43046, 26715, 20773, 39862, 67730, 103891, 97258, 61013]"
114244,"[109219, 62205, 31246, 12712, 15380, 12858, 41830, 44398, 44127, 66277]"
114245,"[25944, 64737, 65046, 65223, 48048, 12634, 69884, 32809, 83656, 57932]"
114246,"[43329, 16144, 38517, 51184, 37077, 85435, 31715, 6186, 44750, 5747]"
114247,"[89392, 37369, 92907, 109109, 72078, 40192, 70237, 6612, 18999, 94054]"
114248,"[73443, 29938, 1694, 35896, 1245, 48832, 91384, 78697, 59590, 23607]"
114249,"[85626, 61654, 55972, 98119, 107989, 57545, 32002, 29714, 36495, 90068]"
114250,"[38241, 25519, 73426, 29325, 4027, 23475, 20401, 93338, 87019, 35193]"
114251,"[33064, 17389, 29728, 25452, 4748, 86361, 7110, 85867, 84852, 42020]"
114252,"[43118, 85662, 90524, 42435, 38230, 82084, 72244, 105041, 85089, 106246]"
114253,"[18021, 23480, 39870, 17915, 88824, 72117, 13996, 59977, 20407, 15388]"
114254,"[38330, 66443, 92669, 88360, 91473, 37266, 63968, 2991, 51583, 83162]"
114255,"[53676, 29265, 33201, 98360, 106477, 16793, 100643, 64203, 77891, 87038]"
114256,"[43332, 98813, 18206, 45968, 72589, 81842, 12165, 42418, 50397, 6692]"
114257,"[81889, 48501, 50275, 92175, 103729, 79589, 106559, 106654, 41375, 73891]"
114258,"[36992, 50107, 96686, 30635, 8433, 82941, 81465, 20181, 81589, 46351]"
114259,"[72232, 42145, 74397, 1690, 97465, 14240, 52841, 5771, 47504, 59399]"
114260,"[103364, 16983, 25253, 19177, 33856, 98668, 52291, 3776, 81152, 96794]"
114261,"[102443, 33436, 27972, 61605, 10965, 50928, 9028, 47089, 98207, 36133]"
114262,"[12701, 94383, 22950, 19523, 37267, 17235, 84021, 24592, 40676, 7342]"
114263,"[7131, 33923, 22152, 58849, 88339, 60878, 95916, 29159, 3426, 44495]"
114264,"[60109, 39638, 93696, 75925, 88079, 93133, 25868, 60867, 22565, 93352]"
114265,"[83901, 29513, 3027, 44527, 78075, 51651, 99268, 45363, 73879, 84998]"
114266,"[99447, 12509, 64397, 4109, 796, 18998, 72791, 4432, 7393, 2040]"
114267,"[14565, 24658, 67977, 33399, 1218, 59717, 4404, 67818, 36850, 27758]"
114268,"[42873, 3040, 21983, 28447, 64238, 108231, 70554, 66827, 42519, 47911]"
114269,"[83598, 8131, 42194, 16657, 87829, 51889, 4558, 99303, 68615, 69248]"
114270,"[84888, 35999, 12139, 71111, 76179, 99780, 81923, 106513, 52768, 78222]"
114271,"[16009, 73444, 31952, 79371, 105966, 57813, 94686, 47368, 38416, 70564]"
114272,"[106726, 68238, 8915, 80767, 47508, 3036, 90229, 27352, 6653, 108907]"
114273,"[53933, 96755, 91274, 41886, 28310, 63706, 56763, 71843, 16011, 68263]"
114274,"[71905, 104412, 78197, 107672, 201, 89968, 37239, 81257, 44637, 87597]"
114275,"[84514, 12748, 16505, 101421, 67950, 36366, 31861, 47112, 105757, 85961]"
114276,"[83929, 63534, 63379, 29926, 2270, 29666, 23850, 7991, 16525, 72617]"
114277,"[71131, 21686, 13244, 69596, 30015, 35688, 93243, 10937, 107596, 63135]"
114278,"[60481, 31721, 29945, 97434, 49483, 1452, 67809, 38909, 66509, 16476]"
114279,"[26152, 48575, 61783, 79528, 109702, 68056, 15666, 59443, 11958, 68692]"
114280,"[921, 18831, 55126, 92071, 86440, 37289, 75076, 21018, 32351, 29490]"
114281,"[36384, 87953, 48598, 37742, 93879, 16535, 56856, 63816, 28797, 82965]"
114282,"[95932, 7270, 21105, 11176, 65481, 18001, 15854, 83256, 58836, 109488]"
114283,"[63007, 13597, 91701, 840, 96069, 77591, 101142, 72202, 54238, 77190]"
114284,"[108430, 69957, 32016, 86884, 78591, 70552, 73015, 10559, 48897, 35460]"
114285,"[95319, 6053, 34825, 17309, 101919, 86824, 29215, 8739, 34517, 28861]"
114286,"[89304, 6307, 59586, 16812, 67600, 36049, 67487, 97601, 60942, 25458]"
114287,"[104449, 102632, 423, 79713, 76601, 23669, 8757, 72670, 39944, 80423]"
114288,"[79102, 12889, 52544, 43969, 18616, 109041, 29541, 88002, 37929, 106328]"
114289,"[64797, 95058, 57817, 88327, 33138, 43221, 102019, 93378, 69203, 22224]"
114290,"[34772, 76055, 65087, 81104, 78123, 5333, 53152, 58410, 64548, 90278]"
114291,"[104520, 13899, 63008, 58678, 99503, 41034, 104696, 48408, 4204, 49138]"
114292,"[105664, 30492, 79000, 11795, 96209, 91451, 95642, 40694, 97577, 63858]"
114293,"[56871, 97682, 95940, 107602, 2514, 21948, 101050, 4852, 56106, 73490]"
114294,"[60565, 33721, 87840, 45403, 45341, 76051, 51764, 74280, 109632, 52122]"
114295,"[105417, 15669, 91783, 43084, 63317, 12083, 96988, 23953, 8090, 42684]"
114296,"[34862, 77786, 91406, 14853, 50718, 19783, 46796, 2019, 17216, 87037]"
114297,"[44677, 101281, 55867, 79470, 101863, 28690, 5292, 66780, 83889, 61863]"
114298,"[107867, 88131, 41105, 39141, 71663, 62655, 85421, 28107, 22546, 70714]"
114299,"[55727, 100174, 16349, 75802, 19386, 7230, 27818, 113, 109400, 34934]"
114300,"[81540, 12788, 98748, 66659, 31950, 23466, 40279, 40960, 25393, 3702]"
114301,"[15363, 50050, 53838, 50500, 31575, 61861, 5684, 106018, 4662, 36846]"
114302,"[37377, 81561, 103522, 20941, 9508, 47956, 60926, 107713, 83770, 71754]"
114303,"[106634, 67423, 52323, 104207, 97243, 89272, 96972, 74295, 37245, 45949]"
114304,"[84675, 25683, 56590, 48245, 14224, 43583, 66503, 18609, 33572, 108852]"
114305,"[63715, 39441, 59920, 21135, 45276, 86185, 43299, 19934, 57453, 87758]"
114306,"[35910, 21325, 9042, 14989, 14131, 102149, 33017, 43698, 8502, 33986]"
114307,"[74775, 48283, 90548, 47814, 3202, 77383, 42429, 69240, 84537, 100902]"
114308,"[88705, 17605, 39991, 72314, 67037, 44488, 19800, 57610, 83470, 103117]"
114309,"[4656, 42690, 92891, 32143, 104918, 32878, 64311, 91254, 55137, 86069]"
114310,"[5036, 66992, 105405, 89183, 2672, 60520, 3422, 84302, 20679, 74579]"
114311,"[68991, 62256, 39100, 13721, 89171, 27064, 32584, 71696, 87814, 75179]"
114312,"[88984, 35366, 16167, 95366, 17319, 48850, 37807, 99717, 49805, 29731]"
114313,"[43522, 70363, 88106, 103607, 10674, 63186, 37427, 57071, 73618, 16924]"
114314,"[87472, 52889, 49115, 19012, 65338, 78577, 12262, 94388, 218, 87382]"
114315,"[32504, 8892, 66713, 106483, 64800, 4426, 95965, 72085, 79142, 23147]"
114316,"[103390, 22027, 62886, 42741, 65442, 35849, 82892, 62850, 75871, 84288]"
114317,"[52891, 19575, 45955, 35234, 97493, 57087, 56645, 67686, 31102, 32661]"
114318,"[63441, 90694, 108520, 50568, 1928, 109211, 105696, 94906, 38905, 6974]"
114319,"[18823, 63645, 6521, 55853, 17473, 107819, 47843, 83208, 82570, 35661]"
114320,"[100082, 30639, 44341, 85782, 54197, 105675, 273, 91906, 23491, 94500]"
114321,"[5750, 66176, 4121, 102223, 67118, 51525, 22420, 728, 34824, 18804]"
114322,"[18674, 71913, 43377, 74989, 64948, 53493, 58207, 22922, 37307, 38367]"
114323,"[64749, 98633, 109247, 27323, 47627, 99568, 50141, 68685, 66579, 11772]"
114324,"[73382, 78265, 82250, 63901, 8324, 27369, 12141, 37592, 40639, 5888]"
114325,"[8045, 87208, 37852, 14967, 72064, 20523, 176, 46768, 45873, 102549]"
114326,"[10413, 97728, 105385, 87920, 9717, 79985, 69181, 103448, 86828, 77756]"
114327,"[24812, 21201, 33595, 64128, 54952, 78634, 66682, 14619, 89843, 52129]"
114328,"[61166, 86520, 95858, 81836, 17549, 89152, 71705, 38190, 44948, 28378]"
114329,"[39527, 83971, 50679, 26190, 68004, 7658, 61902, 56228, 81994, 27558]"
114330,"[57336, 1311, 60809, 43731, 88941, 1558, 23318, 38124, 59415, 65695]"
114331,"[55290, 79301, 100319, 89839, 58251, 72875, 85224, 8667, 70861, 45669]"
114332,"[52947, 73880, 101706, 75978, 94934, 25220, 32564, 21173, 109728, 49413]"
114333,"[86215, 55973, 49677, 95203, 38189, 109228, 38981, 15674, 101902, 94570]"
114334,"[55842, 49353, 3515, 57216, 7549, 98714, 31409, 46766, 104684, 37626]"
114335,"[99956, 104111, 47113, 35117, 44810, 7830, 53186, 5263, 17328, 15734]"
114336,"[26968, 23691, 27594, 38931, 2543, 66404, 17885, 36100, 60829, 106959]"
114337,"[97044, 107738, 103824, 45043, 40102, 26640, 71495, 72649, 27579, 56659]"
114338,"[30010, 94814, 10002, 27136, 90105, 80524, 14285, 11954, 65983, 107990]"
114339,"[97575, 1185, 15095, 21144, 2573, 68597, 81620, 109526, 52340, 60544]"
114340,"[80281, 17834, 26473, 60664, 1950, 11705, 27851, 26947, 12155, 80677]"
114341,"[29785, 38052, 48380, 30611, 60286, 6829, 67356, 13344, 39635, 1125]"
114342,"[1137, 59653, 65968, 84902, 63672, 35360, 29391, 5850, 19176, 36057]"
114343,"[60585, 4191, 34969, 1936, 27937, 25568, 7069, 48296, 15906, 98797]"
114344,"[57860, 89353, 73587, 91311, 93294, 17225, 102089, 90424, 59763, 96589]"
114345,"[4565, 11121, 28214, 29609, 38186, 93702, 56883, 41038, 89021, 73654]"
114346,"[17237, 3825, 30804, 34944, 16593, 74063, 105754, 6195, 53529, 104577]"
114347,"[25952, 93531, 91592, 99036, 97530, 31000, 80852, 100990, 67673, 67881]"
114348,"[36387, 11377, 22202, 89979, 28227, 102617, 107550, 45323, 104096, 8850]"
114349,"[41117, 14526, 93756, 41642, 32417, 54143, 38005, 67761, 71778, 69227]"
114350,"[99725, 65997, 66438, 31198, 5427, 56685, 72944, 97981, 54057, 89864]"
114351,"[81234, 71030, 4977, 24245, 94448, 43568, 92386, 13188, 28401, 48736]"
114352,"[95458, 98903, 12802, 83173, 51443, 9089, 17930, 79544, 32068, 39893]"
114353,"[37487, 513, 26258, 103487, 336, 52681, 15653, 39573, 45665, 15878]"
114354,"[35600, 72639, 67580, 51786, 55409, 31501, 12906, 46863, 96434, 75162]"
114355,"[3532, 17664, 68238, 13877, 24253, 18549, 58600, 47298, 23391, 63778]"
114356,"[20557, 85111, 102121, 36462, 68916, 87025, 87823, 63014, 54184, 18186]"
114357,"[39747, 88388, 63554, 55240, 10892, 7020, 103463, 7149, 91979, 93913]"
114358,"[105709, 97210, 26720, 46541, 6827, 21819, 61247, 61927, 20742, 52728]"
114359,"[103485, 55976, 66759, 62715, 61591, 49013, 100495, 107555, 13945, 28701]"
114360,"[103648, 30959, 60992, 63462, 90617, 51522, 21008, 26098, 47194, 94883]"
114361,"[22193, 48978, 91918, 64989, 70989, 38309, 37825, 103348, 13650, 16722]"
114362,"[76724, 47903, 96420, 54279, 27420, 24688, 32672, 30363, 700, 69435]"
114363,"[33029, 25856, 40862, 105369, 13728, 38137, 103630, 5138, 103890, 39781]"
114364,"[74608, 18324, 27328, 88118, 9799, 88740, 98837, 75532, 76919, 90807]"
114365,"[93615, 44459, 25478, 15542, 107641, 18317, 52511, 31661, 100651, 23505]"
114366,"[40910, 50803, 2241, 25140, 23993, 49975, 87461, 12993, 59607, 17450]"
114367,"[20587, 30765, 92686, 9062, 78068, 58424, 16889, 49475, 19102, 75118]"
114368,"[9230, 61200, 79232, 56925, 61767, 43063, 49071, 13349, 68977, 67740]"
114369,"[87458, 12629, 46819, 14605, 80693, 22068, 50303, 14830, 84336, 57538]"
114370,"[1419, 1494, 90112, 57168, 101866, 30228, 81926, 28779, 44076, 30093]"
114371,"[46843, 49767, 51510, 81159, 97599, 19369, 23004, 14265, 88845, 71141]"
114372,"[56817, 98150, 65803, 82502, 24914, 53525, 82483, 8736, 47283, 4891]"
114373,"[38093, 36102, 44252, 104198, 93001, 81009, 78569, 59511, 57069, 67364]"
114374,"[11989, 24404, 41101, 65030, 73232, 31105, 34605, 97747, 83050, 38150]"
114375,"[78453, 55913, 6904, 69234, 2729, 108217, 98501, 49928, 27744, 80730]"
114376,"[39902, 95016, 70012, 30685, 69132, 88831, 85960, 22410, 91636, 86925]"
114377,"[84607, 44702, 28688, 98535, 6844, 4316, 13105, 39575, 25629, 109427]"
114378,"[67548, 49029, 54435, 91055, 88600, 77851, 107774, 31212, 75097, 40051]"
114379,"[105986, 71541, 38180, 44217, 4446, 90006, 5171, 79847, 10654, 43545]"
114380,"[70262, 69366, 81854, 101808, 91536, 64257, 22023, 68953, 20578, 20151]"
114381,"[31853, 107113, 2822, 90255, 87892, 56622, 78662, 104040, 75790, 107175]"
114382,"[23173, 49910, 54553, 29209, 76248, 54551, 26584, 83056, 10332, 94138]"
114383,"[88874, 64650, 89817, 60138, 83116, 7140, 62633, 55704, 61232, 105328]"
114384,"[95645, 43527, 83880, 94242, 25255, 22102, 99754, 101131, 97502, 39348]"
114385,"[2916, 96908, 33641, 105026, 56693, 29960, 88927, 76936, 97176, 24530]"
114386,"[50213, 74510, 54980, 44248, 20000, 51132, 10398, 71488, 35430, 56819]"
114387,"[48266, 10369, 108480, 96914, 20759, 70029, 39224, 88216, 97764, 90282]"
114388,"[21226, 84323, 7774, 58341, 17492, 59569, 41001, 90217, 68331, 16704]"
114389,"[47920, 106518, 86523, 103210, 86795, 69274, 9242, 42692, 33764, 11347]"
114390,"[48102, 77409, 108218, 95231, 76655, 91510, 37429, 98616, 3376, 33609]"
114391,"[96860, 74007, 31735, 104282, 102482, 108447, 59457, 22109, 57607, 75827]"
114392,"[4904, 66992, 108358, 105405, 5036, 54195, 55723, 52277, 69928, 3422]"
114393,"[38428, 10596, 58375, 7121, 66542, 68629, 3439, 106818, 95368, 78254]"
114394,"[97984, 85343, 79501, 16269, 23293, 55209, 69857, 40352, 41818, 104443]"
114395,"[85323, 25411, 70484, 73306, 30870, 67043, 94310, 42131, 83501, 88159]"
114396,"[24459, 41900, 67857, 9274, 101228, 31157, 90442, 97008, 27215, 105042]"
114397,"[49908, 41683, 87639, 19240, 86816, 47384, 88562, 37145, 102841, 108916]"
114398,"[33785, 82756, 55358, 53557, 80404, 36038, 54671, 10932, 90091, 44430]"
114399,"[23537, 17953, 103640, 35533, 91839, 109388, 29682, 64026, 33266, 33328]"
114400,"[16228, 103952, 54648, 30015, 109119, 97995, 107596, 41031, 79272, 57302]"
114401,"[80856, 90767, 38268, 32825, 61246, 76694, 25615, 14992, 66830, 75035]"
114402,"[12230, 88159, 62482, 42131, 67043, 270, 27704, 6374, 75439, 54066]"
114403,"[26734, 12358, 85637, 99726, 55604, 92089, 14788, 16180, 53268, 49099]"
114404,"[34741, 16196, 63763, 106451, 59867, 47152, 31326, 40299, 34553, 88306]"
114405,"[9835, 84013, 72499, 3567, 2941, 3519, 14864, 108407, 26631, 41368]"
114406,"[105157, 30103, 46462, 93666, 86863, 42034, 9685, 107904, 23850, 2167]"
114407,"[93595, 28696, 58326, 100640, 106645, 31573, 75904, 18997, 51968, 47892]"
114408,"[74561, 80014, 8755, 106059, 54251, 65193, 97854, 85012, 21914, 72977]"
114409,"[91127, 71928, 52185, 69498, 715, 8039, 77726, 48521, 15438, 32803]"
114410,"[89818, 80647, 29038, 99905, 21467, 29462, 100024, 80753, 96543, 67918]"
114411,"[12960, 74610, 92416, 68504, 109067, 108061, 21915, 43305, 102218, 79788]"
114412,"[97672, 57645, 19658, 21829, 107322, 104922, 16935, 46413, 78253, 6101]"
114413,"[6928, 69409, 80452, 93356, 77547, 104609, 55753, 6930, 31109, 80663]"
114414,"[21477, 22590, 65435, 47916, 26724, 73369, 100498, 72656, 72952, 72413]"
114415,"[22274, 11100, 18157, 67169, 41007, 57579, 44409, 48535, 43498, 38738]"
114416,"[53392, 23595, 85955, 64078, 43094, 4679, 51363, 88357, 7975, 72585]"
114417,"[87953, 48598, 36384, 95252, 50794, 45189, 56856, 42713, 63816, 7957]"
114418,"[98940, 57159, 104638, 81884, 93462, 51529, 105925, 76470, 84941, 90206]"
114419,"[15379, 10609, 57999, 33537, 58206, 29499, 559, 62599, 21073, 101290]"
114420,"[22650, 66691, 315, 5786, 21016, 91891, 44615, 43047, 11601, 13759]"
114421,"[26287, 54507, 8076, 20349, 5871, 36630, 835, 97864, 58833, 61870]"
114422,"[50363, 2327, 9584, 101704, 22428, 6373, 52774, 30261, 90114, 86240]"
114423,"[72955, 16936, 59359, 63337, 108008, 22534, 20809, 3475, 85970, 94789]"
114424,"[26478, 77333, 54551, 76248, 99420, 95236, 27780, 2077, 49910, 89052]"
114425,"[75371, 15326, 93118, 96652, 48723, 2913, 104451, 48057, 98417, 55873]"
114426,"[104382, 40157, 37344, 31960, 44484, 89025, 70152, 24500, 105100, 73978]"
114427,"[5930, 73732, 84738, 47030, 94073, 61177, 22429, 77618, 85539, 1357]"
114428,"[18204, 15092, 65070, 79077, 76791, 12031, 82047, 59126, 10270, 49968]"
114429,"[69972, 31629, 10487, 52465, 49234, 56605, 72937, 2067, 29440, 68545]"
114430,"[26329, 106394, 55322, 4164, 22523, 65708, 43322, 32714, 75595, 51343]"
114431,"[63675, 74561, 80014, 8755, 106059, 54251, 65193, 64774, 85012, 21914]"
114432,"[3347, 26150, 39895, 101966, 39236, 67191, 81118, 87319, 61022, 83119]"
114433,"[14230, 80091, 38141, 105207, 41294, 79816, 71725, 62489, 62444, 10139]"
114434,"[25503, 4928, 32175, 90940, 29916, 60011, 30184, 66274, 24820, 50856]"
114435,"[40, 44667, 14762, 38900, 23023, 101373, 93966, 74199, 17542, 32757]"
114436,"[32612, 30213, 71256, 96734, 45090, 24337, 89693, 96326, 56307, 52195]"
114437,"[51298, 60652, 81279, 22190, 2869, 21405, 90451, 74474, 81659, 11250]"
114438,"[84192, 84476, 54657, 102443, 47542, 33436, 9028, 27972, 10965, 4694]"
114439,"[91706, 14531, 57739, 79876, 40181, 24675, 76315, 5431, 91924, 17439]"
114440,"[47405, 2105, 26418, 49492, 63221, 53837, 13335, 92156, 83744, 108263]"
114441,"[87718, 66955, 8279, 63812, 87361, 92278, 17420, 76781, 23248, 96796]"
114442,"[59250, 3871, 46952, 73006, 21893, 92035, 75456, 12251, 30220, 12766]"
114443,"[34553, 88306, 47256, 39884, 94393, 26466, 12017, 26256, 34741, 37294]"
114444,"[81366, 106763, 49774, 29317, 104507, 60221, 67327, 96508, 60446, 100249]"
114445,"[880, 91392, 28298, 23194, 3554, 81905, 59109, 39061, 73967, 75432]"
114446,"[92283, 50359, 20524, 28104, 56385, 104996, 35184, 43056, 76187, 37127]"
114447,"[32587, 13130, 10850, 50728, 56550, 40732, 20463, 46510, 96833, 53302]"
114448,"[122, 61738, 86659, 15807, 31124, 79543, 29667, 37477, 50908, 52751]"
114449,"[50637, 63229, 55569, 107734, 14826, 63327, 4364, 49040, 84970, 83007]"
114450,"[16650, 106811, 34054, 53370, 102287, 3318, 69965, 5572, 351, 14486]"
114451,"[50405, 52304, 76026, 82150, 102922, 107472, 1706, 98737, 34946, 22764]"
114452,"[43491, 106530, 55857, 80345, 28708, 13475, 67752, 16578, 17003, 20078]"
114453,"[48487, 52375, 29463, 98186, 83042, 52514, 75724, 88173, 56602, 61836]"
114454,"[78261, 62077, 102382, 5014, 75884, 45598, 45242, 75581, 23156, 63966]"
114455,"[102091, 19525, 55472, 33129, 75348, 22928, 78762, 14866, 54736, 59217]"
114456,"[90946, 27758, 5336, 54221, 82654, 90696, 85947, 103737, 32473, 53819]"
114457,"[103560, 84298, 27498, 88548, 2735, 6122, 12829, 94158, 96404, 54791]"
114458,"[81265, 59534, 49959, 88571, 20885, 1803, 1787, 72994, 24246, 26390]"
114459,"[63744, 61587, 11825, 109247, 13144, 84513, 38481, 18708, 15309, 29311]"
114460,"[67712, 61662, 91249, 92881, 32792, 106544, 60817, 32195, 77906, 86386]"
114461,"[74912, 82161, 16939, 87216, 105904, 17134, 99199, 95594, 59286, 9353]"
114462,"[98028, 89032, 46607, 20716, 26657, 31193, 99101, 40809, 5616, 71772]"
114463,"[35413, 3382, 97709, 109768, 94240, 61766, 14439, 92078, 108514, 71432]"
114464,"[67699, 102180, 25943, 35604, 89381, 99299, 81347, 43998, 11233, 10793]"
114465,"[6358, 35297, 38259, 58165, 24733, 21585, 31964, 62356, 37435, 98686]"
114466,"[39421, 13668, 75087, 10425, 14188, 64499, 93697, 70531, 92294, 85978]"
114467,"[35006, 89166, 76490, 40495, 45813, 23770, 60384, 91624, 64435, 68874]"
114468,"[51400, 104505, 63902, 83897, 109168, 34600, 75215, 84912, 53762, 80187]"
114469,"[64771, 23512, 44848, 107531, 61970, 45300, 78802, 104405, 102736, 20014]"
114470,"[29305, 27638, 5086, 34401, 56268, 8385, 65939, 34214, 79992, 3708]"
114471,"[46312, 39633, 90931, 87117, 50534, 78601, 4053, 7663, 47492, 97802]"
114472,"[73204, 27394, 39520, 108746, 33247, 82909, 15710, 101051, 67296, 83523]"
114473,"[11329, 54023, 46271, 96112, 33779, 87469, 22931, 61317, 56964, 59729]"
114474,"[27429, 14861, 66745, 49196, 13286, 43709, 66415, 51689, 74442, 38662]"
114475,"[92924, 104930, 56608, 9492, 23382, 82925, 109685, 86659, 87468, 37719]"
114476,"[50579, 14540, 45065, 69308, 27581, 5949, 60029, 85419, 5570, 37426]"
114477,"[878, 24585, 49797, 86529, 24983, 83992, 9883, 508, 104184, 14850]"
114478,"[81576, 58283, 73942, 25912, 8190, 95039, 89499, 69310, 95073, 90639]"
114479,"[102369, 89661, 60770, 109301, 96172, 9922, 17791, 166, 9798, 106004]"
114480,"[22594, 6904, 69234, 78453, 98501, 2729, 96219, 12986, 50003, 17682]"
114481,"[32377, 63212, 1534, 51721, 21121, 74164, 76496, 4619, 62630, 82748]"
114482,"[96096, 48683, 95249, 21155, 104034, 29236, 41578, 84468, 37855, 69527]"
114483,"[23377, 29846, 12304, 83716, 10248, 63254, 9260, 29264, 103077, 28202]"
114484,"[85537, 36986, 43500, 9968, 87252, 12136, 83452, 13062, 58125, 94170]"
114485,"[47005, 74252, 32671, 5079, 49570, 66147, 78201, 7758, 98941, 54679]"
114486,"[50801, 79641, 92986, 52990, 103612, 91044, 98366, 22016, 29323, 69760]"
114487,"[71505, 25224, 74131, 75611, 4354, 54907, 39316, 3715, 11287, 31447]"
114488,"[38308, 557, 941, 52315, 7359, 86025, 8310, 103562, 92048, 33908]"
114489,"[957, 25493, 105820, 54693, 17729, 65688, 21337, 43623, 52246, 5222]"
114490,"[79494, 19758, 36159, 13099, 47144, 19036, 54242, 66107, 102061, 106086]"
114491,"[29410, 79054, 22523, 25196, 103020, 14058, 35300, 13711, 99702, 26010]"
114492,"[55683, 1413, 8790, 14005, 69480, 43993, 35048, 14580, 102877, 61140]"
114493,"[21055, 64710, 68164, 29263, 67844, 60980, 99447, 78615, 9950, 2792]"
114494,"[62056, 49416, 63461, 96270, 75580, 105230, 61524, 85105, 40101, 31907]"
114495,"[47377, 10654, 19303, 4446, 69357, 105986, 43545, 47829, 19714, 37279]"
114496,"[35602, 109490, 23418, 11438, 52512, 24011, 13473, 90060, 102527, 26322]"
114497,"[47083, 43719, 80439, 89361, 65436, 56383, 83016, 57666, 26996, 92675]"
114498,"[10795, 96594, 88121, 73561, 83874, 96731, 45999, 16687, 20726, 91341]"
114499,"[105212, 14785, 54524, 58560, 95400, 75924, 88889, 28644, 108668, 49761]"
114500,"[90695, 11832, 108033, 85448, 24332, 94738, 48442, 39641, 22757, 45398]"
114501,"[557, 8310, 33908, 86025, 38308, 7359, 73829, 4926, 941, 52315]"
114502,"[77937, 107289, 109008, 101662, 81771, 40718, 85486, 61044, 13552, 102648]"
114503,"[104002, 90502, 51420, 22140, 1139, 50617, 67525, 71519, 106790, 87831]"
114504,"[5651, 49782, 30188, 38742, 17452, 4876, 10520, 90717, 108373, 335]"
114505,"[96581, 68425, 52799, 103427, 31307, 109124, 81621, 73989, 19424, 5935]"
114506,"[25185, 10781, 31977, 101815, 90708, 69581, 3088, 65961, 108351, 67871]"
114507,"[26950, 42647, 41017, 88496, 21165, 38835, 45112, 8523, 47917, 61639]"
114508,"[84791, 10675, 31350, 56619, 106425, 51343, 108121, 96911, 66495, 41802]"
114509,"[46111, 84437, 80293, 3739, 103606, 90193, 35696, 15813, 44923, 108567]"
114510,"[97510, 77178, 13930, 52655, 42251, 35521, 58270, 4022, 44478, 106052]"
114511,"[96201, 64474, 42099, 56521, 81949, 37616, 107815, 84862, 81355, 53304]"
114512,"[61697, 45273, 65113, 52719, 42317, 89169, 60975, 108891, 15211, 7398]"
114513,"[14518, 53779, 67464, 46799, 7956, 23923, 61463, 48936, 81276, 33364]"
114514,"[68552, 65254, 17517, 99063, 46176, 85663, 52775, 197, 74111, 79573]"
114515,"[6124, 96467, 78678, 79191, 23793, 35857, 61555, 73928, 53098, 97250]"
114516,"[36820, 35996, 88876, 31143, 11161, 31871, 33360, 54770, 103938, 72824]"
114517,"[106843, 89112, 25360, 22691, 107867, 53137, 57498, 48527, 74646, 71663]"
114518,"[55580, 8515, 89702, 83693, 2963, 18192, 48602, 33457, 97666, 51889]"
114519,"[49286, 71615, 79465, 13037, 34058, 7800, 13, 53594, 31840, 60432]"
114520,"[26527, 105645, 55905, 10802, 24222, 37889, 68646, 51312, 11758, 16516]"
114521,"[81326, 47017, 56793, 68344, 619, 11058, 6429, 57533, 49269, 23738]"
114522,"[34807, 34615, 71644, 67268, 34134, 83692, 43806, 59042, 92296, 34431]"
114523,"[76402, 1959, 31700, 58377, 52537, 92312, 45779, 4153, 41241, 93624]"
114524,"[68278, 11891, 77879, 65332, 14921, 41860, 14755, 2665, 77992, 89971]"
114525,"[102459, 59310, 26139, 101247, 15889, 94601, 8648, 37543, 10306, 17594]"
114526,"[5696, 63133, 58975, 53000, 8788, 68623, 5120, 77576, 103552, 528]"
114527,"[103690, 24084, 99628, 13160, 98473, 71027, 97673, 52092, 66250, 7389]"
114528,"[28956, 1402, 79718, 10954, 24524, 42500, 6751, 23252, 11594, 90730]"
114529,"[16114, 103537, 40003, 74078, 103101, 53998, 92513, 59864, 104779, 19212]"
114530,"[2905, 78307, 79667, 16363, 86980, 59689, 15749, 92997, 5870, 7065]"
114531,"[8371, 28570, 53857, 106493, 89740, 79607, 74232, 77800, 99367, 17038]"
114532,"[97483, 98615, 29332, 64216, 106411, 75637, 39226, 104011, 39261, 42459]"
114533,"[55039, 83659, 6345, 5175, 58105, 79245, 4103, 61901, 63589, 102245]"
114534,"[87622, 30971, 29214, 15843, 88332, 50661, 98154, 52154, 94464, 68692]"
114535,"[62821, 103031, 67811, 16825, 76801, 98201, 44358, 9724, 24249, 100395]"
114536,"[90965, 10983, 4044, 32298, 4039, 14519, 96831, 51295, 70525, 14683]"
114537,"[37511, 87366, 59184, 2062, 104718, 106717, 90011, 19420, 101155, 11566]"
114538,"[99800, 13167, 57196, 84015, 64896, 86967, 12217, 96500, 70587, 26102]"
114539,"[58657, 11122, 6529, 39989, 16835, 25543, 50138, 75398, 51505, 68542]"
114540,"[100484, 42329, 100481, 19081, 55032, 95958, 103072, 27675, 46175, 75299]"
114541,"[26293, 71075, 53622, 2956, 107416, 30957, 58359, 69073, 86755, 61387]"
114542,"[79001, 102723, 108736, 90612, 18410, 17093, 28709, 80030, 72038, 78568]"
114543,"[29960, 35092, 85956, 49, 39032, 52083, 16696, 24530, 98889, 96257]"
114544,"[98404, 7597, 85408, 899, 48015, 72878, 72666, 81780, 22607, 84710]"
114545,"[59439, 84028, 101287, 44277, 100883, 37972, 17393, 101763, 48309, 5]"
114546,"[29181, 56291, 79120, 80863, 99140, 3230, 67891, 47028, 35678, 96970]"
114547,"[83941, 73603, 44393, 48943, 35229, 10674, 97185, 32641, 91769, 12876]"
114548,"[82677, 6610, 99146, 5594, 80686, 86252, 55420, 67694, 109220, 45307]"
114549,"[85161, 6912, 53324, 42363, 87017, 103299, 18008, 32192, 35486, 10577]"
114550,"[77339, 84762, 65505, 87158, 51546, 52480, 9182, 1194, 7987, 17310]"
114551,"[55148, 109194, 105032, 7138, 38717, 31333, 91762, 26066, 109189, 58096]"
114552,"[73867, 1129, 7977, 2609, 109365, 11057, 105861, 22671, 86174, 30510]"
114553,"[85613, 68850, 105975, 54666, 34937, 57344, 103316, 93529, 70834, 59758]"
114554,"[19139, 59510, 4853, 39267, 93808, 8258, 71784, 99642, 28825, 100963]"
114555,"[25577, 84093, 11480, 47735, 47369, 47821, 84057, 17555, 32935, 76790]"
114556,"[57552, 109367, 21338, 85415, 87946, 100047, 10558, 104345, 30122, 18818]"
114557,"[25923, 63398, 21881, 82983, 64683, 28937, 54919, 59122, 105069, 69801]"
114558,"[32706, 11566, 62117, 84883, 66020, 3609, 42770, 35902, 8437, 87366]"
114559,"[96714, 8549, 91120, 21886, 14882, 2885, 34251, 61062, 9358, 30767]"
114560,"[83095, 2988, 3672, 71209, 25199, 41021, 106895, 3423, 79779, 26787]"
114561,"[87369, 20201, 99080, 19370, 77168, 2189, 88886, 49182, 92008, 103470]"
114562,"[88857, 53494, 67383, 96966, 42205, 24247, 55759, 52667, 36422, 50318]"
114563,"[63425, 94535, 86672, 65518, 49683, 76922, 75604, 47844, 79329, 70269]"
114564,"[77977, 93152, 10815, 56810, 82934, 83357, 70231, 51109, 90904, 18100]"
114565,"[75065, 75092, 86609, 69686, 83335, 75304, 7516, 102409, 35637, 77614]"
114566,"[102447, 90710, 41035, 105077, 102036, 64624, 103425, 102896, 52248, 67994]"
114567,"[82743, 63567, 43894, 81405, 70578, 68448, 10030, 42022, 9478, 81853]"
114568,"[82493, 26540, 83976, 67200, 35247, 26250, 77686, 97289, 59978, 102289]"
114569,"[40633, 82516, 52493, 64757, 41891, 33136, 73904, 38153, 34826, 33010]"
114570,"[14024, 67813, 18994, 64811, 104807, 46632, 105386, 62364, 73284, 64831]"
114571,"[95172, 55633, 22230, 21141, 33761, 96889, 6434, 92266, 60471, 108350]"
114572,"[40109, 48424, 33987, 95152, 22259, 14392, 40005, 823, 69569, 86775]"
114573,"[61055, 104004, 7462, 84495, 54421, 85830, 65623, 4297, 42967, 2743]"
114574,"[108930, 45738, 29519, 85515, 40758, 37019, 58500, 7346, 79061, 95175]"
114575,"[54228, 39068, 88983, 66635, 102838, 96240, 20271, 61010, 21732, 96116]"
114576,"[21263, 26306, 90816, 25831, 28523, 9342, 104218, 29494, 18372, 20060]"
114577,"[72126, 82705, 104764, 92917, 38029, 57239, 35145, 94959, 29064, 66500]"
114578,"[20502, 100132, 35549, 80113, 55801, 27984, 67424, 21369, 44668, 1254]"
114579,"[94803, 98513, 9503, 108965, 66941, 3121, 2638, 56511, 84481, 20688]"
114580,"[108213, 27775, 52744, 53439, 53856, 49261, 76113, 70539, 53134, 27187]"
114581,"[72470, 25236, 61112, 91584, 8655, 64465, 88704, 84017, 23848, 84449]"
114582,"[17534, 84724, 98815, 67429, 96729, 9871, 21124, 103352, 41278, 32194]"
114583,"[98014, 58811, 39055, 45380, 71026, 87307, 26356, 80988, 35448, 80592]"
114584,"[43568, 92386, 78903, 28401, 20864, 94448, 27563, 44776, 81234, 71030]"
114585,"[84771, 14386, 58632, 2752, 30812, 36307, 86212, 20254, 56418, 30244]"
114586,"[59347, 97114, 103343, 84281, 68730, 39462, 17447, 14724, 1406, 13115]"
114587,"[67412, 61046, 66534, 87627, 93672, 29124, 94732, 63545, 51842, 31570]"
114588,"[26875, 38799, 36976, 5214, 55854, 42561, 8732, 75438, 93052, 20310]"
114589,"[78849, 31352, 32506, 11119, 16608, 91557, 39202, 105233, 84187, 26974]"
114590,"[66543, 97120, 52431, 59040, 44607, 5100, 56252, 28600, 80659, 13252]"
114591,"[102077, 38682, 103995, 91144, 68118, 51503, 45882, 19528, 65511, 19188]"
114592,"[65371, 92399, 8672, 33413, 80178, 65475, 90423, 28007, 81220, 103542]"
114593,"[80055, 32904, 81672, 64895, 39312, 33799, 34587, 49932, 5489, 55729]"
114594,"[47268, 74023, 6329, 75879, 40830, 37865, 46377, 67467, 43971, 96427]"
114595,"[33720, 100272, 26554, 12789, 4444, 28874, 13997, 90926, 15589, 25071]"
114596,"[9709, 62465, 23247, 41981, 22039, 71549, 91310, 48208, 11236, 3288]"
114597,"[93969, 23303, 49726, 30966, 25836, 17494, 64135, 51169, 106915, 58252]"
114598,"[91217, 24792, 3386, 100994, 83163, 36803, 78974, 40376, 34094, 70700]"
114599,"[72039, 66089, 33940, 55930, 84726, 84353, 55247, 14385, 54089, 63040]"
114600,"[980, 67701, 40856, 75316, 62072, 54697, 73783, 90828, 81739, 35194]"
114601,"[41615, 31016, 19431, 63442, 64112, 4495, 4397, 56156, 18818, 663]"
114602,"[4999, 109666, 69815, 59391, 24948, 96300, 30878, 89212, 85534, 93725]"
114603,"[94428, 24526, 84147, 105704, 16517, 78739, 38988, 20596, 79335, 72362]"
114604,"[24599, 45821, 96670, 75508, 38487, 22826, 95286, 72695, 96246, 25758]"
114605,"[12200, 52653, 30416, 103539, 33081, 86340, 53829, 1824, 20322, 15080]"
114606,"[10435, 436, 61283, 59445, 101798, 72989, 18773, 34175, 4033, 106111]"
114607,"[13917, 24258, 73027, 1734, 69433, 23103, 91279, 73705, 7201, 31476]"
114608,"[48544, 81970, 22946, 15756, 43695, 74273, 102260, 63729, 20541, 106070]"
114609,"[30336, 23448, 45896, 89535, 84211, 53557, 53221, 50119, 1641, 63201]"
114610,"[14892, 76197, 15866, 101732, 57563, 53224, 64073, 12095, 71067, 58315]"
114611,"[57729, 45073, 88149, 75429, 47000, 29553, 23532, 47617, 83918, 15567]"
114612,"[565, 5117, 24839, 109259, 52064, 22592, 83062, 90318, 5519, 30750]"
114613,"[57299, 50043, 44822, 4344, 35582, 86402, 9065, 83347, 70745, 45265]"
114614,"[83799, 57054, 180, 50355, 13700, 69191, 44965, 38718, 20632, 81535]"
114615,"[80166, 43663, 60390, 32485, 57210, 70715, 52712, 97427, 59572, 73446]"
114616,"[38545, 101797, 61727, 8146, 106092, 18624, 90849, 80333, 6323, 51746]"
114617,"[95837, 8793, 102540, 12660, 92266, 44106, 83803, 63437, 96890, 65423]"
114618,"[3972, 32119, 12807, 61869, 45097, 25394, 40748, 9570, 32433, 99041]"
114619,"[76622, 78895, 96699, 10970, 37542, 14709, 83106, 55517, 22298, 34253]"
114620,"[63120, 15112, 34130, 101710, 80732, 44265, 46569, 72886, 49490, 26559]"
114621,"[30745, 8408, 35820, 91965, 69792, 4094, 34289, 83831, 54848, 17993]"
114622,"[82515, 61718, 86772, 106698, 21760, 39802, 106926, 100205, 88083, 50653]"
114623,"[42665, 49637, 91262, 36780, 75195, 106206, 109399, 58151, 76039, 15819]"
114624,"[6778, 103959, 56919, 78104, 94616, 17784, 46307, 91374, 18500, 35282]"
114625,"[89778, 46470, 42325, 64505, 44786, 84663, 99229, 33291, 109697, 49759]"
114626,"[73917, 9870, 105323, 29100, 45128, 94141, 94682, 35574, 81445, 86043]"
114627,"[10742, 4649, 14179, 73457, 66421, 27310, 79597, 46026, 27753, 88890]"
114628,"[25085, 58160, 6012, 92628, 31973, 8617, 41543, 81315, 42509, 58800]"
114629,"[105530, 61069, 92203, 66827, 88726, 7411, 3040, 21983, 73548, 83325]"
114630,"[95438, 34875, 49528, 69790, 27455, 107205, 95173, 88431, 91794, 79588]"
114631,"[62124, 5253, 23404, 33528, 84915, 16976, 72442, 89472, 75098, 6128]"
114632,"[19616, 55431, 17304, 35327, 12151, 98872, 69648, 86630, 108273, 48322]"
114633,"[101455, 1917, 32336, 52549, 36345, 52157, 8155, 79581, 33226, 159]"
114634,"[68863, 9852, 4141, 65881, 19119, 3905, 100523, 22109, 102482, 87341]"
114635,"[76630, 21305, 24564, 17960, 87924, 68364, 97535, 101307, 105671, 62506]"
114636,"[86254, 26097, 41155, 46212, 101633, 41067, 65194, 108865, 14823, 100930]"
114637,"[76, 46975, 10090, 3577, 80235, 69651, 59073, 11350, 78332, 103265]"
114638,"[41440, 42218, 3136, 21143, 44606, 17210, 38765, 105796, 60631, 105751]"
114639,"[103423, 34379, 6659, 68690, 85053, 36602, 34712, 82401, 38063, 65817]"
114640,"[54486, 50017, 82920, 89257, 30138, 80403, 23561, 32761, 71576, 79150]"
114641,"[32519, 21660, 80299, 96698, 78492, 26785, 50395, 100450, 47440, 65690]"
114642,"[28901, 90081, 15755, 20163, 1188, 91697, 45769, 84746, 103014, 88737]"
114643,"[86053, 41583, 82320, 346, 9074, 50233, 3284, 73329, 79038, 54476]"
114644,"[63485, 24445, 44219, 65213, 28561, 39114, 10514, 63949, 45001, 13002]"
114645,"[98194, 5169, 13869, 71767, 7618, 35648, 36467, 107798, 6829, 13344]"
114646,"[44519, 25799, 32690, 6627, 22040, 20516, 70674, 66568, 44479, 5001]"
114647,"[31425, 6396, 107537, 42420, 18548, 45220, 76861, 109422, 48741, 102227]"
114648,"[11919, 24653, 23324, 96958, 99304, 64074, 5693, 64289, 84921, 58925]"
114649,"[90107, 64395, 40256, 16450, 101259, 58645, 1152, 98842, 83725, 72376]"
114650,"[47671, 108499, 102895, 14072, 49991, 61875, 57694, 77903, 35558, 98978]"
114651,"[78856, 109452, 37994, 32859, 78231, 65203, 81369, 26192, 3263, 19684]"
114652,"[61075, 10230, 41315, 7315, 95458, 105614, 61961, 104661, 36808, 43809]"
114653,"[10597, 30164, 63357, 106027, 9652, 96977, 101773, 105089, 27171, 36953]"
114654,"[98015, 18583, 73920, 83947, 40317, 98810, 98945, 25752, 85218, 99755]"
114655,"[101194, 47681, 79674, 95511, 101394, 34678, 6226, 79587, 5312, 64714]"
114656,"[17540, 38411, 98421, 58262, 8175, 94753, 109591, 94244, 72902, 92094]"
114657,"[14784, 19722, 106179, 99005, 84274, 83584, 100561, 33122, 84818, 6476]"
114658,"[28468, 49166, 97902, 51678, 9765, 71547, 34462, 61437, 87317, 56660]"
114659,"[64000, 66381, 15137, 24154, 53024, 36732, 105582, 28432, 99342, 28072]"
114660,"[67566, 103981, 84473, 35121, 55746, 10141, 71171, 38616, 39660, 88872]"
114661,"[108389, 9391, 102948, 73678, 42383, 26377, 70482, 38012, 88234, 22689]"
114662,"[9051, 18491, 38951, 79531, 95318, 37213, 30670, 92040, 94358, 81033]"
114663,"[24101, 83969, 90000, 82068, 22652, 41093, 12816, 74818, 14672, 46543]"
114664,"[56388, 74540, 973, 26304, 28987, 9592, 97181, 98754, 33189, 59195]"
114665,"[73229, 7971, 2167, 74547, 13660, 99003, 54716, 88293, 17349, 69859]"
114666,"[34432, 70717, 12880, 50105, 37103, 7366, 24205, 3220, 108518, 28635]"
114667,"[3395, 86532, 99191, 75832, 25977, 22431, 100838, 66035, 67093, 28245]"
114668,"[108783, 39358, 348, 99819, 57978, 92470, 54473, 21430, 17525, 23141]"
114669,"[91103, 106463, 82599, 44545, 96990, 10820, 31267, 8990, 97409, 105145]"
114670,"[79365, 101970, 83279, 93135, 55811, 47878, 68835, 96528, 11301, 50387]"
114671,"[100183, 50575, 37631, 93072, 52347, 15743, 40572, 37752, 29950, 27074]"
114672,"[99405, 36176, 93683, 78110, 71680, 49730, 2150, 7461, 46260, 27658]"
114673,"[78739, 79335, 38988, 20596, 25523, 101407, 26298, 4984, 29687, 15584]"
114674,"[69829, 102970, 98974, 28454, 46662, 44735, 81328, 12927, 25952, 19299]"
114675,"[21577, 78656, 86020, 65387, 106552, 36871, 79523, 49311, 84131, 108797]"
114676,"[80863, 29181, 79120, 97982, 99140, 46184, 90181, 3230, 56291, 67891]"
114677,"[79603, 24434, 77995, 24641, 3647, 108546, 36962, 84070, 58158, 53952]"
114678,"[43500, 87252, 9968, 12136, 83452, 51462, 18204, 16523, 13062, 97307]"
114679,"[66546, 84033, 47454, 3970, 109680, 60602, 80079, 94607, 2599, 80502]"
114680,"[96829, 80361, 87836, 48211, 70252, 20871, 71057, 77534, 80289, 71734]"
114681,"[35790, 45332, 45837, 33696, 62407, 65449, 80464, 18860, 107503, 76735]"
114682,"[3038, 17376, 82752, 36311, 18309, 37578, 9137, 16500, 86943, 85371]"
114683,"[24002, 101901, 45666, 77277, 51391, 24626, 8409, 68333, 39930, 52657]"
114684,"[40666, 27735, 87830, 94506, 106821, 99279, 75527, 29688, 29837, 47504]"
114685,"[13451, 34597, 51671, 58217, 41887, 67631, 31098, 62845, 102861, 51603]"
114686,"[21169, 109338, 60363, 28176, 33232, 234, 99692, 236, 24544, 21416]"
114687,"[37715, 71470, 98823, 28143, 73468, 109234, 90943, 3924, 28981, 96085]"
114688,"[84703, 40672, 82856, 65259, 22135, 40104, 65566, 92726, 2146, 30147]"
114689,"[2558, 57009, 40703, 53126, 5246, 69827, 53713, 82024, 65278, 42668]"
114690,"[41810, 21541, 72921, 19088, 87014, 97835, 5021, 57342, 78407, 56524]"
114691,"[764, 96567, 45784, 90974, 78938, 31062, 109004, 14546, 35086, 71473]"
114692,"[53030, 33620, 105320, 97856, 105164, 74564, 45726, 70583, 8154, 107030]"
114693,"[87175, 22761, 32693, 20486, 105897, 48177, 11259, 41391, 73453, 30647]"
114694,"[11249, 68164, 35469, 77917, 63606, 78615, 349, 95408, 45733, 52675]"
114695,"[100783, 11092, 14966, 96172, 2292, 24676, 36451, 48137, 29876, 17117]"
114696,"[1904, 11468, 52883, 22004, 90052, 109037, 98532, 40724, 85757, 31329]"
114697,"[105642, 99200, 58767, 25531, 106270, 15137, 44280, 40916, 18516, 17744]"
114698,"[2598, 108314, 6998, 98818, 30418, 37534, 35387, 81258, 42673, 92349]"
114699,"[53949, 62431, 75187, 96546, 58158, 19563, 3647, 108546, 3453, 83157]"
114700,"[79919, 28735, 83791, 9499, 30187, 106687, 23118, 98697, 14030, 49027]"
114701,"[70015, 103384, 48347, 96418, 80347, 54189, 55912, 92415, 14139, 106192]"
114702,"[89221, 35292, 9015, 105656, 30009, 6017, 102259, 70617, 52900, 54537]"
114703,"[27735, 42768, 94506, 74397, 1690, 40666, 7866, 95904, 29688, 75527]"
114704,"[64396, 94294, 13818, 11722, 53821, 36310, 56464, 83838, 64142, 16600]"
114705,"[71349, 44574, 106316, 102009, 45062, 92847, 81085, 92075, 88198, 54247]"
114706,"[64695, 19684, 23144, 34681, 78231, 38801, 15848, 109452, 26151, 65560]"
114707,"[17069, 77232, 58308, 66141, 43054, 66575, 41687, 70730, 88043, 1753]"
114708,"[102915, 45693, 91720, 101845, 85261, 46580, 97222, 65513, 28029, 72315]"
114709,"[45594, 109720, 79817, 40323, 58550, 61639, 77348, 107720, 90806, 69471]"
114710,"[27392, 36546, 30156, 84619, 67890, 52046, 108920, 97201, 106068, 83453]"
114711,"[24621, 72054, 45556, 30161, 52005, 34040, 33760, 57197, 30462, 79007]"
114712,"[106354, 83329, 11078, 73271, 93095, 28022, 49879, 72454, 85292, 107448]"
114713,"[95240, 60472, 100793, 108134, 53696, 84403, 18172, 88458, 89770, 53653]"
114714,"[53722, 99854, 29851, 68539, 102366, 34590, 46023, 76456, 73246, 31114]"
114715,"[3841, 22150, 58154, 78710, 73734, 14922, 86940, 106056, 65577, 34653]"
114716,"[10617, 75068, 93372, 17969, 12475, 1426, 27090, 39140, 46957, 50530]"
114717,"[5881, 56982, 48930, 40850, 86568, 9662, 34503, 1896, 85665, 12771]"
114718,"[58311, 23228, 36, 31771, 90295, 70644, 39478, 98945, 98810, 107746]"
114719,"[84028, 59439, 101763, 5, 101287, 37972, 27768, 50247, 89871, 17393]"
114720,"[30662, 70032, 46389, 45466, 8486, 43590, 46773, 48625, 65772, 82111]"
114721,"[16091, 88680, 15721, 72854, 29016, 56730, 33225, 17279, 83047, 62494]"
114722,"[99169, 27706, 89040, 109243, 102283, 79554, 31780, 19172, 101361, 32855]"
114723,"[904, 8865, 72080, 25416, 33036, 73246, 4917, 29851, 100879, 33002]"
114724,"[82870, 69337, 49171, 35651, 22485, 39264, 54070, 51480, 53891, 37744]"
114725,"[68772, 14185, 52740, 25754, 20348, 19204, 21061, 21860, 54134, 75558]"
114726,"[58008, 106167, 6766, 82466, 64147, 43229, 15749, 28358, 106022, 104212]"
114727,"[93859, 59936, 66482, 73644, 99862, 28986, 22617, 42226, 21254, 95595]"
114728,"[75769, 40555, 101589, 7275, 31412, 7979, 2385, 91980, 109356, 36813]"
114729,"[66437, 76382, 52606, 8521, 85802, 15316, 37936, 65517, 19476, 70185]"
114730,"[42751, 56553, 101182, 31846, 28945, 11892, 105339, 26586, 98324, 35694]"
114731,"[30699, 100837, 50490, 48407, 4627, 63871, 62998, 50281, 63725, 64966]"
114732,"[43505, 80908, 93896, 90840, 35985, 19317, 11421, 87882, 42453, 570]"
114733,"[96601, 85312, 79662, 96412, 38863, 51983, 68871, 46655, 95743, 45869]"
114734,"[1305, 61596, 82216, 11713, 13808, 104471, 72912, 10334, 86852, 68747]"
114735,"[29398, 56675, 85742, 16766, 25894, 44762, 42238, 101304, 107764, 12604]"
114736,"[54425, 98323, 35621, 7371, 32342, 39888, 106653, 101535, 85002, 91372]"
114737,"[94420, 51302, 41728, 78195, 67858, 64373, 56609, 37824, 48912, 36060]"
114738,"[35812, 68901, 87888, 89975, 5588, 7665, 15057, 37573, 18252, 46818]"
114739,"[16508, 87347, 72665, 18093, 4322, 78883, 84689, 109380, 46755, 5061]"
114740,"[70245, 21776, 31140, 48055, 70045, 79377, 56510, 83133, 6596, 62719]"
114741,"[108302, 51847, 103366, 2631, 19834, 94936, 77050, 56785, 46778, 68584]"
114742,"[69256, 49783, 1598, 62272, 64511, 88290, 67789, 61287, 17541, 22896]"
114743,"[175, 18641, 25302, 76654, 40547, 68412, 29806, 66920, 84249, 49734]"
114744,"[11731, 82253, 27884, 42196, 109206, 94633, 81547, 96720, 21179, 78116]"
114745,"[63247, 57040, 6578, 352, 75773, 61982, 36429, 12885, 8999, 85264]"
114746,"[28155, 61536, 65550, 3745, 35713, 84425, 88586, 40018, 8542, 59280]"
114747,"[107545, 93053, 27397, 58973, 39537, 104891, 36141, 107956, 71415, 102976]"
114748,"[68473, 92120, 22707, 44968, 97759, 11166, 84548, 76865, 71639, 108459]"
114749,"[6056, 95160, 26524, 104509, 101092, 42392, 35491, 68393, 21765, 68496]"
114750,"[72411, 102863, 11343, 63143, 44056, 27010, 37940, 72910, 67588, 81973]"
114751,"[26832, 78171, 23864, 44873, 39132, 48282, 101897, 60329, 108937, 31621]"
114752,"[27254, 9462, 1738, 61676, 56481, 75157, 31505, 33123, 65532, 18027]"
114753,"[100321, 50958, 37057, 99868, 5372, 106725, 82344, 74060, 85155, 23652]"
114754,"[14338, 88911, 36129, 64087, 61057, 48769, 94050, 104146, 23279, 57696]"
114755,"[106623, 65230, 101853, 43517, 46605, 26728, 82268, 84765, 8340, 80945]"
114756,"[1086, 5380, 8633, 72633, 9173, 92638, 56177, 88587, 41941, 105767]"
114757,"[43315, 7611, 84890, 1777, 75576, 77837, 40626, 59268, 58891, 51381]"
114758,"[101288, 69307, 38914, 52484, 23252, 85791, 3861, 35433, 16911, 90730]"
114759,"[15155, 3053, 85594, 64200, 104458, 91583, 14701, 66440, 102699, 36682]"
114760,"[56597, 64410, 88010, 78500, 77920, 5490, 4377, 7320, 21257, 17897]"
114761,"[68698, 85257, 83465, 66465, 63467, 65410, 64235, 39697, 37026, 57231]"
114762,"[1161, 49919, 85360, 39780, 72087, 47209, 18453, 36181, 90206, 105855]"
114763,"[66389, 29929, 78182, 10639, 70740, 3565, 37112, 56038, 7556, 37737]"
114764,"[4098, 26583, 107673, 84439, 78719, 22253, 14052, 5539, 41754, 19911]"
114765,"[66275, 90089, 7262, 34750, 105458, 1110, 63066, 57348, 89373, 7833]"
114766,"[37569, 45824, 1841, 29329, 61681, 66207, 5666, 85919, 64716, 46233]"
114767,"[97523, 42112, 104956, 70365, 55775, 19107, 58462, 2294, 45280, 49680]"
114768,"[103124, 75825, 21330, 68118, 7901, 74053, 91144, 106365, 79210, 17323]"
114769,"[36164, 55224, 28390, 1863, 98405, 82510, 57012, 101557, 93899, 46531]"
114770,"[11733, 34582, 41189, 23201, 86013, 40407, 8959, 7931, 85004, 55417]"
114771,"[79717, 101618, 57078, 109309, 86864, 86945, 32289, 7289, 104941, 56591]"
114772,"[33177, 95737, 102713, 29427, 102292, 43734, 72550, 9647, 56272, 87318]"
114773,"[1337, 86606, 52167, 100017, 41761, 85398, 76851, 28239, 77976, 29676]"
114774,"[34638, 17456, 20579, 27134, 53174, 94192, 56963, 51357, 88606, 18162]"
114775,"[94004, 70815, 59438, 42032, 103, 95461, 26500, 68127, 90001, 57560]"
114776,"[83872, 106338, 9589, 101012, 43236, 25733, 366, 59133, 25619, 59966]"
114777,"[2498, 16226, 13215, 69645, 40364, 60599, 35852, 79944, 36043, 28172]"
114778,"[40468, 88970, 104276, 68014, 42761, 109496, 78093, 90452, 5817, 29747]"
114779,"[66642, 89269, 46812, 8860, 57827, 28138, 97878, 90425, 22625, 82496]"
114780,"[50230, 18931, 16103, 46798, 58411, 100201, 59485, 70060, 52818, 42405]"
114781,"[63999, 15524, 67820, 53769, 96407, 83360, 100239, 4011, 31106, 25097]"
114782,"[48338, 16330, 35170, 108047, 97560, 71350, 82425, 87029, 2507, 73259]"
114783,"[100238, 109372, 38860, 95790, 19630, 87900, 36596, 85496, 6675, 6753]"
114784,"[74519, 77988, 50203, 59659, 14381, 87615, 109722, 100842, 40927, 41465]"
114785,"[64329, 41286, 10202, 97259, 53729, 7070, 107950, 7354, 19653, 72034]"
114786,"[37617, 60742, 24349, 10106, 53503, 56685, 21615, 41545, 39686, 50469]"
114787,"[93892, 35974, 77798, 52822, 22315, 65539, 107714, 14859, 38171, 104699]"
114788,"[41724, 90049, 44647, 35847, 91118, 48591, 34272, 64269, 89718, 1027]"
114789,"[108135, 80833, 68822, 97223, 44521, 69268, 79117, 1658, 49915, 32132]"
114790,"[84837, 19696, 1606, 54268, 36848, 54095, 48560, 73746, 95040, 72140]"
114791,"[38265, 67836, 84029, 95, 62739, 83313, 22034, 25560, 56857, 86677]"
114792,"[21804, 22710, 10606, 37885, 100266, 60844, 68179, 53211, 103128, 11769]"
114793,"[22102, 25255, 95645, 43527, 85001, 39466, 24443, 94242, 49509, 67614]"
114794,"[40531, 98555, 84177, 37630, 68255, 3498, 68114, 77355, 17131, 11447]"
114795,"[68629, 7121, 58375, 78254, 38428, 109089, 10596, 1818, 47364, 98157]"
114796,"[27821, 52218, 59362, 75935, 38093, 74543, 3418, 31195, 78569, 67364]"
114797,"[19102, 16991, 39982, 92686, 29972, 99614, 45670, 38078, 45082, 106831]"
114798,"[94426, 81520, 68137, 60312, 27404, 102607, 2474, 747, 72637, 86471]"
114799,"[47880, 3281, 76251, 85615, 24956, 1785, 98952, 102284, 89309, 75192]"
114800,"[41964, 32883, 56481, 28122, 1738, 65532, 72494, 71007, 61676, 27254]"
114801,"[12592, 88620, 95511, 67422, 3940, 1850, 22158, 36180, 62934, 58809]"
114802,"[23197, 40231, 36006, 42465, 108091, 64823, 105860, 36824, 24396, 79615]"
114803,"[78096, 34808, 52207, 92036, 10887, 2814, 105119, 25041, 15074, 86934]"
114804,"[52588, 49005, 109317, 69163, 60713, 52022, 76662, 46893, 4381, 53378]"
114805,"[56221, 87603, 95943, 55276, 33538, 13925, 85174, 6783, 101737, 29031]"
114806,"[91676, 67805, 63106, 67316, 7576, 77112, 27703, 60562, 41264, 9719]"
114807,"[19979, 55203, 51937, 71357, 38466, 90192, 50635, 52667, 11413, 42205]"
114808,"[31101, 66307, 50358, 96682, 9064, 40282, 63824, 109392, 32485, 16676]"
114809,"[87459, 20476, 106405, 66703, 46691, 14778, 1559, 78667, 90540, 61772]"
114810,"[31506, 49126, 5952, 55682, 51957, 80584, 108274, 43752, 74075, 63586]"
114811,"[30435, 94845, 10256, 61141, 30531, 23628, 22350, 55177, 25501, 98671]"
114812,"[83484, 15806, 8063, 63950, 46264, 45991, 70664, 3815, 88246, 71123]"
114813,"[2918, 100999, 43937, 79237, 106243, 103309, 49597, 7223, 87812, 92164]"
114814,"[64631, 75401, 49083, 103118, 71640, 54650, 10208, 57513, 89631, 84003]"
114815,"[61641, 42557, 70560, 85576, 7148, 69469, 35230, 9425, 74994, 3891]"
114816,"[46228, 697, 58856, 43982, 67040, 41384, 57002, 66081, 60827, 38986]"
114817,"[92240, 60593, 80836, 26327, 18818, 41615, 23966, 56015, 15495, 36418]"
114818,"[42490, 44622, 53168, 29626, 5575, 79356, 78310, 33919, 29662, 94233]"
114819,"[15624, 30638, 85318, 74556, 90832, 104740, 74872, 1052, 60731, 6459]"
114820,"[71274, 10783, 8148, 13853, 35563, 81354, 98835, 64137, 27126, 73578]"
114821,"[77324, 98387, 99369, 89940, 3939, 54178, 85643, 65861, 104425, 48669]"
114822,"[36899, 93196, 1654, 60353, 5477, 104162, 83288, 15999, 32242, 75155]"
114823,"[19350, 104824, 46753, 37555, 71502, 59620, 52860, 77865, 29254, 8888]"
114824,"[58739, 106964, 37234, 88429, 40979, 79760, 12259, 36958, 31657, 46405]"
114825,"[91744, 70345, 23326, 8084, 95427, 54223, 10350, 44685, 29212, 25498]"
114826,"[100696, 14192, 19902, 153, 83304, 84272, 100077, 80757, 4274, 6714]"
114827,"[35208, 16004, 99648, 89097, 50419, 97777, 74734, 56300, 60519, 5168]"
114828,"[11225, 101126, 38918, 102459, 42859, 35237, 105299, 82351, 105579, 17194]"
114829,"[55206, 34842, 17631, 97025, 80713, 89461, 32250, 48191, 83223, 83260]"
114830,"[71234, 89909, 82094, 52120, 89093, 34186, 68189, 958, 88667, 30993]"
114831,"[100743, 52629, 67818, 33399, 59244, 24658, 54221, 27758, 70972, 4404]"
114832,"[93924, 102744, 11975, 50165, 98547, 19105, 23535, 2088, 15912, 42844]"
114833,"[90645, 58779, 35230, 29358, 42557, 48179, 108388, 53955, 106735, 49723]"
114834,"[85769, 16883, 8087, 78704, 53100, 45045, 13542, 2152, 4629, 54655]"
114835,"[105152, 60624, 77202, 16580, 10777, 26711, 60793, 36997, 11592, 22720]"
114836,"[79848, 78600, 104768, 36950, 84758, 25886, 104724, 20909, 108782, 73436]"
114837,"[37418, 39698, 64423, 60925, 9764, 49180, 4644, 19040, 94042, 27880]"
114838,"[68303, 65612, 68253, 6322, 99254, 49056, 60708, 35116, 4512, 89807]"
114839,"[7770, 68092, 43469, 108041, 38618, 68172, 53717, 55823, 109614, 14148]"
114840,"[85491, 4566, 56188, 47337, 79267, 82282, 97350, 46032, 48764, 21515]"
114841,"[26848, 74975, 36070, 13082, 98090, 106940, 89559, 31396, 23186, 64908]"
114842,"[102187, 30391, 86001, 64655, 77105, 58619, 42951, 22611, 78431, 649]"
114843,"[50612, 28282, 24116, 19906, 76638, 54627, 27086, 50809, 48257, 104426]"
114844,"[84637, 105395, 30478, 107012, 13141, 41050, 71375, 18760, 82098, 87955]"
114845,"[95847, 85756, 56416, 14200, 16533, 71453, 7677, 49388, 78143, 10037]"
114846,"[37408, 63042, 109554, 104272, 88275, 25131, 90257, 8254, 41251, 73562]"
114847,"[39945, 2524, 1802, 108419, 62323, 72907, 1622, 940, 68049, 59513]"
114848,"[14757, 88759, 82733, 8798, 65672, 99468, 5645, 92937, 85783, 76519]"
114849,"[68427, 35183, 16870, 27891, 83521, 57120, 90111, 87377, 54858, 57911]"
114850,"[74600, 36086, 86367, 84080, 68580, 62387, 80406, 89239, 42438, 37982]"
114851,"[109244, 63551, 36230, 68269, 39145, 70080, 29260, 87608, 49328, 65384]"
114852,"[20625, 84985, 55680, 27619, 65231, 88100, 60423, 30656, 26179, 21235]"
114853,"[73601, 82244, 19072, 21298, 55444, 31431, 42162, 49304, 99413, 47074]"
114854,"[78899, 42336, 54311, 41626, 58982, 101818, 50814, 60336, 1187, 77125]"
114855,"[80085, 18504, 22757, 104116, 48317, 20269, 54047, 9711, 192, 11832]"
114856,"[867, 58127, 6658, 75962, 87509, 90162, 23797, 100675, 38513, 41132]"
114857,"[92773, 33089, 109461, 74496, 26303, 80310, 100653, 105269, 94396, 9202]"
114858,"[66628, 109172, 81515, 121, 5299, 5010, 53073, 38938, 83752, 69566]"
114859,"[737, 90942, 99071, 41267, 81759, 48340, 12806, 25803, 21251, 13790]"
114860,"[56054, 69100, 52477, 96591, 88338, 93731, 87788, 46443, 76296, 48547]"
114861,"[87076, 5414, 20338, 56413, 68032, 90007, 94381, 37667, 24882, 33687]"
114862,"[63712, 39087, 94747, 94143, 68670, 18711, 24167, 77535, 92813, 79134]"
114863,"[42882, 37122, 19285, 27159, 86614, 53143, 79631, 1681, 14125, 49994]"
114864,"[72777, 46924, 19771, 107651, 14654, 45947, 1705, 1169, 70052, 4456]"
114865,"[31739, 103723, 53750, 33574, 53748, 59170, 38966, 5659, 59038, 75226]"
114866,"[91235, 43418, 92207, 24303, 102412, 67774, 10535, 35221, 1379, 17172]"
114867,"[95295, 33694, 58271, 79444, 8334, 48930, 3168, 62560, 32098, 43089]"
114868,"[21126, 53948, 99505, 8043, 89505, 106061, 17440, 21547, 50623, 54167]"
114869,"[46532, 104857, 17239, 36419, 23433, 2115, 14545, 10478, 20110, 66255]"
114870,"[107710, 94465, 88884, 51556, 88891, 66006, 99985, 94414, 44921, 109745]"
114871,"[2587, 83036, 43560, 16204, 42397, 91282, 772, 48302, 89653, 90269]"
114872,"[108577, 38991, 29112, 38446, 9745, 75864, 12048, 66289, 105668, 48947]"
114873,"[78646, 37433, 45509, 105450, 61827, 36474, 11488, 89582, 76829, 46821]"
114874,"[93261, 15249, 102454, 15043, 105441, 96626, 40445, 76334, 109272, 3965]"
114875,"[9588, 77876, 42078, 88496, 98909, 43383, 72850, 100947, 8211, 101776]"
114876,"[89491, 5637, 62531, 29380, 70164, 18023, 23148, 104284, 64647, 9176]"
114877,"[102666, 59226, 97739, 51820, 61143, 43789, 93288, 87643, 52913, 1671]"
114878,"[4506, 39936, 49918, 72710, 296, 45440, 104211, 89823, 88347, 30891]"
114879,"[17052, 87228, 60522, 20909, 70729, 69098, 7195, 49792, 86844, 97385]"
114880,"[91713, 53568, 87913, 51018, 87455, 76987, 27006, 2790, 105572, 18843]"
114881,"[24771, 103871, 30169, 42110, 101486, 69858, 17453, 42485, 23649, 88275]"
114882,"[26151, 65560, 38801, 23144, 40049, 64695, 34681, 54608, 101704, 41929]"
114883,"[75756, 54527, 63837, 19284, 36445, 55769, 2202, 55855, 41097, 102342]"
114884,"[28825, 4853, 75632, 39267, 47570, 18253, 27668, 19139, 109202, 106307]"
114885,"[1910, 78717, 86858, 13017, 60071, 104572, 69821, 27113, 4371, 50108]"
114886,"[67231, 106910, 67409, 86294, 91276, 66397, 69540, 106222, 98050, 22311]"
114887,"[82295, 107812, 66458, 65846, 18196, 914, 59950, 12922, 101686, 106450]"
114888,"[30711, 63798, 58803, 54602, 23565, 57571, 78333, 61712, 77669, 21618]"
114889,"[38085, 39509, 14364, 17024, 17251, 35643, 18890, 52238, 36767, 42193]"
114890,"[74196, 74720, 107843, 71504, 59875, 49662, 78991, 60343, 35388, 45374]"
114891,"[35132, 58950, 100316, 30192, 74090, 106449, 53618, 8851, 10644, 97277]"
114892,"[75793, 40466, 8331, 51467, 68140, 18721, 66244, 67902, 75584, 5077]"
114893,"[39758, 87618, 102646, 52732, 3705, 102673, 64741, 16992, 78362, 88628]"
114894,"[100231, 56909, 91456, 7644, 464, 12967, 26052, 61720, 34945, 70930]"
114895,"[5384, 7390, 46171, 48365, 48650, 87757, 98755, 34958, 3614, 40860]"
114896,"[43505, 19317, 42453, 93896, 80908, 35985, 90840, 11421, 87882, 570]"
114897,"[48427, 11356, 86487, 17594, 50578, 104221, 64539, 91776, 46824, 90381]"
114898,"[28179, 15735, 2431, 1381, 26083, 85687, 26007, 45992, 89481, 802]"
114899,"[38384, 62073, 78331, 89219, 8531, 27763, 41732, 101416, 66724, 11262]"
114900,"[54739, 72653, 74117, 109039, 61740, 12824, 31926, 16237, 103358, 26690]"
114901,"[68059, 75864, 48051, 6936, 12048, 9219, 36208, 64935, 84317, 35685]"
114902,"[40881, 46292, 105727, 22948, 4226, 93418, 41416, 105218, 38289, 22344]"
114903,"[95271, 63392, 66284, 80444, 2387, 12393, 109687, 97267, 98214, 75665]"
114904,"[88024, 46991, 54984, 12561, 46366, 83843, 41672, 105810, 14482, 6118]"
114905,"[32395, 48871, 18810, 25288, 68882, 82147, 44732, 22930, 105328, 63964]"
114906,"[52280, 56479, 3042, 9369, 88254, 36839, 71085, 26026, 82181, 57507]"
114907,"[33449, 43366, 104151, 36378, 14660, 98750, 101613, 98558, 19022, 66145]"
114908,"[68024, 11853, 65369, 64113, 28951, 55054, 6328, 38295, 42615, 48305]"
114909,"[15240, 65725, 23155, 41518, 54951, 38671, 106756, 59298, 94152, 20153]"
114910,"[19786, 36763, 102893, 23522, 28451, 17673, 100037, 108413, 1813, 69880]"
114911,"[74259, 92285, 17390, 74390, 31860, 89187, 9548, 22901, 37218, 56889]"
114912,"[82383, 89678, 39700, 82841, 96362, 37396, 67365, 100510, 92718, 18225]"
114913,"[31811, 31815, 96641, 49025, 31661, 51601, 100834, 20515, 2387, 35455]"
114914,"[97523, 42112, 92706, 19107, 104956, 70365, 74236, 55775, 58462, 2294]"
114915,"[1179, 1576, 11576, 25245, 6320, 10764, 79925, 93764, 52047, 6207]"
114916,"[88884, 51556, 88891, 53245, 44921, 107710, 94465, 28167, 109745, 66006]"
114917,"[43721, 74815, 31119, 52190, 7157, 108412, 7027, 74867, 62301, 21633]"
114918,"[84377, 16177, 91688, 30505, 42125, 80420, 10397, 50847, 77245, 51344]"
114919,"[32675, 26247, 83774, 4171, 47940, 37828, 33048, 70596, 17432, 20961]"
114920,"[92812, 37505, 32189, 26994, 52245, 87648, 720, 50202, 101571, 44546]"
114921,"[53812, 22065, 68773, 66581, 18553, 58681, 77081, 32503, 77971, 67860]"
114922,"[50382, 14795, 30571, 46275, 40877, 83542, 70170, 75489, 11854, 39002]"
114923,"[98833, 75897, 37660, 35796, 12832, 18482, 7055, 24976, 79753, 100041]"
114924,"[63653, 97554, 93752, 14624, 76532, 54303, 7011, 68302, 14400, 14670]"
114925,"[57772, 27218, 31141, 88312, 32274, 77866, 38944, 33255, 103820, 51390]"
114926,"[18211, 36826, 89341, 37174, 10250, 13171, 73931, 89392, 6923, 45981]"
114927,"[76217, 2708, 65962, 73183, 72401, 41349, 68591, 107907, 15483, 69849]"
114928,"[38958, 98839, 103457, 107299, 61179, 27903, 81206, 13205, 27058, 66607]"
114929,"[95462, 19529, 68081, 89626, 82403, 40924, 78935, 51581, 19849, 15731]"
114930,"[109741, 52631, 76620, 90711, 73702, 84778, 28851, 68837, 64367, 13891]"
114931,"[96613, 25735, 105605, 45389, 42245, 83944, 76330, 39514, 18335, 10056]"
114932,"[31140, 21776, 109589, 48055, 70045, 83133, 53373, 107150, 27020, 70245]"
114933,"[10387, 38545, 51323, 70295, 91028, 39845, 44630, 40762, 91537, 33997]"
114934,"[70731, 21686, 38475, 69832, 18900, 13244, 36925, 60722, 89777, 33512]"
114935,"[10150, 58566, 104564, 53039, 105484, 105200, 73210, 22368, 16702, 24362]"
114936,"[68608, 98849, 28610, 66356, 52664, 77836, 3614, 27662, 95755, 46431]"
114937,"[30687, 42444, 65220, 90140, 68810, 56538, 51482, 75395, 2703, 10131]"
114938,"[50426, 99793, 46960, 33769, 48515, 101561, 41399, 7631, 22195, 34617]"
114939,"[53590, 85337, 109267, 73722, 18277, 47228, 8544, 58094, 14412, 16051]"
114940,"[23030, 70260, 86733, 26290, 22390, 90179, 109731, 9543, 63416, 3711]"
114941,"[101145, 63296, 87477, 42837, 82166, 51292, 44059, 104236, 2888, 55628]"
114942,"[18045, 83543, 49818, 83378, 83318, 13400, 1630, 10908, 96349, 93571]"
114943,"[54183, 26903, 99817, 34419, 36292, 76810, 3334, 43295, 70979, 23893]"
114944,"[34771, 20388, 102707, 67787, 30753, 103442, 76182, 14426, 19820, 33080]"
114945,"[3031, 50201, 54155, 77868, 10800, 46968, 28423, 73204, 27394, 74696]"
114946,"[74510, 39939, 71291, 93541, 97657, 88770, 15828, 44248, 24096, 65826]"
114947,"[24799, 26210, 59530, 77030, 99019, 59906, 50253, 74888, 61308, 27294]"
114948,"[13774, 81199, 99636, 74407, 8381, 93432, 5183, 67326, 13803, 35924]"
114949,"[28446, 64997, 97831, 77806, 88361, 95472, 33959, 13350, 69804, 16384]"
114950,"[25558, 92229, 91143, 4158, 26052, 17863, 19643, 54461, 66080, 38163]"
114951,"[30537, 71079, 72447, 80475, 99801, 44205, 109397, 58608, 4309, 93332]"
114952,"[102075, 6705, 36083, 23722, 57813, 59471, 70323, 5921, 17922, 77748]"
114953,"[75383, 106968, 50943, 93276, 56678, 74921, 84640, 56485, 104937, 17422]"
114954,"[82833, 8318, 75710, 16714, 107715, 21849, 84937, 39891, 91545, 19798]"
114955,"[7912, 40747, 43426, 60053, 98949, 8796, 78550, 95744, 28581, 95620]"
114956,"[78104, 94616, 6778, 103959, 17784, 46307, 68875, 56919, 66488, 17536]"
114957,"[64926, 11928, 75202, 3961, 35549, 68857, 63047, 106637, 18861, 76369]"
114958,"[87991, 53036, 950, 10943, 101652, 36016, 30359, 109113, 14579, 100746]"
114959,"[60747, 23304, 96205, 67782, 10464, 104303, 63595, 37389, 80203, 48790]"
114960,"[90807, 82269, 86216, 21277, 93417, 88740, 75532, 104756, 53492, 83636]"
114961,"[6847, 5755, 57237, 17139, 8432, 44266, 50223, 84578, 102415, 11241]"
114962,"[34894, 91664, 75501, 49923, 107983, 18725, 18950, 71025, 2367, 63816]"
114963,"[25577, 47369, 84093, 11480, 47821, 84057, 17555, 107589, 47735, 96462]"
114964,"[75802, 16349, 19386, 55727, 7230, 100174, 6982, 70498, 53285, 107228]"
114965,"[68539, 53722, 99854, 102366, 34590, 29851, 15264, 104952, 61134, 46023]"
114966,"[83819, 21723, 57981, 17380, 44393, 48943, 47198, 45384, 71319, 41726]"
114967,"[24195, 51746, 81676, 25050, 28476, 62209, 100086, 107914, 6323, 47549]"
114968,"[74435, 35060, 44064, 35257, 58395, 47819, 46702, 97949, 44305, 77740]"
114969,"[30700, 108808, 47562, 30427, 73506, 99124, 15269, 33109, 634, 59824]"
114970,"[50154, 16122, 32537, 22254, 100073, 78121, 8405, 47199, 72813, 2386]"
114971,"[106569, 40186, 93882, 81806, 89815, 61353, 83357, 53270, 82934, 90904]"
114972,"[67122, 30141, 81783, 98403, 4244, 91387, 7580, 39708, 9162, 34333]"
114973,"[60752, 47631, 18280, 11444, 24634, 75447, 79544, 31176, 70168, 43565]"
114974,"[16864, 66729, 97240, 86443, 17220, 38219, 45303, 24017, 72056, 2108]"
114975,"[46512, 81105, 20504, 14543, 71745, 52043, 28597, 69786, 40016, 105604]"
114976,"[102147, 25626, 106714, 103997, 57256, 44412, 56573, 62728, 66073, 36190]"
114977,"[50136, 37951, 72836, 102410, 46340, 23328, 67966, 105304, 70670, 17097]"
114978,"[68353, 13506, 87047, 56094, 8897, 6511, 87623, 58817, 93101, 55816]"
114979,"[11143, 101029, 82712, 19989, 29913, 45400, 67179, 93501, 108842, 50327]"
114980,"[5912, 20216, 26040, 104586, 101902, 73081, 79901, 98321, 75993, 27716]"
114981,"[45251, 96937, 17642, 86661, 28699, 29758, 76814, 35264, 2996, 45092]"
114982,"[85667, 59993, 99118, 54157, 104199, 79574, 84097, 70235, 74149, 102561]"
114983,"[57711, 58814, 28572, 41846, 107303, 93293, 1711, 50760, 103104, 60909]"
114984,"[74788, 988, 47210, 101542, 24156, 76600, 67125, 52963, 36022, 104332]"
114985,"[97959, 48386, 56834, 15791, 85995, 48060, 70088, 51144, 49229, 9332]"
114986,"[5985, 104067, 106344, 61769, 3854, 55615, 25702, 109346, 58745, 41164]"
114987,"[40026, 13088, 101644, 55024, 61801, 99430, 45430, 71513, 15265, 71980]"
114988,"[101209, 100036, 98526, 31653, 90131, 23332, 101349, 13483, 16256, 88264]"
114989,"[40435, 72913, 13998, 56150, 19117, 21274, 10924, 76635, 80650, 91716]"
114990,"[32739, 73565, 64168, 2890, 24426, 35, 89562, 44730, 13669, 100798]"
114991,"[107375, 2304, 86344, 13256, 57294, 74604, 85461, 9001, 94821, 79764]"
114992,"[24164, 99016, 66994, 101002, 48639, 52470, 51658, 82502, 1050, 32802]"
114993,"[32608, 96672, 84398, 29092, 52960, 50717, 31682, 99050, 94521, 80615]"
114994,"[14900, 88923, 35666, 22272, 41839, 37069, 22226, 51410, 71254, 24916]"
114995,"[106479, 59030, 37363, 38219, 60187, 96678, 36812, 691, 88445, 83053]"
114996,"[724, 87407, 102520, 94857, 41222, 58367, 25705, 80456, 1853, 93762]"
114997,"[82058, 66580, 80371, 98443, 89746, 6800, 89335, 87388, 9222, 26593]"
114998,"[48991, 45517, 41179, 22201, 71990, 65573, 108662, 77768, 76416, 27612]"
114999,"[62438, 44644, 38600, 92931, 88394, 21814, 81586, 109390, 58022, 66537]"
115000,"[101811, 32888, 437, 68535, 106667, 94851, 55668, 43965, 62944, 37535]"
115001,"[1524, 54283, 63626, 103472, 106130, 5551, 76948, 35810, 105319, 71892]"
115002,"[73648, 81025, 56729, 35197, 30683, 102045, 93580, 77496, 48915, 83364]"
115003,"[35956, 25290, 63222, 23203, 91413, 34406, 27837, 64456, 10225, 9269]"
115004,"[76308, 6526, 100528, 73336, 62597, 105297, 11960, 9495, 9888, 16707]"
115005,"[35561, 12281, 92735, 92739, 32337, 102523, 48383, 102222, 94482, 15619]"
115006,"[96042, 107828, 6254, 84814, 101198, 74813, 48809, 66019, 41967, 15766]"
115007,"[55391, 53596, 11523, 92820, 77369, 44086, 108313, 84106, 49586, 59269]"
115008,"[19239, 9416, 11092, 9489, 43615, 47520, 74363, 40306, 62064, 74455]"
115009,"[23359, 23904, 50163, 12878, 104343, 60825, 52309, 58193, 55367, 56742]"
115010,"[16997, 36135, 97970, 45217, 19813, 16138, 56609, 86984, 76925, 74900]"
115011,"[59761, 4069, 54913, 95750, 33244, 33869, 87328, 27122, 75555, 98434]"
115012,"[36229, 74174, 38422, 103605, 1620, 9833, 58993, 24361, 21550, 18290]"
115013,"[71531, 38828, 78288, 49828, 72743, 31659, 34561, 35725, 102575, 50215]"
115014,"[72443, 56065, 63867, 16352, 75375, 82769, 41036, 17666, 109771, 50326]"
115015,"[73000, 61980, 18085, 98855, 45758, 92344, 70426, 19750, 43234, 45609]"
115016,"[43721, 31119, 7157, 21633, 53847, 89715, 105463, 65670, 29299, 23640]"
115017,"[104536, 18958, 92890, 77291, 25312, 39723, 100961, 81550, 12668, 26056]"
115018,"[36697, 17606, 93190, 54622, 58329, 71643, 19063, 70605, 66996, 50494]"
115019,"[47102, 105086, 5240, 75796, 13989, 73230, 37817, 81737, 44905, 92155]"
115020,"[44617, 78316, 22536, 65507, 42799, 10602, 55944, 88672, 86348, 88160]"
115021,"[46075, 14304, 101044, 88750, 95142, 92509, 6103, 96725, 7076, 48844]"
115022,"[70123, 63300, 84445, 60636, 92237, 51479, 86784, 83567, 17780, 63971]"
115023,"[36117, 87465, 11931, 15286, 53593, 33336, 55163, 103434, 9734, 9648]"
115024,"[38010, 27361, 37791, 46086, 39511, 63620, 50844, 43636, 90706, 24401]"
115025,"[36702, 7662, 22936, 29618, 90834, 34846, 65860, 60225, 29671, 85408]"
115026,"[66103, 93881, 23496, 67609, 84210, 8756, 2680, 66284, 97284, 31017]"
115027,"[50614, 108246, 76244, 58243, 5964, 81358, 62995, 22395, 19511, 45656]"
115028,"[92870, 46043, 46562, 88806, 12027, 41496, 6863, 73792, 28519, 43718]"
115029,"[17204, 46411, 61792, 86317, 17110, 40375, 63156, 41884, 30155, 26128]"
115030,"[1074, 107703, 46751, 49863, 89765, 14474, 23703, 2928, 34963, 23607]"
115031,"[10506, 57169, 44847, 68514, 20909, 18693, 3023, 94285, 91861, 93315]"
115032,"[76696, 49869, 34108, 11625, 48072, 85714, 44081, 74057, 66239, 102221]"
115033,"[103457, 98839, 81206, 13205, 27903, 38958, 27058, 62677, 100161, 102561]"
115034,"[101348, 79255, 37243, 23200, 776, 49454, 93909, 76070, 31674, 1898]"
115035,"[96902, 107811, 12652, 17515, 21394, 81861, 66688, 56324, 8391, 106722]"
115036,"[65920, 74048, 83903, 41066, 62402, 1610, 71986, 12438, 40931, 91997]"
115037,"[51891, 96033, 24331, 62763, 32239, 105554, 19023, 1883, 15877, 5720]"
115038,"[72409, 18636, 95649, 4003, 105071, 55028, 51142, 102954, 52505, 17624]"
115039,"[96250, 43260, 20354, 46232, 43208, 44449, 6645, 90670, 38785, 73019]"
115040,"[5430, 71653, 67662, 92564, 62683, 85655, 95883, 74765, 79530, 68576]"
115041,"[88966, 96533, 64027, 59139, 63615, 64294, 67462, 70167, 62859, 20345]"
115042,"[91195, 65486, 8085, 43666, 41374, 49874, 63051, 96643, 96193, 62343]"
115043,"[5654, 90771, 39271, 29486, 90867, 42811, 45039, 64293, 86112, 89788]"
115044,"[30150, 46265, 88375, 34252, 67952, 70062, 104779, 54054, 73161, 46375]"
115045,"[75506, 24863, 67306, 18026, 88566, 34462, 97868, 47293, 21959, 44920]"
115046,"[74354, 96963, 892, 32627, 30001, 93850, 75739, 103326, 43381, 96590]"
115047,"[101330, 29380, 70164, 18023, 104066, 5637, 89491, 62531, 35622, 22743]"
115048,"[43133, 42901, 43408, 29877, 98283, 62737, 91943, 30791, 67119, 26116]"
115049,"[28923, 39426, 75493, 55228, 85601, 97098, 54430, 99211, 86583, 3180]"
115050,"[36903, 87478, 43713, 57129, 35061, 62149, 45647, 103406, 41450, 98023]"
115051,"[108718, 73540, 56972, 22575, 1382, 102280, 37788, 7483, 96971, 38097]"
115052,"[61890, 52224, 3670, 68932, 42617, 53353, 42100, 38751, 83172, 96820]"
115053,"[39717, 100428, 95910, 25160, 56423, 63963, 11222, 3064, 55116, 49572]"
115054,"[46439, 33756, 86070, 69254, 85309, 8252, 88594, 103844, 82749, 64017]"
115055,"[109514, 27442, 99588, 79253, 70429, 80920, 7592, 93685, 7784, 19331]"
115056,"[45004, 52921, 79313, 107762, 32731, 78391, 55153, 60746, 107955, 60640]"
115057,"[57485, 43815, 104817, 57486, 55034, 98831, 58917, 88323, 70592, 21178]"
115058,"[47158, 29990, 75520, 89844, 5725, 31095, 37827, 47002, 97134, 24365]"
115059,"[2262, 4448, 13081, 73525, 95824, 48161, 62329, 10041, 5532, 50757]"
115060,"[49564, 59047, 53572, 41084, 17845, 18428, 66487, 85621, 72151, 45237]"
115061,"[11077, 53582, 50955, 25724, 18432, 4614, 100455, 20154, 69271, 106432]"
115062,"[12938, 60261, 53322, 77142, 77326, 108415, 11279, 64585, 44488, 84219]"
115063,"[94535, 97986, 75604, 85221, 87308, 29640, 15763, 80259, 65790, 76922]"
115064,"[92523, 98162, 93823, 106135, 1954, 67524, 91333, 15658, 99539, 10691]"
115065,"[36789, 68894, 39764, 64659, 24741, 2227, 75524, 33674, 23407, 46681]"
115066,"[34088, 38009, 13494, 22453, 74915, 49407, 66061, 90641, 28272, 75550]"
115067,"[81669, 89759, 17687, 77628, 99501, 15201, 109245, 77555, 7433, 74217]"
115068,"[41877, 64501, 71575, 92639, 66860, 39003, 43481, 33423, 9697, 105503]"
115069,"[89706, 72902, 52028, 41611, 94588, 100599, 7649, 68645, 100911, 59447]"
115070,"[107925, 13683, 70294, 70178, 29701, 35797, 28034, 77251, 98922, 86084]"
115071,"[92931, 38600, 62438, 44644, 78114, 69170, 82498, 62963, 109390, 21137]"
115072,"[33217, 38112, 51301, 109646, 27391, 33131, 86151, 15923, 53876, 11662]"
115073,"[78986, 94449, 13705, 46039, 99851, 69356, 24511, 44737, 100642, 29232]"
115074,"[65587, 91239, 22704, 81766, 44199, 81456, 31849, 37484, 99733, 27452]"
115075,"[37594, 98022, 26625, 21762, 64828, 103759, 15315, 41181, 62076, 35174]"
115076,"[2697, 29552, 72017, 38350, 107619, 77538, 82423, 9509, 105867, 90321]"
115077,"[89284, 68026, 82450, 66782, 72336, 23273, 104755, 12438, 67331, 5064]"
115078,"[6313, 97836, 96386, 61952, 38638, 43295, 24151, 17920, 41482, 35827]"
115079,"[93459, 92239, 85362, 26931, 66804, 46608, 81756, 53836, 7052, 79892]"
115080,"[29884, 77240, 77867, 57765, 75914, 104964, 17703, 82053, 14730, 105648]"
115081,"[55415, 67919, 90589, 87001, 29378, 57307, 61574, 9911, 69350, 74093]"
115082,"[29626, 53168, 40263, 33919, 44622, 42490, 12875, 79356, 90818, 29662]"
115083,"[97329, 85531, 85126, 10881, 51431, 72209, 51717, 96529, 13121, 6551]"
115084,"[98944, 39347, 105823, 54725, 24219, 49953, 12186, 8379, 67495, 85095]"
115085,"[13838, 15162, 30186, 78884, 8239, 33813, 74648, 39490, 31410, 77581]"
115086,"[91309, 1919, 69844, 44456, 7039, 3239, 59942, 37622, 75490, 108511]"
115087,"[33977, 107182, 6781, 77931, 30732, 14114, 44782, 2135, 13985, 48477]"
115088,"[25027, 7024, 34935, 54770, 52099, 24363, 62976, 85771, 95618, 31871]"
115089,"[18264, 45828, 32557, 107380, 29384, 71993, 9040, 58509, 61711, 41302]"
115090,"[41989, 6775, 44894, 42450, 71769, 23141, 109447, 12051, 108846, 98231]"
115091,"[92163, 104857, 17239, 36419, 23433, 72648, 68272, 54903, 14545, 94136]"
115092,"[82523, 99187, 84034, 102539, 72652, 44982, 65432, 61783, 44098, 4233]"
115093,"[101248, 101021, 62434, 22884, 14703, 93197, 95263, 78612, 39056, 96547]"
115094,"[75892, 107855, 5979, 1176, 59917, 59602, 104010, 86116, 104947, 55864]"
115095,"[75032, 33698, 8315, 5369, 61537, 70031, 56418, 47215, 62409, 33363]"
115096,"[87817, 11817, 73449, 103156, 67154, 97544, 84388, 44366, 42653, 11637]"
115097,"[73733, 90747, 32574, 70516, 23511, 75985, 42328, 80645, 79160, 77954]"
115098,"[56914, 10921, 33600, 21867, 106526, 106221, 109043, 15651, 10942, 22514]"
115099,"[8821, 54793, 17006, 10367, 90633, 36896, 62706, 91658, 74817, 28012]"
115100,"[74071, 98984, 85875, 11137, 37958, 27497, 85428, 40054, 458, 105184]"
115101,"[57407, 4449, 107128, 68337, 1557, 19167, 38830, 89866, 23801, 82057]"
115102,"[23439, 35800, 43162, 32856, 42370, 81804, 81528, 59401, 43833, 70081]"
115103,"[94812, 86901, 18086, 87195, 19690, 20858, 45012, 78361, 37495, 99483]"
115104,"[22746, 32785, 67876, 78535, 33479, 108491, 20336, 45903, 62837, 89352]"
115105,"[89169, 45273, 1688, 1207, 61697, 89813, 60975, 39668, 108891, 11725]"
115106,"[49892, 25739, 94068, 68321, 106547, 97390, 13597, 18620, 55416, 49855]"
115107,"[39971, 18617, 57846, 9642, 77858, 42940, 12189, 60074, 69150, 103775]"
115108,"[28623, 64768, 26298, 27687, 84939, 80935, 15046, 44497, 81440, 75460]"
115109,"[95719, 71141, 88585, 16211, 106903, 27646, 3292, 97599, 38773, 49518]"
115110,"[50472, 17134, 75397, 22168, 75983, 86982, 11022, 44276, 74912, 23810]"
115111,"[3868, 75430, 2038, 23400, 47212, 77719, 61303, 3763, 16336, 101764]"
115112,"[39933, 36191, 41927, 76684, 51741, 48586, 13772, 137, 26913, 2785]"
115113,"[7718, 94001, 61706, 66528, 51570, 78746, 85533, 96636, 11341, 43723]"
115114,"[77338, 61647, 21256, 74660, 51653, 30118, 70412, 88262, 53509, 106647]"
115115,"[38062, 88783, 73686, 84128, 89088, 2279, 87094, 21790, 102320, 35329]"
115116,"[38353, 81032, 71572, 77489, 17901, 41727, 14895, 77426, 25153, 20607]"
115117,"[61204, 46527, 54451, 15041, 12183, 47915, 23755, 1222, 9946, 26459]"
115118,"[69863, 26882, 63760, 85438, 92430, 102451, 7047, 7494, 76665, 12147]"
115119,"[361, 30746, 30246, 76499, 24115, 44169, 66815, 19314, 70708, 5025]"
115120,"[105869, 13211, 52635, 73967, 1564, 58558, 47256, 34313, 23194, 30873]"
115121,"[88648, 5788, 19853, 64700, 92118, 31374, 84259, 83950, 18055, 74307]"
115122,"[42436, 47921, 29487, 78909, 8602, 43952, 90411, 57031, 4237, 63492]"
115123,"[51357, 103130, 88606, 37046, 20579, 27134, 53174, 37869, 14726, 34638]"
115124,"[43814, 3827, 21243, 2362, 105087, 103120, 101262, 29104, 75382, 94540]"
115125,"[15784, 4602, 109635, 13728, 95219, 18117, 79794, 98735, 5398, 9048]"
115126,"[71465, 14444, 49121, 42243, 99838, 38217, 12374, 37998, 103222, 41726]"
115127,"[108246, 50614, 5964, 24479, 62995, 34021, 50265, 22395, 45656, 19511]"
115128,"[43993, 18101, 99990, 28230, 78582, 41205, 55683, 14005, 48833, 61453]"
115129,"[107971, 43889, 88973, 5961, 14675, 8204, 103529, 77348, 104528, 98909]"
115130,"[15076, 42366, 3060, 51523, 59504, 44364, 18491, 27432, 43188, 31709]"
115131,"[37052, 71654, 16083, 26160, 1798, 99121, 88138, 68051, 49394, 107529]"
115132,"[69826, 55462, 7980, 51969, 56332, 77149, 96241, 72550, 9480, 74364]"
115133,"[22675, 92550, 56807, 94669, 106718, 35109, 108329, 106746, 18047, 2845]"
115134,"[53882, 16610, 88851, 72293, 85314, 80755, 17220, 73982, 103445, 83695]"
115135,"[8041, 67157, 30319, 63062, 55168, 35917, 109475, 43735, 32620, 98781]"
115136,"[5199, 82038, 52289, 53584, 30651, 19886, 93943, 78099, 57112, 51826]"
115137,"[109173, 39857, 35376, 100880, 80841, 6161, 55783, 45797, 105750, 102990]"
115138,"[79358, 33860, 93363, 84170, 49276, 108953, 71133, 68018, 32918, 31669]"
115139,"[22352, 5666, 49051, 62459, 89838, 100468, 4576, 90908, 71855, 29329]"
115140,"[2353, 65462, 75176, 47123, 81773, 13571, 20519, 44541, 5174, 101059]"
115141,"[64597, 95766, 44543, 52333, 26898, 85037, 62441, 63336, 85632, 85535]"
115142,"[73618, 70363, 25143, 70301, 54458, 16816, 82564, 29205, 66101, 80092]"
115143,"[59129, 7446, 5833, 14980, 103169, 21672, 87635, 108465, 76325, 59707]"
115144,"[73621, 4363, 63611, 67779, 54813, 57469, 98591, 85748, 48451, 89016]"
115145,"[105529, 22759, 37514, 92500, 34038, 53483, 54851, 31900, 30843, 15914]"
115146,"[65003, 66772, 3504, 61899, 52208, 96489, 6561, 58837, 55167, 88954]"
115147,"[69558, 40917, 93497, 91968, 75334, 31392, 59376, 101067, 99807, 54987]"
115148,"[51119, 15962, 107487, 63246, 57554, 93392, 31783, 85639, 77831, 75666]"
115149,"[300, 80554, 59367, 52902, 66175, 27969, 22359, 102225, 45299, 51831]"
115150,"[25599, 79030, 33185, 18932, 16408, 54188, 7124, 71699, 98812, 31473]"
115151,"[61435, 7417, 20169, 93221, 92005, 60834, 63381, 60516, 9736, 52427]"
115152,"[47716, 47926, 73391, 31445, 44991, 105043, 57557, 40332, 51923, 799]"
115153,"[63203, 104234, 28351, 77230, 2108, 74271, 19024, 86443, 77372, 88936]"
115154,"[70798, 40374, 90537, 22460, 10366, 72421, 94326, 60917, 88768, 99593]"
115155,"[31833, 58015, 50422, 24553, 91186, 69751, 43535, 89840, 102788, 55389]"
115156,"[86767, 23169, 65899, 97285, 5898, 7167, 73829, 4926, 25615, 51134]"
115157,"[106084, 70249, 74267, 96350, 72334, 40897, 87992, 44698, 30564, 95357]"
115158,"[34313, 71112, 23497, 45844, 13211, 23194, 72924, 73964, 109017, 6371]"
115159,"[59930, 75568, 24016, 59738, 108527, 95274, 95170, 104019, 74423, 9839]"
115160,"[84216, 59087, 74097, 19774, 43602, 107988, 60117, 11574, 95637, 84285]"
115161,"[10486, 92341, 57182, 65689, 7996, 21318, 70613, 95403, 74098, 78455]"
115162,"[67571, 45422, 36409, 108915, 39518, 100918, 28738, 44116, 33686, 31683]"
115163,"[25604, 36743, 72343, 42839, 26819, 40965, 60949, 88776, 64358, 36293]"
115164,"[79826, 94322, 76990, 100458, 13747, 33163, 52795, 5719, 76074, 76410]"
115165,"[65701, 37680, 24403, 52645, 65821, 38377, 24917, 73337, 12929, 61745]"
115166,"[55910, 24382, 18311, 98358, 42252, 10161, 64483, 99954, 43246, 66551]"
115167,"[43204, 99602, 87368, 57273, 71323, 44102, 94317, 88285, 68482, 754]"
115168,"[54227, 25676, 9452, 79725, 95851, 91553, 28052, 9946, 26459, 61204]"
115169,"[89239, 99303, 37982, 57918, 67256, 25536, 47953, 53616, 62387, 30634]"
115170,"[108316, 8518, 43081, 81688, 46767, 85517, 53799, 68218, 27696, 19936]"
115171,"[72403, 771, 93707, 72925, 68437, 94836, 67188, 28455, 23775, 36689]"
115172,"[9714, 821, 10390, 108924, 84225, 91441, 32683, 40827, 73397, 91495]"
115173,"[71622, 65327, 30159, 48284, 55850, 39676, 76211, 46671, 55961, 93203]"
115174,"[45486, 103534, 67568, 109131, 86293, 106171, 14205, 75920, 70872, 1522]"
115175,"[25315, 3948, 104559, 86560, 67097, 90593, 28748, 59234, 101343, 96366]"
115176,"[22519, 108662, 33902, 105185, 104894, 21494, 7409, 79328, 15324, 18683]"
115177,"[23869, 92788, 41524, 79616, 61745, 4660, 65397, 23351, 77147, 39846]"
115178,"[3038, 17376, 82752, 16500, 37697, 18309, 14634, 102657, 37578, 9137]"
115179,"[45483, 43828, 7420, 33088, 45416, 75016, 71251, 89481, 67659, 37472]"
115180,"[92261, 91017, 10152, 56836, 6467, 77023, 56290, 106313, 47295, 85115]"
115181,"[26171, 2081, 96940, 5863, 12062, 27773, 42445, 109569, 97087, 61027]"
115182,"[10691, 41456, 8383, 97715, 28019, 23514, 29583, 32012, 91333, 9048]"
115183,"[60782, 98048, 109139, 87899, 64917, 13891, 105314, 23975, 64904, 36894]"
115184,"[94997, 64607, 5195, 79763, 48363, 42937, 79261, 34062, 104473, 102801]"
115185,"[84878, 28593, 17407, 82486, 29525, 6346, 69583, 275, 57760, 99382]"
115186,"[86488, 29732, 82947, 63727, 78416, 73399, 70217, 74875, 75307, 107824]"
115187,"[58099, 87569, 31128, 8794, 98988, 9573, 34746, 62421, 88851, 38279]"
115188,"[6133, 49427, 105265, 16925, 4726, 63853, 12903, 455, 95369, 96473]"
115189,"[40661, 23615, 1323, 77315, 60438, 56994, 68273, 3848, 78700, 51466]"
115190,"[29418, 104975, 60823, 42701, 92443, 77955, 52079, 47521, 102667, 108827]"
115191,"[41724, 49605, 44647, 73007, 89718, 32449, 8271, 88379, 22714, 90049]"
115192,"[34246, 26454, 90299, 27433, 14975, 57483, 93111, 77577, 56719, 72992]"
115193,"[70010, 78198, 7627, 10704, 59797, 99338, 92801, 54304, 81146, 14217]"
115194,"[24238, 95085, 45806, 12928, 67895, 105170, 27918, 47498, 84494, 95971]"
115195,"[82252, 26616, 82384, 49442, 74834, 87769, 11626, 61942, 360, 79866]"
115196,"[61282, 38424, 56750, 49406, 50264, 77117, 66880, 59175, 102789, 61319]"
115197,"[89429, 10677, 82457, 67337, 10762, 16425, 26176, 97893, 104344, 77111]"
115198,"[42351, 19146, 78395, 42020, 72514, 8457, 33064, 92369, 23999, 4748]"
115199,"[21410, 44113, 11916, 14833, 6760, 74842, 22695, 49357, 78252, 81993]"
115200,"[51330, 98589, 33633, 91560, 69240, 19638, 9569, 99294, 108293, 61611]"
115201,"[109413, 21450, 22117, 67168, 97704, 79359, 38941, 16306, 16314, 51299]"
115202,"[104229, 46992, 40277, 84591, 83999, 63306, 67576, 17382, 70258, 11095]"
115203,"[82118, 81337, 13712, 53908, 39228, 32645, 62362, 27743, 9850, 31263]"
115204,"[38525, 13258, 90780, 79606, 1990, 30611, 6829, 30614, 13693, 89859]"
115205,"[26237, 76977, 86889, 93506, 29469, 28036, 69487, 100091, 102418, 67027]"
115206,"[68328, 5131, 20279, 46332, 37515, 63787, 102878, 17568, 96248, 66593]"
115207,"[46668, 30291, 65176, 31406, 27286, 76059, 63097, 36590, 91354, 69591]"
115208,"[103373, 43246, 102441, 32109, 57343, 45003, 52204, 45974, 64483, 98358]"
115209,"[49361, 5226, 24668, 86717, 101600, 734, 70320, 107169, 98080, 25046]"
115210,"[62562, 68414, 86694, 68031, 12951, 3429, 101898, 7045, 51650, 77077]"
115211,"[21473, 35171, 65263, 62136, 42632, 99525, 59802, 51519, 104141, 25774]"
115212,"[63111, 73528, 86218, 103895, 50439, 15204, 12300, 45011, 32331, 91501]"
115213,"[54374, 15424, 6729, 35899, 87196, 11752, 42519, 3613, 10200, 52072]"
115214,"[27355, 48000, 67542, 65103, 48574, 88486, 19957, 58785, 18057, 50599]"
115215,"[87976, 78840, 60131, 41515, 22975, 61114, 106364, 36934, 54930, 22196]"
115216,"[81066, 84708, 59332, 53598, 94945, 107688, 25206, 2839, 43349, 3365]"
115217,"[77833, 59107, 83809, 45568, 76653, 61528, 83456, 15033, 59730, 64146]"
115218,"[59868, 94197, 36387, 107550, 22202, 85407, 38668, 794, 10882, 88140]"
115219,"[2080, 64494, 25520, 2033, 39987, 62097, 22613, 56181, 93983, 2463]"
115220,"[56200, 13571, 75176, 61903, 86283, 37010, 81773, 35251, 2353, 33879]"
115221,"[37341, 61741, 94755, 102276, 84267, 92939, 103521, 99661, 80102, 37581]"
115222,"[245, 62810, 98471, 84354, 45565, 23354, 45320, 29923, 46151, 50973]"
115223,"[95589, 66220, 78917, 5610, 108600, 54561, 41636, 3820, 87816, 16004]"
115224,"[95820, 26502, 48190, 57313, 41106, 66521, 35693, 87833, 6520, 62472]"
115225,"[94969, 17028, 59024, 106174, 79596, 20609, 94653, 40085, 98659, 18379]"
115226,"[80890, 6288, 50678, 106720, 4126, 23919, 106995, 77226, 22636, 56436]"
115227,"[104405, 102736, 23512, 64771, 78802, 44848, 107531, 61970, 54734, 6052]"
115228,"[37201, 26626, 99410, 79378, 17692, 76466, 91919, 54994, 14497, 9136]"
115229,"[55823, 56668, 43469, 108041, 14148, 7770, 68092, 38618, 53717, 68172]"
115230,"[61445, 84049, 39425, 10044, 27301, 76314, 42928, 88364, 76875, 34721]"
115231,"[9024, 40530, 28869, 49408, 9479, 37339, 38841, 62613, 36912, 44268]"
115232,"[94981, 25369, 106636, 72874, 64321, 36729, 95322, 9894, 29630, 38413]"
115233,"[45337, 102967, 99465, 106550, 79275, 71515, 79458, 8866, 89479, 29937]"
115234,"[52389, 80271, 50152, 54562, 459, 59923, 32908, 41667, 11743, 24573]"
115235,"[99646, 1115, 41603, 96957, 103641, 47968, 101681, 34485, 47281, 2843]"
115236,"[43693, 67555, 40316, 93604, 26738, 19838, 21259, 70265, 108301, 21242]"
115237,"[84466, 15037, 69609, 90788, 44530, 33997, 87933, 16082, 27762, 103564]"
115238,"[77706, 54489, 38651, 4951, 9500, 56876, 36868, 56080, 89998, 46276]"
115239,"[108758, 56906, 67360, 69295, 80784, 79282, 23566, 62866, 108257, 37746]"
115240,"[89990, 19607, 54931, 102437, 86344, 40391, 37494, 82478, 34596, 71326]"
115241,"[89419, 5084, 108160, 82146, 93833, 40176, 42003, 3405, 86388, 6737]"
115242,"[108980, 106528, 21573, 42738, 97689, 59240, 54073, 92445, 72572, 102580]"
115243,"[17319, 99717, 19803, 29731, 37807, 101833, 48850, 95366, 88984, 35366]"
115244,"[83103, 98400, 80819, 65123, 27767, 104504, 51799, 36715, 84105, 45499]"
115245,"[10215, 18805, 47419, 53204, 86542, 35801, 84376, 19522, 105419, 19005]"
115246,"[98042, 32607, 106918, 31731, 73988, 71782, 89713, 42070, 93844, 30569]"
115247,"[90419, 96182, 97299, 91987, 1279, 49618, 52155, 91644, 18285, 86973]"
115248,"[6177, 104724, 32302, 59968, 9349, 80631, 20909, 17052, 79848, 102045]"
115249,"[101482, 67329, 99698, 41379, 38626, 35577, 50509, 69637, 50752, 83013]"
115250,"[4457, 36281, 30714, 9858, 101365, 101403, 98319, 50528, 12402, 18]"
115251,"[29737, 71651, 57573, 3525, 84728, 15648, 56764, 97894, 50844, 43636]"
115252,"[96659, 80643, 45582, 68704, 48404, 26517, 107049, 20933, 71558, 81728]"
115253,"[35354, 22112, 38897, 28343, 727, 78014, 90323, 95908, 25983, 80907]"
115254,"[4797, 44340, 56026, 105556, 47090, 87462, 47456, 23247, 18945, 33842]"
115255,"[26675, 30019, 92251, 73002, 86049, 103040, 42141, 100153, 10757, 86604]"
115256,"[66377, 56353, 80276, 47220, 9985, 89790, 49385, 50863, 38878, 105689]"
115257,"[55184, 87040, 64834, 64116, 54552, 24820, 35511, 38567, 68367, 105768]"
115258,"[34287, 6824, 38041, 21749, 63051, 41009, 77209, 31681, 3337, 59859]"
115259,"[64463, 5189, 5988, 105687, 25603, 43534, 48839, 54631, 73303, 38231]"
115260,"[70310, 13872, 18178, 89113, 16909, 32268, 51963, 96541, 27627, 15577]"
115261,"[49105, 79691, 545, 86489, 15202, 87969, 713, 4878, 52975, 107132]"
115262,"[1569, 23001, 53444, 49064, 26366, 6792, 79650, 28546, 103499, 78657]"
115263,"[28134, 74012, 26639, 10093, 93358, 94932, 60918, 49381, 75183, 25863]"
115264,"[691, 36812, 107554, 8062, 81613, 49661, 22557, 106479, 59030, 40742]"
115265,"[79479, 11135, 109403, 31916, 101252, 84022, 37755, 107188, 58030, 38935]"
115266,"[88517, 25658, 63037, 74826, 79821, 91365, 92062, 39224, 94018, 50336]"
115267,"[50937, 11687, 57065, 16676, 67106, 58965, 104448, 54637, 96568, 70853]"
115268,"[33080, 75711, 85694, 102707, 12512, 76182, 67787, 62226, 91095, 59805]"
115269,"[41827, 47041, 33043, 30740, 44196, 77455, 1840, 25269, 17361, 104841]"
115270,"[40844, 18183, 51112, 56548, 49432, 87485, 95062, 15801, 44304, 42066]"
115271,"[80667, 77344, 81041, 69136, 53337, 24569, 99662, 38671, 5249, 28653]"
115272,"[18629, 13218, 47181, 30623, 15082, 31649, 58710, 93282, 94778, 93745]"
115273,"[106446, 91232, 59178, 13835, 12690, 51949, 55506, 8294, 56548, 91104]"
115274,"[62795, 27905, 33608, 108605, 93269, 91781, 25562, 61826, 40186, 88689]"
115275,"[29644, 17557, 34742, 10375, 66982, 88254, 2000, 34168, 14550, 19302]"
115276,"[55302, 105961, 70059, 80037, 102903, 6163, 47480, 90004, 19821, 36270]"
115277,"[104916, 16859, 89332, 80845, 76419, 72296, 57232, 42749, 104193, 25672]"
115278,"[3016, 21074, 2907, 31281, 43571, 31728, 103823, 53690, 55167, 61899]"
115279,"[57835, 45443, 30347, 94237, 83109, 59474, 19248, 64586, 84816, 56759]"
115280,"[83920, 191, 54113, 18461, 63464, 16288, 32860, 87149, 78641, 13282]"
115281,"[34367, 106916, 33165, 70039, 29636, 72855, 104541, 75149, 42871, 36483]"
115282,"[34964, 68214, 15944, 11804, 70909, 89238, 38042, 86935, 66828, 4154]"
115283,"[59901, 68985, 86764, 31988, 96697, 5419, 8009, 70647, 18739, 34060]"
115284,"[40474, 91373, 62952, 45301, 67405, 75727, 76598, 92598, 61002, 29070]"
115285,"[92532, 61407, 87333, 108980, 72572, 73497, 92445, 108959, 42738, 102580]"
115286,"[11780, 34077, 39666, 13283, 96340, 18319, 70515, 6067, 98248, 69258]"
115287,"[75698, 66853, 24263, 13029, 43213, 12211, 95324, 96714, 69049, 80465]"
115288,"[33567, 67342, 5344, 70106, 27825, 90601, 64893, 54064, 64376, 103780]"
115289,"[31305, 82102, 87238, 72771, 56544, 51046, 102740, 47662, 101653, 53356]"
115290,"[53469, 85708, 25821, 52433, 34303, 66773, 45032, 10821, 90346, 34196]"
115291,"[23681, 86335, 51432, 94221, 19144, 54373, 73656, 21884, 56485, 31976]"
115292,"[59780, 106000, 90157, 104569, 100471, 7343, 11487, 73870, 9879, 18731]"
115293,"[22311, 68738, 66024, 18134, 71058, 47077, 92587, 14729, 106284, 102448]"
115294,"[35614, 63896, 102230, 81602, 66867, 109507, 85977, 92977, 89512, 12204]"
115295,"[61851, 109597, 104924, 28078, 8955, 1666, 84276, 89694, 87317, 90042]"
115296,"[80265, 91752, 100403, 50515, 44589, 68215, 102522, 101749, 5213, 89798]"
115297,"[2069, 44269, 91846, 54661, 104419, 17234, 92704, 47474, 44736, 78536]"
115298,"[63732, 15138, 72376, 43474, 47599, 15579, 31298, 5472, 49685, 64690]"
115299,"[82727, 23316, 70191, 25320, 14511, 15668, 79247, 63612, 104489, 50448]"
115300,"[107211, 97693, 46568, 79110, 38086, 104361, 42789, 103854, 29722, 22802]"
115301,"[93066, 40548, 9481, 29143, 103541, 30409, 12093, 45943, 10656, 87392]"
115302,"[15526, 34905, 76626, 1, 55439, 9007, 18047, 56807, 2715, 71877]"
115303,"[98741, 105456, 102450, 96398, 99012, 4594, 36635, 5068, 10474, 24774]"
115304,"[58159, 10990, 103177, 68614, 98462, 35100, 80861, 27440, 40101, 14328]"
115305,"[46975, 69651, 80235, 59073, 56297, 10090, 78332, 22522, 76, 11350]"
115306,"[33982, 9607, 93599, 59715, 77458, 12091, 39691, 30657, 41165, 11394]"
115307,"[23089, 109545, 15441, 60744, 57017, 105018, 23272, 82619, 55191, 89434]"
115308,"[100327, 57230, 55261, 73767, 102850, 100684, 90277, 85347, 83174, 80318]"
115309,"[47245, 32344, 81201, 86131, 63755, 16442, 11298, 64774, 20932, 83156]"
115310,"[62347, 72946, 64524, 88582, 24190, 72304, 74805, 21219, 643, 14999]"
115311,"[8486, 48625, 82111, 19600, 105257, 46389, 101056, 70032, 43590, 46773]"
115312,"[63286, 67035, 67101, 81997, 44498, 43657, 89743, 57290, 55813, 77027]"
115313,"[11878, 74590, 87230, 47534, 65228, 108743, 3157, 92458, 24925, 13480]"
115314,"[94840, 54681, 79515, 1480, 102046, 70218, 58003, 7694, 100537, 71583]"
115315,"[63179, 46585, 32341, 71923, 8066, 84307, 85815, 27889, 50285, 4296]"
115316,"[59313, 35719, 59320, 45981, 6302, 26294, 48440, 7493, 102284, 67363]"
115317,"[11234, 104135, 55506, 65470, 61311, 16014, 90205, 88766, 41899, 79555]"
115318,"[66925, 66694, 102473, 46535, 26884, 1485, 23624, 74457, 102296, 2014]"
115319,"[1452, 71669, 19637, 14777, 38909, 25974, 58475, 52894, 45392, 75116]"
115320,"[34678, 5312, 101194, 15883, 64714, 93207, 73037, 79839, 50216, 79674]"
115321,"[98657, 86561, 85396, 35391, 57003, 44167, 83820, 6788, 103489, 863]"
115322,"[48449, 85447, 2824, 81534, 102141, 103353, 83841, 55216, 9256, 36465]"
115323,"[56379, 14395, 45016, 46816, 8983, 20586, 15404, 102455, 59093, 20214]"
115324,"[11850, 9758, 108328, 7666, 50915, 34236, 25498, 86232, 66017, 2795]"
115325,"[28598, 22700, 56630, 32769, 22358, 47027, 35585, 72943, 75797, 59339]"
115326,"[86261, 83779, 4973, 19631, 51699, 10513, 24070, 59861, 89387, 35290]"
115327,"[51965, 44434, 40607, 46041, 61986, 26342, 31278, 15731, 55557, 45676]"
115328,"[73898, 78535, 33479, 20336, 108491, 62837, 22746, 1846, 93181, 32785]"
115329,"[95282, 28551, 32685, 43169, 42838, 73559, 29895, 65465, 82594, 85164]"
115330,"[5378, 87651, 49613, 105952, 80204, 72853, 58661, 11890, 48258, 4385]"
115331,"[59534, 49959, 88571, 26390, 20885, 24246, 1803, 42092, 72994, 1787]"
115332,"[107851, 28306, 69920, 68792, 86460, 12684, 94769, 79111, 99154, 2832]"
115333,"[38144, 82634, 13137, 21269, 76110, 13814, 78133, 28800, 18125, 91541]"
115334,"[46055, 11184, 62855, 106077, 92310, 14062, 72904, 49398, 541, 87687]"
115335,"[98152, 28271, 70021, 61919, 57524, 3071, 86861, 60263, 101591, 22543]"
115336,"[12320, 46204, 35906, 61709, 2893, 96509, 91885, 70130, 19949, 40494]"
115337,"[67387, 8312, 104662, 12181, 74292, 80664, 72047, 57228, 72187, 75237]"
115338,"[98340, 72873, 12681, 106758, 18209, 106409, 52823, 54314, 94958, 95121]"
115339,"[27952, 37411, 32956, 15540, 511, 9003, 28729, 17611, 62682, 58798]"
115340,"[45235, 5411, 45084, 24077, 53941, 56726, 93741, 19492, 22326, 36090]"
115341,"[57103, 6802, 62957, 36110, 33625, 16172, 108697, 65427, 71287, 79856]"
115342,"[103264, 31187, 26518, 63728, 90133, 42464, 5201, 60815, 92811, 40284]"
115343,"[38944, 38422, 95513, 32274, 107579, 80024, 85728, 1710, 60545, 2124]"
115344,"[109644, 68751, 82273, 8801, 79073, 3735, 75369, 18080, 11541, 107262]"
115345,"[80957, 19430, 14857, 64595, 69118, 1470, 77956, 37618, 60108, 105661]"
115346,"[106581, 102958, 69993, 8395, 43489, 84234, 7295, 19429, 81575, 49512]"
115347,"[47775, 67875, 80703, 10941, 90805, 12769, 22996, 78294, 35346, 83231]"
115348,"[70262, 91536, 101808, 64257, 22023, 68953, 20578, 20151, 69366, 9829]"
115349,"[68508, 82495, 15084, 7182, 50897, 5851, 58829, 7186, 44978, 11917]"
115350,"[59187, 55269, 26749, 26861, 27836, 59428, 64099, 1683, 42609, 76980]"
115351,"[51337, 24225, 106302, 72907, 108363, 102768, 15516, 6167, 84409, 38227]"
115352,"[47815, 61089, 58340, 70397, 93942, 14184, 63223, 31642, 13786, 92246]"
115353,"[30423, 28292, 20785, 64291, 52228, 26824, 14360, 73745, 69182, 11591]"
115354,"[27570, 29987, 89719, 70063, 55357, 99571, 20610, 50727, 64403, 63439]"
115355,"[32572, 85540, 73130, 42592, 10513, 19305, 97076, 25188, 34751, 105302]"
115356,"[91844, 68428, 21343, 3065, 11045, 11929, 53299, 84836, 98959, 62749]"
115357,"[61528, 59730, 45568, 64146, 83809, 15033, 48336, 83456, 2377, 77833]"
115358,"[108472, 19187, 75038, 49337, 96075, 109410, 39984, 78836, 74056, 84393]"
115359,"[21264, 36742, 19125, 37513, 50214, 41880, 76409, 104864, 101530, 3145]"
115360,"[85814, 56175, 47576, 26899, 77815, 43438, 49055, 90673, 72407, 11399]"
115361,"[47066, 47523, 87456, 102055, 39290, 36717, 51012, 7405, 100841, 13522]"
115362,"[71864, 79928, 107535, 89251, 45176, 76864, 96304, 86394, 34125, 4283]"
115363,"[70593, 42856, 53051, 5969, 3287, 70996, 45982, 63410, 77223, 5866]"
115364,"[46936, 54016, 17875, 49960, 3408, 15032, 20527, 12667, 25163, 83478]"
115365,"[97446, 7489, 5287, 11771, 95640, 57649, 2155, 85035, 33391, 20177]"
115366,"[47839, 99096, 10976, 53626, 83812, 25901, 77404, 101017, 41370, 13295]"
115367,"[89394, 49867, 95564, 88055, 34515, 20272, 50991, 651, 14476, 19339]"
115368,"[104993, 35294, 101224, 38536, 64329, 88596, 97259, 24800, 27639, 107707]"
115369,"[96843, 67017, 39216, 21824, 26726, 11986, 18061, 37300, 1047, 84098]"
115370,"[51192, 22812, 106983, 11300, 92223, 79122, 77098, 102225, 51248, 66175]"
115371,"[37447, 15672, 17504, 173, 36869, 60025, 96370, 99566, 77361, 46052]"
115372,"[77342, 61610, 72089, 36638, 98769, 78529, 23897, 95690, 21632, 93676]"
115373,"[80891, 4834, 5904, 106549, 15711, 25092, 14915, 12586, 74009, 40359]"
115374,"[61332, 45819, 71700, 17245, 54441, 11637, 78035, 11935, 102918, 20324]"
115375,"[28324, 40000, 79706, 37602, 104983, 91675, 59279, 57208, 93320, 49068]"
115376,"[46317, 106680, 93961, 85488, 109237, 5660, 90138, 104749, 96770, 12185]"
115377,"[352, 75773, 6578, 61982, 106227, 85656, 90222, 63247, 57040, 41902]"
115378,"[15776, 42524, 69871, 46010, 19343, 109140, 480, 98924, 90928, 78876]"
115379,"[30515, 21447, 32010, 53448, 64728, 90465, 28842, 104646, 3120, 78570]"
115380,"[77508, 54330, 64193, 91002, 34055, 90874, 105793, 86786, 64032, 183]"
115381,"[30075, 86473, 102209, 101915, 83280, 12004, 30053, 760, 22340, 55847]"
115382,"[62478, 99238, 82544, 41424, 40626, 3597, 39847, 30352, 48575, 76510]"
115383,"[68861, 20626, 27210, 14766, 32926, 27189, 23958, 14313, 45729, 22372]"
115384,"[74977, 96440, 64040, 58436, 109302, 100604, 49437, 32857, 88498, 36872]"
115385,"[96222, 85484, 49097, 99309, 30509, 1731, 94495, 81416, 88962, 99811]"
115386,"[40796, 49938, 9866, 54867, 102002, 64806, 58459, 16748, 37822, 69677]"
115387,"[38833, 13971, 21574, 88525, 60530, 101558, 82103, 63618, 103772, 12300]"
115388,"[87046, 72063, 104349, 14820, 105005, 25951, 102554, 99816, 17641, 77221]"
115389,"[93604, 108301, 9117, 92553, 21242, 19754, 45692, 1538, 106060, 32819]"
115390,"[41352, 40236, 90361, 62858, 101497, 47598, 29438, 6954, 19982, 61629]"
115391,"[93611, 51702, 6486, 1602, 84055, 69683, 54519, 39135, 101694, 82969]"
115392,"[15794, 55106, 38172, 81879, 28255, 45642, 65804, 100712, 66292, 1870]"
115393,"[4301, 20928, 11873, 94982, 44133, 83690, 34602, 85833, 37777, 49949]"
115394,"[31247, 43643, 58365, 57686, 107120, 81442, 43992, 35952, 6634, 53276]"
115395,"[57208, 91675, 57891, 59279, 104983, 28324, 62713, 12955, 93320, 79706]"
115396,"[8657, 75250, 49691, 58902, 67590, 105245, 46571, 102097, 35112, 45762]"
115397,"[50172, 41937, 96256, 35613, 44137, 49595, 92160, 74104, 18217, 84399]"
115398,"[19682, 86603, 104699, 15745, 5463, 69732, 14859, 93773, 50726, 18185]"
115399,"[100135, 26786, 21098, 109423, 100622, 9942, 102954, 56985, 40918, 104596]"
115400,"[27889, 85815, 71923, 90576, 8066, 60547, 46585, 63179, 32341, 4296]"
115401,"[64680, 87121, 80712, 69646, 14856, 98649, 17066, 32486, 14113, 6546]"
115402,"[95407, 8304, 36284, 10318, 69033, 21997, 3547, 14218, 88777, 1292]"
115403,"[70972, 66426, 67977, 53892, 59717, 27758, 59244, 70582, 103737, 33399]"
115404,"[94288, 6200, 18072, 62490, 74342, 72561, 29125, 16867, 6346, 28330]"
115405,"[62801, 31028, 68037, 87984, 86762, 99716, 5931, 61240, 89400, 29503]"
115406,"[36450, 89329, 30967, 64145, 5002, 100968, 36350, 65591, 68262, 64925]"
115407,"[67800, 89047, 841, 24689, 33712, 106291, 11596, 10520, 49283, 56137]"
115408,"[73207, 40281, 54028, 31740, 37081, 39872, 45445, 1899, 41857, 90755]"
115409,"[54031, 10533, 105683, 82235, 55130, 1237, 34714, 90846, 2488, 53680]"
115410,"[75851, 96287, 47855, 52915, 54170, 76137, 57564, 27980, 23360, 77957]"
115411,"[87743, 47522, 29909, 66475, 25643, 31497, 48453, 25962, 83729, 5286]"
115412,"[107367, 65243, 14504, 2600, 89728, 100573, 109756, 42903, 86465, 36333]"
115413,"[78046, 107574, 33006, 46502, 82977, 17536, 5118, 59418, 36778, 83167]"
115414,"[86729, 33664, 66367, 23552, 57603, 56254, 60333, 92634, 89176, 68720]"
115415,"[46318, 38126, 65393, 46466, 76000, 97287, 90362, 41503, 95343, 78271]"
115416,"[82148, 37629, 42916, 32588, 9997, 84732, 4502, 17369, 108744, 40333]"
115417,"[6324, 76533, 33575, 88786, 106322, 90654, 20489, 37946, 69415, 7215]"
115418,"[107706, 72702, 62030, 87527, 13113, 51310, 93548, 94685, 68634, 85023]"
115419,"[40419, 6717, 76298, 34933, 103029, 5540, 33877, 17581, 28838, 102818]"
115420,"[52068, 23709, 69164, 32901, 45204, 6297, 107414, 19259, 32979, 27396]"
115421,"[7147, 9803, 36294, 741, 108943, 14352, 108810, 58671, 38813, 94572]"
115422,"[84679, 77186, 104936, 1099, 15071, 69504, 35491, 109317, 69163, 18331]"
115423,"[83859, 43785, 39185, 43838, 49641, 109192, 29940, 86704, 57916, 13550]"
115424,"[32942, 77447, 27899, 26162, 90346, 83450, 45032, 85708, 25821, 52433]"
115425,"[11426, 88754, 5756, 95017, 60517, 55898, 108291, 83028, 14197, 24064]"
115426,"[105815, 6007, 92153, 36249, 67443, 108416, 37269, 109148, 24006, 69395]"
115427,"[73963, 61597, 11278, 90949, 83298, 23411, 96485, 70964, 61744, 107412]"
115428,"[107932, 54968, 1964, 107439, 30900, 93547, 60194, 99416, 21458, 37534]"
115429,"[98904, 94015, 73577, 40139, 50377, 99157, 35177, 101339, 38095, 25331]"
115430,"[27218, 57772, 31141, 92010, 33255, 59352, 95513, 49775, 81976, 80024]"
115431,"[108580, 9987, 62769, 14756, 21474, 29371, 74115, 41220, 40357, 17236]"
115432,"[67609, 55392, 29051, 44769, 71868, 30035, 84210, 97284, 72198, 78491]"
115433,"[91759, 55843, 52163, 42923, 792, 59506, 66015, 78498, 52805, 109460]"
115434,"[75438, 36976, 4365, 38799, 42561, 5214, 26875, 33850, 79093, 70640]"
115435,"[43114, 6695, 88077, 87638, 72891, 85903, 93754, 1069, 93250, 84461]"
115436,"[77119, 2238, 84875, 76835, 8684, 59590, 53074, 53278, 8622, 41971]"
115437,"[20552, 3417, 104414, 98920, 101831, 77938, 54398, 34819, 32278, 16078]"
115438,"[4017, 14933, 109684, 90088, 12143, 64644, 50743, 47680, 56522, 12182]"
115439,"[68062, 19875, 11010, 29451, 71487, 104808, 80550, 84448, 39786, 17195]"
115440,"[101313, 26062, 25415, 99885, 102067, 18907, 105984, 27266, 17371, 42879]"
115441,"[3148, 75126, 18451, 68325, 38192, 59930, 49210, 40813, 57837, 26874]"
115442,"[2037, 26160, 107529, 8976, 104070, 4201, 32851, 89543, 88138, 3290]"
115443,"[27047, 30757, 65719, 44228, 49741, 21611, 106459, 26198, 76252, 10787]"
115444,"[1717, 10799, 75561, 15385, 60534, 106626, 52078, 100887, 97785, 5789]"
115445,"[101948, 56140, 71169, 65252, 108504, 82418, 25896, 64170, 97877, 24085]"
115446,"[104047, 103622, 108214, 19805, 58486, 16092, 37297, 74911, 14107, 1668]"
115447,"[2281, 81605, 87138, 32176, 2457, 80390, 16805, 92809, 76338, 5159]"
115448,"[81431, 101412, 63982, 51447, 61756, 2381, 9075, 90399, 54204, 85799]"
115449,"[48669, 83957, 34226, 87574, 77276, 76694, 21834, 19384, 26703, 62611]"
115450,"[108975, 29237, 61787, 89982, 84573, 76041, 61279, 56172, 16051, 92057]"
115451,"[39329, 94993, 64575, 76270, 84243, 56654, 24571, 4875, 75219, 108199]"
115452,"[58159, 68614, 63461, 49416, 62251, 62056, 61524, 10990, 80861, 40101]"
115453,"[21460, 74049, 98255, 3533, 22634, 34677, 46961, 6115, 7934, 27324]"
115454,"[104134, 23601, 59017, 38397, 1824, 71764, 20322, 51001, 103539, 86340]"
115455,"[99717, 17319, 29731, 19803, 37807, 48850, 101833, 52833, 88984, 35366]"
115456,"[2360, 49929, 43282, 84577, 104626, 3149, 39740, 70340, 108741, 9479]"
115457,"[358, 96134, 37284, 24075, 97957, 17109, 87179, 61813, 80930, 78892]"
115458,"[91852, 98883, 53178, 65441, 24682, 58463, 24645, 11816, 90386, 102270]"
115459,"[40343, 80514, 72784, 53351, 103956, 47706, 40565, 34024, 16024, 77983]"
115460,"[67947, 30092, 29524, 102184, 96488, 46178, 22362, 68811, 44831, 80777]"
115461,"[71533, 31970, 23372, 38448, 85222, 44555, 89355, 81778, 22213, 72900]"
115462,"[30026, 19347, 83878, 44153, 52262, 52213, 19203, 57404, 23390, 39775]"
115463,"[106296, 9771, 39018, 67135, 63276, 52408, 7302, 60414, 27248, 68443]"
115464,"[64174, 109221, 41758, 69781, 55142, 4702, 18814, 52560, 109101, 12818]"
115465,"[24983, 86529, 83992, 49797, 878, 24585, 82130, 42376, 46129, 43688]"
115466,"[85606, 75525, 35564, 51659, 44167, 57003, 53759, 79681, 97391, 3585]"
115467,"[48176, 98190, 43805, 54728, 38044, 91453, 55612, 89234, 7478, 95860]"
115468,"[65904, 95003, 26929, 49957, 38630, 60905, 35059, 85525, 4756, 7177]"
115469,"[67783, 17416, 103292, 66189, 22593, 46447, 71631, 7019, 40430, 83193]"
115470,"[6943, 7699, 77525, 38542, 60787, 90705, 94254, 25508, 24285, 47215]"
115471,"[49493, 5098, 87633, 44678, 37818, 10738, 33062, 29559, 59046, 25675]"
115472,"[64375, 52923, 50951, 15714, 19042, 13420, 62959, 40021, 3274, 103484]"
115473,"[95606, 105191, 3956, 49111, 53587, 28748, 25315, 101343, 3948, 39553]"
115474,"[73541, 59708, 2580, 66684, 104735, 80835, 91540, 76003, 19170, 62436]"
115475,"[79509, 97004, 81373, 33768, 101543, 78516, 63159, 10100, 26705, 9154]"
115476,"[58272, 37810, 58943, 96447, 54599, 73045, 63917, 34290, 57859, 46038]"
115477,"[40193, 9542, 3191, 5030, 75004, 38617, 41075, 24676, 29876, 53898]"
115478,"[2905, 79667, 78307, 15749, 88408, 30015, 10836, 93347, 69679, 86980]"
115479,"[74213, 95834, 27583, 73749, 25362, 63972, 79429, 65912, 22365, 6056]"
115480,"[10360, 65375, 54386, 65212, 64278, 15782, 71870, 26264, 16462, 64018]"
115481,"[66268, 74578, 40057, 46382, 25193, 34034, 97401, 60994, 90887, 99670]"
115482,"[31359, 10203, 59337, 95233, 90250, 31790, 87930, 64910, 3847, 109123]"
115483,"[96691, 71652, 97712, 7912, 88446, 90657, 43692, 57226, 35789, 64495]"
115484,"[8813, 55919, 87531, 53745, 61485, 34696, 62079, 92581, 75405, 82036]"
115485,"[13079, 33606, 37321, 18403, 109100, 43070, 54869, 80467, 42635, 23349]"
115486,"[48387, 28553, 50964, 59657, 64239, 32554, 62990, 43292, 39294, 90534]"
115487,"[62488, 51205, 13362, 5150, 101171, 103247, 99277, 64692, 66267, 31144]"
115488,"[50610, 87100, 93216, 37963, 646, 90884, 61208, 104959, 70833, 111]"
115489,"[9655, 10464, 104303, 63595, 59995, 66181, 12135, 48790, 66108, 65874]"
115490,"[61507, 49798, 59683, 106258, 90646, 6448, 62211, 62907, 51094, 68429]"
115491,"[98334, 475, 51294, 71274, 13853, 97292, 81354, 89546, 75331, 8148]"
115492,"[95635, 73872, 70494, 47487, 14033, 89074, 36656, 109096, 102215, 9069]"
115493,"[45210, 98210, 75913, 87177, 45573, 59931, 69589, 5365, 97027, 12964]"
115494,"[62, 751, 92316, 88373, 70764, 103758, 75770, 1698, 107205, 11559]"
115495,"[43119, 69587, 26995, 76687, 48017, 59957, 8181, 79277, 55385, 3775]"
115496,"[28738, 12567, 28026, 15261, 12800, 36814, 2990, 78958, 107586, 5328]"
115497,"[59303, 80540, 15820, 65763, 15940, 59546, 90129, 89598, 42167, 20555]"
115498,"[34330, 35807, 80154, 77074, 69773, 63281, 60532, 20622, 47997, 104188]"
115499,"[54731, 66094, 62197, 109142, 105023, 99429, 35347, 3336, 27377, 59897]"
115500,"[108483, 55936, 71266, 46154, 46889, 65764, 65682, 78441, 21425, 59432]"
115501,"[39016, 90823, 21424, 443, 44139, 65733, 39472, 35185, 74043, 48667]"
115502,"[78054, 104884, 106184, 6260, 44604, 35287, 83722, 30343, 52335, 34458]"
115503,"[29277, 5625, 92950, 36607, 15730, 1509, 16162, 23714, 71035, 105]"
115504,"[6905, 12770, 47487, 23649, 70866, 68727, 3192, 87349, 61714, 58977]"
115505,"[43102, 73100, 77389, 102507, 84671, 11264, 70194, 67674, 19089, 9864]"
115506,"[7083, 40870, 107125, 100011, 36851, 24944, 25494, 87674, 83455, 35884]"
115507,"[86659, 9492, 58934, 109685, 44616, 56608, 55623, 82925, 85078, 50908]"
115508,"[53822, 85227, 32573, 63005, 44950, 53884, 59243, 37190, 56478, 2942]"
115509,"[41448, 45895, 108377, 40726, 72967, 64562, 27833, 62956, 69610, 4559]"
115510,"[59786, 96710, 100066, 18904, 98244, 35458, 43877, 53380, 15181, 26197]"
115511,"[71506, 100450, 59304, 80299, 86098, 5000, 26785, 23456, 12201, 39156]"
115512,"[71929, 106306, 80604, 90640, 5277, 5034, 65236, 49469, 71803, 74620]"
115513,"[18859, 70478, 93587, 47895, 105632, 31264, 46275, 8622, 21670, 47721]"
115514,"[81110, 56471, 36336, 62171, 55749, 5723, 86959, 60184, 61363, 13063]"
115515,"[7493, 45981, 86881, 21571, 6302, 63429, 26294, 81574, 35719, 67363]"
115516,"[103517, 68947, 69841, 101578, 40751, 100278, 96155, 90742, 37173, 29314]"
115517,"[103600, 16589, 83866, 54976, 108371, 72355, 45061, 100099, 3883, 9776]"
115518,"[26450, 88397, 17064, 25021, 79408, 66329, 73589, 69463, 94634, 102766]"
115519,"[102323, 17580, 11482, 11738, 54246, 44706, 91263, 31953, 5983, 82141]"
115520,"[62016, 64686, 27837, 95422, 108942, 80609, 38708, 10111, 87484, 46728]"
115521,"[18327, 23369, 97067, 64952, 53955, 103346, 52792, 55375, 12020, 21408]"
115522,"[51951, 22105, 57934, 37883, 46716, 49891, 102786, 107075, 46214, 70808]"
115523,"[37947, 28025, 86753, 23492, 22230, 93749, 77484, 56327, 108944, 33761]"
115524,"[67225, 53619, 54401, 108488, 30698, 99513, 88552, 96826, 40768, 46545]"
115525,"[28759, 46658, 29782, 100439, 47851, 44535, 19651, 48647, 82416, 80069]"
115526,"[45108, 34352, 6499, 36073, 97007, 84105, 51332, 39097, 109675, 109000]"
115527,"[90757, 64917, 98048, 39461, 49188, 51896, 9458, 64904, 13891, 91012]"
115528,"[20820, 26860, 86077, 77529, 38285, 17270, 20867, 103813, 65499, 16941]"
115529,"[5159, 18093, 54109, 8096, 88260, 10720, 84689, 56515, 30974, 16508]"
115530,"[81285, 56373, 79128, 1996, 46895, 71970, 93189, 99206, 52541, 43466]"
115531,"[64493, 75134, 15019, 31173, 107773, 13708, 109658, 91576, 73394, 46518]"
115532,"[92882, 3138, 19610, 28061, 87105, 65712, 35382, 4361, 105093, 98293]"
115533,"[24165, 1951, 45238, 95500, 1457, 72077, 63549, 86610, 91319, 77493]"
115534,"[108687, 41934, 1108, 54643, 107356, 27824, 31419, 10667, 101437, 52546]"
115535,"[44093, 52307, 73483, 62500, 90378, 99478, 48506, 13043, 83671, 69641]"
115536,"[93775, 103537, 84848, 69570, 79989, 13066, 40003, 16114, 30434, 74090]"
115537,"[647, 58854, 73609, 25390, 82183, 79818, 92589, 44757, 9376, 69875]"
115538,"[83363, 30420, 92140, 27986, 87179, 13585, 80089, 61813, 33892, 93618]"
115539,"[105606, 108189, 87035, 83468, 18558, 17609, 36160, 90896, 106802, 85564]"
115540,"[51062, 105955, 38270, 64415, 50916, 101093, 11099, 72872, 46661, 39692]"
115541,"[38525, 13258, 39635, 13693, 3605, 89859, 35648, 1990, 70070, 5331]"
115542,"[88193, 24282, 57327, 62608, 97341, 61770, 81021, 13942, 9381, 62365]"
115543,"[72261, 90861, 88067, 92003, 101054, 15843, 43349, 98154, 107200, 46372]"
115544,"[90590, 98397, 100524, 109523, 36914, 100923, 71503, 100859, 104669, 19463]"
115545,"[43793, 578, 40991, 86779, 58247, 50646, 65779, 26649, 55920, 64514]"
115546,"[4395, 57395, 18102, 55884, 44849, 90408, 4165, 28507, 101906, 21130]"
115547,"[81119, 16365, 82670, 99427, 102498, 106278, 50902, 19077, 78328, 53738]"
115548,"[76271, 3236, 86680, 65966, 95890, 41875, 51930, 53818, 2962, 13371]"
115549,"[20306, 19249, 101074, 52995, 108342, 3622, 17542, 109469, 78479, 9594]"
115550,"[62819, 18525, 92640, 99528, 10229, 14995, 13989, 73269, 87908, 18378]"
115551,"[22294, 77928, 82496, 6567, 60091, 24867, 57827, 46812, 19941, 89269]"
115552,"[45067, 60228, 72536, 82882, 30172, 36207, 48768, 4085, 68002, 53091]"
115553,"[57158, 86347, 64915, 59910, 58478, 66907, 16965, 70457, 69596, 32181]"
115554,"[30490, 55175, 84904, 108292, 60509, 89041, 22190, 3844, 46231, 60652]"
115555,"[35637, 76826, 7516, 86609, 73585, 102409, 75065, 49079, 91587, 25166]"
115556,"[3838, 25581, 63677, 66676, 47263, 47330, 37407, 35730, 46830, 104205]"
115557,"[40189, 8102, 10015, 7772, 65640, 37102, 101958, 101380, 58567, 33331]"
115558,"[49915, 772, 48302, 98548, 44171, 2587, 103147, 42397, 103392, 83036]"
115559,"[29289, 104868, 35190, 5170, 47498, 66298, 96811, 39445, 83019, 106102]"
115560,"[103117, 47464, 93864, 67037, 83470, 39991, 72314, 17221, 73070, 27718]"
115561,"[89737, 11362, 79381, 91707, 21557, 5467, 66993, 42042, 36897, 34057]"
115562,"[12371, 67223, 84058, 56302, 97677, 70778, 65173, 35738, 82708, 100234]"
115563,"[90761, 54130, 24835, 33597, 64236, 37794, 10656, 42425, 95633, 45943]"
115564,"[60818, 83605, 106611, 27127, 46850, 73569, 40939, 7226, 85583, 82973]"
115565,"[67268, 62264, 3602, 79763, 64607, 83692, 93835, 36226, 10856, 36822]"
115566,"[77967, 104439, 48977, 61768, 83639, 64391, 81140, 11011, 51401, 13595]"
115567,"[87285, 67986, 98016, 87002, 51366, 1926, 12739, 98423, 42040, 60060]"
115568,"[105931, 97527, 53695, 63112, 46373, 27936, 104808, 99715, 82063, 68008]"
115569,"[40985, 6876, 20974, 48168, 60583, 10979, 50527, 10412, 3615, 65106]"
115570,"[1718, 107540, 39124, 94597, 24875, 103825, 43609, 33117, 61886, 76515]"
115571,"[47093, 35912, 35960, 51266, 103169, 50038, 28672, 23890, 59129, 95154]"
115572,"[51571, 67620, 26163, 4324, 5880, 104377, 69411, 44432, 81657, 34460]"
115573,"[18247, 11174, 96618, 22848, 31423, 105918, 25930, 31399, 9375, 76459]"
115574,"[10512, 38577, 78247, 28492, 99149, 36605, 87507, 29602, 53225, 47021]"
115575,"[92889, 81107, 23737, 90239, 24432, 86783, 19475, 4745, 58796, 3237]"
115576,"[23130, 39000, 81746, 24049, 87287, 51078, 104714, 31165, 27357, 81154]"
115577,"[5765, 20711, 58685, 85831, 27062, 47957, 57800, 67428, 13789, 84167]"
115578,"[64784, 77694, 30653, 70374, 40683, 61775, 28737, 70247, 58107, 63713]"
115579,"[81526, 79352, 96307, 76236, 38167, 20186, 20092, 101792, 50188, 4091]"
115580,"[29961, 6959, 102070, 83058, 29491, 55898, 13833, 10788, 88754, 90644]"
115581,"[92443, 60823, 29418, 28881, 81287, 44620, 94239, 101085, 85857, 18488]"
115582,"[65663, 73307, 73843, 101303, 47960, 107780, 55043, 22525, 75008, 29493]"
115583,"[52556, 2713, 52456, 102081, 51413, 11792, 101838, 35801, 73121, 87434]"
115584,"[94467, 58985, 30431, 66839, 3449, 78649, 2475, 55573, 61934, 86834]"
115585,"[24560, 68813, 6743, 25157, 3616, 70338, 49774, 80029, 5076, 108363]"
115586,"[107217, 75961, 54347, 16348, 54615, 20409, 13678, 639, 23397, 63108]"
115587,"[105855, 54532, 108127, 36971, 7412, 63314, 83817, 49919, 71834, 39791]"
115588,"[21257, 37920, 5017, 67773, 78304, 81979, 19942, 88010, 7320, 97231]"
115589,"[31528, 108683, 2674, 31340, 95665, 90023, 38998, 94761, 97549, 75300]"
115590,"[47294, 39537, 22163, 61857, 107545, 102976, 90819, 100550, 36141, 104891]"
115591,"[54146, 6537, 85757, 37320, 95546, 65361, 22355, 6451, 47872, 17538]"
115592,"[71477, 23078, 108080, 34166, 24903, 59804, 2300, 52828, 72484, 102093]"
115593,"[86771, 61014, 101552, 90478, 94944, 87227, 7980, 106612, 44621, 38091]"
115594,"[106971, 39657, 19795, 45166, 63710, 24590, 82597, 66376, 25078, 109116]"
115595,"[48605, 42889, 29867, 29368, 9895, 29444, 17320, 85204, 16385, 41914]"
115596,"[98675, 28559, 20507, 103546, 54748, 47201, 25427, 88700, 79090, 69182]"
115597,"[90197, 88502, 57882, 81982, 38338, 15029, 79242, 82885, 59486, 77843]"
115598,"[29897, 83753, 39507, 78630, 57492, 9113, 77126, 37031, 42648, 106309]"
115599,"[66377, 56353, 80276, 47220, 9985, 89790, 49385, 50863, 38878, 105689]"
115600,"[54381, 20080, 66424, 27044, 55225, 23158, 90775, 36932, 50854, 25265]"
115601,"[46302, 11317, 62445, 80177, 43854, 72969, 41774, 49043, 85556, 57176]"
115602,"[40833, 58703, 22861, 45197, 82321, 93751, 23747, 35071, 22553, 15022]"
115603,"[100810, 30803, 58607, 49284, 76361, 20574, 29540, 13223, 90809, 70673]"
115604,"[23291, 72962, 31452, 21518, 50607, 93830, 82897, 34966, 893, 75670]"
115605,"[22201, 48991, 45517, 41179, 108850, 43870, 71990, 40640, 52044, 99146]"
115606,"[108497, 93762, 38970, 107949, 77894, 61790, 25705, 63520, 724, 105551]"
115607,"[76037, 7127, 107131, 23127, 94113, 17035, 81818, 31588, 68442, 72016]"
115608,"[13471, 41506, 58960, 60010, 979, 61164, 97976, 27822, 106031, 59151]"
115609,"[3676, 28784, 56409, 45280, 13592, 88349, 23320, 104584, 53914, 62427]"
115610,"[93462, 51529, 70211, 85390, 105925, 10292, 54687, 35368, 57159, 66587]"
115611,"[31634, 44676, 97581, 89861, 60080, 20094, 74495, 68121, 49871, 7253]"
115612,"[81009, 59511, 104198, 57898, 57069, 74543, 44252, 32051, 38093, 52218]"
115613,"[44293, 59287, 95278, 109432, 34723, 18237, 91280, 60142, 71932, 89768]"
115614,"[75596, 31262, 79778, 43391, 97950, 97891, 95162, 35751, 82717, 12243]"
115615,"[87235, 33634, 73189, 89135, 73817, 19193, 68033, 39575, 32980, 73998]"
115616,"[34470, 63271, 99869, 34143, 75574, 61622, 63061, 68635, 49769, 9798]"
115617,"[20218, 31535, 63750, 24790, 64838, 82311, 80506, 66600, 54530, 25227]"
115618,"[68435, 8406, 47592, 68023, 67861, 40699, 31589, 13114, 97162, 91197]"
115619,"[27530, 91511, 81282, 99400, 84432, 83703, 62156, 77454, 20070, 35178]"
115620,"[38045, 3240, 61497, 7731, 45876, 80061, 55765, 77317, 108247, 14307]"
115621,"[40324, 72944, 61837, 96272, 69835, 35069, 93722, 39710, 99955, 85789]"
115622,"[880, 28298, 26553, 81905, 59109, 91392, 23194, 75432, 3554, 33899]"
115623,"[88818, 17412, 24615, 14363, 51334, 79868, 82703, 60208, 2930, 11813]"
115624,"[64635, 22855, 47528, 29913, 93501, 67179, 108842, 18524, 16129, 1718]"
115625,"[45720, 59818, 75721, 13516, 68900, 70069, 68638, 668, 13407, 56470]"
115626,"[54123, 65729, 37104, 30317, 29407, 88001, 92197, 62937, 2162, 86618]"
115627,"[82491, 28423, 104231, 74696, 81111, 49550, 33247, 34542, 82909, 27394]"
115628,"[46335, 59321, 55740, 10383, 47656, 58173, 56674, 109754, 41364, 24343]"
115629,"[47900, 48762, 6670, 107374, 14242, 7473, 10043, 86974, 35957, 104700]"
115630,"[37803, 38986, 697, 17324, 38053, 60827, 5560, 36710, 42939, 100631]"
115631,"[24091, 47096, 37698, 87765, 72379, 6505, 57634, 532, 108243, 109270]"
115632,"[1265, 46141, 40143, 83938, 23270, 4074, 48677, 1049, 76747, 64366]"
115633,"[14041, 263, 44211, 91766, 32615, 103994, 108718, 56073, 24836, 56311]"
115634,"[13290, 26541, 428, 50211, 31664, 81935, 12285, 4718, 3697, 106587]"
115635,"[60454, 65011, 107110, 70373, 40093, 82695, 18542, 104835, 104176, 15908]"
115636,"[62172, 47421, 69653, 58587, 85990, 86791, 3962, 18322, 40875, 51300]"
115637,"[37089, 7052, 89415, 60868, 98041, 93459, 81857, 45832, 18289, 101007]"
115638,"[95901, 75544, 10687, 59412, 69529, 13384, 49503, 95819, 26842, 32929]"
115639,"[99122, 39183, 7507, 59338, 50243, 49748, 107376, 82510, 57012, 66502]"
115640,"[37139, 101052, 49050, 51825, 102941, 109266, 76165, 82681, 1338, 36024]"
115641,"[1105, 24806, 109209, 20999, 54988, 73001, 15977, 23660, 63514, 58599]"
115642,"[68308, 24584, 12310, 107235, 50318, 49958, 7380, 31485, 99030, 2533]"
115643,"[23981, 54316, 21058, 109473, 54264, 90567, 31763, 75634, 73069, 88655]"
115644,"[69644, 9193, 63596, 73523, 60882, 2593, 2900, 76610, 3153, 62531]"
115645,"[81321, 99362, 74291, 3045, 1976, 9044, 9037, 66681, 56516, 58240]"
115646,"[77938, 54398, 20552, 101831, 64242, 3417, 108942, 80609, 82409, 98920]"
115647,"[29869, 71040, 1688, 311, 10618, 60447, 13543, 45273, 42210, 96959]"
115648,"[58396, 75259, 1919, 67793, 44456, 7039, 69844, 3239, 34354, 75927]"
115649,"[89173, 95880, 72315, 12599, 4654, 105741, 102492, 57083, 56168, 96614]"
115650,"[99750, 80311, 45761, 88804, 71508, 37731, 73794, 56264, 85271, 17641]"
115651,"[46305, 83090, 18651, 43146, 23037, 43388, 72270, 18189, 59891, 41970]"
115652,"[15912, 25169, 103345, 10722, 24012, 93924, 104461, 41360, 23535, 31501]"
115653,"[67100, 16372, 17425, 10141, 109355, 43310, 16617, 39779, 37044, 61911]"
115654,"[89926, 80270, 101677, 93148, 31072, 64346, 5348, 61955, 18409, 55048]"
115655,"[68148, 79263, 105119, 72488, 8714, 60366, 95465, 17761, 89732, 65508]"
115656,"[86976, 53, 99703, 11601, 76162, 49749, 83715, 76552, 9285, 48856]"
115657,"[101974, 98172, 46554, 77935, 9738, 57754, 11830, 5957, 43437, 3856]"
115658,"[98261, 5100, 54477, 25, 6151, 80659, 65446, 94647, 57870, 56252]"
115659,"[99281, 87950, 51733, 98632, 95611, 38831, 24728, 41895, 69923, 76360]"
115660,"[91468, 86697, 70119, 101708, 5887, 52115, 43550, 58730, 102162, 80682]"
115661,"[109550, 44889, 33309, 79664, 97540, 41676, 17309, 48150, 29215, 104365]"
115662,"[13273, 27206, 96749, 102741, 11837, 72345, 72799, 86200, 76889, 98771]"
115663,"[68031, 3429, 49925, 86694, 62562, 68414, 12951, 60018, 53326, 94473]"
115664,"[13978, 100039, 35087, 29965, 13329, 23115, 80394, 78312, 33083, 68940]"
115665,"[52328, 26485, 13459, 86808, 55055, 11062, 47817, 24493, 81468, 107597]"
115666,"[107206, 108707, 61656, 105654, 82944, 12378, 66050, 68096, 14469, 102614]"
115667,"[49155, 43161, 90914, 81535, 7625, 26634, 71743, 26099, 69191, 86446]"
115668,"[68408, 73325, 92618, 46483, 24120, 53487, 3072, 13916, 66297, 32304]"
115669,"[26000, 63043, 39867, 68758, 62917, 13205, 96371, 27903, 67094, 27058]"
115670,"[99737, 74473, 25263, 81630, 76414, 1593, 67144, 56874, 11818, 46272]"
115671,"[6114, 69508, 57531, 58527, 37954, 80471, 99441, 24759, 63250, 87034]"
115672,"[25738, 1725, 50992, 85160, 56122, 38838, 44493, 39302, 44349, 66366]"
115673,"[64541, 4949, 95194, 21692, 59305, 56830, 65999, 67064, 72906, 2681]"
115674,"[38496, 4168, 7809, 63790, 64441, 56680, 19844, 96061, 27080, 97764]"
115675,"[680, 61096, 91451, 57850, 38399, 44244, 42139, 92007, 38407, 17243]"
115676,"[86772, 106698, 82515, 61718, 57470, 88083, 50653, 52105, 98606, 24040]"
115677,"[56880, 47983, 101864, 45962, 109450, 17878, 56472, 6384, 81451, 16045]"
115678,"[94255, 77518, 99683, 103954, 21122, 56813, 9960, 36370, 35053, 50204]"
115679,"[80986, 24709, 79611, 76627, 14144, 48534, 27800, 931, 17094, 56512]"
115680,"[34897, 4993, 71464, 7141, 51902, 46201, 19316, 107954, 50391, 104481]"
115681,"[15132, 63791, 92825, 95747, 62806, 56475, 26646, 43467, 20816, 25503]"
115682,"[109444, 92842, 55702, 3193, 15379, 268, 69974, 102750, 28771, 16076]"
115683,"[99995, 78659, 88388, 7020, 108589, 53180, 97503, 10892, 55240, 105672]"
115684,"[50297, 83576, 15164, 19118, 105695, 81349, 80978, 4570, 1829, 51976]"
115685,"[35920, 106820, 54649, 102291, 13305, 69628, 61157, 66318, 83480, 28621]"
115686,"[10016, 94048, 71199, 48530, 10580, 56164, 1026, 39698, 61233, 103535]"
115687,"[101789, 64478, 90703, 15180, 68719, 70619, 17937, 106030, 20472, 14252]"
115688,"[67235, 70522, 46042, 78715, 1587, 62298, 59581, 6883, 45434, 91646]"
115689,"[48809, 107828, 96042, 6254, 99408, 42932, 24482, 84814, 41967, 66019]"
115690,"[60544, 81620, 79226, 85889, 99355, 68921, 5490, 4377, 15095, 45409]"
115691,"[12206, 109235, 45219, 61559, 49028, 100632, 16194, 39715, 60996, 9442]"
115692,"[76012, 31361, 56439, 19369, 23956, 32308, 66900, 38773, 75074, 40363]"
115693,"[45083, 34388, 80175, 68524, 59733, 92526, 10368, 55910, 3920, 520]"
115694,"[70399, 17010, 91930, 80884, 12169, 95695, 5125, 100868, 77057, 9486]"
115695,"[69882, 92865, 5328, 100420, 105372, 107586, 12800, 15261, 18574, 96679]"
115696,"[84125, 43803, 96248, 95201, 11540, 55246, 27137, 48864, 54955, 73089]"
115697,"[53964, 56469, 52541, 20086, 69776, 80559, 19444, 95329, 23119, 43884]"
115698,"[32632, 30982, 81700, 90756, 107614, 92956, 56913, 70807, 103112, 79289]"
115699,"[30055, 17438, 75278, 63997, 94306, 80234, 87834, 70875, 94222, 106516]"
115700,"[44806, 13456, 96183, 94189, 73951, 75085, 12897, 69006, 84138, 109624]"
115701,"[8099, 8218, 51229, 46764, 54662, 102607, 94106, 65418, 13629, 17734]"
115702,"[17264, 9070, 66918, 44659, 58285, 24111, 23276, 89384, 16576, 36158]"
115703,"[39250, 66622, 67216, 59724, 106800, 61104, 107989, 55972, 98119, 85626]"
115704,"[53330, 79719, 12457, 99526, 89184, 3636, 57402, 11187, 54328, 107533]"
115705,"[45063, 33072, 73663, 16904, 57881, 101273, 61918, 99257, 25991, 56632]"
115706,"[103397, 4078, 70173, 40038, 26095, 40188, 43710, 96564, 64592, 12016]"
115707,"[48183, 54853, 105838, 17565, 28932, 58700, 36754, 62028, 56012, 108497]"
115708,"[102728, 15030, 30282, 4122, 89209, 19433, 79598, 29532, 24710, 93449]"
115709,"[78285, 103583, 77853, 93734, 313, 57936, 90509, 96579, 52244, 34106]"
115710,"[3310, 22795, 42945, 83339, 38056, 105364, 19239, 20179, 36119, 32001]"
115711,"[65941, 95399, 42920, 105599, 29641, 56769, 63448, 37874, 40006, 81164]"
115712,"[52490, 20234, 46438, 15338, 107974, 58847, 20606, 39517, 27334, 65515]"
115713,"[13787, 91872, 10615, 5857, 98653, 108118, 103740, 86302, 18290, 37640]"
115714,"[18201, 89255, 8068, 102724, 33104, 3251, 92068, 12180, 46631, 106633]"
115715,"[83807, 66448, 96306, 108781, 71137, 94990, 45152, 58777, 50200, 89401]"
115716,"[34389, 101444, 100164, 49791, 66036, 106753, 39504, 108504, 14875, 1648]"
115717,"[91393, 23150, 64558, 18279, 2025, 8126, 36353, 70740, 7556, 13822]"
115718,"[100202, 71021, 44375, 105471, 35644, 94097, 57759, 26699, 79278, 13037]"
115719,"[6863, 43718, 12027, 46562, 28519, 92870, 46043, 100765, 88806, 104833]"
115720,"[31811, 31815, 51601, 55766, 96641, 35455, 20515, 47759, 61092, 93881]"
115721,"[17502, 84789, 92584, 66190, 93973, 53272, 13680, 92431, 88516, 106704]"
115722,"[13006, 2818, 51208, 49372, 24842, 94456, 39479, 36539, 2416, 53877]"
115723,"[79705, 94715, 48752, 77263, 28161, 86304, 24938, 40899, 65162, 45444]"
115724,"[49908, 88562, 41683, 87639, 102841, 59267, 21400, 19240, 86816, 81439]"
115725,"[17710, 43889, 101512, 47615, 104528, 98909, 8204, 5961, 18880, 27043]"
115726,"[26860, 20867, 103813, 20820, 11193, 77529, 38285, 33545, 86077, 56259]"
115727,"[41851, 2348, 48255, 73580, 95611, 84882, 77907, 98486, 98414, 4126]"
115728,"[25049, 71576, 31407, 102044, 71687, 79815, 85282, 104612, 45899, 85199]"
115729,"[57123, 37091, 13766, 11211, 14525, 38218, 12291, 32312, 79793, 46728]"
115730,"[10464, 104303, 63595, 9655, 59995, 12135, 66108, 48790, 65874, 66181]"
115731,"[56050, 109077, 99388, 76863, 59209, 75337, 96343, 1160, 58874, 31503]"
115732,"[79399, 51256, 55735, 103512, 71575, 92639, 21919, 22336, 87519, 56107]"
115733,"[61002, 29070, 45301, 42020, 46666, 40474, 91373, 67405, 75727, 62952]"
115734,"[40070, 73054, 16625, 22917, 9346, 57309, 51019, 41549, 54582, 53993]"
115735,"[46371, 86266, 96354, 38790, 65428, 39415, 38952, 36980, 32007, 12433]"
115736,"[53738, 44060, 102498, 42120, 24679, 39767, 78328, 82670, 16365, 81119]"
115737,"[79146, 36224, 41341, 107532, 77040, 56317, 108900, 64296, 82560, 60847]"
115738,"[53547, 78782, 1162, 80934, 42854, 79950, 44700, 42190, 61214, 51410]"
115739,"[52953, 14690, 24388, 45190, 100704, 15569, 17770, 109603, 42656, 63860]"
115740,"[25136, 30218, 87979, 99812, 40494, 84737, 63898, 92422, 48806, 89318]"
115741,"[54150, 105266, 89544, 52632, 22934, 37399, 59377, 51155, 100293, 10472]"
115742,"[64415, 55489, 73416, 96868, 24444, 73639, 38270, 24918, 27632, 44938]"
115743,"[13018, 98068, 72604, 24413, 9078, 18066, 72159, 10870, 12502, 89933]"
115744,"[8511, 74027, 30895, 95234, 12152, 50101, 71183, 1212, 6696, 48760]"
115745,"[37418, 74015, 70568, 76014, 23898, 96683, 30510, 71779, 81788, 9080]"
115746,"[77743, 90880, 5188, 17552, 107123, 48379, 45931, 78302, 62253, 56358]"
115747,"[95178, 54529, 106406, 43574, 74626, 31605, 49967, 108201, 66566, 72388]"
115748,"[75491, 3218, 64437, 22755, 72980, 102102, 53209, 96399, 95222, 13950]"
115749,"[50112, 41159, 67063, 29934, 55455, 20621, 50431, 68078, 75205, 81806]"
115750,"[7426, 46193, 18467, 39844, 19027, 75966, 70346, 13272, 83783, 78493]"
115751,"[21316, 105928, 71816, 98129, 52009, 106615, 26399, 57280, 80560, 7422]"
115752,"[79579, 69413, 34182, 692, 36044, 4090, 69887, 85620, 10561, 99312]"
115753,"[1068, 21945, 26372, 84056, 102120, 33431, 16863, 67772, 70274, 92789]"
115754,"[11655, 60677, 4262, 65498, 83594, 55619, 1796, 80306, 41377, 28564]"
115755,"[100754, 70768, 104419, 84957, 103359, 4491, 54661, 22255, 50784, 103282]"
115756,"[85600, 27127, 82973, 86944, 103944, 40939, 46850, 106611, 73569, 70682]"
115757,"[28067, 54708, 92624, 108756, 36512, 30585, 83945, 75780, 59970, 2577]"
115758,"[16194, 9442, 51133, 72274, 12206, 88510, 64009, 35222, 15193, 109235]"
115759,"[13169, 64549, 36116, 8244, 66164, 60285, 62568, 55666, 45863, 9496]"
115760,"[91189, 92913, 57156, 93828, 53150, 83603, 26818, 27672, 86994, 106244]"
115761,"[52469, 93279, 54174, 31457, 11632, 86233, 30824, 18977, 19397, 107428]"
115762,"[15453, 62092, 45877, 4258, 60786, 96745, 72348, 103121, 30136, 70524]"
115763,"[42492, 63874, 38264, 49650, 70645, 9186, 26031, 104263, 72558, 21712]"
115764,"[68432, 90383, 32464, 106817, 15050, 81420, 23006, 104928, 45251, 47262]"
115765,"[59664, 53957, 1414, 55742, 73462, 105917, 26027, 81262, 108266, 53036]"
115766,"[65199, 72153, 63927, 93806, 91686, 8445, 4584, 83435, 85041, 77698]"
115767,"[37191, 1828, 19486, 80162, 70928, 77801, 14137, 8081, 67088, 54470]"
115768,"[61572, 23876, 78684, 48816, 42050, 72263, 82106, 46866, 9642, 69150]"
115769,"[81466, 16391, 98829, 60412, 47225, 25807, 86829, 20664, 53182, 31416]"
115770,"[47735, 104649, 31561, 35213, 32935, 86553, 35175, 108556, 83105, 87808]"
115771,"[15743, 95066, 77129, 6813, 32343, 55356, 82865, 74881, 20520, 53625]"
115772,"[25990, 68224, 101930, 35251, 64844, 31390, 22499, 46703, 51754, 983]"
115773,"[93897, 72471, 24140, 109308, 104581, 57249, 49848, 49378, 41282, 3468]"
115774,"[57008, 1394, 92586, 3611, 51706, 70374, 103087, 23294, 65927, 93217]"
115775,"[70546, 51700, 63301, 73413, 71554, 2523, 35676, 17168, 40536, 90632]"
115776,"[55202, 100686, 106705, 26693, 92925, 60176, 41737, 4149, 71175, 70615]"
115777,"[49974, 60309, 23999, 39385, 23123, 65205, 63890, 60489, 104631, 89797]"
115778,"[10613, 15657, 96798, 60577, 50954, 42084, 32129, 87749, 66626, 36578]"
115779,"[74988, 105690, 94459, 50743, 90791, 71850, 64644, 45838, 33671, 79693]"
115780,"[84450, 92054, 60639, 107612, 29674, 24512, 67413, 42341, 48414, 10706]"
115781,"[39650, 77881, 85563, 26972, 65950, 105167, 59758, 33202, 43436, 67797]"
115782,"[78453, 55913, 6904, 69234, 2729, 108217, 98501, 49928, 27744, 80730]"
115783,"[88983, 21732, 54228, 102838, 24386, 23088, 20271, 108417, 25397, 21506]"
115784,"[52642, 68616, 29589, 109416, 39235, 42428, 103380, 32001, 91427, 80717]"
115785,"[104302, 30734, 108037, 4259, 102690, 25435, 55558, 64770, 19141, 104477]"
115786,"[26286, 9564, 105407, 18729, 24596, 91912, 28156, 88211, 55280, 35614]"
115787,"[89468, 97767, 87299, 75894, 47162, 93710, 4012, 109467, 33025, 66923]"
115788,"[44016, 83923, 71211, 23362, 5413, 101524, 25225, 56621, 56791, 11914]"
115789,"[95416, 79324, 2566, 95850, 44520, 26136, 47309, 56875, 65706, 42121]"
115790,"[56979, 99480, 82440, 82345, 86063, 106026, 62747, 87512, 66414, 27579]"
115791,"[59083, 98009, 30280, 6755, 29828, 104694, 83043, 89707, 71091, 47175]"
115792,"[47466, 69049, 61062, 27133, 12211, 2885, 95324, 72423, 9358, 26260]"
115793,"[67836, 68064, 79082, 95536, 89869, 101623, 2982, 45154, 50657, 57037]"
115794,"[90696, 37001, 93778, 54221, 82654, 14145, 12098, 85947, 53892, 64330]"
115795,"[83875, 106227, 90222, 91253, 14310, 85656, 79739, 36429, 39890, 85264]"
115796,"[42940, 44170, 12189, 60074, 9642, 77858, 5487, 46866, 53166, 39971]"
115797,"[32249, 70066, 105725, 70312, 3160, 89849, 2032, 72726, 108469, 21293]"
115798,"[74219, 8872, 21352, 72818, 87160, 53410, 67272, 77672, 36959, 105886]"
115799,"[84803, 42331, 85790, 76989, 46424, 44696, 7311, 23277, 2007, 104197]"
115800,"[82126, 26876, 52352, 5883, 86826, 90656, 50790, 70244, 91357, 94378]"
115801,"[58964, 108479, 91731, 57416, 68833, 97297, 57722, 74780, 42700, 89439]"
115802,"[47722, 108283, 64718, 39613, 5984, 40213, 60979, 24215, 29120, 18430]"
115803,"[8215, 2902, 40092, 14664, 26117, 76125, 26185, 69280, 16902, 8686]"
115804,"[88226, 1869, 72415, 46735, 58666, 50923, 93373, 71552, 81885, 60678]"
115805,"[74098, 70613, 57182, 78455, 95403, 70994, 10486, 92341, 65689, 90554]"
115806,"[20442, 60935, 45123, 20494, 101204, 91334, 106904, 74443, 83241, 26701]"
115807,"[3790, 79588, 69097, 105948, 78588, 29931, 1145, 69685, 5813, 4638]"
115808,"[78747, 7873, 10136, 81666, 84434, 76843, 30049, 34702, 83742, 677]"
115809,"[81442, 18955, 58365, 43643, 43992, 35952, 53276, 33196, 87112, 31247]"
115810,"[38643, 102104, 79804, 47260, 63724, 2818, 23606, 20137, 44510, 97989]"
115811,"[54217, 28851, 84778, 17973, 60782, 52631, 73702, 76620, 109741, 8421]"
115812,"[28426, 11031, 80417, 29432, 85808, 90403, 75812, 50193, 1422, 96685]"
115813,"[60683, 5830, 30224, 78937, 75081, 96480, 44941, 53397, 70859, 24995]"
115814,"[73690, 13798, 64668, 93564, 39637, 99842, 85992, 92352, 29221, 97433]"
115815,"[96531, 94052, 106539, 101671, 78931, 104014, 71735, 104622, 98877, 2097]"
115816,"[53292, 87321, 47185, 87352, 107071, 26276, 4972, 28, 102423, 9120]"
115817,"[69516, 2333, 89641, 105588, 34929, 105194, 108321, 82274, 97548, 99530]"
115818,"[49428, 39327, 28605, 65318, 52175, 12721, 46736, 10623, 92733, 75758]"
115819,"[45463, 43358, 66835, 74449, 101488, 47837, 100517, 87028, 66461, 98639]"
115820,"[95216, 70146, 58349, 19587, 106198, 81933, 74678, 82792, 68153, 51807]"
115821,"[10943, 101652, 59664, 73462, 950, 55742, 1414, 81262, 30359, 37663]"
115822,"[83534, 10913, 75521, 13396, 1931, 10906, 32602, 98251, 70577, 59735]"
115823,"[37613, 70207, 87322, 39623, 22015, 55647, 90857, 49720, 108931, 61429]"
115824,"[82208, 102601, 77155, 58184, 105374, 69770, 70840, 67523, 11839, 56243]"
115825,"[73273, 90224, 3475, 5222, 12758, 98508, 9018, 78551, 52673, 32669]"
115826,"[5023, 27617, 105227, 84596, 28669, 9699, 52886, 67354, 11489, 19037]"
115827,"[74760, 1921, 78912, 93234, 86020, 6645, 23642, 94398, 54096, 103390]"
115828,"[91457, 108970, 94213, 98857, 25796, 98269, 93003, 83326, 95201, 97068]"
115829,"[91880, 94226, 75999, 70869, 84811, 104926, 16743, 11565, 65520, 42461]"
115830,"[34932, 78271, 90362, 44532, 80399, 88268, 41503, 84484, 69194, 95343]"
115831,"[54872, 24299, 20617, 96910, 91564, 3111, 93667, 43655, 37328, 84136]"
115832,"[105222, 86192, 80468, 93097, 106993, 103315, 42176, 36054, 25801, 102988]"
115833,"[79869, 44209, 76408, 41279, 75504, 28930, 76068, 47367, 74776, 37107]"
115834,"[27929, 92792, 102018, 84482, 64129, 46144, 43158, 61251, 38782, 55160]"
115835,"[19345, 30002, 99999, 82996, 10240, 27027, 65914, 73326, 102127, 27915]"
115836,"[39158, 53066, 10068, 2794, 26041, 80036, 39675, 14507, 83152, 18423]"
115837,"[95861, 74515, 66704, 69222, 74851, 98187, 25011, 15729, 32710, 42958]"
115838,"[62856, 63329, 85546, 82901, 11755, 17470, 80086, 24703, 99973, 19016]"
115839,"[6660, 36219, 9860, 3946, 28858, 61548, 78680, 109314, 96224, 68897]"
115840,"[2300, 23078, 24903, 34166, 71477, 75859, 52828, 72484, 39344, 85432]"
115841,"[70996, 3287, 63410, 45982, 70593, 24464, 42856, 94948, 108592, 1440]"
115842,"[65671, 72426, 84615, 95584, 84364, 81317, 20852, 54807, 79828, 9221]"
115843,"[42165, 65085, 13864, 8294, 71366, 24667, 76794, 3096, 51868, 32818]"
115844,"[56106, 95940, 97682, 21948, 101050, 107602, 41581, 49043, 56871, 4852]"
115845,"[16343, 72630, 49226, 54208, 7650, 30324, 86570, 36059, 51173, 1182]"
115846,"[68969, 50505, 40609, 48209, 15793, 53911, 50909, 27067, 48738, 101185]"
115847,"[55378, 99606, 86963, 107940, 38661, 42205, 104252, 103896, 100193, 22248]"
115848,"[42224, 88124, 44154, 21376, 8109, 30447, 20138, 44249, 32368, 15884]"
115849,"[60888, 17532, 76837, 78792, 4579, 2181, 100660, 44758, 24577, 88315]"
115850,"[94392, 36558, 48595, 10264, 100651, 86270, 60362, 83076, 106299, 18421]"
115851,"[38875, 38349, 24443, 70922, 26307, 73064, 21438, 19756, 74553, 8278]"
115852,"[96039, 34009, 42191, 72761, 72292, 26270, 71096, 42475, 101738, 108233]"
115853,"[49120, 41575, 22838, 36922, 57217, 51610, 17992, 88212, 81459, 46580]"
115854,"[78481, 20638, 29114, 104713, 45671, 65419, 46983, 34719, 50907, 33173]"
115855,"[907, 36374, 5630, 87070, 89440, 58586, 76238, 102197, 86777, 90062]"
115856,"[85832, 58347, 101762, 27974, 30415, 104835, 60419, 26129, 70712, 82773]"
115857,"[64896, 14566, 84015, 99800, 13167, 57196, 22886, 12217, 70587, 100480]"
115858,"[89640, 9912, 105616, 46131, 85936, 104709, 46314, 52576, 87581, 28184]"
115859,"[42206, 70836, 61609, 31819, 90692, 106796, 76191, 92026, 92654, 51402]"
115860,"[59223, 107382, 17972, 15039, 58497, 53756, 45738, 96268, 68378, 51407]"
115861,"[26999, 16910, 82451, 16360, 100206, 74844, 103724, 80622, 57501, 68271]"
115862,"[81938, 2730, 74901, 77804, 60203, 26492, 81022, 40178, 71172, 16224]"
115863,"[81742, 17034, 60864, 80068, 44447, 1689, 23987, 62087, 56350, 105954]"
115864,"[56748, 33490, 78118, 30590, 34192, 50404, 37868, 80444, 109687, 95271]"
115865,"[65731, 55292, 64033, 51435, 53488, 54503, 98139, 62054, 6509, 97809]"
115866,"[14184, 64086, 64906, 76934, 11366, 61089, 64389, 55305, 5278, 86165]"
115867,"[20970, 51604, 21428, 11614, 45983, 104160, 41142, 109352, 28910, 27654]"
115868,"[39388, 83933, 25425, 28440, 51446, 84717, 65967, 75951, 74743, 101969]"
115869,"[62159, 91752, 56435, 100403, 25313, 76129, 55788, 75477, 34508, 60184]"
115870,"[6604, 77306, 62802, 85921, 6747, 63427, 31523, 83234, 31089, 97263]"
115871,"[85594, 64200, 14701, 91583, 104458, 15155, 36682, 3053, 66440, 77554]"
115872,"[82886, 90101, 72278, 65885, 88638, 31947, 13606, 61465, 51180, 25182]"
115873,"[23247, 71549, 22039, 50209, 19694, 48208, 9709, 62465, 41981, 91310]"
115874,"[63622, 58189, 35207, 12616, 10598, 104200, 57006, 67636, 92459, 32285]"
115875,"[49364, 100084, 96239, 70506, 78756, 99143, 49165, 84041, 105635, 13617]"
115876,"[39547, 53901, 85109, 79771, 64720, 49360, 45888, 102796, 84741, 24913]"
115877,"[14058, 22523, 103020, 91026, 107879, 106394, 2350, 25196, 35300, 4164]"
115878,"[27003, 68973, 106181, 95732, 45254, 85695, 87188, 96060, 18501, 32387]"
115879,"[70986, 52697, 20836, 73327, 106777, 31139, 99550, 19913, 20331, 14816]"
115880,"[37282, 99477, 32147, 76946, 33426, 41720, 105767, 83679, 47242, 22310]"
115881,"[96083, 26339, 10554, 94800, 1042, 76062, 84144, 62982, 35001, 73563]"
115882,"[100000, 30541, 55634, 40002, 86095, 49799, 8942, 83934, 66865, 5647]"
115883,"[49165, 35156, 71240, 71780, 5980, 10610, 108897, 88075, 49364, 100084]"
115884,"[83429, 97082, 75639, 8876, 79406, 2169, 42300, 73318, 82091, 89493]"
115885,"[38729, 81376, 19076, 40998, 83467, 72139, 26437, 64117, 66437, 106500]"
115886,"[88071, 75706, 66279, 13859, 37373, 88529, 25928, 100602, 90138, 78794]"
115887,"[83009, 73060, 56376, 27790, 65846, 69161, 109295, 9659, 81880, 12922]"
115888,"[27660, 34366, 3947, 64019, 571, 12061, 62514, 23301, 29372, 5713]"
115889,"[11619, 70766, 17179, 24196, 12203, 105351, 83348, 30807, 43533, 49664]"
115890,"[100298, 1051, 72762, 70612, 42600, 78776, 48546, 60536, 90759, 32634]"
115891,"[55710, 68667, 90270, 86634, 69407, 9768, 11870, 78043, 104600, 45735]"
115892,"[39548, 27027, 29849, 43589, 19586, 81549, 78529, 98769, 108332, 93676]"
115893,"[77754, 90978, 447, 4997, 96377, 82807, 86044, 24264, 29932, 10179]"
115894,"[7894, 30731, 26019, 42370, 32856, 32158, 45477, 10431, 74690, 33509]"
115895,"[7064, 101588, 98009, 95817, 88395, 103512, 71091, 89707, 84772, 15989]"
115896,"[41695, 38336, 98108, 59021, 31138, 13503, 85523, 59034, 4612, 20282]"
115897,"[85752, 54981, 70925, 83296, 14210, 18107, 67320, 107062, 104766, 108290]"
115898,"[65036, 57192, 12068, 98270, 15797, 86405, 68592, 57110, 56308, 57045]"
115899,"[101968, 2363, 61310, 7322, 23054, 37802, 103426, 66396, 108306, 66854]"
115900,"[77247, 5780, 34537, 91157, 55999, 90953, 43597, 27033, 24705, 56002]"
115901,"[55843, 52163, 59506, 91759, 78498, 66015, 27337, 42923, 109460, 102006]"
115902,"[49692, 70156, 42768, 79831, 72717, 94206, 13015, 105845, 16340, 104761]"
115903,"[7108, 90330, 33910, 36775, 32020, 91430, 106924, 74197, 102014, 58335]"
115904,"[8256, 45109, 17972, 58497, 107382, 12364, 15039, 27597, 29519, 51407]"
115905,"[8268, 19594, 10065, 77964, 69492, 80108, 41567, 93020, 67404, 7524]"
115906,"[46744, 35372, 30861, 43653, 87550, 3233, 71539, 70228, 3589, 36659]"
115907,"[20281, 41109, 86378, 72516, 108791, 15090, 56112, 63091, 48294, 41677]"
115908,"[104475, 17165, 60135, 102581, 65334, 82253, 45049, 95055, 109206, 54717]"
115909,"[90488, 102085, 51384, 30438, 86480, 7787, 17511, 67098, 92763, 20996]"
115910,"[13385, 44565, 1984, 12727, 103404, 93651, 46855, 3225, 92026, 24748]"
115911,"[13319, 37349, 10234, 36986, 84821, 89918, 13955, 58493, 53001, 100494]"
115912,"[25018, 15946, 17215, 107425, 19728, 96799, 65660, 66494, 86330, 97682]"
115913,"[81655, 29353, 102068, 20675, 42040, 107197, 63585, 63293, 60060, 76304]"
115914,"[92832, 17310, 87869, 107687, 100112, 29162, 9182, 93070, 83771, 37623]"
115915,"[60532, 34330, 55721, 63281, 35807, 107991, 69773, 10854, 80154, 77074]"
115916,"[104096, 102617, 89979, 28227, 45323, 31824, 82505, 29367, 7128, 64864]"
115917,"[22984, 91712, 101663, 49504, 92371, 101986, 45119, 89574, 43154, 28796]"
115918,"[40292, 2245, 5821, 17242, 63233, 50628, 43413, 109754, 41364, 47656]"
115919,"[63082, 37185, 1226, 69116, 100003, 94132, 69074, 33070, 3375, 55019]"
115920,"[98732, 17896, 109585, 15393, 75666, 64605, 40689, 29751, 63859, 19915]"
115921,"[79906, 38467, 74761, 1685, 27112, 1416, 33341, 64976, 39483, 36551]"
115922,"[4877, 7802, 106343, 44343, 71659, 96615, 72720, 39342, 99467, 54936]"
115923,"[96430, 76504, 8375, 13951, 26183, 91611, 19359, 53834, 107467, 102940]"
115924,"[71239, 95456, 30678, 106548, 28024, 63264, 108307, 27612, 82640, 62535]"
115925,"[58235, 93390, 5516, 81948, 30013, 7492, 79075, 35200, 55812, 9641]"
115926,"[36219, 61548, 106053, 109314, 68897, 78680, 96224, 9860, 3946, 6660]"
115927,"[52085, 831, 19632, 8815, 89203, 34855, 90894, 10338, 63519, 95234]"
115928,"[18646, 6517, 46632, 23048, 14081, 86676, 14024, 95451, 49160, 39590]"
115929,"[20335, 53692, 17514, 109477, 20577, 37013, 105389, 4183, 85165, 70950]"
115930,"[44125, 101916, 87302, 29611, 38919, 89618, 82347, 71644, 26905, 22483]"
115931,"[22547, 75327, 39598, 92356, 45512, 14102, 855, 55675, 40309, 105410]"
115932,"[19053, 55454, 22756, 40422, 50309, 105114, 99622, 66042, 8747, 80627]"
115933,"[70895, 97789, 95895, 69678, 26834, 65611, 37814, 85925, 66219, 19996]"
115934,"[8780, 105543, 8385, 65939, 76735, 18860, 103046, 49516, 17000, 108093]"
115935,"[90100, 86861, 57524, 61919, 60263, 98152, 28271, 70021, 15654, 23955]"
115936,"[103667, 83689, 85054, 29204, 103113, 959, 103709, 41858, 106804, 87473]"
115937,"[43819, 48619, 67869, 100996, 67788, 14760, 73374, 11364, 59512, 76805]"
115938,"[13158, 13704, 99462, 92163, 42068, 63183, 55058, 10478, 57584, 22548]"
115939,"[6647, 76812, 65726, 55906, 95758, 32385, 32909, 54478, 47471, 102486]"
115940,"[99154, 2832, 68792, 48368, 107851, 79111, 71897, 12684, 20385, 56463]"
115941,"[55522, 11952, 18139, 75668, 9603, 15580, 9038, 37029, 32900, 30896]"
115942,"[30008, 92045, 22022, 29056, 3136, 89132, 44606, 51364, 69082, 38765]"
115943,"[102867, 68988, 2561, 31146, 63721, 16036, 63060, 56197, 15218, 22746]"
115944,"[748, 43770, 88651, 25244, 72693, 51622, 99697, 74242, 94399, 63332]"
115945,"[8484, 12917, 4678, 10781, 46419, 92992, 54069, 26820, 40240, 69668]"
115946,"[37844, 14530, 31435, 59470, 52302, 59429, 42814, 13076, 7703, 107413]"
115947,"[16843, 69469, 85576, 25268, 95420, 42557, 53994, 7148, 33351, 69009]"
115948,"[70572, 8971, 36740, 69597, 107428, 36405, 41823, 2079, 101245, 109198]"
115949,"[43499, 30921, 100608, 104038, 84777, 70481, 72293, 101607, 30730, 65952]"
115950,"[27314, 61844, 76460, 77033, 7734, 36625, 75295, 19156, 100158, 41108]"
115951,"[56265, 107195, 95631, 87705, 65597, 6724, 35839, 18732, 19554, 53931]"
115952,"[51327, 2454, 16237, 12824, 67757, 61740, 45702, 54352, 39447, 64488]"
115953,"[61390, 100506, 98855, 70426, 45609, 44291, 46098, 79213, 31785, 17573]"
115954,"[48840, 4346, 16970, 42271, 39205, 19983, 55495, 32258, 99129, 99293]"
115955,"[61348, 2592, 48794, 1750, 41927, 100038, 94165, 68899, 137, 38060]"
115956,"[36792, 91332, 53113, 7531, 63514, 84086, 10153, 54988, 20999, 19281]"
115957,"[71655, 59400, 41368, 3567, 26631, 72499, 98309, 2941, 47134, 14864]"
115958,"[4079, 80853, 18069, 550, 102584, 35755, 81531, 103971, 12762, 65205]"
115959,"[2544, 72103, 53196, 10790, 17216, 38618, 55823, 88882, 68541, 47004]"
115960,"[35170, 64767, 97560, 108047, 71350, 82425, 73259, 48338, 16330, 16833]"
115961,"[47992, 68472, 80424, 58935, 461, 53806, 63125, 54574, 40379, 72846]"
115962,"[45300, 61970, 60541, 54734, 78802, 44848, 107531, 20014, 64771, 92688]"
115963,"[38822, 30288, 51693, 71617, 46142, 90588, 15444, 109770, 78539, 15432]"
115964,"[38939, 90972, 12910, 54275, 27489, 88039, 32886, 96190, 5543, 102064]"
115965,"[54132, 37146, 92737, 51583, 28297, 50161, 86981, 104694, 83043, 99554]"
115966,"[95250, 62295, 2403, 47465, 107590, 12353, 21968, 15229, 15394, 59700]"
115967,"[49878, 51531, 52193, 21289, 70176, 78256, 83773, 48577, 13828, 55126]"
115968,"[48729, 19127, 100962, 80428, 104409, 63976, 7034, 25951, 99816, 102554]"
115969,"[4124, 58764, 53006, 53251, 80759, 106044, 19839, 20408, 7358, 90712]"
115970,"[38345, 69830, 62416, 91131, 55355, 56202, 29485, 47997, 15052, 15520]"
115971,"[70347, 15512, 61725, 12485, 53520, 39219, 78772, 33140, 80491, 2364]"
115972,"[52252, 8583, 74268, 11345, 3873, 48429, 42707, 69672, 48053, 96839]"
115973,"[78815, 31734, 38702, 41523, 11731, 78116, 109206, 65274, 40678, 45532]"
115974,"[105028, 15340, 61620, 77021, 80441, 7890, 102951, 37476, 12105, 2]"
115975,"[40972, 98763, 95840, 99305, 1352, 5653, 23386, 61185, 64272, 77194]"
115976,"[45330, 13347, 82032, 58237, 97442, 29453, 60079, 92967, 104484, 4188]"
115977,"[63233, 41364, 40292, 17242, 99872, 2245, 47656, 109401, 96137, 10383]"
115978,"[17449, 80743, 104988, 29088, 84722, 92245, 23290, 8664, 33784, 41308]"
115979,"[58194, 9264, 40933, 70805, 57241, 10485, 70750, 44672, 76252, 69399]"
115980,"[83850, 5607, 24687, 74956, 44701, 80368, 49766, 19912, 90853, 20262]"
115981,"[81217, 78932, 60571, 53092, 21312, 9150, 34426, 43871, 72646, 53768]"
115982,"[69536, 77249, 106921, 8179, 71087, 108873, 67298, 81744, 106715, 46183]"
115983,"[77521, 54553, 24949, 94138, 29209, 26584, 83056, 10332, 100594, 23173]"
115984,"[79978, 24719, 2091, 45379, 20879, 96299, 101103, 72725, 67041, 88196]"
115985,"[24653, 63617, 102176, 64074, 43345, 88072, 59560, 73129, 34269, 30825]"
115986,"[23644, 3114, 60225, 34846, 4854, 76136, 92405, 81969, 60241, 29671]"
115987,"[26111, 69178, 64229, 42775, 25839, 88462, 38320, 54686, 2751, 98805]"
115988,"[24694, 38670, 9389, 37831, 58179, 26388, 50362, 41936, 35157, 108999]"
115989,"[98708, 4838, 9792, 4911, 9595, 31804, 49277, 104268, 61855, 87505]"
115990,"[16777, 80257, 71533, 105370, 68974, 13577, 29224, 90799, 10680, 8166]"
115991,"[246, 71416, 83551, 36927, 21395, 65661, 59499, 46777, 77367, 59744]"
115992,"[35940, 8156, 99565, 7332, 105168, 67866, 88761, 14560, 58024, 6902]"
115993,"[30767, 82326, 52713, 37246, 61612, 71482, 8549, 9358, 2885, 34251]"
115994,"[61815, 82391, 104760, 104799, 24738, 57194, 83696, 102112, 11902, 41277]"
115995,"[55315, 12511, 12787, 83789, 7034, 70701, 56820, 79347, 95894, 11503]"
115996,"[78402, 33310, 2434, 75445, 93738, 83715, 76552, 45566, 38555, 86589]"
115997,"[90436, 70591, 82168, 17936, 105130, 77254, 11026, 90669, 93789, 33598]"
115998,"[95033, 17025, 43977, 49483, 43690, 73980, 45143, 10541, 64301, 26060]"
115999,"[10980, 47051, 58195, 5216, 99432, 75806, 19943, 1895, 73799, 6092]"
116000,"[94807, 21454, 76378, 75459, 89752, 24449, 43962, 12452, 46116, 41919]"
116001,"[94552, 84357, 25323, 78534, 35599, 10393, 97181, 76311, 32073, 49750]"
116002,"[64761, 83896, 63131, 104526, 79947, 36242, 46970, 97757, 59124, 43319]"
116003,"[32547, 13059, 39101, 76541, 19165, 57026, 106107, 107396, 16614, 70329]"
116004,"[53327, 46752, 48783, 86997, 65284, 86510, 34261, 49844, 57834, 102655]"
116005,"[18827, 90244, 23295, 46457, 87879, 54941, 33739, 86539, 80951, 41304]"
116006,"[44151, 15523, 54430, 57223, 3180, 79700, 23694, 99211, 85601, 39426]"
116007,"[51132, 37980, 54980, 26409, 53734, 64734, 87951, 50213, 74843, 44248]"
116008,"[77222, 105884, 6189, 64458, 91849, 16958, 50931, 96920, 67886, 91730]"
116009,"[108486, 94654, 70688, 22677, 81408, 34032, 22644, 15607, 57591, 7301]"
116010,"[102914, 38728, 16435, 58772, 51997, 78938, 73511, 89960, 47826, 109004]"
116011,"[70363, 43522, 103607, 10674, 63186, 37427, 88106, 16924, 96878, 35640]"
116012,"[28961, 63061, 34136, 6744, 61622, 75574, 95846, 108136, 109376, 32987]"
116013,"[95301, 50918, 19375, 54446, 101973, 87641, 10611, 78190, 103121, 5791]"
116014,"[85064, 92589, 100886, 9441, 9376, 69519, 4350, 82183, 67437, 59906]"
116015,"[65771, 4661, 14763, 73865, 787, 10951, 41983, 44888, 55079, 48979]"
116016,"[11791, 38303, 86437, 35281, 812, 69007, 99834, 89719, 15978, 96651]"
116017,"[84005, 56214, 4607, 30587, 40197, 100402, 25533, 96138, 8229, 70101]"
116018,"[40672, 84703, 92726, 2146, 43340, 74642, 22135, 68421, 40104, 70495]"
116019,"[57091, 80043, 28051, 4511, 69091, 41009, 59290, 75674, 43978, 93551]"
116020,"[13240, 17360, 21530, 12784, 104608, 100826, 90124, 33196, 52166, 15743]"
116021,"[18860, 49516, 26497, 58942, 44344, 45332, 102852, 103046, 105543, 20836]"
116022,"[95361, 7032, 64872, 14931, 63970, 84010, 53654, 49381, 35296, 39688]"
116023,"[16148, 71017, 63259, 84916, 75207, 21688, 104113, 50905, 107065, 74051]"
116024,"[77624, 85146, 19096, 90396, 13691, 2658, 103489, 72107, 99757, 102396]"
116025,"[82833, 13606, 19798, 3457, 108739, 92038, 24739, 16714, 31947, 96977]"
116026,"[65580, 47345, 27201, 67507, 84067, 27991, 47830, 35729, 2043, 5885]"
116027,"[62861, 59718, 80118, 91530, 32202, 18826, 74616, 54589, 46820, 42771]"
116028,"[96474, 52402, 97275, 82, 20181, 81465, 36992, 50107, 46351, 60723]"
116029,"[43667, 103597, 21719, 44753, 93248, 50879, 38800, 106357, 108704, 52620]"
116030,"[54052, 90225, 45579, 72255, 26880, 81762, 77388, 635, 107474, 20285]"
116031,"[12426, 102387, 89035, 949, 50304, 22339, 11120, 27996, 84101, 99533]"
116032,"[67447, 99193, 82482, 41439, 56995, 90632, 96243, 47320, 62463, 57081]"
116033,"[252, 69588, 77890, 19546, 72606, 66861, 106360, 519, 68895, 83124]"
116034,"[105368, 26744, 7889, 21314, 66726, 71789, 41894, 86825, 63736, 13863]"
116035,"[85431, 96283, 87905, 92592, 65576, 74125, 60321, 12661, 73556, 4347]"
116036,"[16466, 19100, 39866, 55043, 22735, 42248, 75008, 101303, 18166, 44590]"
116037,"[77614, 75092, 75065, 18553, 21031, 12096, 99490, 2059, 101483, 55289]"
116038,"[103392, 89653, 76505, 16204, 97621, 2587, 28982, 79693, 64096, 42397]"
116039,"[59473, 15468, 55724, 20450, 102791, 82045, 92037, 66452, 42438, 79941]"
116040,"[92240, 60593, 80836, 26327, 18818, 23966, 56015, 15495, 71748, 49683]"
116041,"[109043, 73386, 41086, 61246, 41647, 64753, 52344, 104016, 96305, 3858]"
116042,"[65925, 49417, 19258, 96925, 94596, 44869, 38197, 85358, 31275, 73321]"
116043,"[25305, 18357, 99873, 8246, 78020, 62015, 59779, 25920, 52982, 107945]"
116044,"[106379, 37540, 47889, 14625, 24022, 50962, 65853, 38480, 87978, 41901]"
116045,"[13646, 65276, 94183, 39352, 43919, 99898, 18703, 43832, 17846, 70755]"
116046,"[58683, 96292, 13934, 34538, 60135, 48032, 103234, 27054, 46000, 56318]"
116047,"[42372, 78636, 18647, 13181, 39113, 70819, 59542, 105226, 90839, 53718]"
116048,"[82566, 67232, 10582, 29514, 102191, 48175, 19975, 51913, 90748, 58894]"
116049,"[59555, 100940, 104044, 72062, 35911, 51381, 3597, 40151, 105482, 101496]"
116050,"[63187, 51208, 19972, 64067, 28641, 6575, 23432, 49221, 47368, 94686]"
116051,"[6084, 107218, 28560, 77532, 28915, 5612, 75124, 13837, 45028, 65440]"
116052,"[84021, 37267, 12701, 17235, 35497, 94383, 61675, 21786, 40676, 100349]"
116053,"[44341, 31962, 40351, 100082, 30639, 95550, 63717, 56633, 72609, 27721]"
116054,"[88462, 91229, 57672, 81140, 34150, 83639, 84196, 43342, 92127, 62410]"
116055,"[51241, 101218, 9961, 49825, 42813, 71044, 82090, 108836, 65219, 30960]"
116056,"[16627, 63538, 98272, 10746, 40208, 101600, 74306, 62123, 14662, 26997]"
116057,"[90805, 66341, 55644, 47775, 12769, 80703, 67875, 83231, 83307, 66571]"
116058,"[76258, 3575, 73580, 86558, 82648, 80112, 106914, 98632, 51733, 87950]"
116059,"[73505, 103805, 93006, 95797, 86312, 32394, 14817, 31502, 42849, 96576]"
116060,"[6686, 37134, 107902, 53026, 33564, 5718, 17833, 29280, 43174, 17156]"
116061,"[9735, 67693, 30471, 102541, 17070, 43092, 46822, 67843, 98756, 50877]"
116062,"[62747, 82440, 99480, 56979, 56659, 106026, 86063, 25574, 28361, 71495]"
116063,"[80112, 69276, 1065, 96132, 106914, 79996, 98414, 3575, 42169, 101193]"
116064,"[98277, 24927, 105092, 56723, 59531, 95548, 51578, 53649, 79708, 18925]"
116065,"[64149, 101117, 84, 11901, 102884, 27615, 40784, 96059, 12392, 11821]"
116066,"[44834, 83325, 70359, 47911, 106433, 46197, 51631, 61069, 105530, 7411]"
116067,"[88970, 40468, 104276, 18678, 97047, 109070, 31187, 26518, 90452, 5817]"
116068,"[26576, 66102, 54894, 74197, 80053, 45809, 39206, 48232, 57379, 78824]"
116069,"[37070, 79932, 22769, 23929, 80380, 69959, 30759, 73576, 1539, 31015]"
116070,"[36845, 63235, 22438, 95561, 19815, 80346, 69716, 93588, 37501, 32462]"
116071,"[73388, 48735, 31417, 3409, 29321, 1474, 10241, 39976, 53119, 64916]"
116072,"[83211, 93056, 107249, 19927, 31004, 91782, 23907, 89721, 75372, 26196]"
116073,"[49929, 2360, 67203, 3149, 39740, 63094, 1994, 17660, 51596, 32451]"
116074,"[75648, 82960, 93553, 53785, 13092, 32400, 31456, 75146, 20738, 39019]"
116075,"[10853, 53945, 41235, 94661, 76896, 45602, 31087, 43373, 37053, 1891]"
116076,"[104212, 96351, 27077, 63135, 6766, 73581, 96700, 26396, 78307, 79667]"
116077,"[46872, 6505, 48304, 51962, 86696, 96269, 30339, 8330, 10073, 67936]"
116078,"[92430, 102451, 26882, 85438, 63760, 69863, 64500, 56953, 97075, 55030]"
116079,"[94391, 35245, 61190, 34803, 91484, 56750, 65677, 57660, 49406, 50264]"
116080,"[79174, 64679, 24623, 74657, 35754, 16197, 12101, 19520, 97511, 32894]"
116081,"[85641, 94795, 11862, 56805, 38670, 26653, 56271, 60931, 85985, 9389]"
116082,"[60812, 89950, 100272, 31127, 43925, 60785, 44328, 74716, 50440, 48819]"
116083,"[83508, 14130, 80857, 42015, 79126, 71024, 101532, 86508, 81156, 20176]"
116084,"[99015, 77128, 92966, 74908, 35362, 25374, 8516, 43764, 6310, 20733]"
116085,"[5639, 13466, 11698, 46368, 56545, 18738, 78574, 14539, 108389, 430]"
116086,"[73679, 107216, 57852, 39704, 59082, 16308, 54161, 40527, 12564, 7840]"
116087,"[107815, 42099, 43460, 96201, 67348, 14492, 63723, 81355, 39557, 37616]"
116088,"[42564, 99993, 38561, 101980, 102851, 105173, 63624, 51283, 32013, 5178]"
116089,"[55959, 24471, 104242, 48393, 33636, 71241, 102663, 73889, 60054, 95831]"
116090,"[50708, 15062, 51932, 82399, 46109, 15595, 73842, 2168, 99620, 26922]"
116091,"[55761, 12116, 94438, 9169, 26657, 24361, 45757, 102310, 100987, 31141]"
116092,"[15560, 81621, 30116, 68768, 109124, 50981, 73989, 84005, 27967, 68425]"
116093,"[86855, 51185, 34951, 68470, 107090, 84053, 37595, 52665, 23145, 13363]"
116094,"[95139, 99323, 82765, 41800, 84458, 102817, 74518, 16680, 2548, 72222]"
116095,"[50669, 100691, 17551, 22784, 77974, 72608, 52676, 8044, 32440, 69327]"
116096,"[71789, 86825, 66726, 7889, 26744, 21314, 105368, 41894, 71647, 103012]"
116097,"[35309, 60971, 38832, 36474, 29590, 32475, 19954, 72483, 14092, 3702]"
116098,"[91560, 9569, 51330, 69240, 98589, 19638, 33633, 99294, 108293, 61611]"
116099,"[69454, 54758, 4272, 1137, 87719, 59653, 35360, 65968, 84902, 99605]"
116100,"[30116, 15560, 109124, 28618, 81621, 50981, 73989, 96581, 13880, 27967]"
116101,"[35018, 14600, 86010, 66189, 22593, 47758, 17416, 91421, 19112, 18037]"
116102,"[34400, 1970, 90313, 98066, 1471, 103402, 31891, 31733, 97934, 48431]"
116103,"[84583, 65794, 4505, 87831, 106790, 90502, 51420, 1139, 103340, 107669]"
116104,"[85311, 53559, 25378, 76819, 25346, 51172, 75912, 69611, 22622, 95255]"
116105,"[80179, 76778, 89227, 14219, 100288, 32884, 66048, 27484, 84236, 60979]"
116106,"[34002, 22635, 9546, 8700, 87225, 65015, 6169, 93360, 54700, 106881]"
116107,"[84040, 82050, 64882, 106241, 97382, 27407, 102262, 44006, 70270, 46819]"
116108,"[11272, 51766, 40434, 101370, 13725, 72419, 68116, 17929, 9471, 79336]"
116109,"[28965, 2933, 81957, 93421, 43247, 12737, 72175, 70115, 20972, 106228]"
116110,"[14379, 76288, 43664, 105063, 24657, 51998, 34074, 83753, 90612, 14644]"
116111,"[63247, 57040, 6578, 352, 75773, 61982, 36429, 12885, 8999, 85264]"
116112,"[88511, 9254, 62863, 76633, 92050, 105761, 14473, 7719, 78666, 88405]"
116113,"[105852, 101705, 40338, 29507, 79527, 65881, 31360, 13927, 4181, 9852]"
116114,"[79130, 23183, 69666, 22485, 105674, 94471, 6303, 55667, 65784, 40879]"
116115,"[89986, 81683, 30130, 97028, 85739, 73877, 15300, 88757, 84627, 86703]"
116116,"[76186, 56012, 62805, 45754, 10551, 84132, 861, 69272, 52000, 83122]"
116117,"[70719, 27363, 19590, 31469, 32812, 69357, 17537, 93857, 90006, 4107]"
116118,"[53548, 14854, 77109, 57218, 10090, 80235, 69651, 59073, 75124, 90859]"
116119,"[105067, 47346, 35479, 103936, 63096, 12585, 72770, 57446, 88956, 78013]"
116120,"[22065, 68773, 53812, 66581, 18553, 77081, 32503, 77971, 56284, 38602]"
116121,"[96373, 58561, 14749, 56287, 70444, 76246, 86475, 34357, 40605, 72528]"
116122,"[48813, 33611, 80144, 92904, 15329, 108186, 93318, 45345, 103120, 44004]"
116123,"[12947, 37476, 101935, 61620, 51002, 102951, 80441, 79067, 22502, 23479]"
116124,"[77988, 30864, 50203, 100842, 59637, 86880, 48452, 87615, 74519, 87239]"
116125,"[79398, 19352, 76150, 15328, 68191, 86652, 47128, 32251, 102166, 30154]"
116126,"[13521, 50228, 68254, 59525, 107854, 67559, 105146, 17833, 103616, 62406]"
116127,"[71397, 68584, 81054, 47362, 7976, 56666, 102021, 78111, 69864, 18479]"
116128,"[65141, 42891, 2366, 62554, 17725, 76972, 68554, 55929, 108519, 83415]"
116129,"[84807, 36721, 34362, 74195, 42463, 3989, 103431, 32441, 30672, 96487]"
116130,"[55938, 34250, 105181, 109427, 88883, 61202, 63508, 73218, 44702, 5182]"
116131,"[90188, 37521, 64409, 101744, 7281, 60143, 22343, 47178, 52746, 109324]"
116132,"[90511, 83112, 98495, 9469, 105995, 21705, 48197, 14087, 70259, 93228]"
116133,"[80129, 102294, 63378, 96970, 3230, 47028, 67891, 56291, 35678, 98757]"
116134,"[42696, 32329, 93360, 100844, 10348, 43675, 91559, 70216, 29970, 22635]"
116135,"[49732, 37428, 104107, 82846, 20809, 31564, 50247, 72337, 105194, 101977]"
116136,"[60091, 24867, 6567, 77928, 22294, 82496, 1000, 93061, 28138, 29800]"
116137,"[23337, 91639, 1537, 105098, 1518, 98365, 79559, 48964, 31233, 18445]"
116138,"[93958, 7724, 101621, 16470, 69221, 17294, 33584, 44322, 69612, 27533]"
116139,"[63685, 45182, 83361, 92620, 66705, 104591, 63371, 73937, 41333, 7945]"
116140,"[99286, 83101, 10537, 108436, 33220, 62480, 65080, 46327, 81931, 89431]"
116141,"[98355, 16726, 10541, 104041, 16913, 88912, 95231, 68841, 76163, 96369]"
116142,"[59719, 11208, 74160, 9560, 104990, 23861, 36111, 32562, 108424, 24998]"
116143,"[97784, 2223, 27200, 17521, 29777, 65019, 62710, 54134, 42026, 1140]"
116144,"[19266, 95738, 5230, 54687, 29251, 10018, 35368, 98940, 50262, 27460]"
116145,"[23263, 47198, 19840, 51657, 108652, 98269, 7760, 2506, 29775, 83819]"
116146,"[97594, 4364, 14826, 54616, 84970, 49040, 35344, 56117, 47690, 50637]"
116147,"[79352, 7467, 81526, 69311, 83537, 44299, 6515, 44431, 32726, 63629]"
116148,"[62154, 3914, 9707, 75824, 68075, 16622, 63068, 10880, 1134, 108811]"
116149,"[78124, 2552, 2645, 35094, 33059, 84160, 105771, 47764, 73391, 95954]"
116150,"[68704, 96659, 81728, 26517, 80643, 12297, 41546, 49714, 31814, 49488]"
116151,"[100002, 12818, 51557, 59737, 41758, 109221, 4702, 49215, 69781, 109101]"
116152,"[23847, 20378, 106572, 25008, 3329, 59067, 105007, 12854, 39975, 54032]"
116153,"[54298, 68147, 74495, 66431, 99302, 98479, 6856, 53031, 18029, 52011]"
116154,"[3310, 2292, 105364, 101102, 32001, 71911, 40266, 17117, 8737, 102815]"
116155,"[12784, 17489, 27325, 107355, 44858, 17360, 52166, 21530, 13240, 104608]"
116156,"[66873, 43270, 82690, 31099, 7588, 14309, 37893, 51268, 29721, 90499]"
116157,"[10171, 36392, 73878, 96468, 108627, 37736, 21645, 30941, 87555, 66782]"
116158,"[52958, 23854, 9675, 50789, 14485, 57179, 97311, 108949, 494, 67159]"
116159,"[79778, 43391, 75596, 96234, 95162, 31262, 4413, 97003, 11690, 36283]"
116160,"[71743, 26099, 32524, 36951, 62571, 46885, 89445, 38882, 31612, 72410]"
116161,"[65517, 75080, 63975, 85802, 17639, 32979, 27396, 15707, 66437, 70185]"
116162,"[35906, 15097, 35301, 2893, 61709, 107646, 84737, 59270, 48806, 89318]"
116163,"[79661, 100165, 71846, 36941, 103674, 24086, 5739, 54485, 47239, 86081]"
116164,"[99124, 15269, 33109, 634, 30700, 706, 4310, 50922, 47562, 108808]"
116165,"[100203, 41189, 34582, 7931, 8959, 23201, 86013, 40407, 85004, 55417]"
116166,"[42561, 75438, 5214, 4365, 36976, 38799, 47771, 89583, 26875, 107577]"
116167,"[109536, 72561, 14651, 68266, 31754, 22061, 23202, 41166, 101544, 109106]"
116168,"[22051, 64743, 71803, 49469, 65236, 95805, 80604, 106306, 55369, 58016]"
116169,"[104062, 69885, 58089, 76924, 93009, 65178, 17262, 97078, 61292, 68343]"
116170,"[43977, 62078, 43690, 95033, 35505, 17025, 49483, 73980, 65622, 83253]"
116171,"[26069, 58162, 62436, 18908, 81744, 19837, 96326, 63909, 63515, 5450]"
116172,"[34297, 65028, 86205, 93691, 66001, 104478, 55770, 81044, 53614, 20229]"
116173,"[88755, 31316, 92086, 71315, 40863, 21486, 1737, 47962, 10257, 58618]"
116174,"[2789, 63030, 107154, 107209, 99877, 48734, 107832, 64190, 506, 41712]"
116175,"[100349, 73286, 20448, 29936, 35497, 13296, 37305, 23757, 21786, 40656]"
116176,"[104940, 108172, 71120, 54319, 52810, 79604, 98626, 100056, 59856, 88530]"
116177,"[100558, 5423, 69952, 2374, 65722, 104136, 25192, 87587, 14667, 80325]"
116178,"[27661, 80387, 63666, 1489, 7271, 74520, 76570, 96738, 66823, 22122]"
116179,"[4978, 65728, 62938, 74134, 49511, 81681, 25995, 84601, 59192, 46404]"
116180,"[79528, 81500, 7781, 52095, 577, 107200, 77924, 59443, 30724, 8675]"
116181,"[96358, 36794, 47744, 101275, 80595, 50486, 43685, 102826, 93437, 3333]"
116182,"[37476, 102951, 51002, 12947, 27727, 37272, 40478, 37367, 51679, 12105]"
116183,"[9173, 1086, 72633, 5380, 8633, 92638, 41941, 56177, 9629, 63839]"
116184,"[33471, 87444, 73330, 94995, 91634, 78728, 59829, 40709, 71842, 100702]"
116185,"[105533, 109534, 29910, 103208, 43616, 12174, 17459, 9348, 78905, 107346]"
116186,"[53436, 3710, 17444, 100056, 4974, 32751, 88286, 71101, 55799, 54151]"
116187,"[58187, 86586, 68379, 78170, 73357, 68817, 30247, 16086, 35210, 87271]"
116188,"[78871, 22295, 75845, 66030, 29698, 17226, 72597, 19050, 58805, 100723]"
116189,"[23744, 53576, 100411, 106791, 52922, 90602, 96520, 29878, 32798, 84072]"
116190,"[27745, 31148, 105118, 27719, 1400, 53311, 64854, 78134, 20691, 106707]"
116191,"[79261, 42989, 1395, 5195, 104424, 43846, 46482, 34062, 10856, 70467]"
116192,"[102349, 9248, 40206, 87008, 27417, 61357, 70017, 90242, 99224, 43314]"
116193,"[87571, 19698, 4703, 8454, 84794, 28459, 86557, 12313, 13191, 38102]"
116194,"[85141, 96443, 98597, 38983, 57928, 84688, 20998, 86220, 49239, 91279]"
116195,"[54529, 31605, 95178, 43574, 23540, 11990, 79591, 106406, 108201, 74626]"
116196,"[82808, 44094, 22596, 57664, 91619, 99564, 10564, 70354, 99022, 43097]"
116197,"[19250, 85697, 10753, 31183, 11205, 82943, 105593, 3174, 68228, 101564]"
116198,"[77173, 18248, 58928, 7973, 94161, 53939, 75831, 47610, 43561, 90545]"
116199,"[13032, 68098, 2931, 91740, 68279, 41678, 28783, 4219, 58279, 78062]"
116200,"[35270, 68943, 60268, 41464, 101575, 74409, 103002, 97055, 94120, 27607]"
116201,"[55159, 30547, 32179, 77566, 18146, 91452, 88324, 67295, 70349, 73476]"
116202,"[152, 74816, 1695, 51806, 12607, 47046, 83672, 102394, 83709, 71559]"
116203,"[19704, 90890, 89891, 40688, 58126, 61897, 58321, 89196, 74656, 51425]"
116204,"[6602, 69185, 78371, 20419, 6875, 43273, 4339, 52485, 53524, 97602]"
116205,"[75492, 30495, 15622, 2116, 105467, 30682, 32871, 9380, 68146, 75091]"
116206,"[40096, 4597, 72039, 32826, 67281, 76145, 67867, 65657, 64945, 21380]"
116207,"[32604, 35882, 59404, 16721, 23515, 3326, 108892, 19353, 18431, 25918]"
116208,"[95194, 4949, 64541, 65999, 21692, 72906, 2681, 34617, 84618, 106087]"
116209,"[33277, 51811, 30383, 90760, 87828, 56033, 85951, 107224, 99446, 74755]"
116210,"[21488, 18457, 101573, 85128, 26488, 66697, 93938, 23424, 62235, 23453]"
116211,"[71907, 31968, 48754, 106296, 84328, 67135, 9771, 63276, 65581, 52408]"
116212,"[57328, 90396, 104910, 71472, 40480, 49882, 108252, 77076, 3415, 84464]"
116213,"[36302, 106588, 85057, 92883, 40994, 7693, 38142, 87409, 68802, 39830]"
116214,"[54563, 50069, 25753, 101643, 95442, 60621, 105123, 48862, 5853, 89597]"
116215,"[76935, 82201, 6679, 18320, 93901, 26555, 67700, 12537, 4820, 87209]"
116216,"[102165, 7748, 83503, 79600, 48030, 7641, 72160, 29780, 102820, 103853]"
116217,"[6026, 55794, 49747, 45111, 71876, 55146, 23478, 71272, 64022, 1743]"
116218,"[106737, 83134, 98338, 93096, 42658, 97224, 13049, 7575, 75542, 32069]"
116219,"[56227, 62891, 5060, 56646, 80611, 97936, 59703, 73495, 1701, 103794]"
116220,"[53124, 37651, 40390, 49205, 84723, 37115, 41452, 2123, 88317, 107204]"
116221,"[18350, 85541, 91901, 60200, 46836, 65365, 83838, 68067, 94866, 3860]"
116222,"[4108, 29169, 11089, 81657, 47998, 90469, 67286, 5617, 22216, 105138]"
116223,"[561, 48990, 86049, 103040, 100153, 102333, 18528, 104678, 10757, 30019]"
116224,"[77065, 98565, 104728, 11617, 50510, 80190, 50593, 86653, 77794, 53833]"
116225,"[23282, 102388, 45149, 21413, 41916, 55850, 29733, 49830, 108962, 97732]"
116226,"[78410, 9409, 106057, 18018, 40917, 83196, 91673, 15148, 3998, 76412]"
116227,"[109628, 89699, 27174, 77585, 36005, 87009, 104641, 67522, 57064, 77893]"
116228,"[2276, 18901, 89692, 66985, 21288, 98331, 61633, 94872, 1070, 115]"
116229,"[77795, 17267, 34664, 103980, 81360, 30176, 37345, 49789, 106750, 57558]"
116230,"[68723, 5617, 54320, 13541, 108188, 8355, 4108, 78278, 98804, 62746]"
116231,"[25564, 2903, 109543, 16291, 45282, 102008, 98056, 87726, 81849, 26255]"
116232,"[95865, 95806, 38949, 29939, 46579, 7205, 8859, 55909, 77900, 77828]"
116233,"[90114, 101389, 15848, 9584, 34681, 78856, 65376, 3258, 41138, 40719]"
116234,"[15587, 52347, 7175, 96978, 23961, 64983, 63424, 50125, 62523, 78907]"
116235,"[48706, 5832, 92184, 92351, 99310, 84840, 41987, 11267, 71125, 65483]"
116236,"[32547, 106107, 76541, 39101, 12464, 15960, 16614, 12330, 49491, 79642]"
116237,"[40720, 47440, 59304, 12201, 2517, 39156, 5000, 65796, 96698, 83403]"
116238,"[18653, 41469, 24353, 31172, 30151, 50711, 6454, 12989, 67002, 104224]"
116239,"[25774, 99525, 35171, 65263, 51519, 59802, 104141, 62136, 58817, 42632]"
116240,"[89070, 20256, 25838, 67073, 107514, 30091, 56492, 87986, 101914, 109284]"
116241,"[86381, 22367, 4831, 9440, 11061, 68205, 86898, 103245, 43210, 72582]"
116242,"[109307, 48771, 8537, 15230, 3778, 2282, 101333, 92587, 32557, 107380]"
116243,"[34951, 107090, 51185, 86855, 84053, 37595, 52665, 13363, 105547, 53925]"
116244,"[45067, 68002, 4085, 60228, 8507, 30172, 44172, 66727, 72972, 18706]"
116245,"[67401, 48773, 58006, 72303, 66451, 80119, 62951, 52689, 56340, 172]"
116246,"[29658, 80803, 72634, 39746, 26135, 25382, 33476, 73984, 46433, 50002]"
116247,"[12050, 73312, 22549, 65666, 7485, 88306, 12017, 26256, 34553, 16196]"
116248,"[59624, 95663, 72659, 72404, 61652, 98545, 3085, 73167, 45187, 18039]"
116249,"[14770, 56082, 67825, 26924, 20794, 90317, 95281, 37260, 49348, 24547]"
116250,"[81868, 88245, 85566, 3197, 94869, 101028, 108728, 37085, 14398, 62595]"
116251,"[59871, 49800, 55454, 22756, 109694, 78985, 72002, 41582, 58458, 50309]"
116252,"[108903, 108002, 32793, 40093, 22957, 50482, 50190, 86805, 54219, 105586]"
116253,"[59022, 80714, 2646, 46437, 8979, 23629, 80392, 64258, 105598, 39190]"
116254,"[15590, 41592, 80962, 31022, 86814, 38510, 67699, 13549, 102180, 81347]"
116255,"[83014, 86768, 79893, 4479, 25551, 5334, 103219, 81716, 45755, 84090]"
116256,"[104627, 25067, 20838, 68853, 68974, 2939, 71389, 16607, 8166, 37471]"
116257,"[53980, 60317, 67945, 18448, 52663, 101091, 49839, 81295, 51051, 26060]"
116258,"[58128, 34159, 60405, 94271, 17811, 104921, 103045, 27123, 59228, 60282]"
116259,"[106566, 89671, 93273, 53245, 72756, 11036, 98740, 65993, 99985, 44921]"
116260,"[70809, 40776, 49034, 26825, 98500, 87535, 80538, 77259, 84110, 67239]"
116261,"[70142, 33710, 92771, 89568, 11216, 90766, 61008, 104440, 77628, 86191]"
116262,"[20321, 108066, 101369, 100847, 7360, 84953, 80219, 10198, 33734, 7060]"
116263,"[38032, 52703, 22342, 17761, 54440, 36503, 19783, 34862, 7454, 72488]"
116264,"[4190, 19238, 98346, 63768, 44588, 8073, 8332, 62529, 50226, 84502]"
116265,"[17330, 24220, 50354, 28785, 24079, 57191, 34165, 32419, 24891, 11332]"
116266,"[1759, 103051, 4864, 40115, 10871, 22614, 53630, 59072, 87357, 15564]"
116267,"[37038, 98669, 45740, 107951, 103090, 99716, 104109, 49214, 109732, 14126]"
116268,"[71928, 40771, 32803, 93713, 715, 27564, 15438, 59230, 91127, 8039]"
116269,"[52682, 55301, 91321, 53866, 68604, 80381, 4225, 100812, 86211, 36737]"
116270,"[80117, 43356, 11098, 39021, 26030, 102135, 77651, 68112, 20215, 105749]"
116271,"[102332, 75875, 70983, 18696, 29295, 103998, 24894, 104597, 17966, 53805]"
116272,"[72001, 5910, 56925, 53715, 9230, 46099, 15555, 86939, 6444, 80898]"
116273,"[85888, 28021, 22127, 55250, 34755, 92374, 97151, 99850, 33096, 62962]"
116274,"[93224, 81293, 10878, 1380, 108091, 45860, 53937, 98396, 7386, 14801]"
116275,"[3430, 32389, 74224, 36478, 57188, 7880, 8169, 42426, 91065, 48900]"
116276,"[97750, 38136, 12669, 65366, 97196, 103650, 80839, 25852, 66430, 83790]"
116277,"[85321, 54714, 97565, 929, 74882, 104140, 52688, 39337, 47180, 36543]"
116278,"[102013, 42102, 13022, 51694, 94802, 101136, 34913, 45575, 66194, 61362]"
116279,"[44294, 95582, 15135, 15811, 99001, 53015, 100904, 104610, 39233, 2426]"
116280,"[93542, 60833, 52257, 18118, 67613, 40423, 3182, 9173, 36589, 99248]"
116281,"[90109, 35639, 25557, 96691, 59940, 72923, 23470, 70299, 108788, 15765]"
116282,"[29684, 8712, 64436, 18905, 60306, 38224, 101926, 2967, 18383, 76657]"
116283,"[78683, 66330, 32479, 58871, 76316, 77759, 4819, 75453, 40871, 106363]"
116284,"[44320, 99588, 93685, 70882, 27559, 7592, 80920, 105183, 27442, 18825]"
116285,"[93034, 69762, 82247, 71587, 50557, 81091, 17800, 67809, 620, 10027]"
116286,"[15678, 62828, 74079, 47475, 39336, 75901, 108797, 9893, 53765, 32276]"
116287,"[56378, 96286, 71116, 77574, 22538, 49495, 5564, 17305, 109313, 26296]"
116288,"[21353, 78557, 11688, 10915, 78936, 102775, 93977, 56020, 18586, 43364]"
116289,"[19867, 107491, 1228, 36668, 54535, 65445, 30419, 73146, 14132, 51866]"
116290,"[96828, 15458, 13749, 36325, 80448, 35671, 29622, 94672, 89569, 30519]"
116291,"[83624, 28448, 55498, 62000, 11091, 57351, 88374, 30024, 54444, 11131]"
116292,"[82081, 89077, 98990, 31654, 48934, 54465, 7161, 85429, 5237, 32435]"
116293,"[23467, 54399, 5945, 15888, 36918, 6336, 96739, 22942, 1902, 27191]"
116294,"[69850, 85922, 86021, 15759, 5385, 42320, 68952, 52499, 30331, 48170]"
116295,"[55545, 22032, 61036, 65898, 16479, 35399, 23388, 30211, 17608, 84284]"
116296,"[67355, 99378, 1993, 80426, 14013, 39654, 17104, 81769, 1680, 5805]"
116297,"[103049, 49728, 31693, 24808, 55213, 59291, 24374, 22605, 69050, 78527]"
116298,"[84781, 56097, 18361, 33763, 4846, 61693, 19723, 63916, 25277, 87198]"
116299,"[21019, 29868, 81294, 41896, 95899, 22994, 26891, 51817, 20166, 81667]"
116300,"[59224, 63811, 71023, 41866, 84870, 94154, 50007, 65127, 3445, 72465]"
116301,"[105746, 72432, 55609, 72253, 32269, 30195, 2263, 29256, 45344, 29778]"
116302,"[88632, 59215, 73972, 9480, 50415, 77149, 96241, 26504, 103873, 30325]"
116303,"[94245, 89050, 94167, 63207, 19734, 68495, 60955, 45404, 17362, 55547]"
116304,"[42553, 68796, 89103, 95560, 78904, 33992, 17256, 96995, 90407, 90382]"
116305,"[66385, 15910, 29823, 6496, 199, 104203, 18652, 23133, 49421, 90179]"
116306,"[17964, 538, 80216, 27089, 4303, 81049, 39842, 107800, 39530, 48491]"
116307,"[88182, 92942, 100347, 58578, 99826, 31265, 34, 80232, 52243, 69794]"
116308,"[50097, 10916, 97810, 41973, 35318, 89795, 91723, 21655, 40052, 41792]"
116309,"[106842, 77505, 15054, 100735, 79456, 48757, 106240, 47797, 104715, 100668]"
116310,"[81656, 27495, 28512, 36669, 85018, 71523, 99839, 105911, 81912, 1032]"
116311,"[57140, 18230, 102946, 73604, 17483, 30033, 105600, 6484, 72846, 37342]"
116312,"[9113, 57492, 107893, 64022, 83753, 95220, 73044, 74836, 35684, 64640]"
116313,"[10091, 54756, 3058, 37671, 19269, 44129, 22792, 35258, 108976, 92824]"
116314,"[65664, 99938, 9165, 65735, 49074, 30260, 16749, 4900, 312, 10025]"
116315,"[98620, 20984, 54117, 99326, 9191, 84300, 85852, 95816, 66789, 90676]"
116316,"[66972, 11035, 7577, 30665, 32848, 63779, 9140, 106727, 71948, 104643]"
116317,"[97076, 42592, 73130, 85540, 68789, 48172, 59015, 60654, 32572, 59713]"
116318,"[101463, 90871, 21054, 109657, 106864, 80887, 99406, 70667, 24623, 105451]"
116319,"[66619, 754, 28563, 87368, 74332, 574, 58912, 44102, 20542, 94541]"
116320,"[51938, 45616, 46653, 36134, 26385, 109076, 48375, 80864, 31550, 54494]"
116321,"[21852, 6876, 81685, 63851, 48168, 101151, 93888, 98110, 10419, 66294]"
116322,"[36964, 59454, 55620, 2227, 87560, 58180, 98034, 24741, 75524, 23407]"
116323,"[44462, 46890, 1023, 97425, 14382, 51209, 41249, 36093, 3254, 30135]"
116324,"[71320, 193, 12914, 18566, 44186, 100969, 57107, 73289, 73860, 8886]"
116325,"[15935, 32243, 19806, 33672, 80228, 63185, 83604, 38054, 54276, 82634]"
116326,"[8434, 15386, 69178, 72045, 64484, 72179, 67371, 29069, 37520, 81194]"
116327,"[12229, 59217, 96706, 18291, 97608, 91277, 69553, 62781, 23469, 10514]"
116328,"[21055, 29263, 68164, 15633, 67844, 9950, 64710, 99447, 60980, 2792]"
116329,"[25218, 69445, 106159, 97967, 27053, 51738, 60003, 106496, 55221, 95551]"
116330,"[93342, 63304, 45884, 66807, 49801, 30392, 35615, 52761, 27572, 82796]"
116331,"[21624, 66466, 107409, 75457, 59456, 54928, 86600, 68291, 45903, 28582]"
116332,"[57934, 46214, 52887, 37442, 37883, 51951, 22105, 40010, 46716, 107075]"
116333,"[3399, 108042, 100758, 29131, 38425, 17313, 68534, 61517, 47970, 95607]"
116334,"[31068, 81436, 24498, 81384, 42078, 7829, 81580, 59025, 62681, 105301]"
116335,"[32981, 91048, 101131, 97502, 67859, 42412, 93432, 53959, 15812, 36548]"
116336,"[71904, 91982, 74366, 101356, 34080, 86438, 104743, 86462, 35233, 65600]"
116337,"[57042, 81091, 93034, 54978, 59033, 80305, 4630, 26822, 35238, 14555]"
116338,"[43680, 57792, 84909, 28611, 5687, 35925, 81209, 6274, 37903, 102537]"
116339,"[81858, 7859, 36737, 55301, 88960, 68604, 7401, 88818, 73769, 33639]"
116340,"[67504, 98938, 61894, 33829, 79382, 74322, 8673, 27111, 63609, 62086]"
116341,"[22789, 50398, 14422, 9108, 61946, 4534, 98808, 54971, 28647, 48256]"
116342,"[28119, 79364, 7585, 67738, 31544, 16003, 19355, 81651, 71305, 52098]"
116343,"[27875, 5205, 52571, 53453, 47341, 6674, 1026, 102532, 98271, 96106]"
116344,"[61471, 73175, 102747, 44583, 43103, 73450, 5248, 94850, 15649, 58574]"
116345,"[65847, 73837, 418, 79425, 60837, 47493, 5357, 51801, 36453, 109196]"
116346,"[57528, 23602, 79157, 70471, 72590, 17187, 99867, 14069, 43122, 8789]"
116347,"[66465, 68698, 39697, 37026, 85257, 83465, 64235, 63467, 57231, 65410]"
116348,"[22854, 105987, 12097, 34495, 8180, 52842, 5376, 106393, 42151, 86093]"
116349,"[37492, 103308, 16571, 22071, 9558, 64875, 25922, 6463, 16174, 63647]"
116350,"[42123, 46040, 61129, 77160, 45174, 105139, 48581, 31254, 96986, 46293]"
116351,"[105845, 79831, 13015, 72717, 49692, 16340, 70156, 5350, 42768, 24576]"
116352,"[91831, 98275, 97654, 81299, 100949, 96537, 41581, 24953, 12249, 21948]"
116353,"[97756, 83546, 16215, 12342, 82721, 107207, 59335, 65687, 74110, 103456]"
116354,"[56597, 78500, 64410, 88010, 94368, 97231, 37920, 84271, 72199, 67773]"
116355,"[57044, 77204, 30527, 75182, 87119, 61013, 97022, 92582, 58636, 31229]"
116356,"[46209, 85442, 99117, 46041, 61986, 51581, 80682, 67840, 6105, 75597]"
116357,"[22875, 73852, 69391, 60067, 107333, 43603, 85779, 3596, 82714, 36233]"
116358,"[20501, 100637, 18737, 48957, 6462, 66491, 78327, 70689, 17269, 64958]"
116359,"[52125, 2898, 93266, 1234, 49580, 67655, 93127, 91895, 10240, 2965]"
116360,"[52975, 86489, 15202, 79691, 49105, 713, 545, 45925, 66403, 11478]"
116361,"[104967, 45885, 58572, 57812, 81972, 24960, 35706, 99186, 101937, 28426]"
116362,"[42561, 5214, 36976, 75438, 4365, 38799, 47771, 89583, 26875, 9163]"
116363,"[102478, 22990, 26606, 74339, 74753, 34433, 41027, 56741, 25059, 47778]"
116364,"[106481, 27166, 90429, 36917, 26536, 78672, 49793, 104464, 63253, 37758]"
116365,"[28917, 50012, 75707, 62679, 50128, 98886, 62552, 22830, 16723, 95049]"
116366,"[72033, 83790, 35202, 60978, 76099, 83466, 107506, 67059, 38136, 2080]"
116367,"[57299, 44822, 50043, 4344, 83347, 70745, 48366, 25064, 85795, 102837]"
116368,"[86627, 26510, 29083, 38263, 76723, 35029, 45367, 77465, 82853, 11985]"
116369,"[89712, 28418, 81592, 7427, 19914, 89465, 60041, 92542, 77425, 29692]"
116370,"[92964, 29972, 39982, 19102, 86282, 100250, 104055, 16561, 54997, 92686]"
116371,"[82741, 47828, 81445, 9302, 37662, 17392, 10879, 109505, 102164, 32606]"
116372,"[16922, 38390, 14014, 18090, 98767, 25287, 18545, 52148, 32444, 17660]"
116373,"[17127, 20275, 14479, 43671, 107065, 50905, 59838, 43507, 37125, 77522]"
116374,"[57809, 26685, 63742, 55207, 75974, 94117, 73373, 56245, 83555, 88910]"
116375,"[34060, 60733, 89455, 68985, 80682, 23758, 66150, 47219, 18739, 5419]"
116376,"[15960, 12330, 16614, 106107, 12464, 32547, 75509, 60155, 79642, 49491]"
116377,"[88708, 10475, 23021, 83575, 82982, 35004, 79437, 43528, 4474, 61562]"
116378,"[56762, 83473, 11529, 25823, 63440, 74341, 4259, 104323, 103782, 20505]"
116379,"[24080, 41130, 16101, 77777, 60526, 798, 95459, 53800, 67671, 54156]"
116380,"[42127, 32379, 23674, 41923, 42225, 52054, 59529, 10859, 78158, 59796]"
116381,"[108330, 37404, 47118, 98893, 62857, 76703, 64363, 48023, 27786, 98701]"
116382,"[61658, 47799, 70555, 51839, 86315, 66825, 95208, 62063, 8917, 68481]"
116383,"[9494, 5301, 8546, 40589, 4100, 49204, 14557, 22010, 15152, 66673]"
116384,"[8122, 96574, 41411, 68934, 65131, 55451, 104770, 35066, 82248, 52410]"
116385,"[13822, 64558, 5417, 101221, 7962, 92107, 46996, 71742, 101529, 36353]"
116386,"[61219, 95839, 71919, 64996, 3925, 59939, 92258, 27535, 82968, 21527]"
116387,"[60651, 48371, 38606, 105482, 7015, 53823, 108927, 76195, 29992, 106283]"
116388,"[95734, 11407, 34987, 24818, 31111, 106217, 18454, 68135, 92001, 9730]"
116389,"[90264, 16717, 7923, 101738, 55641, 26270, 71096, 9916, 92136, 108233]"
116390,"[65399, 42839, 707, 61418, 36743, 96518, 99762, 20025, 70887, 60949]"
116391,"[17956, 103700, 65430, 49690, 71543, 82030, 91616, 36519, 15302, 95568]"
116392,"[95033, 43977, 64301, 49483, 17025, 69969, 43690, 73980, 51401, 16284]"
116393,"[34887, 9886, 102683, 61337, 26431, 38468, 19118, 70635, 23129, 1799]"
116394,"[99908, 94890, 29053, 83402, 74433, 84493, 86308, 108165, 90826, 68797]"
116395,"[97484, 7014, 2504, 31807, 96514, 12117, 104573, 63348, 20903, 88498]"
116396,"[6963, 95566, 102534, 67999, 83717, 81078, 61975, 104525, 68520, 98238]"
116397,"[25884, 80653, 9328, 57779, 65304, 44286, 27834, 84802, 16613, 4458]"
116398,"[9099, 17172, 102715, 95572, 15890, 10535, 14247, 67774, 92207, 38719]"
116399,"[44834, 92203, 47911, 46197, 61069, 105530, 7411, 51631, 66827, 73548]"
116400,"[76111, 18781, 75945, 20855, 35659, 75066, 64855, 14472, 26048, 2583]"
116401,"[76599, 3428, 2877, 55901, 89562, 91116, 103622, 40959, 79746, 92271]"
116402,"[22300, 102326, 93168, 95727, 41062, 82394, 100281, 57396, 103270, 103111]"
116403,"[43198, 56186, 8881, 44825, 26336, 22016, 11228, 92960, 99587, 24671]"
116404,"[72046, 44510, 101454, 58335, 55719, 92760, 75888, 77780, 58492, 38221]"
116405,"[14359, 59550, 60203, 91433, 16552, 78729, 18222, 2531, 29933, 30520]"
116406,"[104759, 105873, 11541, 107262, 70901, 109002, 72030, 36275, 21434, 68751]"
116407,"[3042, 52280, 9369, 82181, 24520, 15056, 56479, 59787, 71085, 26026]"
116408,"[59867, 16196, 31326, 47152, 34527, 63763, 106451, 34741, 40299, 34553]"
116409,"[101078, 66991, 31483, 34725, 59845, 80169, 72516, 108791, 29219, 41823]"
116410,"[39247, 12950, 84856, 13111, 7129, 66508, 58328, 50517, 105296, 69544]"
116411,"[18339, 37637, 36564, 98687, 34526, 4901, 77918, 84319, 23281, 45022]"
116412,"[35936, 92343, 102367, 55231, 80065, 18070, 53095, 46922, 27995, 47936]"
116413,"[43842, 96204, 26546, 78028, 76340, 87964, 49090, 33569, 91117, 13651]"
116414,"[19579, 52288, 23494, 105664, 38101, 92219, 86861, 68843, 44797, 80087]"
116415,"[98802, 66074, 94373, 66742, 30302, 14433, 84822, 109181, 48364, 70368]"
116416,"[25666, 53725, 38402, 60216, 18068, 80972, 24352, 67567, 98729, 80763]"
116417,"[28318, 11930, 99178, 24277, 107162, 24771, 67684, 21161, 108755, 103975]"
116418,"[6704, 28443, 96592, 104208, 77808, 756, 19157, 96290, 28100, 2180]"
116419,"[108947, 79159, 51770, 9650, 2572, 4783, 25888, 71566, 100147, 43740]"
116420,"[105852, 68095, 40338, 67688, 79527, 28746, 3895, 75394, 68863, 54558]"
116421,"[94043, 27121, 67219, 72903, 45959, 21360, 12322, 85927, 33370, 66964]"
116422,"[79480, 29019, 22255, 25214, 52031, 104419, 54371, 100882, 14883, 20399]"
116423,"[44677, 101863, 55867, 101281, 87535, 42532, 71043, 22923, 61863, 79470]"
116424,"[56303, 105864, 17843, 13264, 7863, 57319, 11982, 2204, 37682, 4147]"
116425,"[102204, 4933, 55780, 39920, 105972, 65459, 65832, 33508, 107219, 50556]"
116426,"[29553, 47000, 100224, 23532, 45073, 88149, 47617, 57729, 75429, 383]"
116427,"[49172, 31136, 106137, 84671, 11264, 21986, 84408, 22061, 59575, 3351]"
116428,"[29034, 28860, 51632, 70791, 68422, 75529, 52168, 92232, 80995, 14500]"
116429,"[109244, 69427, 21167, 68734, 1479, 87608, 80817, 33942, 94193, 14986]"
116430,"[12461, 69012, 9798, 14320, 4801, 53898, 77045, 9922, 53060, 57673]"
116431,"[8017, 18390, 69652, 82000, 21197, 93645, 105051, 22467, 46972, 108193]"
116432,"[84262, 78286, 58885, 108777, 21936, 86679, 69800, 101730, 18877, 87739]"
116433,"[53492, 9799, 104681, 27328, 99546, 93417, 21277, 10904, 5552, 76919]"
116434,"[75622, 96388, 73159, 50182, 16740, 91593, 66504, 40603, 13164, 62609]"
116435,"[44018, 66889, 94537, 30215, 24303, 91235, 2821, 104294, 101502, 20385]"
116436,"[34143, 4787, 72680, 53273, 49769, 19568, 22138, 11918, 108353, 75177]"
116437,"[101955, 37402, 30221, 28145, 69963, 24765, 26727, 105247, 13723, 95435]"
116438,"[102559, 61606, 25961, 99249, 85364, 24536, 80146, 85501, 51772, 105755]"
116439,"[41329, 14938, 22260, 98859, 87454, 13249, 104179, 9002, 40859, 61443]"
116440,"[92174, 69375, 100974, 35492, 75103, 90457, 20392, 21475, 29573, 12329]"
116441,"[42967, 85830, 2954, 65623, 54391, 96309, 104004, 92413, 17771, 7462]"
116442,"[52259, 86915, 108203, 20376, 11515, 77020, 11064, 107872, 56551, 105904]"
116443,"[69496, 31791, 102567, 83684, 50084, 47539, 87948, 77186, 20037, 39849]"
116444,"[65876, 60119, 73892, 81555, 96542, 106575, 45212, 35539, 52307, 95466]"
116445,"[65598, 88456, 10343, 5758, 21457, 30362, 19943, 108735, 21743, 37772]"
116446,"[22124, 24322, 35068, 84979, 65972, 11822, 93069, 38697, 86411, 51614]"
116447,"[54817, 96139, 30552, 27382, 27345, 48684, 34754, 21931, 4418, 1093]"
116448,"[41084, 63186, 66764, 47198, 15668, 23263, 36082, 19840, 103607, 2506]"
116449,"[102038, 43191, 64379, 95185, 6862, 109487, 48457, 65331, 95296, 31717]"
116450,"[83286, 79363, 83817, 32823, 6706, 86569, 26003, 101753, 27887, 63314]"
116451,"[92073, 61726, 7248, 33334, 19518, 22786, 84154, 7954, 13179, 93599]"
116452,"[48252, 82413, 89168, 107198, 99517, 37854, 47999, 102579, 72956, 95843]"
116453,"[72773, 2939, 81778, 25067, 37471, 68974, 68853, 20838, 108305, 46742]"
116454,"[50971, 58662, 37674, 13937, 11281, 91554, 85133, 26509, 21021, 34459]"
116455,"[21322, 77754, 4997, 447, 88769, 11298, 13274, 10179, 24264, 63755]"
116456,"[24150, 95352, 28042, 48458, 2640, 97373, 106625, 75176, 63585, 107197]"
116457,"[42747, 28826, 85042, 75898, 103131, 86201, 26302, 41116, 67322, 67958]"
116458,"[62828, 53765, 61634, 15678, 65637, 10747, 33849, 87438, 75901, 39336]"
116459,"[8204, 53766, 104528, 98909, 33419, 17710, 22047, 43889, 103529, 73091]"
116460,"[73146, 95104, 99598, 8864, 70450, 96216, 32080, 47184, 63151, 19867]"
116461,"[82578, 3717, 93443, 11117, 17403, 94205, 14825, 40537, 92250, 5357]"
116462,"[73589, 26231, 104286, 57980, 30095, 102368, 96677, 95536, 63162, 17064]"
116463,"[74374, 84931, 51562, 18329, 23302, 100162, 29784, 53714, 39400, 93665]"
116464,"[40998, 26437, 64117, 15088, 21218, 19076, 63609, 28294, 38729, 27111]"
116465,"[29713, 74411, 107765, 42312, 105030, 91375, 23037, 77137, 44651, 103223]"
116466,"[28795, 23009, 67892, 71142, 92336, 92566, 92927, 100308, 51402, 41344]"
116467,"[93289, 75848, 78817, 15742, 78115, 34331, 80567, 87027, 96296, 16474]"
116468,"[74858, 8356, 40542, 65737, 76265, 71172, 864, 38994, 97706, 35674]"
116469,"[82985, 14340, 68736, 103459, 69915, 93369, 88610, 19006, 5678, 49001]"
116470,"[100445, 21187, 102658, 77280, 80996, 82834, 88297, 89645, 69590, 19327]"
116471,"[22459, 53703, 35609, 12608, 6054, 91589, 34443, 52501, 99560, 82387]"
116472,"[60428, 55676, 101747, 52709, 51742, 52159, 64262, 67654, 44708, 52116]"
116473,"[59922, 5080, 50270, 59415, 92841, 32149, 44656, 90960, 36829, 60912]"
116474,"[96262, 100438, 97758, 10326, 6081, 68388, 54499, 275, 101544, 40175]"
116475,"[51836, 26662, 89121, 9198, 96548, 70958, 98611, 62782, 83155, 1320]"
116476,"[43366, 33449, 101613, 36378, 66145, 104151, 81217, 14660, 60571, 98750]"
116477,"[6911, 64397, 3446, 64960, 31975, 93603, 43400, 107422, 17914, 34918]"
116478,"[59971, 70371, 48468, 104849, 45168, 88807, 36420, 107769, 76148, 92232]"
116479,"[84703, 40672, 22135, 42379, 30147, 7794, 92726, 2146, 18893, 43340]"
116480,"[56337, 89944, 77958, 38678, 32617, 42198, 37546, 46640, 59764, 79930]"
116481,"[79671, 48021, 64137, 78764, 47269, 53591, 101796, 73578, 98835, 43475]"
116482,"[78566, 11547, 102265, 21347, 12789, 19509, 43540, 68514, 37864, 68281]"
116483,"[62438, 44644, 92931, 38600, 9055, 84547, 81586, 58022, 44285, 88394]"
116484,"[91736, 65429, 16762, 93312, 108854, 108582, 26344, 81698, 73542, 14682]"
116485,"[72276, 93131, 55895, 22860, 45542, 50886, 74925, 78979, 19865, 62069]"
116486,"[17459, 105533, 29910, 109534, 73985, 35007, 43616, 51083, 77329, 100648]"
116487,"[97038, 77012, 18975, 31295, 14357, 47232, 7603, 88605, 41182, 23094]"
116488,"[82744, 77940, 99657, 78146, 15697, 75782, 88837, 24092, 39370, 70108]"
116489,"[5324, 2065, 19521, 43633, 42199, 22653, 105319, 40295, 10866, 26363]"
116490,"[40358, 96719, 106598, 63121, 95926, 27412, 48815, 59904, 572, 105575]"
116491,"[57193, 75936, 108080, 76921, 12403, 25242, 59601, 74821, 64833, 46420]"
116492,"[80578, 107592, 67484, 91784, 70881, 97371, 21393, 92933, 69818, 106253]"
116493,"[31269, 25916, 50294, 69691, 51501, 20253, 51022, 4291, 22532, 74670]"
116494,"[81179, 75154, 68424, 26902, 10586, 26133, 3877, 66818, 104676, 103030]"
116495,"[7172, 85066, 58242, 40730, 49265, 13753, 771, 47012, 67188, 69062]"
116496,"[14352, 50754, 30999, 87334, 96259, 94572, 58671, 26100, 108943, 11730]"
116497,"[52440, 8875, 3670, 83837, 32099, 14295, 23504, 86951, 43897, 42617]"
116498,"[77554, 94279, 66440, 49397, 46670, 17620, 98476, 100785, 84830, 41670]"
116499,"[67131, 39200, 86906, 103783, 104468, 59704, 69914, 2582, 33180, 48519]"
116500,"[72092, 77917, 99447, 63606, 11249, 52675, 24586, 43933, 45733, 35469]"
116501,"[64386, 31776, 30476, 10636, 63362, 6732, 40581, 48378, 49762, 108374]"
116502,"[20294, 46956, 89659, 28936, 2429, 93410, 72721, 48811, 99354, 28411]"
116503,"[95162, 61203, 25246, 21436, 6694, 12163, 4940, 29132, 48948, 68043]"
116504,"[23157, 6895, 61300, 17700, 4169, 65341, 43516, 33280, 93320, 85993]"
116505,"[63461, 49416, 62056, 96270, 89511, 80861, 31672, 40101, 31137, 41912]"
116506,"[96802, 70603, 11691, 36577, 89660, 48766, 27770, 3363, 32600, 69162]"
116507,"[39519, 43324, 34140, 43258, 102118, 19992, 42589, 74119, 76593, 59154]"
116508,"[48203, 40598, 19566, 73854, 25015, 81415, 102587, 24736, 23102, 85429]"
116509,"[99785, 61535, 23820, 60538, 11059, 57693, 49366, 22731, 59597, 77852]"
116510,"[18346, 83380, 67201, 37502, 66190, 63240, 36644, 37530, 103634, 55560]"
116511,"[44591, 54629, 35682, 61003, 102691, 105856, 85840, 33201, 57783, 85005]"
116512,"[79767, 4705, 56498, 90446, 50150, 77926, 87804, 41339, 88256, 70507]"
116513,"[63990, 69756, 5524, 92683, 88265, 33140, 101100, 70271, 11342, 67436]"
116514,"[4189, 66318, 70510, 35409, 96163, 1252, 55388, 947, 10842, 15802]"
116515,"[84276, 76668, 57092, 63696, 27367, 77835, 70812, 77196, 51285, 28078]"
116516,"[58196, 40295, 5324, 2065, 10866, 26363, 38368, 22653, 96922, 43407]"
116517,"[60072, 12732, 48399, 84531, 60305, 106392, 95276, 70192, 77496, 48915]"
116518,"[97130, 64874, 108298, 10627, 10331, 103964, 81549, 108332, 19586, 104330]"
116519,"[3725, 57545, 79121, 15367, 32002, 27261, 11183, 61774, 45569, 88215]"
116520,"[59536, 42462, 80053, 39196, 78972, 795, 39824, 54894, 87127, 86322]"
116521,"[49439, 47032, 82915, 23395, 8774, 100805, 20311, 31555, 27663, 61394]"
116522,"[86908, 97626, 100213, 5180, 109595, 101991, 43268, 47091, 86474, 67242]"
116523,"[214, 4103, 102245, 90530, 97173, 63282, 61381, 79245, 61901, 41975]"
116524,"[47787, 53990, 45912, 38764, 95014, 62031, 24384, 30238, 30596, 109023]"
116525,"[64488, 39447, 2454, 67757, 12824, 55583, 3156, 51327, 54352, 109740]"
116526,"[108021, 95572, 77627, 105934, 61894, 102715, 39328, 95644, 67774, 14247]"
116527,"[72577, 27955, 26050, 56366, 41718, 60284, 79805, 99765, 63235, 90228]"
116528,"[2771, 101736, 100537, 71583, 19318, 55304, 29258, 22348, 27033, 42985]"
116529,"[41125, 105482, 39137, 109095, 7015, 76195, 38606, 8259, 48371, 34223]"
116530,"[72906, 62587, 2681, 84618, 31830, 4949, 95194, 65999, 90391, 64541]"
116531,"[99134, 65089, 37068, 64368, 65132, 30162, 49189, 83669, 71901, 74889]"
116532,"[87937, 60960, 100374, 62592, 3123, 85816, 93999, 79567, 59626, 51731]"
116533,"[82567, 10594, 18749, 74548, 8520, 51495, 78147, 44940, 93110, 107858]"
116534,"[53295, 95347, 92487, 77154, 78098, 104267, 66315, 52294, 100700, 73378]"
116535,"[29183, 65603, 96389, 24206, 69257, 105965, 4599, 13031, 40650, 59278]"
116536,"[44030, 42109, 4156, 33387, 103202, 56928, 64235, 22866, 19790, 99650]"
116537,"[18777, 72862, 59815, 71364, 46741, 56993, 32670, 103768, 45964, 17707]"
116538,"[93248, 52620, 19766, 50879, 43667, 106357, 21719, 108704, 21435, 44753]"
116539,"[107259, 87667, 29121, 23286, 43396, 50414, 92954, 95892, 30725, 55988]"
116540,"[83029, 54300, 15079, 78470, 17232, 78677, 35159, 33967, 51933, 60180]"
116541,"[37691, 35122, 60613, 60, 31867, 66995, 73866, 24420, 22605, 89207]"
116542,"[73802, 14399, 45731, 74153, 32091, 62467, 107939, 6416, 52158, 19143]"
116543,"[3163, 43430, 106280, 49342, 57304, 7791, 106080, 5808, 108734, 11181]"
116544,"[87121, 6546, 64680, 57371, 46068, 71841, 19744, 2879, 44633, 86016]"
116545,"[104037, 45854, 76910, 66260, 67586, 68908, 3343, 64444, 28095, 50641]"
116546,"[33990, 16112, 3996, 58660, 82993, 19628, 95318, 44364, 81033, 22476]"
116547,"[59716, 31559, 78847, 35286, 64534, 103483, 58108, 53575, 28537, 67391]"
116548,"[32350, 36795, 53777, 44037, 84873, 90335, 80332, 105429, 53182, 6272]"
116549,"[23188, 103903, 42919, 36785, 13705, 24859, 57321, 46529, 83781, 61925]"
116550,"[24903, 34166, 75859, 2300, 72484, 52828, 23078, 39344, 71477, 82239]"
116551,"[36036, 50458, 65018, 33624, 79034, 69478, 3400, 8827, 108995, 65618]"
116552,"[79458, 15496, 99763, 99465, 94929, 105639, 22484, 16536, 106550, 71515]"
116553,"[98886, 50128, 14897, 95215, 50012, 70865, 62679, 75707, 62552, 95049]"
116554,"[93313, 42204, 64172, 41512, 69731, 63989, 50970, 57751, 102432, 43861]"
116555,"[61542, 55652, 13966, 86456, 7924, 75957, 55994, 105763, 36170, 95651]"
116556,"[106528, 42738, 54073, 21573, 97689, 92532, 59240, 100201, 72572, 102580]"
116557,"[25521, 15228, 19743, 6436, 58502, 49916, 95830, 98805, 71019, 104793]"
116558,"[38508, 39875, 64576, 16234, 78157, 2961, 106608, 108886, 75625, 60376]"
116559,"[97634, 39252, 16067, 65106, 43327, 19880, 100366, 77271, 106271, 30278]"
116560,"[106245, 29450, 96111, 80440, 15565, 97062, 21501, 69507, 8728, 3250]"
116561,"[2100, 102703, 100190, 3467, 87361, 98563, 83382, 44089, 84600, 23965]"
116562,"[27559, 40063, 64372, 8929, 14370, 26944, 15493, 44538, 87880, 103006]"
116563,"[44521, 65096, 97223, 1658, 62227, 38593, 80833, 108135, 93978, 32132]"
116564,"[26809, 25179, 103007, 71215, 12933, 43288, 93766, 83683, 56499, 81267]"
116565,"[109389, 22089, 16724, 10956, 3384, 14874, 77551, 78626, 84501, 102855]"
116566,"[78938, 4913, 6562, 96567, 14546, 95634, 61192, 74706, 764, 74030]"
116567,"[29272, 32523, 109681, 59691, 50738, 11846, 45359, 37853, 35584, 14332]"
116568,"[5483, 106521, 44152, 5381, 33024, 108788, 43921, 69938, 86314, 96915]"
116569,"[39424, 37500, 14775, 4200, 95919, 108705, 8502, 61030, 33017, 43698]"
116570,"[97357, 108584, 63183, 99462, 9320, 54577, 18541, 54410, 42605, 1210]"
116571,"[105706, 95852, 47415, 96675, 96229, 24232, 42059, 65535, 65027, 6627]"
116572,"[12987, 70046, 109469, 18915, 14509, 57103, 90512, 54929, 1063, 58750]"
116573,"[3812, 31399, 43893, 40876, 62088, 57386, 25044, 18247, 38302, 29164]"
116574,"[2876, 25891, 99496, 94583, 27198, 50235, 105295, 44428, 24717, 81550]"
116575,"[49488, 107049, 59921, 27280, 42446, 98458, 69282, 108025, 62971, 73501]"
116576,"[29107, 31174, 59910, 12868, 66907, 55994, 14742, 102934, 56423, 18900]"
116577,"[28597, 20504, 14543, 83074, 40432, 46512, 57822, 40016, 40943, 74554]"
116578,"[18202, 45083, 92526, 59733, 10368, 34388, 3920, 53071, 17298, 50068]"
116579,"[42581, 28314, 63526, 91460, 75995, 39343, 106982, 14779, 46528, 77195]"
116580,"[52240, 56368, 60499, 37856, 64742, 19665, 32383, 78647, 35195, 100584]"
116581,"[103581, 60557, 91529, 92804, 44097, 9894, 20755, 92899, 103200, 87058]"
116582,"[71919, 95839, 61219, 27535, 82968, 22026, 28475, 10381, 36039, 37437]"
116583,"[95670, 21159, 73805, 32738, 47512, 22153, 69818, 15966, 79440, 108392]"
116584,"[10434, 56269, 69123, 67913, 33705, 93104, 95734, 66360, 83184, 21187]"
116585,"[71879, 36457, 54628, 8837, 15262, 82238, 68252, 19380, 94224, 62324]"
116586,"[97374, 6625, 1548, 54292, 58000, 100088, 55720, 98625, 104732, 10643]"
116587,"[62387, 68580, 86367, 36086, 42438, 84080, 74600, 69549, 55724, 82045]"
116588,"[4057, 13163, 45302, 13339, 58534, 73994, 94666, 31329, 68753, 34168]"
116589,"[62460, 4235, 76209, 46645, 9238, 18636, 97011, 105409, 5864, 83911]"
116590,"[85318, 74556, 90832, 15624, 30638, 60731, 6459, 3174, 27045, 31183]"
116591,"[34573, 55997, 84182, 82924, 14333, 12077, 44580, 36089, 38995, 78210]"
116592,"[94428, 84147, 105704, 4984, 15683, 55111, 3606, 24526, 16517, 38988]"
116593,"[30882, 45901, 74632, 95504, 101425, 62475, 26087, 28573, 96768, 26415]"
116594,"[46329, 839, 95997, 41158, 81726, 90673, 108784, 74539, 72407, 82852]"
116595,"[36426, 30216, 97206, 17022, 43646, 48783, 45860, 37968, 42924, 86997]"
116596,"[63562, 48953, 108906, 16608, 95882, 31994, 31352, 100096, 81364, 88631]"
116597,"[25855, 19792, 109543, 45282, 55146, 106015, 87726, 76288, 2903, 25564]"
116598,"[17693, 93370, 40656, 75425, 29367, 87983, 30908, 78431, 67050, 3677]"
116599,"[68387, 78168, 102424, 81982, 77843, 21964, 30591, 44763, 11847, 92097]"
116600,"[26255, 102008, 85806, 82127, 61818, 49747, 54729, 57603, 73478, 2137]"
116601,"[28680, 64178, 10569, 51321, 104200, 93147, 37020, 48495, 63622, 57006]"
116602,"[72814, 50719, 108647, 13204, 37876, 40994, 41593, 60736, 41594, 49376]"
116603,"[6333, 97655, 66412, 33903, 29103, 53056, 109336, 103437, 35634, 54785]"
116604,"[74595, 43173, 101990, 76260, 88675, 58786, 73672, 108817, 40675, 38439]"
116605,"[65704, 102408, 4166, 95898, 19268, 78953, 70998, 79507, 108170, 84338]"
116606,"[42159, 95710, 31788, 31919, 21832, 21162, 66976, 93022, 23974, 31102]"
116607,"[52366, 16299, 30902, 36166, 26496, 47081, 40141, 68334, 59629, 59475]"
116608,"[103642, 65933, 37673, 64852, 102688, 21657, 91946, 84202, 4034, 32136]"
116609,"[45600, 88611, 85548, 14288, 102108, 3955, 50269, 27526, 9104, 25906]"
116610,"[106721, 23554, 76523, 32836, 9006, 73041, 63656, 96933, 23383, 109287]"
116611,"[109037, 18159, 39257, 9660, 47878, 20935, 90052, 32684, 450, 99011]"
116612,"[103969, 93795, 40673, 42496, 38476, 78002, 7390, 63231, 46428, 73296]"
116613,"[80352, 107583, 46137, 5435, 14471, 64539, 4433, 51566, 46824, 39237]"
116614,"[101540, 65764, 46889, 24841, 46154, 65682, 100618, 55936, 78441, 5401]"
116615,"[62639, 16225, 19462, 61277, 103328, 92438, 64225, 78169, 29831, 23328]"
116616,"[78455, 57182, 65689, 74098, 70613, 17049, 19261, 7996, 21318, 44865]"
116617,"[105608, 108102, 5622, 48479, 93572, 53219, 9411, 92032, 59255, 57187]"
116618,"[86423, 37587, 6108, 55204, 34873, 102773, 104464, 106181, 84533, 42228]"
116619,"[6023, 107965, 108429, 40989, 106363, 41185, 58992, 108772, 96931, 100145]"
116620,"[55992, 51375, 11667, 47157, 5797, 49812, 81795, 78597, 44785, 73650]"
116621,"[98219, 8710, 107484, 77169, 34163, 56276, 60710, 62862, 68272, 58788]"
116622,"[107818, 63272, 64925, 104781, 98720, 70426, 18588, 38115, 61980, 98855]"
116623,"[93994, 50947, 12811, 57762, 25389, 88278, 8493, 28976, 104819, 40412]"
116624,"[106615, 80560, 37528, 26399, 96709, 52009, 21316, 100948, 7130, 67731]"
116625,"[86218, 74152, 93227, 16561, 79025, 15204, 104430, 106185, 65031, 63111]"
116626,"[70344, 13589, 10365, 32582, 11203, 57005, 7645, 40050, 97115, 35269]"
116627,"[46502, 5118, 16434, 28733, 80758, 80916, 107574, 71957, 33006, 52013]"
116628,"[2724, 32334, 99721, 35050, 56357, 63459, 13484, 73165, 61594, 76176]"
116629,"[85384, 59104, 52791, 12173, 33194, 29229, 56199, 101882, 98979, 77161]"
116630,"[90697, 11898, 20682, 102269, 38566, 19811, 19708, 13567, 16425, 50083]"
116631,"[88318, 1398, 34747, 85030, 50865, 84679, 38955, 96943, 29841, 59583]"
116632,"[66623, 41003, 90090, 99718, 63110, 56459, 78067, 40183, 51436, 13893]"
116633,"[22328, 78374, 31650, 35308, 75633, 78067, 108324, 9094, 45966, 64808]"
116634,"[87854, 57642, 23683, 25309, 108767, 15605, 8392, 19903, 88242, 14324]"
116635,"[70658, 93255, 64241, 80312, 70167, 13847, 64399, 24269, 63594, 105425]"
116636,"[13228, 47392, 57426, 97318, 84204, 56749, 66028, 10083, 15015, 103891]"
116637,"[91969, 109647, 44450, 15914, 45075, 24326, 94565, 9497, 30843, 54851]"
116638,"[48790, 19517, 66181, 10069, 60747, 103906, 96205, 23304, 12675, 40241]"
116639,"[103341, 34013, 93869, 15964, 61329, 58325, 50774, 34050, 7815, 107718]"
116640,"[103534, 67568, 106171, 109131, 86293, 45486, 35850, 13297, 75920, 48582]"
116641,"[49408, 28869, 9300, 19473, 46949, 14289, 99033, 90772, 69854, 27109]"
116642,"[89914, 91822, 37229, 93256, 104674, 8270, 106701, 96806, 41069, 39970]"
116643,"[51535, 31092, 54965, 100377, 37021, 39705, 54033, 97921, 99548, 43594]"
116644,"[14093, 5181, 80826, 60016, 47776, 69142, 2508, 52721, 26817, 55090]"
116645,"[52719, 65113, 16871, 7398, 2214, 100394, 89813, 101895, 15853, 47437]"
116646,"[109368, 108520, 69712, 57398, 17927, 26393, 23073, 105192, 61629, 106088]"
116647,"[7678, 62764, 38055, 52061, 25544, 90973, 65323, 33838, 50359, 6222]"
116648,"[44845, 79630, 53709, 94590, 70370, 49359, 10936, 63128, 10727, 783]"
116649,"[96387, 43513, 23325, 95594, 3086, 94361, 102898, 57491, 100713, 107872]"
116650,"[72332, 45684, 70286, 15442, 89958, 93926, 12213, 17181, 39546, 106556]"
116651,"[65245, 54669, 63109, 93226, 83785, 33354, 61274, 11543, 14172, 29696]"
116652,"[72907, 51337, 24225, 106302, 48018, 59513, 102768, 39945, 84409, 15516]"
116653,"[70940, 11344, 31060, 22937, 83975, 51370, 92910, 8078, 80101, 107962]"
116654,"[102176, 63617, 73129, 30825, 63167, 54244, 59560, 34269, 84155, 24653]"
116655,"[41409, 52950, 17500, 57411, 44618, 90686, 23836, 1333, 73653, 47589]"
116656,"[104919, 67480, 84111, 66767, 60832, 83721, 65155, 71903, 32520, 97371]"
116657,"[59414, 38265, 38014, 7207, 86677, 83313, 22034, 89869, 21428, 45154]"
116658,"[105340, 78863, 60495, 29995, 74041, 31828, 84068, 65911, 61350, 75559]"
116659,"[23657, 32259, 59725, 84869, 39816, 22690, 86285, 26187, 43461, 3924]"
116660,"[27663, 65606, 75777, 67434, 45898, 18037, 34402, 55030, 7452, 80519]"
116661,"[31664, 3697, 428, 26541, 13290, 4718, 50211, 51099, 7187, 85905]"
116662,"[101382, 3205, 34486, 20340, 81427, 65750, 100776, 21704, 108651, 16934]"
116663,"[51274, 109026, 54934, 88855, 36123, 82101, 45980, 44843, 8735, 80041]"
116664,"[45237, 61860, 41084, 91659, 51005, 42427, 57008, 49564, 43803, 87678]"
116665,"[25980, 73690, 13798, 40809, 93564, 64668, 29221, 55684, 7233, 68319]"
116666,"[31990, 9190, 61700, 51145, 41128, 14122, 18071, 64039, 20143, 102830]"
116667,"[23839, 6784, 48707, 47090, 28209, 43811, 77553, 3854, 96735, 406]"
116668,"[101973, 75998, 105959, 98648, 95687, 11769, 76463, 107884, 91618, 104023]"
116669,"[25759, 30655, 8130, 95697, 83588, 69887, 67267, 54825, 72863, 71545]"
116670,"[44544, 64968, 101325, 81511, 19408, 67175, 75510, 60199, 26155, 19415]"
116671,"[70780, 72215, 70159, 62624, 43855, 8524, 49576, 78506, 56134, 67185]"
116672,"[90802, 90160, 69060, 43866, 9498, 21086, 54651, 39804, 51985, 1304]"
116673,"[66034, 76046, 53298, 53188, 23998, 80978, 37642, 71223, 66256, 107153]"
116674,"[85229, 86645, 16518, 67920, 13550, 89870, 38519, 94238, 39185, 93950]"
116675,"[79427, 7736, 85203, 97525, 6276, 26042, 17911, 61554, 19328, 51342]"
116676,"[99513, 30698, 40768, 15482, 50041, 88552, 74963, 72524, 29284, 76086]"
116677,"[74714, 56953, 64500, 9649, 35679, 28978, 7583, 36819, 28928, 40430]"
116678,"[98984, 40054, 458, 105184, 74071, 96812, 31299, 104094, 85875, 11137]"
116679,"[30661, 4066, 100695, 95547, 75113, 85859, 78816, 27308, 67334, 77655]"
116680,"[101432, 40020, 58309, 3740, 99424, 70704, 16110, 102337, 55840, 23227]"
116681,"[2427, 65198, 91572, 68742, 38356, 68225, 5951, 38758, 99482, 28609]"
116682,"[103678, 67068, 48749, 86014, 50591, 50582, 105074, 6235, 92490, 3345]"
116683,"[61811, 43827, 4808, 31289, 30968, 52449, 60771, 10845, 29388, 76404]"
116684,"[95305, 32573, 2942, 7464, 104729, 37824, 92291, 106420, 99741, 95370]"
116685,"[92245, 23290, 8664, 41308, 17449, 100542, 53928, 13696, 42892, 68426]"
116686,"[1642, 41602, 55170, 3154, 34990, 22188, 85635, 61126, 47616, 82729]"
116687,"[2207, 29606, 92435, 86159, 74400, 17397, 85156, 106631, 46737, 67075]"
116688,"[35797, 16862, 17132, 106660, 107925, 15358, 33128, 86084, 96014, 99524]"
116689,"[11894, 87580, 73482, 70904, 2601, 59140, 64049, 54128, 17987, 83930]"
116690,"[72960, 81501, 7406, 68141, 54342, 77737, 46253, 49514, 91899, 11088]"
116691,"[13082, 18464, 31396, 89559, 85252, 64908, 35777, 66660, 77970, 63234]"
116692,"[10469, 62608, 92213, 30793, 56425, 7825, 66193, 96544, 55535, 78920]"
116693,"[105761, 9254, 62863, 92050, 88511, 56352, 56529, 76633, 5744, 78666]"
116694,"[71755, 88544, 25151, 84557, 17419, 13736, 104961, 54137, 71942, 63659]"
116695,"[2376, 92212, 86683, 56631, 68005, 66455, 5228, 54895, 97135, 8827]"
116696,"[76586, 43380, 34814, 80645, 53218, 94882, 15798, 6620, 106739, 12357]"
116697,"[51610, 88212, 50684, 36922, 77437, 61940, 50036, 81459, 49120, 22838]"
116698,"[58200, 41643, 96845, 104765, 57793, 98806, 80598, 4285, 63994, 108364]"
116699,"[18752, 14978, 92935, 35299, 47343, 41228, 24099, 106767, 74112, 23750]"
116700,"[40559, 38058, 28437, 105050, 93891, 41409, 75799, 44618, 104270, 19142]"
116701,"[17630, 76730, 33427, 35102, 39437, 98203, 51358, 33302, 69432, 16665]"
116702,"[23336, 84722, 77636, 65128, 108194, 53928, 45479, 29088, 45368, 39889]"
116703,"[52179, 101143, 78830, 26980, 108507, 33801, 40894, 9573, 75392, 93804]"
116704,"[30240, 53301, 56543, 98578, 95720, 57268, 39119, 37232, 70406, 26967]"
116705,"[93146, 807, 15070, 31907, 59742, 83793, 46501, 11428, 81364, 36810]"
116706,"[56959, 95125, 97175, 36049, 54962, 72321, 83170, 51355, 40463, 69239]"
116707,"[19581, 41573, 80408, 11861, 75688, 80039, 29508, 42469, 27685, 25634]"
116708,"[38871, 59176, 91882, 27526, 72252, 24518, 71263, 69734, 44687, 5620]"
116709,"[4127, 1692, 28678, 57949, 105436, 1106, 79230, 30500, 81721, 18211]"
116710,"[22812, 51192, 77098, 51248, 99078, 102225, 69167, 22359, 45299, 20712]"
116711,"[3915, 98420, 105516, 64244, 49073, 92712, 91335, 32616, 12620, 50371]"
116712,"[49963, 26324, 81162, 54154, 81749, 44516, 77827, 37465, 69505, 38121]"
116713,"[106626, 24256, 1717, 10799, 97785, 100887, 104792, 75561, 52078, 15385]"
116714,"[42156, 53795, 63380, 80840, 74763, 14224, 66645, 7628, 62330, 49238]"
116715,"[107180, 60455, 36711, 16957, 106794, 28985, 64442, 43736, 3269, 13615]"
116716,"[47267, 105302, 60654, 51699, 86261, 56188, 48764, 7412, 20714, 19305]"
116717,"[106546, 14446, 57093, 5387, 84764, 95104, 105418, 45287, 90418, 83801]"
116718,"[95197, 38498, 20902, 64, 46586, 100525, 64628, 40311, 57632, 23825]"
116719,"[54969, 105360, 89833, 4222, 107370, 66314, 17463, 108070, 5099, 12242]"
116720,"[87779, 68389, 80584, 42347, 34603, 87855, 92364, 8115, 91288, 82430]"
116721,"[57124, 64075, 85317, 54901, 12713, 37312, 83147, 65773, 28487, 106749]"
116722,"[67958, 28826, 86201, 26302, 42747, 41367, 75898, 85042, 16005, 41116]"
116723,"[42750, 14748, 9197, 85878, 7518, 31712, 105281, 26652, 69245, 66788]"
116724,"[46287, 61785, 25371, 71051, 23866, 29580, 26301, 1356, 57784, 97551]"
116725,"[33364, 60428, 67464, 33885, 61463, 48936, 49273, 20404, 46799, 14518]"
116726,"[98598, 2368, 70218, 75222, 21168, 6785, 86267, 81418, 37609, 53242]"
116727,"[16292, 13938, 98543, 88965, 51584, 23832, 91172, 17338, 82227, 36622]"
116728,"[81231, 71827, 41591, 8492, 43939, 11246, 19426, 34988, 55456, 17268]"
116729,"[63381, 92005, 52427, 7417, 20169, 37016, 98956, 80831, 61435, 60834]"
116730,"[22079, 15026, 24979, 83045, 88721, 9547, 29771, 67159, 108949, 54363]"
116731,"[7074, 103147, 44171, 100296, 90269, 11472, 4068, 20734, 28982, 84065]"
116732,"[45990, 109233, 18686, 98814, 10714, 3492, 102073, 24766, 51195, 30098]"
116733,"[10927, 23221, 21117, 20822, 57646, 17767, 8488, 2981, 81499, 37551]"
116734,"[5858, 63419, 19456, 108986, 80104, 53212, 67627, 7857, 74290, 96722]"
116735,"[103571, 98168, 14072, 77903, 16664, 12614, 91388, 89540, 47671, 35409]"
116736,"[91544, 38541, 71094, 81463, 10208, 57513, 68000, 95740, 70227, 41744]"
116737,"[76166, 61799, 99141, 4189, 51351, 26579, 45230, 70209, 63955, 1702]"
116738,"[70565, 84670, 20815, 92653, 79414, 11243, 48555, 2634, 85394, 36407]"
116739,"[36871, 16532, 93619, 21577, 94398, 85339, 76888, 6912, 40129, 85161]"
116740,"[85047, 11987, 73455, 52443, 78024, 69344, 64507, 46565, 90733, 100140]"
116741,"[3480, 94444, 63028, 90777, 85176, 62167, 6566, 56229, 108195, 30663]"
116742,"[47269, 28524, 101796, 53591, 79671, 48021, 73578, 57761, 34085, 78764]"
116743,"[22794, 99091, 69051, 28749, 22733, 76974, 98007, 11546, 89294, 76312]"
116744,"[61208, 44629, 50610, 646, 104959, 63954, 87151, 37963, 15490, 82662]"
116745,"[48044, 88751, 73622, 42884, 72995, 79220, 91221, 15667, 23963, 53754]"
116746,"[108151, 9234, 48372, 45614, 1303, 56108, 48914, 40599, 5939, 85883]"
116747,"[89066, 13097, 35843, 25927, 16615, 45342, 10341, 95144, 46656, 13745]"
116748,"[90555, 4552, 2684, 68999, 55074, 30471, 59355, 46822, 13749, 94672]"
116749,"[24202, 80909, 100621, 23409, 42931, 7689, 67989, 103657, 97933, 18612]"
116750,"[36908, 10821, 34196, 69013, 57266, 66773, 45032, 105938, 24015, 62317]"
116751,"[2734, 24832, 48106, 49162, 104963, 62623, 96090, 47673, 31914, 4288]"
116752,"[81297, 52733, 98528, 39782, 37424, 17462, 21991, 15863, 676, 11664]"
116753,"[84143, 89567, 86373, 42949, 20052, 6113, 56757, 16695, 108196, 16730]"
116754,"[59877, 32549, 63756, 48087, 79412, 20556, 106531, 74310, 44817, 57699]"
116755,"[15165, 107466, 35711, 22983, 35569, 4721, 16853, 60865, 79202, 86709]"
116756,"[14424, 60957, 39979, 101315, 103211, 2781, 20240, 23047, 23865, 105985]"
116757,"[8086, 29681, 93438, 37713, 79433, 94257, 33960, 95163, 19495, 104657]"
116758,"[21951, 21739, 5177, 58385, 62893, 12688, 67152, 10437, 20453, 44437]"
116759,"[98195, 59592, 30691, 84349, 88901, 2800, 94553, 41998, 41953, 81292]"
116760,"[86477, 63303, 101822, 13346, 53150, 31004, 74892, 96297, 86994, 40426]"
116761,"[68247, 38655, 9460, 1003, 51128, 92837, 15766, 38004, 48742, 43514]"
116762,"[27516, 54855, 109726, 45908, 104723, 21272, 107112, 80905, 9281, 81100]"
116763,"[40709, 101501, 71842, 47479, 45795, 67907, 80602, 59829, 7573, 57369]"
116764,"[62262, 19084, 73751, 60039, 54774, 105854, 25149, 34417, 57736, 31124]"
116765,"[64008, 23988, 79890, 70452, 61268, 25057, 46355, 51778, 81448, 20669]"
116766,"[6298, 30123, 94290, 35418, 83245, 9445, 80488, 23918, 59641, 95041]"
116767,"[9722, 99423, 61996, 12765, 60468, 79341, 67297, 105202, 59162, 67109]"
116768,"[26961, 95994, 50427, 9677, 47251, 2726, 93073, 84647, 25720, 16967]"
116769,"[50259, 46731, 88683, 45355, 13151, 16087, 73662, 106697, 103032, 33315]"
116770,"[55202, 70615, 82054, 92925, 60176, 106705, 26693, 41737, 20298, 68728]"
116771,"[50643, 6249, 79097, 20, 87188, 14680, 86403, 86987, 58433, 76451]"
116772,"[48707, 107917, 28209, 83123, 23839, 47090, 104067, 86538, 105229, 17353]"
116773,"[83331, 26914, 12755, 32915, 62391, 47364, 40902, 31941, 38428, 66542]"
116774,"[47750, 51712, 99654, 27982, 50932, 21926, 108310, 75907, 93394, 75121]"
116775,"[6352, 26352, 10876, 7747, 55686, 104870, 31891, 34817, 25547, 82369]"
116776,"[41111, 80103, 12965, 17262, 21677, 76322, 56586, 17797, 1738, 53945]"
116777,"[89154, 102200, 57798, 107379, 69414, 78223, 94363, 72027, 2161, 38429]"
116778,"[104084, 54816, 5281, 42060, 108005, 21028, 104019, 12430, 9839, 59738]"
116779,"[68470, 14867, 37595, 84053, 86855, 51185, 13363, 34951, 101626, 52665]"
116780,"[61866, 53818, 96874, 54546, 46310, 19112, 56256, 58893, 91526, 9910]"
116781,"[103490, 33120, 49546, 60769, 52817, 804, 6514, 80163, 12610, 2754]"
116782,"[61996, 26257, 99423, 105202, 12765, 60468, 9722, 67109, 79341, 106537]"
116783,"[95412, 107371, 37463, 473, 23846, 74985, 18296, 81062, 43708, 39072]"
116784,"[96124, 52342, 1994, 29555, 4195, 24704, 10808, 28307, 67144, 6101]"
116785,"[75763, 79029, 73375, 18926, 70825, 27492, 45744, 31611, 25038, 35593]"
116786,"[46891, 39542, 13619, 103886, 3991, 85829, 95936, 43325, 45244, 69485]"
116787,"[84020, 24416, 83140, 93156, 78071, 38081, 34204, 79309, 84208, 63153]"
116788,"[100905, 47404, 38940, 53801, 87811, 15189, 2675, 89095, 98808, 9039]"
116789,"[45480, 4517, 80793, 65275, 78598, 40757, 86802, 51602, 52040, 56902]"
116790,"[104292, 89356, 47105, 2232, 11197, 99610, 27130, 93100, 21647, 16901]"
116791,"[54178, 99369, 3939, 105380, 37882, 59102, 64573, 33600, 105127, 77324]"
116792,"[913, 83160, 79020, 16741, 9020, 18524, 44961, 89952, 99464, 55779]"
116793,"[76788, 22621, 108073, 45437, 30008, 5712, 63644, 16161, 28998, 2150]"
116794,"[80630, 26630, 63354, 9999, 12736, 18969, 53347, 47541, 96095, 51560]"
116795,"[58576, 105834, 56149, 52331, 53035, 91275, 1772, 52766, 64283, 79513]"
116796,"[87900, 38860, 109372, 6753, 100238, 84909, 66916, 16498, 37786, 5687]"
116797,"[8180, 34495, 52842, 22854, 5376, 105987, 106393, 42151, 12097, 79648]"
116798,"[63959, 68962, 36415, 81914, 26004, 37205, 67896, 109503, 49763, 66599]"
116799,"[68193, 88244, 14793, 11273, 57153, 34605, 50460, 73896, 84334, 86082]"
116800,"[84243, 4875, 75219, 108199, 39329, 51761, 56654, 13590, 76270, 64575]"
116801,"[30600, 31007, 27985, 56295, 87052, 6658, 34694, 6231, 56738, 20790]"
116802,"[89769, 19549, 91633, 81316, 96356, 39110, 7170, 15721, 99732, 27320]"
116803,"[60152, 4394, 26794, 31072, 93148, 6935, 105817, 61955, 87932, 114]"
116804,"[42446, 62971, 59921, 27280, 65557, 49488, 107049, 73501, 82340, 35054]"
116805,"[66295, 98700, 82552, 16064, 109589, 21535, 27020, 3974, 4643, 6783]"
116806,"[1330, 29338, 41366, 52474, 54341, 40626, 22320, 1777, 76370, 58891]"
116807,"[91552, 44417, 85843, 34240, 12318, 16186, 89213, 83858, 18022, 56614]"
116808,"[44285, 50795, 103015, 48533, 42944, 1393, 51846, 80614, 71192, 84825]"
116809,"[95632, 107624, 24170, 57869, 97174, 70092, 108473, 30310, 55001, 51064]"
116810,"[78136, 40957, 55978, 54419, 90824, 4934, 91150, 57146, 108439, 59933]"
116811,"[2851, 32705, 25178, 48858, 94674, 73945, 12590, 14620, 20457, 70497]"
116812,"[8355, 68723, 54320, 13541, 5617, 89241, 47998, 10817, 8619, 83751]"
116813,"[100941, 11148, 58504, 105190, 3247, 105108, 39995, 58261, 75516, 36128]"
116814,"[108903, 108002, 81081, 32509, 65620, 56139, 18096, 50190, 32793, 105586]"
116815,"[51329, 49222, 67259, 5768, 85964, 22252, 2326, 34619, 88056, 67951]"
116816,"[108880, 95437, 23457, 47418, 94746, 2480, 79491, 73377, 56493, 48358]"
116817,"[56829, 59410, 5087, 13526, 59555, 72062, 100940, 26779, 35911, 3900]"
116818,"[24763, 82611, 82284, 7647, 107769, 13975, 73144, 35439, 11307, 67888]"
116819,"[89210, 37321, 5941, 8024, 39652, 93980, 19608, 88337, 22510, 7984]"
116820,"[59845, 8631, 14118, 89228, 27394, 74696, 3031, 78326, 39520, 73204]"
116821,"[8456, 87045, 26835, 64497, 56586, 64877, 7593, 12645, 47754, 74389]"
116822,"[77761, 96673, 27768, 56380, 81403, 25723, 85928, 49978, 93699, 15406]"
116823,"[63243, 93457, 106649, 46249, 86655, 102266, 38526, 51986, 78605, 23562]"
116824,"[35190, 5170, 89621, 104868, 66298, 29289, 87275, 99212, 52138, 73030]"
116825,"[104255, 28116, 22791, 2408, 1631, 43864, 103019, 48963, 90753, 19405]"
116826,"[40764, 9201, 21149, 85619, 96832, 107563, 52481, 22952, 45786, 26007]"
116827,"[20692, 69886, 39495, 97753, 66762, 108831, 97456, 41606, 63029, 81264]"
116828,"[18622, 91100, 16258, 88617, 5474, 97397, 56125, 84157, 76362, 77274]"
116829,"[108371, 13732, 107488, 33243, 44609, 2966, 24346, 74721, 99198, 42160]"
116830,"[100671, 32639, 61366, 21977, 46772, 38590, 54874, 103067, 77551, 18179]"
116831,"[12991, 61503, 30538, 2039, 88282, 33811, 15006, 93932, 81587, 38461]"
116832,"[73468, 109234, 91099, 28981, 71470, 98823, 28143, 7435, 37715, 90943]"
116833,"[85170, 73083, 68421, 72613, 48260, 92663, 28429, 11830, 42729, 61049]"
116834,"[523, 86909, 19917, 29922, 58275, 85393, 24639, 20674, 38882, 17758]"
116835,"[90407, 96995, 89103, 68796, 40217, 86075, 51477, 38175, 42553, 95560]"
116836,"[26625, 75503, 78362, 50597, 3705, 64741, 88342, 32121, 103173, 103773]"
116837,"[107711, 22993, 59257, 7865, 31906, 4091, 421, 63330, 72787, 11462]"
116838,"[9224, 108173, 53919, 36930, 6676, 10172, 34332, 31295, 106754, 87742]"
116839,"[67027, 69487, 29469, 100091, 89138, 93506, 86889, 28036, 75544, 55497]"
116840,"[99898, 85874, 108509, 36035, 3759, 35543, 22439, 46689, 18703, 102777]"
116841,"[96871, 108355, 29117, 66848, 14865, 26047, 3559, 7166, 108922, 64949]"
116842,"[1049, 54660, 19570, 23270, 83938, 97498, 105988, 51387, 23506, 82540]"
116843,"[36742, 21264, 50214, 104864, 19125, 37513, 95702, 17075, 101530, 41880]"
116844,"[77621, 76666, 106729, 10521, 96681, 82904, 39053, 94343, 105831, 25249]"
116845,"[36568, 59902, 11877, 89120, 37079, 13805, 33704, 9201, 39661, 52872]"
116846,"[47738, 5618, 38238, 59880, 74319, 95355, 45087, 34215, 79367, 59927]"
116847,"[19286, 40302, 80693, 109245, 105872, 102029, 17467, 59125, 42987, 30851]"
116848,"[87867, 109727, 8527, 56879, 27708, 52150, 81439, 46549, 41683, 22323]"
116849,"[15011, 9259, 54873, 79395, 8438, 31825, 14060, 52354, 98428, 77325]"
116850,"[2826, 58684, 66176, 5750, 2411, 93566, 66561, 71838, 55404, 1006]"
116851,"[87572, 34718, 102526, 49679, 46407, 52081, 42199, 48631, 43407, 62238]"
116852,"[104540, 22291, 63277, 34849, 75264, 94119, 37441, 30755, 61261, 56386]"
116853,"[104665, 12672, 59272, 85911, 95433, 78956, 90147, 40766, 51244, 1446]"
116854,"[22031, 44132, 66470, 31662, 36582, 3126, 7752, 30785, 3510, 28088]"
116855,"[79167, 44230, 11985, 74231, 66711, 95145, 106197, 62211, 42549, 25588]"
116856,"[65365, 3860, 94866, 85541, 20005, 42643, 77459, 18350, 35979, 30436]"
116857,"[45561, 95444, 100142, 24650, 57682, 42454, 1430, 72181, 60351, 969]"
116858,"[49433, 20496, 69779, 9417, 3994, 93423, 70600, 69800, 52387, 71098]"
116859,"[85286, 8823, 27398, 73605, 95975, 96541, 21039, 107830, 58474, 14682]"
116860,"[22822, 76868, 96956, 91400, 36621, 56182, 59924, 37751, 13598, 28894]"
116861,"[95238, 7096, 53447, 68857, 75319, 50713, 92030, 41870, 6809, 27415]"
116862,"[6383, 42029, 105126, 37668, 2018, 72395, 88037, 80255, 52531, 36767]"
116863,"[63657, 63180, 66573, 6734, 15797, 15014, 71161, 98288, 104144, 107528]"
116864,"[74632, 101425, 28573, 96768, 26415, 95504, 62475, 45901, 26087, 30737]"
116865,"[94363, 69414, 67946, 107379, 106963, 55847, 78223, 22340, 38429, 101915]"
116866,"[103490, 33120, 80163, 2754, 49546, 12610, 18464, 6279, 52817, 804]"
116867,"[80959, 12801, 74232, 17027, 22591, 99367, 79607, 28570, 17038, 31959]"
116868,"[104980, 93739, 64522, 39682, 17251, 58882, 4240, 98309, 108407, 26631]"
116869,"[64440, 22468, 108769, 103613, 99647, 101490, 17740, 42141, 18528, 109]"
116870,"[69207, 52006, 100604, 281, 37706, 56068, 58436, 31290, 48151, 94419]"
116871,"[51150, 56157, 35239, 32767, 94185, 5191, 45893, 87312, 81412, 58607]"
116872,"[44248, 18575, 54980, 37980, 53734, 50213, 64734, 63992, 87951, 20000]"
116873,"[70308, 49694, 59242, 54798, 53329, 7008, 65582, 59200, 51820, 106462]"
116874,"[63209, 20295, 30624, 108588, 85655, 38585, 10028, 41621, 33406, 84773]"
116875,"[84936, 56281, 54850, 78095, 26789, 101310, 43147, 24043, 77158, 81619]"
116876,"[21133, 3561, 9790, 22032, 5538, 12486, 17163, 49417, 3935, 9940]"
116877,"[4332, 28354, 35784, 92220, 31462, 53914, 22901, 36015, 41739, 82319]"
116878,"[12338, 17868, 4042, 1376, 66182, 104006, 63936, 72182, 64263, 57684]"
116879,"[27300, 47885, 92205, 30694, 5406, 85748, 89016, 92930, 1988, 105708]"
116880,"[109717, 80153, 3941, 37533, 94460, 21679, 62011, 4409, 66836, 9047]"
116881,"[57734, 12341, 104239, 75906, 49011, 116, 63117, 52974, 17293, 53079]"
116882,"[1310, 87636, 65105, 89565, 41709, 103926, 109729, 14967, 47752, 70589]"
116883,"[46866, 53166, 44170, 75636, 72263, 82106, 42050, 23876, 61572, 12825]"
116884,"[98464, 98094, 100502, 69417, 6407, 25776, 77653, 67486, 106710, 7881]"
116885,"[108272, 36456, 90163, 95307, 49607, 84550, 36045, 24188, 19891, 65797]"
116886,"[63873, 56933, 98193, 50475, 65710, 15080, 62984, 102455, 56306, 27252]"
116887,"[74080, 48894, 7840, 11891, 68278, 33589, 27190, 41860, 24619, 78964]"
116888,"[6955, 92462, 17979, 108312, 8442, 19002, 82954, 98905, 103773, 69172]"
116889,"[89539, 452, 54119, 100645, 7363, 4769, 64257, 7068, 81854, 2175]"
116890,"[90473, 9364, 2980, 33718, 58532, 84413, 49557, 8112, 76097, 64970]"
116891,"[70987, 96765, 83836, 4243, 93328, 10162, 98650, 61984, 1696, 55211]"
116892,"[68425, 81621, 96581, 15560, 52799, 109124, 50981, 73989, 98641, 27967]"
116893,"[47638, 102953, 21639, 69937, 83622, 37805, 42979, 16942, 8493, 59284]"
116894,"[107325, 92738, 75909, 86168, 4859, 3657, 36710, 94081, 66081, 43982]"
116895,"[66489, 9944, 33618, 81695, 73020, 28382, 68764, 69003, 44931, 55879]"
116896,"[78740, 10232, 78480, 4469, 95619, 59035, 11684, 17209, 62390, 39883]"
116897,"[27457, 91586, 53451, 12127, 29788, 89013, 87934, 75038, 21670, 51819]"
116898,"[42098, 56642, 91141, 32672, 22960, 25083, 78999, 27557, 21063, 18688]"
116899,"[96487, 84807, 36721, 74195, 34362, 103431, 9567, 63012, 42463, 18042]"
116900,"[104829, 105690, 77989, 82784, 19200, 33671, 81686, 79117, 68182, 16479]"
116901,"[98685, 89068, 30766, 60924, 80060, 77091, 57830, 82400, 56567, 31879]"
116902,"[94080, 98258, 7854, 105506, 91018, 34189, 72706, 13827, 52637, 108780]"
116903,"[90744, 66843, 41882, 8951, 29355, 48664, 94074, 99812, 25108, 40494]"
116904,"[6574, 49339, 27520, 25448, 95306, 65723, 7609, 78681, 73864, 106349]"
116905,"[82151, 51808, 47402, 48438, 66803, 80095, 54034, 56721, 63717, 95550]"
116906,"[82549, 73999, 62304, 16544, 3550, 36751, 95587, 21680, 86138, 104436]"
116907,"[59216, 91283, 75062, 46423, 65946, 16998, 27143, 60783, 43826, 28175]"
116908,"[19389, 74675, 47087, 43760, 59090, 51818, 26285, 53541, 108391, 102713]"
116909,"[33331, 39813, 47502, 65136, 92013, 79036, 23969, 55313, 5362, 96368]"
116910,"[48535, 56583, 11100, 67169, 18157, 57579, 41007, 105392, 85113, 54815]"
116911,"[88725, 52910, 84480, 11551, 84655, 73721, 88784, 81071, 79775, 84043]"
116912,"[8305, 88059, 46418, 83126, 55369, 74047, 58016, 13941, 75552, 91071]"
116913,"[101159, 21029, 26516, 17983, 44069, 97809, 82397, 105309, 94907, 9517]"
116914,"[18625, 80268, 57990, 15297, 32972, 22090, 46619, 82652, 57171, 83114]"
116915,"[52051, 15738, 15975, 16206, 90385, 103452, 56220, 41434, 88345, 54097]"
116916,"[49344, 74217, 72986, 109245, 62603, 68397, 88452, 99098, 106603, 80693]"
116917,"[58883, 23163, 24930, 37212, 30386, 63003, 1186, 88440, 72859, 86332]"
116918,"[78193, 30654, 87747, 36590, 76080, 65176, 63097, 46482, 99119, 70010]"
116919,"[67282, 46300, 87346, 18404, 12296, 40371, 28057, 91045, 30861, 58292]"
116920,"[52196, 96794, 3776, 53946, 7982, 47352, 84314, 52372, 77421, 83558]"
116921,"[69776, 80559, 73086, 97932, 86723, 20556, 24787, 20086, 53964, 17890]"
116922,"[68702, 45786, 82059, 35022, 45416, 75016, 89481, 68299, 43828, 21149]"
116923,"[15985, 54162, 22208, 7793, 84629, 47136, 96347, 106961, 1804, 33995]"
116924,"[48114, 19883, 25110, 36714, 55426, 68761, 33358, 99222, 16720, 5050]"
116925,"[3827, 43814, 21243, 9461, 33380, 105087, 94540, 79035, 40483, 33297]"
116926,"[13457, 66484, 104411, 87190, 103770, 89872, 35155, 106243, 43989, 46509]"
116927,"[79099, 36559, 105662, 44581, 98562, 106347, 6589, 48570, 65718, 64778]"
116928,"[2376, 68005, 66455, 54807, 40258, 79828, 9221, 92212, 27940, 24864]"
116929,"[94675, 31363, 8545, 21115, 108863, 28677, 39494, 97468, 39861, 87801]"
116930,"[30751, 11731, 2441, 29103, 82253, 43504, 21627, 96720, 90623, 109206]"
116931,"[34931, 76333, 90981, 88977, 76056, 45853, 44727, 76287, 66486, 78165]"
116932,"[52755, 85494, 83935, 89833, 17463, 442, 102885, 40601, 60012, 29199]"
116933,"[66612, 71165, 106438, 19493, 24265, 105520, 48588, 107884, 13520, 68200]"
116934,"[75158, 54688, 74837, 74494, 51957, 842, 46416, 43957, 45881, 21186]"
116935,"[21469, 63547, 84949, 62140, 69719, 92667, 79183, 7179, 40082, 79202]"
116936,"[72540, 86292, 45170, 14046, 55588, 28221, 1732, 58371, 86885, 61997]"
116937,"[96244, 24520, 44041, 83279, 59787, 22373, 47878, 96355, 9369, 11744]"
116938,"[37436, 53442, 24299, 58380, 20617, 37328, 17378, 78916, 99802, 95918]"
116939,"[40355, 71726, 65715, 81780, 22607, 78686, 7597, 101066, 104832, 72878]"
116940,"[23305, 1752, 8324, 60861, 8142, 93768, 67083, 100430, 100101, 19958]"
116941,"[30379, 97935, 100128, 64639, 105981, 94258, 27682, 27380, 76769, 49479]"
116942,"[35472, 68953, 64257, 22023, 70262, 69366, 20151, 101808, 91536, 98662]"
116943,"[36856, 5293, 10765, 54826, 59585, 91972, 75034, 35357, 39077, 68165]"
116944,"[103815, 97797, 37835, 85604, 102931, 90249, 97538, 51049, 89893, 69175]"
116945,"[14688, 67824, 53975, 21129, 25043, 28753, 6835, 88415, 108290, 85752]"
116946,"[31930, 76783, 94846, 31220, 62309, 85297, 49527, 20500, 7495, 79262]"
116947,"[5447, 90354, 92835, 31318, 2297, 79496, 38735, 88267, 86535, 67407]"
116948,"[91454, 7213, 15922, 81640, 61304, 104601, 54738, 65647, 71565, 1114]"
116949,"[1708, 24171, 32530, 95091, 3777, 4657, 40621, 97106, 3350, 94698]"
116950,"[404, 53569, 55383, 47621, 105480, 8747, 11153, 39174, 99144, 2906]"
116951,"[47550, 102110, 83270, 21123, 106672, 59196, 30111, 67194, 52290, 79091]"
116952,"[14235, 58192, 30977, 68163, 87964, 49090, 35717, 106927, 7206, 52158]"
116953,"[90176, 84662, 56877, 94312, 40223, 57406, 11253, 38460, 15687, 106300]"
116954,"[97097, 81917, 79060, 47135, 58374, 63797, 77031, 52381, 84631, 68755]"
116955,"[82870, 51480, 49171, 69337, 71084, 27217, 832, 94739, 35651, 31123]"
116956,"[34645, 88797, 47536, 54992, 15542, 52521, 29781, 89072, 6382, 69690]"
116957,"[84700, 24770, 38532, 71295, 39773, 79608, 88759, 91677, 76857, 99468]"
116958,"[11707, 83089, 107948, 46983, 58483, 66654, 67138, 108688, 96154, 92498]"
116959,"[10605, 87493, 74234, 93449, 97113, 12838, 93728, 96046, 1448, 71448]"
116960,"[29378, 9911, 55415, 67919, 90589, 74093, 61574, 90692, 49580, 35722]"
116961,"[73233, 53728, 30144, 24108, 70949, 108689, 76549, 33947, 68532, 65563]"
116962,"[17956, 82030, 103700, 49690, 65430, 95568, 36973, 71543, 36519, 15302]"
116963,"[38424, 66880, 54409, 87682, 56750, 72127, 61319, 61282, 59175, 17136]"
116964,"[22622, 37168, 75912, 19533, 51493, 48678, 27448, 26528, 105563, 51172]"
116965,"[69352, 98560, 34581, 52344, 64753, 37263, 36067, 85294, 33600, 3858]"
116966,"[91771, 30671, 66298, 54717, 39445, 83019, 52138, 60135, 10362, 87417]"
116967,"[63657, 6734, 45260, 4516, 15014, 35560, 19716, 52122, 48081, 107528]"
116968,"[88116, 32245, 74943, 13849, 6463, 63647, 23455, 91550, 36357, 87813]"
116969,"[79657, 33504, 9258, 56765, 76877, 40300, 100750, 33550, 62324, 28516]"
116970,"[83352, 9199, 36328, 84536, 15632, 5579, 52878, 106822, 87584, 64360]"
116971,"[39146, 41312, 97564, 37971, 94354, 61831, 40703, 57009, 16861, 36352]"
116972,"[100369, 2695, 31595, 77349, 63359, 33191, 55584, 102213, 55021, 36323]"
116973,"[93158, 100666, 89970, 68541, 87065, 72090, 103441, 69799, 17475, 32174]"
116974,"[87219, 97020, 14090, 21315, 91743, 103220, 71996, 70261, 4369, 26768]"
116975,"[104822, 106756, 106223, 54951, 74065, 56588, 105391, 23916, 63741, 103527]"
116976,"[71981, 54157, 104199, 84097, 74149, 99118, 37082, 82541, 79574, 59993]"
116977,"[21358, 57491, 28963, 94361, 26609, 1353, 46093, 85733, 23653, 58948]"
116978,"[72370, 49972, 97707, 85836, 51585, 4873, 73451, 78993, 68652, 18062]"
116979,"[23975, 75987, 36894, 87899, 39461, 49188, 60782, 86513, 8421, 13891]"
116980,"[55823, 56668, 38618, 108041, 14148, 82191, 7770, 71260, 22241, 68092]"
116981,"[13112, 63404, 16826, 64320, 108945, 17900, 66523, 51872, 74934, 105802]"
116982,"[66769, 46734, 77279, 29702, 19050, 58805, 96912, 44464, 7176, 16986]"
116983,"[27358, 178, 98134, 82686, 74929, 59103, 47644, 40763, 88924, 78853]"
116984,"[87112, 53276, 58365, 102452, 81442, 43992, 35952, 57686, 18955, 31247]"
116985,"[58422, 101899, 60257, 20804, 35623, 69041, 51344, 100614, 74866, 77441]"
116986,"[22476, 34039, 37414, 5995, 85406, 62643, 101631, 94027, 87980, 87824]"
116987,"[73312, 12050, 22549, 7485, 65666, 26466, 11170, 36380, 34527, 80194]"
116988,"[37129, 93292, 42887, 106274, 20810, 104795, 58191, 76579, 29025, 50841]"
116989,"[74197, 48232, 39206, 54894, 51340, 81237, 26576, 55719, 66102, 75336]"
116990,"[97764, 106163, 56027, 64441, 56680, 19844, 108480, 96914, 4168, 63790]"
116991,"[97892, 67278, 72135, 51057, 92641, 203, 81818, 27610, 2122, 72016]"
116992,"[284, 62291, 27356, 60050, 96268, 87499, 30196, 80137, 16406, 27904]"
116993,"[8201, 67707, 96789, 69457, 11191, 16973, 98785, 14589, 48906, 59870]"
116994,"[45212, 106575, 53100, 13542, 78704, 45045, 2152, 85769, 8087, 16883]"
116995,"[109041, 24442, 48020, 103979, 2788, 47318, 53394, 18616, 90322, 17458]"
116996,"[42607, 108402, 2235, 21387, 94862, 9250, 26328, 19720, 10828, 65703]"
116997,"[62372, 1077, 97529, 79434, 1420, 85144, 95063, 62785, 30812, 30244]"
116998,"[18676, 55687, 106073, 81966, 42315, 103279, 108312, 98905, 104762, 103773]"
116999,"[28772, 90829, 10958, 30374, 82991, 100644, 84306, 91512, 88311, 94531]"
117000,"[49613, 5740, 8034, 101125, 10323, 46408, 61224, 17130, 74884, 93387]"
117001,"[68202, 66786, 8094, 54387, 105254, 42578, 18414, 8724, 106544, 29665]"
117002,"[57547, 54376, 9581, 2318, 73063, 40785, 88585, 87375, 22411, 16597]"
117003,"[58165, 58507, 24733, 5890, 37435, 35297, 22447, 38259, 91062, 91665]"
117004,"[8776, 74243, 76772, 92720, 105317, 66658, 50177, 46120, 75795, 82171]"
117005,"[61983, 2159, 88676, 34600, 89584, 101876, 78874, 42727, 273, 84912]"
117006,"[54341, 36449, 77837, 22320, 29338, 94695, 1330, 59268, 41366, 47673]"
117007,"[46816, 56379, 14395, 8983, 20586, 45016, 15404, 102455, 20214, 59093]"
117008,"[10856, 43846, 69591, 30654, 104424, 42989, 102927, 60189, 34685, 1395]"
117009,"[7981, 41768, 31191, 21400, 74185, 46549, 41231, 75992, 98816, 37145]"
117010,"[78475, 51305, 85653, 103796, 65901, 94399, 109597, 10493, 43770, 12909]"
117011,"[29168, 101539, 94029, 57357, 6794, 44645, 61710, 96405, 66888, 58903]"
117012,"[32241, 73058, 72093, 62815, 76588, 103553, 53960, 81843, 97441, 75654]"
117013,"[5783, 47711, 63788, 11970, 29943, 10984, 55248, 85329, 87685, 22941]"
117014,"[5856, 43269, 30528, 28513, 45540, 57224, 87364, 81937, 9311, 49513]"
117015,"[60243, 2958, 71208, 78944, 2539, 18170, 28773, 42103, 21047, 9847]"
117016,"[101456, 106970, 12747, 21954, 24394, 34172, 106127, 89934, 41392, 35965]"
117017,"[58689, 16632, 108635, 46006, 6206, 16968, 20811, 89452, 78532, 42855]"
117018,"[37420, 55523, 70525, 96831, 47410, 42576, 99056, 4039, 14519, 32298]"
117019,"[80569, 41459, 69720, 20563, 93884, 78122, 71410, 17698, 51497, 77662]"
117020,"[77301, 57936, 33663, 46828, 14322, 96702, 36620, 87430, 90509, 64070]"
117021,"[52893, 69224, 58756, 12301, 8607, 18945, 69691, 50294, 44941, 105556]"
117022,"[47748, 53812, 38602, 56284, 58681, 33132, 74278, 103081, 66581, 77971]"
117023,"[9199, 84536, 86431, 36328, 61441, 52878, 106822, 83352, 5579, 106452]"
117024,"[67222, 76756, 9918, 38080, 87168, 2526, 97421, 49616, 46506, 103728]"
117025,"[94591, 19693, 74672, 107687, 55262, 22883, 77339, 99168, 33292, 51549]"
117026,"[44932, 50663, 61101, 82226, 51520, 7733, 24433, 49893, 23061, 14222]"
117027,"[46732, 80927, 21354, 29966, 2001, 52814, 102607, 94106, 69845, 13629]"
117028,"[82731, 94971, 42212, 64189, 33186, 97578, 33922, 74496, 6934, 100653]"
117029,"[77006, 92006, 13662, 47556, 9820, 107913, 25467, 5777, 45336, 37505]"
117030,"[29390, 30326, 36178, 15532, 66399, 85861, 89243, 33090, 49414, 63297]"
117031,"[84581, 95531, 103987, 45366, 59809, 107579, 38158, 50366, 43, 20636]"
117032,"[72100, 52364, 26771, 60043, 73655, 9330, 109425, 79500, 49905, 15652]"
117033,"[47090, 107917, 6784, 77553, 28209, 83123, 58745, 109346, 23839, 48707]"
117034,"[29912, 9814, 15547, 38845, 23370, 286, 85791, 37544, 67672, 22050]"
117035,"[9933, 99292, 28290, 101787, 5941, 78911, 22801, 96891, 62093, 57900]"
117036,"[13059, 57026, 60155, 75509, 15960, 25297, 66989, 51118, 79610, 12330]"
117037,"[87097, 44461, 31121, 4887, 42604, 48971, 10148, 7229, 3934, 75271]"
117038,"[68898, 22451, 75174, 54000, 109555, 47661, 80613, 10214, 5001, 7512]"
117039,"[21679, 80153, 3941, 37533, 94460, 109717, 62011, 44313, 4409, 105558]"
117040,"[24631, 81331, 14601, 86226, 27806, 40553, 62700, 63783, 27080, 41000]"
117041,"[52016, 27069, 34295, 84112, 27384, 37679, 11389, 62067, 94780, 93812]"
117042,"[48562, 51461, 81327, 70027, 39076, 38179, 42600, 96747, 3116, 107633]"
117043,"[50833, 34422, 30599, 16745, 28441, 57570, 10423, 90120, 32209, 2671]"
117044,"[49843, 16265, 3506, 15168, 18675, 74802, 19153, 99807, 39452, 8994]"
117045,"[5538, 9790, 22032, 12486, 21133, 3561, 17163, 18194, 9940, 81189]"
117046,"[5962, 42852, 102236, 107665, 109487, 5956, 15691, 107429, 24959, 6535]"
117047,"[1995, 37468, 56319, 70018, 32403, 99448, 100334, 31058, 12450, 14557]"
117048,"[45878, 85743, 27977, 57243, 55939, 30422, 36972, 58780, 67547, 18144]"
117049,"[41970, 66944, 107538, 43388, 76841, 43146, 71262, 29230, 103223, 71496]"
117050,"[85501, 80146, 61351, 102559, 82074, 52019, 73062, 55377, 9708, 61606]"
117051,"[71179, 16658, 88008, 54380, 12284, 14856, 33971, 43441, 65049, 31308]"
117052,"[83643, 39939, 71291, 77947, 67251, 18575, 93541, 97657, 88770, 24096]"
117053,"[109267, 47228, 85337, 53590, 73722, 18277, 56172, 169, 91151, 8544]"
117054,"[88653, 17161, 50058, 75645, 92088, 16124, 95079, 66633, 97371, 27517]"
117055,"[51459, 40191, 54406, 97211, 86207, 28867, 2285, 28546, 13056, 39663]"
117056,"[93717, 18034, 15885, 7187, 3697, 74656, 4718, 75305, 50211, 14220]"
117057,"[75044, 71577, 104454, 101625, 54950, 67675, 51183, 38767, 27943, 67319]"
117058,"[65191, 80173, 30042, 34629, 15130, 16473, 30463, 45105, 99000, 56488]"
117059,"[40700, 64389, 87863, 64086, 76934, 18032, 11366, 50340, 77200, 31642]"
117060,"[61909, 83844, 87411, 40970, 109229, 28293, 30417, 52754, 13461, 63737]"
117061,"[8059, 101316, 27240, 80701, 78375, 21604, 101521, 6867, 49361, 55622]"
117062,"[37241, 105068, 44589, 43104, 60211, 82162, 99051, 59147, 31672, 75186]"
117063,"[83993, 108563, 72759, 5572, 58491, 3318, 39793, 26627, 24372, 42104]"
117064,"[27370, 37974, 107762, 78391, 7745, 90812, 107993, 75434, 27278, 38558]"
117065,"[100179, 92202, 37575, 27364, 12882, 96404, 2008, 11451, 11291, 56925]"
117066,"[9429, 62989, 2476, 95920, 104809, 37103, 108518, 32349, 10398, 107406]"
117067,"[106885, 17694, 94284, 6418, 70874, 72553, 38916, 94432, 60201, 104457]"
117068,"[66231, 75850, 70201, 31865, 10903, 16976, 61636, 44562, 77428, 27983]"
117069,"[60096, 70177, 20870, 49048, 108352, 98935, 108643, 4378, 5302, 79356]"
117070,"[70343, 95150, 25083, 67606, 56855, 725, 28312, 56422, 46906, 29098]"
117071,"[15987, 103632, 91350, 41911, 36802, 29593, 93528, 2243, 26337, 107087]"
117072,"[56532, 89966, 78533, 47056, 33300, 21295, 14914, 58669, 49464, 51224]"
117073,"[48840, 99129, 59383, 4346, 39205, 16970, 101977, 102403, 76902, 80156]"
117074,"[64247, 95170, 59930, 59738, 84012, 108527, 75568, 24016, 80083, 54816]"
117075,"[11997, 26480, 96045, 15131, 10323, 3277, 96110, 101125, 14935, 74087]"
117076,"[23679, 28929, 98058, 44862, 81308, 22147, 34097, 32932, 101011, 38280]"
117077,"[29997, 71966, 66916, 3953, 84727, 38963, 85352, 84320, 36596, 75477]"
117078,"[2300, 23078, 24903, 34166, 59804, 71477, 75859, 72484, 52828, 39344]"
117079,"[22346, 52487, 106320, 74031, 16182, 27795, 34911, 81356, 19133, 58005]"
117080,"[37848, 4766, 38787, 86671, 7429, 31413, 85722, 85093, 103869, 97615]"
117081,"[96112, 33779, 87469, 35401, 54282, 56964, 56907, 46271, 54023, 86923]"
117082,"[58302, 53664, 17322, 79883, 90026, 10831, 93526, 14856, 64680, 87121]"
117083,"[21864, 105891, 51789, 33303, 81445, 57728, 1146, 105102, 9302, 78270]"
117084,"[66997, 56359, 31125, 16427, 52276, 45070, 35485, 76254, 40701, 83185]"
117085,"[72086, 11030, 84950, 23330, 59420, 93730, 21463, 75013, 89508, 105324]"
117086,"[28261, 8674, 25319, 58520, 46367, 79086, 40883, 5316, 66312, 104601]"
117087,"[65880, 77255, 4741, 34034, 97401, 29287, 93500, 71996, 34606, 24451]"
117088,"[15310, 3133, 64334, 67827, 50896, 39392, 38472, 77839, 86700, 76327]"
117089,"[60138, 83116, 106426, 89817, 64650, 62633, 38745, 86097, 31517, 7053]"
117090,"[41954, 15299, 89604, 65648, 22840, 91394, 61446, 78957, 359, 83183]"
117091,"[62842, 77487, 96869, 32082, 100053, 102906, 2962, 9482, 62403, 43756]"
117092,"[94722, 80346, 86111, 91108, 84580, 92660, 62051, 10820, 33639, 103023]"
117093,"[64294, 67462, 7428, 13847, 64027, 88966, 104165, 91760, 33469, 38038]"
117094,"[52012, 42808, 34760, 34768, 24880, 6178, 84919, 66280, 50762, 777]"
117095,"[13001, 67887, 58839, 60704, 32927, 67174, 39314, 95875, 89459, 49532]"
117096,"[48600, 69333, 42390, 50952, 3698, 5811, 52553, 36553, 29371, 41220]"
117097,"[69781, 109221, 64174, 66594, 52560, 4702, 49215, 100002, 55142, 65631]"
117098,"[94978, 79836, 21928, 77994, 59220, 65634, 93354, 94478, 2125, 3030]"
117099,"[90734, 30279, 87973, 79403, 61758, 70336, 30674, 21493, 83655, 37210]"
117100,"[91116, 92088, 42280, 24059, 98449, 17128, 93578, 25321, 32353, 66633]"
117101,"[34591, 56726, 22326, 93195, 93741, 5905, 45235, 2104, 72612, 19492]"
117102,"[77072, 2501, 17222, 104156, 63509, 59397, 103381, 63034, 103542, 12673]"
117103,"[45010, 46686, 61511, 30043, 89282, 7712, 57689, 97762, 75869, 54344]"
117104,"[87072, 3922, 73220, 53348, 9405, 96127, 98601, 102791, 82045, 59473]"
117105,"[2477, 19871, 79735, 83337, 37686, 67964, 103418, 46048, 33008, 33568]"
117106,"[100911, 94588, 76438, 68645, 59447, 72902, 6213, 83727, 36398, 106655]"
117107,"[7285, 30641, 75515, 66674, 2251, 103589, 45878, 49363, 27977, 85743]"
117108,"[60220, 101069, 39387, 53974, 84325, 62927, 109262, 98222, 100125, 22835]"
117109,"[75545, 33087, 62470, 4990, 81563, 63338, 90522, 9606, 71535, 12736]"
117110,"[23660, 102920, 64460, 65384, 46524, 36230, 69225, 73294, 49703, 50721]"
117111,"[22457, 84291, 52850, 109162, 24201, 18043, 19842, 24760, 75083, 32497]"
117112,"[76244, 82514, 92356, 14102, 75327, 15965, 101533, 104670, 71971, 48922]"
117113,"[55653, 50383, 74597, 78447, 25455, 105002, 425, 70498, 98841, 40761]"
117114,"[108132, 93502, 55250, 68025, 4357, 48829, 94481, 43073, 79614, 83206]"
117115,"[100939, 8715, 50601, 100070, 101295, 89901, 7409, 57749, 33968, 101019]"
117116,"[12329, 35492, 20416, 69375, 21475, 20392, 92174, 29573, 90457, 75103]"
117117,"[71314, 95884, 5874, 28933, 76867, 68815, 74823, 100781, 13583, 81591]"
117118,"[84113, 101802, 74377, 37816, 61388, 104486, 62648, 44649, 9105, 43759]"
117119,"[83115, 45849, 104095, 64750, 34967, 20991, 11226, 34217, 2082, 69315]"
117120,"[11836, 102320, 87094, 35329, 98534, 30637, 73686, 108148, 38062, 10276]"
117121,"[74392, 86977, 22824, 8908, 52718, 5459, 104527, 73262, 44193, 83314]"
117122,"[16791, 52489, 20896, 80225, 18429, 108105, 67900, 1462, 11553, 105917]"
117123,"[21292, 88356, 6817, 13701, 74554, 17411, 57822, 40432, 83074, 40016]"
117124,"[24835, 37794, 95633, 54130, 103507, 90761, 42425, 44601, 9481, 59992]"
117125,"[1369, 2845, 29151, 57347, 35894, 28645, 75145, 44745, 18047, 19613]"
117126,"[4368, 21100, 15469, 9899, 47923, 72503, 83332, 5349, 21610, 53850]"
117127,"[21561, 91095, 46082, 40976, 38386, 29711, 27842, 83315, 93546, 95577]"
117128,"[98257, 7903, 78502, 81581, 95114, 93555, 21923, 71492, 11977, 32017]"
117129,"[22624, 83961, 16021, 45930, 87554, 57133, 62962, 99850, 39776, 84042]"
117130,"[25755, 52399, 94834, 62954, 105473, 36101, 1018, 6266, 102303, 84724]"
117131,"[103492, 53112, 107066, 82499, 4211, 65674, 26330, 9118, 99180, 94963]"
117132,"[49753, 86374, 59639, 18902, 85692, 65479, 99002, 34014, 83962, 49780]"
117133,"[72828, 19560, 99610, 7994, 16006, 100916, 50185, 97300, 56941, 47026]"
117134,"[88873, 50219, 109114, 10999, 46216, 83443, 68769, 30726, 46430, 34643]"
117135,"[58656, 30072, 105375, 3490, 48609, 30115, 17082, 107934, 79431, 41343]"
117136,"[64912, 20154, 25724, 22913, 30453, 76299, 4614, 23752, 63438, 32332]"
117137,"[95216, 106198, 70146, 58349, 19587, 22126, 43288, 82792, 68153, 37055]"
117138,"[95209, 99189, 87465, 19090, 107027, 69535, 87789, 103573, 67984, 99252]"
117139,"[75, 94819, 63937, 44738, 27410, 82135, 97740, 106551, 15392, 28606]"
117140,"[89637, 18372, 11773, 21045, 98088, 36099, 15904, 49631, 54745, 17880]"
117141,"[38807, 106397, 67988, 8726, 61668, 69443, 88683, 9574, 16254, 69321]"
117142,"[3532, 47298, 23391, 63778, 68238, 51967, 58600, 18549, 14371, 45533]"
117143,"[71694, 68653, 95789, 916, 67357, 2581, 78154, 95953, 35419, 65913]"
117144,"[63460, 90303, 72091, 25457, 25212, 69005, 61396, 106728, 59606, 61121]"
117145,"[38694, 41734, 21278, 80128, 35571, 82616, 25725, 89977, 17820, 42881]"
117146,"[90196, 23154, 46166, 68599, 63438, 100455, 85076, 76299, 72201, 29978]"
117147,"[64629, 58044, 55310, 5484, 84768, 109033, 6191, 41507, 83146, 77632]"
117148,"[85055, 37486, 84756, 107107, 61673, 65635, 83700, 75061, 67899, 89682]"
117149,"[15827, 48804, 44499, 3777, 97106, 38708, 10111, 107093, 49329, 7797]"
117150,"[631, 74499, 92856, 92876, 8775, 92684, 96972, 31276, 21588, 94081]"
117151,"[18058, 41657, 22535, 84052, 97748, 77013, 89080, 5203, 27198, 17148]"
117152,"[49278, 30145, 42970, 16297, 50042, 44386, 103726, 36157, 17302, 85065]"
117153,"[93426, 6147, 43072, 31132, 67466, 45798, 4534, 39360, 18411, 83601]"
117154,"[86827, 85723, 58548, 44866, 8893, 55831, 13915, 77188, 35150, 66914]"
117155,"[7797, 63161, 58227, 87197, 95826, 71044, 44359, 14727, 79702, 51241]"
117156,"[66374, 6992, 26731, 59636, 53283, 77520, 28234, 29906, 95127, 56747]"
117157,"[18987, 39706, 107543, 11105, 107648, 797, 65529, 42616, 83244, 80589]"
117158,"[33868, 23739, 91558, 79535, 94516, 43899, 85940, 74483, 5822, 4687]"
117159,"[93517, 86461, 48510, 54063, 57408, 31077, 73168, 66223, 5526, 25465]"
117160,"[30476, 43477, 87282, 65066, 9777, 18345, 85580, 4405, 55606, 64386]"
117161,"[7995, 44485, 81978, 24129, 76706, 58819, 96880, 98538, 12195, 100834]"
117162,"[7144, 59667, 74087, 46408, 32577, 10323, 61224, 22815, 15131, 101125]"
117163,"[96699, 34253, 2123, 10970, 86552, 90597, 88317, 82873, 15567, 32909]"
117164,"[71608, 41560, 82699, 8065, 103393, 48889, 24161, 50721, 72713, 105626]"
117165,"[7296, 74686, 24943, 80046, 87003, 44481, 70175, 99319, 943, 80064]"
117166,"[79297, 5288, 100047, 10558, 87946, 86989, 49391, 91596, 61424, 49665]"
117167,"[57385, 7057, 21083, 4921, 72888, 32828, 75957, 69110, 92407, 11951]"
117168,"[41335, 37432, 59029, 84854, 37101, 1271, 66375, 53817, 92896, 102556]"
117169,"[97088, 66152, 59239, 52783, 47938, 49522, 75243, 19478, 44541, 81551]"
117170,"[62701, 62207, 52572, 109511, 9194, 17886, 31261, 72318, 55425, 78164]"
117171,"[109739, 79203, 12467, 88114, 27645, 72466, 86722, 16125, 3976, 108852]"
117172,"[62158, 48025, 88203, 24398, 16551, 45481, 44681, 83563, 58698, 83951]"
117173,"[93194, 15817, 13214, 52906, 97102, 27272, 80562, 16780, 55519, 62738]"
117174,"[51638, 101503, 79582, 53368, 23366, 70896, 51942, 46330, 74334, 102271]"
117175,"[32140, 67303, 49561, 32053, 9217, 20749, 23090, 79683, 16679, 12998]"
117176,"[42955, 12913, 63730, 9953, 22954, 95164, 89461, 4455, 46257, 13568]"
117177,"[85697, 68228, 31183, 10753, 104498, 2886, 101564, 68892, 7947, 80906]"
117178,"[41993, 37076, 35783, 1221, 66755, 85199, 50156, 23815, 82883, 70129]"
117179,"[12038, 95558, 76053, 92885, 92784, 71986, 55326, 77199, 22524, 107997]"
117180,"[107470, 84660, 43375, 3034, 61094, 19588, 6141, 1812, 89603, 102154]"
117181,"[56606, 65666, 7485, 37294, 12050, 73312, 22549, 34553, 16196, 47256]"
117182,"[44655, 53258, 28279, 3377, 63382, 62680, 95052, 14008, 14741, 100929]"
117183,"[90511, 98495, 14087, 5667, 9469, 14868, 83112, 39498, 93228, 21705]"
117184,"[33410, 85817, 101805, 96690, 72433, 40075, 19287, 64106, 44880, 102960]"
117185,"[39, 41556, 39503, 107643, 75844, 50870, 44904, 80411, 55977, 39921]"
117186,"[57651, 76847, 43510, 45730, 70326, 78763, 53739, 21982, 87714, 25970]"
117187,"[1042, 76062, 84144, 62982, 48843, 48273, 49997, 10554, 42637, 26339]"
117188,"[68453, 29601, 80964, 768, 6854, 99315, 106273, 91673, 83196, 74848]"
117189,"[33596, 29670, 78713, 91188, 8140, 33802, 63474, 16509, 11570, 30264]"
117190,"[106531, 100318, 64544, 14033, 57699, 48087, 32549, 59877, 56469, 63756]"
117191,"[9932, 108158, 5558, 43176, 81185, 64760, 79786, 63886, 56831, 93821]"
117192,"[30261, 419, 9584, 50363, 22428, 6373, 52774, 40049, 32859, 2327]"
117193,"[9802, 72908, 7458, 80392, 64258, 8979, 22129, 9545, 2646, 20333]"
117194,"[80788, 19651, 82416, 80069, 100439, 62720, 10890, 47851, 44535, 17476]"
117195,"[19198, 40125, 27369, 12141, 69867, 101728, 99151, 36408, 102043, 73382]"
117196,"[101110, 35496, 87863, 48928, 93141, 91898, 91083, 14671, 40700, 72200]"
117197,"[62734, 76106, 20918, 31418, 40886, 38322, 83408, 95429, 27589, 48091]"
117198,"[5129, 9749, 19778, 7475, 87496, 93024, 15193, 38965, 53040, 77182]"
117199,"[32680, 107104, 106363, 58992, 69696, 108429, 108772, 107965, 78683, 52415]"
117200,"[48066, 18602, 88944, 30898, 33970, 35642, 26312, 82092, 40572, 52347]"
117201,"[62857, 77319, 52949, 31060, 3158, 98701, 27386, 89538, 47118, 62227]"
117202,"[93655, 25630, 39716, 89074, 17248, 23119, 73872, 64158, 55457, 67684]"
117203,"[99798, 61496, 59996, 101127, 92416, 4750, 47082, 95673, 40977, 40365]"
117204,"[85071, 11498, 89967, 4465, 11726, 78496, 74343, 92038, 108739, 100257]"
117205,"[109114, 46216, 50219, 2912, 34643, 68476, 10999, 83443, 88873, 30726]"
117206,"[22413, 109597, 105024, 35436, 17404, 13504, 107740, 80188, 79005, 93814]"
117207,"[80333, 90849, 54659, 67218, 51746, 62209, 38545, 101797, 61727, 8146]"
117208,"[89662, 45919, 88681, 78294, 4899, 49137, 97278, 86122, 96986, 69305]"
117209,"[79431, 42183, 8177, 24559, 89454, 83248, 106693, 58656, 64074, 59556]"
117210,"[72826, 90894, 72764, 7812, 18512, 48898, 37000, 36747, 12745, 34964]"
117211,"[106555, 99463, 41351, 31164, 97735, 73509, 95371, 59578, 33560, 103593]"
117212,"[3536, 67475, 20126, 85322, 13134, 81603, 4636, 67853, 31147, 99918]"
117213,"[19027, 70346, 7426, 46193, 18467, 39844, 78493, 103704, 75966, 88957]"
117214,"[3573, 87573, 77802, 76496, 14697, 51721, 64165, 97135, 968, 27675]"
117215,"[32960, 64455, 4134, 699, 59696, 102888, 21374, 108171, 37310, 79242]"
117216,"[61882, 51060, 28367, 57221, 23664, 61457, 98314, 43512, 27734, 34680]"
117217,"[35944, 91269, 48136, 7257, 11604, 2386, 42992, 72990, 18519, 60719]"
117218,"[3083, 12881, 84929, 76061, 38641, 84063, 94544, 73363, 96031, 107935]"
117219,"[67486, 6599, 4531, 74295, 81801, 32270, 95854, 55010, 80565, 90137]"
117220,"[70809, 80538, 84110, 18498, 109651, 49034, 40776, 67239, 27748, 104057]"
117221,"[27269, 35185, 67025, 47139, 34744, 3943, 70404, 289, 55933, 39742]"
117222,"[73381, 38376, 26361, 74764, 57582, 22134, 54603, 53068, 44005, 93398]"
117223,"[24166, 20223, 57790, 92948, 965, 94650, 83308, 29691, 35258, 52829]"
117224,"[67326, 89664, 99914, 3077, 80277, 98582, 98663, 30574, 39966, 106310]"
117225,"[40722, 13375, 38314, 82420, 29359, 17144, 54085, 62751, 78525, 80989]"
117226,"[96809, 89296, 29850, 23619, 94171, 66467, 70319, 17669, 25357, 25858]"
117227,"[86291, 79079, 76369, 11661, 95757, 15415, 13280, 3961, 4645, 106637]"
117228,"[68711, 8206, 105211, 61273, 93456, 19984, 29178, 99132, 50941, 96396]"
117229,"[100961, 56044, 77060, 65137, 49676, 36064, 93115, 99496, 46723, 24717]"
117230,"[68517, 90274, 60573, 71580, 45976, 69532, 33732, 59913, 73687, 28247]"
117231,"[51950, 25747, 7329, 52202, 83226, 28724, 26156, 39744, 76999, 45506]"
117232,"[56029, 85793, 44227, 49293, 73763, 81960, 6585, 56465, 25016, 25484]"
117233,"[94269, 36860, 8903, 82328, 21981, 21375, 94615, 92131, 55350, 101988]"
117234,"[86512, 68296, 104878, 51934, 24775, 12898, 49118, 18393, 36783, 12498]"
117235,"[32547, 106107, 39101, 15960, 12330, 107396, 16614, 78657, 76541, 12464]"
117236,"[45139, 18371, 81249, 27014, 94823, 62314, 7387, 84541, 102423, 27023]"
117237,"[69941, 104542, 86071, 54696, 54528, 64521, 66775, 22064, 1383, 24395]"
117238,"[73502, 53924, 44250, 76898, 62691, 103692, 58761, 26229, 60470, 9063]"
117239,"[37912, 58036, 33826, 23047, 57234, 9275, 14278, 3264, 92548, 91472]"
117240,"[5958, 95225, 44414, 48976, 79596, 19059, 52781, 22011, 84161, 17028]"
117241,"[74381, 35947, 22818, 68411, 37095, 8197, 31297, 95834, 12309, 5615]"
117242,"[20535, 64322, 24370, 54386, 105527, 75451, 71870, 15782, 100062, 39227]"
117243,"[59590, 2238, 77119, 55215, 76835, 41971, 14273, 84875, 74386, 89652]"
117244,"[40732, 32587, 46510, 56550, 52102, 50728, 10850, 5300, 51023, 7132]"
117245,"[61001, 105923, 21230, 79446, 51906, 49334, 81855, 64672, 61588, 11365]"
117246,"[38037, 14434, 44643, 33961, 43420, 46445, 106372, 274, 53505, 87331]"
117247,"[41809, 31078, 9966, 56701, 18007, 41618, 10959, 95030, 104217, 105567]"
117248,"[93192, 21025, 10117, 3320, 104527, 81714, 19787, 62199, 24045, 32066]"
117249,"[101357, 67808, 93263, 66808, 17413, 32183, 32373, 33021, 97184, 37835]"
117250,"[72147, 28642, 76590, 88933, 77205, 39386, 49318, 17835, 37133, 105057]"
117251,"[68440, 38415, 50065, 28576, 28417, 35950, 88042, 81711, 107750, 109729]"
117252,"[67792, 32916, 93980, 1116, 14149, 85391, 47668, 14103, 84310, 24990]"
117253,"[61862, 83014, 49481, 107630, 2936, 77431, 86768, 79893, 90448, 31647]"
117254,"[63388, 48886, 106762, 63991, 85527, 79048, 109359, 48121, 105458, 34750]"
117255,"[33521, 21365, 96961, 68570, 86628, 63261, 102246, 37860, 92621, 97093]"
117256,"[15015, 61013, 41447, 97296, 87020, 26715, 103891, 47392, 57426, 84204]"
117257,"[55950, 4914, 99308, 81997, 98790, 82781, 67101, 63286, 38710, 105832]"
117258,"[99461, 95485, 47057, 53888, 34018, 59772, 33114, 40563, 106752, 5150]"
117259,"[33593, 26259, 2945, 34896, 102595, 39089, 44878, 32036, 104794, 105130]"
117260,"[24042, 36131, 8949, 84544, 33745, 75517, 48878, 34624, 42577, 96091]"
117261,"[83257, 102949, 30175, 35774, 19206, 39999, 13913, 89081, 16601, 37405]"
117262,"[17392, 82741, 37662, 47828, 364, 9302, 109505, 1146, 81445, 57728]"
117263,"[15363, 5684, 4662, 106018, 50050, 53838, 50500, 36846, 31575, 9614]"
117264,"[47136, 9270, 42481, 15985, 13313, 46133, 103347, 54162, 96010, 93160]"
117265,"[103418, 47728, 47247, 100634, 83337, 79735, 93346, 7430, 59793, 9147]"
117266,"[20278, 92747, 104158, 10026, 16142, 97083, 74211, 23715, 40349, 76712]"
117267,"[13730, 61009, 109057, 78169, 5993, 17097, 92438, 103328, 62442, 102410]"
117268,"[10342, 99409, 46328, 54772, 814, 75579, 22334, 37919, 10270, 101109]"
117269,"[81995, 107758, 103229, 1208, 108265, 109146, 78886, 71255, 84024, 82048]"
117270,"[79111, 56463, 68792, 96133, 48368, 20659, 71897, 58197, 80729, 44390]"
117271,"[73105, 5720, 72936, 74084, 33505, 102249, 10640, 107694, 24331, 15877]"
117272,"[27636, 56838, 109160, 82951, 93050, 529, 81150, 71579, 39017, 71637]"
117273,"[72839, 68631, 106517, 1624, 660, 107, 53047, 105628, 2462, 8442]"
117274,"[58420, 104953, 97924, 23005, 26756, 16914, 23093, 49368, 41942, 37748]"
117275,"[57908, 22976, 83753, 29897, 57492, 59934, 107893, 47582, 55820, 106309]"
117276,"[73338, 63517, 47959, 94065, 8135, 29347, 74355, 13063, 99344, 6144]"
117277,"[95019, 96429, 2841, 22949, 103682, 74542, 109277, 99327, 84287, 13429]"
117278,"[68766, 12551, 48094, 14985, 39202, 77765, 59834, 106331, 26906, 38730]"
117279,"[105140, 47111, 38631, 70462, 96761, 82935, 72940, 92828, 54999, 33343]"
117280,"[65116, 72968, 8948, 108526, 5523, 85838, 1629, 13523, 103782, 636]"
117281,"[32563, 31079, 48788, 55492, 83344, 88519, 7799, 489, 60692, 77295]"
117282,"[36891, 33761, 99209, 24698, 227, 22230, 50585, 64871, 95172, 96889]"
117283,"[79843, 102315, 109357, 108973, 82100, 10542, 96012, 93965, 96503, 92437]"
117284,"[1228, 54535, 36668, 19867, 84764, 90418, 95104, 39012, 25829, 8007]"
117285,"[82882, 108826, 68002, 4085, 45067, 60228, 48768, 36207, 30172, 25325]"
117286,"[64078, 85955, 43094, 53392, 23595, 51363, 4679, 74984, 71402, 13346]"
117287,"[50399, 69988, 63528, 31114, 36831, 72180, 41234, 20009, 9681, 24868]"
117288,"[78729, 77804, 88493, 63002, 30520, 69386, 27555, 62345, 104321, 101956]"
117289,"[35997, 67036, 60370, 11575, 65233, 72726, 31010, 54233, 15676, 28057]"
117290,"[38078, 15169, 19845, 41451, 86282, 85896, 38463, 106589, 64198, 45082]"
117291,"[8680, 94484, 39054, 25767, 45768, 35839, 92237, 96336, 81440, 27702]"
117292,"[108102, 48479, 105608, 12255, 52241, 5622, 59255, 92032, 86114, 57187]"
117293,"[12575, 21041, 96503, 296, 66864, 6542, 38562, 54081, 16560, 75803]"
117294,"[30839, 42511, 67705, 22253, 14052, 84439, 24065, 65021, 70898, 104516]"
117295,"[32067, 47302, 22500, 106086, 615, 36159, 91466, 54242, 71664, 78985]"
117296,"[102816, 74454, 71713, 94500, 91011, 95550, 63717, 47402, 51808, 7676]"
117297,"[69576, 108553, 57153, 100733, 109746, 6746, 59203, 88244, 18518, 26851]"
117298,"[10656, 40548, 29143, 45943, 868, 14182, 24835, 44996, 32014, 63056]"
117299,"[36961, 82448, 78186, 53770, 11518, 26185, 76125, 40092, 59747, 95069]"
117300,"[90620, 60710, 68272, 26189, 98219, 23433, 36419, 8710, 28565, 91414]"
117301,"[47267, 60654, 79267, 82282, 47337, 105302, 42592, 33234, 97076, 85491]"
117302,"[80350, 19061, 94432, 60201, 51757, 106885, 20678, 25495, 70874, 23322]"
117303,"[21660, 65690, 26785, 96698, 32519, 100450, 28386, 78492, 80299, 50395]"
117304,"[27111, 63609, 28294, 40998, 67504, 39577, 64117, 26437, 83467, 15088]"
117305,"[6613, 19877, 56401, 18874, 50265, 34021, 81358, 46363, 30501, 17214]"
117306,"[75784, 47563, 41529, 16945, 6123, 36773, 49393, 76517, 90625, 69261]"
117307,"[2228, 92785, 65001, 89107, 23296, 85043, 36211, 66079, 67152, 6555]"
117308,"[65173, 78836, 60780, 49337, 51819, 45431, 27018, 74056, 67034, 31760]"
117309,"[6426, 12359, 37222, 47950, 91340, 14539, 86765, 430, 94243, 75289]"
117310,"[16305, 46894, 49899, 109772, 44940, 34233, 25703, 107858, 20710, 3380]"
117311,"[17289, 62914, 10201, 48618, 102513, 333, 91675, 26130, 89942, 32990]"
117312,"[32249, 70066, 105725, 26919, 89849, 70312, 2032, 3160, 4043, 70714]"
117313,"[5813, 63140, 87699, 1145, 37789, 65246, 8333, 36748, 23459, 98235]"
117314,"[64003, 73774, 47249, 76324, 57543, 69865, 59519, 105775, 74500, 64143]"
117315,"[31646, 105330, 108667, 28108, 13358, 56070, 45266, 24379, 58646, 58862]"
117316,"[7781, 55689, 75077, 8675, 24757, 62586, 94072, 106960, 71371, 26779]"
117317,"[105437, 32570, 81776, 34025, 28576, 72064, 20523, 81423, 102549, 5471]"
117318,"[78117, 54317, 60866, 46334, 48876, 46591, 46297, 99895, 24205, 11672]"
117319,"[50916, 51062, 105955, 27227, 65996, 45975, 24444, 73639, 27632, 6290]"
117320,"[73579, 45287, 90048, 55865, 83801, 57093, 25489, 26987, 7184, 54177]"
117321,"[55407, 37771, 101827, 31404, 108274, 97730, 106912, 68052, 37227, 9667]"
117322,"[22848, 18247, 25247, 38302, 29164, 96618, 57386, 31423, 29141, 78962]"
117323,"[37341, 92939, 67250, 56672, 72647, 3694, 61741, 48413, 94755, 35649]"
117324,"[55308, 5643, 54269, 55396, 1932, 106857, 56356, 24931, 79715, 107862]"
117325,"[20733, 100620, 20656, 108542, 41203, 62878, 34118, 85632, 26898, 92390]"
117326,"[20269, 48317, 90695, 192, 22757, 80085, 11832, 97925, 18504, 108033]"
117327,"[56180, 62560, 8334, 101353, 79444, 33694, 16847, 61102, 46864, 102795]"
117328,"[41894, 86825, 66726, 21314, 71789, 7889, 26744, 67500, 105368, 96980]"
117329,"[100488, 108628, 44329, 109157, 71695, 42007, 81472, 99708, 68507, 99522]"
117330,"[39296, 41655, 99748, 109085, 33801, 80038, 28919, 56403, 36985, 99107]"
117331,"[35176, 34920, 41493, 15414, 39170, 50725, 10199, 10388, 74768, 72434]"
117332,"[35355, 21323, 45407, 78638, 47685, 90398, 65948, 104885, 55035, 77108]"
117333,"[9583, 60929, 71424, 41553, 94563, 69702, 77777, 95459, 107642, 37557]"
117334,"[69596, 109199, 71131, 63135, 57302, 24613, 40105, 38475, 13244, 59438]"
117335,"[76062, 10554, 26339, 96083, 1042, 94800, 84144, 63979, 62982, 107388]"
117336,"[18525, 62819, 92640, 73269, 99528, 28359, 18378, 36001, 4177, 5240]"
117337,"[18994, 14024, 67813, 64811, 46632, 104807, 62038, 4435, 43875, 105386]"
117338,"[62125, 108185, 36832, 92214, 37165, 5355, 35347, 11014, 715, 78037]"
117339,"[28430, 83823, 44859, 55631, 109544, 43296, 93202, 66600, 49308, 20961]"
117340,"[92183, 10651, 89579, 43537, 78388, 62385, 30899, 94272, 15103, 10994]"
117341,"[6313, 97836, 61952, 38638, 35827, 24151, 3334, 41482, 56167, 96386]"
117342,"[38896, 107777, 102329, 66770, 9286, 99746, 95714, 54382, 79793, 77216]"
117343,"[103172, 75224, 92764, 100906, 77053, 37012, 6229, 17730, 99694, 104920]"
117344,"[75088, 93550, 35292, 44634, 64788, 107592, 52340, 105656, 21033, 80578]"
117345,"[14524, 57752, 6987, 67238, 42031, 20763, 69354, 66382, 108130, 8768]"
117346,"[108090, 46169, 32488, 78845, 34131, 103482, 42294, 50880, 67839, 8550]"
117347,"[81998, 7590, 74601, 78012, 39376, 19863, 103273, 55080, 6394, 88661]"
117348,"[27272, 29752, 10526, 95415, 78984, 66598, 89360, 12763, 52906, 43110]"
117349,"[93414, 100715, 82905, 51736, 26675, 24276, 55077, 1253, 21290, 62601]"
117350,"[79788, 107143, 104042, 92002, 96140, 62967, 61097, 92416, 21747, 37701]"
117351,"[31206, 77660, 63408, 108504, 36832, 92214, 13252, 106668, 103459, 16161]"
117352,"[42120, 44060, 19077, 102498, 53738, 66136, 39767, 27844, 91835, 82670]"
117353,"[84944, 49962, 59926, 74258, 41751, 87116, 47849, 71226, 69608, 84954]"
117354,"[69263, 37293, 88028, 11812, 32198, 53173, 23855, 33071, 45402, 66304]"
117355,"[75651, 109361, 74599, 106430, 11403, 85242, 87675, 84375, 41428, 22703]"
117356,"[27079, 62783, 41670, 23261, 69501, 6424, 99913, 49576, 59883, 9396]"
117357,"[39671, 77536, 60590, 28689, 59281, 104692, 54839, 81454, 21026, 4548]"
117358,"[53105, 38647, 57782, 89720, 17992, 8482, 11392, 63553, 93781, 22521]"
117359,"[13653, 95532, 32405, 105288, 50409, 86663, 52267, 62778, 83207, 30101]"
117360,"[27317, 17337, 85046, 53905, 78771, 6447, 80129, 56967, 85582, 36077]"
117361,"[90721, 73545, 27793, 78499, 43148, 22145, 53652, 10454, 54, 51404]"
117362,"[100657, 109145, 103951, 103990, 79391, 102891, 85631, 83673, 13432, 27269]"
117363,"[49568, 20078, 106838, 103402, 5455, 33002, 34590, 24868, 7792, 56201]"
117364,"[72968, 106588, 85057, 92883, 86801, 53289, 83294, 39830, 68824, 38142]"
117365,"[9120, 28, 72800, 103861, 87352, 14045, 53328, 4972, 107071, 50580]"
117366,"[64968, 81511, 88078, 27679, 101325, 64178, 79750, 44544, 23086, 96220]"
117367,"[107075, 52887, 34835, 37442, 102786, 83926, 33067, 109323, 40010, 5801]"
117368,"[32909, 76812, 65726, 32385, 86705, 6647, 25490, 55527, 95758, 84711]"
117369,"[11631, 109525, 92225, 35330, 71427, 92485, 69757, 24007, 61270, 68655]"
117370,"[50963, 44557, 10836, 52476, 93347, 27077, 96351, 85350, 37300, 59689]"
117371,"[92569, 74998, 97050, 77509, 33174, 103615, 13061, 508, 82174, 94452]"
117372,"[84946, 15639, 93299, 74607, 20940, 13412, 61576, 7260, 96194, 90643]"
117373,"[59170, 68456, 33574, 61433, 100029, 5659, 28646, 53748, 77110, 78811]"
117374,"[64239, 50659, 39294, 28553, 50964, 59657, 90534, 85470, 88697, 41187]"
117375,"[31567, 42685, 59791, 42069, 37450, 62501, 17548, 58843, 86172, 58752]"
117376,"[54346, 32432, 103472, 107702, 11192, 109738, 89295, 37871, 54707, 92314]"
117377,"[60937, 23732, 33879, 75247, 67259, 37010, 87258, 71163, 57180, 62897]"
117378,"[62443, 2626, 54461, 72988, 38163, 32259, 22690, 28920, 26187, 20283]"
117379,"[60728, 101622, 56957, 37479, 13403, 12812, 77394, 41911, 76969, 102787]"
117380,"[66675, 31013, 48251, 74156, 72176, 102829, 62846, 44947, 109611, 79743]"
117381,"[19258, 93469, 1264, 108117, 96442, 47651, 101985, 52949, 5445, 3118]"
117382,"[98082, 7421, 32262, 84693, 18471, 92967, 60079, 59612, 44106, 41173]"
117383,"[59318, 54220, 87577, 65617, 22893, 8625, 14584, 30381, 81240, 28878]"
117384,"[37406, 18443, 54785, 97655, 109252, 21836, 6333, 108304, 31838, 89733]"
117385,"[17383, 99593, 248, 79154, 2911, 90537, 5197, 40374, 94617, 70798]"
117386,"[69226, 36061, 42767, 39540, 55497, 52862, 49503, 23852, 81232, 29045]"
117387,"[39018, 106296, 60414, 27248, 63276, 67135, 52408, 9771, 7302, 3665]"
117388,"[71528, 47286, 91875, 57709, 41139, 49411, 71457, 49924, 103750, 79745]"
117389,"[71293, 5280, 18120, 74959, 53654, 91547, 56461, 16511, 69912, 84010]"
117390,"[38038, 17443, 64027, 62859, 67462, 64294, 103225, 5075, 75830, 24827]"
117391,"[68291, 35773, 28582, 59456, 64588, 66466, 45903, 7624, 28905, 86600]"
117392,"[81744, 106715, 4442, 105243, 82545, 43766, 18908, 19837, 23959, 102324]"
117393,"[108028, 6806, 73826, 87488, 95573, 88629, 107236, 82895, 39187, 94999]"
117394,"[67989, 7689, 42931, 103657, 97933, 80909, 81807, 18612, 7935, 24202]"
117395,"[84247, 14582, 43393, 84761, 70405, 22541, 22799, 6032, 20048, 70385]"
117396,"[33394, 24924, 88232, 3464, 26572, 36841, 37887, 5561, 86594, 95484]"
117397,"[78274, 13011, 105501, 37937, 103302, 69094, 62707, 74773, 105797, 95193]"
117398,"[61895, 21549, 71000, 7423, 67911, 2569, 48303, 49159, 82636, 12925]"
117399,"[5697, 40220, 83075, 28956, 3518, 31928, 23297, 13591, 14571, 35799]"
117400,"[100355, 56235, 91030, 106007, 16070, 81941, 63065, 48782, 70620, 102799]"
117401,"[76691, 62675, 70322, 3043, 89723, 51767, 59820, 61252, 81660, 53643]"
117402,"[63283, 90912, 91029, 9951, 33929, 76351, 49794, 77931, 69304, 69503]"
117403,"[97299, 1279, 32078, 18285, 91987, 53719, 90419, 96182, 49618, 91644]"
117404,"[49975, 87461, 40910, 3129, 59607, 12993, 17450, 23993, 68683, 43394]"
117405,"[56275, 9011, 51492, 77758, 53222, 29615, 53119, 1474, 39976, 29321]"
117406,"[11734, 47595, 98040, 68036, 44723, 46688, 92992, 105468, 23195, 108335]"
117407,"[55350, 45916, 51707, 51220, 49888, 94615, 92131, 87042, 36860, 84164]"
117408,"[100236, 70723, 88791, 15892, 86891, 108964, 51514, 64773, 66471, 106508]"
117409,"[92850, 5078, 67457, 12866, 44808, 96850, 4898, 67046, 33961, 97267]"
117410,"[48244, 44596, 108271, 46360, 17268, 81231, 43939, 55456, 67311, 12541]"
117411,"[2664, 19810, 59430, 87479, 9571, 28764, 69852, 93155, 55897, 7177]"
117412,"[94462, 88456, 73799, 47051, 58195, 74689, 50654, 19943, 1895, 83070]"
117413,"[27232, 51852, 64042, 23901, 98561, 83080, 65302, 94658, 40082, 11461]"
117414,"[54872, 24299, 20617, 96910, 91564, 3111, 93667, 43655, 37328, 84136]"
117415,"[11857, 29671, 108712, 34621, 2892, 78112, 42295, 45136, 82665, 83410]"
117416,"[77221, 105005, 87046, 11503, 105910, 79347, 104349, 7574, 14820, 106949]"
117417,"[47614, 25888, 71566, 100147, 14929, 59537, 89862, 12705, 82806, 1579]"
117418,"[29782, 46658, 48647, 10890, 100439, 80069, 99043, 44535, 82416, 47851]"
117419,"[18428, 49564, 7760, 53572, 98269, 20231, 45237, 4591, 85621, 94213]"
117420,"[30568, 76828, 81523, 58419, 85626, 16548, 4623, 44201, 98385, 49955]"
117421,"[33329, 63143, 67588, 11343, 1118, 72411, 37940, 34438, 73428, 102863]"
117422,"[78472, 33580, 6090, 73910, 6600, 37123, 60478, 76713, 1980, 53694]"
117423,"[60970, 1941, 16884, 40079, 42243, 60440, 57068, 67535, 14444, 71465]"
117424,"[61175, 63658, 77898, 12949, 75943, 86744, 61081, 6836, 75754, 83580]"
117425,"[51568, 80326, 8730, 5990, 5465, 29202, 69295, 109648, 69156, 108257]"
117426,"[30828, 82442, 67518, 48786, 44551, 29495, 210, 7009, 90608, 42304]"
117427,"[85962, 5197, 70798, 72421, 10366, 72794, 102001, 71871, 104469, 90537]"
117428,"[55351, 70100, 13813, 94335, 7095, 40733, 41681, 7832, 87929, 101504]"
117429,"[78293, 105101, 46539, 86204, 109596, 9619, 47174, 94899, 28145, 60314]"
117430,"[36909, 12515, 66616, 85130, 92273, 64892, 2766, 69379, 15974, 1570]"
117431,"[33839, 74831, 15129, 35830, 3674, 21394, 73433, 106722, 81861, 3566]"
117432,"[41256, 33278, 3732, 26511, 24243, 108277, 3319, 47406, 94957, 83685]"
117433,"[39561, 74028, 24406, 46003, 68420, 91546, 83359, 108984, 33603, 8162]"
117434,"[91019, 43255, 4659, 108004, 17499, 76744, 44737, 12884, 2308, 79095]"
117435,"[106262, 48972, 104859, 2236, 107731, 47802, 51972, 88779, 56135, 100804]"
117436,"[62834, 38834, 95424, 27359, 76905, 14642, 13010, 65628, 21158, 89552]"
117437,"[22699, 76795, 43468, 90182, 36770, 8863, 66285, 103400, 78807, 29462]"
117438,"[64095, 93800, 92501, 13327, 88195, 37144, 12414, 90604, 57920, 62714]"
117439,"[49019, 68748, 59532, 105141, 93295, 108681, 95718, 72866, 64975, 18621]"
117440,"[4621, 64443, 31059, 12177, 83118, 32355, 15937, 13748, 67091, 46873]"
117441,"[107967, 93063, 4917, 7315, 23083, 64857, 54592, 41315, 37770, 103279]"
117442,"[50489, 68335, 92572, 15536, 70223, 4618, 20425, 89012, 49134, 3990]"
117443,"[107103, 70917, 97389, 38355, 73024, 84006, 65231, 34077, 13283, 6067]"
117444,"[39790, 49194, 79972, 23880, 1875, 103831, 70221, 59371, 49404, 2706]"
117445,"[21017, 15814, 96834, 24837, 92173, 56422, 40608, 46906, 7564, 54279]"
117446,"[7000, 260, 13085, 102474, 83905, 15194, 98661, 39968, 69196, 23551]"
117447,"[70641, 52938, 27066, 54291, 6711, 103693, 15971, 36774, 83980, 16457]"
117448,"[40084, 13210, 39025, 106707, 20691, 30351, 97891, 105118, 41274, 4093]"
117449,"[45181, 104754, 47473, 14949, 32820, 25542, 74489, 95869, 97615, 14552]"
117450,"[61057, 48769, 14338, 108512, 97906, 87172, 31274, 46965, 15821, 36129]"
117451,"[68000, 38541, 99064, 57047, 77796, 22501, 33966, 76396, 57513, 10208]"
117452,"[78089, 13430, 65800, 86567, 96994, 87102, 70169, 86842, 90608, 10505]"
117453,"[88620, 66347, 5038, 58809, 3940, 95511, 88372, 59964, 22158, 12592]"
117454,"[23818, 32116, 73161, 48585, 9036, 96667, 2579, 49280, 62311, 75541]"
117455,"[75708, 22908, 102541, 26159, 79537, 1291, 80448, 104100, 65179, 36308]"
117456,"[87112, 53276, 58365, 102452, 81442, 43992, 35952, 57686, 18955, 31247]"
117457,"[93064, 77601, 27801, 44503, 107114, 88325, 81689, 22601, 3474, 33521]"
117458,"[53168, 33919, 44622, 42490, 79356, 29662, 78033, 94233, 5575, 29626]"
117459,"[11725, 2829, 96867, 60117, 35860, 67515, 41723, 97108, 55810, 23971]"
117460,"[29318, 61317, 22931, 72595, 13227, 40310, 63374, 56964, 11329, 56547]"
117461,"[58773, 56223, 2685, 90435, 37051, 66457, 97033, 22471, 89374, 89136]"
117462,"[1516, 2142, 79013, 61045, 106614, 11066, 56888, 22448, 89809, 50195]"
117463,"[9199, 84536, 19993, 36328, 52878, 106822, 15632, 95639, 83352, 81628]"
117464,"[32801, 89042, 51795, 70255, 7331, 101141, 41551, 76354, 68767, 92317]"
117465,"[47730, 106337, 36162, 50675, 92599, 26386, 6006, 90228, 46145, 38961]"
117466,"[106788, 81566, 7515, 62129, 67749, 58336, 79772, 91668, 71093, 47942]"
117467,"[45212, 78704, 45045, 2152, 85769, 106575, 53100, 16883, 13542, 16712]"
117468,"[105010, 64098, 14883, 20399, 44378, 85142, 106833, 8284, 19270, 32800]"
117469,"[26603, 93440, 18080, 58116, 70901, 78059, 37461, 29293, 105404, 72030]"
117470,"[44929, 25108, 87795, 22304, 84410, 29355, 40494, 92422, 48664, 41882]"
117471,"[78888, 70886, 56219, 60369, 32708, 57734, 1011, 100791, 101527, 36823]"
117472,"[73309, 105451, 35754, 19520, 100681, 33450, 97511, 64679, 4909, 16197]"
117473,"[59069, 96603, 5101, 82069, 100736, 82583, 97726, 11196, 87244, 101104]"
117474,"[108272, 36456, 84550, 95307, 49607, 8620, 90163, 90245, 96563, 103432]"
117475,"[100660, 44758, 2181, 17532, 40596, 79018, 68667, 68237, 54747, 75989]"
117476,"[32029, 61134, 45327, 60752, 47631, 106484, 21736, 24213, 49139, 13467]"
117477,"[65726, 76812, 32909, 51644, 55527, 81486, 95758, 84711, 108458, 47471]"
117478,"[26512, 70313, 82088, 10591, 77527, 102017, 31788, 90793, 95710, 93022]"
117479,"[73561, 88121, 20726, 83874, 88980, 96594, 16687, 17671, 91341, 14231]"
117480,"[61165, 77956, 60108, 8570, 26755, 14445, 55766, 6587, 32877, 105661]"
117481,"[11977, 78502, 7903, 98257, 34686, 103476, 95114, 643, 64524, 59587]"
117482,"[76407, 5860, 99639, 44534, 62146, 42264, 105251, 33921, 99418, 63131]"
117483,"[44208, 35772, 28934, 14920, 89710, 66493, 31221, 35266, 68467, 18316]"
117484,"[51813, 7153, 6221, 61234, 18314, 24758, 95764, 98789, 76841, 31226]"
117485,"[84888, 106513, 64206, 12139, 51860, 76179, 85252, 52768, 80163, 19213]"
117486,"[38568, 105359, 2054, 19257, 73779, 9371, 107124, 99974, 101020, 73197]"
117487,"[64090, 23417, 49451, 18109, 86368, 3004, 92791, 100914, 109773, 101420]"
117488,"[109424, 81583, 51560, 98216, 39046, 64028, 45184, 27927, 91250, 8424]"
117489,"[83153, 42819, 41463, 57979, 89452, 51532, 105901, 25017, 84550, 16632]"
117490,"[26743, 38395, 41288, 85477, 9240, 40838, 47429, 106109, 72604, 51080]"
117491,"[31310, 83796, 39345, 92642, 97520, 13281, 75889, 71420, 18246, 9143]"
117492,"[19703, 17505, 72805, 39600, 87415, 96337, 41343, 15826, 9754, 12440]"
117493,"[68849, 40330, 60059, 58868, 20637, 39123, 3302, 5207, 39878, 13586]"
117494,"[10635, 17484, 103434, 55163, 33336, 31188, 96924, 42869, 61648, 15286]"
117495,"[1456, 17951, 80846, 75494, 45623, 17621, 64326, 61248, 91514, 50558]"
117496,"[68326, 91871, 62682, 83235, 3112, 37411, 103039, 12835, 54626, 22305]"
117497,"[7433, 95795, 17687, 27223, 99501, 48328, 77555, 106020, 55015, 56321]"
117498,"[82275, 76023, 82067, 69569, 86775, 88147, 32398, 85984, 11824, 48424]"
117499,"[20279, 97349, 56508, 90921, 109147, 75903, 30465, 20102, 47275, 74431]"
117500,"[43693, 19838, 40316, 26738, 67555, 45601, 26650, 103010, 98003, 1538]"
117501,"[39912, 43317, 22111, 91324, 23669, 498, 102632, 54635, 32182, 104449]"
117502,"[106075, 82751, 4105, 93756, 89851, 45066, 41905, 75257, 71778, 41117]"
117503,"[82499, 53112, 4211, 65674, 107066, 103492, 99180, 89024, 54794, 32093]"
117504,"[72143, 86072, 100, 17880, 68377, 22160, 35988, 17531, 107115, 11773]"
117505,"[77200, 92246, 13786, 87863, 64389, 4289, 31642, 70397, 58340, 90964]"
117506,"[60037, 61406, 104833, 83952, 2440, 1618, 89377, 100718, 71369, 58848]"
117507,"[8801, 82273, 68751, 109644, 29293, 11541, 75369, 4383, 79073, 3735]"
117508,"[72207, 9770, 70230, 29935, 107807, 18392, 88066, 48785, 43882, 65121]"
117509,"[49771, 66033, 86246, 53240, 22948, 64897, 105218, 78905, 72052, 93149]"
117510,"[82862, 30331, 80827, 41323, 57331, 20318, 79658, 106118, 51293, 65897]"
117511,"[100277, 20594, 69543, 48290, 45664, 30830, 98885, 32271, 29326, 22685]"
117512,"[52863, 20172, 33214, 105712, 86145, 83579, 1735, 64789, 85713, 64965]"
117513,"[22939, 106037, 53460, 78527, 78196, 22605, 7249, 31693, 60161, 74504]"
117514,"[75601, 109418, 31881, 21388, 96036, 95285, 94699, 82373, 415, 49473]"
117515,"[61259, 35853, 60669, 93471, 27114, 92198, 22377, 41014, 3757, 76050]"
117516,"[38853, 29030, 29914, 52056, 108722, 5758, 25413, 34000, 41216, 11507]"
117517,"[54062, 8494, 50590, 58305, 107847, 56121, 6680, 108595, 103119, 70318]"
117518,"[30272, 35930, 46683, 93076, 28171, 55381, 16063, 88906, 53648, 2628]"
117519,"[21823, 4490, 78702, 6897, 2802, 31197, 903, 98821, 46723, 19975]"
117520,"[81401, 26246, 67943, 32498, 26600, 74825, 83121, 15016, 107113, 78400]"
117521,"[77987, 82503, 73757, 19701, 84834, 98586, 88316, 5396, 47984, 43257]"
117522,"[49848, 65182, 83096, 31786, 5604, 82600, 98240, 77007, 68022, 75331]"
117523,"[94447, 1728, 52266, 6755, 47593, 31366, 17907, 22968, 100009, 103009]"
117524,"[65061, 86184, 99984, 65388, 48999, 32852, 9885, 89260, 18299, 74624]"
117525,"[65034, 64507, 97996, 20646, 32102, 74184, 87975, 97165, 100140, 31342]"
117526,"[33023, 109506, 27235, 5039, 49649, 10923, 87927, 25546, 36092, 51714]"
117527,"[78241, 6168, 9945, 80149, 57203, 108887, 23954, 70790, 4349, 24128]"
117528,"[60705, 92698, 101172, 35601, 66238, 83273, 19702, 99311, 32868, 33179]"
117529,"[84969, 36217, 26013, 10123, 42147, 106901, 32205, 8175, 94244, 92094]"
117530,"[45339, 61932, 77774, 23863, 58291, 98147, 15621, 85073, 94215, 8139]"
117531,"[31024, 82356, 48276, 23426, 26167, 2629, 39531, 90995, 50632, 78249]"
117532,"[69774, 84770, 18123, 53767, 49696, 92560, 78382, 3787, 12988, 67628]"
117533,"[101205, 43996, 34910, 50647, 91792, 14618, 41636, 50023, 72781, 51031]"
117534,"[45352, 16961, 92451, 93249, 43587, 89094, 8055, 19924, 59149, 42835]"
117535,"[7450, 89743, 3134, 48841, 39404, 63286, 7757, 67101, 81997, 67035]"
117536,"[62388, 60181, 7379, 94818, 61113, 70795, 57441, 96100, 11232, 98692]"
117537,"[31768, 4331, 69921, 26228, 68486, 55642, 2428, 16121, 80573, 76856]"
117538,"[74353, 64138, 34667, 28301, 93075, 75585, 88539, 39307, 80691, 49136]"
117539,"[94257, 37713, 14037, 38361, 17453, 93438, 75743, 39326, 40369, 85457]"
117540,"[81426, 59769, 84293, 61683, 11258, 86650, 56130, 107521, 39896, 45751]"
117541,"[24322, 86411, 3466, 24725, 58831, 65972, 36047, 107986, 80325, 2755]"
117542,"[107247, 2021, 58190, 87294, 87381, 88093, 24801, 56344, 67476, 89711]"
117543,"[86077, 26860, 17270, 20820, 103813, 20867, 77529, 38285, 11193, 33545]"
117544,"[20707, 28845, 70073, 15264, 61134, 104952, 46023, 11465, 53023, 29340]"
117545,"[81894, 73205, 43473, 46076, 32514, 74878, 47831, 62342, 51309, 40619]"
117546,"[42942, 37183, 24700, 88996, 106085, 82270, 45008, 58039, 80648, 90072]"
117547,"[36595, 54340, 86564, 52565, 79457, 50715, 89708, 87167, 14501, 57429]"
117548,"[33116, 88119, 29964, 2343, 92991, 62565, 100779, 21, 41286, 52698]"
117549,"[89819, 52098, 28119, 19355, 82263, 69813, 8426, 99767, 43611, 30124]"
117550,"[86760, 78379, 6925, 155, 1635, 16866, 99195, 72674, 25328, 17155]"
117551,"[31025, 61312, 11841, 52110, 91757, 51912, 87847, 47083, 12234, 39514]"
117552,"[98336, 13804, 21773, 81314, 85398, 55359, 30268, 66246, 2330, 4727]"
117553,"[101113, 107722, 49739, 84290, 53332, 47003, 22794, 58037, 71358, 60962]"
117554,"[28204, 98313, 19824, 9189, 51960, 53862, 105353, 76770, 22728, 41236]"
117555,"[102730, 27585, 39580, 55023, 83349, 96197, 16381, 78996, 85887, 86327]"
117556,"[81985, 15954, 97766, 93101, 3625, 79882, 42911, 82521, 55816, 33434]"
117557,"[43729, 83305, 32146, 94100, 39119, 37232, 26967, 76557, 41410, 981]"
117558,"[2864, 48410, 48426, 101528, 62418, 10733, 103271, 58273, 46399, 3809]"
117559,"[47093, 35912, 35960, 51266, 103169, 95154, 28672, 59129, 23890, 10869]"
117560,"[19822, 46162, 43476, 51618, 99892, 502, 49567, 105473, 36627, 10922]"
117561,"[25478, 52511, 28966, 23505, 107641, 8756, 44459, 71480, 2575, 27739]"
117562,"[7775, 108057, 13278, 61865, 40856, 88017, 84752, 54949, 24429, 17747]"
117563,"[69183, 107511, 47596, 72740, 106841, 18495, 53063, 69520, 94922, 35093]"
117564,"[104176, 82695, 90591, 18347, 26129, 40093, 18542, 60454, 65011, 97603]"
117565,"[29953, 49006, 59333, 58751, 73747, 79124, 61959, 79250, 77264, 67406]"
117566,"[84754, 23257, 1968, 101420, 80111, 64331, 66105, 40261, 104607, 36115]"
117567,"[16159, 15304, 53387, 80804, 107296, 90063, 104854, 52500, 68315, 58323]"
117568,"[74028, 30281, 24406, 46003, 91546, 39561, 96630, 72155, 251, 2712]"
117569,"[41427, 72474, 101106, 33541, 14554, 42523, 80229, 39788, 107507, 85218]"
117570,"[42890, 23592, 2167, 105240, 16706, 4902, 61084, 10161, 17349, 97443]"
117571,"[59696, 699, 32960, 30591, 64455, 84906, 4134, 108171, 37310, 21374]"
117572,"[49551, 6009, 64082, 19736, 98345, 15728, 7675, 19207, 20808, 57657]"
117573,"[57087, 88981, 62650, 16529, 31102, 68643, 52891, 78804, 85098, 67686]"
117574,"[44404, 53041, 10698, 4308, 86343, 94238, 18012, 74781, 41702, 73512]"
117575,"[26263, 20747, 107239, 4573, 99729, 106279, 76457, 57959, 44874, 54879]"
117576,"[103126, 23434, 75575, 83469, 102418, 107324, 48222, 103449, 52930, 89796]"
117577,"[94777, 8807, 55140, 7091, 48402, 17749, 55382, 104453, 22406, 12674]"
117578,"[16938, 11457, 39063, 82188, 34857, 52999, 108955, 100936, 108650, 64487]"
117579,"[17345, 58875, 68636, 57381, 45796, 11491, 95779, 88945, 25671, 80585]"
117580,"[32862, 73986, 35499, 31433, 74108, 108356, 50860, 4967, 83756, 86929]"
117581,"[89604, 22840, 65648, 22400, 15299, 24390, 39942, 41954, 28937, 44333]"
117582,"[53765, 9893, 107112, 15678, 75901, 65637, 47475, 39336, 79523, 104723]"
117583,"[7841, 3632, 94687, 97381, 104088, 46410, 106735, 49723, 58779, 81997]"
117584,"[46475, 87345, 29870, 80470, 62943, 4040, 5377, 82816, 66031, 79487]"
117585,"[18535, 102754, 83570, 23962, 66322, 24031, 94200, 89604, 78957, 61446]"
117586,"[45040, 46742, 102170, 81496, 8681, 16727, 39144, 50364, 89583, 8197]"
117587,"[93141, 91083, 61960, 3421, 61825, 48928, 83181, 36911, 36023, 22928]"
117588,"[58406, 69149, 85837, 32830, 55430, 85081, 74420, 20067, 14127, 12952]"
117589,"[5457, 18342, 5220, 96221, 31638, 96227, 77697, 50233, 79204, 57018]"
117590,"[85313, 62280, 77166, 89830, 11583, 38759, 87201, 73427, 31401, 1626]"
117591,"[77836, 55589, 99927, 34513, 4105, 87661, 80168, 54899, 68890, 90113]"
117592,"[27432, 55947, 83302, 56273, 33113, 35268, 44347, 37878, 71249, 24078]"
117593,"[31720, 79861, 22628, 45772, 31414, 35363, 14047, 77684, 24072, 24650]"
117594,"[65102, 57727, 77500, 42166, 54492, 4470, 89320, 34549, 87576, 11072]"
117595,"[92328, 70396, 81597, 12176, 64275, 18618, 997, 83686, 101745, 11486]"
117596,"[69171, 65474, 52882, 46677, 17663, 71893, 17957, 99075, 72131, 9182]"
117597,"[84715, 71954, 12666, 57101, 33054, 67450, 30298, 74559, 13737, 26501]"
117598,"[37329, 52393, 31457, 63602, 108746, 89683, 74426, 62187, 20654, 64980]"
117599,"[20938, 18256, 85186, 52161, 14458, 12372, 71962, 59627, 9506, 47793]"
117600,"[65571, 78417, 23420, 20509, 9284, 39300, 106810, 7286, 36096, 43149]"
117601,"[88949, 42827, 55976, 62715, 67089, 73407, 107555, 102417, 13945, 61212]"
117602,"[6438, 45228, 58264, 64921, 95008, 54419, 35897, 3194, 17067, 59933]"
117603,"[85159, 9570, 45097, 25394, 17742, 89349, 61869, 20109, 71233, 56377]"
117604,"[58066, 81594, 24265, 95299, 25473, 54576, 78019, 21209, 5291, 70302]"
117605,"[66336, 36104, 58924, 81671, 102157, 28552, 26353, 9891, 103246, 106366]"
117606,"[31870, 26424, 83084, 71744, 8080, 46532, 34858, 104830, 28565, 74486]"
117607,"[77507, 44006, 64882, 71055, 70270, 11218, 47413, 73590, 102670, 91078]"
117608,"[73221, 62569, 87371, 99145, 87968, 72260, 8974, 58417, 103582, 77524]"
117609,"[80221, 69348, 16915, 21874, 95075, 75971, 88554, 40669, 48310, 97685]"
117610,"[46982, 108540, 30949, 77766, 68842, 86133, 96865, 47340, 82271, 97936]"
117611,"[82833, 8318, 107715, 75710, 39891, 84937, 21849, 16714, 25820, 19798]"
117612,"[95136, 74584, 23720, 54433, 61020, 63434, 91409, 97469, 88667, 64310]"
117613,"[108383, 72363, 59894, 5154, 51569, 8224, 98174, 44158, 15558, 89136]"
117614,"[55898, 13833, 29961, 6959, 60517, 10788, 102070, 83058, 62469, 5756]"
117615,"[40344, 91155, 6629, 97801, 49810, 77534, 71686, 62198, 88853, 34523]"
117616,"[72770, 81786, 95663, 59624, 105067, 47346, 17575, 47996, 3085, 38843]"
117617,"[35820, 63241, 30745, 53248, 95346, 69792, 4094, 34289, 31961, 86096]"
117618,"[108234, 49108, 73635, 36650, 65796, 34635, 2517, 28386, 59304, 23513]"
117619,"[100368, 30208, 34578, 104296, 38980, 59136, 56708, 104535, 43124, 25691]"
117620,"[5933, 918, 17123, 28891, 78439, 65953, 85039, 83593, 71242, 109224]"
117621,"[65411, 29473, 65970, 103311, 50690, 46182, 95614, 84639, 9063, 84233]"
117622,"[80969, 104691, 100664, 5955, 27354, 86854, 70193, 87504, 103789, 2382]"
117623,"[99167, 66890, 57968, 54432, 48196, 25211, 2078, 27424, 107735, 93862]"
117624,"[83005, 3644, 62953, 95951, 73596, 73458, 103614, 28540, 99923, 59450]"
117625,"[101542, 52963, 24156, 67125, 47210, 26131, 36591, 74788, 104332, 100301]"
117626,"[88443, 76395, 45321, 30062, 89170, 59119, 10384, 54709, 3054, 6173]"
117627,"[72384, 59831, 50823, 5506, 23791, 56908, 97642, 69358, 14597, 22495]"
117628,"[96076, 101679, 18577, 43151, 93934, 21736, 77080, 85660, 49252, 66632]"
117629,"[57796, 16496, 44518, 79770, 86222, 67970, 84954, 69608, 107014, 93947]"
117630,"[107846, 31038, 89690, 56325, 72852, 6181, 60431, 66896, 37645, 45937]"
117631,"[84680, 107283, 44680, 100072, 46635, 6916, 26597, 100509, 56736, 105752]"
117632,"[38555, 86589, 78402, 33310, 64942, 100200, 41143, 103584, 19946, 39593]"
117633,"[50338, 36978, 84836, 25882, 5892, 62749, 63944, 16693, 46164, 104583]"
117634,"[88083, 21760, 52105, 39802, 100205, 50653, 96402, 106698, 98606, 82515]"
117635,"[105559, 29154, 40846, 34282, 109499, 97017, 8439, 5767, 5746, 45156]"
117636,"[74888, 21989, 19229, 59906, 99019, 69519, 24735, 101355, 54114, 59530]"
117637,"[77854, 26940, 46880, 14648, 20038, 109360, 24081, 55258, 56894, 8606]"
117638,"[35866, 101893, 14490, 47149, 102229, 40521, 73900, 7077, 44554, 8443]"
117639,"[52199, 30601, 92185, 67541, 4430, 37484, 27423, 65887, 97559, 61939]"
117640,"[88869, 94483, 98293, 66540, 25176, 6873, 35293, 79409, 15431, 55576]"
117641,"[45457, 27529, 11785, 59749, 50822, 76241, 90885, 96195, 29911, 40479]"
117642,"[65440, 45028, 6084, 75124, 52287, 29267, 109108, 34761, 44773, 40342]"
117643,"[20716, 33493, 40809, 79585, 99101, 31193, 87125, 48498, 94010, 71772]"
117644,"[70077, 101879, 14887, 66564, 42790, 43481, 105503, 22968, 62401, 1523]"
117645,"[48460, 77429, 65676, 64203, 98360, 80835, 68673, 62498, 47266, 19837]"
117646,"[27899, 32942, 77447, 66822, 26162, 29952, 25001, 11623, 45032, 90346]"
117647,"[27888, 103603, 69874, 100839, 20298, 19950, 87669, 82054, 14970, 97625]"
117648,"[53672, 36246, 34810, 62652, 52221, 93359, 59670, 29951, 31338, 59160]"
117649,"[49283, 56137, 63836, 46191, 42480, 20746, 11840, 58471, 42074, 89047]"
117650,"[100659, 4154, 33974, 3427, 104787, 38042, 70909, 86935, 100171, 16754]"
117651,"[77817, 11527, 81719, 17858, 61196, 67374, 70325, 19387, 47218, 1020]"
117652,"[57453, 19934, 91848, 28879, 63715, 31498, 74692, 48806, 3345, 103705]"
117653,"[36187, 38442, 106775, 88756, 66737, 71944, 97679, 77448, 11638, 95481]"
117654,"[95529, 90265, 83577, 56154, 88663, 99894, 68313, 47154, 47798, 42723]"
117655,"[22229, 54699, 99551, 44882, 93145, 29952, 51163, 3747, 87677, 59494]"
117656,"[59299, 51802, 101387, 54592, 80537, 107967, 102673, 102646, 104870, 56804]"
117657,"[12023, 29273, 103842, 41048, 72060, 50456, 45705, 51767, 3043, 39098]"
117658,"[91162, 78645, 11025, 106182, 53331, 57415, 70752, 72783, 24896, 81678]"
117659,"[25938, 21800, 53657, 85600, 30315, 78949, 87858, 11932, 87952, 93470]"
117660,"[61888, 57593, 16205, 89533, 53323, 68229, 99378, 41075, 52191, 14013]"
117661,"[37860, 21365, 82871, 108646, 42860, 11663, 33521, 81689, 40089, 63894]"
117662,"[25615, 28355, 67358, 72636, 95653, 64809, 76694, 53139, 73920, 10494]"
117663,"[63719, 20849, 98369, 100958, 22220, 31689, 88825, 33717, 15402, 14394]"
117664,"[10877, 57738, 90037, 49917, 62169, 25931, 54445, 66580, 17016, 99460]"
117665,"[103848, 51324, 8000, 3215, 75588, 86493, 77099, 100704, 101839, 17770]"
117666,"[105792, 738, 72858, 72161, 33610, 107529, 54760, 45936, 86786, 2923]"
117667,"[12096, 106545, 84657, 2059, 57429, 35637, 101483, 102802, 94040, 81838]"
117668,"[14130, 42015, 79126, 83508, 36670, 12635, 101532, 20176, 45314, 34996]"
117669,"[109375, 73949, 32782, 42187, 5011, 93088, 42409, 73179, 4701, 15312]"
117670,"[31342, 86505, 65034, 39726, 81899, 64507, 82908, 9831, 87264, 88831]"
117671,"[81756, 66804, 46608, 92239, 93459, 41540, 76816, 53836, 85362, 60868]"
117672,"[6950, 56790, 22217, 37257, 18710, 43817, 87810, 79512, 66173, 65696]"
117673,"[15673, 31880, 105090, 67328, 94057, 59484, 105200, 34632, 55581, 53039]"
117674,"[78206, 6476, 52032, 70720, 84818, 49585, 66224, 34017, 19722, 30526]"
117675,"[15165, 107466, 98929, 42910, 46775, 35711, 22983, 35569, 4721, 23530]"
117676,"[65077, 40686, 82552, 53517, 59699, 3974, 4643, 39008, 69410, 62719]"
117677,"[73293, 69390, 86421, 100737, 84289, 33500, 2837, 33348, 97844, 17475]"
117678,"[30121, 79047, 12138, 43593, 68417, 87807, 36178, 48326, 94086, 4749]"
117679,"[71104, 3235, 78624, 84643, 70408, 56618, 105423, 59111, 38484, 99572]"
117680,"[14589, 1960, 26787, 67707, 70136, 10057, 27150, 66560, 16973, 8201]"
117681,"[52213, 90850, 19203, 57404, 23390, 39775, 30026, 69767, 88660, 19347]"
117682,"[49169, 27838, 46567, 67954, 19892, 2522, 77731, 67059, 22247, 78611]"
117683,"[2477, 46048, 6780, 83337, 100634, 19871, 37967, 93346, 109662, 59793]"
117684,"[38703, 41167, 41590, 103691, 71428, 14551, 66498, 9781, 67812, 34113]"
117685,"[53628, 14248, 74554, 6548, 13701, 63397, 69786, 52043, 13556, 6817]"
117686,"[35561, 32337, 12281, 88940, 92735, 60399, 92739, 12934, 102523, 102222]"
117687,"[74626, 106406, 95178, 54529, 43574, 22151, 10035, 50115, 31605, 18084]"
117688,"[4457, 36281, 30714, 9858, 101365, 101403, 98319, 50528, 12402, 18]"
117689,"[61243, 52816, 19514, 33592, 87424, 47732, 58983, 78227, 8916, 34946]"
117690,"[12308, 99112, 43056, 15305, 73743, 66740, 17739, 93788, 83433, 52536]"
117691,"[18357, 10450, 25920, 52982, 25305, 99873, 87449, 74462, 94608, 88743]"
117692,"[89376, 1719, 55437, 45850, 84905, 73862, 93090, 49736, 67167, 81262]"
117693,"[53905, 36077, 57631, 30089, 56967, 12059, 91417, 21873, 97982, 49555]"
117694,"[95849, 45992, 38946, 58011, 29076, 4318, 85599, 18465, 28179, 63139]"
117695,"[88850, 102763, 104578, 6879, 66456, 26462, 18562, 1739, 23785, 52743]"
117696,"[50866, 11384, 53426, 17396, 22878, 86822, 55846, 107740, 86306, 79005]"
117697,"[58238, 97311, 34613, 30964, 72476, 51341, 78121, 61647, 95081, 48717]"
117698,"[40584, 76095, 67558, 46153, 100923, 15601, 91265, 74245, 24183, 50180]"
117699,"[101817, 79621, 55639, 1820, 39860, 67043, 107885, 2157, 10878, 107046]"
117700,"[31465, 92612, 73933, 23017, 51553, 38798, 62575, 84896, 19663, 80543]"
117701,"[78911, 9933, 28290, 96891, 99292, 39652, 57900, 100029, 65459, 40413]"
117702,"[45697, 104145, 65272, 71404, 85729, 41463, 83470, 93864, 77142, 40009]"
117703,"[31119, 7157, 43721, 60086, 64335, 23799, 107313, 73215, 19481, 45420]"
117704,"[70140, 96543, 20717, 83778, 85467, 104423, 80753, 104338, 1925, 21328]"
117705,"[24920, 94879, 59884, 90586, 106974, 49672, 78438, 6586, 79908, 101367]"
117706,"[80571, 58925, 63230, 22056, 30115, 64289, 42679, 54244, 52319, 64191]"
117707,"[29819, 105001, 55432, 34015, 7439, 8773, 51572, 86901, 2869, 105911]"
117708,"[101500, 29048, 53533, 63264, 15271, 98413, 45116, 106548, 52214, 108307]"
117709,"[1833, 106282, 33403, 78684, 75636, 82106, 72263, 46866, 104187, 42050]"
117710,"[60607, 3539, 52599, 8166, 10680, 68974, 19416, 80047, 22213, 37471]"
117711,"[73779, 9371, 19257, 96122, 75740, 48039, 82612, 21042, 45620, 28791]"
117712,"[98016, 51366, 60060, 63293, 98423, 67986, 87285, 88380, 87002, 12422]"
117713,"[88305, 32064, 66525, 26552, 100027, 28662, 29389, 40327, 8411, 36443]"
117714,"[10678, 15481, 5161, 25959, 49036, 61969, 70697, 44342, 2896, 53059]"
117715,"[30713, 70887, 64358, 69512, 74405, 15907, 107690, 103293, 26819, 8701]"
117716,"[11795, 63858, 7879, 94726, 46021, 38857, 16446, 20350, 36554, 66499]"
117717,"[28229, 96936, 81777, 56456, 48097, 49164, 50752, 85999, 23750, 66025]"
117718,"[72711, 94906, 94141, 102164, 32606, 109211, 8651, 1928, 2436, 76780]"
117719,"[16447, 7668, 81305, 61464, 33695, 8898, 99396, 103466, 74945, 50544]"
117720,"[39095, 71344, 108414, 102152, 658, 83396, 26423, 18367, 59751, 1081]"
117721,"[59471, 5921, 70323, 72404, 57151, 55943, 81774, 65114, 108097, 92980]"
117722,"[71208, 60243, 2958, 102756, 99739, 52806, 18170, 28773, 20663, 15122]"
117723,"[20594, 100277, 30830, 69543, 32271, 48290, 45664, 41785, 22685, 41985]"
117724,"[5192, 11391, 13612, 391, 35448, 87307, 61608, 18808, 47335, 21508]"
117725,"[37972, 5, 16287, 31564, 48706, 84028, 81057, 102881, 84669, 65589]"
117726,"[13363, 52665, 107090, 83620, 34951, 51185, 86855, 68470, 37595, 84053]"
117727,"[68090, 10149, 54355, 20367, 98680, 74576, 105499, 32875, 24545, 100130]"
117728,"[6999, 107901, 12529, 25023, 79625, 21801, 29056, 55132, 89132, 30008]"
117729,"[20037, 25509, 109246, 89649, 27439, 104702, 96943, 107361, 16727, 91823]"
117730,"[31886, 79452, 39838, 31314, 20451, 54252, 101640, 55739, 93620, 58172]"
117731,"[38572, 78623, 11357, 89299, 109066, 85952, 99201, 61943, 101388, 70648]"
117732,"[54338, 32190, 74081, 41815, 20788, 45500, 70227, 36599, 28332, 75511]"
117733,"[99684, 71184, 29720, 25202, 2123, 84723, 103066, 31113, 34113, 91201]"
117734,"[26146, 63781, 25348, 105811, 17278, 38734, 21066, 106204, 19941, 77225]"
117735,"[98071, 31680, 93623, 45094, 26700, 68446, 89069, 6730, 21298, 81447]"
117736,"[107361, 4514, 16346, 27439, 69252, 6763, 11269, 96943, 37898, 4025]"
117737,"[108882, 16035, 102192, 108699, 13243, 69930, 81222, 98155, 19372, 2016]"
117738,"[42412, 36548, 32981, 97502, 101131, 67859, 91048, 71154, 68563, 86986]"
117739,"[41974, 82618, 55119, 101771, 97077, 52942, 22915, 98525, 96890, 108677]"
117740,"[66694, 102296, 2014, 102473, 23624, 102202, 26884, 66925, 46535, 97317]"
117741,"[23798, 14331, 38596, 29722, 106277, 72352, 60174, 37261, 56878, 103854]"
117742,"[108271, 46360, 17268, 81231, 44596, 71827, 48244, 99143, 1443, 41591]"
117743,"[10014, 96019, 13426, 29695, 8001, 69718, 95610, 104614, 100008, 94183]"
117744,"[99746, 99942, 54382, 101278, 94698, 3350, 2952, 64101, 66770, 102329]"
117745,"[86027, 17949, 52249, 23308, 24452, 6290, 44779, 8914, 42377, 25827]"
117746,"[79078, 36769, 108054, 33253, 39754, 6495, 45005, 17391, 55858, 96599]"
117747,"[143, 97200, 45997, 15768, 36337, 49672, 60790, 94166, 21248, 36864]"
117748,"[61803, 73533, 75674, 30227, 109149, 79280, 66675, 31013, 90033, 97021]"
117749,"[90856, 98739, 24454, 78055, 50919, 82848, 20327, 18418, 79423, 51185]"
117750,"[57311, 1499, 6143, 106502, 67104, 6305, 29474, 84280, 3765, 102105]"
117751,"[87697, 54571, 85644, 74939, 105693, 22732, 1461, 95403, 76909, 82432]"
117752,"[77360, 109344, 32981, 71154, 55244, 97319, 93646, 73074, 68563, 67859]"
117753,"[8882, 50987, 76432, 20398, 82529, 1451, 24752, 32072, 71485, 96703]"
117754,"[102523, 102222, 92735, 12281, 92739, 94482, 15619, 35561, 88940, 60399]"
117755,"[34610, 12376, 44424, 24874, 13237, 43230, 58149, 61538, 89858, 25854]"
117756,"[11412, 62020, 65170, 73098, 71043, 18979, 54684, 42532, 84601, 34224]"
117757,"[36648, 52365, 10337, 28327, 98185, 5949, 9156, 68756, 45254, 60857]"
117758,"[93348, 97875, 92915, 51641, 98681, 52450, 84846, 74854, 77114, 33224]"
117759,"[95798, 28436, 12149, 51004, 45643, 89274, 66178, 8513, 108800, 73524]"
117760,"[39159, 71810, 61383, 35844, 17230, 98004, 53264, 28345, 99821, 11614]"
117761,"[97558, 84226, 77720, 21239, 16175, 50861, 20302, 94400, 81692, 50818]"
117762,"[100359, 38622, 41819, 21258, 67570, 106833, 25307, 97770, 35652, 63987]"
117763,"[29645, 67399, 27443, 6380, 11207, 26452, 46440, 69470, 17756, 66924]"
117764,"[52405, 85215, 14325, 81449, 3469, 5756, 89233, 82853, 60517, 8925]"
117765,"[32760, 28032, 7419, 42342, 86453, 38913, 90464, 7102, 18053, 52453]"
117766,"[74585, 30549, 47088, 60813, 73223, 69422, 79795, 83710, 10338, 6050]"
117767,"[65244, 49877, 44043, 91338, 8952, 79221, 88334, 14764, 33662, 80581]"
117768,"[103471, 100269, 69452, 17140, 57834, 19859, 56774, 48783, 10379, 34261]"
117769,"[102652, 27242, 81109, 3847, 108197, 6518, 31302, 11194, 31790, 62044]"
117770,"[56899, 103731, 52907, 8707, 65415, 34811, 46912, 29591, 1946, 11844]"
117771,"[11472, 90269, 20734, 98548, 37676, 51127, 103147, 25347, 28982, 100296]"
117772,"[50843, 88210, 7181, 54174, 5042, 19846, 71231, 18977, 30824, 54284]"
117773,"[79043, 36521, 82462, 24870, 94333, 37913, 47857, 103540, 74510, 25949]"
117774,"[78814, 108982, 82888, 12395, 98342, 36351, 16823, 40863, 53161, 90627]"
117775,"[96413, 72166, 49816, 25052, 91267, 88087, 44851, 65042, 30686, 11317]"
117776,"[35062, 69025, 7216, 45800, 30396, 37648, 62397, 15969, 43533, 70766]"
117777,"[59481, 76698, 23296, 85043, 77062, 107369, 67973, 37912, 28549, 5364]"
117778,"[93340, 74213, 13202, 94807, 41919, 46860, 56898, 91732, 21454, 76378]"
117779,"[29814, 61912, 41276, 94524, 87131, 13164, 104262, 12473, 93614, 13963]"
117780,"[85604, 93863, 33021, 47736, 101105, 90249, 17413, 66808, 98006, 80193]"
117781,"[96772, 67639, 104009, 42014, 62100, 64665, 32284, 20206, 53535, 17760]"
117782,"[84348, 68055, 108155, 34055, 78126, 85698, 49335, 2843, 7133, 11658]"
117783,"[13374, 76365, 30952, 34257, 58281, 61442, 41144, 19881, 10632, 61580]"
117784,"[95094, 11474, 33314, 8535, 101921, 78968, 69056, 67698, 108018, 5083]"
117785,"[95389, 50962, 14631, 59945, 60745, 87978, 38565, 34374, 35034, 109302]"
117786,"[70280, 71219, 33762, 4586, 109639, 79116, 47729, 66583, 48076, 54947]"
117787,"[34620, 6235, 103678, 105074, 92490, 27065, 67068, 48749, 59920, 43299]"
117788,"[5186, 1711, 109116, 36423, 5428, 71433, 41846, 66376, 5295, 19795]"
117789,"[25920, 52982, 18357, 74462, 107309, 84016, 99293, 88743, 11969, 53057]"
117790,"[58080, 75128, 46633, 57973, 71586, 22506, 5446, 86991, 4341, 108641]"
117791,"[4772, 101599, 23934, 101347, 34762, 69998, 101109, 22334, 107972, 98494]"
117792,"[2037, 89543, 104070, 4201, 26160, 78073, 88138, 107529, 3290, 6720]"
117793,"[38363, 62746, 87370, 89241, 69411, 43730, 60763, 45021, 17107, 49977]"
117794,"[10214, 93371, 21111, 12370, 59062, 55707, 3594, 98846, 3483, 32280]"
117795,"[96399, 102592, 76117, 5259, 23149, 34496, 18933, 42962, 22755, 37236]"
117796,"[107597, 47097, 35918, 72371, 86808, 74037, 24660, 93013, 63831, 13459]"
117797,"[74565, 72230, 107599, 81974, 63757, 94599, 27589, 53965, 108150, 103255]"
117798,"[3339, 80837, 17147, 50700, 51801, 82578, 5357, 92265, 93443, 11117]"
117799,"[31455, 42971, 89437, 17963, 23581, 48175, 16594, 87730, 78065, 21938]"
117800,"[30676, 64766, 89934, 60038, 88331, 49245, 54525, 41392, 388, 106970]"
117801,"[8445, 91686, 72153, 63927, 28736, 5235, 85041, 65199, 77698, 82598]"
117802,"[20472, 46621, 9909, 15180, 16315, 90703, 101789, 34012, 74879, 46634]"
117803,"[72553, 94564, 60197, 91933, 51757, 26463, 38916, 86715, 102813, 1592]"
117804,"[28338, 61374, 23184, 27501, 42283, 33007, 47430, 97649, 99535, 53366]"
117805,"[86863, 7991, 37438, 93666, 46469, 83929, 39168, 18311, 93982, 101004]"
117806,"[29721, 47414, 12535, 6289, 57588, 45742, 59444, 90499, 82690, 41978]"
117807,"[81895, 104402, 83531, 103908, 80219, 58511, 18514, 18562, 79281, 84221]"
117808,"[41131, 105523, 80635, 89627, 107535, 753, 59295, 98995, 74937, 27910]"
117809,"[36473, 7917, 51703, 61625, 27580, 82506, 2536, 80026, 16475, 100765]"
117810,"[24751, 35209, 65423, 27695, 9476, 105237, 78456, 59157, 106570, 99719]"
117811,"[31266, 49065, 47110, 24958, 92190, 53914, 48367, 36015, 2444, 82319]"
117812,"[71100, 38646, 24186, 36363, 78045, 85624, 84523, 6008, 32045, 42990]"
117813,"[76326, 25971, 76009, 60379, 100705, 39489, 93505, 63575, 62113, 21721]"
117814,"[39687, 101162, 27808, 96789, 101778, 26957, 63925, 103114, 103932, 10309]"
117815,"[12766, 101768, 59648, 23859, 12251, 87480, 94092, 59250, 88284, 3871]"
117816,"[106505, 65490, 57333, 26955, 75484, 73751, 15807, 35699, 28905, 80818]"
117817,"[51375, 81795, 55992, 78597, 11667, 47157, 5797, 74320, 49812, 14834]"
117818,"[27810, 43831, 1660, 86731, 67689, 103034, 103910, 46576, 75292, 27188]"
117819,"[15210, 1647, 72383, 73115, 10416, 51282, 12824, 6977, 82394, 35632]"
117820,"[45183, 8031, 77820, 10060, 68917, 57701, 18297, 101445, 81155, 29364]"
117821,"[23892, 102978, 42103, 52024, 49426, 78578, 106345, 78944, 2539, 38274]"
117822,"[48410, 48426, 2864, 62418, 10733, 101528, 91565, 5111, 103271, 42939]"
117823,"[65852, 92943, 42255, 27549, 63148, 49543, 91808, 42570, 50306, 50840]"
117824,"[101544, 31754, 68433, 23453, 100849, 74139, 85051, 58231, 41166, 25375]"
117825,"[43548, 77203, 42258, 25526, 84418, 74874, 32028, 8900, 60289, 36464]"
117826,"[25725, 25118, 41734, 38694, 21278, 89977, 93132, 42881, 61205, 67301]"
117827,"[48914, 40599, 108151, 9234, 85883, 56108, 171, 86334, 45614, 1303]"
117828,"[37792, 44367, 76341, 71362, 19293, 3896, 12711, 42263, 105630, 49821]"
117829,"[15510, 72206, 22793, 1152, 45834, 88919, 72376, 81952, 45718, 101115]"
117830,"[63070, 13621, 105510, 80509, 107260, 36805, 22713, 28883, 58906, 45312]"
117831,"[42609, 95369, 53177, 22845, 12903, 455, 6210, 63853, 4726, 78430]"
117832,"[53246, 66714, 58303, 59952, 12368, 1669, 91151, 13958, 62832, 53510]"
117833,"[26384, 39145, 105626, 33135, 54911, 106629, 100823, 8219, 49523, 94342]"
117834,"[2929, 15094, 431, 20842, 94419, 107939, 60424, 14399, 13124, 109470]"
117835,"[1093, 4418, 25105, 105721, 95945, 96499, 77946, 82380, 54817, 26244]"
117836,"[13310, 8820, 21840, 19498, 67164, 28473, 16049, 34956, 92540, 4551]"
117837,"[91194, 106200, 103713, 90731, 60734, 61338, 105176, 82745, 42474, 59818]"
117838,"[15146, 22591, 7710, 62188, 74232, 41510, 5106, 17038, 56398, 43279]"
117839,"[5181, 80826, 65305, 60016, 1112, 76886, 14878, 14093, 64154, 14858]"
117840,"[70895, 97789, 95895, 19996, 69678, 50724, 66219, 22850, 42628, 51648]"
117841,"[5440, 10838, 54937, 51620, 13519, 93432, 77041, 13054, 67287, 7390]"
117842,"[21465, 8020, 96752, 34119, 25257, 14220, 5246, 54619, 37971, 18551]"
117843,"[94184, 88057, 67446, 20591, 42006, 32891, 15044, 24581, 51230, 37718]"
117844,"[7103, 31788, 93022, 82088, 26512, 69831, 70040, 12241, 64026, 42159]"
117845,"[47133, 15895, 103598, 60690, 106680, 105756, 109237, 77485, 73371, 22078]"
117846,"[54005, 54259, 92863, 89620, 103311, 50690, 67105, 95614, 60977, 21999]"
117847,"[9163, 28363, 33850, 79093, 87523, 47771, 70640, 107577, 100286, 104985]"
117848,"[67305, 69465, 6027, 100565, 25758, 57890, 97430, 16880, 72695, 96246]"
117849,"[90362, 106592, 65393, 46466, 38126, 46318, 41503, 34932, 95343, 88268]"
117850,"[81899, 31342, 86505, 39726, 53217, 88831, 78024, 82908, 97165, 21967]"
117851,"[13714, 56499, 37086, 87710, 8752, 6000, 76161, 78795, 66643, 25179]"
117852,"[46280, 41545, 101025, 66450, 45662, 103404, 12727, 37617, 21632, 98085]"
117853,"[77142, 77326, 53322, 60261, 11279, 64585, 84219, 36555, 44488, 12938]"
117854,"[107466, 60865, 16853, 106803, 97955, 15165, 35711, 22983, 42380, 95638]"
117855,"[70760, 7442, 94333, 100188, 87054, 109426, 91091, 20211, 29059, 34532]"
117856,"[32206, 23735, 23137, 36323, 33191, 102213, 55584, 55021, 77349, 31595]"
117857,"[105578, 10132, 80816, 109453, 18245, 102185, 46042, 20704, 98651, 62298]"
117858,"[97211, 49064, 39663, 84379, 105278, 61053, 26807, 62230, 40824, 1569]"
117859,"[54082, 63342, 3495, 84258, 70863, 49999, 71419, 5571, 109677, 39103]"
117860,"[3066, 17171, 55980, 669, 18531, 82569, 55544, 57523, 11150, 14772]"
117861,"[97354, 48985, 106584, 44105, 93446, 42817, 48733, 73882, 4863, 79322]"
117862,"[75814, 74155, 98054, 25712, 17812, 106504, 87616, 94398, 47477, 24332]"
117863,"[34783, 64950, 70166, 64663, 38455, 5083, 62732, 41015, 68651, 3164]"
117864,"[84270, 10770, 48216, 104444, 34936, 22721, 61765, 69914, 2582, 5416]"
117865,"[71430, 39950, 86746, 50148, 8560, 65157, 97403, 33115, 39153, 89556]"
117866,"[95065, 95684, 52812, 10953, 82771, 46858, 57557, 40332, 57030, 89868]"
117867,"[67015, 108279, 84491, 76988, 48265, 58417, 29144, 87782, 14055, 2234]"
117868,"[33635, 13624, 28575, 14787, 46464, 4592, 84883, 17118, 65636, 94366]"
117869,"[12304, 70138, 10248, 83716, 23377, 29846, 41024, 54874, 61366, 63254]"
117870,"[188, 35978, 45098, 22129, 64258, 80392, 68365, 7458, 20333, 9545]"
117871,"[24540, 1014, 35550, 70695, 96895, 39917, 433, 77185, 35130, 29808]"
117872,"[98602, 42010, 88279, 95918, 103638, 57516, 108805, 99741, 55171, 77318]"
117873,"[47821, 84057, 11480, 17555, 84093, 47369, 59646, 86946, 50771, 31561]"
117874,"[42872, 74930, 48110, 101701, 96344, 35618, 87930, 64910, 93430, 41757]"
117875,"[90681, 31517, 106426, 7053, 26549, 83116, 64650, 38745, 86097, 89817]"
117876,"[70364, 97603, 21282, 103624, 100792, 70763, 18347, 40093, 36031, 15908]"
117877,"[46178, 22362, 80777, 67947, 30092, 102184, 96488, 59115, 29524, 108963]"
117878,"[84536, 9199, 5927, 45027, 64656, 22584, 34675, 79053, 77328, 82845]"
117879,"[49211, 21293, 25074, 98173, 56526, 75930, 64266, 644, 39094, 11575]"
117880,"[102464, 101487, 20058, 74416, 85666, 34371, 34799, 92023, 101636, 106220]"
117881,"[19734, 68495, 63207, 89050, 94167, 94245, 39416, 38644, 46949, 20942]"
117882,"[60206, 66002, 6691, 92230, 36698, 108209, 46173, 96625, 10572, 25931]"
117883,"[21885, 25921, 95752, 62193, 46298, 93743, 103988, 15733, 47676, 69170]"
117884,"[5460, 3223, 51764, 24137, 108401, 72552, 30406, 42515, 109638, 20064]"
117885,"[97722, 9485, 63220, 58971, 65277, 109771, 44163, 99759, 40058, 61106]"
117886,"[82612, 38182, 28791, 75740, 19257, 11930, 28318, 99034, 15921, 78924]"
117887,"[102287, 69965, 106811, 3318, 34054, 53370, 42104, 58491, 16650, 83993]"
117888,"[23695, 106126, 96662, 16582, 90583, 40305, 97569, 77882, 78754, 49253]"
117889,"[32860, 16288, 13282, 78641, 63464, 18461, 54113, 67209, 191, 83920]"
117890,"[7023, 87436, 17597, 6660, 50875, 22600, 22416, 46007, 79929, 54200]"
117891,"[98246, 12760, 85884, 59453, 29809, 73198, 12477, 23903, 108460, 13718]"
117892,"[109561, 17585, 45796, 8548, 51108, 73254, 9109, 106568, 11820, 11491]"
117893,"[79857, 78416, 86488, 73399, 75307, 20194, 39084, 103193, 39467, 62892]"
117894,"[29157, 62155, 75283, 24087, 74238, 85032, 32615, 73643, 80133, 72284]"
117895,"[98500, 87535, 49034, 77259, 103513, 40776, 5534, 45591, 80538, 109651]"
117896,"[28825, 19139, 50000, 54555, 59510, 109202, 33811, 53705, 75632, 71314]"
117897,"[103913, 66732, 78239, 42358, 64383, 87980, 66996, 77961, 14839, 55699]"
117898,"[103463, 88236, 91979, 62765, 57731, 31633, 66351, 52784, 19381, 7149]"
117899,"[26621, 99946, 15018, 46630, 14329, 27381, 40326, 6480, 85277, 25349]"
117900,"[11572, 87786, 90898, 4744, 27340, 23862, 16646, 45198, 45102, 11540]"
117901,"[102100, 85929, 46199, 90376, 43344, 84419, 99375, 11139, 92257, 25429]"
117902,"[42031, 20763, 6987, 96644, 108130, 14524, 66382, 57752, 93689, 45193]"
117903,"[102091, 19525, 55472, 33129, 75348, 22928, 78762, 14866, 54736, 59217]"
117904,"[93954, 90577, 56226, 17260, 88969, 41056, 34391, 72223, 49251, 52679]"
117905,"[24335, 99171, 77231, 56362, 101373, 108697, 88169, 16783, 88422, 35422]"
117906,"[107791, 68169, 43043, 74906, 78386, 33443, 96165, 103777, 37126, 77590]"
117907,"[18410, 17093, 17141, 97369, 77463, 15822, 43995, 19051, 106957, 11793]"
117908,"[15299, 65648, 22840, 41954, 89604, 24390, 83183, 82983, 39942, 18535]"
117909,"[32599, 100395, 12394, 67811, 16825, 44358, 9724, 58494, 19322, 103031]"
117910,"[40016, 66935, 14543, 46512, 20504, 83074, 40432, 81748, 28597, 59190]"
117911,"[50935, 70548, 25743, 42823, 87783, 4058, 1920, 73813, 6615, 39281]"
117912,"[95847, 56416, 85756, 14200, 71453, 7677, 68751, 17095, 85761, 45686]"
117913,"[28463, 55441, 31375, 71198, 76493, 104933, 58878, 82116, 51268, 55259]"
117914,"[9862, 43634, 97700, 34914, 33876, 37665, 2101, 103008, 53795, 94176]"
117915,"[3497, 51752, 9127, 98788, 98982, 71798, 53362, 74973, 83005, 14792]"
117916,"[13531, 105213, 106624, 97352, 39433, 88053, 34616, 1447, 13060, 34850]"
117917,"[85366, 19169, 7076, 48844, 23055, 14304, 25946, 26209, 46075, 88750]"
117918,"[33425, 49704, 5742, 15554, 55316, 19923, 100339, 2274, 87628, 35812]"
117919,"[47385, 52189, 37008, 52969, 64992, 4967, 68157, 28574, 108356, 19312]"
117920,"[84403, 53696, 88458, 89770, 108134, 60472, 100793, 18172, 95405, 52838]"
117921,"[91504, 18225, 80718, 82841, 52466, 80376, 7948, 96362, 67769, 28877]"
117922,"[83584, 19722, 100561, 106179, 99005, 84274, 14784, 24267, 66224, 78206]"
117923,"[50921, 94235, 48292, 1041, 16208, 67183, 70789, 45173, 102856, 31957]"
117924,"[38483, 88229, 78425, 24477, 39642, 44589, 76436, 51674, 74537, 89264]"
117925,"[1950, 93862, 27851, 26473, 60664, 80281, 25596, 36776, 5444, 11705]"
117926,"[390, 54789, 42771, 105350, 45541, 30911, 65071, 39439, 17959, 32065]"
117927,"[86978, 56110, 78599, 932, 85343, 16269, 45276, 23293, 26397, 79501]"
117928,"[13959, 65444, 106434, 54546, 61817, 53088, 82363, 501, 50117, 48621]"
117929,"[83532, 84827, 52062, 59349, 51357, 88606, 37046, 20579, 71551, 6954]"
117930,"[30710, 3269, 106794, 64442, 60455, 13615, 98612, 28985, 66383, 94348]"
117931,"[60497, 11288, 40397, 9580, 101094, 2615, 17899, 86593, 8885, 12844]"
117932,"[52883, 90052, 1904, 39257, 10703, 11468, 16774, 64470, 47716, 21820]"
117933,"[44242, 62809, 34218, 82657, 100884, 96762, 21759, 55324, 52203, 80543]"
117934,"[88629, 5327, 28804, 6806, 73826, 108028, 82895, 39187, 94999, 46931]"
117935,"[59943, 96445, 42521, 89826, 20559, 96694, 54151, 35626, 24018, 45774]"
117936,"[28154, 43064, 6985, 9239, 82341, 18025, 34047, 74249, 8254, 57525]"
117937,"[44652, 30401, 18669, 103958, 99858, 42253, 49190, 17053, 106786, 37309]"
117938,"[106228, 33032, 80383, 9052, 8764, 89408, 23548, 101946, 52752, 20972]"
117939,"[42782, 36300, 28049, 87109, 32268, 107830, 21039, 70310, 96541, 56885]"
117940,"[88078, 44544, 64968, 81511, 69953, 101325, 96220, 93441, 104634, 102053]"
117941,"[11779, 101513, 93422, 55828, 1659, 82525, 96049, 61178, 26091, 35703]"
117942,"[61274, 29696, 83785, 93226, 63109, 24743, 16084, 33354, 11543, 14172]"
117943,"[70721, 69810, 71596, 7938, 27182, 96559, 68188, 76827, 29012, 73910]"
117944,"[92430, 102451, 26882, 85438, 63760, 69863, 64500, 56953, 97075, 55030]"
117945,"[6380, 29645, 67399, 66852, 77366, 46440, 11207, 26452, 67444, 90092]"
117946,"[69272, 28932, 5033, 876, 36754, 46458, 104566, 96120, 109701, 8687]"
117947,"[9604, 87838, 50638, 104515, 72875, 58251, 60693, 8667, 44054, 106860]"
117948,"[5976, 3017, 63170, 26380, 29257, 84088, 84695, 51879, 33975, 58914]"
117949,"[55590, 102196, 103930, 40601, 5099, 108070, 27229, 442, 75294, 95212]"
117950,"[101004, 96985, 40329, 21356, 84490, 45213, 83265, 96718, 38406, 60407]"
117951,"[64358, 74405, 30713, 103293, 26819, 13974, 84047, 70887, 72343, 69512]"
117952,"[22644, 15607, 31213, 85841, 48967, 28555, 40887, 108486, 13640, 12060]"
117953,"[68580, 62387, 86367, 36086, 84080, 74600, 79941, 92037, 59473, 55724]"
117954,"[98558, 19022, 104151, 60571, 36378, 14660, 55892, 43366, 33449, 66145]"
117955,"[68164, 9950, 64710, 29263, 21055, 2792, 108176, 67844, 15633, 88896]"
117956,"[54410, 162, 74201, 55364, 68775, 64091, 65730, 18541, 20765, 77169]"
117957,"[100197, 55013, 87893, 92671, 80280, 41711, 26460, 107515, 18901, 40091]"
117958,"[29109, 9819, 69736, 99983, 68190, 102029, 108543, 43799, 35043, 33844]"
117959,"[61593, 12268, 52500, 104854, 105565, 22280, 34158, 15656, 15304, 64354]"
117960,"[75752, 47422, 53778, 57904, 99135, 84404, 37911, 12606, 92780, 57720]"
117961,"[24306, 40503, 4202, 33196, 66977, 88930, 25237, 23445, 74459, 79008]"
117962,"[53754, 40617, 53571, 46914, 32828, 70815, 60966, 32881, 106155, 92041]"
117963,"[76451, 50643, 86403, 59172, 108516, 6249, 20, 79097, 18527, 54354]"
117964,"[7073, 51105, 67828, 87960, 4031, 56142, 44177, 22412, 31854, 66391]"
117965,"[93913, 7020, 78659, 97503, 108589, 22215, 39747, 88388, 18741, 99995]"
117966,"[1375, 14743, 72181, 57710, 39482, 1446, 74042, 90147, 46486, 57682]"
117967,"[22523, 25196, 14058, 103020, 91026, 2350, 29410, 43322, 27717, 35300]"
117968,"[24778, 62424, 65296, 16839, 97765, 37561, 9283, 63466, 40743, 67795]"
117969,"[85828, 49277, 61805, 99236, 104903, 20705, 104413, 74109, 21798, 96165]"
117970,"[42136, 50750, 107398, 100085, 47081, 30943, 105613, 52962, 20698, 82776]"
117971,"[93118, 1011, 75201, 34405, 69416, 93, 55705, 70855, 28897, 88942]"
117972,"[44344, 52697, 99550, 38307, 1801, 77207, 10768, 52659, 68592, 9907]"
117973,"[82324, 21320, 17607, 14452, 101284, 106601, 77152, 97039, 37925, 70636]"
117974,"[48840, 4346, 16970, 32258, 39205, 99129, 42271, 19908, 106170, 55495]"
117975,"[96459, 25766, 19380, 82238, 17175, 8837, 6611, 83565, 60852, 17692]"
117976,"[3514, 6188, 14704, 94620, 75133, 26207, 8192, 108116, 105011, 3069]"
117977,"[61678, 90046, 72162, 69642, 2615, 63860, 21594, 21843, 46604, 48640]"
117978,"[50202, 2265, 50131, 74944, 103949, 76513, 84352, 60338, 80943, 26994]"
117979,"[25457, 59606, 61121, 63460, 22019, 39859, 106728, 5067, 46370, 30754]"
117980,"[92849, 78061, 103935, 60292, 79296, 62043, 25583, 55771, 74786, 1644]"
117981,"[1892, 91446, 9491, 30338, 88734, 57167, 50568, 69510, 50246, 54315]"
117982,"[62318, 88158, 79914, 46694, 8734, 41079, 27144, 14834, 106160, 58509]"
117983,"[105591, 35759, 103488, 63868, 20829, 28194, 25508, 3276, 30865, 59997]"
117984,"[85432, 39344, 2300, 21878, 75859, 102093, 82239, 24903, 34166, 35645]"
117985,"[101754, 21993, 4347, 10843, 5296, 2704, 87905, 73556, 41486, 103916]"
117986,"[88901, 41953, 80382, 5619, 41998, 44236, 36439, 64343, 32777, 94553]"
117987,"[6065, 10498, 817, 78103, 97606, 60403, 22612, 72931, 60652, 32075]"
117988,"[45206, 62649, 81132, 84589, 51496, 66168, 77643, 26022, 89999, 82719]"
117989,"[65904, 95003, 38630, 49957, 60905, 35059, 85525, 69852, 4756, 26929]"
117990,"[49909, 28391, 52931, 93171, 100444, 74483, 82376, 27841, 2442, 4687]"
117991,"[87550, 56028, 46744, 80025, 30861, 28979, 30027, 60628, 3233, 27467]"
117992,"[16937, 35669, 76310, 102391, 71497, 83102, 12277, 60701, 24362, 67361]"
117993,"[103903, 42919, 57321, 75395, 1547, 23188, 43037, 42513, 101531, 58807]"
117994,"[97500, 105099, 85918, 101292, 74992, 11044, 97372, 29164, 107426, 1297]"
117995,"[99784, 51058, 76673, 20439, 38409, 39701, 98807, 47876, 95549, 105289]"
117996,"[60228, 30172, 44172, 66727, 45067, 8507, 72972, 82882, 48768, 36207]"
117997,"[4855, 63169, 11108, 13446, 102182, 7828, 70035, 66040, 38979, 88481]"
117998,"[33714, 19335, 37299, 79014, 14907, 40168, 55673, 59149, 60555, 23597]"
117999,"[17690, 34614, 40262, 13507, 10780, 28056, 108453, 38824, 83839, 83191]"
118000,"[87023, 58937, 56725, 5335, 17240, 58538, 71247, 849, 50853, 84443]"
118001,"[50706, 6572, 79948, 70733, 23213, 10420, 100895, 49849, 101437, 47361]"
118002,"[39139, 25500, 3468, 76945, 62263, 41282, 49378, 99412, 46104, 52118]"
118003,"[6574, 49339, 14291, 27520, 95306, 78681, 73864, 74443, 25448, 45123]"
118004,"[23748, 43277, 18914, 43687, 55418, 18103, 89383, 62074, 26313, 40024]"
118005,"[16771, 8997, 5306, 92609, 24730, 35485, 80041, 104178, 32562, 77172]"
118006,"[95423, 43979, 48603, 25810, 46522, 34197, 6812, 87842, 64047, 40336]"
118007,"[25776, 23795, 98464, 98094, 6407, 99787, 6869, 100502, 69417, 36454]"
118008,"[33941, 90629, 44504, 98674, 18276, 71352, 15502, 63431, 32733, 21757]"
118009,"[42363, 10577, 95120, 31093, 85161, 78912, 32192, 53324, 35486, 6912]"
118010,"[71890, 79132, 75904, 58326, 87215, 58759, 51968, 14208, 65025, 28696]"
118011,"[106730, 99848, 50179, 103274, 40834, 22737, 36295, 13481, 2699, 57122]"
118012,"[17891, 4389, 68317, 7738, 24239, 87634, 108390, 99435, 85695, 94110]"
118013,"[42664, 75813, 83279, 44041, 14070, 39066, 47121, 3042, 60385, 84867]"
118014,"[92134, 20582, 34077, 13283, 6067, 70515, 39666, 26179, 98248, 31071]"
118015,"[35381, 105120, 27984, 46559, 30193, 100074, 35549, 20502, 16408, 92467]"
118016,"[39887, 82530, 53912, 46226, 41908, 58437, 42670, 7672, 38247, 82325]"
118017,"[17935, 57181, 46652, 50333, 53317, 66578, 34393, 39712, 35762, 40244]"
118018,"[18114, 62408, 78641, 40147, 29902, 77343, 54113, 45498, 2554, 21154]"
118019,"[14105, 95348, 59687, 98021, 51073, 6175, 54318, 44231, 15531, 24233]"
118020,"[17344, 77444, 104847, 4677, 77134, 105365, 4884, 40506, 30125, 90611]"
118021,"[63490, 69342, 81715, 31936, 26274, 100759, 92868, 73454, 43778, 68455]"
118022,"[105955, 50916, 38270, 53641, 11178, 51062, 64415, 55489, 84780, 82039]"
118023,"[49882, 102396, 13691, 51549, 49566, 90396, 44321, 38424, 3415, 77076]"
118024,"[53936, 92354, 79065, 26850, 32790, 11899, 27832, 85567, 21845, 67853]"
118025,"[1567, 58781, 81409, 85896, 103375, 109158, 67478, 101231, 91607, 108654]"
118026,"[89017, 95641, 68154, 91983, 104314, 68855, 40550, 92154, 35215, 11315]"
118027,"[78551, 4947, 17668, 75213, 85036, 65688, 17454, 9018, 90224, 80343]"
118028,"[2209, 2198, 55108, 45841, 103076, 72406, 21895, 8189, 106043, 6648]"
118029,"[108522, 60102, 94940, 78596, 60049, 38855, 72565, 72420, 31589, 55490]"
118030,"[51756, 18111, 15116, 91329, 3063, 92729, 49601, 81517, 98112, 93487]"
118031,"[90422, 46454, 64624, 4637, 79755, 60695, 71881, 97030, 100050, 81302]"
118032,"[2018, 103590, 72395, 79946, 55596, 74481, 22808, 1929, 18890, 36767]"
118033,"[86846, 70652, 1443, 46360, 34224, 26959, 17268, 108271, 71827, 41591]"
118034,"[54680, 14790, 67485, 19199, 16514, 79353, 10822, 18989, 47841, 28322]"
118035,"[74530, 40680, 1483, 81510, 7934, 6115, 64277, 35437, 85036, 15288]"
118036,"[5964, 108246, 77842, 87734, 17214, 62995, 19511, 45656, 22395, 83827]"
118037,"[104100, 26159, 79537, 75708, 1291, 22908, 67843, 65179, 36308, 80448]"
118038,"[32166, 30581, 57380, 36306, 28621, 85592, 57441, 70795, 107208, 35461]"
118039,"[39836, 50982, 35075, 80378, 99396, 33695, 89403, 103466, 28416, 107963]"
118040,"[96656, 91264, 8552, 15285, 72511, 72780, 59342, 88754, 28197, 40958]"
118041,"[40696, 51722, 55151, 10757, 6271, 109, 102333, 73002, 71590, 17740]"
118042,"[78630, 80811, 37031, 71048, 95220, 39507, 55820, 23430, 94108, 73044]"
118043,"[20833, 49330, 43951, 11774, 61170, 32309, 16347, 35378, 89498, 13086]"
118044,"[95932, 7270, 21105, 49250, 57405, 18001, 15854, 83256, 58836, 42441]"
118045,"[100115, 52717, 21833, 15079, 105958, 66254, 70734, 17688, 76528, 104558]"
118046,"[47690, 109204, 53465, 80398, 4364, 28920, 54464, 17650, 102468, 63229]"
118047,"[66496, 97532, 59233, 61172, 26552, 19753, 27349, 70382, 32402, 100027]"
118048,"[107645, 15534, 8090, 90058, 86446, 15669, 105417, 43084, 91783, 63317]"
118049,"[22786, 92073, 7248, 33334, 61726, 84154, 39691, 59715, 19518, 102834]"
118050,"[32910, 19983, 101457, 55616, 21671, 76902, 99712, 22654, 100587, 101977]"
118051,"[64886, 7623, 15751, 3969, 94017, 88296, 86948, 76066, 104957, 55138]"
118052,"[62445, 80177, 41774, 85556, 53811, 37339, 41460, 35536, 7720, 61680]"
118053,"[28154, 43064, 6985, 9239, 82341, 18025, 34047, 74249, 73562, 9119]"
118054,"[12980, 38744, 40227, 68504, 97378, 15664, 79738, 72330, 55708, 58444]"
118055,"[75580, 85105, 96270, 98462, 96854, 103177, 73695, 1455, 80861, 31137]"
118056,"[66972, 71948, 9140, 106727, 51008, 15289, 104643, 30904, 10963, 14121]"
118057,"[27156, 7721, 71594, 109312, 64546, 95856, 5047, 38035, 380, 55233]"
118058,"[52128, 97744, 4137, 106613, 26732, 74604, 57294, 8856, 94121, 44469]"
118059,"[100729, 75919, 79070, 84522, 9746, 96330, 100067, 97714, 13641, 94942]"
118060,"[16055, 89492, 24962, 66239, 102221, 33207, 56128, 83706, 55493, 22319]"
118061,"[92108, 55613, 1622, 67366, 108363, 53181, 106302, 91689, 66845, 79858]"
118062,"[97831, 64997, 104831, 30329, 29067, 40170, 54918, 95472, 33959, 63532]"
118063,"[95155, 19755, 61114, 86237, 22975, 22196, 60131, 37635, 13188, 48736]"
118064,"[12084, 21266, 29342, 54633, 48464, 22191, 8565, 69647, 81389, 88908]"
118065,"[99942, 101278, 9286, 24504, 99746, 32530, 24171, 55984, 19346, 55935]"
118066,"[35753, 79088, 98851, 73925, 7246, 44353, 93732, 41346, 100351, 35408]"
118067,"[63480, 74018, 33812, 88597, 62164, 78820, 55672, 1939, 79767, 62180]"
118068,"[106971, 45166, 39657, 19795, 66376, 25078, 109116, 44315, 109094, 63710]"
118069,"[55621, 49448, 106612, 82697, 38692, 67359, 5882, 76492, 101552, 39837]"
118070,"[58121, 13921, 33658, 7477, 101859, 9892, 11287, 31447, 43592, 71190]"
118071,"[3627, 27966, 6538, 78355, 104939, 47456, 95478, 11236, 27040, 23367]"
118072,"[80483, 7278, 48458, 24150, 79510, 36717, 9861, 33620, 11534, 48462]"
118073,"[67586, 3275, 1197, 18718, 76060, 18754, 24515, 98059, 103764, 29365]"
118074,"[11669, 46446, 29599, 58392, 39619, 37833, 8423, 54740, 104036, 38202]"
118075,"[85857, 92443, 108827, 13707, 60823, 73517, 107237, 56489, 29418, 9383]"
118076,"[50700, 51801, 3339, 61195, 80837, 92265, 82575, 17147, 109196, 9964]"
118077,"[16893, 14250, 9386, 82797, 65621, 80199, 13742, 72021, 54250, 82265]"
118078,"[72835, 88101, 17657, 73674, 90731, 28946, 99863, 42474, 34610, 88932]"
118079,"[32900, 37721, 90677, 65426, 11952, 18139, 27538, 57183, 97129, 51405]"
118080,"[54485, 88643, 57222, 88804, 71508, 37731, 89744, 23350, 85271, 56264]"
118081,"[73940, 5379, 40170, 41499, 30022, 106747, 69450, 58581, 87910, 107848]"
118082,"[26940, 20038, 24081, 77854, 46880, 51758, 80045, 60313, 93927, 101446]"
118083,"[60613, 89207, 59291, 60, 37691, 66995, 31867, 73866, 24420, 35122]"
118084,"[34835, 4837, 67448, 102786, 107075, 6643, 83926, 109323, 6111, 78406]"
118085,"[38958, 64378, 27058, 107299, 103457, 98839, 81206, 13205, 27903, 93709]"
118086,"[54500, 28502, 40623, 61053, 96634, 16836, 71144, 12514, 36052, 5045]"
118087,"[31532, 80945, 21444, 100256, 89137, 24327, 26728, 69293, 40909, 12264]"
118088,"[62777, 63402, 30000, 29706, 105032, 78730, 109194, 61235, 38108, 98498]"
118089,"[98950, 102689, 4856, 29416, 97361, 26856, 100372, 87740, 44687, 91313]"
118090,"[48689, 40779, 74752, 68170, 28472, 98142, 106757, 59199, 79627, 72998]"
118091,"[14462, 35589, 42303, 76320, 63938, 103865, 83436, 31645, 89242, 46918]"
118092,"[62172, 47421, 58587, 69653, 3962, 86791, 102533, 85990, 17111, 18322]"
118093,"[10640, 107694, 50414, 5720, 102249, 73105, 72936, 74084, 33505, 107259]"
118094,"[99673, 56520, 108046, 8031, 8831, 29719, 6728, 33893, 51468, 7288]"
118095,"[19720, 1712, 83782, 27631, 19715, 94442, 16276, 9693, 21449, 52220]"
118096,"[2549, 91479, 39783, 32097, 67212, 65995, 44934, 25815, 11670, 94442]"
118097,"[34476, 94558, 106232, 13564, 89530, 64055, 99523, 60467, 9313, 65512]"
118098,"[19492, 72612, 17807, 17840, 82343, 19692, 44112, 34591, 53941, 5905]"
118099,"[97262, 74617, 61189, 50224, 31707, 69823, 49173, 6303, 105871, 35182]"
118100,"[32393, 24355, 65286, 76926, 40866, 24656, 5679, 34209, 3299, 63210]"
118101,"[35052, 61394, 41178, 21808, 102270, 11816, 76822, 6422, 53372, 90999]"
118102,"[40444, 54110, 81886, 36583, 1506, 25431, 70975, 99710, 55496, 63258]"
118103,"[16817, 35683, 19407, 34254, 78695, 59801, 49984, 8236, 38516, 6591]"
118104,"[54347, 16940, 75744, 63108, 5724, 25369, 53346, 75961, 85061, 107217]"
118105,"[45539, 104249, 106941, 60916, 4671, 33499, 36221, 35211, 52527, 11073]"
118106,"[94487, 39197, 80954, 16720, 61695, 49896, 14831, 15655, 93357, 3201]"
118107,"[45303, 38219, 6021, 108456, 17304, 86443, 40066, 101409, 31546, 56670]"
118108,"[52972, 108101, 25568, 55218, 64879, 64030, 34969, 7069, 48891, 35802]"
118109,"[85182, 53477, 3722, 77771, 7326, 55364, 74201, 54331, 80368, 22140]"
118110,"[51804, 2594, 99390, 105579, 31800, 105419, 21703, 2693, 64452, 72154]"
118111,"[83760, 53414, 3604, 99241, 65679, 41238, 51856, 3511, 43471, 90347]"
118112,"[3462, 98498, 109019, 103104, 1147, 65955, 78452, 46511, 23356, 81030]"
118113,"[27191, 5945, 6336, 102457, 15888, 36918, 96739, 23467, 1902, 71900]"
118114,"[74162, 48192, 42528, 96967, 63184, 42118, 35556, 50682, 32494, 56638]"
118115,"[6968, 92647, 56022, 62968, 25994, 53712, 61859, 37334, 88172, 30243]"
118116,"[42986, 13042, 16916, 53269, 5229, 84156, 75188, 55279, 45377, 32151]"
118117,"[94099, 35207, 10598, 63622, 18561, 55594, 85244, 42832, 58189, 88240]"
118118,"[25223, 26566, 10649, 26763, 64814, 83884, 102999, 1068, 29279, 108763]"
118119,"[97776, 98180, 89805, 93179, 47580, 9963, 17388, 7490, 103451, 84253]"
118120,"[61459, 44103, 12039, 10235, 108866, 24529, 60024, 86482, 79499, 15581]"
118121,"[11467, 28695, 66524, 19159, 87856, 91122, 35244, 24882, 60245, 99612]"
118122,"[74225, 96575, 99857, 101529, 80231, 37112, 2025, 28319, 92107, 8126]"
118123,"[20803, 22797, 54989, 44683, 97731, 25082, 103274, 71148, 631, 14491]"
118124,"[104474, 100448, 44895, 10644, 39590, 62071, 47575, 7361, 50099, 104803]"
118125,"[42245, 96613, 105605, 76330, 68152, 104399, 45389, 25735, 63599, 39230]"
118126,"[25067, 72773, 71389, 37471, 68974, 20838, 68853, 16607, 42392, 2939]"
118127,"[65638, 16558, 37315, 37526, 7235, 42008, 105914, 7123, 88047, 58466]"
118128,"[67219, 96245, 80805, 38412, 94499, 17241, 85927, 62894, 70709, 68847]"
118129,"[49615, 74563, 104837, 70623, 84610, 60326, 16240, 57755, 88196, 50667]"
118130,"[55012, 54243, 83091, 43562, 95298, 20690, 105017, 66577, 91153, 48376]"
118131,"[85815, 27889, 90576, 63179, 107808, 71923, 32341, 8066, 4296, 64735]"
118132,"[56719, 6771, 2489, 83530, 90843, 1568, 50402, 247, 16310, 29730]"
118133,"[73852, 107333, 60067, 43603, 85779, 22875, 3596, 82714, 69391, 36233]"
118134,"[68680, 44482, 88107, 58922, 34698, 73093, 74544, 20198, 17763, 73163]"
118135,"[10777, 39624, 57836, 26082, 63975, 47092, 26711, 32633, 28160, 78780]"
118136,"[48497, 108925, 69961, 3305, 25842, 38232, 19148, 101294, 105964, 35762]"
118137,"[67340, 107656, 11005, 99009, 28148, 86549, 6559, 32467, 21184, 15061]"
118138,"[78457, 96630, 63465, 10938, 2712, 25670, 30205, 84872, 99372, 251]"
118139,"[11689, 43432, 25870, 63005, 50739, 2666, 31858, 85772, 70183, 27173]"
118140,"[80293, 84437, 46111, 82285, 90193, 15813, 8505, 73781, 38388, 57157]"
118141,"[77416, 32488, 42294, 78845, 103482, 55507, 34131, 89949, 42779, 79532]"
118142,"[60890, 73331, 60012, 43172, 3633, 75294, 83935, 9446, 96077, 72504]"
118143,"[55091, 47168, 23141, 41457, 109447, 84588, 79481, 46136, 11796, 22099]"
118144,"[99864, 3343, 68908, 28095, 104037, 68745, 98045, 83312, 66260, 45854]"
118145,"[13388, 54834, 7017, 72956, 51290, 3493, 33304, 87843, 67637, 14844]"
118146,"[93146, 46501, 31907, 59742, 807, 83793, 26985, 11428, 81364, 15070]"
118147,"[63279, 20365, 11386, 54078, 20101, 41037, 562, 29724, 109036, 3754]"
118148,"[19368, 36145, 58909, 109650, 86046, 76185, 6131, 85465, 8286, 47208]"
118149,"[104290, 17328, 33096, 85888, 35928, 100986, 102678, 15008, 30157, 45506]"
118150,"[21551, 57494, 80259, 87308, 67519, 54786, 98719, 77923, 41990, 94535]"
118151,"[74012, 5280, 103725, 28134, 12504, 49381, 58448, 26639, 32678, 17196]"
118152,"[5039, 27235, 77640, 66532, 54503, 9013, 11038, 69851, 39298, 10923]"
118153,"[6996, 93489, 29248, 20299, 45904, 83157, 91671, 405, 97056, 22706]"
118154,"[24479, 22751, 88201, 88151, 68800, 83827, 31182, 6613, 98245, 68725]"
118155,"[99476, 13941, 90640, 71207, 74620, 48064, 21271, 71803, 58016, 53736]"
118156,"[108085, 67529, 55195, 50767, 52532, 81809, 39275, 99996, 103626, 72622]"
118157,"[31085, 99852, 884, 12686, 75048, 8705, 20649, 33183, 10066, 43808]"
118158,"[81109, 3847, 31302, 6518, 108197, 27242, 102652, 101285, 31359, 109457]"
118159,"[42492, 38264, 70645, 63874, 49650, 26031, 9186, 72558, 108798, 83708]"
118160,"[42600, 90759, 57931, 25848, 74292, 12181, 51461, 72187, 72762, 50090]"
118161,"[45118, 73487, 92888, 89609, 104772, 82129, 16501, 10969, 105926, 11216]"
118162,"[61025, 4700, 15792, 32454, 33229, 70304, 98957, 38493, 4595, 108494]"
118163,"[52889, 87472, 78577, 19012, 49115, 81460, 28366, 218, 83765, 43682]"
118164,"[55515, 107494, 22237, 76943, 90518, 72523, 59441, 93801, 79783, 83714]"
118165,"[69564, 95610, 46784, 11748, 87417, 5972, 106102, 56210, 81633, 57274]"
118166,"[72391, 82063, 45077, 60287, 46373, 63112, 104808, 68008, 99715, 82458]"
118167,"[73508, 99896, 21155, 37855, 74313, 77191, 102421, 88793, 69527, 48683]"
118168,"[57046, 99438, 75209, 107874, 6331, 62147, 37199, 13590, 74418, 61429]"
118169,"[58661, 76100, 4385, 71280, 44611, 45033, 16956, 27789, 15391, 11890]"
118170,"[55210, 106936, 28786, 27468, 100007, 28033, 104827, 103376, 70643, 17506]"
118171,"[19929, 64048, 64820, 23976, 39854, 15503, 108561, 68820, 47385, 47972]"
118172,"[85089, 90524, 82084, 105041, 43118, 14950, 85662, 42435, 96668, 106246]"
118173,"[49990, 98196, 94507, 35108, 106570, 24751, 63565, 35209, 62349, 105237]"
118174,"[96770, 71360, 46317, 73371, 25156, 84844, 22078, 106680, 80384, 81380]"
118175,"[857, 32955, 12873, 66323, 22742, 74277, 105818, 22919, 83395, 89150]"
118176,"[25776, 6869, 23795, 87810, 98094, 6407, 99787, 83374, 46938, 100502]"
118177,"[10529, 76047, 83284, 29889, 87796, 85342, 108972, 75422, 749, 95054]"
118178,"[82630, 61836, 24798, 62289, 80683, 44602, 4925, 53632, 72107, 74778]"
118179,"[68732, 83765, 67656, 86754, 13831, 39199, 22651, 13679, 49911, 87472]"
118180,"[19250, 85697, 10753, 31183, 11205, 82943, 105593, 3174, 68228, 101564]"
118181,"[87907, 20600, 28941, 68589, 15760, 26112, 77603, 6318, 48271, 18695]"
118182,"[1099, 15071, 69504, 18331, 104936, 70567, 91823, 97400, 11134, 98559]"
118183,"[102399, 80237, 67730, 43046, 39862, 61013, 41447, 103891, 62267, 20773]"
118184,"[30239, 67734, 33878, 32814, 49652, 35042, 97592, 82330, 83130, 93652]"
118185,"[106726, 90229, 68238, 8915, 6653, 59386, 34520, 80767, 108907, 89267]"
118186,"[66192, 99133, 92790, 47564, 89775, 57453, 19934, 72616, 99329, 63715]"
118187,"[28952, 41602, 34990, 61126, 82729, 85635, 80888, 38423, 96159, 22188]"
118188,"[37943, 77747, 6752, 14031, 71205, 15530, 28600, 64228, 44854, 21415]"
118189,"[79564, 12849, 73659, 29313, 74180, 47561, 58025, 58285, 23276, 107117]"
118190,"[18962, 1764, 9347, 64179, 31271, 32648, 76103, 36765, 49751, 19919]"
118191,"[37850, 103105, 43892, 8167, 48845, 49584, 104238, 52649, 41619, 72840]"
118192,"[15827, 3777, 38708, 10111, 107093, 16881, 49329, 76854, 90195, 98527]"
118193,"[24901, 69693, 10033, 82936, 57264, 82837, 16016, 82171, 22536, 5674]"
118194,"[83302, 76942, 95999, 24078, 27432, 40358, 71078, 46480, 70266, 88019]"
118195,"[38780, 84976, 47288, 58530, 94763, 109349, 70303, 34951, 49318, 83514]"
118196,"[106641, 30168, 13019, 60383, 16402, 59846, 58616, 101401, 61233, 33832]"
118197,"[74256, 73553, 20968, 11369, 24149, 80351, 92388, 87770, 89571, 32294]"
118198,"[90812, 27370, 78994, 78391, 19019, 107993, 83940, 75434, 34779, 7745]"
118199,"[38409, 51058, 95549, 99784, 39701, 76673, 20439, 47876, 98807, 105163]"
118200,"[108340, 61626, 6359, 81852, 97207, 46611, 64732, 56997, 75106, 33889]"
118201,"[54385, 25690, 51156, 33319, 17159, 91681, 6840, 54737, 3630, 106553]"
118202,"[52513, 17570, 95991, 51603, 13675, 98866, 89572, 93187, 45018, 52634]"
118203,"[89751, 76671, 63649, 81707, 18255, 25936, 20271, 83446, 95871, 57139]"
118204,"[44678, 31540, 29559, 33062, 37818, 10738, 59046, 25675, 49493, 103116]"
118205,"[79059, 98520, 74410, 103244, 21273, 36428, 101792, 15698, 95302, 11606]"
118206,"[102855, 29155, 86702, 93482, 46308, 92591, 107587, 88512, 97796, 40846]"
118207,"[105239, 27779, 11642, 18074, 98123, 76036, 22843, 61581, 30100, 50837]"
118208,"[61471, 96959, 43103, 73175, 48540, 102747, 44583, 94850, 97888, 76551]"
118209,"[27065, 57052, 37957, 52598, 86457, 52548, 37286, 35380, 30446, 39441]"
118210,"[55336, 1313, 14213, 91339, 52992, 55440, 69846, 20843, 56247, 96627]"
118211,"[60379, 40831, 94006, 25275, 9071, 53609, 63775, 47143, 108798, 81171]"
118212,"[105478, 3374, 83965, 7336, 20557, 89978, 75256, 47669, 79921, 49757]"
118213,"[61964, 97061, 3626, 20128, 81846, 64684, 6980, 56152, 109636, 49868]"
118214,"[95559, 69943, 80979, 33814, 77828, 60350, 73875, 66191, 46499, 75815]"
118215,"[49402, 41996, 55266, 74029, 91857, 71347, 47586, 38876, 25673, 12600]"
118216,"[63700, 23215, 99487, 75704, 83840, 89391, 8052, 4228, 40948, 101132]"
118217,"[33589, 78964, 52162, 74080, 7840, 77992, 27190, 77879, 29864, 24619]"
118218,"[89646, 56827, 74555, 16373, 67553, 13218, 92630, 67309, 73821, 73299]"
118219,"[90055, 49415, 48937, 71380, 11652, 40614, 1899, 79285, 4028, 37081]"
118220,"[22371, 65699, 13820, 107861, 36468, 99271, 89105, 29467, 89852, 14722]"
118221,"[28081, 104885, 47685, 90398, 28320, 6471, 23801, 55035, 4412, 63315]"
118222,"[92300, 30546, 60375, 89596, 105716, 84025, 99966, 61430, 32544, 22613]"
118223,"[73487, 82129, 71930, 45118, 32172, 62651, 95816, 54117, 77629, 89609]"
118224,"[41774, 80177, 62445, 43854, 46302, 90772, 96413, 48583, 33729, 35192]"
118225,"[49016, 95419, 52727, 10072, 555, 72624, 73409, 88946, 7183, 58423]"
118226,"[57208, 91675, 57891, 59279, 104983, 28324, 62713, 12955, 93320, 79706]"
118227,"[84985, 60423, 30656, 88100, 73024, 65231, 55680, 21235, 20625, 84006]"
118228,"[93997, 7295, 61441, 7944, 106581, 1890, 30572, 37309, 95639, 99858]"
118229,"[90964, 23613, 3978, 8416, 48584, 63223, 77200, 92246, 13786, 49331]"
118230,"[89621, 35190, 5170, 66298, 29289, 52138, 99212, 104868, 109336, 1556]"
118231,"[87584, 82845, 85159, 89592, 61869, 32119, 12807, 32433, 103669, 1536]"
118232,"[1514, 105290, 108333, 95959, 73162, 22122, 57620, 19504, 93574, 63666]"
118233,"[4398, 34148, 2220, 23621, 63166, 65680, 63590, 15186, 60408, 94014]"
118234,"[38304, 63454, 30693, 25549, 95518, 51666, 104131, 37182, 18036, 17716]"
118235,"[100361, 67979, 93433, 81658, 52927, 27020, 97269, 20553, 60264, 82287]"
118236,"[9981, 45923, 20853, 57376, 49600, 2676, 91879, 91480, 76670, 82017]"
118237,"[6454, 32210, 92436, 78981, 94748, 30865, 58465, 97573, 19195, 80472]"
118238,"[50354, 28785, 24079, 17330, 11332, 12888, 72559, 80956, 53523, 34165]"
118239,"[109618, 19472, 6725, 34850, 24023, 5024, 69057, 99313, 67822, 63687]"
118240,"[82727, 84213, 23316, 15668, 104489, 70191, 58457, 25320, 14511, 79247]"
118241,"[53592, 45839, 45225, 38609, 59219, 83798, 56837, 20892, 69575, 63721]"
118242,"[27964, 32074, 11781, 82114, 29854, 82427, 68843, 14098, 22206, 305]"
118243,"[103745, 37401, 53902, 95986, 100495, 36348, 102417, 109527, 14923, 3678]"
118244,"[61122, 52406, 75534, 78810, 12932, 94474, 87094, 30637, 91081, 68945]"
118245,"[58482, 71581, 91967, 78445, 10540, 57095, 77197, 11429, 13715, 31925]"
118246,"[52328, 26485, 11062, 55055, 24493, 1590, 47741, 13459, 92578, 32105]"
118247,"[52695, 34902, 51241, 56662, 80372, 69910, 104879, 9961, 49825, 58227]"
118248,"[67899, 66291, 37486, 89682, 7307, 107107, 46901, 61673, 68715, 75061]"
118249,"[35422, 88169, 101317, 94318, 88422, 23216, 19108, 72605, 93966, 79994]"
118250,"[37607, 23661, 77298, 49270, 88989, 12297, 6618, 91556, 73465, 11460]"
118251,"[98304, 25963, 40291, 11346, 53363, 41431, 34642, 1031, 99084, 10120]"
118252,"[67077, 58521, 64281, 60248, 6612, 72971, 89043, 1142, 81802, 31908]"
118253,"[40958, 96656, 64636, 91264, 95483, 50834, 105352, 72780, 52180, 15285]"
118254,"[20643, 14592, 81860, 102330, 92117, 32490, 52882, 54800, 50160, 10617]"
118255,"[51416, 35736, 10435, 101798, 56704, 68376, 98791, 101195, 71673, 66481]"
118256,"[3584, 29457, 75934, 48852, 77290, 73071, 36967, 75774, 67615, 88310]"
118257,"[49000, 6003, 40036, 23616, 30432, 66035, 105730, 36338, 79492, 30605]"
118258,"[17899, 72731, 14012, 70625, 20732, 55681, 9580, 100629, 109459, 71952]"
118259,"[101155, 59184, 2062, 104718, 37511, 87366, 90011, 106717, 42203, 25204]"
118260,"[68827, 30149, 32388, 108841, 1040, 87830, 46663, 28848, 76966, 32521]"
118261,"[59759, 53150, 91189, 57156, 93828, 29480, 92913, 107767, 63786, 103863]"
118262,"[24344, 46163, 108245, 83540, 25530, 31127, 43925, 38063, 36602, 34712]"
118263,"[84046, 72466, 98159, 27032, 71081, 43583, 1487, 3976, 57503, 27645]"
118264,"[6535, 24959, 88084, 107665, 79853, 61906, 62081, 49860, 48457, 64379]"
118265,"[50962, 41483, 60122, 38563, 109470, 103882, 27859, 96313, 5895, 14636]"
118266,"[34515, 20272, 49867, 50991, 88055, 46854, 99865, 89394, 95564, 4673]"
118267,"[45976, 69532, 71580, 60573, 73687, 28247, 68517, 13497, 66217, 90274]"
118268,"[108195, 56229, 54050, 90777, 64881, 31490, 6566, 92643, 30663, 3480]"
118269,"[6861, 68528, 29217, 69626, 58363, 14767, 41455, 27557, 54832, 50848]"
118270,"[35702, 30664, 8654, 58400, 96149, 36486, 87562, 42899, 5864, 88985]"
118271,"[17510, 83513, 42323, 17921, 16046, 89278, 17060, 45931, 41103, 6541]"
118272,"[87639, 41683, 19240, 86816, 49908, 102841, 47384, 88562, 106699, 80016]"
118273,"[32808, 31268, 109502, 90087, 79513, 28992, 44314, 57558, 13161, 89908]"
118274,"[12469, 88711, 12497, 101603, 52963, 24156, 65339, 36591, 23823, 24680]"
118275,"[26243, 4970, 85349, 99217, 15893, 3130, 4390, 37708, 10873, 53737]"
118276,"[85375, 71978, 53842, 75876, 14786, 98061, 46919, 67514, 94321, 67408]"
118277,"[8559, 51836, 32947, 71721, 35698, 98101, 89121, 43628, 104868, 71162]"
118278,"[16891, 81920, 16354, 58366, 62220, 63015, 92160, 82060, 15156, 26629]"
118279,"[59063, 24574, 82061, 7919, 52060, 61743, 13674, 9966, 56701, 83984]"
118280,"[78412, 3441, 20944, 106933, 108068, 36220, 69076, 58735, 99449, 36236]"
118281,"[77440, 19862, 46532, 60710, 34163, 14545, 10895, 104830, 54331, 28565]"
118282,"[11387, 44579, 34394, 52101, 60183, 94900, 105926, 85852, 23064, 35695]"
118283,"[100361, 93433, 67979, 81400, 81658, 24288, 52927, 95943, 60264, 82287]"
118284,"[48376, 95298, 83091, 24414, 55852, 11004, 33772, 55012, 45848, 43562]"
118285,"[16006, 14657, 16901, 7994, 54986, 97300, 47026, 33037, 72828, 21748]"
118286,"[5851, 81639, 101099, 88686, 58829, 58342, 56984, 13875, 59479, 47581]"
118287,"[94773, 81323, 41493, 31436, 66606, 37056, 108384, 38763, 48348, 2031]"
118288,"[69543, 81840, 105715, 81271, 30830, 99994, 102020, 100367, 55678, 20594]"
118289,"[54461, 103536, 55463, 93654, 81093, 76344, 17919, 64348, 100499, 26188]"
118290,"[83961, 45930, 87554, 62962, 22624, 26149, 99850, 39776, 65501, 80651]"
118291,"[84873, 80008, 60340, 96364, 29510, 69444, 31972, 105449, 85571, 83388]"
118292,"[28798, 73243, 74859, 40521, 103575, 38779, 81869, 17054, 24777, 92087]"
118293,"[104359, 15772, 64163, 46110, 95821, 36790, 98221, 21522, 65500, 26999]"
118294,"[59091, 83959, 55466, 98646, 62334, 87106, 90847, 21767, 24721, 66701]"
118295,"[10519, 102843, 94030, 36390, 78998, 45927, 90702, 60063, 48090, 93693]"
118296,"[90560, 24071, 4931, 43699, 85975, 27647, 79945, 14664, 59012, 26185]"
118297,"[109553, 79958, 108707, 80300, 12378, 102601, 66050, 82944, 67732, 67321]"
118298,"[38443, 78689, 38867, 8297, 82123, 37151, 25667, 82487, 89676, 90930]"
118299,"[87413, 87520, 57303, 75059, 55694, 63813, 63158, 79872, 12077, 84084]"
118300,"[46280, 41545, 108872, 95135, 57950, 93749, 106272, 24748, 60165, 101025]"
118301,"[108407, 26631, 104980, 15451, 5884, 9835, 99553, 90397, 84013, 2559]"
118302,"[48707, 83123, 6784, 107917, 23839, 26212, 28209, 77553, 19564, 96735]"
118303,"[81885, 84492, 96452, 88226, 1869, 70807, 46735, 88033, 17752, 58666]"
118304,"[103007, 43288, 93766, 25179, 26809, 83683, 35845, 102651, 40786, 12933]"
118305,"[25741, 24210, 37879, 34327, 335, 50089, 744, 33740, 37976, 4876]"
118306,"[90358, 54442, 101476, 82546, 42764, 91259, 99192, 83062, 11903, 106666]"
118307,"[36023, 108878, 48928, 61825, 85797, 35496, 93141, 28930, 36911, 86127]"
118308,"[30081, 101836, 98354, 55196, 17645, 57386, 108369, 1702, 429, 69996]"
118309,"[27691, 28594, 59169, 38634, 42573, 351, 99943, 85649, 44839, 79560]"
118310,"[2471, 8330, 92476, 29821, 8703, 37698, 87164, 85397, 53341, 48304]"
118311,"[11650, 32161, 70251, 32071, 55049, 15858, 28091, 81736, 28269, 32376]"
118312,"[65823, 38088, 62872, 66595, 76410, 75055, 71504, 37313, 78991, 59875]"
118313,"[9318, 94766, 40304, 54677, 98933, 35984, 75099, 73936, 16892, 43442]"
118314,"[84407, 99706, 41563, 53739, 77999, 76847, 45730, 25970, 18381, 37255]"
118315,"[95866, 40919, 87945, 40567, 28173, 99978, 105038, 81261, 21921, 27285]"
118316,"[1741, 34838, 47712, 15593, 30897, 56563, 12241, 17953, 62525, 20154]"
118317,"[10904, 104681, 5552, 99546, 106233, 27328, 88894, 25957, 76919, 53492]"
118318,"[76870, 4639, 56650, 13155, 49969, 63430, 70718, 32118, 29521, 30486]"
118319,"[101492, 86024, 80983, 5157, 97960, 81750, 68793, 19394, 45831, 16129]"
118320,"[102523, 102222, 92739, 94482, 12281, 92735, 6341, 54037, 60399, 43632]"
118321,"[1860, 8083, 100803, 14849, 13005, 20727, 105503, 31129, 6663, 100978]"
118322,"[86620, 80629, 40616, 162, 62862, 39602, 31618, 22548, 79041, 49644]"
118323,"[57624, 93493, 41359, 108411, 91747, 70318, 56121, 94134, 40069, 107847]"
118324,"[87121, 6546, 19744, 57371, 2879, 64680, 46068, 71841, 40652, 86016]"
118325,"[85540, 32572, 73130, 97076, 19305, 42592, 25188, 34751, 47267, 10513]"
118326,"[45224, 11992, 56566, 11739, 23234, 51210, 107757, 75792, 34682, 101951]"
118327,"[74126, 15429, 29774, 14507, 17406, 3340, 65503, 31641, 3443, 22820]"
118328,"[85592, 30581, 54649, 57380, 44900, 107208, 72950, 28621, 49484, 32166]"
118329,"[56208, 95776, 13889, 40634, 45997, 97200, 70943, 90009, 62141, 7411]"
118330,"[99117, 75597, 80682, 50521, 46209, 46041, 61986, 14441, 92681, 57286]"
118331,"[96389, 24206, 40650, 59278, 65603, 15822, 29183, 11974, 37666, 69257]"
118332,"[16065, 91851, 100571, 55882, 95838, 65833, 96365, 61361, 27411, 47442]"
118333,"[18769, 39275, 78359, 27738, 33934, 24206, 63119, 62122, 34325, 52532]"
118334,"[34372, 68555, 78793, 10320, 4337, 60256, 7304, 102346, 9805, 83998]"
118335,"[14489, 81539, 89217, 8644, 17290, 81333, 35538, 40715, 5458, 54900]"
118336,"[65240, 102286, 41201, 102065, 96572, 35638, 109036, 9454, 12190, 25065]"
118337,"[92309, 38469, 99317, 80006, 105365, 4884, 25613, 70968, 30403, 73700]"
118338,"[43590, 46773, 105257, 46389, 19600, 101056, 85705, 70032, 27084, 30662]"
118339,"[17426, 8427, 11753, 27603, 37872, 36543, 55932, 34770, 109105, 82913]"
118340,"[81764, 90298, 46705, 10825, 33219, 37670, 102502, 43598, 2296, 69500]"
118341,"[23824, 59317, 88591, 69854, 24570, 99445, 21861, 51775, 41019, 12598]"
118342,"[47780, 37227, 50314, 29585, 91467, 30565, 68634, 100492, 104329, 103144]"
118343,"[16765, 47463, 10763, 50677, 100470, 45956, 52687, 22859, 38836, 87189]"
118344,"[104459, 22354, 56360, 31148, 27745, 62874, 105118, 98627, 74362, 99049]"
118345,"[98674, 32733, 18276, 90629, 15502, 71352, 44504, 63431, 49593, 35961]"
118346,"[87254, 28875, 94972, 72058, 94371, 46698, 59380, 83368, 13605, 58081]"
118347,"[88702, 53323, 45385, 75004, 19996, 93445, 2292, 24676, 84007, 66219]"
118348,"[32905, 59820, 22758, 27561, 53643, 36511, 109328, 64988, 69014, 72910]"
118349,"[25999, 48496, 58654, 31097, 76279, 59094, 25272, 28237, 8845, 70888]"
118350,"[101868, 460, 98264, 93017, 28760, 23376, 106038, 13929, 19298, 59180]"
118351,"[53064, 72691, 20900, 98803, 22185, 23835, 45095, 48319, 1905, 83726]"
118352,"[96014, 68078, 49966, 20621, 43195, 99524, 34320, 107925, 8909, 86084]"
118353,"[615, 23608, 106086, 18387, 22500, 40885, 91466, 607, 79494, 36159]"
118354,"[90739, 96439, 27968, 45239, 54036, 81065, 21857, 40064, 33531, 9128]"
118355,"[83087, 33775, 91263, 79460, 23782, 65542, 67474, 52470, 61515, 73853]"
118356,"[55392, 29051, 67609, 71868, 30035, 69118, 47723, 68309, 97284, 84210]"
118357,"[102229, 8443, 44554, 35866, 101893, 47149, 38375, 70206, 73900, 63911]"
118358,"[82917, 35067, 91989, 97419, 13030, 51449, 26899, 60252, 26429, 4583]"
118359,"[60208, 51334, 56430, 14363, 82703, 17412, 88818, 79868, 2930, 332]"
118360,"[104171, 9755, 8810, 64219, 19953, 22170, 59912, 104274, 61295, 94267]"
118361,"[30005, 15190, 57598, 90152, 92861, 102031, 13115, 6745, 33736, 21300]"
118362,"[73174, 34234, 32539, 66313, 73092, 57060, 6155, 86950, 37094, 10910]"
118363,"[317, 9659, 68297, 68477, 81880, 27790, 63270, 65846, 48931, 30474]"
118364,"[57750, 89159, 16255, 57030, 46858, 3009, 10953, 34120, 32218, 22373]"
118365,"[27785, 19360, 59241, 34165, 87332, 19552, 30454, 17398, 62290, 16219]"
118366,"[93192, 21025, 10117, 104527, 81714, 96819, 19787, 19457, 26795, 62199]"
118367,"[39336, 47475, 75901, 9893, 71114, 62828, 5874, 109726, 65637, 53765]"
118368,"[72527, 90648, 88022, 80161, 101954, 62724, 109675, 36715, 109090, 27767]"
118369,"[70119, 52543, 64249, 39880, 80858, 30340, 105580, 58363, 102162, 14767]"
118370,"[77978, 74661, 16339, 35979, 63412, 96842, 104201, 97493, 33549, 58143]"
118371,"[39215, 65168, 102671, 72779, 76811, 87588, 45687, 5496, 103701, 4635]"
118372,"[80637, 60756, 55252, 14483, 58949, 90215, 21509, 29417, 83175, 55878]"
118373,"[26738, 19838, 11320, 43693, 71716, 40316, 67555, 9117, 93604, 70265]"
118374,"[19138, 75244, 17176, 56635, 13326, 96481, 105541, 109364, 15570, 2016]"
118375,"[20778, 51675, 89264, 42706, 94094, 107647, 82664, 59147, 38331, 50126]"
118376,"[103187, 90062, 24448, 23288, 9026, 15951, 92916, 90344, 45894, 60107]"
118377,"[1626, 871, 38759, 91840, 89444, 85657, 41557, 31401, 93952, 43429]"
118378,"[24623, 74657, 22437, 72690, 30474, 8880, 32894, 37268, 106864, 12101]"
118379,"[85828, 20705, 20134, 80377, 75830, 23719, 27991, 1135, 82072, 74109]"
118380,"[21734, 90439, 20059, 102991, 100504, 105738, 70847, 17079, 38755, 42232]"
118381,"[94568, 14438, 72522, 18321, 94921, 5535, 29394, 13933, 94938, 5284]"
118382,"[104337, 98362, 71765, 107495, 34329, 28059, 55026, 39376, 68862, 73349]"
118383,"[52203, 62809, 44242, 34218, 82657, 32691, 100884, 96762, 21759, 18983]"
118384,"[88652, 96089, 18340, 62221, 80619, 2456, 64528, 41528, 63218, 53385]"
118385,"[2714, 29651, 66947, 68627, 50611, 65029, 10240, 63204, 28723, 49842]"
118386,"[34432, 37103, 28288, 104809, 97657, 24205, 37475, 27087, 70717, 50105]"
118387,"[85486, 80605, 102648, 13552, 90569, 77937, 109008, 107289, 101662, 9541]"
118388,"[102536, 94409, 102551, 107257, 10055, 57833, 1076, 40791, 81214, 10515]"
118389,"[26585, 25475, 78386, 67019, 76661, 33443, 79067, 45874, 48475, 48642]"
118390,"[38738, 10483, 43498, 81947, 99500, 74375, 7118, 674, 105392, 85113]"
118391,"[11041, 2490, 99791, 8475, 17062, 62676, 94131, 21906, 1767, 87599]"
118392,"[92680, 23924, 28624, 7136, 12982, 12704, 48478, 9658, 66151, 11125]"
118393,"[15708, 13439, 40254, 32550, 38893, 95523, 7826, 97163, 44900, 80120]"
118394,"[35327, 19616, 86630, 12151, 57655, 48322, 76991, 80353, 69648, 108273]"
118395,"[42561, 47771, 9163, 107577, 55854, 100286, 61944, 28363, 33850, 79093]"
118396,"[2416, 81058, 41585, 39111, 95663, 59624, 61652, 101134, 53877, 34031]"
118397,"[88651, 13105, 35002, 89616, 83224, 87741, 18406, 40159, 9609, 82296]"
118398,"[96851, 35576, 11819, 51904, 67421, 95215, 93907, 105666, 16723, 18444]"
118399,"[69909, 23162, 24226, 43425, 25468, 13832, 53816, 29783, 62997, 73237]"
118400,"[21007, 65720, 21068, 70246, 41605, 71958, 95398, 22509, 49976, 95328]"
118401,"[100974, 35492, 29573, 92174, 75103, 90457, 26223, 88869, 69375, 20392]"
118402,"[17008, 65099, 7885, 26202, 12852, 11392, 51610, 36700, 75338, 51992]"
118403,"[68463, 43975, 56864, 90205, 88766, 8940, 105404, 11234, 45258, 65160]"
118404,"[30063, 104371, 79325, 15139, 19217, 85096, 55767, 58054, 86780, 55449]"
118405,"[83228, 18796, 69008, 91327, 63785, 94801, 46602, 30345, 10739, 16065]"
118406,"[47903, 27420, 76724, 63607, 94813, 47238, 37150, 88376, 24681, 45597]"
118407,"[68659, 85148, 103753, 102647, 46479, 22411, 35008, 28953, 105236, 17701]"
118408,"[25612, 57207, 35295, 72668, 73913, 13532, 13477, 14927, 3260, 41256]"
118409,"[60653, 39441, 73128, 27065, 14536, 34948, 14267, 98057, 77941, 39394]"
118410,"[74414, 13106, 3006, 102794, 107892, 91047, 78358, 13293, 48491, 66390]"
118411,"[392, 100262, 98811, 19852, 45053, 101517, 80724, 75403, 24199, 27512]"
118412,"[31838, 16341, 98611, 50386, 98613, 27054, 100412, 108360, 108304, 104872]"
118413,"[46842, 80847, 6523, 26910, 28163, 84059, 97507, 23418, 21302, 54030]"
118414,"[65058, 98843, 9429, 6493, 2916, 26866, 51376, 32349, 93331, 10398]"
118415,"[40384, 101116, 103230, 91724, 101906, 106064, 10456, 39051, 54237, 26299]"
118416,"[80587, 95981, 40819, 24984, 60796, 8192, 2812, 34301, 77552, 90536]"
118417,"[3455, 16191, 75679, 63006, 22711, 22981, 79592, 23301, 62514, 22386]"
118418,"[2380, 49176, 19855, 62635, 49289, 73845, 48475, 11252, 101360, 49678]"
118419,"[811, 26792, 66608, 50392, 3293, 45261, 109306, 58455, 70666, 62090]"
118420,"[6628, 3596, 82714, 69391, 36233, 73852, 85779, 60067, 107333, 43603]"
118421,"[108715, 39562, 22175, 2556, 46826, 21851, 79943, 97909, 13684, 72128]"
118422,"[105448, 13795, 63289, 8630, 10223, 85382, 38458, 62294, 106596, 77208]"
118423,"[904, 73246, 72080, 25416, 54323, 70351, 8865, 50399, 53047, 107]"
118424,"[15748, 49734, 68211, 38290, 49949, 83690, 70155, 106597, 11873, 26238]"
118425,"[79872, 39044, 33978, 21419, 87078, 85612, 57303, 84626, 38995, 11747]"
118426,"[36895, 5920, 8543, 18598, 60576, 48666, 102668, 38244, 28718, 102457]"
118427,"[84788, 92465, 60712, 54232, 6182, 17170, 104985, 80632, 97364, 51055]"
118428,"[32070, 82266, 105207, 62444, 71725, 88656, 30342, 38141, 80207, 14230]"
118429,"[71804, 95182, 7571, 10967, 8384, 84227, 56789, 71149, 96565, 90926]"
118430,"[47065, 48005, 12411, 42319, 37042, 40127, 20981, 934, 41494, 57401]"
118431,"[86167, 26493, 24785, 98915, 53555, 49612, 3602, 69299, 56462, 102927]"
118432,"[70840, 102601, 63949, 11839, 109056, 82208, 77155, 58184, 104753, 67523]"
118433,"[88231, 21991, 107097, 12945, 25973, 52733, 78390, 15224, 676, 54189]"
118434,"[17689, 68479, 51013, 63919, 76255, 26294, 22900, 4230, 47880, 89309]"
118435,"[94434, 25984, 51811, 98585, 63303, 57569, 91477, 36598, 90760, 34447]"
118436,"[69413, 79579, 4090, 95697, 83588, 36044, 69887, 85620, 34182, 692]"
118437,"[73692, 46485, 107453, 10214, 76531, 10510, 43357, 93371, 21111, 53235]"
118438,"[73802, 102563, 41901, 87978, 14399, 62467, 97916, 22116, 82107, 77164]"
118439,"[68144, 23486, 44599, 3842, 76130, 83258, 109340, 101040, 107832, 62239]"
118440,"[40654, 91396, 68868, 36641, 29172, 69935, 26383, 82534, 42713, 48430]"
118441,"[14038, 106382, 92574, 22242, 29814, 38240, 74106, 34756, 7224, 69140]"
118442,"[97206, 102655, 65284, 30216, 76633, 39181, 17192, 100910, 103866, 90883]"
118443,"[62670, 41658, 26032, 11960, 25001, 7988, 40119, 94469, 57077, 95581]"
118444,"[66856, 14251, 25265, 48286, 79206, 2393, 48406, 90095, 53446, 48043]"
118445,"[72750, 53438, 19709, 8692, 60151, 75667, 50939, 15953, 85149, 89476]"
118446,"[58242, 40730, 49265, 771, 7172, 69062, 13753, 24380, 85066, 53202]"
118447,"[65839, 85187, 73757, 41476, 80523, 85636, 44448, 82503, 16844, 21059]"
118448,"[72992, 6370, 64791, 83581, 42456, 98885, 100277, 105715, 41785, 29326]"
118449,"[70151, 62815, 43837, 90288, 47924, 107248, 72745, 96582, 10912, 87309]"
118450,"[21689, 7997, 35945, 79187, 82939, 26072, 68877, 42575, 66155, 90247]"
118451,"[94182, 12898, 24775, 105569, 26544, 18393, 68296, 52762, 12498, 86512]"
118452,"[42355, 19037, 67354, 52886, 29015, 51909, 40713, 57937, 80696, 84596]"
118453,"[31554, 43909, 29118, 66618, 20313, 17640, 94078, 83848, 99963, 2833]"
118454,"[54189, 63636, 18437, 11664, 46106, 82732, 15863, 50388, 81264, 12945]"
118455,"[9925, 94372, 85959, 75764, 79003, 75441, 78527, 78196, 75881, 109587]"
118456,"[68547, 103619, 72306, 8772, 75386, 19765, 6942, 5319, 82313, 80044]"
118457,"[51510, 49767, 81159, 46843, 82861, 95719, 14265, 71141, 97599, 49518]"
118458,"[26266, 3759, 76002, 56557, 97655, 66412, 6333, 104869, 109336, 33903]"
118459,"[31296, 69368, 17938, 18543, 58872, 10074, 97522, 88477, 10769, 25426]"
118460,"[22058, 69984, 47326, 36723, 15000, 38613, 30852, 71671, 72347, 68060]"
118461,"[52509, 105298, 25454, 99897, 36880, 78928, 89811, 4946, 66557, 29011]"
118462,"[50142, 80011, 8727, 47755, 61011, 78036, 40428, 60990, 36449, 68622]"
118463,"[78976, 106122, 11983, 15361, 20751, 64676, 52641, 71602, 12254, 88908]"
118464,"[109471, 50412, 29196, 21763, 24595, 72101, 17982, 49241, 21426, 53381]"
118465,"[93491, 42024, 65227, 64960, 16807, 73520, 78653, 28498, 25003, 31975]"
118466,"[94083, 43141, 34227, 38008, 33167, 87530, 15220, 75798, 35728, 95913]"
118467,"[55027, 39420, 74789, 10439, 61953, 27757, 70485, 10034, 17019, 30719]"
118468,"[78259, 100426, 22273, 43782, 94613, 23401, 97340, 69077, 73013, 95610]"
118469,"[75655, 16395, 102504, 86328, 39689, 73476, 97295, 48724, 89814, 107101]"
118470,"[109765, 27063, 91833, 74388, 37159, 66402, 32937, 46901, 50132, 46721]"
118471,"[66680, 81095, 53233, 84121, 12557, 37511, 61365, 38820, 49961, 90967]"
118472,"[96955, 104796, 55923, 55149, 41078, 89746, 58307, 59732, 53879, 89850]"
118473,"[71413, 8229, 38156, 13052, 107833, 11552, 24367, 83095, 106664, 56214]"
118474,"[41628, 4192, 82131, 29506, 14893, 11781, 82942, 51759, 920, 33867]"
118475,"[62105, 40588, 34418, 39081, 488, 34238, 24588, 67493, 47864, 41280]"
118476,"[93664, 35246, 33485, 56085, 40814, 103111, 99102, 56017, 81487, 37230]"
118477,"[53927, 12545, 72757, 59903, 100380, 92282, 56769, 66468, 99583, 15209]"
118478,"[31425, 6396, 107537, 42420, 18548, 45220, 76861, 109422, 48741, 102227]"
118479,"[39751, 15272, 77807, 74214, 63872, 53756, 50063, 69363, 55700, 108378]"
118480,"[15055, 102314, 75700, 29569, 16477, 52811, 103833, 56248, 107814, 30718]"
118481,"[19418, 10026, 81569, 77659, 38482, 99672, 1961, 102129, 46072, 4897]"
118482,"[49631, 11773, 86843, 54745, 77189, 104133, 15904, 25831, 89637, 21045]"
118483,"[33912, 29865, 5837, 83143, 74727, 38928, 57025, 9540, 53735, 107354]"
118484,"[92510, 1229, 86472, 59842, 102179, 95759, 30583, 88568, 104360, 70569]"
118485,"[20145, 99890, 54916, 4323, 46348, 52651, 73549, 62305, 102381, 67743]"
118486,"[24349, 37617, 60742, 88170, 10106, 53503, 41545, 17063, 48321, 8012]"
118487,"[83884, 108763, 26566, 20781, 26763, 10649, 102999, 70047, 25223, 64814]"
118488,"[9197, 85878, 31712, 42750, 14748, 7518, 72398, 51291, 69245, 66788]"
118489,"[89029, 58904, 35034, 51888, 107575, 51824, 100604, 63601, 39807, 32857]"
118490,"[33075, 91142, 20623, 3110, 63251, 21866, 24670, 4945, 63631, 60158]"
118491,"[64121, 99600, 107664, 91301, 63372, 98827, 89478, 8752, 1532, 95108]"
118492,"[48225, 79364, 57088, 45200, 31544, 28119, 67738, 653, 1385, 81651]"
118493,"[67368, 24318, 107790, 81958, 39243, 48639, 7102, 104965, 12112, 7600]"
118494,"[47988, 104979, 5488, 28481, 9430, 92548, 18212, 49657, 106469, 7497]"
118495,"[101985, 77039, 67509, 33172, 19258, 76703, 3118, 26694, 56554, 88948]"
118496,"[2757, 108590, 79505, 28223, 91609, 20531, 67067, 1285, 55165, 106088]"
118497,"[27109, 46884, 25639, 57518, 6091, 65951, 21440, 102769, 44085, 91831]"
118498,"[59344, 3419, 68693, 64953, 56647, 51713, 68498, 52857, 58134, 10205]"
118499,"[74658, 50655, 61814, 7504, 41836, 55176, 6706, 98722, 26758, 40968]"
118500,"[52589, 82465, 23436, 19601, 41162, 56049, 104637, 100185, 39402, 101774]"
118501,"[18926, 95383, 45744, 48193, 73375, 79029, 23659, 1377, 10124, 27492]"
118502,"[97491, 22392, 37258, 72428, 64506, 9831, 87264, 30685, 36332, 86310]"
118503,"[20120, 100518, 34103, 84845, 27990, 98953, 46584, 8133, 86907, 64177]"
118504,"[15576, 57028, 74593, 39856, 7072, 942, 16154, 99456, 70418, 53815]"
118505,"[95586, 101276, 82923, 3853, 63582, 54921, 62229, 107864, 83210, 11907]"
118506,"[15296, 92077, 44054, 79675, 99220, 43862, 87838, 10729, 19545, 81214]"
118507,"[27888, 103603, 86569, 76990, 106705, 20298, 87669, 82054, 97625, 59984]"
118508,"[16181, 32562, 106265, 109669, 9560, 80946, 16801, 16771, 35485, 104178]"
118509,"[62170, 42996, 87048, 18584, 18560, 50374, 45046, 107109, 76970, 80859]"
118510,"[83338, 659, 72044, 84638, 63445, 40167, 49369, 87027, 30989, 82768]"
118511,"[49145, 89096, 45847, 103822, 15863, 99491, 71733, 58880, 97345, 19780]"
118512,"[50487, 102030, 56262, 98691, 40449, 10731, 49754, 20192, 107446, 37705]"
118513,"[55499, 78183, 24382, 47602, 81961, 2371, 73797, 64483, 66047, 55910]"
118514,"[106663, 87571, 13191, 54559, 13882, 50531, 19698, 27979, 8454, 84794]"
118515,"[96, 16760, 34830, 26919, 73995, 43812, 45448, 12768, 94075, 61879]"
118516,"[57490, 94260, 36510, 63577, 65225, 45770, 44704, 43401, 82790, 109005]"
118517,"[48980, 49384, 16473, 64230, 6263, 77790, 80173, 69897, 10982, 65191]"
118518,"[90430, 9529, 59800, 78482, 6134, 77721, 98444, 73887, 40756, 88143]"
118519,"[18306, 21761, 26335, 73153, 54501, 10154, 94689, 18369, 18954, 73594]"
118520,"[31503, 2937, 61325, 59209, 58874, 75160, 75337, 56381, 42327, 109077]"
118521,"[101486, 23649, 76342, 85457, 69372, 42110, 19495, 104657, 101210, 39326]"
118522,"[29169, 55868, 44879, 81657, 51571, 38645, 50895, 4324, 101795, 102038]"
118523,"[61500, 77614, 64590, 38371, 5251, 75065, 50134, 102802, 67098, 55289]"
118524,"[79917, 35324, 10387, 76651, 89382, 2024, 97072, 91537, 103593, 84613]"
118525,"[71426, 29528, 14435, 46393, 18772, 5468, 42030, 72622, 81609, 76057]"
118526,"[90307, 43991, 51807, 80245, 76446, 108686, 104456, 108251, 453, 37939]"
118527,"[14325, 82853, 89233, 8925, 60517, 81449, 3469, 29967, 85612, 100611]"
118528,"[12578, 60860, 12576, 34647, 29245, 40727, 13890, 99664, 20057, 11403]"
118529,"[17865, 9101, 93079, 68968, 82878, 26144, 43850, 13876, 64425, 78432]"
118530,"[96953, 47408, 26682, 90728, 80389, 89078, 94051, 45804, 60055, 70839]"
118531,"[82541, 5144, 18895, 96520, 20056, 26000, 63043, 100411, 52922, 90602]"
118532,"[58628, 80492, 18368, 13658, 35590, 43050, 93222, 68040, 108191, 65298]"
118533,"[456, 10751, 70622, 101598, 3255, 76762, 81546, 80280, 38933, 40091]"
118534,"[85368, 58168, 64246, 100544, 79402, 7520, 85995, 70088, 16943, 14632]"
118535,"[21162, 70040, 107161, 36206, 23974, 42159, 97219, 31919, 94866, 78781]"
118536,"[32234, 23410, 38373, 13069, 36175, 60615, 47060, 36504, 85226, 27208]"
118537,"[35670, 9767, 54344, 24780, 44084, 107150, 86759, 46686, 69960, 33098]"
118538,"[108294, 1899, 79285, 49415, 71380, 102636, 4028, 23641, 11652, 40614]"
118539,"[74520, 34802, 30783, 79264, 7271, 39064, 87745, 101508, 35994, 27661]"
118540,"[29034, 28860, 51632, 70791, 68422, 75529, 52168, 92232, 87183, 66374]"
118541,"[91645, 60781, 72903, 99760, 60575, 66964, 96245, 80805, 17805, 58658]"
118542,"[47012, 107748, 82198, 67926, 72403, 59307, 45129, 60963, 36689, 43600]"
118543,"[79985, 71328, 30929, 24475, 12842, 17359, 33866, 103448, 52760, 77756]"
118544,"[85144, 79434, 3276, 97529, 1077, 62372, 93300, 19460, 65038, 34962]"
118545,"[82806, 100184, 55072, 79231, 86577, 89862, 23696, 35265, 80700, 54934]"
118546,"[79343, 67127, 78211, 89625, 3691, 77544, 48191, 63730, 19519, 88472]"
118547,"[21622, 33474, 60617, 87805, 98402, 90176, 66348, 100749, 84662, 11253]"
118548,"[88090, 106622, 88252, 60800, 25174, 30633, 4064, 56734, 108928, 31593]"
118549,"[87447, 6113, 75277, 15005, 105416, 37714, 16730, 65340, 104818, 55129]"
118550,"[107123, 53693, 86036, 96294, 6541, 105313, 86230, 64251, 99920, 88097]"
118551,"[96174, 1735, 64789, 97497, 52863, 105712, 86145, 20172, 85713, 33214]"
118552,"[97175, 95125, 36049, 56959, 51355, 83170, 69239, 5158, 74899, 10842]"
118553,"[4600, 58598, 98779, 53882, 89291, 25680, 88703, 17220, 97240, 94933]"
118554,"[85407, 64864, 22202, 107550, 44235, 33041, 9388, 102617, 34141, 18169]"
118555,"[16621, 21666, 96446, 60124, 36999, 65356, 4557, 45242, 21489, 72541]"
118556,"[7543, 58117, 52475, 87351, 36658, 9986, 2943, 107567, 66154, 5634]"
118557,"[4256, 107652, 57761, 43144, 24441, 36475, 57249, 98240, 93897, 66126]"
118558,"[91457, 108970, 94213, 98857, 25796, 98269, 93003, 83326, 95201, 97068]"
118559,"[82654, 14145, 64330, 24658, 67263, 54221, 53892, 90696, 12098, 70972]"
118560,"[79952, 32659, 62899, 32630, 57777, 80921, 28730, 93083, 3341, 61753]"
118561,"[27062, 31534, 47957, 2131, 57800, 12488, 58685, 85831, 5765, 87681]"
118562,"[22757, 80085, 18504, 104116, 79581, 97925, 48317, 20269, 39641, 98054]"
118563,"[58087, 28955, 64724, 41772, 62210, 62867, 41010, 19067, 23957, 42148]"
118564,"[60596, 97975, 14639, 68722, 87245, 107605, 103606, 8505, 1417, 70753]"
118565,"[9559, 58861, 95700, 56428, 108035, 61408, 27484, 51652, 100288, 43566]"
118566,"[28116, 85177, 90753, 58241, 88563, 86264, 33312, 10987, 104811, 91475]"
118567,"[98039, 9760, 68560, 56848, 18282, 42148, 14588, 70629, 101071, 33341]"
118568,"[83923, 44016, 56621, 71211, 5413, 23362, 33452, 101524, 25225, 86278]"
118569,"[23915, 87701, 95210, 39630, 58233, 30012, 58383, 17998, 209, 36556]"
118570,"[94719, 38071, 20454, 73543, 100662, 578, 50646, 58247, 43793, 75678]"
118571,"[84204, 39862, 80237, 102399, 20773, 97318, 67730, 43046, 57426, 46710]"
118572,"[91224, 18133, 68803, 30228, 82137, 56354, 1494, 76807, 38915, 73240]"
118573,"[109099, 80287, 12616, 42832, 58189, 101352, 10569, 51321, 5426, 99300]"
118574,"[56836, 6467, 56290, 85115, 47295, 36351, 38294, 93516, 92261, 10152]"
118575,"[90880, 77743, 17552, 105313, 56358, 62253, 11949, 5188, 86230, 48379]"
118576,"[107616, 21807, 73214, 8913, 6652, 102579, 47999, 36954, 43402, 54922]"
118577,"[6538, 104939, 3627, 27966, 78355, 47456, 95478, 105209, 86039, 73258]"
118578,"[69519, 9441, 100886, 101355, 9376, 85064, 99019, 59906, 86217, 19229]"
118579,"[33694, 58271, 8334, 95295, 79444, 62560, 16847, 56180, 80304, 9661]"
118580,"[61496, 40365, 70466, 41736, 65930, 49197, 60947, 46945, 103170, 5422]"
118581,"[49893, 82226, 61101, 3084, 14222, 93264, 23061, 51520, 24433, 27597]"
118582,"[72706, 13827, 57674, 47830, 9046, 5105, 98258, 11926, 22407, 94080]"
118583,"[18804, 76890, 8389, 51474, 79381, 17231, 54107, 21557, 67983, 5467]"
118584,"[63333, 19577, 50049, 3845, 60262, 63641, 93099, 2095, 61993, 23913]"
118585,"[74020, 60911, 81320, 59608, 16906, 72970, 46534, 105625, 49509, 67614]"
118586,"[7034, 95894, 12511, 55315, 11503, 70701, 56820, 40124, 83789, 12787]"
118587,"[53886, 37646, 66564, 1523, 51256, 79399, 90563, 47175, 22968, 14887]"
118588,"[74209, 32779, 107634, 9162, 34333, 58531, 71153, 35869, 32722, 75847]"
118589,"[45792, 9591, 19567, 37423, 71924, 79503, 23241, 10064, 57037, 27654]"
118590,"[74847, 21613, 70683, 73055, 96195, 80828, 76701, 22962, 56006, 82662]"
118591,"[29133, 48751, 84447, 26408, 41807, 65643, 33012, 95575, 306, 18298]"
118592,"[68205, 9440, 22367, 97178, 86898, 86381, 43210, 11061, 23520, 92389]"
118593,"[52928, 4001, 76328, 54730, 29734, 50867, 89996, 27011, 84527, 93616]"
118594,"[60804, 36007, 26482, 109261, 20848, 38867, 58445, 40060, 68844, 89191]"
118595,"[61360, 93979, 16635, 103972, 14456, 8430, 27604, 55768, 53601, 50692]"
118596,"[5858, 63419, 80104, 67627, 19456, 74290, 108986, 7857, 100240, 53212]"
118597,"[28932, 36754, 7221, 104650, 56400, 105838, 41536, 7579, 3545, 78077]"
118598,"[12113, 101659, 67419, 83986, 27846, 92511, 38574, 103467, 84414, 103875]"
118599,"[91052, 45361, 32407, 68113, 78202, 82931, 38672, 89560, 67197, 34342]"
118600,"[95379, 84734, 7141, 47792, 68280, 9794, 96886, 19316, 46201, 36732]"
118601,"[58466, 87492, 63185, 19806, 54276, 43190, 141, 13645, 19649, 62006]"
118602,"[75165, 16737, 30176, 63916, 11570, 49789, 34664, 103980, 81360, 75590]"
118603,"[57402, 54328, 42298, 3636, 89184, 89725, 79719, 99526, 12457, 75159]"
118604,"[53417, 90221, 84914, 77499, 13760, 89922, 21438, 74553, 65140, 98761]"
118605,"[7965, 26928, 81080, 3393, 24293, 44295, 13105, 104104, 47558, 77456]"
118606,"[71404, 12938, 104145, 65272, 45697, 85729, 63163, 19800, 26442, 78107]"
118607,"[13775, 18254, 32547, 26397, 80711, 37006, 42591, 92454, 89687, 66249]"
118608,"[31613, 37327, 70456, 22526, 48558, 36263, 103097, 93164, 992, 74419]"
118609,"[84925, 55334, 26346, 28788, 102116, 38698, 47197, 103000, 18788, 9810]"
118610,"[37721, 27538, 97129, 51405, 32900, 85466, 90677, 65426, 64515, 57183]"
118611,"[18852, 52206, 30573, 98749, 72069, 45408, 39004, 31980, 92119, 35886]"
118612,"[94034, 98727, 29206, 76885, 22809, 49248, 14860, 93239, 71311, 98201]"
118613,"[11375, 87064, 108088, 85082, 95043, 52640, 50384, 75895, 63353, 34309]"
118614,"[40433, 23482, 77323, 85567, 107332, 28266, 94710, 76215, 70203, 102718]"
118615,"[22534, 63337, 42601, 76683, 4737, 59359, 53468, 16709, 85970, 100531]"
118616,"[42359, 81940, 43648, 43170, 73607, 45852, 38286, 93819, 8799, 2298]"
118617,"[104271, 78610, 66665, 59393, 91944, 55629, 109402, 37554, 90498, 101804]"
118618,"[84591, 83999, 31008, 44267, 67576, 70258, 30248, 40277, 104229, 64681]"
118619,"[40041, 46016, 89592, 107998, 3142, 50861, 86431, 68888, 59686, 106986]"
118620,"[50089, 335, 37976, 25741, 24210, 34327, 108373, 95853, 53647, 70743]"
118621,"[59185, 29962, 99634, 71010, 40511, 16421, 53723, 51348, 24248, 104367]"
118622,"[59008, 75305, 82415, 9444, 15885, 94354, 40361, 63552, 26651, 2283]"
118623,"[27919, 48180, 61262, 60406, 86122, 76558, 63497, 29443, 54510, 68218]"
118624,"[99518, 275, 40175, 54570, 4992, 28593, 14902, 47765, 73768, 2145]"
118625,"[94727, 24293, 47543, 90194, 29655, 108908, 107152, 47293, 11206, 48774]"
118626,"[8609, 104415, 99062, 72682, 91888, 84217, 28988, 65820, 105705, 20772]"
118627,"[11929, 53299, 98959, 91844, 19746, 11964, 3065, 72760, 68428, 91383]"
118628,"[28539, 9287, 49593, 35961, 33941, 85792, 20471, 90629, 9226, 32178]"
118629,"[34217, 101847, 28855, 75969, 49711, 104095, 11226, 2082, 39944, 69315]"
118630,"[76502, 69905, 102138, 52566, 95477, 10920, 13271, 42536, 48402, 101688]"
118631,"[48810, 20239, 109419, 6803, 61686, 69018, 108040, 102727, 3450, 75677]"
118632,"[35881, 35964, 2652, 85425, 96230, 8365, 41338, 85412, 33766, 41423]"
118633,"[89977, 7769, 38694, 17820, 42881, 67352, 41734, 21278, 31543, 55401]"
118634,"[18308, 81222, 13243, 48834, 19372, 21106, 105541, 102192, 2016, 15570]"
118635,"[56703, 22185, 62266, 36538, 33097, 25131, 9069, 108933, 75474, 9525]"
118636,"[16588, 16282, 14299, 96064, 45478, 59168, 8967, 97399, 10462, 9971]"
118637,"[105821, 94912, 26319, 12037, 1958, 79573, 27221, 17517, 42045, 48663]"
118638,"[99169, 27706, 89040, 109243, 102283, 79554, 31780, 19172, 101361, 32855]"
118639,"[93494, 81513, 52326, 98291, 53016, 108765, 108370, 95526, 104342, 18212]"
118640,"[99440, 85960, 77771, 64630, 97208, 41221, 49766, 39902, 102590, 10895]"
118641,"[3012, 53355, 65752, 100915, 93883, 85784, 90583, 37163, 101077, 3381]"
118642,"[93648, 88792, 84725, 77537, 94762, 105705, 32993, 11875, 7434, 84228]"
118643,"[72519, 36295, 57122, 20273, 13481, 25756, 2699, 56114, 50179, 103274]"
118644,"[31424, 69162, 32600, 108400, 96072, 85356, 63923, 7061, 77405, 24625]"
118645,"[32082, 101722, 628, 7252, 36330, 31555, 287, 71176, 18064, 20035]"
118646,"[19981, 18270, 47499, 58064, 76420, 75296, 74123, 16660, 895, 40282]"
118647,"[67491, 71618, 100215, 66903, 20005, 8741, 63412, 60023, 85541, 92260]"
118648,"[88377, 18037, 3167, 86010, 80519, 72703, 13777, 14600, 66189, 47758]"
118649,"[39912, 54635, 22111, 39944, 34696, 23066, 43317, 82997, 91324, 75786]"
118650,"[106641, 30168, 13019, 60383, 16402, 59846, 58616, 101401, 61233, 33832]"
118651,"[38128, 65169, 69493, 87421, 65161, 30017, 41487, 79569, 52052, 49560]"
118652,"[38934, 102946, 3257, 86924, 22942, 5945, 71900, 66043, 66305, 34382]"
118653,"[23629, 46437, 80714, 59022, 108576, 22129, 64258, 80392, 105598, 35978]"
118654,"[17219, 54825, 72863, 69948, 57063, 95697, 83588, 99312, 71545, 101562]"
118655,"[41898, 103702, 74722, 79754, 109132, 76881, 59723, 71076, 106802, 99234]"
118656,"[87575, 104081, 102870, 27766, 52986, 64325, 25866, 50671, 72929, 80556]"
118657,"[84438, 32754, 67064, 59305, 34820, 92365, 90391, 63468, 5402, 34617]"
118658,"[39062, 18486, 73398, 47969, 92128, 78745, 38725, 75387, 59741, 2579]"
118659,"[48923, 86712, 76562, 28629, 3824, 79973, 103543, 13276, 96693, 8081]"
118660,"[8851, 35132, 109339, 47575, 58950, 37469, 100316, 30192, 88898, 69570]"
118661,"[5783, 87685, 22941, 46350, 67508, 47711, 70569, 44111, 63788, 11970]"
118662,"[99611, 105144, 105106, 80454, 33492, 88139, 21005, 108941, 75877, 53605]"
118663,"[52141, 72277, 56104, 46396, 76789, 50606, 93649, 77656, 71685, 71965]"
118664,"[68579, 95801, 73574, 51470, 100015, 44852, 56950, 62325, 40889, 37379]"
118665,"[40633, 82516, 33010, 52493, 64757, 61516, 38153, 34826, 3693, 105283]"
118666,"[61519, 83298, 23411, 46402, 94472, 27424, 104828, 16605, 23769, 1094]"
118667,"[88076, 69141, 108267, 64681, 16454, 94421, 86741, 44267, 62414, 18924]"
118668,"[60438, 66506, 23615, 3848, 68273, 40661, 1323, 77315, 10608, 63813]"
118669,"[47911, 98437, 70359, 106433, 51631, 28447, 42519, 64238, 70554, 108231]"
118670,"[15762, 101628, 67269, 74247, 78955, 94047, 77068, 34713, 58944, 78137]"
118671,"[51309, 12276, 45619, 74865, 38533, 46299, 32514, 74878, 48240, 47831]"
118672,"[70547, 91185, 20041, 95686, 106932, 4447, 2728, 35031, 11112, 70078]"
118673,"[12014, 64427, 41404, 101839, 75588, 42423, 76722, 51324, 73514, 55164]"
118674,"[52393, 54705, 37329, 6870, 11632, 86870, 20661, 53282, 67296, 59314]"
118675,"[40756, 6134, 9529, 78482, 59800, 93730, 38319, 98444, 90430, 77721]"
118676,"[88952, 11066, 71861, 104437, 10766, 9324, 13848, 63752, 20770, 86122]"
118677,"[39790, 70221, 79972, 91434, 49404, 47468, 75235, 23880, 17856, 96426]"
118678,"[20152, 39584, 45435, 63053, 109161, 59288, 5425, 20406, 14586, 33357]"
118679,"[87216, 16939, 56551, 82161, 9353, 3086, 59563, 21358, 105904, 29639]"
118680,"[3782, 6415, 62901, 29454, 33980, 59902, 20532, 49441, 103769, 11877]"
118681,"[34782, 81192, 13375, 62751, 62446, 60939, 72614, 54085, 78525, 80989]"
118682,"[27818, 44549, 15684, 58791, 21548, 52215, 65793, 2820, 102248, 102146]"
118683,"[18798, 55738, 6059, 109060, 107315, 107158, 17395, 104256, 28750, 47642]"
118684,"[11364, 73374, 100996, 72401, 107907, 15483, 71221, 73183, 43819, 65962]"
118685,"[98729, 18068, 60216, 80972, 25666, 53725, 92793, 97703, 38402, 76424]"
118686,"[93721, 69524, 66235, 8733, 86983, 96240, 31439, 59002, 6338, 83446]"
118687,"[78040, 59177, 34864, 40152, 84879, 94273, 66922, 11718, 21244, 62568]"
118688,"[87002, 98423, 1926, 42040, 102068, 107730, 98016, 87285, 67986, 51366]"
118689,"[73490, 41581, 101050, 49043, 4852, 21948, 66494, 53109, 56106, 3122]"
118690,"[57795, 89630, 42226, 60491, 83707, 98511, 75883, 8118, 66837, 40744]"
118691,"[97144, 83094, 4020, 39703, 54352, 40702, 95735, 7966, 25785, 20031]"
118692,"[13177, 22639, 69186, 76042, 71045, 62957, 68877, 79484, 104635, 105376]"
118693,"[74270, 91425, 102865, 15602, 61186, 10031, 72300, 14961, 5508, 86892]"
118694,"[4409, 84152, 55834, 19399, 16396, 93729, 32789, 105558, 37533, 11260]"
118695,"[75814, 25712, 74155, 98054, 40986, 79581, 24332, 97925, 94738, 60622]"
118696,"[77265, 17511, 37413, 69065, 92763, 58023, 30438, 7787, 88567, 39473]"
118697,"[95391, 1702, 54310, 101836, 63206, 26579, 98354, 45230, 61799, 30081]"
118698,"[62569, 87968, 87371, 67015, 2234, 14274, 8974, 72260, 87782, 73221]"
118699,"[44014, 63103, 89657, 57073, 99805, 49464, 30953, 77065, 35719, 98565]"
118700,"[41924, 9280, 57098, 8962, 45728, 69159, 90286, 33153, 68724, 39938]"
118701,"[53888, 33114, 27288, 107053, 5150, 72342, 77235, 87529, 59772, 103247]"
118702,"[64145, 100968, 30967, 89329, 11193, 5002, 36350, 65591, 103813, 20867]"
118703,"[108736, 80030, 18410, 17093, 28709, 79001, 17509, 102723, 97369, 77463]"
118704,"[83456, 15033, 76859, 95678, 59107, 64146, 83809, 59730, 77833, 61528]"
118705,"[28957, 61933, 66909, 92805, 16022, 9423, 10852, 56431, 67392, 6914]"
118706,"[103745, 13945, 95986, 100495, 102417, 14923, 37401, 53902, 72012, 109144]"
118707,"[1094, 104828, 94472, 61597, 61744, 77948, 70964, 47230, 11278, 39148]"
118708,"[15519, 4714, 72453, 90027, 86059, 61132, 30404, 3143, 22834, 30361]"
118709,"[60340, 96364, 83388, 80008, 29510, 85571, 84873, 69444, 66687, 93492]"
118710,"[26397, 86978, 79501, 55209, 104443, 69857, 97984, 41818, 932, 56110]"
118711,"[81206, 103457, 98839, 13205, 27903, 27058, 38958, 42633, 107299, 5273]"
118712,"[86190, 76173, 63067, 67978, 36253, 58880, 43860, 94788, 41063, 74479]"
118713,"[14182, 32014, 63056, 103541, 64236, 44601, 656, 10656, 24835, 17480]"
118714,"[28453, 54313, 101507, 25062, 67243, 11093, 97790, 3879, 53391, 29026]"
118715,"[48412, 81086, 96104, 31499, 52321, 94928, 71636, 80282, 72172, 32497]"
118716,"[52330, 7589, 83495, 79498, 41253, 18990, 99365, 60579, 39479, 108761]"
118717,"[73850, 1849, 101232, 59132, 97821, 53067, 6722, 53654, 102228, 90515]"
118718,"[106977, 84213, 104489, 58789, 15321, 70900, 54101, 62511, 28501, 74566]"
118719,"[74674, 94883, 18440, 69029, 26098, 51522, 89853, 80623, 30771, 7283]"
118720,"[43144, 4256, 107652, 9421, 88247, 62865, 46693, 101719, 9146, 55291]"
118721,"[28538, 103851, 44124, 62297, 73300, 70432, 49609, 68763, 24068, 95629]"
118722,"[71772, 1822, 55640, 48498, 102310, 99101, 31193, 40809, 13325, 34892]"
118723,"[32707, 15386, 77411, 45552, 29069, 62889, 17012, 81174, 2751, 72953]"
118724,"[28707, 56243, 16951, 10169, 76792, 67523, 51104, 2034, 18032, 21306]"
118725,"[101387, 104870, 80537, 98205, 51802, 54592, 59299, 103402, 19398, 102673]"
118726,"[13359, 1982, 2249, 83326, 55200, 29082, 59836, 85957, 76565, 47120]"
118727,"[35103, 72798, 46477, 106025, 89033, 7601, 102834, 41729, 62479, 15262]"
118728,"[10933, 100282, 98452, 57951, 17918, 75270, 74845, 10834, 8604, 104391]"
118729,"[68866, 31255, 51542, 76992, 37292, 95896, 93321, 3938, 83909, 20205]"
118730,"[60736, 74762, 87409, 29740, 4962, 92883, 49376, 85057, 19141, 43061]"
118731,"[93813, 37030, 50284, 96274, 65693, 52145, 104715, 8125, 18003, 51360]"
118732,"[88423, 108862, 49494, 99349, 30736, 73746, 56890, 22630, 1606, 72140]"
118733,"[74583, 11187, 89396, 53736, 107533, 103194, 74766, 77018, 53330, 69947]"
118734,"[9372, 88828, 26379, 91183, 4286, 48045, 53055, 29830, 16483, 16708]"
118735,"[21437, 81201, 107443, 69108, 86131, 95674, 64088, 31181, 31823, 81051]"
118736,"[103675, 2585, 51181, 26533, 20584, 76352, 82970, 71520, 8969, 102989]"
118737,"[94615, 92131, 36860, 84164, 55915, 26034, 55350, 67747, 70143, 27511]"
118738,"[40771, 47321, 77726, 54112, 57647, 8039, 21060, 61049, 93713, 60899]"
118739,"[76766, 77561, 51639, 82479, 44307, 37924, 78279, 14099, 69808, 37060]"
118740,"[72360, 19657, 90749, 89399, 21435, 35220, 72562, 83405, 109406, 88224]"
118741,"[6796, 4969, 74869, 14348, 8067, 38336, 109061, 64565, 39357, 84241]"
118742,"[24499, 13509, 11641, 16432, 107401, 61589, 50589, 65492, 85306, 47305]"
118743,"[73621, 63611, 98591, 4363, 54813, 67779, 57469, 79039, 52518, 71409]"
118744,"[13243, 105541, 21106, 18308, 81222, 48834, 13326, 15570, 2016, 91812]"
118745,"[95423, 43979, 48603, 25810, 64047, 46522, 34197, 62085, 53343, 91695]"
118746,"[26739, 76069, 76678, 90360, 96379, 68890, 55589, 104280, 63614, 50143]"
118747,"[15395, 61022, 26823, 108623, 93916, 54042, 27129, 43890, 42627, 55665]"
118748,"[20234, 52490, 39517, 46438, 65515, 15338, 53481, 58847, 22422, 108274]"
118749,"[40763, 74929, 50252, 178, 82686, 87820, 30279, 27358, 55189, 45522]"
118750,"[75795, 82171, 80928, 76947, 105317, 4906, 45471, 47858, 18762, 75248]"
118751,"[109066, 61943, 45406, 33517, 86008, 27387, 62481, 14696, 99201, 38572]"
118752,"[68544, 44290, 47089, 98207, 36133, 64234, 68864, 102630, 55144, 62411]"
118753,"[47177, 103231, 5233, 54358, 10849, 6218, 52537, 38948, 58377, 93624]"
118754,"[65686, 15325, 64252, 2910, 20865, 95489, 34324, 46649, 2529, 92234]"
118755,"[46470, 84663, 99229, 89778, 33291, 109697, 42325, 84824, 109767, 15544]"
118756,"[4935, 21789, 52621, 55542, 86306, 20237, 50866, 101036, 4340, 93337]"
118757,"[4494, 4148, 39847, 62478, 22645, 81060, 46372, 62177, 99238, 65835]"
118758,"[16495, 18154, 17363, 38431, 84654, 10079, 97650, 79759, 5849, 47554]"
118759,"[63833, 71888, 32057, 81430, 62261, 108670, 94962, 40275, 50519, 71479]"
118760,"[49350, 23730, 3534, 99329, 109744, 76359, 11331, 74575, 34539, 38327]"
118761,"[20463, 53302, 62944, 103407, 13130, 66912, 67725, 58846, 103727, 71348]"
118762,"[40034, 106564, 86961, 37684, 85484, 81416, 6316, 32139, 97459, 99532]"
118763,"[101430, 104387, 54634, 91630, 15660, 98499, 57854, 8783, 50367, 40753]"
118764,"[55564, 108652, 4591, 23263, 20231, 35768, 98269, 66764, 13359, 7760]"
118765,"[77923, 21551, 86672, 63425, 57494, 87308, 80259, 45232, 41990, 54786]"
118766,"[74032, 30890, 44616, 6034, 32770, 15646, 43591, 6958, 31817, 64486]"
118767,"[105201, 35067, 68032, 87684, 82917, 56413, 52545, 14681, 85248, 27959]"
118768,"[9680, 77886, 22586, 35873, 65186, 56522, 15099, 3935, 44869, 103147]"
118769,"[109715, 52527, 41969, 37200, 37393, 31896, 97978, 9974, 47696, 15027]"
118770,"[77198, 99455, 37124, 75748, 104414, 86295, 80609, 108942, 66259, 35741]"
118771,"[84566, 43110, 71649, 71188, 67918, 78897, 61937, 4716, 10019, 94198]"
118772,"[101089, 59855, 9144, 89460, 108565, 102272, 56138, 55780, 73671, 10157]"
118773,"[87875, 54808, 94782, 16827, 68865, 104739, 74463, 54551, 76248, 52575]"
118774,"[20150, 37973, 17706, 17743, 29838, 98688, 102117, 81103, 4754, 49365]"
118775,"[33169, 26951, 75500, 52420, 49690, 65430, 34601, 75321, 40505, 39403]"
118776,"[98977, 99958, 70854, 67108, 93161, 33655, 82750, 2846, 103940, 1866]"
118777,"[20904, 75963, 98461, 89455, 66150, 36280, 6105, 29191, 9502, 47219]"
118778,"[41682, 6634, 8950, 50496, 93625, 49773, 98684, 107869, 95240, 87662]"
118779,"[54944, 100353, 63604, 26120, 7429, 85722, 31413, 27470, 22970, 14552]"
118780,"[47745, 9307, 100022, 35707, 91508, 61232, 40682, 54829, 32382, 64650]"
118781,"[60992, 60940, 30959, 89853, 79314, 103648, 63462, 90617, 56092, 84372]"
118782,"[12974, 20720, 82644, 13587, 17916, 72618, 91429, 84189, 71248, 29126]"
118783,"[107821, 45833, 10257, 62723, 71315, 90393, 36228, 36154, 91483, 36272]"
118784,"[84612, 54159, 57180, 95810, 59188, 97856, 83882, 64648, 71163, 26449]"
118785,"[107036, 28064, 89030, 1819, 1582, 15650, 52392, 33388, 70390, 75244]"
118786,"[89780, 76685, 4287, 12555, 38222, 26112, 91738, 16445, 24267, 6318]"
118787,"[14915, 60934, 27866, 39393, 74009, 40359, 64986, 96160, 18906, 25092]"
118788,"[30529, 20472, 34037, 30455, 49096, 66193, 53710, 10772, 10469, 34258]"
118789,"[93698, 62367, 16048, 34524, 89458, 88501, 47329, 45233, 89656, 15774]"
118790,"[42469, 25634, 35137, 80408, 75688, 80039, 27685, 19581, 92929, 77387]"
118791,"[20942, 70340, 84577, 60955, 43282, 67496, 3330, 69528, 83006, 106554]"
118792,"[12390, 46790, 93847, 28808, 89172, 101799, 95378, 39556, 96228, 47411]"
118793,"[91271, 34175, 98791, 18773, 10435, 3552, 101798, 40721, 12090, 92147]"
118794,"[108228, 29074, 12335, 12739, 6834, 76304, 67986, 87285, 26948, 98016]"
118795,"[18996, 84172, 77304, 37765, 29848, 21077, 86, 64057, 16839, 29116]"
118796,"[36754, 59295, 28932, 105838, 41536, 48183, 39981, 7579, 75681, 62028]"
118797,"[98208, 41883, 53018, 49244, 63347, 39916, 32936, 64762, 76283, 108237]"
118798,"[86282, 19845, 38078, 99614, 41451, 45082, 1073, 56175, 94475, 1795]"
118799,"[95921, 56037, 8986, 25788, 81509, 50797, 66966, 86711, 104688, 26746]"
118800,"[44129, 22792, 12621, 19269, 35258, 92824, 37671, 54756, 76669, 79127]"
118801,"[58784, 103414, 55686, 45530, 55670, 13727, 38864, 100879, 97926, 90184]"
118802,"[42996, 76970, 62170, 18584, 50374, 45046, 80859, 107109, 39454, 69842]"
118803,"[56227, 80611, 68842, 9326, 47340, 96865, 63870, 103794, 30949, 97894]"
118804,"[71863, 54685, 36587, 100040, 45386, 66879, 69126, 71064, 58649, 87982]"
118805,"[7611, 84890, 43315, 40626, 1777, 77924, 76370, 77837, 28762, 59268]"
118806,"[99779, 92782, 41477, 585, 3932, 79308, 106085, 24700, 71213, 56636]"
118807,"[86285, 11938, 64954, 67346, 64348, 26188, 88995, 89954, 94545, 51589]"
118808,"[37876, 41593, 72814, 50719, 48956, 55347, 7693, 71467, 37973, 108647]"
118809,"[40439, 107118, 55065, 81311, 76339, 89111, 62628, 60274, 36491, 16947]"
118810,"[91638, 96147, 70584, 52855, 3463, 41607, 64589, 6932, 62396, 7583]"
118811,"[40542, 65737, 38994, 40899, 99622, 65162, 45444, 108221, 75656, 28161]"
118812,"[46178, 80777, 67947, 30092, 96488, 102184, 29524, 59115, 22362, 97906]"
118813,"[36671, 23076, 94828, 45751, 11258, 28153, 81426, 56130, 59769, 38785]"
118814,"[62835, 34769, 92980, 57813, 97006, 78972, 69949, 31952, 59835, 17530]"
118815,"[72936, 73105, 74084, 33505, 10640, 102249, 5720, 48026, 107694, 50414]"
118816,"[22304, 107646, 25108, 29355, 87795, 19949, 48664, 41882, 84410, 44929]"
118817,"[88506, 99067, 90167, 54886, 49688, 61871, 92927, 92566, 108872, 41480]"
118818,"[13779, 104756, 88894, 67459, 5704, 103155, 44470, 25957, 5552, 106233]"
118819,"[40462, 49788, 76451, 1362, 18527, 34127, 78175, 36988, 69308, 29763]"
118820,"[101767, 24100, 37481, 10076, 5760, 84155, 25266, 13441, 24843, 77832]"
118821,"[4879, 57626, 60290, 101793, 75861, 51252, 86251, 37892, 77443, 104332]"
118822,"[34894, 49923, 107983, 18725, 18950, 71025, 91664, 75501, 63816, 82965]"
118823,"[97417, 56927, 19463, 14204, 47234, 23789, 19847, 32100, 10005, 109136]"
118824,"[98135, 52216, 22075, 36241, 95596, 95183, 26396, 40048, 79667, 78307]"
118825,"[33571, 33318, 1332, 100032, 97522, 52708, 1432, 10074, 23526, 10769]"
118826,"[102534, 20825, 72683, 104525, 68520, 98238, 109497, 56948, 12013, 78053]"
118827,"[98899, 49966, 8909, 65187, 43195, 68078, 1215, 39565, 99524, 101929]"
118828,"[22307, 94035, 59682, 21738, 66220, 78917, 48893, 10058, 53390, 78151]"
118829,"[72857, 99231, 26195, 37797, 3624, 9882, 81351, 67156, 18174, 85338]"
118830,"[75303, 96075, 109410, 62265, 64094, 47721, 51899, 46626, 75038, 39984]"
118831,"[79268, 63004, 20857, 29136, 4676, 55464, 55770, 702, 84239, 11230]"
118832,"[20197, 35868, 15641, 3272, 24204, 68856, 95725, 7472, 91892, 25824]"
118833,"[11351, 24922, 43449, 72772, 44794, 102573, 43781, 52981, 15457, 55020]"
118834,"[11180, 72567, 86622, 6939, 19605, 77305, 12573, 97324, 2835, 86893]"
118835,"[5930, 108632, 94073, 73732, 61177, 62344, 30744, 16842, 28303, 76915]"
118836,"[88078, 44544, 102053, 104634, 64968, 81511, 101325, 15980, 84808, 96220]"
118837,"[61836, 24798, 82630, 44602, 80683, 4925, 74778, 108013, 77335, 61107]"
118838,"[36297, 83838, 84586, 94294, 31971, 11722, 61630, 36310, 32203, 53821]"
118839,"[40718, 107289, 37782, 90569, 16043, 69346, 52679, 81771, 96187, 109008]"
118840,"[34482, 8575, 49948, 53136, 64006, 96609, 94486, 78092, 102296, 67254]"
118841,"[62977, 25572, 64353, 11079, 102145, 89810, 49857, 36356, 36276, 57892]"
118842,"[98067, 68360, 6326, 43989, 62831, 99276, 100999, 37137, 100418, 13457]"
118843,"[74003, 1826, 54641, 60646, 98453, 51038, 66384, 24945, 60732, 109482]"
118844,"[63930, 89807, 99338, 14195, 14217, 40805, 98361, 94970, 50548, 53687]"
118845,"[60021, 108142, 62852, 47850, 73267, 100560, 83268, 87886, 3774, 35672]"
118846,"[100506, 97659, 31785, 108278, 107690, 45609, 44291, 61390, 2338, 94109]"
118847,"[63536, 100071, 49654, 51984, 89163, 98252, 93089, 10511, 38640, 51897]"
118848,"[24637, 77156, 89319, 88718, 92063, 59522, 597, 106428, 12462, 34253]"
118849,"[68884, 97945, 83786, 44658, 82005, 34030, 74072, 61794, 41522, 69744]"
118850,"[19928, 83539, 105143, 58416, 82576, 64722, 97845, 72308, 30526, 78671]"
118851,"[64258, 80392, 9802, 7458, 20333, 8979, 72908, 22129, 9545, 45098]"
118852,"[76661, 26585, 67019, 25475, 45874, 42993, 103732, 70627, 100148, 91424]"
118853,"[2215, 63018, 93464, 41995, 51816, 38419, 14695, 60209, 31200, 58198]"
118854,"[67861, 68023, 68435, 97162, 13114, 91197, 61523, 40699, 16681, 47592]"
118855,"[89759, 7433, 17687, 99501, 77555, 98183, 95795, 81669, 38709, 49785]"
118856,"[35970, 8088, 11911, 49760, 79485, 54171, 102003, 58404, 51484, 5504]"
118857,"[75242, 56817, 47283, 57927, 98150, 47591, 24914, 64430, 8736, 962]"
118858,"[71717, 38874, 108104, 91320, 97613, 67167, 32663, 30513, 108965, 88699]"
118859,"[9686, 19993, 91129, 33107, 58219, 98923, 100515, 37601, 77760, 11871]"
118860,"[47839, 99096, 77404, 101017, 10976, 53626, 83812, 25901, 25335, 100694]"
118861,"[11987, 52443, 27765, 58610, 85047, 100140, 78024, 46565, 73455, 43175]"
118862,"[50296, 96081, 31725, 98997, 53825, 104813, 9547, 43845, 18126, 1981]"
118863,"[83920, 54113, 87149, 67209, 18461, 63464, 78641, 97214, 32860, 16288]"
118864,"[64830, 24325, 33626, 105571, 27028, 28274, 59594, 16320, 76158, 28254]"
118865,"[98102, 82879, 51029, 36193, 23587, 3472, 18917, 83708, 105052, 46282]"
118866,"[80346, 22438, 95561, 86211, 73531, 63235, 36845, 93588, 69716, 94722]"
118867,"[78551, 106618, 3904, 72733, 957, 65688, 25493, 4947, 49341, 21119]"
118868,"[32666, 74449, 46831, 27478, 86015, 58974, 66461, 16602, 19130, 107240]"
118869,"[63408, 41443, 101444, 109050, 65252, 71169, 108504, 101948, 82418, 25896]"
118870,"[14095, 102631, 48758, 10266, 36403, 91556, 33380, 68336, 24132, 58038]"
118871,"[29697, 60877, 97556, 51810, 20794, 52661, 47276, 51141, 16052, 43866]"
118872,"[74501, 20883, 55460, 48719, 69392, 13870, 11048, 4775, 7344, 71050]"
118873,"[67857, 97008, 27215, 9274, 90442, 85361, 24459, 101228, 43568, 76197]"
118874,"[2385, 15364, 39797, 101589, 7275, 26263, 21067, 15585, 40555, 82919]"
118875,"[83463, 87224, 269, 69184, 93917, 68468, 22505, 90719, 695, 103111]"
118876,"[9665, 67597, 21943, 97567, 13605, 67677, 59424, 97697, 66751, 33085]"
118877,"[55765, 90621, 88775, 16993, 101147, 7731, 32507, 85965, 38045, 3240]"
118878,"[8045, 37852, 29374, 75772, 46768, 45873, 81423, 103317, 61649, 82320]"
118879,"[66095, 26984, 109111, 18824, 104653, 81722, 72585, 38699, 74436, 69085]"
118880,"[72859, 58883, 23163, 24930, 99208, 103660, 80185, 37212, 86332, 30386]"
118881,"[56987, 87355, 47818, 20564, 95376, 52164, 76267, 78292, 51845, 57298]"
118882,"[97992, 17630, 33302, 33427, 39111, 71979, 83495, 76730, 35710, 51358]"
118883,"[104728, 50593, 96158, 53833, 11617, 79995, 66616, 50510, 77065, 37369]"
118884,"[68790, 16157, 69538, 14257, 46593, 62790, 105100, 48228, 33077, 64282]"
118885,"[84542, 71121, 33375, 100850, 11037, 23423, 19926, 82862, 46489, 30331]"
118886,"[7200, 36518, 84984, 27414, 9766, 27961, 82347, 103950, 10868, 100845]"
118887,"[92805, 89748, 52739, 43943, 90438, 61933, 28957, 85207, 102352, 94538]"
118888,"[102217, 2099, 42735, 30530, 93067, 29333, 25102, 85273, 64943, 48868]"
118889,"[91090, 26169, 93401, 95956, 10389, 2283, 26651, 553, 1454, 40361]"
118890,"[84772, 15989, 9980, 28796, 61513, 25972, 76469, 17954, 8216, 101986]"
118891,"[69772, 38884, 104570, 91331, 87959, 79936, 11255, 84485, 36304, 79376]"
118892,"[64306, 10254, 46062, 40914, 86972, 25875, 99809, 58091, 7063, 25874]"
118893,"[96090, 61526, 2734, 48106, 72475, 49162, 104963, 55112, 83559, 62623]"
118894,"[89279, 10505, 86444, 96994, 87102, 9761, 90608, 104215, 13430, 65800]"
118895,"[57660, 34803, 98373, 82835, 49406, 85389, 91484, 77117, 50264, 94391]"
118896,"[10355, 70001, 3986, 63122, 27997, 545, 11217, 713, 94144, 35941]"
118897,"[100607, 71474, 101013, 75350, 40619, 31632, 68236, 65291, 44770, 11609]"
118898,"[38690, 99987, 21607, 80284, 43765, 33174, 75136, 62498, 68673, 5656]"
118899,"[72629, 79113, 56133, 30523, 5702, 33657, 103416, 59069, 71489, 5101]"
118900,"[6778, 78104, 68875, 94616, 80727, 103959, 41310, 10606, 17784, 46307]"
118901,"[103583, 78285, 313, 96579, 77853, 93734, 20901, 90509, 107404, 59754]"
118902,"[100575, 11032, 10329, 8758, 50, 104392, 60901, 13399, 101889, 13302]"
118903,"[20243, 29890, 11371, 30995, 64623, 28980, 45221, 14788, 78720, 90083]"
118904,"[38405, 100787, 19271, 100094, 107549, 57887, 100170, 79534, 109180, 91279]"
118905,"[84765, 43517, 8340, 106623, 40909, 57944, 109280, 101853, 12264, 65230]"
118906,"[61493, 100354, 44311, 4738, 101383, 81368, 19441, 59746, 81113, 91165]"
118907,"[82092, 18602, 40572, 88944, 7175, 33970, 30898, 35642, 48066, 26312]"
118908,"[15944, 70909, 34964, 11804, 4154, 57212, 12501, 21442, 89238, 3427]"
118909,"[68803, 18133, 91224, 82137, 76807, 30228, 73240, 1494, 38915, 73158]"
118910,"[50423, 12293, 72377, 11244, 12387, 34524, 32463, 49349, 24720, 93698]"
118911,"[97219, 70040, 107161, 21162, 78781, 10528, 77527, 77428, 19291, 15330]"
118912,"[68316, 77902, 99190, 70277, 3817, 43928, 65265, 14046, 45170, 61997]"
118913,"[77383, 19500, 54259, 74775, 18873, 72249, 41780, 42429, 96252, 63758]"
118914,"[53087, 58055, 79730, 102928, 69231, 41721, 46078, 70031, 1133, 33363]"
118915,"[45271, 85468, 100824, 33709, 682, 53870, 42572, 94601, 60335, 25365]"
118916,"[23501, 42249, 33854, 58731, 90954, 50780, 69365, 80207, 26606, 38007]"
118917,"[49305, 91809, 60986, 14081, 89785, 42062, 56690, 17424, 14951, 18735]"
118918,"[23887, 38817, 82276, 94498, 79912, 44515, 13936, 35757, 75608, 107483]"
118919,"[19141, 72814, 7693, 60736, 49376, 68802, 50719, 55347, 79644, 41594]"
118920,"[75175, 54235, 75271, 88830, 44461, 60076, 109250, 84988, 48971, 21371]"
118921,"[301, 20001, 63637, 72418, 90506, 19970, 103695, 109749, 1834, 1585]"
118922,"[38085, 14364, 17024, 93208, 35643, 39509, 18890, 36767, 35652, 17251]"
118923,"[69211, 67770, 82468, 84935, 11397, 60364, 45826, 91258, 34659, 28212]"
118924,"[40135, 64426, 99131, 82824, 3865, 21625, 74699, 8425, 87763, 8069]"
118925,"[34149, 98023, 43713, 1081, 11003, 59997, 88102, 23808, 71325, 55446]"
118926,"[19184, 56565, 92150, 8613, 70796, 27336, 8440, 58589, 64199, 80913]"
118927,"[109460, 42833, 102006, 52412, 52163, 82332, 91759, 59506, 78498, 55843]"
118928,"[84820, 88145, 33386, 10492, 87292, 3099, 49174, 45551, 54540, 83052]"
118929,"[31813, 87745, 101508, 35994, 34802, 30783, 28375, 66850, 94754, 79264]"
118930,"[44796, 68770, 98175, 294, 71524, 67433, 100152, 54426, 5252, 84400]"
118931,"[41432, 26310, 53213, 13300, 62394, 95391, 105918, 49484, 107208, 73461]"
118932,"[33176, 28145, 6190, 79846, 16020, 54807, 11762, 18205, 60314, 47174]"
118933,"[2321, 72417, 62196, 66296, 2264, 42266, 38654, 7943, 34232, 19629]"
118934,"[495, 74920, 108844, 24854, 35399, 68822, 1658, 34409, 97223, 30901]"
118935,"[4890, 92133, 70090, 3195, 27434, 58565, 85597, 9624, 30562, 101291]"
118936,"[2034, 56243, 16951, 76792, 10169, 104753, 28707, 21306, 60019, 51104]"
118937,"[97765, 37561, 67795, 40743, 10177, 63373, 84172, 37765, 18996, 29848]"
118938,"[22969, 95272, 23235, 108262, 56073, 26558, 91751, 8369, 14484, 109602]"
118939,"[77957, 3351, 107127, 94288, 5508, 18072, 47855, 14961, 28330, 38861]"
118940,"[93010, 24302, 6708, 44803, 103544, 103841, 8338, 94441, 36137, 88802]"
118941,"[68253, 60708, 76577, 35228, 4593, 4512, 35116, 58954, 104473, 82083]"
118942,"[99039, 77869, 77367, 68708, 94584, 41047, 20424, 49538, 84046, 29099]"
118943,"[89782, 35226, 22783, 90477, 10377, 32006, 3506, 108998, 54985, 91182]"
118944,"[93013, 92578, 23473, 85169, 103955, 26485, 71791, 68920, 20081, 102566]"
118945,"[22688, 36649, 76388, 87383, 46251, 100460, 97255, 78303, 70512, 79337]"
118946,"[35772, 44208, 58331, 100796, 53044, 63380, 109131, 89710, 28934, 108977]"
118947,"[57096, 45596, 40445, 76334, 88428, 11104, 105441, 102454, 65167, 62711]"
118948,"[57861, 15509, 56936, 108627, 44980, 102625, 82450, 73878, 42108, 28021]"
118949,"[107776, 103201, 75567, 90699, 66333, 40107, 34844, 71627, 58059, 21382]"
118950,"[31530, 239, 18143, 16754, 57212, 100171, 68214, 21442, 11804, 4154]"
118951,"[19463, 19847, 14204, 35039, 97417, 37247, 36532, 62549, 34866, 90590]"
118952,"[27495, 85018, 71523, 99839, 69127, 81656, 101890, 36669, 81912, 1032]"
118953,"[59957, 8181, 3775, 43119, 48017, 69587, 79277, 55385, 40204, 41637]"
118954,"[24262, 27048, 2453, 11589, 108408, 23882, 51262, 32339, 63364, 19221]"
118955,"[39056, 54606, 96547, 53615, 85851, 61131, 66428, 55216, 36465, 101248]"
118956,"[21931, 34754, 27345, 27382, 54704, 48684, 96139, 54817, 105721, 40647]"
118957,"[48737, 88618, 85285, 54574, 9488, 17964, 34566, 107745, 40379, 28718]"
118958,"[72847, 99846, 70961, 84861, 79632, 83309, 90493, 90994, 66242, 2578]"
118959,"[81414, 91096, 27660, 10060, 92164, 11476, 103309, 67171, 88035, 54091]"
118960,"[21528, 42368, 80562, 80497, 55519, 83778, 16376, 72734, 15817, 80985]"
118961,"[17890, 67477, 13842, 21198, 69776, 80559, 94177, 58987, 74192, 86723]"
118962,"[7062, 23645, 35737, 77054, 25649, 27195, 70183, 40704, 94152, 59298]"
118963,"[48650, 87757, 40860, 5384, 48365, 91035, 7390, 34958, 46171, 24647]"
118964,"[21498, 92421, 91820, 8982, 87853, 104614, 71095, 78323, 1320, 83155]"
118965,"[36974, 34676, 18836, 83050, 97747, 8322, 38237, 6790, 7835, 35470]"
118966,"[20670, 73301, 35465, 56849, 25069, 89590, 25952, 77194, 97059, 97530]"
118967,"[57430, 85561, 27405, 81407, 92997, 15920, 10840, 27598, 58887, 61297]"
118968,"[471, 48306, 105112, 25967, 21563, 100040, 24844, 66879, 58649, 88878]"
118969,"[52964, 61719, 13009, 60416, 61257, 41816, 61543, 39499, 8463, 41446]"
118970,"[77610, 55967, 35021, 61966, 79590, 58573, 74326, 10051, 71625, 13685]"
118971,"[79051, 95915, 94970, 53687, 50548, 58102, 99338, 5195, 4181, 106506]"
118972,"[23120, 50317, 88366, 109519, 5096, 70105, 84893, 62104, 64454, 58269]"
118973,"[93511, 96329, 14498, 38592, 18809, 98794, 89569, 79784, 77257, 57472]"
118974,"[59729, 2758, 104285, 45068, 35401, 11329, 13227, 56964, 33779, 96112]"
118975,"[80648, 42942, 106085, 58039, 90072, 40190, 68663, 48614, 79937, 79308]"
118976,"[72782, 91461, 60572, 80868, 47877, 57714, 89261, 98324, 56036, 22094]"
118977,"[107579, 24074, 92393, 1710, 60545, 92010, 40923, 69130, 81976, 2124]"
118978,"[56944, 16948, 32843, 31229, 88521, 101244, 37319, 54063, 16782, 15292]"
118979,"[18250, 76554, 41661, 108698, 15743, 24869, 95704, 1839, 53653, 82865]"
118980,"[30206, 109334, 77187, 26064, 42646, 35819, 44628, 105781, 38494, 43464]"
118981,"[96, 43812, 45448, 12768, 34830, 12009, 95009, 11015, 47603, 20545]"
118982,"[86515, 74487, 74233, 102603, 94093, 90556, 77061, 108921, 95912, 98298]"
118983,"[34707, 79488, 56592, 35889, 53553, 49275, 51829, 104817, 75997, 10297]"
118984,"[89531, 64044, 34541, 84241, 90085, 73725, 14957, 106882, 17263, 22461]"
118985,"[98433, 45970, 76538, 62689, 104888, 48668, 75273, 2012, 97034, 108932]"
118986,"[61454, 82194, 98098, 68274, 71570, 101744, 13418, 105514, 73973, 78194]"
118987,"[61130, 77340, 60254, 12032, 92269, 69288, 65886, 104680, 62035, 31609]"
118988,"[52527, 45539, 41969, 95086, 9974, 47696, 60204, 15027, 37200, 37393]"
118989,"[43382, 35701, 92457, 56718, 13330, 33979, 86354, 77912, 96579, 71976]"
118990,"[74331, 40199, 62400, 29446, 104078, 58147, 104216, 89025, 48228, 22363]"
118991,"[89538, 15247, 18194, 72453, 56058, 43090, 91858, 27386, 4714, 12486]"
118992,"[25917, 39184, 45759, 99832, 50461, 98798, 87217, 105155, 105053, 105836]"
118993,"[16538, 22562, 12554, 2709, 38223, 69424, 13289, 40893, 29780, 73237]"
118994,"[52866, 108902, 278, 97338, 54840, 37199, 27831, 39583, 26348, 75209]"
118995,"[27972, 102443, 9028, 10336, 38632, 41438, 52980, 19507, 84192, 84476]"
118996,"[27599, 15042, 20673, 153, 38336, 83304, 64565, 82292, 84241, 78637]"
118997,"[93424, 30442, 48040, 22205, 38999, 60616, 22402, 19527, 61896, 64268]"
118998,"[845, 97523, 42112, 74236, 55775, 7552, 104956, 45280, 89418, 89102]"
118999,"[99009, 31887, 15061, 27525, 32467, 67340, 15963, 1844, 64082, 44739]"
119000,"[40603, 62609, 38774, 89212, 73159, 91593, 75622, 34035, 96388, 85534]"
119001,"[106494, 91588, 75977, 88782, 93270, 79498, 39111, 83495, 97609, 39879]"
119002,"[41169, 109400, 61550, 34934, 5029, 104496, 106627, 31277, 58213, 14339]"
119003,"[87090, 9145, 106476, 98379, 100274, 20768, 30474, 52233, 77392, 32636]"
119004,"[49102, 11427, 59459, 64502, 7946, 12074, 60803, 57831, 26029, 89487]"
119005,"[33495, 16278, 97884, 41687, 98442, 73515, 25746, 33728, 93895, 30599]"
119006,"[65844, 31723, 88696, 105217, 23347, 8503, 96826, 85245, 108488, 46545]"
119007,"[15372, 61969, 53059, 28075, 81313, 82889, 10678, 37323, 76016, 25959]"
119008,"[18125, 78133, 87492, 13814, 13137, 21269, 51191, 11398, 76110, 46870]"
119009,"[85130, 105509, 66616, 12515, 64892, 92273, 2766, 36909, 98759, 79995]"
119010,"[36265, 36969, 2544, 42611, 29137, 88882, 72103, 17216, 105991, 56668]"
119011,"[47961, 89711, 27157, 97889, 106563, 107247, 33372, 10761, 81959, 52976]"
119012,"[38709, 108161, 10101, 50584, 75690, 32728, 17501, 54909, 27223, 41136]"
119013,"[36960, 24010, 13992, 34100, 23765, 47495, 98516, 65107, 51991, 20868]"
119014,"[60748, 1178, 69967, 4140, 72326, 44072, 14464, 11401, 45295, 9178]"
119015,"[79047, 68417, 87807, 30121, 48326, 72615, 94086, 12138, 43593, 60753]"
119016,"[65867, 45305, 8410, 81393, 33629, 27916, 88736, 105684, 1024, 30703]"
119017,"[78958, 36814, 15261, 12800, 2990, 28738, 28026, 106211, 108915, 12567]"
119018,"[66584, 43798, 8103, 37702, 73803, 18402, 2636, 39792, 72569, 1657]"
119019,"[93168, 22300, 95727, 82394, 102326, 65201, 53740, 81053, 20699, 15210]"
119020,"[72899, 68178, 50060, 91360, 93223, 107957, 11164, 17587, 81144, 70149]"
119021,"[98193, 52653, 82374, 50475, 48274, 56933, 65710, 108247, 20327, 63873]"
119022,"[12435, 23634, 66971, 36662, 68346, 77535, 70215, 93515, 68990, 20757]"
119023,"[45114, 14846, 40044, 37278, 1230, 92813, 91060, 25689, 39949, 50242]"
119024,"[26339, 96083, 48843, 48273, 63979, 10554, 49997, 94800, 1042, 86224]"
119025,"[5062, 34083, 35192, 32585, 19534, 3495, 103227, 88087, 43493, 29584]"
119026,"[71208, 15122, 2958, 60243, 102756, 28773, 9847, 52806, 99739, 18170]"
119027,"[71544, 26739, 61977, 93889, 57293, 9772, 3077, 88798, 104152, 42496]"
119028,"[75634, 109473, 23981, 92779, 90567, 54264, 54316, 21058, 39339, 12875]"
119029,"[69622, 47704, 57255, 249, 89895, 95471, 65052, 9190, 14271, 44608]"
119030,"[103161, 79125, 89827, 62213, 42654, 65680, 2220, 41012, 102189, 15186]"
119031,"[77654, 96892, 12683, 70713, 13854, 18763, 38760, 6639, 36622, 63789]"
119032,"[29989, 99615, 63892, 8936, 93319, 12805, 57650, 48285, 58842, 42457]"
119033,"[29124, 67412, 9377, 103538, 61046, 93672, 87627, 21815, 34586, 63545]"
119034,"[91448, 58972, 21947, 25418, 99714, 61149, 6894, 4952, 43203, 86909]"
119035,"[95897, 29498, 47411, 47324, 86466, 19515, 71406, 10491, 34423, 1868]"
119036,"[72952, 5867, 49038, 47916, 39591, 73369, 26724, 21477, 72656, 100498]"
119037,"[4504, 68987, 93645, 52152, 30341, 105051, 22467, 21197, 8017, 18390]"
119038,"[96608, 85157, 2450, 33510, 92775, 6068, 17783, 95321, 1503, 109483]"
119039,"[14837, 98080, 5226, 734, 107169, 24668, 86717, 49361, 106220, 25046]"
119040,"[74678, 81933, 50672, 8483, 31345, 32576, 58952, 87534, 3444, 1842]"
119041,"[1238, 10710, 46021, 103110, 63858, 78734, 73324, 77256, 52918, 92606]"
119042,"[101511, 98295, 18649, 46203, 39753, 50942, 24680, 72686, 51612, 101634]"
119043,"[71406, 47411, 94926, 34423, 47324, 95897, 19515, 52968, 102546, 22873]"
119044,"[1353, 22168, 44276, 63141, 75983, 87251, 21088, 109348, 68927, 75397]"
119045,"[22848, 31423, 87394, 62088, 41196, 18247, 96618, 105918, 61137, 27643]"
119046,"[92401, 3889, 76445, 83078, 46488, 99386, 54893, 105325, 97012, 102105]"
119047,"[92056, 40393, 26483, 68577, 108853, 33127, 37915, 28137, 74051, 53170]"
119048,"[41675, 46422, 3645, 22775, 106005, 77371, 96047, 102788, 52109, 18515]"
119049,"[33560, 73509, 103593, 95371, 106555, 59578, 41351, 108709, 82828, 97735]"
119050,"[38327, 16311, 44734, 109744, 39789, 3534, 107931, 33414, 42739, 92840]"
119051,"[64283, 91275, 56149, 105834, 52331, 58576, 1772, 28992, 49995, 44314]"
119052,"[35929, 63394, 40805, 98361, 30212, 6978, 92801, 4181, 30405, 57685]"
119053,"[36599, 28332, 74081, 69699, 54338, 79981, 41815, 20788, 102866, 55792]"
119054,"[65318, 52175, 10623, 28605, 39327, 92733, 23176, 49428, 46736, 75758]"
119055,"[66777, 90500, 47314, 56652, 18024, 61229, 29005, 102737, 31798, 76146]"
119056,"[38553, 57314, 34102, 96191, 93816, 10378, 95138, 5902, 94022, 61461]"
119057,"[80760, 102937, 10906, 98251, 109289, 16068, 12935, 105491, 51728, 44856]"
119058,"[69611, 107077, 40774, 49297, 25378, 95255, 22632, 80982, 26528, 96981]"
119059,"[45474, 90597, 91286, 69945, 31317, 38866, 82873, 87111, 95011, 1269]"
119060,"[73307, 75008, 19100, 101303, 47960, 107780, 55043, 38398, 65663, 28682]"
119061,"[70351, 33945, 63489, 58319, 57502, 75627, 101755, 69988, 58782, 99038]"
119062,"[82141, 54246, 5983, 17580, 44706, 43280, 23782, 68715, 91263, 102323]"
119063,"[15522, 23922, 94816, 77978, 31579, 17746, 22673, 54766, 97493, 104201]"
119064,"[11254, 2103, 35167, 5513, 52335, 48147, 47589, 23723, 98042, 23066]"
119065,"[2169, 49499, 97082, 85246, 9307, 8876, 83429, 79406, 43414, 39133]"
119066,"[29865, 33912, 5837, 83143, 53735, 74727, 57025, 9540, 53114, 102857]"
119067,"[40122, 71241, 43938, 53458, 24326, 38689, 33636, 107170, 17114, 36913]"
119068,"[63929, 23217, 18476, 78861, 56514, 60032, 24686, 97500, 37223, 49725]"
119069,"[68813, 3616, 59843, 6743, 19238, 25157, 24560, 41087, 70338, 1934]"
119070,"[94058, 72744, 57048, 16047, 101536, 67909, 81001, 74181, 48866, 24123]"
119071,"[71666, 83205, 71313, 5476, 44972, 84189, 32918, 89842, 102697, 58373]"
119072,"[39533, 25007, 79615, 69027, 83912, 56090, 22316, 34625, 38179, 73971]"
119073,"[9112, 47150, 78627, 4542, 72066, 89216, 5260, 53712, 70189, 30593]"
119074,"[96420, 88376, 24681, 37150, 76724, 24688, 34836, 103285, 35581, 49626]"
119075,"[99377, 38954, 1253, 21290, 69562, 41994, 16528, 4, 87877, 53316]"
119076,"[86742, 38748, 89069, 35474, 86759, 10968, 23283, 68446, 103153, 25430]"
119077,"[50529, 83703, 46570, 52667, 94786, 3800, 42205, 73978, 100193, 22248]"
119078,"[99874, 22513, 101292, 54962, 72321, 33576, 82957, 10159, 54310, 74899]"
119079,"[47403, 43300, 36081, 56042, 36855, 77434, 879, 74050, 20897, 57252]"
119080,"[28498, 39180, 62201, 92186, 78653, 25003, 56452, 7300, 27375, 83032]"
119081,"[6126, 31628, 72233, 104582, 74572, 30267, 5730, 32941, 87260, 56605]"
119082,"[100507, 32418, 41104, 81188, 95845, 4589, 79720, 10472, 15588, 59173]"
119083,"[22891, 40420, 22434, 67026, 74919, 95688, 46436, 7197, 103285, 24469]"
119084,"[58455, 3293, 109306, 45261, 811, 107415, 98958, 50392, 26792, 66608]"
119085,"[27541, 88184, 26039, 96800, 42108, 22987, 46140, 84428, 40780, 28308]"
119086,"[86256, 38064, 51156, 52337, 101651, 1101, 1767, 74909, 106235, 38026]"
119087,"[98602, 91683, 10713, 99741, 31444, 58879, 42010, 86806, 51507, 53884]"
119088,"[108046, 42174, 99673, 7288, 8831, 56520, 520, 38406, 17349, 73242]"
119089,"[2697, 72017, 29552, 82423, 105867, 10709, 9509, 73582, 69895, 90321]"
119090,"[2504, 12117, 54552, 63348, 85514, 92502, 102924, 104110, 41892, 53807]"
119091,"[65717, 21137, 68550, 53863, 81586, 109390, 30470, 102569, 85178, 82498]"
119092,"[92834, 99411, 93605, 97393, 95124, 89644, 1172, 86758, 11897, 101923]"
119093,"[101261, 9390, 30370, 55969, 91139, 20943, 100322, 34709, 83295, 79131]"
119094,"[6229, 75224, 103172, 100788, 100906, 77053, 14896, 61133, 106019, 94550]"
119095,"[16307, 14760, 67788, 43819, 31400, 81817, 42448, 47012, 51859, 92084]"
119096,"[85562, 60777, 29546, 23958, 27189, 29336, 90240, 50615, 32019, 93870]"
119097,"[12775, 104368, 60354, 73113, 99081, 27309, 28046, 54632, 96492, 61696]"
119098,"[95742, 89199, 39711, 44766, 53714, 105685, 96538, 103017, 17722, 71546]"
119099,"[43122, 92040, 18491, 99867, 95318, 77792, 81033, 9051, 53910, 102142]"
119100,"[22158, 3940, 88909, 88620, 12592, 34678, 58809, 82804, 75281, 95511]"
119101,"[10555, 20881, 77273, 77517, 84218, 73208, 60167, 89330, 78159, 91894]"
119102,"[45558, 23653, 79136, 9857, 75955, 39881, 27179, 72356, 69595, 80640]"
119103,"[33743, 32106, 75610, 53125, 41124, 90400, 71847, 57263, 17620, 29742]"
119104,"[7264, 5217, 10989, 32971, 56169, 22705, 53280, 85192, 97368, 35005]"
119105,"[50897, 79702, 65219, 30960, 108836, 49825, 9961, 51241, 76419, 78676]"
119106,"[8222, 57135, 90519, 74485, 59790, 67081, 18925, 99903, 53409, 68758]"
119107,"[64445, 19915, 64934, 46603, 7798, 71795, 54218, 88207, 19569, 63246]"
119108,"[18944, 42680, 81458, 59389, 2978, 87614, 30485, 24569, 98206, 100581]"
119109,"[21005, 80454, 109579, 105144, 105106, 28889, 38279, 54118, 62583, 33492]"
119110,"[38966, 53748, 94116, 11887, 59170, 75226, 68456, 31739, 33574, 77110]"
119111,"[13179, 66387, 7954, 39691, 7601, 10081, 59498, 78477, 71581, 92073]"
119112,"[105563, 75912, 26528, 48678, 27448, 22622, 37168, 69611, 25378, 51493]"
119113,"[76433, 69111, 24473, 1259, 100045, 21250, 86740, 31920, 491, 52338]"
119114,"[17068, 103771, 107181, 65452, 47632, 68143, 38669, 93844, 60914, 106918]"
119115,"[21352, 36959, 105886, 77672, 87160, 72818, 55536, 88245, 53410, 67272]"
119116,"[47321, 77726, 59230, 66716, 45437, 21949, 21696, 48521, 61049, 100345]"
119117,"[96663, 107460, 27267, 85803, 106117, 44802, 97946, 42793, 103771, 89713]"
119118,"[46766, 55842, 3515, 98714, 31409, 37626, 49353, 65687, 78225, 35734]"
119119,"[32417, 41117, 67761, 41642, 54143, 14526, 69227, 93756, 43038, 24175]"
119120,"[59369, 74633, 3380, 95905, 107858, 3582, 82567, 64566, 30877, 43849]"
119121,"[8832, 97110, 40309, 55082, 45512, 14277, 55675, 6991, 101533, 39598]"
119122,"[23222, 39131, 21820, 98532, 52883, 64470, 11468, 68322, 20935, 90052]"
119123,"[109067, 60564, 108061, 92416, 63550, 43305, 21915, 74610, 12956, 66766]"
119124,"[3399, 108042, 95607, 100758, 49378, 41282, 106580, 29131, 61517, 47970]"
119125,"[84127, 91824, 22868, 37358, 98217, 7183, 68095, 56649, 36226, 77716]"
119126,"[85274, 63543, 66263, 308, 69701, 6239, 64382, 98386, 3083, 76061]"
119127,"[2209, 2198, 55108, 103076, 27854, 21895, 45841, 10721, 106043, 6648]"
119128,"[5688, 31094, 83297, 86883, 109367, 85415, 63956, 61280, 21780, 30575]"
119129,"[8456, 87045, 26835, 106203, 64497, 91767, 71394, 59323, 31513, 61936]"
119130,"[51050, 16563, 69020, 49866, 14466, 80881, 92176, 37452, 10844, 91130]"
119131,"[46682, 84576, 82661, 62496, 4856, 107510, 58720, 9846, 99663, 64731]"
119132,"[15100, 44393, 5606, 49841, 25614, 88106, 57377, 63612, 38438, 84244]"
119133,"[25240, 88589, 67293, 32472, 31551, 80021, 36968, 56911, 29441, 104778]"
119134,"[93888, 108082, 10979, 63851, 101151, 87881, 90723, 81685, 5071, 95927]"
119135,"[56171, 7424, 85363, 4477, 92937, 76519, 8798, 80792, 62504, 1257]"
119136,"[33553, 59235, 63147, 11794, 67112, 35307, 98086, 64125, 39265, 966]"
119137,"[83369, 9250, 10137, 26328, 10828, 88950, 94862, 108402, 65703, 89131]"
119138,"[8676, 20491, 14480, 95072, 49495, 30770, 12803, 26296, 56378, 38633]"
119139,"[13588, 91899, 36516, 37647, 100026, 75672, 27372, 66132, 45951, 46253]"
119140,"[89481, 82059, 37472, 43828, 33088, 7420, 47869, 71251, 75312, 1002]"
119141,"[87330, 30378, 82783, 14035, 57072, 94276, 80169, 4198, 78926, 8631]"
119142,"[37035, 43419, 42008, 74299, 64523, 8319, 66278, 20598, 18464, 90656]"
119143,"[52400, 94395, 24899, 83913, 33612, 37926, 50826, 107946, 64807, 1665]"
119144,"[6966, 26128, 40794, 88163, 37055, 101200, 78890, 86317, 61792, 97032]"
119145,"[10291, 104102, 45978, 50057, 104721, 18071, 59126, 10270, 100396, 60231]"
119146,"[7775, 108057, 17598, 88017, 84752, 13278, 54949, 1200, 17747, 61865]"
119147,"[25899, 28629, 30167, 74931, 60712, 33058, 12309, 52849, 94199, 105370]"
119148,"[83519, 106995, 23741, 23919, 50678, 96274, 46349, 20495, 4126, 86528]"
119149,"[91302, 38430, 21029, 7204, 28806, 105309, 72074, 31703, 9867, 98077]"
119150,"[49561, 67303, 32140, 12998, 97344, 66658, 74723, 60950, 6024, 16679]"
119151,"[45734, 73440, 101680, 66624, 36019, 63973, 4425, 74348, 1553, 69662]"
119152,"[16811, 20967, 83509, 42361, 99545, 29584, 88087, 71419, 49999, 39103]"
119153,"[14183, 23690, 66629, 33404, 31100, 97218, 35745, 53147, 88929, 35646]"
119154,"[44907, 86964, 36911, 2487, 27031, 18032, 11277, 76293, 75962, 73508]"
119155,"[1729, 6881, 92962, 48861, 100919, 106809, 68109, 62353, 106813, 24612]"
119156,"[48041, 47630, 29387, 19228, 97872, 34292, 47868, 70642, 13631, 90505]"
119157,"[37758, 67488, 87007, 72856, 33777, 63253, 8911, 81090, 49788, 13008]"
119158,"[70934, 53570, 64444, 64556, 45843, 64699, 87376, 13944, 26065, 4275]"
119159,"[42247, 44925, 52370, 108567, 52209, 65943, 25706, 35696, 95089, 44192]"
119160,"[94566, 28181, 30557, 1747, 3471, 70897, 47474, 55118, 42011, 23740]"
119161,"[8914, 23308, 6290, 12289, 86027, 52249, 80473, 24452, 85640, 17949]"
119162,"[68784, 28126, 42309, 7683, 89836, 81312, 48997, 46303, 12944, 92179]"
119163,"[18156, 40248, 40646, 26382, 36261, 79945, 81008, 14016, 41807, 102950]"
119164,"[79205, 89362, 42095, 7967, 98445, 51273, 72611, 20117, 53700, 29239]"
119165,"[68760, 19956, 41972, 83830, 77788, 25913, 96478, 7896, 90453, 18131]"
119166,"[55565, 72518, 66472, 81247, 45597, 40924, 99688, 50391, 69435, 47238]"
119167,"[107788, 71027, 80396, 103690, 24501, 13160, 23045, 96730, 35541, 44183]"
119168,"[106875, 98036, 40591, 36685, 24284, 85167, 95469, 79474, 21183, 2469]"
119169,"[15809, 65967, 50052, 28440, 75951, 40542, 65737, 52084, 51446, 21225]"
119170,"[97769, 78145, 28491, 70544, 39378, 16367, 22298, 25021, 35953, 5514]"
119171,"[55254, 56239, 3332, 37152, 57148, 24430, 85618, 106972, 57785, 2395]"
119172,"[43179, 86009, 91331, 61044, 69940, 2252, 6431, 12362, 11557, 77937]"
119173,"[52051, 46290, 90385, 94793, 89848, 9344, 15738, 75293, 16206, 26081]"
119174,"[59933, 92376, 16335, 95008, 55978, 49581, 94386, 29466, 54419, 52758]"
119175,"[96544, 10772, 31569, 85114, 108157, 106485, 66193, 10469, 83883, 12617]"
119176,"[23025, 41720, 104168, 45292, 83955, 9437, 11090, 46127, 56414, 16298]"
119177,"[70583, 105164, 33620, 32892, 53030, 70818, 19478, 40983, 105566, 95603]"
119178,"[76129, 7038, 65810, 91399, 62159, 56435, 76385, 45423, 102661, 92318]"
119179,"[46739, 65822, 39732, 25396, 87362, 108, 72916, 29595, 6879, 80898]"
119180,"[5172, 84992, 77241, 103424, 58688, 108083, 50451, 19850, 78842, 81729]"
119181,"[83384, 8210, 65406, 14407, 68971, 95718, 2493, 4312, 84582, 20403]"
119182,"[26336, 91044, 79641, 57063, 94551, 22016, 24671, 50801, 105937, 41853]"
119183,"[34929, 5250, 61941, 2333, 50002, 89641, 77341, 100889, 14803, 19558]"
119184,"[98809, 2956, 31041, 81170, 44095, 91366, 84441, 81641, 28630, 10109]"
119185,"[67699, 25943, 89381, 99299, 102180, 86814, 80962, 9507, 12094, 16165]"
119186,"[30639, 100082, 49101, 16390, 91011, 105675, 94500, 44341, 31962, 9152]"
119187,"[80763, 97703, 86651, 8874, 24352, 25637, 69876, 59009, 54393, 12152]"
119188,"[54053, 27290, 54624, 36266, 27433, 71613, 17691, 73040, 59, 57104]"
119189,"[20872, 95488, 11639, 31083, 89125, 29184, 22021, 66099, 8350, 90844]"
119190,"[8706, 499, 100795, 82685, 21340, 43313, 75719, 85037, 63336, 85535]"
119191,"[32416, 39471, 71681, 77233, 84839, 22874, 95902, 81939, 108275, 4545]"
119192,"[50698, 50672, 27769, 32576, 81933, 74678, 106198, 31345, 8483, 87534]"
119193,"[9032, 107320, 98848, 101834, 83561, 103200, 8487, 59847, 104892, 108448]"
119194,"[81637, 40447, 23842, 80784, 104444, 58827, 5416, 67565, 66927, 69914]"
119195,"[18777, 46741, 8413, 56993, 32670, 45964, 17707, 60892, 59815, 71364]"
119196,"[101560, 96486, 55566, 8621, 6216, 99982, 91993, 40610, 67724, 47726]"
119197,"[9365, 39323, 86374, 3010, 18200, 18193, 59639, 76064, 106568, 11820]"
119198,"[66452, 59473, 102791, 20450, 55724, 82045, 80406, 15468, 42438, 3922]"
119199,"[78096, 25041, 86934, 10887, 34808, 52207, 92036, 12919, 20282, 94367]"
119200,"[10594, 18749, 85490, 82567, 3582, 95905, 3467, 45350, 46708, 74548]"
119201,"[14199, 7081, 49042, 56863, 49785, 50323, 32050, 34740, 4632, 30811]"
119202,"[52408, 106296, 39018, 67135, 63276, 9771, 48754, 7302, 60414, 68443]"
119203,"[97158, 90338, 9215, 88187, 92353, 23413, 82554, 6384, 36741, 37283]"
119204,"[89059, 90644, 90532, 42866, 85612, 79015, 62469, 100611, 44474, 14325]"
119205,"[11122, 58657, 68542, 86762, 91651, 25543, 50138, 4320, 75398, 99227]"
119206,"[100912, 10268, 32629, 70433, 9657, 40394, 24048, 68574, 10175, 2158]"
119207,"[30986, 90186, 78733, 93272, 65396, 339, 57049, 79949, 25201, 93871]"
119208,"[63093, 56074, 66852, 36834, 66956, 86876, 43459, 27443, 1854, 33477]"
119209,"[89622, 13574, 106427, 35788, 27836, 109264, 31063, 59183, 81548, 27474]"
119210,"[13964, 38894, 61412, 105058, 6077, 50523, 19032, 104689, 13976, 63681]"
119211,"[14580, 61140, 57392, 1413, 8790, 69480, 35048, 55683, 28230, 61453]"
119212,"[28875, 94972, 40544, 13605, 87254, 59380, 58081, 94371, 46698, 72058]"
119213,"[7172, 85066, 58242, 40730, 49265, 13753, 771, 47012, 67188, 69062]"
119214,"[77843, 90197, 81982, 88502, 79242, 82885, 59486, 57882, 15029, 30591]"
119215,"[65431, 85211, 79243, 45013, 75548, 93112, 40750, 45536, 50863, 35880]"
119216,"[7903, 98257, 95114, 31585, 93555, 81581, 21923, 71492, 78502, 11977]"
119217,"[25257, 94295, 1831, 55188, 37971, 8020, 75366, 23485, 65278, 82267]"
119218,"[17807, 19492, 53941, 72612, 19692, 44112, 106929, 82343, 79569, 17840]"
119219,"[64152, 30210, 56847, 105825, 7242, 67898, 44442, 89751, 101377, 91041]"
119220,"[77949, 39067, 68982, 82537, 83447, 29222, 22241, 23379, 42012, 71260]"
119221,"[11688, 76798, 94844, 107527, 21353, 46268, 106113, 39728, 73668, 12005]"
119222,"[62019, 106750, 47606, 6366, 68345, 1107, 95754, 48917, 5790, 93155]"
119223,"[35265, 80700, 11609, 68236, 92806, 48416, 10550, 91128, 77690, 1351]"
119224,"[91910, 97067, 4432, 39834, 76904, 12819, 76585, 3501, 23369, 105969]"
119225,"[22003, 89515, 57737, 53899, 44243, 50048, 104475, 107557, 70103, 65334]"
119226,"[61711, 32557, 107380, 45828, 71993, 41302, 29384, 58509, 9040, 100235]"
119227,"[88733, 8762, 109115, 33881, 23375, 2061, 102490, 90775, 99493, 50854]"
119228,"[90612, 22225, 4599, 28830, 1497, 76247, 14018, 98783, 60121, 60474]"
119229,"[4705, 79767, 41339, 90446, 70507, 77926, 56498, 62203, 15850, 63480]"
119230,"[26204, 18968, 91013, 41275, 44347, 37878, 54990, 8896, 56086, 40012]"
119231,"[18049, 87591, 22322, 33102, 77791, 29058, 108440, 55408, 37796, 108658]"
119232,"[15406, 97548, 12270, 93699, 69286, 60477, 109565, 27768, 49978, 85928]"
119233,"[14525, 46728, 77863, 38218, 79793, 12291, 32312, 57123, 13766, 37091]"
119234,"[106402, 37700, 19458, 61967, 76226, 87871, 85281, 77972, 43254, 42316]"
119235,"[89647, 81166, 47389, 90635, 17651, 38059, 66156, 87837, 28912, 6455]"
119236,"[81956, 100983, 55598, 25091, 30666, 21020, 42799, 103074, 22727, 86348]"
119237,"[90062, 23288, 9026, 103187, 90344, 907, 43024, 45894, 65604, 5573]"
119238,"[61287, 62272, 69256, 64511, 88290, 99471, 17541, 22896, 49783, 1598]"
119239,"[54266, 45248, 19122, 80241, 52127, 21812, 3352, 28885, 33858, 15732]"
119240,"[86534, 97366, 1428, 101553, 97435, 81236, 40046, 17005, 37025, 44399]"
119241,"[101867, 21311, 31394, 13416, 67193, 102158, 7012, 25704, 67059, 77287]"
119242,"[78022, 6008, 38360, 75922, 65673, 54164, 93975, 61780, 104660, 68283]"
119243,"[79942, 86166, 16619, 46563, 27494, 43886, 16682, 49225, 16593, 30804]"
119244,"[56042, 5018, 36081, 57252, 43300, 62716, 47403, 68518, 77434, 21728]"
119245,"[65731, 64033, 51435, 55292, 25461, 53488, 98139, 106701, 6509, 11038]"
119246,"[37226, 68165, 33627, 5293, 95948, 54826, 25294, 8802, 10765, 84401]"
119247,"[1315, 74684, 69509, 17503, 38351, 94026, 94114, 19115, 83442, 13123]"
119248,"[4538, 71848, 94076, 97710, 49562, 1810, 17405, 4463, 27947, 8070]"
119249,"[46502, 16434, 28733, 80758, 5118, 25183, 80916, 82977, 17536, 81399]"
119250,"[94888, 50564, 70867, 99259, 93672, 65812, 92359, 50067, 28527, 4331]"
119251,"[5638, 104429, 78842, 52411, 42985, 18699, 71583, 82160, 77677, 50451]"
119252,"[5804, 78218, 92491, 33257, 94860, 94208, 63771, 42200, 78866, 47420]"
119253,"[45581, 32912, 70844, 49864, 32453, 108391, 100427, 26013, 103873, 109462]"
119254,"[101681, 2413, 45936, 54760, 51215, 99646, 2718, 52, 900, 78462]"
119255,"[27758, 67977, 59717, 100743, 67818, 70972, 53819, 103737, 52629, 33399]"
119256,"[54413, 13292, 22570, 92342, 12622, 49569, 47901, 40882, 62223, 85543]"
119257,"[51297, 68551, 51656, 73946, 72067, 24257, 48812, 103924, 59819, 20986]"
119258,"[39034, 38737, 27700, 106271, 49952, 82357, 87717, 66085, 108079, 82215]"
119259,"[89246, 79577, 30371, 1972, 109391, 108691, 91956, 31913, 27135, 72513]"
119260,"[13829, 4212, 93124, 29556, 54361, 30200, 37591, 50861, 7664, 53683]"
119261,"[82783, 32251, 8288, 43052, 89409, 82937, 107273, 33142, 19352, 75641]"
119262,"[95287, 25296, 41234, 66135, 22142, 41571, 41181, 67543, 3705, 16488]"
119263,"[53746, 44751, 105455, 91260, 74954, 106783, 32142, 73685, 25138, 1128]"
119264,"[41733, 48553, 65629, 104430, 91501, 69828, 45246, 74152, 40611, 105174]"
119265,"[56155, 46095, 92287, 100945, 1894, 105677, 83827, 93305, 75122, 62435]"
119266,"[4909, 106708, 51684, 53846, 96161, 30124, 653, 8426, 5147, 16003]"
119267,"[82651, 62075, 78604, 70157, 63210, 76926, 43948, 583, 98200, 60365]"
119268,"[20592, 90389, 31912, 103909, 80049, 70837, 8978, 45467, 94721, 103894]"
119269,"[31594, 109500, 82440, 89400, 67574, 84451, 57218, 98828, 49547, 76777]"
119270,"[24256, 106626, 15385, 97785, 52078, 45283, 10799, 1717, 13899, 75561]"
119271,"[50013, 42268, 189, 46803, 16056, 92993, 109671, 38048, 58058, 85891]"
119272,"[52079, 94239, 47521, 102667, 108827, 60823, 29418, 32683, 85857, 92443]"
119273,"[107990, 65983, 94814, 51130, 108031, 40386, 10002, 90105, 27136, 11954]"
119274,"[30107, 30375, 69139, 41693, 109408, 68089, 84932, 21315, 20857, 33858]"
119275,"[100121, 60884, 48612, 67163, 88565, 76119, 42076, 18639, 51146, 16512]"
119276,"[46612, 18973, 100818, 5648, 105084, 67345, 60932, 39431, 104256, 51128]"
119277,"[67120, 47613, 17306, 7159, 59051, 41299, 55819, 61628, 16641, 69244]"
119278,"[84605, 18274, 67605, 97734, 1435, 50123, 59353, 95841, 58175, 70068]"
119279,"[20757, 36662, 66971, 68346, 12435, 68990, 93515, 6920, 12424, 77535]"
119280,"[20352, 77170, 34999, 109613, 24573, 84967, 90820, 22216, 72104, 26217]"
119281,"[27062, 31534, 47957, 73546, 101874, 68967, 1906, 57800, 84167, 12488]"
119282,"[92980, 57813, 98087, 31952, 6028, 94686, 47368, 59835, 59471, 97006]"
119283,"[12783, 31182, 98245, 83827, 94991, 24479, 62995, 88151, 68800, 22751]"
119284,"[36610, 43744, 72072, 33376, 28525, 20919, 77133, 31383, 94792, 14842]"
119285,"[18739, 47219, 34060, 60733, 5419, 86764, 59901, 85727, 50521, 73460]"
119286,"[96501, 105628, 16488, 19398, 52254, 25296, 61961, 72839, 68631, 41571]"
119287,"[55393, 41543, 95080, 21942, 96400, 92628, 56442, 108723, 95857, 42334]"
119288,"[80836, 23966, 60593, 71748, 26327, 94240, 4495, 13057, 4397, 56015]"
119289,"[57845, 18081, 98655, 103744, 19938, 79393, 86126, 54989, 107659, 86613]"
119290,"[74732, 105846, 37194, 74645, 90450, 48685, 3198, 104164, 4484, 31235]"
119291,"[23155, 106756, 15240, 65725, 41518, 106223, 94152, 59298, 74190, 57522]"
119292,"[109146, 1208, 78886, 108265, 14490, 73900, 82048, 80670, 61669, 107758]"
119293,"[97934, 17715, 33002, 31733, 108038, 2409, 34400, 59623, 16578, 94594]"
119294,"[41265, 109636, 34969, 56152, 87211, 20128, 3626, 81846, 61964, 81602]"
119295,"[62486, 45509, 89582, 45678, 61827, 100800, 47255, 74746, 71266, 11488]"
119296,"[34281, 20303, 21782, 90470, 42973, 48038, 56832, 71267, 77959, 32923]"
119297,"[31563, 43704, 1758, 50851, 11868, 52808, 86613, 42826, 86414, 21821]"
119298,"[106531, 14033, 32549, 59877, 63756, 48087, 101144, 1595, 100318, 57699]"
119299,"[10395, 55401, 45257, 80999, 29888, 74138, 28884, 41397, 97854, 60259]"
119300,"[28521, 88189, 11806, 32710, 5846, 50576, 102244, 41731, 16642, 98930]"
119301,"[95731, 100328, 102831, 78731, 77893, 48063, 29549, 47360, 14135, 85430]"
119302,"[39190, 59022, 54590, 108576, 8979, 80714, 19013, 37291, 11393, 46437]"
119303,"[89923, 75192, 31908, 8598, 51683, 51861, 57111, 49445, 106850, 60835]"
119304,"[48266, 20759, 108480, 96914, 64292, 4168, 92062, 70029, 63790, 10369]"
119305,"[7886, 98178, 99895, 16089, 20133, 10857, 57427, 28635, 86952, 73351]"
119306,"[33093, 38145, 89108, 32229, 87693, 23450, 100771, 51745, 25549, 37203]"
119307,"[80203, 59995, 10069, 89106, 102253, 97322, 63595, 41453, 60747, 61739]"
119308,"[109751, 65307, 62870, 80140, 69208, 61891, 51913, 9603, 87474, 93590]"
119309,"[32135, 65987, 63351, 9582, 77951, 96459, 15126, 17175, 19380, 49131]"
119310,"[35799, 89254, 105447, 38888, 34355, 28956, 3630, 104488, 2176, 63895]"
119311,"[79331, 37586, 62276, 63410, 45982, 51101, 77223, 106321, 1440, 70996]"
119312,"[55612, 54728, 89234, 48176, 55877, 98190, 43805, 31469, 38044, 91453]"
119313,"[1470, 40529, 106703, 30659, 37618, 105661, 77956, 80957, 36358, 24129]"
119314,"[59765, 34154, 74647, 78317, 52388, 53294, 10122, 35904, 70096, 94090]"
119315,"[89845, 44774, 11000, 62328, 74967, 103233, 94368, 70881, 100385, 62686]"
119316,"[6870, 89683, 74426, 54705, 17667, 64980, 20654, 52393, 89359, 71443]"
119317,"[3727, 43631, 84730, 7544, 100380, 52301, 74718, 98882, 85759, 103532]"
119318,"[9338, 44092, 23776, 38226, 24215, 56320, 42437, 101519, 104206, 57697]"
119319,"[81997, 89743, 3134, 39404, 48841, 4914, 98790, 105832, 86769, 67101]"
119320,"[46637, 56491, 46224, 50584, 9949, 61786, 68831, 20008, 98478, 42987]"
119321,"[75727, 76598, 45301, 92598, 92369, 4695, 40474, 67405, 91373, 61002]"
119322,"[5754, 74116, 64857, 49290, 22299, 34400, 16643, 55686, 82369, 93063]"
119323,"[50937, 99507, 11687, 57065, 2849, 84879, 96568, 16660, 58965, 16676]"
119324,"[90700, 19954, 72483, 42216, 70576, 3702, 63242, 38832, 18536, 60971]"
119325,"[70489, 87522, 71961, 49873, 63356, 87670, 97993, 100973, 97018, 100767]"
119326,"[22098, 38109, 14705, 67579, 56013, 55400, 51066, 22995, 30170, 31156]"
119327,"[20876, 92561, 31806, 64490, 61520, 46738, 38605, 61822, 55335, 89832]"
119328,"[51371, 90155, 51474, 104386, 24557, 18804, 101477, 45932, 5467, 92299]"
119329,"[65912, 22365, 50364, 73749, 8197, 59259, 95834, 83190, 44569, 14797]"
119330,"[54928, 13536, 59456, 21624, 68291, 45903, 28582, 50810, 64588, 75457]"
119331,"[53398, 105042, 69640, 43186, 95227, 106769, 15124, 63032, 5154, 43033]"
119332,"[19696, 54268, 84837, 18502, 1606, 56918, 99349, 36848, 54095, 48560]"
119333,"[42838, 65465, 95282, 93102, 73559, 29895, 40126, 28551, 18142, 31280]"
119334,"[70151, 90288, 72745, 43837, 47924, 107248, 96582, 95308, 82087, 10912]"
119335,"[14073, 96318, 31882, 13996, 23480, 39737, 6683, 60933, 43990, 102987]"
119336,"[84551, 25998, 59662, 38906, 99962, 42079, 20307, 108564, 18177, 78119]"
119337,"[39720, 81281, 30461, 45921, 50445, 8412, 26709, 71300, 54147, 70684]"
119338,"[72975, 54111, 46925, 84590, 40339, 5649, 70243, 66090, 59598, 74999]"
119339,"[53767, 69774, 49696, 92560, 84770, 18123, 3787, 67628, 87798, 12988]"
119340,"[60845, 65579, 74261, 48698, 17924, 56991, 28099, 33557, 58111, 66134]"
119341,"[68286, 76134, 9331, 4805, 3877, 83148, 106644, 101469, 29176, 30723]"
119342,"[40927, 4554, 87239, 49031, 100976, 92348, 86045, 20793, 34852, 37375]"
119343,"[92734, 61171, 66245, 22482, 90837, 93751, 51398, 7925, 106911, 41043]"
119344,"[63658, 12949, 60346, 77898, 75943, 61175, 86744, 76774, 102960, 60688]"
119345,"[44441, 62990, 32554, 9167, 43292, 48387, 80176, 2940, 89312, 65762]"
119346,"[58816, 86612, 28139, 37590, 55577, 88688, 22988, 77562, 66113, 95963]"
119347,"[73573, 101125, 79833, 106179, 33122, 103467, 83584, 56787, 56599, 46504]"
119348,"[80149, 86463, 57125, 85934, 60166, 91517, 30834, 59807, 58921, 93628]"
119349,"[88212, 8509, 108326, 50684, 85998, 77437, 50036, 51610, 12790, 31070]"
119350,"[4955, 30216, 94598, 10379, 81662, 97206, 43646, 36426, 44903, 49322]"
119351,"[6513, 83748, 86104, 18604, 68194, 17090, 107088, 109698, 7153, 9788]"
119352,"[10037, 83129, 36915, 102281, 3684, 109689, 6851, 33137, 91266, 68358]"
119353,"[7325, 52707, 100046, 98503, 12628, 85209, 9426, 74883, 93949, 69659]"
119354,"[50090, 82241, 57931, 94047, 14268, 80664, 20012, 60536, 45285, 39677]"
119355,"[29582, 15398, 13371, 80838, 49925, 12951, 856, 22963, 43654, 35052]"
119356,"[8094, 16803, 54395, 6285, 27284, 93861, 51110, 82456, 30209, 7887]"
119357,"[52638, 46867, 23688, 67009, 92594, 4500, 43257, 84023, 49292, 53634]"
119358,"[78162, 49201, 18818, 80274, 23966, 64112, 41615, 60593, 33733, 21559]"
119359,"[33438, 48784, 50543, 98374, 38753, 71238, 20066, 37666, 108575, 16415]"
119360,"[47254, 43361, 53490, 51625, 67485, 90369, 106621, 98224, 38660, 83958]"
119361,"[13570, 9805, 84900, 49367, 92216, 74019, 32310, 46038, 49355, 82078]"
119362,"[71640, 84003, 14659, 59848, 83649, 38541, 75401, 64631, 49083, 47697]"
119363,"[81072, 26551, 35913, 36637, 22890, 87323, 59385, 8782, 109431, 51814]"
119364,"[91906, 49506, 91000, 87091, 66321, 53820, 88676, 2159, 49862, 47803]"
119365,"[93183, 8368, 76031, 103082, 5480, 59992, 102082, 33824, 17853, 36460]"
119366,"[74820, 27948, 108717, 21183, 106098, 13961, 29138, 83806, 108345, 11109]"
119367,"[103850, 104703, 11895, 20813, 43037, 14922, 102161, 108779, 61426, 86279]"
119368,"[89627, 74937, 98995, 31046, 26695, 29717, 105759, 59295, 95666, 96120]"
119369,"[62945, 20118, 19659, 6623, 2463, 22214, 2033, 39987, 32544, 101298]"
119370,"[23440, 7559, 20028, 104159, 45331, 104022, 80596, 59458, 76128, 17867]"
119371,"[25356, 85014, 86085, 66153, 90470, 106724, 101123, 48096, 71267, 23056]"
119372,"[82296, 35427, 42399, 85762, 51600, 53782, 759, 87741, 18406, 10718]"
119373,"[35226, 90477, 22783, 89782, 19153, 91225, 53230, 83757, 32006, 108998]"
119374,"[67953, 55372, 77588, 45093, 42847, 84989, 106386, 40711, 105659, 95680]"
119375,"[109089, 15591, 67728, 90278, 55394, 66542, 36852, 18570, 53152, 67839]"
119376,"[30080, 82402, 84287, 103751, 22949, 96429, 99327, 95019, 13429, 97974]"
119377,"[84200, 91306, 28413, 102800, 80634, 9035, 41490, 5677, 10095, 41781]"
119378,"[1510, 27458, 68881, 101849, 46786, 93687, 107705, 90232, 77368, 90701]"
119379,"[15444, 2716, 62729, 75356, 109770, 58414, 3416, 41347, 47000, 43724]"
119380,"[61657, 42029, 32123, 22161, 107675, 24542, 41032, 84641, 47862, 84229]"
119381,"[42262, 102031, 92861, 102195, 13584, 40453, 12216, 53045, 57598, 40755]"
119382,"[103750, 34106, 5681, 66096, 41139, 71457, 31910, 57709, 91875, 47286]"
119383,"[37120, 17497, 80405, 73764, 45880, 78900, 30948, 2331, 83925, 57395]"
119384,"[51199, 96198, 81190, 13333, 35803, 6644, 67165, 26865, 34471, 100333]"
119385,"[36561, 65842, 74417, 84257, 71268, 26551, 104836, 65830, 104420, 17348]"
119386,"[76843, 7873, 78747, 10136, 84434, 81666, 30049, 34702, 53625, 17760]"
119387,"[7225, 62326, 9336, 109733, 64557, 54383, 49524, 82586, 61806, 90881]"
119388,"[73208, 4393, 60167, 84218, 91894, 79214, 10555, 89330, 109533, 31387]"
119389,"[77360, 109344, 71154, 68563, 67859, 91048, 86938, 72970, 42412, 15812]"
119390,"[44622, 79356, 29662, 33919, 53168, 50122, 5575, 65376, 40263, 78310]"
119391,"[62220, 73868, 81920, 19454, 40322, 98970, 16891, 6153, 57200, 16354]"
119392,"[83585, 7246, 93732, 106232, 33068, 105402, 53500, 64055, 37689, 45521]"
119393,"[85049, 22871, 88386, 23139, 107737, 34121, 103923, 37354, 34070, 104545]"
119394,"[92292, 1111, 87663, 33282, 1815, 74654, 91104, 57757, 7478, 72694]"
119395,"[62659, 95427, 44685, 25498, 70345, 54223, 91744, 23326, 69978, 8084]"
119396,"[98167, 37167, 43834, 99792, 13060, 1447, 66025, 62647, 105321, 98218]"
119397,"[23070, 82114, 100149, 14098, 32074, 14397, 54701, 81200, 11781, 20224]"
119398,"[43510, 78763, 70326, 57651, 53739, 76847, 66898, 45730, 3024, 82139]"
119399,"[88695, 1707, 46834, 23995, 10499, 48006, 6837, 38862, 62760, 51663]"
119400,"[57183, 90677, 65426, 32900, 97129, 51405, 64188, 63722, 37721, 85466]"
119401,"[77154, 66315, 78098, 104267, 52294, 100700, 92487, 73378, 53295, 95347]"
119402,"[94479, 39656, 86794, 103508, 41820, 14162, 47351, 99336, 58704, 33100]"
119403,"[58423, 109091, 9418, 53726, 29198, 1373, 13140, 109104, 7183, 88946]"
119404,"[103973, 79695, 80067, 97323, 16618, 79101, 23655, 104617, 68074, 51916]"
119405,"[79059, 74410, 103244, 21273, 95302, 11606, 98520, 42796, 107191, 86830]"
119406,"[88444, 91607, 21113, 101231, 85896, 67478, 108654, 19683, 43160, 54022]"
119407,"[5829, 2309, 5632, 13098, 9451, 10286, 39142, 54865, 31679, 77725]"
119408,"[93228, 101904, 83112, 90511, 4055, 63628, 96009, 24423, 64841, 39498]"
119409,"[31296, 69368, 17938, 18543, 58872, 10074, 88477, 10769, 1432, 80513]"
119410,"[74666, 106177, 95877, 43250, 20745, 58339, 79800, 106356, 6726, 16061]"
119411,"[64280, 101557, 53189, 28390, 71468, 98405, 82510, 57012, 57382, 80944]"
119412,"[43587, 19924, 23577, 93249, 19335, 89094, 45352, 16961, 33714, 12519]"
119413,"[55783, 105750, 35376, 45797, 100909, 33401, 100880, 6161, 80841, 109173]"
119414,"[61269, 13880, 69089, 78086, 45926, 10421, 51115, 32124, 11157, 16374]"
119415,"[3048, 109658, 52656, 60441, 99736, 82210, 15019, 107773, 98284, 46518]"
119416,"[16072, 10222, 46025, 18116, 91884, 7184, 21572, 16596, 21814, 108774]"
119417,"[95888, 54959, 39525, 59629, 59475, 18640, 42461, 91371, 38851, 99814]"
119418,"[3497, 71798, 98982, 51752, 53362, 98788, 9127, 48688, 90028, 106264]"
119419,"[56235, 100355, 106007, 63065, 102799, 16070, 17423, 69918, 54372, 91030]"
119420,"[22409, 92785, 40649, 89107, 23047, 79949, 2228, 69688, 31920, 91507]"
119421,"[58874, 56381, 2937, 36413, 75926, 31503, 92533, 59209, 22821, 75337]"
119422,"[11299, 32060, 10025, 55183, 55491, 107979, 69491, 95199, 84763, 72096]"
119423,"[31503, 61325, 92533, 56050, 59209, 75160, 80745, 75337, 56381, 42327]"
119424,"[95904, 7866, 28848, 75527, 29688, 69763, 87830, 106821, 5867, 72538]"
119425,"[6339, 2951, 43531, 100627, 75014, 106632, 2289, 11805, 54488, 88744]"
119426,"[34671, 14417, 21221, 35885, 75216, 50672, 2511, 11508, 32576, 30186]"
119427,"[33166, 93714, 107987, 97644, 94683, 92456, 38207, 98696, 74685, 53231]"
119428,"[91164, 29106, 33010, 102677, 87740, 10070, 67992, 75409, 82516, 73904]"
119429,"[38502, 1546, 8884, 73016, 40854, 59168, 69862, 49742, 81478, 31217]"
119430,"[78981, 19195, 32210, 58465, 92436, 6454, 24353, 80472, 94748, 30865]"
119431,"[46280, 41545, 89675, 28025, 10106, 80328, 83803, 35449, 86753, 77484]"
119432,"[27331, 92029, 69114, 77457, 7174, 19796, 39941, 62755, 94849, 101400]"
119433,"[2830, 31284, 60382, 83990, 11311, 99199, 35361, 280, 85744, 85310]"
119434,"[11794, 35307, 59235, 78242, 62274, 33553, 98086, 39265, 38343, 106289]"
119435,"[63869, 75717, 56985, 106189, 97015, 6795, 13748, 30667, 72188, 108931]"
119436,"[24778, 62424, 65296, 16839, 97765, 37561, 9283, 63466, 40743, 67795]"
119437,"[38370, 103011, 7432, 19896, 78427, 103647, 19093, 104960, 90144, 21911]"
119438,"[62229, 54921, 101276, 82923, 83210, 95586, 85603, 11907, 18610, 63582]"
119439,"[104165, 33469, 88966, 63615, 70658, 63594, 107339, 59139, 82020, 7428]"
119440,"[37286, 37957, 107573, 60653, 19165, 27065, 57052, 79351, 96265, 59053]"
119441,"[27086, 104426, 48257, 8436, 10919, 1643, 57956, 64148, 35425, 3906]"
119442,"[58560, 88889, 54524, 28644, 66655, 14785, 105212, 70792, 75924, 95400]"
119443,"[44018, 101502, 108021, 77627, 86141, 94537, 52606, 35221, 26612, 16545]"
119444,"[94328, 100967, 59019, 1509, 15730, 58249, 87423, 76354, 36607, 42057]"
119445,"[76009, 100705, 76326, 39489, 25971, 20392, 60379, 21721, 81171, 69375]"
119446,"[51614, 81439, 101192, 109742, 35068, 15549, 50630, 106865, 22124, 43656]"
119447,"[150, 60566, 91486, 29795, 76466, 71289, 51071, 60684, 30290, 65670]"
119448,"[57481, 68666, 57305, 57743, 12307, 21482, 9454, 109163, 98118, 10325]"
119449,"[29978, 78975, 85076, 68599, 42419, 2458, 100505, 90196, 23154, 53874]"
119450,"[89372, 6215, 61495, 106250, 5544, 101196, 76128, 39604, 22364, 81158]"
119451,"[85118, 38751, 27819, 12410, 67249, 64035, 22435, 14968, 100212, 11499]"
119452,"[7771, 25545, 81343, 63261, 108646, 42860, 11663, 11624, 44503, 7894]"
119453,"[579, 65373, 97612, 45399, 60112, 105186, 45488, 28218, 39530, 51152]"
119454,"[34815, 28499, 85168, 108256, 87152, 98910, 85646, 5338, 84813, 96026]"
119455,"[28262, 54666, 85563, 71130, 102716, 72405, 54533, 24966, 93529, 48002]"
119456,"[84108, 76123, 88129, 62045, 1691, 105064, 74691, 31177, 95600, 30250]"
119457,"[30573, 98749, 72069, 52206, 18852, 45408, 39004, 31980, 92119, 35886]"
119458,"[407, 44418, 60646, 109482, 109373, 22351, 68499, 83654, 54229, 54641]"
119459,"[8991, 3414, 14390, 77750, 13401, 43226, 94668, 86955, 108496, 73234]"
119460,"[38351, 19115, 69509, 17503, 109231, 94114, 94026, 12942, 1315, 74684]"
119461,"[73108, 53660, 84430, 35391, 863, 61842, 63078, 98657, 90594, 85396]"
119462,"[36022, 69403, 988, 25878, 65339, 87784, 102734, 103304, 88426, 17586]"
119463,"[15665, 66053, 13055, 14911, 54833, 74301, 47875, 28694, 36239, 109620]"
119464,"[5213, 89084, 68215, 80265, 14487, 77504, 102522, 74244, 107905, 101749]"
119465,"[33147, 59117, 22116, 31844, 81098, 6416, 52158, 85514, 14455, 79571]"
119466,"[58266, 78619, 25518, 85591, 68419, 43078, 77016, 63768, 94733, 52263]"
119467,"[57131, 61820, 47584, 78342, 83567, 87540, 8576, 52785, 96540, 49129]"
119468,"[57388, 37157, 19751, 78889, 90030, 101427, 71425, 86091, 101841, 8019]"
119469,"[87883, 99280, 19670, 15100, 29082, 65927, 54101, 100413, 88524, 3304]"
119470,"[60971, 36474, 38832, 18127, 38789, 7448, 48726, 43309, 35309, 90700]"
119471,"[103028, 38693, 71768, 623, 31348, 107314, 63237, 745, 78056, 20538]"
119472,"[6579, 16661, 80033, 72965, 7532, 101485, 104166, 38027, 25161, 44789]"
119473,"[19391, 15192, 53578, 72957, 85421, 6838, 28107, 74646, 14939, 22691]"
119474,"[16382, 29282, 97861, 46442, 60066, 60442, 28587, 101956, 22717, 80665]"
119475,"[36322, 44494, 94403, 23086, 40318, 1617, 65022, 70739, 55397, 65947]"
119476,"[70151, 62815, 43837, 90288, 47924, 107248, 72745, 96582, 10912, 87309]"
119477,"[10465, 11500, 40956, 74862, 45265, 91154, 1251, 35487, 83145, 36876]"
119478,"[43268, 100213, 2060, 74500, 57543, 109595, 45783, 5180, 86908, 59519]"
119479,"[6751, 1402, 100107, 10954, 24524, 42500, 69307, 28956, 3861, 29912]"
119480,"[69002, 71838, 27196, 89528, 55404, 33105, 55887, 102295, 2826, 31026]"
119481,"[2513, 71936, 60814, 72963, 78322, 82584, 66131, 54814, 5629, 6466]"
119482,"[109758, 12684, 99154, 2832, 56145, 95284, 96133, 20659, 13261, 95024]"
119483,"[11156, 70005, 44714, 81814, 69635, 67501, 67207, 14165, 21164, 108814]"
119484,"[88574, 6105, 41455, 9502, 29191, 9816, 36280, 89455, 75963, 66150]"
119485,"[15084, 61090, 76281, 13875, 59479, 35322, 98072, 7186, 63126, 65649]"
119486,"[84437, 80293, 46111, 8505, 90193, 15813, 3739, 35696, 103606, 44923]"
119487,"[64717, 12605, 84337, 44189, 96757, 86701, 70649, 102419, 98595, 13988]"
119488,"[92657, 9959, 1566, 20036, 6522, 52048, 82401, 10967, 9511, 97616]"
119489,"[84547, 17177, 23702, 106066, 36586, 36678, 1144, 85892, 104875, 103235]"
119490,"[73571, 51961, 66869, 76256, 52021, 46296, 33413, 2862, 65475, 103606]"
119491,"[48673, 102052, 77634, 80195, 62368, 91541, 15992, 65762, 21286, 80338]"
119492,"[77630, 63549, 95500, 7599, 77493, 55970, 98412, 104551, 4799, 20977]"
119493,"[96412, 96601, 85312, 79662, 46655, 3971, 45869, 69602, 51983, 68871]"
119494,"[56045, 16243, 76609, 52295, 85509, 41285, 27701, 91036, 89364, 73789]"
119495,"[68619, 39868, 80343, 23675, 75213, 17454, 9890, 21337, 96758, 74756]"
119496,"[16268, 24437, 95184, 7399, 20063, 1391, 82649, 48219, 76141, 97988]"
119497,"[104786, 23214, 11784, 101667, 39084, 6112, 49185, 62892, 106144, 29478]"
119498,"[76914, 59980, 100777, 41878, 83845, 71914, 103825, 45748, 72123, 44864]"
119499,"[53766, 22047, 42709, 33419, 17941, 50368, 50702, 3209, 88973, 14675]"
119500,"[76955, 90908, 108578, 92736, 4576, 89838, 22352, 5666, 11223, 93524]"
119501,"[59709, 56893, 86107, 35073, 87747, 40320, 13652, 88946, 62461, 15995]"
119502,"[17933, 65002, 70295, 79519, 10212, 44630, 73509, 73883, 46019, 16316]"
119503,"[67295, 107101, 89814, 39689, 18146, 91452, 56620, 30820, 97295, 86328]"
119504,"[87827, 15343, 31260, 84394, 103612, 67145, 69760, 79641, 29323, 106429]"
119505,"[100837, 63725, 71661, 30806, 62998, 50281, 73182, 43650, 25915, 9676]"
119506,"[533, 78396, 100764, 12363, 64551, 100513, 104318, 30443, 39734, 49778]"
119507,"[23252, 90730, 79718, 38914, 52484, 101288, 70954, 93480, 39125, 35433]"
119508,"[15986, 85092, 20440, 40272, 35528, 77603, 68386, 38222, 68589, 18695]"
119509,"[6496, 18652, 15049, 66385, 101146, 29984, 51473, 85087, 15910, 29823]"
119510,"[3412, 109207, 91487, 41414, 17601, 4386, 2011, 21531, 85989, 96945]"
119511,"[50275, 81889, 103729, 48501, 99479, 50272, 106654, 92175, 79589, 41375]"
119512,"[52494, 97021, 13152, 104069, 73533, 1399, 7298, 90033, 70394, 42579]"
119513,"[21460, 74049, 98255, 3533, 22634, 34677, 46961, 6115, 7934, 27324]"
119514,"[17272, 68525, 64111, 38864, 100879, 6073, 52033, 58782, 69988, 101755]"
119515,"[14185, 68772, 24919, 25754, 20348, 21061, 101047, 19204, 1156, 52740]"
119516,"[85723, 86827, 13915, 44866, 8893, 49395, 86364, 35150, 77188, 41306]"
119517,"[42755, 41060, 97761, 94045, 71070, 47155, 99138, 44943, 103068, 65154]"
119518,"[26796, 12902, 52662, 40855, 100772, 19968, 33065, 85332, 12848, 61604]"
119519,"[91585, 59831, 8459, 11509, 62947, 14597, 16100, 282, 1404, 362]"
119520,"[49599, 21233, 92137, 60824, 6080, 18727, 65065, 105680, 57383, 52229]"
119521,"[65181, 34714, 35904, 68542, 109732, 22309, 10533, 61640, 55130, 70333]"
119522,"[102241, 20161, 8493, 90626, 71621, 22896, 74421, 25389, 93994, 88278]"
119523,"[41526, 56998, 2969, 88863, 14106, 24743, 26556, 25417, 81610, 25476]"
119524,"[105436, 4127, 1692, 28678, 66730, 79230, 1106, 30500, 81721, 26663]"
119525,"[4648, 93527, 87762, 93143, 61080, 1025, 12333, 43999, 3634, 15627]"
119526,"[82794, 64108, 92982, 94605, 43775, 1281, 89792, 31347, 101875, 46943]"
119527,"[95379, 84734, 96886, 2970, 68280, 9794, 47792, 46201, 19316, 7141]"
119528,"[14838, 102608, 35420, 69939, 50867, 96517, 14343, 65242, 38459, 95399]"
119529,"[78619, 80738, 83322, 52263, 70923, 34564, 37999, 63720, 15501, 62529]"
119530,"[80212, 33751, 104774, 37606, 51737, 14421, 17985, 12618, 27681, 108489]"
119531,"[97397, 56125, 43181, 76362, 13914, 45454, 17008, 88070, 12790, 81934]"
119532,"[51799, 96344, 8656, 35618, 42872, 40880, 41757, 63248, 101701, 50950]"
119533,"[2548, 37041, 101032, 76780, 85909, 2436, 71490, 44648, 49045, 52383]"
119534,"[109209, 1105, 38529, 54911, 20999, 24806, 95709, 105884, 81433, 7459]"
119535,"[70024, 11103, 85832, 70712, 27974, 100792, 103624, 40093, 70364, 101762]"
119536,"[40974, 97024, 44059, 16686, 27574, 98852, 58888, 45626, 52112, 106220]"
119537,"[42183, 89454, 67846, 75591, 25266, 53961, 101130, 27425, 32354, 80295]"
119538,"[91383, 61225, 7217, 10774, 48696, 53077, 35254, 12538, 9087, 11526]"
119539,"[77233, 15447, 39471, 71681, 86305, 6404, 46810, 11685, 32416, 84839]"
119540,"[13681, 94789, 50247, 100531, 97058, 46091, 59359, 81844, 83994, 54102]"
119541,"[106399, 91629, 83168, 17401, 37984, 29152, 76199, 80708, 105065, 108072]"
119542,"[31716, 8642, 61321, 96841, 56519, 106994, 34574, 108320, 78864, 13801]"
119543,"[59552, 86725, 38836, 52547, 58389, 17656, 95830, 98805, 29063, 89506]"
119544,"[36327, 70291, 31544, 5147, 16003, 30124, 51684, 52098, 653, 53846]"
119545,"[7565, 42965, 96073, 85929, 53195, 13574, 57060, 8537, 77482, 64729]"
119546,"[14636, 50962, 5895, 60122, 41483, 38563, 103882, 96313, 54350, 109470]"
119547,"[106612, 5882, 82697, 55621, 38692, 49448, 67359, 76492, 76438, 6197]"
119548,"[93533, 18665, 50522, 105714, 109320, 13250, 83657, 13610, 18763, 89380]"
119549,"[66304, 69263, 73474, 88028, 92378, 33071, 89529, 11812, 32198, 15849]"
119550,"[24330, 43216, 28347, 45140, 1846, 62274, 97736, 64125, 106289, 33553]"
119551,"[105364, 32865, 20179, 36119, 101102, 11251, 74083, 3310, 20567, 21937]"
119552,"[82882, 25325, 66727, 31689, 17546, 94127, 45067, 108826, 68002, 4085]"
119553,"[50742, 98332, 105770, 26688, 41701, 285, 65040, 9427, 31169, 56068]"
119554,"[98319, 9858, 12402, 73196, 4457, 9180, 68987, 30714, 52152, 30341]"
119555,"[38062, 88783, 73686, 87094, 102320, 35329, 98534, 11836, 106012, 45161]"
119556,"[81794, 37747, 18379, 5509, 47062, 19059, 40735, 59024, 106174, 94653]"
119557,"[106151, 39419, 79367, 67540, 19224, 70581, 24525, 89589, 49906, 61745]"
119558,"[36757, 17323, 87406, 21112, 54815, 64400, 42341, 24942, 60639, 7513]"
119559,"[65289, 60763, 43730, 44114, 75042, 81306, 94935, 5058, 51897, 87298]"
119560,"[92160, 74104, 85070, 75029, 57329, 32957, 13767, 3264, 75979, 50172]"
119561,"[54461, 93654, 76344, 65225, 45770, 109204, 47690, 103536, 105173, 53183]"
119562,"[77181, 21978, 84273, 57678, 106907, 40065, 53554, 89932, 62281, 42680]"
119563,"[37438, 63165, 93666, 7991, 39168, 105459, 571, 40448, 94246, 9685]"
119564,"[55678, 58218, 33260, 57703, 96435, 102250, 72992, 6370, 64791, 99994]"
119565,"[29347, 86959, 108559, 79344, 71832, 13327, 92501, 18963, 37470, 83793]"
119566,"[76229, 57839, 62003, 36289, 36247, 3874, 50085, 11373, 50821, 101135]"
119567,"[39803, 50313, 44032, 102808, 57456, 83376, 52283, 69546, 34551, 27823]"
119568,"[65022, 4139, 105607, 70739, 35319, 11581, 46284, 40318, 54923, 26930]"
119569,"[89693, 20235, 12507, 56682, 56307, 29218, 93380, 74996, 71256, 64930]"
119570,"[70881, 51188, 92933, 109668, 67484, 91784, 50680, 106253, 44634, 64788]"
119571,"[66930, 86773, 12875, 80728, 37847, 72897, 42516, 72563, 81369, 80413]"
119572,"[15817, 13214, 93194, 71224, 80497, 108285, 21528, 52906, 80562, 18266]"
119573,"[105676, 18632, 107742, 86972, 64306, 10254, 46062, 7063, 25874, 99809]"
119574,"[26931, 20807, 93173, 44507, 32374, 1873, 19421, 39438, 93459, 14404]"
119575,"[17364, 45132, 10491, 17479, 12172, 7365, 86384, 27502, 106976, 104304]"
119576,"[69957, 108430, 77806, 73015, 55655, 32016, 13350, 93389, 28859, 40641]"
119577,"[39075, 1872, 51166, 74781, 86343, 59871, 39678, 2906, 23734, 97876]"
119578,"[77089, 47169, 82572, 90284, 68734, 77599, 81553, 16595, 80817, 8855]"
119579,"[48808, 4669, 80382, 5619, 87736, 94553, 9350, 42801, 84349, 41953]"
119580,"[108289, 107191, 42796, 108613, 97237, 46511, 78452, 73456, 11606, 103244]"
119581,"[22485, 80034, 82870, 78072, 69337, 82036, 28383, 35651, 7089, 39264]"
119582,"[93587, 46275, 39676, 105632, 35120, 70478, 99046, 3849, 96499, 14996]"
119583,"[26916, 45933, 59770, 12417, 36305, 53226, 7835, 97746, 9789, 59373]"
119584,"[15450, 27469, 83846, 48517, 39781, 18922, 35086, 96026, 103630, 57948]"
119585,"[26393, 103435, 61629, 24025, 28990, 43816, 20361, 106088, 43953, 23073]"
119586,"[23446, 50771, 71029, 45357, 69922, 49500, 63555, 38496, 4532, 93776]"
119587,"[51754, 31390, 64844, 25990, 101900, 6335, 29361, 28103, 68224, 98566]"
119588,"[91381, 57704, 40340, 21888, 18746, 58668, 96284, 76272, 87806, 74792]"
119589,"[60278, 96448, 23576, 45574, 89325, 302, 9566, 16898, 86157, 25600]"
119590,"[101846, 16624, 4366, 48122, 6614, 79871, 66613, 76030, 104660, 31466]"
119591,"[64086, 76934, 48584, 89156, 63223, 64906, 5278, 86165, 7784, 4289]"
119592,"[8304, 10318, 69033, 95407, 3547, 36284, 88777, 14218, 50583, 81670]"
119593,"[51955, 28093, 16474, 98126, 16630, 34331, 98796, 52895, 40585, 7785]"
119594,"[9368, 82115, 35262, 15073, 86763, 38943, 43256, 45711, 80671, 25341]"
119595,"[71180, 25522, 109764, 91014, 49835, 3703, 10275, 21326, 26969, 94797]"
119596,"[98277, 24927, 67991, 56723, 59790, 105092, 95548, 103331, 59531, 51578]"
119597,"[26159, 46822, 104100, 65179, 36308, 79537, 1291, 75708, 50877, 98756]"
119598,"[95981, 2812, 80587, 77552, 90536, 3477, 57905, 24984, 60796, 28858]"
119599,"[56720, 53376, 21552, 18353, 59023, 98347, 11643, 107228, 41498, 105204]"
119600,"[67744, 27858, 8182, 106123, 31511, 21409, 65464, 21531, 105271, 2862]"
119601,"[73400, 21139, 86810, 65363, 29358, 104611, 10281, 55548, 81967, 88094]"
119602,"[93208, 77051, 103802, 73907, 35692, 69989, 10695, 54502, 73148, 97125]"
119603,"[106385, 83978, 106368, 84768, 73278, 41342, 67673, 19729, 39383, 58044]"
119604,"[95963, 66113, 100951, 72121, 4020, 25318, 39703, 59675, 40702, 84391]"
119605,"[47954, 49192, 78236, 63753, 44742, 1415, 73614, 92729, 34851, 76961]"
119606,"[1053, 48171, 56400, 10244, 74965, 62805, 20826, 103277, 20878, 74937]"
119607,"[73411, 72747, 33160, 61733, 64288, 109093, 48297, 38026, 61059, 25075]"
119608,"[17279, 31810, 95582, 33225, 56730, 15721, 88680, 72854, 29016, 79840]"
119609,"[33894, 98148, 63250, 63476, 6114, 58527, 69508, 99441, 36524, 24759]"
119610,"[84000, 16955, 95745, 661, 14910, 42058, 13638, 94899, 51494, 60100]"
119611,"[21183, 83806, 24284, 85167, 95469, 2469, 36685, 101593, 106875, 79474]"
119612,"[92299, 101477, 36897, 91903, 42042, 90155, 51371, 5467, 25610, 76329]"
119613,"[17416, 92919, 92231, 71631, 12525, 46447, 62403, 7178, 35018, 14600]"
119614,"[75091, 15622, 105467, 9380, 13700, 75492, 30495, 37198, 28019, 106908]"
119615,"[40324, 72944, 69835, 61837, 96272, 35069, 93722, 106207, 25883, 97792]"
119616,"[14379, 76288, 43664, 105063, 99996, 35408, 38895, 22225, 51998, 78359]"
119617,"[87670, 60889, 46895, 56373, 23119, 57393, 85907, 49883, 43466, 82342]"
119618,"[68061, 103862, 51091, 91145, 39983, 89739, 27849, 107721, 56328, 77595]"
119619,"[53699, 50545, 101427, 71152, 21700, 7441, 32526, 99700, 18791, 97109]"
119620,"[4074, 48677, 40143, 46141, 1265, 97498, 64366, 51387, 82540, 23270]"
119621,"[46933, 63390, 37820, 7100, 37293, 45402, 66304, 50061, 73474, 11812]"
119622,"[16608, 108906, 63562, 48953, 53666, 85628, 22867, 88195, 19365, 95882]"
119623,"[24945, 15110, 407, 83654, 49418, 109482, 109373, 68499, 44418, 54229]"
119624,"[11878, 47534, 87230, 13480, 108743, 92458, 74590, 65228, 75290, 3157]"
119625,"[77535, 93515, 68990, 20757, 12424, 23634, 7525, 36662, 66971, 68346]"
119626,"[37431, 87463, 63889, 92580, 99013, 50666, 106774, 49086, 58821, 69088]"
119627,"[5314, 31451, 63868, 28194, 98349, 30983, 103488, 6412, 20829, 97529]"
119628,"[74214, 73593, 82406, 46165, 93878, 94253, 100610, 7082, 12908, 85122]"
119629,"[51196, 41921, 67310, 77559, 63881, 3354, 94892, 63278, 51940, 66186]"
119630,"[60572, 72782, 89261, 91461, 80868, 47877, 48536, 57714, 84908, 56036]"
119631,"[41726, 74566, 37998, 63214, 103222, 43294, 2950, 32092, 81339, 99838]"
119632,"[81692, 2793, 62010, 97558, 24300, 3704, 87755, 71379, 3346, 7907]"
119633,"[79728, 30572, 19429, 47488, 28834, 69993, 106581, 33998, 37309, 95639]"
119634,"[84975, 24853, 13154, 58830, 104181, 4675, 41668, 17398, 12655, 45505]"
119635,"[104699, 86603, 19682, 5463, 41385, 15745, 70639, 50726, 93773, 56406]"
119636,"[19872, 94587, 58532, 76097, 46359, 524, 60598, 33884, 43742, 63073]"
119637,"[100127, 89534, 64263, 28782, 86011, 40759, 67137, 39364, 15576, 72182]"
119638,"[105716, 20118, 108175, 101298, 70830, 84025, 60375, 74267, 62097, 89596]"
119639,"[70932, 75572, 47106, 93576, 14646, 38929, 85568, 23085, 17042, 69168]"
119640,"[29383, 58910, 55280, 20497, 89512, 97489, 53716, 18672, 13697, 20975]"
119641,"[16904, 80206, 25991, 45063, 57881, 46439, 25274, 95958, 77802, 6185]"
119642,"[18289, 98041, 60868, 45832, 101007, 7052, 66804, 104682, 89415, 20807]"
119643,"[58302, 17322, 90026, 10831, 14856, 93526, 79883, 71841, 44633, 53664]"
119644,"[74400, 29606, 85156, 2207, 79634, 92435, 106631, 76702, 67075, 86159]"
119645,"[47603, 20545, 19409, 40371, 23384, 42798, 24636, 38225, 74898, 39031]"
119646,"[107663, 67006, 11520, 70370, 90790, 42088, 10936, 10727, 23109, 11776]"
119647,"[66081, 3657, 4859, 75909, 86168, 43982, 92738, 107325, 60827, 46228]"
119648,"[88579, 4371, 35303, 86858, 25200, 13017, 21675, 60071, 146, 46431]"
119649,"[105923, 76118, 78107, 51906, 61588, 71461, 39835, 61001, 21230, 79446]"
119650,"[61611, 27830, 4151, 396, 51330, 13726, 98589, 19638, 91560, 30920]"
119651,"[47159, 99884, 87036, 76639, 57868, 51660, 7416, 47608, 38385, 80791]"
119652,"[54204, 41931, 11711, 81431, 13131, 32694, 75577, 60116, 84092, 14505]"
119653,"[84253, 91681, 6840, 54385, 33319, 1080, 25690, 69320, 93179, 83075]"
119654,"[81448, 25057, 61268, 43398, 109517, 79890, 23988, 1579, 7085, 64008]"
119655,"[11765, 100381, 82961, 94942, 29500, 24825, 101851, 14234, 78942, 11973]"
119656,"[80014, 74561, 54251, 104052, 27861, 13200, 65193, 106059, 8755, 21914]"
119657,"[67588, 102863, 13625, 37940, 27010, 33329, 1118, 11343, 34438, 37937]"
119658,"[37393, 97978, 109715, 60204, 6700, 37200, 30475, 82860, 52527, 80977]"
119659,"[29220, 50356, 40409, 43071, 25529, 91435, 105221, 3183, 71720, 26575]"
119660,"[20699, 65201, 100281, 95727, 62449, 36424, 73115, 61510, 82394, 53740]"
119661,"[51111, 3087, 55592, 16963, 51493, 51017, 96336, 81440, 39090, 8680]"
119662,"[42569, 62098, 73958, 310, 94118, 101264, 26364, 76331, 96844, 81677]"
119663,"[106712, 59438, 58650, 10937, 92407, 93243, 69832, 30015, 103952, 23414]"
119664,"[29255, 52151, 47429, 40838, 4037, 9240, 106109, 75980, 38395, 36446]"
119665,"[14864, 3519, 90397, 99553, 9835, 72499, 84013, 3567, 2941, 15451]"
119666,"[19549, 89769, 50076, 7874, 65647, 34793, 39110, 81316, 17700, 16091]"
119667,"[93945, 87103, 41048, 24246, 88706, 55105, 62699, 56892, 9433, 88038]"
119668,"[50641, 10631, 101921, 38455, 24651, 88135, 66260, 97494, 4194, 43887]"
119669,"[8732, 20310, 88132, 106979, 36995, 40222, 108305, 5495, 46742, 55854]"
119670,"[30683, 39263, 86910, 47636, 38272, 100786, 102045, 93580, 67942, 56729]"
119671,"[42393, 50848, 22491, 94813, 47903, 14401, 20931, 99200, 90251, 36866]"
119672,"[23157, 92406, 6895, 39592, 85993, 18195, 17227, 86139, 61300, 33280]"
119673,"[49520, 39454, 76970, 96279, 69842, 80859, 87048, 50374, 45046, 42996]"
119674,"[13444, 59328, 23861, 77172, 16181, 13887, 24998, 77690, 5306, 66432]"
119675,"[53233, 66680, 84121, 81095, 12557, 48505, 61365, 49961, 1166, 41721]"
119676,"[108332, 93676, 19586, 27027, 78529, 43589, 29849, 39548, 10331, 81549]"
119677,"[60651, 108927, 11958, 1628, 48371, 53823, 7015, 76195, 38606, 21401]"
119678,"[108030, 28295, 47827, 37495, 41327, 105911, 87186, 28512, 108703, 70479]"
119679,"[66836, 80153, 87994, 79628, 62011, 37533, 94460, 3941, 21679, 109717]"
119680,"[16312, 106804, 79026, 74025, 21643, 80249, 59991, 49110, 19615, 87473]"
119681,"[73091, 64580, 58901, 103529, 107971, 51995, 70657, 27043, 18880, 31512]"
119682,"[66977, 107328, 4202, 79008, 41775, 40503, 70383, 77010, 89770, 24306]"
119683,"[34739, 19357, 64439, 103687, 23900, 78965, 81453, 4885, 25421, 84489]"
119684,"[43384, 43501, 66441, 56241, 99305, 56849, 82294, 46053, 61185, 73301]"
119685,"[96879, 88535, 23273, 68128, 34065, 41300, 21520, 1862, 88578, 86829]"
119686,"[70350, 28651, 50744, 56176, 65709, 99678, 82631, 8293, 32552, 4047]"
119687,"[76125, 53770, 59747, 11518, 26185, 8686, 80209, 36961, 78186, 40092]"
119688,"[54769, 36686, 38392, 29311, 18708, 13144, 101871, 52648, 61587, 15309]"
119689,"[102994, 42501, 1591, 106347, 50499, 66641, 79099, 58071, 36559, 105662]"
119690,"[17317, 16977, 96507, 21676, 8010, 45432, 79482, 417, 53098, 44380]"
119691,"[81517, 15116, 18111, 49601, 96657, 91329, 51756, 51180, 92111, 96280]"
119692,"[86106, 18628, 62583, 65378, 42413, 30532, 53122, 2625, 3888, 99730]"
119693,"[9869, 67944, 41625, 90611, 33273, 54193, 12577, 89076, 89998, 43266]"
119694,"[31964, 21585, 65952, 52538, 84777, 98686, 16513, 108896, 62356, 6358]"
119695,"[75894, 93710, 89468, 102097, 47162, 4012, 65828, 87299, 14621, 97825]"
119696,"[40834, 50114, 82237, 56114, 55838, 11941, 79964, 78790, 16850, 22085]"
119697,"[77951, 49131, 109013, 5576, 31533, 65987, 32135, 52055, 63351, 36381]"
119698,"[17855, 59820, 109328, 36511, 61252, 22758, 89005, 32905, 89723, 19598]"
119699,"[45523, 47964, 62887, 9327, 67453, 92305, 5826, 82721, 20612, 97756]"
119700,"[104230, 90662, 94595, 54198, 46954, 17947, 76266, 24579, 6853, 100994]"
119701,"[97507, 76488, 25966, 97914, 94915, 24921, 68344, 72288, 51791, 6900]"
119702,"[51969, 88632, 59215, 73972, 94735, 69826, 55462, 7980, 50415, 15773]"
119703,"[17741, 837, 65790, 16603, 97986, 54786, 59794, 75604, 85221, 77923]"
119704,"[108464, 75842, 15449, 31765, 62963, 76981, 51338, 96216, 95104, 38850]"
119705,"[60183, 85852, 34394, 95816, 105926, 73487, 52101, 71930, 15366, 32172]"
119706,"[83087, 33775, 79460, 23782, 27247, 102186, 52470, 79428, 44706, 91263]"
119707,"[46438, 15338, 61576, 35588, 20234, 468, 52490, 34179, 87791, 3197]"
119708,"[67917, 29015, 25034, 45159, 84678, 88479, 102745, 82823, 23853, 59678]"
119709,"[19392, 60716, 57899, 32230, 74634, 48047, 5749, 74316, 23016, 13609]"
119710,"[65121, 18392, 69298, 101227, 71598, 88066, 48805, 81038, 48785, 29935]"
119711,"[15698, 89920, 76218, 101792, 74410, 45110, 73456, 86830, 79059, 34184]"
119712,"[37393, 97978, 31896, 109715, 60204, 89179, 41969, 30475, 6700, 37200]"
119713,"[27449, 45732, 6731, 48868, 64943, 28726, 2099, 23973, 42735, 85273]"
119714,"[93057, 97212, 9698, 68020, 98671, 23628, 79575, 52137, 25501, 47888]"
119715,"[43196, 32611, 675, 60790, 106599, 58177, 14752, 103769, 20777, 78438]"
119716,"[69365, 41294, 52692, 10139, 60193, 80091, 30342, 50780, 105207, 23501]"
119717,"[371, 92180, 59711, 91347, 2535, 50030, 12482, 105942, 63436, 104301]"
119718,"[46362, 37619, 50370, 64654, 106012, 72531, 58258, 26412, 91993, 33824]"
119719,"[99021, 97646, 90935, 102573, 42326, 69818, 66088, 88336, 14713, 108069]"
119720,"[87012, 77234, 17976, 6593, 39211, 63213, 96549, 24197, 53456, 48278]"
119721,"[11128, 58777, 45152, 61382, 71353, 24846, 50724, 8200, 3990, 33009]"
119722,"[20471, 28539, 32178, 9226, 49593, 35961, 90629, 98674, 9287, 72761]"
119723,"[20038, 26940, 77854, 46880, 24081, 67237, 51758, 19201, 84572, 101446]"
119724,"[17022, 45860, 37968, 86510, 81662, 44903, 42924, 36426, 17192, 48783]"
119725,"[17681, 79810, 83186, 85926, 57915, 29149, 103159, 79171, 24615, 100079]"
119726,"[64419, 13900, 73894, 67380, 51688, 95111, 31905, 25113, 106829, 91438]"
119727,"[71608, 82699, 8065, 41560, 103393, 48889, 50721, 79388, 24161, 32199]"
119728,"[11950, 43582, 98229, 57285, 88088, 50547, 23891, 53368, 28846, 103383]"
119729,"[4658, 19535, 67696, 99667, 76213, 16067, 18642, 104827, 28786, 103376]"
119730,"[80613, 68898, 75174, 5001, 95045, 15358, 1312, 94960, 42650, 54000]"
119731,"[62841, 8422, 67283, 80634, 102800, 93231, 11560, 41781, 23831, 22957]"
119732,"[8784, 35337, 87750, 79771, 29240, 17643, 53358, 91803, 55092, 73682]"
119733,"[28496, 94536, 56369, 101329, 71445, 21727, 76590, 28642, 46816, 32922]"
119734,"[19239, 31885, 24935, 106216, 74455, 108063, 74363, 65055, 60397, 37189]"
119735,"[87667, 29121, 23286, 30725, 107259, 69483, 43396, 74311, 19023, 5720]"
119736,"[98584, 71243, 108985, 80426, 1993, 32062, 23210, 35760, 9922, 17104]"
119737,"[49321, 87176, 55036, 64736, 93153, 48162, 54579, 9066, 32691, 4270]"
119738,"[66052, 62475, 26087, 95504, 30737, 45901, 30882, 28573, 74632, 36359]"
119739,"[104295, 1718, 33117, 80983, 94597, 24875, 103825, 61886, 43609, 76515]"
119740,"[56535, 42772, 73176, 23108, 7455, 55473, 666, 70384, 43124, 75173]"
119741,"[56780, 95775, 48093, 57115, 64948, 38367, 91615, 35084, 68136, 65862]"
119742,"[64336, 22221, 60075, 13551, 55251, 87791, 26205, 12659, 49126, 103320]"
119743,"[80723, 63499, 36444, 44067, 13229, 91631, 96189, 64583, 47439, 17448]"
119744,"[22510, 84296, 91721, 19172, 83573, 109243, 79554, 103738, 109263, 32855]"
119745,"[44865, 94345, 57182, 24125, 65368, 78455, 74098, 6656, 36965, 70613]"
119746,"[4034, 21657, 103642, 65933, 102688, 70570, 32136, 91946, 84202, 2212]"
119747,"[87580, 73482, 2601, 86334, 11894, 59822, 69098, 80348, 56732, 17987]"
119748,"[65564, 43465, 102510, 41024, 9204, 40846, 98084, 99695, 17888, 65050]"
119749,"[75032, 8315, 5369, 61537, 47215, 33363, 56418, 62409, 33698, 91207]"
119750,"[91755, 89425, 42209, 90722, 85383, 71501, 108793, 64104, 889, 77932]"
119751,"[38898, 62853, 27172, 86672, 54449, 31094, 42072, 19804, 12194, 58694]"
119752,"[74756, 17454, 23675, 72213, 21337, 3475, 17729, 39868, 90224, 80343]"
119753,"[16561, 42269, 66344, 18806, 104430, 9983, 82385, 74152, 106185, 93227]"
119754,"[74918, 67083, 19958, 93768, 100430, 40639, 69867, 57683, 60861, 8142]"
119755,"[60773, 38389, 31652, 78531, 61683, 39896, 8155, 109430, 44650, 39267]"
119756,"[35303, 4371, 88579, 86858, 13017, 72221, 40631, 96379, 60071, 146]"
119757,"[24203, 56209, 37441, 8326, 32212, 6421, 54140, 83096, 3468, 77007]"
119758,"[41578, 57127, 21155, 77191, 102421, 37855, 95249, 56101, 23267, 99896]"
119759,"[12183, 61204, 14863, 15041, 46527, 54451, 78106, 81419, 20613, 7430]"
119760,"[18142, 78319, 82594, 2287, 15463, 50369, 32452, 73699, 37658, 37789]"
119761,"[83274, 2806, 45049, 101326, 60135, 82253, 64621, 36825, 80681, 54717]"
119762,"[120, 844, 54935, 54351, 106386, 14723, 6928, 106291, 24114, 100522]"
119763,"[15540, 89831, 511, 58798, 32956, 18397, 91176, 106934, 103039, 9003]"
119764,"[87649, 9979, 87218, 24402, 37804, 62823, 2727, 74794, 19741, 43153]"
119765,"[99451, 58183, 78354, 74680, 68405, 18733, 62550, 46801, 33320, 68709]"
119766,"[25793, 45113, 23431, 52217, 53063, 36404, 99677, 13566, 91067, 18603]"
119767,"[50145, 59123, 64068, 4128, 100957, 19282, 78638, 26444, 52299, 106853]"
119768,"[53398, 63032, 43033, 105042, 69640, 106769, 95227, 65756, 15124, 56667]"
119769,"[49548, 102344, 67993, 103594, 63904, 8377, 32098, 43089, 93201, 1893]"
119770,"[14786, 98061, 46919, 48339, 76153, 101434, 2700, 71978, 85375, 53842]"
119771,"[45452, 58209, 2316, 34766, 68285, 96633, 17446, 75037, 57214, 23302]"
119772,"[3233, 46744, 30861, 11284, 87550, 40443, 56028, 22257, 12526, 80025]"
119773,"[23446, 50771, 69922, 71029, 93776, 106785, 45357, 81980, 63555, 8942]"
119774,"[77720, 94400, 84226, 9686, 62200, 87221, 7550, 40041, 106437, 50818]"
119775,"[100396, 63164, 53540, 92074, 25019, 57862, 2874, 2200, 53001, 106082]"
119776,"[98650, 18655, 26993, 4243, 83836, 93328, 97653, 96765, 2649, 101788]"
119777,"[54809, 10001, 11194, 109457, 78483, 7897, 52135, 102521, 27987, 3294]"
119778,"[109630, 6949, 18199, 6640, 1258, 85326, 25869, 104339, 50281, 6477]"
119779,"[55566, 5480, 59992, 6216, 99982, 73551, 101560, 104, 66753, 26412]"
119780,"[77751, 76701, 50822, 31667, 22962, 21613, 73055, 91345, 96195, 56006]"
119781,"[22101, 77523, 58951, 15553, 18557, 80902, 97477, 71384, 57276, 83853]"
119782,"[89294, 28749, 76974, 21783, 25384, 31112, 76312, 22794, 50260, 69051]"
119783,"[17456, 6954, 84827, 88924, 59349, 52062, 56963, 18162, 22785, 34638]"
119784,"[15254, 85827, 49510, 71935, 48659, 108327, 11439, 44164, 98967, 20207]"
119785,"[42277, 68272, 56410, 26189, 78995, 107484, 56276, 58788, 54331, 90620]"
119786,"[18769, 39275, 27738, 78359, 24206, 34325, 43002, 46210, 29183, 27419]"
119787,"[101339, 42933, 70202, 50377, 46498, 38932, 5564, 17829, 73990, 66151]"
119788,"[79130, 75786, 23183, 23518, 78047, 6303, 4862, 37628, 37141, 76180]"
119789,"[51998, 51558, 27115, 34074, 92677, 14644, 44427, 76288, 72473, 74250]"
119790,"[55057, 29542, 92619, 47277, 66936, 89938, 32076, 65559, 59409, 71939]"
119791,"[25057, 81448, 85780, 62012, 12267, 61268, 85202, 70452, 36793, 55029]"
119792,"[31808, 94033, 102431, 83843, 80879, 56952, 88369, 60456, 35680, 56325]"
119793,"[98316, 24931, 56356, 106857, 86848, 69279, 107458, 29887, 42612, 55308]"
119794,"[68562, 32528, 85340, 26683, 41081, 15604, 36149, 36165, 19986, 99010]"
119795,"[96413, 72166, 49816, 25052, 30686, 91267, 49389, 90772, 41774, 90991]"
119796,"[69363, 77807, 15272, 39751, 55700, 63872, 53756, 50063, 80528, 73593]"
119797,"[64797, 95058, 21107, 61265, 33138, 102019, 69203, 95957, 17159, 98180]"
119798,"[57143, 60165, 95135, 12660, 109120, 3420, 63437, 26909, 9092, 54046]"
119799,"[70917, 39666, 107103, 97389, 38355, 65231, 11780, 73024, 34077, 31071]"
119800,"[69531, 50920, 3144, 2897, 24638, 98523, 29829, 86410, 6350, 51227]"
119801,"[56135, 88779, 41599, 106846, 101235, 83065, 98497, 48972, 4092, 104859]"
119802,"[88860, 40663, 93420, 16896, 97467, 79937, 89936, 69726, 76019, 44191]"
119803,"[74593, 39856, 7072, 99456, 15576, 57028, 60265, 47623, 60310, 53815]"
119804,"[101517, 80724, 27512, 98811, 63000, 24932, 83059, 19852, 29522, 81310]"
119805,"[90469, 48503, 88465, 87298, 43730, 60763, 30276, 11089, 33683, 56507]"
119806,"[60102, 92146, 72420, 13226, 11695, 69135, 60049, 72565, 40078, 4529]"
119807,"[94509, 5438, 75322, 9503, 23363, 98513, 94803, 96939, 80291, 108965]"
119808,"[92960, 6981, 19640, 106768, 41862, 33241, 25950, 52174, 95046, 71367]"
119809,"[77199, 90335, 95421, 80332, 17457, 47289, 34728, 3074, 21342, 35928]"
119810,"[57575, 39973, 82279, 45433, 74667, 84560, 26992, 56363, 71747, 21222]"
119811,"[73404, 7514, 59950, 60841, 82295, 63270, 45719, 36878, 30705, 18196]"
119812,"[4269, 18999, 37369, 94054, 40192, 85022, 72078, 92907, 109109, 70237]"
119813,"[81551, 20862, 43751, 32044, 52242, 51754, 20562, 56062, 37172, 11885]"
119814,"[81424, 22291, 56386, 36800, 48108, 92012, 108544, 48214, 94119, 75264]"
119815,"[16114, 103537, 40003, 74078, 103101, 53998, 92513, 59864, 104779, 19212]"
119816,"[43333, 9158, 23452, 12613, 66847, 72098, 90198, 101605, 56343, 32289]"
119817,"[30072, 105375, 30115, 17082, 74800, 42828, 58656, 48609, 73570, 5497]"
119818,"[35025, 14925, 66213, 51714, 24319, 7204, 49649, 61533, 33023, 68912]"
119819,"[95081, 1399, 70316, 46635, 107283, 84680, 30964, 105752, 83644, 100072]"
119820,"[108222, 105026, 62244, 96257, 36588, 75658, 74516, 25958, 88392, 33641]"
119821,"[16833, 3918, 64767, 17706, 87029, 35170, 82425, 71350, 108047, 97560]"
119822,"[103632, 15987, 93528, 41911, 36802, 66513, 107274, 107087, 89742, 57705]"
119823,"[23707, 9229, 44257, 71887, 26962, 23503, 100401, 21958, 76144, 89800]"
119824,"[57591, 101254, 31331, 34032, 28152, 61887, 12060, 45511, 58908, 6945]"
119825,"[5090, 35418, 80488, 25345, 20357, 104237, 37306, 108125, 82414, 59641]"
119826,"[46192, 87405, 89193, 26791, 44082, 24564, 87924, 17828, 9845, 75261]"
119827,"[92170, 74105, 50305, 107242, 71331, 31427, 90725, 89756, 45723, 97912]"
119828,"[76007, 104624, 88724, 33809, 12360, 78015, 86565, 58864, 44166, 99182]"
119829,"[57222, 88643, 54485, 37731, 89744, 71508, 88804, 73794, 45761, 85271]"
119830,"[102828, 55067, 52442, 92375, 99764, 46054, 64197, 55718, 56983, 30306]"
119831,"[50073, 105710, 3132, 91640, 3756, 33330, 80719, 7049, 21636, 72708]"
119832,"[70000, 26165, 91134, 52384, 59843, 21181, 71926, 88999, 38929, 18415]"
119833,"[5554, 82472, 12321, 27017, 108477, 88647, 6864, 77461, 54797, 7078]"
119834,"[100694, 10976, 83812, 25901, 101017, 47839, 53626, 77404, 99096, 2779]"
119835,"[107020, 10678, 6409, 3980, 15481, 65516, 81148, 103373, 109304, 103672]"
119836,"[18085, 28532, 73000, 61980, 19750, 46098, 79213, 108278, 19292, 43234]"
119837,"[86994, 62703, 40426, 78401, 29480, 28693, 63786, 101822, 103863, 63871]"
119838,"[41807, 40248, 108475, 77009, 17410, 96199, 28086, 88166, 58272, 101082]"
119839,"[84299, 18518, 59203, 36762, 96281, 73329, 50279, 94225, 57191, 100733]"
119840,"[73488, 53120, 71493, 18091, 17255, 82959, 102467, 29991, 87330, 7035]"
119841,"[32704, 11716, 22660, 108671, 48620, 42087, 65711, 46596, 34126, 88424]"
119842,"[79607, 17038, 28570, 31959, 63749, 106519, 106493, 89740, 17027, 8371]"
119843,"[86, 16545, 74248, 57901, 13089, 33645, 70920, 84172, 18996, 37765]"
119844,"[93962, 59923, 78127, 5956, 11644, 88084, 98407, 31636, 20469, 91538]"
119845,"[46788, 99190, 77902, 65265, 43928, 68316, 27835, 103574, 14940, 44945]"
119846,"[51552, 82739, 72387, 92632, 59602, 104010, 12645, 107855, 72752, 72020]"
119847,"[86484, 36034, 31288, 79908, 63965, 45489, 84118, 75017, 14752, 8018]"
119848,"[52186, 13777, 12525, 7178, 10645, 3167, 72703, 75777, 22115, 92919]"
119849,"[43107, 29809, 82193, 38676, 23033, 97094, 39927, 24753, 38372, 16740]"
119850,"[48075, 95677, 98969, 72138, 33535, 18478, 92274, 63884, 93246, 56313]"
119851,"[45849, 83115, 101847, 58949, 11226, 2082, 21096, 75969, 49711, 34217]"
119852,"[37959, 74207, 105390, 27791, 87329, 75880, 78288, 38828, 14327, 31659]"
119853,"[104712, 33690, 21084, 105929, 89328, 11622, 18275, 17336, 67677, 18948]"
119854,"[87542, 91010, 109051, 64398, 74668, 43818, 41317, 87865, 103268, 78585]"
119855,"[90648, 101954, 72527, 45499, 104504, 76493, 88022, 62724, 51332, 34352]"
119856,"[39669, 15211, 96867, 259, 96648, 67515, 60117, 23971, 56163, 98438]"
119857,"[106453, 75832, 79594, 77308, 28245, 67093, 100838, 3395, 22431, 38020]"
119858,"[43186, 95227, 15124, 53398, 105042, 69640, 106769, 63032, 43033, 60081]"
119859,"[36654, 1350, 50401, 44279, 10888, 24908, 71036, 68903, 52377, 66787]"
119860,"[76660, 12740, 70890, 22669, 55725, 77708, 39488, 6897, 1127, 64466]"
119861,"[82794, 1281, 108868, 46943, 101875, 64108, 92982, 94605, 92562, 61853]"
119862,"[38193, 10858, 39167, 20049, 24193, 82227, 102782, 46221, 94002, 91172]"
119863,"[55994, 105763, 58519, 71073, 55652, 61542, 13966, 101965, 36170, 102854]"
119864,"[86654, 48604, 27789, 107433, 94231, 47687, 11334, 6693, 44611, 58661]"
119865,"[81791, 27228, 72694, 107636, 67010, 102371, 80136, 62987, 82071, 87063]"
119866,"[75623, 36675, 45688, 105849, 32446, 101473, 68679, 73084, 106413, 83088]"
119867,"[36911, 44907, 76293, 11277, 13623, 61960, 108878, 86964, 4672, 2487]"
119868,"[94834, 36101, 62954, 102303, 6266, 52399, 105473, 53197, 25755, 109673]"
119869,"[48243, 14614, 14274, 11029, 48265, 80698, 2234, 104855, 69654, 34028]"
119870,"[101968, 2363, 61310, 83559, 75077, 7322, 80142, 37614, 72603, 37802]"
119871,"[28637, 98798, 87217, 61389, 61722, 75834, 47835, 41763, 74085, 45759]"
119872,"[79246, 29718, 60139, 24041, 7339, 36032, 23822, 82831, 57036, 55533]"
119873,"[55402, 13576, 56474, 11372, 67038, 12528, 40430, 68034, 49085, 90999]"
119874,"[1057, 25538, 29345, 47181, 57618, 57718, 25948, 19985, 84107, 58710]"
119875,"[8989, 59736, 67046, 80596, 4898, 92850, 97227, 96850, 44808, 12866]"
119876,"[15439, 6477, 74189, 100837, 18199, 6949, 64966, 59628, 77000, 43367]"
119877,"[62439, 90929, 14443, 9236, 92864, 43717, 41190, 106141, 5315, 66832]"
119878,"[62240, 105928, 26399, 37528, 71816, 96709, 52009, 105868, 18868, 106615]"
119879,"[70525, 4044, 47410, 37420, 9354, 36385, 25956, 14984, 55523, 95169]"
119880,"[10200, 68565, 85634, 87196, 75312, 47884, 95191, 11963, 96870, 17198]"
119881,"[57191, 50279, 94225, 100733, 61206, 34386, 109599, 84299, 85250, 40477]"
119882,"[71856, 70480, 94149, 57663, 78507, 16459, 109331, 21934, 29711, 28927]"
119883,"[70513, 60612, 36371, 56248, 25507, 41475, 19678, 47500, 106087, 15055]"
119884,"[99997, 44500, 85796, 76739, 88812, 81810, 97935, 100128, 64639, 88242]"
119885,"[31455, 42971, 89437, 17963, 23581, 48175, 16594, 87730, 78065, 21938]"
119886,"[64346, 32737, 89926, 105545, 58995, 59900, 30245, 101677, 29439, 56023]"
119887,"[967, 90359, 34717, 106998, 12911, 99415, 13279, 50455, 81265, 15824]"
119888,"[43936, 26507, 84201, 38960, 8468, 20544, 82082, 17246, 72519, 46776]"
119889,"[23741, 106995, 83519, 50678, 56436, 6288, 4126, 23919, 37030, 92970]"
119890,"[65435, 22590, 26724, 73369, 41095, 21477, 72656, 100498, 72952, 47916]"
119891,"[68846, 13162, 103820, 59352, 31141, 109447, 63031, 73544, 53227, 40923]"
119892,"[102426, 41123, 23797, 79188, 21145, 62632, 87509, 15313, 93744, 91632]"
119893,"[104279, 14814, 84433, 48300, 66299, 69275, 76796, 105015, 65355, 83240]"
119894,"[99814, 83278, 80640, 47659, 72148, 86619, 81740, 92853, 29677, 8347]"
119895,"[44811, 3041, 105949, 56788, 6315, 45624, 105419, 7284, 94677, 59851]"
119896,"[62868, 78727, 95226, 31201, 17970, 30202, 50691, 57876, 23299, 73922]"
119897,"[80871, 79830, 74210, 95802, 11052, 81599, 30702, 96817, 40017, 51594]"
119898,"[37706, 15365, 43467, 92825, 15132, 50842, 4928, 13166, 69405, 15643]"
119899,"[84664, 75835, 21345, 45682, 100258, 47392, 56689, 7869, 60582, 30625]"
119900,"[103698, 37728, 65662, 75223, 6473, 49834, 38945, 38115, 11061, 98720]"
119901,"[20564, 87355, 95376, 45496, 8792, 67837, 75058, 80914, 52523, 101211]"
119902,"[88393, 50094, 28466, 12489, 89587, 99537, 54985, 91182, 47122, 30935]"
119903,"[66359, 100529, 7639, 73494, 64480, 65562, 50901, 54199, 103410, 77332]"
119904,"[16173, 10793, 38031, 98266, 102180, 11233, 5110, 91364, 38510, 86756]"
119905,"[31904, 45089, 76319, 80297, 54815, 37960, 37047, 79370, 3500, 67169]"
119906,"[37516, 47914, 18835, 5774, 1682, 108996, 25096, 12679, 19181, 105435]"
119907,"[85529, 24027, 57055, 50127, 13408, 106154, 99819, 85044, 98653, 35193]"
119908,"[18687, 103774, 97607, 60177, 61120, 8316, 54224, 23148, 45925, 14568]"
119909,"[84793, 65418, 90668, 52814, 16353, 29966, 89048, 28728, 46732, 8099]"
119910,"[41539, 49554, 19655, 84273, 55199, 46011, 79105, 40065, 53554, 74428]"
119911,"[47626, 8036, 85681, 70, 24649, 1135, 45585, 35032, 86550, 59799]"
119912,"[33859, 62028, 63360, 80852, 100990, 41223, 51251, 91592, 93531, 36679]"
119913,"[92012, 108544, 48214, 48108, 81424, 37441, 56386, 36800, 83131, 61261]"
119914,"[98038, 59381, 71150, 10612, 24912, 41574, 2967, 101926, 9325, 102491]"
119915,"[95903, 93848, 49898, 68994, 54497, 61771, 16357, 83136, 99391, 11382]"
119916,"[95455, 93661, 96888, 51982, 99197, 24512, 67060, 29896, 94023, 1953]"
119917,"[60652, 60403, 817, 72931, 78103, 22190, 6065, 22612, 10498, 106178]"
119918,"[11446, 82691, 77167, 46287, 28784, 57784, 88349, 23320, 15545, 109240]"
119919,"[5130, 96136, 76329, 101207, 34494, 14227, 33925, 88569, 68740, 74587]"
119920,"[67766, 97662, 103845, 79497, 19997, 32939, 8345, 28135, 84615, 42722]"
119921,"[63920, 106590, 82653, 82192, 86412, 25442, 86668, 82258, 67230, 3635]"
119922,"[7844, 54245, 99904, 5950, 61598, 83942, 14308, 106370, 17296, 73347]"
119923,"[79132, 58326, 87215, 14208, 80124, 93595, 100640, 106645, 36369, 65025]"
119924,"[106938, 16328, 90853, 49644, 65794, 32838, 18541, 22548, 80629, 15769]"
119925,"[19840, 18428, 2506, 23263, 61692, 7760, 4591, 53572, 3187, 87678]"
119926,"[78367, 13091, 62760, 89306, 37916, 42716, 25235, 77390, 18663, 13126]"
119927,"[82760, 31090, 48052, 11111, 34872, 32629, 70433, 33261, 32155, 33552]"
119928,"[27233, 49985, 73924, 13611, 1376, 63936, 94025, 74887, 12338, 40759]"
119929,"[56473, 67644, 6862, 30874, 13823, 74804, 72947, 27870, 88987, 76006]"
119930,"[79355, 13616, 105454, 18832, 21506, 23088, 96116, 1733, 58590, 5103]"
119931,"[77573, 105316, 76667, 92626, 67190, 64459, 95960, 69557, 33770, 82855]"
119932,"[66636, 106474, 5326, 16346, 4025, 56095, 11783, 16727, 43903, 67849]"
119933,"[106019, 41053, 50793, 11542, 45356, 35780, 71682, 21146, 98637, 70561]"
119934,"[43680, 57792, 84909, 28611, 5687, 35925, 81209, 6274, 37903, 102537]"
119935,"[69856, 14368, 67612, 107666, 84978, 54293, 15198, 47316, 10387, 44613]"
119936,"[8292, 57497, 107099, 32294, 92388, 97452, 7106, 69603, 80360, 9834]"
119937,"[23195, 108335, 88441, 6492, 72306, 6918, 96264, 6942, 19765, 4571]"
119938,"[13336, 32484, 81706, 103056, 84922, 67755, 96750, 69406, 49847, 98350]"
119939,"[58130, 61019, 9439, 58072, 88997, 4356, 3078, 91727, 85718, 93029]"
119940,"[63333, 23913, 2095, 65918, 19577, 60262, 93099, 108241, 94099, 67636]"
119941,"[55672, 78820, 88597, 62164, 1939, 74018, 88256, 33812, 63480, 70507]"
119942,"[5395, 11798, 32762, 84279, 83556, 75415, 1341, 9692, 12430, 91219]"
119943,"[20728, 16821, 72911, 77015, 42283, 108838, 32613, 30958, 70985, 70421]"
119944,"[77209, 3337, 6824, 34287, 59859, 100585, 31681, 38041, 41009, 12611]"
119945,"[86950, 32539, 87497, 73092, 34234, 57060, 37094, 57269, 102100, 38059]"
119946,"[94102, 88904, 53640, 64232, 88795, 92104, 3599, 79758, 59470, 31435]"
119947,"[1493, 33284, 7573, 57369, 78980, 104946, 80602, 21355, 96725, 71842]"
119948,"[17694, 106885, 94432, 26023, 25295, 6418, 94284, 70874, 72553, 20678]"
119949,"[36051, 79481, 77545, 108118, 104800, 62275, 82680, 103740, 37640, 26446]"
119950,"[36104, 66336, 58924, 102157, 81671, 28552, 103246, 106366, 121, 38849]"
119951,"[21852, 81685, 80223, 109690, 90723, 60583, 87881, 41028, 6876, 68082]"
119952,"[29475, 71330, 34599, 10859, 11433, 50053, 101907, 59529, 108911, 5182]"
119953,"[34819, 86295, 77198, 92543, 37124, 99455, 75748, 62162, 97963, 101831]"
119954,"[20825, 56948, 33052, 78053, 45920, 67455, 87592, 35527, 73730, 102534]"
119955,"[51752, 98788, 3497, 48116, 59450, 9127, 2415, 98982, 71798, 80074]"
119956,"[43459, 66956, 36834, 86876, 63093, 56074, 33477, 109182, 66924, 27443]"
119957,"[45682, 21345, 84664, 7869, 56689, 19642, 109378, 61109, 75835, 32757]"
119958,"[885, 17169, 48305, 42615, 28951, 86878, 6328, 68024, 14428, 106303]"
119959,"[89189, 54241, 67940, 95718, 10160, 2224, 48388, 77704, 28500, 98140]"
119960,"[4507, 64141, 70711, 64916, 22516, 12764, 106281, 77691, 13198, 20113]"
119961,"[30104, 92347, 17712, 72918, 89964, 48516, 50903, 76814, 29758, 44373]"
119962,"[41893, 89051, 84994, 20446, 27422, 101085, 60954, 50686, 71808, 62718]"
119963,"[60669, 61259, 22729, 52222, 67298, 15053, 82742, 97488, 46218, 76050]"
119964,"[32718, 71383, 15685, 11416, 82582, 79305, 5432, 518, 37394, 81513]"
119965,"[17346, 27428, 35152, 68056, 76370, 27436, 79540, 38662, 53995, 98312]"
119966,"[49146, 32824, 20460, 61514, 65, 40483, 8139, 58291, 25261, 3827]"
119967,"[90700, 42216, 72483, 70576, 18536, 19954, 43309, 3702, 48726, 82949]"
119968,"[96198, 51199, 67165, 100333, 81190, 35803, 13333, 26865, 34471, 71597]"
119969,"[28943, 76339, 36491, 89111, 16947, 40439, 60274, 66799, 103134, 103215]"
119970,"[37716, 74895, 107627, 43801, 33953, 64373, 44741, 86406, 63782, 33463]"
119971,"[61868, 78741, 92486, 61197, 77022, 10113, 77661, 96390, 6175, 43304]"
119972,"[66671, 75290, 38794, 2661, 48331, 39172, 105644, 6896, 58304, 44573]"
119973,"[49238, 62330, 104011, 42156, 14224, 80840, 23805, 3163, 63380, 43430]"
119974,"[78986, 94449, 13705, 46039, 99851, 24511, 32088, 6233, 49813, 77772]"
119975,"[12488, 84167, 67428, 13789, 107266, 57800, 5471, 100950, 3642, 61649]"
119976,"[78429, 49522, 59239, 62080, 25990, 107606, 62992, 82023, 56124, 47163]"
119977,"[103477, 32154, 1249, 93991, 84556, 33808, 101436, 86032, 12533, 29146]"
119978,"[9104, 50269, 51994, 82431, 41215, 92987, 94439, 101915, 59613, 102297]"
119979,"[2604, 80775, 8238, 19687, 97379, 67780, 56237, 52616, 12659, 9034]"
119980,"[32067, 47302, 36159, 91466, 71664, 615, 54242, 106086, 102061, 53303]"
119981,"[34511, 34300, 39954, 64343, 41953, 32777, 16640, 70533, 87736, 36439]"
119982,"[78717, 1910, 46431, 42991, 54604, 75414, 99754, 50108, 54143, 73132]"
119983,"[47356, 4896, 29315, 38567, 20816, 20315, 52737, 19143, 50538, 15365]"
119984,"[76109, 16237, 16503, 12445, 104995, 15944, 6353, 97002, 57619, 51327]"
119985,"[71367, 92960, 39341, 88599, 21682, 107771, 69421, 30274, 81859, 41862]"
119986,"[83830, 25913, 68760, 77788, 19956, 8479, 90453, 59229, 18131, 53567]"
119987,"[1850, 36180, 38381, 58809, 88372, 95511, 59964, 88909, 12592, 67422]"
119988,"[4860, 15667, 15114, 88751, 106155, 51322, 15245, 31841, 6565, 74293]"
119989,"[17538, 95546, 82676, 63453, 87541, 41689, 31836, 91534, 57070, 47121]"
119990,"[25861, 103675, 51181, 2585, 34858, 3232, 76352, 82970, 71520, 20584]"
119991,"[17342, 46121, 67867, 65657, 96266, 6530, 76145, 69280, 67281, 32826]"
119992,"[43613, 28180, 54585, 59672, 35242, 57978, 95395, 35867, 28236, 17525]"
119993,"[92407, 23414, 103952, 58650, 106712, 93243, 10937, 54648, 16228, 59438]"
119994,"[41696, 95243, 18825, 99939, 102601, 91788, 51104, 56243, 16951, 11839]"
119995,"[33622, 96552, 45853, 76333, 34931, 76287, 66486, 47753, 75148, 44727]"
119996,"[68093, 24495, 44039, 34241, 48237, 23596, 74838, 47809, 25787, 109018]"
119997,"[22413, 105024, 35436, 17404, 23011, 33956, 71614, 47543, 98070, 61851]"
119998,"[11553, 18429, 32223, 67900, 25367, 89477, 18919, 6350, 108105, 51330]"
119999,"[8833, 38445, 22244, 106589, 69828, 84044, 60964, 88444, 67493, 96021]"
120000,"[65097, 106982, 28314, 14120, 105677, 34764, 83827, 41198, 42581, 63526]"
120001,"[92020, 36716, 31224, 57195, 75512, 62526, 58626, 53992, 76050, 3757]"
120002,"[104929, 29646, 61694, 37873, 27271, 32293, 52864, 48596, 96526, 18917]"
120003,"[10278, 3230, 99140, 63378, 30089, 47028, 56291, 97982, 80129, 102294]"
120004,"[66411, 97362, 100508, 51667, 44368, 17129, 47909, 34683, 96089, 88652]"
120005,"[89854, 42473, 21009, 88623, 79546, 88555, 94055, 43518, 31927, 66395]"
120006,"[7082, 74214, 73593, 94253, 100610, 46165, 93878, 80528, 82406, 12908]"
120007,"[82688, 15575, 17023, 97613, 91320, 109713, 15874, 3348, 19823, 72172]"
120008,"[64523, 8319, 37035, 43419, 80625, 42008, 74299, 31596, 29269, 66278]"
120009,"[76471, 108720, 80304, 73431, 4640, 65921, 48375, 78798, 57578, 99340]"
120010,"[23789, 35039, 24893, 26414, 63864, 86202, 63840, 48603, 93747, 19847]"
120011,"[59279, 57208, 104983, 93320, 85993, 94130, 61300, 53951, 28324, 67312]"
120012,"[29995, 72357, 25402, 75559, 95541, 65300, 103787, 99449, 58033, 57481]"
120013,"[85889, 68921, 4377, 5490, 95230, 54956, 60544, 99355, 92512, 94923]"
120014,"[92709, 32780, 93006, 42849, 85258, 58007, 95490, 20013, 103888, 42983]"
120015,"[32775, 105225, 36512, 51895, 56336, 83945, 2399, 15543, 107696, 71770]"
120016,"[100471, 59780, 106288, 90157, 7343, 106000, 104569, 73870, 11487, 9879]"
120017,"[83092, 81290, 19876, 51313, 39572, 27078, 19860, 68611, 81805, 38922]"
120018,"[95259, 29574, 37111, 96724, 88767, 15955, 105861, 86174, 34162, 73389]"
120019,"[57988, 29080, 85000, 15064, 33659, 45661, 35251, 83882, 98551, 64648]"
120020,"[103014, 91697, 15755, 61760, 30606, 13670, 20163, 88737, 28901, 90081]"
120021,"[67061, 80226, 90897, 65447, 23637, 52019, 50286, 54175, 74040, 28460]"
120022,"[17865, 42281, 85, 17815, 28569, 9101, 108151, 10697, 70904, 16521]"
120023,"[13706, 108859, 29520, 89864, 85201, 24117, 1396, 65997, 18076, 88111]"
120024,"[55792, 23584, 39020, 45500, 8214, 52488, 60413, 74081, 4162, 69001]"
120025,"[88574, 9502, 29191, 70647, 89455, 66150, 57654, 36280, 75963, 57286]"
120026,"[96970, 67891, 35678, 98757, 79120, 29181, 80129, 80863, 102294, 63378]"
120027,"[71752, 78078, 67267, 10561, 108820, 62919, 62983, 101562, 44969, 13533]"
120028,"[35818, 37421, 96875, 47847, 60048, 48354, 98557, 16964, 42935, 87689]"
120029,"[11488, 61827, 46821, 108616, 78646, 37433, 45509, 89582, 45678, 62486]"
120030,"[63564, 101236, 68354, 46547, 9955, 11147, 52581, 1346, 107039, 80484]"
120031,"[95750, 54913, 4069, 98434, 33869, 87328, 5123, 75555, 59761, 33244]"
120032,"[86948, 88296, 94017, 91934, 32197, 7333, 76066, 41801, 15751, 62979]"
120033,"[104079, 40552, 48019, 13129, 5551, 8003, 46407, 24541, 7762, 62040]"
120034,"[91377, 53858, 82170, 20647, 102770, 63748, 100440, 93012, 88646, 107285]"
120035,"[77649, 105270, 79638, 18534, 42278, 95007, 20298, 50655, 83817, 76181]"
120036,"[58984, 66502, 84368, 43918, 100847, 104130, 106389, 5322, 19132, 82510]"
120037,"[96150, 80707, 91566, 92475, 4000, 67534, 108993, 57687, 25246, 96234]"
120038,"[9094, 44273, 35308, 105997, 22328, 108324, 13077, 65057, 15857, 78374]"
120039,"[74518, 84458, 3279, 70220, 41800, 88734, 57167, 1892, 9491, 57102]"
120040,"[78781, 101824, 10591, 69338, 40120, 36206, 70040, 107161, 59698, 19713]"
120041,"[25971, 76009, 100705, 76326, 19667, 60379, 39489, 21721, 93505, 82647]"
120042,"[109581, 88940, 76268, 60399, 35561, 84252, 12934, 6341, 54037, 91012]"
120043,"[72555, 10798, 86064, 94744, 109541, 38859, 105889, 67880, 52313, 51817]"
120044,"[28131, 39992, 21524, 74121, 93784, 8491, 71763, 81027, 28066, 1632]"
120045,"[29862, 109171, 7909, 108435, 15178, 83217, 10451, 32326, 72570, 80000]"
120046,"[79773, 11569, 103778, 1342, 86898, 37997, 77652, 70822, 92389, 28065]"
120047,"[35028, 54654, 34794, 942, 105197, 34634, 104056, 82785, 54076, 33136]"
120048,"[36814, 106211, 67571, 45422, 97938, 15261, 12800, 79654, 99976, 18574]"
120049,"[63906, 98353, 58330, 38103, 56063, 108538, 28534, 84475, 38094, 43891]"
120050,"[63211, 73479, 31704, 93400, 89179, 19091, 6880, 15027, 109080, 85766]"
120051,"[102523, 94482, 102222, 15619, 12281, 92739, 92735, 35561, 43632, 60399]"
120052,"[74874, 2173, 82386, 95961, 77203, 84361, 32427, 43548, 84418, 80415]"
120053,"[66337, 104556, 103525, 3901, 25507, 70179, 50959, 95025, 100247, 96384]"
120054,"[104922, 21829, 27577, 39914, 57645, 97672, 92449, 41260, 16795, 107322]"
120055,"[45822, 46451, 79493, 66966, 86711, 95808, 34770, 29316, 25788, 19094]"
120056,"[44775, 87060, 44529, 92145, 37265, 74878, 32514, 26218, 64532, 62361]"
120057,"[100560, 83268, 108142, 62852, 47850, 73267, 84995, 60021, 65819, 109735]"
120058,"[52395, 69292, 64712, 3736, 82533, 44744, 59760, 58930, 57568, 65756]"
120059,"[53887, 72389, 88452, 56321, 3766, 55434, 92221, 17844, 14521, 48328]"
120060,"[71734, 1453, 71686, 97801, 91155, 40344, 76152, 6629, 24358, 34523]"
120061,"[11955, 38161, 57611, 73334, 103659, 17894, 86657, 85135, 19135, 62303]"
120062,"[5699, 36799, 51935, 26132, 27029, 95980, 101022, 54776, 90449, 75741]"
120063,"[75593, 9132, 96375, 23400, 48103, 66233, 41861, 42934, 2038, 85062]"
120064,"[27539, 29636, 71310, 109249, 104541, 9668, 95028, 49122, 28705, 16990]"
120065,"[82894, 64607, 94997, 61927, 44125, 101766, 62264, 59042, 14077, 79763]"
120066,"[52715, 50001, 31847, 51884, 98027, 1280, 103520, 64588, 55744, 62558]"
120067,"[66600, 54601, 57225, 48671, 103408, 31535, 80506, 20218, 54530, 81274]"
120068,"[93737, 97025, 80713, 62072, 83223, 43795, 61923, 73783, 13193, 62557]"
120069,"[102924, 16631, 94278, 55859, 92192, 81098, 98435, 25729, 95747, 27792]"
120070,"[102369, 89661, 109301, 96172, 82377, 9922, 91754, 14966, 38275, 60770]"
120071,"[35419, 70067, 71694, 102134, 68653, 18832, 54625, 95789, 916, 2581]"
120072,"[21921, 27285, 81261, 105038, 99978, 87945, 95866, 98505, 52003, 17544]"
120073,"[102392, 81404, 90123, 19406, 88538, 14060, 26977, 14043, 21659, 101741]"
120074,"[51801, 50700, 61195, 94205, 3339, 17147, 80837, 92265, 36453, 14825]"
120075,"[62104, 109519, 88366, 23120, 55064, 26468, 72677, 22574, 17597, 47231]"
120076,"[107528, 154, 15797, 66573, 55330, 35560, 83044, 108093, 63657, 71161]"
120077,"[104039, 109282, 87602, 75470, 62503, 92601, 93592, 89433, 37314, 8603]"
120078,"[71729, 52192, 54205, 20227, 61617, 46699, 10995, 27335, 61999, 36106]"
120079,"[90056, 49778, 101413, 533, 78396, 104318, 100513, 100764, 12363, 64551]"
120080,"[41836, 40968, 98722, 61814, 7504, 55176, 100947, 50655, 74658, 54823]"
120081,"[64684, 1539, 6956, 10286, 22769, 77823, 9402, 31405, 15913, 30759]"
120082,"[42782, 32268, 70310, 27398, 73605, 225, 87109, 67830, 14682, 21039]"
120083,"[44695, 83401, 77378, 36430, 37922, 29488, 40815, 51093, 27418, 70275]"
120084,"[12283, 15158, 75006, 108108, 72382, 74412, 30328, 19998, 98594, 24180]"
120085,"[80593, 102625, 66687, 93492, 28021, 10107, 73008, 37574, 16460, 63546]"
120086,"[107269, 25960, 17596, 94951, 66722, 21539, 58310, 93040, 22492, 18766]"
120087,"[91666, 85194, 58709, 68249, 85751, 19221, 87613, 77097, 84102, 74700]"
120088,"[61432, 4031, 15239, 99114, 56142, 107584, 87960, 67828, 31854, 22412]"
120089,"[82741, 51789, 364, 57728, 47828, 9302, 105891, 1146, 78270, 9931]"
120090,"[73054, 57309, 54582, 49640, 40070, 95862, 79092, 37730, 16625, 20086]"
120091,"[75275, 106984, 5209, 1855, 70946, 33182, 33314, 108018, 26687, 64169]"
120092,"[72402, 102060, 35035, 13425, 52305, 68518, 63336, 92765, 10249, 91958]"
120093,"[101456, 106970, 12747, 21954, 24394, 34172, 106127, 89934, 41392, 35965]"
120094,"[76975, 19333, 193, 17955, 1942, 85848, 20812, 12914, 18566, 60797]"
120095,"[99042, 165, 99459, 49718, 81173, 66456, 33175, 105350, 42771, 4234]"
120096,"[73644, 60491, 66482, 28986, 99862, 22617, 98511, 40744, 90630, 95595]"
120097,"[101218, 108836, 78676, 51241, 76419, 30960, 65219, 49825, 9961, 42813]"
120098,"[76012, 61564, 56439, 31361, 88585, 58097, 14265, 66900, 40363, 75074]"
120099,"[31750, 88603, 80544, 18776, 8817, 9587, 51225, 17019, 92321, 61953]"
120100,"[960, 91345, 11550, 109443, 37773, 76241, 65386, 17314, 90885, 30658]"
120101,"[99084, 71341, 98951, 4434, 80789, 83701, 62745, 34642, 93936, 98304]"
120102,"[74761, 38467, 79906, 1416, 64976, 36551, 39483, 27112, 1685, 41188]"
120103,"[32221, 20766, 67182, 22375, 10285, 7704, 22042, 27180, 105498, 64314]"
120104,"[69025, 7216, 30396, 35062, 50463, 24881, 102574, 15969, 62397, 49777]"
120105,"[51798, 11950, 12558, 70896, 45429, 58122, 103383, 6369, 102947, 23366]"
120106,"[104369, 28823, 102257, 51512, 50125, 62523, 37735, 5661, 93468, 79454]"
120107,"[108604, 105546, 10017, 97274, 42882, 69807, 59026, 6332, 78389, 92803]"
120108,"[77959, 56832, 32923, 25714, 42973, 34281, 20303, 21782, 23056, 84574]"
120109,"[8060, 97725, 79115, 107842, 22668, 45625, 19012, 49115, 15128, 76514]"
120110,"[9701, 85069, 13847, 91760, 93255, 50574, 80312, 62859, 20910, 33695]"
120111,"[14938, 48444, 22260, 41329, 98859, 61443, 2998, 59193, 54435, 91055]"
120112,"[69169, 100233, 53321, 41, 85554, 21495, 98215, 101664, 84728, 71651]"
120113,"[14255, 42379, 6855, 89672, 73083, 48260, 92663, 83474, 68421, 2146]"
120114,"[1322, 104373, 38051, 28124, 33512, 43771, 18980, 376, 72888, 42348]"
120115,"[47075, 83191, 64936, 37986, 97180, 88710, 56741, 76517, 20129, 59351]"
120116,"[22211, 2779, 51685, 3917, 59743, 53626, 25335, 55673, 77404, 809]"
120117,"[12853, 67335, 98996, 80885, 15117, 16708, 30944, 77495, 80749, 91513]"
120118,"[21657, 102688, 103642, 65933, 91946, 4034, 84202, 64852, 37673, 70570]"
120119,"[44591, 61003, 35682, 72974, 54629, 76465, 29892, 73552, 81253, 16851]"
120120,"[63343, 54983, 67763, 24514, 26180, 40458, 28590, 62286, 71086, 58742]"
120121,"[73564, 75846, 10247, 18853, 79152, 79396, 74801, 101184, 56683, 48690]"
120122,"[65010, 33559, 47585, 99410, 554, 13287, 29035, 71685, 48125, 18507]"
120123,"[3106, 12425, 19101, 101569, 80624, 42964, 46383, 64845, 4050, 31848]"
120124,"[20556, 85907, 49883, 69776, 80559, 53964, 58106, 56469, 73086, 52541]"
120125,"[79040, 48026, 87324, 96033, 9237, 5963, 12026, 85193, 20170, 19023]"
120126,"[68960, 62762, 100568, 58717, 87222, 46653, 90910, 76096, 59982, 12916]"
120127,"[107861, 36468, 89105, 66427, 70023, 61908, 44918, 31866, 86528, 48958]"
120128,"[51718, 8198, 93431, 40142, 42802, 45714, 21648, 20667, 85530, 30536]"
120129,"[50990, 106443, 14027, 92244, 95471, 104545, 56688, 99256, 47704, 38149]"
120130,"[36792, 91332, 53113, 7531, 63514, 84086, 10153, 54988, 20999, 19281]"
120131,"[104675, 88561, 42675, 6095, 57732, 75689, 97169, 103897, 109735, 106862]"
120132,"[85081, 55430, 40720, 89453, 19435, 91812, 86965, 6192, 48285, 87385]"
120133,"[2069, 44269, 54661, 104419, 91846, 42011, 100754, 18554, 94566, 28181]"
120134,"[34347, 101034, 16296, 33789, 68336, 13957, 66417, 105256, 38028, 60320]"
120135,"[30195, 40906, 72432, 29256, 72253, 55609, 29778, 5361, 71493, 105746]"
120136,"[30466, 20308, 104182, 81622, 13007, 68349, 63905, 51037, 72469, 98322]"
120137,"[93422, 104350, 73466, 22070, 18509, 90410, 11779, 1659, 55828, 82525]"
120138,"[107394, 38387, 1572, 52555, 101306, 35630, 91285, 61947, 58322, 81823]"
120139,"[57332, 80215, 100693, 23972, 85623, 100663, 82966, 44040, 3578, 2560]"
120140,"[2147, 17830, 57836, 60002, 9283, 32633, 95284, 26711, 61900, 71108]"
120141,"[58238, 97311, 34613, 72476, 30964, 51341, 41972, 48717, 47011, 35280]"
120142,"[37081, 103679, 41857, 73207, 54028, 90755, 71380, 39872, 40281, 31740]"
120143,"[82076, 87313, 108637, 87481, 68250, 65632, 65260, 44467, 90825, 21443]"
120144,"[96863, 588, 99834, 15978, 78920, 25250, 11791, 38254, 35281, 5146]"
120145,"[45816, 2649, 93411, 5010, 1321, 65281, 98860, 30029, 16635, 53073]"
120146,"[77086, 48342, 27953, 68263, 24999, 50965, 65984, 85734, 39519, 43258]"
120147,"[80455, 51528, 104954, 11237, 17850, 56669, 60232, 88209, 41690, 30542]"
120148,"[84998, 99268, 32133, 54309, 28337, 96002, 100775, 29513, 45363, 83901]"
120149,"[10154, 99269, 54501, 84452, 11171, 107016, 73594, 18306, 19031, 2667]"
120150,"[91557, 67153, 84187, 26974, 92676, 101241, 86375, 26907, 105233, 34689]"
120151,"[76285, 41298, 14918, 101268, 33619, 75685, 53752, 21024, 20061, 106690]"
120152,"[26102, 107489, 108078, 39810, 92518, 39221, 24455, 64768, 75460, 83877]"
120153,"[104030, 42943, 79888, 108255, 72600, 75781, 26440, 18608, 68129, 12432]"
120154,"[73151, 74670, 22532, 4291, 95783, 20253, 25916, 51501, 109231, 30224]"
120155,"[16765, 10763, 50677, 100470, 47463, 71006, 45956, 52687, 22859, 95341]"
120156,"[27132, 109580, 10826, 83815, 24157, 100090, 49556, 17826, 26235, 85629]"
120157,"[84825, 88425, 44247, 66783, 3910, 14824, 107724, 48798, 51846, 44285]"
120158,"[26834, 69678, 34133, 3990, 70895, 95895, 69012, 97789, 9317, 9723]"
120159,"[53800, 16101, 54156, 89483, 18239, 45993, 798, 60526, 77777, 95459]"
120160,"[105988, 82540, 54660, 97498, 1049, 84220, 19570, 23270, 83938, 90002]"
120161,"[61832, 240, 61271, 97678, 94580, 88630, 98364, 95084, 93140, 30779]"
120162,"[95794, 54448, 104661, 36808, 43809, 41315, 81966, 48431, 47927, 34415]"
120163,"[83963, 65759, 106988, 25106, 107050, 66266, 16123, 86485, 49902, 93284]"
120164,"[31555, 20035, 33206, 81623, 18539, 18064, 98666, 94063, 36330, 57816]"
120165,"[35905, 64364, 87450, 82, 23182, 42407, 15868, 52402, 46351, 96474]"
120166,"[75766, 52994, 17149, 71629, 35158, 93956, 53179, 62803, 12754, 83391]"
120167,"[65184, 103717, 54849, 38312, 95667, 23136, 31279, 8927, 58254, 35397]"
120168,"[76772, 76693, 46120, 66658, 47858, 18762, 8776, 50177, 75795, 80722]"
120169,"[36269, 67441, 44724, 47913, 100139, 68151, 14269, 13648, 79133, 31185]"
120170,"[47419, 10215, 18805, 101979, 264, 7408, 86542, 89287, 53204, 40691]"
120171,"[89241, 62746, 38363, 69411, 87370, 47998, 17107, 101709, 23619, 98488]"
120172,"[38216, 34784, 1595, 50764, 10007, 51411, 54086, 106531, 43023, 101272]"
120173,"[54389, 91834, 68536, 95607, 105287, 27139, 93413, 35919, 104540, 55778]"
120174,"[54726, 45258, 43975, 8940, 78527, 78196, 91945, 1639, 75881, 65160]"
120175,"[97068, 27340, 23862, 4869, 93003, 108970, 91457, 45198, 36463, 99596]"
120176,"[75894, 93710, 89468, 102097, 47162, 4012, 65828, 87299, 14621, 97825]"
120177,"[94589, 13677, 62083, 2749, 83275, 72752, 35089, 26642, 2247, 19243]"
120178,"[27491, 108931, 49720, 102508, 13748, 9394, 75717, 63869, 56985, 97015]"
120179,"[31033, 30257, 65224, 76629, 98946, 65013, 27607, 94120, 103638, 73627]"
120180,"[90171, 3410, 57134, 98695, 108877, 89057, 26883, 27908, 9553, 19994]"
120181,"[63043, 62131, 26000, 18895, 60826, 12081, 52647, 61747, 100161, 62677]"
120182,"[41403, 2179, 93384, 76277, 72507, 28058, 59712, 30777, 105905, 11283]"
120183,"[51451, 1646, 65928, 97071, 30496, 57277, 74907, 8053, 92009, 107351]"
120184,"[75626, 93376, 37159, 91833, 95381, 75253, 99473, 83249, 104660, 54797]"
120185,"[107035, 17495, 21472, 39176, 32153, 13957, 33789, 68336, 105256, 44220]"
120186,"[46373, 63112, 60287, 72391, 45871, 99715, 97527, 27936, 5997, 105931]"
120187,"[16547, 89524, 62556, 21877, 105747, 44451, 19776, 17435, 20366, 21026]"
120188,"[70807, 72415, 81885, 84492, 96452, 11379, 93373, 71552, 56822, 60678]"
120189,"[27512, 101517, 80724, 98811, 75403, 29522, 43788, 24932, 45053, 24321]"
120190,"[10363, 29010, 20894, 76760, 89685, 79595, 55272, 51548, 88636, 445]"
120191,"[8378, 21822, 27246, 76230, 93701, 54513, 41566, 95989, 65873, 53224]"
120192,"[89046, 87558, 74549, 44382, 80189, 19404, 36368, 84369, 32517, 27912]"
120193,"[72423, 69049, 52713, 61612, 37246, 66853, 75698, 30767, 24263, 13029]"
120194,"[86882, 100095, 103671, 66538, 59110, 76634, 39998, 36414, 42719, 36488]"
120195,"[59118, 67461, 43075, 10844, 104388, 90517, 50316, 37893, 11185, 28831]"
120196,"[34607, 96736, 98868, 103696, 103827, 77037, 91503, 44881, 105878, 14827]"
120197,"[105206, 33106, 104059, 55201, 61264, 37539, 65404, 22475, 74495, 92873]"
120198,"[100254, 103792, 67160, 101121, 9345, 63665, 62706, 36896, 74817, 17006]"
120199,"[63521, 48324, 83973, 84795, 90810, 8397, 14123, 75426, 27507, 60482]"
120200,"[17363, 97650, 18154, 84654, 10079, 11221, 38431, 5849, 75039, 47616]"
120201,"[24601, 27705, 101395, 39389, 106473, 17331, 93399, 67997, 81443, 71638]"
120202,"[794, 35400, 33316, 63446, 93444, 3677, 12820, 34056, 14754, 17693]"
120203,"[74954, 1128, 5654, 73685, 91260, 27994, 53746, 86902, 92606, 38072]"
120204,"[72427, 108009, 7119, 29988, 97515, 22977, 94910, 84055, 108365, 17040]"
120205,"[103134, 9734, 8618, 36117, 101545, 95209, 31188, 87465, 8029, 58763]"
120206,"[74717, 1827, 1940, 79609, 34954, 95157, 89442, 42285, 31600, 104357]"
120207,"[39105, 32637, 39761, 105881, 33470, 14086, 48115, 50010, 96295, 89822]"
120208,"[51732, 25334, 73606, 3762, 21247, 102111, 61770, 76148, 79166, 58476]"
120209,"[53193, 95454, 42545, 92519, 37913, 79043, 36521, 7442, 62811, 12986]"
120210,"[62721, 51202, 14848, 3740, 37948, 75647, 23227, 55840, 52357, 41458]"
120211,"[96149, 101878, 100815, 71751, 105508, 40520, 23035, 101053, 58090, 80004]"
120212,"[48623, 88152, 100356, 20165, 83128, 9691, 6167, 47700, 59513, 107290]"
120213,"[32413, 66320, 81652, 85905, 77025, 16121, 553, 8443, 7262, 52306]"
120214,"[37171, 5642, 82110, 87773, 33224, 77114, 68489, 99899, 28286, 49223]"
120215,"[88456, 94462, 19943, 58195, 65598, 1895, 83070, 44312, 10980, 74033]"
120216,"[108362, 2964, 2968, 70971, 49931, 12100, 20202, 39990, 104664, 11318]"
120217,"[29814, 41276, 94524, 13164, 104262, 61912, 12473, 93614, 13963, 90606]"
120218,"[61044, 43179, 96187, 101662, 77937, 107289, 109008, 12362, 85486, 102648]"
120219,"[14258, 20115, 12434, 104798, 54847, 106298, 48980, 69897, 45105, 10982]"
120220,"[44781, 94877, 89428, 677, 106743, 81763, 18330, 34507, 53625, 73521]"
120221,"[45449, 20687, 8683, 76742, 22366, 96148, 99203, 36655, 77803, 51966]"
120222,"[26243, 4970, 85349, 99217, 15893, 3130, 4390, 37708, 10873, 53737]"
120223,"[74432, 60956, 57417, 35468, 63497, 29148, 36080, 8791, 4868, 38957]"
120224,"[97541, 57007, 89917, 30007, 39956, 823, 69347, 38637, 82214, 75455]"
120225,"[16835, 68542, 83676, 6529, 109020, 98184, 62377, 99227, 58657, 79737]"
120226,"[4575, 6799, 31291, 63654, 22046, 42787, 92289, 105331, 64868, 33846]"
120227,"[1262, 2273, 104328, 99820, 62816, 61005, 60214, 98011, 31835, 13947]"
120228,"[71649, 78897, 43110, 79379, 32581, 104338, 17777, 10019, 94198, 91887]"
120229,"[87780, 63788, 41888, 44251, 76819, 77250, 79520, 29270, 20609, 29943]"
120230,"[4625, 88931, 24950, 58002, 30567, 67176, 50118, 87268, 104204, 37480]"
120231,"[55290, 100319, 79301, 85224, 45669, 50638, 104515, 89839, 58251, 72875]"
120232,"[98707, 43379, 97684, 84943, 16527, 56623, 100436, 59712, 6234, 71117]"
120233,"[75162, 26924, 51786, 35600, 10364, 86739, 33727, 76911, 71499, 1484]"
120234,"[4379, 83189, 31640, 56420, 36988, 79149, 57130, 67594, 91870, 100893]"
120235,"[93769, 101880, 983, 88095, 94344, 101900, 66959, 22499, 35251, 70725]"
120236,"[1216, 51120, 103149, 42350, 40573, 25878, 75219, 64575, 88935, 50942]"
120237,"[21571, 6302, 67363, 7493, 45981, 86881, 63429, 105206, 49667, 59313]"
120238,"[19901, 76465, 81253, 85840, 20965, 73552, 85005, 102691, 9009, 72974]"
120239,"[4013, 66571, 43297, 66327, 45665, 92949, 20573, 627, 10941, 31985]"
120240,"[11959, 11046, 61182, 67062, 19675, 10607, 20846, 93000, 5697, 26539]"
120241,"[56703, 17248, 36538, 33097, 25131, 15360, 88815, 9069, 108933, 75474]"
120242,"[108229, 49560, 52052, 30017, 87421, 65161, 77351, 74191, 38128, 41487]"
120243,"[15057, 46818, 36256, 86591, 50462, 60802, 89022, 21619, 78823, 108311]"
120244,"[75986, 90127, 22662, 109484, 73402, 27592, 72231, 17126, 78076, 78252]"
120245,"[22268, 59978, 10593, 93995, 87280, 71949, 91793, 28908, 11324, 109434]"
120246,"[25501, 52137, 2383, 93057, 14198, 55177, 22350, 97212, 9698, 67817]"
120247,"[18717, 42911, 59748, 47525, 46471, 32578, 70234, 93101, 37838, 29769]"
120248,"[53285, 14339, 41169, 107228, 90093, 22393, 5029, 106627, 105127, 21552]"
120249,"[92796, 104393, 58298, 72370, 51251, 56601, 87004, 19299, 93923, 90316]"
120250,"[2556, 22175, 46826, 12797, 79215, 24714, 28554, 57086, 2541, 108715]"
120251,"[31453, 34952, 15058, 102516, 87732, 65697, 46024, 97574, 14466, 20116]"
120252,"[81409, 58781, 1567, 108654, 76201, 88444, 86809, 54022, 43160, 101231]"
120253,"[50190, 76982, 91068, 94894, 9055, 83437, 23702, 71135, 108464, 15733]"
120254,"[50470, 55640, 105263, 55684, 59461, 100701, 57198, 11881, 103344, 102966]"
120255,"[105129, 23888, 77027, 32594, 101852, 67147, 88063, 75210, 14599, 32489]"
120256,"[67771, 33011, 78587, 30733, 28925, 26411, 5802, 55958, 97457, 20912]"
120257,"[24608, 17229, 57744, 62553, 88321, 102327, 59562, 73184, 78833, 84735]"
120258,"[85047, 90733, 69344, 27765, 58610, 73455, 52443, 43175, 82411, 54051]"
120259,"[76677, 75935, 74543, 27821, 32051, 31195, 52218, 57898, 59362, 81009]"
120260,"[2741, 55197, 14128, 27411, 61361, 77046, 78562, 75129, 8362, 91851]"
120261,"[66214, 5428, 39657, 5186, 65060, 36114, 39231, 61804, 42796, 27960]"
120262,"[33439, 19490, 25040, 66945, 93298, 54647, 88265, 20250, 63990, 22598]"
120263,"[39434, 12536, 93662, 32673, 50474, 31816, 7258, 99163, 37019, 58500]"
120264,"[81925, 99543, 79697, 99188, 12921, 76640, 107137, 42909, 37576, 31978]"
120265,"[3300, 76486, 30198, 51351, 47671, 98171, 2763, 56514, 78861, 107943]"
120266,"[103078, 73039, 7818, 12144, 109257, 31702, 66514, 103801, 101466, 58310]"
120267,"[91812, 105541, 13326, 81222, 13243, 109364, 108882, 18308, 48834, 75244]"
120268,"[37235, 86618, 29134, 75487, 11763, 29407, 88001, 21614, 2162, 92197]"
120269,"[97881, 60070, 86135, 12847, 86110, 12937, 45317, 33447, 23138, 100501]"
120270,"[9994, 21064, 7744, 25593, 101716, 95842, 34626, 79473, 39076, 25809]"
120271,"[10891, 24181, 21892, 70082, 1070, 64651, 94872, 9744, 11910, 94007]"
120272,"[31587, 78585, 36852, 21784, 43166, 213, 17180, 67463, 91010, 87542]"
120273,"[24141, 55274, 25865, 48202, 4290, 70868, 55033, 24910, 77965, 92069]"
120274,"[7829, 81580, 59025, 42078, 31068, 102140, 2121, 10480, 66078, 108127]"
120275,"[91891, 26925, 9804, 96449, 94259, 55610, 48632, 91400, 50258, 104064]"
120276,"[30979, 68511, 90800, 98621, 33820, 59571, 6608, 83849, 64038, 53255]"
120277,"[92649, 59695, 10907, 76317, 73231, 28639, 1021, 29561, 70952, 86258]"
120278,"[109261, 82639, 68844, 99116, 20848, 23128, 60804, 98025, 40060, 89191]"
120279,"[106669, 33955, 93600, 102271, 19461, 40091, 60008, 64645, 6118, 7151]"
120280,"[68538, 96977, 3987, 97571, 9636, 51090, 101666, 27171, 30164, 63357]"
120281,"[14476, 65778, 19339, 100907, 86857, 10158, 64957, 46791, 104071, 36183]"
120282,"[98593, 52325, 53607, 93799, 77480, 14720, 43482, 79286, 68301, 16275]"
120283,"[56039, 89300, 80050, 3997, 107693, 90314, 48166, 18604, 83090, 18651]"
120284,"[92668, 44018, 77627, 17172, 24303, 95644, 39328, 102412, 91235, 51844]"
120285,"[40208, 62123, 98272, 17928, 63538, 14662, 26997, 106220, 25046, 69064]"
120286,"[18280, 60752, 47631, 11444, 24634, 42333, 75965, 101256, 69735, 66710]"
120287,"[61697, 45273, 42317, 89169, 60975, 108891, 39669, 10618, 100394, 16871]"
120288,"[107217, 639, 83554, 35926, 75961, 71831, 54347, 7209, 23397, 9873]"
120289,"[57645, 1597, 38082, 21829, 107322, 104922, 53097, 78970, 19658, 92449]"
120290,"[55560, 103634, 109557, 67201, 38496, 37502, 99875, 63921, 108958, 83380]"
120291,"[29421, 101267, 68422, 52168, 27295, 4720, 7353, 70791, 56747, 89946]"
120292,"[86963, 55378, 99606, 75195, 107940, 103896, 89039, 83425, 104252, 57326]"
120293,"[50280, 23930, 23526, 33318, 1432, 93970, 52708, 49987, 97522, 1332]"
120294,"[9914, 26254, 63703, 80867, 61254, 80302, 18184, 871, 88701, 84759]"
120295,"[86482, 13108, 27293, 79178, 6673, 36629, 60759, 2707, 87605, 86391]"
120296,"[56882, 105442, 48469, 99045, 79481, 108118, 104800, 2215, 829, 2127]"
120297,"[67901, 92681, 47426, 73109, 78935, 45753, 30363, 79193, 104876, 62880]"
120298,"[92383, 34339, 46809, 109297, 77565, 17420, 63812, 38311, 23248, 86869]"
120299,"[82845, 87584, 85159, 51086, 61869, 12807, 32433, 40748, 103669, 1536]"
120300,"[75754, 60688, 27118, 61175, 109714, 12391, 58458, 109694, 50309, 105114]"
120301,"[77054, 25649, 53440, 30775, 74190, 7062, 59298, 94152, 74961, 23645]"
120302,"[79561, 48197, 101904, 81213, 19789, 90511, 96009, 83627, 36552, 23258]"
120303,"[48336, 107229, 47470, 79068, 95678, 16429, 25437, 77229, 83225, 58706]"
120304,"[8047, 12990, 101256, 75965, 48523, 74541, 99285, 88228, 79544, 103555]"
120305,"[44276, 21088, 76262, 75983, 1353, 75397, 50329, 87251, 68927, 23857]"
120306,"[13527, 82243, 18167, 83856, 106002, 35325, 84833, 31202, 77120, 14054]"
120307,"[35907, 62961, 100655, 40842, 23780, 26369, 20104, 72379, 36633, 96067]"
120308,"[15558, 8224, 51569, 44158, 59894, 72363, 5154, 98174, 61910, 14430]"
120309,"[64373, 41728, 94420, 51302, 103322, 61687, 36060, 67858, 36661, 101857]"
120310,"[51364, 30008, 92045, 106951, 13341, 107084, 60631, 21637, 58979, 47140]"
120311,"[37116, 13763, 53872, 68686, 103556, 109665, 71093, 65599, 47942, 25209]"
120312,"[36206, 10591, 78781, 101824, 21162, 82299, 76576, 69338, 95710, 61630]"
120313,"[14284, 89773, 105324, 69560, 98444, 45565, 515, 73887, 38319, 9005]"
120314,"[81691, 25248, 25502, 44669, 20087, 82692, 55947, 8863, 85467, 107654]"
120315,"[87985, 94485, 51508, 23827, 57420, 99054, 93453, 18444, 109055, 33976]"
120316,"[18490, 42594, 49621, 70020, 48627, 60650, 39505, 12413, 14534, 105228]"
120317,"[9237, 5963, 12026, 51891, 48026, 87324, 69483, 24331, 79040, 62763]"
120318,"[72204, 14350, 106782, 95696, 15726, 50040, 46198, 89282, 72679, 53562]"
120319,"[63400, 98808, 26706, 7373, 72269, 6147, 50398, 54971, 93426, 22789]"
120320,"[102237, 45470, 49141, 1132, 10011, 36818, 56529, 96905, 18197, 22165]"
120321,"[53991, 100268, 50753, 78968, 69056, 8535, 15454, 95094, 108422, 64169]"
120322,"[97802, 12901, 87117, 47492, 7663, 78601, 51931, 46312, 90931, 39633]"
120323,"[42360, 89310, 81512, 11696, 25073, 47910, 52794, 60663, 85610, 89091]"
120324,"[89826, 20559, 96445, 54151, 38291, 16471, 42521, 59943, 24018, 45774]"
120325,"[108864, 96021, 62455, 38445, 106589, 8833, 69828, 24588, 70530, 34865]"
120326,"[69986, 28971, 20789, 84712, 26506, 47966, 82958, 99765, 32462, 36105]"
120327,"[48134, 5947, 2499, 77023, 36171, 264, 89287, 35915, 78863, 27710]"
120328,"[59801, 35683, 16817, 6591, 49984, 77449, 45823, 90501, 10861, 26226]"
120329,"[77075, 72497, 80966, 83950, 23454, 22290, 64422, 82720, 10707, 96046]"
120330,"[109420, 76014, 48129, 75858, 23898, 59810, 107888, 17280, 67864, 15419]"
120331,"[49659, 10246, 93106, 101960, 6826, 38166, 27582, 46391, 64526, 85718]"
120332,"[79042, 85569, 48578, 59625, 47223, 100697, 98677, 96635, 101106, 84623]"
120333,"[99349, 108862, 88423, 49494, 1606, 30736, 22630, 54268, 6441, 84837]"
120334,"[49138, 39162, 39112, 55101, 18011, 104792, 41412, 7940, 5789, 52078]"
120335,"[45848, 80795, 38761, 50707, 91153, 73406, 30113, 87563, 101999, 39978]"
120336,"[4391, 8883, 81168, 82857, 16389, 30897, 35709, 8758, 54299, 50]"
120337,"[61276, 93609, 66216, 102938, 23833, 88854, 2118, 35567, 67595, 38492]"
120338,"[79928, 7579, 43501, 56241, 66441, 56012, 43384, 73301, 8819, 41223]"
120339,"[88986, 46015, 17654, 16564, 81279, 37217, 57056, 90032, 36669, 103164]"
120340,"[70537, 96296, 17417, 63495, 76591, 80567, 98126, 16630, 40585, 52895]"
120341,"[80122, 87839, 45519, 33057, 61324, 39892, 90075, 24402, 37804, 74794]"
120342,"[1933, 35306, 612, 97143, 99262, 31217, 9450, 11470, 37164, 98406]"
120343,"[73598, 74010, 95396, 156, 76571, 16204, 64151, 38559, 56935, 96586]"
120344,"[94312, 57406, 106300, 11253, 19011, 70783, 51527, 66348, 90176, 40223]"
120345,"[35136, 70240, 55461, 38837, 9090, 6525, 103577, 47053, 63257, 7377]"
120346,"[22735, 41152, 91888, 65820, 28988, 20772, 58364, 104415, 71103, 77537]"
120347,"[93181, 67876, 108491, 22746, 33479, 9937, 73898, 20336, 62837, 102867]"
120348,"[54537, 52900, 10865, 53573, 63784, 3692, 55020, 50999, 75996, 89221]"
120349,"[101850, 4588, 43960, 109385, 72369, 50035, 64614, 85978, 107072, 103112]"
120350,"[53139, 72636, 10494, 67358, 11319, 64809, 25615, 28355, 95653, 33460]"
120351,"[103059, 13218, 15082, 84107, 17231, 57618, 59031, 18629, 36603, 29345]"
120352,"[15652, 72100, 95122, 21220, 60043, 73655, 98934, 9330, 36656, 101144]"
120353,"[8064, 12842, 40160, 4382, 29983, 53340, 33866, 80458, 84532, 88796]"
120354,"[88084, 59923, 84133, 90241, 68602, 98407, 29983, 5309, 50488, 91538]"
120355,"[54374, 15424, 6729, 35899, 11752, 105196, 87196, 60504, 47908, 96870]"
120356,"[84933, 46449, 63580, 49175, 66252, 10140, 52965, 79747, 52853, 64221]"
120357,"[15974, 88963, 83375, 86653, 102372, 1062, 44707, 67572, 47299, 45699]"
120358,"[83595, 22383, 55860, 95108, 56046, 27059, 99458, 12065, 28763, 62757]"
120359,"[45328, 23896, 82017, 91879, 69430, 2676, 16984, 106658, 9981, 45923]"
120360,"[55335, 61520, 64490, 31806, 20876, 77123, 975, 24528, 31420, 3629]"
120361,"[28803, 16107, 37132, 24737, 96013, 2175, 98991, 106525, 73670, 99891]"
120362,"[105793, 99108, 89543, 77508, 54330, 78073, 80023, 59540, 64193, 64032]"
120363,"[57462, 16682, 80530, 60706, 16619, 79942, 55253, 67561, 45446, 105754]"
120364,"[10979, 6876, 40985, 48168, 16067, 19880, 87881, 20974, 10412, 90723]"
120365,"[107503, 80464, 99516, 96290, 16069, 26497, 48942, 55178, 35790, 13581]"
120366,"[40311, 57632, 23825, 95197, 20902, 73096, 97105, 59617, 38498, 64]"
120367,"[71257, 38218, 57123, 101278, 79793, 72353, 25625, 12291, 32312, 14525]"
120368,"[69413, 14718, 56186, 89750, 94551, 33241, 99587, 74533, 43198, 24671]"
120369,"[49817, 33586, 9323, 21231, 6773, 16763, 103497, 12405, 48607, 63150]"
120370,"[34728, 77199, 17457, 95421, 1700, 107997, 90335, 91006, 6921, 37574]"
120371,"[108769, 64440, 22468, 99647, 103613, 101490, 17740, 6271, 30019, 104678]"
120372,"[70194, 11264, 21986, 77389, 85214, 91077, 59575, 30984, 106137, 16656]"
120373,"[12918, 24554, 86808, 59218, 21592, 26628, 57145, 26074, 106932, 37661]"
120374,"[69621, 8932, 78108, 37826, 16371, 38058, 23836, 90686, 96293, 91700]"
120375,"[6512, 88314, 104331, 17409, 40643, 27809, 29464, 30715, 83111, 48167]"
120376,"[1475, 7779, 24769, 78388, 30899, 59558, 8870, 15103, 94272, 43537]"
120377,"[34728, 17457, 80332, 65417, 68128, 90335, 95421, 53777, 42189, 96879]"
120378,"[66873, 43270, 82690, 31099, 7588, 14309, 37893, 51268, 29721, 90499]"
120379,"[86180, 105064, 1691, 54763, 83800, 88129, 68944, 62045, 30250, 84108]"
120380,"[8595, 90851, 108065, 101516, 27275, 67396, 20417, 38287, 56578, 95608]"
120381,"[42351, 92369, 33064, 72514, 29728, 25452, 75727, 4748, 86361, 76598]"
120382,"[85601, 39426, 75493, 99211, 97098, 28923, 46660, 64274, 44151, 59059]"
120383,"[11613, 34494, 100956, 77438, 101207, 74587, 74221, 88473, 98005, 59925]"
120384,"[82433, 104457, 63323, 23322, 41811, 26023, 57520, 14502, 79118, 70874]"
120385,"[124, 36282, 2157, 109448, 62499, 55639, 54611, 79621, 61643, 87368]"
120386,"[102811, 47718, 81003, 105336, 64569, 69479, 46811, 53315, 32970, 66960]"
120387,"[26199, 62133, 3089, 52790, 37505, 29225, 67767, 9566, 77006, 78485]"
120388,"[81964, 87607, 70846, 84564, 93396, 65747, 89761, 49859, 22803, 10549]"
120389,"[28422, 7356, 55597, 1367, 23442, 65883, 27955, 21724, 95136, 74584]"
120390,"[51136, 43236, 52034, 69137, 25733, 31577, 6281, 28961, 32987, 4618]"
120391,"[74228, 30085, 56627, 19982, 20531, 74745, 81916, 54811, 55165, 90737]"
120392,"[35864, 96229, 93793, 3442, 24232, 96675, 95852, 103643, 19550, 105706]"
120393,"[108256, 34815, 87152, 98910, 86893, 85646, 28499, 85168, 96026, 19605]"
120394,"[62048, 44048, 18469, 68660, 72502, 17373, 74864, 56484, 72149, 34904]"
120395,"[99581, 38325, 29530, 80174, 107911, 45529, 2934, 26750, 86502, 12200]"
120396,"[21775, 97583, 109575, 97473, 103681, 26522, 26890, 97410, 4620, 107444]"
120397,"[67935, 93088, 4701, 45264, 15312, 42409, 42187, 21383, 73179, 32782]"
120398,"[34843, 6597, 72084, 15840, 60838, 80495, 2840, 97998, 58687, 49366]"
120399,"[18241, 16941, 23117, 38285, 92687, 77529, 65499, 23667, 30967, 26860]"
120400,"[76573, 75160, 61325, 27401, 64337, 91798, 31503, 52116, 80745, 64529]"
120401,"[5873, 40195, 93780, 5320, 60735, 75738, 39266, 43351, 34719, 18753]"
120402,"[92155, 73230, 65594, 91146, 81737, 54336, 105086, 5240, 12366, 12416]"
120403,"[67389, 34738, 106095, 80183, 4824, 70655, 43869, 57776, 56390, 81215]"
120404,"[21689, 35945, 7997, 90247, 12010, 65427, 82939, 93607, 9494, 27802]"
120405,"[26705, 9154, 70392, 65819, 103874, 87886, 49681, 62483, 27076, 12245]"
120406,"[2000, 4057, 45302, 6319, 50476, 101508, 88254, 58534, 7051, 27699]"
120407,"[68442, 25488, 16586, 81570, 27586, 58746, 6768, 2122, 85724, 33077]"
120408,"[16885, 29590, 32475, 63242, 24841, 48726, 82949, 3702, 69385, 8253]"
120409,"[100817, 103044, 57542, 70011, 11555, 15015, 33607, 93686, 34316, 27344]"
120410,"[57640, 38254, 43986, 55829, 99834, 25250, 5146, 97327, 35798, 48468]"
120411,"[98725, 32207, 26345, 28717, 68964, 58120, 29753, 17415, 108740, 6251]"
120412,"[11761, 42662, 75573, 52409, 34446, 42261, 29001, 16167, 104514, 8152]"
120413,"[50480, 108405, 59776, 107919, 956, 61992, 44104, 108237, 98208, 53018]"
120414,"[11447, 37630, 68255, 3498, 86300, 40531, 68114, 80679, 78841, 90356]"
120415,"[23131, 1573, 66629, 4067, 61163, 26879, 47981, 90339, 18014, 14183]"
120416,"[103920, 45308, 29840, 101168, 51792, 77090, 34071, 74534, 85236, 87846]"
120417,"[95459, 77777, 26635, 26973, 798, 91911, 41553, 69702, 53800, 54156]"
120418,"[56139, 58479, 40746, 22957, 37398, 91314, 45696, 92556, 2400, 10222]"
120419,"[69896, 46356, 36632, 34733, 8907, 82969, 12972, 39135, 108365, 104726]"
120420,"[72254, 28640, 59541, 87343, 2851, 104522, 79701, 107953, 70497, 90432]"
120421,"[73052, 100829, 5499, 48865, 9048, 39480, 103519, 24192, 8383, 97715]"
120422,"[64290, 88917, 89989, 13676, 26747, 65233, 86156, 91662, 9105, 72726]"
120423,"[69935, 39497, 36641, 29172, 97289, 82534, 26383, 57529, 79219, 49218]"
120424,"[65384, 24806, 37930, 55267, 84920, 36707, 33942, 1105, 93422, 50721]"
120425,"[45803, 40378, 73118, 15423, 3384, 29406, 103558, 8282, 50027, 12597]"
120426,"[94744, 105889, 72555, 10798, 86064, 75566, 109541, 38859, 13455, 21019]"
120427,"[46828, 87430, 36620, 64070, 77301, 33663, 51857, 69119, 14322, 102502]"
120428,"[41654, 60510, 92121, 23373, 93545, 34215, 45087, 103504, 29129, 9561]"
120429,"[7986, 72926, 25701, 10295, 91623, 98504, 106353, 63760, 64918, 74714]"
120430,"[26647, 21342, 1700, 65417, 31489, 75709, 107997, 33181, 72119, 42189]"
120431,"[61603, 73672, 64617, 101096, 82395, 18035, 99770, 88302, 58786, 26191]"
120432,"[60249, 63726, 55934, 4432, 76904, 55366, 40196, 41843, 12020, 3501]"
120433,"[55870, 71233, 41040, 39266, 71599, 85913, 60246, 78069, 100809, 16487]"
120434,"[76442, 109641, 34429, 47108, 71473, 30867, 23275, 90974, 45784, 3679]"
120435,"[67780, 52616, 68369, 28335, 97379, 55251, 17080, 20183, 55660, 106738]"
120436,"[59149, 60555, 55673, 40168, 14907, 79014, 92451, 16961, 37299, 25707]"
120437,"[34009, 42191, 72761, 96039, 26270, 71096, 72292, 108233, 92136, 42475]"
120438,"[74908, 25374, 77128, 92966, 99015, 65666, 76609, 74668, 7485, 79387]"
120439,"[5742, 15554, 100339, 33425, 49704, 99549, 19923, 63630, 87628, 55316]"
120440,"[28907, 1986, 6386, 99396, 103466, 89403, 28416, 30047, 37969, 47080]"
120441,"[82685, 75719, 499, 8706, 100795, 43313, 92390, 21340, 62878, 100620]"
120442,"[45697, 19800, 104145, 65272, 85729, 40009, 39991, 72314, 4816, 17605]"
120443,"[16546, 61218, 48037, 63472, 984, 38460, 98943, 57551, 33227, 57356]"
120444,"[12673, 104156, 23636, 23996, 29708, 63509, 17222, 77072, 72922, 17125]"
120445,"[60441, 75134, 73394, 15019, 107773, 48246, 84350, 3048, 58486, 64493]"
120446,"[55138, 82563, 79529, 7623, 3969, 106675, 16321, 22903, 15634, 32197]"
120447,"[33441, 92395, 73712, 89643, 13892, 19667, 82647, 69375, 20416, 47963]"
120448,"[4974, 14584, 53436, 76717, 3710, 10816, 25093, 100056, 30006, 29632]"
120449,"[56261, 73903, 94248, 27500, 81757, 104907, 21396, 28861, 86830, 3389]"
120450,"[27012, 45354, 21889, 81833, 94219, 83216, 35714, 68068, 30243, 65833]"
120451,"[24754, 14485, 14765, 81939, 46810, 6404, 99900, 32861, 2993, 109239]"
120452,"[34988, 55456, 43939, 19426, 35064, 8492, 12541, 71827, 41591, 11246]"
120453,"[70178, 23134, 95076, 21249, 13683, 28034, 106660, 83037, 29701, 70294]"
120454,"[37749, 107031, 12102, 105769, 77436, 38762, 90202, 31433, 95554, 88559]"
120455,"[104947, 55864, 104010, 59602, 72020, 98131, 86116, 5979, 107855, 49395]"
120456,"[79999, 103433, 71615, 69670, 57893, 79046, 59958, 17072, 88352, 37745]"
120457,"[75658, 36588, 108222, 33641, 62244, 88392, 96257, 97140, 12428, 103756]"
120458,"[92247, 65367, 9639, 19414, 60946, 7498, 9865, 87505, 33737, 22455]"
120459,"[3512, 64851, 106642, 88112, 70066, 50664, 78614, 65063, 41501, 64290]"
120460,"[21561, 91095, 46082, 27842, 38386, 83315, 93546, 63897, 71527, 95577]"
120461,"[58915, 43861, 90014, 9213, 82108, 71556, 13026, 69731, 42204, 105177]"
120462,"[14939, 39141, 106843, 89112, 28107, 74646, 6838, 53137, 15192, 25360]"
120463,"[31097, 70888, 102207, 69096, 89739, 25999, 58654, 48496, 25272, 76279]"
120464,"[75961, 35926, 20409, 13678, 84696, 23397, 63108, 107649, 107217, 54347]"
120465,"[96266, 17342, 46121, 67867, 65657, 6530, 76145, 69280, 67281, 32826]"
120466,"[61927, 6827, 26720, 74309, 105709, 48892, 20107, 107756, 51352, 106297]"
120467,"[108493, 37538, 92554, 104463, 13952, 80522, 52011, 23927, 101489, 67832]"
120468,"[24637, 88718, 89319, 35731, 19567, 50777, 77156, 86705, 83106, 3407]"
120469,"[69936, 94402, 19158, 91947, 75044, 37506, 94044, 71577, 83825, 95829]"
120470,"[35046, 46886, 69331, 58634, 94139, 62661, 74380, 82976, 23038, 59041]"
120471,"[70966, 6993, 83141, 32180, 46897, 70575, 107410, 48101, 84674, 14431]"
120472,"[98437, 47911, 70359, 106433, 51631, 46197, 44834, 21983, 3040, 108231]"
120473,"[34083, 19534, 32585, 35192, 5062, 54082, 20967, 83509, 89825, 99545]"
120474,"[88030, 50339, 96947, 20619, 31536, 79750, 6388, 19025, 61153, 81927]"
120475,"[12469, 101603, 88711, 988, 12497, 74788, 102734, 92398, 36022, 101542]"
120476,"[54757, 15486, 74962, 21397, 54116, 34265, 49671, 87143, 95630, 70236]"
120477,"[86247, 88995, 83854, 100609, 48522, 77047, 57799, 93735, 44953, 72295]"
120478,"[59734, 76104, 105938, 77131, 15243, 67623, 62597, 26162, 71684, 106834]"
120479,"[23139, 34121, 37354, 103923, 32536, 32532, 107737, 22871, 49721, 44608]"
120480,"[94491, 74748, 98166, 10121, 75640, 52929, 45708, 11751, 59873, 13298]"
120481,"[27872, 104588, 5095, 25380, 54187, 89771, 61757, 76924, 100657, 74389]"
120482,"[39196, 87127, 39824, 80053, 23256, 59536, 42462, 86322, 47195, 97066]"
120483,"[77061, 108921, 102603, 94093, 74487, 86515, 19542, 90556, 38920, 18913]"
120484,"[95612, 53762, 34600, 63902, 83897, 57219, 51400, 97348, 109168, 104505]"
120485,"[18584, 42996, 80859, 87048, 50374, 45046, 76970, 107109, 39454, 96279]"
120486,"[68590, 109433, 108300, 50477, 23032, 108856, 54488, 22773, 90521, 92691]"
120487,"[29474, 73936, 106502, 40405, 6143, 1499, 86834, 77362, 6305, 67104]"
120488,"[91135, 49133, 67775, 34033, 24829, 93725, 100475, 96492, 22370, 104971]"
120489,"[81551, 20562, 20862, 34338, 83713, 54060, 19478, 25791, 44541, 79021]"
120490,"[44462, 97425, 41249, 1023, 14382, 46890, 43968, 51209, 30135, 86102]"
120491,"[49894, 72848, 27296, 27504, 103145, 75759, 37355, 71322, 99499, 92909]"
120492,"[67173, 104992, 31749, 25459, 71256, 52195, 83377, 64930, 23058, 85840]"
120493,"[54378, 4302, 74330, 76376, 81816, 107779, 78706, 74066, 100702, 53260]"
120494,"[66641, 106347, 102994, 28958, 42501, 48570, 65718, 99475, 1591, 95844]"
120495,"[105374, 82208, 102601, 77155, 58184, 67523, 56243, 16951, 11839, 69770]"
120496,"[19581, 41573, 25634, 80408, 75688, 80039, 29508, 27685, 85745, 35137]"
120497,"[25608, 99544, 41918, 106199, 83420, 62028, 51067, 23074, 184, 108497]"
120498,"[59550, 81938, 12418, 16865, 91433, 14359, 79726, 39815, 107761, 90616]"
120499,"[35754, 19520, 73309, 16197, 79174, 90871, 97511, 72690, 80887, 64679]"
120500,"[45248, 54266, 3352, 19122, 13825, 52127, 21812, 33858, 93798, 15732]"
120501,"[36958, 94528, 40979, 58739, 79760, 12259, 106964, 95062, 31657, 46405]"
120502,"[74136, 107525, 51892, 98466, 88326, 12548, 77862, 13117, 88824, 31475]"
120503,"[10019, 71188, 29462, 71649, 79379, 78897, 32581, 17777, 99905, 94198]"
120504,"[104331, 88314, 64890, 40643, 27529, 98388, 104867, 11913, 6512, 9124]"
120505,"[20363, 70542, 40446, 85500, 8944, 56048, 83664, 64510, 19819, 30946]"
120506,"[79397, 69024, 18365, 95052, 22455, 60946, 10837, 29009, 50596, 63382]"
120507,"[63339, 57535, 7425, 84277, 58051, 83472, 31651, 41530, 69010, 68782]"
120508,"[13480, 3157, 10685, 19337, 47534, 87230, 27304, 11878, 36476, 65228]"
120509,"[34555, 76688, 37248, 43291, 59928, 108372, 26158, 50609, 82120, 30036]"
120510,"[38112, 86151, 33131, 39905, 53876, 33217, 62515, 15923, 69284, 50375]"
120511,"[56409, 75469, 62428, 90342, 11446, 97523, 73290, 99056, 32399, 66324]"
120512,"[55547, 108989, 61680, 38644, 53109, 26780, 97182, 57176, 21733, 35192]"
120513,"[96725, 74332, 67907, 79809, 74330, 4302, 1493, 97355, 91634, 104946]"
120514,"[25459, 31749, 23058, 96079, 1255, 3864, 38528, 88442, 35927, 26355]"
120515,"[79763, 62264, 27360, 72714, 108012, 48363, 51958, 779, 35385, 106935]"
120516,"[57518, 21440, 27109, 46884, 56106, 25639, 6091, 65951, 21948, 98275]"
120517,"[59284, 89008, 37198, 102241, 62882, 76616, 73956, 4771, 69840, 6562]"
120518,"[14697, 64165, 968, 87573, 3573, 46647, 14493, 47933, 14910, 32745]"
120519,"[52787, 36724, 15037, 87602, 66887, 92601, 93592, 89554, 8603, 90788]"
120520,"[98887, 15473, 74570, 105532, 1783, 101781, 16719, 34041, 4816, 57610]"
120521,"[75254, 11666, 56906, 62866, 79282, 23566, 82290, 37746, 79911, 67360]"
120522,"[66867, 102230, 63896, 54464, 109507, 17650, 35614, 92977, 81602, 36902]"
120523,"[18983, 32691, 55324, 44242, 52203, 4270, 107326, 75921, 49321, 62809]"
120524,"[65280, 90012, 88677, 77228, 83282, 293, 63005, 15373, 107627, 92525]"
120525,"[43638, 74359, 80425, 38910, 23436, 94994, 53504, 11158, 60757, 10454]"
120526,"[16306, 42407, 21450, 50107, 64364, 35905, 109413, 81589, 19633, 13663]"
120527,"[5249, 28653, 80409, 95370, 81041, 35371, 32573, 59243, 80667, 106420]"
120528,"[67664, 38410, 51734, 106403, 57318, 28839, 5529, 2305, 1199, 32032]"
120529,"[105639, 83538, 102967, 79458, 2505, 90022, 53793, 99465, 67437, 26435]"
120530,"[63325, 71839, 6272, 7406, 3729, 42831, 25662, 105449, 78902, 24533]"
120531,"[72574, 56056, 73341, 75621, 3785, 69461, 24602, 46711, 95373, 27187]"
120532,"[101085, 84994, 89051, 41893, 20446, 27422, 50686, 71808, 5441, 60954]"
120533,"[104623, 36527, 80272, 10715, 80150, 9654, 1979, 83033, 91605, 46417]"
120534,"[14472, 47375, 26048, 54321, 16093, 2583, 48313, 59863, 21971, 75066]"
120535,"[39528, 104621, 15670, 105806, 33055, 41962, 21046, 86310, 40571, 2038]"
120536,"[64222, 45785, 92592, 74125, 105333, 85431, 65576, 37619, 96283, 3535]"
120537,"[74342, 6346, 38861, 28330, 94288, 62490, 28593, 18072, 16867, 108695]"
120538,"[59354, 90616, 3214, 51645, 93910, 41828, 68718, 103450, 67065, 69578]"
120539,"[55061, 94365, 96202, 100946, 98673, 3527, 92802, 50432, 47825, 14223]"
120540,"[80223, 68082, 60583, 50527, 10412, 109690, 41028, 18953, 108082, 90723]"
120541,"[85796, 44500, 99997, 76739, 15605, 905, 88812, 81810, 97935, 11411]"
120542,"[49389, 2464, 105905, 49816, 72166, 25052, 91267, 76277, 96413, 30686]"
120543,"[3901, 66337, 96384, 104556, 1761, 95025, 56830, 11118, 103525, 70690]"
120544,"[83800, 54763, 84108, 30250, 70626, 23027, 101924, 2785, 2102, 70851]"
120545,"[91123, 51139, 83397, 9849, 76779, 29208, 33406, 62683, 90375, 62366]"
120546,"[39387, 93851, 98222, 31569, 60466, 22835, 10914, 16553, 60915, 82213]"
120547,"[76326, 93505, 62113, 25971, 76009, 60379, 100705, 39489, 21721, 5789]"
120548,"[94785, 13328, 61981, 41290, 38091, 81841, 5670, 20075, 74364, 94944]"
120549,"[11505, 96045, 93387, 74884, 28284, 11997, 61224, 5740, 8034, 26480]"
120550,"[68936, 45615, 84256, 73226, 10346, 106490, 22000, 75613, 67475, 49342]"
120551,"[2385, 15364, 39797, 97961, 20747, 101589, 7275, 21067, 15585, 75769]"
120552,"[16815, 18523, 23754, 23546, 67681, 53396, 10516, 11198, 61816, 62432]"
120553,"[66502, 84064, 86580, 33175, 78945, 4234, 32196, 35285, 82256, 51203]"
120554,"[59547, 68948, 21050, 9223, 35267, 74382, 91102, 65109, 20170, 85193]"
120555,"[6813, 77129, 95066, 82865, 55356, 31372, 74881, 15743, 93072, 82288]"
120556,"[38903, 44091, 109254, 52683, 22933, 77004, 38998, 72082, 62254, 95970]"
120557,"[29742, 90400, 109480, 105808, 61928, 65639, 33743, 97096, 91742, 52885]"
120558,"[38706, 15321, 58789, 70900, 15668, 62511, 28558, 63612, 16178, 106977]"
120559,"[63114, 51140, 64228, 72008, 52515, 99069, 92045, 84617, 100463, 87210]"
120560,"[17075, 104864, 37513, 19125, 101530, 50214, 36742, 3831, 56616, 58994]"
120561,"[35364, 27105, 85513, 98197, 106485, 44188, 77262, 92535, 11524, 48529]"
120562,"[76865, 44968, 11166, 84548, 71639, 67968, 75475, 99381, 57450, 41]"
120563,"[44625, 33675, 48589, 47031, 12654, 107702, 87644, 105210, 103472, 89575]"
120564,"[63805, 80739, 26888, 109298, 35538, 42538, 40715, 13737, 91734, 102975]"
120565,"[23342, 46349, 45304, 108095, 38354, 11749, 58501, 23919, 106720, 91774]"
120566,"[52598, 37957, 27065, 57052, 35380, 86457, 52548, 59053, 37286, 30446]"
120567,"[76294, 26855, 87744, 75089, 53592, 86188, 35673, 42346, 108113, 57787]"
120568,"[10490, 94827, 15283, 45064, 34484, 109305, 35815, 75170, 2421, 67257]"
120569,"[47111, 105140, 82935, 96761, 72940, 92828, 54999, 33343, 80320, 105095]"
120570,"[97700, 34914, 23805, 53795, 43634, 94176, 66645, 33876, 42156, 9862]"
120571,"[63167, 59560, 102176, 63617, 30825, 73129, 34269, 24653, 84921, 31266]"
120572,"[47100, 72279, 30947, 3509, 30263, 41430, 6135, 45887, 69023, 63470]"
120573,"[60700, 101423, 18560, 90016, 89705, 92398, 100530, 11151, 108801, 23555]"
120574,"[74434, 25644, 46078, 107279, 94542, 60697, 77919, 27534, 80590, 74710]"
120575,"[26501, 54900, 33054, 12666, 5458, 71954, 63805, 102975, 84715, 30298]"
120576,"[52445, 469, 15459, 99105, 25466, 14973, 56917, 87970, 69617, 91949]"
120577,"[38234, 34008, 56800, 17150, 78201, 66147, 45099, 64804, 3234, 1022]"
120578,"[103955, 71791, 68920, 7953, 85169, 9694, 93013, 20081, 102566, 23473]"
120579,"[67431, 79692, 47848, 31142, 87547, 44893, 75016, 45416, 84956, 42273]"
120580,"[39532, 14011, 108830, 79199, 60759, 2707, 6673, 73538, 26577, 87605]"
120581,"[45189, 50794, 102616, 56306, 82374, 63576, 87538, 66699, 27252, 19825]"
120582,"[14418, 59554, 105094, 69695, 93285, 39310, 18839, 74768, 23646, 76232]"
120583,"[43794, 74324, 53169, 69747, 90341, 85825, 99232, 49378, 41282, 18048]"
120584,"[76268, 12934, 19290, 83254, 36991, 39353, 91012, 88940, 60399, 64582]"
120585,"[61355, 83919, 6758, 74318, 11132, 66933, 7048, 10314, 82454, 76208]"
120586,"[48865, 100829, 73052, 5499, 9048, 94334, 32012, 39480, 103519, 91333]"
120587,"[52490, 20234, 33534, 15338, 39517, 60075, 96194, 46438, 108274, 20606]"
120588,"[58672, 48390, 34356, 9855, 43651, 100965, 11151, 101423, 42996, 45305]"
120589,"[108427, 88033, 9352, 11379, 22383, 26219, 95417, 92810, 28633, 28577]"
120590,"[17753, 31010, 15676, 67036, 28057, 92613, 54233, 22546, 73442, 78703]"
120591,"[8193, 52059, 38427, 47549, 18624, 11339, 100086, 92169, 76815, 106092]"
120592,"[57231, 39697, 37026, 64235, 66465, 63467, 68698, 85257, 4156, 83465]"
120593,"[23492, 102210, 378, 56327, 108944, 3207, 69148, 56685, 94711, 88170]"
120594,"[102720, 4725, 93639, 78148, 47010, 105093, 28061, 3138, 36874, 65712]"
120595,"[17656, 86725, 22063, 22859, 41755, 59552, 108894, 88609, 38836, 109171]"
120596,"[316, 60840, 76761, 12919, 22696, 83533, 26937, 14348, 89531, 29286]"
120597,"[17739, 83433, 15305, 73743, 99112, 43056, 20008, 66740, 12308, 35184]"
120598,"[80360, 97452, 64313, 57497, 107099, 8292, 92388, 45791, 32294, 7106]"
120599,"[22026, 54593, 37437, 75376, 43311, 66851, 81864, 28043, 28475, 10381]"
120600,"[79001, 78215, 86417, 108736, 30860, 58726, 89494, 72038, 17093, 18410]"
120601,"[88198, 81085, 106316, 44574, 54247, 92847, 82359, 28177, 102009, 71349]"
120602,"[108841, 28848, 26671, 1040, 30149, 34123, 48625, 32388, 62259, 68827]"
120603,"[102404, 54868, 90593, 93383, 50650, 5323, 92114, 96366, 54644, 99944]"
120604,"[100901, 87132, 87292, 83052, 82889, 54540, 55851, 51784, 91603, 31074]"
120605,"[86961, 40034, 106564, 26479, 32139, 12698, 97459, 85484, 103961, 37684]"
120606,"[30382, 81563, 86564, 33087, 32362, 4990, 62470, 106480, 90522, 9606]"
120607,"[30363, 62144, 7843, 46436, 63607, 76724, 68662, 4553, 28913, 7197]"
120608,"[10826, 27132, 16599, 109580, 87521, 24157, 100090, 83815, 16989, 78933]"
120609,"[108278, 107690, 94109, 2338, 31785, 17573, 100506, 16788, 97659, 15183]"
120610,"[85261, 80742, 49346, 46580, 81459, 45693, 87630, 105741, 54714, 91720]"
120611,"[7018, 43973, 27598, 62645, 58887, 106022, 40105, 73581, 61420, 67343]"
120612,"[74417, 65842, 104836, 61354, 109431, 10102, 38916, 36561, 26551, 71268]"
120613,"[72473, 18384, 27115, 14018, 42530, 15822, 51998, 14644, 43995, 11793]"
120614,"[76113, 73005, 108213, 27775, 75621, 37483, 53439, 3828, 52744, 95373]"
120615,"[101533, 71971, 15965, 104670, 48922, 104698, 6489, 75327, 105410, 82514]"
120616,"[37994, 88217, 45634, 56440, 3263, 32859, 109452, 80728, 99289, 52774]"
120617,"[80249, 21643, 73072, 106804, 16312, 19615, 74025, 49110, 87473, 103113]"
120618,"[40254, 70084, 38893, 31160, 13439, 38783, 95523, 7826, 97163, 74535]"
120619,"[1983, 5711, 17486, 53796, 99223, 107002, 109616, 67375, 79524, 92104]"
120620,"[14029, 25483, 62439, 5315, 9236, 13841, 58719, 43717, 9998, 105557]"
120621,"[33775, 79460, 61515, 73853, 27247, 83087, 23782, 17580, 16500, 52470]"
120622,"[65571, 78417, 9284, 20509, 23420, 43149, 49021, 106810, 37194, 39300]"
120623,"[18915, 14509, 12987, 70046, 65427, 109469, 93094, 22113, 26220, 5989]"
120624,"[6057, 26762, 97952, 53867, 65464, 67744, 25719, 47427, 8182, 3412]"
120625,"[18635, 78272, 25344, 11845, 86470, 70197, 53039, 73619, 92826, 15673]"
120626,"[40385, 85443, 23704, 18221, 88877, 6466, 100388, 103295, 65895, 64339]"
120627,"[35229, 91769, 73603, 83941, 48943, 62270, 23812, 44393, 22404, 10674]"
120628,"[73373, 75974, 55781, 94117, 56196, 55207, 26685, 104174, 27297, 56245]"
120629,"[59554, 14418, 105094, 39310, 93285, 23646, 16025, 18839, 73777, 10388]"
120630,"[73356, 45124, 1577, 36617, 60001, 64837, 86259, 25094, 103846, 83462]"
120631,"[88782, 93270, 27403, 76034, 63827, 88607, 44335, 42462, 27000, 106494]"
120632,"[29266, 5697, 83075, 13591, 3518, 36091, 15044, 54737, 40220, 6872]"
120633,"[95926, 106598, 105575, 75849, 43265, 61704, 70699, 109766, 4157, 87767]"
120634,"[3580, 20796, 14617, 14152, 14668, 6646, 868, 46036, 90210, 104175]"
120635,"[39020, 55792, 69001, 23584, 52488, 60413, 8214, 75511, 45500, 39974]"
120636,"[26546, 13166, 33569, 20903, 24022, 84755, 98446, 101133, 31807, 80301]"
120637,"[31265, 34, 94064, 100362, 78006, 68536, 69794, 105287, 99826, 15400]"
120638,"[9820, 92006, 77006, 47556, 41395, 105414, 68197, 37084, 72545, 104000]"
120639,"[43765, 80284, 99987, 21607, 38690, 59045, 77509, 69872, 3570, 103804]"
120640,"[25611, 58476, 51732, 76148, 25334, 96849, 21514, 12076, 73606, 39247]"
120641,"[27623, 31405, 69959, 15913, 1539, 64684, 37510, 6956, 79932, 47142]"
120642,"[3824, 79973, 103543, 73133, 8242, 69142, 76562, 49005, 63828, 41373]"
120643,"[64567, 19131, 22695, 43967, 49357, 28196, 31635, 55502, 46189, 81993]"
120644,"[11607, 49015, 97947, 107984, 3070, 31213, 30626, 33039, 96451, 101427]"
120645,"[32178, 9226, 9287, 85792, 20471, 28539, 49593, 35961, 7923, 79834]"
120646,"[89652, 47003, 107722, 60962, 90212, 46669, 21871, 101113, 97724, 97874]"
120647,"[95397, 23543, 92676, 84631, 85496, 67153, 63170, 58374, 26907, 58181]"
120648,"[99404, 74879, 33184, 62101, 103139, 2496, 46634, 64478, 44298, 34012]"
120649,"[49049, 95389, 59945, 109302, 79571, 38565, 34374, 35034, 83508, 35616]"
120650,"[86968, 106602, 37933, 35804, 91281, 11201, 102950, 66940, 93479, 48652]"
120651,"[92304, 40431, 49768, 85352, 84320, 94307, 86276, 48094, 59834, 5577]"
120652,"[102169, 21093, 35654, 89424, 7150, 46861, 15191, 70388, 107371, 83080]"
120653,"[6256, 68643, 101495, 62650, 33079, 85869, 67686, 56645, 88981, 86245]"
120654,"[103315, 25801, 86192, 80468, 26012, 3566, 106993, 93097, 105222, 42176]"
120655,"[43334, 15964, 74615, 66910, 103341, 109203, 93869, 60854, 75988, 3748]"
120656,"[96895, 40267, 72845, 20884, 91197, 105515, 16681, 61523, 40699, 77185]"
120657,"[85867, 4748, 86361, 33064, 17389, 29728, 25452, 42351, 7110, 72514]"
120658,"[46370, 30776, 22964, 30754, 43883, 7232, 106728, 92941, 62663, 64069]"
120659,"[87212, 24476, 25707, 41126, 44388, 42835, 6237, 37572, 58620, 28824]"
120660,"[18720, 15792, 3756, 102600, 33330, 7049, 91640, 105710, 16329, 80719]"
120661,"[49269, 57574, 11058, 93955, 6429, 67736, 77423, 2389, 103919, 95879]"
120662,"[66796, 102606, 31648, 51636, 102764, 34589, 107559, 94548, 84999, 53784]"
120663,"[35531, 109132, 87126, 107029, 22082, 97228, 4411, 85123, 44021, 102118]"
120664,"[78477, 59498, 12091, 13179, 22786, 7601, 10081, 89033, 91074, 7954]"
120665,"[87781, 2301, 57262, 19574, 50376, 97818, 62300, 34239, 3459, 69550]"
120666,"[53262, 101940, 7967, 51947, 17402, 98519, 65046, 72611, 98445, 51273]"
120667,"[92001, 77693, 83184, 107640, 52183, 106217, 24417, 95734, 33705, 93104]"
120668,"[94235, 69437, 70789, 50921, 48292, 67183, 14821, 45173, 35963, 31957]"
120669,"[108807, 22330, 32968, 67149, 82987, 68633, 64774, 108498, 65918, 70131]"
120670,"[32586, 92862, 62138, 104441, 17481, 95750, 55916, 108598, 107059, 55917]"
120671,"[56698, 64140, 40232, 49380, 56095, 72651, 71574, 69324, 107518, 47539]"
120672,"[27658, 54906, 63907, 38921, 96119, 21801, 44944, 62634, 86718, 52504]"
120673,"[15517, 61247, 105709, 97210, 83592, 49472, 20742, 51352, 98672, 26720]"
120674,"[66405, 41513, 62234, 102163, 50683, 19049, 12715, 56564, 62228, 58926]"
120675,"[53296, 73171, 43237, 103599, 94327, 62702, 36550, 17377, 91845, 17851]"
120676,"[83228, 18796, 69008, 91327, 106196, 94801, 46602, 41871, 63785, 30345]"
120677,"[30253, 50030, 53834, 27188, 57597, 59711, 92180, 102079, 103034, 1120]"
120678,"[62202, 91118, 46853, 78951, 34860, 1027, 64269, 10735, 12940, 56530]"
120679,"[105949, 12190, 28612, 94126, 94677, 108140, 2693, 43445, 40691, 59851]"
120680,"[102571, 52577, 33708, 60461, 89635, 440, 72416, 15282, 33986, 46695]"
120681,"[3531, 78324, 29084, 5757, 73036, 91262, 36780, 98597, 72983, 53606]"
120682,"[109310, 16635, 72625, 29135, 90094, 39798, 82919, 16689, 103972, 91980]"
120683,"[72449, 47431, 55185, 15830, 6261, 94461, 39371, 23357, 37766, 91955]"
120684,"[63672, 34312, 47022, 98482, 5850, 67370, 35360, 19176, 36057, 38208]"
120685,"[46766, 11715, 49353, 37626, 59335, 35734, 55842, 3515, 98714, 31409]"
120686,"[31216, 47530, 107610, 56584, 76291, 66038, 28000, 46783, 77871, 68870]"
120687,"[33650, 59010, 46125, 98685, 83528, 35214, 64927, 104548, 36554, 20350]"
120688,"[71185, 106618, 3904, 72733, 50002, 26135, 46433, 25382, 29658, 31323]"
120689,"[94244, 8175, 94753, 92094, 10123, 42147, 106901, 36217, 22899, 21542]"
120690,"[2824, 55216, 19829, 3569, 102141, 19007, 14703, 66428, 83841, 48449]"
120691,"[59920, 43299, 34620, 12330, 21135, 16614, 18254, 97092, 51236, 28502]"
120692,"[38879, 76301, 58553, 109617, 38877, 12269, 92918, 61236, 71801, 91905]"
120693,"[39261, 39795, 29099, 95995, 108100, 38908, 49538, 97698, 15934, 47645]"
120694,"[108986, 53212, 67627, 80197, 39313, 5858, 51316, 80104, 63419, 105357]"
120695,"[933, 69084, 93679, 39924, 53791, 80164, 39058, 96858, 20148, 35080]"
120696,"[96567, 764, 31062, 78938, 35086, 14546, 6562, 61192, 95634, 74706]"
120697,"[103470, 35470, 41688, 97746, 72559, 104181, 88204, 99833, 64826, 4675]"
120698,"[39319, 45157, 59632, 62916, 91917, 87543, 96787, 109711, 14244, 78329]"
120699,"[21204, 67398, 25082, 13028, 14491, 24987, 55849, 89337, 25631, 34915]"
120700,"[62814, 70689, 72505, 19925, 15456, 59955, 17269, 101604, 104015, 10525]"
120701,"[24256, 106626, 15385, 97785, 52078, 45283, 10799, 1717, 13899, 75561]"
120702,"[73994, 13339, 63692, 27366, 67741, 27699, 4057, 84513, 106723, 54055]"
120703,"[4705, 62203, 90446, 70507, 11620, 79767, 41339, 15850, 56498, 1939]"
120704,"[7364, 104738, 51989, 36935, 25035, 15359, 22927, 29169, 30929, 32213]"
120705,"[83112, 93228, 90511, 96009, 63628, 4055, 64841, 101904, 24423, 39498]"
120706,"[83303, 39276, 1519, 109112, 13924, 18828, 62135, 27625, 55325, 48182]"
120707,"[6373, 22428, 52774, 50363, 2327, 30261, 63500, 80013, 419, 101704]"
120708,"[5848, 82509, 9837, 16266, 77292, 105431, 52705, 13020, 63182, 53840]"
120709,"[41917, 54731, 27377, 45465, 69223, 85045, 80462, 18820, 17210, 48541]"
120710,"[106950, 27085, 38465, 31079, 109559, 74118, 100725, 7799, 88519, 100344]"
120711,"[41704, 84558, 23479, 5613, 101935, 7890, 93755, 37476, 76353, 64453]"
120712,"[56359, 66997, 16427, 83724, 52276, 45070, 85202, 104291, 70832, 62246]"
120713,"[95621, 77035, 17350, 26733, 68910, 28514, 70334, 41754, 66212, 21118]"
120714,"[77703, 25813, 9536, 61833, 3489, 97905, 13235, 26138, 83139, 109269]"
120715,"[65116, 59384, 94930, 16522, 9235, 43061, 8948, 33828, 73979, 106635]"
120716,"[84864, 84881, 7382, 107404, 45823, 52244, 86573, 22700, 5557, 96579]"
120717,"[2005, 31091, 73062, 82074, 67061, 24536, 85364, 90897, 61351, 80146]"
120718,"[100852, 14827, 84809, 103827, 1724, 99104, 36373, 14822, 105903, 44444]"
120719,"[39448, 57879, 83720, 105601, 15434, 32833, 42598, 71002, 70806, 39175]"
120720,"[71091, 7064, 98009, 95817, 21919, 101588, 83792, 72482, 27650, 28493]"
120721,"[9876, 59830, 103307, 77715, 43447, 37656, 63256, 65480, 106376, 101966]"
120722,"[107257, 102551, 57833, 94409, 102536, 31349, 81214, 10055, 67967, 30875]"
120723,"[95587, 15997, 62304, 21680, 96872, 86138, 107258, 3550, 16544, 36751]"
120724,"[24825, 101851, 9245, 15855, 57864, 29500, 11765, 100381, 92878, 82961]"
120725,"[83786, 44658, 68884, 74072, 41522, 97945, 82005, 1436, 5474, 71959]"
120726,"[104101, 93644, 97460, 61499, 80672, 31606, 92093, 71382, 88344, 68678]"
120727,"[94439, 44049, 49080, 9104, 27055, 72252, 14288, 5620, 45600, 101254]"
120728,"[86996, 94430, 13368, 101579, 33821, 18288, 87759, 9699, 38658, 41135]"
120729,"[65205, 63890, 49974, 24814, 9406, 10894, 29773, 60309, 23999, 100407]"
120730,"[104901, 89730, 55841, 9457, 99547, 30144, 108689, 103123, 91353, 15334]"
120731,"[20018, 21806, 90226, 79550, 107595, 25240, 21210, 86890, 21537, 63100]"
120732,"[5826, 9327, 67453, 47964, 62887, 45523, 12342, 105559, 69979, 37674]"
120733,"[28520, 49610, 81066, 50465, 41212, 108923, 82138, 53995, 56740, 17808]"
120734,"[76241, 74847, 90885, 960, 80828, 37773, 91345, 21613, 84479, 45457]"
120735,"[98860, 101788, 65281, 93411, 44691, 45816, 8988, 45718, 18655, 26826]"
120736,"[107628, 29297, 57236, 93720, 57962, 98494, 99409, 101347, 37919, 107972]"
120737,"[24133, 55791, 67244, 42177, 11580, 25650, 56120, 101442, 94187, 62880]"
120738,"[23560, 55468, 34921, 57013, 8861, 55379, 11942, 48629, 83816, 44590]"
120739,"[84481, 56511, 66941, 46182, 94803, 102062, 7716, 32914, 78922, 9503]"
120740,"[72918, 92347, 45092, 50903, 30104, 83577, 45251, 77279, 29758, 36947]"
120741,"[67510, 34836, 65166, 92157, 32510, 24688, 9550, 92570, 107954, 46561]"
120742,"[25768, 21462, 52124, 73491, 92386, 101760, 79357, 34243, 20864, 28452]"
120743,"[2386, 108275, 68830, 50154, 81874, 69393, 97817, 72990, 18519, 50345]"
120744,"[18333, 12904, 90134, 112, 39805, 101001, 23465, 72564, 32511, 92249]"
120745,"[28131, 63702, 71763, 28066, 81027, 25606, 58224, 44876, 1632, 69767]"
120746,"[62880, 101442, 19849, 56120, 7831, 55791, 24133, 94187, 58032, 3456]"
120747,"[49538, 39795, 38908, 44003, 95995, 88051, 67847, 29099, 108100, 39261]"
120748,"[19047, 14056, 106269, 26476, 18338, 87652, 24319, 36820, 44257, 9229]"
120749,"[47427, 109049, 27858, 8182, 53867, 41414, 21409, 105271, 83317, 6057]"
120750,"[5913, 32348, 101291, 106157, 80754, 73602, 10896, 107261, 81820, 101563]"
120751,"[61385, 47372, 55704, 25934, 20635, 32458, 22930, 10741, 103060, 100129]"
120752,"[64321, 36729, 41837, 1292, 90047, 35715, 29630, 58170, 70263, 94981]"
