Index,Index_list
109776,"[54, 6, 279, 238, 13, 27, 90, 28, 48, 119]"
109777,"[18, 72, 15, 138, 64, 149, 238, 58, 26, 157]"
109778,"[2, 27, 9, 72, 15, 82, 279, 71, 44, 105]"
109779,"[84, 13, 90, 238, 28, 27, 119, 223, 44, 48]"
109780,"[20, 27, 157, 13, 90, 238, 28, 119, 279, 223]"
109781,"[105, 138, 238, 26, 30, 64, 151, 146, 72, 90]"
109782,"[149, 72, 18, 82, 26, 238, 90, 13, 28, 223]"
109783,"[119, 13, 238, 54, 90, 28, 261, 223, 32, 48]"
109784,"[82, 72, 138, 49, 238, 189, 97, 0, 77, 92]"
109785,"[9, 157, 82, 72, 279, 15, 77, 21, 51, 27]"
109786,"[91, 27, 2, 130, 29, 3, 279, 138, 105, 238]"
109787,"[64, 72, 82, 73, 138, 6, 238, 92, 26, 18]"
109788,"[279, 23, 238, 90, 28, 138, 13, 223, 146, 119]"
109789,"[220, 187, 49, 54, 30, 42, 130, 23, 24, 1]"
109790,"[189, 157, 21, 238, 90, 147, 13, 223, 28, 119]"
109791,"[23, 14, 157, 238, 60, 279, 1, 138, 90, 28]"
109792,"[71, 6, 26, 12, 58, 72, 32, 133, 18, 73]"
109793,"[60, 23, 13, 90, 28, 238, 119, 34, 223, 142]"
109794,"[133, 73, 12, 60, 38, 23, 14, 122, 147, 24]"
109795,"[24, 23, 73, 12, 14, 147, 38, 261, 21, 142]"
109796,"[157, 21, 223, 238, 13, 90, 220, 9, 28, 119]"
109797,"[84, 13, 90, 238, 28, 119, 32, 223, 279, 23]"
109798,"[146, 147, 238, 90, 28, 13, 220, 187, 138, 223]"
109799,"[45, 13, 27, 90, 238, 28, 119, 223, 279, 48]"
109800,"[24, 147, 23, 60, 261, 14, 238, 142, 38, 146]"
109801,"[138, 26, 25, 72, 238, 151, 64, 15, 146, 92]"
109802,"[130, 73, 91, 26, 36, 105, 72, 3, 279, 138]"
109803,"[21, 187, 238, 223, 90, 13, 28, 45, 147, 138]"
109804,"[27, 3, 2, 279, 9, 21, 130, 20, 29, 5]"
109805,"[66, 26, 238, 90, 13, 38, 28, 72, 6, 223]"
109806,"[13, 90, 238, 119, 28, 175, 223, 58, 42, 48]"
109807,"[72, 82, 26, 18, 58, 138, 15, 64, 73, 238]"
109808,"[45, 187, 220, 13, 90, 58, 238, 28, 119, 223]"
109809,"[21, 60, 187, 238, 138, 23, 279, 147, 223, 90]"
109810,"[12, 220, 187, 13, 147, 90, 261, 238, 28, 119]"
109811,"[24, 147, 238, 23, 138, 90, 28, 13, 223, 26]"
109812,"[30, 60, 220, 187, 49, 138, 23, 142, 238, 26]"
109813,"[220, 187, 13, 90, 238, 28, 119, 223, 121, 76]"
109814,"[38, 238, 18, 157, 90, 138, 28, 13, 223, 19]"
109815,"[26, 72, 15, 138, 82, 238, 73, 64, 23, 91]"
109816,"[4, 60, 23, 142, 24, 13, 238, 90, 36, 28]"
109817,"[147, 238, 138, 23, 223, 90, 28, 146, 13, 66]"
109818,"[14, 23, 261, 1, 60, 26, 138, 72, 238, 147]"
109819,"[175, 21, 238, 261, 90, 13, 28, 147, 223, 119]"
109820,"[124, 73, 84, 220, 187, 138, 238, 121, 146, 64]"
109821,"[138, 23, 1, 49, 238, 0, 72, 60, 4, 97]"
109822,"[27, 279, 45, 20, 124, 9, 142, 175, 51, 112]"
109823,"[157, 238, 223, 90, 13, 28, 119, 220, 146, 138]"
109824,"[149, 38, 26, 72, 19, 238, 82, 55, 90, 73]"
109825,"[71, 124, 27, 44, 34, 2, 20, 51, 5, 13]"
109826,"[147, 14, 23, 60, 49, 138, 238, 146, 0, 92]"
109827,"[73, 3, 15, 91, 6, 18, 30, 26, 72, 17]"
109828,"[189, 261, 14, 157, 23, 238, 21, 147, 20, 29]"
109829,"[7, 220, 187, 60, 4, 147, 44, 23, 238, 36]"
109830,"[73, 91, 13, 42, 90, 29, 238, 28, 119, 223]"
109831,"[51, 43, 187, 220, 13, 27, 90, 238, 28, 12]"
109832,"[60, 23, 238, 90, 13, 28, 105, 223, 138, 119]"
109833,"[220, 187, 43, 13, 90, 238, 28, 119, 121, 223]"
109834,"[189, 238, 90, 13, 28, 223, 119, 72, 26, 19]"
109835,"[12, 220, 187, 13, 238, 90, 28, 119, 223, 147]"
109836,"[49, 1, 23, 72, 138, 82, 238, 4, 7, 146]"
109837,"[7, 238, 23, 49, 1, 90, 13, 28, 223, 119]"
109838,"[54, 6, 73, 279, 13, 90, 238, 28, 71, 119]"
109839,"[122, 58, 13, 238, 90, 28, 119, 223, 18, 12]"
109840,"[223, 13, 90, 238, 28, 119, 157, 48, 32, 18]"
109841,"[12, 13, 6, 261, 90, 238, 28, 119, 223, 48]"
109842,"[54, 220, 187, 279, 121, 2, 84, 23, 142, 43]"
109843,"[54, 279, 27, 32, 220, 23, 19, 14, 51, 15]"
109844,"[189, 157, 28, 13, 238, 90, 21, 223, 55, 119]"
109845,"[43, 13, 90, 238, 28, 119, 223, 220, 187, 32]"
109846,"[48, 13, 90, 238, 28, 261, 119, 223, 73, 147]"
109847,"[82, 72, 138, 26, 238, 12, 92, 64, 15, 146]"
109848,"[24, 189, 28, 66, 21, 238, 90, 13, 223, 175]"
109849,"[71, 9, 72, 82, 1, 54, 2, 23, 279, 77]"
109850,"[147, 27, 238, 223, 90, 23, 13, 28, 157, 138]"
109851,"[73, 51, 2, 27, 13, 90, 238, 28, 5, 119]"
109852,"[73, 279, 32, 23, 261, 1, 58, 19, 133, 17]"
109853,"[1, 23, 72, 49, 138, 54, 238, 34, 2, 7]"
109854,"[13, 90, 238, 28, 119, 34, 223, 44, 48, 84]"
109855,"[189, 238, 60, 90, 23, 32, 28, 13, 138, 142]"
109856,"[1, 23, 72, 138, 238, 82, 0, 97, 124, 92]"
109857,"[97, 138, 238, 49, 60, 147, 92, 146, 64, 30]"
109858,"[220, 187, 13, 90, 238, 28, 119, 223, 58, 48]"
109859,"[97, 1, 23, 138, 72, 18, 0, 238, 82, 146]"
109860,"[157, 238, 13, 90, 223, 28, 119, 146, 220, 189]"
109861,"[30, 1, 23, 138, 238, 72, 2, 146, 64, 92]"
109862,"[17, 261, 13, 279, 90, 238, 28, 119, 223, 2]"
109863,"[45, 13, 27, 90, 238, 28, 119, 223, 48, 279]"
109864,"[34, 13, 90, 27, 238, 28, 32, 119, 21, 223]"
109865,"[97, 147, 41, 189, 72, 82, 0, 77, 105, 157]"
109866,"[58, 73, 12, 146, 6, 13, 238, 90, 28, 119]"
109867,"[64, 72, 82, 6, 73, 138, 92, 238, 15, 146]"
109868,"[149, 238, 90, 13, 28, 157, 223, 119, 138, 146]"
109869,"[142, 73, 23, 13, 90, 238, 28, 12, 119, 58]"
109870,"[157, 21, 36, 223, 147, 238, 13, 90, 28, 119]"
109871,"[103, 13, 90, 45, 238, 28, 119, 261, 223, 76]"
109872,"[76, 220, 187, 12, 13, 90, 238, 28, 119, 223]"
109873,"[45, 13, 90, 238, 28, 119, 223, 32, 48, 103]"
109874,"[7, 4, 26, 238, 49, 175, 138, 90, 72, 6]"
109875,"[60, 238, 23, 90, 13, 28, 223, 151, 119, 138]"
109876,"[66, 26, 73, 72, 238, 13, 90, 28, 12, 223]"
109877,"[49, 138, 147, 26, 105, 72, 238, 0, 92, 146]"
109878,"[9, 54, 279, 2, 84, 71, 32, 42, 1, 44]"
109879,"[48, 13, 90, 238, 28, 119, 223, 103, 27, 76]"
109880,"[84, 220, 187, 13, 90, 238, 28, 119, 223, 48]"
109881,"[27, 41, 73, 9, 279, 157, 71, 51, 82, 72]"
109882,"[220, 187, 13, 90, 238, 28, 54, 119, 223, 34]"
109883,"[49, 138, 30, 23, 1, 238, 72, 4, 146, 64]"
109884,"[147, 261, 23, 14, 97, 238, 223, 90, 73, 13]"
109885,"[97, 73, 157, 147, 105, 151, 41, 91, 30, 14]"
109886,"[91, 77, 105, 5, 3, 130, 151, 13, 90, 238]"
109887,"[149, 238, 90, 138, 28, 13, 147, 223, 146, 119]"
109888,"[0, 27, 238, 138, 72, 105, 90, 77, 147, 82]"
109889,"[77, 147, 138, 238, 105, 97, 146, 54, 64, 92]"
109890,"[84, 13, 90, 238, 28, 119, 261, 223, 48, 146]"
109891,"[64, 72, 1, 18, 23, 82, 15, 138, 238, 6]"
109892,"[82, 72, 138, 238, 151, 30, 105, 146, 64, 92]"
109893,"[21, 187, 147, 238, 220, 138, 223, 90, 28, 146]"
109894,"[4, 13, 238, 90, 28, 157, 119, 223, 27, 19]"
109895,"[41, 261, 27, 124, 45, 279, 20, 175, 138, 25]"
109896,"[142, 23, 60, 49, 54, 238, 220, 187, 13, 90]"
109897,"[149, 238, 90, 60, 28, 13, 138, 223, 119, 146]"
109898,"[5, 27, 6, 13, 238, 90, 28, 76, 119, 223]"
109899,"[149, 72, 82, 54, 238, 157, 13, 90, 28, 15]"
109900,"[82, 72, 138, 6, 238, 15, 92, 58, 38, 146]"
109901,"[25, 6, 261, 27, 147, 23, 279, 1, 97, 14]"
109902,"[130, 1, 23, 2, 54, 72, 34, 17, 29, 42]"
109903,"[26, 73, 72, 58, 12, 138, 38, 238, 92, 146]"
109904,"[64, 73, 26, 72, 138, 15, 238, 18, 146, 55]"
109905,"[261, 20, 13, 90, 238, 28, 119, 223, 279, 14]"
109906,"[21, 187, 238, 147, 261, 90, 223, 13, 28, 20]"
109907,"[19, 238, 147, 60, 138, 90, 279, 23, 28, 13]"
109908,"[147, 157, 23, 14, 21, 138, 279, 189, 77, 36]"
109909,"[130, 220, 187, 49, 23, 1, 60, 30, 121, 43]"
109910,"[77, 72, 82, 138, 54, 238, 7, 4, 122, 15]"
109911,"[36, 13, 90, 238, 28, 119, 223, 189, 27, 48]"
109912,"[122, 26, 238, 18, 90, 13, 28, 15, 72, 223]"
109913,"[6, 220, 187, 261, 12, 25, 41, 71, 279, 23]"
109914,"[17, 72, 15, 82, 18, 58, 13, 90, 44, 28]"
109915,"[64, 72, 1, 23, 6, 82, 138, 238, 26, 18]"
109916,"[72, 82, 18, 15, 138, 71, 64, 238, 149, 54]"
109917,"[77, 138, 72, 238, 82, 49, 92, 64, 30, 146]"
109918,"[72, 82, 18, 15, 73, 189, 138, 64, 26, 27]"
109919,"[24, 23, 142, 60, 220, 187, 49, 73, 238, 13]"
109920,"[73, 3, 25, 261, 91, 23, 279, 220, 187, 0]"
109921,"[36, 147, 157, 238, 77, 21, 223, 13, 90, 72]"
109922,"[103, 13, 90, 238, 28, 119, 223, 34, 32, 84]"
109923,"[27, 51, 9, 279, 13, 41, 90, 25, 238, 48]"
109924,"[76, 27, 13, 90, 238, 28, 119, 58, 223, 48]"
109925,"[73, 220, 187, 24, 42, 91, 49, 142, 17, 23]"
109926,"[9, 27, 279, 13, 6, 90, 28, 54, 238, 119]"
109927,"[41, 82, 72, 27, 6, 54, 51, 279, 5, 2]"
109928,"[105, 1, 23, 21, 138, 72, 238, 55, 279, 82]"
109929,"[2, 27, 73, 25, 6, 18, 41, 279, 13, 90]"
109930,"[189, 157, 147, 261, 14, 238, 23, 138, 90, 60]"
109931,"[223, 238, 13, 90, 28, 119, 146, 48, 138, 14]"
109932,"[119, 13, 90, 238, 28, 223, 77, 157, 27, 112]"
109933,"[55, 238, 147, 90, 28, 18, 13, 138, 223, 146]"
109934,"[220, 187, 13, 90, 238, 28, 119, 223, 84, 48]"
109935,"[26, 72, 73, 138, 82, 15, 238, 64, 122, 92]"
109936,"[121, 13, 90, 238, 28, 119, 223, 48, 58, 103]"
109937,"[4, 23, 1, 24, 13, 34, 90, 28, 238, 119]"
109938,"[45, 13, 90, 238, 28, 119, 223, 32, 48, 103]"
109939,"[44, 220, 187, 13, 90, 238, 28, 119, 223, 261]"
109940,"[14, 23, 1, 138, 7, 238, 72, 279, 55, 17]"
109941,"[36, 157, 238, 90, 13, 28, 223, 119, 146, 18]"
109942,"[2, 72, 82, 54, 5, 49, 84, 77, 34, 4]"
109943,"[72, 82, 26, 73, 138, 12, 15, 18, 238, 64]"
109944,"[151, 73, 12, 49, 142, 138, 23, 24, 238, 97]"
109945,"[51, 9, 73, 6, 27, 151, 279, 105, 54, 13]"
109946,"[14, 23, 1, 238, 138, 7, 90, 28, 146, 223]"
109947,"[51, 26, 6, 9, 12, 43, 58, 71, 72, 187]"
109948,"[14, 21, 23, 238, 189, 90, 187, 28, 13, 223]"
109949,"[44, 13, 90, 238, 28, 119, 20, 223, 34, 187]"
109950,"[92, 73, 49, 138, 97, 151, 30, 0, 238, 26]"
109951,"[73, 26, 91, 49, 30, 142, 147, 130, 24, 189]"
109952,"[82, 72, 138, 238, 0, 1, 23, 97, 146, 64]"
109953,"[147, 138, 238, 23, 279, 14, 60, 28, 90, 146]"
109954,"[261, 13, 90, 238, 28, 119, 223, 103, 48, 146]"
109955,"[73, 72, 3, 82, 91, 26, 133, 38, 92, 142]"
109956,"[119, 13, 90, 23, 238, 28, 32, 60, 223, 1]"
109957,"[121, 261, 13, 90, 238, 73, 28, 119, 223, 32]"
109958,"[24, 28, 13, 142, 90, 238, 119, 223, 23, 121]"
109959,"[64, 72, 82, 15, 27, 71, 18, 73, 54, 138]"
109960,"[19, 238, 90, 13, 28, 223, 119, 142, 146, 138]"
109961,"[142, 13, 23, 90, 238, 28, 34, 119, 223, 54]"
109962,"[24, 23, 1, 4, 34, 2, 238, 60, 90, 13]"
109963,"[2, 6, 27, 41, 72, 25, 51, 82, 12, 13]"
109964,"[27, 124, 261, 9, 279, 25, 2, 41, 6, 13]"
109965,"[0, 18, 138, 238, 72, 146, 90, 92, 64, 28]"
109966,"[157, 238, 223, 13, 90, 28, 220, 119, 149, 15]"
109967,"[25, 6, 2, 73, 44, 91, 3, 71, 138, 17]"
109968,"[261, 58, 13, 90, 238, 28, 119, 223, 187, 220]"
109969,"[36, 157, 21, 189, 175, 77, 124, 223, 29, 13]"
109970,"[51, 9, 1, 23, 2, 279, 20, 72, 32, 44]"
109971,"[175, 157, 27, 238, 13, 90, 28, 223, 119, 189]"
109972,"[54, 220, 187, 279, 34, 2, 121, 24, 23, 60]"
109973,"[72, 82, 18, 26, 6, 138, 15, 238, 64, 58]"
109974,"[77, 73, 138, 238, 92, 30, 64, 72, 146, 97]"
109975,"[48, 27, 13, 90, 238, 28, 119, 223, 279, 21]"
109976,"[82, 72, 138, 238, 58, 12, 38, 73, 146, 64]"
109977,"[147, 26, 23, 14, 0, 157, 261, 45, 220, 138]"
109978,"[24, 23, 142, 1, 60, 279, 4, 21, 72, 238]"
109979,"[43, 13, 90, 238, 28, 119, 49, 220, 187, 223]"
109980,"[133, 147, 60, 23, 261, 14, 138, 238, 146, 90]"
109981,"[97, 73, 30, 121, 138, 49, 91, 38, 142, 12]"
109982,"[71, 6, 73, 54, 58, 32, 72, 82, 91, 30]"
109983,"[73, 220, 187, 49, 121, 6, 43, 84, 151, 30]"
109984,"[4, 238, 13, 90, 28, 77, 223, 119, 7, 72]"
109985,"[7, 238, 175, 14, 138, 90, 146, 28, 13, 223]"
109986,"[58, 12, 13, 90, 238, 28, 119, 223, 48, 187]"
109987,"[13, 90, 28, 238, 119, 223, 54, 71, 84, 157]"
109988,"[76, 27, 13, 90, 238, 28, 119, 223, 48, 112]"
109989,"[77, 138, 238, 72, 15, 64, 146, 92, 82, 105]"
109990,"[175, 189, 238, 90, 13, 28, 223, 119, 138, 146]"
109991,"[60, 23, 1, 24, 220, 187, 261, 142, 43, 13]"
109992,"[29, 17, 73, 130, 42, 13, 90, 26, 238, 28]"
109993,"[32, 13, 90, 238, 28, 6, 119, 44, 223, 48]"
109994,"[18, 73, 72, 138, 238, 97, 151, 175, 146, 64]"
109995,"[261, 119, 13, 14, 157, 90, 238, 28, 279, 223]"
109996,"[21, 187, 238, 90, 13, 28, 223, 138, 119, 26]"
109997,"[151, 138, 26, 238, 105, 64, 72, 30, 92, 146]"
109998,"[112, 13, 157, 90, 238, 28, 119, 223, 9, 103]"
109999,"[26, 73, 72, 58, 138, 238, 15, 18, 146, 91]"
110000,"[112, 13, 90, 238, 28, 119, 223, 20, 187, 220]"
110001,"[124, 12, 26, 220, 187, 25, 41, 58, 5, 72]"
110002,"[142, 54, 13, 90, 238, 28, 119, 23, 223, 4]"
110003,"[151, 138, 238, 26, 146, 72, 49, 92, 90, 64]"
110004,"[71, 2, 1, 72, 23, 82, 5, 279, 29, 27]"
110005,"[17, 58, 13, 90, 238, 28, 73, 6, 119, 223]"
110006,"[122, 147, 26, 238, 138, 72, 38, 220, 187, 90]"
110007,"[220, 187, 23, 1, 34, 49, 42, 60, 24, 73]"
110008,"[97, 73, 0, 23, 138, 49, 24, 12, 1, 238]"
110009,"[103, 157, 13, 90, 27, 238, 28, 119, 223, 48]"
110010,"[24, 14, 142, 13, 238, 90, 23, 28, 12, 119]"
110011,"[13, 238, 90, 28, 119, 223, 189, 34, 146, 48]"
110012,"[73, 84, 103, 42, 3, 279, 28, 187, 41, 32]"
110013,"[21, 187, 238, 138, 90, 223, 28, 13, 146, 26]"
110014,"[73, 2, 189, 279, 27, 20, 5, 23, 105, 138]"
110015,"[238, 90, 146, 13, 28, 223, 119, 189, 175, 138]"
110016,"[27, 279, 71, 2, 149, 34, 142, 13, 90, 28]"
110017,"[73, 91, 261, 130, 279, 30, 0, 142, 151, 97]"
110018,"[92, 138, 238, 105, 23, 64, 1, 72, 151, 146]"
110019,"[238, 13, 90, 223, 28, 119, 146, 48, 103, 142]"
110020,"[71, 72, 82, 58, 15, 12, 18, 279, 45, 44]"
110021,"[9, 6, 279, 2, 1, 23, 13, 90, 28, 43]"
110022,"[147, 238, 13, 90, 28, 223, 119, 45, 76, 23]"
110023,"[9, 279, 2, 27, 15, 1, 71, 23, 72, 42]"
110024,"[27, 279, 1, 23, 72, 82, 149, 20, 9, 2]"
110025,"[41, 220, 187, 6, 0, 73, 261, 91, 49, 12]"
110026,"[77, 157, 138, 151, 21, 26, 64, 36, 238, 97]"
110027,"[51, 27, 9, 279, 151, 41, 261, 105, 48, 73]"
110028,"[142, 73, 23, 13, 12, 90, 238, 28, 14, 119]"
110029,"[24, 23, 189, 38, 138, 238, 21, 17, 142, 133]"
110030,"[119, 13, 238, 90, 28, 223, 58, 187, 220, 48]"
110031,"[142, 23, 261, 60, 24, 13, 90, 12, 238, 28]"
110032,"[9, 157, 279, 54, 82, 72, 1, 23, 21, 2]"
110033,"[142, 238, 90, 13, 28, 223, 18, 119, 146, 138]"
110034,"[44, 13, 90, 238, 28, 119, 223, 48, 103, 146]"
110035,"[133, 23, 1, 279, 238, 60, 24, 138, 90, 28]"
110036,"[175, 147, 157, 238, 14, 90, 13, 28, 151, 223]"
110037,"[1, 23, 72, 82, 15, 138, 77, 5, 2, 238]"
110038,"[142, 238, 23, 90, 13, 279, 28, 223, 119, 32]"
110039,"[122, 238, 90, 13, 28, 223, 119, 138, 146, 48]"
110040,"[122, 18, 54, 157, 149, 72, 238, 13, 90, 28]"
110041,"[91, 73, 72, 82, 12, 26, 6, 220, 187, 38]"
110042,"[38, 73, 12, 26, 147, 72, 58, 23, 97, 6]"
110043,"[20, 187, 220, 13, 90, 238, 28, 119, 112, 44]"
110044,"[97, 138, 23, 1, 238, 64, 72, 157, 146, 60]"
110045,"[119, 13, 90, 238, 28, 223, 54, 187, 220, 48]"
110046,"[6, 49, 220, 187, 30, 45, 147, 0, 13, 41]"
110047,"[49, 138, 72, 238, 82, 92, 77, 64, 146, 105]"
110048,"[48, 45, 13, 90, 112, 238, 28, 119, 223, 103]"
110049,"[157, 238, 60, 223, 138, 90, 220, 28, 151, 25]"
110050,"[151, 138, 23, 1, 238, 2, 72, 146, 64, 92]"
110051,"[17, 73, 26, 91, 13, 90, 238, 28, 72, 119]"
110052,"[124, 6, 58, 12, 2, 25, 26, 9, 261, 279]"
110053,"[220, 187, 13, 90, 238, 28, 119, 223, 58, 48]"
110054,"[112, 27, 13, 90, 238, 28, 54, 119, 223, 279]"
110055,"[97, 138, 238, 105, 15, 146, 72, 64, 92, 90]"
110056,"[73, 261, 220, 187, 60, 121, 142, 23, 48, 45]"
110057,"[30, 147, 138, 0, 97, 72, 238, 26, 6, 151]"
110058,"[34, 1, 23, 13, 32, 2, 90, 54, 28, 238]"
110059,"[90, 238, 13, 28, 119, 223, 34, 32, 149, 146]"
110060,"[5, 73, 72, 82, 15, 29, 71, 279, 138, 51]"
110061,"[21, 187, 238, 223, 90, 138, 28, 13, 146, 119]"
110062,"[42, 23, 34, 84, 60, 4, 1, 17, 187, 220]"
110063,"[151, 73, 189, 97, 147, 27, 41, 0, 138, 105]"
110064,"[41, 27, 279, 124, 20, 21, 54, 51, 45, 2]"
110065,"[261, 146, 60, 238, 23, 90, 45, 13, 279, 28]"
110066,"[238, 146, 90, 28, 13, 138, 223, 119, 133, 55]"
110067,"[9, 279, 220, 187, 124, 58, 13, 54, 28, 90]"
110068,"[97, 49, 138, 147, 72, 238, 30, 26, 92, 105]"
110069,"[18, 72, 73, 189, 15, 138, 175, 82, 238, 77]"
110070,"[17, 21, 29, 189, 157, 238, 90, 28, 13, 223]"
110071,"[76, 13, 90, 238, 28, 119, 223, 34, 48, 103]"
110072,"[7, 13, 90, 238, 28, 142, 119, 223, 49, 34]"
110073,"[279, 27, 13, 90, 238, 28, 112, 54, 119, 223]"
110074,"[21, 187, 238, 223, 90, 13, 28, 119, 32, 138]"
110075,"[97, 138, 0, 261, 18, 151, 27, 279, 238, 77]"
110076,"[220, 187, 13, 147, 90, 238, 28, 119, 223, 49]"
110077,"[12, 73, 6, 13, 90, 238, 28, 220, 187, 119]"
110078,"[71, 73, 27, 25, 9, 279, 49, 41, 5, 91]"
110079,"[49, 105, 138, 238, 72, 189, 146, 64, 92, 142]"
110080,"[9, 27, 279, 124, 45, 48, 41, 13, 42, 28]"
110081,"[97, 12, 49, 138, 60, 23, 238, 73, 92, 142]"
110082,"[7, 238, 72, 90, 82, 189, 157, 19, 13, 28]"
110083,"[12, 13, 90, 238, 28, 119, 223, 48, 103, 146]"
110084,"[54, 138, 30, 238, 18, 7, 49, 23, 90, 28]"
110085,"[149, 157, 21, 13, 238, 90, 1, 28, 23, 223]"
110086,"[6, 12, 261, 73, 45, 26, 151, 25, 58, 30]"
110087,"[82, 72, 138, 238, 105, 90, 146, 28, 223, 64]"
110088,"[13, 90, 238, 28, 261, 119, 223, 32, 279, 48]"
110089,"[238, 90, 13, 28, 223, 138, 119, 147, 146, 26]"
110090,"[49, 73, 138, 238, 9, 64, 105, 72, 146, 77]"
110091,"[64, 18, 138, 238, 72, 15, 71, 146, 90, 149]"
110092,"[66, 238, 90, 13, 28, 223, 119, 146, 138, 48]"
110093,"[44, 13, 90, 238, 28, 119, 223, 32, 18, 149]"
110094,"[2, 73, 49, 25, 187, 220, 5, 130, 60, 72]"
110095,"[34, 13, 90, 238, 28, 119, 223, 32, 48, 103]"
110096,"[238, 13, 90, 28, 223, 119, 15, 146, 157, 149]"
110097,"[60, 23, 238, 28, 13, 90, 119, 223, 147, 1]"
110098,"[84, 187, 220, 60, 23, 13, 90, 238, 28, 279]"
110099,"[3, 73, 6, 82, 72, 91, 26, 38, 18, 13]"
110100,"[130, 23, 91, 1, 73, 49, 142, 60, 24, 220]"
110101,"[112, 13, 90, 238, 28, 119, 223, 279, 32, 48]"
110102,"[119, 13, 90, 238, 28, 223, 189, 12, 20, 34]"
110103,"[1, 23, 27, 138, 238, 72, 25, 26, 146, 90]"
110104,"[5, 220, 187, 54, 1, 23, 49, 6, 2, 30]"
110105,"[30, 138, 71, 238, 92, 36, 64, 146, 72, 105]"
110106,"[72, 82, 18, 15, 138, 6, 26, 64, 71, 19]"
110107,"[112, 13, 90, 238, 28, 32, 119, 223, 279, 54]"
110108,"[122, 238, 90, 60, 28, 13, 138, 223, 119, 146]"
110109,"[17, 73, 279, 91, 23, 32, 142, 38, 122, 60]"
110110,"[25, 6, 58, 24, 13, 90, 238, 28, 119, 223]"
110111,"[157, 28, 238, 149, 90, 13, 223, 119, 21, 146]"
110112,"[1, 23, 64, 138, 238, 72, 146, 97, 279, 90]"
110113,"[112, 13, 90, 238, 28, 119, 48, 223, 45, 76]"
110114,"[20, 54, 13, 90, 238, 28, 119, 223, 48, 103]"
110115,"[20, 13, 90, 238, 28, 119, 261, 223, 48, 279]"
110116,"[19, 73, 6, 238, 133, 26, 38, 138, 72, 55]"
110117,"[6, 82, 72, 58, 12, 41, 71, 25, 45, 0]"
110118,"[5, 36, 15, 3, 73, 112, 97, 26, 72, 64]"
110119,"[103, 13, 90, 238, 28, 119, 223, 34, 32, 44]"
110120,"[5, 73, 49, 30, 130, 24, 13, 54, 90, 238]"
110121,"[82, 72, 3, 15, 73, 54, 91, 19, 17, 71]"
110122,"[112, 13, 90, 238, 28, 119, 147, 223, 103, 45]"
110123,"[157, 21, 238, 223, 13, 90, 9, 28, 119, 54]"
110124,"[103, 13, 90, 238, 28, 54, 119, 223, 32, 48]"
110125,"[92, 238, 138, 90, 146, 28, 223, 105, 13, 64]"
110126,"[7, 157, 21, 279, 138, 36, 19, 23, 238, 66]"
110127,"[133, 238, 189, 138, 279, 90, 28, 13, 223, 146]"
110128,"[55, 157, 13, 238, 90, 28, 1, 23, 21, 223]"
110129,"[58, 187, 220, 13, 90, 261, 238, 28, 119, 223]"
110130,"[60, 23, 238, 279, 90, 66, 122, 36, 4, 28]"
110131,"[138, 23, 1, 238, 84, 24, 146, 105, 72, 64]"
110132,"[17, 21, 23, 279, 60, 1, 36, 20, 29, 2]"
110133,"[9, 279, 2, 1, 23, 27, 20, 15, 72, 32]"
110134,"[0, 97, 138, 261, 189, 151, 238, 77, 105, 91]"
110135,"[72, 82, 92, 15, 18, 138, 238, 23, 1, 64]"
110136,"[38, 73, 12, 58, 147, 24, 72, 26, 23, 82]"
110137,"[73, 13, 238, 90, 28, 42, 119, 223, 29, 48]"
110138,"[91, 6, 72, 82, 26, 73, 18, 12, 17, 58]"
110139,"[223, 13, 238, 90, 28, 119, 261, 146, 48, 77]"
110140,"[43, 13, 90, 238, 28, 2, 119, 223, 84, 32]"
110141,"[84, 220, 187, 13, 54, 90, 238, 28, 119, 223]"
110142,"[90, 13, 238, 28, 18, 21, 119, 223, 1, 23]"
110143,"[238, 90, 26, 28, 13, 19, 4, 138, 223, 7]"
110144,"[72, 82, 138, 73, 238, 49, 1, 146, 64, 23]"
110145,"[55, 238, 13, 90, 28, 157, 223, 119, 77, 54]"
110146,"[19, 147, 279, 23, 238, 138, 60, 142, 90, 146]"
110147,"[9, 1, 72, 2, 279, 23, 82, 15, 124, 6]"
110148,"[19, 18, 238, 90, 13, 28, 66, 119, 223, 15]"
110149,"[54, 157, 2, 279, 84, 105, 29, 3, 71, 220]"
110150,"[73, 147, 26, 220, 187, 42, 72, 17, 91, 261]"
110151,"[133, 238, 13, 189, 90, 28, 223, 119, 146, 48]"
110152,"[54, 73, 6, 25, 279, 261, 45, 138, 238, 12]"
110153,"[77, 138, 238, 54, 15, 72, 64, 7, 146, 90]"
110154,"[157, 77, 21, 25, 220, 223, 151, 238, 90, 13]"
110155,"[19, 238, 90, 28, 13, 138, 223, 146, 119, 45]"
110156,"[238, 13, 90, 28, 14, 223, 119, 146, 58, 23]"
110157,"[124, 0, 41, 97, 25, 51, 48, 261, 151, 77]"
110158,"[220, 187, 13, 90, 238, 28, 119, 223, 121, 34]"
110159,"[119, 13, 90, 238, 28, 223, 44, 34, 48, 84]"
110160,"[157, 147, 261, 36, 14, 238, 223, 23, 90, 28]"
110161,"[121, 13, 90, 238, 28, 119, 34, 223, 48, 84]"
110162,"[71, 27, 13, 2, 90, 279, 28, 238, 119, 223]"
110163,"[55, 238, 122, 60, 32, 90, 13, 28, 23, 223]"
110164,"[13, 90, 238, 28, 119, 17, 223, 42, 48, 91]"
110165,"[14, 23, 1, 261, 60, 279, 24, 238, 138, 32]"
110166,"[15, 72, 82, 6, 73, 138, 26, 238, 18, 92]"
110167,"[261, 13, 90, 238, 28, 119, 103, 223, 45, 27]"
110168,"[157, 238, 223, 90, 13, 149, 28, 220, 119, 146]"
110169,"[90, 238, 13, 28, 119, 223, 66, 157, 60, 146]"
110170,"[97, 147, 6, 0, 151, 18, 238, 138, 27, 72]"
110171,"[130, 91, 138, 29, 73, 3, 238, 17, 146, 64]"
110172,"[25, 6, 157, 27, 20, 261, 45, 279, 51, 112]"
110173,"[73, 26, 91, 261, 12, 17, 58, 18, 72, 6]"
110174,"[76, 157, 13, 90, 238, 28, 27, 119, 223, 103]"
110175,"[71, 27, 6, 124, 279, 13, 90, 28, 238, 119]"
110176,"[1, 23, 72, 82, 27, 15, 77, 71, 238, 138]"
110177,"[1, 23, 54, 72, 138, 7, 84, 238, 5, 34]"
110178,"[27, 41, 82, 72, 54, 279, 6, 77, 13, 51]"
110179,"[82, 72, 138, 238, 105, 77, 64, 15, 146, 92]"
110180,"[4, 238, 13, 90, 28, 119, 223, 146, 54, 48]"
110181,"[51, 9, 15, 71, 5, 2, 27, 279, 64, 34]"
110182,"[18, 72, 82, 1, 23, 138, 15, 189, 175, 238]"
110183,"[175, 238, 90, 13, 28, 223, 119, 60, 138, 146]"
110184,"[49, 138, 105, 238, 72, 189, 19, 73, 146, 64]"
110185,"[73, 133, 12, 38, 24, 238, 58, 13, 90, 28]"
110186,"[157, 21, 36, 223, 20, 23, 279, 9, 29, 1]"
110187,"[151, 27, 238, 138, 105, 72, 0, 90, 23, 1]"
110188,"[51, 27, 73, 9, 25, 279, 54, 0, 13, 29]"
110189,"[112, 13, 90, 45, 238, 28, 119, 261, 223, 76]"
110190,"[17, 13, 90, 238, 28, 119, 223, 48, 76, 103]"
110191,"[25, 71, 13, 238, 90, 28, 73, 119, 223, 84]"
110192,"[12, 13, 90, 238, 28, 119, 73, 220, 187, 223]"
110193,"[7, 147, 238, 44, 90, 13, 28, 223, 119, 138]"
110194,"[48, 261, 157, 13, 147, 14, 90, 238, 28, 119]"
110195,"[27, 124, 9, 77, 2, 279, 105, 71, 157, 51]"
110196,"[27, 279, 21, 45, 20, 112, 142, 51, 261, 189]"
110197,"[4, 238, 13, 90, 28, 223, 119, 36, 146, 73]"
110198,"[24, 23, 238, 138, 279, 147, 26, 90, 146, 28]"
110199,"[66, 21, 23, 238, 279, 1, 90, 13, 28, 20]"
110200,"[32, 21, 189, 13, 261, 90, 238, 28, 2, 112]"
110201,"[220, 187, 13, 23, 90, 238, 28, 60, 119, 223]"
110202,"[73, 92, 26, 12, 72, 91, 138, 133, 15, 238]"
110203,"[34, 13, 90, 238, 28, 119, 223, 58, 48, 103]"
110204,"[38, 238, 90, 13, 28, 32, 138, 223, 119, 146]"
110205,"[4, 238, 36, 90, 13, 28, 223, 138, 119, 146]"
110206,"[238, 90, 13, 28, 157, 223, 23, 1, 119, 21]"
110207,"[97, 157, 138, 147, 77, 238, 27, 105, 9, 146]"
110208,"[25, 73, 2, 71, 54, 32, 238, 90, 84, 13]"
110209,"[66, 18, 72, 238, 13, 90, 28, 223, 119, 149]"
110210,"[19, 72, 238, 18, 82, 90, 13, 28, 149, 223]"
110211,"[6, 73, 71, 13, 58, 90, 238, 28, 119, 25]"
110212,"[0, 138, 27, 238, 157, 9, 105, 146, 147, 151]"
110213,"[32, 13, 90, 238, 28, 119, 223, 18, 72, 15]"
110214,"[45, 13, 90, 238, 28, 58, 119, 223, 48, 76]"
110215,"[66, 72, 82, 15, 19, 238, 189, 90, 13, 28]"
110216,"[6, 72, 261, 27, 12, 82, 279, 32, 2, 58]"
110217,"[73, 138, 15, 97, 26, 189, 238, 72, 151, 0]"
110218,"[14, 21, 238, 23, 90, 13, 28, 223, 147, 119]"
110219,"[1, 23, 138, 72, 73, 238, 26, 146, 64, 55]"
110220,"[26, 72, 82, 73, 6, 12, 15, 138, 91, 238]"
110221,"[17, 73, 91, 38, 133, 29, 13, 90, 238, 28]"
110222,"[220, 187, 23, 1, 13, 90, 238, 28, 119, 54]"
110223,"[279, 13, 90, 220, 187, 238, 28, 23, 119, 223]"
110224,"[76, 13, 90, 238, 28, 119, 223, 48, 261, 20]"
110225,"[77, 73, 189, 97, 27, 138, 238, 175, 151, 0]"
110226,"[13, 90, 238, 28, 119, 223, 27, 48, 54, 103]"
110227,"[72, 82, 18, 73, 138, 15, 26, 238, 64, 91]"
110228,"[17, 72, 54, 82, 71, 149, 157, 15, 13, 19]"
110229,"[3, 15, 124, 29, 130, 9, 17, 28, 238, 13]"
110230,"[27, 279, 45, 220, 187, 124, 6, 82, 72, 142]"
110231,"[84, 13, 90, 238, 28, 119, 223, 48, 32, 103]"
110232,"[84, 1, 13, 23, 54, 90, 238, 28, 187, 220]"
110233,"[12, 220, 187, 13, 90, 238, 28, 119, 48, 223]"
110234,"[91, 30, 73, 130, 3, 124, 105, 29, 175, 238]"
110235,"[24, 54, 28, 13, 90, 23, 238, 119, 2, 223]"
110236,"[84, 220, 187, 13, 90, 54, 238, 28, 119, 223]"
110237,"[82, 72, 73, 138, 15, 26, 92, 38, 238, 12]"
110238,"[51, 27, 261, 25, 45, 279, 41, 151, 14, 97]"
110239,"[34, 1, 13, 23, 187, 220, 90, 28, 238, 119]"
110240,"[220, 187, 13, 90, 238, 28, 119, 58, 223, 45]"
110241,"[36, 238, 90, 13, 28, 223, 138, 119, 157, 146]"
110242,"[29, 54, 157, 13, 90, 28, 238, 84, 82, 72]"
110243,"[13, 90, 238, 28, 119, 223, 32, 48, 34, 84]"
110244,"[55, 238, 60, 90, 28, 13, 138, 223, 119, 146]"
110245,"[97, 138, 72, 1, 238, 23, 82, 18, 146, 64]"
110246,"[73, 18, 58, 26, 71, 15, 27, 72, 17, 64]"
110247,"[29, 13, 90, 238, 28, 119, 223, 48, 103, 146]"
110248,"[17, 13, 90, 238, 28, 119, 34, 223, 84, 103]"
110249,"[149, 157, 238, 13, 90, 28, 223, 119, 21, 146]"
110250,"[72, 82, 138, 238, 23, 1, 26, 64, 18, 49]"
110251,"[121, 23, 1, 13, 34, 54, 90, 238, 28, 119]"
110252,"[64, 138, 238, 72, 146, 92, 105, 97, 151, 55]"
110253,"[3, 84, 34, 103, 21, 112, 4, 187, 279, 138]"
110254,"[189, 238, 138, 90, 146, 28, 14, 60, 13, 142]"
110255,"[4, 23, 1, 238, 60, 13, 90, 142, 28, 49]"
110256,"[261, 13, 90, 238, 28, 119, 223, 48, 6, 103]"
110257,"[7, 238, 13, 90, 28, 175, 119, 223, 146, 48]"
110258,"[38, 30, 238, 14, 90, 13, 28, 223, 119, 45]"
110259,"[103, 13, 90, 238, 28, 119, 223, 27, 48, 44]"
110260,"[13, 279, 17, 90, 238, 28, 119, 73, 223, 42]"
110261,"[19, 189, 72, 73, 15, 82, 157, 238, 122, 66]"
110262,"[20, 13, 90, 238, 28, 58, 119, 223, 103, 48]"
110263,"[76, 12, 13, 90, 238, 28, 119, 223, 58, 121]"
110264,"[27, 130, 73, 72, 82, 91, 18, 279, 3, 13]"
110265,"[14, 23, 261, 147, 1, 60, 279, 138, 20, 238]"
110266,"[84, 13, 90, 238, 28, 119, 27, 223, 48, 103]"
110267,"[26, 72, 138, 18, 73, 92, 58, 64, 238, 151]"
110268,"[26, 72, 138, 49, 73, 30, 238, 97, 151, 92]"
110269,"[6, 27, 71, 279, 13, 5, 90, 28, 238, 119]"
110270,"[13, 27, 90, 238, 28, 119, 223, 48, 279, 103]"
110271,"[92, 1, 138, 23, 77, 238, 72, 64, 146, 105]"
110272,"[54, 220, 187, 279, 12, 14, 23, 43, 133, 121]"
110273,"[157, 223, 238, 13, 90, 220, 28, 119, 55, 18]"
110274,"[4, 54, 7, 13, 90, 28, 238, 220, 187, 119]"
110275,"[157, 21, 238, 13, 90, 28, 223, 119, 20, 18]"
110276,"[103, 13, 90, 238, 28, 73, 119, 223, 147, 48]"
110277,"[92, 138, 72, 238, 77, 82, 97, 105, 15, 146]"
110278,"[24, 23, 147, 60, 49, 220, 187, 30, 138, 43]"
110279,"[60, 23, 157, 238, 138, 90, 28, 13, 223, 146]"
110280,"[112, 21, 13, 54, 189, 90, 238, 28, 119, 223]"
110281,"[44, 13, 90, 238, 28, 119, 223, 112, 103, 84]"
110282,"[130, 73, 279, 27, 91, 2, 3, 29, 138, 23]"
110283,"[189, 238, 23, 1, 21, 90, 28, 138, 72, 13]"
110284,"[17, 73, 13, 238, 279, 90, 28, 119, 223, 23]"
110285,"[157, 13, 90, 238, 21, 28, 223, 119, 27, 48]"
110286,"[220, 187, 13, 90, 238, 28, 119, 223, 43, 121]"
110287,"[149, 238, 90, 13, 28, 223, 119, 146, 138, 48]"
110288,"[261, 147, 13, 48, 90, 238, 28, 14, 119, 223]"
110289,"[157, 105, 9, 15, 138, 189, 77, 175, 238, 51]"
110290,"[112, 13, 90, 45, 238, 28, 119, 223, 48, 76]"
110291,"[119, 13, 90, 238, 28, 223, 34, 84, 48, 103]"
110292,"[6, 220, 187, 27, 49, 45, 124, 0, 41, 76]"
110293,"[220, 187, 13, 90, 238, 28, 119, 27, 223, 48]"
110294,"[223, 238, 13, 90, 28, 189, 119, 146, 48, 103]"
110295,"[25, 6, 73, 49, 24, 220, 187, 91, 130, 23]"
110296,"[28, 13, 238, 90, 119, 223, 146, 149, 48, 103]"
110297,"[220, 187, 27, 13, 90, 238, 28, 119, 223, 279]"
110298,"[26, 73, 72, 30, 49, 138, 151, 238, 0, 24]"
110299,"[20, 13, 90, 238, 28, 119, 223, 34, 44, 84]"
110300,"[38, 238, 90, 13, 175, 28, 223, 30, 119, 146]"
110301,"[72, 82, 18, 138, 15, 64, 66, 238, 32, 149]"
110302,"[49, 138, 157, 23, 1, 238, 72, 64, 7, 146]"
110303,"[97, 138, 1, 72, 238, 23, 82, 146, 90, 55]"
110304,"[6, 73, 71, 41, 58, 26, 25, 30, 13, 90]"
110305,"[38, 14, 133, 30, 45, 23, 138, 238, 60, 91]"
110306,"[112, 13, 90, 261, 238, 28, 119, 45, 223, 48]"
110307,"[157, 21, 220, 223, 189, 175, 14, 147, 77, 17]"
110308,"[66, 238, 13, 90, 28, 119, 58, 223, 18, 146]"
110309,"[25, 6, 2, 13, 71, 238, 90, 28, 119, 223]"
110310,"[25, 6, 157, 27, 29, 51, 124, 279, 97, 20]"
110311,"[26, 72, 73, 138, 49, 30, 238, 151, 91, 97]"
110312,"[60, 23, 157, 238, 189, 151, 90, 138, 28, 13]"
110313,"[9, 6, 279, 2, 238, 13, 90, 28, 1, 23]"
110314,"[19, 26, 238, 72, 90, 13, 28, 38, 119, 223]"
110315,"[27, 279, 261, 26, 220, 187, 142, 12, 2, 25]"
110316,"[238, 146, 90, 28, 13, 138, 223, 119, 157, 55]"
110317,"[112, 13, 90, 238, 28, 119, 223, 34, 54, 84]"
110318,"[1, 23, 138, 72, 238, 92, 18, 146, 64, 30]"
110319,"[21, 157, 187, 238, 223, 279, 90, 13, 28, 20]"
110320,"[38, 147, 60, 23, 24, 12, 97, 138, 14, 261]"
110321,"[220, 187, 261, 13, 90, 238, 28, 73, 23, 119]"
110322,"[66, 21, 60, 238, 23, 279, 90, 261, 138, 28]"
110323,"[5, 54, 34, 2, 1, 49, 23, 30, 27, 72]"
110324,"[66, 58, 26, 238, 13, 90, 28, 119, 223, 72]"
110325,"[2, 49, 130, 1, 5, 54, 23, 73, 30, 34]"
110326,"[48, 13, 90, 238, 28, 119, 73, 223, 121, 43]"
110327,"[38, 15, 238, 90, 13, 28, 17, 55, 223, 119]"
110328,"[119, 13, 90, 238, 28, 27, 223, 73, 48, 103]"
110329,"[279, 23, 138, 238, 60, 14, 72, 146, 90, 28]"
110330,"[34, 13, 90, 238, 28, 119, 187, 223, 220, 121]"
110331,"[15, 18, 72, 157, 82, 138, 71, 149, 64, 9]"
110332,"[122, 238, 13, 90, 28, 119, 223, 58, 146, 12]"
110333,"[7, 23, 1, 60, 4, 157, 142, 36, 238, 84]"
110334,"[30, 23, 1, 60, 49, 138, 24, 220, 187, 238]"
110335,"[71, 27, 279, 2, 20, 34, 5, 32, 13, 84]"
110336,"[44, 13, 238, 90, 28, 119, 223, 48, 187, 220]"
110337,"[77, 72, 82, 138, 238, 15, 97, 30, 49, 146]"
110338,"[51, 73, 9, 2, 5, 64, 91, 71, 279, 3]"
110339,"[21, 187, 157, 223, 238, 90, 13, 279, 28, 119]"
110340,"[27, 6, 2, 279, 9, 71, 151, 13, 18, 90]"
110341,"[14, 157, 23, 147, 138, 238, 21, 77, 146, 223]"
110342,"[34, 58, 13, 90, 238, 28, 119, 223, 48, 32]"
110343,"[73, 6, 26, 42, 147, 58, 13, 91, 17, 48]"
110344,"[151, 27, 77, 72, 138, 82, 238, 21, 105, 147]"
110345,"[103, 27, 13, 90, 238, 28, 119, 157, 9, 223]"
110346,"[45, 13, 90, 238, 28, 119, 223, 32, 48, 103]"
110347,"[82, 72, 138, 1, 23, 238, 30, 151, 105, 261]"
110348,"[51, 2, 32, 71, 34, 238, 54, 5, 279, 138]"
110349,"[26, 72, 138, 238, 146, 64, 92, 105, 97, 151]"
110350,"[146, 238, 90, 28, 13, 138, 223, 119, 4, 147]"
110351,"[84, 13, 90, 238, 28, 27, 119, 223, 32, 48]"
110352,"[60, 238, 157, 23, 90, 13, 28, 223, 119, 138]"
110353,"[12, 220, 187, 13, 90, 238, 28, 119, 223, 48]"
110354,"[17, 58, 13, 73, 90, 238, 28, 119, 223, 32]"
110355,"[48, 13, 90, 238, 28, 119, 223, 54, 103, 146]"
110356,"[1, 23, 72, 18, 54, 82, 30, 238, 4, 90]"
110357,"[19, 157, 238, 90, 149, 72, 138, 28, 13, 66]"
110358,"[92, 72, 6, 82, 26, 18, 147, 58, 238, 138]"
110359,"[18, 72, 82, 1, 23, 15, 138, 91, 64, 36]"
110360,"[220, 187, 13, 54, 90, 238, 28, 119, 30, 223]"
110361,"[119, 13, 90, 238, 28, 34, 223, 58, 44, 84]"
110362,"[13, 90, 238, 28, 119, 223, 6, 48, 103, 146]"
110363,"[20, 13, 90, 238, 28, 119, 223, 48, 54, 103]"
110364,"[58, 12, 13, 90, 238, 28, 119, 223, 44, 32]"
110365,"[157, 238, 149, 223, 90, 220, 28, 13, 138, 119]"
110366,"[147, 238, 90, 13, 28, 223, 157, 119, 146, 48]"
110367,"[45, 13, 90, 238, 28, 119, 223, 279, 20, 103]"
110368,"[105, 1, 157, 72, 23, 138, 238, 82, 2, 64]"
110369,"[147, 26, 23, 220, 187, 238, 138, 38, 24, 223]"
110370,"[34, 13, 54, 90, 238, 28, 119, 223, 187, 220]"
110371,"[73, 3, 91, 6, 15, 30, 92, 66, 64, 72]"
110372,"[55, 238, 90, 13, 28, 18, 58, 26, 223, 119]"
110373,"[72, 82, 138, 238, 49, 1, 23, 0, 64, 26]"
110374,"[26, 72, 6, 147, 82, 49, 138, 92, 38, 238]"
110375,"[103, 157, 21, 13, 279, 261, 90, 238, 28, 119]"
110376,"[149, 238, 26, 90, 13, 28, 18, 223, 119, 146]"
110377,"[27, 279, 157, 9, 51, 142, 18, 21, 105, 1]"
110378,"[58, 32, 13, 90, 238, 28, 119, 223, 6, 60]"
110379,"[72, 82, 73, 15, 138, 6, 18, 26, 64, 238]"
110380,"[147, 238, 223, 77, 13, 189, 90, 28, 23, 119]"
110381,"[71, 72, 82, 6, 15, 9, 54, 27, 122, 44]"
110382,"[27, 103, 13, 90, 238, 28, 119, 223, 45, 48]"
110383,"[72, 82, 18, 15, 138, 26, 64, 238, 71, 149]"
110384,"[7, 1, 23, 44, 21, 4, 13, 90, 28, 238]"
110385,"[36, 238, 13, 90, 28, 223, 119, 18, 157, 4]"
110386,"[12, 13, 90, 238, 28, 119, 223, 48, 27, 54]"
110387,"[1, 23, 72, 138, 238, 15, 27, 82, 146, 64]"
110388,"[220, 187, 54, 23, 13, 1, 90, 238, 28, 119]"
110389,"[24, 23, 238, 138, 147, 90, 28, 223, 13, 146]"
110390,"[55, 238, 147, 90, 28, 13, 223, 138, 119, 146]"
110391,"[20, 13, 90, 238, 28, 119, 54, 223, 147, 27]"
110392,"[6, 72, 58, 12, 82, 26, 15, 30, 13, 92]"
110393,"[119, 13, 90, 28, 238, 223, 32, 84, 48, 103]"
110394,"[48, 13, 90, 238, 28, 58, 119, 223, 45, 121]"
110395,"[105, 138, 157, 97, 238, 0, 77, 151, 72, 146]"
110396,"[157, 261, 14, 23, 279, 220, 60, 223, 138, 36]"
110397,"[41, 9, 27, 0, 54, 77, 279, 29, 105, 261]"
110398,"[32, 13, 90, 238, 28, 44, 119, 58, 223, 149]"
110399,"[220, 187, 54, 13, 90, 28, 238, 119, 23, 34]"
110400,"[220, 187, 27, 13, 90, 238, 28, 119, 223, 279]"
110401,"[121, 13, 58, 90, 238, 28, 261, 119, 48, 223]"
110402,"[25, 27, 279, 2, 30, 71, 26, 12, 51, 220]"
110403,"[92, 238, 138, 0, 90, 146, 28, 223, 73, 151]"
110404,"[105, 73, 138, 238, 2, 146, 64, 90, 72, 151]"
110405,"[32, 13, 90, 28, 238, 119, 223, 9, 103, 157]"
110406,"[41, 6, 58, 27, 30, 38, 187, 220, 238, 49]"
110407,"[14, 23, 1, 157, 238, 279, 261, 20, 90, 147]"
110408,"[64, 138, 238, 0, 151, 72, 146, 92, 49, 105]"
110409,"[220, 187, 13, 90, 238, 28, 119, 223, 84, 34]"
110410,"[121, 13, 90, 238, 28, 261, 119, 223, 48, 58]"
110411,"[122, 238, 147, 60, 90, 138, 28, 13, 146, 223]"
110412,"[44, 6, 13, 90, 238, 28, 119, 12, 223, 48]"
110413,"[97, 147, 41, 138, 0, 189, 77, 72, 238, 151]"
110414,"[151, 27, 9, 138, 105, 238, 90, 146, 28, 223]"
110415,"[147, 238, 27, 13, 90, 223, 28, 157, 23, 119]"
110416,"[64, 73, 138, 238, 30, 151, 72, 105, 97, 146]"
110417,"[261, 13, 90, 238, 28, 119, 103, 223, 157, 48]"
110418,"[4, 1, 23, 54, 13, 90, 28, 238, 2, 119]"
110419,"[45, 220, 187, 26, 13, 90, 238, 28, 73, 119]"
110420,"[23, 279, 1, 24, 60, 238, 13, 90, 28, 142]"
110421,"[3, 1, 23, 29, 72, 82, 2, 17, 105, 279]"
110422,"[73, 1, 23, 5, 279, 20, 189, 2, 72, 0]"
110423,"[18, 72, 82, 15, 26, 1, 23, 138, 64, 73]"
110424,"[30, 73, 38, 26, 138, 97, 261, 238, 72, 91]"
110425,"[60, 23, 147, 238, 157, 138, 14, 146, 90, 0]"
110426,"[7, 238, 138, 90, 28, 146, 13, 223, 45, 119]"
110427,"[175, 147, 157, 138, 238, 189, 223, 0, 26, 90]"
110428,"[17, 13, 90, 238, 28, 18, 119, 15, 223, 149]"
110429,"[189, 238, 13, 90, 28, 223, 119, 1, 23, 66]"
110430,"[44, 13, 90, 58, 238, 28, 119, 223, 73, 26]"
110431,"[130, 1, 23, 54, 34, 5, 13, 90, 28, 49]"
110432,"[119, 13, 90, 238, 28, 223, 34, 32, 44, 48]"
110433,"[119, 13, 90, 238, 28, 223, 45, 76, 261, 48]"
110434,"[151, 72, 82, 138, 238, 105, 146, 90, 28, 15]"
110435,"[103, 13, 90, 238, 28, 119, 223, 84, 54, 48]"
110436,"[58, 73, 13, 90, 238, 28, 119, 26, 223, 6]"
110437,"[133, 238, 90, 28, 13, 138, 223, 119, 146, 175]"
110438,"[36, 238, 90, 13, 28, 279, 223, 149, 119, 133]"
110439,"[261, 13, 90, 238, 28, 119, 223, 48, 20, 279]"
110440,"[175, 238, 13, 90, 28, 2, 223, 119, 279, 23]"
110441,"[44, 13, 90, 238, 28, 32, 119, 223, 261, 48]"
110442,"[149, 157, 238, 21, 23, 1, 90, 13, 28, 72]"
110443,"[279, 27, 23, 20, 13, 261, 1, 90, 238, 28]"
110444,"[29, 27, 157, 13, 90, 119, 238, 28, 223, 36]"
110445,"[279, 23, 147, 261, 45, 73, 13, 48, 103, 90]"
110446,"[15, 72, 138, 73, 30, 238, 105, 142, 151, 146]"
110447,"[279, 27, 21, 23, 112, 13, 103, 90, 44, 119]"
110448,"[26, 72, 73, 82, 12, 6, 23, 1, 92, 38]"
110449,"[32, 187, 220, 44, 13, 90, 12, 238, 28, 119]"
110450,"[14, 21, 23, 147, 238, 90, 13, 28, 223, 119]"
110451,"[142, 27, 238, 13, 90, 28, 119, 223, 23, 279]"
110452,"[27, 279, 142, 15, 51, 12, 72, 44, 112, 2]"
110453,"[60, 23, 147, 12, 14, 73, 38, 97, 138, 238]"
110454,"[261, 13, 90, 238, 28, 119, 223, 48, 103, 43]"
110455,"[122, 238, 90, 28, 13, 189, 138, 223, 146, 119]"
110456,"[36, 238, 90, 13, 28, 223, 55, 149, 119, 66]"
110457,"[25, 58, 27, 187, 220, 6, 12, 26, 30, 45]"
110458,"[133, 157, 238, 138, 90, 28, 146, 223, 147, 13]"
110459,"[122, 238, 58, 13, 90, 28, 12, 119, 223, 146]"
110460,"[14, 23, 157, 238, 77, 90, 147, 13, 28, 223]"
110461,"[71, 72, 82, 15, 18, 54, 6, 58, 13, 27]"
110462,"[91, 261, 23, 1, 279, 0, 97, 49, 14, 60]"
110463,"[121, 220, 187, 13, 90, 73, 238, 28, 119, 49]"
110464,"[19, 238, 90, 13, 28, 119, 223, 138, 146, 189]"
110465,"[142, 238, 13, 90, 28, 119, 223, 23, 146, 48]"
110466,"[138, 23, 1, 49, 238, 91, 30, 60, 84, 105]"
110467,"[54, 27, 279, 32, 19, 220, 3, 51, 23, 103]"
110468,"[26, 73, 147, 42, 58, 175, 72, 151, 45, 12]"
110469,"[12, 13, 261, 90, 238, 28, 220, 187, 119, 223]"
110470,"[112, 13, 90, 238, 28, 119, 223, 48, 73, 103]"
110471,"[21, 187, 238, 90, 13, 223, 28, 119, 146, 58]"
110472,"[25, 27, 9, 279, 261, 20, 2, 51, 36, 23]"
110473,"[238, 223, 90, 13, 28, 119, 146, 138, 279, 133]"
110474,"[38, 23, 32, 279, 238, 138, 90, 55, 1, 28]"
110475,"[1, 23, 138, 49, 54, 30, 238, 157, 72, 146]"
110476,"[149, 238, 13, 90, 28, 58, 119, 223, 73, 72]"
110477,"[147, 157, 23, 238, 97, 21, 138, 189, 223, 29]"
110478,"[1, 23, 220, 138, 187, 72, 54, 7, 49, 30]"
110479,"[147, 157, 23, 138, 97, 238, 223, 36, 20, 55]"
110480,"[25, 6, 27, 261, 279, 147, 13, 90, 238, 48]"
110481,"[2, 6, 12, 25, 72, 82, 41, 187, 220, 261]"
110482,"[32, 13, 90, 238, 28, 119, 223, 2, 48, 58]"
110483,"[7, 157, 238, 13, 90, 28, 223, 119, 36, 32]"
110484,"[157, 13, 238, 90, 28, 223, 119, 58, 146, 48]"
110485,"[30, 1, 23, 54, 138, 238, 49, 72, 2, 60]"
110486,"[157, 238, 223, 90, 13, 28, 119, 149, 146, 138]"
110487,"[51, 27, 261, 20, 220, 187, 25, 45, 279, 41]"
110488,"[44, 13, 90, 238, 28, 119, 187, 220, 223, 20]"
110489,"[133, 238, 138, 90, 28, 157, 147, 13, 223, 146]"
110490,"[238, 90, 13, 28, 21, 189, 223, 119, 157, 14]"
110491,"[32, 21, 13, 90, 238, 28, 261, 119, 2, 223]"
110492,"[51, 261, 20, 45, 9, 279, 36, 27, 26, 25]"
110493,"[44, 6, 13, 12, 90, 238, 28, 119, 223, 32]"
110494,"[138, 72, 26, 77, 147, 82, 238, 18, 92, 0]"
110495,"[175, 13, 90, 28, 18, 238, 119, 223, 54, 72]"
110496,"[72, 73, 82, 3, 18, 58, 15, 71, 17, 26]"
110497,"[14, 23, 1, 238, 138, 279, 90, 28, 32, 13]"
110498,"[23, 1, 60, 238, 90, 13, 28, 54, 223, 119]"
110499,"[2, 54, 49, 34, 187, 220, 130, 5, 13, 72]"
110500,"[27, 279, 187, 220, 142, 34, 84, 44, 19, 5]"
110501,"[25, 73, 2, 71, 9, 130, 238, 5, 138, 3]"
110502,"[7, 238, 90, 138, 28, 13, 223, 146, 142, 14]"
110503,"[119, 13, 90, 238, 28, 21, 223, 27, 45, 112]"
110504,"[14, 23, 58, 1, 238, 261, 90, 13, 28, 223]"
110505,"[55, 238, 13, 90, 28, 119, 223, 146, 23, 48]"
110506,"[55, 238, 157, 21, 90, 28, 13, 138, 223, 147]"
110507,"[12, 220, 187, 13, 90, 238, 28, 119, 223, 45]"
110508,"[24, 28, 238, 13, 90, 30, 119, 223, 146, 48]"
110509,"[142, 238, 13, 90, 28, 23, 49, 27, 223, 119]"
110510,"[29, 60, 279, 261, 32, 23, 13, 90, 238, 28]"
110511,"[26, 72, 58, 138, 238, 18, 73, 6, 146, 15]"
110512,"[0, 27, 189, 138, 97, 151, 238, 279, 175, 73]"
110513,"[14, 23, 73, 238, 138, 12, 142, 90, 146, 24]"
110514,"[130, 1, 23, 73, 49, 30, 91, 26, 60, 24]"
110515,"[149, 238, 72, 13, 90, 32, 28, 119, 19, 58]"
110516,"[220, 187, 13, 90, 28, 238, 119, 223, 48, 142]"
110517,"[189, 157, 238, 13, 90, 28, 223, 32, 119, 21]"
110518,"[54, 279, 34, 43, 49, 84, 30, 13, 5, 90]"
110519,"[92, 72, 138, 26, 238, 64, 82, 261, 18, 147]"
110520,"[26, 72, 138, 1, 238, 23, 73, 146, 64, 105]"
110521,"[151, 138, 238, 15, 146, 72, 64, 92, 105, 90]"
110522,"[9, 279, 54, 71, 34, 84, 44, 103, 13, 28]"
110523,"[157, 55, 238, 90, 13, 28, 223, 119, 149, 105]"
110524,"[92, 49, 73, 97, 142, 0, 12, 138, 151, 72]"
110525,"[1, 23, 72, 138, 82, 54, 30, 77, 7, 238]"
110526,"[112, 13, 90, 238, 28, 119, 223, 58, 48, 103]"
110527,"[73, 17, 91, 55, 38, 19, 122, 13, 3, 133]"
110528,"[14, 23, 238, 90, 13, 28, 223, 119, 138, 146]"
110529,"[18, 72, 157, 82, 27, 71, 15, 138, 64, 149]"
110530,"[1, 64, 23, 138, 72, 238, 157, 2, 279, 20]"
110531,"[41, 73, 6, 58, 261, 27, 2, 49, 72, 82]"
110532,"[189, 21, 238, 90, 13, 28, 223, 34, 32, 119]"
110533,"[55, 73, 238, 12, 138, 133, 90, 38, 28, 13]"
110534,"[1, 23, 72, 27, 82, 138, 238, 77, 15, 105]"
110535,"[1, 23, 54, 72, 138, 238, 146, 64, 30, 49]"
110536,"[14, 238, 23, 13, 90, 28, 119, 223, 27, 157]"
110537,"[36, 238, 149, 90, 13, 28, 223, 23, 66, 1]"
110538,"[82, 72, 49, 138, 238, 77, 0, 92, 105, 64]"
110539,"[36, 72, 238, 82, 18, 13, 90, 28, 223, 119]"
110540,"[38, 238, 90, 13, 28, 149, 133, 45, 223, 119]"
110541,"[77, 15, 138, 72, 238, 1, 23, 146, 64, 92]"
110542,"[9, 73, 279, 157, 45, 151, 103, 42, 97, 147]"
110543,"[45, 13, 90, 238, 28, 119, 223, 34, 48, 44]"
110544,"[151, 72, 15, 73, 189, 138, 82, 49, 238, 30]"
110545,"[20, 13, 90, 238, 28, 12, 119, 223, 187, 220]"
110546,"[23, 60, 220, 187, 58, 24, 142, 1, 49, 147]"
110547,"[20, 13, 90, 238, 28, 119, 223, 48, 261, 27]"
110548,"[112, 13, 90, 238, 28, 119, 223, 48, 45, 76]"
110549,"[13, 90, 238, 28, 119, 223, 220, 187, 54, 48]"
110550,"[19, 18, 157, 238, 13, 90, 28, 72, 223, 32]"
110551,"[130, 261, 73, 91, 0, 6, 151, 97, 41, 14]"
110552,"[4, 13, 90, 36, 238, 28, 223, 119, 72, 82]"
110553,"[77, 138, 27, 157, 238, 1, 72, 15, 71, 2]"
110554,"[147, 157, 238, 21, 14, 261, 90, 138, 28, 223]"
110555,"[45, 13, 90, 238, 28, 119, 223, 103, 48, 279]"
110556,"[151, 26, 138, 49, 72, 238, 30, 58, 64, 92]"
110557,"[24, 23, 238, 90, 29, 28, 13, 138, 4, 189]"
110558,"[19, 18, 72, 238, 149, 82, 13, 90, 28, 15]"
110559,"[157, 238, 147, 90, 28, 14, 13, 138, 223, 21]"
110560,"[73, 138, 77, 72, 261, 238, 82, 14, 175, 97]"
110561,"[82, 72, 26, 138, 6, 18, 147, 238, 92, 64]"
110562,"[20, 13, 90, 238, 28, 119, 9, 279, 223, 23]"
110563,"[1, 23, 72, 18, 15, 138, 105, 238, 82, 26]"
110564,"[175, 72, 82, 238, 4, 13, 90, 28, 223, 119]"
110565,"[5, 2, 49, 30, 23, 1, 24, 142, 130, 43]"
110566,"[17, 58, 73, 12, 13, 90, 238, 28, 119, 223]"
110567,"[38, 147, 60, 238, 26, 23, 138, 220, 187, 90]"
110568,"[45, 13, 90, 238, 28, 119, 223, 103, 48, 279]"
110569,"[112, 27, 13, 90, 238, 28, 119, 157, 223, 279]"
110570,"[44, 13, 238, 90, 28, 6, 119, 223, 48, 146]"
110571,"[220, 187, 13, 90, 58, 238, 28, 119, 223, 12]"
110572,"[43, 73, 13, 90, 238, 28, 119, 223, 147, 48]"
110573,"[71, 27, 9, 2, 279, 77, 15, 54, 5, 20]"
110574,"[27, 279, 261, 142, 25, 41, 1, 48, 14, 151]"
110575,"[7, 220, 187, 23, 49, 4, 238, 60, 24, 138]"
110576,"[124, 73, 6, 2, 91, 25, 71, 84, 130, 13]"
110577,"[19, 238, 13, 90, 28, 119, 223, 27, 105, 54]"
110578,"[73, 3, 12, 26, 58, 91, 261, 18, 6, 72]"
110579,"[7, 238, 138, 21, 14, 90, 28, 142, 38, 146]"
110580,"[7, 220, 187, 24, 44, 54, 4, 142, 30, 23]"
110581,"[238, 90, 13, 28, 223, 119, 146, 138, 133, 48]"
110582,"[3, 72, 82, 12, 73, 6, 261, 26, 91, 279]"
110583,"[15, 72, 18, 138, 238, 146, 64, 92, 105, 97]"
110584,"[76, 27, 13, 157, 90, 238, 28, 119, 223, 279]"
110585,"[15, 72, 1, 23, 138, 82, 77, 238, 189, 105]"
110586,"[66, 238, 90, 13, 28, 223, 119, 146, 138, 60]"
110587,"[0, 26, 138, 238, 72, 146, 49, 58, 64, 92]"
110588,"[27, 73, 130, 279, 9, 15, 25, 3, 51, 91]"
110589,"[30, 26, 71, 138, 72, 14, 238, 151, 92, 0]"
110590,"[4, 238, 90, 14, 13, 28, 19, 223, 138, 23]"
110591,"[147, 238, 90, 13, 58, 28, 223, 119, 23, 220]"
110592,"[149, 238, 60, 138, 90, 28, 23, 261, 279, 13]"
110593,"[175, 157, 9, 238, 13, 90, 28, 18, 21, 27]"
110594,"[105, 72, 82, 97, 138, 189, 0, 261, 151, 238]"
110595,"[55, 238, 13, 90, 28, 157, 223, 119, 146, 279]"
110596,"[20, 13, 90, 238, 28, 119, 223, 25, 14, 48]"
110597,"[157, 238, 223, 90, 13, 28, 14, 119, 189, 220]"
110598,"[27, 279, 142, 12, 51, 2, 15, 44, 5, 1]"
110599,"[6, 58, 72, 26, 82, 73, 18, 71, 12, 261]"
110600,"[17, 18, 13, 90, 15, 28, 238, 66, 29, 119]"
110601,"[13, 90, 238, 28, 119, 223, 54, 44, 112, 103]"
110602,"[147, 23, 14, 60, 138, 133, 238, 220, 12, 49]"
110603,"[157, 189, 223, 238, 13, 90, 28, 119, 220, 27]"
110604,"[21, 157, 187, 238, 223, 138, 90, 28, 13, 147]"
110605,"[19, 238, 138, 90, 28, 13, 223, 146, 147, 14]"
110606,"[133, 238, 138, 90, 28, 13, 146, 223, 119, 55]"
110607,"[54, 23, 1, 279, 220, 187, 2, 34, 60, 4]"
110608,"[157, 60, 147, 238, 138, 223, 220, 151, 23, 26]"
110609,"[58, 12, 13, 90, 238, 28, 119, 223, 48, 103]"
110610,"[25, 261, 23, 220, 187, 73, 1, 91, 6, 49]"
110611,"[112, 13, 90, 238, 28, 54, 119, 220, 187, 26]"
110612,"[9, 27, 279, 72, 82, 51, 15, 77, 157, 97]"
110613,"[54, 42, 7, 43, 1, 23, 175, 34, 84, 13]"
110614,"[54, 49, 279, 34, 121, 30, 43, 130, 220, 84]"
110615,"[12, 58, 13, 90, 238, 28, 26, 119, 223, 6]"
110616,"[32, 13, 90, 238, 28, 119, 223, 261, 2, 48]"
110617,"[64, 1, 23, 138, 238, 72, 146, 279, 92, 105]"
110618,"[3, 261, 279, 0, 23, 220, 187, 1, 41, 130]"
110619,"[20, 13, 90, 34, 238, 28, 119, 223, 44, 84]"
110620,"[112, 13, 90, 28, 238, 119, 54, 223, 48, 279]"
110621,"[36, 1, 23, 13, 90, 238, 28, 223, 119, 32]"
110622,"[55, 157, 238, 90, 28, 13, 138, 223, 146, 119]"
110623,"[54, 2, 34, 279, 1, 72, 23, 13, 82, 90]"
110624,"[14, 23, 147, 261, 157, 238, 138, 151, 90, 97]"
110625,"[4, 21, 23, 238, 279, 60, 32, 90, 13, 28]"
110626,"[112, 13, 90, 238, 28, 119, 223, 48, 103, 146]"
110627,"[175, 157, 238, 13, 90, 28, 147, 54, 223, 77]"
110628,"[92, 72, 82, 26, 138, 15, 18, 238, 64, 55]"
110629,"[122, 18, 238, 90, 13, 28, 223, 58, 138, 119]"
110630,"[97, 157, 138, 23, 1, 261, 238, 105, 279, 77]"
110631,"[124, 73, 6, 13, 90, 28, 238, 119, 71, 223]"
110632,"[146, 238, 90, 13, 28, 21, 223, 119, 138, 189]"
110633,"[142, 27, 26, 147, 23, 133, 38, 13, 90, 238]"
110634,"[20, 13, 90, 238, 28, 187, 220, 119, 223, 12]"
110635,"[189, 238, 60, 90, 23, 28, 13, 138, 14, 279]"
110636,"[5, 187, 220, 2, 23, 1, 84, 43, 142, 279]"
110637,"[71, 73, 9, 18, 149, 15, 72, 44, 30, 32]"
110638,"[122, 238, 90, 13, 28, 38, 12, 223, 55, 119]"
110639,"[32, 13, 54, 90, 238, 28, 71, 119, 15, 223]"
110640,"[25, 45, 12, 147, 187, 220, 97, 261, 76, 151]"
110641,"[238, 29, 13, 90, 28, 42, 119, 223, 91, 146]"
110642,"[24, 23, 14, 73, 38, 238, 12, 60, 138, 147]"
110643,"[27, 51, 54, 279, 9, 45, 41, 25, 13, 90]"
110644,"[58, 187, 220, 13, 90, 238, 28, 261, 119, 223]"
110645,"[66, 238, 4, 90, 13, 77, 28, 157, 223, 119]"
110646,"[14, 21, 238, 23, 90, 13, 28, 223, 138, 119]"
110647,"[21, 238, 187, 13, 90, 28, 223, 119, 146, 48]"
110648,"[41, 27, 82, 72, 6, 279, 54, 51, 13, 112]"
110649,"[48, 157, 13, 261, 90, 279, 238, 28, 119, 223]"
110650,"[38, 157, 238, 90, 28, 13, 138, 223, 146, 119]"
110651,"[41, 73, 58, 30, 91, 13, 6, 238, 90, 28]"
110652,"[122, 238, 90, 13, 58, 28, 223, 119, 146, 138]"
110653,"[30, 138, 238, 146, 64, 92, 72, 105, 97, 151]"
110654,"[130, 73, 238, 3, 90, 91, 138, 28, 13, 223]"
110655,"[189, 238, 13, 90, 28, 223, 119, 20, 175, 157]"
110656,"[55, 238, 77, 90, 13, 28, 1, 54, 23, 223]"
110657,"[14, 23, 1, 12, 261, 24, 73, 142, 58, 138]"
110658,"[27, 279, 142, 2, 6, 54, 238, 13, 90, 28]"
110659,"[51, 27, 9, 279, 13, 6, 90, 28, 151, 238]"
110660,"[36, 13, 238, 90, 28, 223, 119, 48, 146, 103]"
110661,"[157, 238, 13, 90, 223, 28, 119, 146, 220, 48]"
110662,"[24, 238, 23, 26, 90, 28, 13, 147, 223, 138]"
110663,"[73, 12, 6, 58, 26, 72, 187, 220, 92, 82]"
110664,"[55, 238, 90, 13, 28, 223, 119, 97, 146, 138]"
110665,"[32, 58, 13, 90, 238, 28, 119, 223, 12, 6]"
110666,"[13, 238, 90, 28, 119, 223, 58, 48, 146, 103]"
110667,"[112, 13, 90, 238, 28, 119, 223, 34, 32, 44]"
110668,"[44, 13, 90, 28, 238, 119, 223, 48, 2, 103]"
110669,"[105, 72, 238, 138, 82, 49, 90, 146, 28, 97]"
110670,"[149, 21, 238, 4, 124, 138, 90, 223, 28, 13]"
110671,"[21, 187, 23, 1, 32, 238, 279, 223, 90, 28]"
110672,"[54, 73, 6, 279, 238, 13, 90, 28, 25, 119]"
110673,"[121, 13, 90, 238, 28, 119, 223, 112, 103, 44]"
110674,"[25, 6, 27, 73, 157, 261, 147, 29, 279, 151]"
110675,"[92, 23, 138, 1, 238, 60, 72, 146, 64, 105]"
110676,"[4, 157, 238, 21, 90, 13, 28, 149, 223, 19]"
110677,"[15, 72, 138, 238, 60, 18, 146, 64, 92, 105]"
110678,"[0, 189, 73, 97, 151, 138, 91, 26, 45, 27]"
110679,"[175, 18, 238, 90, 28, 13, 223, 138, 119, 146]"
110680,"[49, 30, 1, 23, 138, 2, 238, 34, 72, 130]"
110681,"[92, 27, 138, 238, 105, 2, 77, 146, 64, 279]"
110682,"[21, 13, 45, 112, 90, 238, 28, 119, 223, 20]"
110683,"[34, 13, 90, 238, 28, 119, 84, 32, 2, 223]"
110684,"[30, 1, 23, 71, 138, 7, 2, 238, 130, 72]"
110685,"[17, 73, 32, 279, 58, 13, 261, 90, 238, 28]"
110686,"[55, 238, 60, 23, 90, 138, 28, 13, 223, 146]"
110687,"[36, 238, 26, 54, 90, 13, 28, 223, 4, 147]"
110688,"[1, 23, 26, 72, 138, 238, 151, 64, 92, 18]"
110689,"[20, 13, 90, 238, 28, 187, 220, 119, 223, 58]"
110690,"[72, 82, 26, 18, 138, 6, 15, 92, 238, 64]"
110691,"[103, 13, 90, 21, 238, 28, 119, 223, 20, 157]"
110692,"[0, 73, 12, 97, 30, 49, 138, 92, 142, 238]"
110693,"[151, 138, 105, 9, 97, 238, 0, 72, 82, 41]"
110694,"[5, 72, 20, 82, 15, 27, 189, 44, 51, 279]"
110695,"[44, 13, 58, 90, 238, 28, 119, 223, 6, 48]"
110696,"[58, 13, 90, 238, 28, 119, 223, 48, 103, 76]"
110697,"[175, 238, 23, 138, 60, 90, 1, 28, 21, 279]"
110698,"[48, 13, 238, 90, 28, 119, 223, 146, 103, 76]"
110699,"[12, 13, 90, 71, 238, 28, 119, 20, 223, 32]"
110700,"[82, 72, 138, 15, 18, 149, 238, 64, 17, 44]"
110701,"[189, 238, 90, 138, 28, 13, 146, 223, 142, 58]"
110702,"[58, 12, 261, 13, 90, 238, 28, 119, 223, 32]"
110703,"[238, 90, 13, 28, 73, 223, 119, 146, 142, 138]"
110704,"[220, 187, 13, 23, 90, 238, 28, 60, 119, 223]"
110705,"[36, 238, 60, 90, 28, 13, 23, 223, 138, 279]"
110706,"[24, 54, 30, 28, 34, 23, 7, 13, 90, 238]"
110707,"[66, 21, 238, 13, 90, 28, 32, 72, 223, 119]"
110708,"[147, 13, 238, 90, 189, 28, 223, 119, 27, 146]"
110709,"[44, 12, 6, 13, 32, 90, 261, 279, 238, 28]"
110710,"[238, 13, 157, 90, 28, 223, 119, 21, 32, 146]"
110711,"[29, 13, 73, 90, 238, 28, 119, 223, 48, 279]"
110712,"[238, 28, 90, 13, 223, 119, 146, 138, 279, 48]"
110713,"[38, 238, 13, 90, 28, 119, 223, 24, 76, 146]"
110714,"[29, 60, 66, 32, 17, 84, 13, 23, 20, 90]"
110715,"[103, 13, 90, 238, 28, 27, 119, 54, 223, 48]"
110716,"[38, 238, 90, 13, 28, 223, 119, 146, 138, 189]"
110717,"[44, 13, 90, 238, 28, 119, 223, 48, 103, 146]"
110718,"[76, 13, 90, 238, 28, 119, 58, 223, 48, 103]"
110719,"[76, 13, 58, 90, 238, 28, 119, 223, 48, 12]"
110720,"[142, 27, 261, 26, 238, 13, 90, 23, 28, 223]"
110721,"[18, 72, 1, 23, 138, 15, 0, 238, 77, 97]"
110722,"[5, 54, 1, 220, 187, 23, 13, 90, 30, 238]"
110723,"[54, 157, 9, 279, 71, 175, 32, 3, 220, 73]"
110724,"[157, 238, 223, 90, 60, 13, 28, 138, 119, 220]"
110725,"[82, 72, 138, 1, 23, 238, 36, 261, 77, 64]"
110726,"[43, 1, 23, 220, 187, 13, 90, 28, 238, 34]"
110727,"[12, 13, 220, 6, 187, 90, 238, 28, 119, 223]"
110728,"[15, 72, 138, 0, 238, 151, 73, 30, 97, 146]"
110729,"[64, 27, 138, 238, 105, 77, 72, 157, 279, 146]"
110730,"[279, 261, 23, 13, 90, 238, 28, 119, 32, 223]"
110731,"[121, 54, 13, 23, 2, 90, 28, 238, 279, 119]"
110732,"[9, 27, 279, 261, 15, 2, 51, 20, 45, 124]"
110733,"[55, 238, 13, 90, 28, 223, 119, 146, 48, 34]"
110734,"[2, 187, 220, 43, 84, 5, 49, 13, 238, 90]"
110735,"[15, 3, 73, 72, 82, 44, 18, 66, 32, 71]"
110736,"[30, 1, 23, 7, 71, 54, 49, 138, 238, 72]"
110737,"[130, 73, 9, 124, 17, 91, 3, 138, 238, 146]"
110738,"[147, 21, 23, 189, 157, 175, 138, 223, 238, 29]"
110739,"[12, 13, 90, 238, 28, 119, 223, 103, 34, 48]"
110740,"[45, 13, 90, 238, 28, 261, 119, 223, 48, 77]"
110741,"[54, 73, 84, 2, 279, 4, 34, 5, 220, 91]"
110742,"[51, 72, 82, 9, 27, 279, 34, 44, 2, 20]"
110743,"[92, 138, 238, 1, 23, 72, 146, 64, 105, 77]"
110744,"[49, 23, 1, 30, 60, 261, 138, 72, 26, 238]"
110745,"[220, 187, 54, 13, 90, 23, 238, 28, 34, 119]"
110746,"[5, 220, 187, 30, 1, 23, 49, 34, 43, 76]"
110747,"[103, 261, 13, 90, 238, 28, 119, 223, 48, 279]"
110748,"[3, 73, 72, 12, 82, 44, 26, 18, 15, 64]"
110749,"[1, 23, 54, 138, 7, 72, 49, 60, 238, 77]"
110750,"[76, 13, 238, 90, 28, 220, 187, 119, 223, 26]"
110751,"[84, 13, 90, 238, 28, 119, 223, 103, 48, 146]"
110752,"[6, 58, 72, 26, 82, 18, 71, 73, 261, 12]"
110753,"[36, 13, 238, 90, 28, 223, 119, 146, 48, 103]"
110754,"[23, 14, 157, 279, 238, 142, 24, 60, 90, 28]"
110755,"[9, 27, 279, 54, 51, 21, 13, 71, 20, 28]"
110756,"[43, 220, 187, 13, 90, 238, 28, 119, 49, 60]"
110757,"[41, 45, 261, 25, 97, 49, 26, 30, 76, 14]"
110758,"[43, 13, 90, 238, 28, 119, 223, 48, 103, 146]"
110759,"[84, 13, 90, 238, 28, 119, 223, 261, 20, 48]"
110760,"[27, 279, 20, 32, 58, 10, 23, 71, 51, 44]"
110761,"[73, 26, 18, 12, 72, 91, 6, 151, 17, 15]"
110762,"[17, 29, 21, 238, 157, 2, 90, 1, 28, 13]"
110763,"[27, 279, 142, 84, 2, 54, 34, 32, 3, 17]"
110764,"[12, 261, 73, 26, 6, 13, 90, 71, 238, 28]"
110765,"[27, 279, 72, 82, 15, 142, 187, 5, 220, 21]"
110766,"[72, 82, 189, 238, 90, 13, 28, 21, 223, 119]"
110767,"[157, 138, 238, 223, 220, 12, 38, 146, 90, 142]"
110768,"[133, 26, 147, 38, 238, 58, 72, 73, 138, 146]"
110769,"[29, 17, 4, 26, 7, 84, 19, 44, 112, 54]"
110770,"[66, 72, 82, 15, 238, 19, 13, 90, 28, 223]"
110771,"[124, 9, 261, 54, 25, 279, 21, 20, 45, 41]"
110772,"[5, 27, 261, 6, 58, 279, 26, 2, 151, 72]"
110773,"[19, 18, 238, 90, 13, 28, 66, 157, 223, 119]"
110774,"[60, 23, 157, 238, 90, 138, 28, 13, 223, 4]"
110775,"[146, 13, 238, 90, 28, 119, 223, 142, 76, 45]"
110776,"[20, 13, 90, 238, 28, 119, 223, 279, 121, 48]"
110777,"[27, 279, 9, 157, 21, 73, 2, 20, 25, 261]"
110778,"[84, 13, 90, 1, 23, 238, 28, 119, 223, 121]"
110779,"[4, 238, 13, 90, 28, 119, 223, 146, 48, 103]"
110780,"[1, 23, 138, 49, 238, 30, 142, 72, 84, 146]"
110781,"[60, 23, 14, 261, 73, 238, 90, 13, 38, 28]"
110782,"[77, 73, 138, 238, 72, 91, 1, 23, 64, 26]"
110783,"[1, 23, 72, 54, 82, 77, 138, 7, 4, 5]"
110784,"[1, 23, 138, 220, 187, 54, 7, 49, 30, 238]"
110785,"[4, 23, 1, 24, 142, 13, 60, 90, 279, 28]"
110786,"[151, 138, 238, 15, 64, 72, 146, 92, 105, 1]"
110787,"[279, 23, 1, 20, 13, 90, 238, 28, 119, 32]"
110788,"[220, 187, 13, 90, 238, 28, 119, 223, 121, 23]"
110789,"[32, 58, 13, 90, 238, 28, 119, 223, 48, 6]"
110790,"[157, 238, 223, 90, 28, 13, 138, 147, 149, 146]"
110791,"[13, 90, 238, 28, 119, 223, 48, 32, 103, 146]"
110792,"[121, 220, 187, 13, 90, 238, 28, 49, 119, 223]"
110793,"[0, 49, 147, 72, 138, 23, 1, 6, 238, 82]"
110794,"[91, 73, 25, 13, 90, 238, 28, 119, 223, 3]"
110795,"[51, 73, 2, 25, 6, 9, 279, 58, 71, 91]"
110796,"[41, 73, 27, 157, 9, 279, 45, 51, 151, 103]"
110797,"[30, 49, 23, 24, 1, 73, 138, 142, 130, 38]"
110798,"[24, 220, 23, 187, 4, 49, 26, 54, 30, 238]"
110799,"[138, 1, 23, 49, 72, 82, 238, 157, 84, 105]"
110800,"[130, 27, 73, 13, 91, 3, 90, 29, 238, 28]"
110801,"[157, 55, 238, 90, 13, 1, 28, 23, 223, 119]"
110802,"[26, 72, 1, 23, 138, 238, 77, 82, 34, 146]"
110803,"[24, 157, 238, 23, 138, 90, 28, 4, 146, 223]"
110804,"[220, 187, 27, 13, 90, 238, 28, 119, 147, 223]"
110805,"[55, 238, 58, 90, 13, 28, 223, 119, 146, 32]"
110806,"[32, 13, 90, 238, 28, 44, 119, 223, 12, 48]"
110807,"[9, 6, 279, 27, 92, 42, 49, 13, 28, 238]"
110808,"[279, 23, 13, 27, 90, 28, 238, 119, 223, 1]"
110809,"[66, 73, 21, 238, 90, 12, 13, 28, 223, 146]"
110810,"[27, 54, 119, 13, 90, 238, 28, 223, 77, 279]"
110811,"[238, 13, 28, 90, 119, 223, 147, 146, 48, 103]"
110812,"[82, 72, 26, 73, 138, 6, 18, 15, 58, 238]"
110813,"[223, 261, 13, 90, 238, 28, 119, 48, 45, 14]"
110814,"[27, 51, 9, 279, 25, 41, 45, 0, 112, 97]"
110815,"[2, 30, 54, 27, 1, 5, 34, 23, 84, 15]"
110816,"[4, 13, 238, 90, 28, 58, 119, 223, 189, 279]"
110817,"[64, 26, 72, 138, 18, 238, 92, 49, 6, 146]"
110818,"[105, 23, 261, 138, 72, 1, 97, 147, 21, 0]"
110819,"[5, 30, 220, 187, 1, 23, 49, 43, 2, 130]"
110820,"[27, 51, 82, 54, 72, 77, 279, 189, 9, 0]"
110821,"[73, 3, 82, 72, 91, 6, 71, 18, 29, 58]"
110822,"[238, 90, 13, 28, 279, 223, 119, 146, 138, 23]"
110823,"[76, 147, 13, 261, 90, 238, 28, 119, 26, 223]"
110824,"[64, 72, 82, 1, 189, 21, 77, 23, 138, 238]"
110825,"[220, 187, 13, 12, 90, 45, 238, 28, 261, 58]"
110826,"[30, 138, 238, 73, 15, 105, 2, 5, 72, 64]"
110827,"[91, 124, 3, 130, 13, 238, 90, 28, 29, 119]"
110828,"[157, 238, 223, 90, 28, 13, 138, 220, 146, 119]"
110829,"[142, 23, 60, 238, 90, 13, 4, 28, 223, 119]"
110830,"[157, 238, 90, 223, 28, 13, 138, 119, 146, 220]"
110831,"[147, 73, 23, 21, 189, 223, 238, 0, 151, 12]"
110832,"[7, 238, 13, 90, 28, 119, 223, 58, 175, 146]"
110833,"[84, 13, 157, 54, 90, 28, 238, 119, 223, 34]"
110834,"[7, 238, 90, 13, 73, 28, 223, 175, 119, 138]"
110835,"[121, 73, 13, 90, 238, 28, 58, 119, 223, 6]"
110836,"[38, 238, 13, 90, 28, 119, 223, 175, 149, 45]"
110837,"[147, 23, 157, 21, 238, 1, 223, 279, 90, 20]"
110838,"[38, 147, 238, 90, 28, 13, 138, 220, 223, 187]"
110839,"[149, 26, 238, 90, 28, 138, 13, 147, 146, 38]"
110840,"[119, 13, 54, 90, 238, 28, 223, 157, 32, 48]"
110841,"[32, 13, 90, 238, 28, 119, 223, 103, 48, 34]"
110842,"[54, 24, 28, 13, 34, 23, 30, 82, 72, 90]"
110843,"[25, 187, 220, 58, 12, 261, 76, 121, 43, 279]"
110844,"[24, 23, 238, 147, 13, 90, 28, 58, 223, 119]"
110845,"[133, 21, 238, 90, 138, 28, 279, 13, 223, 23]"
110846,"[77, 138, 14, 97, 238, 261, 73, 72, 146, 64]"
110847,"[112, 13, 90, 238, 28, 119, 223, 54, 48, 103]"
110848,"[157, 238, 90, 13, 223, 28, 119, 138, 146, 220]"
110849,"[54, 279, 84, 13, 30, 90, 28, 34, 43, 2]"
110850,"[157, 238, 223, 90, 13, 28, 119, 220, 138, 146]"
110851,"[28, 13, 90, 238, 24, 119, 223, 149, 103, 44]"
110852,"[189, 21, 157, 90, 238, 77, 13, 28, 223, 119]"
110853,"[103, 13, 90, 238, 28, 119, 223, 73, 147, 261]"
110854,"[58, 12, 26, 13, 32, 90, 238, 28, 187, 261]"
110855,"[238, 28, 90, 13, 24, 223, 119, 138, 146, 14]"
110856,"[14, 23, 147, 73, 157, 97, 151, 223, 238, 13]"
110857,"[48, 13, 45, 90, 238, 28, 119, 223, 261, 76]"
110858,"[49, 73, 138, 238, 72, 151, 146, 97, 64, 157]"
110859,"[9, 279, 71, 58, 124, 13, 6, 90, 28, 238]"
110860,"[48, 13, 90, 238, 28, 119, 261, 60, 32, 223]"
110861,"[48, 13, 90, 238, 28, 21, 119, 223, 20, 103]"
110862,"[12, 13, 261, 90, 238, 28, 119, 223, 60, 48]"
110863,"[54, 1, 23, 42, 34, 13, 84, 90, 28, 238]"
110864,"[36, 238, 13, 90, 28, 223, 119, 32, 146, 48]"
110865,"[36, 157, 21, 147, 238, 223, 90, 13, 28, 20]"
110866,"[21, 187, 147, 238, 138, 223, 14, 261, 279, 90]"
110867,"[77, 73, 189, 27, 138, 97, 151, 238, 105, 0]"
110868,"[72, 82, 138, 18, 26, 15, 238, 64, 92, 146]"
110869,"[142, 23, 220, 60, 187, 54, 49, 238, 13, 90]"
110870,"[84, 13, 90, 238, 28, 112, 119, 223, 44, 20]"
110871,"[122, 26, 238, 58, 90, 13, 28, 223, 119, 146]"
110872,"[27, 279, 45, 73, 9, 36, 175, 77, 261, 20]"
110873,"[44, 13, 90, 28, 238, 119, 223, 48, 103, 146]"
110874,"[119, 13, 90, 238, 28, 223, 48, 32, 103, 146]"
110875,"[12, 13, 90, 238, 261, 28, 220, 187, 119, 223]"
110876,"[133, 73, 26, 58, 12, 17, 72, 38, 238, 24]"
110877,"[51, 6, 238, 13, 90, 28, 43, 119, 223, 146]"
110878,"[76, 13, 90, 238, 28, 119, 32, 279, 223, 12]"
110879,"[151, 73, 138, 58, 30, 238, 91, 24, 146, 72]"
110880,"[124, 9, 77, 54, 82, 72, 71, 13, 105, 90]"
110881,"[238, 189, 90, 21, 138, 122, 66, 28, 13, 23]"
110882,"[142, 23, 1, 60, 24, 73, 2, 13, 34, 90]"
110883,"[0, 27, 138, 189, 238, 97, 29, 146, 64, 92]"
110884,"[0, 189, 73, 97, 21, 91, 151, 138, 49, 26]"
110885,"[6, 58, 26, 15, 12, 73, 133, 72, 13, 90]"
110886,"[261, 73, 13, 90, 238, 28, 187, 220, 119, 12]"
110887,"[72, 82, 18, 15, 138, 238, 64, 149, 71, 26]"
110888,"[147, 238, 175, 90, 13, 223, 28, 0, 45, 97]"
110889,"[9, 27, 73, 279, 261, 25, 2, 151, 29, 42]"
110890,"[71, 27, 2, 279, 15, 5, 51, 9, 18, 77]"
110891,"[13, 90, 238, 28, 119, 223, 32, 48, 103, 58]"
110892,"[5, 58, 279, 12, 76, 261, 20, 36, 23, 45]"
110893,"[66, 72, 21, 82, 17, 15, 13, 238, 90, 18]"
110894,"[142, 23, 60, 147, 220, 187, 14, 49, 261, 238]"
110895,"[66, 238, 13, 90, 58, 28, 73, 223, 119, 26]"
110896,"[14, 23, 1, 138, 279, 238, 7, 72, 60, 146]"
110897,"[19, 72, 238, 26, 138, 149, 18, 122, 90, 66]"
110898,"[44, 13, 90, 6, 238, 28, 119, 223, 187, 220]"
110899,"[17, 73, 13, 90, 238, 28, 119, 223, 130, 48]"
110900,"[41, 73, 147, 25, 261, 45, 30, 9, 14, 151]"
110901,"[71, 72, 82, 18, 15, 9, 58, 17, 3, 5]"
110902,"[19, 238, 60, 38, 138, 90, 23, 28, 91, 13]"
110903,"[18, 72, 138, 238, 151, 146, 90, 28, 0, 97]"
110904,"[91, 73, 6, 38, 12, 82, 72, 261, 92, 30]"
110905,"[9, 27, 73, 279, 13, 28, 90, 25, 238, 42]"
110906,"[76, 13, 90, 238, 28, 119, 223, 26, 32, 48]"
110907,"[157, 238, 13, 90, 28, 223, 119, 58, 146, 220]"
110908,"[279, 27, 23, 13, 157, 90, 238, 28, 103, 119]"
110909,"[7, 54, 44, 4, 1, 23, 13, 90, 28, 238]"
110910,"[15, 72, 18, 9, 138, 189, 77, 27, 238, 82]"
110911,"[14, 23, 238, 12, 13, 90, 28, 58, 73, 223]"
110912,"[119, 13, 90, 238, 28, 54, 223, 12, 220, 187]"
110913,"[71, 27, 5, 279, 77, 15, 72, 2, 29, 82]"
110914,"[26, 72, 82, 138, 15, 18, 64, 238, 92, 157]"
110915,"[2, 72, 82, 54, 84, 49, 5, 124, 4, 77]"
110916,"[133, 26, 72, 238, 82, 122, 90, 138, 18, 223]"
110917,"[105, 27, 21, 138, 72, 238, 82, 151, 15, 157]"
110918,"[21, 238, 90, 13, 28, 187, 223, 119, 146, 138]"
110919,"[175, 238, 18, 90, 28, 13, 223, 138, 119, 7]"
110920,"[71, 54, 82, 72, 6, 51, 112, 279, 13, 220]"
110921,"[279, 27, 13, 23, 90, 28, 238, 54, 119, 44]"
110922,"[0, 27, 138, 238, 72, 1, 189, 23, 97, 82]"
110923,"[26, 72, 1, 138, 23, 238, 77, 146, 105, 64]"
110924,"[32, 12, 13, 90, 238, 28, 119, 223, 26, 187]"
110925,"[20, 13, 90, 238, 28, 119, 45, 223, 103, 279]"
110926,"[66, 238, 90, 13, 32, 58, 28, 26, 60, 223]"
110927,"[21, 187, 238, 261, 13, 223, 90, 28, 119, 20]"
110928,"[124, 6, 45, 0, 51, 41, 97, 25, 147, 82]"
110929,"[64, 138, 238, 72, 105, 77, 146, 151, 30, 92]"
110930,"[25, 27, 73, 9, 279, 105, 71, 51, 29, 147]"
110931,"[38, 73, 12, 149, 66, 133, 6, 91, 13, 30]"
110932,"[20, 13, 90, 238, 28, 119, 157, 223, 103, 279]"
110933,"[14, 23, 147, 24, 142, 238, 279, 26, 73, 138]"
110934,"[21, 157, 187, 147, 261, 238, 223, 90, 279, 28]"
110935,"[0, 73, 26, 49, 138, 30, 97, 72, 238, 151]"
110936,"[77, 138, 238, 73, 146, 64, 90, 72, 92, 105]"
110937,"[36, 238, 13, 90, 28, 223, 55, 119, 66, 149]"
110938,"[4, 21, 189, 238, 90, 13, 28, 223, 138, 112]"
110939,"[157, 77, 223, 25, 238, 189, 220, 151, 36, 90]"
110940,"[130, 27, 2, 1, 5, 72, 23, 82, 15, 49]"
110941,"[71, 27, 2, 279, 13, 124, 90, 28, 238, 9]"
110942,"[157, 238, 138, 223, 90, 220, 28, 279, 146, 60]"
110943,"[36, 13, 261, 90, 223, 238, 28, 119, 157, 45]"
110944,"[133, 26, 238, 72, 90, 18, 13, 28, 44, 223]"
110945,"[1, 23, 72, 82, 15, 189, 138, 77, 105, 238]"
110946,"[27, 279, 142, 45, 51, 25, 76, 112, 41, 1]"
110947,"[238, 13, 90, 28, 119, 223, 146, 58, 48, 138]"
110948,"[45, 187, 220, 13, 58, 90, 238, 28, 119, 12]"
110949,"[84, 13, 90, 238, 28, 119, 20, 223, 103, 44]"
110950,"[34, 54, 1, 23, 187, 220, 13, 90, 28, 84]"
110951,"[82, 72, 138, 1, 238, 49, 23, 97, 189, 0]"
110952,"[122, 238, 13, 90, 28, 119, 223, 146, 48, 103]"
110953,"[157, 105, 27, 9, 138, 15, 238, 29, 51, 72]"
110954,"[38, 149, 238, 157, 90, 28, 13, 223, 138, 119]"
110955,"[82, 72, 1, 23, 15, 77, 138, 105, 238, 27]"
110956,"[29, 157, 17, 13, 4, 66, 90, 28, 238, 119]"
110957,"[279, 23, 24, 220, 187, 49, 30, 60, 238, 147]"
110958,"[26, 72, 73, 138, 15, 82, 238, 34, 122, 92]"
110959,"[51, 54, 9, 71, 18, 84, 279, 27, 5, 13]"
110960,"[189, 21, 23, 157, 238, 279, 1, 90, 13, 223]"
110961,"[14, 23, 238, 1, 138, 90, 28, 279, 13, 146]"
110962,"[5, 27, 32, 71, 54, 2, 29, 279, 3, 238]"
110963,"[19, 238, 157, 138, 90, 21, 28, 223, 13, 146]"
110964,"[121, 1, 54, 23, 13, 90, 28, 238, 119, 2]"
110965,"[261, 13, 90, 187, 220, 238, 28, 58, 119, 223]"
110966,"[64, 1, 23, 138, 73, 72, 238, 91, 12, 38]"
110967,"[41, 27, 2, 15, 71, 30, 6, 279, 124, 13]"
110968,"[0, 138, 73, 238, 72, 146, 64, 15, 105, 92]"
110969,"[175, 147, 157, 14, 261, 138, 238, 23, 279, 0]"
110970,"[30, 1, 23, 138, 54, 238, 130, 5, 2, 105]"
110971,"[36, 147, 238, 13, 90, 28, 223, 119, 48, 146]"
110972,"[30, 147, 26, 138, 261, 238, 151, 38, 97, 72]"
110973,"[1, 23, 13, 34, 238, 90, 24, 28, 142, 119]"
110974,"[27, 130, 73, 72, 279, 3, 15, 82, 29, 91]"
110975,"[15, 72, 157, 82, 138, 27, 77, 1, 238, 105]"
110976,"[41, 73, 6, 58, 187, 220, 49, 91, 25, 12]"
110977,"[77, 73, 97, 138, 189, 45, 0, 175, 238, 151]"
110978,"[60, 23, 1, 138, 238, 4, 29, 90, 279, 28]"
110979,"[21, 187, 238, 90, 13, 28, 223, 20, 119, 146]"
110980,"[77, 72, 82, 27, 1, 21, 157, 23, 189, 138]"
110981,"[189, 27, 21, 77, 82, 157, 72, 54, 13, 238]"
110982,"[149, 238, 21, 90, 13, 157, 28, 223, 119, 23]"
110983,"[77, 72, 1, 23, 82, 21, 261, 138, 97, 20]"
110984,"[0, 49, 97, 138, 12, 91, 261, 238, 73, 92]"
110985,"[29, 13, 90, 238, 28, 119, 58, 223, 12, 34]"
110986,"[9, 279, 71, 2, 27, 15, 34, 54, 13, 90]"
110987,"[97, 157, 261, 138, 23, 147, 1, 238, 36, 105]"
110988,"[55, 238, 13, 90, 28, 119, 223, 146, 48, 138]"
110989,"[92, 26, 138, 72, 18, 58, 238, 146, 38, 64]"
110990,"[84, 187, 220, 23, 1, 13, 238, 90, 28, 2]"
110991,"[175, 238, 90, 13, 2, 28, 223, 17, 119, 19]"
110992,"[105, 138, 49, 238, 23, 1, 72, 146, 64, 92]"
110993,"[54, 279, 261, 6, 27, 14, 12, 13, 105, 90]"
110994,"[103, 13, 187, 220, 90, 238, 28, 119, 223, 32]"
110995,"[60, 23, 238, 24, 220, 49, 187, 147, 30, 90]"
110996,"[133, 238, 18, 138, 90, 28, 13, 146, 279, 32]"
110997,"[29, 147, 261, 14, 73, 157, 279, 21, 23, 20]"
110998,"[124, 261, 12, 2, 279, 25, 149, 23, 32, 133]"
110999,"[44, 6, 54, 13, 12, 90, 238, 28, 72, 82]"
111000,"[12, 13, 90, 238, 28, 119, 223, 32, 44, 58]"
111001,"[72, 82, 73, 138, 189, 30, 238, 26, 49, 97]"
111002,"[77, 157, 27, 138, 238, 1, 21, 105, 23, 72]"
111003,"[64, 1, 23, 72, 15, 82, 73, 138, 12, 32]"
111004,"[189, 147, 238, 90, 13, 28, 223, 261, 119, 77]"
111005,"[189, 238, 28, 21, 17, 90, 55, 223, 13, 138]"
111006,"[24, 23, 189, 238, 138, 90, 29, 28, 146, 13]"
111007,"[49, 138, 105, 2, 238, 23, 1, 72, 54, 30]"
111008,"[90, 13, 238, 28, 223, 119, 17, 54, 4, 72]"
111009,"[220, 187, 13, 90, 238, 28, 119, 223, 54, 30]"
111010,"[66, 238, 58, 90, 13, 28, 223, 119, 146, 32]"
111011,"[28, 21, 238, 13, 189, 90, 55, 223, 119, 279]"
111012,"[45, 13, 90, 238, 28, 119, 223, 32, 48, 44]"
111013,"[261, 73, 147, 26, 220, 187, 42, 14, 17, 72]"
111014,"[49, 1, 23, 138, 30, 238, 4, 72, 149, 146]"
111015,"[71, 27, 58, 6, 73, 12, 72, 82, 26, 279]"
111016,"[82, 72, 1, 23, 138, 238, 0, 49, 147, 146]"
111017,"[38, 26, 147, 58, 72, 238, 18, 138, 60, 187]"
111018,"[23, 1, 13, 28, 238, 90, 60, 119, 223, 220]"
111019,"[72, 82, 1, 23, 138, 77, 15, 238, 18, 64]"
111020,"[121, 187, 220, 23, 1, 13, 90, 238, 28, 24]"
111021,"[157, 36, 21, 223, 238, 147, 90, 13, 28, 119]"
111022,"[1, 54, 23, 138, 49, 30, 238, 18, 72, 90]"
111023,"[54, 12, 45, 261, 279, 6, 138, 25, 76, 238]"
111024,"[17, 13, 90, 238, 28, 119, 149, 223, 32, 58]"
111025,"[147, 238, 90, 13, 28, 45, 223, 119, 112, 26]"
111026,"[45, 261, 13, 90, 238, 28, 279, 119, 223, 48]"
111027,"[48, 13, 90, 238, 28, 119, 223, 103, 84, 44]"
111028,"[119, 13, 90, 238, 28, 261, 223, 73, 48, 279]"
111029,"[73, 151, 30, 49, 261, 130, 45, 41, 97, 25]"
111030,"[122, 18, 238, 149, 90, 28, 13, 138, 72, 223]"
111031,"[38, 60, 238, 23, 138, 90, 28, 13, 157, 223]"
111032,"[5, 54, 1, 23, 2, 13, 90, 238, 28, 119]"
111033,"[122, 238, 23, 15, 13, 90, 28, 279, 1, 119]"
111034,"[36, 21, 27, 13, 189, 90, 157, 223, 238, 28]"
111035,"[91, 130, 124, 13, 238, 3, 90, 28, 29, 119]"
111036,"[220, 187, 13, 90, 238, 28, 119, 84, 223, 48]"
111037,"[279, 13, 90, 238, 28, 119, 223, 34, 23, 44]"
111038,"[157, 21, 90, 13, 147, 238, 189, 28, 223, 77]"
111039,"[29, 238, 13, 90, 28, 119, 223, 73, 146, 48]"
111040,"[0, 49, 138, 147, 26, 72, 238, 92, 30, 97]"
111041,"[71, 54, 18, 73, 44, 32, 9, 149, 66, 13]"
111042,"[72, 82, 138, 238, 49, 0, 64, 77, 92, 105]"
111043,"[26, 72, 49, 147, 0, 138, 238, 92, 220, 187]"
111044,"[58, 12, 13, 90, 238, 28, 73, 119, 223, 187]"
111045,"[23, 1, 60, 28, 238, 142, 90, 13, 49, 54]"
111046,"[238, 90, 13, 28, 223, 119, 146, 138, 48, 103]"
111047,"[36, 238, 13, 90, 28, 223, 119, 146, 48, 76]"
111048,"[41, 73, 220, 187, 71, 34, 2, 54, 238, 84]"
111049,"[1, 130, 23, 34, 220, 187, 5, 60, 49, 43]"
111050,"[19, 60, 238, 23, 90, 28, 13, 138, 223, 146]"
111051,"[41, 27, 45, 124, 51, 175, 279, 112, 20, 103]"
111052,"[27, 279, 6, 73, 142, 25, 2, 13, 238, 90]"
111053,"[220, 187, 13, 90, 261, 238, 28, 119, 223, 45]"
111054,"[21, 187, 147, 261, 238, 223, 90, 13, 28, 138]"
111055,"[5, 1, 2, 23, 30, 49, 54, 34, 130, 36]"
111056,"[72, 82, 27, 138, 15, 18, 9, 238, 64, 189]"
111057,"[73, 72, 82, 3, 18, 26, 91, 58, 17, 15]"
111058,"[41, 261, 45, 14, 25, 6, 147, 97, 124, 20]"
111059,"[73, 91, 26, 151, 92, 6, 72, 18, 64, 38]"
111060,"[30, 261, 147, 138, 26, 14, 238, 71, 72, 23]"
111061,"[4, 21, 189, 238, 279, 13, 90, 28, 32, 223]"
111062,"[119, 13, 90, 238, 28, 223, 54, 48, 103, 146]"
111063,"[41, 73, 9, 71, 30, 91, 2, 124, 238, 90]"
111064,"[14, 147, 23, 261, 238, 157, 138, 90, 28, 151]"
111065,"[133, 147, 60, 23, 238, 90, 13, 28, 24, 38]"
111066,"[220, 187, 49, 54, 42, 26, 43, 30, 151, 7]"
111067,"[279, 23, 24, 60, 14, 73, 142, 38, 147, 238]"
111068,"[175, 238, 90, 13, 28, 223, 119, 146, 138, 32]"
111069,"[7, 23, 60, 238, 1, 90, 13, 28, 142, 223]"
111070,"[261, 13, 90, 238, 28, 119, 223, 48, 103, 146]"
111071,"[4, 54, 13, 90, 28, 238, 23, 1, 18, 119]"
111072,"[82, 72, 26, 138, 238, 18, 58, 149, 146, 15]"
111073,"[146, 13, 90, 238, 28, 119, 24, 142, 223, 76]"
111074,"[92, 72, 73, 82, 26, 138, 15, 64, 238, 12]"
111075,"[18, 72, 138, 238, 151, 146, 90, 0, 28, 30]"
111076,"[105, 157, 27, 21, 138, 238, 9, 36, 15, 279]"
111077,"[17, 73, 13, 6, 90, 238, 28, 119, 12, 223]"
111078,"[29, 147, 261, 36, 17, 77, 21, 130, 119, 13]"
111079,"[84, 13, 90, 238, 28, 25, 119, 223, 48, 103]"
111080,"[151, 27, 138, 72, 0, 82, 147, 77, 238, 105]"
111081,"[60, 238, 23, 90, 13, 28, 223, 157, 151, 119]"
111082,"[157, 21, 238, 223, 90, 13, 28, 220, 119, 18]"
111083,"[112, 27, 13, 90, 157, 238, 28, 119, 223, 279]"
111084,"[84, 220, 187, 13, 90, 238, 28, 119, 223, 54]"
111085,"[238, 28, 147, 26, 36, 55, 90, 13, 223, 122]"
111086,"[7, 238, 44, 279, 261, 90, 13, 28, 133, 23]"
111087,"[0, 147, 138, 27, 238, 151, 49, 73, 25, 97]"
111088,"[72, 105, 82, 1, 23, 21, 49, 138, 15, 189]"
111089,"[21, 187, 238, 223, 90, 28, 13, 66, 138, 119]"
111090,"[15, 3, 72, 73, 18, 26, 9, 82, 44, 64]"
111091,"[41, 27, 9, 0, 6, 45, 147, 279, 97, 261]"
111092,"[238, 90, 223, 13, 28, 60, 119, 138, 146, 23]"
111093,"[9, 27, 279, 45, 124, 41, 76, 13, 25, 28]"
111094,"[77, 138, 73, 238, 97, 146, 64, 72, 151, 92]"
111095,"[2, 1, 23, 54, 34, 30, 187, 220, 84, 279]"
111096,"[14, 238, 13, 90, 28, 23, 119, 223, 157, 146]"
111097,"[38, 238, 13, 90, 28, 49, 119, 223, 24, 146]"
111098,"[29, 73, 279, 17, 142, 13, 23, 90, 238, 28]"
111099,"[7, 238, 90, 26, 28, 13, 147, 138, 223, 146]"
111100,"[6, 71, 18, 2, 58, 26, 32, 72, 73, 279]"
111101,"[15, 72, 3, 82, 6, 18, 27, 17, 73, 124]"
111102,"[130, 73, 26, 91, 1, 4, 23, 30, 3, 105]"
111103,"[121, 220, 187, 13, 54, 90, 28, 238, 119, 43]"
111104,"[279, 23, 13, 112, 90, 54, 238, 28, 119, 32]"
111105,"[2, 72, 18, 82, 54, 5, 84, 49, 4, 73]"
111106,"[25, 26, 27, 220, 187, 261, 73, 12, 45, 49]"
111107,"[24, 23, 1, 60, 4, 34, 7, 13, 238, 90]"
111108,"[58, 12, 13, 90, 187, 238, 28, 220, 261, 119]"
111109,"[64, 73, 26, 72, 138, 15, 12, 238, 38, 92]"
111110,"[133, 72, 82, 189, 238, 90, 13, 73, 28, 223]"
111111,"[112, 220, 187, 13, 90, 238, 28, 119, 223, 12]"
111112,"[60, 23, 1, 34, 13, 90, 238, 28, 119, 223]"
111113,"[7, 26, 175, 238, 73, 138, 72, 90, 146, 28]"
111114,"[138, 72, 18, 77, 82, 238, 147, 105, 151, 64]"
111115,"[73, 9, 71, 27, 13, 25, 90, 28, 238, 279]"
111116,"[261, 27, 13, 90, 238, 28, 119, 223, 48, 103]"
111117,"[0, 147, 261, 97, 138, 14, 151, 238, 45, 92]"
111118,"[6, 220, 187, 49, 54, 151, 30, 0, 43, 142]"
111119,"[97, 0, 147, 151, 138, 26, 45, 73, 30, 238]"
111120,"[66, 58, 238, 13, 90, 28, 119, 223, 32, 146]"
111121,"[30, 23, 1, 49, 60, 220, 187, 138, 24, 147]"
111122,"[157, 23, 1, 238, 21, 223, 90, 28, 279, 138]"
111123,"[73, 18, 17, 58, 44, 71, 64, 72, 51, 66]"
111124,"[54, 27, 279, 82, 72, 157, 32, 105, 71, 9]"
111125,"[27, 51, 279, 41, 9, 6, 13, 25, 90, 28]"
111126,"[112, 13, 90, 238, 28, 119, 223, 32, 48, 103]"
111127,"[220, 187, 13, 23, 238, 90, 28, 119, 84, 223]"
111128,"[44, 13, 90, 238, 28, 34, 119, 223, 20, 84]"
111129,"[175, 42, 29, 17, 13, 238, 90, 28, 119, 223]"
111130,"[9, 27, 279, 73, 6, 0, 51, 147, 151, 97]"
111131,"[5, 220, 187, 1, 23, 2, 76, 43, 13, 90]"
111132,"[18, 72, 27, 138, 238, 146, 29, 90, 15, 28]"
111133,"[189, 238, 13, 90, 28, 72, 54, 223, 119, 82]"
111134,"[151, 72, 82, 6, 49, 138, 24, 142, 30, 238]"
111135,"[7, 238, 279, 14, 175, 138, 90, 28, 23, 13]"
111136,"[105, 97, 151, 73, 138, 189, 147, 0, 175, 238]"
111137,"[2, 27, 9, 71, 279, 149, 124, 13, 44, 90]"
111138,"[60, 220, 187, 23, 147, 4, 279, 138, 238, 28]"
111139,"[149, 238, 21, 157, 90, 13, 28, 189, 223, 119]"
111140,"[51, 27, 6, 2, 58, 18, 279, 25, 41, 49]"
111141,"[119, 13, 90, 27, 238, 28, 9, 223, 189, 279]"
111142,"[238, 90, 13, 28, 223, 119, 138, 146, 18, 48]"
111143,"[30, 1, 23, 138, 238, 4, 60, 2, 72, 146]"
111144,"[13, 90, 238, 28, 119, 223, 34, 32, 48, 44]"
111145,"[64, 138, 18, 26, 6, 238, 72, 71, 92, 146]"
111146,"[220, 187, 54, 13, 90, 23, 238, 28, 119, 223]"
111147,"[1, 23, 30, 72, 49, 138, 238, 24, 2, 146]"
111148,"[133, 26, 58, 147, 238, 6, 72, 90, 13, 28]"
111149,"[64, 138, 49, 238, 72, 146, 92, 23, 105, 97]"
111150,"[49, 1, 23, 54, 105, 138, 238, 72, 90, 146]"
111151,"[32, 13, 90, 238, 28, 119, 9, 223, 44, 103]"
111152,"[9, 27, 279, 261, 30, 2, 151, 124, 41, 14]"
111153,"[17, 157, 29, 77, 13, 20, 90, 28, 238, 119]"
111154,"[34, 13, 90, 238, 28, 119, 223, 48, 103, 44]"
111155,"[49, 138, 238, 72, 58, 105, 146, 25, 64, 92]"
111156,"[4, 21, 157, 238, 13, 90, 28, 223, 119, 122]"
111157,"[97, 72, 82, 138, 15, 105, 238, 64, 1, 146]"
111158,"[238, 90, 13, 28, 279, 23, 223, 119, 138, 60]"
111159,"[51, 27, 9, 279, 2, 18, 72, 82, 44, 71]"
111160,"[38, 238, 13, 90, 28, 119, 223, 146, 48, 138]"
111161,"[151, 73, 138, 72, 238, 23, 1, 82, 64, 15]"
111162,"[124, 9, 261, 2, 51, 189, 151, 18, 20, 77]"
111163,"[54, 220, 187, 279, 34, 121, 30, 13, 43, 90]"
111164,"[34, 60, 13, 90, 238, 28, 119, 223, 23, 48]"
111165,"[0, 138, 91, 238, 15, 64, 72, 73, 146, 97]"
111166,"[72, 73, 82, 3, 18, 58, 15, 71, 26, 17]"
111167,"[23, 60, 1, 279, 238, 28, 90, 13, 43, 4]"
111168,"[90, 13, 238, 28, 82, 72, 119, 223, 17, 4]"
111169,"[64, 1, 23, 138, 238, 72, 77, 105, 27, 97]"
111170,"[19, 27, 238, 13, 90, 28, 157, 119, 223, 189]"
111171,"[25, 9, 27, 261, 73, 279, 2, 147, 20, 36]"
111172,"[30, 1, 23, 138, 238, 2, 34, 72, 54, 146]"
111173,"[133, 73, 26, 58, 72, 6, 18, 238, 17, 38]"
111174,"[27, 279, 9, 82, 72, 157, 77, 124, 45, 51]"
111175,"[146, 157, 238, 90, 13, 28, 223, 119, 138, 48]"
111176,"[0, 73, 97, 147, 21, 138, 151, 41, 238, 54]"
111177,"[121, 187, 220, 13, 90, 238, 28, 119, 223, 48]"
111178,"[149, 238, 90, 13, 28, 223, 119, 146, 138, 48]"
111179,"[23, 1, 13, 238, 90, 28, 119, 223, 24, 34]"
111180,"[73, 58, 6, 26, 12, 91, 71, 72, 38, 49]"
111181,"[1, 23, 72, 82, 138, 77, 238, 2, 142, 7]"
111182,"[27, 279, 72, 82, 1, 23, 21, 54, 2, 20]"
111183,"[51, 25, 73, 261, 9, 41, 45, 20, 0, 279]"
111184,"[23, 1, 60, 24, 42, 91, 142, 261, 73, 2]"
111185,"[73, 26, 42, 91, 6, 151, 175, 147, 17, 13]"
111186,"[43, 261, 12, 13, 90, 238, 28, 119, 20, 60]"
111187,"[1, 23, 138, 238, 72, 92, 146, 151, 64, 30]"
111188,"[25, 6, 49, 13, 90, 238, 28, 58, 2, 119]"
111189,"[238, 90, 13, 28, 223, 119, 138, 146, 48, 55]"
111190,"[76, 13, 90, 238, 28, 119, 27, 223, 103, 48]"
111191,"[54, 73, 25, 6, 279, 175, 91, 45, 220, 12]"
111192,"[2, 187, 220, 49, 30, 5, 34, 43, 121, 23]"
111193,"[6, 72, 26, 49, 15, 82, 12, 133, 30, 58]"
111194,"[5, 73, 91, 6, 71, 238, 13, 90, 28, 54]"
111195,"[149, 38, 238, 13, 19, 90, 28, 122, 73, 119]"
111196,"[51, 6, 43, 92, 5, 279, 13, 90, 28, 238]"
111197,"[14, 21, 23, 238, 90, 13, 28, 223, 157, 187]"
111198,"[38, 72, 238, 15, 82, 90, 55, 28, 138, 13]"
111199,"[105, 21, 138, 72, 82, 238, 151, 64, 26, 97]"
111200,"[142, 23, 60, 220, 187, 1, 238, 13, 90, 49]"
111201,"[220, 187, 13, 90, 238, 28, 119, 223, 112, 48]"
111202,"[29, 73, 157, 13, 90, 238, 28, 119, 223, 147]"
111203,"[44, 13, 90, 238, 28, 119, 223, 34, 48, 279]"
111204,"[72, 82, 15, 3, 6, 71, 18, 54, 124, 17]"
111205,"[2, 72, 82, 54, 187, 220, 124, 49, 5, 15]"
111206,"[60, 23, 238, 13, 90, 28, 119, 223, 146, 32]"
111207,"[105, 138, 238, 72, 146, 64, 92, 26, 97, 151]"
111208,"[147, 23, 58, 26, 238, 138, 220, 187, 223, 24]"
111209,"[34, 13, 23, 90, 238, 28, 1, 21, 119, 84]"
111210,"[105, 157, 27, 2, 138, 238, 15, 64, 71, 72]"
111211,"[54, 1, 23, 34, 2, 279, 84, 4, 49, 29]"
111212,"[121, 13, 90, 238, 28, 187, 220, 119, 223, 34]"
111213,"[72, 92, 26, 82, 73, 12, 261, 138, 23, 15]"
111214,"[32, 13, 90, 238, 28, 119, 223, 149, 44, 58]"
111215,"[58, 13, 90, 238, 28, 119, 54, 72, 223, 6]"
111216,"[142, 27, 238, 13, 90, 23, 28, 223, 119, 279]"
111217,"[21, 238, 187, 90, 13, 28, 223, 27, 147, 119]"
111218,"[41, 261, 6, 27, 82, 72, 73, 157, 147, 48]"
111219,"[112, 13, 27, 90, 238, 28, 119, 223, 48, 103]"
111220,"[72, 82, 138, 26, 261, 49, 238, 23, 64, 1]"
111221,"[220, 187, 13, 90, 238, 28, 119, 223, 6, 48]"
111222,"[54, 279, 27, 261, 12, 32, 25, 238, 23, 13]"
111223,"[151, 26, 49, 30, 138, 72, 58, 238, 92, 38]"
111224,"[54, 220, 187, 121, 279, 2, 23, 24, 34, 43]"
111225,"[51, 82, 72, 9, 5, 71, 54, 34, 279, 15]"
111226,"[48, 13, 90, 238, 28, 119, 223, 6, 147, 103]"
111227,"[147, 23, 60, 238, 138, 223, 24, 146, 90, 28]"
111228,"[119, 13, 90, 238, 28, 223, 27, 58, 48, 187]"
111229,"[151, 72, 82, 77, 138, 97, 175, 1, 23, 0]"
111230,"[55, 238, 90, 13, 28, 138, 223, 119, 146, 147]"
111231,"[112, 13, 90, 238, 28, 119, 223, 34, 44, 84]"
111232,"[124, 27, 82, 72, 77, 54, 9, 21, 279, 51]"
111233,"[44, 13, 90, 238, 28, 119, 20, 27, 223, 84]"
111234,"[1, 23, 30, 73, 72, 49, 138, 142, 238, 97]"
111235,"[92, 138, 1, 72, 23, 238, 82, 77, 97, 146]"
111236,"[60, 23, 238, 138, 279, 32, 261, 90, 28, 146]"
111237,"[91, 73, 105, 130, 13, 3, 238, 90, 28, 119]"
111238,"[25, 27, 82, 72, 71, 15, 220, 187, 51, 5]"
111239,"[261, 13, 90, 238, 28, 119, 73, 223, 12, 48]"
111240,"[103, 13, 27, 90, 238, 28, 119, 223, 21, 44]"
111241,"[41, 27, 45, 54, 124, 13, 76, 279, 90, 25]"
111242,"[147, 58, 238, 23, 60, 90, 223, 13, 28, 138]"
111243,"[92, 26, 147, 49, 138, 30, 72, 151, 238, 97]"
111244,"[6, 49, 0, 54, 13, 90, 238, 28, 45, 119]"
111245,"[38, 238, 21, 189, 90, 13, 28, 223, 138, 119]"
111246,"[14, 23, 1, 238, 279, 138, 90, 28, 32, 13]"
111247,"[2, 9, 27, 71, 15, 279, 72, 149, 73, 124]"
111248,"[175, 238, 13, 90, 157, 189, 28, 223, 119, 36]"
111249,"[121, 1, 23, 13, 90, 2, 28, 238, 34, 119]"
111250,"[21, 187, 157, 238, 20, 90, 223, 13, 28, 261]"
111251,"[112, 13, 90, 261, 238, 28, 147, 119, 223, 45]"
111252,"[38, 147, 60, 23, 157, 14, 238, 138, 97, 90]"
111253,"[220, 187, 13, 54, 90, 28, 238, 119, 223, 84]"
111254,"[36, 13, 238, 90, 28, 223, 119, 58, 48, 146]"
111255,"[30, 138, 18, 238, 26, 64, 72, 77, 105, 151]"
111256,"[223, 238, 90, 13, 28, 119, 138, 146, 187, 220]"
111257,"[43, 187, 220, 12, 13, 14, 90, 238, 28, 147]"
111258,"[55, 147, 238, 60, 138, 90, 28, 13, 223, 146]"
111259,"[24, 23, 34, 1, 13, 90, 28, 238, 119, 223]"
111260,"[7, 157, 4, 44, 21, 54, 77, 238, 28, 13]"
111261,"[48, 73, 13, 90, 220, 187, 238, 28, 12, 119]"
111262,"[157, 21, 147, 238, 36, 138, 90, 223, 28, 13]"
111263,"[149, 58, 238, 13, 90, 28, 119, 223, 18, 146]"
111264,"[97, 261, 157, 147, 14, 41, 138, 0, 73, 151]"
111265,"[27, 279, 32, 71, 238, 13, 90, 28, 119, 223]"
111266,"[21, 187, 238, 13, 90, 223, 28, 119, 146, 58]"
111267,"[12, 73, 13, 90, 238, 28, 119, 71, 6, 223]"
111268,"[73, 3, 15, 91, 6, 30, 26, 72, 38, 66]"
111269,"[84, 220, 187, 13, 54, 157, 90, 238, 28, 36]"
111270,"[23, 1, 220, 187, 60, 24, 13, 238, 49, 90]"
111271,"[43, 13, 90, 238, 28, 119, 223, 48, 112, 103]"
111272,"[151, 72, 138, 1, 82, 23, 238, 64, 15, 146]"
111273,"[29, 60, 66, 17, 34, 32, 23, 4, 13, 279]"
111274,"[90, 13, 238, 28, 119, 223, 21, 66, 146, 48]"
111275,"[13, 90, 238, 28, 27, 119, 223, 54, 48, 103]"
111276,"[30, 49, 138, 238, 151, 26, 147, 97, 72, 105]"
111277,"[18, 72, 138, 238, 146, 151, 64, 92, 105, 90]"
111278,"[6, 58, 71, 12, 72, 26, 73, 82, 15, 187]"
111279,"[41, 261, 25, 0, 147, 45, 97, 14, 48, 151]"
111280,"[36, 238, 13, 90, 28, 223, 279, 21, 119, 261]"
111281,"[5, 27, 54, 2, 15, 1, 84, 72, 23, 279]"
111282,"[147, 23, 138, 238, 7, 26, 54, 72, 223, 60]"
111283,"[58, 13, 90, 238, 28, 119, 223, 48, 103, 32]"
111284,"[0, 73, 138, 157, 97, 238, 36, 151, 105, 175]"
111285,"[238, 223, 13, 90, 189, 28, 157, 119, 146, 18]"
111286,"[187, 220, 23, 24, 73, 1, 58, 121, 42, 34]"
111287,"[4, 238, 13, 90, 28, 119, 223, 189, 19, 146]"
111288,"[189, 54, 77, 13, 21, 82, 90, 238, 223, 72]"
111289,"[77, 27, 97, 138, 0, 238, 189, 147, 21, 105]"
111290,"[142, 23, 60, 238, 147, 261, 90, 13, 49, 220]"
111291,"[15, 18, 72, 138, 9, 238, 71, 64, 82, 149]"
111292,"[73, 71, 18, 15, 91, 64, 17, 3, 72, 13]"
111293,"[7, 23, 238, 1, 13, 90, 28, 49, 60, 223]"
111294,"[44, 13, 73, 90, 58, 238, 28, 119, 32, 223]"
111295,"[0, 138, 238, 27, 261, 26, 97, 151, 147, 72]"
111296,"[34, 187, 220, 13, 90, 238, 28, 119, 223, 48]"
111297,"[77, 157, 27, 138, 21, 238, 147, 64, 146, 105]"
111298,"[30, 138, 26, 238, 72, 151, 25, 146, 97, 92]"
111299,"[55, 238, 18, 72, 90, 13, 28, 54, 149, 223]"
111300,"[49, 105, 138, 73, 238, 72, 189, 18, 146, 64]"
111301,"[73, 91, 6, 26, 151, 58, 15, 71, 92, 72]"
111302,"[105, 138, 238, 72, 64, 15, 146, 82, 92, 66]"
111303,"[45, 13, 58, 90, 238, 28, 119, 223, 48, 187]"
111304,"[157, 21, 220, 223, 36, 279, 20, 14, 238, 261]"
111305,"[21, 157, 238, 13, 90, 28, 223, 119, 36, 77]"
111306,"[3, 73, 82, 72, 77, 29, 21, 91, 105, 1]"
111307,"[2, 30, 54, 187, 220, 13, 84, 90, 49, 238]"
111308,"[73, 18, 26, 91, 15, 17, 72, 64, 3, 149]"
111309,"[122, 238, 138, 90, 28, 147, 13, 223, 146, 119]"
111310,"[124, 54, 73, 9, 29, 13, 71, 51, 77, 90]"
111311,"[157, 238, 223, 90, 13, 28, 220, 119, 72, 1]"
111312,"[73, 3, 26, 72, 91, 82, 17, 238, 18, 13]"
111313,"[142, 13, 238, 90, 28, 223, 119, 23, 48, 146]"
111314,"[12, 220, 187, 147, 13, 238, 90, 28, 119, 223]"
111315,"[119, 13, 27, 90, 238, 28, 223, 48, 189, 103]"
111316,"[29, 73, 13, 90, 238, 28, 119, 17, 223, 187]"
111317,"[72, 64, 26, 18, 82, 6, 138, 238, 92, 146]"
111318,"[3, 1, 23, 15, 77, 124, 29, 9, 72, 21]"
111319,"[27, 6, 9, 279, 2, 151, 51, 71, 238, 73]"
111320,"[142, 23, 1, 238, 279, 2, 90, 54, 28, 13]"
111321,"[64, 138, 23, 1, 49, 238, 72, 0, 147, 261]"
111322,"[7, 238, 138, 14, 90, 28, 146, 175, 223, 13]"
111323,"[0, 147, 97, 261, 138, 72, 238, 151, 6, 82]"
111324,"[175, 147, 238, 138, 60, 90, 146, 28, 223, 23]"
111325,"[4, 23, 1, 36, 157, 142, 24, 13, 90, 28]"
111326,"[6, 73, 15, 26, 71, 58, 149, 66, 3, 17]"
111327,"[121, 187, 220, 261, 13, 6, 90, 238, 28, 119]"
111328,"[72, 82, 3, 18, 73, 15, 17, 71, 29, 91]"
111329,"[19, 238, 13, 90, 28, 119, 223, 189, 146, 34]"
111330,"[6, 27, 15, 133, 54, 71, 72, 261, 32, 9]"
111331,"[220, 187, 261, 13, 73, 90, 238, 28, 119, 223]"
111332,"[72, 82, 105, 15, 138, 1, 238, 189, 23, 77]"
111333,"[44, 13, 90, 238, 28, 119, 223, 32, 66, 71]"
111334,"[38, 73, 261, 12, 26, 24, 23, 238, 58, 90]"
111335,"[147, 238, 13, 90, 28, 223, 119, 23, 279, 146]"
111336,"[151, 138, 238, 26, 58, 146, 72, 92, 6, 64]"
111337,"[220, 187, 54, 13, 90, 238, 28, 119, 223, 23]"
111338,"[238, 149, 138, 90, 28, 13, 122, 223, 146, 119]"
111339,"[91, 3, 124, 130, 13, 238, 82, 90, 72, 28]"
111340,"[71, 27, 9, 82, 72, 279, 77, 112, 34, 105]"
111341,"[5, 30, 2, 187, 220, 43, 49, 97, 130, 138]"
111342,"[175, 238, 261, 90, 13, 28, 45, 223, 119, 189]"
111343,"[97, 73, 49, 138, 30, 238, 58, 91, 60, 92]"
111344,"[30, 1, 23, 71, 54, 7, 49, 138, 130, 4]"
111345,"[45, 13, 90, 238, 28, 58, 187, 220, 119, 223]"
111346,"[32, 54, 13, 71, 90, 72, 238, 28, 119, 18]"
111347,"[12, 13, 90, 238, 28, 119, 223, 48, 261, 43]"
111348,"[13, 90, 238, 28, 119, 223, 48, 103, 146, 34]"
111349,"[149, 238, 90, 13, 28, 223, 60, 119, 138, 146]"
111350,"[149, 73, 238, 12, 90, 13, 28, 38, 223, 55]"
111351,"[142, 60, 27, 49, 23, 220, 187, 13, 238, 90]"
111352,"[220, 187, 13, 90, 238, 28, 119, 58, 261, 45]"
111353,"[36, 147, 261, 238, 157, 90, 13, 223, 28, 21]"
111354,"[147, 220, 238, 187, 13, 90, 28, 223, 23, 119]"
111355,"[77, 72, 82, 15, 1, 138, 23, 238, 105, 64]"
111356,"[146, 238, 72, 138, 149, 12, 82, 279, 19, 90]"
111357,"[24, 23, 49, 60, 30, 142, 220, 187, 54, 130]"
111358,"[261, 13, 147, 90, 238, 28, 119, 223, 12, 45]"
111359,"[189, 27, 13, 90, 238, 28, 119, 223, 21, 279]"
111360,"[9, 279, 34, 20, 12, 44, 2, 84, 54, 133]"
111361,"[15, 72, 18, 138, 238, 1, 9, 23, 2, 146]"
111362,"[238, 157, 4, 90, 7, 28, 13, 138, 72, 223]"
111363,"[122, 18, 238, 13, 90, 28, 119, 149, 223, 58]"
111364,"[3, 23, 1, 20, 21, 279, 2, 84, 54, 32]"
111365,"[142, 27, 238, 90, 13, 28, 223, 119, 146, 138]"
111366,"[72, 82, 73, 26, 138, 15, 238, 18, 58, 12]"
111367,"[5, 6, 97, 91, 13, 90, 76, 238, 3, 28]"
111368,"[38, 238, 138, 90, 28, 13, 66, 175, 223, 149]"
111369,"[147, 157, 238, 23, 223, 97, 90, 28, 13, 138]"
111370,"[121, 261, 13, 60, 90, 12, 238, 28, 279, 23]"
111371,"[55, 238, 13, 90, 28, 119, 223, 146, 48, 103]"
111372,"[220, 187, 13, 27, 90, 238, 28, 119, 223, 103]"
111373,"[6, 71, 73, 13, 90, 19, 28, 238, 58, 119]"
111374,"[13, 238, 90, 223, 28, 157, 119, 149, 146, 48]"
111375,"[97, 138, 238, 105, 15, 64, 72, 2, 146, 92]"
111376,"[41, 73, 6, 27, 147, 45, 30, 9, 151, 25]"
111377,"[12, 220, 187, 13, 238, 90, 28, 119, 223, 112]"
111378,"[71, 27, 18, 72, 15, 82, 44, 279, 58, 13]"
111379,"[25, 220, 187, 82, 72, 58, 6, 23, 12, 261]"
111380,"[30, 138, 238, 146, 64, 97, 92, 105, 72, 151]"
111381,"[220, 187, 13, 12, 58, 90, 45, 238, 28, 261]"
111382,"[64, 73, 138, 238, 92, 72, 146, 15, 38, 55]"
111383,"[44, 13, 90, 28, 238, 119, 223, 48, 34, 279]"
111384,"[220, 187, 13, 90, 238, 28, 119, 223, 112, 103]"
111385,"[149, 238, 90, 13, 28, 223, 146, 119, 138, 72]"
111386,"[60, 23, 13, 238, 90, 24, 28, 1, 220, 187]"
111387,"[24, 23, 4, 17, 54, 49, 7, 138, 142, 238]"
111388,"[44, 13, 90, 238, 28, 119, 149, 223, 32, 71]"
111389,"[84, 1, 23, 13, 90, 28, 238, 119, 34, 2]"
111390,"[3, 21, 27, 77, 105, 73, 130, 91, 29, 4]"
111391,"[14, 23, 1, 189, 157, 279, 238, 261, 21, 20]"
111392,"[44, 13, 90, 238, 28, 21, 119, 20, 223, 34]"
111393,"[122, 238, 90, 28, 13, 138, 223, 119, 146, 23]"
111394,"[36, 238, 21, 90, 72, 28, 223, 13, 138, 1]"
111395,"[238, 13, 90, 28, 223, 119, 157, 32, 1, 23]"
111396,"[91, 73, 12, 261, 26, 58, 72, 60, 32, 279]"
111397,"[24, 23, 14, 73, 261, 238, 279, 138, 90, 28]"
111398,"[72, 82, 138, 1, 23, 238, 49, 151, 105, 77]"
111399,"[138, 73, 238, 15, 23, 1, 189, 72, 146, 64]"
111400,"[55, 238, 23, 77, 1, 20, 138, 90, 189, 223]"
111401,"[15, 18, 72, 138, 238, 27, 146, 64, 92, 105]"
111402,"[38, 238, 138, 90, 28, 13, 223, 146, 119, 7]"
111403,"[103, 13, 90, 238, 28, 119, 223, 45, 157, 48]"
111404,"[66, 238, 26, 13, 90, 28, 223, 119, 18, 146]"
111405,"[51, 2, 27, 279, 23, 1, 54, 9, 32, 20]"
111406,"[29, 21, 36, 147, 77, 189, 112, 54, 279, 27]"
111407,"[51, 27, 279, 41, 6, 13, 90, 28, 238, 119]"
111408,"[151, 72, 82, 138, 238, 1, 23, 97, 0, 49]"
111409,"[92, 138, 97, 49, 238, 0, 151, 73, 41, 105]"
111410,"[133, 72, 26, 38, 19, 82, 138, 55, 44, 238]"
111411,"[73, 6, 18, 91, 26, 72, 12, 17, 261, 82]"
111412,"[41, 6, 220, 187, 12, 23, 45, 49, 261, 58]"
111413,"[238, 157, 90, 28, 13, 138, 223, 146, 119, 32]"
111414,"[261, 13, 90, 238, 28, 119, 223, 6, 48, 103]"
111415,"[91, 2, 124, 279, 13, 238, 90, 28, 3, 119]"
111416,"[44, 13, 90, 238, 28, 119, 223, 149, 32, 48]"
111417,"[1, 23, 138, 54, 238, 49, 2, 60, 84, 24]"
111418,"[36, 27, 157, 13, 90, 238, 223, 28, 119, 21]"
111419,"[92, 138, 147, 26, 49, 60, 238, 97, 72, 23]"
111420,"[13, 90, 238, 28, 119, 223, 32, 48, 261, 103]"
111421,"[84, 13, 90, 34, 187, 220, 238, 28, 119, 223]"
111422,"[27, 13, 157, 90, 238, 28, 119, 223, 112, 261]"
111423,"[77, 73, 138, 26, 238, 72, 30, 97, 92, 23]"
111424,"[32, 9, 44, 13, 90, 28, 238, 149, 119, 223]"
111425,"[58, 13, 27, 90, 238, 28, 119, 223, 48, 34]"
111426,"[41, 6, 82, 72, 220, 187, 261, 58, 73, 49]"
111427,"[48, 20, 261, 13, 90, 238, 28, 119, 279, 223]"
111428,"[82, 72, 138, 238, 26, 92, 149, 146, 64, 105]"
111429,"[2, 82, 72, 27, 44, 9, 71, 20, 279, 5]"
111430,"[121, 187, 220, 13, 90, 12, 238, 28, 261, 119]"
111431,"[91, 6, 73, 130, 97, 13, 49, 90, 238, 28]"
111432,"[279, 23, 60, 138, 238, 147, 146, 72, 90, 28]"
111433,"[146, 26, 147, 238, 18, 58, 90, 13, 28, 72]"
111434,"[41, 12, 30, 26, 6, 45, 220, 187, 25, 58]"
111435,"[2, 27, 6, 71, 13, 41, 25, 90, 28, 238]"
111436,"[45, 27, 13, 90, 238, 28, 119, 223, 279, 48]"
111437,"[20, 13, 90, 238, 28, 119, 223, 27, 9, 279]"
111438,"[66, 14, 238, 90, 23, 28, 13, 138, 189, 223]"
111439,"[119, 13, 23, 90, 238, 28, 60, 20, 279, 12]"
111440,"[7, 23, 1, 142, 60, 24, 238, 13, 90, 28]"
111441,"[17, 73, 7, 42, 130, 142, 72, 13, 29, 0]"
111442,"[220, 187, 261, 23, 279, 14, 13, 90, 32, 60]"
111443,"[34, 23, 1, 187, 220, 13, 90, 238, 28, 119]"
111444,"[220, 187, 23, 43, 49, 42, 60, 1, 24, 14]"
111445,"[2, 54, 1, 23, 34, 5, 84, 44, 13, 28]"
111446,"[82, 72, 77, 138, 238, 73, 90, 0, 28, 146]"
111447,"[97, 157, 138, 238, 105, 151, 146, 64, 9, 27]"
111448,"[73, 261, 30, 48, 121, 97, 45, 49, 0, 14]"
111449,"[27, 51, 279, 25, 261, 41, 151, 45, 48, 97]"
111450,"[77, 138, 72, 82, 238, 15, 7, 54, 146, 64]"
111451,"[28, 13, 24, 90, 238, 119, 66, 223, 189, 175]"
111452,"[220, 187, 13, 34, 90, 238, 28, 23, 119, 223]"
111453,"[38, 13, 238, 90, 28, 119, 223, 149, 175, 48]"
111454,"[220, 187, 13, 90, 28, 238, 119, 223, 54, 48]"
111455,"[1, 23, 2, 42, 34, 13, 90, 238, 28, 119]"
111456,"[130, 1, 23, 54, 49, 13, 90, 28, 5, 29]"
111457,"[19, 157, 189, 238, 21, 138, 90, 28, 13, 223]"
111458,"[157, 147, 14, 261, 138, 220, 238, 23, 223, 279]"
111459,"[24, 28, 238, 13, 90, 223, 119, 146, 175, 73]"
111460,"[19, 238, 138, 90, 28, 146, 38, 92, 13, 223]"
111461,"[38, 6, 26, 133, 147, 149, 66, 238, 58, 14]"
111462,"[45, 13, 90, 238, 28, 119, 223, 32, 48, 34]"
111463,"[13, 90, 238, 28, 119, 223, 58, 48, 103, 146]"
111464,"[48, 13, 90, 238, 28, 119, 220, 187, 223, 44]"
111465,"[18, 73, 72, 82, 138, 15, 19, 238, 38, 92]"
111466,"[72, 82, 15, 138, 189, 0, 97, 238, 77, 49]"
111467,"[71, 27, 9, 279, 20, 72, 82, 15, 77, 5]"
111468,"[133, 238, 189, 90, 13, 28, 223, 119, 138, 146]"
111469,"[151, 147, 27, 138, 238, 97, 49, 0, 90, 146]"
111470,"[21, 187, 238, 223, 157, 90, 13, 20, 28, 119]"
111471,"[92, 147, 220, 138, 187, 238, 49, 24, 151, 0]"
111472,"[26, 92, 18, 73, 58, 6, 72, 138, 15, 64]"
111473,"[12, 13, 90, 238, 261, 28, 119, 48, 223, 220]"
111474,"[36, 238, 13, 90, 28, 223, 119, 55, 17, 149]"
111475,"[58, 146, 26, 73, 13, 238, 90, 28, 12, 133]"
111476,"[24, 23, 4, 238, 13, 34, 90, 28, 119, 223]"
111477,"[157, 147, 90, 238, 21, 189, 13, 223, 28, 119]"
111478,"[17, 279, 42, 91, 238, 90, 138, 29, 28, 13]"
111479,"[58, 12, 13, 90, 238, 28, 119, 223, 48, 103]"
111480,"[66, 238, 90, 13, 28, 279, 223, 60, 119, 138]"
111481,"[97, 147, 21, 261, 138, 0, 72, 151, 49, 238]"
111482,"[54, 2, 23, 279, 60, 1, 13, 90, 28, 238]"
111483,"[91, 73, 26, 12, 6, 38, 17, 149, 72, 66]"
111484,"[105, 147, 138, 151, 97, 0, 238, 36, 92, 49]"
111485,"[36, 238, 13, 90, 28, 223, 149, 55, 119, 66]"
111486,"[25, 6, 220, 187, 12, 24, 44, 58, 121, 23]"
111487,"[77, 138, 1, 23, 15, 238, 64, 72, 146, 92]"
111488,"[71, 9, 13, 72, 73, 51, 90, 82, 28, 238]"
111489,"[25, 27, 9, 279, 51, 13, 119, 90, 157, 97]"
111490,"[133, 24, 147, 238, 90, 142, 13, 28, 38, 21]"
111491,"[51, 1, 23, 72, 27, 2, 54, 82, 279, 9]"
111492,"[157, 21, 9, 223, 238, 90, 36, 13, 28, 149]"
111493,"[25, 27, 54, 279, 82, 72, 9, 13, 105, 90]"
111494,"[72, 82, 1, 23, 138, 238, 97, 49, 261, 0]"
111495,"[29, 21, 157, 261, 147, 14, 189, 20, 103, 175]"
111496,"[18, 72, 1, 23, 138, 2, 21, 238, 189, 20]"
111497,"[82, 72, 1, 189, 23, 15, 27, 138, 77, 238]"
111498,"[24, 23, 4, 60, 49, 142, 13, 90, 238, 28]"
111499,"[119, 13, 90, 238, 28, 189, 27, 223, 103, 48]"
111500,"[49, 1, 138, 23, 7, 238, 30, 64, 72, 54]"
111501,"[147, 146, 220, 187, 26, 261, 238, 138, 23, 60]"
111502,"[45, 13, 261, 90, 238, 28, 119, 223, 48, 76]"
111503,"[41, 220, 187, 12, 58, 6, 73, 82, 43, 76]"
111504,"[14, 23, 138, 238, 17, 146, 90, 28, 64, 223]"
111505,"[66, 12, 73, 238, 72, 90, 26, 138, 28, 146]"
111506,"[29, 261, 13, 90, 238, 28, 119, 41, 223, 45]"
111507,"[66, 238, 90, 13, 28, 223, 119, 138, 146, 189]"
111508,"[112, 45, 13, 14, 90, 238, 28, 119, 261, 223]"
111509,"[15, 72, 82, 1, 189, 77, 23, 138, 105, 238]"
111510,"[0, 72, 82, 138, 238, 18, 92, 146, 54, 97]"
111511,"[30, 72, 82, 138, 238, 15, 97, 77, 105, 0]"
111512,"[4, 13, 90, 23, 28, 34, 238, 1, 119, 223]"
111513,"[45, 261, 13, 90, 238, 28, 147, 119, 223, 48]"
111514,"[13, 90, 238, 28, 119, 223, 32, 48, 103, 146]"
111515,"[17, 66, 122, 15, 29, 157, 13, 3, 91, 19]"
111516,"[157, 13, 238, 90, 21, 28, 27, 189, 119, 223]"
111517,"[24, 23, 189, 238, 138, 90, 28, 13, 55, 146]"
111518,"[25, 27, 71, 2, 279, 13, 90, 238, 28, 119]"
111519,"[84, 13, 90, 238, 28, 119, 223, 20, 25, 103]"
111520,"[25, 157, 6, 29, 73, 103, 20, 279, 138, 51]"
111521,"[21, 189, 279, 23, 36, 90, 20, 157, 238, 13]"
111522,"[41, 27, 9, 279, 13, 105, 90, 77, 28, 238]"
111523,"[223, 238, 13, 90, 28, 119, 146, 48, 103, 142]"
111524,"[73, 72, 82, 138, 77, 105, 238, 15, 175, 97]"
111525,"[15, 72, 18, 138, 238, 54, 149, 71, 64, 82]"
111526,"[149, 23, 238, 1, 21, 138, 90, 279, 28, 223]"
111527,"[157, 238, 223, 13, 90, 28, 189, 220, 119, 19]"
111528,"[130, 73, 34, 5, 26, 30, 105, 84, 49, 138]"
111529,"[157, 27, 119, 13, 90, 238, 28, 223, 9, 279]"
111530,"[122, 58, 238, 12, 13, 90, 28, 133, 119, 223]"
111531,"[5, 261, 279, 6, 72, 82, 133, 23, 138, 48]"
111532,"[34, 54, 13, 90, 238, 28, 119, 223, 84, 7]"
111533,"[220, 187, 13, 23, 90, 54, 28, 238, 119, 1]"
111534,"[18, 72, 82, 26, 138, 6, 92, 238, 147, 64]"
111535,"[122, 238, 18, 90, 13, 28, 223, 119, 138, 146]"
111536,"[7, 238, 60, 90, 13, 28, 220, 187, 23, 223]"
111537,"[32, 13, 2, 90, 238, 28, 119, 223, 21, 48]"
111538,"[261, 147, 13, 90, 238, 28, 119, 73, 223, 48]"
111539,"[27, 5, 279, 32, 21, 71, 15, 72, 9, 82]"
111540,"[18, 72, 27, 82, 157, 138, 238, 21, 77, 1]"
111541,"[72, 82, 18, 15, 138, 64, 26, 238, 66, 149]"
111542,"[119, 189, 21, 13, 27, 157, 20, 90, 238, 28]"
111543,"[112, 261, 13, 90, 238, 28, 119, 223, 20, 279]"
111544,"[146, 238, 13, 90, 28, 119, 223, 187, 220, 76]"
111545,"[105, 72, 138, 82, 147, 151, 0, 97, 261, 238]"
111546,"[29, 73, 261, 147, 17, 9, 48, 13, 151, 20]"
111547,"[72, 64, 82, 26, 138, 18, 6, 238, 92, 49]"
111548,"[157, 147, 261, 238, 223, 14, 138, 220, 90, 28]"
111549,"[1, 23, 15, 72, 27, 138, 73, 105, 77, 82]"
111550,"[38, 238, 138, 90, 28, 189, 223, 13, 146, 119]"
111551,"[261, 60, 13, 90, 238, 28, 279, 23, 32, 119]"
111552,"[48, 73, 13, 147, 90, 238, 28, 119, 223, 103]"
111553,"[20, 27, 157, 13, 90, 238, 28, 119, 223, 279]"
111554,"[17, 73, 58, 18, 13, 90, 28, 238, 119, 44]"
111555,"[21, 187, 13, 238, 90, 28, 223, 119, 34, 27]"
111556,"[48, 27, 13, 90, 238, 28, 119, 223, 9, 279]"
111557,"[15, 72, 82, 138, 1, 189, 23, 238, 122, 19]"
111558,"[124, 41, 9, 54, 82, 77, 72, 21, 147, 112]"
111559,"[119, 20, 13, 261, 90, 238, 28, 223, 279, 189]"
111560,"[44, 13, 90, 238, 28, 119, 223, 48, 103, 146]"
111561,"[1, 23, 54, 49, 72, 138, 30, 238, 7, 146]"
111562,"[26, 72, 73, 15, 138, 238, 71, 64, 91, 92]"
111563,"[43, 220, 187, 13, 90, 28, 238, 119, 223, 84]"
111564,"[58, 73, 13, 90, 238, 28, 119, 32, 12, 223]"
111565,"[7, 220, 187, 60, 147, 44, 238, 4, 23, 138]"
111566,"[77, 73, 138, 238, 30, 92, 72, 49, 64, 146]"
111567,"[220, 187, 43, 13, 90, 238, 28, 119, 223, 121]"
111568,"[151, 73, 189, 97, 0, 147, 49, 21, 41, 138]"
111569,"[60, 23, 54, 1, 238, 90, 28, 157, 13, 138]"
111570,"[97, 0, 73, 151, 261, 138, 14, 238, 41, 45]"
111571,"[3, 1, 72, 82, 23, 21, 9, 84, 29, 34]"
111572,"[34, 13, 90, 238, 28, 119, 223, 103, 32, 48]"
111573,"[238, 90, 138, 28, 13, 147, 223, 146, 119, 55]"
111574,"[14, 21, 23, 261, 238, 147, 187, 90, 13, 28]"
111575,"[48, 13, 90, 238, 28, 119, 223, 58, 187, 220]"
111576,"[84, 220, 187, 13, 54, 90, 238, 28, 119, 223]"
111577,"[151, 72, 138, 82, 238, 1, 23, 64, 146, 18]"
111578,"[32, 261, 13, 90, 238, 28, 119, 223, 48, 103]"
111579,"[34, 1, 23, 84, 54, 13, 42, 220, 187, 90]"
111580,"[121, 13, 90, 238, 28, 119, 44, 223, 20, 112]"
111581,"[21, 54, 77, 189, 238, 261, 20, 23, 279, 36]"
111582,"[105, 72, 157, 82, 138, 238, 15, 71, 64, 90]"
111583,"[76, 187, 220, 13, 90, 58, 238, 28, 119, 223]"
111584,"[13, 90, 238, 28, 119, 157, 223, 73, 25, 48]"
111585,"[147, 189, 23, 21, 27, 77, 223, 238, 138, 175]"
111586,"[2, 187, 220, 54, 30, 121, 124, 84, 43, 13]"
111587,"[38, 30, 238, 147, 90, 14, 45, 28, 13, 138]"
111588,"[19, 72, 82, 157, 149, 15, 238, 122, 54, 66]"
111589,"[18, 72, 82, 138, 77, 21, 157, 238, 27, 1]"
111590,"[21, 187, 26, 238, 138, 223, 147, 146, 90, 72]"
111591,"[24, 23, 60, 49, 142, 73, 12, 14, 21, 38]"
111592,"[279, 27, 54, 13, 90, 23, 77, 238, 28, 119]"
111593,"[51, 9, 73, 27, 2, 279, 157, 25, 29, 20]"
111594,"[84, 27, 13, 90, 238, 28, 119, 223, 32, 279]"
111595,"[1, 23, 42, 54, 13, 238, 90, 28, 29, 119]"
111596,"[19, 73, 238, 90, 13, 28, 189, 223, 119, 26]"
111597,"[97, 147, 261, 138, 151, 0, 49, 157, 21, 14]"
111598,"[220, 187, 13, 90, 238, 28, 119, 223, 48, 58]"
111599,"[122, 238, 13, 90, 28, 119, 223, 146, 48, 103]"
111600,"[133, 157, 238, 90, 28, 13, 138, 223, 119, 146]"
111601,"[54, 82, 72, 279, 27, 9, 157, 21, 20, 32]"
111602,"[19, 238, 189, 90, 28, 138, 13, 14, 223, 146]"
111603,"[15, 72, 138, 238, 146, 64, 92, 105, 30, 23]"
111604,"[91, 73, 25, 220, 187, 151, 49, 130, 105, 0]"
111605,"[5, 27, 36, 51, 279, 112, 55, 44, 71, 3]"
111606,"[77, 27, 157, 15, 189, 21, 73, 72, 175, 97]"
111607,"[41, 82, 72, 220, 187, 6, 27, 49, 58, 13]"
111608,"[0, 58, 138, 26, 238, 72, 146, 30, 64, 92]"
111609,"[189, 21, 238, 13, 90, 28, 77, 157, 223, 15]"
111610,"[20, 187, 220, 13, 90, 238, 28, 58, 119, 223]"
111611,"[189, 27, 21, 238, 90, 13, 28, 223, 77, 147]"
111612,"[223, 13, 90, 28, 238, 119, 34, 44, 66, 189]"
111613,"[27, 279, 32, 138, 238, 9, 10, 90, 146, 71]"
111614,"[36, 60, 238, 23, 14, 138, 90, 28, 223, 13]"
111615,"[29, 32, 23, 1, 157, 279, 21, 17, 60, 84]"
111616,"[21, 119, 147, 157, 13, 45, 20, 90, 238, 36]"
111617,"[54, 1, 23, 220, 187, 279, 60, 2, 24, 43]"
111618,"[27, 279, 13, 90, 119, 238, 28, 223, 23, 103]"
111619,"[0, 97, 189, 91, 138, 151, 23, 27, 6, 14]"
111620,"[26, 6, 58, 146, 147, 238, 18, 72, 90, 13]"
111621,"[26, 72, 6, 82, 18, 138, 15, 238, 147, 92]"
111622,"[189, 26, 238, 90, 28, 13, 138, 223, 146, 119]"
111623,"[27, 279, 71, 142, 73, 54, 84, 34, 2, 5]"
111624,"[149, 238, 90, 13, 28, 223, 60, 138, 147, 119]"
111625,"[238, 90, 13, 28, 261, 223, 119, 147, 279, 146]"
111626,"[121, 13, 90, 238, 28, 119, 223, 45, 12, 48]"
111627,"[73, 76, 220, 187, 13, 90, 261, 238, 28, 119]"
111628,"[55, 77, 157, 238, 90, 13, 28, 223, 7, 4]"
111629,"[112, 157, 27, 13, 9, 90, 238, 28, 119, 223]"
111630,"[6, 73, 71, 18, 58, 2, 32, 9, 91, 15]"
111631,"[151, 73, 138, 12, 49, 26, 30, 91, 238, 261]"
111632,"[48, 13, 21, 90, 238, 28, 119, 223, 20, 112]"
111633,"[30, 26, 147, 138, 151, 38, 97, 72, 238, 25]"
111634,"[27, 124, 9, 279, 6, 41, 13, 90, 151, 28]"
111635,"[4, 23, 60, 13, 1, 90, 238, 28, 119, 223]"
111636,"[189, 147, 261, 238, 157, 90, 13, 28, 14, 223]"
111637,"[77, 138, 72, 15, 1, 64, 2, 238, 23, 71]"
111638,"[44, 13, 90, 238, 28, 119, 223, 48, 54, 32]"
111639,"[157, 27, 13, 90, 238, 28, 119, 223, 9, 279]"
111640,"[48, 13, 90, 238, 28, 119, 223, 103, 189, 146]"
111641,"[1, 23, 42, 2, 34, 13, 43, 90, 238, 28]"
111642,"[151, 26, 138, 49, 72, 30, 238, 64, 261, 146]"
111643,"[279, 23, 238, 90, 28, 138, 13, 146, 223, 60]"
111644,"[23, 24, 220, 187, 1, 73, 42, 60, 34, 49]"
111645,"[55, 238, 189, 90, 28, 13, 21, 223, 23, 138]"
111646,"[189, 147, 261, 14, 21, 238, 0, 97, 23, 175]"
111647,"[124, 9, 157, 77, 82, 72, 51, 21, 29, 103]"
111648,"[103, 261, 13, 147, 90, 238, 28, 119, 223, 279]"
111649,"[73, 3, 91, 23, 279, 29, 1, 138, 238, 130]"
111650,"[121, 13, 58, 90, 238, 28, 119, 223, 48, 6]"
111651,"[220, 187, 13, 238, 90, 28, 119, 223, 12, 112]"
111652,"[41, 2, 124, 27, 279, 71, 30, 44, 12, 238]"
111653,"[26, 72, 73, 12, 138, 15, 91, 97, 238, 58]"
111654,"[124, 77, 82, 72, 9, 21, 27, 29, 54, 51]"
111655,"[12, 13, 90, 238, 28, 119, 32, 223, 44, 71]"
111656,"[92, 138, 238, 27, 64, 146, 72, 105, 77, 97]"
111657,"[18, 72, 138, 238, 146, 90, 28, 64, 0, 92]"
111658,"[24, 220, 23, 187, 142, 60, 26, 38, 49, 30]"
111659,"[124, 9, 157, 149, 73, 77, 21, 105, 20, 27]"
111660,"[27, 279, 9, 54, 157, 29, 149, 124, 71, 142]"
111661,"[29, 60, 73, 238, 13, 90, 54, 28, 23, 43]"
111662,"[77, 73, 138, 30, 238, 15, 64, 151, 72, 146]"
111663,"[51, 82, 72, 27, 5, 71, 34, 279, 15, 54]"
111664,"[72, 82, 105, 15, 138, 238, 1, 64, 77, 23]"
111665,"[76, 58, 12, 13, 90, 238, 28, 119, 223, 48]"
111666,"[119, 27, 13, 90, 238, 28, 223, 48, 103, 279]"
111667,"[91, 261, 60, 73, 23, 14, 279, 130, 142, 138]"
111668,"[45, 13, 90, 238, 28, 119, 58, 223, 73, 48]"
111669,"[12, 13, 90, 238, 28, 119, 223, 32, 48, 103]"
111670,"[54, 23, 1, 220, 187, 279, 14, 34, 60, 12]"
111671,"[36, 157, 21, 238, 223, 147, 90, 13, 28, 119]"
111672,"[151, 26, 138, 238, 30, 49, 72, 146, 92, 105]"
111673,"[220, 187, 13, 90, 238, 28, 119, 223, 48, 103]"
111674,"[60, 23, 238, 90, 13, 28, 151, 157, 223, 138]"
111675,"[30, 49, 71, 24, 7, 138, 23, 238, 60, 146]"
111676,"[223, 13, 238, 90, 28, 119, 261, 36, 189, 45]"
111677,"[103, 13, 90, 28, 238, 32, 119, 223, 279, 34]"
111678,"[189, 26, 238, 4, 138, 90, 7, 28, 19, 72]"
111679,"[279, 23, 220, 187, 60, 24, 49, 238, 13, 30]"
111680,"[91, 73, 6, 30, 26, 45, 38, 58, 12, 92]"
111681,"[73, 261, 142, 0, 91, 23, 97, 1, 130, 147]"
111682,"[51, 73, 18, 9, 15, 2, 71, 5, 84, 27]"
111683,"[5, 73, 82, 49, 72, 4, 34, 84, 175, 142]"
111684,"[41, 72, 220, 187, 12, 82, 261, 49, 25, 73]"
111685,"[29, 13, 90, 238, 28, 119, 223, 48, 103, 146]"
111686,"[73, 26, 58, 12, 91, 18, 72, 261, 38, 6]"
111687,"[44, 13, 149, 90, 28, 238, 72, 119, 82, 223]"
111688,"[220, 187, 261, 13, 90, 238, 28, 119, 223, 48]"
111689,"[6, 72, 27, 18, 82, 73, 58, 17, 71, 279]"
111690,"[49, 73, 30, 14, 26, 261, 97, 138, 38, 72]"
111691,"[27, 73, 130, 279, 25, 9, 2, 15, 91, 261]"
111692,"[149, 238, 60, 90, 28, 13, 138, 32, 146, 223]"
111693,"[71, 2, 13, 90, 73, 28, 238, 124, 119, 223]"
111694,"[44, 13, 90, 238, 28, 119, 223, 48, 103, 279]"
111695,"[112, 13, 90, 238, 28, 119, 157, 223, 103, 21]"
111696,"[21, 7, 157, 44, 279, 189, 238, 13, 90, 28]"
111697,"[29, 13, 90, 238, 28, 119, 223, 32, 48, 103]"
111698,"[12, 187, 220, 13, 72, 90, 82, 238, 28, 119]"
111699,"[29, 238, 13, 90, 73, 28, 119, 223, 146, 48]"
111700,"[0, 54, 27, 138, 77, 72, 147, 238, 82, 97]"
111701,"[55, 1, 23, 189, 238, 21, 157, 90, 28, 13]"
111702,"[76, 13, 90, 238, 28, 149, 119, 223, 48, 103]"
111703,"[72, 82, 238, 4, 90, 28, 13, 17, 7, 223]"
111704,"[142, 23, 30, 24, 49, 13, 90, 28, 238, 54]"
111705,"[238, 146, 90, 157, 28, 13, 138, 223, 119, 60]"
111706,"[189, 223, 238, 21, 90, 13, 28, 119, 146, 15]"
111707,"[23, 1, 54, 220, 187, 28, 4, 238, 13, 142]"
111708,"[49, 138, 6, 105, 147, 72, 238, 26, 18, 92]"
111709,"[48, 13, 90, 238, 28, 119, 223, 112, 103, 187]"
111710,"[133, 72, 82, 19, 138, 238, 38, 73, 279, 122]"
111711,"[26, 6, 147, 146, 58, 60, 14, 133, 238, 72]"
111712,"[261, 13, 90, 21, 238, 28, 119, 223, 48, 20]"
111713,"[130, 1, 23, 2, 27, 72, 3, 15, 142, 29]"
111714,"[38, 14, 60, 23, 261, 30, 45, 147, 138, 133]"
111715,"[1, 23, 54, 49, 30, 72, 138, 238, 26, 7]"
111716,"[220, 187, 13, 90, 238, 28, 119, 223, 58, 48]"
111717,"[189, 238, 90, 13, 28, 223, 119, 146, 138, 48]"
111718,"[149, 58, 13, 238, 90, 28, 119, 223, 73, 146]"
111719,"[55, 77, 238, 189, 90, 28, 138, 223, 13, 4]"
111720,"[44, 13, 90, 28, 238, 119, 223, 48, 27, 279]"
111721,"[130, 220, 187, 49, 73, 121, 60, 91, 43, 23]"
111722,"[43, 13, 187, 220, 90, 238, 28, 119, 223, 84]"
111723,"[12, 13, 90, 220, 187, 238, 28, 119, 223, 76]"
111724,"[157, 238, 90, 13, 223, 28, 119, 146, 26, 138]"
111725,"[27, 103, 13, 90, 157, 238, 28, 119, 223, 279]"
111726,"[189, 60, 238, 90, 28, 138, 13, 23, 223, 279]"
111727,"[72, 82, 15, 73, 18, 26, 189, 138, 64, 238]"
111728,"[24, 23, 138, 279, 147, 238, 60, 122, 21, 72]"
111729,"[77, 138, 238, 26, 72, 146, 64, 92, 105, 30]"
111730,"[105, 138, 26, 238, 72, 64, 25, 146, 92, 30]"
111731,"[43, 13, 90, 238, 28, 119, 223, 48, 121, 60]"
111732,"[2, 27, 6, 25, 41, 13, 90, 238, 28, 279]"
111733,"[18, 72, 138, 26, 238, 92, 64, 82, 146, 6]"
111734,"[60, 23, 147, 26, 151, 238, 90, 13, 28, 146]"
111735,"[29, 147, 36, 73, 261, 41, 13, 14, 90, 238]"
111736,"[48, 261, 13, 14, 90, 238, 28, 119, 223, 147]"
111737,"[25, 6, 187, 220, 58, 12, 24, 121, 44, 13]"
111738,"[18, 72, 26, 138, 238, 64, 149, 15, 1, 66]"
111739,"[13, 238, 90, 28, 119, 223, 32, 261, 48, 146]"
111740,"[12, 13, 90, 238, 28, 119, 223, 187, 220, 103]"
111741,"[18, 72, 138, 238, 0, 151, 146, 90, 28, 97]"
111742,"[26, 72, 27, 138, 238, 77, 49, 105, 64, 146]"
111743,"[41, 27, 9, 5, 71, 279, 6, 2, 18, 44]"
111744,"[45, 261, 13, 90, 238, 28, 119, 48, 223, 58]"
111745,"[189, 119, 13, 73, 90, 157, 238, 28, 223, 103]"
111746,"[73, 24, 13, 142, 90, 187, 238, 220, 28, 42]"
111747,"[1, 23, 138, 72, 26, 238, 146, 64, 97, 92]"
111748,"[84, 54, 13, 90, 220, 238, 187, 28, 119, 223]"
111749,"[20, 21, 157, 27, 13, 189, 90, 119, 279, 238]"
111750,"[147, 238, 138, 23, 90, 223, 28, 146, 13, 55]"
111751,"[49, 30, 138, 238, 5, 72, 23, 175, 1, 2]"
111752,"[28, 13, 238, 90, 60, 119, 220, 187, 23, 223]"
111753,"[13, 90, 238, 28, 119, 223, 261, 48, 103, 151]"
111754,"[18, 72, 82, 73, 15, 71, 27, 189, 138, 64]"
111755,"[121, 54, 13, 90, 220, 187, 238, 28, 119, 43]"
111756,"[24, 23, 49, 60, 220, 187, 54, 238, 30, 90]"
111757,"[147, 238, 138, 23, 223, 90, 28, 146, 55, 149]"
111758,"[1, 23, 130, 2, 54, 5, 27, 49, 34, 72]"
111759,"[14, 23, 189, 13, 238, 90, 28, 45, 223, 119]"
111760,"[9, 279, 45, 27, 124, 76, 41, 13, 28, 90]"
111761,"[18, 72, 82, 15, 138, 238, 64, 71, 149, 27]"
111762,"[1, 23, 54, 24, 238, 13, 90, 28, 142, 119]"
111763,"[54, 73, 6, 238, 13, 90, 279, 28, 119, 223]"
111764,"[12, 13, 90, 238, 28, 54, 119, 223, 44, 48]"
111765,"[76, 58, 13, 90, 238, 28, 119, 223, 12, 187]"
111766,"[29, 77, 21, 112, 36, 147, 17, 189, 54, 41]"
111767,"[149, 21, 60, 23, 157, 238, 138, 279, 147, 90]"
111768,"[189, 21, 28, 157, 13, 72, 238, 15, 90, 119]"
111769,"[82, 72, 138, 238, 18, 92, 64, 146, 71, 6]"
111770,"[9, 71, 279, 91, 25, 238, 90, 3, 13, 28]"
111771,"[92, 138, 27, 238, 105, 64, 72, 151, 146, 18]"
111772,"[44, 13, 90, 238, 28, 119, 223, 6, 34, 48]"
111773,"[82, 72, 138, 238, 157, 27, 146, 64, 92, 105]"
111774,"[238, 13, 90, 28, 119, 223, 146, 48, 142, 103]"
111775,"[189, 27, 157, 21, 77, 279, 238, 13, 90, 223]"
111776,"[15, 72, 138, 238, 146, 64, 92, 105, 90, 97]"
111777,"[142, 73, 58, 13, 90, 238, 28, 119, 223, 48]"
111778,"[147, 238, 157, 90, 13, 223, 28, 119, 36, 45]"
111779,"[25, 27, 261, 6, 54, 147, 0, 279, 97, 9]"
111780,"[44, 73, 13, 90, 238, 28, 119, 223, 48, 149]"
111781,"[9, 279, 54, 71, 34, 44, 103, 84, 51, 42]"
111782,"[30, 138, 238, 18, 105, 64, 72, 15, 146, 151]"
111783,"[55, 18, 238, 147, 90, 28, 138, 13, 26, 146]"
111784,"[30, 71, 138, 238, 14, 26, 133, 72, 146, 151]"
111785,"[0, 261, 73, 97, 14, 151, 147, 138, 45, 41]"
111786,"[41, 6, 30, 49, 261, 58, 38, 2, 23, 13]"
111787,"[66, 26, 72, 238, 13, 90, 18, 28, 58, 223]"
111788,"[279, 13, 90, 238, 28, 119, 223, 45, 23, 261]"
111789,"[142, 27, 13, 238, 90, 28, 223, 119, 279, 23]"
111790,"[55, 189, 238, 90, 13, 28, 223, 119, 175, 157]"
111791,"[58, 73, 6, 13, 187, 90, 220, 238, 28, 26]"
111792,"[84, 13, 90, 238, 28, 119, 223, 48, 103, 76]"
111793,"[122, 26, 238, 38, 90, 28, 13, 6, 223, 138]"
111794,"[55, 238, 13, 90, 58, 28, 119, 223, 146, 133]"
111795,"[49, 54, 23, 138, 1, 238, 105, 72, 18, 24]"
111796,"[122, 26, 238, 138, 90, 28, 13, 146, 72, 223]"
111797,"[17, 54, 72, 71, 15, 19, 82, 73, 149, 13]"
111798,"[14, 23, 261, 238, 90, 13, 28, 223, 12, 189]"
111799,"[279, 13, 90, 58, 238, 28, 119, 23, 223, 34]"
111800,"[146, 189, 238, 13, 90, 28, 119, 223, 34, 48]"
111801,"[3, 23, 1, 279, 91, 261, 138, 130, 238, 2]"
111802,"[238, 23, 146, 90, 138, 279, 28, 13, 60, 175]"
111803,"[151, 73, 91, 30, 138, 26, 12, 238, 49, 261]"
111804,"[76, 13, 90, 238, 28, 119, 223, 48, 147, 27]"
111805,"[55, 72, 12, 82, 15, 238, 66, 149, 189, 157]"
111806,"[2, 54, 5, 1, 23, 13, 10, 84, 90, 72]"
111807,"[66, 21, 72, 13, 90, 238, 28, 119, 82, 223]"
111808,"[220, 187, 13, 23, 90, 28, 238, 119, 34, 223]"
111809,"[49, 220, 187, 23, 24, 1, 30, 138, 7, 72]"
111810,"[49, 138, 105, 238, 73, 72, 189, 146, 64, 27]"
111811,"[24, 23, 220, 187, 13, 90, 28, 142, 238, 119]"
111812,"[82, 72, 6, 138, 238, 1, 23, 92, 146, 64]"
111813,"[18, 72, 138, 238, 151, 64, 1, 15, 146, 23]"
111814,"[151, 26, 138, 72, 49, 238, 23, 147, 0, 92]"
111815,"[58, 26, 187, 6, 220, 13, 12, 90, 238, 28]"
111816,"[58, 187, 220, 26, 12, 6, 32, 13, 60, 261]"
111817,"[72, 82, 23, 1, 26, 15, 261, 138, 279, 18]"
111818,"[4, 36, 157, 21, 238, 66, 90, 13, 28, 223]"
111819,"[55, 238, 90, 13, 28, 223, 138, 119, 146, 48]"
111820,"[220, 187, 13, 90, 238, 28, 119, 223, 73, 48]"
111821,"[19, 238, 157, 66, 90, 28, 13, 138, 223, 122]"
111822,"[133, 24, 238, 23, 13, 90, 60, 142, 28, 119]"
111823,"[220, 187, 13, 90, 238, 28, 119, 223, 23, 43]"
111824,"[18, 72, 82, 26, 138, 92, 6, 238, 64, 146]"
111825,"[7, 238, 54, 13, 90, 28, 23, 223, 119, 220]"
111826,"[51, 9, 279, 27, 21, 20, 54, 261, 2, 23]"
111827,"[82, 72, 27, 77, 138, 105, 189, 238, 146, 64]"
111828,"[149, 12, 238, 60, 73, 90, 138, 28, 279, 13]"
111829,"[138, 157, 238, 146, 64, 84, 92, 105, 72, 97]"
111830,"[146, 238, 13, 90, 28, 223, 119, 220, 187, 76]"
111831,"[20, 13, 90, 261, 238, 28, 119, 279, 223, 58]"
111832,"[76, 13, 261, 90, 238, 28, 119, 223, 147, 48]"
111833,"[105, 27, 189, 21, 138, 72, 238, 15, 77, 82]"
111834,"[220, 187, 13, 90, 238, 28, 119, 223, 48, 103]"
111835,"[23, 1, 13, 34, 90, 238, 28, 42, 24, 119]"
111836,"[54, 1, 72, 23, 82, 138, 49, 77, 24, 7]"
111837,"[82, 72, 138, 238, 60, 146, 64, 92, 105, 97]"
111838,"[2, 27, 6, 41, 25, 279, 13, 26, 90, 28]"
111839,"[5, 54, 34, 84, 1, 23, 2, 7, 13, 90]"
111840,"[261, 73, 14, 42, 91, 147, 12, 23, 279, 175]"
111841,"[43, 13, 90, 238, 28, 119, 223, 84, 187, 220]"
111842,"[42, 60, 23, 73, 24, 49, 91, 142, 2, 43]"
111843,"[189, 238, 13, 90, 28, 223, 119, 146, 138, 48]"
111844,"[54, 27, 157, 71, 279, 9, 29, 32, 105, 3]"
111845,"[12, 13, 238, 90, 28, 119, 223, 103, 48, 54]"
111846,"[25, 27, 71, 9, 2, 51, 279, 15, 58, 5]"
111847,"[18, 72, 138, 238, 151, 0, 97, 146, 30, 64]"
111848,"[5, 54, 30, 1, 23, 49, 2, 34, 220, 187]"
111849,"[151, 72, 15, 138, 82, 238, 64, 175, 30, 146]"
111850,"[24, 23, 238, 189, 90, 28, 13, 223, 119, 138]"
111851,"[261, 13, 90, 103, 238, 28, 119, 223, 45, 48]"
111852,"[220, 187, 13, 90, 28, 238, 119, 223, 103, 84]"
111853,"[34, 13, 90, 238, 28, 119, 189, 223, 112, 21]"
111854,"[48, 13, 58, 90, 73, 238, 28, 119, 223, 34]"
111855,"[34, 13, 90, 238, 28, 119, 223, 103, 48, 146]"
111856,"[279, 13, 90, 238, 28, 54, 119, 223, 112, 44]"
111857,"[44, 13, 90, 238, 28, 119, 223, 34, 48, 187]"
111858,"[19, 147, 133, 138, 238, 18, 149, 38, 26, 146]"
111859,"[119, 13, 90, 238, 28, 58, 223, 48, 103, 32]"
111860,"[7, 238, 90, 13, 28, 223, 138, 175, 6, 119]"
111861,"[21, 187, 157, 147, 14, 189, 238, 97, 138, 223]"
111862,"[4, 147, 238, 90, 13, 28, 223, 119, 138, 146]"
111863,"[64, 1, 23, 73, 58, 138, 238, 72, 15, 146]"
111864,"[84, 54, 13, 34, 90, 238, 28, 119, 223, 220]"
111865,"[84, 220, 187, 54, 13, 90, 238, 28, 34, 119]"
111866,"[73, 2, 29, 238, 130, 90, 13, 28, 223, 119]"
111867,"[5, 73, 49, 2, 30, 6, 130, 187, 220, 97]"
111868,"[20, 13, 90, 238, 28, 119, 261, 45, 223, 48]"
111869,"[72, 82, 92, 18, 15, 138, 6, 238, 26, 19]"
111870,"[84, 1, 23, 13, 187, 90, 220, 28, 238, 34]"
111871,"[73, 72, 18, 82, 15, 17, 26, 64, 3, 279]"
111872,"[9, 279, 187, 220, 34, 20, 12, 44, 84, 23]"
111873,"[105, 189, 21, 27, 72, 82, 77, 138, 73, 97]"
111874,"[238, 13, 90, 28, 119, 223, 279, 23, 58, 142]"
111875,"[26, 146, 72, 238, 147, 38, 90, 187, 220, 28]"
111876,"[32, 58, 13, 90, 238, 28, 119, 223, 6, 261]"
111877,"[44, 13, 90, 238, 28, 119, 223, 157, 84, 48]"
111878,"[32, 13, 90, 238, 28, 119, 223, 44, 6, 58]"
111879,"[24, 28, 261, 238, 279, 133, 13, 23, 90, 45]"
111880,"[77, 1, 23, 138, 238, 72, 7, 146, 64, 279]"
111881,"[122, 238, 19, 138, 21, 15, 189, 90, 28, 54]"
111882,"[25, 6, 2, 279, 32, 23, 138, 54, 84, 238]"
111883,"[21, 187, 238, 20, 1, 23, 223, 90, 13, 28]"
111884,"[64, 72, 15, 82, 138, 73, 19, 122, 238, 66]"
111885,"[1, 23, 90, 13, 238, 32, 28, 119, 223, 122]"
111886,"[12, 261, 13, 90, 60, 238, 28, 119, 223, 23]"
111887,"[9, 27, 279, 45, 124, 6, 41, 76, 97, 51]"
111888,"[157, 147, 223, 238, 220, 90, 28, 13, 138, 119]"
111889,"[49, 138, 105, 72, 18, 238, 146, 64, 92, 82]"
111890,"[122, 157, 238, 90, 13, 28, 18, 21, 223, 119]"
111891,"[24, 23, 238, 13, 90, 28, 119, 142, 223, 187]"
111892,"[23, 1, 60, 14, 142, 24, 279, 49, 220, 187]"
111893,"[20, 27, 13, 90, 119, 238, 28, 157, 279, 223]"
111894,"[157, 90, 13, 238, 28, 223, 119, 9, 77, 112]"
111895,"[220, 187, 13, 90, 238, 28, 34, 119, 223, 84]"
111896,"[112, 13, 90, 220, 187, 238, 28, 119, 223, 48]"
111897,"[48, 157, 13, 90, 238, 28, 119, 223, 103, 73]"
111898,"[72, 82, 18, 15, 138, 64, 32, 238, 26, 149]"
111899,"[18, 72, 138, 238, 92, 146, 64, 71, 6, 26]"
111900,"[223, 238, 66, 4, 26, 90, 13, 28, 7, 119]"
111901,"[175, 157, 21, 189, 238, 13, 90, 223, 28, 77]"
111902,"[60, 23, 261, 238, 90, 13, 26, 28, 223, 119]"
111903,"[84, 220, 187, 54, 13, 90, 238, 28, 34, 119]"
111904,"[4, 238, 13, 90, 28, 119, 223, 189, 146, 142]"
111905,"[142, 23, 1, 13, 34, 238, 90, 28, 54, 119]"
111906,"[2, 54, 1, 23, 34, 84, 5, 13, 28, 90]"
111907,"[149, 157, 238, 21, 90, 28, 13, 223, 27, 138]"
111908,"[4, 1, 23, 34, 13, 90, 28, 238, 119, 223]"
111909,"[133, 238, 138, 60, 90, 28, 13, 279, 23, 223]"
111910,"[3, 73, 91, 12, 17, 32, 279, 138, 238, 261]"
111911,"[45, 27, 13, 90, 238, 28, 119, 223, 279, 48]"
111912,"[122, 26, 238, 13, 90, 28, 223, 119, 72, 17]"
111913,"[238, 138, 28, 147, 97, 38, 90, 146, 223, 55]"
111914,"[14, 23, 157, 238, 90, 261, 13, 28, 223, 119]"
111915,"[238, 13, 90, 28, 119, 223, 146, 48, 103, 58]"
111916,"[130, 1, 23, 49, 2, 72, 82, 54, 5, 30]"
111917,"[27, 279, 142, 13, 90, 238, 2, 28, 6, 119]"
111918,"[21, 187, 189, 238, 13, 223, 90, 28, 119, 279]"
111919,"[151, 138, 238, 9, 146, 64, 157, 92, 105, 72]"
111920,"[27, 279, 73, 261, 26, 142, 91, 25, 2, 220]"
111921,"[146, 72, 189, 82, 19, 238, 55, 90, 15, 28]"
111922,"[149, 238, 147, 90, 138, 28, 13, 45, 223, 146]"
111923,"[76, 13, 32, 90, 238, 28, 119, 223, 261, 279]"
111924,"[48, 13, 90, 238, 28, 32, 119, 223, 279, 23]"
111925,"[20, 13, 261, 90, 238, 28, 45, 119, 48, 223]"
111926,"[64, 1, 23, 138, 72, 9, 238, 157, 105, 279]"
111927,"[238, 223, 90, 28, 13, 138, 147, 146, 119, 60]"
111928,"[5, 1, 23, 220, 187, 54, 49, 2, 24, 30]"
111929,"[14, 21, 23, 187, 220, 238, 90, 13, 28, 223]"
111930,"[30, 72, 138, 82, 238, 18, 77, 64, 146, 105]"
111931,"[44, 13, 149, 90, 28, 238, 71, 157, 54, 119]"
111932,"[36, 238, 13, 90, 28, 223, 72, 119, 18, 82]"
111933,"[36, 238, 13, 45, 90, 28, 223, 119, 48, 14]"
111934,"[76, 13, 90, 238, 28, 119, 157, 223, 103, 48]"
111935,"[55, 238, 90, 13, 28, 223, 119, 138, 146, 48]"
111936,"[146, 13, 238, 90, 24, 73, 28, 220, 187, 223]"
111937,"[55, 238, 13, 90, 58, 28, 119, 223, 146, 133]"
111938,"[73, 91, 26, 42, 147, 261, 12, 151, 175, 17]"
111939,"[77, 27, 138, 238, 151, 279, 157, 146, 90, 105]"
111940,"[119, 13, 238, 90, 28, 187, 220, 223, 43, 48]"
111941,"[14, 21, 23, 60, 142, 73, 24, 238, 187, 12]"
111942,"[4, 54, 13, 90, 28, 238, 119, 223, 7, 23]"
111943,"[58, 12, 13, 90, 238, 28, 73, 119, 223, 48]"
111944,"[55, 238, 13, 90, 28, 119, 223, 146, 48, 142]"
111945,"[41, 27, 9, 54, 279, 124, 2, 77, 13, 6]"
111946,"[24, 149, 23, 2, 28, 1, 54, 142, 84, 13]"
111947,"[121, 13, 90, 238, 28, 119, 223, 84, 2, 43]"
111948,"[30, 71, 138, 238, 105, 15, 72, 64, 146, 151]"
111949,"[92, 72, 82, 15, 138, 18, 238, 73, 17, 146]"
111950,"[147, 238, 90, 223, 28, 138, 13, 23, 146, 119]"
111951,"[189, 28, 13, 90, 238, 119, 279, 223, 55, 122]"
111952,"[49, 24, 23, 220, 187, 138, 30, 1, 54, 72]"
111953,"[97, 0, 261, 151, 147, 138, 45, 14, 238, 92]"
111954,"[151, 27, 238, 138, 105, 72, 0, 90, 77, 28]"
111955,"[34, 54, 13, 90, 84, 28, 238, 119, 223, 48]"
111956,"[2, 54, 1, 23, 18, 72, 5, 34, 49, 84]"
111957,"[32, 9, 13, 90, 28, 238, 119, 223, 44, 103]"
111958,"[13, 238, 90, 28, 119, 223, 189, 48, 146, 103]"
111959,"[82, 72, 1, 138, 23, 21, 77, 238, 189, 146]"
111960,"[279, 13, 90, 27, 238, 28, 119, 48, 223, 20]"
111961,"[124, 73, 25, 49, 2, 91, 84, 26, 261, 72]"
111962,"[220, 187, 13, 90, 238, 28, 119, 223, 34, 54]"
111963,"[45, 13, 90, 238, 28, 119, 147, 223, 76, 48]"
111964,"[146, 13, 238, 90, 28, 119, 223, 58, 19, 34]"
111965,"[73, 3, 91, 1, 23, 29, 130, 105, 279, 138]"
111966,"[66, 21, 72, 82, 19, 15, 238, 55, 122, 189]"
111967,"[6, 73, 27, 151, 261, 25, 2, 48, 41, 13]"
111968,"[142, 238, 23, 90, 13, 28, 223, 138, 119, 157]"
111969,"[149, 238, 90, 13, 28, 223, 119, 4, 146, 138]"
111970,"[142, 23, 60, 261, 49, 13, 238, 24, 90, 28]"
111971,"[7, 44, 4, 54, 220, 187, 238, 13, 77, 90]"
111972,"[19, 13, 90, 238, 28, 119, 223, 18, 189, 72]"
111973,"[261, 45, 13, 147, 103, 90, 238, 28, 119, 14]"
111974,"[0, 97, 138, 238, 24, 6, 12, 92, 91, 72]"
111975,"[54, 279, 27, 6, 13, 261, 90, 238, 28, 119]"
111976,"[220, 187, 73, 147, 13, 12, 90, 238, 28, 26]"
111977,"[220, 187, 261, 147, 73, 13, 90, 12, 238, 28]"
111978,"[60, 23, 157, 38, 238, 0, 189, 97, 147, 90]"
111979,"[220, 187, 73, 49, 42, 147, 60, 142, 23, 38]"
111980,"[71, 27, 279, 9, 2, 15, 5, 18, 77, 51]"
111981,"[130, 1, 23, 2, 91, 73, 138, 3, 72, 60]"
111982,"[27, 279, 2, 149, 9, 1, 18, 71, 142, 23]"
111983,"[189, 238, 13, 90, 28, 119, 223, 146, 48, 76]"
111984,"[29, 21, 157, 36, 147, 13, 119, 90, 238, 223]"
111985,"[105, 21, 138, 97, 189, 147, 238, 151, 0, 77]"
111986,"[60, 23, 220, 187, 24, 142, 49, 151, 4, 38]"
111987,"[189, 238, 13, 90, 28, 261, 279, 119, 223, 23]"
111988,"[55, 13, 90, 149, 72, 28, 238, 119, 58, 223]"
111989,"[97, 157, 138, 41, 105, 91, 147, 261, 14, 238]"
111990,"[147, 157, 223, 26, 21, 77, 36, 238, 13, 90]"
111991,"[55, 238, 279, 90, 13, 28, 23, 261, 223, 138]"
111992,"[27, 279, 73, 2, 142, 25, 71, 6, 58, 13]"
111993,"[71, 58, 18, 6, 73, 15, 13, 90, 28, 238]"
111994,"[77, 1, 23, 21, 138, 238, 189, 261, 20, 36]"
111995,"[4, 38, 147, 133, 238, 90, 13, 28, 223, 23]"
111996,"[21, 223, 27, 189, 13, 90, 238, 28, 119, 29]"
111997,"[97, 73, 30, 138, 121, 49, 38, 91, 12, 142]"
111998,"[14, 23, 238, 77, 138, 90, 189, 223, 28, 13]"
111999,"[151, 138, 238, 187, 220, 26, 49, 58, 72, 60]"
112000,"[15, 72, 18, 138, 73, 64, 238, 82, 71, 38]"
112001,"[220, 187, 13, 90, 238, 28, 119, 223, 44, 112]"
112002,"[0, 138, 1, 23, 238, 72, 146, 64, 92, 105]"
112003,"[60, 238, 23, 90, 13, 28, 223, 151, 157, 119]"
112004,"[238, 90, 13, 28, 119, 223, 146, 48, 103, 138]"
112005,"[18, 90, 13, 238, 54, 28, 119, 223, 4, 72]"
112006,"[92, 138, 26, 49, 238, 151, 72, 97, 105, 146]"
112007,"[91, 73, 6, 82, 72, 12, 30, 38, 220, 187]"
112008,"[1, 23, 72, 138, 97, 26, 238, 82, 73, 91]"
112009,"[72, 82, 15, 18, 138, 26, 64, 71, 238, 92]"
112010,"[157, 238, 90, 13, 28, 223, 119, 36, 45, 103]"
112011,"[84, 54, 13, 34, 90, 28, 238, 119, 1, 223]"
112012,"[44, 13, 90, 238, 28, 119, 223, 48, 58, 261]"
112013,"[24, 23, 58, 238, 13, 90, 28, 261, 223, 119]"
112014,"[17, 14, 261, 60, 13, 279, 23, 90, 238, 28]"
112015,"[27, 279, 9, 157, 72, 82, 77, 124, 1, 142]"
112016,"[55, 238, 13, 90, 28, 77, 157, 223, 119, 146]"
112017,"[43, 261, 13, 90, 73, 238, 28, 119, 223, 32]"
112018,"[151, 27, 157, 138, 9, 105, 238, 0, 97, 146]"
112019,"[41, 27, 9, 279, 124, 51, 151, 15, 13, 90]"
112020,"[71, 9, 54, 2, 29, 279, 157, 4, 34, 105]"
112021,"[18, 72, 58, 73, 138, 15, 238, 12, 146, 151]"
112022,"[15, 72, 18, 138, 54, 82, 149, 238, 122, 64]"
112023,"[1, 23, 72, 27, 15, 82, 138, 73, 77, 105]"
112024,"[2, 54, 49, 1, 23, 5, 13, 30, 90, 238]"
112025,"[23, 14, 238, 60, 1, 138, 157, 279, 90, 28]"
112026,"[27, 279, 9, 45, 73, 25, 91, 261, 14, 142]"
112027,"[17, 7, 77, 112, 189, 4, 21, 48, 72, 42]"
112028,"[29, 54, 84, 60, 17, 4, 21, 3, 157, 7]"
112029,"[21, 187, 261, 238, 138, 223, 90, 28, 146, 20]"
112030,"[157, 147, 223, 220, 238, 138, 26, 0, 90, 146]"
112031,"[142, 27, 13, 90, 238, 28, 119, 223, 279, 48]"
112032,"[112, 27, 13, 90, 238, 28, 119, 223, 147, 48]"
112033,"[41, 27, 82, 72, 6, 147, 151, 48, 261, 279]"
112034,"[84, 1, 23, 2, 13, 90, 28, 238, 34, 54]"
112035,"[82, 72, 138, 238, 1, 23, 146, 64, 90, 92]"
112036,"[147, 26, 14, 23, 238, 220, 187, 60, 90, 72]"
112037,"[13, 90, 238, 28, 119, 223, 34, 149, 48, 157]"
112038,"[9, 27, 279, 21, 124, 20, 54, 45, 112, 36]"
112039,"[112, 21, 13, 90, 238, 28, 20, 119, 223, 157]"
112040,"[60, 23, 54, 24, 4, 7, 34, 238, 49, 1]"
112041,"[9, 27, 6, 279, 13, 2, 90, 28, 238, 119]"
112042,"[147, 238, 90, 223, 157, 13, 28, 77, 138, 23]"
112043,"[32, 13, 90, 238, 28, 119, 223, 26, 48, 58]"
112044,"[138, 26, 238, 72, 151, 64, 261, 97, 0, 92]"
112045,"[51, 73, 25, 2, 261, 91, 58, 6, 26, 9]"
112046,"[21, 187, 261, 157, 14, 279, 23, 147, 223, 238]"
112047,"[4, 13, 90, 238, 28, 36, 119, 223, 189, 48]"
112048,"[19, 72, 82, 73, 149, 54, 15, 18, 66, 142]"
112049,"[66, 157, 238, 90, 13, 28, 223, 119, 4, 146]"
112050,"[103, 13, 90, 238, 28, 119, 58, 223, 48, 34]"
112051,"[175, 238, 13, 90, 28, 223, 119, 146, 43, 48]"
112052,"[13, 90, 238, 119, 28, 34, 223, 44, 48, 84]"
112053,"[5, 58, 238, 279, 90, 13, 28, 20, 12, 223]"
112054,"[151, 73, 49, 30, 26, 12, 142, 97, 138, 92]"
112055,"[54, 279, 27, 175, 32, 138, 71, 238, 220, 51]"
112056,"[189, 238, 157, 90, 13, 28, 223, 19, 119, 138]"
112057,"[223, 13, 238, 90, 28, 119, 44, 48, 146, 84]"
112058,"[21, 189, 238, 90, 13, 28, 72, 82, 223, 119]"
112059,"[44, 13, 90, 58, 238, 28, 119, 223, 32, 48]"
112060,"[19, 189, 21, 238, 138, 90, 28, 146, 55, 29]"
112061,"[142, 73, 23, 60, 220, 187, 24, 14, 12, 49]"
112062,"[91, 73, 12, 38, 26, 58, 44, 133, 6, 43]"
112063,"[12, 13, 90, 238, 28, 119, 223, 112, 103, 48]"
112064,"[14, 23, 58, 261, 238, 90, 60, 138, 28, 13]"
112065,"[23, 220, 187, 60, 4, 1, 238, 142, 7, 138]"
112066,"[49, 73, 138, 12, 238, 91, 72, 261, 97, 146]"
112067,"[34, 187, 220, 13, 90, 238, 28, 119, 223, 121]"
112068,"[43, 13, 90, 238, 28, 6, 119, 223, 48, 187]"
112069,"[1, 23, 18, 27, 72, 4, 138, 149, 238, 124]"
112070,"[24, 23, 1, 4, 54, 238, 138, 34, 90, 28]"
112071,"[34, 54, 13, 187, 220, 90, 238, 28, 119, 223]"
112072,"[15, 73, 72, 138, 58, 238, 146, 92, 64, 105]"
112073,"[97, 138, 238, 146, 64, 55, 72, 92, 105, 151]"
112074,"[149, 238, 72, 82, 90, 138, 28, 73, 13, 223]"
112075,"[9, 279, 261, 23, 1, 6, 2, 73, 91, 220]"
112076,"[23, 14, 60, 142, 220, 187, 24, 49, 1, 238]"
112077,"[25, 27, 26, 73, 6, 2, 58, 49, 261, 30]"
112078,"[122, 238, 18, 90, 133, 13, 28, 66, 149, 223]"
112079,"[48, 13, 90, 45, 238, 28, 119, 27, 223, 261]"
112080,"[76, 13, 90, 238, 28, 220, 187, 119, 223, 48]"
112081,"[121, 13, 187, 220, 90, 238, 28, 119, 223, 48]"
112082,"[25, 27, 147, 45, 12, 97, 279, 76, 151, 261]"
112083,"[30, 73, 38, 97, 26, 138, 151, 91, 238, 12]"
112084,"[6, 30, 49, 220, 45, 187, 41, 48, 13, 43]"
112085,"[133, 238, 90, 13, 28, 189, 223, 119, 138, 146]"
112086,"[17, 220, 187, 261, 147, 279, 14, 23, 42, 72]"
112087,"[34, 13, 90, 238, 28, 119, 223, 112, 27, 48]"
112088,"[36, 147, 157, 238, 223, 90, 13, 28, 119, 138]"
112089,"[189, 238, 138, 90, 23, 28, 60, 13, 279, 223]"
112090,"[60, 23, 12, 13, 142, 238, 151, 90, 28, 25]"
112091,"[34, 13, 90, 238, 28, 12, 119, 261, 20, 223]"
112092,"[5, 220, 187, 1, 23, 6, 2, 36, 54, 76]"
112093,"[13, 238, 90, 28, 119, 223, 84, 48, 34, 149]"
112094,"[12, 13, 220, 187, 90, 238, 28, 119, 223, 48]"
112095,"[103, 13, 90, 238, 28, 119, 223, 48, 84, 17]"
112096,"[122, 157, 238, 90, 28, 13, 223, 119, 146, 138]"
112097,"[84, 13, 90, 238, 28, 119, 34, 187, 220, 223]"
112098,"[157, 27, 223, 21, 13, 238, 90, 28, 119, 18]"
112099,"[112, 13, 27, 90, 238, 28, 54, 119, 189, 223]"
112100,"[73, 58, 26, 12, 72, 18, 15, 49, 91, 6]"
112101,"[60, 23, 238, 73, 90, 13, 28, 14, 223, 119]"
112102,"[27, 279, 261, 142, 151, 97, 25, 26, 14, 0]"
112103,"[48, 58, 13, 90, 238, 28, 73, 119, 223, 187]"
112104,"[12, 13, 90, 238, 28, 119, 223, 32, 44, 48]"
112105,"[4, 13, 23, 90, 28, 238, 119, 1, 223, 34]"
112106,"[6, 27, 82, 72, 279, 51, 2, 175, 10, 48]"
112107,"[4, 238, 13, 90, 28, 119, 223, 189, 146, 55]"
112108,"[175, 238, 90, 13, 28, 223, 119, 138, 146, 34]"
112109,"[12, 26, 261, 13, 58, 90, 238, 28, 32, 119]"
112110,"[15, 72, 82, 73, 6, 138, 238, 92, 146, 64]"
112111,"[13, 90, 238, 28, 119, 84, 223, 44, 48, 103]"
112112,"[41, 124, 71, 13, 90, 28, 238, 119, 2, 15]"
112113,"[82, 72, 3, 54, 71, 18, 15, 44, 6, 27]"
112114,"[147, 157, 238, 223, 90, 13, 28, 23, 119, 21]"
112115,"[64, 138, 238, 72, 146, 92, 105, 97, 151, 55]"
112116,"[157, 13, 90, 238, 28, 119, 223, 9, 103, 112]"
112117,"[151, 138, 238, 1, 23, 146, 105, 64, 72, 2]"
112118,"[41, 82, 72, 220, 187, 6, 261, 12, 49, 133]"
112119,"[73, 49, 91, 151, 130, 0, 77, 97, 13, 29]"
112120,"[20, 27, 13, 90, 238, 28, 119, 223, 279, 48]"
112121,"[77, 147, 138, 72, 27, 151, 82, 0, 238, 97]"
112122,"[121, 13, 90, 238, 28, 119, 223, 20, 112, 48]"
112123,"[34, 1, 23, 13, 90, 28, 238, 119, 223, 84]"
112124,"[54, 9, 279, 71, 138, 29, 238, 32, 220, 146]"
112125,"[38, 58, 73, 12, 13, 238, 90, 28, 24, 119]"
112126,"[18, 72, 82, 27, 189, 138, 15, 1, 238, 175]"
112127,"[220, 187, 13, 90, 238, 28, 279, 119, 20, 223]"
112128,"[55, 38, 238, 12, 73, 90, 279, 13, 28, 66]"
112129,"[220, 187, 13, 90, 28, 238, 119, 223, 32, 103]"
112130,"[20, 54, 1, 13, 23, 90, 238, 28, 119, 223]"
112131,"[27, 6, 2, 279, 71, 151, 9, 13, 238, 90]"
112132,"[147, 23, 238, 60, 90, 223, 28, 58, 13, 138]"
112133,"[55, 73, 238, 13, 90, 28, 12, 119, 38, 223]"
112134,"[34, 54, 1, 23, 13, 90, 28, 238, 2, 119]"
112135,"[24, 23, 142, 279, 238, 36, 14, 90, 60, 28]"
112136,"[54, 2, 279, 84, 220, 43, 175, 6, 15, 34]"
112137,"[27, 279, 261, 73, 25, 9, 142, 147, 97, 151]"
112138,"[60, 23, 1, 279, 142, 238, 138, 32, 24, 4]"
112139,"[45, 261, 13, 90, 54, 238, 28, 119, 279, 223]"
112140,"[121, 13, 90, 238, 28, 119, 223, 103, 112, 48]"
112141,"[45, 13, 90, 238, 28, 119, 223, 32, 48, 103]"
112142,"[105, 138, 238, 23, 2, 1, 146, 72, 64, 92]"
112143,"[73, 17, 58, 13, 90, 6, 238, 28, 119, 18]"
112144,"[142, 27, 13, 90, 28, 238, 119, 223, 4, 23]"
112145,"[279, 13, 90, 238, 28, 119, 12, 23, 223, 20]"
112146,"[0, 27, 238, 138, 157, 18, 90, 105, 146, 279]"
112147,"[121, 187, 220, 13, 90, 238, 28, 119, 12, 223]"
112148,"[157, 238, 223, 14, 90, 13, 28, 220, 119, 189]"
112149,"[189, 157, 238, 13, 90, 28, 223, 119, 21, 77]"
112150,"[34, 187, 220, 13, 90, 238, 28, 119, 223, 32]"
112151,"[84, 1, 23, 13, 34, 90, 54, 28, 238, 119]"
112152,"[6, 27, 2, 279, 9, 20, 51, 41, 5, 261]"
112153,"[66, 21, 238, 138, 90, 28, 13, 223, 146, 119]"
112154,"[2, 1, 30, 54, 23, 5, 34, 49, 130, 84]"
112155,"[21, 187, 238, 138, 223, 90, 28, 20, 146, 149]"
112156,"[97, 27, 189, 138, 77, 21, 238, 72, 0, 151]"
112157,"[105, 138, 73, 238, 146, 72, 91, 90, 64, 28]"
112158,"[58, 13, 90, 238, 28, 71, 119, 223, 54, 44]"
112159,"[147, 26, 146, 60, 23, 220, 187, 138, 14, 238]"
112160,"[157, 25, 238, 13, 223, 90, 28, 119, 151, 189]"
112161,"[17, 29, 21, 189, 157, 238, 3, 77, 90, 28]"
112162,"[26, 72, 49, 138, 147, 238, 0, 92, 220, 187]"
112163,"[124, 2, 71, 238, 32, 13, 90, 28, 5, 119]"
112164,"[18, 72, 138, 238, 151, 82, 97, 147, 92, 146]"
112165,"[12, 13, 90, 238, 28, 20, 119, 223, 279, 103]"
112166,"[43, 13, 90, 238, 28, 119, 223, 48, 103, 146]"
112167,"[76, 13, 90, 238, 28, 187, 220, 119, 223, 43]"
112168,"[91, 73, 220, 187, 30, 45, 49, 43, 38, 76]"
112169,"[103, 13, 90, 238, 28, 45, 119, 223, 48, 157]"
112170,"[261, 76, 45, 147, 14, 12, 20, 21, 13, 23]"
112171,"[130, 73, 26, 91, 36, 3, 72, 105, 279, 97]"
112172,"[1, 23, 72, 82, 18, 138, 77, 15, 105, 9]"
112173,"[82, 72, 138, 18, 6, 238, 26, 92, 71, 64]"
112174,"[97, 138, 261, 0, 23, 238, 20, 1, 151, 279]"
112175,"[58, 73, 13, 90, 6, 26, 238, 28, 119, 223]"
112176,"[103, 13, 90, 238, 28, 119, 223, 58, 48, 121]"
112177,"[58, 12, 187, 220, 13, 90, 238, 28, 119, 223]"
112178,"[175, 238, 90, 28, 13, 223, 138, 119, 146, 133]"
112179,"[238, 60, 138, 223, 90, 23, 28, 13, 157, 146]"
112180,"[220, 187, 13, 90, 238, 28, 119, 223, 23, 43]"
112181,"[25, 6, 147, 157, 261, 73, 0, 97, 151, 14]"
112182,"[122, 238, 18, 32, 90, 23, 28, 13, 261, 149]"
112183,"[27, 279, 72, 2, 82, 1, 142, 23, 54, 71]"
112184,"[60, 146, 238, 23, 138, 36, 279, 90, 14, 28]"
112185,"[238, 13, 28, 90, 119, 223, 279, 146, 58, 48]"
112186,"[7, 44, 4, 54, 187, 21, 23, 220, 77, 142]"
112187,"[14, 23, 147, 238, 157, 90, 13, 28, 223, 119]"
112188,"[34, 13, 27, 90, 238, 28, 119, 223, 44, 32]"
112189,"[279, 13, 90, 238, 28, 119, 34, 223, 112, 23]"
112190,"[7, 1, 23, 44, 34, 54, 13, 90, 28, 238]"
112191,"[54, 27, 18, 279, 51, 71, 72, 6, 189, 48]"
112192,"[223, 13, 238, 90, 28, 119, 55, 48, 66, 146]"
112193,"[41, 27, 9, 124, 279, 261, 2, 20, 51, 238]"
112194,"[17, 73, 91, 149, 29, 13, 3, 90, 238, 28]"
112195,"[21, 187, 157, 238, 223, 45, 36, 90, 28, 138]"
112196,"[82, 72, 138, 238, 1, 157, 105, 23, 9, 77]"
112197,"[147, 238, 45, 13, 23, 90, 223, 28, 73, 119]"
112198,"[54, 73, 279, 25, 6, 138, 58, 238, 220, 45]"
112199,"[72, 138, 82, 77, 147, 18, 26, 238, 105, 92]"
112200,"[6, 73, 26, 91, 45, 58, 30, 15, 12, 49]"
112201,"[29, 261, 147, 14, 157, 279, 13, 90, 23, 21]"
112202,"[91, 73, 26, 261, 18, 72, 12, 15, 6, 130]"
112203,"[220, 187, 23, 13, 90, 238, 28, 119, 121, 223]"
112204,"[121, 220, 187, 13, 90, 238, 28, 119, 49, 30]"
112205,"[45, 13, 90, 238, 28, 119, 223, 103, 48, 147]"
112206,"[38, 73, 12, 14, 6, 133, 66, 149, 91, 23]"
112207,"[24, 147, 23, 238, 0, 138, 146, 90, 92, 28]"
112208,"[18, 72, 82, 138, 1, 15, 23, 26, 238, 64]"
112209,"[220, 187, 13, 90, 238, 28, 119, 20, 223, 32]"
112210,"[97, 138, 1, 23, 238, 64, 72, 146, 92, 105]"
112211,"[151, 73, 147, 6, 189, 97, 41, 138, 105, 58]"
112212,"[149, 21, 23, 1, 138, 238, 60, 279, 45, 189]"
112213,"[72, 82, 92, 138, 26, 18, 133, 64, 238, 6]"
112214,"[122, 238, 13, 90, 28, 119, 223, 146, 157, 48]"
112215,"[45, 147, 13, 73, 90, 238, 28, 119, 223, 187]"
112216,"[9, 279, 27, 73, 54, 21, 2, 29, 42, 51]"
112217,"[1, 23, 30, 73, 49, 72, 138, 238, 142, 175]"
112218,"[21, 189, 77, 238, 157, 13, 90, 28, 223, 119]"
112219,"[261, 13, 90, 238, 28, 27, 119, 223, 48, 147]"
112220,"[5, 261, 6, 25, 76, 138, 238, 279, 48, 90]"
112221,"[21, 187, 238, 90, 13, 28, 223, 261, 138, 119]"
112222,"[142, 23, 261, 14, 12, 147, 133, 279, 60, 21]"
112223,"[105, 72, 82, 1, 23, 21, 138, 15, 238, 36]"
112224,"[44, 13, 90, 28, 238, 119, 223, 20, 103, 48]"
112225,"[55, 238, 90, 28, 13, 223, 4, 54, 138, 119]"
112226,"[55, 157, 238, 13, 90, 28, 223, 119, 146, 105]"
112227,"[138, 147, 26, 18, 77, 238, 72, 92, 105, 64]"
112228,"[6, 71, 2, 9, 1, 23, 5, 279, 13, 73]"
112229,"[34, 54, 1, 23, 13, 90, 84, 28, 238, 119]"
112230,"[82, 72, 138, 26, 73, 92, 238, 91, 38, 12]"
112231,"[91, 73, 26, 6, 149, 17, 38, 72, 3, 66]"
112232,"[45, 13, 187, 220, 90, 238, 28, 119, 223, 48]"
112233,"[21, 187, 238, 261, 147, 157, 223, 90, 28, 13]"
112234,"[0, 147, 138, 97, 151, 157, 238, 49, 105, 25]"
112235,"[30, 1, 23, 138, 54, 238, 49, 4, 72, 34]"
112236,"[1, 23, 72, 82, 49, 15, 189, 54, 138, 4]"
112237,"[4, 13, 90, 238, 28, 119, 223, 48, 38, 146]"
112238,"[54, 84, 34, 279, 4, 2, 175, 5, 20, 44]"
112239,"[27, 6, 279, 44, 51, 13, 71, 90, 28, 238]"
112240,"[21, 187, 157, 147, 77, 223, 238, 20, 138, 26]"
112241,"[17, 13, 90, 238, 28, 119, 223, 48, 103, 29]"
112242,"[73, 17, 91, 71, 15, 3, 149, 66, 72, 55]"
112243,"[43, 13, 90, 238, 28, 119, 223, 84, 48, 121]"
112244,"[220, 187, 54, 23, 13, 1, 90, 28, 238, 119]"
112245,"[122, 26, 238, 18, 90, 72, 13, 28, 15, 147]"
112246,"[30, 1, 23, 71, 138, 7, 238, 49, 72, 4]"
112247,"[238, 223, 13, 90, 28, 119, 146, 48, 138, 103]"
112248,"[55, 157, 238, 90, 28, 138, 13, 223, 146, 21]"
112249,"[54, 220, 187, 279, 12, 14, 27, 23, 121, 2]"
112250,"[43, 220, 187, 13, 90, 238, 28, 121, 24, 54]"
112251,"[9, 27, 279, 261, 25, 151, 97, 51, 73, 48]"
112252,"[72, 82, 1, 23, 138, 15, 238, 279, 64, 21]"
112253,"[122, 147, 60, 238, 138, 90, 28, 23, 13, 223]"
112254,"[175, 42, 29, 238, 90, 73, 28, 138, 13, 223]"
112255,"[189, 238, 90, 13, 28, 223, 119, 138, 146, 48]"
112256,"[0, 138, 261, 147, 238, 97, 151, 26, 72, 14]"
112257,"[77, 138, 72, 238, 26, 82, 49, 64, 92, 30]"
112258,"[20, 13, 90, 147, 238, 28, 119, 223, 48, 112]"
112259,"[149, 238, 13, 90, 28, 119, 223, 146, 48, 103]"
112260,"[121, 13, 90, 238, 28, 119, 223, 54, 48, 187]"
112261,"[29, 73, 36, 157, 97, 147, 238, 14, 90, 151]"
112262,"[220, 187, 13, 90, 238, 28, 119, 223, 12, 147]"
112263,"[220, 187, 13, 90, 261, 238, 28, 58, 119, 26]"
112264,"[76, 147, 13, 187, 90, 238, 220, 28, 21, 119]"
112265,"[34, 187, 220, 13, 90, 28, 238, 119, 223, 43]"
112266,"[72, 82, 73, 15, 138, 26, 64, 238, 92, 18]"
112267,"[14, 23, 261, 157, 238, 138, 36, 90, 28, 223]"
112268,"[45, 12, 13, 90, 238, 187, 220, 28, 119, 223]"
112269,"[49, 24, 54, 138, 220, 238, 187, 30, 23, 7]"
112270,"[72, 82, 1, 23, 138, 21, 15, 77, 189, 238]"
112271,"[13, 90, 238, 28, 119, 223, 48, 151, 103, 146]"
112272,"[55, 58, 238, 13, 90, 28, 119, 223, 149, 146]"
112273,"[24, 23, 17, 189, 138, 238, 55, 77, 38, 175]"
112274,"[220, 187, 23, 13, 90, 28, 238, 119, 49, 223]"
112275,"[20, 27, 13, 90, 238, 28, 119, 279, 223, 54]"
112276,"[51, 27, 9, 279, 151, 41, 261, 76, 105, 147]"
112277,"[130, 91, 20, 279, 138, 32, 17, 238, 23, 72]"
112278,"[133, 147, 220, 187, 24, 238, 49, 138, 23, 0]"
112279,"[1, 23, 54, 72, 18, 30, 138, 238, 105, 7]"
112280,"[84, 54, 220, 187, 34, 1, 23, 13, 90, 28]"
112281,"[29, 27, 13, 90, 119, 238, 28, 223, 36, 279]"
112282,"[58, 12, 13, 90, 238, 28, 119, 223, 44, 48]"
112283,"[157, 238, 223, 23, 1, 90, 28, 13, 119, 138]"
112284,"[49, 138, 238, 157, 146, 72, 64, 90, 28, 92]"
112285,"[51, 45, 9, 261, 151, 25, 97, 41, 76, 103]"
112286,"[84, 13, 25, 90, 238, 28, 119, 223, 32, 48]"
112287,"[27, 6, 13, 71, 279, 90, 28, 238, 119, 223]"
112288,"[76, 13, 90, 238, 28, 119, 223, 48, 26, 43]"
112289,"[9, 279, 147, 73, 54, 261, 0, 27, 42, 103]"
112290,"[41, 6, 30, 261, 49, 23, 1, 38, 220, 187]"
112291,"[133, 238, 90, 13, 28, 223, 119, 146, 138, 48]"
112292,"[149, 21, 238, 138, 23, 90, 60, 28, 189, 55]"
112293,"[279, 13, 238, 90, 28, 119, 23, 223, 32, 103]"
112294,"[142, 147, 13, 26, 238, 58, 90, 28, 23, 119]"
112295,"[149, 26, 238, 38, 147, 90, 138, 72, 28, 146]"
112296,"[9, 279, 157, 54, 27, 71, 73, 29, 103, 105]"
112297,"[1, 23, 72, 82, 49, 34, 138, 77, 5, 15]"
112298,"[9, 220, 187, 279, 6, 124, 82, 72, 38, 42]"
112299,"[220, 187, 13, 90, 238, 28, 119, 147, 223, 12]"
112300,"[64, 18, 72, 138, 15, 82, 149, 238, 26, 32]"
112301,"[36, 157, 13, 238, 90, 28, 223, 119, 45, 147]"
112302,"[84, 13, 90, 238, 28, 119, 223, 32, 103, 48]"
112303,"[97, 49, 138, 12, 73, 23, 72, 238, 30, 142]"
112304,"[77, 15, 72, 138, 2, 1, 23, 238, 82, 64]"
112305,"[17, 13, 34, 90, 238, 28, 119, 223, 48, 84]"
112306,"[55, 21, 23, 60, 189, 279, 238, 138, 1, 90]"
112307,"[58, 12, 73, 13, 90, 238, 28, 119, 223, 6]"
112308,"[27, 279, 220, 187, 82, 142, 72, 6, 12, 1]"
112309,"[27, 279, 261, 21, 9, 25, 147, 41, 142, 26]"
112310,"[17, 157, 32, 122, 279, 149, 66, 29, 3, 19]"
112311,"[175, 238, 13, 90, 28, 223, 119, 58, 146, 48]"
112312,"[17, 73, 6, 13, 90, 12, 238, 28, 119, 223]"
112313,"[64, 73, 138, 238, 49, 105, 30, 146, 72, 151]"
112314,"[223, 13, 90, 238, 28, 119, 48, 147, 146, 103]"
112315,"[82, 72, 138, 238, 105, 27, 9, 77, 18, 90]"
112316,"[77, 27, 73, 138, 151, 97, 189, 238, 105, 92]"
112317,"[157, 238, 223, 90, 220, 13, 28, 151, 138, 119]"
112318,"[19, 26, 238, 90, 72, 13, 28, 223, 146, 138]"
112319,"[54, 12, 45, 279, 6, 133, 25, 41, 76, 175]"
112320,"[112, 13, 90, 238, 28, 119, 223, 34, 32, 48]"
112321,"[20, 13, 90, 238, 28, 103, 119, 223, 112, 9]"
112322,"[7, 44, 147, 238, 77, 90, 13, 28, 223, 72]"
112323,"[18, 72, 27, 77, 15, 238, 54, 138, 82, 1]"
112324,"[25, 27, 71, 2, 13, 90, 238, 28, 119, 223]"
112325,"[261, 73, 147, 26, 42, 91, 48, 220, 187, 17]"
112326,"[112, 54, 13, 90, 28, 238, 119, 223, 21, 20]"
112327,"[119, 13, 90, 238, 28, 223, 48, 76, 45, 103]"
112328,"[151, 49, 26, 138, 0, 72, 238, 97, 92, 30]"
112329,"[0, 73, 97, 21, 147, 151, 138, 12, 14, 45]"
112330,"[138, 73, 23, 72, 238, 1, 77, 279, 82, 14]"
112331,"[76, 13, 90, 34, 238, 28, 119, 223, 187, 220]"
112332,"[1, 23, 28, 13, 90, 238, 34, 4, 119, 223]"
112333,"[92, 73, 138, 58, 6, 12, 54, 238, 91, 38]"
112334,"[142, 54, 23, 1, 238, 13, 90, 7, 4, 28]"
112335,"[64, 26, 18, 72, 138, 238, 15, 146, 49, 58]"
112336,"[13, 90, 238, 28, 119, 223, 20, 48, 103, 261]"
112337,"[220, 187, 13, 90, 238, 28, 119, 223, 32, 48]"
112338,"[25, 73, 58, 187, 220, 130, 13, 71, 90, 238]"
112339,"[14, 23, 238, 13, 90, 261, 28, 223, 119, 147]"
112340,"[12, 220, 187, 73, 26, 147, 6, 13, 38, 90]"
112341,"[157, 223, 238, 13, 90, 28, 119, 45, 147, 36]"
112342,"[30, 71, 138, 7, 238, 4, 146, 64, 92, 105]"
112343,"[51, 6, 13, 90, 28, 238, 71, 119, 73, 223]"
112344,"[6, 82, 72, 12, 220, 187, 58, 15, 54, 45]"
112345,"[17, 73, 18, 32, 21, 29, 279, 122, 19, 72]"
112346,"[105, 157, 138, 73, 238, 151, 97, 146, 90, 223]"
112347,"[36, 261, 147, 14, 23, 238, 97, 223, 138, 279]"
112348,"[130, 73, 27, 2, 142, 91, 49, 3, 30, 29]"
112349,"[49, 26, 138, 30, 72, 92, 151, 238, 97, 6]"
112350,"[279, 23, 24, 13, 49, 238, 90, 28, 142, 119]"
112351,"[3, 30, 130, 91, 49, 124, 29, 73, 238, 138]"
112352,"[279, 23, 24, 73, 60, 14, 142, 238, 38, 90]"
112353,"[20, 13, 90, 238, 28, 119, 223, 84, 44, 48]"
112354,"[17, 13, 90, 238, 28, 119, 223, 29, 48, 103]"
112355,"[121, 13, 90, 238, 28, 119, 223, 157, 103, 32]"
112356,"[1, 23, 72, 82, 15, 30, 138, 4, 189, 238]"
112357,"[72, 82, 138, 18, 26, 238, 15, 64, 6, 92]"
112358,"[122, 238, 18, 13, 26, 90, 58, 28, 6, 17]"
112359,"[7, 23, 1, 13, 90, 238, 28, 34, 24, 119]"
112360,"[189, 21, 157, 14, 175, 20, 15, 29, 223, 187]"
112361,"[238, 90, 28, 138, 13, 223, 24, 146, 119, 38]"
112362,"[17, 54, 73, 18, 157, 122, 149, 29, 72, 55]"
112363,"[175, 238, 138, 23, 90, 60, 28, 189, 146, 55]"
112364,"[77, 97, 189, 138, 0, 72, 238, 21, 73, 27]"
112365,"[44, 220, 187, 13, 90, 238, 28, 119, 223, 261]"
112366,"[157, 238, 223, 90, 13, 28, 220, 119, 146, 138]"
112367,"[41, 73, 220, 187, 71, 2, 27, 238, 34, 54]"
112368,"[23, 1, 24, 142, 13, 220, 187, 90, 28, 238]"
112369,"[55, 60, 147, 238, 261, 23, 26, 138, 32, 279]"
112370,"[189, 147, 261, 238, 14, 77, 90, 223, 13, 28]"
112371,"[1, 23, 72, 82, 138, 97, 238, 0, 146, 92]"
112372,"[17, 13, 90, 238, 28, 119, 223, 34, 29, 48]"
112373,"[24, 238, 157, 90, 28, 13, 138, 23, 223, 146]"
112374,"[130, 1, 23, 2, 34, 30, 5, 29, 105, 72]"
112375,"[45, 58, 13, 90, 238, 28, 119, 187, 220, 223]"
112376,"[2, 9, 73, 36, 26, 45, 91, 20, 72, 279]"
112377,"[146, 238, 13, 90, 28, 58, 18, 119, 223, 48]"
112378,"[7, 138, 238, 147, 157, 14, 90, 146, 28, 223]"
112379,"[45, 13, 90, 238, 28, 119, 187, 220, 223, 103]"
112380,"[36, 147, 238, 13, 90, 28, 223, 119, 48, 146]"
112381,"[122, 238, 26, 6, 90, 138, 28, 13, 38, 146]"
112382,"[17, 13, 147, 90, 238, 28, 119, 223, 29, 14]"
112383,"[17, 73, 32, 58, 261, 12, 13, 90, 91, 38]"
112384,"[54, 84, 34, 279, 5, 121, 2, 71, 13, 175]"
112385,"[32, 13, 90, 238, 28, 119, 223, 44, 6, 58]"
112386,"[1, 23, 72, 82, 18, 4, 138, 77, 238, 124]"
112387,"[82, 72, 15, 138, 238, 12, 64, 54, 19, 133]"
112388,"[105, 15, 138, 238, 73, 71, 64, 2, 72, 157]"
112389,"[0, 27, 147, 151, 138, 105, 25, 238, 97, 26]"
112390,"[48, 13, 58, 90, 238, 28, 119, 73, 223, 32]"
112391,"[138, 1, 23, 49, 238, 0, 72, 97, 151, 146]"
112392,"[151, 138, 238, 49, 72, 26, 92, 146, 64, 73]"
112393,"[64, 72, 82, 15, 18, 138, 238, 149, 55, 77]"
112394,"[29, 17, 13, 90, 238, 28, 119, 223, 130, 91]"
112395,"[175, 189, 27, 13, 9, 90, 28, 238, 119, 223]"
112396,"[279, 23, 13, 90, 238, 28, 119, 223, 20, 48]"
112397,"[72, 82, 138, 49, 238, 26, 77, 0, 105, 64]"
112398,"[54, 157, 84, 279, 71, 72, 82, 105, 15, 49]"
112399,"[91, 73, 130, 24, 142, 13, 90, 42, 238, 28]"
112400,"[77, 27, 238, 138, 147, 105, 97, 90, 28, 146]"
112401,"[73, 3, 261, 91, 23, 220, 187, 25, 1, 0]"
112402,"[279, 23, 13, 90, 238, 28, 119, 223, 27, 84]"
112403,"[41, 27, 82, 72, 71, 2, 6, 279, 51, 58]"
112404,"[32, 13, 44, 90, 238, 28, 119, 223, 66, 149]"
112405,"[238, 90, 13, 28, 119, 223, 146, 48, 133, 103]"
112406,"[124, 82, 72, 15, 54, 5, 77, 71, 51, 44]"
112407,"[19, 238, 26, 18, 90, 13, 28, 223, 146, 119]"
112408,"[58, 12, 13, 90, 238, 28, 119, 223, 48, 103]"
112409,"[48, 27, 13, 90, 238, 28, 119, 223, 279, 103]"
112410,"[49, 138, 105, 238, 72, 4, 146, 64, 92, 97]"
112411,"[13, 90, 238, 28, 119, 32, 223, 34, 279, 84]"
112412,"[189, 238, 21, 14, 90, 13, 28, 223, 157, 119]"
112413,"[84, 13, 90, 238, 28, 119, 223, 261, 48, 103]"
112414,"[238, 13, 223, 90, 28, 119, 142, 146, 48, 103]"
112415,"[60, 23, 151, 25, 238, 90, 13, 38, 147, 28]"
112416,"[45, 13, 90, 238, 28, 119, 58, 223, 48, 187]"
112417,"[1, 23, 72, 18, 138, 30, 238, 64, 77, 26]"
112418,"[149, 238, 147, 138, 60, 90, 23, 28, 279, 146]"
112419,"[60, 23, 147, 220, 49, 187, 238, 157, 138, 24]"
112420,"[261, 13, 103, 157, 90, 45, 238, 28, 119, 223]"
112421,"[21, 157, 2, 36, 20, 238, 23, 29, 189, 279]"
112422,"[23, 1, 220, 187, 60, 54, 24, 4, 238, 7]"
112423,"[60, 23, 147, 157, 0, 138, 238, 38, 97, 146]"
112424,"[41, 82, 72, 220, 187, 6, 261, 54, 12, 49]"
112425,"[157, 13, 223, 238, 90, 28, 119, 220, 27, 18]"
112426,"[189, 223, 238, 73, 90, 13, 28, 14, 261, 119]"
112427,"[54, 220, 2, 187, 279, 121, 84, 238, 13, 90]"
112428,"[21, 187, 238, 223, 90, 13, 28, 73, 147, 119]"
112429,"[43, 13, 90, 238, 28, 45, 119, 223, 261, 58]"
112430,"[23, 220, 187, 1, 54, 60, 4, 28, 238, 13]"
112431,"[18, 72, 138, 238, 151, 27, 146, 30, 64, 92]"
112432,"[13, 90, 238, 28, 119, 223, 54, 157, 27, 9]"
112433,"[1, 23, 138, 238, 2, 49, 72, 146, 64, 60]"
112434,"[138, 238, 91, 157, 146, 64, 92, 73, 105, 72]"
112435,"[7, 1, 23, 13, 238, 90, 28, 84, 119, 223]"
112436,"[279, 23, 60, 24, 142, 49, 14, 1, 30, 72]"
112437,"[19, 238, 90, 13, 28, 119, 223, 138, 146, 23]"
112438,"[133, 24, 238, 21, 138, 90, 189, 28, 175, 23]"
112439,"[43, 220, 187, 54, 13, 90, 238, 28, 119, 223]"
112440,"[220, 187, 13, 90, 238, 28, 119, 223, 112, 20]"
112441,"[122, 238, 90, 13, 28, 189, 223, 119, 138, 146]"
112442,"[25, 6, 27, 261, 279, 157, 2, 13, 48, 14]"
112443,"[19, 238, 147, 138, 90, 28, 13, 157, 223, 146]"
112444,"[238, 13, 90, 28, 175, 119, 223, 29, 42, 146]"
112445,"[3, 73, 30, 91, 130, 238, 49, 90, 13, 28]"
112446,"[26, 72, 73, 138, 23, 1, 238, 105, 30, 189]"
112447,"[103, 13, 90, 238, 28, 119, 45, 261, 223, 76]"
112448,"[45, 13, 90, 238, 28, 73, 119, 223, 48, 146]"
112449,"[13, 90, 238, 28, 119, 223, 48, 54, 103, 44]"
112450,"[238, 13, 90, 28, 223, 119, 189, 147, 146, 77]"
112451,"[2, 187, 220, 49, 5, 43, 13, 84, 90, 238]"
112452,"[1, 23, 138, 157, 54, 24, 49, 238, 2, 72]"
112453,"[84, 13, 90, 238, 28, 119, 223, 76, 12, 103]"
112454,"[58, 12, 13, 90, 238, 28, 119, 6, 223, 26]"
112455,"[4, 220, 187, 60, 147, 23, 26, 238, 36, 24]"
112456,"[223, 238, 90, 28, 13, 138, 66, 119, 146, 149]"
112457,"[64, 1, 72, 23, 82, 138, 26, 238, 92, 133]"
112458,"[51, 2, 27, 32, 71, 54, 238, 279, 13, 9]"
112459,"[1, 23, 138, 72, 238, 261, 146, 64, 73, 92]"
112460,"[19, 73, 189, 38, 72, 82, 238, 6, 26, 55]"
112461,"[84, 54, 1, 23, 13, 90, 34, 28, 238, 119]"
112462,"[2, 72, 82, 27, 279, 18, 20, 9, 21, 51]"
112463,"[60, 238, 90, 23, 28, 13, 138, 223, 32, 279]"
112464,"[17, 220, 187, 261, 147, 14, 23, 42, 72, 13]"
112465,"[175, 238, 60, 90, 28, 13, 138, 223, 261, 23]"
112466,"[147, 238, 157, 90, 223, 54, 28, 13, 36, 77]"
112467,"[157, 149, 238, 220, 223, 138, 90, 28, 13, 15]"
112468,"[73, 3, 6, 15, 26, 58, 91, 72, 17, 66]"
112469,"[26, 72, 138, 73, 27, 238, 105, 1, 23, 2]"
112470,"[175, 189, 13, 90, 28, 238, 119, 223, 51, 9]"
112471,"[130, 73, 91, 105, 13, 238, 3, 90, 28, 71]"
112472,"[142, 27, 238, 90, 13, 28, 223, 119, 23, 146]"
112473,"[58, 13, 90, 32, 238, 28, 119, 223, 48, 279]"
112474,"[175, 238, 90, 28, 13, 138, 223, 119, 146, 6]"
112475,"[12, 261, 13, 90, 238, 28, 119, 279, 223, 73]"
112476,"[27, 41, 279, 54, 124, 13, 90, 28, 238, 119]"
112477,"[9, 279, 27, 103, 76, 51, 13, 54, 28, 90]"
112478,"[151, 27, 238, 138, 77, 72, 105, 82, 90, 146]"
112479,"[48, 13, 90, 238, 28, 119, 223, 32, 279, 20]"
112480,"[72, 82, 64, 1, 23, 15, 54, 138, 66, 19]"
112481,"[2, 261, 238, 6, 25, 90, 279, 13, 28, 72]"
112482,"[220, 187, 13, 147, 90, 238, 28, 73, 119, 223]"
112483,"[5, 20, 279, 32, 71, 44, 238, 51, 12, 103]"
112484,"[7, 142, 238, 49, 138, 24, 60, 23, 189, 4]"
112485,"[130, 91, 138, 29, 17, 238, 3, 146, 64, 72]"
112486,"[119, 13, 90, 238, 28, 32, 223, 279, 43, 48]"
112487,"[60, 23, 157, 1, 142, 4, 13, 238, 90, 28]"
112488,"[25, 27, 15, 26, 71, 279, 9, 30, 51, 72]"
112489,"[34, 13, 90, 238, 28, 119, 223, 44, 103, 48]"
112490,"[82, 72, 138, 58, 238, 15, 18, 146, 149, 91]"
112491,"[55, 157, 66, 72, 238, 13, 15, 90, 28, 82]"
112492,"[279, 27, 21, 157, 23, 9, 13, 103, 90, 119]"
112493,"[21, 238, 187, 90, 13, 28, 58, 223, 119, 279]"
112494,"[261, 73, 58, 13, 45, 90, 238, 28, 119, 48]"
112495,"[147, 23, 60, 238, 24, 73, 223, 142, 138, 38]"
112496,"[124, 220, 187, 82, 72, 12, 41, 6, 25, 5]"
112497,"[84, 13, 20, 90, 238, 28, 21, 119, 223, 36]"
112498,"[44, 58, 13, 90, 238, 28, 119, 223, 48, 103]"
112499,"[220, 187, 13, 90, 238, 28, 119, 223, 48, 147]"
112500,"[30, 71, 54, 7, 138, 1, 23, 49, 238, 72]"
112501,"[9, 27, 279, 82, 72, 21, 124, 20, 54, 15]"
112502,"[220, 23, 187, 1, 42, 49, 43, 60, 24, 30]"
112503,"[44, 13, 90, 238, 28, 119, 34, 223, 279, 20]"
112504,"[26, 72, 6, 138, 58, 15, 238, 151, 64, 92]"
112505,"[28, 13, 238, 90, 149, 119, 223, 44, 103, 24]"
112506,"[13, 90, 28, 238, 119, 223, 34, 12, 187, 44]"
112507,"[48, 187, 220, 13, 90, 238, 28, 119, 58, 223]"
112508,"[91, 1, 23, 130, 29, 77, 238, 138, 3, 90]"
112509,"[19, 238, 90, 157, 28, 13, 138, 15, 149, 72]"
112510,"[20, 13, 90, 238, 28, 119, 223, 1, 23, 48]"
112511,"[220, 187, 13, 90, 238, 28, 119, 223, 32, 48]"
112512,"[7, 238, 138, 90, 28, 157, 13, 223, 146, 119]"
112513,"[6, 73, 220, 187, 71, 13, 90, 238, 28, 49]"
112514,"[73, 18, 15, 17, 91, 72, 3, 71, 64, 19]"
112515,"[238, 28, 157, 18, 90, 13, 223, 189, 119, 122]"
112516,"[6, 82, 72, 54, 12, 15, 71, 124, 112, 149]"
112517,"[73, 1, 23, 5, 279, 20, 189, 2, 72, 0]"
112518,"[12, 261, 13, 90, 238, 28, 119, 223, 48, 60]"
112519,"[25, 73, 220, 187, 58, 12, 261, 43, 38, 30]"
112520,"[60, 23, 1, 238, 90, 13, 28, 223, 119, 34]"
112521,"[54, 42, 84, 13, 90, 28, 238, 2, 119, 29]"
112522,"[130, 49, 30, 91, 73, 24, 23, 1, 60, 43]"
112523,"[103, 13, 90, 238, 28, 119, 223, 27, 48, 76]"
112524,"[64, 18, 72, 138, 15, 238, 149, 82, 27, 157]"
112525,"[220, 187, 54, 13, 90, 238, 28, 119, 34, 223]"
112526,"[279, 23, 238, 189, 90, 13, 28, 223, 138, 119]"
112527,"[18, 72, 138, 1, 23, 238, 36, 189, 55, 146]"
112528,"[112, 27, 157, 13, 90, 279, 238, 28, 119, 223]"
112529,"[92, 72, 138, 238, 77, 105, 82, 1, 54, 23]"
112530,"[12, 220, 187, 261, 13, 90, 238, 28, 119, 48]"
112531,"[142, 220, 187, 23, 60, 30, 147, 24, 49, 54]"
112532,"[5, 49, 30, 142, 34, 130, 43, 24, 187, 220]"
112533,"[97, 49, 72, 138, 82, 238, 91, 92, 30, 6]"
112534,"[76, 13, 90, 238, 28, 119, 223, 58, 48, 103]"
112535,"[12, 13, 71, 90, 238, 28, 119, 32, 223, 48]"
112536,"[32, 12, 44, 13, 90, 238, 28, 119, 223, 45]"
112537,"[43, 220, 187, 49, 26, 13, 90, 54, 238, 28]"
112538,"[157, 238, 13, 223, 90, 28, 149, 119, 34, 220]"
112539,"[55, 238, 90, 157, 13, 28, 223, 119, 7, 138]"
112540,"[0, 138, 238, 146, 18, 54, 90, 72, 28, 64]"
112541,"[4, 238, 13, 90, 28, 119, 223, 147, 146, 26]"
112542,"[26, 146, 147, 72, 238, 58, 187, 220, 38, 133]"
112543,"[84, 187, 220, 13, 90, 238, 28, 34, 119, 23]"
112544,"[82, 72, 138, 238, 1, 151, 0, 146, 64, 23]"
112545,"[76, 187, 220, 13, 90, 238, 28, 12, 119, 261]"
112546,"[44, 13, 90, 238, 28, 119, 34, 223, 84, 48]"
112547,"[27, 48, 13, 90, 238, 28, 119, 223, 279, 54]"
112548,"[18, 27, 72, 157, 138, 238, 146, 64, 1, 92]"
112549,"[138, 238, 18, 15, 72, 151, 64, 146, 92, 105]"
112550,"[45, 13, 90, 238, 28, 119, 223, 58, 279, 34]"
112551,"[82, 72, 138, 18, 238, 26, 58, 146, 64, 6]"
112552,"[27, 157, 13, 54, 90, 279, 238, 28, 9, 119]"
112553,"[122, 18, 238, 58, 13, 90, 28, 223, 119, 149]"
112554,"[30, 23, 1, 49, 138, 24, 60, 238, 130, 72]"
112555,"[34, 187, 220, 54, 13, 90, 238, 28, 119, 223]"
112556,"[220, 187, 54, 13, 90, 238, 28, 119, 223, 121]"
112557,"[112, 13, 90, 58, 238, 28, 119, 223, 32, 48]"
112558,"[146, 238, 60, 32, 122, 90, 149, 138, 66, 38]"
112559,"[34, 13, 261, 90, 238, 28, 187, 220, 119, 223]"
112560,"[7, 44, 4, 54, 189, 21, 13, 238, 90, 28]"
112561,"[147, 157, 238, 261, 138, 14, 26, 0, 90, 223]"
112562,"[91, 238, 130, 138, 29, 90, 28, 13, 3, 223]"
112563,"[121, 220, 187, 13, 54, 90, 238, 28, 44, 119]"
112564,"[41, 6, 58, 12, 18, 25, 130, 0, 38, 13]"
112565,"[6, 73, 58, 147, 91, 41, 12, 25, 0, 13]"
112566,"[66, 238, 90, 13, 28, 223, 119, 147, 138, 146]"
112567,"[261, 12, 25, 45, 220, 187, 26, 41, 133, 58]"
112568,"[189, 223, 238, 90, 13, 28, 119, 146, 34, 279]"
112569,"[23, 1, 54, 24, 4, 142, 13, 90, 28, 238]"
112570,"[149, 21, 238, 90, 28, 13, 223, 138, 119, 146]"
112571,"[124, 6, 5, 13, 90, 28, 2, 238, 119, 223]"
112572,"[48, 13, 90, 238, 28, 119, 223, 32, 103, 146]"
112573,"[189, 223, 73, 238, 13, 90, 28, 119, 147, 146]"
112574,"[7, 238, 13, 90, 28, 223, 119, 157, 175, 146]"
112575,"[157, 119, 13, 90, 238, 28, 20, 223, 279, 23]"
112576,"[13, 90, 238, 28, 119, 223, 54, 32, 48, 103]"
112577,"[54, 27, 18, 279, 84, 72, 82, 2, 5, 51]"
112578,"[21, 187, 238, 20, 138, 223, 72, 90, 28, 7]"
112579,"[15, 72, 82, 18, 138, 238, 71, 149, 64, 6]"
112580,"[73, 91, 17, 3, 71, 149, 15, 18, 55, 72]"
112581,"[82, 72, 138, 1, 238, 23, 146, 64, 92, 105]"
112582,"[130, 1, 23, 2, 72, 49, 5, 54, 29, 30]"
112583,"[124, 72, 82, 2, 1, 54, 18, 23, 84, 13]"
112584,"[6, 27, 279, 261, 2, 45, 20, 41, 51, 9]"
112585,"[54, 73, 279, 6, 13, 90, 238, 28, 119, 223]"
112586,"[121, 220, 187, 13, 90, 45, 238, 28, 12, 119]"
112587,"[25, 73, 45, 147, 97, 9, 26, 49, 0, 76]"
112588,"[97, 147, 138, 25, 238, 151, 261, 49, 146, 41]"
112589,"[24, 30, 28, 23, 220, 187, 142, 13, 54, 90]"
112590,"[279, 23, 13, 54, 90, 20, 238, 28, 119, 112]"
112591,"[44, 13, 90, 238, 28, 119, 223, 279, 45, 14]"
112592,"[49, 138, 238, 26, 72, 25, 157, 151, 146, 64]"
112593,"[49, 6, 73, 30, 97, 138, 92, 238, 14, 0]"
112594,"[66, 18, 21, 72, 238, 13, 90, 157, 28, 223]"
112595,"[0, 26, 138, 30, 72, 49, 58, 238, 97, 146]"
112596,"[149, 72, 82, 17, 238, 13, 90, 15, 18, 28]"
112597,"[157, 138, 238, 105, 18, 6, 72, 92, 146, 151]"
112598,"[48, 13, 90, 238, 28, 119, 223, 103, 146, 44]"
112599,"[103, 13, 90, 238, 28, 147, 119, 223, 48, 54]"
112600,"[279, 23, 1, 20, 12, 54, 238, 13, 261, 32]"
112601,"[82, 72, 138, 238, 90, 146, 28, 223, 105, 64]"
112602,"[43, 220, 187, 13, 90, 238, 28, 119, 223, 121]"
112603,"[147, 279, 238, 28, 90, 13, 23, 223, 119, 138]"
112604,"[19, 32, 18, 279, 238, 72, 23, 17, 66, 90]"
112605,"[124, 149, 12, 20, 15, 26, 9, 220, 187, 64]"
112606,"[142, 220, 187, 23, 54, 49, 24, 30, 147, 7]"
112607,"[9, 82, 72, 279, 15, 124, 71, 34, 42, 84]"
112608,"[2, 54, 30, 1, 23, 34, 187, 49, 220, 72]"
112609,"[73, 58, 26, 261, 6, 12, 38, 91, 72, 60]"
112610,"[44, 58, 13, 90, 238, 28, 119, 223, 32, 48]"
112611,"[60, 23, 238, 151, 90, 13, 28, 147, 223, 146]"
112612,"[55, 238, 90, 13, 28, 223, 119, 146, 138, 76]"
112613,"[84, 54, 13, 1, 90, 23, 238, 28, 4, 119]"
112614,"[142, 238, 90, 13, 28, 223, 32, 119, 138, 146]"
112615,"[76, 13, 90, 238, 28, 119, 223, 26, 54, 34]"
112616,"[97, 138, 1, 23, 238, 18, 72, 73, 146, 64]"
112617,"[38, 58, 66, 149, 6, 26, 12, 238, 30, 13]"
112618,"[34, 187, 220, 54, 13, 90, 238, 28, 84, 119]"
112619,"[36, 13, 90, 238, 28, 223, 119, 34, 279, 48]"
112620,"[32, 13, 90, 28, 238, 119, 223, 34, 44, 103]"
112621,"[92, 54, 138, 238, 77, 105, 90, 0, 146, 28]"
112622,"[1, 23, 72, 82, 54, 18, 77, 15, 138, 238]"
112623,"[27, 13, 90, 238, 28, 119, 223, 279, 20, 48]"
112624,"[41, 73, 6, 58, 25, 91, 12, 0, 130, 49]"
112625,"[124, 44, 34, 82, 54, 5, 72, 71, 84, 19]"
112626,"[44, 13, 90, 238, 28, 58, 119, 223, 48, 12]"
112627,"[97, 27, 73, 189, 0, 151, 138, 77, 175, 238]"
112628,"[12, 13, 90, 238, 28, 119, 223, 103, 48, 121]"
112629,"[29, 73, 261, 13, 147, 90, 238, 28, 9, 48]"
112630,"[21, 187, 189, 238, 223, 90, 28, 13, 149, 138]"
112631,"[19, 238, 189, 90, 13, 28, 223, 119, 138, 146]"
112632,"[97, 1, 72, 23, 82, 138, 15, 105, 238, 64]"
112633,"[48, 13, 90, 238, 28, 119, 73, 223, 121, 103]"
112634,"[149, 238, 13, 90, 28, 223, 119, 146, 48, 103]"
112635,"[238, 138, 90, 28, 13, 223, 146, 119, 38, 55]"
112636,"[146, 238, 90, 28, 13, 138, 157, 223, 119, 55]"
112637,"[55, 238, 90, 13, 28, 223, 119, 18, 146, 58]"
112638,"[6, 73, 220, 187, 261, 0, 49, 23, 147, 41]"
112639,"[73, 138, 238, 97, 146, 64, 92, 105, 72, 151]"
112640,"[25, 27, 9, 279, 261, 51, 20, 112, 71, 105]"
112641,"[5, 220, 187, 142, 34, 43, 84, 23, 121, 13]"
112642,"[20, 13, 90, 238, 28, 119, 223, 187, 220, 48]"
112643,"[82, 72, 138, 238, 6, 92, 0, 146, 90, 38]"
112644,"[122, 238, 90, 28, 13, 279, 23, 138, 60, 223]"
112645,"[27, 279, 21, 6, 82, 261, 72, 187, 41, 142]"
112646,"[9, 279, 6, 54, 27, 73, 105, 13, 151, 71]"
112647,"[26, 72, 73, 138, 105, 238, 30, 77, 146, 64]"
112648,"[30, 1, 23, 138, 34, 238, 4, 72, 49, 146]"
112649,"[157, 21, 20, 90, 279, 29, 23, 13, 223, 238]"
112650,"[84, 54, 5, 10, 2, 71, 4, 13, 42, 28]"
112651,"[34, 23, 1, 54, 187, 220, 60, 13, 90, 2]"
112652,"[55, 238, 90, 58, 13, 28, 223, 119, 146, 32]"
112653,"[147, 238, 90, 28, 223, 13, 138, 23, 55, 119]"
112654,"[91, 261, 73, 220, 187, 43, 121, 14, 130, 23]"
112655,"[20, 45, 21, 13, 90, 238, 28, 119, 147, 223]"
112656,"[77, 147, 138, 27, 238, 105, 97, 279, 72, 151]"
112657,"[238, 13, 90, 223, 28, 157, 119, 149, 36, 146]"
112658,"[51, 9, 2, 71, 5, 72, 1, 82, 13, 23]"
112659,"[48, 220, 187, 13, 90, 238, 28, 119, 26, 223]"
112660,"[82, 72, 138, 15, 18, 238, 27, 64, 19, 146]"
112661,"[92, 72, 82, 138, 77, 238, 1, 49, 23, 189]"
112662,"[105, 27, 147, 138, 238, 151, 21, 97, 72, 146]"
112663,"[29, 73, 17, 279, 13, 238, 90, 28, 119, 42]"
112664,"[24, 23, 60, 147, 220, 187, 142, 49, 238, 138]"
112665,"[21, 157, 187, 27, 189, 223, 238, 90, 13, 279]"
112666,"[92, 73, 58, 12, 26, 15, 6, 72, 91, 138]"
112667,"[220, 187, 13, 23, 90, 238, 28, 119, 121, 223]"
112668,"[13, 90, 238, 28, 146, 119, 223, 142, 58, 24]"
112669,"[29, 261, 73, 279, 20, 13, 90, 238, 28, 23]"
112670,"[121, 1, 13, 23, 54, 90, 238, 28, 119, 34]"
112671,"[36, 238, 90, 13, 28, 223, 147, 138, 119, 146]"
112672,"[41, 73, 9, 71, 30, 15, 124, 2, 91, 13]"
112673,"[77, 138, 238, 7, 146, 64, 92, 72, 105, 97]"
112674,"[32, 13, 90, 28, 238, 119, 223, 279, 103, 9]"
112675,"[220, 187, 13, 90, 238, 28, 119, 223, 58, 23]"
112676,"[220, 187, 13, 90, 238, 28, 119, 223, 20, 32]"
112677,"[24, 23, 73, 238, 147, 12, 138, 90, 14, 97]"
112678,"[17, 23, 279, 1, 20, 36, 60, 21, 2, 29]"
112679,"[21, 187, 238, 90, 13, 223, 28, 119, 138, 146]"
112680,"[23, 238, 223, 1, 21, 90, 138, 28, 157, 13]"
112681,"[151, 261, 72, 97, 82, 105, 0, 238, 147, 138]"
112682,"[82, 72, 18, 15, 138, 149, 9, 238, 26, 64]"
112683,"[20, 157, 103, 21, 13, 9, 90, 73, 238, 28]"
112684,"[51, 73, 187, 220, 58, 279, 32, 2, 238, 121]"
112685,"[54, 34, 84, 279, 5, 220, 1, 23, 187, 4]"
112686,"[4, 157, 36, 13, 21, 90, 238, 28, 223, 119]"
112687,"[157, 223, 238, 13, 23, 90, 220, 28, 1, 119]"
112688,"[84, 1, 23, 13, 187, 220, 90, 238, 28, 119]"
112689,"[121, 23, 13, 90, 238, 28, 279, 1, 119, 20]"
112690,"[84, 13, 90, 238, 28, 119, 223, 20, 21, 44]"
112691,"[24, 54, 23, 30, 1, 2, 7, 34, 4, 28]"
112692,"[133, 279, 238, 138, 7, 90, 4, 223, 28, 13]"
112693,"[43, 13, 90, 238, 28, 119, 58, 223, 187, 220]"
112694,"[9, 27, 279, 82, 72, 21, 54, 20, 51, 77]"
112695,"[82, 72, 138, 58, 73, 238, 26, 12, 15, 64]"
112696,"[82, 72, 73, 3, 15, 91, 19, 71, 18, 26]"
112697,"[6, 73, 82, 72, 71, 27, 9, 13, 90, 28]"
112698,"[0, 73, 27, 147, 151, 97, 138, 189, 105, 49]"
112699,"[27, 279, 6, 142, 124, 13, 28, 90, 238, 119]"
112700,"[124, 9, 73, 157, 77, 51, 29, 103, 279, 112]"
112701,"[223, 189, 73, 238, 90, 28, 13, 142, 138, 146]"
112702,"[27, 124, 9, 279, 21, 149, 77, 105, 15, 51]"
112703,"[48, 13, 90, 238, 28, 119, 45, 261, 223, 27]"
112704,"[66, 147, 238, 138, 90, 28, 13, 146, 223, 4]"
112705,"[157, 238, 261, 14, 147, 223, 138, 90, 28, 13]"
112706,"[14, 21, 238, 23, 90, 13, 28, 223, 119, 138]"
112707,"[13, 90, 238, 28, 157, 119, 32, 223, 84, 103]"
112708,"[32, 73, 13, 90, 238, 28, 119, 223, 48, 71]"
112709,"[1, 23, 54, 138, 60, 7, 238, 2, 34, 72]"
112710,"[220, 187, 13, 90, 238, 28, 119, 223, 84, 34]"
112711,"[175, 189, 238, 90, 13, 28, 48, 223, 119, 138]"
112712,"[27, 119, 13, 90, 238, 28, 157, 223, 279, 103]"
112713,"[175, 238, 90, 13, 28, 223, 119, 146, 138, 48]"
112714,"[27, 279, 73, 45, 9, 25, 14, 261, 41, 142]"
112715,"[122, 58, 13, 238, 90, 12, 28, 119, 223, 18]"
112716,"[220, 187, 27, 13, 90, 238, 28, 119, 223, 279]"
112717,"[13, 90, 238, 28, 119, 223, 48, 103, 146, 76]"
112718,"[4, 21, 157, 238, 149, 90, 189, 18, 13, 28]"
112719,"[34, 13, 90, 28, 238, 119, 223, 20, 21, 32]"
112720,"[220, 187, 13, 90, 238, 28, 119, 223, 261, 279]"
112721,"[189, 147, 157, 261, 238, 14, 21, 23, 90, 138]"
112722,"[73, 49, 91, 0, 147, 24, 142, 130, 189, 23]"
112723,"[157, 147, 151, 25, 238, 223, 21, 220, 60, 14]"
112724,"[1, 23, 72, 2, 238, 5, 138, 34, 54, 15]"
112725,"[64, 73, 138, 238, 72, 12, 26, 38, 15, 92]"
112726,"[44, 13, 90, 238, 28, 119, 223, 32, 149, 48]"
112727,"[91, 72, 18, 82, 73, 17, 3, 15, 6, 26]"
112728,"[73, 3, 6, 91, 58, 12, 71, 18, 92, 64]"
112729,"[124, 27, 82, 9, 72, 77, 157, 21, 51, 279]"
112730,"[14, 23, 261, 1, 279, 147, 189, 238, 138, 73]"
112731,"[25, 6, 73, 261, 49, 91, 26, 32, 72, 279]"
112732,"[6, 71, 2, 238, 13, 90, 28, 73, 119, 223]"
112733,"[0, 73, 97, 138, 91, 21, 151, 189, 238, 45]"
112734,"[157, 147, 36, 21, 77, 0, 90, 223, 238, 97]"
112735,"[29, 73, 13, 261, 90, 238, 28, 157, 119, 45]"
112736,"[189, 147, 157, 238, 90, 13, 28, 223, 21, 119]"
112737,"[51, 27, 72, 82, 279, 20, 2, 71, 44, 9]"
112738,"[157, 147, 90, 238, 13, 261, 14, 28, 223, 119]"
112739,"[147, 238, 23, 90, 13, 223, 28, 119, 138, 146]"
112740,"[73, 17, 13, 90, 238, 28, 18, 119, 223, 48]"
112741,"[157, 147, 238, 223, 220, 90, 138, 28, 13, 21]"
112742,"[175, 147, 157, 14, 21, 189, 238, 138, 0, 23]"
112743,"[24, 30, 220, 187, 28, 54, 13, 238, 23, 90]"
112744,"[189, 223, 238, 13, 90, 28, 23, 1, 21, 119]"
112745,"[30, 138, 238, 18, 64, 146, 72, 77, 92, 105]"
112746,"[12, 13, 90, 238, 28, 119, 71, 223, 48, 103]"
112747,"[6, 73, 71, 58, 187, 220, 13, 90, 238, 28]"
112748,"[2, 27, 6, 18, 279, 13, 90, 72, 28, 238]"
112749,"[1, 23, 138, 49, 72, 238, 146, 64, 90, 28]"
112750,"[38, 238, 138, 90, 279, 28, 13, 223, 146, 23]"
112751,"[2, 54, 30, 1, 23, 34, 5, 112, 27, 84]"
112752,"[220, 187, 54, 23, 1, 121, 49, 24, 30, 43]"
112753,"[147, 14, 26, 23, 220, 60, 187, 238, 138, 72]"
112754,"[122, 18, 238, 13, 90, 28, 223, 119, 157, 146]"
112755,"[48, 220, 187, 13, 90, 238, 28, 119, 12, 223]"
112756,"[30, 71, 138, 238, 146, 72, 15, 77, 64, 105]"
112757,"[41, 1, 2, 23, 71, 124, 238, 6, 90, 28]"
112758,"[14, 21, 23, 238, 90, 138, 28, 13, 223, 26]"
112759,"[2, 73, 49, 1, 23, 54, 30, 130, 84, 187]"
112760,"[73, 72, 82, 91, 15, 3, 18, 17, 64, 1]"
112761,"[220, 187, 13, 90, 23, 238, 28, 34, 119, 54]"
112762,"[64, 72, 18, 82, 15, 138, 238, 26, 146, 149]"
112763,"[26, 72, 138, 49, 73, 238, 24, 142, 146, 64]"
112764,"[48, 220, 187, 261, 13, 60, 90, 12, 238, 28]"
112765,"[133, 73, 189, 12, 238, 14, 91, 122, 147, 38]"
112766,"[151, 138, 23, 1, 238, 72, 146, 64, 92, 105]"
112767,"[29, 27, 157, 13, 90, 238, 28, 119, 279, 223]"
112768,"[157, 105, 9, 27, 138, 77, 64, 238, 151, 279]"
112769,"[189, 238, 90, 13, 28, 223, 119, 146, 138, 48]"
112770,"[43, 13, 90, 238, 28, 119, 223, 261, 220, 187]"
112771,"[14, 23, 238, 90, 138, 28, 13, 223, 4, 26]"
112772,"[66, 238, 90, 28, 13, 223, 138, 119, 146, 142]"
112773,"[15, 72, 138, 73, 19, 238, 71, 3, 66, 122]"
112774,"[48, 73, 147, 13, 90, 45, 238, 28, 26, 119]"
112775,"[157, 21, 189, 90, 13, 73, 238, 223, 28, 29]"
112776,"[1, 23, 42, 54, 238, 2, 13, 90, 28, 119]"
112777,"[44, 6, 13, 90, 238, 28, 58, 119, 223, 73]"
112778,"[84, 13, 187, 220, 90, 238, 28, 119, 223, 48]"
112779,"[18, 72, 82, 6, 138, 238, 1, 97, 92, 15]"
112780,"[25, 27, 6, 157, 279, 20, 51, 112, 105, 2]"
112781,"[41, 73, 45, 25, 9, 91, 30, 151, 97, 147]"
112782,"[279, 157, 21, 23, 13, 103, 20, 9, 90, 112]"
112783,"[147, 27, 189, 238, 13, 90, 223, 28, 119, 23]"
112784,"[142, 23, 60, 27, 13, 49, 187, 220, 90, 238]"
112785,"[121, 54, 1, 23, 13, 90, 238, 28, 220, 187]"
112786,"[44, 13, 90, 238, 28, 119, 223, 45, 48, 103]"
112787,"[238, 90, 13, 28, 4, 223, 119, 72, 7, 32]"
112788,"[27, 279, 73, 142, 84, 25, 1, 43, 13, 28]"
112789,"[15, 72, 6, 138, 82, 238, 92, 146, 18, 64]"
112790,"[44, 32, 13, 90, 238, 28, 119, 223, 149, 157]"
112791,"[19, 238, 142, 90, 13, 28, 223, 119, 146, 138]"
112792,"[157, 147, 238, 90, 13, 28, 223, 119, 146, 45]"
112793,"[105, 73, 138, 72, 30, 238, 15, 91, 82, 64]"
112794,"[12, 13, 90, 238, 28, 119, 223, 32, 44, 48]"
112795,"[5, 73, 71, 29, 17, 138, 51, 238, 66, 146]"
112796,"[92, 138, 238, 146, 105, 90, 64, 28, 72, 223]"
112797,"[0, 72, 82, 77, 147, 54, 157, 138, 27, 238]"
112798,"[189, 13, 238, 90, 28, 119, 223, 48, 146, 58]"
112799,"[30, 49, 138, 220, 238, 187, 24, 23, 60, 151]"
112800,"[72, 82, 26, 18, 138, 238, 64, 92, 146, 66]"
112801,"[238, 90, 13, 28, 223, 119, 142, 138, 146, 23]"
112802,"[38, 261, 60, 23, 147, 279, 26, 138, 14, 24]"
112803,"[55, 73, 238, 90, 13, 28, 38, 6, 223, 19]"
112804,"[147, 238, 23, 138, 223, 90, 55, 28, 13, 146]"
112805,"[60, 23, 24, 13, 238, 90, 28, 119, 142, 223]"
112806,"[3, 91, 30, 130, 49, 13, 90, 124, 238, 28]"
112807,"[15, 72, 138, 1, 23, 238, 146, 64, 92, 105]"
112808,"[34, 13, 90, 238, 28, 119, 223, 48, 6, 103]"
112809,"[38, 58, 238, 90, 13, 28, 32, 18, 223, 138]"
112810,"[103, 13, 90, 238, 28, 119, 223, 147, 73, 48]"
112811,"[72, 82, 26, 18, 138, 6, 238, 64, 15, 92]"
112812,"[43, 220, 187, 13, 90, 238, 28, 119, 54, 223]"
112813,"[55, 60, 238, 14, 138, 23, 90, 28, 13, 146]"
112814,"[72, 82, 18, 1, 23, 15, 138, 26, 64, 238]"
112815,"[58, 72, 13, 187, 90, 82, 238, 28, 26, 220]"
112816,"[1, 23, 13, 90, 238, 28, 119, 2, 223, 34]"
112817,"[18, 73, 72, 138, 238, 146, 64, 92, 105, 97]"
112818,"[220, 187, 6, 60, 142, 43, 2, 23, 54, 30]"
112819,"[54, 73, 279, 25, 6, 138, 58, 238, 220, 45]"
112820,"[130, 73, 91, 41, 51, 9, 105, 151, 3, 77]"
112821,"[41, 2, 124, 238, 71, 13, 90, 28, 223, 119]"
112822,"[7, 238, 13, 90, 28, 84, 4, 119, 223, 149]"
112823,"[54, 6, 30, 2, 220, 187, 24, 49, 43, 121]"
112824,"[29, 23, 1, 32, 60, 279, 20, 2, 13, 36]"
112825,"[73, 261, 25, 30, 151, 49, 130, 14, 2, 48]"
112826,"[2, 27, 6, 279, 41, 51, 13, 90, 71, 72]"
112827,"[72, 82, 138, 238, 49, 18, 64, 146, 23, 92]"
112828,"[34, 13, 90, 238, 28, 119, 279, 32, 223, 9]"
112829,"[45, 261, 13, 90, 238, 28, 119, 223, 48, 279]"
112830,"[261, 279, 13, 90, 238, 28, 20, 27, 119, 223]"
112831,"[54, 2, 157, 279, 84, 9, 32, 4, 71, 29]"
112832,"[64, 72, 73, 15, 82, 138, 238, 92, 189, 26]"
112833,"[142, 147, 58, 26, 23, 238, 261, 38, 90, 13]"
112834,"[157, 238, 223, 90, 13, 28, 119, 220, 151, 138]"
112835,"[133, 72, 238, 82, 26, 90, 28, 13, 122, 138]"
112836,"[84, 187, 220, 13, 90, 238, 28, 121, 23, 119]"
112837,"[29, 60, 23, 17, 1, 32, 279, 66, 24, 3]"
112838,"[36, 157, 238, 14, 147, 90, 13, 28, 223, 119]"
112839,"[64, 138, 238, 0, 151, 72, 146, 92, 49, 105]"
112840,"[25, 27, 9, 261, 279, 51, 97, 20, 0, 105]"
112841,"[72, 82, 18, 26, 15, 138, 6, 64, 238, 58]"
112842,"[58, 13, 261, 90, 238, 28, 119, 223, 48, 43]"
112843,"[38, 147, 60, 157, 26, 6, 23, 238, 138, 12]"
112844,"[9, 73, 279, 30, 2, 45, 38, 58, 91, 261]"
112845,"[76, 73, 147, 45, 261, 13, 48, 90, 238, 28]"
112846,"[124, 6, 72, 2, 1, 82, 23, 49, 54, 84]"
112847,"[26, 72, 15, 18, 82, 73, 138, 238, 19, 64]"
112848,"[66, 72, 15, 238, 149, 82, 13, 90, 28, 19]"
112849,"[220, 187, 73, 13, 90, 238, 28, 58, 26, 119]"
112850,"[119, 13, 90, 238, 28, 223, 43, 48, 103, 146]"
112851,"[55, 26, 238, 90, 13, 28, 223, 119, 146, 138]"
112852,"[73, 3, 6, 15, 91, 66, 38, 44, 71, 92]"
112853,"[97, 72, 1, 82, 23, 138, 0, 238, 18, 146]"
112854,"[64, 138, 189, 77, 238, 105, 72, 73, 30, 146]"
112855,"[9, 82, 72, 54, 279, 1, 23, 71, 103, 34]"
112856,"[121, 187, 220, 13, 90, 28, 238, 119, 223, 84]"
112857,"[151, 27, 72, 77, 82, 138, 238, 105, 189, 279]"
112858,"[261, 13, 90, 238, 28, 119, 223, 48, 9, 45]"
112859,"[20, 13, 90, 238, 28, 119, 223, 103, 76, 48]"
112860,"[18, 72, 27, 82, 15, 138, 64, 26, 71, 238]"
112861,"[189, 157, 223, 73, 13, 21, 90, 238, 28, 119]"
112862,"[58, 12, 13, 90, 238, 28, 119, 223, 45, 76]"
112863,"[119, 13, 90, 238, 28, 223, 189, 84, 44, 48]"
112864,"[9, 279, 54, 71, 2, 238, 13, 90, 28, 32]"
112865,"[3, 1, 23, 73, 72, 91, 82, 0, 238, 13]"
112866,"[18, 1, 23, 72, 138, 238, 97, 146, 64, 279]"
112867,"[41, 27, 9, 54, 279, 77, 20, 2, 261, 238]"
112868,"[15, 72, 138, 27, 238, 157, 105, 1, 146, 64]"
112869,"[91, 220, 187, 73, 42, 24, 142, 23, 60, 49]"
112870,"[29, 36, 34, 17, 19, 279, 13, 84, 122, 32]"
112871,"[1, 23, 54, 72, 49, 30, 138, 238, 130, 97]"
112872,"[58, 12, 13, 20, 261, 90, 238, 28, 279, 119]"
112873,"[5, 220, 187, 49, 130, 97, 84, 3, 2, 76]"
112874,"[175, 238, 72, 82, 90, 13, 28, 223, 119, 189]"
112875,"[149, 60, 238, 138, 90, 28, 23, 13, 279, 223]"
112876,"[175, 147, 238, 138, 157, 90, 223, 28, 48, 146]"
112877,"[7, 220, 187, 44, 4, 60, 23, 238, 13, 90]"
112878,"[45, 13, 90, 238, 28, 119, 223, 187, 220, 58]"
112879,"[64, 72, 26, 1, 138, 23, 238, 92, 18, 38]"
112880,"[43, 23, 220, 187, 60, 1, 261, 24, 13, 90]"
112881,"[76, 13, 90, 238, 28, 119, 223, 58, 149, 12]"
112882,"[189, 72, 15, 82, 90, 238, 17, 13, 4, 7]"
112883,"[175, 189, 238, 90, 13, 28, 119, 223, 157, 48]"
112884,"[45, 187, 220, 58, 26, 13, 90, 73, 238, 28]"
112885,"[149, 72, 238, 26, 82, 90, 28, 13, 138, 54]"
112886,"[238, 90, 13, 18, 28, 23, 223, 32, 119, 1]"
112887,"[76, 13, 90, 238, 28, 119, 223, 48, 25, 103]"
112888,"[82, 72, 138, 238, 27, 157, 77, 105, 146, 1]"
112889,"[15, 72, 82, 73, 18, 138, 64, 238, 105, 66]"
112890,"[1, 23, 73, 138, 72, 238, 92, 30, 175, 146]"
112891,"[51, 9, 157, 73, 20, 27, 279, 29, 103, 84]"
112892,"[29, 36, 19, 21, 34, 84, 122, 17, 32, 20]"
112893,"[54, 1, 23, 34, 220, 2, 187, 279, 84, 5]"
112894,"[149, 18, 238, 72, 13, 90, 28, 223, 119, 15]"
112895,"[189, 54, 77, 90, 13, 238, 28, 223, 119, 21]"
112896,"[92, 72, 82, 138, 54, 238, 15, 146, 64, 122]"
112897,"[220, 187, 54, 13, 90, 28, 238, 119, 223, 34]"
112898,"[17, 73, 18, 72, 15, 29, 149, 122, 19, 55]"
112899,"[30, 1, 23, 238, 54, 138, 49, 90, 18, 28]"
112900,"[91, 261, 73, 14, 23, 60, 279, 130, 97, 30]"
112901,"[30, 138, 238, 18, 146, 90, 72, 105, 64, 28]"
112902,"[149, 72, 82, 26, 238, 58, 73, 90, 17, 28]"
112903,"[29, 73, 13, 90, 238, 28, 119, 223, 157, 48]"
112904,"[13, 90, 157, 238, 28, 119, 223, 103, 76, 48]"
112905,"[133, 147, 6, 238, 58, 73, 90, 38, 26, 138]"
112906,"[5, 1, 23, 54, 2, 34, 84, 130, 42, 24]"
112907,"[279, 13, 112, 90, 238, 28, 119, 23, 223, 48]"
112908,"[133, 60, 147, 23, 261, 14, 138, 279, 238, 38]"
112909,"[91, 238, 90, 13, 28, 223, 2, 3, 119, 138]"
112910,"[220, 187, 13, 90, 238, 28, 119, 147, 73, 223]"
112911,"[97, 138, 73, 238, 91, 121, 38, 49, 105, 92]"
112912,"[21, 187, 238, 13, 90, 27, 28, 223, 119, 279]"
112913,"[18, 72, 82, 1, 23, 138, 238, 64, 175, 77]"
112914,"[41, 73, 6, 220, 187, 82, 72, 49, 261, 25]"
112915,"[0, 1, 72, 23, 82, 138, 238, 91, 189, 146]"
112916,"[77, 157, 138, 27, 238, 151, 64, 15, 1, 72]"
112917,"[38, 147, 261, 23, 60, 138, 238, 220, 187, 26]"
112918,"[14, 23, 238, 90, 28, 13, 223, 138, 119, 146]"
112919,"[51, 27, 25, 41, 45, 220, 187, 20, 279, 112]"
112920,"[27, 279, 73, 6, 142, 13, 238, 220, 187, 90]"
112921,"[73, 9, 71, 27, 13, 90, 279, 28, 238, 119]"
112922,"[17, 73, 58, 279, 261, 32, 23, 72, 38, 14]"
112923,"[261, 119, 279, 13, 60, 90, 238, 28, 32, 23]"
112924,"[133, 26, 147, 38, 72, 238, 138, 146, 90, 6]"
112925,"[189, 223, 238, 13, 90, 28, 119, 15, 146, 48]"
112926,"[147, 238, 223, 90, 13, 28, 77, 189, 119, 23]"
112927,"[32, 13, 90, 238, 28, 73, 119, 279, 223, 60]"
112928,"[220, 187, 23, 13, 1, 90, 238, 28, 119, 34]"
112929,"[23, 279, 60, 49, 220, 187, 24, 30, 1, 238]"
112930,"[66, 238, 13, 90, 28, 119, 223, 34, 146, 189]"
112931,"[73, 34, 5, 42, 138, 238, 223, 146, 64, 84]"
112932,"[157, 21, 238, 90, 147, 189, 13, 223, 28, 119]"
112933,"[84, 13, 90, 238, 28, 119, 261, 223, 45, 279]"
112934,"[119, 13, 90, 238, 28, 223, 27, 44, 48, 84]"
112935,"[77, 138, 26, 30, 238, 72, 64, 151, 49, 92]"
112936,"[279, 27, 54, 9, 21, 23, 157, 13, 90, 238]"
112937,"[9, 27, 82, 72, 279, 124, 21, 157, 77, 15]"
112938,"[1, 23, 54, 138, 34, 7, 2, 238, 72, 30]"
112939,"[138, 157, 238, 72, 146, 64, 92, 105, 26, 97]"
112940,"[92, 138, 238, 90, 54, 146, 28, 105, 223, 64]"
112941,"[49, 261, 12, 138, 73, 238, 72, 97, 14, 23]"
112942,"[147, 238, 90, 23, 223, 28, 138, 13, 55, 146]"
112943,"[2, 73, 18, 9, 72, 51, 20, 103, 36, 3]"
112944,"[17, 21, 29, 23, 157, 4, 1, 279, 187, 24]"
112945,"[38, 24, 49, 147, 189, 23, 21, 142, 238, 138]"
112946,"[55, 147, 60, 238, 138, 23, 90, 28, 146, 223]"
112947,"[7, 23, 1, 60, 138, 238, 14, 142, 2, 49]"
112948,"[82, 72, 15, 18, 138, 105, 64, 19, 238, 77]"
112949,"[1, 23, 30, 72, 138, 49, 238, 90, 2, 28]"
112950,"[48, 13, 147, 261, 90, 238, 28, 119, 220, 187]"
112951,"[261, 157, 13, 45, 90, 147, 238, 28, 119, 20]"
112952,"[175, 13, 238, 90, 28, 119, 223, 34, 84, 189]"
112953,"[27, 119, 13, 90, 238, 28, 223, 279, 48, 157]"
112954,"[51, 13, 90, 28, 238, 119, 187, 220, 6, 223]"
112955,"[142, 220, 187, 23, 30, 54, 147, 60, 49, 1]"
112956,"[91, 73, 26, 38, 30, 261, 45, 133, 72, 92]"
112957,"[58, 261, 13, 90, 60, 32, 238, 28, 119, 187]"
112958,"[34, 13, 32, 90, 157, 28, 238, 119, 223, 279]"
112959,"[20, 13, 90, 238, 28, 119, 187, 220, 223, 103]"
112960,"[45, 13, 58, 90, 238, 28, 187, 220, 119, 223]"
112961,"[119, 187, 220, 13, 90, 238, 28, 223, 44, 12]"
112962,"[72, 82, 18, 26, 6, 138, 15, 238, 64, 58]"
112963,"[71, 25, 30, 27, 2, 41, 279, 9, 261, 124]"
112964,"[25, 27, 20, 6, 279, 157, 261, 54, 23, 13]"
112965,"[54, 73, 261, 45, 279, 6, 25, 48, 138, 91]"
112966,"[220, 187, 13, 90, 28, 238, 119, 223, 103, 12]"
112967,"[175, 238, 138, 90, 157, 28, 13, 223, 146, 119]"
112968,"[7, 238, 13, 90, 28, 119, 223, 34, 49, 23]"
112969,"[124, 149, 9, 15, 2, 12, 20, 5, 279, 26]"
112970,"[279, 112, 13, 90, 23, 238, 28, 220, 187, 119]"
112971,"[279, 23, 20, 12, 13, 238, 1, 90, 28, 261]"
112972,"[1, 23, 49, 138, 54, 30, 238, 24, 72, 130]"
112973,"[112, 13, 90, 238, 28, 119, 147, 223, 157, 261]"
112974,"[7, 44, 189, 13, 90, 238, 28, 119, 223, 48]"
112975,"[30, 73, 138, 26, 238, 97, 72, 12, 24, 146]"
112976,"[26, 72, 138, 49, 0, 238, 147, 23, 151, 1]"
112977,"[147, 23, 26, 60, 220, 187, 261, 138, 72, 238]"
112978,"[58, 13, 90, 238, 28, 119, 73, 223, 71, 48]"
112979,"[138, 238, 2, 24, 84, 146, 64, 92, 105, 72]"
112980,"[27, 77, 13, 90, 189, 54, 157, 238, 28, 21]"
112981,"[66, 73, 238, 13, 90, 28, 119, 58, 223, 38]"
112982,"[20, 27, 13, 90, 238, 28, 119, 223, 279, 103]"
112983,"[14, 21, 238, 23, 13, 90, 27, 28, 223, 119]"
112984,"[73, 130, 27, 6, 58, 91, 25, 0, 279, 41]"
112985,"[20, 13, 90, 44, 238, 28, 119, 223, 84, 82]"
112986,"[43, 13, 187, 90, 220, 238, 28, 58, 119, 223]"
112987,"[261, 90, 21, 238, 13, 28, 14, 223, 119, 279]"
112988,"[44, 13, 90, 238, 28, 119, 223, 71, 149, 54]"
112989,"[12, 25, 6, 38, 41, 58, 26, 10, 261, 133]"
112990,"[189, 21, 223, 13, 157, 90, 238, 28, 119, 77]"
112991,"[90, 157, 13, 238, 223, 28, 112, 189, 175, 77]"
112992,"[72, 82, 18, 138, 238, 15, 64, 26, 71, 92]"
112993,"[112, 13, 90, 238, 28, 119, 223, 54, 48, 103]"
112994,"[14, 261, 23, 147, 26, 157, 138, 238, 151, 0]"
112995,"[55, 72, 82, 13, 238, 90, 28, 15, 223, 119]"
112996,"[189, 223, 13, 238, 90, 28, 119, 34, 48, 146]"
112997,"[189, 157, 13, 238, 90, 28, 223, 21, 77, 119]"
112998,"[34, 23, 1, 13, 90, 28, 238, 119, 223, 187]"
112999,"[189, 238, 13, 90, 28, 261, 223, 119, 45, 48]"
113000,"[71, 279, 20, 34, 27, 23, 2, 103, 45, 51]"
113001,"[34, 13, 73, 90, 238, 28, 119, 223, 48, 103]"
113002,"[48, 220, 187, 13, 90, 238, 28, 119, 223, 12]"
113003,"[2, 9, 27, 18, 73, 71, 15, 279, 105, 72]"
113004,"[77, 1, 138, 23, 72, 238, 73, 92, 97, 82]"
113005,"[73, 26, 91, 18, 6, 72, 15, 58, 17, 130]"
113006,"[7, 54, 1, 23, 34, 175, 4, 24, 49, 15]"
113007,"[149, 157, 21, 23, 138, 147, 238, 279, 60, 1]"
113008,"[1, 23, 72, 27, 82, 15, 9, 157, 18, 77]"
113009,"[157, 28, 238, 149, 90, 13, 66, 223, 119, 21]"
113010,"[48, 261, 147, 13, 90, 238, 28, 119, 223, 45]"
113011,"[18, 72, 138, 238, 146, 64, 0, 97, 92, 105]"
113012,"[43, 220, 187, 13, 90, 238, 28, 119, 45, 223]"
113013,"[84, 1, 23, 34, 13, 90, 28, 238, 119, 223]"
113014,"[43, 13, 90, 238, 28, 119, 261, 223, 58, 48]"
113015,"[51, 73, 238, 13, 25, 2, 90, 28, 32, 119]"
113016,"[38, 6, 26, 149, 238, 66, 133, 58, 90, 13]"
113017,"[73, 58, 26, 12, 187, 220, 72, 261, 38, 121]"
113018,"[5, 49, 73, 30, 130, 34, 24, 220, 187, 43]"
113019,"[138, 238, 15, 72, 18, 64, 151, 26, 146, 92]"
113020,"[9, 27, 279, 21, 124, 54, 15, 71, 20, 112]"
113021,"[187, 220, 12, 13, 90, 238, 28, 119, 223, 21]"
113022,"[48, 13, 90, 238, 28, 119, 223, 103, 146, 54]"
113023,"[66, 73, 21, 238, 90, 13, 28, 38, 223, 12]"
113024,"[72, 82, 18, 15, 138, 71, 64, 238, 149, 54]"
113025,"[44, 13, 90, 238, 28, 119, 223, 34, 84, 48]"
113026,"[92, 26, 72, 138, 64, 18, 238, 15, 146, 122]"
113027,"[18, 72, 138, 238, 27, 146, 15, 29, 90, 28]"
113028,"[4, 13, 238, 18, 90, 28, 84, 54, 149, 157]"
113029,"[2, 72, 54, 82, 27, 1, 5, 23, 84, 77]"
113030,"[121, 13, 90, 238, 28, 119, 187, 220, 223, 84]"
113031,"[157, 147, 151, 25, 223, 220, 238, 90, 189, 138]"
113032,"[38, 238, 13, 90, 28, 119, 223, 146, 189, 48]"
113033,"[105, 147, 151, 138, 97, 0, 238, 36, 26, 72]"
113034,"[19, 18, 26, 238, 90, 13, 149, 28, 72, 223]"
113035,"[60, 23, 1, 238, 13, 90, 279, 28, 34, 119]"
113036,"[4, 23, 1, 24, 13, 238, 90, 54, 28, 119]"
113037,"[105, 138, 49, 26, 238, 72, 25, 92, 64, 30]"
113038,"[147, 26, 220, 187, 23, 138, 60, 72, 238, 38]"
113039,"[43, 13, 90, 238, 28, 220, 187, 119, 223, 84]"
113040,"[21, 187, 238, 90, 13, 223, 28, 279, 58, 119]"
113041,"[13, 238, 90, 28, 119, 223, 73, 48, 146, 32]"
113042,"[189, 223, 21, 13, 90, 238, 73, 28, 119, 157]"
113043,"[64, 138, 49, 238, 0, 72, 92, 146, 77, 105]"
113044,"[38, 19, 55, 238, 72, 138, 82, 122, 90, 15]"
113045,"[105, 138, 238, 146, 72, 157, 64, 92, 90, 28]"
113046,"[60, 23, 238, 157, 138, 189, 151, 55, 90, 28]"
113047,"[157, 13, 90, 238, 28, 45, 119, 223, 103, 261]"
113048,"[55, 26, 238, 18, 147, 90, 13, 28, 72, 223]"
113049,"[261, 13, 90, 238, 28, 119, 45, 223, 103, 76]"
113050,"[7, 157, 238, 1, 23, 4, 90, 28, 138, 13]"
113051,"[97, 147, 0, 261, 151, 138, 14, 49, 45, 23]"
113052,"[142, 157, 238, 90, 13, 28, 223, 119, 146, 138]"
113053,"[261, 147, 21, 13, 90, 238, 28, 73, 119, 223]"
113054,"[119, 13, 90, 238, 28, 223, 43, 48, 146, 103]"
113055,"[45, 13, 90, 238, 28, 119, 223, 48, 103, 84]"
113056,"[4, 13, 23, 24, 90, 34, 28, 238, 119, 223]"
113057,"[130, 1, 23, 2, 54, 72, 5, 82, 34, 49]"
113058,"[90, 13, 189, 238, 77, 28, 223, 119, 21, 112]"
113059,"[26, 146, 72, 18, 238, 90, 13, 28, 223, 119]"
113060,"[7, 157, 26, 238, 138, 36, 175, 72, 64, 90]"
113061,"[7, 23, 1, 60, 142, 36, 175, 24, 2, 4]"
113062,"[49, 54, 220, 187, 23, 1, 24, 130, 30, 5]"
113063,"[220, 187, 147, 73, 26, 13, 12, 261, 90, 238]"
113064,"[43, 13, 90, 238, 28, 119, 223, 48, 261, 32]"
113065,"[36, 238, 90, 13, 28, 223, 119, 146, 138, 26]"
113066,"[34, 13, 90, 238, 28, 119, 223, 58, 32, 48]"
113067,"[121, 261, 13, 90, 12, 238, 28, 147, 119, 223]"
113068,"[261, 13, 14, 279, 20, 90, 23, 238, 60, 28]"
113069,"[220, 187, 13, 90, 238, 28, 119, 223, 261, 12]"
113070,"[0, 138, 72, 238, 18, 97, 82, 92, 64, 15]"
113071,"[119, 13, 90, 238, 28, 223, 84, 34, 48, 44]"
113072,"[130, 73, 91, 41, 151, 58, 76, 48, 138, 261]"
113073,"[147, 23, 73, 261, 14, 21, 189, 223, 0, 238]"
113074,"[91, 27, 130, 13, 90, 238, 28, 3, 29, 119]"
113075,"[25, 6, 261, 157, 27, 97, 147, 14, 0, 151]"
113076,"[66, 157, 238, 90, 28, 13, 21, 223, 138, 119]"
113077,"[4, 238, 90, 147, 36, 13, 28, 223, 119, 146]"
113078,"[58, 13, 60, 90, 187, 238, 28, 220, 119, 73]"
113079,"[91, 73, 72, 82, 26, 6, 12, 30, 92, 38]"
113080,"[138, 238, 49, 1, 18, 23, 151, 72, 146, 30]"
113081,"[5, 49, 1, 23, 54, 34, 220, 187, 73, 24]"
113082,"[76, 13, 90, 238, 28, 58, 119, 223, 27, 48]"
113083,"[220, 187, 23, 1, 54, 13, 90, 238, 28, 119]"
113084,"[54, 49, 2, 279, 34, 43, 121, 23, 24, 1]"
113085,"[84, 54, 13, 90, 28, 238, 119, 223, 34, 1]"
113086,"[27, 20, 279, 32, 12, 238, 44, 119, 138, 90]"
113087,"[77, 72, 82, 27, 15, 138, 238, 18, 71, 157]"
113088,"[103, 13, 157, 90, 238, 28, 119, 147, 223, 73]"
113089,"[26, 72, 49, 1, 23, 138, 238, 0, 147, 151]"
113090,"[122, 238, 90, 13, 28, 26, 223, 119, 12, 146]"
113091,"[54, 279, 27, 32, 15, 19, 220, 66, 51, 103]"
113092,"[41, 82, 72, 6, 220, 187, 12, 58, 49, 13]"
113093,"[19, 138, 238, 72, 122, 149, 157, 82, 66, 55]"
113094,"[149, 238, 90, 28, 13, 138, 223, 119, 146, 147]"
113095,"[36, 45, 13, 90, 238, 28, 223, 119, 175, 14]"
113096,"[220, 187, 13, 23, 90, 28, 238, 119, 2, 223]"
113097,"[24, 23, 147, 38, 0, 73, 49, 189, 91, 12]"
113098,"[261, 13, 90, 238, 28, 103, 119, 223, 48, 45]"
113099,"[18, 72, 82, 15, 54, 21, 1, 138, 71, 19]"
113100,"[122, 238, 90, 28, 13, 138, 146, 223, 38, 119]"
113101,"[5, 27, 82, 72, 13, 15, 71, 279, 90, 28]"
113102,"[15, 138, 72, 60, 23, 238, 261, 1, 146, 64]"
113103,"[72, 82, 64, 15, 18, 27, 138, 71, 238, 77]"
113104,"[77, 27, 138, 151, 147, 238, 157, 97, 105, 146]"
113105,"[92, 261, 0, 138, 97, 147, 238, 49, 151, 91]"
113106,"[26, 72, 138, 238, 64, 92, 146, 122, 18, 105]"
113107,"[7, 60, 238, 13, 23, 90, 28, 44, 223, 119]"
113108,"[58, 13, 90, 238, 28, 119, 12, 223, 48, 103]"
113109,"[12, 13, 90, 238, 28, 119, 6, 223, 26, 261]"
113110,"[142, 73, 23, 24, 54, 49, 30, 13, 90, 28]"
113111,"[91, 77, 130, 3, 1, 23, 29, 72, 138, 82]"
113112,"[15, 72, 138, 238, 142, 146, 64, 92, 105, 97]"
113113,"[112, 13, 27, 90, 238, 28, 119, 223, 77, 54]"
113114,"[220, 187, 13, 90, 238, 28, 58, 119, 223, 45]"
113115,"[17, 77, 54, 84, 13, 29, 90, 238, 28, 7]"
113116,"[58, 32, 13, 90, 238, 261, 28, 119, 60, 223]"
113117,"[45, 13, 90, 238, 28, 119, 223, 58, 48, 261]"
113118,"[14, 21, 147, 23, 187, 238, 26, 90, 13, 28]"
113119,"[1, 23, 72, 2, 138, 4, 238, 15, 175, 124]"
113120,"[3, 73, 41, 30, 151, 261, 130, 97, 76, 91]"
113121,"[124, 73, 6, 1, 23, 2, 84, 13, 238, 25]"
113122,"[261, 14, 23, 21, 97, 147, 279, 60, 238, 90]"
113123,"[49, 73, 105, 138, 238, 72, 91, 58, 27, 189]"
113124,"[6, 3, 73, 15, 91, 72, 71, 92, 32, 30]"
113125,"[279, 13, 90, 238, 28, 119, 12, 223, 34, 23]"
113126,"[6, 27, 41, 220, 187, 71, 0, 49, 97, 13]"
113127,"[24, 157, 238, 23, 138, 90, 28, 4, 149, 223]"
113128,"[261, 13, 90, 238, 28, 119, 223, 48, 9, 103]"
113129,"[72, 82, 18, 26, 15, 138, 64, 238, 92, 146]"
113130,"[55, 72, 82, 13, 238, 90, 28, 15, 223, 119]"
113131,"[146, 14, 142, 73, 147, 21, 238, 23, 90, 24]"
113132,"[27, 5, 72, 82, 36, 279, 15, 71, 51, 44]"
113133,"[25, 6, 261, 157, 45, 14, 48, 97, 151, 41]"
113134,"[97, 49, 138, 12, 30, 92, 238, 73, 142, 72]"
113135,"[133, 72, 82, 189, 238, 90, 73, 13, 28, 223]"
113136,"[21, 187, 72, 82, 238, 223, 138, 90, 17, 28]"
113137,"[220, 187, 13, 90, 238, 28, 119, 223, 20, 103]"
113138,"[84, 238, 25, 13, 261, 90, 28, 119, 223, 279]"
113139,"[29, 17, 66, 60, 4, 21, 157, 24, 3, 19]"
113140,"[19, 238, 90, 13, 28, 36, 223, 119, 146, 138]"
113141,"[121, 220, 187, 54, 13, 6, 90, 238, 28, 119]"
113142,"[84, 13, 90, 21, 238, 28, 119, 27, 223, 157]"
113143,"[13, 90, 238, 28, 119, 58, 223, 48, 34, 187]"
113144,"[18, 72, 82, 26, 6, 138, 238, 64, 15, 92]"
113145,"[27, 41, 279, 9, 124, 6, 13, 71, 151, 119]"
113146,"[32, 13, 90, 238, 28, 119, 58, 223, 48, 34]"
113147,"[112, 27, 13, 90, 238, 28, 119, 223, 279, 48]"
113148,"[45, 13, 90, 73, 238, 28, 119, 58, 223, 32]"
113149,"[6, 25, 58, 73, 41, 26, 13, 90, 38, 238]"
113150,"[44, 58, 13, 26, 12, 90, 238, 28, 187, 220]"
113151,"[77, 27, 147, 138, 238, 72, 0, 97, 279, 105]"
113152,"[189, 157, 21, 238, 13, 90, 27, 28, 223, 119]"
113153,"[157, 238, 90, 13, 28, 223, 119, 149, 146, 15]"
113154,"[64, 72, 82, 138, 189, 77, 238, 92, 146, 105]"
113155,"[51, 27, 82, 72, 2, 279, 54, 1, 23, 133]"
113156,"[1, 23, 2, 60, 42, 279, 34, 24, 29, 17]"
113157,"[32, 13, 90, 238, 28, 119, 27, 223, 34, 103]"
113158,"[20, 13, 90, 238, 28, 119, 187, 220, 223, 12]"
113159,"[97, 157, 147, 138, 105, 151, 238, 25, 41, 92]"
113160,"[27, 279, 25, 9, 261, 142, 51, 41, 20, 45]"
113161,"[15, 138, 73, 189, 238, 72, 97, 146, 64, 92]"
113162,"[82, 72, 138, 238, 146, 64, 189, 77, 92, 105]"
113163,"[119, 13, 90, 238, 28, 27, 223, 189, 112, 103]"
113164,"[220, 187, 23, 13, 90, 238, 28, 119, 223, 54]"
113165,"[27, 41, 73, 6, 279, 82, 72, 151, 261, 48]"
113166,"[3, 73, 12, 6, 58, 91, 54, 38, 32, 133]"
113167,"[5, 27, 15, 71, 72, 279, 51, 82, 58, 26]"
113168,"[5, 49, 54, 142, 6, 13, 90, 238, 28, 119]"
113169,"[71, 187, 220, 27, 58, 34, 279, 13, 41, 90]"
113170,"[34, 13, 90, 28, 238, 119, 54, 223, 84, 1]"
113171,"[147, 21, 157, 23, 36, 14, 279, 261, 238, 138]"
113172,"[23, 1, 2, 13, 90, 238, 28, 279, 34, 84]"
113173,"[26, 72, 138, 238, 34, 146, 64, 92, 105, 97]"
113174,"[146, 26, 238, 18, 72, 157, 90, 149, 28, 13]"
113175,"[103, 13, 90, 238, 28, 119, 27, 223, 112, 220]"
113176,"[6, 9, 27, 279, 2, 124, 20, 45, 112, 133]"
113177,"[7, 4, 84, 21, 13, 238, 72, 90, 28, 223]"
113178,"[124, 6, 2, 238, 13, 90, 28, 49, 149, 119]"
113179,"[20, 21, 157, 13, 90, 238, 28, 119, 223, 103]"
113180,"[4, 23, 60, 1, 13, 238, 90, 28, 54, 119]"
113181,"[121, 220, 187, 23, 1, 13, 90, 28, 238, 119]"
113182,"[112, 27, 13, 90, 238, 28, 119, 223, 261, 48]"
113183,"[29, 17, 4, 157, 72, 7, 3, 82, 77, 32]"
113184,"[38, 147, 138, 238, 157, 90, 146, 28, 223, 64]"
113185,"[58, 32, 13, 90, 238, 28, 119, 223, 48, 60]"
113186,"[105, 138, 157, 73, 238, 97, 151, 146, 25, 64]"
113187,"[91, 73, 26, 261, 12, 133, 72, 38, 6, 97]"
113188,"[5, 220, 187, 54, 49, 1, 23, 91, 130, 84]"
113189,"[48, 13, 90, 238, 28, 119, 279, 223, 20, 32]"
113190,"[133, 13, 24, 238, 90, 28, 187, 220, 119, 142]"
113191,"[60, 23, 220, 187, 13, 238, 90, 28, 119, 151]"
113192,"[45, 27, 13, 90, 238, 28, 119, 223, 279, 261]"
113193,"[92, 72, 15, 138, 238, 18, 82, 146, 90, 17]"
113194,"[151, 73, 49, 30, 142, 12, 97, 138, 58, 261]"
113195,"[124, 6, 9, 27, 54, 41, 13, 279, 90, 28]"
113196,"[91, 72, 82, 18, 6, 17, 73, 3, 66, 13]"
113197,"[82, 72, 138, 26, 238, 73, 58, 6, 64, 55]"
113198,"[97, 157, 138, 105, 238, 77, 41, 189, 36, 146]"
113199,"[12, 13, 27, 90, 238, 28, 119, 223, 54, 48]"
113200,"[43, 13, 90, 238, 28, 54, 119, 223, 84, 48]"
113201,"[175, 189, 21, 238, 157, 77, 90, 138, 28, 223]"
113202,"[14, 23, 238, 90, 28, 138, 13, 223, 146, 119]"
113203,"[1, 23, 54, 2, 60, 279, 72, 5, 7, 84]"
113204,"[7, 54, 13, 238, 90, 28, 24, 44, 119, 223]"
113205,"[9, 279, 71, 84, 2, 124, 15, 42, 73, 34]"
113206,"[122, 238, 90, 13, 28, 223, 119, 146, 138, 147]"
113207,"[220, 187, 147, 13, 90, 238, 28, 119, 26, 223]"
113208,"[122, 238, 90, 13, 28, 223, 119, 146, 138, 48]"
113209,"[43, 261, 220, 187, 13, 90, 238, 28, 119, 48]"
113210,"[82, 72, 26, 138, 238, 6, 64, 92, 58, 146]"
113211,"[19, 73, 238, 13, 90, 28, 119, 142, 223, 146]"
113212,"[130, 73, 26, 220, 187, 60, 49, 261, 30, 23]"
113213,"[189, 21, 238, 147, 157, 77, 90, 13, 28, 223]"
113214,"[34, 13, 90, 28, 238, 119, 223, 187, 220, 1]"
113215,"[149, 238, 157, 90, 13, 28, 223, 18, 119, 19]"
113216,"[151, 26, 49, 138, 30, 73, 238, 72, 92, 97]"
113217,"[18, 72, 82, 15, 27, 64, 138, 73, 71, 55]"
113218,"[54, 23, 1, 279, 220, 187, 157, 84, 32, 14]"
113219,"[66, 13, 238, 90, 28, 119, 223, 48, 146, 103]"
113220,"[6, 58, 73, 71, 26, 261, 12, 18, 72, 15]"
113221,"[45, 13, 90, 58, 238, 28, 119, 223, 187, 220]"
113222,"[2, 27, 18, 84, 72, 15, 279, 5, 51, 4]"
113223,"[21, 187, 238, 223, 90, 13, 28, 138, 119, 146]"
113224,"[175, 21, 157, 189, 238, 20, 9, 23, 279, 138]"
113225,"[43, 220, 187, 13, 90, 6, 238, 28, 119, 223]"
113226,"[2, 27, 25, 26, 41, 9, 133, 30, 72, 6]"
113227,"[220, 187, 13, 90, 238, 28, 119, 223, 48, 32]"
113228,"[32, 13, 90, 238, 28, 119, 223, 44, 149, 12]"
113229,"[5, 49, 187, 220, 34, 73, 23, 43, 130, 24]"
113230,"[220, 187, 13, 90, 238, 28, 119, 223, 20, 32]"
113231,"[175, 26, 147, 238, 138, 90, 60, 72, 28, 146]"
113232,"[48, 13, 90, 238, 28, 119, 223, 27, 103, 279]"
113233,"[27, 6, 9, 279, 71, 51, 175, 151, 10, 44]"
113234,"[34, 54, 1, 23, 13, 90, 28, 238, 119, 223]"
113235,"[71, 261, 279, 25, 2, 27, 20, 9, 58, 23]"
113236,"[112, 13, 90, 238, 28, 119, 223, 27, 44, 48]"
113237,"[124, 9, 77, 157, 27, 15, 51, 189, 72, 279]"
113238,"[24, 23, 73, 238, 14, 90, 38, 13, 28, 12]"
113239,"[41, 12, 30, 261, 220, 187, 45, 58, 26, 6]"
113240,"[1, 23, 72, 157, 54, 18, 82, 138, 238, 105]"
113241,"[12, 13, 90, 187, 220, 238, 28, 45, 119, 223]"
113242,"[1, 23, 54, 34, 13, 90, 28, 238, 119, 42]"
113243,"[27, 279, 54, 71, 18, 2, 84, 13, 90, 28]"
113244,"[7, 157, 238, 279, 90, 44, 13, 28, 21, 223]"
113245,"[189, 238, 138, 90, 28, 38, 146, 133, 142, 17]"
113246,"[29, 157, 21, 9, 73, 20, 77, 3, 103, 223]"
113247,"[77, 73, 138, 238, 30, 90, 146, 28, 15, 223]"
113248,"[5, 54, 34, 84, 4, 2, 44, 122, 19, 20]"
113249,"[54, 2, 84, 279, 4, 23, 34, 1, 32, 5]"
113250,"[2, 71, 9, 124, 73, 66, 29, 19, 27, 72]"
113251,"[58, 13, 90, 238, 28, 119, 187, 189, 223, 220]"
113252,"[146, 73, 238, 72, 149, 82, 90, 157, 28, 19]"
113253,"[130, 1, 23, 49, 84, 54, 34, 5, 72, 43]"
113254,"[0, 1, 23, 138, 72, 82, 238, 146, 64, 91]"
113255,"[72, 82, 15, 18, 26, 138, 64, 71, 238, 92]"
113256,"[49, 138, 238, 72, 146, 64, 92, 90, 105, 28]"
113257,"[121, 220, 187, 147, 13, 90, 238, 28, 119, 223]"
113258,"[44, 6, 13, 58, 90, 238, 28, 119, 223, 32]"
113259,"[24, 54, 28, 2, 149, 4, 13, 90, 238, 119]"
113260,"[97, 138, 60, 238, 49, 92, 220, 187, 147, 146]"
113261,"[20, 157, 13, 90, 238, 28, 119, 223, 103, 9]"
113262,"[97, 138, 30, 0, 49, 26, 151, 18, 238, 73]"
113263,"[66, 13, 238, 90, 28, 189, 223, 119, 77, 175]"
113264,"[146, 238, 138, 149, 122, 90, 64, 19, 55, 28]"
113265,"[189, 13, 238, 90, 28, 119, 223, 34, 48, 146]"
113266,"[2, 27, 82, 72, 279, 9, 44, 71, 13, 51]"
113267,"[142, 238, 23, 90, 54, 13, 28, 223, 119, 60]"
113268,"[82, 72, 138, 26, 58, 238, 64, 92, 18, 6]"
113269,"[157, 21, 189, 238, 2, 9, 279, 90, 20, 23]"
113270,"[29, 36, 112, 17, 77, 51, 41, 97, 105, 175]"
113271,"[133, 238, 90, 28, 138, 13, 223, 146, 119, 175]"
113272,"[15, 72, 138, 1, 23, 238, 97, 0, 146, 64]"
113273,"[3, 73, 29, 238, 13, 90, 28, 130, 91, 119]"
113274,"[238, 90, 28, 13, 60, 138, 223, 146, 119, 23]"
113275,"[97, 138, 105, 15, 238, 64, 72, 30, 91, 146]"
113276,"[25, 6, 58, 13, 90, 238, 28, 12, 119, 223]"
113277,"[73, 261, 58, 26, 12, 72, 279, 91, 133, 17]"
113278,"[157, 223, 220, 238, 147, 90, 13, 28, 175, 119]"
113279,"[27, 103, 13, 90, 238, 28, 119, 223, 48, 279]"
113280,"[82, 72, 73, 138, 58, 238, 15, 18, 12, 64]"
113281,"[18, 72, 138, 238, 82, 151, 97, 146, 1, 92]"
113282,"[27, 279, 142, 34, 84, 44, 71, 54, 51, 2]"
113283,"[4, 238, 147, 90, 28, 13, 138, 223, 119, 146]"
113284,"[189, 223, 13, 238, 90, 28, 119, 73, 7, 15]"
113285,"[142, 261, 238, 13, 90, 133, 28, 23, 26, 45]"
113286,"[43, 13, 90, 238, 28, 119, 54, 223, 48, 84]"
113287,"[279, 23, 14, 238, 24, 142, 90, 28, 13, 147]"
113288,"[38, 60, 24, 23, 21, 147, 142, 14, 12, 97]"
113289,"[121, 13, 90, 238, 28, 119, 223, 32, 44, 48]"
113290,"[91, 73, 49, 30, 45, 130, 92, 138, 97, 42]"
113291,"[18, 72, 82, 189, 138, 77, 1, 175, 15, 238]"
113292,"[64, 73, 58, 26, 72, 18, 138, 15, 238, 146]"
113293,"[64, 1, 23, 138, 238, 72, 12, 73, 91, 133]"
113294,"[220, 187, 54, 23, 13, 1, 90, 238, 28, 119]"
113295,"[2, 54, 30, 13, 90, 238, 28, 187, 220, 119]"
113296,"[175, 157, 147, 238, 90, 13, 28, 223, 119, 146]"
113297,"[133, 238, 13, 90, 28, 18, 119, 223, 58, 26]"
113298,"[64, 1, 23, 138, 238, 72, 97, 0, 146, 92]"
113299,"[17, 18, 73, 15, 13, 72, 90, 28, 238, 149]"
113300,"[223, 238, 220, 187, 138, 147, 90, 28, 146, 13]"
113301,"[17, 77, 54, 112, 13, 90, 238, 28, 119, 29]"
113302,"[0, 157, 27, 138, 151, 97, 238, 105, 51, 64]"
113303,"[19, 238, 138, 90, 28, 147, 13, 223, 146, 119]"
113304,"[2, 71, 29, 44, 73, 72, 5, 3, 9, 32]"
113305,"[157, 238, 223, 13, 90, 28, 119, 77, 189, 220]"
113306,"[5, 73, 49, 34, 220, 187, 26, 54, 84, 30]"
113307,"[36, 238, 149, 13, 90, 28, 223, 119, 157, 55]"
113308,"[149, 238, 13, 90, 28, 119, 223, 34, 189, 146]"
113309,"[121, 13, 238, 90, 28, 119, 32, 223, 279, 48]"
113310,"[105, 157, 138, 238, 27, 73, 151, 90, 146, 97]"
113311,"[76, 13, 90, 238, 28, 119, 223, 112, 103, 45]"
113312,"[189, 238, 90, 13, 28, 66, 223, 19, 119, 23]"
113313,"[9, 220, 187, 279, 124, 12, 38, 42, 45, 44]"
113314,"[105, 157, 72, 27, 82, 77, 54, 15, 9, 189]"
113315,"[9, 51, 27, 157, 279, 54, 29, 73, 2, 20]"
113316,"[41, 27, 82, 72, 157, 279, 261, 6, 51, 2]"
113317,"[142, 23, 60, 1, 279, 238, 54, 138, 84, 2]"
113318,"[112, 13, 90, 28, 238, 119, 223, 149, 48, 44]"
113319,"[77, 157, 72, 82, 27, 21, 138, 1, 238, 23]"
113320,"[73, 279, 77, 20, 130, 23, 151, 3, 36, 105]"
113321,"[149, 238, 23, 90, 21, 1, 13, 28, 223, 279]"
113322,"[279, 23, 12, 238, 13, 90, 28, 119, 223, 1]"
113323,"[223, 238, 13, 90, 28, 157, 66, 119, 149, 4]"
113324,"[105, 138, 26, 238, 64, 157, 72, 30, 2, 151]"
113325,"[27, 51, 9, 279, 157, 2, 18, 20, 105, 77]"
113326,"[17, 73, 13, 32, 12, 90, 238, 28, 38, 119]"
113327,"[2, 187, 220, 124, 121, 54, 34, 43, 30, 72]"
113328,"[64, 26, 1, 138, 72, 23, 238, 92, 38, 133]"
113329,"[6, 72, 82, 54, 18, 58, 261, 91, 26, 133]"
113330,"[55, 238, 21, 1, 23, 90, 189, 28, 13, 138]"
113331,"[12, 73, 13, 90, 238, 28, 119, 223, 26, 6]"
113332,"[21, 187, 72, 238, 82, 223, 90, 28, 13, 4]"
113333,"[151, 27, 189, 0, 73, 97, 238, 138, 105, 41]"
113334,"[54, 12, 261, 133, 279, 45, 25, 20, 48, 41]"
113335,"[189, 157, 21, 238, 147, 90, 9, 223, 28, 13]"
113336,"[157, 149, 138, 238, 220, 279, 23, 223, 146, 7]"
113337,"[24, 147, 23, 238, 90, 138, 157, 28, 14, 13]"
113338,"[17, 29, 13, 90, 238, 28, 119, 223, 77, 3]"
113339,"[238, 138, 90, 28, 13, 223, 146, 147, 60, 119]"
113340,"[17, 18, 73, 32, 71, 13, 122, 19, 90, 28]"
113341,"[82, 72, 138, 77, 189, 15, 1, 238, 21, 157]"
113342,"[9, 6, 279, 124, 220, 187, 71, 13, 28, 90]"
113343,"[60, 23, 147, 238, 157, 90, 28, 13, 138, 38]"
113344,"[238, 90, 13, 28, 223, 119, 138, 146, 48, 133]"
113345,"[49, 30, 138, 73, 238, 142, 72, 24, 92, 91]"
113346,"[20, 13, 90, 238, 28, 119, 223, 48, 103, 146]"
113347,"[45, 13, 90, 220, 187, 238, 28, 119, 223, 32]"
113348,"[91, 73, 71, 15, 18, 3, 149, 64, 13, 66]"
113349,"[220, 187, 23, 13, 90, 238, 28, 119, 121, 223]"
113350,"[77, 72, 82, 27, 138, 15, 18, 71, 64, 238]"
113351,"[5, 54, 1, 23, 220, 187, 34, 13, 43, 90]"
113352,"[32, 13, 90, 238, 28, 58, 119, 44, 223, 6]"
113353,"[119, 13, 27, 90, 238, 28, 223, 76, 45, 48]"
113354,"[30, 71, 138, 189, 15, 238, 73, 175, 72, 146]"
113355,"[24, 23, 238, 13, 90, 4, 28, 119, 34, 223]"
113356,"[84, 13, 90, 238, 28, 119, 223, 48, 12, 44]"
113357,"[54, 27, 279, 84, 34, 220, 19, 187, 189, 71]"
113358,"[5, 187, 220, 261, 49, 142, 12, 133, 279, 23]"
113359,"[189, 157, 21, 13, 238, 90, 28, 223, 175, 119]"
113360,"[18, 72, 82, 138, 15, 238, 64, 17, 1, 71]"
113361,"[73, 49, 26, 25, 91, 24, 261, 23, 14, 60]"
113362,"[7, 238, 13, 90, 28, 119, 223, 18, 175, 146]"
113363,"[60, 23, 238, 151, 147, 90, 13, 28, 223, 138]"
113364,"[103, 13, 90, 238, 28, 119, 223, 48, 146, 121]"
113365,"[23, 279, 1, 14, 238, 90, 60, 13, 28, 142]"
113366,"[19, 18, 238, 149, 72, 90, 13, 28, 223, 119]"
113367,"[133, 238, 90, 32, 13, 28, 19, 138, 223, 119]"
113368,"[26, 72, 138, 238, 105, 146, 73, 64, 92, 90]"
113369,"[3, 2, 20, 84, 21, 34, 279, 29, 138, 238]"
113370,"[77, 72, 82, 15, 54, 238, 138, 1, 7, 90]"
113371,"[151, 138, 238, 73, 15, 146, 90, 72, 28, 64]"
113372,"[66, 23, 157, 238, 1, 90, 28, 20, 13, 7]"
113373,"[2, 27, 72, 82, 18, 279, 9, 13, 51, 77]"
113374,"[12, 73, 6, 26, 220, 187, 261, 13, 90, 71]"
113375,"[55, 18, 72, 238, 147, 66, 19, 149, 122, 82]"
113376,"[32, 13, 90, 238, 28, 119, 223, 58, 48, 103]"
113377,"[58, 73, 45, 13, 90, 238, 28, 42, 119, 76]"
113378,"[119, 54, 13, 90, 238, 28, 223, 44, 103, 48]"
113379,"[26, 72, 58, 73, 18, 6, 138, 238, 146, 92]"
113380,"[147, 238, 13, 90, 28, 45, 223, 119, 76, 146]"
113381,"[119, 13, 90, 238, 28, 223, 60, 48, 103, 32]"
113382,"[32, 13, 90, 238, 28, 119, 223, 58, 34, 12]"
113383,"[17, 21, 29, 157, 13, 3, 90, 28, 238, 223]"
113384,"[73, 6, 27, 9, 175, 71, 279, 151, 10, 51]"
113385,"[71, 73, 9, 6, 105, 2, 279, 29, 13, 28]"
113386,"[130, 73, 91, 2, 49, 142, 261, 30, 25, 151]"
113387,"[124, 12, 58, 25, 5, 187, 220, 41, 26, 49]"
113388,"[55, 157, 23, 238, 1, 90, 13, 28, 21, 223]"
113389,"[220, 187, 27, 13, 90, 238, 28, 119, 223, 279]"
113390,"[25, 27, 279, 20, 220, 187, 12, 2, 51, 30]"
113391,"[58, 73, 26, 187, 220, 12, 6, 147, 32, 261]"
113392,"[58, 187, 220, 13, 60, 90, 238, 28, 119, 223]"
113393,"[55, 60, 238, 261, 138, 90, 23, 28, 13, 223]"
113394,"[142, 220, 187, 27, 23, 49, 13, 90, 238, 28]"
113395,"[49, 23, 30, 1, 142, 138, 6, 73, 220, 97]"
113396,"[151, 26, 73, 138, 30, 72, 49, 238, 91, 92]"
113397,"[64, 138, 238, 151, 30, 105, 72, 146, 90, 92]"
113398,"[24, 23, 147, 73, 12, 14, 0, 97, 238, 38]"
113399,"[26, 72, 82, 73, 138, 12, 91, 49, 92, 0]"
113400,"[25, 27, 82, 72, 9, 51, 112, 45, 189, 20]"
113401,"[220, 187, 13, 90, 28, 238, 23, 119, 34, 223]"
113402,"[119, 13, 261, 90, 147, 238, 28, 45, 223, 48]"
113403,"[43, 13, 90, 238, 28, 119, 223, 27, 32, 48]"
113404,"[13, 90, 238, 28, 119, 223, 45, 48, 261, 76]"
113405,"[157, 238, 21, 90, 28, 138, 13, 223, 149, 146]"
113406,"[48, 13, 90, 238, 28, 119, 223, 261, 21, 76]"
113407,"[32, 21, 13, 90, 189, 238, 28, 119, 2, 223]"
113408,"[48, 13, 90, 238, 28, 119, 223, 103, 54, 44]"
113409,"[84, 187, 220, 13, 90, 238, 28, 23, 119, 223]"
113410,"[220, 187, 54, 13, 90, 28, 238, 119, 34, 223]"
113411,"[72, 82, 15, 18, 138, 64, 1, 189, 238, 71]"
113412,"[30, 71, 138, 238, 146, 64, 92, 105, 72, 97]"
113413,"[72, 82, 138, 15, 238, 18, 64, 146, 105, 92]"
113414,"[58, 13, 12, 90, 6, 32, 238, 28, 119, 26]"
113415,"[66, 72, 82, 19, 238, 15, 189, 90, 13, 28]"
113416,"[2, 5, 15, 84, 51, 187, 220, 121, 72, 71]"
113417,"[279, 13, 90, 238, 28, 23, 119, 223, 112, 32]"
113418,"[14, 21, 23, 73, 238, 90, 13, 28, 223, 119]"
113419,"[25, 6, 71, 49, 27, 13, 90, 238, 28, 119]"
113420,"[66, 157, 72, 238, 18, 90, 13, 149, 28, 54]"
113421,"[97, 0, 151, 138, 147, 45, 238, 18, 157, 14]"
113422,"[15, 3, 18, 73, 17, 71, 66, 91, 72, 13]"
113423,"[220, 187, 13, 90, 238, 28, 119, 223, 34, 84]"
113424,"[29, 187, 220, 13, 279, 60, 90, 238, 28, 43]"
113425,"[189, 13, 238, 90, 28, 119, 223, 48, 45, 146]"
113426,"[7, 238, 1, 23, 90, 13, 28, 54, 223, 119]"
113427,"[12, 13, 90, 238, 28, 119, 223, 32, 44, 103]"
113428,"[38, 238, 15, 72, 13, 90, 28, 82, 55, 223]"
113429,"[54, 220, 6, 187, 279, 43, 49, 151, 133, 142]"
113430,"[189, 223, 13, 90, 238, 28, 119, 34, 48, 32]"
113431,"[18, 72, 82, 15, 138, 189, 1, 238, 175, 23]"
113432,"[77, 157, 138, 1, 21, 36, 23, 238, 27, 9]"
113433,"[13, 261, 90, 238, 28, 119, 48, 223, 112, 45]"
113434,"[7, 26, 238, 138, 261, 72, 147, 90, 146, 28]"
113435,"[29, 73, 13, 238, 90, 28, 119, 223, 48, 146]"
113436,"[147, 23, 238, 14, 13, 223, 90, 28, 261, 73]"
113437,"[5, 73, 25, 36, 6, 97, 76, 91, 3, 45]"
113438,"[49, 157, 138, 72, 238, 82, 64, 9, 0, 146]"
113439,"[15, 72, 138, 238, 0, 97, 30, 146, 64, 142]"
113440,"[151, 147, 27, 0, 238, 138, 105, 97, 72, 90]"
113441,"[133, 147, 60, 23, 138, 14, 238, 146, 38, 97]"
113442,"[6, 58, 73, 71, 12, 38, 261, 133, 91, 54]"
113443,"[73, 6, 58, 18, 26, 15, 72, 91, 71, 17]"
113444,"[220, 187, 54, 13, 90, 28, 238, 119, 223, 48]"
113445,"[220, 187, 13, 90, 54, 238, 28, 119, 223, 48]"
113446,"[64, 26, 138, 72, 1, 23, 238, 18, 58, 146]"
113447,"[43, 13, 73, 90, 238, 28, 119, 223, 261, 48]"
113448,"[32, 13, 90, 238, 261, 28, 119, 2, 223, 48]"
113449,"[32, 13, 90, 238, 28, 220, 187, 119, 44, 223]"
113450,"[261, 13, 90, 238, 28, 103, 119, 223, 48, 34]"
113451,"[91, 72, 6, 82, 26, 73, 18, 261, 58, 12]"
113452,"[43, 13, 90, 238, 28, 119, 223, 48, 76, 32]"
113453,"[261, 27, 13, 21, 90, 238, 28, 119, 223, 279]"
113454,"[32, 13, 90, 238, 28, 119, 223, 187, 220, 103]"
113455,"[97, 138, 238, 146, 55, 64, 92, 72, 105, 151]"
113456,"[24, 23, 220, 187, 1, 42, 34, 13, 90, 30]"
113457,"[30, 23, 1, 49, 60, 138, 24, 220, 187, 238]"
113458,"[0, 91, 138, 26, 58, 73, 97, 238, 30, 72]"
113459,"[43, 13, 90, 238, 28, 119, 223, 32, 112, 20]"
113460,"[279, 27, 54, 13, 23, 20, 90, 238, 28, 119]"
113461,"[54, 1, 23, 49, 220, 187, 130, 2, 24, 30]"
113462,"[261, 13, 90, 238, 28, 119, 223, 58, 48, 103]"
113463,"[6, 27, 18, 58, 12, 44, 72, 279, 71, 82]"
113464,"[151, 138, 26, 18, 238, 72, 64, 23, 1, 146]"
113465,"[36, 157, 147, 238, 13, 90, 223, 28, 14, 119]"
113466,"[5, 27, 2, 279, 15, 36, 71, 32, 51, 3]"
113467,"[12, 6, 13, 90, 238, 28, 119, 223, 261, 58]"
113468,"[73, 1, 23, 29, 238, 138, 54, 77, 3, 90]"
113469,"[223, 238, 13, 90, 28, 60, 119, 146, 48, 103]"
113470,"[54, 6, 279, 9, 133, 71, 32, 72, 175, 220]"
113471,"[38, 18, 238, 26, 72, 13, 90, 28, 223, 119]"
113472,"[112, 54, 13, 90, 238, 28, 21, 119, 223, 77]"
113473,"[36, 30, 238, 14, 38, 138, 223, 90, 133, 28]"
113474,"[76, 147, 13, 261, 26, 90, 238, 28, 119, 54]"
113475,"[27, 279, 220, 187, 142, 12, 121, 20, 23, 43]"
113476,"[5, 27, 71, 279, 238, 90, 51, 13, 28, 119]"
113477,"[38, 45, 238, 30, 13, 90, 133, 28, 14, 142]"
113478,"[103, 13, 90, 238, 27, 28, 119, 223, 48, 279]"
113479,"[92, 138, 73, 238, 24, 0, 142, 97, 146, 151]"
113480,"[15, 72, 82, 18, 54, 138, 238, 64, 71, 92]"
113481,"[130, 1, 23, 49, 73, 2, 24, 30, 91, 142]"
113482,"[92, 72, 82, 138, 26, 18, 15, 238, 64, 122]"
113483,"[82, 72, 138, 238, 73, 92, 58, 6, 146, 64]"
113484,"[73, 12, 261, 23, 60, 14, 38, 146, 24, 279]"
113485,"[157, 238, 223, 90, 13, 28, 220, 119, 146, 138]"
113486,"[58, 73, 6, 26, 187, 13, 90, 220, 238, 28]"
113487,"[29, 73, 157, 21, 13, 90, 238, 223, 28, 147]"
113488,"[92, 0, 73, 138, 97, 151, 49, 238, 189, 147]"
113489,"[149, 157, 21, 238, 13, 72, 90, 82, 28, 223]"
113490,"[38, 18, 238, 90, 13, 28, 157, 223, 72, 119]"
113491,"[72, 82, 138, 238, 49, 1, 23, 0, 26, 64]"
113492,"[92, 138, 26, 49, 238, 72, 151, 97, 147, 146]"
113493,"[73, 72, 26, 82, 3, 58, 261, 91, 12, 18]"
113494,"[27, 279, 6, 142, 13, 2, 1, 28, 71, 90]"
113495,"[119, 13, 90, 238, 28, 223, 157, 9, 103, 48]"
113496,"[55, 238, 90, 13, 28, 223, 119, 279, 146, 138]"
113497,"[124, 9, 25, 73, 261, 41, 13, 90, 238, 28]"
113498,"[82, 72, 1, 23, 138, 238, 77, 105, 146, 64]"
113499,"[23, 1, 28, 13, 238, 220, 187, 60, 90, 119]"
113500,"[45, 13, 90, 238, 28, 157, 119, 223, 261, 48]"
113501,"[73, 6, 45, 91, 25, 48, 151, 13, 10, 238]"
113502,"[151, 138, 238, 73, 146, 90, 15, 28, 72, 64]"
113503,"[55, 238, 157, 138, 90, 28, 13, 23, 223, 21]"
113504,"[84, 34, 13, 90, 238, 28, 119, 54, 223, 187]"
113505,"[15, 72, 138, 238, 19, 71, 32, 73, 64, 3]"
113506,"[43, 220, 187, 54, 13, 90, 238, 28, 119, 121]"
113507,"[66, 21, 238, 13, 90, 28, 119, 223, 34, 189]"
113508,"[27, 279, 9, 149, 1, 71, 2, 72, 23, 34]"
113509,"[45, 13, 90, 238, 28, 119, 58, 223, 76, 48]"
113510,"[23, 1, 60, 142, 24, 4, 14, 238, 220, 187]"
113511,"[149, 238, 90, 13, 28, 45, 223, 119, 146, 138]"
113512,"[26, 72, 73, 15, 18, 138, 64, 238, 71, 82]"
113513,"[24, 23, 1, 4, 238, 13, 90, 28, 2, 119]"
113514,"[6, 27, 41, 49, 25, 279, 48, 0, 97, 2]"
113515,"[49, 23, 1, 220, 187, 24, 138, 30, 72, 60]"
113516,"[73, 58, 91, 26, 12, 38, 133, 72, 142, 138]"
113517,"[0, 147, 97, 151, 138, 238, 105, 92, 26, 30]"
113518,"[54, 279, 15, 9, 175, 51, 71, 27, 220, 44]"
113519,"[15, 72, 138, 82, 19, 71, 238, 73, 54, 64]"
113520,"[19, 238, 13, 90, 28, 119, 223, 146, 48, 138]"
113521,"[14, 21, 23, 147, 73, 238, 189, 90, 187, 28]"
113522,"[2, 27, 72, 15, 82, 71, 13, 51, 90, 28]"
113523,"[30, 261, 138, 26, 14, 71, 147, 238, 0, 72]"
113524,"[130, 73, 91, 151, 29, 13, 17, 90, 238, 28]"
113525,"[1, 23, 64, 138, 72, 279, 238, 20, 261, 146]"
113526,"[21, 187, 238, 72, 223, 90, 82, 28, 138, 4]"
113527,"[6, 220, 187, 261, 45, 41, 25, 279, 27, 2]"
113528,"[5, 27, 82, 72, 54, 15, 279, 71, 51, 13]"
113529,"[51, 71, 73, 84, 54, 34, 18, 2, 9, 5]"
113530,"[23, 60, 1, 142, 28, 238, 279, 13, 90, 187]"
113531,"[175, 189, 238, 90, 13, 28, 19, 223, 119, 146]"
113532,"[151, 27, 138, 157, 9, 238, 105, 146, 279, 64]"
113533,"[6, 71, 25, 58, 41, 27, 9, 187, 220, 13]"
113534,"[14, 21, 23, 147, 238, 90, 13, 28, 223, 138]"
113535,"[12, 26, 13, 90, 238, 28, 119, 44, 223, 32]"
113536,"[55, 238, 138, 220, 187, 90, 14, 60, 28, 261]"
113537,"[48, 13, 90, 238, 28, 9, 119, 223, 103, 54]"
113538,"[82, 72, 27, 189, 77, 138, 15, 238, 1, 105]"
113539,"[1, 64, 23, 138, 238, 72, 279, 146, 92, 105]"
113540,"[12, 73, 261, 13, 32, 90, 238, 28, 119, 223]"
113541,"[60, 23, 261, 238, 24, 90, 13, 220, 187, 28]"
113542,"[66, 238, 13, 90, 28, 223, 119, 146, 138, 48]"
113543,"[2, 27, 6, 13, 279, 90, 28, 124, 238, 119]"
113544,"[13, 90, 238, 32, 28, 23, 119, 279, 223, 60]"
113545,"[7, 238, 189, 175, 21, 138, 15, 90, 28, 157]"
113546,"[58, 12, 261, 60, 13, 90, 32, 38, 23, 279]"
113547,"[18, 72, 73, 138, 238, 38, 92, 91, 146, 55]"
113548,"[261, 21, 147, 73, 13, 90, 238, 28, 119, 223]"
113549,"[138, 72, 27, 238, 0, 151, 64, 82, 97, 92]"
113550,"[15, 72, 138, 238, 146, 64, 92, 90, 105, 28]"
113551,"[4, 23, 1, 24, 34, 13, 90, 28, 238, 36]"
113552,"[130, 73, 91, 151, 26, 41, 97, 72, 14, 38]"
113553,"[34, 13, 90, 238, 28, 119, 223, 187, 220, 48]"
113554,"[84, 13, 90, 238, 28, 119, 223, 44, 103, 112]"
113555,"[147, 261, 23, 60, 14, 21, 238, 279, 97, 73]"
113556,"[0, 26, 261, 138, 97, 151, 147, 45, 72, 238]"
113557,"[133, 238, 90, 28, 13, 138, 279, 223, 146, 119]"
113558,"[23, 1, 13, 28, 90, 238, 119, 60, 223, 187]"
113559,"[105, 138, 49, 72, 238, 147, 92, 0, 82, 146]"
113560,"[121, 13, 90, 238, 28, 261, 119, 223, 147, 25]"
113561,"[28, 13, 238, 90, 119, 223, 122, 149, 146, 48]"
113562,"[27, 9, 279, 261, 12, 20, 25, 26, 41, 51]"
113563,"[73, 3, 12, 72, 58, 91, 82, 26, 6, 15]"
113564,"[45, 13, 90, 238, 28, 119, 223, 48, 32, 103]"
113565,"[29, 147, 41, 48, 97, 17, 73, 151, 119, 112]"
113566,"[142, 13, 58, 90, 238, 28, 119, 223, 48, 12]"
113567,"[24, 23, 4, 7, 220, 187, 238, 138, 90, 60]"
113568,"[27, 279, 6, 220, 187, 142, 71, 13, 90, 28]"
113569,"[19, 238, 90, 13, 28, 223, 119, 189, 138, 146]"
113570,"[17, 77, 29, 13, 7, 90, 238, 28, 119, 223]"
113571,"[1, 23, 72, 82, 138, 238, 0, 26, 97, 54]"
113572,"[2, 23, 1, 261, 20, 279, 187, 220, 9, 32]"
113573,"[43, 13, 90, 238, 28, 119, 223, 48, 112, 103]"
113574,"[6, 220, 187, 45, 261, 49, 0, 14, 23, 124]"
113575,"[23, 279, 238, 90, 13, 28, 223, 119, 146, 142]"
113576,"[66, 238, 60, 90, 147, 13, 28, 223, 119, 138]"
113577,"[9, 279, 12, 220, 187, 43, 238, 71, 13, 28]"
113578,"[21, 23, 1, 157, 2, 279, 238, 13, 90, 20]"
113579,"[13, 90, 238, 28, 119, 223, 48, 103, 146, 34]"
113580,"[103, 13, 90, 238, 28, 119, 223, 261, 45, 76]"
113581,"[105, 21, 82, 72, 77, 157, 189, 97, 15, 36]"
113582,"[261, 13, 90, 238, 28, 119, 223, 48, 103, 146]"
113583,"[51, 13, 238, 2, 90, 28, 119, 223, 32, 279]"
113584,"[30, 1, 23, 54, 71, 7, 138, 2, 49, 238]"
113585,"[175, 147, 157, 26, 238, 90, 223, 28, 13, 138]"
113586,"[130, 1, 23, 30, 34, 5, 91, 105, 2, 29]"
113587,"[54, 49, 220, 187, 24, 30, 2, 121, 13, 90]"
113588,"[73, 17, 19, 279, 3, 149, 71, 23, 91, 1]"
113589,"[1, 64, 23, 138, 72, 238, 105, 146, 92, 21]"
113590,"[41, 6, 0, 73, 147, 25, 13, 97, 90, 238]"
113591,"[157, 13, 9, 90, 21, 238, 28, 119, 223, 20]"
113592,"[54, 220, 187, 6, 279, 43, 34, 121, 49, 13]"
113593,"[71, 6, 73, 82, 72, 54, 13, 90, 28, 238]"
113594,"[15, 72, 82, 54, 157, 1, 138, 71, 238, 23]"
113595,"[29, 84, 157, 279, 13, 17, 15, 90, 28, 238]"
113596,"[142, 23, 60, 238, 13, 90, 28, 147, 49, 220]"
113597,"[51, 27, 54, 2, 18, 9, 279, 84, 44, 71]"
113598,"[72, 82, 138, 238, 18, 64, 146, 151, 23, 92]"
113599,"[92, 138, 238, 9, 105, 0, 151, 146, 64, 72]"
113600,"[48, 13, 90, 238, 28, 119, 223, 54, 44, 32]"
113601,"[7, 238, 36, 90, 175, 13, 28, 223, 119, 189]"
113602,"[43, 220, 187, 49, 13, 147, 90, 238, 28, 119]"
113603,"[43, 13, 90, 238, 28, 2, 119, 223, 84, 32]"
113604,"[13, 90, 238, 28, 27, 119, 223, 279, 20, 103]"
113605,"[24, 23, 73, 238, 261, 90, 13, 28, 14, 12]"
113606,"[82, 72, 3, 1, 73, 23, 15, 54, 18, 71]"
113607,"[157, 13, 238, 223, 90, 28, 119, 220, 34, 55]"
113608,"[147, 261, 23, 26, 14, 138, 60, 72, 151, 238]"
113609,"[7, 238, 138, 90, 147, 28, 146, 13, 223, 175]"
113610,"[66, 238, 13, 73, 90, 28, 119, 223, 146, 48]"
113611,"[147, 23, 238, 138, 157, 21, 223, 9, 279, 90]"
113612,"[45, 261, 13, 279, 90, 20, 238, 28, 119, 54]"
113613,"[119, 13, 90, 238, 28, 223, 32, 48, 103, 146]"
113614,"[64, 1, 27, 23, 138, 72, 238, 105, 157, 9]"
113615,"[147, 238, 157, 21, 90, 77, 13, 54, 9, 223]"
113616,"[76, 220, 13, 187, 26, 238, 90, 28, 119, 223]"
113617,"[38, 26, 6, 133, 149, 147, 66, 30, 238, 72]"
113618,"[175, 238, 60, 90, 138, 28, 13, 223, 146, 119]"
113619,"[18, 72, 1, 138, 23, 238, 36, 146, 64, 92]"
113620,"[157, 21, 147, 238, 36, 138, 20, 14, 23, 90]"
113621,"[6, 71, 2, 9, 1, 23, 5, 279, 13, 73]"
113622,"[189, 21, 77, 27, 13, 238, 90, 82, 54, 72]"
113623,"[97, 73, 0, 138, 238, 151, 30, 92, 49, 91]"
113624,"[55, 26, 238, 147, 6, 138, 90, 133, 38, 28]"
113625,"[23, 1, 60, 14, 54, 24, 142, 279, 238, 138]"
113626,"[1, 23, 54, 220, 187, 6, 49, 30, 2, 121]"
113627,"[220, 187, 13, 90, 28, 238, 119, 223, 121, 34]"
113628,"[146, 66, 238, 32, 60, 279, 138, 23, 19, 122]"
113629,"[261, 13, 90, 238, 28, 119, 223, 103, 48, 146]"
113630,"[45, 147, 73, 13, 90, 238, 28, 119, 223, 48]"
113631,"[44, 13, 90, 238, 28, 119, 223, 48, 103, 146]"
113632,"[19, 72, 238, 82, 90, 13, 18, 28, 54, 71]"
113633,"[24, 147, 23, 26, 238, 90, 13, 28, 223, 119]"
113634,"[58, 187, 220, 13, 90, 238, 28, 119, 223, 48]"
113635,"[72, 82, 138, 73, 189, 238, 15, 26, 49, 30]"
113636,"[29, 13, 90, 119, 238, 28, 223, 48, 41, 76]"
113637,"[71, 72, 82, 6, 18, 15, 32, 54, 157, 17]"
113638,"[19, 18, 238, 32, 90, 72, 149, 13, 28, 66]"
113639,"[238, 28, 90, 13, 223, 119, 146, 138, 157, 147]"
113640,"[119, 13, 238, 90, 28, 223, 58, 48, 146, 103]"
113641,"[124, 12, 220, 187, 149, 279, 121, 238, 2, 34]"
113642,"[34, 13, 90, 238, 28, 119, 223, 27, 103, 48]"
113643,"[48, 13, 90, 238, 28, 119, 223, 32, 34, 44]"
113644,"[1, 23, 72, 82, 18, 15, 138, 77, 238, 105]"
113645,"[60, 23, 142, 220, 187, 24, 13, 49, 90, 238]"
113646,"[157, 238, 223, 149, 220, 90, 28, 13, 138, 119]"
113647,"[17, 29, 14, 279, 238, 13, 90, 28, 23, 119]"
113648,"[279, 27, 13, 90, 238, 28, 119, 261, 223, 48]"
113649,"[27, 13, 54, 90, 238, 28, 119, 223, 279, 48]"
113650,"[60, 23, 38, 14, 157, 97, 238, 0, 147, 12]"
113651,"[147, 13, 90, 238, 28, 119, 223, 48, 112, 103]"
113652,"[21, 187, 238, 90, 13, 28, 223, 119, 149, 27]"
113653,"[261, 13, 90, 238, 28, 119, 103, 223, 157, 48]"
113654,"[279, 23, 220, 187, 24, 49, 60, 30, 147, 238]"
113655,"[138, 157, 238, 105, 26, 64, 72, 151, 92, 146]"
113656,"[30, 97, 73, 0, 38, 138, 147, 72, 12, 26]"
113657,"[51, 6, 54, 279, 12, 220, 187, 43, 5, 23]"
113658,"[24, 238, 13, 90, 28, 119, 223, 23, 146, 48]"
113659,"[38, 238, 90, 13, 28, 157, 223, 138, 119, 146]"
113660,"[36, 147, 238, 13, 90, 28, 223, 261, 119, 48]"
113661,"[60, 23, 220, 187, 26, 147, 138, 238, 72, 4]"
113662,"[25, 6, 261, 23, 147, 1, 279, 14, 21, 20]"
113663,"[45, 13, 90, 238, 28, 119, 223, 32, 34, 279]"
113664,"[0, 27, 73, 72, 97, 147, 49, 138, 82, 151]"
113665,"[48, 27, 13, 90, 238, 28, 119, 223, 279, 76]"
113666,"[29, 238, 90, 28, 13, 73, 138, 223, 146, 119]"
113667,"[41, 45, 261, 97, 25, 124, 151, 48, 14, 27]"
113668,"[60, 23, 220, 187, 151, 49, 238, 54, 13, 30]"
113669,"[189, 23, 21, 1, 279, 60, 32, 238, 138, 72]"
113670,"[3, 18, 72, 82, 27, 71, 17, 44, 58, 9]"
113671,"[13, 90, 238, 28, 119, 187, 220, 223, 12, 48]"
113672,"[6, 58, 73, 26, 12, 72, 18, 38, 82, 30]"
113673,"[149, 238, 90, 13, 28, 133, 223, 146, 119, 12]"
113674,"[142, 27, 147, 238, 23, 90, 13, 28, 223, 279]"
113675,"[7, 238, 90, 13, 28, 223, 73, 119, 146, 138]"
113676,"[38, 45, 238, 30, 90, 13, 133, 14, 28, 223]"
113677,"[55, 238, 90, 13, 28, 32, 26, 60, 223, 119]"
113678,"[279, 220, 187, 23, 13, 90, 238, 28, 119, 73]"
113679,"[220, 187, 13, 90, 54, 28, 238, 119, 223, 48]"
113680,"[151, 0, 97, 73, 261, 189, 14, 138, 72, 49]"
113681,"[72, 82, 15, 73, 6, 138, 238, 18, 92, 64]"
113682,"[6, 261, 12, 58, 30, 133, 26, 91, 15, 38]"
113683,"[142, 23, 1, 13, 90, 238, 28, 119, 24, 223]"
113684,"[12, 13, 90, 238, 28, 119, 223, 48, 103, 2]"
113685,"[71, 2, 27, 261, 6, 1, 279, 23, 9, 77]"
113686,"[13, 28, 90, 238, 119, 223, 189, 48, 55, 103]"
113687,"[147, 23, 238, 223, 142, 90, 73, 138, 60, 28]"
113688,"[72, 82, 15, 6, 3, 18, 73, 17, 26, 66]"
113689,"[157, 238, 13, 90, 223, 28, 147, 119, 220, 146]"
113690,"[66, 238, 13, 90, 28, 119, 189, 223, 34, 146]"
113691,"[13, 90, 238, 28, 119, 223, 58, 48, 121, 32]"
113692,"[64, 1, 23, 138, 72, 27, 9, 238, 105, 77]"
113693,"[121, 1, 23, 13, 90, 28, 238, 119, 223, 34]"
113694,"[142, 238, 13, 90, 28, 223, 119, 23, 146, 32]"
113695,"[5, 1, 54, 23, 13, 2, 30, 90, 238, 28]"
113696,"[103, 27, 13, 90, 238, 28, 119, 223, 279, 48]"
113697,"[92, 138, 238, 77, 105, 0, 2, 72, 146, 64]"
113698,"[130, 220, 187, 73, 23, 30, 49, 34, 1, 24]"
113699,"[26, 261, 146, 147, 72, 58, 238, 133, 138, 32]"
113700,"[14, 23, 1, 238, 138, 90, 28, 279, 146, 13]"
113701,"[36, 238, 90, 223, 138, 133, 28, 13, 146, 142]"
113702,"[54, 279, 34, 84, 71, 2, 5, 105, 49, 29]"
113703,"[27, 279, 21, 189, 51, 45, 9, 112, 142, 15]"
113704,"[279, 220, 187, 23, 13, 238, 90, 28, 119, 12]"
113705,"[97, 147, 157, 151, 138, 105, 41, 238, 25, 64]"
113706,"[220, 187, 73, 261, 42, 49, 23, 142, 60, 30]"
113707,"[84, 1, 23, 13, 220, 187, 54, 90, 238, 28]"
113708,"[5, 220, 187, 30, 23, 1, 49, 43, 24, 76]"
113709,"[36, 13, 21, 238, 90, 223, 28, 147, 157, 119]"
113710,"[17, 73, 42, 29, 238, 13, 90, 28, 119, 223]"
113711,"[122, 238, 13, 90, 28, 12, 119, 73, 223, 38]"
113712,"[133, 238, 90, 122, 58, 28, 13, 26, 138, 146]"
113713,"[103, 13, 90, 238, 28, 119, 223, 44, 34, 48]"
113714,"[71, 18, 9, 73, 15, 72, 44, 27, 149, 82]"
113715,"[146, 238, 157, 90, 13, 28, 223, 138, 119, 48]"
113716,"[76, 13, 90, 238, 28, 119, 223, 189, 103, 112]"
113717,"[130, 49, 1, 23, 73, 24, 30, 91, 142, 2]"
113718,"[36, 147, 157, 238, 261, 13, 90, 223, 45, 28]"
113719,"[3, 6, 73, 82, 72, 54, 12, 91, 71, 92]"
113720,"[279, 13, 90, 238, 28, 119, 23, 73, 223, 103]"
113721,"[18, 72, 26, 82, 138, 147, 64, 238, 6, 92]"
113722,"[15, 72, 138, 238, 0, 146, 64, 92, 105, 97]"
113723,"[175, 189, 21, 77, 138, 97, 238, 147, 36, 20]"
113724,"[51, 27, 279, 45, 41, 77, 13, 112, 6, 90]"
113725,"[147, 238, 13, 90, 28, 223, 189, 119, 27, 54]"
113726,"[77, 27, 97, 138, 147, 0, 238, 21, 189, 105]"
113727,"[29, 73, 147, 261, 157, 17, 91, 77, 151, 14]"
113728,"[54, 23, 220, 279, 187, 60, 1, 261, 2, 14]"
113729,"[7, 238, 13, 90, 44, 28, 142, 223, 119, 60]"
113730,"[82, 72, 15, 138, 18, 64, 1, 238, 105, 58]"
113731,"[30, 147, 138, 26, 97, 0, 72, 238, 6, 261]"
113732,"[91, 73, 25, 151, 130, 261, 3, 49, 105, 24]"
113733,"[64, 189, 1, 138, 77, 23, 105, 72, 238, 2]"
113734,"[149, 238, 13, 90, 28, 119, 223, 21, 189, 27]"
113735,"[26, 58, 6, 146, 13, 238, 90, 28, 12, 119]"
113736,"[1, 23, 72, 15, 26, 49, 138, 73, 77, 30]"
113737,"[220, 187, 13, 90, 238, 28, 119, 20, 223, 32]"
113738,"[48, 45, 13, 147, 90, 238, 28, 119, 223, 187]"
113739,"[261, 14, 90, 21, 13, 279, 238, 147, 28, 23]"
113740,"[0, 73, 138, 238, 49, 97, 30, 146, 92, 90]"
113741,"[238, 146, 23, 90, 138, 28, 279, 60, 13, 175]"
113742,"[119, 13, 90, 238, 28, 223, 103, 76, 48, 20]"
113743,"[27, 279, 73, 9, 45, 25, 105, 142, 2, 13]"
113744,"[58, 13, 90, 238, 28, 119, 12, 223, 48, 103]"
113745,"[76, 13, 90, 45, 238, 28, 119, 223, 103, 48]"
113746,"[25, 12, 220, 187, 26, 261, 30, 73, 58, 49]"
113747,"[32, 13, 90, 238, 28, 58, 119, 223, 44, 6]"
113748,"[261, 13, 90, 238, 28, 119, 223, 103, 54, 48]"
113749,"[19, 238, 157, 90, 13, 32, 28, 223, 119, 18]"
113750,"[97, 27, 138, 0, 77, 238, 189, 18, 105, 73]"
113751,"[157, 175, 21, 147, 9, 238, 138, 223, 90, 36]"
113752,"[49, 138, 238, 72, 105, 58, 26, 146, 64, 18]"
113753,"[91, 73, 187, 220, 130, 121, 84, 6, 43, 97]"
113754,"[30, 23, 54, 1, 49, 60, 71, 7, 138, 24]"
113755,"[60, 23, 261, 142, 24, 14, 1, 151, 279, 91]"
113756,"[261, 13, 27, 90, 238, 28, 119, 21, 223, 9]"
113757,"[147, 157, 238, 90, 28, 13, 223, 138, 21, 146]"
113758,"[32, 13, 90, 28, 238, 220, 187, 119, 223, 45]"
113759,"[24, 23, 13, 90, 238, 28, 1, 119, 34, 223]"
113760,"[24, 238, 157, 90, 28, 13, 138, 223, 23, 119]"
113761,"[48, 13, 90, 238, 28, 119, 32, 223, 279, 23]"
113762,"[14, 21, 23, 238, 138, 90, 28, 223, 146, 187]"
113763,"[77, 72, 82, 138, 54, 238, 15, 64, 7, 146]"
113764,"[24, 23, 1, 60, 13, 28, 90, 238, 119, 223]"
113765,"[130, 1, 23, 91, 4, 60, 3, 2, 72, 84]"
113766,"[30, 71, 138, 26, 147, 0, 238, 92, 151, 72]"
113767,"[157, 147, 238, 223, 90, 13, 28, 119, 36, 14]"
113768,"[45, 13, 90, 238, 28, 147, 119, 223, 48, 261]"
113769,"[157, 189, 21, 175, 238, 90, 13, 223, 28, 29]"
113770,"[18, 72, 138, 82, 15, 157, 149, 64, 238, 26]"
113771,"[19, 72, 82, 138, 23, 122, 21, 14, 133, 238]"
113772,"[19, 189, 238, 90, 28, 13, 138, 223, 119, 146]"
113773,"[38, 138, 238, 189, 55, 90, 4, 146, 21, 23]"
113774,"[112, 21, 157, 13, 20, 90, 261, 279, 238, 119]"
113775,"[7, 23, 1, 24, 60, 44, 142, 13, 90, 28]"
113776,"[73, 6, 91, 261, 23, 1, 12, 279, 38, 133]"
113777,"[77, 138, 72, 238, 26, 82, 49, 92, 64, 146]"
113778,"[124, 6, 149, 41, 91, 9, 49, 26, 13, 28]"
113779,"[21, 187, 189, 238, 77, 223, 90, 13, 28, 157]"
113780,"[29, 36, 261, 21, 20, 279, 17, 77, 112, 157]"
113781,"[49, 138, 105, 238, 72, 147, 6, 0, 92, 146]"
113782,"[73, 130, 49, 30, 142, 58, 91, 2, 261, 151]"
113783,"[142, 13, 90, 238, 28, 23, 119, 223, 4, 48]"
113784,"[72, 82, 138, 30, 49, 26, 238, 64, 151, 105]"
113785,"[12, 13, 90, 238, 28, 119, 223, 20, 279, 48]"
113786,"[82, 72, 138, 238, 1, 23, 146, 64, 2, 92]"
113787,"[9, 27, 279, 6, 51, 48, 13, 261, 28, 90]"
113788,"[138, 147, 18, 77, 238, 72, 26, 105, 92, 64]"
113789,"[189, 238, 157, 138, 19, 66, 90, 28, 223, 13]"
113790,"[130, 73, 26, 220, 187, 49, 60, 261, 91, 72]"
113791,"[1, 23, 49, 54, 138, 2, 30, 238, 72, 4]"
113792,"[133, 138, 238, 122, 60, 32, 23, 146, 64, 90]"
113793,"[1, 23, 28, 13, 90, 238, 119, 223, 34, 54]"
113794,"[97, 138, 60, 73, 238, 91, 12, 121, 38, 30]"
113795,"[14, 23, 1, 138, 238, 73, 146, 12, 90, 261]"
113796,"[43, 54, 13, 90, 238, 28, 119, 223, 220, 187]"
113797,"[122, 21, 238, 23, 157, 60, 36, 138, 90, 28]"
113798,"[4, 238, 13, 90, 28, 119, 223, 24, 142, 146]"
113799,"[133, 26, 147, 18, 238, 58, 90, 13, 28, 38]"
113800,"[24, 220, 187, 28, 23, 238, 30, 90, 13, 60]"
113801,"[71, 58, 18, 15, 27, 72, 2, 32, 82, 13]"
113802,"[220, 187, 13, 90, 238, 28, 119, 223, 32, 103]"
113803,"[220, 187, 23, 1, 13, 34, 90, 238, 28, 119]"
113804,"[29, 157, 189, 45, 279, 175, 103, 17, 20, 13]"
113805,"[133, 97, 238, 147, 138, 0, 90, 220, 187, 28]"
113806,"[30, 71, 138, 15, 238, 105, 72, 175, 146, 64]"
113807,"[82, 72, 138, 15, 238, 54, 92, 64, 0, 19]"
113808,"[23, 220, 187, 1, 60, 142, 24, 49, 14, 4]"
113809,"[72, 64, 82, 26, 138, 49, 15, 238, 92, 0]"
113810,"[261, 25, 73, 26, 6, 58, 41, 12, 27, 147]"
113811,"[34, 13, 261, 90, 32, 238, 28, 119, 223, 279]"
113812,"[238, 138, 90, 28, 13, 146, 223, 119, 17, 55]"
113813,"[72, 82, 138, 1, 23, 64, 26, 238, 18, 15]"
113814,"[97, 147, 49, 138, 60, 23, 238, 1, 92, 30]"
113815,"[14, 147, 23, 238, 60, 26, 90, 138, 28, 146]"
113816,"[77, 157, 72, 82, 138, 151, 97, 27, 36, 238]"
113817,"[157, 223, 77, 238, 189, 13, 90, 28, 220, 119]"
113818,"[58, 13, 90, 187, 238, 28, 220, 119, 223, 45]"
113819,"[147, 60, 238, 23, 28, 220, 90, 187, 138, 13]"
113820,"[220, 187, 13, 90, 238, 28, 12, 119, 223, 147]"
113821,"[13, 90, 238, 28, 119, 223, 44, 54, 32, 48]"
113822,"[279, 23, 13, 32, 90, 261, 238, 28, 119, 223]"
113823,"[189, 223, 13, 238, 90, 28, 119, 48, 73, 45]"
113824,"[5, 73, 71, 29, 17, 103, 15, 279, 223, 72]"
113825,"[58, 60, 13, 90, 238, 28, 261, 32, 119, 223]"
113826,"[72, 82, 18, 15, 27, 26, 138, 64, 238, 71]"
113827,"[119, 261, 20, 21, 13, 90, 189, 238, 28, 223]"
113828,"[71, 6, 27, 54, 279, 13, 90, 28, 238, 119]"
113829,"[238, 90, 13, 28, 223, 119, 189, 97, 146, 29]"
113830,"[45, 13, 90, 12, 238, 28, 261, 119, 223, 76]"
113831,"[84, 54, 13, 90, 157, 28, 238, 21, 187, 119]"
113832,"[45, 13, 90, 238, 28, 119, 223, 32, 279, 48]"
113833,"[122, 58, 13, 238, 90, 28, 119, 223, 12, 133]"
113834,"[73, 90, 13, 238, 189, 28, 223, 119, 77, 48]"
113835,"[38, 30, 147, 238, 14, 45, 90, 133, 138, 28]"
113836,"[157, 238, 223, 90, 13, 28, 220, 151, 138, 119]"
113837,"[147, 238, 138, 23, 223, 90, 28, 146, 55, 13]"
113838,"[73, 18, 17, 3, 15, 238, 72, 91, 90, 13]"
113839,"[41, 73, 27, 147, 151, 6, 261, 279, 9, 45]"
113840,"[36, 157, 147, 21, 238, 223, 90, 13, 28, 103]"
113841,"[4, 1, 23, 189, 54, 34, 49, 13, 84, 28]"
113842,"[60, 23, 261, 238, 147, 90, 13, 28, 14, 223]"
113843,"[149, 238, 13, 90, 28, 119, 223, 146, 48, 103]"
113844,"[130, 91, 73, 3, 138, 105, 238, 77, 151, 17]"
113845,"[73, 138, 261, 142, 175, 77, 72, 220, 187, 23]"
113846,"[27, 5, 279, 15, 71, 72, 54, 82, 13, 90]"
113847,"[6, 72, 82, 18, 27, 15, 58, 71, 13, 2]"
113848,"[76, 13, 26, 90, 238, 28, 119, 223, 187, 220]"
113849,"[122, 13, 238, 90, 28, 119, 223, 189, 142, 146]"
113850,"[72, 82, 15, 1, 23, 138, 77, 238, 105, 64]"
113851,"[71, 27, 15, 72, 82, 5, 9, 77, 279, 51]"
113852,"[91, 18, 73, 72, 15, 17, 26, 64, 130, 3]"
113853,"[238, 90, 223, 13, 28, 119, 138, 146, 55, 48]"
113854,"[2, 71, 124, 9, 13, 90, 238, 28, 119, 223]"
113855,"[73, 18, 17, 15, 3, 71, 72, 91, 13, 90]"
113856,"[103, 13, 90, 238, 28, 119, 261, 223, 45, 48]"
113857,"[51, 220, 187, 12, 44, 124, 34, 25, 121, 138]"
113858,"[130, 91, 73, 26, 3, 97, 105, 138, 72, 279]"
113859,"[1, 23, 26, 72, 138, 238, 18, 105, 97, 151]"
113860,"[27, 279, 73, 25, 9, 261, 142, 2, 13, 151]"
113861,"[157, 238, 223, 90, 28, 13, 138, 220, 23, 146]"
113862,"[220, 187, 13, 90, 238, 28, 261, 119, 223, 12]"
113863,"[261, 220, 187, 44, 13, 90, 238, 28, 119, 223]"
113864,"[4, 238, 14, 23, 90, 13, 279, 28, 38, 223]"
113865,"[72, 82, 138, 261, 23, 279, 238, 1, 30, 73]"
113866,"[30, 73, 72, 138, 77, 82, 238, 15, 64, 97]"
113867,"[32, 58, 13, 90, 21, 238, 28, 119, 223, 157]"
113868,"[54, 261, 279, 14, 23, 32, 6, 0, 238, 220]"
113869,"[60, 23, 238, 26, 138, 90, 28, 223, 13, 189]"
113870,"[238, 90, 13, 28, 223, 119, 279, 23, 146, 138]"
113871,"[32, 13, 90, 12, 238, 28, 15, 72, 119, 223]"
113872,"[147, 238, 90, 138, 28, 223, 13, 146, 119, 54]"
113873,"[7, 26, 49, 238, 138, 4, 220, 187, 90, 6]"
113874,"[60, 23, 1, 13, 238, 90, 28, 119, 54, 223]"
113875,"[151, 138, 1, 23, 238, 72, 146, 64, 92, 105]"
113876,"[41, 27, 220, 187, 279, 71, 34, 32, 44, 51]"
113877,"[36, 157, 238, 90, 13, 223, 28, 119, 9, 21]"
113878,"[91, 261, 73, 30, 14, 130, 23, 279, 45, 2]"
113879,"[77, 27, 147, 138, 238, 105, 72, 21, 279, 15]"
113880,"[54, 1, 23, 2, 84, 5, 130, 30, 10, 42]"
113881,"[27, 41, 54, 279, 13, 9, 51, 90, 82, 28]"
113882,"[103, 13, 90, 238, 28, 119, 223, 12, 187, 220]"
113883,"[54, 27, 9, 279, 71, 13, 90, 28, 238, 15]"
113884,"[130, 73, 91, 261, 151, 14, 41, 26, 0, 97]"
113885,"[26, 92, 72, 82, 147, 18, 138, 58, 12, 6]"
113886,"[60, 23, 238, 138, 4, 90, 28, 13, 146, 223]"
113887,"[77, 72, 82, 157, 21, 138, 27, 238, 97, 105]"
113888,"[151, 138, 1, 23, 238, 72, 146, 64, 92, 105]"
113889,"[124, 21, 82, 72, 27, 54, 9, 279, 77, 20]"
113890,"[51, 27, 261, 279, 25, 54, 9, 0, 41, 48]"
113891,"[20, 13, 90, 238, 28, 261, 119, 48, 223, 45]"
113892,"[66, 72, 32, 13, 238, 157, 90, 28, 82, 119]"
113893,"[91, 261, 20, 279, 23, 84, 1, 138, 72, 238]"
113894,"[122, 147, 238, 138, 60, 90, 23, 28, 220, 187]"
113895,"[64, 72, 82, 138, 1, 77, 23, 49, 238, 105]"
113896,"[34, 187, 220, 13, 90, 23, 1, 28, 238, 119]"
113897,"[4, 36, 21, 238, 32, 90, 13, 20, 223, 28]"
113898,"[76, 13, 90, 238, 28, 119, 223, 48, 103, 146]"
113899,"[9, 27, 279, 82, 54, 72, 157, 51, 105, 77]"
113900,"[24, 23, 238, 60, 28, 142, 90, 4, 138, 13]"
113901,"[12, 13, 90, 238, 28, 119, 223, 54, 44, 72]"
113902,"[44, 13, 58, 238, 90, 28, 119, 261, 32, 223]"
113903,"[26, 72, 147, 138, 49, 23, 238, 0, 6, 151]"
113904,"[147, 23, 14, 60, 26, 279, 58, 138, 72, 220]"
113905,"[6, 27, 72, 18, 82, 58, 26, 12, 71, 44]"
113906,"[133, 189, 238, 13, 90, 72, 28, 223, 58, 12]"
113907,"[21, 187, 157, 14, 189, 238, 138, 147, 223, 97]"
113908,"[189, 223, 23, 238, 279, 21, 138, 1, 90, 28]"
113909,"[91, 73, 26, 261, 6, 72, 38, 30, 133, 12]"
113910,"[149, 238, 90, 13, 28, 223, 119, 146, 138, 55]"
113911,"[60, 23, 238, 12, 13, 90, 28, 73, 119, 58]"
113912,"[71, 73, 54, 18, 44, 149, 66, 3, 13, 15]"
113913,"[41, 73, 261, 25, 9, 0, 45, 97, 151, 91]"
113914,"[27, 13, 90, 238, 28, 119, 223, 21, 279, 103]"
113915,"[130, 73, 6, 26, 97, 91, 0, 25, 12, 105]"
113916,"[38, 147, 26, 238, 138, 90, 146, 92, 6, 28]"
113917,"[27, 97, 105, 157, 189, 138, 77, 279, 238, 41]"
113918,"[1, 23, 28, 13, 90, 238, 119, 34, 4, 223]"
113919,"[279, 23, 1, 13, 20, 90, 238, 28, 119, 54]"
113920,"[36, 238, 13, 90, 28, 223, 34, 119, 146, 133]"
113921,"[0, 49, 138, 26, 238, 30, 72, 147, 92, 151]"
113922,"[3, 82, 72, 73, 91, 0, 77, 1, 29, 23]"
113923,"[147, 238, 138, 23, 90, 223, 28, 146, 13, 64]"
113924,"[6, 27, 124, 54, 13, 90, 238, 28, 119, 223]"
113925,"[54, 6, 12, 45, 279, 76, 133, 220, 25, 41]"
113926,"[23, 1, 142, 60, 24, 13, 28, 90, 238, 4]"
113927,"[122, 238, 279, 38, 90, 14, 23, 13, 28, 223]"
113928,"[119, 13, 90, 238, 28, 220, 187, 12, 223, 48]"
113929,"[32, 13, 90, 238, 28, 119, 223, 48, 103, 146]"
113930,"[220, 187, 13, 90, 261, 73, 238, 28, 119, 223]"
113931,"[133, 72, 82, 238, 38, 44, 138, 19, 17, 55]"
113932,"[0, 27, 157, 138, 238, 105, 23, 9, 151, 1]"
113933,"[30, 71, 138, 26, 238, 92, 72, 151, 146, 64]"
113934,"[6, 15, 27, 58, 18, 71, 72, 13, 90, 28]"
113935,"[92, 72, 73, 82, 15, 138, 64, 238, 18, 26]"
113936,"[25, 27, 261, 45, 76, 279, 97, 14, 48, 58]"
113937,"[157, 238, 223, 13, 90, 28, 119, 220, 146, 4]"
113938,"[261, 13, 238, 90, 28, 119, 223, 103, 279, 48]"
113939,"[91, 73, 71, 3, 149, 64, 66, 15, 17, 18]"
113940,"[133, 238, 138, 90, 28, 13, 223, 146, 119, 189]"
113941,"[36, 157, 21, 13, 238, 223, 90, 28, 9, 119]"
113942,"[82, 72, 138, 238, 97, 0, 146, 64, 151, 92]"
113943,"[261, 13, 90, 44, 238, 28, 119, 220, 187, 223]"
113944,"[279, 23, 4, 24, 238, 142, 90, 28, 13, 138]"
113945,"[48, 187, 220, 13, 90, 238, 28, 58, 119, 223]"
113946,"[147, 238, 90, 138, 223, 28, 13, 23, 146, 119]"
113947,"[2, 73, 6, 9, 0, 27, 71, 25, 51, 13]"
113948,"[121, 1, 23, 13, 90, 238, 28, 119, 223, 34]"
113949,"[27, 9, 71, 51, 15, 279, 25, 41, 26, 10]"
113950,"[119, 13, 90, 238, 28, 223, 147, 9, 77, 112]"
113951,"[238, 90, 223, 13, 157, 28, 119, 60, 138, 146]"
113952,"[151, 73, 97, 45, 138, 0, 14, 189, 41, 175]"
113953,"[58, 13, 238, 90, 142, 28, 23, 14, 24, 119]"
113954,"[23, 60, 1, 238, 4, 279, 90, 138, 28, 13]"
113955,"[133, 157, 138, 238, 90, 147, 146, 28, 223, 7]"
113956,"[261, 27, 13, 90, 238, 28, 119, 223, 279, 48]"
113957,"[220, 187, 13, 90, 238, 28, 119, 261, 223, 279]"
113958,"[133, 238, 90, 13, 28, 147, 223, 119, 58, 146]"
113959,"[30, 138, 72, 77, 73, 238, 82, 15, 64, 97]"
113960,"[175, 238, 13, 90, 28, 223, 119, 4, 146, 34]"
113961,"[97, 73, 30, 49, 138, 12, 91, 238, 92, 146]"
113962,"[30, 23, 49, 1, 71, 138, 60, 7, 130, 142]"
113963,"[66, 72, 82, 238, 13, 90, 28, 77, 54, 223]"
113964,"[71, 2, 238, 13, 90, 28, 124, 27, 30, 119]"
113965,"[21, 238, 189, 4, 90, 122, 28, 13, 223, 66]"
113966,"[82, 72, 1, 23, 138, 238, 105, 77, 157, 18]"
113967,"[151, 138, 73, 238, 26, 12, 24, 142, 72, 146]"
113968,"[84, 34, 13, 90, 238, 28, 119, 54, 223, 2]"
113969,"[1, 23, 220, 187, 2, 54, 49, 24, 130, 121]"
113970,"[157, 147, 25, 238, 223, 151, 90, 220, 13, 28]"
113971,"[64, 72, 18, 82, 157, 15, 71, 54, 138, 149]"
113972,"[76, 13, 90, 238, 28, 119, 20, 223, 279, 21]"
113973,"[77, 138, 238, 146, 64, 30, 92, 72, 105, 151]"
113974,"[73, 130, 26, 91, 97, 72, 25, 12, 76, 0]"
113975,"[38, 73, 66, 14, 133, 91, 149, 238, 12, 13]"
113976,"[73, 138, 23, 261, 60, 1, 142, 14, 238, 72]"
113977,"[105, 15, 138, 157, 238, 64, 2, 72, 146, 71]"
113978,"[238, 60, 90, 13, 28, 23, 279, 223, 138, 119]"
113979,"[223, 238, 13, 90, 28, 119, 146, 66, 48, 55]"
113980,"[58, 6, 13, 261, 90, 238, 28, 119, 32, 223]"
113981,"[157, 147, 261, 238, 223, 36, 90, 13, 28, 21]"
113982,"[58, 13, 90, 238, 28, 119, 223, 48, 279, 32]"
113983,"[32, 13, 44, 90, 238, 28, 119, 223, 149, 48]"
113984,"[49, 30, 23, 73, 24, 1, 142, 138, 60, 130]"
113985,"[17, 279, 23, 261, 60, 14, 48, 72, 13, 42]"
113986,"[41, 82, 72, 27, 261, 6, 220, 187, 147, 25]"
113987,"[5, 1, 23, 54, 72, 84, 82, 34, 2, 30]"
113988,"[15, 3, 72, 82, 18, 17, 66, 73, 91, 6]"
113989,"[220, 187, 13, 90, 238, 28, 119, 223, 48, 32]"
113990,"[23, 1, 24, 220, 54, 187, 14, 60, 142, 49]"
113991,"[5, 54, 1, 23, 2, 34, 84, 130, 4, 30]"
113992,"[0, 157, 138, 147, 72, 97, 238, 36, 151, 27]"
113993,"[49, 73, 138, 12, 105, 238, 97, 72, 0, 92]"
113994,"[223, 238, 90, 13, 28, 119, 189, 220, 187, 146]"
113995,"[0, 6, 91, 138, 73, 24, 97, 238, 142, 72]"
113996,"[58, 187, 220, 13, 90, 261, 238, 28, 119, 223]"
113997,"[12, 13, 71, 90, 238, 28, 119, 223, 82, 72]"
113998,"[43, 26, 73, 13, 147, 90, 261, 238, 28, 119]"
113999,"[238, 26, 90, 28, 138, 13, 146, 223, 119, 60]"
114000,"[157, 25, 223, 151, 220, 238, 13, 90, 28, 14]"
114001,"[84, 13, 90, 238, 28, 119, 223, 261, 48, 279]"
114002,"[38, 238, 13, 90, 28, 119, 223, 55, 19, 146]"
114003,"[220, 187, 147, 12, 13, 90, 238, 28, 119, 223]"
114004,"[133, 147, 58, 238, 73, 122, 90, 6, 38, 146]"
114005,"[97, 49, 138, 72, 24, 6, 82, 238, 73, 30]"
114006,"[92, 138, 238, 64, 105, 72, 146, 151, 97, 77]"
114007,"[142, 58, 13, 238, 90, 28, 119, 223, 48, 23]"
114008,"[138, 157, 238, 60, 146, 64, 92, 105, 72, 97]"
114009,"[189, 13, 90, 238, 28, 27, 119, 223, 48, 103]"
114010,"[36, 157, 189, 27, 54, 13, 90, 238, 28, 223]"
114011,"[41, 27, 73, 9, 82, 72, 279, 157, 71, 6]"
114012,"[41, 45, 30, 261, 151, 97, 27, 25, 26, 147]"
114013,"[12, 13, 90, 238, 28, 119, 223, 32, 44, 71]"
114014,"[238, 90, 28, 13, 138, 223, 133, 14, 119, 146]"
114015,"[149, 238, 147, 138, 90, 28, 13, 146, 223, 119]"
114016,"[58, 26, 73, 13, 187, 32, 90, 6, 220, 238]"
114017,"[77, 72, 15, 138, 82, 2, 238, 64, 27, 189]"
114018,"[43, 13, 90, 238, 28, 187, 119, 220, 223, 121]"
114019,"[24, 238, 90, 13, 28, 223, 119, 23, 146, 138]"
114020,"[72, 82, 18, 26, 15, 64, 138, 66, 238, 92]"
114021,"[175, 189, 238, 13, 90, 28, 119, 223, 34, 55]"
114022,"[14, 23, 238, 157, 90, 13, 28, 223, 119, 146]"
114023,"[9, 2, 279, 71, 238, 90, 28, 13, 54, 34]"
114024,"[97, 138, 238, 15, 2, 55, 72, 146, 105, 64]"
114025,"[279, 261, 13, 157, 90, 23, 238, 28, 119, 223]"
114026,"[112, 13, 90, 238, 28, 119, 187, 220, 223, 32]"
114027,"[30, 49, 23, 73, 24, 1, 60, 142, 130, 138]"
114028,"[44, 13, 90, 238, 28, 119, 223, 6, 32, 48]"
114029,"[73, 130, 91, 26, 12, 38, 97, 72, 138, 29]"
114030,"[19, 27, 4, 238, 90, 13, 28, 7, 279, 223]"
114031,"[30, 71, 138, 238, 146, 64, 92, 105, 72, 90]"
114032,"[27, 279, 6, 30, 142, 41, 45, 1, 13, 92]"
114033,"[2, 73, 6, 25, 27, 9, 0, 41, 13, 238]"
114034,"[82, 72, 138, 238, 146, 64, 92, 105, 97, 151]"
114035,"[175, 238, 13, 90, 28, 72, 223, 119, 82, 15]"
114036,"[7, 238, 175, 138, 73, 90, 26, 28, 13, 223]"
114037,"[2, 27, 72, 82, 279, 15, 51, 71, 13, 90]"
114038,"[26, 72, 49, 138, 238, 30, 151, 25, 105, 0]"
114039,"[105, 73, 261, 189, 91, 138, 97, 151, 21, 238]"
114040,"[7, 13, 90, 44, 28, 238, 119, 142, 187, 220]"
114041,"[4, 157, 13, 238, 21, 90, 32, 28, 223, 119]"
114042,"[21, 187, 238, 90, 223, 28, 13, 138, 119, 146]"
114043,"[25, 58, 187, 220, 6, 13, 90, 238, 28, 130]"
114044,"[189, 60, 238, 138, 147, 23, 26, 261, 90, 146]"
114045,"[0, 138, 238, 147, 26, 49, 30, 92, 97, 72]"
114046,"[238, 13, 90, 28, 189, 119, 223, 21, 48, 45]"
114047,"[105, 147, 138, 151, 97, 0, 238, 26, 72, 92]"
114048,"[97, 138, 73, 238, 121, 91, 38, 49, 146, 64]"
114049,"[119, 13, 90, 238, 28, 34, 223, 44, 32, 84]"
114050,"[238, 13, 90, 28, 279, 119, 223, 142, 146, 23]"
114051,"[130, 1, 73, 91, 23, 4, 105, 49, 3, 5]"
114052,"[1, 23, 138, 238, 72, 49, 146, 90, 28, 64]"
114053,"[189, 157, 21, 238, 90, 13, 223, 28, 77, 147]"
114054,"[279, 13, 90, 238, 28, 23, 119, 32, 261, 223]"
114055,"[220, 187, 13, 238, 90, 261, 28, 223, 119, 32]"
114056,"[71, 27, 9, 2, 279, 30, 44, 124, 105, 5]"
114057,"[187, 220, 58, 49, 43, 42, 13, 90, 238, 28]"
114058,"[41, 26, 6, 30, 45, 12, 220, 187, 58, 49]"
114059,"[146, 238, 90, 28, 138, 13, 223, 279, 119, 7]"
114060,"[32, 58, 13, 90, 238, 28, 119, 223, 12, 48]"
114061,"[103, 13, 90, 238, 28, 119, 223, 48, 121, 32]"
114062,"[151, 147, 0, 97, 26, 138, 238, 105, 72, 92]"
114063,"[124, 9, 157, 18, 27, 2, 54, 51, 279, 20]"
114064,"[60, 157, 23, 138, 238, 147, 151, 146, 90, 28]"
114065,"[17, 13, 15, 90, 18, 238, 28, 119, 72, 44]"
114066,"[72, 82, 138, 23, 1, 238, 279, 146, 64, 2]"
114067,"[77, 72, 82, 138, 54, 238, 7, 15, 64, 105]"
114068,"[60, 147, 23, 26, 38, 138, 238, 0, 97, 72]"
114069,"[73, 147, 12, 42, 13, 90, 238, 28, 14, 119]"
114070,"[51, 73, 6, 9, 27, 71, 2, 58, 279, 130]"
114071,"[44, 261, 13, 279, 90, 238, 28, 119, 20, 223]"
114072,"[103, 157, 9, 279, 21, 13, 90, 238, 28, 223]"
114073,"[71, 6, 220, 187, 147, 23, 0, 1, 279, 25]"
114074,"[97, 27, 0, 138, 189, 73, 151, 238, 175, 146]"
114075,"[149, 157, 238, 21, 23, 90, 13, 28, 1, 223]"
114076,"[84, 54, 1, 23, 13, 34, 90, 28, 238, 119]"
114077,"[72, 82, 138, 77, 238, 27, 18, 90, 146, 28]"
114078,"[24, 23, 1, 34, 28, 2, 66, 13, 90, 21]"
114079,"[1, 54, 23, 2, 5, 49, 130, 13, 90, 238]"
114080,"[45, 13, 90, 238, 28, 119, 223, 32, 279, 48]"
114081,"[2, 54, 27, 1, 72, 18, 82, 23, 34, 5]"
114082,"[72, 82, 138, 49, 238, 1, 23, 18, 64, 146]"
114083,"[84, 13, 90, 238, 28, 119, 223, 54, 17, 103]"
114084,"[34, 13, 90, 238, 28, 119, 223, 103, 157, 71]"
114085,"[71, 2, 73, 238, 13, 90, 124, 28, 119, 223]"
114086,"[130, 91, 73, 49, 142, 24, 60, 23, 121, 42]"
114087,"[13, 90, 238, 28, 119, 261, 223, 27, 48, 103]"
114088,"[142, 23, 30, 49, 13, 60, 90, 238, 28, 54]"
114089,"[72, 64, 1, 82, 23, 18, 15, 138, 238, 66]"
114090,"[44, 13, 90, 32, 238, 28, 119, 223, 261, 48]"
114091,"[5, 2, 27, 30, 6, 130, 13, 90, 238, 28]"
114092,"[238, 147, 90, 157, 28, 14, 138, 13, 223, 146]"
114093,"[7, 147, 238, 90, 28, 44, 13, 138, 223, 146]"
114094,"[21, 187, 23, 1, 279, 238, 223, 32, 90, 138]"
114095,"[55, 18, 147, 72, 238, 149, 138, 19, 122, 66]"
114096,"[82, 72, 1, 23, 138, 6, 238, 92, 12, 38]"
114097,"[54, 220, 187, 279, 45, 121, 261, 2, 27, 84]"
114098,"[97, 138, 238, 30, 55, 15, 72, 64, 23, 1]"
114099,"[261, 13, 90, 238, 28, 119, 44, 223, 48, 103]"
114100,"[124, 82, 72, 77, 54, 27, 51, 9, 189, 112]"
114101,"[1, 130, 23, 220, 187, 60, 49, 34, 84, 43]"
114102,"[29, 17, 54, 36, 84, 19, 32, 34, 44, 7]"
114103,"[58, 13, 32, 90, 238, 28, 26, 119, 223, 18]"
114104,"[157, 223, 13, 238, 90, 28, 119, 220, 77, 25]"
114105,"[54, 71, 9, 27, 279, 157, 18, 29, 72, 17]"
114106,"[279, 21, 157, 20, 23, 112, 13, 103, 90, 119]"
114107,"[14, 23, 1, 238, 138, 7, 90, 28, 146, 223]"
114108,"[30, 49, 71, 23, 24, 1, 142, 130, 7, 138]"
114109,"[27, 0, 73, 105, 138, 189, 77, 238, 279, 151]"
114110,"[220, 187, 82, 72, 1, 23, 84, 5, 43, 10]"
114111,"[29, 73, 279, 17, 34, 84, 13, 90, 28, 238]"
114112,"[0, 73, 49, 138, 238, 142, 97, 38, 72, 146]"
114113,"[92, 138, 238, 0, 97, 220, 187, 23, 146, 64]"
114114,"[32, 9, 13, 90, 28, 238, 119, 223, 44, 54]"
114115,"[142, 23, 54, 1, 13, 238, 90, 28, 119, 223]"
114116,"[92, 138, 238, 146, 64, 72, 105, 23, 97, 151]"
114117,"[15, 72, 138, 238, 71, 122, 19, 54, 3, 73]"
114118,"[32, 13, 44, 90, 238, 28, 119, 223, 103, 149]"
114119,"[14, 23, 157, 238, 90, 13, 28, 223, 20, 189]"
114120,"[13, 90, 238, 28, 119, 220, 187, 223, 103, 48]"
114121,"[84, 187, 220, 34, 13, 90, 238, 28, 119, 223]"
114122,"[147, 238, 13, 90, 223, 28, 119, 189, 45, 23]"
114123,"[4, 36, 238, 189, 157, 90, 13, 15, 28, 223]"
114124,"[84, 23, 220, 1, 187, 54, 2, 4, 13, 90]"
114125,"[49, 138, 30, 1, 23, 73, 189, 238, 130, 72]"
114126,"[13, 90, 238, 28, 119, 223, 187, 220, 48, 43]"
114127,"[103, 13, 90, 54, 238, 28, 119, 32, 223, 48]"
114128,"[25, 6, 2, 23, 279, 32, 1, 72, 44, 138]"
114129,"[27, 279, 71, 54, 84, 142, 18, 34, 13, 28]"
114130,"[4, 238, 13, 90, 28, 36, 223, 119, 146, 48]"
114131,"[30, 261, 23, 97, 138, 72, 38, 0, 14, 12]"
114132,"[147, 146, 238, 90, 13, 28, 223, 119, 220, 138]"
114133,"[0, 138, 26, 49, 238, 72, 25, 92, 146, 64]"
114134,"[6, 12, 32, 58, 15, 124, 54, 9, 71, 133]"
114135,"[14, 23, 147, 24, 26, 142, 60, 12, 38, 133]"
114136,"[24, 23, 238, 90, 13, 279, 28, 223, 119, 138]"
114137,"[27, 9, 71, 279, 51, 25, 18, 44, 58, 15]"
114138,"[73, 26, 92, 12, 72, 15, 58, 91, 138, 18]"
114139,"[72, 82, 27, 18, 138, 105, 15, 77, 238, 189]"
114140,"[21, 187, 189, 27, 77, 279, 54, 238, 261, 223]"
114141,"[58, 187, 26, 220, 12, 6, 133, 32, 60, 13]"
114142,"[18, 72, 82, 15, 54, 138, 71, 238, 149, 64]"
114143,"[55, 238, 13, 90, 58, 28, 12, 223, 119, 133]"
114144,"[38, 18, 147, 26, 238, 12, 58, 90, 13, 28]"
114145,"[279, 23, 60, 238, 138, 4, 1, 49, 90, 28]"
114146,"[91, 73, 54, 3, 17, 138, 18, 71, 238, 32]"
114147,"[175, 157, 21, 147, 238, 90, 13, 18, 28, 223]"
114148,"[151, 73, 138, 49, 12, 238, 58, 23, 91, 30]"
114149,"[51, 9, 27, 18, 71, 15, 73, 84, 279, 2]"
114150,"[21, 187, 238, 223, 90, 13, 28, 138, 119, 146]"
114151,"[0, 157, 138, 23, 147, 1, 261, 72, 36, 97]"
114152,"[82, 72, 138, 77, 105, 238, 9, 157, 64, 1]"
114153,"[92, 138, 238, 146, 64, 105, 72, 97, 151, 77]"
114154,"[147, 146, 238, 49, 138, 14, 23, 21, 60, 187]"
114155,"[41, 73, 220, 187, 12, 58, 91, 0, 138, 92]"
114156,"[82, 72, 15, 138, 1, 149, 238, 23, 54, 64]"
114157,"[220, 187, 13, 23, 90, 238, 28, 119, 223, 58]"
114158,"[36, 157, 147, 54, 238, 21, 90, 223, 13, 28]"
114159,"[23, 14, 238, 279, 90, 13, 28, 142, 223, 119]"
114160,"[27, 119, 157, 13, 90, 238, 28, 223, 279, 48]"
114161,"[138, 157, 238, 146, 64, 92, 105, 72, 151, 97]"
114162,"[133, 157, 238, 138, 147, 90, 28, 146, 7, 223]"
114163,"[124, 72, 82, 18, 54, 2, 84, 71, 27, 13]"
114164,"[19, 72, 26, 238, 18, 90, 13, 28, 223, 82]"
114165,"[41, 23, 5, 1, 20, 279, 6, 72, 82, 71]"
114166,"[124, 9, 149, 2, 71, 15, 44, 54, 21, 20]"
114167,"[4, 60, 220, 187, 238, 13, 90, 28, 23, 119]"
114168,"[157, 189, 21, 77, 90, 73, 175, 13, 223, 238]"
114169,"[97, 147, 41, 73, 105, 21, 151, 138, 0, 238]"
114170,"[73, 25, 30, 130, 0, 97, 151, 121, 48, 45]"
114171,"[49, 6, 73, 97, 138, 30, 92, 0, 238, 72]"
114172,"[15, 72, 138, 73, 238, 97, 30, 151, 146, 64]"
114173,"[238, 90, 28, 13, 138, 223, 146, 119, 55, 60]"
114174,"[238, 223, 90, 13, 28, 138, 119, 4, 146, 149]"
114175,"[71, 72, 82, 54, 15, 18, 27, 6, 279, 44]"
114176,"[124, 72, 1, 5, 23, 82, 71, 2, 15, 3]"
114177,"[77, 138, 238, 73, 1, 23, 72, 146, 64, 92]"
114178,"[25, 261, 147, 45, 97, 14, 48, 151, 76, 38]"
114179,"[7, 1, 23, 238, 4, 90, 28, 138, 13, 34]"
114180,"[122, 18, 238, 90, 13, 28, 157, 223, 119, 66]"
114181,"[43, 261, 13, 90, 238, 73, 28, 119, 223, 58]"
114182,"[220, 187, 13, 90, 238, 28, 119, 223, 48, 6]"
114183,"[41, 82, 220, 187, 72, 6, 12, 261, 13, 90]"
114184,"[14, 261, 223, 23, 147, 60, 20, 238, 36, 279]"
114185,"[38, 26, 238, 72, 138, 55, 90, 146, 28, 122]"
114186,"[38, 147, 60, 23, 238, 58, 26, 138, 146, 90]"
114187,"[103, 13, 90, 238, 28, 119, 223, 261, 25, 45]"
114188,"[130, 73, 49, 91, 26, 220, 187, 97, 142, 30]"
114189,"[14, 21, 23, 73, 12, 238, 90, 187, 142, 28]"
114190,"[55, 73, 238, 13, 90, 28, 119, 223, 146, 48]"
114191,"[18, 72, 27, 138, 238, 146, 90, 29, 28, 54]"
114192,"[4, 13, 90, 238, 28, 119, 142, 187, 220, 223]"
114193,"[60, 23, 238, 220, 187, 138, 90, 4, 28, 1]"
114194,"[9, 73, 279, 220, 187, 124, 42, 38, 30, 84]"
114195,"[15, 72, 138, 238, 1, 23, 146, 64, 92, 105]"
114196,"[146, 60, 147, 238, 23, 49, 90, 28, 13, 138]"
114197,"[14, 23, 238, 13, 90, 157, 28, 223, 119, 189]"
114198,"[12, 13, 90, 238, 28, 6, 26, 119, 223, 261]"
114199,"[73, 72, 82, 6, 20, 12, 64, 92, 261, 44]"
114200,"[1, 23, 72, 54, 82, 15, 189, 77, 21, 138]"
114201,"[220, 187, 49, 42, 26, 73, 147, 130, 17, 30]"
114202,"[44, 13, 72, 90, 238, 28, 58, 119, 223, 26]"
114203,"[157, 21, 223, 220, 36, 238, 151, 90, 13, 28]"
114204,"[30, 138, 147, 26, 261, 25, 238, 97, 151, 72]"
114205,"[142, 23, 60, 220, 187, 261, 54, 147, 1, 24]"
114206,"[91, 73, 12, 44, 72, 3, 82, 66, 18, 122]"
114207,"[76, 13, 27, 90, 238, 28, 119, 223, 48, 103]"
114208,"[2, 27, 18, 261, 9, 72, 279, 26, 20, 15]"
114209,"[71, 27, 72, 82, 6, 18, 15, 279, 26, 9]"
114210,"[261, 13, 90, 238, 28, 119, 223, 103, 48, 279]"
114211,"[0, 147, 72, 27, 82, 54, 77, 138, 157, 238]"
114212,"[82, 72, 77, 138, 238, 105, 146, 90, 157, 28]"
114213,"[279, 13, 90, 238, 28, 119, 54, 223, 71, 27]"
114214,"[175, 147, 238, 90, 13, 28, 151, 223, 119, 146]"
114215,"[91, 73, 220, 187, 30, 45, 43, 41, 76, 14]"
114216,"[151, 138, 238, 91, 72, 12, 146, 64, 26, 133]"
114217,"[20, 13, 90, 238, 28, 119, 223, 58, 103, 48]"
114218,"[121, 54, 13, 90, 238, 28, 119, 223, 220, 187]"
114219,"[30, 49, 72, 82, 138, 220, 0, 187, 142, 97]"
114220,"[261, 13, 90, 238, 28, 119, 44, 223, 34, 48]"
114221,"[238, 90, 13, 28, 60, 119, 223, 32, 23, 279]"
114222,"[4, 23, 1, 34, 24, 13, 90, 28, 238, 119]"
114223,"[92, 73, 138, 49, 97, 238, 12, 142, 151, 146]"
114224,"[32, 58, 13, 90, 238, 28, 119, 223, 34, 48]"
114225,"[7, 238, 26, 90, 28, 13, 138, 147, 223, 6]"
114226,"[12, 13, 90, 238, 28, 119, 223, 6, 54, 72]"
114227,"[133, 238, 138, 90, 28, 13, 147, 223, 146, 7]"
114228,"[82, 72, 138, 238, 151, 25, 146, 105, 30, 64]"
114229,"[64, 1, 23, 72, 138, 18, 238, 32, 149, 66]"
114230,"[261, 13, 90, 238, 28, 119, 58, 223, 48, 103]"
114231,"[175, 157, 21, 9, 238, 147, 90, 223, 13, 77]"
114232,"[261, 187, 220, 60, 58, 42, 43, 49, 23, 45]"
114233,"[175, 238, 189, 90, 138, 97, 28, 223, 13, 147]"
114234,"[0, 138, 147, 30, 238, 97, 92, 49, 26, 151]"
114235,"[71, 82, 72, 27, 5, 187, 220, 51, 77, 279]"
114236,"[2, 187, 220, 30, 49, 45, 121, 43, 72, 12]"
114237,"[142, 27, 238, 13, 90, 28, 119, 223, 23, 146]"
114238,"[12, 26, 220, 187, 13, 72, 90, 238, 28, 261]"
114239,"[24, 23, 142, 238, 13, 28, 90, 187, 220, 4]"
114240,"[6, 71, 82, 72, 58, 13, 15, 90, 54, 28]"
114241,"[17, 54, 72, 82, 73, 18, 15, 71, 55, 13]"
114242,"[27, 48, 13, 90, 238, 28, 119, 223, 279, 103]"
114243,"[220, 187, 13, 90, 238, 28, 119, 223, 261, 20]"
114244,"[36, 13, 238, 90, 28, 119, 223, 48, 146, 103]"
114245,"[44, 13, 90, 238, 28, 119, 223, 48, 187, 220]"
114246,"[124, 12, 54, 220, 187, 149, 279, 238, 121, 28]"
114247,"[175, 261, 238, 90, 13, 28, 223, 119, 279, 45]"
114248,"[7, 147, 238, 157, 90, 138, 44, 28, 13, 223]"
114249,"[7, 23, 1, 60, 2, 34, 238, 90, 28, 13]"
114250,"[43, 13, 90, 238, 28, 119, 223, 48, 103, 146]"
114251,"[105, 49, 138, 26, 238, 72, 92, 30, 64, 147]"
114252,"[77, 238, 138, 90, 97, 28, 105, 13, 147, 72]"
114253,"[105, 157, 138, 73, 238, 151, 97, 27, 146, 64]"
114254,"[77, 72, 15, 138, 82, 2, 1, 23, 238, 64]"
114255,"[29, 261, 147, 41, 279, 54, 20, 14, 17, 13]"
114256,"[36, 238, 13, 90, 28, 223, 157, 119, 14, 189]"
114257,"[4, 147, 238, 26, 90, 28, 13, 138, 223, 146]"
114258,"[82, 72, 138, 238, 0, 146, 97, 105, 90, 64]"
114259,"[149, 18, 26, 72, 238, 90, 13, 28, 223, 119]"
114260,"[4, 13, 90, 157, 238, 28, 119, 223, 149, 32]"
114261,"[24, 23, 54, 1, 238, 13, 90, 28, 119, 223]"
114262,"[133, 238, 90, 13, 28, 223, 119, 138, 146, 48]"
114263,"[72, 82, 26, 18, 138, 64, 92, 238, 15, 6]"
114264,"[43, 261, 220, 187, 60, 13, 90, 238, 28, 119]"
114265,"[72, 64, 82, 15, 18, 138, 157, 26, 238, 71]"
114266,"[30, 23, 1, 24, 49, 138, 142, 130, 54, 238]"
114267,"[26, 72, 82, 18, 138, 15, 238, 64, 92, 71]"
114268,"[91, 261, 73, 130, 14, 23, 97, 279, 49, 60]"
114269,"[124, 149, 54, 34, 44, 9, 71, 84, 5, 13]"
114270,"[77, 72, 82, 15, 138, 1, 238, 23, 71, 105]"
114271,"[20, 187, 220, 13, 90, 238, 28, 119, 223, 58]"
114272,"[58, 13, 26, 90, 238, 28, 119, 32, 72, 223]"
114273,"[142, 13, 238, 90, 28, 119, 223, 189, 48, 146]"
114274,"[54, 220, 187, 73, 279, 14, 91, 2, 23, 49]"
114275,"[12, 32, 13, 90, 71, 238, 28, 119, 223, 279]"
114276,"[43, 13, 90, 238, 28, 119, 223, 20, 48, 103]"
114277,"[103, 13, 90, 238, 28, 27, 119, 157, 54, 223]"
114278,"[26, 72, 18, 138, 238, 15, 64, 146, 149, 90]"
114279,"[48, 13, 90, 238, 28, 119, 223, 43, 12, 121]"
114280,"[175, 189, 13, 238, 90, 28, 119, 223, 27, 146]"
114281,"[238, 13, 90, 28, 119, 223, 84, 146, 149, 32]"
114282,"[119, 13, 90, 238, 28, 27, 223, 48, 103, 76]"
114283,"[73, 18, 72, 82, 58, 15, 6, 71, 26, 17]"
114284,"[54, 279, 14, 261, 32, 23, 27, 20, 105, 71]"
114285,"[17, 157, 29, 13, 90, 28, 238, 119, 223, 3]"
114286,"[133, 189, 142, 238, 12, 24, 261, 90, 58, 23]"
114287,"[82, 72, 138, 1, 23, 238, 279, 146, 64, 92]"
114288,"[32, 261, 13, 90, 238, 28, 119, 2, 223, 279]"
114289,"[55, 14, 23, 138, 60, 238, 279, 90, 146, 28]"
114290,"[44, 13, 90, 238, 28, 6, 119, 223, 261, 48]"
114291,"[19, 21, 1, 23, 238, 157, 90, 13, 28, 29]"
114292,"[130, 73, 9, 279, 3, 20, 97, 105, 72, 26]"
114293,"[149, 72, 82, 19, 15, 38, 26, 238, 54, 90]"
114294,"[6, 73, 18, 58, 27, 72, 71, 9, 15, 17]"
114295,"[66, 1, 23, 238, 20, 189, 90, 28, 223, 77]"
114296,"[90, 238, 72, 17, 82, 4, 13, 223, 28, 7]"
114297,"[44, 13, 90, 71, 28, 238, 72, 82, 119, 54]"
114298,"[43, 13, 90, 238, 28, 119, 223, 54, 220, 187]"
114299,"[36, 13, 90, 238, 28, 119, 223, 27, 48, 189]"
114300,"[122, 18, 238, 26, 138, 90, 58, 28, 133, 72]"
114301,"[38, 238, 90, 13, 24, 28, 223, 49, 119, 21]"
114302,"[42, 175, 1, 13, 23, 90, 84, 238, 28, 34]"
114303,"[223, 238, 13, 90, 28, 119, 4, 44, 18, 7]"
114304,"[32, 44, 13, 12, 90, 66, 28, 238, 119, 223]"
114305,"[279, 20, 23, 9, 27, 112, 13, 21, 90, 157]"
114306,"[21, 157, 27, 187, 238, 223, 90, 13, 189, 28]"
114307,"[51, 45, 27, 25, 20, 112, 76, 97, 41, 0]"
114308,"[66, 72, 82, 15, 19, 238, 149, 54, 13, 90]"
114309,"[41, 12, 261, 25, 220, 187, 26, 49, 60, 0]"
114310,"[121, 13, 90, 238, 28, 119, 223, 48, 103, 146]"
114311,"[0, 72, 82, 138, 1, 15, 238, 23, 105, 146]"
114312,"[34, 13, 90, 238, 28, 119, 223, 20, 103, 279]"
114313,"[32, 13, 90, 238, 28, 119, 54, 223, 103, 48]"
114314,"[1, 23, 54, 49, 72, 30, 138, 238, 7, 146]"
114315,"[26, 72, 82, 18, 138, 238, 15, 6, 64, 90]"
114316,"[48, 13, 90, 187, 220, 238, 28, 119, 223, 58]"
114317,"[1, 23, 54, 220, 187, 6, 2, 43, 30, 24]"
114318,"[142, 147, 238, 23, 90, 13, 28, 223, 38, 146]"
114319,"[49, 73, 138, 12, 157, 26, 72, 151, 97, 238]"
114320,"[18, 73, 72, 26, 138, 58, 15, 82, 6, 27]"
114321,"[25, 261, 147, 6, 97, 27, 45, 0, 49, 26]"
114322,"[0, 138, 26, 238, 58, 72, 49, 146, 64, 92]"
114323,"[124, 6, 2, 279, 5, 13, 58, 71, 90, 28]"
114324,"[279, 13, 90, 238, 28, 119, 187, 220, 223, 6]"
114325,"[130, 73, 2, 27, 15, 142, 29, 3, 91, 5]"
114326,"[5, 54, 2, 84, 1, 23, 36, 34, 20, 44]"
114327,"[92, 138, 1, 23, 238, 0, 77, 147, 72, 146]"
114328,"[19, 60, 238, 23, 138, 90, 14, 28, 13, 146]"
114329,"[25, 220, 187, 12, 58, 26, 49, 45, 71, 43]"
114330,"[14, 23, 142, 147, 157, 60, 73, 279, 238, 1]"
114331,"[54, 27, 279, 133, 189, 51, 112, 122, 72, 44]"
114332,"[72, 82, 18, 15, 138, 64, 6, 26, 66, 238]"
114333,"[261, 21, 27, 13, 90, 238, 28, 119, 20, 223]"
114334,"[36, 13, 238, 90, 28, 54, 119, 19, 223, 72]"
114335,"[189, 14, 238, 261, 90, 13, 279, 28, 223, 147]"
114336,"[17, 54, 13, 90, 238, 28, 27, 119, 223, 77]"
114337,"[76, 187, 220, 73, 58, 13, 90, 238, 28, 119]"
114338,"[92, 72, 82, 138, 77, 238, 49, 189, 97, 146]"
114339,"[27, 279, 261, 45, 9, 2, 142, 41, 151, 105]"
114340,"[0, 138, 91, 1, 23, 238, 2, 72, 64, 146]"
114341,"[103, 13, 90, 238, 28, 119, 48, 223, 261, 112]"
114342,"[38, 6, 58, 133, 12, 73, 66, 45, 13, 149]"
114343,"[73, 91, 151, 130, 30, 13, 90, 238, 28, 119]"
114344,"[54, 27, 279, 84, 34, 72, 82, 21, 71, 18]"
114345,"[41, 72, 2, 82, 32, 73, 54, 23, 6, 1]"
114346,"[1, 23, 30, 49, 138, 72, 238, 92, 0, 4]"
114347,"[24, 23, 238, 90, 28, 13, 26, 138, 223, 73]"
114348,"[133, 58, 261, 26, 147, 238, 60, 23, 138, 72]"
114349,"[14, 146, 142, 23, 24, 60, 238, 90, 13, 175]"
114350,"[17, 261, 60, 279, 23, 2, 13, 14, 238, 20]"
114351,"[4, 238, 90, 13, 28, 223, 189, 119, 73, 146]"
114352,"[73, 147, 13, 90, 238, 28, 12, 42, 119, 223]"
114353,"[220, 187, 13, 90, 238, 28, 119, 34, 223, 54]"
114354,"[18, 72, 138, 238, 0, 97, 146, 151, 90, 28]"
114355,"[58, 13, 90, 238, 28, 119, 32, 223, 6, 48]"
114356,"[149, 238, 261, 138, 90, 28, 223, 60, 146, 23]"
114357,"[91, 1, 23, 2, 279, 124, 261, 20, 72, 3]"
114358,"[12, 13, 26, 90, 238, 28, 72, 119, 223, 45]"
114359,"[18, 72, 26, 15, 82, 138, 64, 71, 238, 6]"
114360,"[7, 238, 90, 13, 28, 44, 223, 119, 138, 189]"
114361,"[130, 91, 279, 20, 138, 17, 238, 23, 32, 72]"
114362,"[84, 54, 1, 23, 34, 13, 157, 90, 2, 28]"
114363,"[66, 60, 238, 147, 14, 138, 90, 23, 28, 13]"
114364,"[34, 13, 90, 238, 28, 119, 223, 189, 103, 48]"
114365,"[27, 279, 71, 72, 82, 15, 5, 142, 54, 2]"
114366,"[72, 82, 1, 27, 157, 15, 138, 18, 77, 23]"
114367,"[45, 147, 261, 12, 13, 90, 238, 28, 21, 119]"
114368,"[60, 23, 1, 238, 90, 28, 138, 34, 7, 13]"
114369,"[142, 23, 1, 54, 60, 238, 13, 90, 28, 34]"
114370,"[147, 157, 23, 238, 97, 138, 223, 0, 90, 28]"
114371,"[43, 1, 13, 23, 90, 238, 28, 119, 34, 223]"
114372,"[38, 73, 12, 26, 60, 238, 23, 90, 13, 28]"
114373,"[175, 138, 238, 19, 189, 146, 90, 55, 28, 223]"
114374,"[73, 130, 220, 187, 49, 2, 261, 142, 58, 25]"
114375,"[49, 105, 138, 73, 27, 238, 72, 189, 146, 64]"
114376,"[73, 138, 238, 261, 14, 175, 146, 64, 72, 92]"
114377,"[23, 1, 49, 42, 43, 24, 73, 30, 142, 175]"
114378,"[12, 13, 90, 238, 28, 119, 223, 32, 48, 103]"
114379,"[60, 23, 151, 238, 147, 90, 13, 28, 157, 223]"
114380,"[157, 90, 238, 13, 28, 21, 223, 119, 32, 4]"
114381,"[30, 1, 72, 82, 23, 138, 49, 77, 238, 4]"
114382,"[21, 187, 27, 189, 77, 223, 238, 279, 90, 13]"
114383,"[23, 24, 220, 187, 1, 60, 142, 49, 30, 14]"
114384,"[60, 26, 147, 146, 38, 6, 23, 14, 261, 72]"
114385,"[49, 138, 105, 238, 72, 4, 23, 146, 64, 92]"
114386,"[49, 105, 138, 73, 72, 97, 238, 0, 91, 189]"
114387,"[157, 238, 223, 21, 90, 220, 13, 28, 151, 25]"
114388,"[97, 73, 30, 138, 49, 261, 91, 238, 64, 92]"
114389,"[18, 97, 27, 138, 238, 72, 64, 151, 146, 0]"
114390,"[26, 72, 1, 23, 138, 82, 238, 77, 97, 146]"
114391,"[12, 26, 73, 13, 58, 90, 238, 28, 119, 223]"
114392,"[121, 13, 90, 238, 28, 119, 223, 84, 48, 103]"
114393,"[44, 13, 90, 238, 28, 6, 119, 223, 12, 32]"
114394,"[279, 13, 220, 187, 90, 238, 28, 119, 23, 223]"
114395,"[124, 261, 54, 2, 279, 25, 48, 27, 151, 13]"
114396,"[4, 147, 238, 138, 14, 23, 90, 146, 28, 223]"
114397,"[38, 238, 30, 175, 90, 28, 13, 223, 138, 119]"
114398,"[261, 13, 90, 238, 28, 119, 223, 48, 45, 76]"
114399,"[73, 6, 261, 147, 91, 12, 25, 0, 49, 151]"
114400,"[103, 54, 13, 90, 238, 28, 112, 21, 119, 27]"
114401,"[36, 21, 157, 27, 189, 82, 72, 238, 223, 13]"
114402,"[124, 261, 45, 20, 279, 25, 48, 76, 97, 51]"
114403,"[121, 13, 90, 238, 28, 119, 223, 44, 32, 48]"
114404,"[44, 13, 90, 157, 238, 28, 119, 223, 32, 279]"
114405,"[73, 6, 3, 15, 30, 91, 58, 32, 71, 92]"
114406,"[43, 220, 187, 26, 13, 90, 238, 73, 28, 119]"
114407,"[6, 27, 15, 133, 54, 71, 72, 261, 32, 9]"
114408,"[44, 13, 90, 28, 238, 119, 223, 48, 103, 146]"
114409,"[25, 6, 261, 26, 49, 58, 2, 30, 38, 72]"
114410,"[17, 18, 72, 73, 82, 15, 3, 19, 44, 55]"
114411,"[92, 18, 26, 138, 72, 238, 64, 149, 58, 122]"
114412,"[149, 72, 18, 238, 82, 157, 19, 26, 66, 122]"
114413,"[27, 279, 73, 2, 142, 25, 71, 6, 58, 13]"
114414,"[149, 72, 82, 54, 238, 12, 17, 15, 138, 55]"
114415,"[14, 23, 26, 220, 187, 238, 147, 138, 90, 28]"
114416,"[49, 26, 138, 30, 92, 72, 238, 151, 97, 0]"
114417,"[238, 13, 90, 28, 119, 223, 149, 84, 32, 1]"
114418,"[84, 13, 90, 238, 28, 119, 223, 48, 103, 146]"
114419,"[18, 72, 73, 138, 58, 238, 15, 12, 146, 92]"
114420,"[49, 138, 157, 64, 238, 9, 72, 151, 105, 146]"
114421,"[0, 27, 238, 138, 105, 157, 90, 9, 146, 28]"
114422,"[28, 157, 13, 238, 90, 66, 223, 149, 119, 21]"
114423,"[5, 1, 23, 49, 30, 2, 142, 187, 220, 58]"
114424,"[21, 187, 238, 13, 90, 223, 28, 119, 27, 279]"
114425,"[0, 72, 82, 23, 1, 138, 77, 97, 279, 238]"
114426,"[20, 13, 90, 238, 28, 119, 223, 23, 279, 1]"
114427,"[124, 54, 82, 72, 21, 9, 77, 20, 279, 51]"
114428,"[147, 238, 28, 90, 138, 13, 279, 23, 60, 223]"
114429,"[4, 13, 23, 90, 238, 28, 142, 119, 223, 60]"
114430,"[76, 157, 27, 13, 90, 119, 238, 28, 21, 223]"
114431,"[44, 13, 90, 28, 238, 149, 119, 223, 54, 71]"
114432,"[55, 147, 157, 122, 19, 60, 66, 238, 279, 138]"
114433,"[34, 13, 58, 90, 238, 28, 119, 223, 48, 103]"
114434,"[261, 13, 90, 238, 28, 119, 27, 223, 279, 48]"
114435,"[27, 13, 90, 238, 28, 119, 223, 48, 279, 103]"
114436,"[29, 54, 17, 13, 19, 3, 90, 238, 28, 119]"
114437,"[26, 146, 261, 60, 72, 32, 238, 147, 58, 14]"
114438,"[24, 147, 23, 238, 90, 13, 28, 142, 223, 38]"
114439,"[73, 3, 1, 72, 82, 23, 77, 20, 279, 2]"
114440,"[189, 238, 13, 90, 28, 72, 119, 223, 19, 4]"
114441,"[2, 73, 13, 71, 90, 238, 28, 119, 124, 223]"
114442,"[119, 54, 13, 90, 238, 28, 223, 32, 19, 84]"
114443,"[44, 13, 90, 220, 187, 238, 6, 28, 119, 223]"
114444,"[112, 13, 90, 238, 28, 119, 54, 223, 261, 48]"
114445,"[44, 13, 90, 238, 28, 119, 223, 34, 103, 48]"
114446,"[142, 27, 147, 238, 13, 26, 90, 28, 223, 119]"
114447,"[142, 23, 60, 1, 4, 238, 90, 28, 13, 223]"
114448,"[122, 26, 238, 12, 90, 72, 13, 147, 17, 28]"
114449,"[73, 27, 9, 51, 2, 105, 279, 151, 130, 5]"
114450,"[64, 72, 18, 26, 82, 15, 138, 149, 27, 238]"
114451,"[17, 261, 13, 279, 90, 238, 28, 119, 223, 48]"
114452,"[29, 42, 238, 90, 13, 28, 223, 119, 3, 146]"
114453,"[6, 220, 187, 71, 12, 41, 13, 90, 238, 28]"
114454,"[34, 187, 220, 13, 90, 238, 28, 119, 223, 121]"
114455,"[92, 72, 18, 15, 73, 138, 238, 82, 64, 58]"
114456,"[26, 72, 73, 15, 18, 138, 64, 238, 105, 146]"
114457,"[60, 23, 138, 238, 157, 38, 189, 17, 55, 105]"
114458,"[149, 238, 90, 13, 28, 223, 138, 119, 23, 279]"
114459,"[124, 9, 20, 261, 45, 77, 51, 15, 279, 112]"
114460,"[45, 73, 147, 13, 90, 238, 28, 119, 223, 48]"
114461,"[51, 54, 71, 2, 84, 9, 32, 13, 28, 90]"
114462,"[43, 23, 1, 13, 220, 187, 90, 28, 238, 34]"
114463,"[82, 72, 20, 279, 51, 10, 71, 41, 23, 112]"
114464,"[9, 279, 27, 6, 187, 220, 12, 58, 51, 42]"
114465,"[12, 220, 187, 13, 90, 238, 28, 261, 119, 223]"
114466,"[175, 147, 238, 90, 13, 223, 28, 261, 189, 73]"
114467,"[20, 13, 90, 238, 54, 28, 119, 223, 220, 187]"
114468,"[18, 72, 15, 138, 82, 238, 64, 2, 71, 146]"
114469,"[157, 21, 223, 13, 90, 238, 28, 119, 36, 189]"
114470,"[6, 72, 82, 12, 27, 58, 18, 15, 71, 44]"
114471,"[122, 238, 90, 13, 28, 223, 119, 146, 138, 48]"
114472,"[112, 13, 90, 238, 28, 119, 223, 103, 27, 44]"
114473,"[49, 220, 187, 138, 0, 72, 238, 73, 24, 23]"
114474,"[48, 13, 90, 238, 12, 28, 119, 223, 58, 121]"
114475,"[122, 147, 238, 90, 13, 28, 223, 119, 138, 146]"
114476,"[20, 13, 90, 238, 28, 119, 223, 103, 27, 48]"
114477,"[29, 238, 90, 13, 28, 138, 223, 119, 146, 55]"
114478,"[27, 279, 9, 157, 51, 21, 73, 77, 0, 142]"
114479,"[130, 91, 73, 3, 279, 151, 105, 29, 17, 77]"
114480,"[49, 105, 138, 238, 72, 18, 26, 64, 146, 92]"
114481,"[60, 23, 1, 54, 238, 220, 187, 49, 90, 138]"
114482,"[92, 73, 49, 97, 138, 0, 238, 24, 151, 91]"
114483,"[36, 238, 90, 13, 28, 223, 119, 26, 146, 138]"
114484,"[23, 60, 1, 28, 238, 142, 13, 90, 187, 220]"
114485,"[238, 90, 13, 147, 28, 223, 119, 146, 138, 48]"
114486,"[92, 138, 238, 72, 26, 64, 18, 146, 105, 122]"
114487,"[1, 23, 49, 30, 72, 138, 238, 26, 146, 64]"
114488,"[36, 238, 90, 13, 28, 223, 138, 119, 146, 142]"
114489,"[5, 82, 72, 1, 23, 54, 2, 84, 4, 15]"
114490,"[261, 6, 25, 41, 58, 72, 279, 82, 13, 12]"
114491,"[76, 45, 147, 13, 90, 238, 28, 119, 223, 25]"
114492,"[151, 189, 27, 73, 105, 138, 77, 97, 15, 72]"
114493,"[30, 138, 238, 146, 64, 72, 92, 105, 97, 151]"
114494,"[2, 187, 220, 54, 121, 34, 23, 5, 1, 49]"
114495,"[60, 23, 238, 90, 21, 28, 138, 13, 279, 223]"
114496,"[14, 23, 1, 261, 147, 157, 138, 279, 238, 20]"
114497,"[3, 27, 73, 25, 41, 49, 130, 279, 91, 76]"
114498,"[15, 72, 18, 27, 138, 238, 9, 29, 146, 21]"
114499,"[21, 157, 189, 27, 90, 13, 223, 29, 175, 238]"
114500,"[48, 13, 90, 238, 28, 119, 223, 32, 103, 34]"
114501,"[36, 238, 90, 13, 28, 223, 15, 72, 119, 138]"
114502,"[30, 73, 14, 138, 261, 26, 97, 71, 238, 92]"
114503,"[138, 147, 238, 18, 77, 26, 73, 72, 151, 105]"
114504,"[27, 279, 41, 9, 45, 25, 142, 51, 112, 76]"
114505,"[15, 72, 138, 238, 146, 64, 92, 105, 90, 28]"
114506,"[23, 1, 60, 238, 4, 220, 187, 13, 28, 90]"
114507,"[84, 54, 13, 90, 28, 34, 238, 119, 223, 1]"
114508,"[76, 157, 13, 238, 90, 28, 147, 119, 223, 279]"
114509,"[133, 238, 279, 138, 90, 23, 60, 28, 13, 223]"
114510,"[122, 238, 13, 90, 28, 119, 223, 58, 18, 149]"
114511,"[149, 238, 60, 26, 90, 12, 28, 13, 138, 146]"
114512,"[0, 138, 73, 1, 238, 23, 72, 146, 64, 92]"
114513,"[82, 72, 138, 1, 23, 238, 30, 97, 146, 64]"
114514,"[6, 27, 2, 124, 279, 54, 23, 1, 13, 90]"
114515,"[220, 187, 13, 90, 238, 28, 119, 223, 261, 58]"
114516,"[4, 13, 238, 90, 28, 119, 223, 48, 146, 103]"
114517,"[43, 13, 187, 220, 90, 23, 238, 28, 119, 20]"
114518,"[124, 2, 149, 27, 54, 32, 71, 13, 90, 28]"
114519,"[13, 90, 238, 28, 119, 223, 27, 76, 45, 48]"
114520,"[32, 58, 13, 90, 238, 28, 119, 223, 34, 12]"
114521,"[14, 23, 261, 147, 238, 90, 13, 28, 58, 223]"
114522,"[12, 13, 54, 90, 238, 28, 119, 44, 223, 32]"
114523,"[119, 27, 13, 90, 238, 28, 157, 223, 103, 48]"
114524,"[72, 82, 26, 18, 138, 6, 58, 64, 238, 146]"
114525,"[261, 13, 90, 238, 28, 119, 223, 48, 103, 45]"
114526,"[238, 138, 90, 28, 146, 13, 223, 38, 142, 26]"
114527,"[2, 6, 25, 261, 41, 238, 279, 90, 13, 27]"
114528,"[157, 55, 238, 13, 90, 28, 223, 119, 21, 146]"
114529,"[73, 58, 26, 91, 18, 72, 133, 12, 17, 138]"
114530,"[103, 13, 90, 238, 28, 32, 119, 54, 223, 48]"
114531,"[72, 82, 15, 18, 138, 64, 54, 71, 238, 66]"
114532,"[32, 13, 44, 90, 238, 28, 119, 223, 12, 103]"
114533,"[97, 138, 238, 49, 121, 64, 60, 30, 146, 72]"
114534,"[48, 13, 90, 238, 28, 27, 119, 279, 223, 20]"
114535,"[76, 157, 13, 90, 238, 28, 119, 279, 223, 20]"
114536,"[58, 13, 90, 238, 28, 119, 223, 32, 44, 34]"
114537,"[21, 187, 147, 238, 223, 13, 90, 28, 119, 105]"
114538,"[112, 13, 90, 238, 28, 119, 223, 17, 44, 48]"
114539,"[76, 13, 90, 238, 28, 157, 119, 27, 223, 48]"
114540,"[60, 23, 238, 4, 90, 13, 28, 138, 54, 223]"
114541,"[72, 82, 15, 138, 26, 77, 64, 238, 49, 1]"
114542,"[220, 187, 13, 73, 261, 90, 238, 28, 119, 223]"
114543,"[49, 138, 105, 238, 189, 72, 2, 146, 64, 92]"
114544,"[6, 72, 12, 82, 73, 26, 49, 147, 91, 45]"
114545,"[5, 82, 72, 15, 27, 51, 189, 279, 71, 1]"
114546,"[72, 82, 138, 49, 238, 26, 23, 64, 146, 1]"
114547,"[32, 54, 13, 72, 90, 71, 238, 28, 119, 15]"
114548,"[36, 13, 238, 90, 28, 119, 223, 146, 48, 103]"
114549,"[48, 13, 90, 238, 28, 119, 223, 103, 146, 32]"
114550,"[6, 73, 58, 71, 26, 15, 38, 72, 91, 18]"
114551,"[17, 29, 238, 90, 28, 138, 13, 223, 146, 119]"
114552,"[42, 29, 4, 84, 142, 17, 13, 3, 28, 90]"
114553,"[0, 147, 97, 138, 151, 27, 238, 6, 92, 157]"
114554,"[48, 13, 90, 238, 28, 119, 27, 223, 157, 279]"
114555,"[157, 238, 60, 223, 90, 13, 28, 220, 119, 138]"
114556,"[1, 2, 54, 23, 34, 84, 10, 42, 5, 130]"
114557,"[97, 138, 0, 157, 151, 238, 18, 27, 72, 146]"
114558,"[21, 187, 238, 138, 223, 90, 28, 13, 146, 119]"
114559,"[21, 238, 90, 13, 28, 223, 189, 147, 119, 73]"
114560,"[15, 72, 82, 138, 26, 6, 238, 92, 64, 146]"
114561,"[130, 49, 73, 27, 6, 1, 220, 23, 187, 2]"
114562,"[20, 13, 90, 238, 28, 119, 223, 187, 220, 34]"
114563,"[73, 25, 261, 58, 91, 6, 41, 12, 26, 38]"
114564,"[261, 13, 90, 238, 28, 119, 187, 223, 220, 121]"
114565,"[5, 54, 1, 23, 34, 220, 187, 30, 2, 27]"
114566,"[45, 13, 90, 238, 28, 119, 223, 34, 48, 103]"
114567,"[1, 23, 54, 72, 30, 138, 26, 49, 18, 7]"
114568,"[54, 77, 13, 189, 90, 238, 28, 223, 119, 175]"
114569,"[9, 27, 279, 54, 13, 90, 28, 119, 238, 157]"
114570,"[73, 9, 27, 189, 5, 105, 279, 138, 175, 238]"
114571,"[17, 73, 13, 238, 90, 28, 119, 91, 223, 29]"
114572,"[1, 23, 138, 72, 26, 238, 25, 64, 151, 105]"
114573,"[32, 13, 90, 238, 28, 119, 223, 2, 27, 34]"
114574,"[157, 223, 13, 9, 90, 238, 28, 119, 220, 189]"
114575,"[24, 23, 60, 138, 4, 142, 1, 238, 7, 28]"
114576,"[55, 238, 13, 90, 28, 119, 223, 146, 48, 103]"
114577,"[20, 261, 13, 90, 238, 28, 119, 223, 48, 279]"
114578,"[105, 27, 157, 9, 77, 189, 72, 138, 279, 15]"
114579,"[51, 9, 27, 0, 6, 73, 97, 25, 29, 279]"
114580,"[1, 23, 30, 138, 49, 72, 238, 4, 92, 146]"
114581,"[1, 23, 72, 82, 138, 0, 92, 97, 238, 77]"
114582,"[32, 13, 220, 187, 90, 238, 28, 119, 223, 44]"
114583,"[76, 13, 187, 220, 90, 238, 28, 119, 12, 223]"
114584,"[4, 54, 23, 1, 13, 84, 90, 28, 238, 157]"
114585,"[21, 187, 147, 279, 238, 261, 223, 14, 23, 90]"
114586,"[7, 157, 238, 32, 90, 21, 28, 13, 138, 223]"
114587,"[138, 238, 157, 91, 73, 146, 27, 64, 92, 105]"
114588,"[146, 238, 13, 90, 28, 66, 19, 119, 223, 149]"
114589,"[2, 73, 187, 60, 220, 49, 261, 23, 91, 1]"
114590,"[25, 6, 2, 73, 27, 3, 44, 71, 13, 238]"
114591,"[14, 23, 138, 238, 17, 55, 146, 90, 28, 7]"
114592,"[133, 238, 138, 90, 28, 19, 146, 13, 149, 223]"
114593,"[30, 138, 18, 238, 105, 64, 72, 151, 97, 146]"
114594,"[119, 13, 90, 238, 28, 223, 48, 32, 103, 146]"
114595,"[58, 13, 12, 90, 238, 28, 119, 223, 48, 261]"
114596,"[157, 238, 149, 223, 54, 90, 13, 28, 220, 119]"
114597,"[7, 60, 23, 1, 138, 220, 187, 238, 14, 133]"
114598,"[261, 220, 187, 13, 90, 238, 28, 26, 119, 223]"
114599,"[72, 105, 82, 27, 21, 138, 189, 77, 15, 151]"
114600,"[34, 23, 1, 13, 187, 220, 90, 60, 238, 28]"
114601,"[220, 187, 49, 54, 24, 30, 23, 43, 1, 121]"
114602,"[103, 13, 90, 238, 28, 119, 223, 48, 27, 54]"
114603,"[112, 13, 90, 28, 238, 119, 223, 48, 103, 84]"
114604,"[38, 58, 6, 149, 13, 90, 238, 28, 26, 119]"
114605,"[157, 21, 238, 13, 90, 28, 223, 119, 54, 2]"
114606,"[9, 279, 54, 71, 34, 12, 103, 84, 51, 42]"
114607,"[20, 27, 54, 13, 157, 90, 279, 238, 28, 119]"
114608,"[20, 13, 90, 238, 28, 119, 58, 223, 187, 220]"
114609,"[261, 147, 13, 21, 90, 238, 28, 119, 223, 48]"
114610,"[4, 220, 187, 60, 238, 13, 90, 28, 49, 23]"
114611,"[279, 23, 60, 24, 142, 4, 1, 72, 138, 238]"
114612,"[58, 12, 13, 90, 238, 28, 119, 223, 72, 44]"
114613,"[30, 49, 71, 73, 138, 60, 142, 23, 238, 130]"
114614,"[66, 26, 238, 72, 18, 149, 90, 28, 13, 223]"
114615,"[261, 13, 90, 238, 28, 119, 223, 48, 279, 103]"
114616,"[34, 13, 90, 238, 28, 119, 223, 20, 103, 21]"
114617,"[17, 73, 58, 13, 90, 238, 28, 12, 119, 91]"
114618,"[121, 54, 13, 90, 238, 28, 220, 187, 119, 84]"
114619,"[279, 23, 1, 238, 24, 49, 28, 90, 4, 7]"
114620,"[157, 238, 223, 90, 13, 28, 220, 119, 77, 54]"
114621,"[147, 238, 138, 14, 23, 146, 90, 28, 279, 60]"
114622,"[20, 13, 58, 90, 238, 28, 119, 223, 48, 103]"
114623,"[20, 23, 1, 279, 13, 90, 238, 28, 119, 223]"
114624,"[55, 157, 238, 90, 13, 28, 223, 119, 77, 21]"
114625,"[1, 23, 15, 30, 72, 73, 138, 105, 175, 2]"
114626,"[142, 23, 1, 54, 34, 238, 13, 7, 28, 90]"
114627,"[34, 13, 58, 90, 238, 28, 119, 223, 73, 48]"
114628,"[12, 73, 13, 58, 90, 238, 28, 119, 6, 223]"
114629,"[91, 27, 2, 73, 9, 279, 261, 20, 130, 138]"
114630,"[7, 4, 18, 238, 84, 157, 90, 13, 28, 223]"
114631,"[27, 6, 9, 279, 20, 25, 51, 71, 26, 175]"
114632,"[12, 13, 90, 238, 28, 32, 119, 223, 20, 48]"
114633,"[48, 13, 90, 238, 28, 119, 223, 147, 103, 157]"
114634,"[12, 13, 90, 238, 28, 119, 223, 27, 34, 48]"
114635,"[92, 138, 238, 0, 97, 130, 146, 151, 90, 220]"
114636,"[15, 72, 138, 238, 30, 105, 151, 146, 64, 92]"
114637,"[76, 45, 73, 13, 90, 238, 28, 119, 147, 223]"
114638,"[25, 6, 187, 220, 261, 12, 24, 58, 279, 32]"
114639,"[58, 12, 13, 90, 238, 28, 119, 73, 223, 44]"
114640,"[119, 54, 13, 90, 238, 28, 223, 32, 48, 19]"
114641,"[220, 187, 13, 90, 238, 28, 34, 119, 223, 23]"
114642,"[151, 138, 238, 105, 64, 30, 72, 2, 146, 92]"
114643,"[130, 73, 49, 30, 2, 91, 1, 23, 142, 5]"
114644,"[72, 92, 6, 82, 26, 18, 138, 133, 15, 238]"
114645,"[103, 13, 90, 238, 28, 119, 223, 187, 220, 32]"
114646,"[261, 21, 13, 90, 238, 28, 119, 223, 45, 48]"
114647,"[189, 238, 138, 147, 90, 60, 146, 28, 23, 223]"
114648,"[58, 6, 13, 90, 238, 28, 119, 133, 12, 223]"
114649,"[121, 13, 54, 90, 28, 238, 119, 34, 1, 223]"
114650,"[133, 72, 26, 147, 82, 122, 138, 238, 146, 55]"
114651,"[24, 28, 54, 4, 13, 149, 90, 238, 119, 223]"
114652,"[220, 187, 24, 23, 1, 42, 30, 49, 130, 34]"
114653,"[73, 18, 6, 15, 72, 71, 82, 17, 13, 90]"
114654,"[36, 157, 13, 238, 261, 90, 28, 223, 119, 279]"
114655,"[97, 147, 261, 138, 157, 151, 238, 14, 45, 49]"
114656,"[54, 6, 12, 279, 261, 45, 58, 25, 76, 27]"
114657,"[124, 149, 2, 15, 54, 71, 5, 1, 72, 23]"
114658,"[6, 42, 17, 175, 13, 90, 238, 28, 119, 223]"
114659,"[84, 220, 187, 54, 13, 90, 23, 238, 28, 119]"
114660,"[27, 18, 279, 9, 71, 51, 6, 13, 90, 28]"
114661,"[122, 13, 238, 90, 189, 28, 72, 119, 18, 149]"
114662,"[17, 73, 58, 32, 13, 90, 279, 261, 238, 28]"
114663,"[30, 1, 23, 7, 54, 71, 138, 49, 238, 72]"
114664,"[25, 27, 73, 279, 6, 45, 48, 97, 13, 41]"
114665,"[43, 13, 238, 90, 28, 119, 32, 223, 261, 279]"
114666,"[49, 138, 238, 24, 72, 220, 105, 187, 23, 60]"
114667,"[91, 73, 6, 38, 71, 92, 238, 3, 90, 133]"
114668,"[43, 13, 90, 238, 28, 119, 223, 187, 220, 48]"
114669,"[66, 21, 189, 238, 138, 187, 90, 28, 223, 13]"
114670,"[124, 77, 9, 82, 72, 54, 51, 71, 29, 105]"
114671,"[21, 187, 157, 147, 238, 223, 90, 13, 28, 27]"
114672,"[25, 6, 261, 147, 26, 151, 97, 27, 14, 21]"
114673,"[112, 13, 90, 27, 238, 28, 119, 45, 223, 279]"
114674,"[24, 23, 238, 90, 138, 4, 28, 13, 223, 77]"
114675,"[48, 73, 13, 90, 238, 28, 119, 223, 58, 103]"
114676,"[72, 82, 26, 138, 15, 238, 18, 64, 92, 146]"
114677,"[72, 3, 82, 73, 18, 15, 17, 71, 91, 29]"
114678,"[238, 147, 28, 90, 13, 119, 223, 146, 138, 48]"
114679,"[261, 76, 13, 90, 147, 238, 28, 48, 119, 223]"
114680,"[1, 23, 138, 72, 238, 26, 146, 64, 92, 25]"
114681,"[6, 72, 82, 18, 54, 2, 32, 279, 23, 71]"
114682,"[38, 58, 12, 73, 13, 90, 238, 28, 119, 24]"
114683,"[76, 13, 90, 238, 28, 119, 58, 223, 261, 48]"
114684,"[149, 238, 138, 142, 60, 90, 23, 223, 28, 146]"
114685,"[44, 72, 82, 13, 90, 238, 28, 119, 58, 223]"
114686,"[1, 23, 54, 5, 130, 49, 84, 2, 10, 7]"
114687,"[73, 27, 51, 279, 29, 42, 34, 119, 142, 1]"
114688,"[25, 6, 58, 187, 220, 26, 49, 261, 12, 38]"
114689,"[138, 238, 2, 24, 84, 146, 64, 92, 105, 72]"
114690,"[26, 72, 49, 138, 147, 0, 238, 151, 92, 25]"
114691,"[66, 238, 13, 90, 28, 58, 32, 119, 223, 149]"
114692,"[220, 187, 13, 90, 238, 28, 119, 223, 23, 48]"
114693,"[1, 23, 27, 18, 72, 15, 138, 238, 64, 105]"
114694,"[30, 72, 138, 82, 238, 18, 1, 23, 105, 146]"
114695,"[130, 23, 1, 60, 24, 220, 187, 91, 49, 43]"
114696,"[124, 73, 9, 25, 0, 41, 97, 45, 51, 77]"
114697,"[84, 13, 90, 238, 28, 119, 25, 223, 187, 220]"
114698,"[30, 72, 138, 77, 82, 15, 238, 189, 64, 73]"
114699,"[82, 72, 3, 1, 77, 29, 23, 105, 130, 91]"
114700,"[220, 187, 13, 90, 238, 28, 119, 223, 103, 48]"
114701,"[19, 73, 238, 90, 66, 13, 28, 122, 146, 38]"
114702,"[27, 279, 45, 124, 0, 41, 142, 97, 76, 14]"
114703,"[149, 72, 82, 17, 238, 21, 15, 90, 13, 28]"
114704,"[27, 220, 187, 6, 5, 2, 84, 54, 175, 121]"
114705,"[66, 21, 23, 60, 279, 36, 238, 20, 187, 1]"
114706,"[238, 28, 90, 13, 223, 24, 119, 146, 138, 149]"
114707,"[26, 72, 138, 238, 77, 105, 146, 64, 30, 92]"
114708,"[91, 6, 73, 72, 82, 18, 26, 3, 17, 130]"
114709,"[84, 13, 90, 23, 238, 28, 187, 34, 220, 119]"
114710,"[25, 6, 49, 26, 30, 72, 13, 90, 238, 28]"
114711,"[30, 1, 23, 138, 2, 238, 72, 130, 49, 34]"
114712,"[72, 82, 138, 73, 26, 238, 49, 189, 15, 64]"
114713,"[21, 157, 187, 147, 238, 138, 223, 90, 27, 28]"
114714,"[13, 90, 238, 28, 119, 279, 223, 58, 48, 42]"
114715,"[2, 6, 27, 124, 73, 91, 13, 90, 71, 28]"
114716,"[6, 58, 71, 26, 12, 73, 32, 261, 18, 72]"
114717,"[76, 157, 13, 90, 238, 28, 119, 223, 103, 20]"
114718,"[36, 238, 90, 26, 28, 13, 223, 138, 147, 146]"
114719,"[5, 6, 261, 133, 48, 72, 82, 138, 279, 238]"
114720,"[149, 15, 72, 238, 82, 55, 90, 13, 19, 28]"
114721,"[147, 21, 23, 157, 36, 175, 238, 223, 14, 189]"
114722,"[64, 138, 49, 238, 72, 146, 92, 105, 97, 151]"
114723,"[220, 187, 261, 24, 42, 13, 84, 49, 23, 90]"
114724,"[82, 72, 138, 238, 23, 1, 261, 146, 64, 279]"
114725,"[97, 147, 0, 138, 151, 238, 18, 27, 92, 146]"
114726,"[103, 157, 13, 90, 238, 28, 119, 54, 223, 21]"
114727,"[4, 36, 238, 147, 60, 23, 90, 13, 28, 223]"
114728,"[121, 13, 90, 28, 238, 23, 119, 223, 279, 1]"
114729,"[71, 72, 12, 82, 26, 15, 6, 19, 122, 44]"
114730,"[54, 27, 279, 51, 112, 71, 189, 12, 44, 45]"
114731,"[49, 1, 23, 138, 72, 30, 238, 5, 4, 146]"
114732,"[189, 238, 90, 13, 28, 19, 223, 119, 4, 55]"
114733,"[3, 27, 73, 9, 279, 77, 105, 130, 51, 2]"
114734,"[54, 279, 12, 44, 175, 51, 103, 112, 220, 138]"
114735,"[133, 73, 12, 26, 38, 238, 14, 19, 138, 146]"
114736,"[149, 21, 157, 238, 90, 13, 28, 223, 119, 23]"
114737,"[220, 187, 54, 13, 23, 90, 238, 28, 1, 119]"
114738,"[15, 72, 26, 138, 6, 238, 64, 92, 146, 73]"
114739,"[15, 72, 138, 1, 23, 238, 97, 0, 146, 64]"
114740,"[138, 73, 238, 91, 97, 146, 64, 72, 92, 105]"
114741,"[25, 45, 147, 97, 12, 261, 76, 187, 0, 21]"
114742,"[66, 73, 238, 58, 90, 13, 28, 223, 119, 146]"
114743,"[175, 157, 238, 147, 138, 90, 28, 223, 13, 21]"
114744,"[58, 13, 90, 238, 28, 119, 223, 103, 48, 146]"
114745,"[24, 147, 26, 23, 38, 238, 72, 220, 187, 142]"
114746,"[21, 187, 20, 261, 279, 238, 157, 223, 14, 138]"
114747,"[49, 138, 157, 238, 72, 64, 146, 92, 105, 97]"
114748,"[41, 27, 0, 279, 9, 25, 6, 45, 261, 97]"
114749,"[146, 238, 279, 32, 133, 90, 13, 28, 149, 58]"
114750,"[149, 157, 238, 13, 90, 28, 223, 119, 146, 48]"
114751,"[122, 238, 90, 12, 133, 28, 13, 38, 138, 279]"
114752,"[223, 189, 238, 90, 13, 28, 18, 119, 146, 157]"
114753,"[24, 23, 147, 220, 49, 238, 187, 60, 142, 90]"
114754,"[97, 73, 147, 189, 151, 138, 41, 0, 77, 238]"
114755,"[18, 72, 73, 189, 82, 15, 175, 138, 27, 2]"
114756,"[44, 13, 90, 28, 238, 119, 223, 20, 279, 48]"
114757,"[48, 45, 13, 261, 27, 90, 238, 28, 119, 14]"
114758,"[55, 238, 90, 13, 28, 223, 119, 138, 146, 48]"
114759,"[19, 13, 238, 90, 28, 119, 223, 189, 34, 146]"
114760,"[27, 279, 45, 13, 124, 121, 71, 90, 28, 238]"
114761,"[18, 72, 138, 238, 146, 27, 90, 64, 28, 92]"
114762,"[84, 13, 90, 238, 28, 119, 223, 261, 48, 32]"
114763,"[4, 23, 238, 13, 90, 28, 49, 60, 119, 223]"
114764,"[41, 187, 220, 12, 6, 58, 24, 13, 238, 90]"
114765,"[138, 1, 23, 49, 72, 238, 82, 84, 157, 105]"
114766,"[32, 13, 90, 238, 28, 119, 223, 103, 48, 34]"
114767,"[58, 13, 90, 32, 238, 28, 119, 223, 261, 48]"
114768,"[14, 23, 238, 90, 28, 13, 223, 138, 119, 146]"
114769,"[60, 23, 157, 238, 90, 13, 28, 223, 279, 138]"
114770,"[24, 28, 49, 238, 23, 90, 30, 13, 142, 149]"
114771,"[72, 82, 18, 26, 15, 138, 64, 238, 58, 146]"
114772,"[54, 12, 261, 6, 133, 45, 279, 25, 76, 20]"
114773,"[9, 73, 279, 71, 2, 42, 103, 15, 64, 13]"
114774,"[142, 60, 23, 220, 187, 238, 147, 49, 90, 13]"
114775,"[27, 103, 13, 90, 238, 28, 119, 223, 279, 48]"
114776,"[130, 1, 23, 2, 30, 54, 5, 29, 91, 49]"
114777,"[20, 13, 90, 238, 28, 261, 119, 223, 279, 48]"
114778,"[92, 147, 138, 238, 0, 151, 49, 25, 105, 146]"
114779,"[54, 2, 279, 13, 238, 90, 28, 119, 130, 223]"
114780,"[9, 279, 12, 72, 220, 187, 1, 82, 23, 54]"
114781,"[26, 72, 1, 23, 82, 138, 238, 77, 97, 105]"
114782,"[92, 0, 24, 97, 142, 138, 238, 147, 220, 49]"
114783,"[2, 1, 23, 49, 187, 220, 54, 5, 72, 130]"
114784,"[261, 187, 220, 13, 90, 45, 238, 28, 119, 223]"
114785,"[21, 187, 189, 223, 77, 175, 73, 238, 26, 147]"
114786,"[17, 13, 261, 90, 238, 28, 119, 223, 279, 48]"
114787,"[279, 13, 90, 238, 28, 119, 223, 23, 32, 103]"
114788,"[82, 72, 3, 73, 54, 32, 71, 1, 18, 17]"
114789,"[71, 73, 58, 6, 91, 38, 54, 32, 279, 3]"
114790,"[77, 72, 82, 1, 23, 15, 138, 71, 2, 238]"
114791,"[279, 23, 147, 60, 24, 14, 49, 38, 238, 138]"
114792,"[55, 238, 90, 28, 138, 13, 223, 14, 146, 119]"
114793,"[60, 146, 238, 138, 23, 36, 279, 90, 28, 175]"
114794,"[15, 18, 72, 138, 238, 58, 146, 92, 64, 26]"
114795,"[44, 13, 90, 238, 28, 119, 157, 223, 103, 48]"
114796,"[175, 21, 238, 77, 147, 189, 157, 90, 223, 28]"
114797,"[45, 13, 90, 147, 238, 28, 119, 223, 73, 48]"
114798,"[14, 21, 23, 238, 60, 187, 90, 138, 147, 28]"
114799,"[175, 157, 21, 147, 238, 90, 13, 18, 28, 223]"
114800,"[238, 223, 90, 13, 189, 28, 73, 119, 146, 138]"
114801,"[97, 147, 261, 138, 151, 30, 238, 14, 0, 25]"
114802,"[124, 82, 72, 18, 54, 84, 2, 15, 5, 27]"
114803,"[147, 261, 238, 90, 13, 28, 45, 157, 223, 36]"
114804,"[146, 238, 60, 279, 90, 138, 28, 13, 23, 223]"
114805,"[138, 27, 26, 238, 151, 72, 64, 97, 18, 92]"
114806,"[1, 23, 72, 82, 54, 15, 77, 105, 138, 5]"
114807,"[20, 13, 90, 238, 28, 119, 223, 34, 84, 48]"
114808,"[13, 90, 238, 28, 119, 223, 48, 45, 103, 76]"
114809,"[32, 58, 13, 90, 238, 28, 119, 223, 261, 48]"
114810,"[27, 119, 13, 90, 238, 28, 223, 279, 48, 103]"
114811,"[112, 13, 90, 238, 28, 119, 223, 32, 48, 27]"
114812,"[122, 238, 18, 133, 90, 138, 149, 28, 13, 146]"
114813,"[43, 1, 13, 23, 90, 238, 28, 119, 223, 54]"
114814,"[1, 23, 72, 82, 138, 0, 97, 238, 73, 92]"
114815,"[30, 23, 1, 49, 60, 147, 54, 138, 24, 220]"
114816,"[157, 21, 223, 238, 13, 23, 90, 20, 28, 1]"
114817,"[1, 23, 2, 5, 49, 54, 30, 130, 34, 84]"
114818,"[28, 66, 24, 238, 13, 90, 223, 119, 149, 146]"
114819,"[189, 34, 238, 13, 90, 28, 223, 119, 146, 66]"
114820,"[34, 13, 90, 28, 238, 119, 223, 103, 157, 48]"
114821,"[36, 60, 238, 261, 23, 138, 279, 14, 90, 133]"
114822,"[97, 73, 0, 189, 151, 175, 138, 27, 261, 77]"
114823,"[122, 21, 238, 18, 90, 13, 28, 23, 32, 19]"
114824,"[60, 23, 24, 142, 1, 49, 151, 220, 187, 13]"
114825,"[15, 72, 0, 138, 238, 97, 146, 64, 92, 105]"
114826,"[90, 13, 238, 28, 119, 223, 34, 149, 18, 48]"
114827,"[73, 58, 261, 12, 42, 14, 43, 175, 13, 147]"
114828,"[261, 13, 90, 238, 28, 147, 119, 223, 48, 45]"
114829,"[34, 187, 220, 13, 90, 238, 28, 119, 223, 84]"
114830,"[66, 72, 21, 82, 54, 238, 13, 90, 157, 28]"
114831,"[26, 72, 138, 1, 238, 23, 105, 77, 82, 146]"
114832,"[18, 72, 1, 15, 138, 238, 23, 82, 77, 146]"
114833,"[30, 1, 23, 138, 54, 238, 49, 72, 146, 90]"
114834,"[55, 238, 90, 13, 28, 138, 223, 119, 147, 146]"
114835,"[71, 54, 2, 9, 279, 238, 6, 84, 28, 90]"
114836,"[58, 12, 13, 261, 90, 238, 28, 26, 119, 223]"
114837,"[279, 29, 17, 42, 157, 23, 32, 238, 90, 13]"
114838,"[12, 13, 90, 238, 28, 119, 45, 223, 187, 220]"
114839,"[238, 90, 13, 28, 223, 119, 146, 142, 138, 48]"
114840,"[84, 13, 54, 90, 28, 238, 119, 223, 43, 48]"
114841,"[77, 138, 72, 71, 238, 157, 15, 18, 82, 149]"
114842,"[133, 72, 18, 238, 26, 138, 19, 90, 28, 82]"
114843,"[238, 138, 90, 60, 28, 13, 223, 146, 119, 147]"
114844,"[73, 72, 15, 82, 18, 3, 54, 19, 91, 71]"
114845,"[60, 23, 238, 90, 13, 28, 151, 223, 119, 146]"
114846,"[220, 187, 13, 90, 238, 28, 119, 223, 103, 48]"
114847,"[112, 13, 90, 238, 28, 119, 54, 223, 48, 147]"
114848,"[51, 27, 9, 279, 2, 261, 189, 20, 97, 15]"
114849,"[66, 157, 238, 13, 90, 28, 223, 119, 149, 146]"
114850,"[124, 72, 82, 149, 1, 23, 12, 54, 20, 15]"
114851,"[32, 21, 261, 2, 189, 13, 90, 238, 28, 119]"
114852,"[105, 27, 157, 238, 138, 151, 90, 28, 146, 223]"
114853,"[1, 23, 54, 49, 138, 30, 72, 238, 130, 15]"
114854,"[73, 58, 91, 26, 133, 138, 38, 71, 72, 238]"
114855,"[48, 27, 13, 90, 238, 28, 119, 223, 279, 103]"
114856,"[92, 138, 60, 26, 238, 49, 147, 133, 72, 23]"
114857,"[103, 13, 90, 238, 28, 119, 223, 44, 32, 34]"
114858,"[121, 13, 90, 238, 28, 20, 119, 223, 279, 32]"
114859,"[43, 13, 261, 90, 238, 28, 119, 73, 223, 32]"
114860,"[49, 73, 30, 138, 14, 97, 26, 261, 72, 91]"
114861,"[45, 13, 90, 238, 28, 119, 223, 54, 48, 27]"
114862,"[36, 149, 238, 13, 90, 28, 223, 119, 157, 55]"
114863,"[58, 12, 261, 13, 187, 90, 238, 28, 220, 119]"
114864,"[133, 238, 90, 13, 28, 223, 119, 146, 138, 48]"
114865,"[64, 138, 1, 36, 23, 238, 72, 15, 146, 49]"
114866,"[71, 54, 1, 72, 82, 9, 23, 157, 2, 279]"
114867,"[76, 157, 13, 90, 238, 28, 20, 119, 223, 103]"
114868,"[29, 13, 17, 90, 42, 238, 28, 119, 223, 73]"
114869,"[73, 138, 77, 72, 238, 82, 15, 105, 90, 146]"
114870,"[41, 6, 27, 49, 30, 13, 90, 28, 238, 119]"
114871,"[71, 27, 15, 77, 279, 9, 5, 51, 72, 2]"
114872,"[34, 13, 238, 90, 28, 119, 223, 261, 48, 103]"
114873,"[122, 133, 238, 58, 90, 261, 28, 138, 13, 146]"
114874,"[82, 72, 138, 238, 64, 1, 15, 18, 55, 149]"
114875,"[84, 13, 90, 238, 28, 119, 223, 48, 103, 146]"
114876,"[279, 261, 13, 90, 238, 28, 112, 119, 48, 223]"
114877,"[119, 13, 90, 238, 28, 223, 84, 32, 48, 146]"
114878,"[12, 13, 90, 238, 28, 119, 223, 32, 44, 48]"
114879,"[58, 12, 13, 90, 238, 28, 119, 223, 6, 26]"
114880,"[105, 138, 49, 238, 30, 92, 151, 64, 72, 146]"
114881,"[220, 187, 13, 90, 238, 261, 28, 119, 223, 58]"
114882,"[24, 28, 30, 13, 238, 90, 119, 223, 54, 23]"
114883,"[175, 18, 238, 90, 54, 28, 13, 149, 223, 119]"
114884,"[48, 13, 90, 238, 28, 119, 223, 32, 34, 103]"
114885,"[146, 133, 238, 138, 38, 72, 122, 55, 19, 189]"
114886,"[122, 238, 13, 90, 28, 119, 223, 149, 146, 44]"
114887,"[64, 1, 23, 138, 238, 72, 146, 105, 2, 92]"
114888,"[105, 157, 138, 238, 64, 2, 9, 1, 23, 146]"
114889,"[73, 3, 91, 15, 6, 30, 26, 72, 64, 92]"
114890,"[84, 220, 187, 13, 90, 238, 28, 261, 119, 223]"
114891,"[73, 72, 18, 82, 71, 15, 3, 54, 138, 91]"
114892,"[48, 13, 157, 90, 238, 28, 119, 223, 103, 175]"
114893,"[42, 1, 220, 187, 23, 54, 2, 4, 13, 84]"
114894,"[73, 261, 279, 20, 64, 26, 58, 32, 15, 72]"
114895,"[238, 13, 90, 28, 146, 223, 119, 138, 48, 103]"
114896,"[189, 238, 90, 28, 13, 223, 119, 138, 19, 55]"
114897,"[261, 13, 90, 238, 28, 119, 45, 223, 48, 103]"
114898,"[91, 73, 130, 97, 49, 30, 147, 41, 142, 24]"
114899,"[38, 26, 72, 147, 58, 238, 49, 18, 90, 146]"
114900,"[84, 13, 90, 238, 28, 119, 223, 48, 187, 220]"
114901,"[34, 187, 220, 13, 54, 90, 28, 238, 84, 119]"
114902,"[51, 9, 41, 45, 151, 0, 97, 103, 279, 25]"
114903,"[27, 279, 21, 82, 72, 77, 261, 9, 54, 36]"
114904,"[103, 13, 90, 238, 28, 119, 48, 223, 261, 157]"
114905,"[23, 1, 60, 220, 187, 54, 238, 4, 13, 90]"
114906,"[124, 220, 187, 12, 121, 58, 34, 44, 138, 23]"
114907,"[223, 238, 13, 90, 28, 189, 119, 15, 146, 7]"
114908,"[71, 72, 82, 18, 54, 15, 6, 44, 9, 149]"
114909,"[220, 187, 13, 90, 238, 28, 119, 223, 48, 32]"
114910,"[24, 23, 49, 58, 13, 187, 220, 142, 90, 238]"
114911,"[58, 13, 90, 238, 28, 119, 223, 32, 18, 44]"
114912,"[41, 261, 30, 25, 45, 27, 14, 73, 151, 147]"
114913,"[27, 279, 21, 157, 77, 82, 72, 142, 0, 73]"
114914,"[58, 13, 90, 238, 28, 32, 119, 223, 279, 48]"
114915,"[279, 261, 23, 13, 90, 238, 28, 119, 20, 223]"
114916,"[41, 6, 124, 27, 71, 13, 2, 90, 15, 238]"
114917,"[13, 261, 90, 238, 28, 119, 48, 223, 45, 112]"
114918,"[49, 72, 24, 220, 187, 82, 142, 23, 6, 73]"
114919,"[26, 72, 261, 73, 23, 14, 30, 49, 138, 238]"
114920,"[9, 279, 84, 124, 54, 44, 34, 2, 20, 71]"
114921,"[5, 72, 27, 82, 1, 21, 54, 23, 279, 20]"
114922,"[157, 7, 21, 44, 238, 279, 90, 13, 28, 223]"
114923,"[12, 13, 90, 238, 28, 71, 119, 223, 48, 103]"
114924,"[142, 23, 279, 238, 90, 13, 28, 189, 21, 223]"
114925,"[43, 187, 220, 13, 90, 6, 238, 28, 119, 223]"
114926,"[175, 157, 13, 238, 27, 90, 28, 119, 223, 18]"
114927,"[26, 72, 73, 138, 15, 82, 238, 64, 92, 71]"
114928,"[130, 73, 91, 105, 3, 29, 9, 71, 279, 42]"
114929,"[84, 261, 13, 32, 279, 90, 238, 20, 28, 36]"
114930,"[151, 138, 238, 146, 105, 90, 64, 28, 92, 72]"
114931,"[3, 279, 138, 91, 238, 2, 261, 23, 130, 29]"
114932,"[138, 73, 23, 1, 2, 30, 238, 91, 142, 49]"
114933,"[34, 13, 90, 20, 238, 28, 21, 119, 32, 279]"
114934,"[103, 13, 90, 238, 28, 119, 32, 223, 48, 84]"
114935,"[119, 13, 90, 238, 28, 223, 73, 48, 103, 146]"
114936,"[238, 146, 90, 13, 28, 223, 138, 119, 157, 175]"
114937,"[2, 187, 49, 220, 30, 54, 6, 124, 23, 72]"
114938,"[147, 238, 90, 13, 28, 223, 119, 146, 138, 23]"
114939,"[147, 238, 90, 157, 13, 28, 223, 27, 119, 21]"
114940,"[149, 157, 21, 238, 23, 138, 279, 1, 90, 28]"
114941,"[14, 21, 23, 157, 147, 138, 238, 187, 20, 36]"
114942,"[19, 189, 21, 138, 238, 23, 60, 29, 1, 146]"
114943,"[77, 72, 15, 82, 138, 73, 64, 238, 30, 189]"
114944,"[60, 238, 28, 23, 90, 13, 223, 49, 142, 119]"
114945,"[112, 13, 90, 238, 28, 119, 223, 32, 43, 279]"
114946,"[49, 138, 26, 105, 238, 72, 146, 147, 64, 92]"
114947,"[92, 1, 23, 138, 72, 77, 0, 238, 82, 146]"
114948,"[238, 146, 90, 13, 28, 223, 119, 147, 49, 45]"
114949,"[54, 220, 1, 23, 187, 279, 2, 13, 43, 49]"
114950,"[73, 72, 82, 18, 26, 17, 58, 64, 15, 20]"
114951,"[0, 49, 91, 26, 73, 58, 138, 97, 30, 72]"
114952,"[20, 13, 90, 238, 28, 223, 119, 45, 103, 112]"
114953,"[72, 82, 15, 26, 73, 18, 189, 64, 138, 66]"
114954,"[73, 18, 72, 6, 82, 15, 71, 17, 58, 3]"
114955,"[0, 138, 238, 1, 23, 146, 64, 72, 92, 105]"
114956,"[55, 238, 157, 90, 28, 138, 13, 223, 146, 119]"
114957,"[105, 157, 9, 138, 261, 36, 2, 77, 73, 23]"
114958,"[51, 73, 0, 261, 25, 45, 9, 97, 279, 147]"
114959,"[220, 187, 119, 13, 90, 238, 28, 223, 12, 54]"
114960,"[34, 1, 23, 13, 54, 90, 238, 28, 119, 84]"
114961,"[44, 13, 90, 238, 28, 220, 187, 119, 261, 223]"
114962,"[13, 90, 238, 28, 189, 119, 223, 48, 103, 146]"
114963,"[157, 238, 60, 223, 90, 28, 13, 138, 220, 146]"
114964,"[36, 238, 13, 147, 90, 28, 223, 119, 157, 45]"
114965,"[13, 279, 90, 261, 238, 28, 119, 42, 223, 17]"
114966,"[32, 13, 26, 90, 238, 28, 18, 119, 72, 223]"
114967,"[34, 13, 90, 238, 28, 119, 223, 48, 103, 146]"
114968,"[66, 238, 189, 90, 23, 1, 13, 28, 223, 138]"
114969,"[77, 27, 138, 238, 73, 151, 105, 97, 146, 90]"
114970,"[45, 13, 90, 238, 28, 187, 220, 119, 261, 223]"
114971,"[261, 13, 90, 238, 28, 119, 223, 48, 103, 146]"
114972,"[151, 138, 72, 82, 238, 64, 30, 15, 146, 92]"
114973,"[29, 238, 42, 90, 13, 28, 223, 119, 138, 146]"
114974,"[12, 13, 90, 238, 28, 119, 223, 103, 48, 44]"
114975,"[92, 15, 73, 72, 138, 26, 18, 238, 64, 55]"
114976,"[146, 238, 13, 90, 19, 28, 119, 32, 223, 73]"
114977,"[147, 238, 90, 28, 223, 13, 138, 23, 119, 146]"
114978,"[14, 23, 1, 261, 60, 238, 279, 138, 90, 32]"
114979,"[24, 23, 1, 34, 13, 90, 28, 238, 119, 223]"
114980,"[261, 220, 187, 13, 90, 26, 238, 28, 119, 223]"
114981,"[3, 91, 130, 238, 90, 13, 28, 0, 223, 119]"
114982,"[130, 73, 49, 91, 24, 26, 220, 187, 97, 142]"
114983,"[17, 26, 73, 91, 72, 58, 38, 3, 12, 42]"
114984,"[157, 189, 21, 90, 13, 238, 223, 28, 119, 77]"
114985,"[142, 13, 238, 90, 28, 119, 223, 4, 84, 23]"
114986,"[157, 54, 223, 238, 220, 149, 72, 90, 13, 28]"
114987,"[0, 72, 82, 138, 49, 238, 64, 15, 146, 105]"
114988,"[49, 26, 138, 261, 72, 105, 238, 147, 146, 151]"
114989,"[21, 187, 261, 14, 238, 20, 223, 279, 138, 90]"
114990,"[27, 279, 6, 2, 13, 238, 142, 1, 90, 73]"
114991,"[112, 13, 90, 238, 28, 119, 223, 34, 187, 220]"
114992,"[38, 58, 73, 13, 238, 12, 90, 28, 119, 223]"
114993,"[27, 279, 6, 73, 9, 13, 90, 28, 238, 119]"
114994,"[133, 72, 238, 18, 82, 138, 90, 28, 13, 146]"
114995,"[12, 13, 90, 238, 28, 119, 223, 32, 44, 48]"
114996,"[24, 23, 4, 238, 60, 90, 13, 28, 1, 223]"
114997,"[66, 238, 13, 90, 18, 28, 119, 58, 26, 223]"
114998,"[36, 26, 238, 90, 13, 223, 28, 38, 119, 55]"
114999,"[29, 157, 21, 20, 147, 189, 77, 103, 279, 112]"
115000,"[142, 220, 187, 49, 147, 23, 26, 238, 13, 90]"
115001,"[122, 238, 60, 90, 261, 28, 138, 38, 13, 23]"
115002,"[58, 12, 13, 90, 238, 261, 28, 119, 223, 48]"
115003,"[97, 73, 138, 12, 0, 238, 142, 49, 24, 92]"
115004,"[38, 238, 23, 60, 14, 261, 138, 49, 90, 28]"
115005,"[151, 49, 26, 30, 138, 72, 238, 92, 105, 12]"
115006,"[157, 238, 90, 138, 28, 13, 223, 149, 146, 4]"
115007,"[13, 90, 27, 238, 28, 119, 223, 48, 279, 261]"
115008,"[130, 23, 1, 49, 91, 24, 30, 60, 42, 121]"
115009,"[66, 13, 238, 90, 28, 149, 72, 18, 119, 223]"
115010,"[220, 187, 13, 90, 238, 28, 119, 261, 223, 20]"
115011,"[220, 187, 23, 147, 60, 13, 90, 261, 238, 28]"
115012,"[43, 13, 157, 90, 238, 28, 119, 223, 48, 103]"
115013,"[76, 13, 90, 238, 28, 279, 119, 223, 20, 36]"
115014,"[0, 138, 26, 238, 2, 72, 18, 1, 23, 64]"
115015,"[82, 72, 138, 18, 6, 26, 238, 15, 92, 58]"
115016,"[13, 45, 90, 238, 28, 261, 119, 147, 223, 48]"
115017,"[26, 72, 73, 6, 82, 138, 0, 49, 92, 15]"
115018,"[17, 73, 13, 90, 238, 28, 119, 223, 71, 55]"
115019,"[25, 73, 6, 71, 91, 13, 90, 130, 238, 28]"
115020,"[6, 9, 27, 124, 51, 279, 13, 112, 30, 90]"
115021,"[124, 54, 27, 48, 13, 151, 90, 28, 51, 25]"
115022,"[112, 13, 90, 238, 28, 119, 223, 32, 279, 48]"
115023,"[23, 1, 60, 238, 90, 28, 138, 13, 142, 4]"
115024,"[41, 2, 5, 71, 13, 1, 23, 90, 238, 6]"
115025,"[6, 124, 23, 279, 27, 54, 220, 1, 20, 187]"
115026,"[27, 279, 82, 72, 54, 9, 21, 77, 105, 29]"
115027,"[6, 18, 27, 71, 58, 72, 15, 73, 82, 13]"
115028,"[189, 223, 13, 238, 90, 28, 119, 34, 48, 146]"
115029,"[175, 26, 238, 147, 90, 28, 13, 138, 223, 119]"
115030,"[7, 238, 13, 44, 90, 28, 223, 119, 279, 146]"
115031,"[58, 12, 261, 13, 90, 238, 28, 119, 60, 14]"
115032,"[105, 72, 82, 21, 147, 54, 138, 1, 77, 23]"
115033,"[130, 73, 91, 26, 49, 30, 142, 60, 97, 220]"
115034,"[36, 13, 90, 238, 147, 28, 54, 223, 119, 48]"
115035,"[38, 18, 238, 13, 90, 28, 72, 26, 223, 119]"
115036,"[189, 238, 13, 72, 90, 82, 28, 223, 119, 157]"
115037,"[14, 21, 23, 73, 147, 238, 187, 90, 13, 28]"
115038,"[157, 147, 238, 90, 13, 28, 223, 119, 261, 146]"
115039,"[48, 13, 90, 238, 28, 119, 223, 112, 54, 20]"
115040,"[54, 2, 1, 34, 23, 279, 84, 5, 27, 121]"
115041,"[2, 54, 18, 84, 5, 27, 72, 51, 4, 34]"
115042,"[45, 13, 90, 238, 28, 119, 223, 12, 121, 48]"
115043,"[130, 73, 23, 1, 30, 60, 220, 187, 49, 26]"
115044,"[73, 34, 138, 238, 5, 146, 90, 28, 64, 92]"
115045,"[220, 187, 26, 42, 43, 49, 73, 261, 151, 24]"
115046,"[147, 54, 238, 138, 90, 7, 223, 28, 23, 13]"
115047,"[279, 13, 90, 238, 28, 119, 54, 223, 23, 32]"
115048,"[24, 23, 238, 147, 138, 90, 28, 223, 13, 146]"
115049,"[54, 27, 18, 279, 34, 2, 84, 72, 13, 5]"
115050,"[21, 187, 238, 13, 90, 28, 223, 119, 146, 48]"
115051,"[91, 77, 73, 25, 105, 5, 3, 130, 151, 124]"
115052,"[77, 157, 138, 238, 151, 27, 64, 15, 72, 146]"
115053,"[103, 13, 90, 238, 28, 119, 223, 147, 261, 73]"
115054,"[60, 23, 1, 54, 238, 90, 13, 28, 2, 223]"
115055,"[26, 92, 72, 6, 73, 18, 138, 58, 64, 238]"
115056,"[15, 138, 72, 238, 60, 0, 146, 64, 92, 105]"
115057,"[0, 26, 138, 147, 220, 49, 187, 97, 92, 261]"
115058,"[157, 189, 90, 13, 238, 28, 223, 119, 21, 34]"
115059,"[38, 14, 73, 66, 133, 91, 23, 32, 12, 238]"
115060,"[32, 73, 13, 90, 238, 28, 119, 223, 48, 146]"
115061,"[6, 220, 187, 54, 1, 23, 30, 121, 49, 43]"
115062,"[66, 238, 90, 13, 28, 223, 4, 147, 119, 138]"
115063,"[2, 27, 1, 23, 5, 49, 10, 84, 279, 71]"
115064,"[66, 72, 13, 238, 90, 157, 28, 119, 223, 82]"
115065,"[64, 138, 49, 238, 30, 72, 26, 25, 151, 9]"
115066,"[15, 72, 73, 26, 82, 138, 64, 12, 238, 66]"
115067,"[142, 23, 27, 13, 1, 90, 238, 28, 34, 119]"
115068,"[77, 261, 138, 14, 27, 147, 97, 73, 238, 279]"
115069,"[54, 6, 12, 45, 279, 25, 76, 41, 133, 220]"
115070,"[261, 21, 13, 187, 90, 238, 28, 147, 119, 223]"
115071,"[29, 60, 13, 90, 238, 28, 119, 23, 223, 43]"
115072,"[18, 72, 82, 15, 238, 54, 71, 157, 149, 90]"
115073,"[2, 54, 30, 1, 23, 34, 49, 84, 130, 72]"
115074,"[147, 14, 238, 23, 90, 28, 60, 13, 138, 146]"
115075,"[42, 4, 130, 17, 54, 13, 90, 29, 28, 238]"
115076,"[73, 97, 30, 0, 12, 49, 24, 18, 138, 142]"
115077,"[189, 23, 21, 1, 238, 90, 13, 28, 19, 66]"
115078,"[77, 138, 238, 146, 64, 90, 92, 72, 105, 28]"
115079,"[13, 90, 238, 28, 119, 223, 27, 48, 103, 146]"
115080,"[15, 72, 138, 0, 1, 238, 23, 18, 151, 146]"
115081,"[17, 72, 82, 15, 19, 54, 91, 3, 66, 122]"
115082,"[24, 28, 30, 54, 13, 90, 238, 119, 223, 7]"
115083,"[157, 238, 13, 90, 28, 223, 119, 146, 48, 103]"
115084,"[38, 60, 238, 147, 90, 23, 28, 13, 138, 223]"
115085,"[175, 238, 90, 13, 28, 223, 119, 146, 138, 48]"
115086,"[1, 23, 72, 15, 27, 82, 138, 77, 238, 189]"
115087,"[12, 25, 41, 45, 58, 187, 220, 26, 76, 10]"
115088,"[4, 147, 238, 90, 13, 28, 223, 119, 138, 146]"
115089,"[122, 238, 90, 13, 28, 26, 223, 119, 146, 58]"
115090,"[43, 13, 90, 238, 28, 119, 223, 187, 279, 220]"
115091,"[138, 72, 26, 18, 77, 147, 82, 238, 64, 151]"
115092,"[48, 13, 90, 238, 28, 119, 223, 187, 220, 6]"
115093,"[30, 72, 138, 26, 6, 238, 0, 82, 151, 97]"
115094,"[189, 157, 223, 21, 238, 13, 90, 279, 28, 119]"
115095,"[21, 187, 157, 223, 189, 238, 90, 13, 28, 175]"
115096,"[105, 27, 147, 138, 238, 151, 90, 146, 28, 97]"
115097,"[19, 72, 18, 82, 17, 27, 32, 238, 15, 149]"
115098,"[36, 238, 90, 13, 28, 223, 147, 119, 138, 146]"
115099,"[9, 27, 279, 54, 103, 13, 28, 90, 119, 51]"
115100,"[48, 13, 90, 238, 28, 119, 223, 103, 146, 34]"
115101,"[146, 21, 23, 138, 238, 14, 279, 189, 1, 90]"
115102,"[49, 30, 23, 1, 24, 138, 73, 238, 130, 72]"
115103,"[146, 238, 13, 90, 28, 119, 223, 76, 48, 103]"
115104,"[122, 238, 13, 90, 28, 119, 189, 223, 34, 279]"
115105,"[0, 26, 138, 49, 238, 72, 147, 92, 146, 220]"
115106,"[73, 49, 220, 187, 0, 147, 25, 97, 121, 5]"
115107,"[72, 82, 73, 15, 18, 138, 26, 58, 12, 238]"
115108,"[112, 13, 90, 238, 28, 119, 223, 58, 48, 121]"
115109,"[43, 13, 60, 220, 187, 90, 238, 28, 119, 223]"
115110,"[51, 9, 2, 71, 27, 91, 84, 18, 279, 32]"
115111,"[82, 72, 138, 77, 238, 1, 23, 0, 73, 146]"
115112,"[64, 72, 82, 15, 138, 92, 238, 54, 19, 55]"
115113,"[82, 72, 15, 138, 12, 73, 64, 238, 92, 19]"
115114,"[45, 261, 147, 13, 90, 238, 28, 187, 220, 119]"
115115,"[41, 220, 187, 12, 6, 261, 73, 72, 82, 25]"
115116,"[25, 27, 9, 279, 20, 51, 261, 97, 76, 45]"
115117,"[41, 187, 220, 34, 12, 2, 279, 20, 5, 32]"
115118,"[29, 157, 189, 21, 9, 279, 13, 17, 73, 90]"
115119,"[175, 238, 189, 13, 90, 28, 223, 119, 48, 77]"
115120,"[44, 72, 13, 82, 90, 238, 28, 6, 18, 119]"
115121,"[72, 82, 1, 15, 23, 138, 189, 77, 238, 64]"
115122,"[13, 189, 90, 238, 28, 119, 223, 21, 157, 48]"
115123,"[142, 238, 90, 13, 28, 223, 18, 119, 157, 146]"
115124,"[12, 13, 90, 238, 28, 119, 223, 48, 187, 220]"
115125,"[66, 157, 149, 72, 238, 19, 122, 15, 55, 90]"
115126,"[32, 26, 12, 13, 90, 220, 187, 238, 28, 72]"
115127,"[6, 27, 41, 279, 2, 49, 48, 97, 58, 0]"
115128,"[151, 189, 27, 138, 238, 97, 77, 105, 0, 21]"
115129,"[84, 220, 187, 13, 90, 28, 238, 54, 23, 119]"
115130,"[17, 73, 32, 18, 13, 279, 90, 28, 238, 72]"
115131,"[25, 27, 157, 279, 261, 20, 51, 9, 2, 97]"
115132,"[54, 73, 6, 25, 279, 238, 90, 13, 28, 261]"
115133,"[1, 23, 138, 72, 238, 97, 146, 64, 92, 105]"
115134,"[12, 6, 13, 90, 238, 28, 119, 223, 48, 26]"
115135,"[72, 82, 15, 18, 138, 105, 27, 238, 64, 77]"
115136,"[45, 13, 90, 238, 28, 119, 279, 223, 20, 103]"
115137,"[103, 13, 90, 238, 28, 220, 187, 119, 223, 73]"
115138,"[91, 73, 26, 72, 82, 12, 151, 6, 3, 38]"
115139,"[32, 13, 90, 238, 28, 119, 223, 48, 58, 6]"
115140,"[220, 187, 54, 13, 23, 90, 238, 28, 119, 1]"
115141,"[44, 13, 90, 238, 28, 119, 223, 187, 220, 112]"
115142,"[32, 13, 90, 238, 28, 119, 223, 48, 103, 279]"
115143,"[71, 27, 82, 72, 77, 279, 5, 51, 54, 2]"
115144,"[19, 238, 90, 60, 28, 13, 138, 223, 119, 146]"
115145,"[55, 238, 90, 13, 28, 223, 119, 146, 138, 60]"
115146,"[238, 90, 13, 28, 223, 15, 119, 21, 189, 146]"
115147,"[189, 147, 157, 238, 14, 138, 90, 21, 28, 223]"
115148,"[142, 220, 187, 60, 23, 4, 238, 7, 90, 28]"
115149,"[45, 157, 13, 90, 238, 28, 119, 223, 103, 261]"
115150,"[105, 72, 82, 157, 1, 138, 15, 23, 2, 238]"
115151,"[151, 138, 238, 49, 26, 92, 72, 146, 58, 64]"
115152,"[124, 73, 49, 5, 6, 25, 91, 41, 72, 82]"
115153,"[12, 220, 187, 13, 147, 90, 238, 28, 119, 223]"
115154,"[27, 279, 72, 82, 157, 6, 45, 77, 124, 9]"
115155,"[157, 261, 14, 223, 238, 220, 189, 147, 138, 90]"
115156,"[36, 21, 157, 13, 223, 90, 238, 28, 72, 82]"
115157,"[157, 238, 261, 223, 90, 13, 28, 147, 119, 138]"
115158,"[44, 13, 90, 238, 28, 119, 223, 48, 103, 261]"
115159,"[7, 147, 138, 238, 26, 133, 72, 38, 146, 64]"
115160,"[0, 147, 25, 138, 238, 151, 261, 49, 97, 72]"
115161,"[49, 220, 187, 60, 138, 23, 24, 238, 72, 146]"
115162,"[9, 6, 279, 27, 30, 2, 42, 38, 124, 13]"
115163,"[82, 72, 15, 138, 26, 238, 18, 12, 64, 1]"
115164,"[84, 13, 90, 238, 28, 119, 223, 32, 44, 27]"
115165,"[97, 157, 41, 147, 261, 14, 73, 151, 138, 0]"
115166,"[43, 13, 90, 238, 28, 119, 34, 223, 84, 48]"
115167,"[124, 73, 27, 9, 2, 189, 29, 279, 25, 77]"
115168,"[41, 27, 9, 279, 261, 20, 77, 0, 51, 36]"
115169,"[124, 12, 149, 220, 187, 121, 13, 28, 90, 238]"
115170,"[220, 187, 13, 6, 58, 90, 238, 28, 119, 73]"
115171,"[26, 72, 82, 18, 15, 238, 138, 90, 64, 28]"
115172,"[1, 23, 72, 138, 82, 15, 49, 30, 77, 189]"
115173,"[7, 220, 187, 54, 13, 238, 90, 28, 4, 119]"
115174,"[32, 13, 90, 238, 28, 261, 119, 223, 45, 279]"
115175,"[41, 27, 261, 45, 25, 14, 124, 279, 97, 76]"
115176,"[36, 26, 238, 90, 13, 28, 223, 147, 60, 119]"
115177,"[97, 73, 157, 147, 105, 151, 41, 91, 30, 14]"
115178,"[38, 238, 13, 90, 28, 18, 58, 119, 223, 149]"
115179,"[91, 27, 130, 13, 238, 90, 28, 119, 223, 105]"
115180,"[261, 13, 90, 238, 28, 119, 58, 223, 73, 103]"
115181,"[2, 27, 6, 18, 72, 279, 82, 41, 13, 90]"
115182,"[66, 238, 13, 90, 28, 119, 223, 149, 146, 58]"
115183,"[151, 238, 138, 49, 90, 0, 92, 26, 105, 72]"
115184,"[12, 13, 90, 238, 28, 119, 58, 223, 6, 26]"
115185,"[138, 49, 1, 23, 30, 73, 189, 238, 130, 24]"
115186,"[1, 23, 54, 72, 138, 238, 49, 30, 130, 146]"
115187,"[12, 13, 90, 238, 28, 119, 223, 48, 103, 44]"
115188,"[122, 12, 238, 15, 90, 28, 13, 149, 223, 138]"
115189,"[147, 238, 223, 23, 90, 26, 13, 28, 138, 0]"
115190,"[1, 23, 49, 72, 73, 138, 30, 26, 238, 142]"
115191,"[3, 27, 1, 72, 82, 23, 21, 29, 279, 2]"
115192,"[9, 279, 27, 51, 151, 97, 6, 103, 147, 42]"
115193,"[12, 13, 90, 238, 28, 119, 223, 48, 20, 103]"
115194,"[58, 187, 220, 261, 13, 90, 238, 28, 119, 223]"
115195,"[7, 238, 90, 28, 32, 13, 138, 223, 119, 146]"
115196,"[6, 73, 58, 26, 71, 261, 12, 18, 91, 72]"
115197,"[157, 238, 13, 223, 90, 28, 119, 18, 220, 146]"
115198,"[105, 189, 21, 36, 15, 97, 77, 175, 49, 157]"
115199,"[66, 238, 13, 90, 28, 223, 119, 149, 32, 146]"
115200,"[27, 51, 279, 9, 189, 157, 29, 18, 2, 97]"
115201,"[82, 72, 138, 238, 26, 92, 146, 64, 38, 105]"
115202,"[147, 23, 58, 24, 12, 38, 73, 138, 142, 97]"
115203,"[19, 238, 138, 90, 6, 28, 146, 60, 13, 133]"
115204,"[103, 13, 90, 238, 28, 45, 119, 223, 76, 48]"
115205,"[189, 238, 13, 90, 28, 119, 223, 142, 146, 48]"
115206,"[32, 13, 90, 238, 28, 119, 223, 34, 103, 48]"
115207,"[12, 13, 90, 238, 28, 119, 223, 48, 103, 146]"
115208,"[43, 13, 90, 220, 187, 238, 28, 119, 223, 121]"
115209,"[14, 21, 23, 238, 138, 187, 90, 28, 13, 223]"
115210,"[29, 73, 13, 90, 238, 28, 119, 223, 279, 48]"
115211,"[14, 23, 189, 1, 238, 90, 13, 28, 119, 223]"
115212,"[45, 13, 90, 238, 28, 119, 223, 48, 76, 58]"
115213,"[91, 29, 238, 130, 90, 13, 28, 223, 119, 3]"
115214,"[147, 157, 223, 238, 261, 13, 90, 28, 36, 119]"
115215,"[4, 23, 1, 60, 13, 90, 238, 28, 2, 119]"
115216,"[48, 261, 45, 13, 90, 238, 28, 119, 279, 223]"
115217,"[44, 13, 90, 238, 28, 119, 223, 149, 71, 54]"
115218,"[133, 147, 60, 23, 261, 38, 26, 24, 12, 58]"
115219,"[157, 223, 238, 90, 13, 28, 77, 21, 220, 119]"
115220,"[220, 187, 13, 147, 90, 12, 238, 28, 119, 223]"
115221,"[124, 9, 73, 71, 5, 72, 2, 77, 64, 82]"
115222,"[18, 72, 138, 71, 238, 157, 149, 82, 64, 54]"
115223,"[261, 73, 91, 14, 42, 12, 23, 279, 175, 147]"
115224,"[27, 279, 13, 90, 238, 28, 119, 23, 223, 48]"
115225,"[112, 27, 13, 157, 90, 238, 28, 119, 223, 279]"
115226,"[119, 13, 261, 21, 90, 189, 238, 28, 20, 223]"
115227,"[223, 238, 60, 90, 13, 28, 142, 23, 119, 55]"
115228,"[13, 90, 238, 28, 119, 223, 54, 44, 103, 84]"
115229,"[238, 90, 28, 13, 138, 223, 147, 146, 119, 55]"
115230,"[4, 147, 238, 90, 13, 28, 26, 223, 138, 119]"
115231,"[149, 21, 157, 238, 189, 90, 28, 13, 223, 19]"
115232,"[1, 23, 72, 138, 60, 54, 238, 142, 220, 187]"
115233,"[92, 73, 26, 58, 12, 72, 138, 15, 0, 91]"
115234,"[5, 82, 72, 27, 15, 36, 51, 71, 279, 124]"
115235,"[25, 27, 279, 13, 9, 90, 119, 28, 238, 223]"
115236,"[119, 13, 90, 238, 28, 223, 32, 48, 103, 60]"
115237,"[34, 187, 220, 13, 90, 238, 28, 119, 223, 54]"
115238,"[24, 23, 1, 60, 54, 2, 238, 90, 13, 28]"
115239,"[4, 13, 90, 238, 28, 24, 119, 34, 223, 23]"
115240,"[112, 13, 90, 238, 28, 119, 223, 187, 220, 48]"
115241,"[54, 2, 1, 23, 13, 90, 238, 28, 119, 223]"
115242,"[9, 279, 54, 71, 2, 103, 84, 32, 34, 1]"
115243,"[34, 13, 238, 90, 261, 28, 119, 73, 223, 279]"
115244,"[21, 187, 238, 90, 223, 13, 28, 119, 72, 146]"
115245,"[261, 13, 90, 238, 28, 119, 223, 103, 54, 48]"
115246,"[82, 72, 18, 15, 138, 71, 238, 157, 64, 105]"
115247,"[21, 187, 238, 223, 90, 138, 28, 13, 146, 55]"
115248,"[58, 12, 13, 90, 238, 28, 119, 223, 20, 279]"
115249,"[15, 72, 138, 73, 82, 238, 66, 19, 122, 64]"
115250,"[18, 72, 73, 26, 138, 12, 91, 82, 238, 64]"
115251,"[41, 27, 9, 279, 13, 54, 238, 90, 28, 20]"
115252,"[12, 13, 90, 261, 238, 28, 119, 223, 6, 48]"
115253,"[122, 238, 13, 90, 28, 119, 223, 71, 146, 149]"
115254,"[157, 238, 223, 138, 90, 28, 220, 13, 149, 146]"
115255,"[4, 54, 13, 90, 36, 238, 28, 119, 223, 220]"
115256,"[0, 138, 18, 238, 92, 64, 72, 97, 146, 105]"
115257,"[261, 13, 90, 238, 28, 279, 119, 32, 223, 48]"
115258,"[45, 13, 90, 238, 9, 28, 119, 223, 261, 103]"
115259,"[34, 13, 90, 187, 220, 238, 28, 119, 54, 223]"
115260,"[51, 82, 72, 9, 15, 5, 71, 54, 3, 279]"
115261,"[279, 13, 90, 238, 28, 119, 261, 112, 45, 23]"
115262,"[279, 21, 20, 23, 157, 9, 189, 13, 1, 27]"
115263,"[112, 261, 13, 90, 238, 28, 119, 223, 48, 279]"
115264,"[12, 13, 26, 90, 238, 28, 6, 119, 223, 261]"
115265,"[157, 238, 25, 223, 13, 90, 28, 119, 220, 147]"
115266,"[157, 223, 238, 220, 90, 13, 28, 4, 55, 77]"
115267,"[27, 13, 90, 238, 28, 119, 223, 279, 48, 157]"
115268,"[157, 238, 9, 28, 90, 18, 13, 21, 279, 223]"
115269,"[15, 72, 82, 18, 238, 6, 138, 71, 105, 149]"
115270,"[60, 23, 4, 238, 220, 187, 151, 90, 13, 28]"
115271,"[220, 187, 23, 1, 13, 60, 90, 238, 28, 261]"
115272,"[25, 12, 26, 261, 30, 73, 220, 187, 58, 49]"
115273,"[60, 23, 238, 90, 13, 28, 151, 223, 138, 119]"
115274,"[261, 13, 90, 238, 28, 21, 119, 27, 223, 9]"
115275,"[124, 82, 72, 5, 34, 71, 12, 51, 112, 54]"
115276,"[84, 279, 20, 23, 261, 13, 32, 21, 90, 238]"
115277,"[97, 73, 0, 12, 138, 23, 1, 142, 24, 238]"
115278,"[238, 90, 13, 28, 223, 119, 146, 138, 48, 103]"
115279,"[97, 147, 18, 0, 151, 138, 238, 6, 27, 90]"
115280,"[26, 72, 138, 1, 238, 23, 105, 77, 146, 64]"
115281,"[279, 27, 23, 45, 13, 90, 103, 238, 28, 119]"
115282,"[84, 23, 1, 187, 220, 13, 90, 238, 28, 2]"
115283,"[84, 13, 90, 238, 28, 119, 223, 34, 187, 220]"
115284,"[105, 49, 72, 138, 82, 238, 147, 92, 0, 146]"
115285,"[9, 279, 2, 58, 43, 238, 42, 54, 28, 90]"
115286,"[105, 27, 157, 73, 151, 138, 97, 9, 238, 279]"
115287,"[238, 90, 13, 28, 223, 119, 138, 146, 48, 142]"
115288,"[19, 60, 23, 147, 279, 138, 238, 261, 14, 142]"
115289,"[151, 72, 1, 138, 23, 82, 238, 0, 64, 146]"
115290,"[38, 26, 261, 58, 147, 23, 60, 238, 72, 12]"
115291,"[72, 82, 138, 15, 77, 26, 64, 238, 189, 1]"
115292,"[14, 23, 238, 13, 90, 28, 58, 119, 223, 26]"
115293,"[122, 238, 90, 13, 28, 223, 119, 146, 138, 48]"
115294,"[73, 18, 91, 26, 17, 15, 72, 64, 3, 105]"
115295,"[42, 175, 1, 84, 43, 23, 54, 2, 29, 238]"
115296,"[2, 54, 49, 34, 130, 5, 13, 90, 28, 238]"
115297,"[73, 6, 3, 26, 15, 91, 30, 18, 58, 72]"
115298,"[121, 1, 23, 13, 187, 220, 90, 54, 28, 238]"
115299,"[32, 13, 220, 187, 90, 238, 28, 119, 223, 48]"
115300,"[142, 238, 13, 90, 28, 223, 119, 71, 146, 23]"
115301,"[41, 27, 157, 20, 261, 279, 51, 45, 220, 76]"
115302,"[1, 23, 72, 54, 82, 15, 138, 105, 27, 189]"
115303,"[20, 13, 90, 238, 28, 119, 223, 48, 103, 76]"
115304,"[2, 27, 6, 279, 41, 72, 13, 90, 51, 28]"
115305,"[76, 73, 187, 220, 13, 90, 238, 28, 119, 58]"
115306,"[27, 13, 90, 238, 28, 119, 223, 48, 147, 112]"
115307,"[238, 90, 223, 13, 28, 157, 138, 119, 146, 149]"
115308,"[1, 23, 7, 2, 60, 34, 24, 238, 175, 4]"
115309,"[44, 13, 90, 238, 28, 119, 223, 149, 32, 71]"
115310,"[4, 13, 90, 238, 28, 119, 223, 48, 149, 103]"
115311,"[149, 72, 238, 18, 13, 90, 82, 15, 28, 223]"
115312,"[30, 147, 6, 138, 238, 97, 0, 26, 151, 72]"
115313,"[64, 15, 72, 138, 73, 149, 238, 71, 82, 19]"
115314,"[103, 13, 90, 28, 238, 119, 223, 44, 32, 84]"
115315,"[27, 279, 142, 6, 2, 25, 41, 1, 51, 13]"
115316,"[175, 27, 157, 13, 238, 90, 28, 119, 21, 279]"
115317,"[60, 23, 238, 90, 13, 28, 4, 223, 119, 1]"
115318,"[13, 28, 238, 90, 119, 223, 187, 220, 146, 48]"
115319,"[26, 72, 58, 18, 138, 15, 73, 6, 64, 238]"
115320,"[97, 138, 1, 238, 23, 72, 146, 64, 55, 92]"
115321,"[6, 41, 71, 49, 13, 25, 90, 238, 28, 119]"
115322,"[30, 49, 73, 24, 23, 138, 1, 130, 238, 151]"
115323,"[238, 90, 28, 13, 138, 223, 60, 119, 146, 55]"
115324,"[15, 18, 72, 26, 138, 58, 64, 9, 238, 149]"
115325,"[238, 223, 13, 90, 28, 119, 149, 157, 146, 138]"
115326,"[84, 220, 187, 13, 90, 238, 28, 119, 223, 43]"
115327,"[84, 13, 90, 238, 28, 119, 223, 20, 32, 121]"
115328,"[122, 58, 238, 13, 90, 28, 26, 223, 119, 146]"
115329,"[7, 1, 23, 34, 4, 54, 24, 13, 72, 142]"
115330,"[124, 149, 15, 71, 5, 54, 3, 64, 72, 2]"
115331,"[149, 238, 90, 261, 13, 28, 60, 138, 223, 119]"
115332,"[71, 72, 18, 82, 6, 54, 27, 15, 13, 279]"
115333,"[77, 261, 151, 138, 97, 26, 157, 147, 238, 72]"
115334,"[12, 261, 220, 187, 26, 133, 6, 13, 38, 279]"
115335,"[130, 220, 187, 73, 49, 26, 60, 30, 97, 12]"
115336,"[279, 27, 13, 54, 90, 238, 28, 119, 23, 223]"
115337,"[124, 73, 6, 2, 91, 25, 71, 84, 130, 13]"
115338,"[15, 72, 138, 0, 238, 18, 1, 23, 146, 64]"
115339,"[5, 54, 1, 23, 220, 187, 49, 34, 130, 30]"
115340,"[66, 21, 238, 90, 13, 28, 223, 122, 119, 146]"
115341,"[13, 90, 238, 28, 119, 223, 157, 27, 54, 103]"
115342,"[92, 138, 238, 77, 54, 0, 105, 146, 90, 64]"
115343,"[43, 13, 90, 238, 28, 119, 223, 48, 103, 146]"
115344,"[60, 23, 13, 90, 238, 12, 28, 119, 151, 223]"
115345,"[27, 279, 72, 82, 21, 142, 2, 44, 1, 32]"
115346,"[121, 13, 90, 238, 28, 45, 119, 58, 223, 76]"
115347,"[220, 187, 20, 13, 279, 90, 238, 28, 32, 119]"
115348,"[60, 238, 90, 28, 13, 23, 138, 223, 119, 142]"
115349,"[97, 147, 0, 151, 138, 49, 238, 92, 45, 21]"
115350,"[122, 238, 147, 138, 90, 28, 13, 223, 146, 220]"
115351,"[112, 13, 90, 238, 28, 119, 223, 48, 32, 103]"
115352,"[92, 138, 77, 238, 49, 26, 64, 72, 105, 146]"
115353,"[48, 12, 13, 220, 187, 90, 238, 28, 119, 223]"
115354,"[220, 187, 13, 90, 238, 28, 45, 119, 223, 12]"
115355,"[84, 13, 90, 238, 28, 119, 223, 103, 44, 48]"
115356,"[20, 13, 187, 220, 90, 238, 28, 119, 223, 103]"
115357,"[44, 13, 90, 238, 28, 119, 223, 48, 103, 146]"
115358,"[7, 238, 13, 90, 54, 28, 23, 223, 119, 220]"
115359,"[151, 138, 238, 49, 26, 72, 6, 105, 0, 90]"
115360,"[45, 13, 90, 261, 238, 28, 119, 223, 147, 48]"
115361,"[220, 187, 13, 90, 54, 238, 28, 119, 223, 84]"
115362,"[24, 23, 14, 261, 73, 238, 138, 90, 38, 28]"
115363,"[26, 72, 18, 138, 64, 238, 15, 146, 122, 92]"
115364,"[14, 21, 23, 238, 13, 90, 58, 28, 119, 223]"
115365,"[0, 138, 238, 72, 97, 91, 15, 23, 1, 92]"
115366,"[48, 13, 90, 238, 28, 119, 223, 103, 44, 146]"
115367,"[151, 72, 138, 18, 238, 82, 27, 146, 1, 49]"
115368,"[21, 187, 157, 189, 9, 223, 238, 138, 29, 279]"
115369,"[103, 13, 90, 238, 28, 119, 27, 223, 147, 112]"
115370,"[45, 27, 13, 90, 238, 28, 119, 223, 279, 103]"
115371,"[5, 220, 187, 54, 1, 23, 34, 30, 49, 2]"
115372,"[17, 29, 157, 13, 238, 90, 28, 223, 119, 3]"
115373,"[15, 72, 138, 1, 23, 238, 97, 0, 146, 64]"
115374,"[105, 147, 138, 151, 97, 238, 25, 0, 92, 146]"
115375,"[147, 157, 54, 238, 23, 223, 90, 77, 138, 28]"
115376,"[51, 261, 73, 9, 279, 25, 23, 151, 0, 147]"
115377,"[24, 23, 142, 73, 238, 13, 38, 90, 119, 28]"
115378,"[44, 58, 13, 90, 238, 28, 119, 223, 12, 48]"
115379,"[36, 147, 157, 238, 13, 54, 90, 223, 28, 77]"
115380,"[25, 27, 261, 147, 97, 6, 279, 0, 151, 48]"
115381,"[9, 27, 279, 157, 51, 73, 82, 72, 29, 21]"
115382,"[48, 13, 90, 238, 28, 119, 223, 6, 43, 103]"
115383,"[105, 72, 82, 138, 21, 238, 27, 1, 15, 23]"
115384,"[261, 13, 157, 90, 27, 238, 28, 279, 119, 223]"
115385,"[19, 21, 189, 238, 138, 1, 23, 29, 90, 28]"
115386,"[23, 1, 238, 220, 28, 187, 13, 90, 54, 223]"
115387,"[45, 13, 90, 238, 28, 119, 223, 34, 48, 58]"
115388,"[15, 72, 0, 138, 238, 97, 146, 64, 92, 105]"
115389,"[119, 13, 90, 238, 28, 223, 34, 84, 48, 19]"
115390,"[142, 73, 220, 187, 23, 24, 60, 38, 12, 49]"
115391,"[175, 147, 157, 238, 21, 90, 138, 28, 223, 13]"
115392,"[19, 189, 238, 13, 90, 28, 119, 223, 34, 146]"
115393,"[175, 189, 238, 90, 13, 28, 223, 119, 147, 77]"
115394,"[21, 187, 238, 279, 90, 13, 23, 223, 28, 189]"
115395,"[147, 238, 138, 90, 223, 28, 23, 13, 7, 146]"
115396,"[73, 58, 26, 12, 49, 38, 72, 91, 15, 30]"
115397,"[76, 58, 13, 90, 238, 28, 119, 223, 261, 48]"
115398,"[279, 13, 32, 90, 238, 28, 23, 20, 119, 223]"
115399,"[238, 90, 13, 28, 119, 223, 146, 48, 103, 17]"
115400,"[27, 279, 73, 25, 142, 71, 2, 91, 1, 5]"
115401,"[142, 147, 12, 73, 238, 23, 13, 90, 28, 223]"
115402,"[1, 23, 26, 72, 49, 138, 30, 238, 97, 60]"
115403,"[26, 72, 6, 18, 147, 138, 58, 238, 82, 49]"
115404,"[1, 23, 54, 138, 49, 2, 238, 72, 30, 146]"
115405,"[76, 13, 90, 238, 28, 119, 223, 32, 48, 103]"
115406,"[82, 72, 15, 73, 6, 138, 238, 91, 92, 38]"
115407,"[27, 279, 21, 82, 72, 54, 51, 9, 77, 189]"
115408,"[122, 238, 13, 90, 28, 119, 223, 146, 48, 103]"
115409,"[76, 13, 90, 27, 238, 28, 119, 223, 48, 103]"
115410,"[1, 23, 138, 49, 73, 97, 238, 142, 0, 72]"
115411,"[21, 157, 189, 77, 90, 13, 175, 223, 238, 28]"
115412,"[38, 238, 13, 90, 28, 133, 223, 119, 149, 45]"
115413,"[55, 238, 6, 138, 90, 28, 13, 133, 146, 60]"
115414,"[220, 187, 13, 90, 238, 28, 119, 261, 223, 32]"
115415,"[14, 23, 238, 73, 142, 13, 90, 28, 24, 223]"
115416,"[0, 72, 82, 138, 238, 97, 92, 146, 64, 90]"
115417,"[146, 238, 279, 138, 21, 23, 157, 90, 28, 60]"
115418,"[119, 13, 90, 238, 28, 223, 73, 48, 103, 146]"
115419,"[30, 73, 49, 24, 142, 138, 97, 151, 91, 23]"
115420,"[71, 73, 72, 6, 15, 82, 54, 9, 157, 122]"
115421,"[19, 238, 13, 18, 90, 28, 119, 223, 149, 146]"
115422,"[60, 147, 146, 261, 23, 38, 14, 279, 26, 32]"
115423,"[27, 26, 41, 6, 25, 58, 151, 72, 279, 97]"
115424,"[38, 238, 58, 13, 90, 28, 119, 223, 32, 18]"
115425,"[147, 23, 73, 21, 97, 14, 223, 0, 91, 45]"
115426,"[189, 13, 90, 238, 28, 119, 223, 45, 175, 48]"
115427,"[0, 147, 138, 238, 97, 151, 26, 72, 146, 45]"
115428,"[30, 138, 49, 238, 4, 23, 1, 146, 64, 72]"
115429,"[1, 23, 72, 15, 82, 77, 138, 5, 49, 105]"
115430,"[43, 220, 187, 13, 90, 238, 28, 119, 54, 223]"
115431,"[71, 6, 9, 30, 13, 90, 28, 238, 124, 119]"
115432,"[27, 279, 21, 9, 82, 72, 77, 105, 142, 54]"
115433,"[122, 18, 238, 58, 13, 90, 28, 119, 223, 149]"
115434,"[146, 238, 90, 13, 28, 223, 119, 138, 48, 55]"
115435,"[97, 147, 157, 138, 238, 25, 105, 151, 261, 41]"
115436,"[7, 220, 187, 142, 44, 4, 24, 13, 23, 90]"
115437,"[97, 18, 138, 238, 72, 64, 0, 146, 92, 151]"
115438,"[71, 82, 72, 58, 6, 12, 279, 15, 261, 187]"
115439,"[77, 27, 189, 15, 72, 105, 138, 73, 279, 82]"
115440,"[97, 27, 0, 77, 238, 138, 189, 72, 105, 82]"
115441,"[7, 238, 90, 13, 28, 223, 119, 138, 133, 146]"
115442,"[25, 27, 279, 54, 2, 13, 82, 51, 72, 90]"
115443,"[133, 73, 38, 238, 12, 58, 26, 90, 13, 28]"
115444,"[19, 238, 90, 13, 28, 119, 223, 157, 146, 138]"
115445,"[25, 261, 157, 20, 279, 6, 23, 1, 29, 32]"
115446,"[27, 279, 149, 2, 1, 34, 23, 142, 32, 124]"
115447,"[15, 72, 138, 157, 238, 77, 82, 105, 1, 23]"
115448,"[0, 73, 97, 157, 27, 151, 147, 49, 138, 72]"
115449,"[36, 238, 223, 90, 28, 13, 142, 138, 146, 23]"
115450,"[238, 90, 13, 28, 142, 223, 138, 119, 146, 73]"
115451,"[21, 189, 77, 90, 112, 13, 223, 238, 28, 119]"
115452,"[2, 54, 1, 23, 72, 82, 5, 34, 49, 84]"
115453,"[5, 1, 2, 23, 54, 34, 49, 30, 24, 7]"
115454,"[147, 238, 90, 13, 28, 223, 119, 261, 146, 138]"
115455,"[34, 13, 90, 238, 28, 119, 223, 103, 73, 32]"
115456,"[149, 157, 21, 238, 189, 90, 19, 28, 13, 223]"
115457,"[60, 23, 4, 238, 279, 1, 157, 138, 142, 90]"
115458,"[29, 73, 261, 13, 90, 238, 28, 119, 48, 17]"
115459,"[147, 157, 238, 90, 13, 223, 28, 48, 119, 138]"
115460,"[97, 138, 49, 30, 147, 58, 238, 92, 151, 72]"
115461,"[146, 238, 90, 13, 28, 60, 223, 138, 119, 23]"
115462,"[149, 21, 23, 1, 238, 157, 90, 13, 28, 279]"
115463,"[26, 72, 18, 138, 238, 64, 146, 92, 15, 105]"
115464,"[18, 72, 82, 138, 73, 189, 238, 97, 49, 146]"
115465,"[29, 21, 147, 157, 13, 36, 189, 119, 90, 73]"
115466,"[6, 58, 71, 18, 72, 73, 26, 13, 90, 28]"
115467,"[60, 157, 23, 238, 90, 13, 28, 223, 151, 138]"
115468,"[147, 238, 90, 28, 223, 13, 138, 23, 55, 119]"
115469,"[29, 73, 13, 261, 90, 238, 28, 279, 119, 223]"
115470,"[21, 187, 238, 90, 223, 28, 13, 26, 138, 146]"
115471,"[82, 72, 138, 18, 64, 15, 26, 238, 71, 92]"
115472,"[51, 220, 187, 121, 13, 238, 90, 28, 12, 119]"
115473,"[41, 9, 124, 73, 29, 25, 2, 279, 238, 138]"
115474,"[29, 36, 19, 3, 138, 17, 238, 122, 21, 146]"
115475,"[3, 72, 82, 54, 12, 15, 71, 73, 6, 18]"
115476,"[105, 72, 82, 27, 189, 77, 21, 15, 138, 238]"
115477,"[130, 73, 91, 279, 138, 261, 20, 32, 238, 23]"
115478,"[103, 27, 54, 13, 90, 238, 28, 119, 223, 21]"
115479,"[73, 58, 146, 12, 13, 90, 238, 28, 119, 223]"
115480,"[147, 238, 90, 223, 138, 28, 13, 23, 7, 146]"
115481,"[147, 238, 157, 90, 13, 28, 223, 119, 138, 146]"
115482,"[21, 187, 238, 223, 60, 138, 90, 142, 28, 13]"
115483,"[0, 261, 147, 138, 26, 151, 97, 14, 238, 72]"
115484,"[82, 72, 138, 238, 6, 92, 90, 146, 15, 28]"
115485,"[64, 49, 138, 0, 238, 72, 77, 92, 146, 147]"
115486,"[77, 27, 73, 189, 151, 138, 97, 261, 279, 105]"
115487,"[49, 138, 26, 238, 72, 92, 30, 6, 97, 151]"
115488,"[64, 72, 18, 1, 26, 23, 82, 15, 138, 66]"
115489,"[119, 13, 90, 238, 28, 223, 147, 76, 103, 45]"
115490,"[147, 238, 138, 23, 90, 223, 28, 146, 13, 55]"
115491,"[34, 220, 187, 54, 23, 13, 1, 90, 28, 238]"
115492,"[220, 187, 13, 90, 261, 238, 28, 119, 58, 223]"
115493,"[30, 138, 1, 238, 23, 4, 146, 64, 72, 92]"
115494,"[7, 23, 1, 34, 238, 13, 90, 24, 28, 142]"
115495,"[279, 13, 90, 238, 28, 119, 223, 23, 32, 48]"
115496,"[9, 27, 279, 72, 82, 15, 124, 71, 44, 34]"
115497,"[26, 72, 138, 1, 23, 238, 34, 146, 64, 92]"
115498,"[45, 13, 90, 238, 28, 119, 223, 48, 34, 58]"
115499,"[25, 6, 73, 49, 91, 261, 58, 26, 30, 12]"
115500,"[122, 26, 238, 58, 18, 90, 28, 13, 72, 138]"
115501,"[189, 21, 223, 238, 157, 77, 73, 90, 13, 28]"
115502,"[82, 72, 138, 238, 105, 77, 146, 64, 90, 92]"
115503,"[105, 157, 21, 36, 138, 147, 238, 97, 151, 77]"
115504,"[220, 187, 13, 90, 28, 238, 32, 119, 261, 223]"
115505,"[72, 82, 138, 1, 23, 15, 27, 189, 238, 0]"
115506,"[18, 72, 0, 138, 1, 97, 238, 23, 151, 146]"
115507,"[122, 15, 13, 238, 90, 28, 223, 119, 17, 44]"
115508,"[220, 187, 13, 90, 238, 28, 54, 119, 223, 34]"
115509,"[82, 72, 77, 138, 238, 27, 90, 0, 28, 146]"
115510,"[41, 27, 279, 124, 54, 9, 1, 23, 77, 261]"
115511,"[220, 187, 13, 90, 238, 28, 119, 223, 103, 12]"
115512,"[175, 157, 189, 21, 77, 238, 72, 223, 82, 20]"
115513,"[7, 44, 4, 54, 77, 21, 23, 1, 72, 82]"
115514,"[2, 72, 82, 9, 71, 15, 51, 5, 64, 3]"
115515,"[175, 157, 13, 238, 90, 28, 223, 45, 119, 279]"
115516,"[72, 82, 1, 23, 15, 138, 77, 2, 21, 238]"
115517,"[121, 13, 90, 238, 28, 119, 223, 48, 103, 146]"
115518,"[279, 23, 60, 1, 4, 238, 220, 187, 138, 24]"
115519,"[38, 18, 238, 90, 13, 28, 223, 157, 119, 32]"
115520,"[97, 138, 261, 23, 60, 238, 0, 49, 72, 1]"
115521,"[30, 23, 1, 49, 147, 60, 220, 187, 138, 238]"
115522,"[72, 82, 15, 18, 189, 138, 64, 238, 19, 71]"
115523,"[17, 73, 91, 13, 90, 238, 28, 119, 223, 66]"
115524,"[34, 13, 90, 28, 238, 187, 220, 119, 223, 48]"
115525,"[54, 279, 32, 27, 238, 138, 9, 2, 261, 72]"
115526,"[21, 187, 238, 90, 223, 13, 28, 119, 20, 138]"
115527,"[151, 72, 138, 49, 82, 238, 91, 97, 0, 23]"
115528,"[82, 72, 138, 1, 23, 238, 77, 146, 64, 157]"
115529,"[15, 72, 138, 1, 238, 23, 147, 0, 146, 64]"
115530,"[220, 187, 13, 90, 54, 28, 238, 119, 23, 223]"
115531,"[27, 279, 9, 157, 1, 45, 20, 23, 149, 29]"
115532,"[19, 238, 26, 138, 90, 28, 13, 146, 223, 119]"
115533,"[0, 189, 97, 138, 175, 238, 72, 151, 51, 77]"
115534,"[130, 2, 73, 27, 5, 1, 279, 23, 3, 13]"
115535,"[55, 157, 149, 72, 54, 18, 238, 82, 138, 90]"
115536,"[73, 26, 18, 58, 6, 91, 72, 15, 13, 90]"
115537,"[92, 147, 26, 138, 6, 58, 12, 238, 72, 38]"
115538,"[60, 23, 1, 54, 238, 7, 90, 28, 13, 157]"
115539,"[142, 23, 60, 13, 24, 90, 49, 238, 28, 119]"
115540,"[9, 279, 261, 25, 73, 2, 124, 54, 14, 238]"
115541,"[103, 13, 90, 238, 28, 44, 119, 34, 223, 84]"
115542,"[220, 187, 13, 90, 34, 238, 28, 119, 23, 223]"
115543,"[48, 27, 13, 90, 238, 28, 119, 223, 279, 103]"
115544,"[279, 27, 13, 90, 238, 28, 119, 112, 103, 223]"
115545,"[147, 238, 223, 23, 157, 90, 13, 28, 97, 119]"
115546,"[122, 238, 15, 90, 157, 13, 19, 28, 149, 223]"
115547,"[55, 72, 82, 54, 238, 18, 19, 90, 13, 28]"
115548,"[29, 13, 90, 238, 28, 34, 119, 84, 223, 32]"
115549,"[13, 90, 238, 28, 119, 223, 157, 45, 103, 48]"
115550,"[25, 9, 27, 54, 279, 29, 238, 13, 90, 28]"
115551,"[54, 261, 279, 238, 6, 90, 48, 2, 138, 28]"
115552,"[15, 72, 138, 157, 238, 1, 23, 146, 2, 105]"
115553,"[103, 157, 27, 13, 90, 238, 28, 119, 223, 279]"
115554,"[73, 146, 58, 238, 13, 90, 28, 12, 91, 26]"
115555,"[5, 54, 2, 1, 30, 49, 130, 23, 34, 73]"
115556,"[15, 72, 18, 73, 82, 138, 64, 238, 26, 12]"
115557,"[121, 13, 90, 238, 28, 119, 223, 84, 34, 48]"
115558,"[71, 73, 58, 15, 6, 72, 91, 25, 38, 82]"
115559,"[58, 13, 90, 238, 28, 119, 223, 103, 48, 84]"
115560,"[66, 73, 238, 13, 90, 28, 119, 223, 146, 15]"
115561,"[25, 27, 2, 71, 72, 1, 82, 23, 6, 13]"
115562,"[7, 23, 1, 34, 44, 24, 13, 54, 90, 28]"
115563,"[41, 82, 27, 72, 157, 73, 9, 279, 54, 261]"
115564,"[279, 13, 23, 90, 238, 28, 119, 223, 32, 48]"
115565,"[12, 13, 90, 238, 28, 119, 223, 48, 149, 103]"
115566,"[26, 72, 138, 49, 238, 97, 41, 60, 24, 142]"
115567,"[220, 187, 13, 90, 238, 28, 119, 223, 54, 48]"
115568,"[77, 138, 238, 72, 146, 26, 92, 64, 105, 97]"
115569,"[279, 27, 21, 23, 112, 13, 44, 103, 9, 90]"
115570,"[24, 23, 238, 138, 147, 112, 90, 28, 146, 223]"
115571,"[71, 27, 9, 15, 279, 77, 5, 2, 51, 18]"
115572,"[5, 6, 76, 27, 82, 72, 124, 97, 13, 90]"
115573,"[133, 238, 90, 28, 138, 13, 223, 189, 157, 146]"
115574,"[55, 60, 23, 238, 279, 138, 261, 90, 14, 28]"
115575,"[1, 23, 18, 72, 54, 238, 30, 2, 138, 90]"
115576,"[21, 187, 261, 14, 20, 23, 279, 138, 238, 223]"
115577,"[27, 130, 73, 279, 3, 72, 82, 29, 91, 18]"
115578,"[32, 13, 90, 18, 238, 28, 119, 223, 71, 15]"
115579,"[17, 18, 12, 72, 149, 15, 29, 122, 44, 13]"
115580,"[147, 157, 238, 223, 90, 23, 28, 138, 13, 146]"
115581,"[1, 23, 27, 72, 15, 82, 77, 138, 105, 189]"
115582,"[1, 64, 23, 138, 72, 238, 36, 261, 105, 97]"
115583,"[261, 13, 90, 238, 28, 119, 223, 187, 220, 73]"
115584,"[147, 23, 238, 138, 90, 223, 279, 28, 13, 146]"
115585,"[112, 220, 187, 13, 90, 238, 28, 119, 223, 26]"
115586,"[1, 23, 72, 82, 54, 15, 77, 4, 138, 21]"
115587,"[84, 13, 90, 238, 28, 32, 119, 157, 223, 279]"
115588,"[27, 279, 73, 45, 71, 142, 124, 13, 238, 90]"
115589,"[238, 90, 13, 28, 157, 223, 119, 21, 146, 138]"
115590,"[49, 1, 23, 138, 30, 7, 72, 238, 64, 2]"
115591,"[124, 9, 157, 73, 29, 51, 103, 77, 71, 279]"
115592,"[91, 73, 151, 130, 25, 3, 238, 42, 138, 90]"
115593,"[54, 261, 73, 279, 6, 25, 91, 45, 138, 12]"
115594,"[17, 1, 23, 157, 29, 21, 13, 279, 90, 28]"
115595,"[45, 13, 90, 238, 28, 119, 223, 279, 261, 27]"
115596,"[48, 13, 90, 238, 28, 119, 223, 103, 146, 76]"
115597,"[151, 138, 238, 27, 9, 105, 90, 146, 28, 77]"
115598,"[220, 187, 23, 13, 60, 90, 238, 28, 261, 119]"
115599,"[0, 138, 18, 238, 92, 64, 72, 97, 146, 105]"
115600,"[41, 73, 6, 82, 220, 187, 72, 49, 91, 27]"
115601,"[149, 26, 147, 238, 38, 72, 90, 138, 146, 28]"
115602,"[27, 279, 73, 9, 21, 77, 105, 142, 147, 29]"
115603,"[92, 1, 23, 138, 238, 72, 77, 54, 105, 82]"
115604,"[133, 238, 90, 13, 28, 223, 119, 146, 48, 138]"
115605,"[36, 147, 157, 223, 189, 0, 13, 175, 238, 97]"
115606,"[24, 147, 238, 23, 90, 28, 13, 138, 223, 146]"
115607,"[20, 27, 157, 21, 13, 90, 279, 238, 28, 119]"
115608,"[55, 73, 238, 38, 90, 97, 28, 13, 12, 138]"
115609,"[58, 13, 90, 238, 28, 119, 261, 32, 223, 34]"
115610,"[84, 13, 90, 238, 28, 119, 223, 189, 48, 103]"
115611,"[175, 18, 238, 13, 90, 28, 223, 119, 72, 19]"
115612,"[175, 189, 138, 147, 21, 14, 238, 97, 133, 23]"
115613,"[15, 72, 26, 18, 138, 64, 82, 238, 6, 71]"
115614,"[34, 1, 13, 84, 23, 90, 28, 238, 119, 223]"
115615,"[1, 23, 54, 42, 2, 7, 43, 220, 175, 187]"
115616,"[130, 73, 91, 9, 51, 105, 27, 71, 151, 3]"
115617,"[26, 72, 18, 238, 138, 64, 71, 15, 90, 32]"
115618,"[151, 147, 0, 261, 97, 138, 49, 14, 238, 72]"
115619,"[20, 27, 13, 90, 238, 28, 119, 223, 279, 189]"
115620,"[238, 13, 54, 90, 157, 28, 223, 77, 119, 21]"
115621,"[17, 73, 58, 13, 32, 90, 238, 28, 119, 223]"
115622,"[44, 13, 90, 238, 28, 119, 34, 223, 112, 103]"
115623,"[66, 21, 13, 238, 90, 28, 58, 12, 119, 223]"
115624,"[24, 23, 238, 58, 133, 147, 261, 90, 13, 28]"
115625,"[189, 21, 238, 66, 34, 90, 28, 13, 142, 223]"
115626,"[38, 58, 45, 73, 66, 12, 149, 133, 13, 6]"
115627,"[112, 147, 261, 13, 90, 238, 28, 119, 45, 223]"
115628,"[36, 21, 23, 13, 157, 90, 223, 238, 28, 1]"
115629,"[73, 1, 23, 3, 29, 130, 77, 13, 90, 238]"
115630,"[223, 13, 238, 90, 28, 147, 157, 77, 54, 119]"
115631,"[55, 72, 26, 15, 19, 82, 17, 189, 238, 12]"
115632,"[2, 27, 6, 18, 279, 51, 41, 72, 0, 13]"
115633,"[91, 73, 220, 187, 25, 49, 151, 0, 97, 130]"
115634,"[1, 23, 138, 49, 24, 54, 238, 72, 30, 130]"
115635,"[29, 17, 13, 238, 90, 28, 130, 119, 223, 42]"
115636,"[238, 28, 90, 13, 223, 119, 147, 138, 146, 157]"
115637,"[13, 90, 238, 28, 119, 32, 223, 84, 48, 23]"
115638,"[189, 147, 238, 90, 21, 28, 13, 223, 14, 261]"
115639,"[60, 157, 23, 238, 90, 13, 28, 223, 138, 119]"
115640,"[58, 73, 6, 12, 13, 146, 90, 238, 28, 119]"
115641,"[32, 13, 90, 238, 28, 71, 119, 58, 223, 54]"
115642,"[20, 13, 90, 238, 28, 119, 223, 157, 73, 103]"
115643,"[24, 28, 13, 238, 90, 119, 223, 58, 48, 146]"
115644,"[279, 27, 13, 90, 238, 28, 119, 223, 23, 112]"
115645,"[26, 72, 1, 23, 138, 77, 238, 34, 82, 146]"
115646,"[97, 26, 138, 49, 0, 72, 30, 238, 151, 73]"
115647,"[0, 147, 72, 138, 49, 97, 261, 25, 151, 82]"
115648,"[1, 23, 72, 26, 138, 49, 30, 238, 60, 151]"
115649,"[91, 73, 30, 130, 13, 90, 238, 28, 0, 119]"
115650,"[15, 72, 18, 82, 138, 26, 12, 238, 73, 0]"
115651,"[51, 27, 9, 54, 73, 279, 157, 29, 103, 105]"
115652,"[18, 72, 138, 238, 15, 146, 90, 28, 223, 64]"
115653,"[54, 1, 23, 2, 34, 220, 187, 84, 121, 10]"
115654,"[54, 5, 1, 23, 2, 220, 187, 34, 13, 90]"
115655,"[157, 27, 90, 13, 21, 238, 28, 223, 119, 36]"
115656,"[49, 138, 73, 238, 9, 64, 105, 72, 146, 90]"
115657,"[25, 27, 6, 279, 2, 157, 54, 20, 13, 90]"
115658,"[25, 27, 6, 54, 279, 13, 157, 90, 238, 28]"
115659,"[119, 13, 90, 238, 28, 73, 223, 48, 45, 103]"
115660,"[84, 13, 90, 238, 28, 21, 119, 223, 44, 20]"
115661,"[17, 13, 90, 238, 28, 119, 223, 279, 48, 103]"
115662,"[121, 13, 58, 90, 238, 28, 119, 223, 261, 48]"
115663,"[29, 157, 73, 21, 20, 9, 13, 90, 103, 279]"
115664,"[72, 138, 18, 82, 26, 77, 147, 238, 92, 64]"
115665,"[4, 13, 90, 238, 28, 119, 223, 23, 24, 54]"
115666,"[92, 138, 26, 238, 49, 72, 147, 151, 97, 60]"
115667,"[66, 23, 1, 238, 20, 13, 90, 21, 28, 189]"
115668,"[138, 49, 30, 238, 105, 157, 64, 146, 151, 84]"
115669,"[130, 73, 60, 23, 261, 26, 1, 91, 49, 72]"
115670,"[149, 238, 157, 90, 13, 28, 223, 119, 19, 15]"
115671,"[34, 1, 23, 13, 84, 90, 28, 54, 238, 119]"
115672,"[157, 238, 90, 223, 28, 13, 119, 138, 18, 146]"
115673,"[147, 238, 223, 90, 23, 13, 28, 0, 157, 54]"
115674,"[157, 21, 220, 223, 279, 25, 20, 151, 36, 23]"
115675,"[130, 220, 187, 49, 23, 1, 30, 26, 60, 43]"
115676,"[20, 13, 90, 238, 28, 119, 223, 261, 48, 27]"
115677,"[72, 82, 1, 23, 138, 15, 261, 238, 279, 64]"
115678,"[124, 82, 72, 9, 21, 54, 77, 20, 27, 279]"
115679,"[133, 26, 147, 38, 6, 238, 58, 72, 90, 146]"
115680,"[84, 13, 90, 238, 28, 119, 223, 48, 25, 6]"
115681,"[261, 12, 187, 220, 13, 90, 238, 28, 60, 119]"
115682,"[18, 72, 82, 138, 1, 23, 0, 238, 15, 133]"
115683,"[91, 73, 6, 261, 58, 12, 26, 30, 72, 38]"
115684,"[147, 238, 90, 13, 28, 223, 261, 157, 138, 119]"
115685,"[133, 72, 82, 189, 238, 122, 138, 73, 90, 26]"
115686,"[13, 90, 238, 28, 119, 223, 48, 73, 103, 279]"
115687,"[220, 187, 54, 23, 13, 1, 90, 238, 28, 119]"
115688,"[97, 138, 238, 146, 64, 92, 72, 105, 55, 151]"
115689,"[157, 21, 9, 238, 147, 90, 28, 13, 223, 77]"
115690,"[27, 279, 2, 13, 142, 32, 6, 90, 28, 238]"
115691,"[103, 13, 238, 90, 28, 119, 223, 34, 84, 48]"
115692,"[43, 54, 13, 90, 28, 238, 119, 223, 23, 1]"
115693,"[43, 13, 90, 238, 28, 119, 223, 187, 34, 220]"
115694,"[15, 72, 82, 138, 18, 238, 64, 26, 55, 66]"
115695,"[9, 6, 279, 220, 187, 124, 82, 72, 54, 71]"
115696,"[32, 13, 90, 238, 28, 119, 223, 103, 48, 76]"
115697,"[220, 187, 13, 90, 28, 238, 119, 223, 34, 48]"
115698,"[175, 261, 14, 238, 23, 60, 279, 157, 20, 90]"
115699,"[220, 187, 13, 90, 238, 28, 119, 223, 32, 48]"
115700,"[147, 119, 13, 90, 238, 54, 28, 223, 48, 29]"
115701,"[21, 14, 23, 157, 187, 189, 238, 223, 90, 138]"
115702,"[76, 261, 13, 90, 238, 28, 157, 119, 223, 48]"
115703,"[7, 23, 1, 2, 175, 4, 142, 238, 34, 24]"
115704,"[175, 189, 21, 238, 157, 90, 13, 28, 223, 119]"
115705,"[60, 23, 26, 261, 147, 14, 12, 72, 38, 138]"
115706,"[27, 13, 90, 238, 28, 119, 223, 48, 103, 279]"
115707,"[24, 147, 23, 138, 238, 14, 60, 12, 92, 146]"
115708,"[72, 82, 138, 238, 1, 23, 49, 6, 26, 0]"
115709,"[157, 21, 223, 13, 238, 90, 36, 28, 119, 9]"
115710,"[130, 1, 23, 49, 91, 60, 54, 24, 30, 72]"
115711,"[54, 73, 279, 45, 138, 32, 17, 238, 51, 72]"
115712,"[119, 13, 261, 90, 238, 28, 223, 48, 279, 103]"
115713,"[43, 220, 187, 13, 90, 28, 238, 119, 223, 84]"
115714,"[76, 13, 90, 238, 28, 119, 58, 223, 12, 73]"
115715,"[130, 91, 3, 73, 77, 29, 105, 17, 151, 138]"
115716,"[25, 6, 44, 34, 138, 238, 84, 17, 72, 32]"
115717,"[4, 21, 189, 238, 13, 90, 28, 223, 119, 279]"
115718,"[13, 90, 238, 28, 119, 223, 44, 27, 48, 84]"
115719,"[189, 223, 238, 13, 27, 90, 28, 157, 21, 119]"
115720,"[27, 279, 21, 157, 82, 9, 72, 77, 29, 142]"
115721,"[157, 238, 223, 151, 90, 13, 147, 25, 28, 220]"
115722,"[20, 27, 13, 90, 238, 28, 119, 223, 21, 279]"
115723,"[27, 9, 71, 51, 13, 90, 279, 28, 238, 119]"
115724,"[38, 149, 66, 238, 17, 90, 13, 28, 133, 223]"
115725,"[84, 13, 238, 90, 28, 119, 223, 103, 48, 146]"
115726,"[82, 72, 1, 138, 9, 157, 238, 23, 18, 77]"
115727,"[119, 13, 90, 238, 28, 58, 223, 48, 32, 103]"
115728,"[119, 13, 90, 238, 28, 223, 45, 261, 76, 48]"
115729,"[97, 18, 138, 238, 73, 72, 1, 23, 146, 64]"
115730,"[119, 13, 90, 238, 28, 223, 147, 27, 157, 76]"
115731,"[82, 72, 1, 23, 138, 238, 77, 189, 64, 105]"
115732,"[77, 27, 238, 138, 72, 97, 82, 189, 147, 54]"
115733,"[105, 72, 49, 82, 1, 23, 138, 238, 97, 0]"
115734,"[220, 187, 13, 90, 238, 28, 119, 223, 103, 48]"
115735,"[72, 82, 26, 261, 73, 15, 138, 18, 23, 64]"
115736,"[55, 238, 90, 28, 13, 138, 223, 189, 119, 146]"
115737,"[41, 73, 45, 147, 25, 27, 124, 49, 97, 151]"
115738,"[133, 238, 90, 13, 28, 223, 119, 138, 146, 34]"
115739,"[77, 72, 82, 1, 23, 138, 15, 238, 64, 146]"
115740,"[279, 13, 23, 90, 238, 28, 20, 119, 54, 112]"
115741,"[112, 13, 90, 238, 28, 119, 223, 48, 103, 146]"
115742,"[9, 27, 279, 157, 20, 124, 2, 51, 15, 42]"
115743,"[15, 72, 6, 26, 18, 82, 138, 238, 92, 64]"
115744,"[84, 1, 54, 23, 13, 2, 90, 28, 238, 34]"
115745,"[23, 1, 42, 2, 279, 29, 17, 142, 4, 84]"
115746,"[72, 82, 27, 138, 18, 157, 238, 1, 64, 15]"
115747,"[54, 27, 279, 71, 51, 112, 44, 13, 15, 90]"
115748,"[77, 72, 82, 15, 27, 138, 54, 238, 105, 64]"
115749,"[261, 27, 21, 13, 90, 238, 28, 119, 223, 279]"
115750,"[124, 2, 6, 149, 58, 25, 279, 41, 71, 261]"
115751,"[279, 27, 13, 112, 54, 90, 238, 28, 119, 223]"
115752,"[73, 26, 92, 72, 15, 58, 12, 138, 64, 18]"
115753,"[1, 23, 72, 82, 54, 15, 157, 138, 189, 105]"
115754,"[25, 9, 73, 27, 238, 29, 279, 103, 90, 13]"
115755,"[3, 124, 2, 15, 27, 29, 130, 51, 84, 72]"
115756,"[279, 27, 13, 90, 21, 238, 28, 23, 119, 223]"
115757,"[5, 73, 6, 13, 238, 90, 28, 119, 223, 71]"
115758,"[103, 13, 90, 238, 28, 119, 223, 17, 32, 34]"
115759,"[13, 90, 238, 28, 32, 119, 223, 23, 48, 103]"
115760,"[49, 138, 73, 30, 238, 72, 175, 97, 92, 64]"
115761,"[112, 13, 27, 90, 238, 28, 119, 223, 147, 48]"
115762,"[55, 238, 13, 90, 28, 119, 223, 157, 146, 103]"
115763,"[19, 72, 238, 66, 13, 90, 28, 82, 119, 15]"
115764,"[3, 130, 29, 91, 138, 23, 1, 0, 238, 279]"
115765,"[51, 27, 261, 279, 25, 45, 0, 97, 9, 151]"
115766,"[60, 23, 157, 238, 151, 138, 90, 28, 223, 13]"
115767,"[146, 66, 238, 122, 149, 19, 60, 90, 138, 28]"
115768,"[82, 72, 138, 49, 238, 189, 97, 0, 77, 73]"
115769,"[189, 157, 21, 9, 238, 29, 223, 90, 77, 13]"
115770,"[157, 147, 151, 223, 238, 220, 25, 90, 28, 13]"
115771,"[21, 147, 187, 157, 261, 238, 223, 138, 14, 90]"
115772,"[220, 187, 13, 90, 238, 28, 119, 223, 121, 58]"
115773,"[34, 1, 23, 13, 90, 28, 238, 119, 223, 2]"
115774,"[32, 13, 90, 238, 28, 119, 223, 58, 71, 48]"
115775,"[97, 72, 138, 18, 238, 82, 146, 64, 90, 92]"
115776,"[84, 157, 13, 90, 238, 28, 119, 223, 103, 189]"
115777,"[105, 27, 261, 97, 138, 151, 73, 14, 21, 238]"
115778,"[147, 157, 45, 90, 238, 26, 112, 223, 13, 28]"
115779,"[71, 27, 279, 20, 34, 9, 5, 84, 2, 103]"
115780,"[14, 23, 60, 73, 261, 142, 138, 24, 238, 38]"
115781,"[0, 138, 238, 72, 97, 91, 64, 15, 146, 92]"
115782,"[49, 105, 138, 73, 27, 238, 72, 189, 146, 64]"
115783,"[24, 23, 142, 49, 60, 189, 220, 187, 38, 238]"
115784,"[130, 1, 23, 2, 29, 3, 5, 91, 4, 72]"
115785,"[92, 73, 138, 238, 58, 91, 6, 15, 54, 12]"
115786,"[73, 18, 26, 15, 72, 17, 91, 64, 3, 20]"
115787,"[73, 220, 187, 49, 261, 0, 147, 97, 45, 23]"
115788,"[133, 147, 60, 23, 238, 261, 24, 90, 28, 13]"
115789,"[105, 1, 23, 72, 82, 21, 138, 15, 238, 279]"
115790,"[76, 147, 13, 187, 261, 220, 90, 238, 28, 21]"
115791,"[77, 54, 72, 82, 15, 238, 138, 7, 90, 28]"
115792,"[13, 189, 238, 90, 28, 119, 223, 27, 21, 48]"
115793,"[279, 23, 220, 187, 49, 24, 60, 147, 26, 30]"
115794,"[26, 72, 73, 138, 15, 64, 238, 91, 71, 105]"
115795,"[24, 23, 60, 49, 220, 187, 13, 238, 30, 28]"
115796,"[72, 82, 138, 18, 238, 15, 27, 64, 105, 146]"
115797,"[43, 220, 187, 13, 12, 90, 238, 28, 45, 119]"
115798,"[119, 13, 90, 238, 28, 223, 54, 21, 9, 48]"
115799,"[142, 23, 220, 187, 54, 1, 60, 49, 147, 13]"
115800,"[77, 138, 1, 23, 15, 72, 238, 64, 146, 92]"
115801,"[58, 12, 13, 90, 238, 28, 119, 223, 45, 187]"
115802,"[105, 72, 82, 138, 147, 261, 23, 238, 27, 1]"
115803,"[27, 105, 72, 82, 189, 21, 77, 1, 15, 23]"
115804,"[175, 60, 238, 138, 90, 28, 23, 13, 147, 223]"
115805,"[49, 23, 138, 1, 238, 60, 72, 2, 7, 146]"
115806,"[121, 54, 13, 90, 28, 238, 119, 223, 84, 2]"
115807,"[7, 238, 157, 21, 72, 18, 138, 82, 90, 28]"
115808,"[21, 187, 60, 238, 23, 138, 279, 223, 4, 32]"
115809,"[21, 157, 187, 279, 238, 223, 90, 27, 9, 13]"
115810,"[20, 13, 90, 238, 28, 119, 48, 223, 45, 147]"
115811,"[151, 138, 147, 9, 261, 238, 97, 0, 14, 26]"
115812,"[157, 223, 238, 13, 21, 90, 9, 28, 77, 220]"
115813,"[157, 238, 223, 90, 13, 28, 220, 119, 138, 146]"
115814,"[43, 13, 279, 20, 90, 238, 28, 119, 223, 32]"
115815,"[103, 13, 90, 238, 28, 119, 45, 223, 76, 48]"
115816,"[54, 4, 28, 1, 238, 23, 13, 90, 7, 119]"
115817,"[5, 220, 187, 23, 54, 1, 34, 24, 49, 43]"
115818,"[149, 18, 13, 238, 90, 28, 119, 223, 72, 44]"
115819,"[18, 72, 82, 73, 6, 15, 138, 238, 92, 146]"
115820,"[175, 238, 138, 90, 147, 28, 13, 223, 146, 119]"
115821,"[51, 27, 6, 2, 279, 23, 1, 0, 58, 54]"
115822,"[51, 27, 82, 9, 72, 21, 77, 279, 54, 112]"
115823,"[220, 187, 26, 238, 147, 90, 60, 28, 13, 138]"
115824,"[92, 138, 73, 238, 97, 49, 261, 151, 146, 64]"
115825,"[5, 1, 54, 23, 2, 34, 84, 7, 13, 90]"
115826,"[41, 220, 187, 261, 12, 60, 23, 279, 58, 25]"
115827,"[48, 187, 220, 13, 90, 238, 28, 58, 119, 223]"
115828,"[32, 13, 12, 90, 238, 28, 119, 223, 187, 220]"
115829,"[51, 6, 27, 26, 13, 90, 279, 28, 238, 41]"
115830,"[23, 1, 60, 24, 142, 14, 238, 13, 220, 187]"
115831,"[220, 187, 13, 90, 238, 28, 119, 223, 48, 103]"
115832,"[38, 238, 23, 90, 279, 28, 13, 138, 223, 1]"
115833,"[92, 138, 73, 77, 238, 1, 23, 97, 72, 64]"
115834,"[19, 238, 189, 90, 28, 138, 13, 223, 119, 146]"
115835,"[17, 73, 12, 91, 13, 90, 238, 28, 119, 6]"
115836,"[25, 73, 71, 9, 2, 13, 90, 28, 238, 15]"
115837,"[20, 13, 90, 238, 28, 45, 119, 223, 76, 48]"
115838,"[48, 20, 13, 261, 238, 90, 45, 279, 28, 119]"
115839,"[82, 72, 138, 238, 146, 90, 1, 64, 28, 105]"
115840,"[91, 73, 18, 17, 3, 15, 72, 26, 13, 90]"
115841,"[26, 72, 73, 138, 18, 15, 64, 91, 238, 82]"
115842,"[60, 23, 238, 21, 90, 138, 28, 189, 13, 279]"
115843,"[60, 23, 220, 187, 238, 1, 13, 90, 28, 24]"
115844,"[149, 157, 238, 13, 90, 28, 223, 119, 19, 77]"
115845,"[29, 157, 21, 9, 20, 103, 189, 17, 279, 223]"
115846,"[12, 13, 90, 238, 28, 119, 223, 220, 187, 54]"
115847,"[20, 13, 90, 238, 28, 119, 58, 279, 223, 48]"
115848,"[97, 261, 138, 14, 73, 147, 45, 238, 151, 0]"
115849,"[3, 124, 15, 29, 130, 17, 77, 4, 72, 138]"
115850,"[27, 279, 261, 25, 41, 13, 54, 142, 90, 28]"
115851,"[146, 238, 32, 90, 28, 138, 13, 122, 223, 66]"
115852,"[238, 13, 90, 28, 119, 223, 34, 149, 146, 48]"
115853,"[91, 9, 30, 73, 124, 3, 130, 279, 51, 27]"
115854,"[121, 13, 90, 45, 238, 28, 119, 58, 223, 48]"
115855,"[122, 238, 90, 18, 13, 73, 28, 223, 119, 146]"
115856,"[29, 157, 21, 27, 54, 77, 189, 9, 20, 279]"
115857,"[112, 13, 90, 238, 28, 119, 223, 84, 44, 17]"
115858,"[223, 157, 13, 238, 90, 28, 189, 21, 119, 29]"
115859,"[17, 29, 77, 238, 90, 13, 28, 4, 223, 119]"
115860,"[157, 223, 13, 238, 90, 149, 28, 119, 220, 84]"
115861,"[18, 72, 82, 27, 138, 15, 157, 64, 77, 238]"
115862,"[220, 187, 49, 30, 130, 43, 23, 24, 26, 60]"
115863,"[36, 14, 23, 238, 138, 279, 133, 90, 223, 55]"
115864,"[27, 279, 261, 21, 147, 187, 25, 220, 142, 41]"
115865,"[4, 147, 238, 90, 13, 28, 223, 119, 138, 146]"
115866,"[92, 49, 138, 26, 238, 147, 72, 151, 146, 64]"
115867,"[279, 23, 60, 238, 138, 90, 14, 146, 28, 72]"
115868,"[2, 54, 84, 1, 23, 238, 5, 90, 10, 28]"
115869,"[2, 54, 1, 23, 5, 72, 13, 34, 49, 90]"
115870,"[38, 238, 14, 175, 90, 138, 149, 28, 13, 66]"
115871,"[19, 238, 90, 13, 28, 119, 223, 146, 157, 138]"
115872,"[73, 27, 130, 29, 105, 91, 3, 77, 138, 279]"
115873,"[157, 21, 54, 223, 238, 90, 13, 220, 28, 9]"
115874,"[44, 13, 58, 90, 238, 28, 119, 223, 12, 26]"
115875,"[44, 13, 90, 238, 28, 20, 119, 223, 21, 34]"
115876,"[72, 82, 138, 238, 49, 27, 105, 146, 64, 77]"
115877,"[76, 187, 220, 13, 90, 238, 28, 119, 223, 58]"
115878,"[20, 13, 90, 238, 28, 119, 223, 103, 48, 76]"
115879,"[6, 54, 18, 71, 58, 32, 2, 44, 238, 72]"
115880,"[44, 13, 90, 238, 28, 119, 223, 48, 279, 103]"
115881,"[4, 157, 13, 18, 238, 90, 28, 223, 119, 21]"
115882,"[157, 238, 223, 90, 13, 28, 220, 18, 119, 138]"
115883,"[44, 13, 90, 238, 28, 119, 20, 223, 21, 32]"
115884,"[238, 13, 90, 28, 119, 223, 279, 146, 189, 142]"
115885,"[71, 220, 187, 25, 279, 20, 238, 6, 90, 13]"
115886,"[51, 73, 9, 157, 261, 45, 36, 103, 151, 279]"
115887,"[64, 1, 23, 138, 72, 26, 18, 238, 133, 261]"
115888,"[43, 13, 90, 261, 238, 28, 119, 60, 223, 73]"
115889,"[27, 103, 13, 90, 238, 28, 119, 223, 279, 48]"
115890,"[124, 84, 54, 34, 71, 44, 5, 51, 13, 28]"
115891,"[3, 91, 30, 130, 49, 13, 238, 90, 124, 28]"
115892,"[17, 54, 71, 72, 82, 149, 157, 122, 19, 29]"
115893,"[44, 13, 90, 238, 28, 119, 223, 12, 32, 58]"
115894,"[49, 1, 54, 23, 30, 138, 238, 72, 90, 146]"
115895,"[77, 27, 147, 238, 138, 90, 28, 105, 0, 54]"
115896,"[147, 97, 0, 189, 90, 175, 223, 13, 38, 238]"
115897,"[189, 157, 238, 13, 90, 45, 28, 147, 223, 119]"
115898,"[6, 27, 18, 58, 2, 32, 72, 44, 279, 17]"
115899,"[48, 13, 90, 238, 28, 119, 223, 44, 54, 220]"
115900,"[103, 13, 90, 238, 28, 119, 34, 223, 84, 48]"
115901,"[122, 58, 238, 13, 90, 18, 28, 119, 223, 146]"
115902,"[149, 26, 238, 90, 13, 28, 18, 72, 223, 119]"
115903,"[20, 21, 13, 90, 238, 28, 119, 223, 45, 103]"
115904,"[157, 223, 238, 147, 220, 13, 90, 45, 28, 119]"
115905,"[157, 26, 238, 223, 90, 138, 28, 13, 220, 7]"
115906,"[43, 13, 90, 238, 28, 119, 223, 58, 48, 6]"
115907,"[112, 13, 90, 238, 28, 119, 223, 32, 48, 103]"
115908,"[58, 187, 220, 13, 90, 238, 28, 119, 45, 223]"
115909,"[27, 5, 54, 279, 71, 15, 44, 157, 13, 119]"
115910,"[17, 13, 73, 90, 238, 28, 119, 223, 91, 58]"
115911,"[1, 23, 4, 54, 84, 28, 21, 13, 119, 238]"
115912,"[149, 238, 90, 157, 13, 28, 223, 4, 138, 119]"
115913,"[220, 187, 54, 13, 90, 238, 28, 119, 223, 34]"
115914,"[6, 82, 72, 71, 12, 54, 133, 32, 279, 20]"
115915,"[45, 13, 90, 238, 28, 119, 223, 48, 76, 58]"
115916,"[133, 238, 90, 13, 28, 223, 119, 279, 146, 189]"
115917,"[77, 27, 72, 82, 21, 189, 157, 138, 279, 29]"
115918,"[36, 157, 21, 14, 238, 147, 223, 90, 175, 28]"
115919,"[30, 72, 82, 138, 77, 238, 15, 105, 97, 189]"
115920,"[142, 13, 23, 90, 238, 28, 119, 34, 223, 84]"
115921,"[19, 238, 90, 28, 13, 147, 138, 223, 119, 146]"
115922,"[138, 238, 157, 91, 72, 146, 64, 92, 105, 97]"
115923,"[82, 72, 3, 1, 23, 73, 21, 77, 29, 105]"
115924,"[36, 147, 60, 238, 26, 138, 23, 279, 90, 223]"
115925,"[122, 18, 238, 15, 90, 13, 28, 66, 55, 19]"
115926,"[82, 72, 1, 23, 138, 238, 146, 64, 92, 105]"
115927,"[84, 54, 1, 23, 13, 2, 90, 28, 238, 34]"
115928,"[73, 27, 29, 105, 238, 3, 130, 138, 90, 28]"
115929,"[77, 72, 82, 27, 21, 189, 1, 138, 54, 23]"
115930,"[12, 13, 90, 238, 28, 119, 6, 223, 32, 48]"
115931,"[6, 41, 0, 49, 97, 220, 187, 48, 13, 90]"
115932,"[220, 187, 49, 6, 23, 261, 60, 24, 2, 54]"
115933,"[130, 1, 23, 2, 5, 72, 30, 13, 49, 90]"
115934,"[6, 58, 12, 26, 41, 187, 220, 261, 32, 73]"
115935,"[130, 73, 26, 97, 0, 91, 12, 72, 6, 261]"
115936,"[1, 64, 23, 72, 82, 138, 238, 77, 97, 146]"
115937,"[26, 72, 138, 238, 49, 60, 147, 146, 64, 92]"
115938,"[1, 23, 138, 30, 60, 49, 7, 220, 187, 77]"
115939,"[279, 23, 24, 49, 60, 30, 142, 220, 187, 238]"
115940,"[71, 54, 27, 9, 279, 2, 13, 238, 90, 28]"
115941,"[26, 72, 138, 1, 238, 23, 73, 146, 64, 105]"
115942,"[25, 6, 261, 23, 14, 20, 1, 279, 21, 147]"
115943,"[122, 147, 54, 238, 149, 71, 44, 18, 72, 138]"
115944,"[175, 42, 13, 29, 238, 90, 28, 119, 223, 17]"
115945,"[23, 1, 60, 142, 24, 4, 14, 220, 187, 138]"
115946,"[92, 26, 18, 138, 72, 238, 64, 15, 146, 90]"
115947,"[30, 138, 6, 147, 238, 0, 97, 92, 151, 72]"
115948,"[112, 13, 238, 90, 28, 119, 223, 32, 43, 103]"
115949,"[12, 13, 90, 238, 28, 26, 119, 261, 223, 6]"
115950,"[124, 9, 27, 13, 90, 28, 238, 76, 41, 119]"
115951,"[112, 13, 90, 238, 28, 119, 223, 45, 261, 48]"
115952,"[84, 54, 1, 23, 13, 2, 90, 34, 28, 238]"
115953,"[82, 72, 15, 18, 54, 138, 238, 71, 149, 105]"
115954,"[5, 44, 189, 82, 72, 122, 103, 71, 19, 20]"
115955,"[64, 138, 238, 72, 146, 92, 105, 97, 151, 77]"
115956,"[32, 13, 90, 58, 238, 28, 119, 223, 34, 48]"
115957,"[3, 73, 2, 124, 238, 130, 90, 13, 28, 279]"
115958,"[105, 72, 82, 1, 23, 21, 15, 138, 27, 238]"
115959,"[18, 238, 90, 4, 13, 28, 7, 223, 122, 54]"
115960,"[92, 238, 138, 105, 77, 90, 72, 28, 146, 0]"
115961,"[24, 23, 238, 13, 90, 28, 119, 223, 279, 146]"
115962,"[157, 147, 223, 36, 14, 238, 90, 261, 13, 28]"
115963,"[279, 23, 24, 49, 220, 187, 30, 142, 238, 13]"
115964,"[36, 238, 13, 90, 28, 223, 119, 146, 48, 103]"
115965,"[77, 238, 147, 138, 54, 27, 90, 28, 146, 105]"
115966,"[66, 238, 13, 90, 28, 119, 223, 146, 48, 103]"
115967,"[175, 189, 238, 90, 13, 28, 21, 223, 119, 138]"
115968,"[15, 18, 72, 27, 138, 9, 238, 157, 146, 90]"
115969,"[112, 220, 187, 13, 90, 238, 28, 119, 223, 12]"
115970,"[45, 261, 13, 279, 20, 90, 238, 28, 119, 223]"
115971,"[20, 13, 90, 28, 238, 119, 223, 103, 44, 34]"
115972,"[151, 21, 147, 72, 82, 261, 138, 97, 0, 6]"
115973,"[58, 13, 90, 238, 28, 119, 32, 223, 44, 72]"
115974,"[2, 27, 9, 18, 73, 71, 279, 15, 72, 105]"
115975,"[24, 23, 1, 187, 220, 34, 4, 49, 13, 238]"
115976,"[17, 13, 90, 261, 238, 28, 119, 223, 279, 48]"
115977,"[36, 238, 90, 13, 28, 223, 149, 119, 138, 146]"
115978,"[157, 27, 13, 238, 90, 223, 28, 119, 279, 9]"
115979,"[133, 138, 238, 21, 189, 279, 90, 23, 146, 28]"
115980,"[138, 238, 18, 90, 146, 27, 28, 72, 223, 77]"
115981,"[189, 223, 73, 238, 90, 13, 28, 119, 146, 0]"
115982,"[29, 73, 238, 13, 90, 28, 119, 223, 12, 121]"
115983,"[21, 187, 223, 238, 72, 82, 90, 13, 28, 4]"
115984,"[18, 72, 138, 238, 64, 82, 175, 146, 30, 105]"
115985,"[58, 13, 90, 238, 28, 119, 223, 32, 48, 34]"
115986,"[6, 220, 187, 261, 45, 12, 121, 124, 14, 76]"
115987,"[26, 72, 6, 82, 138, 147, 60, 238, 12, 92]"
115988,"[122, 238, 90, 28, 13, 138, 223, 119, 146, 55]"
115989,"[2, 73, 9, 27, 25, 6, 26, 41, 279, 91]"
115990,"[146, 238, 90, 13, 28, 223, 138, 119, 157, 55]"
115991,"[32, 13, 90, 187, 220, 238, 28, 45, 119, 223]"
115992,"[28, 13, 90, 27, 238, 119, 223, 149, 66, 44]"
115993,"[157, 21, 147, 238, 138, 90, 223, 36, 28, 14]"
115994,"[6, 58, 27, 26, 73, 71, 12, 18, 72, 279]"
115995,"[15, 72, 18, 138, 9, 238, 1, 23, 64, 151]"
115996,"[49, 220, 187, 24, 73, 138, 142, 23, 238, 72]"
115997,"[24, 23, 142, 147, 38, 73, 26, 14, 97, 13]"
115998,"[26, 72, 138, 60, 238, 49, 23, 25, 151, 146]"
115999,"[45, 13, 90, 238, 28, 119, 223, 147, 48, 261]"
116000,"[26, 147, 146, 6, 38, 72, 58, 238, 12, 19]"
116001,"[25, 73, 9, 2, 71, 238, 91, 26, 27, 64]"
116002,"[72, 82, 138, 49, 26, 238, 0, 77, 64, 92]"
116003,"[279, 13, 90, 238, 28, 119, 34, 20, 23, 84]"
116004,"[124, 9, 25, 51, 151, 41, 48, 97, 261, 13]"
116005,"[72, 82, 26, 18, 138, 58, 64, 238, 15, 92]"
116006,"[54, 71, 73, 279, 9, 51, 18, 29, 17, 13]"
116007,"[49, 1, 23, 54, 105, 138, 238, 72, 2, 146]"
116008,"[32, 58, 13, 90, 238, 28, 18, 119, 223, 2]"
116009,"[9, 279, 2, 72, 1, 15, 82, 71, 23, 54]"
116010,"[66, 157, 238, 90, 138, 28, 13, 223, 146, 23]"
116011,"[32, 13, 90, 220, 187, 238, 28, 119, 223, 48]"
116012,"[130, 1, 49, 23, 220, 187, 30, 43, 24, 121]"
116013,"[55, 238, 13, 90, 28, 119, 223, 34, 122, 133]"
116014,"[92, 26, 147, 72, 138, 261, 0, 238, 6, 64]"
116015,"[122, 238, 13, 90, 28, 21, 1, 223, 119, 23]"
116016,"[220, 187, 23, 13, 90, 1, 28, 238, 119, 34]"
116017,"[15, 72, 138, 26, 238, 92, 146, 64, 38, 105]"
116018,"[25, 6, 27, 279, 157, 20, 261, 21, 2, 9]"
116019,"[45, 13, 261, 90, 238, 28, 147, 119, 48, 223]"
116020,"[21, 157, 187, 147, 27, 189, 238, 138, 223, 279]"
116021,"[6, 71, 18, 2, 32, 54, 238, 13, 90, 58]"
116022,"[112, 13, 90, 238, 28, 45, 119, 261, 223, 48]"
116023,"[279, 23, 21, 142, 90, 66, 238, 32, 189, 34]"
116024,"[6, 58, 72, 18, 71, 27, 26, 82, 73, 13]"
116025,"[73, 18, 15, 6, 58, 72, 17, 71, 26, 44]"
116026,"[2, 73, 54, 84, 18, 34, 4, 72, 71, 1]"
116027,"[60, 157, 238, 23, 90, 138, 28, 13, 223, 146]"
116028,"[82, 72, 26, 138, 18, 238, 6, 147, 92, 64]"
116029,"[103, 13, 90, 28, 238, 119, 32, 223, 44, 279]"
116030,"[9, 279, 6, 71, 12, 58, 13, 28, 90, 42]"
116031,"[91, 73, 30, 130, 147, 97, 49, 0, 92, 13]"
116032,"[97, 49, 30, 138, 147, 58, 238, 92, 151, 146]"
116033,"[23, 1, 238, 13, 90, 28, 279, 119, 60, 223]"
116034,"[21, 187, 261, 238, 90, 13, 223, 28, 119, 189]"
116035,"[41, 73, 2, 261, 72, 32, 279, 82, 23, 1]"
116036,"[64, 1, 23, 72, 15, 82, 18, 138, 73, 20]"
116037,"[27, 5, 71, 15, 9, 279, 72, 44, 51, 82]"
116038,"[71, 72, 82, 27, 58, 15, 18, 9, 44, 279]"
116039,"[124, 45, 0, 25, 147, 41, 97, 73, 91, 9]"
116040,"[2, 1, 23, 5, 54, 130, 71, 30, 13, 49]"
116041,"[36, 157, 238, 90, 13, 28, 223, 72, 18, 119]"
116042,"[71, 73, 58, 18, 26, 6, 25, 15, 72, 2]"
116043,"[5, 54, 1, 34, 23, 2, 7, 24, 84, 142]"
116044,"[261, 13, 90, 147, 238, 28, 119, 223, 48, 45]"
116045,"[58, 13, 90, 238, 28, 119, 223, 48, 6, 187]"
116046,"[58, 13, 90, 238, 28, 119, 223, 103, 48, 84]"
116047,"[1, 23, 27, 72, 82, 15, 77, 138, 238, 279]"
116048,"[26, 72, 82, 15, 73, 138, 92, 238, 64, 55]"
116049,"[48, 13, 90, 238, 28, 119, 45, 223, 147, 6]"
116050,"[20, 13, 90, 238, 28, 119, 27, 223, 112, 21]"
116051,"[76, 73, 187, 220, 13, 90, 238, 28, 119, 58]"
116052,"[133, 18, 26, 238, 72, 90, 28, 138, 13, 223]"
116053,"[18, 72, 138, 2, 1, 23, 238, 64, 26, 151]"
116054,"[26, 72, 82, 6, 138, 49, 147, 15, 238, 92]"
116055,"[97, 72, 82, 1, 23, 138, 0, 18, 238, 146]"
116056,"[14, 21, 157, 23, 238, 138, 90, 223, 187, 28]"
116057,"[220, 187, 13, 90, 238, 28, 32, 119, 279, 223]"
116058,"[119, 13, 58, 90, 238, 28, 223, 48, 103, 146]"
116059,"[27, 157, 13, 90, 279, 238, 28, 119, 189, 21]"
116060,"[49, 138, 238, 72, 146, 64, 92, 105, 97, 151]"
116061,"[72, 82, 18, 26, 15, 6, 138, 238, 64, 146]"
116062,"[76, 13, 90, 20, 238, 28, 119, 223, 103, 279]"
116063,"[119, 13, 90, 189, 238, 28, 223, 9, 27, 20]"
116064,"[73, 130, 261, 12, 26, 38, 72, 91, 97, 14]"
116065,"[84, 13, 90, 238, 261, 187, 28, 220, 119, 48]"
116066,"[91, 72, 82, 18, 27, 6, 17, 15, 71, 32]"
116067,"[92, 147, 138, 0, 151, 238, 49, 25, 97, 105]"
116068,"[20, 13, 90, 238, 28, 119, 45, 223, 48, 76]"
116069,"[73, 72, 82, 15, 3, 91, 18, 64, 17, 92]"
116070,"[66, 21, 238, 90, 13, 28, 223, 119, 146, 138]"
116071,"[71, 6, 0, 220, 187, 73, 13, 28, 90, 238]"
116072,"[49, 1, 23, 30, 138, 54, 72, 238, 2, 34]"
116073,"[149, 238, 138, 147, 90, 28, 38, 60, 13, 223]"
116074,"[77, 138, 147, 54, 238, 21, 97, 14, 189, 261]"
116075,"[189, 223, 238, 13, 90, 28, 147, 119, 157, 146]"
116076,"[103, 261, 13, 147, 238, 90, 28, 279, 119, 223]"
116077,"[55, 238, 13, 90, 28, 119, 223, 142, 189, 146]"
116078,"[29, 13, 90, 238, 28, 119, 223, 73, 48, 103]"
116079,"[6, 261, 71, 13, 90, 238, 28, 119, 2, 223]"
116080,"[64, 18, 1, 72, 23, 238, 15, 71, 138, 149]"
116081,"[122, 13, 238, 90, 28, 119, 223, 48, 146, 103]"
116082,"[58, 12, 6, 13, 26, 261, 90, 238, 28, 119]"
116083,"[261, 13, 90, 238, 28, 119, 9, 223, 54, 48]"
116084,"[44, 13, 90, 238, 28, 119, 223, 279, 261, 48]"
116085,"[122, 18, 238, 149, 13, 90, 28, 223, 119, 66]"
116086,"[82, 72, 1, 23, 138, 77, 238, 105, 21, 146]"
116087,"[149, 21, 23, 60, 279, 1, 238, 138, 142, 4]"
116088,"[73, 2, 1, 23, 51, 5, 279, 77, 20, 13]"
116089,"[55, 58, 72, 238, 13, 90, 28, 82, 223, 73]"
116090,"[24, 23, 49, 60, 73, 142, 187, 220, 12, 147]"
116091,"[43, 13, 90, 238, 28, 119, 187, 220, 223, 48]"
116092,"[15, 72, 138, 238, 26, 92, 146, 64, 105, 97]"
116093,"[13, 238, 90, 28, 119, 223, 84, 34, 149, 48]"
116094,"[142, 23, 54, 13, 4, 90, 238, 28, 119, 223]"
116095,"[146, 72, 82, 238, 13, 90, 28, 17, 223, 119]"
116096,"[21, 187, 238, 90, 13, 28, 223, 20, 119, 146]"
116097,"[122, 58, 238, 13, 90, 18, 28, 223, 119, 133]"
116098,"[51, 27, 9, 279, 261, 20, 2, 112, 97, 189]"
116099,"[38, 6, 14, 12, 133, 73, 66, 91, 23, 60]"
116100,"[15, 72, 157, 54, 18, 82, 71, 149, 138, 238]"
116101,"[29, 17, 13, 15, 90, 72, 28, 238, 119, 82]"
116102,"[220, 187, 261, 60, 23, 42, 14, 73, 49, 1]"
116103,"[138, 54, 220, 187, 7, 238, 23, 30, 49, 60]"
116104,"[112, 13, 90, 238, 28, 119, 187, 223, 220, 121]"
116105,"[105, 138, 238, 1, 23, 72, 146, 26, 64, 92]"
116106,"[175, 238, 90, 28, 13, 223, 138, 119, 146, 189]"
116107,"[142, 27, 238, 13, 90, 28, 119, 223, 23, 4]"
116108,"[1, 23, 138, 49, 54, 24, 238, 30, 130, 157]"
116109,"[26, 72, 138, 18, 64, 238, 71, 15, 92, 146]"
116110,"[220, 187, 13, 90, 238, 28, 119, 223, 32, 48]"
116111,"[24, 147, 26, 23, 38, 238, 72, 220, 187, 142]"
116112,"[124, 2, 73, 279, 84, 32, 261, 138, 238, 72]"
116113,"[12, 13, 90, 238, 28, 119, 223, 44, 58, 48]"
116114,"[82, 72, 15, 138, 238, 71, 19, 54, 55, 146]"
116115,"[18, 72, 26, 138, 73, 6, 58, 238, 64, 146]"
116116,"[24, 23, 147, 60, 220, 187, 4, 49, 238, 30]"
116117,"[60, 23, 142, 24, 151, 187, 220, 238, 49, 13]"
116118,"[76, 13, 90, 238, 28, 119, 223, 34, 187, 220]"
116119,"[20, 13, 90, 238, 28, 119, 223, 187, 220, 12]"
116120,"[5, 27, 82, 72, 54, 1, 279, 71, 32, 20]"
116121,"[122, 238, 90, 13, 28, 223, 119, 157, 138, 146]"
116122,"[12, 220, 187, 13, 90, 238, 28, 119, 112, 223]"
116123,"[2, 73, 49, 187, 220, 54, 6, 0, 130, 5]"
116124,"[261, 13, 90, 238, 28, 119, 103, 223, 45, 48]"
116125,"[112, 13, 90, 238, 28, 261, 119, 223, 157, 48]"
116126,"[49, 26, 138, 30, 72, 261, 92, 238, 97, 14]"
116127,"[25, 147, 73, 45, 97, 49, 0, 261, 76, 21]"
116128,"[72, 82, 18, 15, 71, 138, 238, 54, 149, 64]"
116129,"[133, 26, 18, 238, 147, 72, 90, 13, 28, 58]"
116130,"[175, 279, 42, 29, 17, 23, 32, 72, 138, 238]"
116131,"[84, 34, 13, 54, 1, 90, 23, 28, 238, 119]"
116132,"[64, 26, 138, 72, 18, 238, 6, 15, 92, 71]"
116133,"[72, 82, 73, 26, 15, 138, 18, 12, 238, 64]"
116134,"[175, 13, 238, 90, 28, 119, 223, 48, 142, 146]"
116135,"[5, 1, 23, 54, 72, 82, 34, 279, 2, 20]"
116136,"[54, 2, 84, 279, 5, 34, 4, 13, 28, 90]"
116137,"[105, 138, 73, 49, 238, 92, 97, 30, 146, 64]"
116138,"[21, 119, 20, 261, 54, 13, 279, 157, 90, 238]"
116139,"[55, 72, 82, 238, 13, 90, 28, 15, 223, 119]"
116140,"[51, 73, 43, 238, 5, 90, 13, 28, 71, 279]"
116141,"[26, 72, 138, 238, 23, 146, 1, 2, 90, 64]"
116142,"[121, 1, 13, 23, 90, 238, 28, 119, 223, 54]"
116143,"[97, 0, 27, 73, 151, 77, 138, 189, 238, 72]"
116144,"[84, 13, 90, 238, 28, 119, 261, 223, 12, 48]"
116145,"[32, 26, 13, 90, 238, 28, 119, 12, 223, 72]"
116146,"[73, 220, 187, 151, 43, 30, 48, 121, 42, 97]"
116147,"[17, 73, 12, 91, 13, 6, 90, 238, 28, 119]"
116148,"[0, 97, 27, 261, 138, 151, 189, 14, 91, 238]"
116149,"[124, 1, 23, 2, 72, 279, 82, 32, 261, 5]"
116150,"[12, 261, 13, 90, 238, 28, 32, 119, 223, 6]"
116151,"[18, 72, 82, 26, 15, 138, 64, 73, 66, 238]"
116152,"[14, 23, 1, 138, 238, 7, 72, 17, 279, 146]"
116153,"[175, 157, 9, 18, 147, 238, 223, 13, 90, 21]"
116154,"[130, 1, 23, 54, 49, 5, 3, 72, 29, 13]"
116155,"[21, 187, 27, 189, 147, 238, 223, 279, 90, 14]"
116156,"[21, 157, 187, 147, 238, 261, 223, 14, 138, 90]"
116157,"[189, 238, 90, 157, 13, 28, 223, 119, 23, 1]"
116158,"[45, 13, 90, 187, 220, 238, 28, 119, 223, 279]"
116159,"[73, 45, 58, 13, 90, 238, 28, 48, 119, 223]"
116160,"[66, 1, 23, 13, 238, 157, 90, 189, 28, 223]"
116161,"[71, 25, 6, 54, 261, 220, 187, 279, 138, 238]"
116162,"[279, 23, 13, 90, 238, 28, 119, 20, 1, 223]"
116163,"[15, 72, 138, 238, 60, 0, 146, 64, 92, 105]"
116164,"[77, 138, 238, 73, 146, 64, 92, 72, 105, 97]"
116165,"[24, 28, 13, 238, 90, 119, 66, 223, 175, 189]"
116166,"[147, 60, 146, 23, 238, 90, 13, 28, 223, 138]"
116167,"[1, 23, 138, 2, 54, 49, 238, 30, 72, 60]"
116168,"[175, 147, 189, 238, 138, 90, 77, 223, 28, 13]"
116169,"[189, 223, 238, 90, 28, 13, 138, 119, 146, 7]"
116170,"[26, 72, 138, 238, 18, 15, 146, 64, 71, 90]"
116171,"[29, 238, 90, 13, 28, 223, 119, 146, 3, 138]"
116172,"[157, 238, 147, 90, 13, 261, 28, 223, 119, 146]"
116173,"[261, 13, 90, 238, 28, 119, 103, 223, 48, 34]"
116174,"[14, 23, 60, 279, 142, 24, 91, 238, 90, 13]"
116175,"[133, 58, 26, 18, 238, 13, 90, 6, 28, 12]"
116176,"[103, 187, 220, 13, 90, 28, 238, 44, 119, 223]"
116177,"[38, 66, 149, 26, 72, 133, 175, 17, 82, 238]"
116178,"[124, 71, 15, 2, 9, 5, 13, 18, 27, 90]"
116179,"[44, 13, 90, 238, 28, 119, 18, 223, 72, 58]"
116180,"[48, 147, 13, 73, 90, 238, 28, 119, 223, 45]"
116181,"[112, 220, 187, 13, 90, 238, 28, 119, 223, 12]"
116182,"[2, 73, 6, 25, 27, 9, 0, 41, 13, 238]"
116183,"[44, 13, 90, 238, 28, 119, 261, 279, 223, 48]"
116184,"[124, 6, 12, 2, 187, 220, 121, 26, 58, 51]"
116185,"[51, 73, 9, 15, 5, 71, 64, 91, 279, 3]"
116186,"[103, 13, 90, 238, 28, 119, 223, 27, 279, 76]"
116187,"[42, 4, 17, 130, 54, 29, 84, 49, 7, 3]"
116188,"[27, 3, 54, 9, 279, 29, 84, 2, 34, 119]"
116189,"[130, 1, 23, 34, 2, 54, 72, 4, 29, 42]"
116190,"[220, 187, 73, 49, 42, 23, 30, 1, 24, 34]"
116191,"[12, 13, 90, 238, 28, 119, 223, 103, 48, 146]"
116192,"[48, 13, 238, 90, 28, 119, 223, 146, 103, 32]"
116193,"[71, 58, 12, 6, 44, 26, 32, 27, 2, 13]"
116194,"[20, 54, 21, 13, 9, 279, 90, 27, 238, 28]"
116195,"[54, 220, 187, 279, 27, 34, 121, 13, 90, 238]"
116196,"[82, 72, 138, 15, 238, 66, 19, 55, 54, 64]"
116197,"[189, 147, 26, 157, 238, 138, 151, 223, 90, 28]"
116198,"[60, 23, 220, 187, 26, 49, 147, 24, 4, 238]"
116199,"[147, 157, 23, 261, 97, 14, 238, 138, 223, 90]"
116200,"[220, 187, 13, 90, 238, 28, 119, 223, 32, 48]"
116201,"[97, 138, 238, 147, 30, 121, 92, 146, 49, 72]"
116202,"[133, 147, 24, 97, 142, 23, 138, 21, 238, 0]"
116203,"[138, 157, 91, 261, 238, 97, 72, 105, 146, 64]"
116204,"[7, 189, 238, 19, 13, 90, 28, 223, 119, 55]"
116205,"[66, 238, 189, 13, 90, 28, 34, 119, 223, 23]"
116206,"[105, 27, 138, 151, 147, 26, 238, 97, 72, 64]"
116207,"[147, 23, 60, 238, 138, 223, 90, 146, 28, 13]"
116208,"[147, 238, 138, 90, 223, 28, 13, 23, 146, 7]"
116209,"[49, 1, 23, 138, 238, 30, 72, 4, 60, 146]"
116210,"[138, 73, 15, 238, 146, 72, 90, 64, 105, 92]"
116211,"[26, 72, 138, 1, 23, 238, 146, 64, 92, 105]"
116212,"[6, 71, 27, 13, 90, 238, 28, 2, 73, 119]"
116213,"[92, 72, 82, 15, 138, 238, 18, 64, 6, 146]"
116214,"[27, 279, 73, 261, 25, 9, 142, 45, 20, 14]"
116215,"[26, 72, 1, 23, 138, 238, 77, 105, 146, 64]"
116216,"[279, 238, 23, 90, 13, 28, 223, 119, 146, 138]"
116217,"[220, 187, 13, 90, 238, 28, 119, 223, 121, 43]"
116218,"[220, 187, 13, 238, 90, 28, 119, 223, 2, 84]"
116219,"[41, 187, 12, 27, 220, 147, 25, 21, 45, 261]"
116220,"[279, 23, 238, 24, 142, 60, 1, 13, 90, 28]"
116221,"[27, 6, 2, 279, 9, 151, 73, 71, 175, 51]"
116222,"[5, 30, 49, 130, 2, 1, 187, 220, 23, 43]"
116223,"[4, 23, 60, 238, 90, 13, 28, 24, 142, 223]"
116224,"[175, 27, 238, 13, 90, 28, 119, 223, 146, 48]"
116225,"[7, 13, 238, 90, 44, 28, 119, 223, 48, 146]"
116226,"[189, 238, 90, 28, 13, 138, 223, 146, 119, 38]"
116227,"[91, 73, 30, 6, 130, 97, 49, 147, 0, 92]"
116228,"[103, 13, 90, 238, 28, 119, 223, 45, 25, 48]"
116229,"[147, 238, 23, 90, 223, 13, 28, 97, 14, 189]"
116230,"[5, 2, 54, 1, 30, 23, 27, 34, 84, 130]"
116231,"[220, 187, 13, 90, 238, 28, 119, 223, 32, 48]"
116232,"[66, 58, 238, 13, 90, 28, 26, 119, 223, 146]"
116233,"[28, 13, 90, 238, 119, 223, 149, 24, 103, 44]"
116234,"[21, 157, 187, 27, 189, 223, 238, 279, 90, 175]"
116235,"[5, 261, 6, 12, 72, 82, 279, 45, 23, 138]"
116236,"[279, 54, 20, 27, 9, 23, 21, 13, 112, 90]"
116237,"[220, 187, 13, 54, 90, 238, 28, 119, 121, 223]"
116238,"[21, 187, 238, 90, 13, 223, 28, 119, 146, 147]"
116239,"[14, 23, 261, 58, 238, 60, 24, 138, 1, 146]"
116240,"[147, 238, 13, 90, 223, 28, 73, 45, 23, 119]"
116241,"[82, 72, 138, 58, 238, 15, 18, 146, 90, 91]"
116242,"[122, 60, 23, 261, 279, 138, 238, 14, 90, 146]"
116243,"[238, 13, 90, 28, 119, 223, 84, 149, 146, 48]"
116244,"[15, 72, 157, 138, 1, 238, 23, 146, 64, 92]"
116245,"[55, 238, 90, 13, 28, 223, 119, 157, 36, 146]"
116246,"[5, 12, 58, 279, 261, 138, 20, 238, 48, 45]"
116247,"[44, 13, 90, 238, 28, 119, 223, 48, 76, 103]"
116248,"[20, 13, 90, 238, 28, 119, 84, 223, 44, 71]"
116249,"[18, 27, 72, 157, 138, 238, 15, 77, 64, 151]"
116250,"[119, 13, 90, 238, 28, 223, 48, 103, 146, 84]"
116251,"[54, 5, 2, 49, 130, 84, 4, 10, 1, 23]"
116252,"[29, 13, 90, 238, 28, 119, 223, 48, 103, 32]"
116253,"[41, 73, 157, 82, 147, 72, 45, 0, 261, 151]"
116254,"[9, 279, 71, 15, 27, 73, 2, 72, 42, 91]"
116255,"[25, 73, 220, 187, 6, 49, 71, 26, 30, 0]"
116256,"[146, 238, 90, 13, 28, 223, 119, 138, 48, 34]"
116257,"[26, 72, 138, 238, 105, 64, 146, 92, 151, 27]"
116258,"[121, 13, 20, 90, 238, 28, 279, 119, 223, 32]"
116259,"[41, 73, 30, 91, 6, 49, 45, 25, 58, 12]"
116260,"[44, 13, 73, 58, 90, 238, 28, 119, 223, 71]"
116261,"[142, 261, 23, 14, 12, 279, 60, 13, 147, 238]"
116262,"[60, 23, 147, 157, 261, 14, 38, 238, 138, 146]"
116263,"[157, 21, 279, 20, 36, 90, 175, 29, 23, 14]"
116264,"[112, 13, 90, 238, 28, 119, 261, 54, 223, 48]"
116265,"[73, 130, 27, 58, 25, 91, 13, 6, 90, 41]"
116266,"[90, 13, 238, 28, 142, 119, 223, 146, 48, 103]"
116267,"[76, 13, 261, 27, 90, 238, 28, 119, 220, 187]"
116268,"[25, 6, 261, 147, 14, 151, 27, 279, 23, 97]"
116269,"[66, 21, 72, 238, 13, 82, 90, 15, 28, 223]"
116270,"[223, 238, 147, 13, 90, 54, 261, 28, 77, 20]"
116271,"[66, 21, 60, 238, 23, 279, 20, 90, 138, 28]"
116272,"[60, 147, 23, 26, 0, 138, 238, 38, 97, 146]"
116273,"[189, 147, 157, 238, 90, 13, 223, 28, 119, 138]"
116274,"[124, 6, 1, 23, 2, 279, 84, 72, 43, 26]"
116275,"[91, 73, 18, 26, 17, 3, 72, 15, 151, 105]"
116276,"[157, 238, 223, 90, 13, 28, 21, 220, 23, 261]"
116277,"[91, 73, 30, 261, 14, 45, 130, 49, 97, 23]"
116278,"[76, 220, 187, 13, 90, 238, 28, 12, 119, 223]"
116279,"[147, 23, 21, 73, 77, 0, 189, 223, 238, 187]"
116280,"[44, 279, 20, 23, 13, 261, 90, 28, 238, 60]"
116281,"[0, 26, 138, 72, 30, 58, 238, 261, 97, 49]"
116282,"[41, 124, 71, 15, 1, 23, 13, 90, 34, 238]"
116283,"[220, 187, 13, 90, 238, 28, 119, 223, 20, 32]"
116284,"[26, 92, 18, 58, 72, 73, 6, 138, 64, 15]"
116285,"[26, 72, 73, 138, 58, 15, 6, 12, 91, 238]"
116286,"[48, 20, 279, 13, 90, 238, 28, 119, 21, 14]"
116287,"[1, 23, 72, 49, 238, 138, 90, 28, 5, 130]"
116288,"[5, 2, 84, 54, 36, 4, 3, 130, 13, 90]"
116289,"[29, 261, 157, 77, 147, 112, 17, 20, 21, 103]"
116290,"[72, 82, 138, 27, 238, 15, 73, 105, 151, 64]"
116291,"[1, 23, 26, 72, 138, 238, 151, 97, 105, 18]"
116292,"[147, 238, 27, 90, 13, 223, 28, 23, 119, 146]"
116293,"[24, 23, 14, 38, 73, 12, 261, 91, 147, 189]"
116294,"[29, 147, 41, 112, 13, 77, 48, 90, 119, 238]"
116295,"[71, 82, 72, 9, 1, 77, 23, 279, 5, 2]"
116296,"[130, 91, 3, 77, 29, 82, 72, 17, 138, 238]"
116297,"[60, 23, 157, 238, 90, 138, 28, 13, 151, 223]"
116298,"[147, 26, 23, 60, 138, 238, 58, 72, 220, 223]"
116299,"[82, 72, 26, 18, 138, 58, 6, 238, 64, 146]"
116300,"[18, 73, 72, 26, 82, 15, 58, 138, 64, 175]"
116301,"[112, 13, 90, 238, 28, 27, 119, 261, 223, 48]"
116302,"[54, 2, 279, 13, 34, 27, 90, 28, 238, 119]"
116303,"[149, 13, 157, 238, 90, 28, 119, 18, 223, 19]"
116304,"[151, 138, 238, 105, 2, 64, 18, 72, 146, 1]"
116305,"[149, 21, 238, 13, 90, 28, 223, 119, 23, 1]"
116306,"[24, 23, 49, 54, 30, 1, 60, 142, 130, 13]"
116307,"[34, 13, 90, 28, 187, 238, 220, 119, 84, 223]"
116308,"[5, 73, 13, 71, 90, 238, 91, 28, 119, 223]"
116309,"[261, 119, 13, 279, 238, 90, 28, 60, 32, 223]"
116310,"[146, 147, 238, 26, 220, 187, 261, 90, 28, 13]"
116311,"[24, 23, 49, 220, 187, 60, 13, 90, 43, 28]"
116312,"[220, 187, 13, 23, 90, 238, 28, 119, 223, 279]"
116313,"[77, 138, 238, 1, 23, 72, 146, 64, 92, 91]"
116314,"[91, 73, 151, 130, 25, 3, 42, 138, 238, 146]"
116315,"[142, 13, 23, 34, 90, 28, 238, 119, 27, 223]"
116316,"[15, 72, 18, 138, 73, 238, 58, 12, 146, 64]"
116317,"[84, 34, 13, 90, 28, 238, 119, 223, 54, 48]"
116318,"[64, 1, 23, 138, 238, 72, 97, 0, 146, 92]"
116319,"[124, 27, 54, 2, 9, 279, 18, 157, 13, 90]"
116320,"[76, 13, 90, 238, 28, 119, 223, 34, 103, 48]"
116321,"[279, 23, 27, 13, 90, 261, 238, 28, 119, 20]"
116322,"[64, 138, 26, 72, 238, 18, 92, 146, 6, 133]"
116323,"[189, 238, 13, 90, 28, 119, 223, 146, 48, 138]"
116324,"[6, 73, 220, 187, 45, 261, 49, 14, 25, 30]"
116325,"[77, 72, 82, 97, 21, 1, 36, 189, 23, 15]"
116326,"[26, 72, 138, 73, 238, 97, 60, 41, 146, 64]"
116327,"[92, 73, 138, 238, 97, 151, 146, 90, 64, 49]"
116328,"[30, 138, 238, 146, 64, 72, 92, 105, 55, 97]"
116329,"[105, 27, 157, 138, 238, 151, 73, 146, 279, 97]"
116330,"[48, 13, 90, 238, 28, 119, 223, 103, 146, 34]"
116331,"[122, 13, 238, 90, 58, 28, 119, 223, 146, 48]"
116332,"[72, 82, 26, 18, 138, 6, 15, 238, 64, 92]"
116333,"[34, 13, 90, 28, 238, 119, 223, 32, 48, 103]"
116334,"[84, 13, 90, 238, 28, 119, 34, 223, 48, 103]"
116335,"[238, 60, 146, 90, 23, 13, 28, 261, 138, 147]"
116336,"[92, 73, 72, 26, 82, 12, 15, 18, 6, 138]"
116337,"[26, 72, 15, 27, 18, 73, 82, 138, 19, 238]"
116338,"[2, 27, 15, 71, 279, 9, 51, 64, 72, 44]"
116339,"[66, 58, 13, 238, 90, 28, 119, 223, 73, 12]"
116340,"[71, 6, 25, 2, 27, 261, 13, 279, 90, 28]"
116341,"[55, 18, 238, 72, 90, 19, 28, 13, 149, 147]"
116342,"[1, 23, 64, 138, 72, 2, 9, 238, 279, 20]"
116343,"[73, 29, 42, 17, 238, 90, 138, 28, 13, 91]"
116344,"[0, 138, 49, 238, 26, 72, 146, 64, 30, 151]"
116345,"[119, 13, 157, 90, 238, 28, 223, 21, 27, 103]"
116346,"[73, 17, 91, 238, 90, 13, 28, 55, 223, 119]"
116347,"[18, 138, 72, 238, 1, 23, 146, 64, 92, 105]"
116348,"[238, 157, 223, 90, 13, 28, 54, 149, 32, 119]"
116349,"[29, 17, 26, 60, 42, 130, 73, 24, 72, 23]"
116350,"[220, 187, 13, 90, 238, 28, 119, 223, 84, 34]"
116351,"[149, 238, 90, 13, 28, 223, 157, 4, 119, 21]"
116352,"[149, 238, 90, 13, 28, 223, 138, 147, 119, 157]"
116353,"[36, 147, 157, 238, 223, 90, 13, 28, 119, 138]"
116354,"[27, 279, 149, 34, 54, 1, 44, 9, 84, 71]"
116355,"[13, 90, 238, 28, 119, 27, 223, 76, 103, 48]"
116356,"[84, 13, 157, 90, 238, 28, 119, 223, 32, 20]"
116357,"[133, 147, 238, 24, 90, 13, 28, 223, 119, 146]"
116358,"[6, 72, 82, 12, 26, 187, 220, 58, 41, 0]"
116359,"[17, 73, 91, 26, 18, 13, 90, 238, 28, 119]"
116360,"[279, 45, 13, 90, 112, 238, 28, 119, 76, 23]"
116361,"[157, 27, 13, 223, 189, 90, 238, 28, 119, 220]"
116362,"[60, 146, 147, 238, 23, 13, 90, 28, 24, 223]"
116363,"[34, 187, 220, 13, 90, 238, 28, 119, 223, 84]"
116364,"[20, 27, 13, 90, 238, 28, 119, 223, 279, 261]"
116365,"[58, 6, 26, 146, 238, 13, 90, 28, 12, 119]"
116366,"[157, 238, 223, 261, 90, 13, 28, 147, 119, 220]"
116367,"[30, 49, 71, 60, 138, 238, 26, 23, 72, 151]"
116368,"[147, 238, 90, 13, 223, 28, 23, 138, 58, 220]"
116369,"[238, 13, 90, 28, 119, 223, 146, 48, 34, 103]"
116370,"[45, 13, 90, 238, 28, 119, 223, 48, 103, 146]"
116371,"[142, 73, 23, 189, 38, 12, 147, 13, 90, 238]"
116372,"[149, 147, 238, 45, 90, 138, 28, 13, 223, 146]"
116373,"[189, 90, 13, 73, 238, 28, 21, 223, 119, 14]"
116374,"[122, 238, 13, 90, 28, 119, 223, 157, 189, 4]"
116375,"[84, 13, 90, 238, 28, 119, 44, 223, 34, 103]"
116376,"[279, 13, 90, 238, 28, 23, 119, 223, 54, 48]"
116377,"[60, 23, 238, 1, 138, 90, 28, 13, 223, 146]"
116378,"[72, 92, 82, 15, 18, 138, 238, 64, 6, 90]"
116379,"[72, 82, 18, 27, 15, 138, 238, 64, 149, 71]"
116380,"[58, 73, 45, 13, 90, 238, 28, 42, 119, 76]"
116381,"[71, 27, 2, 279, 9, 54, 1, 84, 5, 23]"
116382,"[36, 13, 90, 238, 28, 223, 119, 45, 48, 175]"
116383,"[261, 13, 90, 54, 238, 28, 20, 119, 279, 223]"
116384,"[157, 60, 138, 23, 238, 220, 223, 279, 7, 151]"
116385,"[4, 189, 13, 90, 238, 28, 119, 223, 48, 55]"
116386,"[2, 73, 25, 238, 13, 90, 28, 124, 119, 223]"
116387,"[27, 48, 13, 90, 238, 28, 119, 223, 189, 279]"
116388,"[189, 27, 90, 13, 238, 28, 119, 223, 175, 48]"
116389,"[238, 90, 28, 13, 138, 223, 146, 119, 55, 38]"
116390,"[82, 72, 138, 23, 1, 238, 60, 261, 146, 64]"
116391,"[73, 91, 6, 38, 12, 142, 26, 24, 3, 42]"
116392,"[26, 72, 60, 138, 23, 238, 261, 25, 49, 146]"
116393,"[238, 90, 13, 28, 223, 119, 146, 138, 48, 103]"
116394,"[6, 220, 187, 45, 261, 14, 133, 49, 124, 23]"
116395,"[261, 13, 90, 238, 28, 119, 48, 45, 223, 58]"
116396,"[41, 73, 157, 27, 9, 54, 279, 25, 2, 29]"
116397,"[34, 187, 220, 13, 90, 28, 238, 23, 1, 119]"
116398,"[71, 6, 82, 72, 12, 220, 187, 26, 147, 279]"
116399,"[91, 261, 27, 130, 97, 49, 6, 0, 41, 73]"
116400,"[41, 220, 187, 6, 0, 73, 49, 91, 92, 97]"
116401,"[27, 279, 2, 149, 1, 142, 32, 238, 23, 71]"
116402,"[84, 54, 1, 220, 187, 23, 13, 90, 34, 28]"
116403,"[26, 92, 72, 18, 138, 58, 73, 261, 64, 238]"
116404,"[20, 13, 90, 238, 28, 187, 119, 220, 223, 12]"
116405,"[27, 279, 82, 72, 51, 13, 6, 119, 90, 28]"
116406,"[60, 23, 147, 151, 26, 238, 25, 138, 90, 133]"
116407,"[124, 187, 220, 12, 58, 121, 13, 238, 5, 28]"
116408,"[44, 6, 13, 32, 90, 238, 28, 119, 223, 261]"
116409,"[112, 13, 27, 90, 238, 28, 119, 223, 45, 279]"
116410,"[220, 187, 13, 90, 238, 28, 119, 223, 84, 34]"
116411,"[13, 90, 28, 238, 119, 223, 1, 23, 157, 48]"
116412,"[142, 13, 90, 238, 28, 119, 223, 48, 146, 103]"
116413,"[261, 13, 90, 238, 28, 119, 223, 279, 44, 48]"
116414,"[130, 26, 73, 20, 279, 97, 3, 72, 91, 36]"
116415,"[9, 6, 279, 13, 82, 27, 90, 28, 71, 72]"
116416,"[84, 13, 90, 238, 28, 119, 45, 223, 187, 220]"
116417,"[220, 187, 13, 90, 238, 28, 119, 223, 32, 103]"
116418,"[6, 73, 220, 187, 49, 41, 0, 25, 97, 147]"
116419,"[121, 13, 90, 238, 28, 119, 223, 20, 279, 44]"
116420,"[12, 13, 45, 90, 238, 28, 187, 220, 119, 223]"
116421,"[122, 238, 90, 13, 28, 223, 119, 138, 146, 189]"
116422,"[3, 30, 15, 73, 27, 2, 279, 20, 175, 72]"
116423,"[44, 13, 238, 90, 28, 119, 223, 48, 146, 103]"
116424,"[14, 238, 90, 13, 28, 23, 73, 142, 223, 119]"
116425,"[64, 138, 72, 18, 26, 238, 54, 15, 32, 71]"
116426,"[279, 23, 60, 138, 14, 238, 72, 21, 24, 146]"
116427,"[1, 23, 49, 138, 30, 54, 238, 72, 4, 2]"
116428,"[220, 187, 23, 13, 1, 90, 238, 28, 119, 223]"
116429,"[32, 21, 261, 13, 90, 2, 238, 28, 34, 119]"
116430,"[130, 220, 187, 73, 49, 261, 60, 30, 91, 43]"
116431,"[18, 72, 82, 138, 15, 64, 238, 92, 71, 147]"
116432,"[54, 2, 279, 43, 121, 238, 13, 90, 24, 28]"
116433,"[34, 13, 90, 54, 238, 28, 119, 223, 84, 23]"
116434,"[103, 13, 90, 238, 28, 119, 54, 223, 44, 32]"
116435,"[71, 72, 82, 6, 18, 15, 54, 27, 32, 279]"
116436,"[130, 73, 91, 151, 41, 0, 97, 92, 26, 105]"
116437,"[60, 23, 261, 14, 279, 238, 138, 38, 32, 72]"
116438,"[27, 279, 21, 9, 54, 82, 72, 77, 20, 51]"
116439,"[12, 13, 90, 238, 28, 119, 223, 187, 220, 48]"
116440,"[19, 238, 90, 13, 28, 223, 119, 38, 146, 138]"
116441,"[32, 13, 90, 238, 28, 119, 58, 223, 48, 2]"
116442,"[51, 27, 9, 82, 72, 77, 54, 279, 71, 13]"
116443,"[146, 18, 238, 13, 90, 28, 119, 223, 32, 149]"
116444,"[55, 238, 73, 90, 38, 13, 28, 12, 223, 138]"
116445,"[45, 13, 90, 238, 28, 119, 223, 48, 103, 261]"
116446,"[38, 149, 66, 72, 17, 133, 13, 175, 238, 82]"
116447,"[7, 157, 238, 44, 90, 13, 28, 223, 119, 146]"
116448,"[32, 26, 13, 90, 238, 28, 119, 58, 223, 73]"
116449,"[5, 6, 36, 97, 261, 76, 25, 3, 73, 279]"
116450,"[84, 13, 90, 238, 28, 119, 223, 27, 20, 44]"
116451,"[13, 90, 238, 28, 119, 223, 48, 187, 220, 103]"
116452,"[64, 72, 82, 18, 1, 23, 27, 15, 238, 138]"
116453,"[146, 13, 238, 90, 28, 119, 223, 19, 58, 149]"
116454,"[36, 60, 238, 90, 13, 28, 223, 23, 119, 138]"
116455,"[44, 72, 13, 82, 90, 28, 238, 119, 32, 223]"
116456,"[220, 187, 54, 23, 1, 13, 90, 238, 28, 119]"
116457,"[77, 72, 1, 15, 23, 82, 138, 73, 64, 238]"
116458,"[48, 13, 90, 238, 28, 157, 119, 223, 279, 189]"
116459,"[84, 13, 90, 238, 28, 119, 223, 20, 103, 48]"
116460,"[29, 157, 27, 9, 77, 21, 17, 20, 279, 103]"
116461,"[119, 13, 90, 238, 28, 223, 27, 48, 103, 146]"
116462,"[279, 23, 4, 24, 142, 60, 1, 7, 30, 72]"
116463,"[27, 51, 2, 279, 18, 32, 15, 71, 44, 13]"
116464,"[71, 6, 72, 82, 26, 12, 220, 187, 54, 279]"
116465,"[51, 6, 27, 2, 5, 13, 90, 28, 238, 279]"
116466,"[17, 13, 238, 90, 28, 119, 2, 223, 29, 48]"
116467,"[77, 138, 26, 238, 30, 72, 64, 92, 49, 146]"
116468,"[261, 25, 6, 41, 91, 26, 58, 12, 48, 133]"
116469,"[25, 157, 6, 29, 51, 20, 103, 124, 220, 279]"
116470,"[90, 238, 13, 28, 119, 223, 23, 21, 66, 24]"
116471,"[77, 72, 138, 15, 1, 23, 238, 82, 189, 64]"
116472,"[82, 72, 18, 1, 138, 238, 15, 23, 64, 71]"
116473,"[14, 238, 138, 189, 23, 90, 142, 157, 28, 146]"
116474,"[138, 1, 23, 189, 238, 15, 73, 72, 97, 146]"
116475,"[58, 26, 13, 90, 238, 28, 187, 119, 45, 220]"
116476,"[223, 189, 238, 13, 90, 157, 28, 119, 77, 146]"
116477,"[30, 1, 23, 138, 54, 2, 238, 34, 72, 146]"
116478,"[220, 187, 58, 13, 90, 238, 28, 119, 223, 48]"
116479,"[25, 6, 27, 261, 279, 14, 147, 157, 45, 151]"
116480,"[1, 23, 138, 73, 72, 238, 146, 92, 64, 105]"
116481,"[34, 187, 220, 13, 90, 28, 238, 119, 223, 121]"
116482,"[58, 12, 261, 13, 26, 60, 90, 238, 28, 14]"
116483,"[29, 147, 261, 14, 21, 73, 23, 13, 48, 90]"
116484,"[51, 27, 9, 157, 279, 54, 20, 77, 21, 103]"
116485,"[51, 34, 20, 279, 32, 2, 84, 187, 220, 71]"
116486,"[51, 73, 9, 157, 103, 105, 45, 151, 77, 279]"
116487,"[48, 13, 90, 220, 187, 238, 28, 119, 223, 12]"
116488,"[2, 261, 279, 238, 6, 124, 72, 90, 28, 13]"
116489,"[122, 238, 138, 157, 149, 54, 90, 28, 13, 146]"
116490,"[17, 73, 18, 72, 15, 19, 82, 3, 55, 29]"
116491,"[91, 73, 26, 12, 6, 58, 151, 72, 25, 15]"
116492,"[27, 279, 73, 45, 91, 25, 30, 2, 9, 142]"
116493,"[157, 21, 223, 220, 36, 9, 238, 279, 20, 261]"
116494,"[34, 187, 220, 13, 90, 238, 28, 119, 223, 121]"
116495,"[26, 72, 73, 12, 91, 138, 38, 92, 238, 133]"
116496,"[19, 238, 73, 6, 13, 90, 28, 133, 119, 223]"
116497,"[77, 138, 15, 1, 238, 2, 23, 72, 71, 146]"
116498,"[19, 157, 238, 90, 28, 13, 223, 21, 119, 138]"
116499,"[4, 157, 13, 90, 36, 238, 28, 119, 223, 32]"
116500,"[30, 1, 23, 49, 24, 138, 130, 97, 54, 60]"
116501,"[15, 72, 18, 26, 138, 27, 64, 238, 82, 71]"
116502,"[41, 9, 73, 71, 18, 5, 2, 130, 91, 13]"
116503,"[73, 261, 58, 45, 12, 13, 90, 238, 28, 119]"
116504,"[147, 27, 238, 13, 90, 223, 28, 157, 119, 189]"
116505,"[2, 54, 34, 1, 5, 23, 84, 44, 187, 220]"
116506,"[3, 130, 91, 238, 29, 138, 90, 28, 146, 13]"
116507,"[142, 23, 220, 187, 24, 54, 60, 49, 30, 1]"
116508,"[147, 73, 23, 21, 238, 189, 223, 90, 28, 13]"
116509,"[97, 138, 238, 73, 91, 121, 105, 146, 30, 64]"
116510,"[157, 147, 25, 60, 238, 223, 151, 220, 23, 90]"
116511,"[29, 27, 21, 157, 279, 20, 119, 2, 13, 90]"
116512,"[66, 18, 238, 13, 90, 28, 149, 119, 223, 44]"
116513,"[20, 13, 261, 90, 238, 28, 119, 48, 223, 103]"
116514,"[133, 73, 58, 72, 6, 26, 189, 82, 12, 38]"
116515,"[42, 175, 54, 17, 4, 1, 91, 23, 7, 29]"
116516,"[122, 238, 138, 90, 28, 13, 157, 223, 146, 119]"
116517,"[58, 12, 20, 279, 13, 90, 238, 28, 119, 223]"
116518,"[17, 73, 58, 13, 90, 32, 238, 28, 119, 6]"
116519,"[7, 1, 23, 238, 90, 13, 28, 223, 119, 49]"
116520,"[20, 27, 157, 13, 90, 238, 28, 119, 223, 279]"
116521,"[29, 13, 90, 238, 28, 119, 223, 73, 48, 32]"
116522,"[27, 279, 45, 6, 220, 187, 124, 142, 12, 92]"
116523,"[97, 157, 138, 105, 238, 64, 146, 147, 72, 92]"
116524,"[105, 138, 238, 49, 146, 90, 28, 64, 92, 72]"
116525,"[84, 13, 90, 238, 28, 119, 223, 103, 112, 48]"
116526,"[71, 6, 261, 26, 279, 73, 133, 32, 72, 38]"
116527,"[66, 238, 90, 13, 28, 21, 223, 138, 146, 119]"
116528,"[103, 13, 238, 90, 28, 119, 223, 48, 146, 279]"
116529,"[48, 261, 147, 13, 90, 238, 28, 45, 119, 223]"
116530,"[147, 157, 23, 238, 14, 0, 45, 223, 138, 21]"
116531,"[3, 6, 73, 82, 72, 12, 71, 91, 54, 92]"
116532,"[157, 27, 238, 90, 13, 223, 28, 261, 147, 119]"
116533,"[2, 124, 41, 27, 6, 13, 90, 72, 28, 238]"
116534,"[147, 157, 261, 90, 238, 14, 13, 45, 223, 28]"
116535,"[220, 187, 13, 90, 238, 28, 119, 223, 103, 48]"
116536,"[18, 72, 82, 6, 138, 26, 238, 92, 64, 147]"
116537,"[279, 23, 238, 138, 90, 28, 146, 72, 13, 223]"
116538,"[103, 13, 90, 238, 28, 119, 223, 32, 261, 279]"
116539,"[14, 21, 23, 238, 13, 45, 90, 28, 223, 119]"
116540,"[26, 72, 6, 82, 138, 92, 147, 238, 38, 64]"
116541,"[60, 23, 1, 238, 13, 2, 90, 28, 223, 119]"
116542,"[261, 27, 13, 147, 90, 238, 28, 119, 48, 223]"
116543,"[32, 13, 90, 28, 238, 119, 223, 44, 103, 112]"
116544,"[142, 12, 147, 23, 73, 238, 13, 90, 14, 28]"
116545,"[71, 73, 30, 9, 124, 13, 238, 90, 28, 25]"
116546,"[17, 73, 58, 18, 13, 32, 15, 90, 34, 12]"
116547,"[23, 60, 24, 142, 49, 1, 14, 279, 187, 91]"
116548,"[189, 238, 90, 28, 157, 138, 13, 66, 223, 146]"
116549,"[2, 54, 1, 23, 30, 34, 84, 5, 72, 130]"
116550,"[91, 73, 18, 17, 3, 13, 90, 238, 28, 15]"
116551,"[60, 23, 238, 1, 4, 90, 28, 13, 138, 223]"
116552,"[92, 147, 261, 60, 138, 220, 187, 23, 238, 279]"
116553,"[238, 90, 13, 146, 28, 223, 119, 138, 175, 48]"
116554,"[27, 279, 71, 149, 2, 34, 5, 54, 142, 84]"
116555,"[103, 13, 90, 238, 28, 119, 223, 261, 45, 48]"
116556,"[9, 279, 54, 1, 23, 32, 2, 20, 84, 34]"
116557,"[26, 72, 49, 97, 138, 41, 151, 30, 142, 238]"
116558,"[6, 58, 73, 26, 71, 18, 13, 72, 12, 90]"
116559,"[279, 27, 13, 90, 238, 28, 119, 23, 48, 223]"
116560,"[261, 13, 27, 90, 238, 28, 119, 223, 279, 48]"
116561,"[2, 54, 30, 49, 1, 23, 13, 90, 238, 28]"
116562,"[26, 18, 72, 92, 138, 15, 64, 58, 82, 238]"
116563,"[71, 73, 58, 6, 18, 13, 17, 90, 28, 238]"
116564,"[175, 157, 147, 238, 261, 138, 14, 90, 223, 28]"
116565,"[36, 147, 238, 13, 90, 28, 223, 157, 119, 261]"
116566,"[66, 238, 90, 13, 28, 223, 119, 146, 138, 48]"
116567,"[1, 23, 73, 138, 72, 238, 146, 64, 92, 105]"
116568,"[0, 1, 23, 72, 138, 82, 238, 97, 146, 64]"
116569,"[21, 187, 189, 147, 238, 223, 90, 28, 13, 138]"
116570,"[23, 1, 138, 60, 220, 187, 73, 142, 238, 7]"
116571,"[261, 21, 27, 13, 90, 238, 28, 119, 223, 157]"
116572,"[13, 90, 238, 28, 58, 119, 223, 48, 34, 103]"
116573,"[133, 238, 122, 138, 90, 32, 28, 146, 157, 13]"
116574,"[26, 72, 73, 58, 18, 138, 238, 64, 6, 146]"
116575,"[12, 13, 90, 238, 28, 119, 32, 223, 44, 71]"
116576,"[103, 27, 13, 21, 90, 238, 28, 119, 261, 279]"
116577,"[92, 138, 60, 238, 97, 49, 73, 23, 146, 91]"
116578,"[43, 13, 90, 238, 28, 119, 223, 48, 32, 76]"
116579,"[6, 73, 220, 187, 261, 45, 25, 49, 41, 279]"
116580,"[60, 23, 1, 34, 13, 90, 24, 28, 238, 119]"
116581,"[1, 23, 72, 138, 82, 26, 238, 0, 97, 147]"
116582,"[2, 9, 71, 13, 90, 238, 124, 28, 119, 223]"
116583,"[27, 279, 149, 15, 72, 2, 82, 9, 71, 5]"
116584,"[90, 238, 13, 28, 23, 223, 119, 1, 66, 122]"
116585,"[13, 90, 238, 28, 119, 32, 20, 223, 279, 103]"
116586,"[29, 261, 73, 147, 14, 20, 279, 17, 23, 48]"
116587,"[124, 41, 9, 147, 76, 54, 77, 25, 51, 13]"
116588,"[124, 73, 25, 9, 41, 13, 29, 76, 238, 90]"
116589,"[147, 261, 14, 157, 23, 60, 238, 90, 45, 36]"
116590,"[189, 238, 13, 90, 28, 119, 223, 146, 34, 142]"
116591,"[147, 23, 238, 138, 279, 223, 90, 28, 146, 13]"
116592,"[112, 13, 90, 9, 238, 28, 119, 223, 21, 279]"
116593,"[14, 23, 238, 90, 28, 138, 147, 13, 146, 223]"
116594,"[45, 13, 90, 238, 28, 119, 223, 48, 112, 103]"
116595,"[124, 6, 238, 13, 90, 28, 119, 223, 84, 2]"
116596,"[2, 73, 9, 71, 44, 3, 64, 72, 138, 20]"
116597,"[220, 187, 13, 90, 238, 28, 119, 223, 60, 23]"
116598,"[133, 73, 58, 12, 26, 238, 13, 90, 28, 119]"
116599,"[151, 138, 238, 26, 72, 73, 49, 91, 146, 64]"
116600,"[220, 187, 13, 90, 238, 28, 119, 223, 58, 48]"
116601,"[44, 13, 90, 238, 28, 119, 223, 45, 48, 76]"
116602,"[92, 147, 261, 26, 60, 138, 12, 72, 238, 23]"
116603,"[58, 187, 220, 13, 6, 90, 238, 28, 26, 73]"
116604,"[49, 138, 1, 23, 54, 238, 72, 146, 64, 7]"
116605,"[43, 220, 187, 13, 90, 238, 28, 119, 223, 34]"
116606,"[54, 1, 23, 2, 84, 130, 5, 10, 72, 42]"
116607,"[51, 73, 25, 45, 27, 9, 0, 41, 147, 279]"
116608,"[175, 189, 238, 13, 90, 157, 28, 223, 119, 21]"
116609,"[9, 279, 261, 73, 25, 20, 138, 42, 29, 91]"
116610,"[238, 90, 13, 28, 223, 279, 119, 146, 138, 147]"
116611,"[124, 73, 9, 25, 105, 13, 41, 71, 90, 28]"
116612,"[238, 146, 90, 13, 28, 223, 119, 138, 175, 48]"
116613,"[261, 13, 90, 238, 28, 119, 223, 103, 27, 48]"
116614,"[122, 189, 238, 138, 77, 4, 90, 55, 175, 223]"
116615,"[147, 26, 220, 187, 238, 23, 223, 138, 72, 90]"
116616,"[49, 138, 238, 157, 146, 72, 64, 90, 9, 28]"
116617,"[0, 138, 15, 238, 91, 72, 73, 2, 64, 146]"
116618,"[20, 13, 90, 238, 28, 119, 223, 279, 60, 43]"
116619,"[220, 187, 23, 1, 13, 90, 28, 238, 119, 223]"
116620,"[122, 238, 13, 90, 28, 119, 223, 146, 48, 103]"
116621,"[82, 72, 73, 138, 77, 238, 0, 175, 97, 146]"
116622,"[82, 72, 15, 138, 149, 238, 64, 157, 55, 19]"
116623,"[66, 238, 73, 13, 90, 28, 223, 119, 146, 149]"
116624,"[279, 13, 90, 238, 28, 119, 112, 54, 223, 23]"
116625,"[45, 13, 90, 238, 28, 119, 223, 103, 157, 20]"
116626,"[220, 187, 54, 13, 90, 238, 28, 119, 223, 23]"
116627,"[55, 72, 82, 54, 238, 122, 19, 90, 13, 71]"
116628,"[146, 138, 238, 157, 133, 32, 149, 90, 122, 72]"
116629,"[21, 187, 147, 238, 90, 13, 223, 28, 119, 261]"
116630,"[157, 223, 238, 13, 90, 151, 28, 147, 220, 77]"
116631,"[146, 238, 90, 28, 13, 60, 138, 223, 119, 23]"
116632,"[38, 147, 220, 238, 138, 187, 26, 23, 60, 49]"
116633,"[38, 238, 13, 90, 28, 223, 119, 146, 49, 76]"
116634,"[119, 13, 90, 238, 28, 223, 48, 103, 146, 43]"
116635,"[2, 27, 9, 18, 72, 21, 279, 51, 82, 71]"
116636,"[13, 90, 157, 238, 28, 27, 119, 261, 223, 20]"
116637,"[55, 73, 238, 13, 90, 28, 119, 223, 146, 122]"
116638,"[119, 54, 13, 90, 238, 28, 223, 48, 44, 18]"
116639,"[64, 73, 26, 72, 15, 18, 138, 238, 91, 105]"
116640,"[32, 13, 90, 238, 28, 119, 223, 44, 12, 58]"
116641,"[149, 13, 238, 90, 28, 119, 223, 189, 34, 21]"
116642,"[4, 238, 13, 90, 28, 223, 119, 146, 48, 38]"
116643,"[151, 27, 138, 238, 9, 105, 279, 18, 146, 90]"
116644,"[146, 238, 90, 28, 13, 138, 223, 189, 119, 4]"
116645,"[0, 73, 138, 238, 64, 30, 15, 72, 23, 1]"
116646,"[142, 73, 23, 12, 147, 13, 90, 238, 38, 189]"
116647,"[142, 27, 238, 90, 13, 28, 223, 119, 23, 138]"
116648,"[261, 220, 187, 12, 13, 90, 238, 28, 119, 223]"
116649,"[51, 27, 45, 279, 25, 41, 13, 90, 28, 238]"
116650,"[97, 138, 1, 23, 238, 72, 64, 146, 92, 105]"
116651,"[7, 147, 238, 44, 90, 13, 28, 223, 119, 146]"
116652,"[112, 13, 90, 238, 28, 119, 223, 21, 279, 54]"
116653,"[71, 187, 220, 27, 58, 34, 279, 13, 41, 90]"
116654,"[58, 13, 90, 238, 28, 119, 32, 223, 103, 48]"
116655,"[82, 72, 54, 15, 71, 138, 77, 19, 157, 189]"
116656,"[27, 279, 45, 9, 25, 14, 91, 0, 124, 73]"
116657,"[279, 60, 23, 49, 24, 147, 142, 220, 187, 4]"
116658,"[261, 73, 13, 90, 238, 28, 119, 223, 187, 220]"
116659,"[73, 261, 60, 220, 187, 23, 151, 14, 48, 25]"
116660,"[29, 13, 90, 73, 238, 28, 119, 223, 48, 103]"
116661,"[1, 23, 138, 49, 54, 238, 24, 72, 30, 130]"
116662,"[26, 72, 138, 238, 82, 15, 18, 64, 92, 146]"
116663,"[121, 261, 13, 147, 12, 238, 90, 28, 119, 223]"
116664,"[32, 13, 90, 238, 28, 119, 223, 103, 48, 58]"
116665,"[43, 23, 220, 187, 1, 13, 34, 90, 28, 238]"
116666,"[1, 23, 54, 4, 34, 7, 28, 84, 13, 72]"
116667,"[157, 238, 223, 220, 90, 149, 13, 28, 15, 138]"
116668,"[55, 238, 73, 13, 90, 28, 223, 119, 72, 146]"
116669,"[92, 138, 238, 146, 64, 105, 72, 90, 97, 151]"
116670,"[44, 13, 90, 238, 28, 119, 223, 32, 48, 149]"
116671,"[19, 13, 238, 90, 28, 119, 223, 34, 189, 146]"
116672,"[18, 72, 82, 15, 138, 238, 64, 146, 151, 90]"
116673,"[147, 238, 90, 13, 28, 223, 119, 261, 21, 146]"
116674,"[54, 84, 5, 2, 130, 13, 10, 90, 238, 4]"
116675,"[157, 90, 13, 238, 28, 27, 223, 119, 21, 279]"
116676,"[34, 13, 90, 28, 238, 119, 84, 223, 1, 23]"
116677,"[29, 13, 27, 90, 238, 28, 119, 223, 73, 279]"
116678,"[48, 73, 147, 26, 13, 90, 45, 238, 28, 119]"
116679,"[147, 23, 14, 138, 238, 151, 21, 261, 157, 223]"
116680,"[77, 15, 72, 138, 64, 238, 82, 18, 105, 27]"
116681,"[73, 54, 2, 13, 90, 84, 238, 28, 27, 119]"
116682,"[279, 157, 23, 45, 20, 13, 90, 261, 238, 28]"
116683,"[72, 82, 138, 238, 49, 73, 146, 64, 92, 105]"
116684,"[220, 187, 13, 90, 54, 238, 28, 23, 119, 34]"
116685,"[157, 238, 13, 90, 28, 223, 119, 146, 138, 48]"
116686,"[151, 27, 9, 105, 138, 189, 97, 238, 73, 77]"
116687,"[97, 138, 49, 238, 92, 146, 64, 72, 105, 30]"
116688,"[261, 21, 13, 90, 238, 28, 20, 119, 223, 45]"
116689,"[58, 12, 13, 90, 238, 28, 119, 223, 48, 146]"
116690,"[189, 238, 138, 90, 28, 13, 146, 223, 119, 19]"
116691,"[77, 138, 73, 238, 146, 64, 92, 72, 105, 30]"
116692,"[220, 187, 23, 1, 34, 13, 90, 238, 28, 119]"
116693,"[124, 54, 27, 157, 9, 2, 29, 279, 71, 84]"
116694,"[175, 238, 90, 28, 13, 223, 119, 138, 66, 146]"
116695,"[60, 23, 1, 24, 2, 238, 279, 90, 34, 13]"
116696,"[19, 73, 18, 238, 13, 90, 26, 28, 119, 223]"
116697,"[91, 73, 220, 187, 30, 45, 43, 76, 121, 97]"
116698,"[15, 72, 27, 138, 105, 238, 9, 77, 18, 64]"
116699,"[15, 72, 138, 27, 1, 238, 23, 2, 29, 146]"
116700,"[82, 72, 15, 138, 19, 238, 55, 66, 12, 38]"
116701,"[20, 13, 90, 238, 28, 119, 223, 12, 187, 220]"
116702,"[157, 238, 13, 223, 90, 28, 119, 77, 220, 146]"
116703,"[12, 13, 90, 238, 28, 119, 223, 34, 103, 189]"
116704,"[27, 279, 82, 72, 71, 54, 15, 142, 5, 34]"
116705,"[2, 27, 58, 44, 12, 71, 13, 90, 28, 238]"
116706,"[133, 58, 238, 13, 90, 28, 189, 223, 119, 72]"
116707,"[64, 138, 238, 49, 1, 23, 72, 151, 146, 90]"
116708,"[9, 279, 2, 27, 261, 6, 25, 26, 12, 58]"
116709,"[175, 238, 90, 13, 28, 223, 18, 119, 146, 66]"
116710,"[45, 13, 90, 238, 28, 119, 223, 48, 54, 103]"
116711,"[105, 73, 157, 27, 151, 138, 238, 97, 9, 146]"
116712,"[26, 72, 82, 18, 138, 238, 64, 6, 92, 1]"
116713,"[19, 238, 90, 26, 13, 28, 58, 119, 223, 146]"
116714,"[32, 13, 90, 238, 28, 119, 223, 44, 6, 48]"
116715,"[72, 82, 1, 138, 23, 15, 77, 238, 21, 64]"
116716,"[84, 13, 90, 28, 34, 238, 119, 157, 223, 4]"
116717,"[29, 26, 220, 187, 17, 72, 38, 43, 42, 60]"
116718,"[1, 23, 64, 138, 72, 238, 97, 261, 14, 279]"
116719,"[71, 2, 25, 279, 238, 90, 261, 28, 13, 124]"
116720,"[119, 157, 13, 90, 21, 238, 28, 223, 103, 45]"
116721,"[97, 1, 72, 138, 23, 82, 238, 105, 15, 64]"
116722,"[77, 73, 138, 238, 30, 92, 64, 72, 15, 146]"
116723,"[124, 73, 6, 58, 2, 9, 25, 91, 71, 26]"
116724,"[58, 13, 90, 238, 28, 119, 223, 32, 34, 48]"
116725,"[82, 72, 1, 138, 23, 105, 9, 238, 64, 27]"
116726,"[103, 187, 220, 13, 90, 238, 28, 119, 223, 58]"
116727,"[21, 14, 23, 238, 13, 90, 28, 223, 119, 77]"
116728,"[44, 58, 26, 13, 12, 90, 238, 28, 187, 119]"
116729,"[151, 73, 138, 49, 12, 142, 238, 24, 38, 97]"
116730,"[45, 13, 90, 238, 28, 119, 27, 223, 279, 103]"
116731,"[71, 82, 72, 77, 5, 51, 49, 15, 34, 103]"
116732,"[97, 147, 261, 0, 138, 151, 14, 91, 41, 238]"
116733,"[157, 238, 13, 90, 28, 223, 119, 34, 19, 146]"
116734,"[119, 13, 90, 238, 28, 223, 48, 32, 58, 103]"
116735,"[133, 189, 147, 220, 187, 73, 14, 23, 238, 142]"
116736,"[1, 23, 72, 18, 138, 238, 149, 66, 64, 124]"
116737,"[133, 73, 12, 26, 189, 147, 38, 72, 6, 21]"
116738,"[15, 72, 138, 238, 9, 0, 18, 151, 30, 146]"
116739,"[48, 13, 90, 238, 28, 119, 223, 103, 146, 9]"
116740,"[73, 72, 138, 77, 82, 15, 238, 105, 175, 146]"
116741,"[82, 72, 138, 238, 146, 64, 90, 92, 105, 28]"
116742,"[34, 187, 220, 13, 90, 28, 238, 119, 223, 43]"
116743,"[7, 1, 23, 34, 13, 44, 54, 90, 28, 238]"
116744,"[64, 72, 1, 23, 82, 18, 138, 15, 26, 238]"
116745,"[103, 13, 90, 238, 28, 119, 223, 32, 48, 146]"
116746,"[58, 12, 73, 13, 6, 90, 238, 28, 119, 223]"
116747,"[147, 238, 157, 90, 13, 28, 223, 119, 138, 146]"
116748,"[72, 82, 15, 18, 138, 64, 66, 1, 238, 23]"
116749,"[14, 23, 157, 238, 90, 147, 28, 13, 223, 138]"
116750,"[38, 26, 60, 147, 23, 261, 238, 72, 138, 32]"
116751,"[48, 13, 90, 238, 28, 119, 223, 54, 32, 103]"
116752,"[19, 72, 18, 82, 189, 238, 13, 90, 157, 15]"
116753,"[238, 13, 90, 28, 223, 119, 146, 15, 55, 4]"
116754,"[220, 187, 13, 90, 238, 28, 119, 223, 279, 261]"
116755,"[238, 90, 138, 23, 28, 157, 13, 1, 223, 21]"
116756,"[76, 13, 90, 238, 28, 119, 223, 20, 112, 36]"
116757,"[220, 187, 13, 90, 238, 28, 119, 223, 32, 48]"
116758,"[76, 58, 12, 13, 187, 90, 220, 238, 28, 119]"
116759,"[82, 72, 92, 15, 138, 54, 0, 238, 189, 122]"
116760,"[49, 6, 138, 147, 30, 92, 238, 26, 72, 14]"
116761,"[147, 157, 26, 238, 138, 0, 223, 90, 28, 14]"
116762,"[48, 13, 90, 238, 28, 119, 223, 77, 103, 54]"
116763,"[124, 73, 9, 261, 36, 189, 157, 45, 97, 151]"
116764,"[122, 238, 13, 90, 28, 119, 223, 36, 146, 48]"
116765,"[121, 13, 90, 238, 28, 119, 223, 261, 6, 48]"
116766,"[7, 238, 138, 90, 28, 146, 13, 223, 14, 119]"
116767,"[72, 82, 138, 26, 238, 64, 18, 49, 151, 92]"
116768,"[6, 58, 73, 12, 26, 18, 27, 72, 38, 48]"
116769,"[71, 6, 72, 82, 54, 18, 30, 13, 133, 58]"
116770,"[84, 13, 238, 90, 28, 119, 223, 261, 279, 103]"
116771,"[20, 13, 90, 238, 28, 119, 45, 223, 103, 48]"
116772,"[157, 223, 220, 238, 14, 189, 90, 13, 28, 138]"
116773,"[44, 58, 13, 6, 90, 238, 28, 119, 223, 12]"
116774,"[24, 23, 14, 261, 142, 60, 73, 38, 238, 279]"
116775,"[220, 187, 23, 1, 49, 42, 24, 30, 34, 130]"
116776,"[238, 223, 138, 90, 28, 13, 189, 146, 60, 119]"
116777,"[9, 27, 279, 82, 72, 44, 34, 15, 71, 51]"
116778,"[7, 21, 82, 72, 189, 238, 19, 138, 157, 90]"
116779,"[13, 238, 90, 28, 119, 223, 189, 48, 146, 76]"
116780,"[29, 13, 90, 28, 238, 54, 119, 223, 157, 3]"
116781,"[77, 73, 138, 30, 238, 15, 151, 64, 72, 27]"
116782,"[72, 82, 18, 15, 138, 27, 238, 64, 2, 105]"
116783,"[238, 13, 90, 28, 223, 119, 58, 146, 138, 48]"
116784,"[149, 21, 238, 90, 138, 28, 157, 13, 23, 223]"
116785,"[30, 26, 261, 138, 147, 72, 238, 97, 151, 0]"
116786,"[58, 13, 238, 90, 60, 28, 119, 32, 223, 20]"
116787,"[14, 23, 13, 90, 238, 28, 189, 119, 223, 73]"
116788,"[55, 238, 58, 13, 90, 28, 119, 18, 223, 26]"
116789,"[4, 23, 1, 13, 238, 90, 28, 2, 119, 60]"
116790,"[49, 138, 238, 92, 72, 146, 64, 105, 73, 124]"
116791,"[36, 147, 261, 14, 238, 223, 90, 13, 28, 119]"
116792,"[24, 23, 58, 261, 12, 238, 45, 13, 73, 90]"
116793,"[25, 6, 157, 20, 112, 21, 279, 51, 103, 72]"
116794,"[5, 73, 261, 54, 91, 25, 32, 138, 238, 58]"
116795,"[147, 23, 238, 138, 60, 1, 279, 32, 90, 223]"
116796,"[2, 72, 82, 71, 64, 77, 51, 9, 0, 44]"
116797,"[238, 223, 90, 13, 28, 119, 138, 146, 60, 48]"
116798,"[32, 58, 13, 90, 238, 28, 119, 261, 223, 6]"
116799,"[130, 27, 82, 72, 73, 49, 220, 187, 1, 2]"
116800,"[238, 26, 90, 112, 4, 7, 28, 133, 13, 223]"
116801,"[92, 138, 238, 18, 146, 90, 28, 64, 72, 105]"
116802,"[147, 157, 23, 14, 45, 261, 36, 0, 238, 138]"
116803,"[5, 54, 1, 23, 72, 82, 34, 84, 130, 15]"
116804,"[12, 13, 90, 238, 28, 119, 32, 44, 223, 48]"
116805,"[27, 138, 18, 15, 238, 72, 151, 105, 26, 64]"
116806,"[48, 13, 90, 238, 28, 119, 223, 32, 103, 84]"
116807,"[223, 238, 13, 90, 28, 189, 119, 279, 146, 32]"
116808,"[29, 32, 13, 66, 17, 90, 84, 238, 28, 119]"
116809,"[82, 72, 6, 138, 238, 18, 92, 15, 146, 149]"
116810,"[2, 27, 279, 15, 71, 18, 9, 124, 72, 51]"
116811,"[43, 58, 13, 90, 238, 28, 119, 45, 261, 223]"
116812,"[5, 27, 6, 25, 97, 279, 76, 13, 90, 28]"
116813,"[32, 13, 90, 238, 28, 119, 223, 48, 45, 44]"
116814,"[29, 13, 90, 238, 28, 119, 223, 48, 103, 146]"
116815,"[220, 187, 13, 147, 90, 261, 238, 28, 119, 223]"
116816,"[24, 13, 23, 90, 28, 238, 119, 223, 142, 4]"
116817,"[48, 13, 238, 90, 28, 119, 223, 54, 84, 146]"
116818,"[220, 187, 13, 90, 238, 28, 119, 223, 45, 34]"
116819,"[64, 9, 138, 72, 77, 157, 238, 36, 49, 105]"
116820,"[112, 13, 90, 238, 28, 119, 223, 76, 45, 261]"
116821,"[189, 21, 223, 13, 157, 238, 90, 28, 119, 279]"
116822,"[5, 1, 23, 2, 72, 54, 82, 279, 49, 4]"
116823,"[142, 238, 90, 13, 28, 223, 119, 146, 138, 23]"
116824,"[58, 13, 90, 238, 28, 119, 223, 48, 84, 103]"
116825,"[103, 13, 90, 238, 28, 119, 223, 44, 34, 48]"
116826,"[91, 261, 23, 1, 60, 97, 14, 147, 130, 73]"
116827,"[19, 189, 238, 13, 90, 28, 119, 223, 34, 146]"
116828,"[91, 73, 12, 30, 26, 6, 38, 45, 92, 58]"
116829,"[121, 13, 90, 238, 28, 119, 223, 32, 48, 146]"
116830,"[36, 147, 13, 238, 90, 28, 223, 119, 27, 189]"
116831,"[48, 45, 13, 90, 238, 28, 119, 76, 58, 223]"
116832,"[73, 44, 66, 12, 17, 64, 92, 42, 149, 72]"
116833,"[25, 6, 261, 157, 14, 58, 48, 151, 38, 45]"
116834,"[66, 26, 238, 90, 13, 28, 72, 223, 149, 146]"
116835,"[151, 27, 73, 261, 105, 97, 138, 14, 238, 41]"
116836,"[42, 4, 54, 17, 130, 13, 2, 90, 238, 28]"
116837,"[17, 157, 21, 29, 13, 90, 238, 28, 119, 223]"
116838,"[48, 13, 90, 238, 28, 119, 223, 27, 103, 146]"
116839,"[189, 27, 238, 13, 90, 28, 119, 223, 147, 48]"
116840,"[58, 13, 72, 90, 238, 28, 6, 119, 82, 223]"
116841,"[12, 6, 13, 90, 238, 28, 54, 119, 223, 38]"
116842,"[2, 18, 72, 73, 27, 82, 15, 71, 51, 9]"
116843,"[151, 27, 147, 238, 105, 0, 138, 97, 90, 28]"
116844,"[3, 1, 72, 82, 23, 27, 29, 2, 105, 73]"
116845,"[91, 73, 261, 130, 147, 97, 14, 30, 142, 23]"
116846,"[97, 147, 157, 151, 138, 0, 41, 105, 238, 26]"
116847,"[142, 54, 23, 13, 90, 28, 4, 238, 7, 220]"
116848,"[38, 238, 13, 90, 28, 175, 119, 223, 133, 66]"
116849,"[64, 138, 189, 238, 77, 72, 15, 1, 151, 146]"
116850,"[25, 27, 279, 9, 51, 261, 20, 105, 97, 0]"
116851,"[122, 238, 90, 13, 28, 12, 261, 223, 119, 91]"
116852,"[34, 187, 220, 13, 90, 28, 238, 119, 223, 84]"
116853,"[27, 279, 2, 73, 71, 15, 142, 5, 32, 1]"
116854,"[41, 2, 27, 32, 13, 71, 90, 54, 238, 28]"
116855,"[147, 238, 261, 90, 13, 223, 28, 119, 23, 48]"
116856,"[73, 9, 261, 6, 2, 279, 25, 91, 175, 151]"
116857,"[27, 279, 21, 261, 9, 157, 72, 82, 1, 2]"
116858,"[54, 2, 34, 1, 279, 23, 84, 5, 13, 28]"
116859,"[51, 27, 9, 279, 151, 41, 105, 25, 48, 77]"
116860,"[49, 220, 24, 187, 138, 238, 30, 23, 7, 54]"
116861,"[105, 138, 238, 73, 23, 1, 146, 64, 72, 92]"
116862,"[15, 3, 72, 18, 82, 6, 17, 66, 91, 64]"
116863,"[6, 18, 27, 58, 72, 82, 15, 2, 71, 26]"
116864,"[14, 157, 23, 238, 90, 13, 28, 223, 77, 138]"
116865,"[9, 27, 279, 51, 189, 72, 21, 82, 77, 15]"
116866,"[77, 72, 82, 15, 138, 64, 73, 238, 30, 189]"
116867,"[72, 82, 15, 18, 6, 138, 26, 238, 64, 146]"
116868,"[3, 6, 73, 15, 91, 72, 82, 1, 71, 23]"
116869,"[4, 238, 13, 90, 28, 223, 119, 36, 146, 76]"
116870,"[261, 13, 90, 238, 28, 119, 279, 223, 48, 20]"
116871,"[92, 138, 238, 105, 77, 0, 146, 64, 72, 97]"
116872,"[49, 105, 138, 18, 72, 238, 146, 82, 64, 92]"
116873,"[119, 13, 238, 90, 28, 223, 58, 187, 220, 48]"
116874,"[54, 261, 279, 2, 60, 133, 220, 23, 142, 187]"
116875,"[147, 238, 28, 138, 90, 13, 223, 146, 23, 60]"
116876,"[71, 73, 25, 2, 9, 261, 279, 5, 91, 130]"
116877,"[58, 13, 90, 238, 28, 119, 34, 223, 32, 48]"
116878,"[9, 73, 279, 220, 187, 42, 84, 91, 146, 238]"
116879,"[19, 157, 72, 54, 189, 82, 238, 149, 122, 90]"
116880,"[21, 157, 187, 238, 9, 223, 279, 90, 28, 13]"
116881,"[0, 73, 147, 27, 138, 97, 151, 105, 49, 238]"
116882,"[73, 130, 27, 91, 25, 13, 151, 238, 90, 261]"
116883,"[72, 82, 27, 138, 18, 77, 21, 15, 238, 105]"
116884,"[223, 157, 21, 13, 238, 90, 28, 119, 147, 20]"
116885,"[66, 26, 72, 238, 147, 90, 13, 19, 28, 146]"
116886,"[238, 138, 90, 146, 28, 14, 223, 13, 23, 142]"
116887,"[82, 72, 138, 26, 6, 18, 238, 64, 92, 146]"
116888,"[1, 23, 220, 187, 54, 130, 42, 49, 30, 24]"
116889,"[189, 90, 13, 238, 28, 45, 119, 223, 48, 175]"
116890,"[119, 189, 13, 90, 238, 28, 223, 21, 103, 20]"
116891,"[121, 13, 90, 187, 220, 238, 28, 119, 223, 58]"
116892,"[15, 72, 138, 238, 146, 64, 92, 105, 97, 151]"
116893,"[66, 238, 13, 90, 73, 28, 38, 119, 223, 146]"
116894,"[223, 14, 238, 90, 13, 28, 119, 261, 29, 157]"
116895,"[36, 238, 13, 90, 28, 223, 119, 58, 146, 142]"
116896,"[4, 157, 238, 13, 90, 28, 223, 119, 21, 18]"
116897,"[7, 44, 238, 90, 13, 28, 223, 147, 77, 119]"
116898,"[84, 1, 23, 2, 34, 54, 13, 90, 28, 238]"
116899,"[133, 18, 72, 238, 82, 90, 13, 15, 28, 223]"
116900,"[71, 73, 25, 279, 261, 2, 58, 187, 138, 220]"
116901,"[130, 1, 23, 2, 34, 5, 30, 73, 54, 49]"
116902,"[2, 1, 54, 23, 34, 18, 27, 84, 72, 30]"
116903,"[279, 13, 27, 90, 20, 238, 28, 9, 119, 223]"
116904,"[121, 13, 90, 238, 28, 119, 223, 6, 112, 48]"
116905,"[18, 72, 82, 157, 15, 54, 71, 138, 6, 149]"
116906,"[24, 28, 66, 238, 13, 90, 149, 223, 119, 175]"
116907,"[122, 238, 23, 90, 13, 279, 28, 223, 119, 142]"
116908,"[54, 71, 9, 279, 157, 15, 105, 29, 175, 220]"
116909,"[121, 13, 238, 90, 28, 119, 223, 48, 27, 146]"
116910,"[14, 147, 23, 261, 238, 26, 90, 28, 13, 138]"
116911,"[71, 58, 6, 27, 18, 26, 12, 72, 44, 30]"
116912,"[175, 238, 60, 138, 23, 90, 279, 28, 146, 223]"
116913,"[4, 60, 147, 23, 261, 279, 238, 14, 138, 90]"
116914,"[25, 6, 261, 45, 14, 20, 147, 279, 23, 76]"
116915,"[92, 73, 6, 12, 15, 91, 58, 72, 38, 138]"
116916,"[142, 23, 220, 187, 24, 60, 30, 49, 1, 54]"
116917,"[220, 187, 13, 90, 238, 28, 119, 223, 32, 103]"
116918,"[12, 13, 90, 238, 28, 119, 223, 32, 48, 44]"
116919,"[43, 13, 90, 238, 28, 119, 223, 261, 48, 32]"
116920,"[4, 21, 157, 19, 189, 13, 238, 90, 28, 223]"
116921,"[220, 187, 13, 90, 28, 238, 119, 223, 121, 12]"
116922,"[91, 261, 130, 97, 73, 23, 0, 24, 6, 14]"
116923,"[91, 73, 25, 3, 34, 77, 138, 130, 84, 238]"
116924,"[13, 90, 238, 28, 34, 119, 223, 189, 48, 19]"
116925,"[12, 13, 90, 238, 28, 119, 223, 261, 48, 103]"
116926,"[43, 1, 23, 13, 90, 238, 28, 119, 2, 223]"
116927,"[30, 73, 138, 238, 97, 58, 261, 151, 0, 146]"
116928,"[60, 23, 238, 279, 138, 32, 90, 28, 21, 146]"
116929,"[279, 13, 90, 23, 238, 28, 119, 44, 27, 34]"
116930,"[58, 13, 90, 238, 28, 119, 71, 223, 54, 103]"
116931,"[7, 60, 238, 23, 90, 13, 28, 49, 138, 223]"
116932,"[71, 58, 12, 6, 44, 26, 32, 13, 90, 238]"
116933,"[55, 72, 82, 26, 17, 238, 122, 12, 66, 90]"
116934,"[119, 13, 32, 90, 238, 28, 223, 4, 17, 279]"
116935,"[238, 90, 28, 13, 223, 138, 21, 4, 119, 72]"
116936,"[30, 49, 71, 24, 142, 23, 130, 73, 54, 7]"
116937,"[124, 15, 5, 71, 12, 51, 64, 112, 2, 44]"
116938,"[220, 187, 13, 90, 238, 28, 119, 223, 48, 103]"
116939,"[6, 124, 54, 27, 77, 13, 90, 28, 238, 119]"
116940,"[279, 13, 90, 34, 238, 28, 119, 223, 112, 23]"
116941,"[119, 13, 90, 238, 28, 147, 223, 73, 48, 103]"
116942,"[157, 189, 14, 73, 21, 90, 142, 13, 261, 175]"
116943,"[34, 238, 13, 90, 28, 60, 119, 23, 223, 187]"
116944,"[105, 157, 138, 151, 26, 9, 238, 97, 147, 72]"
116945,"[189, 157, 147, 238, 14, 21, 90, 13, 223, 28]"
116946,"[149, 238, 58, 13, 90, 28, 119, 223, 72, 82]"
116947,"[76, 220, 187, 26, 13, 90, 238, 28, 119, 223]"
116948,"[147, 238, 13, 90, 223, 28, 189, 119, 175, 23]"
116949,"[97, 27, 0, 138, 18, 157, 151, 238, 77, 51]"
116950,"[27, 54, 220, 187, 5, 2, 82, 72, 84, 1]"
116951,"[19, 238, 90, 13, 28, 279, 223, 119, 32, 138]"
116952,"[261, 27, 13, 90, 238, 28, 119, 223, 279, 48]"
116953,"[14, 23, 1, 238, 138, 90, 28, 279, 146, 13]"
116954,"[2, 1, 23, 54, 49, 13, 90, 5, 238, 28]"
116955,"[82, 72, 1, 138, 23, 238, 21, 2, 279, 105]"
116956,"[27, 279, 261, 9, 25, 147, 21, 73, 0, 91]"
116957,"[51, 27, 9, 279, 54, 2, 261, 20, 23, 21]"
116958,"[121, 261, 13, 90, 12, 238, 28, 119, 48, 45]"
116959,"[72, 82, 18, 15, 138, 71, 64, 238, 149, 19]"
116960,"[17, 21, 77, 54, 29, 157, 4, 3, 7, 20]"
116961,"[41, 6, 58, 26, 0, 91, 38, 97, 72, 92]"
116962,"[73, 91, 261, 6, 12, 60, 38, 279, 23, 133]"
116963,"[6, 73, 58, 71, 26, 18, 91, 261, 72, 13]"
116964,"[112, 261, 13, 90, 238, 28, 119, 223, 279, 20]"
116965,"[36, 157, 13, 189, 90, 223, 238, 28, 119, 175]"
116966,"[58, 13, 90, 187, 238, 28, 220, 119, 223, 45]"
116967,"[6, 26, 58, 18, 73, 12, 261, 72, 91, 2]"
116968,"[29, 147, 73, 157, 14, 261, 23, 45, 0, 97]"
116969,"[13, 157, 90, 238, 28, 119, 223, 103, 45, 73]"
116970,"[121, 6, 13, 90, 238, 261, 28, 119, 48, 223]"
116971,"[138, 157, 238, 60, 146, 64, 92, 105, 72, 97]"
116972,"[3, 27, 29, 54, 82, 72, 279, 13, 90, 17]"
116973,"[238, 90, 13, 147, 28, 223, 119, 146, 261, 48]"
116974,"[157, 9, 189, 13, 238, 90, 28, 21, 223, 119]"
116975,"[220, 187, 13, 90, 238, 28, 119, 223, 23, 121]"
116976,"[130, 73, 26, 91, 97, 0, 72, 3, 105, 6]"
116977,"[51, 27, 45, 9, 279, 20, 112, 15, 77, 21]"
116978,"[24, 23, 187, 220, 4, 13, 238, 90, 49, 28]"
116979,"[151, 147, 0, 97, 138, 105, 238, 49, 6, 157]"
116980,"[157, 21, 18, 90, 13, 238, 28, 223, 54, 77]"
116981,"[142, 12, 13, 23, 90, 238, 28, 73, 21, 119]"
116982,"[3, 91, 73, 130, 9, 151, 138, 2, 29, 238]"
116983,"[142, 238, 13, 90, 28, 119, 223, 146, 103, 48]"
116984,"[21, 187, 238, 90, 13, 28, 223, 58, 119, 138]"
116985,"[49, 72, 73, 138, 82, 238, 64, 9, 77, 105]"
116986,"[17, 73, 58, 6, 13, 90, 238, 28, 119, 223]"
116987,"[44, 13, 90, 238, 28, 119, 187, 223, 220, 261]"
116988,"[54, 220, 187, 23, 1, 279, 72, 82, 21, 20]"
116989,"[20, 13, 90, 45, 238, 28, 119, 223, 76, 48]"
116990,"[157, 60, 238, 223, 90, 13, 28, 220, 23, 138]"
116991,"[20, 13, 90, 238, 28, 119, 1, 23, 223, 279]"
116992,"[157, 223, 189, 13, 90, 220, 238, 28, 119, 175]"
116993,"[15, 72, 82, 138, 73, 26, 238, 6, 12, 64]"
116994,"[55, 238, 38, 90, 13, 28, 72, 12, 58, 223]"
116995,"[32, 13, 90, 261, 238, 28, 58, 119, 223, 48]"
116996,"[54, 119, 13, 90, 238, 28, 223, 48, 19, 32]"
116997,"[21, 187, 261, 238, 279, 223, 14, 90, 28, 13]"
116998,"[73, 261, 14, 91, 42, 23, 279, 24, 147, 29]"
116999,"[2, 27, 6, 18, 41, 279, 72, 51, 13, 0]"
117000,"[124, 9, 105, 6, 147, 151, 0, 73, 54, 41]"
117001,"[45, 147, 13, 90, 238, 220, 28, 187, 119, 26]"
117002,"[43, 13, 261, 90, 238, 28, 119, 223, 48, 12]"
117003,"[12, 13, 90, 238, 28, 119, 223, 32, 54, 48]"
117004,"[6, 49, 220, 187, 30, 0, 124, 13, 54, 41]"
117005,"[18, 72, 73, 82, 189, 138, 2, 175, 1, 15]"
117006,"[48, 13, 58, 90, 238, 28, 119, 223, 121, 45]"
117007,"[238, 90, 13, 28, 149, 223, 119, 138, 146, 84]"
117008,"[12, 13, 90, 238, 28, 119, 223, 54, 48, 103]"
117009,"[38, 238, 138, 149, 66, 90, 175, 30, 28, 146]"
117010,"[42, 175, 43, 4, 84, 34, 23, 60, 1, 279]"
117011,"[26, 133, 147, 58, 72, 38, 12, 238, 261, 18]"
117012,"[97, 72, 82, 6, 138, 49, 91, 238, 105, 15]"
117013,"[112, 13, 90, 238, 28, 119, 223, 187, 58, 220]"
117014,"[15, 72, 138, 1, 23, 238, 18, 146, 64, 175]"
117015,"[18, 72, 138, 238, 151, 82, 97, 147, 92, 146]"
117016,"[103, 13, 90, 238, 28, 119, 48, 223, 261, 146]"
117017,"[66, 238, 189, 90, 138, 28, 13, 147, 223, 146]"
117018,"[58, 13, 90, 238, 28, 119, 223, 27, 34, 48]"
117019,"[21, 23, 187, 60, 1, 279, 138, 238, 32, 36]"
117020,"[157, 223, 147, 13, 238, 90, 28, 119, 175, 14]"
117021,"[157, 147, 223, 220, 238, 14, 261, 90, 138, 28]"
117022,"[5, 54, 1, 23, 84, 34, 2, 220, 187, 27]"
117023,"[121, 13, 238, 90, 28, 119, 223, 261, 279, 48]"
117024,"[7, 238, 14, 90, 279, 28, 13, 138, 23, 142]"
117025,"[6, 73, 71, 58, 26, 261, 91, 38, 18, 133]"
117026,"[157, 223, 220, 149, 238, 13, 90, 28, 84, 21]"
117027,"[14, 21, 23, 187, 147, 238, 49, 138, 220, 90]"
117028,"[103, 13, 90, 238, 28, 119, 223, 73, 48, 146]"
117029,"[9, 279, 84, 124, 71, 44, 34, 54, 15, 149]"
117030,"[97, 1, 23, 138, 72, 238, 82, 64, 157, 105]"
117031,"[43, 6, 220, 13, 187, 90, 238, 28, 119, 223]"
117032,"[220, 187, 54, 13, 90, 28, 238, 119, 223, 34]"
117033,"[157, 238, 223, 138, 90, 220, 28, 149, 13, 146]"
117034,"[55, 26, 238, 58, 90, 13, 28, 72, 18, 6]"
117035,"[64, 138, 49, 238, 72, 146, 92, 105, 151, 97]"
117036,"[279, 13, 90, 238, 28, 119, 223, 58, 48, 23]"
117037,"[19, 147, 238, 138, 90, 28, 146, 7, 223, 26]"
117038,"[261, 21, 13, 73, 90, 60, 20, 238, 28, 119]"
117039,"[21, 157, 187, 147, 238, 36, 279, 223, 261, 138]"
117040,"[157, 25, 223, 189, 238, 90, 13, 220, 28, 119]"
117041,"[1, 23, 138, 72, 26, 238, 92, 146, 64, 105]"
117042,"[124, 82, 72, 54, 1, 84, 23, 2, 20, 9]"
117043,"[26, 72, 6, 82, 138, 92, 147, 238, 49, 0]"
117044,"[189, 147, 238, 90, 223, 28, 13, 138, 26, 146]"
117045,"[71, 73, 25, 261, 9, 279, 45, 2, 91, 48]"
117046,"[5, 220, 187, 23, 1, 36, 43, 76, 97, 60]"
117047,"[13, 90, 238, 28, 279, 119, 261, 223, 20, 32]"
117048,"[54, 73, 6, 279, 58, 25, 238, 138, 220, 90]"
117049,"[51, 73, 6, 5, 13, 90, 28, 238, 119, 43]"
117050,"[27, 279, 9, 21, 54, 189, 20, 51, 77, 72]"
117051,"[142, 4, 13, 238, 90, 23, 28, 223, 119, 54]"
117052,"[49, 138, 238, 58, 105, 72, 147, 146, 64, 92]"
117053,"[157, 21, 238, 90, 147, 13, 28, 189, 223, 77]"
117054,"[27, 279, 149, 71, 2, 15, 18, 9, 142, 72]"
117055,"[279, 261, 23, 20, 13, 90, 48, 45, 238, 28]"
117056,"[138, 23, 1, 24, 49, 2, 238, 30, 54, 60]"
117057,"[105, 73, 138, 238, 30, 64, 146, 92, 72, 151]"
117058,"[91, 124, 130, 3, 2, 42, 30, 279, 1, 14]"
117059,"[26, 92, 18, 58, 72, 12, 73, 138, 6, 38]"
117060,"[23, 1, 60, 142, 238, 13, 279, 90, 28, 34]"
117061,"[14, 21, 23, 238, 90, 138, 28, 187, 13, 223]"
117062,"[2, 41, 25, 27, 44, 238, 6, 13, 90, 28]"
117063,"[64, 72, 26, 138, 18, 15, 238, 82, 92, 146]"
117064,"[15, 18, 72, 9, 138, 238, 1, 105, 64, 2]"
117065,"[60, 23, 220, 187, 49, 54, 238, 30, 24, 90]"
117066,"[49, 138, 105, 72, 142, 238, 220, 187, 97, 0]"
117067,"[30, 1, 23, 72, 82, 54, 138, 238, 49, 5]"
117068,"[73, 9, 6, 238, 90, 13, 28, 71, 279, 2]"
117069,"[24, 28, 238, 13, 90, 223, 119, 38, 23, 66]"
117070,"[84, 157, 13, 90, 238, 28, 32, 119, 223, 20]"
117071,"[36, 13, 90, 238, 28, 119, 223, 48, 34, 103]"
117072,"[175, 238, 138, 90, 28, 13, 223, 146, 119, 43]"
117073,"[5, 54, 34, 84, 1, 23, 7, 4, 2, 44]"
117074,"[7, 23, 1, 4, 220, 187, 238, 34, 138, 90]"
117075,"[124, 9, 21, 149, 27, 157, 103, 279, 20, 51]"
117076,"[122, 238, 90, 13, 28, 223, 119, 146, 77, 138]"
117077,"[2, 27, 72, 82, 51, 279, 71, 15, 44, 5]"
117078,"[91, 73, 18, 17, 3, 238, 72, 32, 90, 28]"
117079,"[14, 147, 23, 26, 261, 157, 72, 138, 0, 151]"
117080,"[19, 72, 82, 18, 238, 13, 90, 15, 28, 17]"
117081,"[49, 138, 72, 238, 157, 82, 64, 146, 77, 0]"
117082,"[142, 13, 23, 24, 12, 90, 238, 28, 119, 187]"
117083,"[142, 54, 23, 7, 4, 34, 13, 90, 28, 238]"
117084,"[121, 13, 90, 238, 28, 119, 223, 103, 48, 146]"
117085,"[18, 72, 82, 15, 138, 157, 54, 71, 64, 238]"
117086,"[147, 238, 90, 28, 223, 13, 138, 189, 23, 146]"
117087,"[21, 157, 189, 238, 13, 90, 28, 223, 119, 29]"
117088,"[73, 238, 29, 90, 28, 138, 13, 223, 146, 119]"
117089,"[23, 279, 14, 238, 138, 90, 28, 223, 146, 13]"
117090,"[73, 97, 0, 30, 138, 12, 151, 238, 49, 142]"
117091,"[29, 13, 84, 15, 157, 90, 28, 238, 119, 17]"
117092,"[66, 21, 26, 12, 73, 72, 238, 17, 90, 13]"
117093,"[2, 73, 9, 25, 91, 238, 90, 13, 28, 223]"
117094,"[21, 187, 238, 90, 13, 223, 28, 138, 119, 146]"
117095,"[27, 279, 2, 71, 54, 13, 90, 84, 28, 238]"
117096,"[71, 124, 13, 90, 238, 28, 119, 27, 223, 44]"
117097,"[18, 72, 82, 15, 73, 189, 138, 1, 26, 12]"
117098,"[9, 279, 2, 58, 6, 42, 43, 261, 30, 26]"
117099,"[142, 58, 13, 238, 90, 28, 119, 223, 48, 146]"
117100,"[27, 279, 2, 6, 142, 238, 45, 90, 28, 13]"
117101,"[66, 21, 238, 13, 90, 28, 223, 119, 189, 77]"
117102,"[133, 147, 26, 60, 23, 261, 138, 220, 187, 38]"
117103,"[138, 73, 15, 72, 238, 6, 82, 97, 146, 151]"
117104,"[124, 9, 149, 15, 71, 91, 105, 64, 49, 3]"
117105,"[41, 27, 6, 0, 261, 9, 279, 151, 97, 105]"
117106,"[54, 6, 279, 43, 13, 27, 90, 238, 28, 119]"
117107,"[54, 279, 58, 6, 12, 45, 261, 76, 220, 32]"
117108,"[220, 187, 13, 90, 238, 28, 119, 223, 32, 48]"
117109,"[5, 73, 261, 9, 91, 25, 26, 6, 27, 72]"
117110,"[32, 58, 13, 90, 238, 28, 119, 223, 48, 103]"
117111,"[51, 6, 73, 71, 13, 90, 28, 238, 119, 223]"
117112,"[6, 27, 2, 279, 13, 51, 90, 9, 28, 238]"
117113,"[36, 238, 90, 13, 28, 223, 26, 138, 146, 119]"
117114,"[189, 147, 157, 238, 90, 223, 13, 28, 26, 119]"
117115,"[36, 238, 13, 90, 28, 32, 223, 23, 119, 1]"
117116,"[19, 238, 13, 90, 28, 12, 223, 119, 66, 146]"
117117,"[48, 13, 157, 90, 238, 28, 73, 119, 223, 103]"
117118,"[43, 13, 90, 238, 28, 34, 119, 223, 84, 48]"
117119,"[82, 72, 138, 18, 238, 15, 149, 64, 54, 19]"
117120,"[41, 73, 27, 261, 9, 147, 25, 91, 6, 157]"
117121,"[121, 1, 23, 13, 90, 34, 238, 28, 54, 119]"
117122,"[51, 27, 9, 45, 279, 25, 97, 261, 0, 41]"
117123,"[73, 92, 26, 15, 72, 138, 91, 58, 38, 6]"
117124,"[41, 6, 82, 72, 220, 187, 261, 49, 73, 12]"
117125,"[1, 23, 72, 82, 138, 97, 0, 238, 92, 146]"
117126,"[45, 187, 220, 13, 90, 238, 28, 119, 223, 121]"
117127,"[238, 28, 279, 90, 13, 21, 157, 122, 223, 138]"
117128,"[4, 13, 220, 90, 187, 238, 28, 119, 223, 142]"
117129,"[189, 147, 238, 261, 90, 28, 13, 223, 138, 14]"
117130,"[32, 13, 90, 28, 238, 119, 44, 223, 54, 48]"
117131,"[19, 238, 90, 138, 142, 279, 28, 13, 223, 189]"
117132,"[27, 73, 130, 91, 18, 279, 15, 3, 29, 13]"
117133,"[49, 30, 23, 26, 60, 138, 24, 72, 6, 1]"
117134,"[189, 157, 14, 238, 90, 13, 28, 223, 97, 119]"
117135,"[58, 13, 90, 238, 28, 119, 223, 48, 32, 103]"
117136,"[6, 73, 71, 82, 72, 27, 9, 13, 90, 28]"
117137,"[175, 238, 157, 90, 28, 138, 13, 223, 146, 119]"
117138,"[23, 60, 24, 14, 1, 142, 220, 187, 147, 49]"
117139,"[27, 41, 157, 279, 261, 2, 9, 51, 73, 72]"
117140,"[55, 238, 90, 28, 13, 138, 157, 149, 223, 146]"
117141,"[71, 261, 30, 2, 25, 23, 279, 1, 9, 20]"
117142,"[58, 13, 90, 238, 28, 119, 223, 27, 48, 103]"
117143,"[24, 238, 23, 13, 90, 28, 119, 223, 142, 146]"
117144,"[44, 13, 20, 21, 90, 238, 28, 119, 34, 223]"
117145,"[44, 13, 90, 238, 45, 28, 119, 223, 187, 220]"
117146,"[6, 27, 71, 44, 279, 13, 238, 90, 51, 28]"
117147,"[24, 23, 1, 4, 238, 13, 90, 28, 60, 34]"
117148,"[38, 147, 24, 23, 12, 97, 21, 60, 142, 261]"
117149,"[97, 138, 0, 49, 238, 18, 72, 92, 146, 151]"
117150,"[223, 238, 90, 13, 28, 66, 119, 138, 21, 146]"
117151,"[26, 73, 72, 58, 15, 91, 18, 6, 138, 105]"
117152,"[105, 72, 82, 138, 15, 238, 1, 23, 64, 146]"
117153,"[147, 55, 238, 138, 90, 28, 97, 146, 223, 13]"
117154,"[223, 238, 13, 90, 28, 119, 189, 146, 138, 48]"
117155,"[97, 0, 261, 138, 151, 45, 147, 238, 14, 92]"
117156,"[220, 187, 26, 13, 90, 238, 28, 23, 119, 223]"
117157,"[1, 23, 54, 72, 82, 138, 77, 49, 30, 238]"
117158,"[44, 13, 90, 238, 28, 119, 27, 223, 34, 84]"
117159,"[27, 13, 90, 238, 28, 119, 223, 103, 279, 34]"
117160,"[15, 72, 6, 18, 26, 82, 138, 238, 90, 64]"
117161,"[27, 279, 261, 1, 23, 142, 6, 2, 72, 32]"
117162,"[124, 73, 45, 9, 151, 25, 261, 0, 97, 91]"
117163,"[279, 23, 49, 60, 142, 24, 220, 187, 238, 30]"
117164,"[32, 58, 13, 90, 238, 28, 119, 223, 6, 48]"
117165,"[27, 279, 21, 142, 51, 20, 77, 72, 82, 112]"
117166,"[220, 187, 23, 1, 49, 60, 54, 24, 2, 30]"
117167,"[103, 13, 90, 238, 28, 119, 223, 187, 220, 48]"
117168,"[122, 238, 90, 13, 28, 223, 119, 26, 146, 133]"
117169,"[220, 187, 13, 90, 54, 238, 28, 119, 223, 49]"
117170,"[91, 3, 23, 1, 130, 73, 29, 138, 279, 238]"
117171,"[32, 13, 90, 238, 28, 44, 119, 223, 12, 149]"
117172,"[51, 27, 6, 238, 43, 2, 90, 13, 28, 279]"
117173,"[17, 60, 279, 23, 261, 14, 48, 72, 20, 142]"
117174,"[103, 13, 90, 238, 28, 58, 119, 223, 48, 187]"
117175,"[6, 72, 82, 12, 26, 58, 15, 187, 220, 27]"
117176,"[34, 13, 187, 220, 54, 90, 238, 28, 119, 223]"
117177,"[189, 238, 90, 13, 28, 223, 119, 142, 146, 138]"
117178,"[119, 13, 90, 238, 28, 223, 58, 48, 103, 146]"
117179,"[189, 157, 77, 238, 54, 13, 90, 21, 28, 223]"
117180,"[25, 261, 73, 6, 58, 41, 26, 38, 13, 90]"
117181,"[44, 13, 90, 6, 238, 28, 119, 58, 223, 32]"
117182,"[2, 27, 54, 18, 72, 82, 84, 5, 279, 15]"
117183,"[64, 72, 26, 15, 18, 82, 138, 71, 238, 92]"
117184,"[54, 2, 1, 23, 84, 220, 187, 5, 34, 13]"
117185,"[14, 23, 147, 157, 138, 238, 77, 223, 26, 90]"
117186,"[279, 23, 60, 238, 138, 90, 14, 28, 24, 13]"
117187,"[4, 21, 189, 13, 90, 238, 28, 119, 223, 55]"
117188,"[189, 238, 13, 157, 90, 28, 223, 147, 77, 21]"
117189,"[147, 238, 157, 23, 90, 223, 28, 13, 138, 279]"
117190,"[220, 187, 27, 13, 90, 238, 28, 119, 223, 32]"
117191,"[64, 72, 18, 15, 82, 71, 138, 238, 149, 19]"
117192,"[24, 28, 66, 13, 90, 238, 119, 175, 223, 149]"
117193,"[41, 220, 45, 187, 261, 27, 76, 48, 151, 157]"
117194,"[54, 34, 2, 279, 220, 84, 4, 187, 121, 175]"
117195,"[279, 13, 90, 238, 28, 119, 223, 23, 6, 48]"
117196,"[26, 72, 92, 82, 12, 6, 18, 147, 138, 64]"
117197,"[18, 72, 15, 54, 71, 138, 238, 149, 146, 122]"
117198,"[103, 13, 90, 238, 28, 119, 223, 34, 48, 32]"
117199,"[220, 187, 13, 90, 238, 28, 119, 223, 20, 103]"
117200,"[21, 238, 13, 187, 90, 28, 223, 119, 27, 34]"
117201,"[71, 58, 12, 6, 26, 32, 18, 72, 261, 15]"
117202,"[220, 187, 13, 90, 28, 238, 23, 34, 119, 223]"
117203,"[92, 15, 73, 138, 72, 18, 238, 64, 26, 55]"
117204,"[73, 15, 71, 6, 18, 91, 72, 19, 44, 64]"
117205,"[189, 157, 21, 27, 238, 29, 90, 175, 13, 223]"
117206,"[84, 13, 43, 42, 34, 90, 238, 28, 119, 175]"
117207,"[34, 13, 90, 238, 28, 119, 73, 223, 32, 48]"
117208,"[220, 187, 261, 12, 13, 90, 238, 28, 119, 223]"
117209,"[58, 60, 13, 90, 238, 28, 261, 119, 48, 223]"
117210,"[84, 1, 23, 187, 220, 13, 90, 238, 28, 119]"
117211,"[34, 13, 90, 238, 28, 119, 223, 157, 32, 48]"
117212,"[32, 13, 90, 44, 238, 28, 119, 12, 58, 223]"
117213,"[124, 261, 9, 25, 151, 41, 279, 45, 27, 14]"
117214,"[60, 23, 1, 34, 238, 13, 90, 28, 54, 119]"
117215,"[151, 138, 238, 64, 2, 72, 15, 146, 18, 92]"
117216,"[72, 82, 1, 105, 23, 138, 21, 189, 15, 238]"
117217,"[45, 13, 90, 238, 28, 119, 223, 279, 103, 27]"
117218,"[4, 220, 187, 60, 147, 23, 238, 26, 138, 90]"
117219,"[147, 261, 223, 238, 13, 90, 28, 14, 119, 157]"
117220,"[44, 13, 58, 90, 238, 28, 119, 223, 32, 48]"
117221,"[189, 223, 13, 238, 90, 28, 15, 119, 48, 146]"
117222,"[64, 138, 238, 77, 105, 72, 146, 90, 28, 92]"
117223,"[77, 147, 138, 238, 27, 97, 0, 23, 1, 72]"
117224,"[238, 13, 90, 146, 28, 223, 119, 45, 48, 151]"
117225,"[238, 28, 13, 90, 36, 223, 119, 279, 122, 103]"
117226,"[5, 36, 20, 72, 82, 15, 279, 112, 45, 27]"
117227,"[105, 1, 23, 138, 72, 238, 82, 146, 6, 97]"
117228,"[105, 138, 238, 146, 72, 90, 64, 26, 92, 28]"
117229,"[26, 72, 18, 138, 238, 82, 1, 23, 64, 32]"
117230,"[189, 27, 13, 90, 238, 28, 119, 223, 279, 21]"
117231,"[189, 238, 13, 90, 28, 119, 223, 58, 279, 142]"
117232,"[151, 138, 157, 238, 97, 105, 0, 112, 146, 64]"
117233,"[1, 23, 72, 138, 2, 238, 4, 30, 84, 15]"
117234,"[15, 72, 18, 82, 54, 71, 138, 149, 19, 238]"
117235,"[279, 23, 13, 20, 54, 90, 238, 28, 119, 112]"
117236,"[60, 220, 187, 4, 147, 23, 238, 49, 28, 138]"
117237,"[6, 220, 187, 45, 12, 30, 41, 76, 49, 124]"
117238,"[51, 72, 82, 2, 54, 1, 18, 23, 71, 279]"
117239,"[76, 261, 13, 90, 238, 28, 119, 223, 48, 14]"
117240,"[112, 13, 90, 238, 28, 58, 119, 223, 187, 220]"
117241,"[146, 13, 238, 90, 28, 119, 223, 24, 142, 76]"
117242,"[147, 23, 54, 238, 261, 14, 223, 90, 138, 28]"
117243,"[7, 44, 238, 147, 90, 13, 28, 223, 119, 138]"
117244,"[142, 23, 261, 12, 21, 14, 60, 38, 147, 91]"
117245,"[66, 18, 72, 238, 157, 13, 90, 28, 119, 223]"
117246,"[27, 279, 73, 261, 25, 9, 142, 151, 29, 1]"
117247,"[30, 72, 82, 138, 23, 1, 238, 77, 279, 97]"
117248,"[121, 13, 90, 238, 28, 119, 223, 44, 103, 48]"
117249,"[105, 157, 138, 238, 9, 151, 25, 146, 90, 54]"
117250,"[157, 238, 13, 90, 28, 9, 223, 119, 279, 20]"
117251,"[130, 73, 279, 91, 2, 3, 138, 29, 27, 20]"
117252,"[64, 138, 49, 238, 105, 30, 151, 72, 146, 2]"
117253,"[25, 73, 6, 49, 220, 187, 30, 13, 90, 238]"
117254,"[138, 238, 105, 26, 157, 72, 18, 64, 92, 151]"
117255,"[49, 23, 1, 30, 60, 6, 138, 142, 72, 24]"
117256,"[27, 13, 90, 238, 28, 119, 223, 261, 48, 279]"
117257,"[30, 97, 73, 6, 138, 72, 0, 38, 82, 91]"
117258,"[49, 30, 23, 1, 138, 24, 60, 72, 73, 54]"
117259,"[24, 23, 14, 142, 147, 38, 261, 73, 26, 58]"
117260,"[38, 73, 12, 238, 13, 90, 28, 6, 24, 91]"
117261,"[147, 238, 157, 223, 90, 21, 13, 28, 23, 138]"
117262,"[142, 147, 23, 238, 13, 90, 38, 28, 223, 119]"
117263,"[38, 238, 23, 24, 14, 138, 90, 147, 21, 28]"
117264,"[91, 73, 25, 77, 105, 151, 3, 130, 49, 138]"
117265,"[41, 6, 0, 220, 187, 12, 97, 43, 13, 90]"
117266,"[24, 60, 23, 28, 238, 30, 138, 220, 187, 133]"
117267,"[147, 238, 13, 90, 28, 223, 220, 119, 187, 146]"
117268,"[60, 23, 28, 13, 142, 238, 90, 1, 119, 223]"
117269,"[1, 23, 138, 2, 30, 157, 24, 49, 238, 72]"
117270,"[71, 54, 6, 72, 82, 18, 122, 15, 44, 279]"
117271,"[14, 21, 238, 23, 90, 13, 28, 223, 138, 119]"
117272,"[25, 6, 261, 23, 147, 1, 21, 279, 14, 20]"
117273,"[13, 90, 238, 28, 119, 130, 223, 220, 187, 42]"
117274,"[2, 71, 187, 220, 27, 5, 34, 84, 10, 121]"
117275,"[220, 187, 23, 1, 13, 90, 238, 28, 119, 223]"
117276,"[2, 27, 9, 25, 41, 26, 6, 12, 51, 279]"
117277,"[146, 238, 189, 90, 28, 13, 138, 223, 119, 21]"
117278,"[2, 27, 15, 5, 84, 105, 279, 72, 54, 44]"
117279,"[238, 90, 13, 28, 223, 119, 26, 146, 138, 48]"
117280,"[92, 138, 1, 27, 72, 23, 238, 77, 82, 0]"
117281,"[97, 72, 18, 82, 138, 238, 0, 1, 15, 23]"
117282,"[17, 32, 13, 90, 238, 28, 279, 66, 119, 29]"
117283,"[12, 13, 90, 238, 28, 119, 187, 220, 223, 45]"
117284,"[29, 26, 220, 187, 17, 73, 13, 90, 238, 28]"
117285,"[15, 72, 138, 238, 146, 64, 92, 105, 97, 151]"
117286,"[49, 138, 238, 72, 64, 15, 92, 30, 77, 18]"
117287,"[13, 90, 238, 28, 119, 261, 223, 279, 42, 32]"
117288,"[261, 25, 58, 41, 133, 48, 26, 138, 6, 10]"
117289,"[43, 220, 187, 13, 54, 90, 238, 28, 119, 23]"
117290,"[45, 261, 13, 90, 238, 28, 119, 223, 48, 58]"
117291,"[112, 13, 90, 238, 28, 119, 223, 32, 48, 84]"
117292,"[0, 138, 91, 1, 238, 23, 2, 72, 64, 146]"
117293,"[12, 13, 90, 238, 28, 119, 223, 32, 71, 44]"
117294,"[41, 27, 9, 279, 13, 238, 51, 90, 28, 119]"
117295,"[2, 54, 1, 23, 84, 5, 13, 90, 238, 28]"
117296,"[18, 72, 82, 1, 23, 138, 189, 238, 2, 175]"
117297,"[27, 130, 73, 82, 72, 279, 91, 51, 6, 15]"
117298,"[41, 261, 27, 73, 147, 279, 25, 54, 6, 48]"
117299,"[105, 26, 261, 138, 147, 151, 36, 97, 72, 238]"
117300,"[73, 138, 77, 72, 175, 82, 238, 97, 105, 92]"
117301,"[84, 1, 23, 13, 34, 90, 28, 238, 119, 2]"
117302,"[30, 72, 82, 1, 23, 138, 49, 238, 77, 146]"
117303,"[220, 187, 13, 90, 238, 28, 119, 223, 34, 121]"
117304,"[71, 6, 25, 13, 0, 90, 238, 28, 279, 41]"
117305,"[6, 41, 27, 48, 220, 187, 238, 13, 90, 28]"
117306,"[34, 21, 13, 20, 238, 90, 32, 28, 279, 12]"
117307,"[76, 45, 13, 147, 90, 238, 28, 58, 119, 223]"
117308,"[7, 23, 1, 13, 34, 44, 90, 28, 238, 119]"
117309,"[122, 23, 1, 279, 21, 189, 238, 90, 142, 28]"
117310,"[2, 27, 9, 72, 15, 82, 71, 124, 279, 149]"
117311,"[147, 189, 77, 21, 238, 23, 54, 223, 138, 90]"
117312,"[43, 220, 187, 13, 90, 12, 238, 28, 119, 45]"
117313,"[7, 238, 13, 157, 90, 28, 223, 119, 18, 149]"
117314,"[27, 279, 149, 1, 34, 44, 54, 9, 84, 23]"
117315,"[76, 13, 90, 238, 28, 26, 119, 220, 187, 223]"
117316,"[48, 13, 157, 90, 238, 28, 119, 223, 9, 103]"
117317,"[73, 130, 27, 91, 25, 142, 58, 151, 29, 279]"
117318,"[49, 60, 138, 26, 72, 261, 238, 30, 105, 23]"
117319,"[9, 279, 73, 45, 124, 29, 20, 25, 42, 157]"
117320,"[29, 157, 21, 189, 147, 73, 103, 77, 112, 187]"
117321,"[119, 13, 90, 238, 28, 223, 45, 76, 48, 103]"
117322,"[133, 26, 147, 238, 72, 58, 90, 28, 13, 6]"
117323,"[124, 73, 9, 77, 45, 189, 51, 112, 97, 103]"
117324,"[44, 13, 157, 90, 238, 28, 119, 223, 54, 9]"
117325,"[44, 13, 90, 238, 28, 119, 223, 34, 84, 9]"
117326,"[48, 13, 90, 238, 28, 119, 34, 223, 44, 103]"
117327,"[76, 13, 90, 238, 28, 119, 223, 26, 48, 261]"
117328,"[21, 187, 157, 261, 20, 238, 36, 223, 90, 13]"
117329,"[49, 105, 138, 73, 238, 72, 189, 146, 64, 92]"
117330,"[12, 73, 220, 187, 26, 6, 13, 147, 90, 238]"
117331,"[25, 27, 71, 58, 2, 279, 5, 51, 9, 34]"
117332,"[146, 58, 238, 13, 90, 28, 32, 18, 119, 223]"
117333,"[72, 82, 138, 238, 49, 26, 18, 146, 64, 92]"
117334,"[103, 157, 13, 9, 90, 238, 28, 119, 223, 21]"
117335,"[4, 157, 21, 238, 13, 18, 90, 28, 119, 223]"
117336,"[25, 9, 73, 29, 51, 157, 261, 20, 103, 279]"
117337,"[73, 49, 25, 26, 45, 0, 220, 187, 30, 58]"
117338,"[25, 6, 261, 73, 157, 147, 14, 45, 26, 91]"
117339,"[26, 72, 138, 238, 23, 1, 146, 64, 92, 105]"
117340,"[92, 72, 6, 26, 82, 18, 138, 15, 238, 133]"
117341,"[77, 138, 238, 146, 92, 64, 49, 72, 105, 90]"
117342,"[97, 0, 1, 23, 138, 73, 49, 72, 82, 238]"
117343,"[76, 13, 90, 238, 28, 119, 223, 149, 48, 32]"
117344,"[27, 279, 45, 12, 30, 26, 142, 124, 1, 92]"
117345,"[73, 3, 26, 91, 18, 12, 27, 72, 17, 130]"
117346,"[44, 13, 90, 238, 28, 119, 223, 48, 121, 20]"
117347,"[19, 73, 238, 133, 90, 13, 28, 189, 223, 119]"
117348,"[17, 189, 21, 13, 29, 90, 28, 238, 119, 84]"
117349,"[4, 220, 187, 238, 13, 90, 28, 23, 60, 223]"
117350,"[72, 82, 92, 18, 15, 138, 26, 238, 73, 64]"
117351,"[25, 6, 1, 23, 279, 32, 2, 72, 138, 238]"
117352,"[55, 238, 147, 90, 28, 138, 13, 223, 146, 119]"
117353,"[36, 14, 238, 23, 138, 60, 133, 90, 279, 223]"
117354,"[7, 157, 238, 44, 90, 13, 21, 28, 223, 119]"
117355,"[18, 72, 15, 82, 138, 238, 27, 64, 55, 17]"
117356,"[19, 21, 238, 90, 138, 28, 1, 189, 13, 23]"
117357,"[36, 13, 238, 90, 28, 149, 223, 119, 66, 84]"
117358,"[91, 1, 124, 23, 2, 3, 279, 130, 27, 72]"
117359,"[54, 27, 279, 21, 9, 44, 72, 32, 82, 103]"
117360,"[72, 82, 15, 18, 73, 189, 26, 64, 138, 77]"
117361,"[54, 1, 23, 220, 187, 279, 34, 2, 84, 72]"
117362,"[223, 147, 238, 13, 90, 28, 189, 119, 146, 48]"
117363,"[34, 13, 90, 187, 84, 54, 220, 238, 28, 1]"
117364,"[92, 72, 82, 6, 12, 73, 0, 26, 138, 147]"
117365,"[23, 1, 60, 28, 142, 13, 90, 238, 119, 4]"
117366,"[44, 13, 90, 238, 28, 119, 223, 45, 187, 220]"
117367,"[72, 82, 73, 26, 18, 15, 138, 64, 238, 91]"
117368,"[23, 279, 60, 49, 24, 1, 30, 142, 14, 238]"
117369,"[238, 90, 13, 28, 73, 223, 119, 138, 146, 142]"
117370,"[103, 21, 279, 13, 90, 157, 238, 28, 261, 20]"
117371,"[29, 13, 90, 238, 28, 119, 34, 36, 223, 17]"
117372,"[119, 13, 90, 238, 28, 223, 34, 48, 103, 146]"
117373,"[64, 138, 49, 238, 72, 146, 92, 105, 97, 151]"
117374,"[77, 73, 15, 189, 138, 97, 175, 151, 64, 157]"
117375,"[142, 220, 187, 30, 23, 147, 49, 60, 24, 26]"
117376,"[122, 238, 90, 23, 13, 28, 1, 15, 32, 279]"
117377,"[220, 187, 261, 12, 13, 147, 90, 238, 28, 119]"
117378,"[73, 26, 6, 58, 72, 12, 18, 82, 92, 151]"
117379,"[36, 238, 13, 90, 28, 223, 119, 146, 76, 48]"
117380,"[45, 13, 90, 238, 28, 119, 223, 34, 48, 44]"
117381,"[71, 58, 6, 32, 13, 12, 18, 90, 238, 28]"
117382,"[17, 157, 21, 29, 13, 238, 54, 90, 28, 2]"
117383,"[103, 27, 13, 90, 238, 28, 119, 223, 279, 48]"
117384,"[58, 13, 90, 238, 28, 119, 223, 44, 71, 48]"
117385,"[27, 279, 82, 72, 71, 149, 34, 124, 1, 15]"
117386,"[189, 21, 23, 1, 238, 90, 279, 28, 13, 4]"
117387,"[26, 72, 58, 73, 18, 138, 238, 92, 146, 6]"
117388,"[157, 23, 21, 1, 223, 238, 13, 90, 28, 149]"
117389,"[112, 157, 13, 90, 238, 28, 119, 223, 103, 21]"
117390,"[2, 73, 6, 49, 54, 130, 5, 18, 187, 84]"
117391,"[122, 238, 13, 90, 28, 119, 223, 146, 48, 84]"
117392,"[29, 238, 138, 90, 28, 19, 13, 3, 223, 146]"
117393,"[14, 23, 238, 142, 73, 90, 28, 147, 13, 146]"
117394,"[14, 23, 147, 73, 21, 238, 189, 90, 13, 28]"
117395,"[220, 187, 13, 90, 238, 28, 119, 223, 6, 48]"
117396,"[30, 72, 82, 138, 77, 238, 97, 15, 146, 64]"
117397,"[149, 238, 13, 90, 28, 119, 223, 146, 48, 138]"
117398,"[4, 54, 238, 13, 90, 28, 223, 119, 36, 23]"
117399,"[55, 238, 90, 13, 28, 223, 157, 119, 146, 38]"
117400,"[12, 13, 90, 238, 28, 119, 32, 71, 223, 48]"
117401,"[149, 238, 90, 13, 28, 223, 119, 138, 146, 279]"
117402,"[9, 71, 13, 90, 28, 238, 119, 223, 105, 279]"
117403,"[21, 187, 238, 223, 90, 28, 13, 138, 146, 119]"
117404,"[72, 82, 1, 23, 138, 49, 238, 261, 0, 77]"
117405,"[71, 82, 72, 6, 54, 15, 18, 44, 122, 21]"
117406,"[23, 60, 1, 220, 187, 4, 14, 142, 238, 138]"
117407,"[1, 23, 72, 30, 15, 54, 34, 238, 138, 18]"
117408,"[18, 72, 138, 27, 97, 30, 238, 105, 146, 91]"
117409,"[27, 279, 73, 220, 187, 142, 13, 238, 90, 28]"
117410,"[44, 13, 90, 238, 28, 119, 223, 34, 84, 48]"
117411,"[147, 157, 238, 90, 223, 13, 28, 23, 119, 138]"
117412,"[45, 187, 220, 58, 13, 73, 26, 90, 238, 28]"
117413,"[21, 157, 189, 238, 13, 90, 279, 28, 20, 223]"
117414,"[220, 187, 13, 90, 238, 28, 119, 223, 48, 103]"
117415,"[6, 261, 30, 27, 49, 41, 14, 45, 151, 48]"
117416,"[15, 72, 18, 82, 157, 138, 54, 149, 238, 71]"
117417,"[121, 13, 238, 90, 28, 119, 223, 103, 48, 146]"
117418,"[54, 2, 279, 13, 90, 238, 28, 43, 121, 119]"
117419,"[32, 13, 90, 238, 28, 119, 223, 12, 48, 103]"
117420,"[7, 23, 1, 60, 238, 13, 90, 28, 24, 223]"
117421,"[149, 58, 238, 13, 90, 28, 72, 119, 223, 82]"
117422,"[48, 13, 90, 238, 28, 119, 223, 32, 103, 146]"
117423,"[32, 13, 90, 238, 28, 119, 27, 34, 223, 103]"
117424,"[220, 187, 49, 30, 26, 43, 41, 24, 58, 130]"
117425,"[4, 54, 23, 238, 13, 1, 90, 28, 119, 223]"
117426,"[105, 157, 138, 238, 151, 147, 146, 90, 27, 28]"
117427,"[27, 279, 6, 71, 142, 73, 13, 124, 90, 28]"
117428,"[91, 73, 26, 6, 15, 72, 18, 133, 130, 38]"
117429,"[60, 23, 14, 238, 261, 73, 138, 90, 28, 13]"
117430,"[175, 238, 13, 90, 28, 261, 223, 119, 147, 279]"
117431,"[38, 58, 238, 26, 6, 13, 90, 28, 119, 223]"
117432,"[142, 23, 4, 17, 187, 220, 54, 84, 7, 279]"
117433,"[189, 223, 238, 13, 90, 28, 119, 146, 48, 4]"
117434,"[2, 54, 72, 82, 27, 1, 23, 124, 5, 84]"
117435,"[151, 26, 138, 49, 238, 72, 220, 187, 92, 146]"
117436,"[72, 82, 1, 23, 15, 138, 77, 279, 238, 64]"
117437,"[17, 73, 142, 42, 138, 72, 130, 7, 48, 238]"
117438,"[2, 73, 27, 13, 90, 238, 28, 119, 71, 223]"
117439,"[44, 82, 72, 13, 54, 71, 90, 238, 28, 119]"
117440,"[90, 238, 13, 28, 119, 223, 72, 82, 21, 189]"
117441,"[73, 261, 14, 42, 147, 91, 13, 48, 90, 238]"
117442,"[130, 1, 49, 23, 72, 82, 84, 220, 187, 77]"
117443,"[105, 72, 138, 238, 82, 6, 15, 90, 146, 28]"
117444,"[25, 73, 220, 187, 49, 26, 12, 43, 24, 91]"
117445,"[84, 187, 220, 13, 90, 238, 28, 119, 223, 121]"
117446,"[124, 6, 58, 71, 2, 121, 13, 90, 28, 238]"
117447,"[103, 13, 90, 238, 28, 119, 223, 32, 48, 146]"
117448,"[73, 58, 45, 13, 90, 238, 28, 6, 119, 48]"
117449,"[19, 157, 238, 90, 13, 28, 223, 23, 1, 119]"
117450,"[97, 261, 73, 147, 151, 14, 138, 0, 189, 45]"
117451,"[1, 23, 72, 18, 138, 82, 77, 27, 64, 105]"
117452,"[157, 27, 105, 72, 82, 77, 54, 21, 189, 138]"
117453,"[97, 147, 138, 261, 9, 77, 238, 23, 105, 279]"
117454,"[73, 58, 187, 220, 26, 12, 38, 32, 133, 261]"
117455,"[72, 82, 18, 15, 138, 73, 26, 238, 58, 64]"
117456,"[21, 187, 238, 90, 13, 28, 223, 58, 119, 138]"
117457,"[49, 138, 26, 238, 30, 72, 6, 25, 92, 151]"
117458,"[238, 28, 24, 13, 90, 223, 119, 146, 48, 138]"
117459,"[0, 138, 238, 1, 23, 64, 72, 146, 92, 105]"
117460,"[49, 138, 238, 72, 157, 4, 64, 73, 30, 146]"
117461,"[4, 13, 54, 238, 90, 28, 119, 223, 23, 49]"
117462,"[220, 187, 13, 261, 90, 238, 28, 119, 48, 223]"
117463,"[121, 13, 90, 238, 28, 119, 223, 27, 48, 6]"
117464,"[105, 21, 157, 189, 27, 138, 77, 175, 36, 97]"
117465,"[66, 238, 26, 90, 13, 28, 21, 223, 72, 119]"
117466,"[72, 82, 138, 73, 238, 15, 146, 64, 49, 97]"
117467,"[55, 26, 238, 90, 13, 28, 38, 223, 58, 119]"
117468,"[3, 30, 73, 91, 279, 261, 23, 14, 130, 138]"
117469,"[60, 23, 142, 151, 24, 187, 220, 238, 91, 12]"
117470,"[279, 13, 90, 238, 28, 119, 45, 223, 48, 27]"
117471,"[0, 138, 73, 238, 15, 72, 1, 23, 146, 64]"
117472,"[64, 1, 23, 138, 238, 72, 2, 146, 92, 29]"
117473,"[54, 6, 73, 279, 13, 90, 238, 28, 119, 71]"
117474,"[66, 26, 72, 147, 238, 90, 82, 146, 38, 138]"
117475,"[3, 30, 49, 130, 91, 124, 29, 73, 77, 13]"
117476,"[279, 29, 42, 23, 138, 14, 17, 91, 238, 21]"
117477,"[279, 23, 14, 238, 90, 28, 13, 24, 142, 138]"
117478,"[6, 27, 2, 279, 238, 54, 90, 13, 28, 48]"
117479,"[15, 72, 138, 238, 0, 146, 64, 92, 105, 97]"
117480,"[27, 279, 21, 73, 157, 9, 261, 77, 20, 142]"
117481,"[4, 54, 19, 13, 90, 238, 28, 189, 119, 223]"
117482,"[72, 82, 138, 18, 238, 15, 64, 189, 27, 146]"
117483,"[32, 13, 90, 238, 28, 119, 223, 48, 103, 146]"
117484,"[51, 2, 5, 73, 71, 1, 23, 15, 238, 13]"
117485,"[77, 72, 82, 27, 15, 189, 138, 157, 97, 51]"
117486,"[220, 187, 12, 13, 90, 238, 28, 119, 261, 223]"
117487,"[48, 13, 73, 90, 238, 28, 119, 223, 58, 76]"
117488,"[5, 261, 279, 20, 32, 12, 58, 187, 54, 220]"
117489,"[66, 72, 18, 157, 238, 82, 13, 90, 28, 122]"
117490,"[15, 72, 138, 238, 1, 23, 0, 30, 146, 64]"
117491,"[73, 27, 6, 9, 279, 71, 151, 175, 51, 10]"
117492,"[58, 13, 90, 238, 28, 119, 223, 32, 44, 26]"
117493,"[142, 73, 58, 13, 90, 238, 28, 119, 48, 223]"
117494,"[23, 1, 24, 60, 142, 14, 220, 187, 49, 30]"
117495,"[21, 238, 187, 13, 90, 28, 223, 119, 146, 48]"
117496,"[27, 5, 82, 72, 21, 279, 54, 51, 71, 15]"
117497,"[142, 23, 261, 60, 27, 133, 187, 279, 220, 13]"
117498,"[1, 23, 30, 49, 72, 138, 2, 130, 238, 73]"
117499,"[32, 13, 90, 238, 28, 119, 223, 58, 71, 48]"
117500,"[119, 13, 90, 238, 28, 223, 147, 48, 261, 103]"
117501,"[82, 72, 138, 238, 25, 261, 151, 0, 146, 64]"
117502,"[14, 146, 147, 23, 138, 238, 60, 151, 189, 133]"
117503,"[19, 73, 133, 238, 142, 38, 138, 149, 72, 146]"
117504,"[55, 26, 147, 238, 38, 72, 138, 66, 90, 146]"
117505,"[73, 26, 92, 12, 72, 15, 91, 38, 82, 133]"
117506,"[223, 189, 238, 90, 138, 28, 7, 13, 220, 187]"
117507,"[60, 238, 23, 13, 90, 28, 119, 223, 44, 146]"
117508,"[13, 90, 238, 28, 261, 119, 223, 20, 76, 48]"
117509,"[51, 12, 220, 187, 43, 279, 238, 138, 90, 2]"
117510,"[29, 27, 17, 21, 77, 36, 19, 112, 97, 51]"
117511,"[9, 27, 279, 157, 2, 261, 54, 51, 151, 189]"
117512,"[41, 82, 72, 73, 2, 6, 32, 71, 13, 90]"
117513,"[60, 23, 220, 187, 13, 238, 90, 28, 34, 24]"
117514,"[27, 103, 13, 90, 238, 28, 119, 223, 279, 48]"
117515,"[29, 36, 112, 77, 17, 97, 147, 21, 175, 103]"
117516,"[45, 58, 187, 13, 220, 90, 238, 28, 119, 223]"
117517,"[92, 73, 49, 24, 97, 138, 151, 142, 41, 238]"
117518,"[121, 13, 90, 238, 28, 119, 223, 58, 45, 48]"
117519,"[26, 72, 138, 238, 77, 105, 0, 146, 64, 92]"
117520,"[30, 73, 138, 12, 238, 97, 151, 146, 64, 72]"
117521,"[30, 138, 238, 18, 146, 72, 64, 105, 92, 97]"
117522,"[34, 1, 23, 84, 13, 90, 28, 2, 54, 238]"
117523,"[77, 138, 97, 238, 147, 73, 175, 14, 189, 146]"
117524,"[3, 73, 15, 66, 18, 17, 44, 72, 6, 71]"
117525,"[73, 138, 49, 23, 77, 30, 24, 1, 7, 54]"
117526,"[4, 23, 1, 54, 2, 13, 90, 28, 238, 119]"
117527,"[189, 238, 13, 90, 28, 119, 223, 34, 146, 48]"
117528,"[82, 72, 138, 49, 238, 30, 151, 105, 146, 64]"
117529,"[54, 2, 279, 34, 49, 1, 23, 84, 73, 29]"
117530,"[12, 71, 13, 90, 238, 28, 119, 223, 32, 48]"
117531,"[64, 72, 73, 138, 82, 15, 238, 66, 92, 122]"
117532,"[238, 90, 13, 28, 189, 27, 119, 223, 21, 146]"
117533,"[175, 73, 42, 13, 90, 238, 28, 119, 223, 29]"
117534,"[48, 261, 13, 90, 238, 28, 119, 223, 279, 103]"
117535,"[30, 23, 1, 49, 24, 60, 54, 138, 238, 147]"
117536,"[133, 73, 189, 12, 6, 238, 38, 90, 13, 147]"
117537,"[138, 238, 72, 157, 105, 82, 18, 146, 90, 92]"
117538,"[55, 238, 147, 90, 28, 13, 4, 223, 138, 119]"
117539,"[220, 187, 13, 54, 23, 90, 28, 238, 119, 223]"
117540,"[48, 73, 261, 13, 90, 147, 238, 28, 119, 223]"
117541,"[38, 30, 45, 14, 133, 142, 23, 147, 175, 238]"
117542,"[20, 13, 90, 238, 28, 119, 27, 54, 223, 279]"
117543,"[82, 72, 18, 54, 138, 157, 15, 149, 6, 238]"
117544,"[73, 261, 91, 42, 45, 13, 58, 90, 238, 28]"
117545,"[121, 220, 187, 54, 13, 90, 238, 28, 119, 223]"
117546,"[45, 13, 187, 220, 90, 238, 28, 119, 223, 261]"
117547,"[5, 54, 82, 72, 27, 1, 23, 2, 84, 15]"
117548,"[21, 187, 238, 90, 223, 28, 13, 138, 146, 119]"
117549,"[1, 64, 72, 23, 82, 18, 15, 138, 32, 238]"
117550,"[45, 13, 90, 238, 28, 119, 48, 147, 223, 261]"
117551,"[27, 3, 9, 2, 279, 21, 29, 105, 5, 20]"
117552,"[9, 27, 157, 279, 73, 105, 71, 2, 103, 29]"
117553,"[23, 1, 7, 60, 279, 24, 238, 44, 2, 142]"
117554,"[18, 72, 138, 0, 238, 151, 97, 30, 146, 64]"
117555,"[1, 23, 72, 82, 18, 138, 77, 15, 238, 36]"
117556,"[14, 23, 261, 1, 147, 189, 238, 138, 279, 73]"
117557,"[27, 279, 73, 71, 2, 15, 142, 5, 19, 1]"
117558,"[223, 13, 90, 238, 28, 119, 48, 103, 189, 146]"
117559,"[71, 27, 9, 279, 2, 15, 5, 18, 105, 77]"
117560,"[32, 13, 90, 238, 28, 220, 187, 119, 223, 44]"
117561,"[27, 279, 82, 72, 54, 18, 142, 71, 5, 13]"
117562,"[34, 13, 32, 90, 238, 28, 119, 223, 279, 21]"
117563,"[41, 261, 45, 25, 14, 12, 30, 20, 26, 97]"
117564,"[29, 60, 279, 23, 238, 17, 90, 32, 13, 28]"
117565,"[29, 73, 13, 17, 90, 238, 28, 119, 223, 187]"
117566,"[48, 13, 90, 238, 28, 119, 34, 223, 32, 279]"
117567,"[105, 72, 1, 138, 23, 15, 82, 238, 2, 64]"
117568,"[189, 223, 238, 13, 90, 28, 119, 73, 146, 15]"
117569,"[36, 238, 21, 90, 13, 147, 28, 223, 14, 119]"
117570,"[43, 13, 90, 187, 220, 238, 28, 261, 119, 60]"
117571,"[151, 26, 138, 238, 49, 72, 30, 25, 64, 146]"
117572,"[1, 23, 157, 28, 13, 90, 238, 4, 54, 119]"
117573,"[1, 2, 23, 54, 6, 30, 279, 84, 5, 72]"
117574,"[1, 23, 54, 2, 84, 130, 5, 10, 72, 238]"
117575,"[121, 13, 90, 238, 28, 119, 223, 32, 48, 103]"
117576,"[189, 238, 90, 13, 28, 223, 138, 119, 146, 55]"
117577,"[32, 261, 13, 90, 238, 28, 187, 220, 119, 223]"
117578,"[146, 24, 187, 220, 142, 147, 23, 38, 189, 49]"
117579,"[130, 27, 73, 2, 15, 91, 29, 3, 5, 279]"
117580,"[149, 238, 13, 90, 72, 28, 73, 82, 119, 223]"
117581,"[97, 73, 0, 138, 49, 30, 92, 238, 151, 12]"
117582,"[48, 13, 90, 238, 28, 119, 223, 279, 32, 34]"
117583,"[30, 72, 82, 138, 238, 97, 77, 105, 15, 0]"
117584,"[147, 238, 261, 90, 13, 28, 223, 119, 146, 279]"
117585,"[97, 73, 0, 138, 49, 238, 72, 6, 92, 151]"
117586,"[146, 24, 60, 238, 261, 13, 90, 142, 12, 23]"
117587,"[72, 26, 92, 82, 73, 12, 15, 138, 133, 91]"
117588,"[220, 187, 23, 1, 13, 34, 90, 28, 238, 119]"
117589,"[73, 130, 91, 25, 142, 13, 90, 238, 28, 58]"
117590,"[66, 238, 13, 90, 28, 119, 223, 146, 279, 48]"
117591,"[26, 6, 147, 146, 238, 90, 72, 13, 28, 18]"
117592,"[17, 73, 58, 13, 48, 55, 90, 28, 238, 119]"
117593,"[27, 279, 21, 157, 9, 261, 142, 2, 20, 29]"
117594,"[76, 147, 261, 26, 13, 90, 48, 25, 238, 28]"
117595,"[51, 27, 25, 279, 261, 9, 41, 20, 45, 26]"
117596,"[6, 71, 58, 12, 73, 187, 220, 26, 38, 19]"
117597,"[151, 138, 49, 238, 91, 73, 92, 146, 64, 72]"
117598,"[112, 13, 90, 238, 28, 119, 223, 48, 43, 103]"
117599,"[36, 157, 13, 238, 90, 189, 21, 223, 28, 119]"
117600,"[17, 72, 82, 18, 149, 44, 29, 66, 122, 32]"
117601,"[18, 72, 26, 82, 138, 64, 15, 71, 238, 92]"
117602,"[2, 27, 279, 71, 13, 124, 90, 149, 28, 238]"
117603,"[121, 220, 187, 13, 90, 238, 28, 12, 43, 119]"
117604,"[26, 55, 238, 72, 90, 138, 28, 146, 13, 58]"
117605,"[121, 13, 90, 238, 28, 119, 223, 34, 84, 48]"
117606,"[72, 138, 1, 82, 23, 238, 49, 77, 220, 187]"
117607,"[142, 220, 187, 60, 23, 147, 26, 261, 238, 49]"
117608,"[25, 58, 6, 2, 261, 238, 48, 90, 187, 13]"
117609,"[9, 27, 279, 6, 51, 151, 97, 48, 13, 42]"
117610,"[41, 73, 220, 187, 26, 0, 91, 25, 49, 58]"
117611,"[73, 18, 72, 6, 15, 82, 17, 71, 3, 64]"
117612,"[66, 21, 238, 90, 28, 13, 138, 223, 119, 146]"
117613,"[4, 21, 157, 238, 13, 90, 28, 223, 119, 18]"
117614,"[147, 23, 73, 261, 14, 21, 238, 223, 90, 13]"
117615,"[1, 23, 2, 72, 138, 49, 30, 238, 64, 7]"
117616,"[20, 187, 220, 13, 90, 238, 28, 119, 223, 58]"
117617,"[23, 1, 60, 54, 49, 238, 4, 279, 7, 24]"
117618,"[220, 187, 13, 90, 238, 28, 119, 223, 54, 4]"
117619,"[6, 12, 261, 45, 25, 151, 76, 97, 279, 48]"
117620,"[175, 238, 13, 90, 28, 119, 223, 146, 19, 48]"
117621,"[51, 73, 25, 6, 9, 0, 91, 58, 26, 279]"
117622,"[19, 27, 18, 13, 238, 90, 28, 119, 223, 15]"
117623,"[0, 97, 189, 138, 238, 175, 72, 51, 151, 77]"
117624,"[133, 147, 220, 187, 238, 24, 26, 138, 23, 90]"
117625,"[21, 189, 157, 77, 90, 238, 54, 112, 13, 223]"
117626,"[7, 157, 238, 13, 90, 28, 223, 119, 36, 32]"
117627,"[220, 187, 261, 13, 279, 32, 90, 238, 28, 119]"
117628,"[42, 54, 4, 17, 130, 1, 23, 84, 29, 7]"
117629,"[36, 133, 238, 38, 30, 138, 14, 223, 90, 28]"
117630,"[103, 13, 90, 238, 28, 119, 223, 48, 146, 12]"
117631,"[45, 13, 90, 238, 28, 119, 223, 103, 48, 279]"
117632,"[49, 72, 138, 82, 1, 23, 238, 7, 4, 146]"
117633,"[20, 13, 90, 238, 28, 119, 223, 34, 103, 44]"
117634,"[20, 13, 90, 238, 28, 119, 157, 223, 45, 103]"
117635,"[36, 157, 238, 32, 13, 90, 28, 223, 23, 1]"
117636,"[92, 73, 0, 138, 97, 151, 147, 238, 105, 49]"
117637,"[147, 26, 23, 220, 187, 238, 24, 38, 138, 60]"
117638,"[157, 138, 238, 27, 72, 6, 105, 146, 64, 18]"
117639,"[220, 187, 60, 23, 147, 26, 24, 49, 142, 4]"
117640,"[19, 157, 238, 32, 66, 90, 21, 149, 72, 122]"
117641,"[64, 1, 23, 138, 73, 238, 72, 91, 146, 38]"
117642,"[76, 187, 220, 13, 90, 238, 28, 119, 261, 12]"
117643,"[43, 261, 220, 187, 12, 13, 14, 90, 238, 28]"
117644,"[77, 157, 138, 261, 23, 238, 147, 21, 20, 1]"
117645,"[29, 60, 279, 23, 238, 32, 138, 261, 90, 17]"
117646,"[38, 58, 261, 73, 26, 12, 238, 13, 90, 279]"
117647,"[84, 220, 187, 13, 90, 238, 28, 119, 223, 43]"
117648,"[175, 14, 261, 21, 151, 238, 147, 90, 23, 13]"
117649,"[27, 279, 25, 9, 261, 41, 142, 51, 21, 13]"
117650,"[84, 13, 238, 90, 28, 119, 223, 73, 48, 103]"
117651,"[157, 238, 13, 223, 90, 28, 72, 82, 119, 220]"
117652,"[279, 23, 20, 12, 261, 13, 90, 1, 238, 28]"
117653,"[91, 73, 18, 3, 71, 15, 105, 17, 72, 151]"
117654,"[73, 3, 26, 18, 91, 12, 72, 17, 58, 130]"
117655,"[38, 238, 13, 90, 28, 119, 223, 146, 48, 279]"
117656,"[261, 73, 14, 42, 13, 23, 90, 279, 238, 12]"
117657,"[149, 157, 72, 82, 238, 18, 90, 13, 28, 223]"
117658,"[147, 27, 238, 189, 13, 90, 28, 223, 119, 36]"
117659,"[279, 27, 13, 90, 238, 28, 23, 119, 223, 103]"
117660,"[130, 82, 72, 77, 91, 3, 0, 51, 41, 1]"
117661,"[49, 23, 60, 30, 138, 220, 187, 1, 73, 238]"
117662,"[36, 21, 157, 279, 27, 13, 223, 23, 90, 238]"
117663,"[15, 72, 73, 138, 238, 91, 92, 146, 64, 105]"
117664,"[66, 13, 18, 238, 90, 28, 119, 223, 149, 72]"
117665,"[77, 138, 238, 147, 157, 97, 151, 261, 146, 64]"
117666,"[25, 27, 73, 261, 147, 279, 45, 97, 130, 29]"
117667,"[5, 73, 220, 187, 49, 54, 2, 130, 91, 30]"
117668,"[261, 13, 147, 90, 238, 28, 119, 223, 48, 187]"
117669,"[9, 27, 279, 151, 6, 105, 13, 28, 90, 238]"
117670,"[73, 138, 77, 72, 82, 175, 238, 15, 105, 38]"
117671,"[13, 90, 238, 28, 119, 187, 220, 223, 12, 48]"
117672,"[223, 238, 90, 13, 28, 119, 146, 138, 48, 38]"
117673,"[119, 13, 90, 238, 28, 223, 279, 20, 48, 103]"
117674,"[124, 149, 2, 54, 279, 20, 32, 12, 23, 34]"
117675,"[157, 21, 238, 138, 20, 90, 147, 223, 14, 28]"
117676,"[1, 23, 49, 138, 30, 54, 72, 238, 130, 82]"
117677,"[13, 90, 238, 28, 119, 223, 76, 48, 146, 103]"
117678,"[97, 138, 49, 147, 238, 105, 92, 64, 30, 72]"
117679,"[189, 157, 21, 238, 90, 147, 13, 28, 223, 119]"
117680,"[15, 72, 82, 138, 1, 238, 64, 55, 23, 19]"
117681,"[149, 18, 238, 157, 13, 90, 28, 223, 119, 32]"
117682,"[157, 238, 90, 223, 28, 13, 138, 26, 146, 119]"
117683,"[41, 27, 9, 279, 51, 0, 97, 151, 105, 77]"
117684,"[279, 220, 187, 23, 60, 49, 147, 24, 30, 26]"
117685,"[92, 73, 26, 49, 97, 138, 24, 151, 142, 238]"
117686,"[151, 147, 26, 138, 49, 97, 0, 105, 238, 21]"
117687,"[54, 220, 187, 279, 133, 261, 45, 84, 121, 48]"
117688,"[18, 72, 73, 26, 138, 12, 91, 82, 238, 64]"
117689,"[17, 157, 32, 29, 13, 90, 28, 238, 3, 119]"
117690,"[142, 27, 13, 90, 238, 28, 119, 223, 48, 84]"
117691,"[5, 51, 138, 44, 238, 223, 146, 19, 64, 92]"
117692,"[27, 51, 9, 279, 261, 2, 6, 25, 151, 48]"
117693,"[72, 82, 73, 26, 15, 138, 189, 92, 12, 64]"
117694,"[91, 238, 13, 90, 28, 130, 119, 223, 29, 146]"
117695,"[60, 23, 13, 34, 90, 238, 28, 142, 119, 223]"
117696,"[220, 187, 73, 49, 42, 43, 14, 175, 60, 23]"
117697,"[45, 13, 90, 238, 28, 119, 223, 54, 279, 12]"
117698,"[279, 157, 9, 21, 20, 23, 13, 90, 238, 28]"
117699,"[124, 261, 25, 279, 20, 48, 97, 138, 2, 23]"
117700,"[82, 72, 138, 238, 26, 73, 146, 92, 58, 12]"
117701,"[64, 138, 238, 157, 105, 9, 72, 18, 146, 15]"
117702,"[66, 157, 238, 13, 90, 28, 223, 21, 119, 146]"
117703,"[13, 220, 187, 90, 238, 28, 119, 223, 48, 112]"
117704,"[17, 73, 122, 55, 21, 19, 157, 18, 3, 29]"
117705,"[91, 147, 220, 187, 49, 97, 73, 0, 261, 43]"
117706,"[58, 187, 220, 13, 147, 90, 238, 28, 73, 119]"
117707,"[146, 220, 187, 238, 60, 261, 147, 90, 23, 13]"
117708,"[36, 157, 147, 21, 238, 223, 90, 138, 28, 103]"
117709,"[72, 82, 26, 138, 15, 18, 238, 92, 64, 6]"
117710,"[146, 238, 13, 90, 147, 28, 24, 223, 73, 119]"
117711,"[220, 187, 261, 13, 12, 90, 238, 28, 23, 119]"
117712,"[220, 187, 13, 90, 238, 28, 119, 27, 223, 54]"
117713,"[30, 49, 71, 138, 147, 142, 220, 7, 238, 187]"
117714,"[43, 220, 187, 13, 90, 121, 12, 238, 28, 119]"
117715,"[82, 72, 26, 138, 6, 18, 238, 64, 146, 58]"
117716,"[130, 73, 261, 25, 91, 12, 97, 58, 26, 76]"
117717,"[15, 72, 138, 238, 146, 64, 92, 105, 30, 97]"
117718,"[142, 73, 23, 147, 12, 38, 189, 14, 13, 238]"
117719,"[2, 54, 187, 220, 130, 49, 34, 1, 23, 84]"
117720,"[21, 187, 238, 223, 189, 90, 13, 28, 147, 138]"
117721,"[20, 13, 45, 112, 90, 21, 238, 28, 187, 119]"
117722,"[18, 72, 82, 138, 15, 26, 64, 238, 92, 66]"
117723,"[9, 27, 279, 157, 51, 189, 105, 151, 42, 26]"
117724,"[76, 13, 90, 238, 28, 119, 223, 48, 103, 146]"
117725,"[5, 12, 72, 82, 45, 26, 48, 51, 76, 133]"
117726,"[157, 13, 238, 90, 28, 119, 223, 9, 103, 146]"
117727,"[6, 82, 72, 45, 220, 187, 0, 41, 151, 12]"
117728,"[25, 27, 6, 157, 261, 279, 2, 20, 51, 29]"
117729,"[146, 26, 238, 58, 18, 147, 13, 90, 28, 223]"
117730,"[261, 13, 103, 90, 45, 157, 238, 28, 119, 223]"
117731,"[84, 13, 90, 238, 28, 119, 223, 32, 20, 44]"
117732,"[1, 23, 30, 138, 238, 72, 49, 54, 90, 146]"
117733,"[279, 23, 14, 147, 138, 26, 72, 238, 38, 24]"
117734,"[54, 2, 34, 84, 279, 5, 49, 4, 24, 220]"
117735,"[73, 138, 238, 27, 15, 146, 90, 72, 64, 28]"
117736,"[146, 147, 60, 26, 38, 66, 238, 23, 122, 138]"
117737,"[220, 187, 13, 238, 90, 28, 119, 223, 32, 103]"
117738,"[60, 146, 238, 261, 23, 147, 14, 138, 90, 28]"
117739,"[17, 72, 18, 82, 149, 157, 2, 15, 32, 44]"
117740,"[238, 28, 13, 90, 119, 223, 146, 48, 138, 103]"
117741,"[142, 60, 23, 13, 49, 90, 238, 28, 119, 223]"
117742,"[44, 13, 90, 238, 28, 119, 223, 48, 76, 103]"
117743,"[58, 261, 13, 90, 238, 28, 119, 223, 48, 279]"
117744,"[97, 73, 0, 151, 189, 45, 21, 147, 14, 49]"
117745,"[9, 2, 279, 73, 238, 32, 13, 90, 28, 71]"
117746,"[21, 238, 187, 90, 13, 28, 223, 138, 119, 146]"
117747,"[91, 84, 77, 51, 9, 130, 5, 27, 3, 13]"
117748,"[45, 13, 90, 238, 28, 119, 223, 187, 44, 220]"
117749,"[238, 13, 90, 28, 119, 223, 34, 84, 149, 19]"
117750,"[147, 23, 138, 238, 60, 223, 146, 90, 220, 92]"
117751,"[49, 138, 2, 23, 238, 1, 72, 157, 64, 146]"
117752,"[238, 146, 90, 13, 28, 32, 223, 26, 119, 18]"
117753,"[175, 238, 90, 13, 28, 223, 119, 48, 261, 146]"
117754,"[151, 26, 49, 138, 72, 30, 238, 92, 0, 105]"
117755,"[189, 238, 90, 13, 28, 223, 119, 146, 58, 60]"
117756,"[44, 13, 90, 238, 28, 119, 223, 48, 84, 103]"
117757,"[20, 13, 90, 238, 28, 45, 119, 103, 223, 76]"
117758,"[20, 13, 90, 238, 28, 119, 223, 187, 220, 58]"
117759,"[24, 28, 238, 13, 90, 119, 223, 66, 146, 14]"
117760,"[23, 279, 60, 1, 24, 49, 220, 187, 30, 238]"
117761,"[121, 13, 90, 238, 28, 119, 223, 279, 48, 20]"
117762,"[73, 3, 15, 6, 91, 26, 18, 72, 30, 17]"
117763,"[103, 13, 238, 90, 28, 119, 223, 32, 48, 146]"
117764,"[147, 238, 13, 90, 223, 28, 27, 119, 23, 76]"
117765,"[38, 72, 82, 19, 55, 238, 138, 17, 122, 146]"
117766,"[84, 13, 90, 238, 28, 119, 223, 27, 48, 12]"
117767,"[72, 82, 15, 189, 138, 77, 27, 18, 64, 9]"
117768,"[124, 27, 9, 25, 51, 279, 41, 48, 151, 13]"
117769,"[21, 187, 238, 90, 223, 13, 28, 119, 138, 146]"
117770,"[41, 27, 2, 124, 238, 90, 13, 71, 84, 28]"
117771,"[71, 27, 41, 5, 279, 77, 82, 49, 6, 72]"
117772,"[112, 9, 157, 13, 90, 54, 238, 28, 119, 147]"
117773,"[49, 73, 138, 238, 105, 72, 146, 64, 92, 38]"
117774,"[261, 13, 90, 58, 238, 28, 119, 223, 6, 48]"
117775,"[149, 26, 238, 38, 90, 13, 28, 146, 223, 147]"
117776,"[103, 13, 90, 238, 28, 119, 32, 223, 48, 34]"
117777,"[76, 261, 14, 13, 90, 238, 28, 147, 119, 223]"
117778,"[26, 147, 146, 6, 58, 238, 38, 90, 13, 72]"
117779,"[103, 13, 187, 220, 90, 238, 28, 119, 223, 12]"
117780,"[157, 105, 9, 72, 27, 82, 138, 77, 238, 15]"
117781,"[21, 187, 189, 238, 223, 149, 157, 90, 13, 28]"
117782,"[25, 27, 9, 279, 2, 261, 51, 105, 13, 97]"
117783,"[9, 2, 279, 73, 30, 15, 38, 71, 84, 3]"
117784,"[71, 6, 58, 18, 27, 73, 30, 13, 90, 28]"
117785,"[261, 187, 220, 58, 26, 13, 90, 238, 28, 119]"
117786,"[21, 187, 261, 238, 90, 13, 223, 28, 20, 119]"
117787,"[27, 279, 157, 23, 20, 21, 9, 13, 189, 90]"
117788,"[17, 66, 32, 29, 122, 279, 60, 15, 3, 72]"
117789,"[5, 27, 54, 84, 4, 2, 34, 279, 29, 19]"
117790,"[84, 13, 90, 238, 28, 119, 223, 34, 44, 103]"
117791,"[238, 28, 90, 13, 147, 119, 223, 146, 138, 133]"
117792,"[25, 2, 27, 1, 23, 71, 72, 279, 82, 13]"
117793,"[5, 27, 6, 76, 25, 71, 279, 51, 13, 36]"
117794,"[261, 21, 13, 90, 238, 28, 119, 73, 223, 147]"
117795,"[77, 72, 82, 138, 238, 90, 146, 92, 28, 97]"
117796,"[4, 157, 238, 36, 90, 13, 28, 223, 119, 146]"
117797,"[18, 72, 1, 23, 138, 238, 77, 0, 15, 146]"
117798,"[119, 13, 90, 238, 28, 223, 48, 103, 146, 43]"
117799,"[26, 72, 138, 238, 105, 77, 1, 0, 146, 23]"
117800,"[103, 13, 90, 28, 238, 119, 223, 32, 48, 34]"
117801,"[60, 23, 151, 261, 14, 25, 147, 238, 38, 90]"
117802,"[220, 187, 13, 90, 238, 28, 26, 119, 223, 73]"
117803,"[30, 26, 138, 238, 147, 72, 92, 151, 146, 97]"
117804,"[91, 9, 2, 261, 20, 279, 130, 84, 51, 138]"
117805,"[43, 13, 90, 238, 28, 119, 58, 223, 45, 76]"
117806,"[21, 157, 187, 20, 238, 223, 77, 90, 261, 13]"
117807,"[60, 23, 142, 24, 220, 187, 157, 49, 12, 30]"
117808,"[24, 147, 23, 26, 238, 261, 138, 90, 4, 28]"
117809,"[147, 189, 223, 238, 14, 157, 90, 138, 28, 13]"
117810,"[17, 72, 18, 82, 15, 19, 3, 44, 66, 29]"
117811,"[58, 261, 60, 13, 90, 32, 238, 28, 119, 48]"
117812,"[38, 147, 26, 6, 58, 238, 90, 28, 13, 72]"
117813,"[19, 238, 90, 138, 28, 13, 223, 147, 146, 119]"
117814,"[15, 72, 18, 138, 82, 238, 149, 64, 157, 71]"
117815,"[261, 119, 54, 147, 13, 20, 90, 36, 238, 28]"
117816,"[122, 21, 238, 13, 90, 1, 28, 23, 223, 119]"
117817,"[122, 238, 13, 90, 28, 119, 223, 146, 48, 103]"
117818,"[82, 72, 3, 73, 77, 27, 105, 1, 29, 34]"
117819,"[84, 13, 90, 238, 28, 119, 223, 73, 48, 103]"
117820,"[43, 13, 90, 238, 28, 119, 223, 261, 48, 6]"
117821,"[18, 72, 82, 73, 15, 27, 189, 26, 64, 175]"
117822,"[223, 13, 90, 189, 238, 28, 119, 27, 21, 279]"
117823,"[14, 147, 261, 238, 23, 90, 138, 28, 13, 175]"
117824,"[138, 23, 1, 238, 72, 25, 26, 146, 64, 92]"
117825,"[82, 72, 77, 138, 238, 105, 54, 146, 90, 21]"
117826,"[44, 13, 90, 238, 28, 58, 119, 223, 12, 76]"
117827,"[58, 12, 6, 13, 90, 238, 28, 119, 223, 48]"
117828,"[17, 73, 58, 6, 18, 13, 48, 90, 28, 238]"
117829,"[121, 12, 13, 238, 90, 28, 261, 133, 119, 223]"
117830,"[71, 44, 18, 27, 9, 149, 72, 32, 58, 279]"
117831,"[122, 157, 238, 90, 28, 13, 223, 138, 119, 7]"
117832,"[238, 90, 13, 28, 189, 223, 119, 55, 72, 146]"
117833,"[32, 13, 90, 238, 28, 119, 223, 187, 220, 261]"
117834,"[261, 27, 13, 90, 238, 28, 119, 48, 223, 44]"
117835,"[7, 238, 44, 90, 13, 28, 223, 119, 138, 146]"
117836,"[15, 72, 82, 18, 54, 138, 71, 19, 238, 64]"
117837,"[189, 60, 23, 238, 142, 279, 90, 14, 32, 138]"
117838,"[72, 82, 26, 18, 138, 6, 64, 15, 238, 92]"
117839,"[147, 146, 220, 187, 238, 60, 23, 26, 90, 28]"
117840,"[130, 1, 23, 2, 49, 5, 34, 30, 72, 84]"
117841,"[238, 90, 146, 13, 28, 223, 119, 138, 175, 48]"
117842,"[138, 157, 91, 238, 261, 84, 49, 105, 146, 64]"
117843,"[55, 238, 13, 90, 28, 223, 119, 146, 48, 103]"
117844,"[73, 6, 58, 13, 90, 238, 28, 91, 121, 119]"
117845,"[51, 23, 1, 261, 279, 220, 187, 12, 6, 43]"
117846,"[27, 51, 279, 6, 0, 54, 77, 97, 13, 9]"
117847,"[146, 238, 138, 90, 28, 13, 223, 119, 157, 55]"
117848,"[38, 238, 66, 90, 28, 13, 149, 138, 223, 175]"
117849,"[23, 1, 142, 60, 238, 24, 13, 90, 28, 119]"
117850,"[138, 147, 26, 72, 77, 238, 18, 82, 92, 0]"
117851,"[175, 157, 238, 13, 90, 28, 223, 119, 103, 146]"
117852,"[17, 13, 90, 238, 28, 119, 223, 48, 103, 146]"
117853,"[66, 238, 90, 13, 28, 223, 119, 146, 138, 48]"
117854,"[157, 238, 90, 13, 28, 223, 147, 119, 146, 138]"
117855,"[49, 138, 105, 18, 238, 72, 146, 64, 92, 97]"
117856,"[73, 72, 3, 82, 26, 18, 91, 58, 17, 6]"
117857,"[97, 147, 138, 151, 0, 238, 105, 92, 30, 146]"
117858,"[279, 27, 23, 20, 13, 157, 90, 238, 28, 119]"
117859,"[149, 238, 13, 90, 28, 45, 119, 223, 146, 48]"
117860,"[6, 73, 261, 187, 220, 58, 279, 25, 23, 60]"
117861,"[18, 72, 138, 0, 238, 1, 23, 151, 97, 146]"
117862,"[48, 13, 90, 238, 28, 119, 223, 103, 146, 76]"
117863,"[71, 58, 6, 2, 32, 261, 279, 18, 44, 30]"
117864,"[4, 23, 1, 60, 24, 2, 238, 13, 279, 90]"
117865,"[7, 157, 21, 44, 36, 279, 238, 90, 13, 28]"
117866,"[124, 27, 25, 9, 41, 261, 51, 151, 97, 279]"
117867,"[25, 27, 9, 279, 45, 51, 97, 76, 112, 124]"
117868,"[21, 187, 238, 157, 223, 90, 149, 28, 138, 13]"
117869,"[36, 157, 21, 189, 147, 223, 77, 175, 13, 90]"
117870,"[41, 73, 220, 187, 71, 2, 27, 238, 34, 54]"
117871,"[151, 73, 138, 49, 12, 238, 142, 97, 92, 146]"
117872,"[220, 187, 13, 90, 238, 28, 119, 223, 45, 48]"
117873,"[157, 21, 25, 220, 151, 223, 279, 36, 20, 238]"
117874,"[21, 187, 238, 223, 90, 13, 28, 20, 119, 18]"
117875,"[147, 26, 14, 23, 238, 220, 187, 58, 90, 13]"
117876,"[29, 157, 13, 90, 238, 28, 189, 119, 223, 20]"
117877,"[97, 27, 105, 138, 77, 189, 238, 151, 279, 146]"
117878,"[121, 220, 187, 23, 54, 13, 1, 43, 90, 238]"
117879,"[43, 1, 23, 13, 187, 220, 90, 238, 28, 34]"
117880,"[14, 21, 23, 238, 187, 147, 26, 138, 90, 220]"
117881,"[149, 238, 13, 90, 28, 119, 45, 223, 146, 48]"
117882,"[66, 238, 138, 60, 90, 23, 279, 28, 13, 223]"
117883,"[29, 13, 90, 238, 28, 119, 223, 58, 48, 103]"
117884,"[6, 73, 18, 26, 72, 71, 32, 91, 12, 58]"
117885,"[0, 27, 138, 238, 189, 97, 29, 279, 146, 64]"
117886,"[220, 187, 23, 261, 60, 279, 13, 142, 14, 90]"
117887,"[64, 26, 18, 72, 58, 138, 92, 238, 146, 151]"
117888,"[279, 23, 54, 13, 9, 90, 238, 28, 17, 119]"
117889,"[26, 72, 73, 138, 30, 261, 49, 14, 238, 151]"
117890,"[82, 72, 1, 138, 6, 23, 238, 91, 133, 12]"
117891,"[103, 13, 90, 238, 28, 261, 119, 223, 60, 32]"
117892,"[27, 130, 73, 279, 3, 13, 15, 72, 90, 28]"
117893,"[1, 23, 72, 82, 27, 54, 18, 138, 15, 238]"
117894,"[91, 73, 25, 12, 151, 49, 30, 26, 220, 187]"
117895,"[44, 13, 90, 238, 28, 119, 223, 48, 146, 103]"
117896,"[48, 13, 90, 238, 28, 119, 223, 20, 103, 157]"
117897,"[17, 13, 90, 238, 28, 119, 223, 48, 34, 27]"
117898,"[91, 30, 73, 130, 14, 23, 6, 261, 49, 97]"
117899,"[220, 187, 73, 49, 42, 84, 23, 60, 38, 142]"
117900,"[32, 13, 90, 238, 28, 119, 223, 157, 103, 48]"
117901,"[122, 26, 18, 238, 72, 90, 13, 28, 223, 119]"
117902,"[3, 91, 261, 73, 130, 151, 138, 238, 30, 279]"
117903,"[92, 72, 18, 15, 73, 138, 238, 82, 64, 58]"
117904,"[30, 49, 71, 142, 73, 60, 138, 261, 23, 91]"
117905,"[13, 90, 21, 238, 28, 119, 27, 223, 189, 112]"
117906,"[2, 187, 220, 121, 84, 45, 23, 34, 43, 142]"
117907,"[220, 187, 23, 13, 90, 238, 28, 119, 1, 54]"
117908,"[27, 97, 73, 189, 0, 77, 138, 151, 105, 279]"
117909,"[76, 261, 13, 147, 90, 238, 28, 119, 223, 20]"
117910,"[92, 138, 15, 73, 72, 238, 19, 64, 18, 55]"
117911,"[76, 261, 187, 220, 13, 90, 238, 28, 119, 147]"
117912,"[60, 23, 238, 151, 261, 133, 13, 90, 28, 223]"
117913,"[21, 187, 189, 238, 223, 157, 77, 90, 13, 28]"
117914,"[32, 13, 90, 44, 238, 28, 119, 223, 149, 9]"
117915,"[133, 13, 238, 90, 24, 28, 119, 223, 58, 142]"
117916,"[15, 72, 138, 238, 23, 1, 0, 97, 142, 30]"
117917,"[124, 220, 187, 121, 84, 12, 34, 43, 28, 13]"
117918,"[15, 72, 138, 238, 1, 23, 146, 90, 105, 2]"
117919,"[149, 238, 13, 90, 28, 119, 223, 157, 146, 48]"
117920,"[21, 238, 187, 138, 60, 90, 223, 28, 23, 146]"
117921,"[41, 58, 30, 6, 2, 261, 187, 220, 38, 49]"
117922,"[124, 9, 21, 20, 261, 279, 23, 1, 149, 72]"
117923,"[133, 189, 238, 90, 13, 28, 223, 119, 146, 138]"
117924,"[2, 49, 30, 5, 130, 54, 34, 84, 72, 42]"
117925,"[0, 27, 189, 138, 238, 105, 97, 151, 91, 279]"
117926,"[60, 157, 23, 238, 90, 138, 28, 13, 223, 105]"
117927,"[279, 261, 9, 45, 20, 13, 23, 90, 238, 48]"
117928,"[29, 13, 238, 90, 28, 119, 223, 15, 48, 17]"
117929,"[142, 238, 13, 90, 18, 28, 223, 119, 23, 146]"
117930,"[72, 82, 138, 238, 26, 49, 23, 64, 1, 146]"
117931,"[77, 27, 138, 189, 21, 1, 238, 15, 23, 72]"
117932,"[124, 71, 5, 15, 72, 82, 2, 13, 90, 28]"
117933,"[82, 72, 138, 238, 97, 0, 146, 64, 92, 105]"
117934,"[23, 1, 142, 238, 90, 13, 28, 60, 223, 119]"
117935,"[103, 13, 90, 28, 238, 119, 279, 34, 32, 223]"
117936,"[220, 187, 13, 90, 28, 238, 119, 54, 223, 84]"
117937,"[121, 220, 187, 54, 13, 90, 238, 28, 119, 43]"
117938,"[26, 72, 138, 238, 90, 105, 146, 28, 223, 64]"
117939,"[51, 27, 9, 41, 151, 279, 157, 25, 0, 97]"
117940,"[44, 13, 90, 238, 28, 119, 223, 48, 103, 76]"
117941,"[32, 27, 13, 21, 90, 2, 238, 28, 189, 119]"
117942,"[44, 7, 13, 238, 90, 189, 28, 119, 223, 55]"
117943,"[48, 13, 90, 238, 28, 119, 32, 223, 279, 103]"
117944,"[29, 13, 90, 238, 28, 119, 223, 73, 48, 103]"
117945,"[103, 13, 90, 261, 238, 28, 27, 119, 223, 157]"
117946,"[24, 23, 60, 49, 220, 187, 238, 4, 142, 138]"
117947,"[54, 82, 72, 21, 84, 279, 34, 189, 44, 220]"
117948,"[2, 82, 72, 27, 12, 9, 44, 21, 51, 20]"
117949,"[71, 6, 18, 72, 58, 82, 13, 2, 90, 28]"
117950,"[43, 13, 90, 238, 28, 119, 223, 34, 84, 48]"
117951,"[82, 72, 15, 18, 138, 149, 1, 238, 64, 21]"
117952,"[9, 82, 72, 279, 1, 27, 20, 23, 15, 34]"
117953,"[124, 21, 41, 147, 45, 77, 82, 0, 9, 72]"
117954,"[223, 73, 13, 238, 90, 28, 119, 189, 146, 48]"
117955,"[30, 138, 238, 18, 72, 146, 64, 92, 105, 97]"
117956,"[138, 72, 82, 73, 77, 142, 220, 238, 187, 54]"
117957,"[103, 13, 90, 238, 28, 119, 45, 223, 20, 48]"
117958,"[142, 261, 147, 26, 23, 60, 133, 238, 72, 14]"
117959,"[105, 72, 82, 21, 1, 54, 23, 9, 77, 157]"
117960,"[73, 6, 146, 38, 12, 26, 238, 58, 13, 90]"
117961,"[21, 157, 187, 189, 279, 23, 9, 138, 238, 14]"
117962,"[103, 13, 90, 238, 28, 119, 223, 34, 48, 32]"
117963,"[20, 27, 13, 90, 238, 28, 119, 9, 223, 279]"
117964,"[55, 238, 23, 1, 90, 13, 28, 223, 20, 77]"
117965,"[91, 124, 2, 279, 138, 23, 238, 130, 72, 146]"
117966,"[27, 279, 220, 187, 6, 261, 142, 2, 13, 1]"
117967,"[76, 13, 90, 238, 28, 119, 45, 223, 103, 48]"
117968,"[71, 6, 72, 82, 54, 15, 18, 32, 13, 279]"
117969,"[2, 187, 220, 27, 26, 121, 51, 9, 72, 5]"
117970,"[51, 73, 58, 25, 71, 6, 26, 30, 187, 121]"
117971,"[0, 1, 23, 138, 238, 72, 73, 279, 146, 64]"
117972,"[6, 71, 18, 58, 54, 15, 44, 238, 13, 90]"
117973,"[15, 73, 72, 26, 138, 58, 238, 6, 64, 146]"
117974,"[5, 20, 44, 21, 122, 32, 189, 103, 279, 19]"
117975,"[13, 90, 28, 238, 119, 223, 20, 84, 103, 112]"
117976,"[82, 72, 1, 23, 138, 9, 2, 238, 20, 105]"
117977,"[77, 72, 27, 82, 138, 21, 147, 1, 238, 23]"
117978,"[9, 82, 72, 279, 124, 27, 34, 15, 44, 54]"
117979,"[44, 13, 90, 238, 28, 119, 223, 84, 20, 103]"
117980,"[27, 124, 9, 21, 279, 149, 51, 77, 105, 15]"
117981,"[142, 147, 238, 13, 90, 28, 23, 223, 119, 0]"
117982,"[122, 157, 21, 238, 90, 13, 28, 223, 119, 146]"
117983,"[21, 187, 147, 26, 157, 36, 138, 223, 238, 77]"
117984,"[91, 73, 6, 26, 12, 18, 72, 151, 13, 17]"
117985,"[41, 27, 82, 72, 73, 157, 279, 54, 261, 9]"
117986,"[92, 73, 49, 0, 147, 189, 97, 24, 142, 138]"
117987,"[146, 238, 90, 13, 28, 66, 223, 32, 119, 122]"
117988,"[13, 238, 223, 90, 28, 119, 36, 261, 146, 48]"
117989,"[147, 238, 90, 223, 138, 28, 23, 13, 55, 146]"
117990,"[44, 12, 13, 90, 238, 28, 58, 119, 223, 32]"
117991,"[43, 13, 90, 238, 28, 119, 223, 48, 103, 146]"
117992,"[119, 157, 13, 90, 238, 28, 9, 223, 103, 77]"
117993,"[2, 73, 45, 124, 25, 58, 91, 238, 72, 13]"
117994,"[133, 238, 90, 13, 18, 28, 223, 122, 119, 146]"
117995,"[77, 72, 82, 238, 138, 6, 90, 28, 146, 13]"
117996,"[15, 72, 138, 238, 23, 1, 146, 64, 92, 105]"
117997,"[220, 187, 23, 60, 1, 4, 28, 7, 54, 238]"
117998,"[48, 220, 187, 12, 13, 90, 238, 28, 119, 223]"
117999,"[34, 13, 90, 238, 28, 119, 223, 32, 20, 12]"
118000,"[220, 187, 13, 90, 12, 238, 28, 45, 119, 223]"
118001,"[73, 130, 25, 261, 27, 58, 91, 6, 26, 151]"
118002,"[34, 13, 90, 28, 238, 27, 119, 223, 48, 103]"
118003,"[121, 13, 90, 238, 28, 119, 6, 223, 112, 48]"
118004,"[151, 73, 49, 26, 138, 97, 261, 30, 72, 0]"
118005,"[121, 13, 90, 238, 28, 119, 223, 44, 112, 103]"
118006,"[279, 220, 187, 13, 90, 238, 28, 119, 112, 23]"
118007,"[147, 157, 223, 238, 14, 90, 13, 261, 28, 119]"
118008,"[238, 90, 13, 28, 223, 119, 4, 138, 26, 18]"
118009,"[48, 13, 90, 238, 28, 119, 223, 32, 103, 146]"
118010,"[6, 12, 26, 45, 72, 220, 187, 15, 30, 133]"
118011,"[21, 223, 189, 14, 157, 175, 29, 77, 238, 23]"
118012,"[20, 13, 90, 238, 28, 119, 27, 223, 45, 103]"
118013,"[124, 220, 187, 12, 72, 82, 6, 5, 26, 41]"
118014,"[105, 27, 73, 157, 138, 151, 238, 9, 97, 146]"
118015,"[105, 157, 72, 82, 27, 77, 138, 54, 238, 189]"
118016,"[220, 187, 13, 90, 238, 28, 119, 223, 12, 44]"
118017,"[30, 73, 12, 71, 138, 151, 14, 97, 189, 238]"
118018,"[26, 72, 138, 238, 18, 73, 15, 64, 146, 92]"
118019,"[175, 147, 157, 14, 21, 238, 138, 189, 73, 261]"
118020,"[24, 23, 279, 60, 138, 238, 14, 147, 261, 36]"
118021,"[157, 238, 13, 90, 28, 223, 119, 146, 48, 103]"
118022,"[9, 279, 73, 2, 238, 90, 28, 13, 38, 124]"
118023,"[6, 73, 71, 25, 9, 91, 49, 130, 41, 220]"
118024,"[32, 13, 90, 238, 28, 119, 223, 27, 48, 44]"
118025,"[45, 13, 20, 90, 238, 28, 279, 119, 261, 223]"
118026,"[71, 73, 27, 9, 279, 36, 105, 77, 6, 29]"
118027,"[5, 58, 261, 138, 238, 48, 146, 90, 279, 72]"
118028,"[32, 13, 6, 90, 238, 28, 119, 58, 223, 26]"
118029,"[151, 27, 147, 0, 138, 97, 26, 45, 49, 238]"
118030,"[73, 6, 91, 72, 82, 15, 0, 92, 97, 38]"
118031,"[45, 13, 90, 238, 28, 119, 223, 48, 32, 58]"
118032,"[73, 3, 15, 91, 26, 17, 66, 6, 72, 13]"
118033,"[44, 13, 90, 238, 28, 119, 223, 187, 220, 48]"
118034,"[38, 14, 23, 30, 147, 60, 238, 45, 261, 138]"
118035,"[5, 6, 82, 72, 238, 13, 90, 28, 119, 92]"
118036,"[6, 220, 187, 41, 27, 26, 45, 25, 97, 0]"
118037,"[72, 82, 18, 15, 26, 138, 64, 238, 66, 71]"
118038,"[133, 147, 60, 238, 138, 23, 14, 90, 146, 28]"
118039,"[2, 30, 54, 121, 130, 49, 13, 5, 90, 238]"
118040,"[147, 23, 138, 238, 157, 261, 223, 77, 36, 146]"
118041,"[4, 238, 13, 90, 28, 36, 119, 223, 146, 48]"
118042,"[220, 187, 13, 90, 238, 28, 119, 223, 84, 34]"
118043,"[51, 27, 9, 6, 151, 41, 279, 97, 0, 48]"
118044,"[119, 13, 90, 238, 28, 223, 32, 48, 103, 34]"
118045,"[26, 72, 138, 238, 9, 1, 23, 64, 151, 146]"
118046,"[73, 220, 187, 151, 49, 30, 97, 0, 130, 41]"
118047,"[30, 71, 138, 238, 7, 149, 146, 175, 64, 92]"
118048,"[66, 26, 58, 238, 90, 13, 72, 28, 223, 146]"
118049,"[27, 13, 90, 238, 28, 119, 223, 84, 48, 44]"
118050,"[5, 1, 54, 23, 34, 2, 84, 49, 4, 7]"
118051,"[13, 90, 238, 28, 119, 223, 48, 103, 151, 76]"
118052,"[149, 147, 238, 90, 28, 13, 138, 223, 45, 146]"
118053,"[220, 187, 13, 90, 28, 238, 119, 54, 223, 23]"
118054,"[92, 73, 72, 82, 15, 138, 26, 64, 238, 55]"
118055,"[2, 187, 220, 49, 5, 121, 30, 43, 72, 23]"
118056,"[15, 72, 1, 23, 138, 238, 18, 146, 64, 279]"
118057,"[18, 1, 72, 23, 138, 147, 238, 49, 97, 146]"
118058,"[112, 13, 90, 238, 28, 119, 223, 220, 187, 48]"
118059,"[26, 72, 138, 238, 49, 151, 146, 64, 92, 105]"
118060,"[72, 82, 105, 1, 15, 23, 54, 238, 138, 71]"
118061,"[112, 13, 90, 238, 28, 119, 27, 223, 77, 48]"
118062,"[54, 27, 279, 157, 72, 71, 82, 32, 105, 9]"
118063,"[4, 1, 23, 238, 13, 90, 28, 119, 223, 121]"
118064,"[18, 72, 138, 238, 146, 151, 64, 92, 105, 90]"
118065,"[97, 0, 138, 77, 151, 238, 72, 147, 146, 64]"
118066,"[220, 187, 13, 90, 238, 28, 32, 119, 223, 261]"
118067,"[66, 189, 13, 238, 90, 28, 157, 119, 223, 29]"
118068,"[17, 157, 1, 29, 23, 13, 90, 28, 238, 119]"
118069,"[54, 6, 261, 279, 238, 25, 90, 13, 28, 223]"
118070,"[1, 23, 72, 138, 26, 82, 238, 0, 77, 92]"
118071,"[157, 138, 238, 14, 12, 23, 220, 60, 223, 279]"
118072,"[220, 187, 27, 13, 54, 90, 238, 28, 119, 223]"
118073,"[71, 2, 13, 90, 73, 28, 238, 124, 119, 223]"
118074,"[279, 13, 90, 238, 28, 119, 23, 223, 12, 54]"
118075,"[1, 23, 27, 72, 15, 82, 77, 5, 4, 138]"
118076,"[119, 13, 157, 90, 238, 28, 26, 223, 103, 112]"
118077,"[138, 1, 23, 30, 238, 49, 72, 54, 146, 64]"
118078,"[189, 60, 26, 147, 238, 138, 23, 72, 146, 7]"
118079,"[26, 72, 1, 23, 138, 238, 105, 77, 0, 146]"
118080,"[15, 72, 18, 9, 138, 157, 82, 77, 1, 238]"
118081,"[54, 279, 27, 6, 261, 14, 13, 90, 238, 28]"
118082,"[147, 238, 223, 90, 13, 28, 23, 77, 138, 119]"
118083,"[60, 23, 1, 238, 142, 13, 90, 2, 28, 4]"
118084,"[72, 82, 27, 138, 73, 189, 238, 49, 15, 105]"
118085,"[130, 73, 91, 105, 3, 238, 13, 90, 28, 29]"
118086,"[279, 20, 23, 9, 27, 13, 112, 90, 157, 238]"
118087,"[18, 72, 138, 238, 82, 151, 97, 146, 92, 64]"
118088,"[17, 73, 13, 90, 238, 28, 91, 119, 223, 133]"
118089,"[9, 27, 73, 279, 2, 51, 147, 36, 29, 71]"
118090,"[44, 13, 90, 238, 28, 119, 223, 48, 103, 146]"
118091,"[82, 72, 1, 189, 138, 15, 23, 157, 2, 105]"
118092,"[157, 238, 28, 13, 90, 18, 223, 119, 146, 55]"
118093,"[21, 14, 23, 238, 27, 187, 90, 223, 13, 28]"
118094,"[43, 13, 90, 238, 28, 119, 223, 54, 121, 48]"
118095,"[157, 119, 21, 13, 90, 238, 28, 223, 103, 147]"
118096,"[119, 147, 13, 112, 90, 238, 28, 21, 223, 45]"
118097,"[220, 187, 13, 90, 238, 28, 119, 223, 48, 103]"
118098,"[66, 21, 238, 90, 13, 28, 189, 223, 119, 187]"
118099,"[82, 72, 77, 138, 105, 238, 1, 189, 21, 146]"
118100,"[133, 18, 238, 90, 13, 28, 157, 72, 223, 119]"
118101,"[29, 27, 13, 90, 279, 238, 28, 119, 223, 9]"
118102,"[48, 13, 238, 90, 28, 54, 119, 223, 146, 103]"
118103,"[157, 238, 13, 223, 90, 28, 119, 147, 27, 36]"
118104,"[1, 23, 72, 82, 15, 54, 138, 189, 30, 238]"
118105,"[44, 13, 90, 238, 28, 119, 223, 12, 32, 58]"
118106,"[238, 90, 13, 73, 28, 223, 119, 146, 138, 142]"
118107,"[12, 13, 90, 238, 28, 187, 119, 220, 26, 223]"
118108,"[73, 18, 72, 17, 6, 82, 91, 15, 3, 64]"
118109,"[138, 147, 72, 82, 238, 77, 0, 18, 146, 92]"
118110,"[261, 13, 90, 28, 238, 119, 223, 103, 48, 32]"
118111,"[76, 220, 187, 12, 13, 90, 238, 28, 58, 119]"
118112,"[17, 72, 82, 15, 54, 29, 3, 19, 18, 91]"
118113,"[24, 23, 147, 60, 38, 14, 261, 26, 138, 146]"
118114,"[157, 223, 238, 13, 90, 28, 261, 119, 14, 279]"
118115,"[54, 279, 71, 29, 32, 105, 220, 3, 103, 17]"
118116,"[30, 49, 23, 220, 60, 187, 26, 1, 138, 0]"
118117,"[44, 13, 90, 73, 238, 28, 119, 223, 58, 48]"
118118,"[1, 23, 72, 82, 15, 189, 77, 105, 138, 9]"
118119,"[55, 238, 90, 13, 28, 223, 1, 23, 119, 7]"
118120,"[51, 9, 72, 82, 21, 27, 279, 261, 20, 54]"
118121,"[45, 13, 90, 238, 28, 261, 119, 223, 48, 27]"
118122,"[4, 54, 13, 18, 90, 238, 84, 28, 119, 223]"
118123,"[223, 238, 13, 90, 28, 119, 146, 138, 48, 103]"
118124,"[73, 18, 91, 71, 15, 72, 64, 3, 26, 66]"
118125,"[3, 73, 91, 54, 238, 12, 32, 17, 90, 13]"
118126,"[146, 13, 238, 90, 28, 119, 223, 48, 76, 103]"
118127,"[77, 138, 73, 97, 238, 151, 261, 189, 14, 72]"
118128,"[122, 238, 90, 13, 28, 38, 19, 223, 119, 73]"
118129,"[18, 72, 82, 6, 26, 138, 238, 15, 64, 146]"
118130,"[34, 13, 90, 238, 28, 84, 187, 119, 223, 220]"
118131,"[27, 279, 73, 25, 142, 49, 91, 6, 1, 41]"
118132,"[9, 279, 73, 157, 147, 0, 97, 103, 45, 151]"
118133,"[133, 147, 238, 24, 13, 90, 28, 223, 119, 23]"
118134,"[119, 13, 90, 238, 28, 223, 32, 48, 84, 44]"
118135,"[71, 9, 54, 2, 84, 29, 279, 157, 238, 34]"
118136,"[30, 71, 138, 7, 1, 23, 49, 4, 238, 72]"
118137,"[1, 23, 13, 28, 90, 238, 84, 119, 34, 4]"
118138,"[157, 189, 223, 238, 90, 13, 28, 21, 119, 146]"
118139,"[220, 187, 54, 23, 13, 34, 90, 28, 238, 1]"
118140,"[133, 261, 23, 14, 60, 279, 238, 138, 142, 90]"
118141,"[44, 6, 13, 90, 238, 28, 119, 223, 32, 58]"
118142,"[71, 27, 30, 2, 25, 41, 279, 13, 238, 90]"
118143,"[43, 13, 90, 238, 28, 119, 223, 187, 220, 48]"
118144,"[71, 27, 9, 124, 279, 44, 84, 13, 2, 28]"
118145,"[64, 1, 23, 138, 238, 72, 261, 97, 151, 14]"
118146,"[2, 12, 25, 44, 238, 9, 58, 90, 13, 20]"
118147,"[261, 13, 90, 28, 238, 119, 223, 103, 32, 48]"
118148,"[18, 72, 15, 138, 238, 12, 64, 146, 17, 122]"
118149,"[189, 147, 261, 14, 157, 23, 138, 238, 279, 223]"
118150,"[27, 71, 238, 13, 90, 28, 279, 32, 2, 119]"
118151,"[112, 13, 157, 90, 238, 28, 119, 223, 20, 279]"
118152,"[4, 1, 23, 54, 2, 34, 13, 21, 90, 28]"
118153,"[82, 72, 3, 1, 23, 77, 5, 29, 105, 73]"
118154,"[6, 27, 41, 0, 49, 97, 13, 90, 279, 238]"
118155,"[175, 157, 21, 238, 189, 90, 28, 13, 223, 77]"
118156,"[220, 187, 13, 90, 238, 28, 119, 23, 223, 84]"
118157,"[238, 90, 13, 28, 223, 119, 146, 138, 48, 103]"
118158,"[21, 187, 189, 13, 223, 90, 238, 27, 28, 119]"
118159,"[19, 238, 13, 90, 28, 12, 26, 119, 223, 146]"
118160,"[124, 82, 72, 1, 23, 54, 84, 2, 34, 279]"
118161,"[142, 27, 13, 90, 238, 28, 119, 223, 23, 261]"
118162,"[0, 138, 26, 97, 151, 238, 157, 72, 36, 189]"
118163,"[1, 23, 54, 72, 82, 49, 18, 138, 30, 7]"
118164,"[26, 72, 138, 238, 105, 77, 146, 0, 64, 1]"
118165,"[58, 13, 90, 238, 28, 261, 119, 223, 48, 76]"
118166,"[77, 138, 27, 15, 238, 189, 175, 73, 97, 72]"
118167,"[26, 92, 18, 58, 72, 12, 138, 6, 133, 73]"
118168,"[27, 21, 77, 90, 189, 13, 54, 238, 28, 223]"
118169,"[124, 82, 72, 149, 12, 34, 187, 220, 15, 112]"
118170,"[279, 27, 13, 90, 34, 238, 28, 44, 119, 223]"
118171,"[149, 238, 90, 13, 28, 58, 223, 119, 146, 26]"
118172,"[77, 82, 72, 54, 21, 27, 189, 105, 238, 138]"
118173,"[17, 77, 54, 84, 13, 29, 90, 238, 28, 7]"
118174,"[51, 72, 82, 1, 9, 23, 5, 71, 157, 15]"
118175,"[146, 238, 14, 90, 13, 28, 223, 189, 119, 138]"
118176,"[157, 21, 223, 13, 238, 90, 28, 119, 20, 36]"
118177,"[13, 220, 187, 90, 238, 28, 119, 223, 73, 48]"
118178,"[6, 72, 82, 71, 27, 12, 18, 58, 26, 13]"
118179,"[1, 23, 54, 49, 72, 138, 238, 30, 18, 90]"
118180,"[189, 147, 26, 157, 238, 138, 151, 223, 90, 28]"
118181,"[124, 9, 73, 105, 91, 25, 151, 45, 41, 279]"
118182,"[60, 147, 146, 23, 261, 14, 238, 24, 279, 138]"
118183,"[27, 13, 90, 238, 28, 119, 223, 20, 21, 279]"
118184,"[66, 73, 26, 72, 238, 13, 90, 28, 223, 119]"
118185,"[58, 187, 220, 73, 13, 90, 238, 28, 119, 48]"
118186,"[279, 13, 90, 238, 28, 23, 119, 20, 12, 223]"
118187,"[151, 27, 9, 138, 105, 147, 238, 261, 64, 97]"
118188,"[25, 6, 1, 23, 2, 3, 13, 84, 90, 238]"
118189,"[76, 13, 90, 238, 28, 119, 26, 223, 73, 12]"
118190,"[55, 72, 54, 82, 17, 238, 18, 12, 15, 90]"
118191,"[45, 13, 261, 90, 238, 28, 119, 223, 147, 48]"
118192,"[18, 97, 138, 238, 72, 146, 64, 92, 105, 151]"
118193,"[6, 73, 30, 261, 49, 91, 45, 147, 9, 14]"
118194,"[17, 18, 72, 82, 73, 15, 27, 44, 71, 13]"
118195,"[238, 90, 13, 28, 60, 223, 138, 119, 146, 133]"
118196,"[73, 17, 42, 13, 90, 238, 20, 28, 119, 223]"
118197,"[1, 23, 30, 72, 138, 238, 49, 54, 90, 146]"
118198,"[15, 72, 18, 9, 1, 138, 23, 189, 77, 238]"
118199,"[77, 27, 72, 82, 189, 21, 54, 238, 138, 15]"
118200,"[72, 82, 3, 18, 73, 27, 15, 71, 58, 17]"
118201,"[55, 12, 73, 238, 66, 38, 90, 28, 146, 13]"
118202,"[44, 54, 72, 13, 82, 90, 238, 28, 71, 119]"
118203,"[24, 23, 73, 14, 142, 38, 60, 238, 147, 12]"
118204,"[82, 72, 27, 138, 9, 105, 238, 1, 64, 77]"
118205,"[17, 18, 32, 13, 15, 90, 28, 238, 66, 12]"
118206,"[36, 157, 238, 13, 90, 223, 28, 147, 119, 103]"
118207,"[157, 238, 223, 13, 90, 28, 119, 9, 220, 147]"
118208,"[0, 147, 138, 238, 25, 151, 27, 97, 105, 261]"
118209,"[279, 27, 157, 9, 13, 90, 119, 28, 238, 29]"
118210,"[17, 13, 90, 238, 28, 119, 223, 261, 48, 279]"
118211,"[19, 238, 90, 13, 28, 26, 58, 119, 223, 146]"
118212,"[149, 238, 138, 60, 23, 90, 28, 146, 279, 13]"
118213,"[73, 261, 60, 91, 14, 23, 30, 151, 279, 147]"
118214,"[66, 21, 238, 90, 13, 28, 223, 119, 138, 146]"
118215,"[97, 138, 72, 18, 238, 105, 1, 23, 64, 82]"
118216,"[189, 21, 157, 238, 147, 90, 28, 9, 13, 138]"
118217,"[82, 72, 138, 238, 18, 6, 92, 64, 146, 58]"
118218,"[25, 261, 45, 26, 147, 12, 73, 30, 97, 76]"
118219,"[122, 238, 90, 147, 28, 13, 138, 223, 119, 146]"
118220,"[119, 261, 13, 90, 238, 28, 223, 20, 48, 45]"
118221,"[26, 146, 58, 238, 18, 72, 90, 147, 28, 13]"
118222,"[157, 238, 13, 223, 90, 28, 189, 119, 45, 220]"
118223,"[142, 23, 1, 60, 24, 13, 261, 2, 90, 238]"
118224,"[149, 72, 18, 82, 238, 26, 157, 13, 90, 28]"
118225,"[12, 13, 90, 238, 28, 119, 223, 48, 103, 32]"
118226,"[147, 238, 138, 90, 223, 28, 23, 13, 7, 146]"
118227,"[105, 138, 238, 90, 146, 28, 223, 71, 64, 92]"
118228,"[121, 12, 13, 90, 238, 261, 28, 6, 119, 223]"
118229,"[72, 92, 82, 15, 73, 138, 64, 18, 238, 26]"
118230,"[58, 13, 90, 238, 28, 187, 119, 220, 223, 48]"
118231,"[121, 13, 6, 90, 238, 28, 119, 223, 48, 43]"
118232,"[124, 58, 25, 2, 279, 12, 261, 71, 5, 121]"
118233,"[4, 157, 36, 238, 147, 138, 21, 90, 223, 28]"
118234,"[6, 72, 82, 12, 187, 220, 58, 26, 41, 38]"
118235,"[138, 18, 151, 238, 72, 26, 105, 27, 64, 97]"
118236,"[149, 238, 90, 13, 28, 147, 223, 119, 138, 146]"
118237,"[21, 187, 238, 223, 90, 28, 13, 138, 146, 119]"
118238,"[27, 73, 130, 279, 13, 90, 28, 238, 119, 71]"
118239,"[15, 72, 82, 73, 138, 92, 238, 26, 142, 6]"
118240,"[32, 13, 90, 238, 28, 119, 26, 223, 54, 6]"
118241,"[122, 147, 38, 26, 12, 238, 133, 138, 91, 55]"
118242,"[130, 220, 187, 1, 49, 23, 30, 54, 34, 73]"
118243,"[18, 72, 82, 1, 138, 27, 238, 157, 23, 77]"
118244,"[41, 2, 54, 27, 32, 238, 6, 90, 13, 28]"
118245,"[13, 90, 28, 238, 119, 223, 54, 48, 84, 103]"
118246,"[4, 1, 23, 54, 13, 34, 90, 28, 238, 119]"
118247,"[97, 0, 138, 151, 261, 18, 238, 27, 105, 77]"
118248,"[38, 72, 157, 238, 147, 138, 18, 82, 26, 55]"
118249,"[220, 187, 13, 90, 238, 28, 119, 223, 44, 12]"
118250,"[12, 20, 13, 279, 90, 238, 28, 23, 119, 223]"
118251,"[64, 138, 49, 26, 238, 72, 30, 0, 151, 146]"
118252,"[175, 238, 13, 90, 28, 23, 1, 223, 18, 119]"
118253,"[147, 23, 261, 73, 21, 14, 0, 223, 238, 138]"
118254,"[6, 71, 12, 58, 32, 2, 26, 279, 20, 72]"
118255,"[9, 279, 261, 147, 51, 45, 103, 97, 20, 42]"
118256,"[26, 72, 18, 138, 6, 58, 73, 49, 64, 92]"
118257,"[91, 73, 32, 71, 66, 3, 149, 44, 17, 38]"
118258,"[77, 27, 138, 157, 21, 147, 105, 15, 238, 64]"
118259,"[21, 187, 238, 72, 223, 82, 90, 138, 28, 13]"
118260,"[149, 147, 60, 238, 138, 23, 90, 146, 28, 223]"
118261,"[49, 1, 30, 23, 138, 2, 238, 72, 142, 73]"
118262,"[58, 12, 13, 90, 238, 28, 32, 119, 223, 73]"
118263,"[32, 13, 90, 44, 238, 28, 119, 223, 58, 133]"
118264,"[5, 36, 72, 82, 261, 2, 279, 20, 23, 6]"
118265,"[261, 13, 90, 238, 28, 119, 44, 223, 187, 220]"
118266,"[151, 73, 49, 138, 97, 72, 0, 82, 12, 142]"
118267,"[189, 13, 238, 90, 28, 119, 223, 48, 146, 103]"
118268,"[82, 72, 138, 238, 146, 64, 92, 105, 151, 97]"
118269,"[84, 13, 90, 238, 28, 119, 25, 223, 187, 220]"
118270,"[90, 238, 13, 28, 119, 223, 149, 32, 34, 146]"
118271,"[72, 82, 15, 18, 138, 6, 73, 26, 64, 238]"
118272,"[38, 175, 30, 238, 138, 66, 133, 90, 28, 223]"
118273,"[147, 58, 238, 90, 13, 223, 28, 23, 119, 146]"
118274,"[13, 90, 28, 238, 119, 189, 223, 34, 48, 84]"
118275,"[151, 72, 138, 238, 82, 1, 23, 64, 146, 18]"
118276,"[0, 147, 97, 138, 151, 238, 92, 45, 146, 64]"
118277,"[58, 73, 26, 13, 6, 90, 238, 28, 187, 119]"
118278,"[76, 13, 90, 238, 28, 119, 32, 223, 149, 279]"
118279,"[30, 138, 25, 238, 26, 72, 146, 151, 64, 92]"
118280,"[261, 13, 90, 238, 28, 119, 223, 103, 27, 48]"
118281,"[73, 138, 238, 77, 175, 142, 105, 130, 146, 30]"
118282,"[142, 27, 238, 13, 90, 157, 28, 223, 119, 149]"
118283,"[27, 138, 18, 238, 151, 26, 72, 64, 105, 97]"
118284,"[34, 13, 90, 238, 28, 119, 32, 223, 27, 48]"
118285,"[49, 73, 6, 30, 138, 97, 38, 92, 238, 91]"
118286,"[97, 189, 73, 0, 77, 175, 138, 151, 238, 51]"
118287,"[25, 58, 12, 6, 30, 187, 220, 76, 26, 13]"
118288,"[9, 27, 279, 157, 51, 21, 45, 103, 189, 42]"
118289,"[73, 72, 18, 82, 15, 26, 17, 58, 6, 20]"
118290,"[189, 238, 90, 147, 28, 138, 13, 223, 146, 119]"
118291,"[189, 157, 21, 238, 147, 90, 13, 28, 223, 77]"
118292,"[138, 157, 238, 146, 64, 92, 105, 72, 97, 151]"
118293,"[18, 72, 82, 1, 23, 21, 138, 157, 77, 238]"
118294,"[151, 9, 27, 238, 138, 105, 90, 146, 28, 279]"
118295,"[112, 13, 90, 27, 238, 28, 119, 223, 48, 54]"
118296,"[105, 72, 138, 1, 82, 238, 23, 15, 64, 146]"
118297,"[92, 138, 49, 238, 26, 151, 72, 146, 97, 64]"
118298,"[189, 238, 147, 90, 13, 97, 28, 223, 119, 175]"
118299,"[147, 138, 238, 23, 223, 17, 90, 146, 28, 64]"
118300,"[17, 13, 90, 28, 238, 119, 223, 29, 34, 84]"
118301,"[6, 3, 73, 15, 72, 91, 71, 82, 30, 32]"
118302,"[157, 21, 27, 223, 189, 220, 9, 238, 13, 90]"
118303,"[175, 147, 157, 261, 238, 90, 138, 28, 14, 23]"
118304,"[175, 157, 238, 90, 28, 13, 223, 138, 119, 146]"
118305,"[27, 279, 6, 142, 13, 90, 54, 28, 238, 119]"
118306,"[58, 12, 187, 220, 13, 90, 238, 28, 119, 223]"
118307,"[92, 23, 261, 1, 138, 26, 49, 60, 72, 0]"
118308,"[133, 147, 60, 23, 14, 238, 138, 146, 90, 189]"
118309,"[64, 18, 72, 138, 238, 15, 149, 71, 146, 90]"
118310,"[55, 73, 238, 90, 13, 12, 28, 223, 119, 146]"
118311,"[220, 187, 49, 26, 30, 121, 12, 58, 10, 45]"
118312,"[84, 13, 90, 238, 28, 119, 223, 48, 76, 103]"
118313,"[147, 23, 14, 138, 21, 189, 157, 238, 261, 20]"
118314,"[279, 23, 24, 60, 49, 142, 220, 187, 238, 13]"
118315,"[1, 23, 72, 82, 15, 27, 77, 5, 138, 238]"
118316,"[6, 73, 71, 9, 13, 90, 28, 238, 119, 51]"
118317,"[34, 13, 90, 238, 28, 119, 223, 84, 48, 103]"
118318,"[189, 238, 13, 90, 28, 119, 223, 34, 19, 146]"
118319,"[24, 23, 60, 49, 142, 91, 29, 73, 121, 13]"
118320,"[151, 147, 27, 9, 105, 138, 238, 0, 97, 49]"
118321,"[77, 147, 261, 138, 14, 97, 238, 23, 72, 151]"
118322,"[1, 23, 54, 138, 72, 82, 77, 60, 7, 220]"
118323,"[92, 26, 72, 18, 138, 64, 238, 15, 6, 82]"
118324,"[142, 147, 12, 23, 73, 14, 238, 90, 13, 189]"
118325,"[84, 13, 90, 238, 28, 119, 223, 48, 103, 76]"
118326,"[26, 58, 6, 73, 146, 38, 12, 72, 17, 151]"
118327,"[25, 27, 58, 73, 26, 261, 30, 6, 2, 49]"
118328,"[133, 73, 189, 147, 238, 14, 23, 60, 138, 21]"
118329,"[91, 73, 130, 13, 41, 121, 90, 238, 28, 119]"
118330,"[84, 13, 90, 238, 28, 119, 25, 223, 261, 32]"
118331,"[220, 187, 13, 90, 238, 28, 119, 223, 58, 73]"
118332,"[54, 279, 261, 12, 14, 23, 32, 25, 20, 238]"
118333,"[220, 187, 13, 261, 90, 238, 28, 12, 119, 223]"
118334,"[105, 27, 147, 138, 151, 26, 238, 77, 72, 97]"
118335,"[151, 72, 82, 138, 238, 15, 18, 1, 64, 49]"
118336,"[261, 13, 90, 238, 28, 119, 223, 48, 6, 103]"
118337,"[24, 23, 1, 60, 49, 2, 142, 14, 261, 34]"
118338,"[149, 157, 238, 21, 90, 28, 13, 223, 119, 138]"
118339,"[91, 73, 149, 71, 3, 66, 17, 138, 238, 72]"
118340,"[238, 223, 90, 157, 13, 28, 119, 149, 7, 4]"
118341,"[149, 45, 238, 90, 13, 28, 189, 223, 119, 279]"
118342,"[119, 13, 90, 238, 28, 223, 32, 34, 48, 103]"
118343,"[26, 72, 138, 49, 30, 151, 238, 147, 25, 97]"
118344,"[34, 13, 24, 73, 90, 238, 28, 42, 119, 223]"
118345,"[147, 238, 261, 14, 90, 138, 223, 28, 13, 0]"
118346,"[54, 73, 27, 279, 238, 6, 90, 13, 28, 58]"
118347,"[1, 130, 23, 2, 54, 34, 49, 84, 72, 220]"
118348,"[149, 157, 238, 90, 13, 28, 223, 119, 72, 146]"
118349,"[175, 238, 90, 23, 28, 13, 1, 138, 223, 21]"
118350,"[7, 238, 220, 187, 142, 138, 49, 23, 24, 175]"
118351,"[220, 187, 13, 90, 28, 238, 119, 223, 103, 112]"
118352,"[261, 13, 21, 27, 90, 238, 28, 20, 119, 223]"
118353,"[220, 187, 261, 26, 49, 30, 45, 121, 43, 2]"
118354,"[38, 26, 58, 6, 238, 149, 13, 90, 28, 66]"
118355,"[38, 13, 238, 90, 24, 28, 12, 119, 142, 223]"
118356,"[27, 279, 261, 9, 25, 41, 142, 105, 76, 13]"
118357,"[138, 157, 72, 82, 238, 91, 105, 97, 146, 64]"
118358,"[45, 13, 90, 238, 28, 119, 223, 48, 58, 76]"
118359,"[66, 238, 13, 90, 28, 119, 223, 146, 21, 48]"
118360,"[64, 72, 18, 6, 82, 138, 26, 238, 58, 92]"
118361,"[7, 1, 13, 23, 90, 28, 238, 34, 119, 54]"
118362,"[122, 238, 13, 90, 28, 7, 223, 119, 157, 77]"
118363,"[1, 64, 23, 72, 138, 238, 105, 18, 90, 146]"
118364,"[124, 82, 72, 9, 44, 15, 5, 71, 77, 34]"
118365,"[130, 73, 27, 49, 2, 30, 220, 187, 58, 279]"
118366,"[121, 13, 90, 238, 28, 119, 44, 223, 112, 25]"
118367,"[48, 73, 13, 238, 90, 28, 23, 119, 60, 223]"
118368,"[21, 238, 187, 90, 28, 223, 13, 138, 146, 119]"
118369,"[84, 13, 90, 238, 28, 119, 223, 12, 76, 45]"
118370,"[220, 187, 23, 1, 121, 43, 30, 60, 54, 24]"
118371,"[21, 261, 187, 20, 14, 238, 279, 23, 223, 90]"
118372,"[82, 72, 1, 138, 23, 77, 157, 238, 105, 146]"
118373,"[119, 157, 147, 13, 90, 238, 28, 223, 261, 103]"
118374,"[220, 187, 261, 12, 13, 90, 23, 238, 28, 279]"
118375,"[2, 6, 27, 72, 82, 41, 25, 51, 0, 279]"
118376,"[122, 18, 238, 26, 90, 13, 28, 72, 223, 119]"
118377,"[66, 23, 279, 238, 60, 261, 90, 138, 28, 13]"
118378,"[64, 72, 1, 15, 18, 23, 82, 71, 138, 27]"
118379,"[2, 72, 82, 187, 220, 1, 54, 23, 18, 84]"
118380,"[24, 23, 1, 34, 142, 13, 28, 90, 238, 119]"
118381,"[29, 157, 21, 36, 77, 189, 54, 279, 105, 3]"
118382,"[19, 157, 238, 72, 122, 138, 149, 189, 55, 66]"
118383,"[82, 72, 138, 6, 238, 15, 92, 146, 64, 38]"
118384,"[72, 82, 73, 138, 15, 26, 238, 64, 92, 32]"
118385,"[17, 220, 187, 261, 147, 279, 23, 14, 42, 72]"
118386,"[49, 138, 238, 72, 23, 105, 1, 146, 64, 4]"
118387,"[30, 73, 12, 14, 26, 261, 138, 97, 36, 238]"
118388,"[54, 27, 279, 6, 261, 58, 45, 13, 12, 238]"
118389,"[2, 27, 187, 220, 6, 54, 49, 23, 1, 279]"
118390,"[14, 23, 60, 261, 238, 138, 146, 90, 147, 28]"
118391,"[55, 238, 147, 90, 13, 28, 223, 119, 138, 146]"
118392,"[1, 23, 138, 72, 73, 238, 146, 64, 92, 105]"
118393,"[133, 147, 220, 187, 26, 238, 138, 90, 146, 23]"
118394,"[12, 13, 90, 238, 28, 32, 119, 223, 73, 48]"
118395,"[147, 146, 238, 26, 6, 90, 138, 149, 92, 12]"
118396,"[20, 13, 90, 238, 28, 119, 223, 84, 71, 34]"
118397,"[175, 42, 29, 138, 238, 91, 17, 146, 90, 64]"
118398,"[146, 238, 6, 90, 138, 149, 28, 13, 18, 72]"
118399,"[279, 23, 189, 238, 138, 21, 90, 28, 146, 72]"
118400,"[30, 49, 54, 7, 71, 23, 138, 220, 187, 24]"
118401,"[19, 238, 90, 28, 13, 138, 223, 146, 119, 66]"
118402,"[91, 220, 187, 30, 73, 45, 0, 97, 147, 49]"
118403,"[60, 23, 238, 90, 28, 13, 138, 223, 119, 151]"
118404,"[25, 26, 6, 261, 72, 41, 82, 12, 20, 45]"
118405,"[54, 12, 279, 261, 14, 23, 220, 76, 20, 13]"
118406,"[84, 220, 187, 13, 90, 238, 28, 119, 223, 121]"
118407,"[43, 13, 90, 238, 28, 119, 223, 112, 44, 48]"
118408,"[142, 54, 13, 90, 23, 238, 28, 4, 119, 223]"
118409,"[279, 27, 9, 13, 20, 90, 28, 238, 119, 223]"
118410,"[24, 23, 238, 147, 138, 90, 26, 28, 18, 13]"
118411,"[9, 6, 279, 124, 2, 13, 28, 15, 90, 238]"
118412,"[58, 13, 90, 238, 28, 119, 223, 44, 71, 34]"
118413,"[14, 23, 261, 147, 73, 1, 97, 20, 279, 151]"
118414,"[49, 1, 23, 138, 72, 105, 238, 146, 64, 92]"
118415,"[122, 147, 238, 138, 90, 28, 13, 7, 146, 223]"
118416,"[82, 72, 138, 238, 26, 6, 64, 146, 92, 58]"
118417,"[43, 13, 90, 238, 28, 119, 223, 187, 220, 34]"
118418,"[2, 54, 18, 84, 5, 15, 72, 4, 51, 27]"
118419,"[119, 13, 90, 238, 28, 223, 54, 44, 84, 48]"
118420,"[133, 238, 13, 90, 28, 44, 119, 223, 19, 15]"
118421,"[51, 6, 220, 187, 82, 72, 12, 13, 90, 28]"
118422,"[261, 13, 187, 220, 90, 238, 28, 119, 223, 26]"
118423,"[261, 73, 58, 13, 90, 45, 238, 28, 48, 119]"
118424,"[175, 238, 13, 90, 28, 189, 119, 223, 48, 146]"
118425,"[147, 23, 138, 238, 14, 73, 223, 142, 146, 90]"
118426,"[24, 23, 1, 60, 261, 279, 142, 49, 14, 30]"
118427,"[146, 238, 90, 72, 13, 28, 223, 18, 119, 82]"
118428,"[34, 13, 90, 238, 28, 119, 223, 32, 48, 44]"
118429,"[58, 12, 187, 220, 13, 90, 238, 6, 261, 28]"
118430,"[5, 73, 49, 34, 220, 187, 26, 54, 84, 30]"
118431,"[12, 13, 58, 90, 238, 28, 119, 6, 223, 261]"
118432,"[92, 26, 138, 72, 58, 238, 6, 133, 64, 18]"
118433,"[19, 73, 26, 238, 13, 6, 90, 28, 17, 72]"
118434,"[175, 18, 238, 138, 4, 7, 90, 28, 26, 146]"
118435,"[49, 138, 72, 238, 82, 92, 77, 64, 6, 146]"
118436,"[92, 73, 72, 18, 15, 26, 138, 82, 64, 238]"
118437,"[261, 13, 90, 238, 28, 119, 223, 21, 48, 103]"
118438,"[261, 147, 13, 90, 238, 28, 119, 73, 223, 45]"
118439,"[14, 24, 147, 23, 142, 58, 238, 91, 90, 13]"
118440,"[13, 238, 90, 28, 119, 223, 149, 84, 48, 146]"
118441,"[103, 13, 90, 238, 28, 119, 12, 223, 279, 32]"
118442,"[124, 73, 25, 261, 9, 29, 48, 45, 97, 138]"
118443,"[38, 238, 90, 13, 28, 32, 223, 119, 138, 146]"
118444,"[41, 27, 82, 157, 73, 72, 9, 279, 51, 6]"
118445,"[48, 13, 90, 238, 28, 119, 223, 20, 157, 21]"
118446,"[26, 72, 73, 15, 138, 82, 18, 238, 64, 91]"
118447,"[30, 26, 147, 138, 261, 38, 72, 97, 238, 151]"
118448,"[9, 27, 157, 279, 82, 72, 51, 103, 151, 42]"
118449,"[97, 138, 238, 15, 64, 105, 72, 146, 92, 55]"
118450,"[261, 13, 90, 238, 147, 28, 119, 223, 48, 14]"
118451,"[15, 72, 138, 18, 238, 146, 64, 0, 92, 105]"
118452,"[41, 73, 220, 187, 12, 58, 261, 25, 91, 60]"
118453,"[92, 138, 238, 146, 105, 64, 72, 7, 90, 28]"
118454,"[19, 238, 90, 13, 28, 223, 119, 138, 189, 146]"
118455,"[60, 23, 49, 220, 187, 151, 238, 147, 54, 30]"
118456,"[147, 14, 23, 157, 238, 60, 90, 28, 13, 24]"
118457,"[43, 13, 90, 238, 28, 119, 261, 223, 12, 48]"
118458,"[58, 13, 72, 90, 238, 28, 119, 82, 44, 223]"
118459,"[147, 238, 90, 138, 223, 28, 55, 13, 23, 146]"
118460,"[91, 73, 30, 45, 49, 97, 41, 220, 187, 0]"
118461,"[6, 58, 73, 15, 30, 12, 71, 92, 133, 41]"
118462,"[48, 13, 90, 238, 28, 58, 45, 119, 223, 187]"
118463,"[18, 72, 73, 82, 15, 138, 189, 19, 64, 238]"
118464,"[24, 23, 34, 1, 2, 28, 54, 13, 90, 84]"
118465,"[30, 72, 82, 138, 238, 97, 77, 105, 146, 92]"
118466,"[60, 23, 238, 220, 187, 13, 90, 49, 28, 119]"
118467,"[105, 73, 138, 72, 26, 238, 82, 15, 30, 91]"
118468,"[58, 13, 90, 238, 28, 119, 223, 48, 45, 187]"
118469,"[97, 1, 138, 72, 23, 238, 82, 64, 105, 146]"
118470,"[38, 238, 90, 138, 28, 13, 223, 146, 119, 157]"
118471,"[21, 187, 238, 26, 138, 223, 90, 28, 13, 146]"
118472,"[66, 238, 90, 13, 28, 223, 119, 146, 138, 48]"
118473,"[15, 72, 82, 138, 189, 19, 238, 66, 55, 64]"
118474,"[130, 73, 26, 97, 0, 6, 12, 91, 72, 76]"
118475,"[45, 187, 220, 13, 26, 90, 238, 28, 119, 58]"
118476,"[84, 13, 90, 238, 28, 119, 54, 223, 48, 112]"
118477,"[54, 84, 2, 5, 279, 27, 4, 29, 34, 18]"
118478,"[189, 238, 138, 147, 90, 60, 146, 28, 23, 223]"
118479,"[157, 238, 223, 90, 13, 28, 149, 119, 220, 146]"
118480,"[147, 157, 23, 14, 261, 238, 45, 60, 223, 36]"
118481,"[24, 28, 2, 149, 238, 13, 23, 90, 119, 223]"
118482,"[55, 147, 238, 138, 157, 90, 28, 146, 223, 13]"
118483,"[0, 18, 138, 27, 238, 72, 64, 92, 146, 90]"
118484,"[112, 27, 13, 90, 238, 28, 119, 9, 223, 279]"
118485,"[60, 23, 24, 220, 187, 30, 54, 49, 142, 38]"
118486,"[17, 58, 73, 12, 13, 133, 90, 238, 28, 119]"
118487,"[1, 23, 49, 72, 138, 30, 73, 238, 54, 97]"
118488,"[124, 73, 6, 71, 58, 91, 25, 2, 9, 13]"
118489,"[261, 13, 90, 279, 238, 28, 119, 223, 44, 20]"
118490,"[72, 82, 26, 15, 18, 138, 73, 6, 238, 189]"
118491,"[175, 238, 13, 90, 28, 119, 223, 146, 48, 32]"
118492,"[64, 1, 23, 72, 18, 15, 157, 138, 82, 71]"
118493,"[38, 238, 72, 15, 18, 90, 55, 28, 13, 82]"
118494,"[76, 13, 90, 238, 28, 119, 223, 48, 103, 146]"
118495,"[71, 58, 6, 73, 32, 238, 13, 90, 28, 119]"
118496,"[142, 73, 13, 23, 90, 238, 28, 119, 223, 48]"
118497,"[149, 238, 13, 90, 45, 28, 119, 223, 146, 48]"
118498,"[66, 13, 238, 90, 28, 119, 223, 21, 146, 48]"
118499,"[84, 13, 90, 238, 28, 261, 119, 223, 48, 103]"
118500,"[54, 220, 187, 279, 23, 2, 12, 121, 84, 1]"
118501,"[30, 73, 138, 261, 26, 97, 12, 238, 151, 72]"
118502,"[73, 138, 238, 146, 90, 28, 64, 72, 92, 105]"
118503,"[9, 73, 279, 25, 261, 45, 157, 151, 147, 42]"
118504,"[9, 27, 279, 2, 15, 72, 71, 82, 1, 32]"
118505,"[149, 58, 238, 13, 90, 28, 119, 26, 223, 18]"
118506,"[54, 220, 187, 121, 279, 13, 90, 84, 238, 28]"
118507,"[84, 13, 90, 238, 28, 119, 82, 223, 72, 32]"
118508,"[121, 13, 90, 238, 28, 119, 223, 44, 48, 103]"
118509,"[157, 27, 21, 90, 13, 189, 119, 223, 238, 28]"
118510,"[77, 27, 73, 189, 138, 15, 97, 105, 36, 21]"
118511,"[19, 18, 157, 32, 23, 238, 122, 1, 149, 90]"
118512,"[36, 13, 238, 90, 28, 223, 119, 142, 48, 146]"
118513,"[43, 13, 90, 238, 28, 119, 223, 32, 48, 20]"
118514,"[71, 27, 2, 238, 13, 279, 90, 261, 28, 124]"
118515,"[43, 13, 90, 238, 28, 261, 119, 223, 58, 48]"
118516,"[73, 77, 51, 49, 20, 124, 42, 5, 0, 138]"
118517,"[91, 73, 12, 30, 6, 26, 38, 92, 58, 45]"
118518,"[18, 72, 1, 82, 23, 157, 138, 36, 238, 77]"
118519,"[72, 82, 15, 3, 66, 54, 71, 18, 6, 44]"
118520,"[82, 72, 27, 18, 15, 138, 64, 238, 105, 71]"
118521,"[220, 187, 261, 13, 73, 90, 238, 28, 119, 223]"
118522,"[5, 6, 97, 3, 76, 13, 90, 238, 28, 119]"
118523,"[5, 27, 54, 21, 32, 44, 71, 279, 20, 9]"
118524,"[34, 23, 1, 60, 13, 90, 20, 238, 28, 119]"
118525,"[220, 187, 13, 58, 90, 238, 28, 119, 223, 48]"
118526,"[175, 157, 21, 147, 238, 90, 13, 28, 223, 54]"
118527,"[147, 58, 13, 238, 90, 28, 223, 119, 23, 142]"
118528,"[18, 72, 1, 23, 138, 97, 238, 146, 64, 92]"
118529,"[58, 12, 13, 90, 238, 28, 119, 45, 223, 187]"
118530,"[0, 138, 238, 15, 146, 72, 64, 92, 105, 90]"
118531,"[130, 73, 261, 26, 91, 14, 72, 97, 23, 36]"
118532,"[38, 238, 147, 90, 13, 28, 49, 223, 138, 119]"
118533,"[103, 13, 157, 9, 90, 238, 28, 119, 223, 48]"
118534,"[142, 238, 90, 13, 28, 23, 223, 138, 119, 32]"
118535,"[54, 2, 1, 23, 30, 5, 73, 130, 84, 49]"
118536,"[36, 13, 90, 189, 238, 175, 28, 223, 45, 119]"
118537,"[138, 49, 18, 238, 6, 27, 72, 151, 54, 1]"
118538,"[122, 238, 90, 13, 28, 223, 26, 119, 146, 12]"
118539,"[124, 54, 9, 27, 77, 279, 157, 2, 21, 20]"
118540,"[220, 187, 23, 13, 261, 90, 238, 28, 60, 119]"
118541,"[122, 238, 90, 13, 28, 223, 119, 146, 138, 142]"
118542,"[26, 72, 138, 238, 146, 90, 64, 28, 92, 105]"
118543,"[5, 71, 27, 157, 3, 13, 149, 90, 28, 238]"
118544,"[21, 187, 279, 36, 157, 261, 14, 189, 223, 175]"
118545,"[121, 220, 187, 23, 13, 54, 12, 90, 60, 238]"
118546,"[34, 13, 90, 238, 54, 28, 1, 119, 23, 223]"
118547,"[14, 23, 1, 238, 138, 279, 90, 7, 146, 28]"
118548,"[147, 220, 146, 187, 26, 238, 90, 28, 13, 138]"
118549,"[238, 90, 13, 157, 28, 223, 119, 21, 189, 146]"
118550,"[72, 82, 138, 26, 238, 64, 30, 151, 49, 92]"
118551,"[41, 73, 6, 220, 187, 82, 72, 49, 2, 261]"
118552,"[133, 189, 238, 90, 13, 28, 223, 119, 146, 138]"
118553,"[12, 220, 187, 13, 238, 90, 28, 119, 223, 48]"
118554,"[133, 23, 24, 261, 14, 60, 279, 238, 138, 142]"
118555,"[34, 13, 238, 90, 28, 119, 223, 48, 146, 103]"
118556,"[151, 138, 72, 82, 238, 15, 64, 30, 146, 92]"
118557,"[34, 13, 90, 238, 28, 119, 261, 223, 48, 32]"
118558,"[32, 13, 12, 90, 238, 28, 119, 223, 187, 220]"
118559,"[26, 73, 72, 6, 58, 91, 15, 138, 92, 12]"
118560,"[72, 82, 15, 73, 26, 18, 189, 64, 138, 12]"
118561,"[130, 73, 49, 142, 220, 187, 91, 30, 6, 72]"
118562,"[48, 13, 90, 238, 27, 28, 119, 223, 103, 146]"
118563,"[19, 73, 13, 238, 90, 28, 119, 58, 223, 26]"
118564,"[133, 58, 238, 26, 13, 90, 28, 119, 223, 146]"
118565,"[105, 27, 72, 21, 9, 82, 138, 15, 26, 77]"
118566,"[103, 21, 13, 157, 27, 90, 238, 28, 119, 279]"
118567,"[19, 238, 13, 90, 28, 119, 223, 146, 142, 48]"
118568,"[133, 147, 60, 261, 238, 23, 90, 28, 13, 138]"
118569,"[9, 279, 27, 45, 261, 36, 20, 21, 112, 124]"
118570,"[147, 238, 261, 90, 13, 223, 28, 23, 119, 25]"
118571,"[261, 13, 90, 238, 28, 119, 223, 32, 48, 187]"
118572,"[147, 58, 238, 13, 90, 28, 223, 23, 119, 24]"
118573,"[44, 13, 90, 28, 238, 119, 223, 20, 34, 279]"
118574,"[261, 13, 90, 238, 28, 119, 223, 103, 32, 48]"
118575,"[72, 82, 138, 18, 15, 26, 64, 238, 32, 23]"
118576,"[1, 64, 23, 138, 238, 97, 72, 146, 0, 92]"
118577,"[157, 14, 147, 223, 238, 220, 189, 90, 138, 28]"
118578,"[92, 138, 238, 105, 0, 77, 146, 64, 72, 147]"
118579,"[76, 13, 90, 238, 28, 119, 223, 34, 20, 48]"
118580,"[92, 138, 238, 105, 64, 151, 72, 146, 77, 97]"
118581,"[157, 147, 220, 223, 14, 238, 261, 90, 138, 28]"
118582,"[2, 73, 49, 54, 130, 30, 18, 34, 5, 72]"
118583,"[25, 261, 147, 45, 14, 6, 20, 23, 97, 12]"
118584,"[44, 13, 90, 238, 28, 119, 223, 48, 103, 146]"
118585,"[14, 60, 261, 23, 146, 238, 90, 28, 24, 13]"
118586,"[15, 18, 72, 26, 138, 6, 238, 58, 64, 92]"
118587,"[77, 138, 238, 146, 64, 90, 72, 92, 105, 28]"
118588,"[151, 138, 238, 92, 49, 26, 72, 73, 146, 64]"
118589,"[279, 23, 1, 24, 4, 238, 7, 30, 90, 13]"
118590,"[1, 23, 64, 72, 138, 238, 279, 20, 82, 77]"
118591,"[105, 73, 72, 138, 82, 30, 238, 91, 26, 92]"
118592,"[82, 72, 138, 238, 15, 146, 64, 189, 92, 105]"
118593,"[54, 73, 279, 13, 238, 90, 6, 28, 119, 223]"
118594,"[189, 13, 238, 90, 28, 45, 119, 223, 48, 175]"
118595,"[121, 1, 23, 54, 187, 220, 13, 90, 28, 238]"
118596,"[119, 13, 90, 238, 28, 261, 223, 48, 189, 103]"
118597,"[24, 23, 138, 238, 189, 90, 55, 146, 28, 223]"
118598,"[124, 6, 73, 149, 91, 2, 238, 28, 90, 13]"
118599,"[29, 17, 157, 23, 3, 279, 1, 13, 15, 28]"
118600,"[84, 13, 90, 238, 28, 119, 223, 25, 48, 187]"
118601,"[77, 72, 138, 82, 97, 0, 238, 151, 261, 189]"
118602,"[147, 23, 261, 14, 60, 138, 97, 238, 25, 157]"
118603,"[175, 157, 238, 147, 138, 90, 28, 13, 223, 146]"
118604,"[238, 146, 90, 13, 28, 138, 223, 7, 119, 175]"
118605,"[23, 1, 42, 24, 54, 49, 43, 91, 30, 142]"
118606,"[66, 238, 90, 13, 28, 157, 223, 21, 119, 4]"
118607,"[279, 23, 20, 1, 54, 13, 112, 90, 9, 238]"
118608,"[25, 147, 73, 97, 0, 45, 27, 6, 151, 130]"
118609,"[220, 187, 13, 90, 261, 238, 28, 119, 223, 48]"
118610,"[26, 72, 1, 138, 23, 238, 105, 146, 0, 77]"
118611,"[147, 157, 238, 223, 90, 28, 13, 23, 138, 119]"
118612,"[76, 13, 90, 238, 28, 119, 223, 32, 48, 34]"
118613,"[14, 23, 1, 261, 60, 138, 279, 24, 142, 72]"
118614,"[32, 13, 90, 238, 6, 28, 119, 223, 44, 54]"
118615,"[5, 2, 15, 142, 279, 84, 49, 30, 23, 72]"
118616,"[238, 189, 28, 13, 90, 223, 119, 55, 146, 15]"
118617,"[4, 60, 23, 1, 238, 13, 90, 28, 279, 142]"
118618,"[147, 157, 23, 138, 97, 238, 223, 261, 175, 77]"
118619,"[121, 13, 90, 238, 28, 119, 223, 103, 48, 112]"
118620,"[27, 279, 54, 13, 90, 28, 238, 119, 223, 142]"
118621,"[133, 72, 18, 82, 238, 19, 122, 157, 26, 90]"
118622,"[138, 157, 30, 49, 238, 54, 24, 64, 105, 146]"
118623,"[220, 187, 54, 13, 90, 238, 49, 28, 119, 223]"
118624,"[138, 73, 238, 189, 97, 146, 92, 64, 72, 105]"
118625,"[24, 23, 42, 43, 1, 49, 187, 220, 58, 30]"
118626,"[64, 1, 23, 138, 238, 72, 97, 30, 146, 151]"
118627,"[20, 13, 90, 238, 28, 119, 27, 223, 103, 147]"
118628,"[238, 90, 13, 28, 157, 223, 119, 138, 60, 146]"
118629,"[82, 72, 138, 238, 146, 64, 92, 105, 142, 97]"
118630,"[32, 58, 13, 90, 26, 261, 238, 28, 12, 119]"
118631,"[72, 82, 92, 18, 26, 138, 64, 238, 6, 15]"
118632,"[49, 73, 138, 12, 238, 72, 261, 151, 24, 157]"
118633,"[44, 13, 90, 238, 28, 119, 223, 45, 48, 103]"
118634,"[220, 187, 13, 90, 238, 28, 119, 223, 48, 261]"
118635,"[220, 187, 13, 90, 238, 28, 119, 223, 48, 32]"
118636,"[0, 147, 138, 238, 97, 261, 151, 54, 92, 27]"
118637,"[6, 27, 58, 32, 15, 149, 18, 2, 279, 71]"
118638,"[64, 138, 49, 238, 72, 146, 92, 105, 97, 151]"
118639,"[76, 13, 90, 238, 28, 119, 223, 48, 103, 146]"
118640,"[138, 261, 147, 26, 72, 238, 14, 77, 23, 64]"
118641,"[279, 23, 261, 20, 13, 90, 238, 9, 1, 28]"
118642,"[64, 1, 23, 72, 138, 15, 19, 238, 66, 55]"
118643,"[223, 238, 90, 28, 13, 138, 119, 146, 66, 149]"
118644,"[3, 54, 27, 29, 157, 105, 279, 13, 130, 90]"
118645,"[29, 73, 13, 90, 238, 28, 119, 223, 48, 103]"
118646,"[13, 90, 238, 28, 119, 223, 48, 32, 103, 187]"
118647,"[6, 2, 279, 261, 138, 27, 32, 238, 20, 23]"
118648,"[29, 17, 72, 82, 73, 71, 54, 13, 34, 90]"
118649,"[82, 72, 138, 238, 105, 146, 151, 64, 0, 97]"
118650,"[73, 17, 42, 13, 90, 238, 20, 28, 119, 223]"
118651,"[66, 58, 238, 13, 90, 26, 28, 223, 119, 146]"
118652,"[24, 147, 23, 14, 138, 133, 0, 38, 238, 60]"
118653,"[41, 27, 82, 72, 73, 6, 2, 71, 279, 54]"
118654,"[92, 138, 238, 49, 26, 24, 151, 72, 60, 147]"
118655,"[142, 23, 30, 49, 13, 60, 90, 238, 28, 54]"
118656,"[151, 147, 27, 138, 26, 97, 105, 0, 238, 72]"
118657,"[147, 60, 23, 238, 138, 24, 261, 223, 90, 146]"
118658,"[73, 15, 18, 91, 71, 149, 3, 64, 58, 72]"
118659,"[146, 238, 32, 60, 26, 66, 90, 28, 13, 138]"
118660,"[73, 6, 26, 91, 12, 49, 72, 38, 133, 92]"
118661,"[112, 45, 13, 90, 238, 28, 119, 223, 76, 48]"
118662,"[12, 220, 187, 13, 238, 90, 28, 119, 223, 20]"
118663,"[27, 13, 90, 238, 28, 119, 223, 54, 48, 84]"
118664,"[77, 157, 147, 138, 15, 36, 105, 189, 21, 97]"
118665,"[9, 27, 279, 54, 13, 157, 90, 28, 15, 238]"
118666,"[0, 72, 138, 238, 82, 1, 23, 15, 146, 90]"
118667,"[147, 23, 60, 138, 279, 238, 1, 32, 72, 223]"
118668,"[147, 23, 73, 0, 223, 97, 238, 151, 14, 45]"
118669,"[91, 1, 23, 238, 2, 130, 13, 90, 28, 29]"
118670,"[124, 82, 72, 54, 77, 9, 157, 105, 29, 189]"
118671,"[121, 13, 90, 238, 28, 119, 20, 223, 279, 32]"
118672,"[4, 36, 157, 21, 13, 90, 238, 28, 223, 119]"
118673,"[77, 73, 27, 15, 189, 138, 97, 175, 105, 238]"
118674,"[112, 27, 157, 13, 90, 238, 28, 119, 21, 223]"
118675,"[18, 72, 82, 1, 15, 26, 138, 23, 64, 157]"
118676,"[220, 187, 23, 13, 90, 238, 28, 119, 24, 223]"
118677,"[25, 73, 220, 187, 49, 91, 26, 261, 45, 72]"
118678,"[189, 238, 261, 90, 13, 28, 279, 60, 23, 223]"
118679,"[51, 27, 73, 9, 157, 45, 279, 29, 25, 103]"
118680,"[91, 72, 82, 18, 3, 15, 17, 71, 54, 73]"
118681,"[1, 23, 13, 28, 34, 90, 238, 119, 54, 223]"
118682,"[36, 13, 90, 27, 238, 28, 119, 223, 189, 48]"
118683,"[13, 238, 90, 28, 189, 45, 119, 223, 175, 76]"
118684,"[26, 72, 49, 138, 30, 25, 147, 238, 151, 23]"
118685,"[84, 187, 220, 13, 90, 238, 28, 119, 223, 121]"
118686,"[24, 23, 60, 1, 138, 142, 238, 279, 4, 7]"
118687,"[13, 90, 238, 28, 119, 187, 220, 223, 48, 32]"
118688,"[220, 187, 13, 147, 90, 238, 28, 119, 223, 6]"
118689,"[149, 238, 13, 26, 90, 73, 28, 72, 38, 223]"
118690,"[4, 36, 26, 238, 90, 14, 13, 28, 223, 147]"
118691,"[84, 220, 187, 13, 90, 23, 28, 238, 119, 54]"
118692,"[147, 261, 13, 238, 90, 14, 28, 45, 25, 119]"
118693,"[1, 138, 23, 54, 238, 2, 49, 30, 72, 146]"
118694,"[21, 187, 238, 147, 90, 13, 223, 28, 45, 157]"
118695,"[48, 73, 13, 90, 238, 28, 119, 223, 45, 147]"
118696,"[5, 73, 91, 71, 238, 13, 90, 28, 25, 119]"
118697,"[133, 147, 60, 238, 23, 138, 21, 24, 90, 14]"
118698,"[25, 27, 9, 51, 279, 45, 20, 103, 76, 124]"
118699,"[175, 238, 13, 90, 28, 223, 119, 9, 36, 279]"
118700,"[151, 138, 238, 105, 30, 64, 18, 72, 146, 15]"
118701,"[49, 73, 30, 6, 138, 97, 92, 151, 91, 238]"
118702,"[82, 72, 15, 27, 138, 238, 105, 189, 146, 77]"
118703,"[220, 187, 13, 90, 238, 28, 119, 223, 32, 48]"
118704,"[44, 13, 90, 28, 238, 119, 223, 103, 48, 146]"
118705,"[49, 30, 138, 26, 72, 238, 92, 151, 220, 23]"
118706,"[18, 72, 138, 238, 97, 147, 92, 49, 146, 64]"
118707,"[0, 27, 138, 189, 238, 97, 29, 146, 64, 92]"
118708,"[71, 27, 72, 18, 82, 15, 58, 9, 279, 26]"
118709,"[189, 238, 90, 28, 13, 138, 223, 119, 146, 55]"
118710,"[279, 23, 13, 90, 238, 28, 119, 12, 223, 20]"
118711,"[130, 73, 91, 105, 3, 5, 4, 2, 29, 1]"
118712,"[19, 238, 189, 90, 28, 13, 223, 119, 138, 279]"
118713,"[41, 27, 261, 73, 6, 147, 151, 25, 279, 72]"
118714,"[238, 90, 28, 13, 138, 223, 119, 146, 55, 48]"
118715,"[51, 27, 45, 9, 279, 41, 25, 76, 20, 97]"
118716,"[20, 13, 238, 90, 28, 119, 223, 279, 48, 146]"
118717,"[112, 13, 147, 90, 238, 28, 45, 119, 223, 48]"
118718,"[32, 13, 90, 238, 28, 119, 223, 6, 48, 103]"
118719,"[7, 147, 238, 44, 90, 138, 28, 13, 223, 146]"
118720,"[34, 13, 90, 20, 28, 238, 119, 223, 103, 32]"
118721,"[14, 23, 261, 238, 157, 90, 28, 13, 138, 223]"
118722,"[43, 220, 187, 23, 1, 13, 60, 261, 90, 238]"
118723,"[26, 72, 138, 49, 238, 30, 151, 97, 147, 60]"
118724,"[72, 73, 92, 82, 26, 12, 6, 15, 138, 91]"
118725,"[23, 1, 220, 187, 2, 60, 24, 261, 42, 49]"
118726,"[32, 13, 90, 238, 28, 119, 12, 58, 223, 48]"
118727,"[13, 90, 28, 238, 119, 223, 32, 103, 4, 84]"
118728,"[41, 261, 30, 6, 2, 25, 38, 26, 91, 49]"
118729,"[73, 13, 90, 238, 28, 261, 91, 119, 223, 58]"
118730,"[92, 72, 82, 73, 138, 15, 238, 12, 64, 0]"
118731,"[119, 13, 90, 238, 32, 28, 223, 84, 23, 48]"
118732,"[77, 138, 73, 238, 23, 1, 72, 146, 64, 92]"
118733,"[175, 189, 21, 238, 138, 77, 90, 28, 157, 223]"
118734,"[20, 13, 54, 90, 238, 28, 119, 157, 223, 189]"
118735,"[44, 13, 90, 238, 28, 119, 223, 261, 279, 45]"
118736,"[73, 138, 72, 77, 27, 82, 238, 15, 105, 146]"
118737,"[1, 23, 72, 15, 138, 18, 238, 124, 175, 19]"
118738,"[25, 6, 261, 147, 187, 27, 76, 21, 220, 12]"
118739,"[7, 238, 90, 13, 28, 175, 223, 119, 146, 189]"
118740,"[103, 13, 90, 238, 28, 119, 32, 223, 279, 48]"
118741,"[147, 238, 90, 0, 13, 28, 223, 97, 157, 119]"
118742,"[19, 238, 90, 133, 13, 28, 223, 119, 149, 18]"
118743,"[19, 157, 23, 238, 1, 21, 90, 28, 13, 223]"
118744,"[220, 187, 13, 238, 90, 28, 32, 261, 119, 223]"
118745,"[279, 13, 112, 90, 238, 28, 119, 223, 23, 44]"
118746,"[6, 26, 147, 146, 58, 238, 72, 18, 38, 149]"
118747,"[55, 18, 157, 238, 72, 149, 90, 13, 28, 223]"
118748,"[119, 13, 90, 238, 28, 223, 48, 261, 76, 103]"
118749,"[142, 13, 90, 238, 28, 119, 24, 23, 223, 121]"
118750,"[6, 58, 26, 261, 133, 12, 91, 15, 72, 32]"
118751,"[84, 1, 13, 187, 23, 220, 90, 238, 28, 119]"
118752,"[24, 23, 54, 1, 13, 90, 28, 238, 142, 119]"
118753,"[261, 119, 13, 90, 238, 28, 20, 223, 147, 279]"
118754,"[38, 147, 60, 23, 138, 238, 14, 146, 24, 90]"
118755,"[1, 23, 15, 73, 72, 138, 189, 105, 18, 175]"
118756,"[261, 73, 14, 58, 42, 32, 13, 90, 279, 23]"
118757,"[48, 27, 13, 90, 238, 28, 119, 223, 279, 103]"
118758,"[151, 138, 1, 238, 23, 72, 146, 64, 92, 105]"
118759,"[133, 238, 90, 13, 28, 279, 223, 21, 119, 138]"
118760,"[279, 13, 90, 34, 238, 28, 119, 23, 20, 84]"
118761,"[142, 23, 60, 238, 4, 138, 90, 28, 13, 223]"
118762,"[19, 26, 238, 138, 72, 147, 90, 38, 146, 28]"
118763,"[189, 60, 238, 138, 147, 23, 26, 261, 90, 146]"
118764,"[32, 13, 90, 238, 28, 119, 223, 18, 103, 44]"
118765,"[73, 58, 25, 261, 91, 238, 13, 90, 28, 119]"
118766,"[122, 15, 26, 238, 90, 13, 28, 17, 223, 72]"
118767,"[45, 13, 90, 238, 28, 119, 261, 223, 48, 76]"
118768,"[71, 73, 9, 5, 25, 13, 6, 90, 28, 238]"
118769,"[44, 13, 90, 238, 28, 119, 187, 220, 223, 48]"
118770,"[97, 27, 138, 18, 238, 0, 151, 146, 77, 72]"
118771,"[17, 73, 18, 72, 82, 122, 19, 12, 66, 55]"
118772,"[64, 72, 82, 26, 6, 138, 238, 18, 92, 49]"
118773,"[21, 187, 238, 138, 20, 223, 90, 28, 7, 13]"
118774,"[92, 138, 238, 105, 146, 54, 90, 28, 64, 72]"
118775,"[73, 6, 58, 261, 91, 12, 38, 25, 26, 15]"
118776,"[45, 13, 90, 21, 238, 28, 119, 20, 223, 279]"
118777,"[84, 157, 13, 90, 238, 28, 119, 77, 223, 32]"
118778,"[21, 27, 187, 189, 13, 238, 279, 90, 223, 28]"
118779,"[19, 157, 149, 72, 18, 238, 54, 122, 82, 90]"
118780,"[147, 14, 24, 23, 142, 91, 58, 12, 238, 38]"
118781,"[7, 238, 13, 90, 28, 44, 142, 223, 119, 146]"
118782,"[73, 91, 12, 26, 25, 261, 6, 58, 72, 38]"
118783,"[261, 27, 13, 90, 238, 28, 119, 223, 103, 48]"
118784,"[220, 187, 13, 90, 238, 28, 119, 223, 23, 84]"
118785,"[220, 187, 13, 90, 238, 28, 119, 32, 223, 20]"
118786,"[124, 9, 41, 45, 0, 27, 76, 105, 6, 77]"
118787,"[15, 72, 138, 238, 27, 151, 146, 0, 64, 92]"
118788,"[220, 187, 23, 13, 1, 84, 90, 238, 28, 119]"
118789,"[2, 27, 18, 72, 82, 15, 279, 51, 71, 6]"
118790,"[64, 72, 82, 73, 138, 6, 238, 18, 58, 15]"
118791,"[149, 238, 157, 90, 13, 28, 279, 223, 23, 119]"
118792,"[151, 138, 36, 261, 26, 238, 77, 64, 97, 72]"
118793,"[9, 157, 279, 103, 51, 73, 29, 42, 105, 71]"
118794,"[220, 187, 13, 90, 238, 28, 119, 223, 32, 103]"
118795,"[71, 73, 261, 25, 6, 2, 279, 9, 147, 23]"
118796,"[24, 23, 12, 73, 14, 147, 238, 138, 21, 38]"
118797,"[175, 157, 147, 21, 238, 90, 223, 28, 13, 138]"
118798,"[45, 13, 90, 238, 28, 119, 223, 27, 279, 48]"
118799,"[91, 14, 45, 30, 49, 261, 133, 130, 138, 73]"
118800,"[77, 138, 27, 238, 15, 18, 72, 146, 64, 71]"
118801,"[1, 42, 23, 34, 84, 2, 4, 13, 90, 28]"
118802,"[90, 13, 238, 28, 119, 223, 1, 55, 32, 23]"
118803,"[41, 27, 9, 279, 51, 20, 103, 112, 45, 76]"
118804,"[27, 51, 82, 72, 279, 54, 21, 9, 77, 189]"
118805,"[48, 13, 90, 238, 28, 119, 223, 20, 279, 103]"
118806,"[45, 13, 90, 238, 28, 119, 223, 58, 34, 48]"
118807,"[73, 20, 261, 279, 23, 1, 2, 138, 72, 60]"
118808,"[92, 138, 23, 238, 1, 279, 72, 146, 64, 105]"
118809,"[1, 23, 24, 54, 142, 13, 28, 90, 238, 4]"
118810,"[29, 73, 238, 90, 13, 28, 223, 119, 146, 3]"
118811,"[6, 261, 25, 41, 12, 147, 91, 97, 133, 48]"
118812,"[97, 138, 15, 238, 105, 55, 72, 146, 30, 64]"
118813,"[48, 13, 90, 238, 28, 119, 32, 223, 279, 34]"
118814,"[20, 27, 13, 90, 21, 238, 28, 119, 223, 48]"
118815,"[14, 21, 23, 238, 26, 90, 28, 138, 13, 223]"
118816,"[279, 9, 13, 27, 23, 90, 238, 28, 119, 20]"
118817,"[17, 157, 29, 13, 90, 28, 238, 119, 223, 21]"
118818,"[34, 187, 220, 13, 90, 238, 28, 119, 223, 121]"
118819,"[20, 13, 90, 27, 28, 238, 119, 223, 54, 103]"
118820,"[58, 187, 13, 220, 60, 90, 238, 28, 261, 119]"
118821,"[238, 90, 60, 28, 13, 147, 138, 223, 119, 146]"
118822,"[238, 13, 90, 28, 119, 223, 84, 146, 48, 55]"
118823,"[279, 9, 13, 157, 90, 238, 28, 119, 103, 223]"
118824,"[103, 13, 90, 238, 28, 119, 223, 54, 32, 261]"
118825,"[147, 73, 97, 23, 238, 223, 90, 13, 28, 151]"
118826,"[41, 73, 27, 157, 147, 82, 72, 49, 25, 9]"
118827,"[261, 13, 90, 238, 28, 119, 223, 73, 48, 187]"
118828,"[73, 91, 42, 26, 13, 175, 90, 238, 28, 151]"
118829,"[21, 187, 238, 90, 13, 223, 28, 261, 119, 20]"
118830,"[7, 238, 13, 90, 44, 28, 142, 223, 119, 60]"
118831,"[157, 238, 13, 90, 28, 223, 119, 146, 36, 103]"
118832,"[29, 77, 157, 21, 17, 112, 9, 36, 51, 105]"
118833,"[27, 279, 71, 149, 84, 5, 142, 9, 34, 124]"
118834,"[66, 238, 157, 90, 13, 28, 223, 119, 23, 146]"
118835,"[124, 6, 82, 72, 54, 220, 187, 13, 5, 84]"
118836,"[44, 13, 90, 238, 28, 119, 223, 261, 279, 48]"
118837,"[6, 27, 71, 5, 279, 34, 51, 13, 90, 28]"
118838,"[27, 6, 279, 9, 71, 151, 18, 51, 13, 175]"
118839,"[30, 26, 71, 138, 261, 14, 147, 72, 238, 151]"
118840,"[54, 1, 23, 28, 13, 238, 90, 4, 18, 119]"
118841,"[2, 261, 25, 26, 12, 45, 9, 20, 279, 72]"
118842,"[43, 54, 13, 90, 238, 28, 1, 23, 119, 223]"
118843,"[142, 238, 13, 90, 28, 223, 23, 119, 73, 146]"
118844,"[12, 13, 90, 238, 28, 220, 187, 119, 45, 223]"
118845,"[3, 72, 82, 32, 261, 73, 21, 18, 91, 15]"
118846,"[82, 72, 138, 238, 146, 90, 105, 151, 28, 64]"
118847,"[5, 220, 187, 36, 261, 30, 76, 23, 43, 1]"
118848,"[279, 23, 24, 220, 187, 49, 142, 30, 60, 238]"
118849,"[91, 73, 30, 14, 45, 130, 261, 138, 23, 24]"
118850,"[124, 149, 73, 2, 58, 279, 32, 91, 121, 187]"
118851,"[41, 27, 157, 279, 51, 76, 103, 45, 20, 48]"
118852,"[2, 27, 72, 18, 82, 279, 51, 15, 6, 189]"
118853,"[43, 13, 90, 238, 28, 119, 187, 220, 223, 48]"
118854,"[151, 27, 72, 1, 138, 23, 238, 82, 105, 279]"
118855,"[142, 27, 238, 261, 13, 90, 28, 58, 119, 223]"
118856,"[72, 82, 15, 1, 23, 138, 18, 64, 238, 66]"
118857,"[38, 147, 60, 238, 23, 138, 90, 28, 13, 223]"
118858,"[27, 51, 9, 54, 82, 72, 279, 77, 29, 18]"
118859,"[121, 13, 90, 238, 28, 27, 119, 223, 279, 20]"
118860,"[48, 13, 90, 238, 27, 28, 119, 223, 103, 112]"
118861,"[73, 72, 82, 77, 138, 15, 175, 238, 26, 0]"
118862,"[45, 13, 90, 238, 28, 119, 223, 48, 103, 146]"
118863,"[26, 72, 27, 138, 238, 105, 1, 2, 23, 64]"
118864,"[103, 157, 13, 147, 45, 90, 238, 28, 223, 119]"
118865,"[19, 238, 13, 90, 28, 119, 223, 157, 146, 34]"
118866,"[66, 21, 26, 238, 12, 90, 13, 28, 72, 73]"
118867,"[5, 2, 54, 84, 4, 34, 142, 32, 29, 23]"
118868,"[18, 73, 72, 138, 238, 97, 27, 151, 175, 146]"
118869,"[25, 6, 261, 60, 23, 73, 220, 187, 12, 279]"
118870,"[12, 220, 187, 13, 90, 261, 238, 28, 119, 223]"
118871,"[18, 72, 138, 0, 238, 151, 97, 30, 146, 64]"
118872,"[238, 90, 13, 28, 223, 138, 119, 146, 48, 7]"
118873,"[4, 147, 238, 90, 13, 28, 26, 223, 119, 138]"
118874,"[121, 13, 90, 238, 28, 119, 223, 32, 48, 103]"
118875,"[84, 13, 90, 238, 28, 187, 220, 119, 34, 1]"
118876,"[54, 279, 51, 112, 44, 20, 45, 27, 55, 12]"
118877,"[157, 238, 77, 13, 90, 28, 223, 147, 119, 21]"
118878,"[73, 130, 27, 91, 151, 25, 26, 15, 58, 279]"
118879,"[49, 1, 23, 30, 24, 138, 54, 72, 238, 130]"
118880,"[220, 187, 13, 90, 238, 28, 119, 223, 32, 48]"
118881,"[58, 13, 32, 90, 238, 28, 119, 223, 6, 18]"
118882,"[20, 13, 90, 238, 28, 119, 223, 71, 84, 34]"
118883,"[175, 238, 13, 90, 28, 223, 119, 279, 146, 48]"
118884,"[20, 13, 90, 238, 28, 119, 223, 48, 27, 279]"
118885,"[29, 27, 21, 157, 279, 119, 13, 90, 238, 28]"
118886,"[12, 13, 90, 238, 28, 119, 261, 223, 48, 103]"
118887,"[49, 138, 30, 238, 4, 72, 146, 64, 23, 92]"
118888,"[26, 72, 73, 49, 138, 142, 238, 24, 23, 146]"
118889,"[157, 138, 238, 72, 0, 105, 92, 151, 146, 64]"
118890,"[77, 147, 27, 238, 138, 105, 90, 0, 28, 97]"
118891,"[30, 23, 49, 54, 1, 138, 60, 71, 7, 220]"
118892,"[151, 138, 23, 1, 238, 72, 279, 146, 64, 92]"
118893,"[48, 261, 73, 147, 45, 13, 90, 238, 28, 119]"
118894,"[105, 157, 72, 82, 138, 1, 23, 238, 64, 71]"
118895,"[6, 2, 71, 9, 23, 1, 279, 238, 90, 13]"
118896,"[279, 220, 187, 13, 90, 238, 28, 112, 119, 23]"
118897,"[121, 54, 13, 90, 238, 28, 119, 220, 187, 223]"
118898,"[29, 13, 90, 238, 28, 119, 34, 223, 17, 48]"
118899,"[54, 6, 27, 279, 13, 58, 238, 90, 119, 28]"
118900,"[55, 189, 238, 90, 21, 13, 28, 223, 157, 77]"
118901,"[157, 147, 223, 238, 13, 90, 14, 28, 36, 261]"
118902,"[30, 6, 49, 220, 187, 54, 23, 151, 1, 43]"
118903,"[121, 13, 90, 238, 28, 119, 58, 223, 25, 261]"
118904,"[20, 13, 90, 54, 238, 28, 119, 223, 44, 82]"
118905,"[18, 72, 27, 138, 2, 238, 15, 189, 82, 175]"
118906,"[12, 220, 187, 13, 90, 238, 28, 45, 119, 223]"
118907,"[21, 27, 187, 189, 157, 279, 13, 238, 223, 90]"
118908,"[84, 1, 23, 54, 13, 2, 90, 28, 238, 119]"
118909,"[147, 23, 238, 58, 24, 133, 223, 90, 60, 13]"
118910,"[2, 27, 6, 18, 279, 73, 41, 51, 151, 72]"
118911,"[73, 2, 84, 5, 6, 30, 130, 175, 49, 9]"
118912,"[30, 1, 23, 54, 71, 7, 138, 238, 130, 49]"
118913,"[51, 27, 9, 279, 112, 189, 97, 45, 0, 77]"
118914,"[21, 187, 238, 13, 90, 28, 223, 119, 146, 48]"
118915,"[261, 13, 220, 187, 90, 238, 28, 119, 223, 103]"
118916,"[34, 187, 220, 13, 90, 238, 28, 119, 223, 121]"
118917,"[73, 71, 18, 19, 149, 3, 17, 238, 54, 90]"
118918,"[51, 27, 54, 58, 279, 13, 6, 12, 90, 238]"
118919,"[92, 73, 12, 138, 91, 58, 38, 238, 146, 6]"
118920,"[19, 238, 13, 90, 28, 119, 223, 142, 146, 48]"
118921,"[133, 238, 90, 13, 28, 189, 223, 119, 146, 138]"
118922,"[73, 3, 91, 6, 15, 30, 133, 26, 72, 64]"
118923,"[23, 1, 60, 14, 24, 142, 279, 220, 187, 49]"
118924,"[26, 72, 82, 18, 138, 27, 15, 238, 64, 6]"
118925,"[21, 187, 238, 138, 26, 223, 90, 28, 146, 13]"
118926,"[189, 238, 90, 13, 28, 223, 119, 146, 138, 48]"
118927,"[122, 238, 13, 90, 28, 223, 119, 146, 138, 48]"
118928,"[43, 13, 90, 238, 28, 119, 223, 48, 103, 146]"
118929,"[124, 73, 25, 9, 54, 13, 41, 90, 28, 238]"
118930,"[175, 238, 77, 90, 13, 28, 223, 157, 147, 189]"
118931,"[133, 238, 90, 13, 28, 147, 223, 119, 58, 146]"
118932,"[60, 23, 1, 24, 261, 238, 142, 2, 90, 13]"
118933,"[157, 21, 189, 27, 90, 13, 238, 223, 28, 119]"
118934,"[71, 82, 72, 5, 77, 15, 27, 2, 29, 51]"
118935,"[55, 189, 21, 238, 77, 90, 138, 28, 13, 223]"
118936,"[92, 73, 138, 97, 23, 238, 1, 49, 0, 151]"
118937,"[71, 6, 1, 220, 187, 23, 0, 13, 279, 28]"
118938,"[91, 2, 25, 73, 23, 1, 279, 13, 5, 3]"
118939,"[1, 23, 138, 49, 54, 30, 238, 72, 97, 130]"
118940,"[27, 97, 18, 138, 238, 0, 151, 105, 77, 9]"
118941,"[12, 13, 90, 238, 28, 119, 223, 44, 58, 32]"
118942,"[32, 13, 90, 28, 238, 119, 223, 44, 103, 34]"
118943,"[189, 21, 238, 90, 13, 28, 223, 147, 119, 146]"
118944,"[4, 23, 1, 13, 54, 90, 238, 28, 24, 119]"
118945,"[84, 34, 13, 90, 1, 28, 238, 23, 119, 223]"
118946,"[32, 13, 90, 238, 28, 119, 223, 44, 48, 91]"
118947,"[82, 72, 1, 23, 138, 238, 20, 146, 64, 92]"
118948,"[189, 157, 21, 261, 238, 20, 14, 147, 23, 223]"
118949,"[77, 27, 147, 238, 138, 90, 28, 105, 54, 146]"
118950,"[84, 13, 187, 220, 90, 238, 28, 119, 223, 48]"
118951,"[279, 45, 13, 90, 238, 28, 119, 76, 223, 112]"
118952,"[147, 146, 26, 220, 187, 238, 261, 138, 90, 23]"
118953,"[279, 13, 90, 238, 28, 119, 223, 23, 32, 20]"
118954,"[2, 73, 30, 49, 27, 187, 220, 130, 5, 72]"
118955,"[30, 138, 238, 18, 64, 146, 72, 77, 92, 105]"
118956,"[23, 7, 1, 60, 54, 238, 279, 24, 90, 28]"
118957,"[24, 23, 1, 54, 60, 238, 90, 28, 7, 13]"
118958,"[18, 27, 72, 138, 157, 238, 64, 30, 36, 105]"
118959,"[43, 73, 13, 90, 238, 28, 119, 223, 261, 48]"
118960,"[17, 21, 29, 1, 23, 157, 279, 142, 72, 4]"
118961,"[220, 187, 13, 90, 28, 238, 119, 54, 223, 34]"
118962,"[220, 187, 13, 90, 238, 28, 119, 223, 112, 48]"
118963,"[238, 13, 90, 28, 58, 146, 18, 119, 223, 149]"
118964,"[58, 261, 13, 90, 238, 28, 119, 223, 48, 279]"
118965,"[130, 2, 1, 23, 73, 27, 5, 30, 13, 90]"
118966,"[24, 23, 73, 147, 14, 238, 261, 138, 12, 38]"
118967,"[103, 13, 90, 238, 28, 119, 223, 32, 220, 187]"
118968,"[27, 51, 279, 9, 261, 2, 6, 151, 13, 105]"
118969,"[189, 72, 82, 238, 13, 90, 28, 223, 119, 34]"
118970,"[18, 72, 6, 138, 238, 15, 146, 92, 90, 82]"
118971,"[12, 13, 90, 238, 28, 119, 26, 223, 6, 58]"
118972,"[82, 72, 138, 1, 12, 238, 23, 92, 26, 146]"
118973,"[72, 82, 15, 18, 71, 138, 64, 105, 238, 66]"
118974,"[49, 220, 187, 138, 238, 72, 23, 60, 151, 146]"
118975,"[45, 13, 90, 157, 238, 28, 119, 223, 103, 48]"
118976,"[54, 73, 6, 279, 13, 90, 238, 28, 119, 91]"
118977,"[43, 220, 187, 13, 90, 238, 28, 119, 12, 223]"
118978,"[13, 90, 238, 28, 119, 27, 223, 34, 48, 44]"
118979,"[21, 157, 187, 147, 279, 238, 36, 223, 138, 90]"
118980,"[97, 49, 138, 238, 60, 92, 55, 146, 147, 38]"
118981,"[43, 261, 13, 90, 238, 28, 119, 223, 48, 38]"
118982,"[64, 138, 157, 238, 72, 23, 146, 1, 92, 105]"
118983,"[0, 138, 72, 1, 238, 23, 82, 18, 92, 146]"
118984,"[157, 14, 90, 238, 97, 13, 28, 29, 223, 0]"
118985,"[105, 138, 238, 26, 72, 30, 64, 151, 146, 92]"
118986,"[84, 13, 90, 238, 28, 119, 223, 32, 48, 12]"
118987,"[13, 90, 238, 28, 119, 45, 223, 48, 76, 103]"
118988,"[44, 58, 13, 90, 12, 238, 28, 119, 223, 48]"
118989,"[21, 23, 157, 223, 279, 1, 238, 90, 36, 13]"
118990,"[20, 13, 90, 238, 28, 119, 223, 34, 48, 44]"
118991,"[71, 72, 26, 15, 82, 58, 12, 18, 20, 27]"
118992,"[60, 23, 157, 238, 90, 13, 28, 223, 138, 119]"
118993,"[23, 279, 60, 24, 220, 187, 49, 30, 1, 142]"
118994,"[238, 90, 13, 28, 223, 119, 138, 146, 48, 55]"
118995,"[24, 23, 60, 220, 49, 187, 142, 147, 238, 90]"
118996,"[147, 238, 90, 13, 28, 0, 223, 97, 119, 157]"
118997,"[73, 12, 261, 38, 91, 58, 133, 60, 44, 48]"
118998,"[58, 261, 32, 60, 13, 90, 238, 28, 6, 119]"
118999,"[1, 23, 13, 28, 90, 238, 119, 34, 223, 121]"
119000,"[103, 13, 90, 238, 28, 119, 223, 48, 261, 45]"
119001,"[20, 13, 21, 27, 90, 119, 238, 28, 157, 223]"
119002,"[36, 157, 21, 13, 90, 238, 28, 223, 119, 72]"
119003,"[64, 72, 1, 15, 23, 18, 82, 138, 73, 238]"
119004,"[72, 64, 1, 23, 82, 15, 138, 54, 71, 238]"
119005,"[26, 72, 82, 73, 92, 138, 0, 91, 49, 238]"
119006,"[34, 13, 90, 187, 220, 28, 238, 119, 223, 43]"
119007,"[43, 13, 90, 238, 28, 119, 223, 112, 44, 48]"
119008,"[77, 138, 23, 73, 261, 1, 30, 26, 238, 72]"
119009,"[175, 261, 14, 238, 90, 13, 279, 28, 23, 151]"
119010,"[157, 147, 90, 238, 36, 223, 13, 28, 77, 21]"
119011,"[20, 13, 54, 90, 238, 28, 119, 223, 48, 103]"
119012,"[27, 142, 238, 13, 90, 28, 119, 279, 223, 146]"
119013,"[41, 27, 124, 279, 51, 9, 21, 45, 97, 175]"
119014,"[36, 14, 261, 23, 175, 45, 238, 279, 223, 90]"
119015,"[97, 49, 138, 26, 147, 238, 72, 92, 0, 30]"
119016,"[90, 13, 189, 238, 28, 119, 223, 147, 21, 48]"
119017,"[9, 27, 279, 45, 41, 124, 25, 76, 51, 151]"
119018,"[21, 187, 238, 223, 90, 13, 28, 73, 119, 147]"
119019,"[84, 13, 90, 238, 28, 119, 223, 112, 103, 48]"
119020,"[91, 73, 26, 12, 72, 17, 18, 151, 3, 58]"
119021,"[157, 21, 238, 147, 90, 223, 28, 13, 138, 103]"
119022,"[36, 238, 149, 13, 90, 28, 223, 66, 119, 55]"
119023,"[36, 157, 238, 13, 223, 90, 28, 147, 119, 175]"
119024,"[4, 23, 1, 157, 13, 90, 28, 84, 238, 119]"
119025,"[149, 26, 72, 18, 238, 90, 147, 19, 38, 138]"
119026,"[18, 72, 82, 138, 26, 6, 238, 92, 133, 64]"
119027,"[238, 146, 58, 90, 13, 28, 223, 119, 26, 149]"
119028,"[24, 28, 13, 90, 23, 238, 119, 223, 2, 34]"
119029,"[28, 23, 54, 13, 1, 90, 238, 119, 223, 34]"
119030,"[4, 13, 238, 157, 90, 36, 28, 119, 223, 32]"
119031,"[14, 21, 147, 23, 26, 187, 238, 151, 220, 0]"
119032,"[220, 187, 13, 90, 238, 28, 6, 119, 58, 48]"
119033,"[138, 238, 91, 157, 146, 64, 92, 73, 105, 72]"
119034,"[66, 26, 72, 238, 90, 13, 28, 38, 223, 119]"
119035,"[151, 26, 138, 72, 60, 147, 220, 49, 187, 238]"
119036,"[149, 26, 238, 90, 58, 13, 28, 18, 223, 119]"
119037,"[18, 1, 72, 23, 138, 97, 238, 30, 146, 64]"
119038,"[54, 73, 6, 279, 25, 138, 238, 220, 90, 146]"
119039,"[14, 21, 23, 147, 187, 238, 73, 90, 13, 223]"
119040,"[175, 238, 90, 13, 28, 223, 119, 26, 146, 138]"
119041,"[130, 73, 91, 138, 29, 3, 238, 17, 279, 72]"
119042,"[13, 90, 238, 28, 119, 223, 149, 48, 146, 44]"
119043,"[151, 72, 82, 1, 23, 138, 238, 15, 146, 64]"
119044,"[51, 27, 45, 9, 279, 20, 112, 15, 26, 77]"
119045,"[133, 21, 189, 147, 14, 73, 238, 23, 138, 12]"
119046,"[147, 238, 58, 90, 13, 28, 223, 23, 220, 119]"
119047,"[21, 189, 36, 279, 90, 23, 238, 73, 13, 20]"
119048,"[157, 238, 223, 90, 13, 28, 119, 220, 146, 138]"
119049,"[34, 23, 1, 13, 90, 238, 60, 28, 119, 223]"
119050,"[279, 220, 187, 12, 13, 20, 23, 90, 238, 28]"
119051,"[147, 261, 23, 14, 97, 73, 157, 238, 138, 223]"
119052,"[12, 13, 90, 238, 28, 119, 223, 58, 48, 103]"
119053,"[1, 23, 73, 138, 72, 238, 124, 146, 92, 30]"
119054,"[149, 12, 13, 238, 90, 28, 119, 223, 26, 55]"
119055,"[48, 13, 90, 238, 28, 119, 223, 32, 54, 103]"
119056,"[220, 187, 23, 49, 1, 30, 2, 261, 54, 24]"
119057,"[51, 26, 9, 12, 43, 220, 187, 5, 25, 6]"
119058,"[112, 261, 45, 13, 90, 238, 28, 119, 223, 20]"
119059,"[279, 23, 60, 138, 4, 238, 49, 7, 72, 147]"
119060,"[64, 1, 23, 138, 72, 238, 36, 2, 261, 97]"
119061,"[13, 261, 90, 238, 279, 28, 119, 223, 32, 20]"
119062,"[38, 238, 60, 138, 90, 32, 28, 122, 146, 13]"
119063,"[220, 187, 23, 1, 30, 121, 43, 54, 24, 60]"
119064,"[82, 72, 18, 138, 71, 238, 15, 64, 105, 149]"
119065,"[147, 58, 238, 23, 90, 13, 28, 60, 24, 14]"
119066,"[0, 18, 138, 238, 72, 92, 64, 146, 71, 105]"
119067,"[55, 238, 23, 60, 90, 28, 13, 279, 138, 223]"
119068,"[133, 238, 13, 90, 189, 28, 119, 223, 58, 73]"
119069,"[112, 54, 13, 90, 238, 28, 77, 119, 223, 261]"
119070,"[189, 238, 60, 90, 28, 13, 138, 223, 146, 119]"
119071,"[91, 73, 25, 151, 77, 105, 3, 130, 9, 121]"
119072,"[124, 45, 0, 97, 51, 112, 20, 41, 48, 76]"
119073,"[54, 1, 23, 2, 279, 220, 60, 187, 34, 24]"
119074,"[84, 54, 13, 90, 28, 238, 34, 119, 223, 157]"
119075,"[4, 238, 147, 26, 90, 13, 28, 36, 223, 119]"
119076,"[138, 1, 23, 54, 238, 49, 97, 72, 2, 0]"
119077,"[20, 13, 90, 238, 28, 261, 119, 223, 279, 45]"
119078,"[133, 238, 90, 13, 28, 32, 223, 122, 119, 73]"
119079,"[44, 13, 6, 58, 90, 238, 28, 12, 119, 223]"
119080,"[30, 18, 138, 238, 72, 105, 26, 64, 92, 97]"
119081,"[4, 157, 13, 54, 90, 28, 238, 119, 223, 23]"
119082,"[112, 13, 90, 238, 28, 119, 187, 220, 223, 48]"
119083,"[84, 13, 90, 238, 28, 119, 223, 34, 187, 121]"
119084,"[119, 13, 90, 238, 28, 27, 223, 189, 54, 103]"
119085,"[189, 238, 90, 13, 28, 223, 119, 138, 146, 60]"
119086,"[55, 12, 238, 90, 13, 28, 223, 119, 38, 146]"
119087,"[220, 187, 54, 13, 23, 90, 34, 28, 238, 1]"
119088,"[43, 13, 90, 238, 28, 119, 223, 48, 103, 146]"
119089,"[97, 147, 0, 151, 18, 27, 138, 73, 238, 30]"
119090,"[261, 13, 90, 238, 28, 119, 27, 45, 223, 48]"
119091,"[29, 60, 66, 17, 4, 23, 122, 3, 19, 21]"
119092,"[20, 27, 13, 157, 90, 238, 28, 119, 223, 279]"
119093,"[151, 72, 49, 138, 82, 0, 97, 238, 92, 73]"
119094,"[76, 261, 13, 14, 90, 238, 28, 119, 48, 223]"
119095,"[26, 72, 138, 73, 238, 24, 146, 64, 49, 92]"
119096,"[105, 72, 82, 138, 1, 23, 238, 92, 64, 146]"
119097,"[103, 13, 90, 238, 28, 119, 187, 220, 223, 48]"
119098,"[51, 27, 2, 13, 90, 238, 58, 28, 32, 119]"
119099,"[17, 73, 18, 72, 15, 122, 82, 32, 19, 55]"
119100,"[97, 138, 238, 18, 64, 30, 72, 146, 92, 105]"
119101,"[7, 147, 26, 238, 138, 175, 146, 151, 72, 90]"
119102,"[51, 45, 25, 27, 41, 20, 76, 112, 279, 261]"
119103,"[19, 72, 82, 238, 15, 90, 55, 149, 28, 13]"
119104,"[72, 82, 15, 189, 138, 1, 77, 105, 73, 238]"
119105,"[97, 261, 0, 147, 23, 151, 138, 14, 1, 238]"
119106,"[130, 1, 23, 49, 220, 187, 30, 60, 91, 73]"
119107,"[142, 13, 238, 90, 28, 119, 223, 84, 48, 146]"
119108,"[220, 187, 23, 13, 1, 90, 238, 28, 119, 223]"
119109,"[12, 54, 13, 238, 90, 28, 119, 223, 32, 73]"
119110,"[64, 138, 238, 49, 72, 146, 92, 105, 73, 97]"
119111,"[13, 27, 90, 238, 28, 157, 119, 223, 48, 45]"
119112,"[112, 20, 261, 13, 90, 21, 279, 238, 28, 45]"
119113,"[76, 261, 147, 13, 48, 90, 238, 28, 12, 14]"
119114,"[82, 72, 138, 238, 1, 23, 21, 146, 64, 92]"
119115,"[119, 13, 90, 238, 28, 223, 48, 103, 43, 146]"
119116,"[25, 261, 20, 6, 279, 157, 44, 112, 45, 23]"
119117,"[82, 72, 18, 15, 138, 238, 12, 64, 77, 66]"
119118,"[36, 238, 90, 13, 28, 26, 223, 138, 119, 38]"
119119,"[14, 146, 23, 142, 24, 60, 147, 12, 238, 261]"
119120,"[2, 27, 6, 124, 41, 279, 72, 82, 13, 90]"
119121,"[6, 27, 2, 279, 9, 5, 13, 51, 90, 28]"
119122,"[124, 6, 2, 1, 23, 238, 13, 90, 28, 5]"
119123,"[73, 92, 26, 12, 72, 138, 38, 238, 58, 15]"
119124,"[34, 13, 90, 238, 28, 119, 223, 32, 48, 20]"
119125,"[12, 13, 90, 238, 28, 119, 223, 103, 48, 146]"
119126,"[4, 60, 238, 23, 13, 90, 28, 24, 223, 119]"
119127,"[32, 13, 26, 6, 90, 238, 28, 119, 223, 58]"
119128,"[82, 72, 25, 9, 71, 279, 10, 0, 138, 6]"
119129,"[189, 223, 23, 238, 1, 13, 90, 28, 21, 32]"
119130,"[21, 187, 238, 13, 90, 261, 28, 223, 119, 20]"
119131,"[9, 279, 261, 27, 45, 25, 20, 51, 97, 76]"
119132,"[32, 13, 26, 90, 18, 238, 28, 72, 119, 17]"
119133,"[279, 13, 90, 23, 238, 28, 119, 112, 223, 103]"
119134,"[279, 23, 13, 90, 238, 28, 119, 32, 223, 34]"
119135,"[51, 9, 2, 18, 73, 1, 71, 23, 27, 84]"
119136,"[122, 147, 238, 90, 138, 28, 13, 223, 146, 92]"
119137,"[119, 13, 90, 238, 28, 223, 220, 187, 48, 54]"
119138,"[1, 23, 2, 72, 138, 15, 49, 5, 27, 30]"
119139,"[189, 238, 90, 13, 28, 223, 119, 133, 146, 138]"
119140,"[91, 73, 26, 6, 18, 12, 72, 130, 97, 133]"
119141,"[112, 27, 13, 90, 238, 28, 119, 9, 223, 279]"
119142,"[77, 27, 189, 21, 138, 72, 82, 238, 15, 97]"
119143,"[27, 279, 84, 44, 34, 142, 54, 51, 5, 71]"
119144,"[175, 157, 21, 189, 238, 90, 223, 13, 28, 73]"
119145,"[147, 238, 28, 279, 90, 138, 23, 13, 223, 146]"
119146,"[34, 13, 90, 238, 28, 119, 223, 32, 48, 261]"
119147,"[73, 12, 146, 26, 147, 60, 38, 238, 23, 14]"
119148,"[119, 13, 90, 238, 28, 223, 58, 48, 146, 103]"
119149,"[4, 23, 1, 54, 60, 13, 7, 90, 238, 28]"
119150,"[6, 220, 187, 45, 49, 0, 124, 41, 97, 76]"
119151,"[151, 27, 72, 105, 82, 138, 238, 77, 279, 189]"
119152,"[149, 38, 60, 147, 238, 138, 23, 146, 32, 90]"
119153,"[30, 49, 71, 24, 130, 138, 7, 23, 142, 238]"
119154,"[26, 92, 58, 73, 72, 18, 12, 138, 6, 238]"
119155,"[76, 261, 13, 90, 238, 28, 48, 119, 223, 147]"
119156,"[15, 72, 138, 1, 238, 23, 97, 0, 146, 64]"
119157,"[20, 27, 13, 90, 238, 28, 119, 223, 279, 48]"
119158,"[71, 27, 44, 72, 18, 82, 149, 15, 9, 279]"
119159,"[133, 60, 261, 147, 23, 38, 26, 14, 279, 12]"
119160,"[3, 6, 91, 15, 73, 18, 26, 72, 17, 130]"
119161,"[9, 157, 279, 27, 124, 29, 20, 42, 3, 71]"
119162,"[12, 261, 13, 220, 187, 90, 238, 28, 119, 121]"
119163,"[105, 21, 138, 72, 238, 151, 77, 64, 36, 15]"
119164,"[44, 13, 58, 90, 238, 28, 119, 223, 32, 72]"
119165,"[45, 13, 90, 238, 28, 119, 223, 279, 20, 103]"
119166,"[84, 23, 220, 187, 54, 1, 2, 157, 13, 36]"
119167,"[2, 49, 187, 220, 5, 23, 13, 1, 130, 90]"
119168,"[90, 238, 13, 28, 54, 223, 119, 97, 261, 0]"
119169,"[73, 58, 25, 12, 91, 13, 90, 238, 28, 76]"
119170,"[279, 23, 189, 138, 14, 238, 72, 60, 146, 55]"
119171,"[29, 36, 21, 112, 77, 17, 97, 45, 147, 175]"
119172,"[30, 1, 23, 138, 7, 238, 34, 72, 54, 71]"
119173,"[92, 72, 138, 15, 238, 71, 54, 82, 73, 146]"
119174,"[2, 27, 9, 72, 82, 71, 279, 124, 15, 149]"
119175,"[220, 187, 58, 13, 90, 238, 28, 45, 119, 73]"
119176,"[44, 13, 90, 238, 28, 119, 223, 112, 187, 220]"
119177,"[220, 187, 13, 90, 238, 28, 119, 223, 27, 54]"
119178,"[2, 72, 82, 54, 5, 15, 49, 84, 34, 13]"
119179,"[60, 23, 238, 90, 13, 28, 223, 119, 146, 147]"
119180,"[103, 13, 90, 238, 28, 119, 223, 44, 48, 146]"
119181,"[44, 13, 90, 238, 28, 119, 223, 84, 157, 48]"
119182,"[92, 26, 138, 72, 18, 238, 64, 146, 122, 55]"
119183,"[5, 54, 84, 2, 34, 4, 20, 13, 238, 90]"
119184,"[72, 82, 15, 18, 66, 138, 26, 64, 238, 19]"
119185,"[9, 279, 15, 27, 51, 71, 34, 72, 44, 12]"
119186,"[18, 73, 72, 26, 82, 58, 15, 138, 6, 2]"
119187,"[84, 13, 187, 220, 90, 238, 28, 119, 223, 48]"
119188,"[9, 27, 279, 54, 6, 13, 90, 28, 238, 261]"
119189,"[157, 72, 82, 220, 223, 138, 17, 238, 149, 4]"
119190,"[44, 6, 13, 90, 238, 28, 119, 223, 48, 103]"
119191,"[45, 73, 13, 90, 261, 147, 238, 28, 119, 223]"
119192,"[175, 157, 147, 238, 26, 90, 223, 21, 13, 28]"
119193,"[1, 23, 72, 54, 82, 138, 18, 238, 157, 15]"
119194,"[4, 13, 238, 90, 28, 119, 223, 58, 48, 146]"
119195,"[279, 238, 23, 90, 138, 28, 13, 26, 223, 146]"
119196,"[41, 73, 27, 71, 2, 13, 90, 238, 28, 54]"
119197,"[130, 73, 27, 3, 91, 238, 13, 90, 28, 279]"
119198,"[124, 157, 9, 21, 149, 77, 20, 0, 103, 91]"
119199,"[189, 90, 13, 238, 28, 45, 119, 223, 97, 175]"
119200,"[2, 54, 30, 49, 187, 220, 34, 43, 84, 23]"
119201,"[142, 27, 13, 90, 28, 238, 119, 223, 4, 23]"
119202,"[26, 72, 18, 138, 238, 64, 146, 92, 105, 122]"
119203,"[72, 82, 18, 138, 15, 64, 238, 66, 32, 146]"
119204,"[147, 27, 157, 238, 223, 90, 13, 28, 23, 138]"
119205,"[76, 13, 90, 238, 28, 119, 223, 48, 187, 220]"
119206,"[130, 91, 49, 73, 24, 142, 151, 23, 30, 43]"
119207,"[76, 13, 90, 238, 28, 119, 223, 48, 103, 36]"
119208,"[103, 13, 90, 112, 238, 28, 261, 119, 45, 223]"
119209,"[122, 238, 138, 261, 90, 28, 60, 13, 223, 146]"
119210,"[4, 23, 60, 238, 220, 187, 279, 13, 90, 28]"
119211,"[151, 26, 49, 138, 72, 0, 238, 30, 97, 92]"
119212,"[54, 2, 1, 23, 34, 84, 279, 5, 4, 130]"
119213,"[26, 72, 73, 12, 91, 138, 38, 92, 238, 133]"
119214,"[151, 138, 238, 23, 1, 72, 146, 64, 92, 105]"
119215,"[0, 97, 147, 151, 138, 41, 238, 92, 14, 6]"
119216,"[4, 13, 220, 187, 90, 238, 28, 142, 119, 223]"
119217,"[138, 157, 26, 60, 238, 261, 49, 72, 30, 146]"
119218,"[66, 238, 21, 90, 26, 13, 28, 18, 223, 72]"
119219,"[24, 23, 60, 1, 142, 238, 4, 54, 138, 279]"
119220,"[238, 90, 13, 28, 18, 223, 119, 189, 146, 66]"
119221,"[5, 54, 1, 2, 23, 84, 34, 130, 13, 3]"
119222,"[147, 27, 189, 238, 157, 223, 90, 13, 28, 21]"
119223,"[220, 187, 121, 54, 23, 12, 13, 90, 24, 238]"
119224,"[30, 26, 147, 138, 38, 238, 72, 261, 60, 97]"
119225,"[58, 73, 261, 13, 90, 32, 6, 238, 28, 119]"
119226,"[122, 21, 23, 1, 238, 20, 90, 279, 28, 13]"
119227,"[41, 82, 27, 72, 220, 187, 51, 12, 279, 44]"
119228,"[220, 187, 13, 90, 238, 58, 28, 73, 119, 223]"
119229,"[66, 238, 13, 90, 28, 119, 223, 157, 146, 48]"
119230,"[17, 29, 13, 238, 90, 28, 119, 223, 73, 48]"
119231,"[279, 23, 13, 90, 238, 28, 119, 20, 223, 84]"
119232,"[5, 27, 73, 6, 279, 58, 261, 238, 48, 90]"
119233,"[97, 138, 49, 0, 238, 18, 30, 151, 92, 72]"
119234,"[30, 73, 71, 138, 12, 189, 91, 97, 238, 92]"
119235,"[122, 13, 238, 90, 28, 119, 223, 44, 149, 58]"
119236,"[6, 73, 12, 58, 26, 91, 45, 30, 49, 187]"
119237,"[122, 18, 15, 238, 13, 90, 17, 28, 223, 72]"
119238,"[66, 157, 18, 72, 149, 238, 13, 90, 82, 28]"
119239,"[157, 189, 147, 238, 90, 28, 13, 175, 223, 138]"
119240,"[133, 72, 238, 66, 82, 19, 38, 122, 44, 17]"
119241,"[157, 238, 90, 223, 13, 28, 261, 119, 45, 48]"
119242,"[38, 238, 18, 90, 13, 28, 157, 19, 223, 138]"
119243,"[1, 23, 72, 4, 138, 27, 124, 84, 238, 15]"
119244,"[44, 13, 90, 238, 28, 58, 119, 6, 223, 18]"
119245,"[4, 147, 238, 90, 13, 28, 223, 119, 138, 146]"
119246,"[34, 13, 90, 238, 28, 119, 223, 58, 73, 48]"
119247,"[157, 238, 223, 90, 13, 28, 149, 23, 220, 32]"
119248,"[30, 1, 23, 54, 238, 138, 5, 49, 130, 72]"
119249,"[55, 238, 90, 13, 28, 77, 223, 119, 138, 7]"
119250,"[138, 72, 238, 82, 157, 18, 105, 146, 6, 90]"
119251,"[103, 157, 27, 13, 90, 238, 28, 119, 223, 279]"
119252,"[157, 21, 36, 238, 90, 20, 18, 13, 223, 28]"
119253,"[54, 49, 279, 43, 73, 220, 30, 13, 90, 121]"
119254,"[25, 27, 279, 97, 48, 151, 13, 147, 90, 119]"
119255,"[26, 72, 73, 82, 6, 91, 138, 12, 15, 238]"
119256,"[29, 157, 77, 73, 17, 21, 105, 112, 130, 175]"
119257,"[4, 21, 157, 238, 13, 90, 28, 18, 223, 119]"
119258,"[279, 27, 13, 90, 238, 28, 119, 45, 223, 23]"
119259,"[71, 27, 2, 279, 13, 90, 238, 28, 6, 119]"
119260,"[121, 1, 23, 13, 90, 54, 238, 28, 119, 223]"
119261,"[112, 27, 13, 90, 238, 28, 119, 223, 279, 103]"
119262,"[220, 187, 42, 4, 84, 23, 17, 1, 7, 130]"
119263,"[130, 1, 23, 54, 34, 91, 4, 138, 3, 29]"
119264,"[45, 261, 13, 90, 238, 28, 119, 48, 223, 147]"
119265,"[6, 220, 73, 187, 0, 49, 41, 97, 45, 25]"
119266,"[1, 23, 64, 138, 72, 238, 2, 279, 146, 92]"
119267,"[133, 58, 73, 13, 238, 90, 28, 12, 119, 223]"
119268,"[122, 189, 238, 90, 138, 28, 13, 223, 24, 142]"
119269,"[76, 13, 90, 238, 28, 119, 223, 103, 121, 187]"
119270,"[19, 58, 238, 13, 90, 28, 119, 223, 12, 146]"
119271,"[189, 21, 23, 279, 238, 157, 1, 20, 90, 13]"
119272,"[1, 23, 72, 15, 138, 26, 27, 18, 64, 77]"
119273,"[92, 138, 72, 77, 238, 49, 82, 105, 7, 146]"
119274,"[157, 238, 13, 90, 28, 36, 223, 189, 119, 175]"
119275,"[157, 238, 223, 54, 90, 13, 149, 72, 28, 220]"
119276,"[238, 90, 21, 28, 13, 55, 4, 223, 138, 36]"
119277,"[112, 13, 238, 90, 54, 28, 119, 223, 32, 103]"
119278,"[238, 147, 28, 90, 13, 138, 223, 119, 146, 157]"
119279,"[36, 238, 90, 13, 28, 223, 119, 146, 138, 30]"
119280,"[5, 27, 36, 71, 15, 51, 279, 76, 72, 6]"
119281,"[130, 73, 49, 220, 187, 142, 91, 30, 24, 151]"
119282,"[20, 21, 13, 112, 45, 90, 238, 28, 119, 223]"
119283,"[6, 73, 220, 187, 41, 49, 0, 97, 130, 13]"
119284,"[279, 261, 13, 90, 238, 28, 27, 48, 23, 119]"
119285,"[84, 13, 90, 238, 28, 119, 223, 25, 48, 103]"
119286,"[220, 187, 49, 30, 42, 54, 130, 24, 23, 43]"
119287,"[12, 13, 261, 90, 238, 28, 32, 119, 6, 223]"
119288,"[27, 9, 71, 51, 279, 25, 44, 41, 18, 12]"
119289,"[223, 238, 13, 90, 28, 119, 146, 48, 103, 138]"
119290,"[17, 261, 279, 13, 90, 60, 238, 28, 119, 23]"
119291,"[220, 187, 13, 90, 28, 238, 23, 119, 223, 43]"
119292,"[138, 157, 27, 238, 105, 64, 72, 151, 18, 146]"
119293,"[220, 187, 147, 42, 49, 30, 73, 26, 23, 142]"
119294,"[73, 26, 261, 91, 72, 12, 151, 58, 14, 38]"
119295,"[122, 58, 238, 90, 13, 28, 26, 18, 223, 119]"
119296,"[9, 73, 279, 45, 15, 27, 157, 36, 30, 175]"
119297,"[27, 21, 223, 77, 189, 13, 90, 238, 28, 119]"
119298,"[220, 187, 13, 90, 238, 28, 119, 223, 32, 48]"
119299,"[44, 13, 90, 238, 28, 119, 223, 73, 149, 48]"
119300,"[20, 13, 90, 238, 28, 27, 119, 223, 279, 9]"
119301,"[91, 73, 6, 38, 26, 133, 30, 3, 92, 14]"
119302,"[41, 27, 82, 6, 72, 261, 151, 147, 157, 97]"
119303,"[175, 238, 90, 18, 28, 13, 223, 138, 119, 146]"
119304,"[157, 21, 25, 238, 223, 220, 151, 147, 138, 90]"
119305,"[49, 73, 142, 12, 138, 105, 24, 30, 23, 72]"
119306,"[6, 261, 12, 25, 187, 220, 45, 58, 41, 30]"
119307,"[119, 13, 23, 90, 238, 28, 223, 279, 32, 1]"
119308,"[26, 72, 73, 138, 15, 238, 64, 19, 55, 92]"
119309,"[13, 90, 238, 28, 119, 34, 223, 32, 44, 84]"
119310,"[55, 238, 90, 38, 13, 28, 66, 157, 146, 223]"
119311,"[26, 72, 82, 18, 15, 238, 138, 90, 64, 28]"
119312,"[60, 23, 147, 238, 151, 90, 13, 28, 223, 146]"
119313,"[27, 279, 2, 142, 15, 261, 19, 32, 1, 18]"
119314,"[76, 13, 90, 187, 220, 238, 28, 119, 223, 58]"
119315,"[27, 279, 45, 9, 261, 25, 14, 151, 41, 142]"
119316,"[112, 157, 21, 13, 103, 90, 147, 238, 28, 119]"
119317,"[54, 73, 27, 279, 6, 238, 90, 13, 28, 48]"
119318,"[72, 82, 105, 1, 23, 138, 15, 238, 21, 64]"
119319,"[30, 1, 23, 54, 138, 238, 5, 49, 130, 72]"
119320,"[142, 220, 187, 23, 60, 13, 90, 238, 28, 24]"
119321,"[105, 147, 138, 0, 49, 97, 21, 151, 238, 261]"
119322,"[1, 23, 42, 187, 220, 84, 34, 4, 2, 29]"
119323,"[13, 90, 238, 28, 119, 48, 223, 151, 261, 103]"
119324,"[122, 238, 90, 28, 13, 223, 138, 157, 119, 146]"
119325,"[220, 187, 13, 90, 28, 238, 54, 119, 223, 23]"
119326,"[261, 13, 90, 238, 28, 119, 223, 58, 48, 103]"
119327,"[23, 1, 60, 24, 142, 279, 238, 13, 28, 90]"
119328,"[25, 73, 261, 187, 220, 58, 12, 2, 91, 32]"
119329,"[146, 238, 13, 90, 28, 261, 24, 60, 142, 119]"
119330,"[122, 58, 13, 238, 90, 28, 119, 223, 146, 48]"
119331,"[4, 238, 90, 13, 28, 223, 119, 138, 146, 147]"
119332,"[77, 27, 72, 82, 21, 157, 1, 189, 23, 15]"
119333,"[7, 238, 73, 90, 138, 38, 28, 13, 223, 146]"
119334,"[97, 138, 238, 105, 64, 15, 146, 72, 92, 151]"
119335,"[157, 105, 138, 238, 151, 147, 97, 25, 146, 72]"
119336,"[84, 187, 220, 13, 90, 238, 28, 119, 121, 223]"
119337,"[24, 23, 220, 187, 49, 60, 147, 238, 133, 90]"
119338,"[0, 58, 138, 26, 238, 72, 49, 23, 187, 220]"
119339,"[238, 90, 13, 28, 223, 119, 138, 146, 48, 55]"
119340,"[49, 138, 238, 105, 72, 146, 64, 92, 97, 151]"
119341,"[34, 13, 90, 28, 238, 119, 54, 84, 4, 223]"
119342,"[261, 13, 90, 28, 238, 119, 103, 223, 48, 187]"
119343,"[27, 279, 54, 44, 71, 142, 34, 84, 5, 19]"
119344,"[2, 54, 1, 23, 5, 30, 13, 90, 238, 28]"
119345,"[77, 27, 157, 21, 72, 9, 279, 138, 82, 23]"
119346,"[84, 13, 90, 238, 28, 119, 20, 223, 112, 12]"
119347,"[124, 9, 157, 27, 29, 21, 149, 279, 105, 77]"
119348,"[189, 238, 90, 13, 28, 223, 119, 146, 138, 58]"
119349,"[91, 73, 12, 6, 38, 220, 187, 92, 133, 45]"
119350,"[124, 9, 73, 54, 51, 29, 189, 77, 157, 84]"
119351,"[51, 73, 2, 25, 9, 238, 13, 90, 28, 91]"
119352,"[60, 23, 157, 238, 90, 28, 138, 13, 223, 146]"
119353,"[41, 27, 9, 73, 124, 279, 29, 105, 71, 151]"
119354,"[124, 157, 9, 51, 73, 29, 82, 72, 77, 0]"
119355,"[27, 29, 13, 90, 238, 28, 119, 9, 279, 223]"
119356,"[45, 27, 13, 90, 238, 28, 119, 223, 21, 279]"
119357,"[30, 138, 238, 105, 146, 64, 92, 72, 97, 151]"
119358,"[73, 25, 58, 91, 71, 13, 90, 238, 28, 119]"
119359,"[220, 187, 27, 13, 90, 238, 28, 119, 223, 48]"
119360,"[38, 60, 14, 23, 261, 238, 30, 138, 45, 90]"
119361,"[72, 82, 105, 15, 138, 238, 1, 64, 23, 77]"
119362,"[1, 23, 72, 82, 30, 54, 4, 77, 2, 34]"
119363,"[30, 49, 23, 1, 220, 187, 54, 138, 238, 24]"
119364,"[18, 73, 72, 138, 238, 97, 189, 151, 2, 146]"
119365,"[41, 6, 82, 72, 220, 187, 49, 27, 13, 58]"
119366,"[90, 238, 13, 28, 97, 223, 119, 157, 0, 146]"
119367,"[2, 27, 124, 112, 71, 66, 44, 51, 279, 34]"
119368,"[24, 238, 157, 138, 23, 90, 28, 13, 223, 146]"
119369,"[157, 238, 223, 90, 28, 13, 138, 220, 119, 146]"
119370,"[27, 279, 21, 54, 9, 142, 77, 13, 105, 28]"
119371,"[9, 27, 279, 124, 45, 48, 41, 42, 13, 28]"
119372,"[175, 29, 42, 238, 90, 28, 13, 138, 223, 91]"
119373,"[189, 238, 90, 13, 28, 223, 119, 138, 146, 48]"
119374,"[27, 279, 261, 20, 25, 142, 45, 51, 23, 9]"
119375,"[44, 13, 6, 90, 238, 28, 32, 119, 73, 223]"
119376,"[146, 147, 238, 6, 26, 58, 157, 90, 13, 28]"
119377,"[29, 17, 26, 13, 90, 238, 28, 119, 223, 73]"
119378,"[24, 23, 14, 12, 261, 73, 147, 138, 133, 38]"
119379,"[279, 23, 147, 26, 14, 138, 38, 72, 24, 142]"
119380,"[6, 3, 73, 15, 72, 82, 18, 26, 91, 17]"
119381,"[7, 1, 23, 13, 238, 34, 90, 28, 84, 119]"
119382,"[238, 223, 90, 13, 28, 60, 157, 138, 119, 146]"
119383,"[122, 238, 13, 90, 28, 18, 149, 119, 223, 44]"
119384,"[149, 238, 147, 138, 90, 28, 13, 223, 146, 119]"
119385,"[30, 23, 1, 60, 49, 220, 187, 138, 24, 238]"
119386,"[21, 147, 157, 187, 238, 223, 138, 90, 28, 13]"
119387,"[21, 187, 189, 238, 147, 223, 138, 157, 14, 90]"
119388,"[7, 220, 187, 142, 60, 175, 49, 23, 138, 24]"
119389,"[146, 238, 90, 13, 15, 28, 32, 223, 119, 55]"
119390,"[24, 28, 13, 90, 238, 44, 223, 119, 149, 17]"
119391,"[76, 13, 90, 238, 28, 21, 119, 223, 36, 20]"
119392,"[220, 187, 13, 90, 238, 28, 119, 223, 73, 43]"
119393,"[23, 1, 60, 28, 238, 13, 90, 4, 119, 223]"
119394,"[60, 23, 4, 238, 220, 187, 90, 13, 28, 151]"
119395,"[15, 72, 18, 82, 138, 12, 26, 238, 6, 0]"
119396,"[15, 72, 1, 23, 138, 238, 189, 146, 64, 92]"
119397,"[130, 73, 6, 91, 12, 26, 97, 25, 0, 147]"
119398,"[279, 23, 60, 238, 138, 90, 146, 28, 72, 13]"
119399,"[71, 30, 2, 124, 41, 25, 6, 279, 27, 9]"
119400,"[26, 72, 1, 23, 138, 238, 77, 0, 105, 146]"
119401,"[220, 187, 238, 90, 13, 147, 28, 223, 119, 26]"
119402,"[121, 261, 13, 238, 90, 28, 6, 119, 223, 12]"
119403,"[12, 13, 90, 238, 28, 119, 223, 48, 103, 146]"
119404,"[38, 73, 12, 26, 24, 58, 238, 23, 90, 13]"
119405,"[17, 21, 29, 13, 90, 238, 28, 119, 223, 20]"
119406,"[45, 261, 13, 90, 238, 28, 119, 223, 48, 279]"
119407,"[73, 27, 51, 30, 77, 151, 279, 42, 138, 105]"
119408,"[72, 64, 18, 15, 82, 26, 71, 149, 238, 138]"
119409,"[147, 238, 138, 90, 223, 28, 13, 23, 55, 146]"
119410,"[147, 77, 23, 238, 223, 13, 54, 90, 0, 28]"
119411,"[60, 23, 238, 1, 157, 90, 13, 28, 223, 138]"
119412,"[48, 13, 90, 238, 28, 12, 261, 119, 223, 32]"
119413,"[103, 13, 90, 238, 28, 119, 223, 54, 112, 48]"
119414,"[15, 72, 82, 54, 138, 71, 238, 157, 19, 149]"
119415,"[27, 279, 45, 20, 9, 36, 1, 124, 142, 112]"
119416,"[29, 147, 13, 73, 90, 238, 28, 119, 223, 105]"
119417,"[51, 27, 279, 6, 25, 13, 90, 9, 28, 238]"
119418,"[133, 24, 238, 13, 90, 261, 28, 119, 223, 12]"
119419,"[12, 13, 90, 238, 28, 119, 223, 48, 279, 20]"
119420,"[76, 13, 90, 147, 238, 28, 119, 45, 223, 58]"
119421,"[72, 82, 26, 18, 6, 138, 58, 238, 64, 146]"
119422,"[91, 3, 130, 29, 105, 13, 238, 90, 28, 119]"
119423,"[82, 72, 15, 18, 138, 64, 27, 105, 238, 9]"
119424,"[149, 26, 18, 238, 72, 90, 28, 13, 223, 138]"
119425,"[97, 1, 23, 72, 82, 138, 238, 55, 146, 64]"
119426,"[175, 238, 13, 90, 28, 119, 223, 34, 146, 48]"
119427,"[72, 82, 138, 23, 1, 238, 49, 146, 64, 189]"
119428,"[9, 27, 279, 15, 2, 71, 72, 51, 42, 5]"
119429,"[0, 73, 12, 97, 138, 24, 49, 30, 238, 26]"
119430,"[21, 187, 238, 13, 90, 223, 28, 119, 32, 149]"
119431,"[17, 73, 58, 13, 90, 238, 28, 119, 223, 91]"
119432,"[25, 6, 27, 157, 279, 20, 2, 23, 51, 1]"
119433,"[51, 220, 187, 12, 20, 121, 133, 279, 23, 34]"
119434,"[122, 238, 147, 138, 12, 133, 38, 90, 28, 146]"
119435,"[90, 13, 238, 28, 223, 147, 119, 45, 112, 175]"
119436,"[71, 6, 72, 82, 54, 15, 18, 32, 13, 279]"
119437,"[82, 72, 18, 15, 138, 238, 64, 26, 19, 146]"
119438,"[149, 238, 13, 90, 28, 223, 119, 157, 146, 48]"
119439,"[2, 27, 9, 18, 51, 279, 71, 44, 72, 15]"
119440,"[279, 23, 13, 90, 28, 238, 119, 20, 223, 1]"
119441,"[238, 26, 90, 28, 13, 138, 223, 4, 7, 119]"
119442,"[147, 157, 261, 14, 238, 90, 13, 45, 28, 223]"
119443,"[71, 6, 72, 15, 18, 26, 58, 82, 2, 27]"
119444,"[105, 21, 72, 82, 27, 157, 189, 77, 97, 15]"
119445,"[19, 238, 189, 21, 138, 90, 28, 13, 146, 223]"
119446,"[38, 149, 133, 66, 238, 58, 13, 90, 28, 119]"
119447,"[220, 187, 13, 238, 90, 28, 119, 223, 48, 261]"
119448,"[261, 13, 90, 238, 28, 119, 103, 223, 48, 146]"
119449,"[6, 73, 27, 58, 13, 90, 238, 48, 28, 119]"
119450,"[27, 279, 82, 72, 21, 54, 77, 9, 105, 142]"
119451,"[77, 27, 138, 238, 151, 105, 279, 97, 147, 146]"
119452,"[49, 23, 1, 30, 138, 24, 2, 54, 238, 72]"
119453,"[24, 23, 1, 142, 4, 60, 13, 2, 90, 29]"
119454,"[66, 13, 238, 90, 28, 119, 223, 15, 149, 58]"
119455,"[0, 147, 97, 21, 238, 151, 54, 138, 41, 6]"
119456,"[64, 138, 238, 146, 90, 151, 72, 28, 105, 0]"
119457,"[147, 238, 138, 90, 223, 28, 23, 13, 55, 146]"
119458,"[142, 238, 90, 138, 28, 23, 13, 223, 279, 146]"
119459,"[23, 1, 60, 220, 187, 238, 4, 90, 28, 13]"
119460,"[157, 238, 223, 90, 13, 261, 28, 220, 119, 279]"
119461,"[6, 73, 71, 12, 72, 82, 26, 91, 58, 49]"
119462,"[90, 238, 13, 28, 119, 223, 142, 24, 146, 48]"
119463,"[82, 72, 15, 138, 238, 6, 18, 92, 146, 91]"
119464,"[2, 71, 9, 13, 90, 44, 28, 238, 29, 119]"
119465,"[261, 13, 90, 238, 28, 119, 223, 27, 9, 48]"
119466,"[112, 21, 13, 45, 189, 90, 20, 238, 28, 119]"
119467,"[112, 13, 90, 238, 28, 32, 20, 119, 223, 279]"
119468,"[9, 73, 27, 279, 25, 147, 42, 29, 51, 13]"
119469,"[32, 13, 90, 73, 238, 28, 119, 58, 223, 26]"
119470,"[122, 238, 13, 189, 90, 28, 119, 223, 34, 84]"
119471,"[157, 21, 238, 90, 223, 9, 13, 28, 147, 77]"
119472,"[119, 13, 261, 90, 238, 28, 223, 20, 187, 220]"
119473,"[43, 13, 90, 238, 28, 119, 223, 32, 20, 48]"
119474,"[220, 187, 60, 2, 24, 261, 23, 142, 43, 49]"
119475,"[44, 26, 12, 13, 187, 220, 90, 238, 28, 119]"
119476,"[97, 138, 238, 15, 64, 105, 72, 146, 92, 55]"
119477,"[30, 71, 138, 238, 1, 7, 49, 23, 4, 72]"
119478,"[27, 279, 1, 72, 82, 23, 2, 149, 142, 124]"
119479,"[55, 238, 13, 90, 21, 157, 28, 23, 1, 223]"
119480,"[25, 82, 72, 220, 187, 27, 279, 23, 71, 1]"
119481,"[36, 238, 13, 90, 28, 223, 119, 146, 48, 103]"
119482,"[71, 54, 6, 27, 1, 72, 82, 77, 23, 279]"
119483,"[32, 58, 13, 90, 238, 28, 119, 223, 73, 48]"
119484,"[84, 54, 13, 90, 238, 28, 119, 223, 77, 220]"
119485,"[97, 0, 73, 189, 21, 147, 49, 72, 82, 77]"
119486,"[133, 60, 261, 147, 23, 238, 14, 138, 279, 90]"
119487,"[122, 189, 238, 90, 13, 28, 21, 223, 119, 54]"
119488,"[58, 12, 13, 90, 238, 28, 82, 119, 72, 44]"
119489,"[29, 261, 147, 14, 279, 23, 73, 20, 60, 21]"
119490,"[133, 238, 90, 13, 28, 223, 138, 119, 146, 4]"
119491,"[77, 138, 26, 30, 238, 72, 64, 49, 151, 92]"
119492,"[0, 157, 138, 238, 27, 97, 151, 146, 64, 92]"
119493,"[3, 73, 27, 41, 9, 130, 25, 279, 13, 151]"
119494,"[44, 157, 6, 13, 90, 238, 28, 72, 119, 54]"
119495,"[5, 73, 261, 58, 26, 45, 279, 151, 72, 48]"
119496,"[2, 9, 149, 279, 91, 20, 71, 3, 73, 32]"
119497,"[1, 23, 72, 54, 15, 82, 138, 105, 30, 238]"
119498,"[24, 147, 23, 26, 38, 58, 0, 72, 151, 133]"
119499,"[84, 13, 90, 238, 28, 119, 223, 82, 72, 20]"
119500,"[32, 54, 13, 90, 238, 28, 119, 223, 26, 72]"
119501,"[12, 13, 90, 238, 28, 119, 58, 27, 223, 48]"
119502,"[34, 157, 13, 90, 32, 238, 28, 279, 119, 223]"
119503,"[97, 49, 138, 72, 30, 73, 238, 82, 92, 91]"
119504,"[72, 92, 82, 15, 138, 26, 238, 64, 55, 73]"
119505,"[49, 6, 97, 138, 0, 92, 72, 73, 238, 30]"
119506,"[54, 2, 1, 23, 34, 279, 84, 5, 220, 13]"
119507,"[55, 238, 157, 90, 13, 28, 223, 138, 119, 146]"
119508,"[124, 149, 15, 71, 9, 2, 5, 12, 51, 44]"
119509,"[149, 238, 18, 13, 90, 28, 223, 119, 66, 32]"
119510,"[133, 238, 90, 13, 28, 279, 223, 138, 119, 19]"
119511,"[4, 21, 112, 238, 147, 26, 138, 90, 28, 223]"
119512,"[45, 261, 147, 12, 13, 21, 90, 238, 28, 119]"
119513,"[5, 1, 2, 23, 54, 34, 49, 30, 24, 7]"
119514,"[13, 90, 238, 28, 119, 223, 32, 34, 48, 42]"
119515,"[97, 138, 18, 238, 73, 72, 146, 64, 92, 105]"
119516,"[189, 223, 238, 13, 90, 28, 119, 34, 146, 48]"
119517,"[238, 138, 90, 28, 26, 146, 13, 223, 142, 38]"
119518,"[20, 13, 9, 90, 238, 28, 157, 119, 223, 103]"
119519,"[220, 187, 23, 1, 13, 90, 28, 238, 54, 119]"
119520,"[238, 157, 90, 13, 28, 223, 119, 32, 138, 4]"
119521,"[76, 27, 13, 90, 238, 28, 119, 223, 48, 54]"
119522,"[66, 238, 90, 13, 28, 149, 223, 138, 146, 119]"
119523,"[147, 7, 44, 238, 138, 133, 90, 146, 28, 23]"
119524,"[175, 21, 157, 238, 13, 90, 28, 18, 223, 119]"
119525,"[157, 21, 223, 238, 36, 90, 13, 20, 28, 279]"
119526,"[151, 138, 238, 18, 90, 146, 71, 28, 105, 72]"
119527,"[84, 13, 90, 238, 28, 119, 223, 71, 157, 27]"
119528,"[54, 27, 279, 45, 261, 12, 58, 48, 238, 6]"
119529,"[112, 261, 13, 279, 147, 90, 20, 238, 28, 45]"
119530,"[189, 23, 238, 157, 32, 1, 90, 13, 28, 223]"
119531,"[91, 73, 12, 38, 6, 220, 187, 92, 45, 30]"
119532,"[21, 187, 238, 72, 223, 82, 90, 13, 28, 119]"
119533,"[142, 73, 220, 187, 23, 60, 4, 54, 24, 38]"
119534,"[32, 21, 13, 90, 238, 28, 54, 119, 58, 223]"
119535,"[29, 13, 90, 238, 28, 119, 32, 223, 84, 34]"
119536,"[14, 21, 23, 187, 147, 220, 138, 60, 26, 238]"
119537,"[58, 187, 220, 13, 90, 238, 28, 119, 223, 121]"
119538,"[20, 13, 238, 90, 28, 119, 223, 103, 43, 48]"
119539,"[45, 147, 13, 73, 90, 238, 28, 119, 261, 223]"
119540,"[5, 261, 279, 58, 138, 23, 238, 72, 48, 32]"
119541,"[147, 45, 23, 73, 223, 13, 238, 90, 28, 189]"
119542,"[58, 13, 90, 238, 28, 119, 223, 48, 103, 84]"
119543,"[26, 72, 6, 82, 138, 147, 18, 49, 92, 238]"
119544,"[64, 1, 23, 58, 18, 138, 72, 238, 32, 146]"
119545,"[122, 238, 138, 7, 23, 279, 261, 147, 90, 146]"
119546,"[261, 27, 13, 90, 238, 28, 119, 223, 279, 48]"
119547,"[54, 6, 261, 279, 133, 25, 151, 26, 48, 220]"
119548,"[14, 21, 23, 147, 73, 13, 238, 187, 90, 223]"
119549,"[7, 157, 44, 238, 21, 90, 13, 28, 223, 138]"
119550,"[122, 238, 147, 90, 28, 13, 138, 223, 119, 146]"
119551,"[130, 49, 30, 73, 91, 24, 23, 1, 60, 43]"
119552,"[15, 72, 73, 138, 238, 58, 12, 146, 64, 92]"
119553,"[261, 13, 90, 12, 60, 238, 28, 119, 223, 73]"
119554,"[18, 72, 138, 189, 30, 82, 97, 36, 238, 64]"
119555,"[41, 27, 82, 72, 2, 279, 6, 187, 220, 9]"
119556,"[112, 13, 90, 32, 28, 238, 119, 223, 279, 23]"
119557,"[97, 157, 147, 0, 151, 138, 105, 41, 238, 26]"
119558,"[14, 23, 238, 90, 157, 13, 28, 223, 119, 147]"
119559,"[5, 20, 36, 71, 279, 27, 32, 2, 13, 76]"
119560,"[76, 13, 90, 238, 28, 119, 223, 32, 279, 48]"
119561,"[73, 26, 12, 261, 58, 72, 6, 187, 220, 147]"
119562,"[220, 187, 23, 1, 279, 13, 60, 90, 34, 28]"
119563,"[43, 13, 90, 238, 261, 28, 119, 223, 58, 73]"
119564,"[9, 27, 279, 147, 51, 45, 103, 151, 157, 76]"
119565,"[2, 54, 34, 5, 84, 130, 13, 1, 28, 90]"
119566,"[26, 72, 15, 73, 138, 82, 238, 71, 64, 146]"
119567,"[13, 90, 238, 28, 119, 223, 27, 48, 103, 146]"
119568,"[44, 13, 90, 238, 28, 119, 223, 48, 261, 103]"
119569,"[29, 1, 23, 17, 32, 13, 279, 238, 90, 122]"
119570,"[27, 279, 45, 9, 261, 77, 20, 142, 149, 36]"
119571,"[24, 220, 30, 187, 54, 28, 238, 13, 90, 23]"
119572,"[17, 60, 48, 279, 23, 142, 13, 90, 28, 238]"
119573,"[151, 138, 60, 261, 238, 26, 23, 72, 146, 64]"
119574,"[13, 90, 238, 28, 77, 119, 54, 223, 9, 103]"
119575,"[151, 147, 21, 138, 0, 97, 6, 238, 26, 25]"
119576,"[54, 23, 1, 220, 187, 279, 2, 14, 60, 261]"
119577,"[9, 25, 72, 82, 279, 73, 71, 138, 0, 10]"
119578,"[32, 2, 13, 90, 238, 28, 119, 223, 261, 48]"
119579,"[92, 138, 238, 189, 146, 64, 72, 105, 77, 97]"
119580,"[17, 73, 91, 13, 90, 238, 28, 119, 38, 223]"
119581,"[82, 72, 138, 73, 238, 12, 92, 38, 146, 64]"
119582,"[7, 147, 279, 44, 138, 23, 238, 261, 133, 14]"
119583,"[130, 1, 23, 49, 54, 2, 5, 72, 82, 30]"
119584,"[66, 13, 90, 238, 28, 119, 72, 223, 15, 44]"
119585,"[142, 73, 147, 23, 38, 12, 26, 13, 0, 48]"
119586,"[157, 14, 261, 147, 25, 60, 23, 220, 151, 36]"
119587,"[220, 187, 13, 90, 238, 28, 119, 223, 54, 23]"
119588,"[279, 27, 23, 54, 13, 90, 238, 28, 44, 119]"
119589,"[9, 27, 279, 71, 15, 72, 82, 2, 124, 44]"
119590,"[38, 238, 23, 138, 279, 90, 60, 28, 21, 13]"
119591,"[92, 72, 18, 138, 82, 15, 238, 64, 26, 19]"
119592,"[1, 23, 72, 49, 138, 30, 26, 54, 238, 105]"
119593,"[77, 97, 138, 0, 73, 189, 238, 151, 175, 92]"
119594,"[72, 82, 18, 26, 138, 58, 238, 15, 6, 64]"
119595,"[4, 189, 21, 238, 13, 90, 28, 72, 223, 119]"
119596,"[130, 220, 187, 1, 23, 73, 30, 34, 60, 49]"
119597,"[72, 82, 138, 1, 18, 23, 15, 238, 64, 105]"
119598,"[82, 72, 138, 238, 1, 23, 146, 64, 92, 105]"
119599,"[36, 60, 238, 90, 28, 138, 13, 223, 147, 146]"
119600,"[133, 238, 13, 90, 28, 58, 18, 119, 223, 44]"
119601,"[30, 23, 1, 60, 49, 147, 220, 187, 138, 24]"
119602,"[15, 3, 73, 91, 71, 18, 66, 72, 6, 64]"
119603,"[24, 238, 90, 23, 28, 13, 138, 4, 223, 146]"
119604,"[84, 13, 90, 238, 28, 112, 119, 223, 21, 103]"
119605,"[73, 261, 23, 142, 0, 91, 97, 1, 130, 14]"
119606,"[24, 238, 157, 90, 28, 13, 138, 23, 223, 146]"
119607,"[55, 13, 238, 90, 28, 119, 223, 149, 15, 48]"
119608,"[147, 23, 60, 238, 24, 220, 223, 187, 90, 28]"
119609,"[34, 23, 1, 13, 90, 187, 238, 28, 220, 119]"
119610,"[60, 23, 261, 187, 220, 238, 13, 90, 28, 24]"
119611,"[90, 13, 238, 28, 223, 97, 119, 0, 175, 48]"
119612,"[25, 73, 2, 71, 27, 9, 64, 279, 238, 32]"
119613,"[29, 13, 90, 28, 238, 119, 18, 223, 3, 157]"
119614,"[66, 238, 90, 13, 28, 223, 60, 119, 138, 146]"
119615,"[17, 73, 13, 12, 90, 238, 28, 32, 119, 223]"
119616,"[220, 187, 13, 90, 238, 28, 119, 223, 32, 48]"
119617,"[220, 187, 54, 13, 90, 28, 238, 119, 223, 34]"
119618,"[175, 147, 238, 138, 90, 28, 223, 261, 146, 48]"
119619,"[9, 279, 6, 13, 238, 90, 28, 2, 119, 223]"
119620,"[2, 72, 27, 82, 54, 18, 84, 5, 15, 77]"
119621,"[7, 44, 238, 147, 90, 28, 13, 138, 223, 38]"
119622,"[2, 84, 54, 5, 34, 1, 4, 23, 29, 71]"
119623,"[142, 147, 238, 90, 13, 23, 28, 223, 119, 146]"
119624,"[64, 73, 138, 238, 58, 72, 92, 146, 105, 91]"
119625,"[36, 238, 138, 90, 28, 223, 13, 146, 119, 149]"
119626,"[26, 72, 27, 138, 238, 105, 15, 77, 146, 64]"
119627,"[21, 187, 26, 138, 238, 223, 38, 72, 146, 90]"
119628,"[157, 238, 223, 138, 90, 28, 13, 220, 146, 119]"
119629,"[9, 279, 71, 2, 84, 124, 13, 238, 28, 54]"
119630,"[54, 73, 71, 279, 18, 51, 9, 29, 17, 220]"
119631,"[32, 13, 90, 238, 28, 6, 119, 26, 223, 58]"
119632,"[121, 1, 23, 13, 90, 2, 28, 238, 34, 119]"
119633,"[121, 13, 90, 238, 28, 119, 223, 48, 103, 146]"
119634,"[130, 73, 49, 23, 1, 30, 220, 187, 2, 261]"
119635,"[279, 261, 13, 90, 27, 238, 28, 119, 223, 20]"
119636,"[119, 13, 54, 90, 238, 28, 223, 189, 27, 20]"
119637,"[9, 27, 279, 72, 82, 15, 2, 44, 71, 51]"
119638,"[157, 238, 13, 90, 223, 28, 261, 119, 147, 146]"
119639,"[112, 13, 238, 90, 28, 119, 223, 279, 32, 48]"
119640,"[73, 2, 29, 130, 105, 238, 3, 151, 279, 51]"
119641,"[60, 23, 1, 54, 4, 24, 7, 238, 34, 90]"
119642,"[13, 90, 238, 28, 119, 223, 27, 261, 48, 20]"
119643,"[142, 13, 90, 28, 238, 34, 119, 223, 23, 4]"
119644,"[97, 27, 138, 238, 105, 77, 157, 146, 90, 279]"
119645,"[43, 261, 13, 90, 238, 28, 119, 223, 48, 12]"
119646,"[261, 13, 90, 238, 28, 119, 103, 223, 77, 48]"
119647,"[223, 157, 238, 13, 90, 28, 119, 149, 18, 146]"
119648,"[238, 146, 138, 90, 28, 13, 223, 157, 175, 119]"
119649,"[66, 18, 238, 13, 90, 28, 72, 157, 119, 223]"
119650,"[27, 51, 9, 279, 151, 41, 6, 0, 13, 48]"
119651,"[130, 73, 49, 220, 30, 187, 2, 58, 23, 1]"
119652,"[0, 73, 97, 138, 261, 151, 14, 238, 157, 45]"
119653,"[55, 238, 60, 23, 138, 90, 28, 147, 13, 223]"
119654,"[121, 1, 23, 13, 90, 238, 28, 34, 119, 223]"
119655,"[26, 72, 49, 138, 30, 147, 151, 238, 92, 105]"
119656,"[44, 13, 238, 90, 28, 119, 223, 48, 146, 103]"
119657,"[149, 238, 13, 90, 28, 223, 119, 34, 279, 189]"
119658,"[44, 13, 90, 238, 28, 119, 223, 48, 103, 146]"
119659,"[41, 27, 9, 279, 124, 20, 2, 71, 261, 14]"
119660,"[84, 13, 90, 238, 28, 119, 48, 223, 261, 6]"
119661,"[112, 13, 90, 238, 28, 119, 223, 32, 84, 48]"
119662,"[189, 157, 21, 27, 238, 90, 13, 28, 223, 77]"
119663,"[103, 13, 27, 90, 238, 28, 119, 223, 48, 32]"
119664,"[15, 72, 82, 73, 6, 138, 26, 238, 12, 92]"
119665,"[73, 3, 6, 26, 15, 58, 91, 30, 72, 261]"
119666,"[147, 157, 21, 23, 36, 238, 223, 175, 90, 189]"
119667,"[149, 157, 72, 82, 238, 90, 32, 13, 18, 28]"
119668,"[71, 73, 58, 26, 9, 6, 30, 91, 12, 18]"
119669,"[146, 13, 238, 90, 28, 119, 223, 149, 58, 19]"
119670,"[58, 13, 12, 90, 238, 28, 119, 223, 34, 48]"
119671,"[84, 13, 90, 157, 238, 28, 119, 77, 223, 32]"
119672,"[147, 238, 13, 90, 28, 223, 119, 220, 58, 23]"
119673,"[238, 90, 13, 28, 119, 223, 60, 146, 48, 32]"
119674,"[121, 13, 90, 238, 28, 119, 223, 147, 48, 12]"
119675,"[21, 187, 238, 26, 223, 138, 90, 28, 13, 146]"
119676,"[17, 13, 29, 90, 28, 238, 21, 119, 54, 223]"
119677,"[48, 13, 90, 238, 28, 119, 27, 223, 147, 189]"
119678,"[146, 73, 58, 12, 261, 238, 13, 133, 90, 28]"
119679,"[21, 187, 238, 90, 223, 13, 28, 138, 119, 146]"
119680,"[64, 1, 23, 72, 18, 6, 138, 26, 238, 82]"
119681,"[84, 13, 90, 238, 28, 119, 223, 261, 76, 48]"
119682,"[21, 187, 238, 90, 223, 28, 189, 13, 138, 149]"
119683,"[130, 73, 91, 41, 151, 77, 51, 105, 92, 3]"
119684,"[24, 23, 279, 138, 238, 14, 21, 4, 72, 32]"
119685,"[189, 238, 157, 14, 90, 13, 261, 28, 223, 119]"
119686,"[121, 45, 13, 90, 238, 28, 119, 12, 223, 187]"
119687,"[105, 26, 138, 72, 30, 238, 64, 92, 151, 1]"
119688,"[124, 2, 261, 6, 25, 58, 279, 23, 32, 238]"
119689,"[30, 23, 1, 49, 220, 187, 138, 60, 238, 142]"
119690,"[220, 187, 13, 90, 238, 28, 119, 60, 23, 223]"
119691,"[73, 1, 23, 29, 130, 77, 3, 13, 238, 90]"
119692,"[12, 73, 6, 13, 90, 238, 28, 119, 223, 147]"
119693,"[24, 23, 21, 189, 238, 138, 29, 90, 279, 146]"
119694,"[12, 13, 220, 187, 90, 238, 28, 119, 261, 121]"
119695,"[73, 72, 71, 82, 6, 15, 1, 54, 18, 58]"
119696,"[223, 157, 238, 13, 90, 45, 147, 28, 36, 119]"
119697,"[13, 90, 238, 28, 119, 223, 32, 84, 34, 103]"
119698,"[149, 72, 82, 157, 238, 15, 90, 13, 28, 223]"
119699,"[36, 157, 147, 13, 238, 90, 223, 28, 14, 119]"
119700,"[261, 27, 13, 90, 238, 28, 21, 119, 223, 20]"
119701,"[14, 23, 261, 147, 73, 97, 151, 24, 0, 138]"
119702,"[54, 2, 49, 279, 34, 71, 29, 84, 4, 5]"
119703,"[220, 187, 261, 23, 60, 2, 1, 121, 49, 279]"
119704,"[29, 60, 23, 279, 32, 261, 13, 90, 238, 28]"
119705,"[142, 27, 23, 49, 13, 54, 90, 238, 28, 119]"
119706,"[38, 238, 13, 90, 12, 28, 24, 142, 119, 223]"
119707,"[119, 13, 90, 238, 28, 223, 9, 103, 48, 146]"
119708,"[41, 73, 25, 45, 147, 0, 97, 261, 91, 76]"
119709,"[91, 73, 25, 34, 238, 3, 90, 13, 28, 130]"
119710,"[157, 21, 13, 90, 261, 238, 20, 28, 119, 223]"
119711,"[17, 13, 90, 238, 28, 119, 34, 223, 84, 48]"
119712,"[44, 13, 90, 71, 238, 28, 119, 223, 54, 73]"
119713,"[26, 72, 138, 238, 105, 73, 146, 64, 92, 90]"
119714,"[112, 13, 90, 238, 28, 261, 147, 119, 223, 73]"
119715,"[91, 73, 6, 261, 72, 82, 26, 12, 133, 97]"
119716,"[34, 187, 220, 13, 90, 238, 28, 54, 119, 223]"
119717,"[82, 72, 3, 73, 18, 71, 15, 91, 29, 54]"
119718,"[41, 73, 27, 45, 25, 261, 147, 6, 58, 76]"
119719,"[27, 279, 149, 1, 2, 34, 84, 23, 45, 32]"
119720,"[72, 82, 73, 15, 138, 18, 238, 26, 58, 64]"
119721,"[130, 73, 91, 41, 9, 51, 15, 77, 3, 105]"
119722,"[157, 147, 238, 14, 90, 13, 28, 223, 138, 119]"
119723,"[147, 26, 238, 23, 138, 223, 220, 90, 187, 28]"
119724,"[124, 6, 13, 90, 28, 238, 2, 119, 223, 72]"
119725,"[66, 21, 13, 238, 90, 28, 223, 119, 23, 1]"
119726,"[122, 15, 54, 238, 13, 90, 19, 28, 71, 6]"
119727,"[32, 58, 13, 90, 238, 28, 119, 223, 261, 6]"
119728,"[103, 157, 54, 279, 13, 21, 90, 238, 28, 9]"
119729,"[279, 27, 9, 23, 13, 157, 103, 90, 238, 28]"
119730,"[261, 13, 90, 238, 28, 119, 223, 20, 48, 21]"
119731,"[29, 13, 90, 238, 28, 119, 223, 48, 103, 146]"
119732,"[72, 82, 18, 15, 138, 26, 64, 149, 238, 54]"
119733,"[238, 90, 13, 28, 23, 32, 223, 119, 1, 146]"
119734,"[130, 49, 91, 220, 187, 60, 151, 142, 23, 0]"
119735,"[14, 21, 238, 13, 27, 90, 23, 28, 189, 119]"
119736,"[130, 73, 91, 49, 30, 142, 60, 151, 24, 23]"
119737,"[82, 72, 26, 138, 238, 92, 64, 151, 133, 146]"
119738,"[14, 157, 23, 189, 238, 27, 90, 28, 13, 138]"
119739,"[24, 147, 23, 26, 238, 0, 90, 138, 28, 13]"
119740,"[27, 6, 54, 2, 5, 84, 279, 1, 13, 23]"
119741,"[0, 138, 91, 238, 15, 64, 72, 73, 146, 97]"
119742,"[119, 13, 90, 238, 28, 223, 45, 48, 76, 103]"
119743,"[0, 138, 91, 238, 6, 97, 146, 49, 90, 72]"
119744,"[64, 27, 157, 9, 138, 72, 49, 18, 15, 77]"
119745,"[49, 23, 1, 220, 187, 54, 138, 60, 238, 24]"
119746,"[175, 238, 138, 90, 28, 13, 133, 223, 146, 119]"
119747,"[58, 12, 13, 90, 6, 238, 28, 119, 223, 48]"
119748,"[36, 157, 21, 147, 223, 238, 279, 23, 20, 90]"
119749,"[21, 187, 238, 223, 13, 90, 28, 119, 55, 32]"
119750,"[51, 27, 73, 9, 279, 25, 45, 41, 13, 90]"
119751,"[73, 261, 25, 12, 147, 6, 91, 26, 0, 38]"
119752,"[5, 27, 15, 279, 71, 72, 73, 51, 82, 189]"
119753,"[45, 13, 90, 238, 28, 119, 223, 48, 103, 54]"
119754,"[27, 279, 13, 90, 119, 238, 28, 223, 103, 48]"
119755,"[48, 13, 90, 238, 28, 119, 223, 58, 103, 146]"
119756,"[146, 238, 138, 147, 157, 175, 90, 28, 223, 7]"
119757,"[34, 13, 90, 28, 238, 187, 220, 119, 54, 223]"
119758,"[92, 138, 238, 146, 105, 64, 72, 90, 77, 23]"
119759,"[41, 220, 187, 12, 261, 60, 23, 43, 26, 25]"
119760,"[7, 238, 13, 90, 28, 119, 223, 58, 146, 19]"
119761,"[58, 187, 220, 13, 90, 238, 28, 119, 223, 45]"
119762,"[27, 279, 1, 23, 142, 72, 2, 71, 82, 5]"
119763,"[5, 27, 54, 71, 279, 9, 29, 3, 44, 17]"
119764,"[6, 26, 12, 45, 72, 15, 58, 187, 220, 82]"
119765,"[15, 72, 1, 23, 138, 189, 77, 82, 238, 36]"
119766,"[41, 73, 261, 45, 9, 25, 147, 27, 14, 30]"
119767,"[146, 238, 13, 90, 28, 119, 223, 48, 76, 58]"
119768,"[4, 238, 13, 90, 28, 49, 119, 223, 60, 23]"
119769,"[76, 13, 90, 238, 28, 119, 223, 34, 48, 103]"
119770,"[0, 27, 138, 157, 147, 238, 54, 77, 105, 97]"
119771,"[51, 9, 27, 54, 72, 82, 279, 77, 20, 1]"
119772,"[43, 13, 90, 238, 28, 119, 223, 58, 48, 6]"
119773,"[157, 36, 25, 21, 220, 223, 279, 151, 20, 238]"
119774,"[121, 13, 90, 238, 28, 119, 223, 279, 20, 103]"
119775,"[147, 60, 23, 1, 220, 187, 238, 138, 28, 279]"
119776,"[121, 13, 90, 28, 238, 119, 34, 1, 223, 54]"
119777,"[21, 187, 238, 138, 223, 20, 149, 90, 28, 157]"
119778,"[49, 73, 138, 30, 238, 38, 97, 92, 12, 14]"
119779,"[41, 27, 73, 6, 279, 48, 13, 261, 90, 28]"
119780,"[1, 64, 23, 72, 82, 18, 138, 54, 238, 15]"
119781,"[121, 13, 90, 238, 28, 119, 84, 223, 34, 187]"
119782,"[7, 13, 238, 90, 28, 44, 119, 223, 23, 187]"
119783,"[142, 73, 220, 187, 23, 54, 24, 60, 4, 13]"
119784,"[36, 147, 238, 13, 90, 28, 223, 157, 119, 146]"
119785,"[138, 147, 238, 18, 72, 146, 26, 64, 77, 92]"
119786,"[187, 220, 13, 20, 90, 238, 28, 119, 279, 32]"
119787,"[1, 23, 72, 82, 27, 15, 77, 138, 105, 238]"
119788,"[82, 72, 73, 138, 15, 91, 238, 92, 38, 12]"
119789,"[220, 187, 13, 90, 238, 58, 28, 119, 261, 223]"
119790,"[76, 13, 90, 220, 187, 238, 28, 261, 119, 48]"
119791,"[121, 187, 220, 13, 90, 238, 28, 119, 223, 84]"
119792,"[103, 261, 13, 90, 238, 28, 119, 223, 157, 48]"
119793,"[44, 13, 90, 238, 28, 119, 54, 223, 6, 112]"
119794,"[220, 187, 13, 90, 238, 28, 119, 223, 58, 48]"
119795,"[149, 18, 157, 238, 13, 90, 28, 223, 119, 32]"
119796,"[157, 223, 238, 147, 90, 13, 220, 28, 45, 119]"
119797,"[55, 14, 238, 138, 60, 90, 23, 28, 146, 13]"
119798,"[17, 13, 90, 238, 28, 119, 223, 48, 103, 146]"
119799,"[105, 72, 82, 157, 15, 238, 138, 27, 71, 54]"
119800,"[51, 27, 73, 9, 25, 279, 0, 97, 105, 151]"
119801,"[151, 73, 189, 97, 21, 0, 45, 49, 147, 138]"
119802,"[45, 13, 90, 238, 28, 119, 223, 48, 103, 112]"
119803,"[9, 27, 2, 279, 15, 71, 1, 72, 23, 42]"
119804,"[9, 27, 82, 279, 72, 21, 124, 189, 54, 15]"
119805,"[5, 1, 2, 23, 27, 34, 54, 30, 36, 84]"
119806,"[151, 147, 261, 26, 97, 138, 0, 49, 14, 72]"
119807,"[51, 6, 27, 13, 279, 0, 90, 28, 238, 119]"
119808,"[92, 26, 18, 72, 58, 138, 64, 15, 238, 82]"
119809,"[189, 147, 238, 13, 90, 28, 223, 119, 77, 157]"
119810,"[21, 261, 187, 147, 14, 238, 157, 20, 138, 223]"
119811,"[64, 1, 23, 138, 238, 72, 146, 92, 105, 97]"
119812,"[175, 13, 238, 90, 28, 119, 223, 261, 189, 48]"
119813,"[220, 187, 13, 90, 238, 28, 119, 54, 223, 23]"
119814,"[34, 187, 220, 13, 90, 28, 238, 119, 223, 84]"
119815,"[73, 58, 26, 91, 18, 72, 133, 12, 17, 138]"
119816,"[72, 82, 18, 26, 6, 15, 138, 238, 64, 92]"
119817,"[58, 13, 90, 238, 28, 119, 223, 48, 103, 32]"
119818,"[4, 54, 23, 60, 238, 13, 90, 28, 1, 119]"
119819,"[45, 261, 13, 20, 90, 279, 238, 28, 21, 119]"
119820,"[49, 138, 238, 105, 72, 147, 146, 64, 92, 151]"
119821,"[92, 72, 82, 18, 138, 238, 54, 15, 71, 146]"
119822,"[36, 13, 238, 90, 28, 223, 119, 48, 146, 103]"
119823,"[4, 13, 90, 238, 28, 119, 223, 48, 103, 146]"
119824,"[9, 279, 2, 34, 73, 71, 84, 42, 32, 138]"
119825,"[7, 238, 13, 90, 28, 157, 223, 119, 149, 19]"
119826,"[92, 138, 72, 77, 238, 82, 0, 105, 54, 146]"
119827,"[36, 13, 90, 238, 28, 119, 223, 48, 189, 103]"
119828,"[30, 1, 23, 138, 2, 238, 130, 24, 5, 105]"
119829,"[15, 72, 138, 0, 238, 18, 146, 151, 64, 92]"
119830,"[72, 82, 138, 238, 49, 26, 1, 23, 0, 64]"
119831,"[0, 138, 97, 91, 49, 72, 238, 6, 142, 26]"
119832,"[112, 13, 220, 187, 90, 54, 238, 28, 119, 223]"
119833,"[38, 238, 60, 90, 13, 28, 119, 23, 223, 261]"
119834,"[48, 220, 187, 13, 90, 238, 28, 119, 223, 12]"
119835,"[43, 13, 90, 238, 220, 28, 187, 119, 223, 121]"
119836,"[82, 72, 138, 238, 27, 151, 30, 105, 146, 64]"
119837,"[49, 138, 72, 238, 82, 92, 97, 23, 77, 146]"
119838,"[82, 72, 105, 21, 189, 77, 97, 138, 175, 27]"
119839,"[73, 27, 130, 25, 91, 58, 45, 26, 6, 41]"
119840,"[112, 27, 54, 13, 90, 238, 28, 119, 9, 223]"
119841,"[84, 187, 220, 13, 90, 238, 28, 119, 223, 121]"
119842,"[72, 82, 138, 1, 23, 238, 49, 151, 105, 77]"
119843,"[71, 6, 25, 220, 187, 279, 261, 9, 27, 2]"
119844,"[5, 82, 72, 36, 27, 20, 279, 71, 15, 13]"
119845,"[30, 71, 138, 72, 238, 77, 82, 15, 146, 7]"
119846,"[189, 223, 238, 138, 23, 279, 14, 90, 73, 60]"
119847,"[91, 72, 82, 18, 6, 17, 15, 73, 3, 27]"
119848,"[29, 73, 157, 21, 9, 189, 27, 103, 77, 13]"
119849,"[103, 13, 90, 238, 28, 119, 223, 32, 279, 48]"
119850,"[220, 187, 13, 90, 28, 238, 119, 223, 20, 103]"
119851,"[82, 72, 138, 238, 1, 36, 23, 146, 64, 92]"
119852,"[76, 13, 90, 238, 28, 119, 223, 149, 48, 103]"
119853,"[54, 220, 187, 279, 121, 84, 2, 34, 142, 23]"
119854,"[44, 13, 90, 238, 28, 119, 223, 48, 103, 121]"
119855,"[21, 157, 187, 238, 147, 223, 138, 90, 20, 28]"
119856,"[0, 73, 138, 49, 142, 238, 30, 26, 97, 12]"
119857,"[91, 73, 17, 3, 18, 238, 13, 90, 28, 149]"
119858,"[4, 238, 157, 90, 13, 28, 223, 18, 119, 146]"
119859,"[15, 72, 138, 18, 1, 9, 23, 238, 21, 146]"
119860,"[26, 72, 138, 238, 105, 146, 90, 28, 64, 223]"
119861,"[151, 9, 138, 157, 238, 105, 27, 146, 90, 28]"
119862,"[14, 21, 23, 238, 187, 60, 90, 13, 28, 223]"
119863,"[103, 261, 13, 90, 238, 28, 119, 223, 48, 279]"
119864,"[124, 149, 15, 12, 64, 26, 9, 112, 44, 72]"
119865,"[60, 13, 238, 90, 23, 28, 119, 223, 44, 48]"
119866,"[130, 1, 23, 5, 105, 29, 34, 91, 3, 72]"
119867,"[92, 18, 26, 138, 72, 238, 64, 15, 58, 146]"
119868,"[32, 13, 90, 44, 28, 238, 119, 223, 112, 9]"
119869,"[25, 220, 187, 6, 82, 72, 58, 12, 71, 97]"
119870,"[48, 13, 90, 238, 28, 119, 223, 112, 45, 103]"
119871,"[60, 23, 54, 24, 220, 187, 49, 30, 238, 13]"
119872,"[0, 138, 151, 97, 238, 157, 45, 26, 58, 72]"
119873,"[29, 23, 1, 279, 32, 17, 13, 90, 238, 28]"
119874,"[25, 26, 261, 6, 30, 73, 58, 49, 2, 91]"
119875,"[27, 279, 21, 261, 9, 142, 54, 157, 20, 2]"
119876,"[49, 138, 73, 238, 30, 92, 77, 72, 64, 175]"
119877,"[4, 23, 1, 60, 13, 90, 28, 238, 119, 220]"
119878,"[279, 13, 90, 238, 28, 261, 112, 119, 48, 27]"
119879,"[58, 13, 90, 238, 28, 119, 223, 32, 44, 12]"
119880,"[91, 73, 26, 12, 261, 17, 72, 18, 58, 130]"
119881,"[73, 130, 27, 58, 25, 91, 13, 41, 90, 279]"
119882,"[147, 238, 138, 28, 90, 146, 23, 223, 14, 13]"
119883,"[147, 157, 238, 23, 223, 45, 21, 90, 14, 151]"
119884,"[119, 13, 90, 28, 238, 223, 32, 44, 103, 84]"
119885,"[26, 72, 138, 238, 105, 77, 1, 0, 146, 23]"
119886,"[27, 5, 54, 279, 71, 44, 51, 119, 34, 13]"
119887,"[149, 238, 18, 13, 90, 72, 28, 119, 223, 82]"
119888,"[223, 157, 238, 13, 90, 28, 119, 147, 21, 77]"
119889,"[119, 13, 90, 238, 28, 223, 32, 84, 48, 103]"
119890,"[149, 12, 73, 238, 38, 90, 26, 28, 13, 55]"
119891,"[43, 13, 90, 58, 238, 28, 119, 187, 220, 223]"
119892,"[72, 82, 92, 26, 18, 138, 64, 15, 6, 238]"
119893,"[54, 220, 187, 43, 121, 279, 84, 238, 13, 90]"
119894,"[51, 25, 6, 91, 220, 187, 49, 279, 2, 133]"
119895,"[261, 220, 187, 13, 90, 238, 28, 119, 223, 26]"
119896,"[55, 13, 90, 238, 58, 28, 119, 223, 72, 15]"
119897,"[5, 27, 72, 82, 15, 189, 51, 71, 44, 279]"
119898,"[261, 147, 73, 14, 13, 90, 45, 48, 238, 28]"
119899,"[27, 157, 13, 21, 90, 238, 28, 119, 223, 279]"
119900,"[82, 72, 138, 149, 15, 238, 1, 23, 54, 55]"
119901,"[58, 26, 6, 187, 13, 12, 220, 90, 238, 28]"
119902,"[189, 13, 238, 90, 28, 119, 223, 147, 48, 146]"
119903,"[4, 13, 90, 187, 220, 238, 28, 119, 223, 142]"
119904,"[9, 27, 279, 21, 51, 157, 20, 44, 42, 124]"
119905,"[14, 238, 90, 23, 13, 28, 223, 119, 146, 138]"
119906,"[146, 73, 238, 14, 147, 90, 142, 13, 28, 223]"
119907,"[43, 220, 187, 13, 90, 238, 28, 119, 54, 223]"
119908,"[279, 27, 13, 90, 119, 238, 28, 23, 223, 112]"
119909,"[14, 21, 23, 147, 187, 189, 238, 0, 77, 73]"
119910,"[220, 187, 13, 90, 28, 238, 119, 23, 223, 54]"
119911,"[2, 72, 82, 27, 18, 15, 51, 189, 112, 279]"
119912,"[24, 238, 157, 138, 90, 23, 28, 13, 223, 146]"
119913,"[34, 1, 23, 13, 2, 90, 54, 28, 238, 84]"
119914,"[41, 12, 220, 187, 49, 23, 1, 261, 133, 6]"
119915,"[91, 73, 25, 220, 187, 151, 49, 12, 97, 0]"
119916,"[14, 23, 147, 261, 73, 97, 26, 0, 151, 21]"
119917,"[146, 32, 238, 90, 13, 28, 223, 119, 17, 122]"
119918,"[58, 6, 13, 90, 238, 32, 28, 119, 223, 48]"
119919,"[25, 27, 9, 279, 51, 105, 71, 13, 90, 48]"
119920,"[60, 23, 14, 189, 26, 238, 147, 38, 138, 73]"
119921,"[25, 27, 54, 279, 82, 72, 13, 90, 9, 28]"
119922,"[76, 13, 90, 238, 28, 119, 223, 73, 27, 9]"
119923,"[6, 27, 9, 220, 187, 30, 124, 112, 45, 279]"
119924,"[54, 138, 220, 187, 238, 7, 23, 60, 49, 146]"
119925,"[32, 13, 220, 187, 90, 238, 28, 119, 223, 48]"
119926,"[71, 27, 1, 2, 9, 72, 82, 124, 279, 23]"
119927,"[130, 82, 72, 91, 77, 41, 51, 3, 1, 151]"
119928,"[9, 279, 45, 27, 51, 261, 76, 20, 25, 42]"
119929,"[5, 71, 82, 72, 15, 13, 3, 90, 28, 238]"
119930,"[24, 23, 13, 142, 90, 238, 28, 119, 223, 189]"
119931,"[9, 71, 279, 54, 124, 84, 34, 2, 42, 17]"
119932,"[26, 146, 147, 58, 72, 238, 18, 90, 13, 28]"
119933,"[76, 13, 90, 261, 238, 36, 28, 119, 223, 20]"
119934,"[2, 27, 15, 71, 279, 9, 51, 64, 72, 44]"
119935,"[34, 13, 90, 238, 28, 119, 12, 223, 21, 20]"
119936,"[1, 23, 138, 72, 30, 26, 238, 151, 92, 18]"
119937,"[23, 60, 1, 220, 187, 4, 238, 28, 90, 13]"
119938,"[220, 187, 13, 90, 238, 28, 119, 223, 112, 12]"
119939,"[133, 238, 279, 90, 13, 38, 28, 32, 223, 119]"
119940,"[44, 13, 72, 82, 54, 90, 28, 238, 119, 149]"
119941,"[66, 238, 147, 90, 138, 28, 13, 223, 146, 119]"
119942,"[7, 157, 238, 1, 23, 4, 149, 90, 84, 28]"
119943,"[91, 73, 261, 25, 49, 41, 130, 24, 97, 14]"
119944,"[45, 13, 90, 238, 28, 119, 223, 48, 103, 54]"
119945,"[122, 26, 17, 72, 238, 15, 90, 223, 13, 28]"
119946,"[92, 73, 26, 49, 60, 138, 97, 24, 23, 72]"
119947,"[124, 73, 9, 25, 54, 41, 147, 151, 48, 29]"
119948,"[30, 1, 23, 49, 72, 82, 24, 138, 238, 97]"
119949,"[220, 187, 43, 13, 90, 238, 28, 119, 34, 223]"
119950,"[121, 13, 90, 28, 238, 119, 223, 34, 84, 48]"
119951,"[279, 27, 21, 13, 157, 23, 54, 90, 238, 28]"
119952,"[42, 54, 1, 23, 7, 175, 130, 17, 4, 49]"
119953,"[97, 138, 238, 18, 0, 151, 27, 157, 146, 72]"
119954,"[27, 41, 82, 72, 279, 157, 9, 51, 2, 48]"
119955,"[133, 238, 13, 90, 28, 119, 223, 72, 146, 55]"
119956,"[103, 13, 32, 90, 54, 238, 28, 119, 223, 279]"
119957,"[261, 13, 90, 238, 28, 119, 223, 20, 48, 279]"
119958,"[71, 30, 124, 20, 9, 279, 6, 13, 2, 261]"
119959,"[44, 58, 73, 13, 90, 238, 28, 119, 223, 26]"
119960,"[71, 54, 9, 157, 105, 84, 29, 279, 34, 13]"
119961,"[73, 3, 91, 18, 26, 12, 72, 17, 6, 130]"
119962,"[1, 23, 72, 73, 138, 26, 238, 151, 91, 97]"
119963,"[29, 17, 54, 19, 44, 34, 84, 82, 72, 7]"
119964,"[76, 13, 45, 90, 238, 28, 119, 58, 261, 223]"
119965,"[48, 13, 90, 238, 28, 119, 223, 103, 146, 54]"
119966,"[12, 13, 90, 238, 28, 261, 119, 223, 48, 43]"
119967,"[122, 238, 90, 13, 28, 223, 119, 138, 146, 189]"
119968,"[149, 238, 157, 138, 90, 21, 28, 13, 223, 146]"
119969,"[14, 24, 142, 147, 23, 238, 73, 90, 13, 28]"
119970,"[220, 187, 13, 147, 90, 238, 28, 119, 223, 12]"
119971,"[175, 60, 238, 147, 138, 23, 90, 28, 146, 223]"
119972,"[64, 15, 72, 138, 238, 73, 82, 149, 71, 19]"
119973,"[32, 13, 90, 279, 28, 238, 23, 119, 261, 223]"
119974,"[2, 54, 30, 49, 34, 130, 84, 13, 90, 238]"
119975,"[73, 130, 91, 58, 25, 142, 13, 238, 90, 28]"
119976,"[220, 187, 13, 90, 238, 28, 119, 223, 121, 12]"
119977,"[7, 238, 73, 175, 90, 28, 13, 138, 223, 146]"
119978,"[9, 27, 279, 15, 51, 2, 20, 72, 82, 13]"
119979,"[119, 13, 90, 238, 28, 223, 48, 103, 146, 76]"
119980,"[261, 58, 6, 27, 25, 41, 13, 90, 238, 32]"
119981,"[92, 147, 49, 0, 138, 238, 220, 151, 187, 97]"
119982,"[146, 238, 38, 90, 13, 66, 15, 28, 19, 122]"
119983,"[261, 13, 90, 20, 238, 28, 119, 21, 223, 279]"
119984,"[84, 1, 23, 54, 13, 90, 34, 28, 238, 2]"
119985,"[26, 92, 58, 72, 138, 261, 60, 238, 18, 64]"
119986,"[45, 13, 90, 238, 28, 119, 223, 32, 279, 48]"
119987,"[97, 73, 138, 189, 175, 105, 77, 238, 151, 55]"
119988,"[103, 13, 90, 238, 28, 220, 187, 119, 223, 73]"
119989,"[124, 6, 91, 25, 73, 2, 5, 238, 23, 1]"
119990,"[138, 18, 238, 77, 72, 105, 147, 146, 151, 90]"
119991,"[105, 72, 73, 138, 82, 91, 238, 26, 30, 1]"
119992,"[43, 220, 187, 13, 90, 238, 28, 119, 54, 23]"
119993,"[103, 13, 90, 238, 28, 119, 187, 220, 223, 48]"
119994,"[27, 92, 138, 238, 64, 2, 105, 151, 72, 77]"
119995,"[7, 238, 138, 90, 146, 28, 23, 60, 147, 14]"
119996,"[72, 82, 138, 26, 49, 238, 30, 151, 64, 105]"
119997,"[34, 13, 90, 238, 28, 42, 119, 223, 84, 43]"
119998,"[27, 51, 9, 279, 18, 189, 97, 151, 2, 29]"
119999,"[45, 13, 90, 238, 28, 119, 279, 223, 261, 20]"
120000,"[6, 73, 220, 187, 0, 261, 49, 23, 41, 1]"
120001,"[29, 147, 36, 73, 21, 13, 238, 90, 28, 223]"
120002,"[19, 238, 90, 38, 13, 28, 223, 119, 138, 146]"
120003,"[72, 82, 189, 15, 138, 238, 21, 64, 77, 146]"
120004,"[72, 82, 18, 15, 138, 71, 64, 238, 105, 2]"
120005,"[38, 72, 82, 54, 138, 17, 55, 238, 15, 146]"
120006,"[157, 147, 223, 238, 220, 90, 138, 28, 13, 146]"
120007,"[51, 27, 54, 279, 71, 44, 34, 84, 18, 2]"
120008,"[77, 72, 138, 15, 82, 238, 64, 146, 92, 105]"
120009,"[76, 147, 45, 13, 157, 90, 238, 28, 21, 25]"
120010,"[279, 112, 13, 45, 20, 90, 238, 103, 28, 21]"
120011,"[147, 157, 14, 23, 238, 223, 45, 261, 138, 151]"
120012,"[261, 147, 73, 13, 90, 238, 28, 45, 119, 223]"
120013,"[27, 279, 2, 34, 149, 32, 142, 1, 71, 124]"
120014,"[13, 90, 238, 28, 119, 223, 32, 34, 84, 103]"
120015,"[5, 58, 12, 6, 27, 51, 73, 45, 48, 279]"
120016,"[14, 238, 23, 90, 13, 28, 223, 119, 138, 146]"
120017,"[189, 23, 60, 238, 279, 90, 28, 13, 138, 32]"
120018,"[73, 91, 147, 42, 17, 38, 12, 26, 97, 29]"
120019,"[220, 187, 147, 73, 13, 90, 238, 28, 119, 23]"
120020,"[151, 147, 261, 26, 138, 105, 30, 97, 0, 14]"
120021,"[27, 279, 142, 25, 51, 41, 48, 13, 45, 1]"
120022,"[58, 12, 73, 13, 90, 238, 28, 119, 223, 6]"
120023,"[17, 21, 157, 2, 29, 20, 279, 84, 23, 103]"
120024,"[1, 23, 18, 72, 138, 15, 238, 64, 30, 9]"
120025,"[84, 220, 187, 13, 90, 238, 28, 119, 121, 223]"
120026,"[72, 82, 26, 18, 138, 238, 15, 64, 92, 58]"
120027,"[92, 72, 82, 26, 138, 18, 15, 238, 64, 146]"
120028,"[60, 23, 147, 28, 238, 13, 90, 4, 223, 119]"
120029,"[122, 238, 90, 13, 28, 223, 119, 146, 142, 138]"
120030,"[4, 54, 13, 90, 28, 238, 119, 23, 223, 30]"
120031,"[220, 187, 261, 147, 23, 13, 32, 90, 279, 238]"
120032,"[13, 90, 238, 28, 119, 223, 103, 48, 146, 27]"
120033,"[122, 238, 26, 90, 13, 28, 223, 119, 261, 146]"
120034,"[147, 238, 7, 23, 4, 138, 223, 90, 28, 13]"
120035,"[84, 13, 90, 238, 28, 119, 223, 48, 103, 146]"
120036,"[60, 23, 147, 157, 261, 238, 138, 14, 38, 90]"
120037,"[73, 261, 14, 147, 42, 91, 45, 13, 238, 90]"
120038,"[38, 26, 58, 13, 238, 90, 12, 28, 119, 223]"
120039,"[142, 147, 238, 13, 90, 28, 26, 223, 119, 23]"
120040,"[27, 6, 279, 9, 71, 18, 151, 51, 2, 13]"
120041,"[19, 238, 157, 138, 90, 21, 28, 13, 223, 146]"
120042,"[151, 73, 97, 138, 41, 0, 189, 238, 105, 91]"
120043,"[82, 72, 138, 157, 238, 1, 23, 146, 2, 64]"
120044,"[149, 13, 238, 90, 15, 28, 12, 119, 223, 55]"
120045,"[26, 72, 138, 238, 105, 1, 23, 77, 146, 90]"
120046,"[82, 72, 138, 27, 189, 15, 105, 238, 77, 175]"
120047,"[9, 27, 279, 15, 72, 82, 44, 71, 34, 51]"
120048,"[9, 279, 73, 15, 71, 2, 30, 124, 42, 13]"
120049,"[20, 13, 90, 28, 238, 119, 223, 103, 17, 44]"
120050,"[44, 13, 90, 58, 238, 28, 119, 223, 34, 32]"
120051,"[151, 49, 26, 138, 30, 72, 238, 105, 92, 64]"
120052,"[82, 72, 238, 138, 54, 105, 90, 146, 28, 77]"
120053,"[147, 238, 90, 223, 28, 13, 23, 138, 146, 220]"
120054,"[149, 26, 238, 147, 38, 90, 138, 28, 18, 146]"
120055,"[91, 73, 72, 82, 66, 3, 15, 149, 64, 92]"
120056,"[121, 13, 90, 238, 28, 119, 223, 44, 20, 103]"
120057,"[3, 261, 73, 279, 30, 130, 2, 25, 151, 23]"
120058,"[4, 189, 84, 21, 23, 1, 13, 28, 90, 54]"
120059,"[142, 220, 187, 60, 23, 26, 147, 261, 49, 4]"
120060,"[1, 23, 138, 72, 49, 238, 30, 26, 2, 151]"
120061,"[157, 21, 223, 27, 13, 189, 90, 238, 28, 220]"
120062,"[151, 73, 97, 45, 138, 0, 14, 189, 41, 175]"
120063,"[72, 138, 82, 147, 238, 77, 0, 18, 261, 92]"
120064,"[279, 27, 13, 45, 23, 90, 238, 28, 119, 103]"
120065,"[12, 13, 90, 238, 28, 119, 6, 223, 48, 58]"
120066,"[122, 147, 238, 138, 90, 28, 13, 60, 223, 146]"
120067,"[26, 72, 138, 1, 238, 23, 73, 105, 146, 64]"
120068,"[34, 13, 189, 90, 21, 238, 28, 119, 32, 112]"
120069,"[261, 13, 44, 90, 238, 28, 119, 223, 34, 48]"
120070,"[130, 91, 73, 3, 138, 105, 279, 151, 238, 17]"
120071,"[24, 23, 1, 13, 142, 34, 90, 238, 28, 119]"
120072,"[1, 23, 72, 82, 15, 138, 27, 77, 238, 19]"
120073,"[64, 72, 73, 82, 6, 238, 18, 15, 138, 92]"
120074,"[119, 13, 90, 147, 238, 28, 223, 45, 73, 103]"
120075,"[82, 72, 1, 23, 138, 238, 77, 97, 146, 64]"
120076,"[6, 41, 220, 187, 48, 13, 238, 90, 28, 25]"
120077,"[34, 13, 90, 1, 238, 28, 54, 119, 23, 223]"
120078,"[73, 77, 29, 130, 105, 51, 13, 3, 90, 238]"
120079,"[54, 2, 1, 34, 23, 220, 279, 84, 187, 5]"
120080,"[84, 13, 90, 238, 28, 119, 223, 48, 103, 146]"
120081,"[73, 151, 91, 2, 77, 130, 3, 29, 279, 138]"
120082,"[51, 9, 157, 82, 72, 27, 21, 77, 279, 20]"
120083,"[3, 18, 73, 15, 72, 26, 91, 64, 17, 12]"
120084,"[72, 64, 26, 82, 18, 6, 138, 238, 15, 92]"
120085,"[189, 238, 13, 90, 28, 223, 147, 119, 14, 48]"
120086,"[112, 157, 9, 13, 90, 238, 28, 103, 119, 223]"
120087,"[2, 27, 72, 82, 9, 279, 124, 15, 77, 71]"
120088,"[55, 238, 90, 13, 28, 223, 119, 138, 146, 48]"
120089,"[142, 73, 23, 147, 38, 12, 0, 13, 48, 189]"
120090,"[220, 187, 13, 90, 238, 28, 119, 223, 58, 48]"
120091,"[71, 27, 2, 124, 13, 279, 90, 28, 238, 54]"
120092,"[44, 13, 90, 238, 28, 119, 27, 223, 54, 48]"
120093,"[103, 13, 90, 238, 28, 119, 48, 223, 261, 146]"
120094,"[6, 54, 124, 20, 2, 279, 13, 90, 28, 238]"
120095,"[60, 23, 238, 157, 90, 13, 28, 223, 138, 119]"
120096,"[4, 23, 1, 24, 60, 142, 13, 90, 28, 238]"
120097,"[97, 72, 1, 23, 82, 18, 138, 238, 0, 2]"
120098,"[43, 73, 147, 13, 90, 238, 28, 119, 223, 12]"
120099,"[105, 72, 82, 138, 238, 54, 1, 15, 23, 64]"
120100,"[64, 1, 23, 26, 72, 138, 238, 38, 18, 6]"
120101,"[64, 138, 49, 238, 0, 72, 146, 147, 92, 151]"
120102,"[19, 238, 90, 18, 28, 13, 157, 21, 138, 54]"
120103,"[77, 27, 189, 21, 73, 15, 138, 175, 97, 105]"
120104,"[103, 13, 90, 238, 28, 119, 32, 223, 48, 34]"
120105,"[103, 45, 157, 147, 13, 90, 238, 28, 119, 223]"
120106,"[21, 187, 238, 138, 223, 90, 28, 13, 146, 189]"
120107,"[58, 12, 13, 90, 238, 28, 119, 223, 187, 48]"
120108,"[9, 27, 279, 124, 105, 71, 77, 29, 73, 15]"
120109,"[1, 23, 138, 72, 26, 238, 146, 64, 92, 105]"
120110,"[2, 73, 54, 1, 23, 30, 49, 130, 84, 72]"
120111,"[12, 13, 90, 238, 28, 58, 119, 6, 223, 48]"
120112,"[41, 27, 261, 25, 12, 0, 147, 21, 45, 279]"
120113,"[25, 6, 157, 27, 29, 54, 279, 13, 223, 90]"
120114,"[103, 13, 90, 238, 28, 119, 223, 32, 48, 66]"
120115,"[34, 23, 1, 187, 13, 220, 60, 90, 238, 28]"
120116,"[48, 220, 187, 13, 90, 238, 28, 12, 119, 223]"
120117,"[20, 13, 90, 238, 28, 119, 23, 223, 279, 1]"
120118,"[175, 238, 90, 28, 13, 147, 189, 223, 138, 48]"
120119,"[29, 261, 14, 279, 20, 23, 36, 60, 73, 147]"
120120,"[54, 220, 187, 279, 261, 23, 14, 12, 1, 32]"
120121,"[21, 187, 238, 223, 90, 28, 13, 138, 146, 119]"
120122,"[13, 90, 238, 28, 119, 223, 32, 84, 48, 103]"
120123,"[17, 13, 90, 238, 28, 119, 48, 223, 103, 146]"
120124,"[220, 187, 13, 90, 238, 28, 45, 119, 223, 12]"
120125,"[14, 21, 23, 73, 12, 238, 142, 24, 90, 13]"
120126,"[76, 261, 13, 60, 90, 238, 28, 119, 23, 223]"
120127,"[119, 13, 20, 157, 90, 238, 28, 21, 223, 279]"
120128,"[51, 73, 6, 238, 71, 13, 90, 54, 28, 2]"
120129,"[238, 147, 28, 90, 13, 223, 119, 138, 146, 38]"
120130,"[32, 13, 90, 58, 238, 28, 119, 223, 34, 48]"
120131,"[3, 157, 29, 2, 1, 23, 54, 21, 279, 84]"
120132,"[220, 187, 13, 54, 90, 238, 28, 119, 121, 223]"
120133,"[15, 3, 73, 18, 26, 72, 91, 9, 64, 6]"
120134,"[12, 13, 90, 238, 28, 71, 119, 223, 72, 44]"
120135,"[112, 54, 13, 90, 9, 238, 28, 147, 119, 223]"
120136,"[45, 13, 90, 238, 28, 119, 223, 48, 103, 84]"
120137,"[32, 13, 21, 90, 2, 238, 28, 189, 119, 223]"
120138,"[122, 13, 238, 90, 189, 28, 119, 19, 223, 55]"
120139,"[189, 238, 13, 90, 28, 223, 119, 146, 14, 279]"
120140,"[71, 6, 72, 82, 12, 54, 133, 26, 147, 220]"
120141,"[45, 13, 90, 238, 28, 119, 223, 187, 220, 48]"
120142,"[122, 238, 90, 13, 28, 223, 119, 146, 138, 48]"
120143,"[12, 13, 90, 238, 28, 71, 119, 223, 32, 17]"
120144,"[220, 187, 13, 90, 238, 28, 119, 23, 121, 223]"
120145,"[121, 1, 23, 13, 90, 28, 238, 34, 119, 223]"
120146,"[142, 238, 90, 13, 28, 223, 119, 146, 189, 138]"
120147,"[55, 238, 157, 72, 122, 149, 138, 82, 90, 54]"
120148,"[64, 138, 72, 49, 1, 23, 238, 82, 0, 105]"
120149,"[3, 15, 72, 66, 44, 82, 71, 73, 54, 122]"
120150,"[2, 25, 12, 26, 261, 45, 41, 72, 44, 51]"
120151,"[38, 149, 133, 66, 238, 54, 90, 28, 138, 13]"
120152,"[112, 13, 90, 238, 28, 119, 223, 48, 84, 103]"
120153,"[7, 238, 175, 73, 90, 28, 138, 13, 151, 223]"
120154,"[157, 238, 223, 220, 138, 279, 23, 90, 28, 60]"
120155,"[26, 72, 6, 73, 58, 138, 18, 151, 15, 92]"
120156,"[151, 72, 27, 82, 77, 138, 147, 238, 23, 105]"
120157,"[29, 21, 157, 54, 9, 77, 189, 20, 13, 279]"
120158,"[130, 49, 73, 220, 187, 60, 261, 91, 151, 23]"
120159,"[72, 82, 15, 6, 138, 18, 73, 238, 92, 189]"
120160,"[2, 54, 49, 187, 220, 1, 23, 130, 30, 5]"
120161,"[122, 147, 238, 60, 138, 90, 28, 13, 146, 23]"
120162,"[73, 91, 14, 42, 13, 90, 238, 28, 261, 119]"
120163,"[27, 13, 90, 189, 238, 28, 119, 223, 48, 175]"
120164,"[29, 13, 73, 90, 238, 28, 119, 223, 48, 121]"
120165,"[82, 72, 18, 15, 138, 238, 71, 64, 105, 149]"
120166,"[82, 72, 138, 238, 142, 146, 64, 92, 105, 97]"
120167,"[82, 72, 15, 138, 18, 149, 238, 17, 58, 64]"
120168,"[6, 72, 82, 12, 58, 26, 15, 187, 220, 27]"
120169,"[1, 23, 72, 82, 15, 138, 238, 124, 77, 105]"
120170,"[261, 13, 90, 187, 220, 238, 28, 119, 223, 48]"
120171,"[5, 27, 6, 25, 76, 12, 45, 36, 97, 279]"
120172,"[220, 187, 13, 90, 238, 28, 119, 73, 223, 261]"
120173,"[34, 13, 90, 238, 28, 119, 223, 32, 103, 48]"
120174,"[60, 23, 54, 1, 238, 90, 13, 28, 223, 119]"
120175,"[32, 13, 90, 238, 28, 119, 223, 48, 43, 103]"
120176,"[73, 72, 71, 82, 6, 15, 1, 54, 18, 58]"
120177,"[189, 223, 157, 21, 238, 77, 13, 90, 28, 119]"
120178,"[147, 238, 90, 13, 28, 223, 119, 112, 146, 77]"
120179,"[220, 187, 13, 90, 238, 28, 119, 223, 23, 147]"
120180,"[238, 13, 90, 157, 28, 223, 119, 32, 21, 55]"
120181,"[130, 73, 91, 26, 60, 23, 30, 142, 49, 24]"
120182,"[149, 38, 238, 60, 73, 279, 146, 138, 23, 90]"
120183,"[27, 73, 130, 279, 15, 58, 2, 9, 25, 3]"
120184,"[38, 147, 238, 60, 138, 23, 90, 28, 13, 223]"
120185,"[12, 73, 13, 90, 238, 28, 71, 119, 6, 223]"
120186,"[77, 138, 238, 147, 97, 151, 146, 64, 92, 72]"
120187,"[36, 238, 90, 13, 28, 223, 119, 138, 146, 26]"
120188,"[175, 157, 21, 20, 238, 36, 223, 90, 13, 28]"
120189,"[9, 72, 82, 279, 1, 23, 124, 15, 20, 38]"
120190,"[124, 27, 9, 77, 279, 20, 2, 105, 15, 13]"
120191,"[4, 23, 1, 13, 90, 238, 28, 60, 24, 119]"
120192,"[25, 73, 147, 27, 0, 49, 9, 97, 105, 41]"
120193,"[238, 90, 13, 28, 223, 138, 119, 146, 55, 48]"
120194,"[77, 138, 238, 49, 73, 146, 64, 72, 92, 105]"
120195,"[21, 187, 147, 261, 238, 138, 14, 20, 223, 90]"
120196,"[151, 238, 138, 72, 18, 105, 90, 28, 146, 15]"
120197,"[175, 157, 9, 13, 238, 90, 28, 27, 18, 119]"
120198,"[9, 157, 279, 71, 73, 103, 29, 51, 27, 42]"
120199,"[72, 82, 27, 138, 18, 15, 238, 21, 157, 64]"
120200,"[151, 147, 261, 138, 97, 14, 238, 0, 105, 45]"
120201,"[14, 23, 1, 238, 279, 138, 90, 32, 28, 72]"
120202,"[133, 73, 12, 38, 24, 23, 60, 122, 91, 138]"
120203,"[130, 23, 1, 73, 24, 54, 60, 91, 34, 30]"
120204,"[175, 147, 157, 26, 238, 223, 138, 90, 0, 72]"
120205,"[220, 187, 23, 147, 24, 60, 142, 26, 49, 14]"
120206,"[9, 279, 2, 261, 30, 6, 38, 58, 42, 23]"
120207,"[51, 27, 9, 54, 279, 0, 41, 112, 77, 124]"
120208,"[220, 187, 13, 58, 90, 238, 28, 119, 45, 223]"
120209,"[49, 138, 26, 238, 72, 147, 146, 105, 261, 64]"
120210,"[77, 147, 138, 97, 238, 0, 157, 151, 105, 92]"
120211,"[238, 90, 13, 28, 223, 119, 133, 187, 220, 146]"
120212,"[112, 13, 90, 238, 28, 119, 223, 34, 84, 48]"
120213,"[72, 82, 138, 157, 238, 105, 77, 97, 91, 15]"
120214,"[20, 13, 90, 238, 28, 119, 223, 48, 43, 103]"
120215,"[45, 13, 90, 238, 28, 119, 223, 54, 32, 48]"
120216,"[15, 72, 138, 238, 97, 0, 30, 146, 64, 105]"
120217,"[103, 220, 187, 13, 90, 238, 28, 12, 119, 223]"
120218,"[30, 1, 23, 71, 2, 138, 7, 238, 130, 72]"
120219,"[91, 73, 30, 147, 45, 130, 14, 97, 23, 142]"
120220,"[21, 187, 147, 27, 238, 77, 223, 157, 90, 13]"
120221,"[7, 4, 26, 238, 49, 175, 138, 90, 72, 28]"
120222,"[151, 72, 138, 238, 82, 1, 23, 64, 146, 18]"
120223,"[220, 187, 13, 23, 90, 238, 28, 119, 223, 121]"
120224,"[1, 23, 72, 82, 77, 138, 15, 157, 4, 27]"
120225,"[76, 261, 13, 147, 90, 238, 28, 48, 119, 223]"
120226,"[147, 146, 60, 23, 14, 24, 261, 238, 21, 138]"
120227,"[30, 1, 23, 2, 138, 238, 49, 72, 64, 146]"
120228,"[73, 17, 38, 12, 133, 92, 55, 48, 13, 72]"
120229,"[112, 13, 90, 238, 28, 119, 223, 48, 133, 103]"
120230,"[97, 138, 238, 64, 18, 72, 30, 1, 146, 23]"
120231,"[54, 27, 6, 279, 41, 48, 133, 220, 58, 13]"
120232,"[149, 238, 90, 13, 32, 28, 223, 119, 146, 18]"
120233,"[18, 72, 1, 138, 23, 238, 0, 77, 146, 151]"
120234,"[20, 13, 90, 238, 28, 119, 223, 103, 73, 147]"
120235,"[220, 187, 27, 13, 54, 90, 238, 28, 119, 223]"
120236,"[21, 90, 13, 28, 238, 119, 223, 66, 55, 23]"
120237,"[175, 189, 27, 13, 9, 90, 157, 28, 238, 279]"
120238,"[29, 157, 36, 21, 20, 112, 14, 51, 97, 279]"
120239,"[220, 187, 13, 90, 238, 28, 119, 223, 48, 32]"
120240,"[55, 238, 90, 13, 28, 38, 223, 119, 32, 73]"
120241,"[220, 187, 13, 90, 238, 28, 119, 223, 48, 58]"
120242,"[66, 21, 189, 13, 238, 90, 28, 119, 223, 34]"
120243,"[15, 72, 82, 138, 1, 23, 238, 18, 64, 6]"
120244,"[66, 238, 13, 90, 28, 119, 223, 146, 48, 103]"
120245,"[238, 13, 54, 90, 189, 28, 119, 223, 21, 77]"
120246,"[112, 27, 13, 90, 238, 28, 119, 223, 157, 103]"
120247,"[14, 23, 1, 138, 238, 279, 32, 72, 90, 146]"
120248,"[36, 157, 147, 238, 13, 90, 28, 223, 119, 261]"
120249,"[24, 23, 147, 238, 26, 90, 13, 28, 45, 223]"
120250,"[51, 27, 6, 187, 220, 26, 58, 12, 279, 71]"
120251,"[21, 187, 261, 238, 223, 90, 13, 28, 157, 147]"
120252,"[45, 13, 261, 90, 238, 28, 119, 223, 279, 20]"
120253,"[29, 261, 13, 90, 238, 28, 119, 25, 223, 48]"
120254,"[43, 1, 13, 23, 90, 28, 238, 119, 34, 187]"
120255,"[30, 138, 18, 238, 105, 72, 64, 26, 97, 92]"
120256,"[15, 72, 138, 238, 1, 2, 23, 146, 64, 92]"
120257,"[27, 279, 142, 51, 6, 0, 97, 151, 48, 41]"
120258,"[138, 23, 1, 73, 142, 49, 238, 7, 77, 72]"
120259,"[175, 138, 238, 133, 146, 90, 142, 28, 223, 64]"
120260,"[54, 279, 32, 29, 2, 23, 3, 71, 105, 220]"
120261,"[17, 23, 1, 60, 279, 29, 21, 20, 36, 72]"
120262,"[20, 13, 90, 28, 238, 119, 223, 54, 103, 48]"
120263,"[157, 223, 238, 220, 13, 90, 28, 149, 23, 119]"
120264,"[13, 90, 238, 28, 119, 54, 223, 112, 103, 48]"
120265,"[133, 72, 82, 238, 122, 26, 90, 13, 28, 223]"
120266,"[112, 13, 279, 90, 238, 28, 32, 119, 261, 223]"
120267,"[220, 187, 54, 23, 13, 1, 90, 238, 28, 119]"
120268,"[38, 238, 45, 90, 13, 28, 149, 133, 66, 223]"
120269,"[48, 13, 90, 238, 28, 119, 223, 103, 146, 44]"
120270,"[124, 27, 9, 72, 82, 77, 279, 51, 189, 105]"
120271,"[103, 13, 90, 238, 28, 119, 45, 223, 48, 76]"
120272,"[44, 6, 13, 32, 90, 238, 28, 119, 223, 157]"
120273,"[72, 82, 15, 18, 138, 64, 26, 77, 149, 238]"
120274,"[84, 13, 90, 28, 238, 119, 223, 34, 2, 48]"
120275,"[49, 138, 147, 26, 72, 238, 261, 146, 151, 64]"
120276,"[121, 12, 187, 220, 13, 90, 238, 147, 28, 119]"
120277,"[24, 23, 238, 90, 13, 28, 223, 138, 119, 146]"
120278,"[189, 238, 13, 90, 28, 119, 223, 146, 84, 55]"
120279,"[103, 45, 13, 90, 238, 28, 119, 223, 48, 76]"
120280,"[73, 0, 261, 25, 45, 30, 97, 49, 48, 130]"
120281,"[151, 138, 27, 18, 238, 64, 72, 146, 105, 49]"
120282,"[189, 15, 238, 72, 13, 90, 28, 21, 82, 157]"
120283,"[27, 51, 9, 279, 2, 54, 157, 13, 119, 90]"
120284,"[71, 6, 0, 220, 187, 279, 147, 23, 261, 1]"
120285,"[14, 21, 23, 187, 147, 238, 220, 138, 90, 146]"
120286,"[73, 147, 91, 14, 42, 12, 29, 23, 261, 21]"
120287,"[0, 138, 1, 23, 73, 238, 72, 146, 64, 92]"
120288,"[1, 23, 72, 138, 49, 238, 54, 26, 0, 60]"
120289,"[149, 72, 82, 157, 15, 19, 18, 238, 13, 90]"
120290,"[157, 147, 220, 151, 14, 25, 223, 60, 23, 21]"
120291,"[220, 187, 23, 13, 1, 90, 238, 28, 119, 223]"
120292,"[20, 13, 90, 238, 28, 119, 223, 34, 84, 48]"
120293,"[147, 238, 223, 90, 13, 28, 157, 119, 77, 23]"
120294,"[66, 238, 60, 279, 90, 13, 28, 23, 223, 119]"
120295,"[51, 34, 32, 5, 279, 20, 84, 71, 43, 103]"
120296,"[43, 13, 90, 238, 28, 119, 223, 27, 48, 44]"
120297,"[84, 157, 13, 90, 238, 28, 119, 223, 32, 103]"
120298,"[2, 72, 82, 27, 124, 112, 15, 71, 51, 9]"
120299,"[121, 6, 13, 90, 238, 28, 119, 223, 48, 43]"
120300,"[2, 27, 5, 187, 220, 84, 9, 121, 10, 279]"
120301,"[220, 187, 13, 90, 238, 28, 119, 223, 112, 103]"
120302,"[64, 138, 238, 49, 72, 146, 92, 105, 90, 151]"
120303,"[44, 13, 90, 238, 28, 119, 223, 45, 48, 103]"
120304,"[238, 29, 13, 90, 28, 42, 119, 223, 146, 73]"
120305,"[51, 27, 58, 71, 121, 6, 13, 279, 90, 25]"
120306,"[151, 72, 82, 27, 138, 238, 15, 1, 146, 23]"
120307,"[55, 18, 238, 15, 72, 90, 13, 19, 28, 223]"
120308,"[4, 238, 13, 90, 28, 119, 223, 189, 142, 23]"
120309,"[220, 187, 13, 90, 238, 28, 119, 223, 261, 48]"
120310,"[25, 27, 6, 279, 157, 20, 21, 23, 1, 72]"
120311,"[72, 82, 138, 26, 18, 238, 64, 15, 92, 133]"
120312,"[2, 54, 1, 23, 30, 6, 84, 5, 130, 43]"
120313,"[18, 72, 138, 82, 238, 64, 66, 122, 92, 146]"
120314,"[17, 73, 13, 279, 90, 238, 28, 91, 119, 32]"
120315,"[26, 6, 38, 12, 73, 146, 72, 133, 147, 14]"
120316,"[76, 13, 90, 238, 28, 157, 119, 223, 103, 20]"
120317,"[14, 21, 147, 23, 238, 90, 13, 28, 223, 187]"
120318,"[27, 73, 15, 138, 189, 238, 151, 72, 97, 64]"
120319,"[55, 238, 18, 13, 90, 28, 26, 119, 223, 19]"
120320,"[124, 2, 6, 58, 261, 25, 121, 279, 71, 12]"
120321,"[71, 27, 30, 9, 279, 124, 25, 41, 2, 13]"
120322,"[122, 13, 90, 238, 28, 119, 15, 223, 44, 48]"
120323,"[54, 279, 27, 71, 82, 72, 9, 20, 32, 105]"
120324,"[103, 27, 13, 90, 238, 28, 119, 279, 223, 48]"
120325,"[45, 13, 73, 90, 238, 28, 58, 119, 223, 12]"
120326,"[66, 21, 13, 238, 72, 90, 15, 28, 223, 119]"
120327,"[261, 13, 90, 238, 28, 119, 223, 103, 48, 146]"
120328,"[238, 223, 90, 13, 28, 60, 133, 119, 138, 146]"
120329,"[72, 82, 15, 138, 73, 238, 18, 64, 66, 189]"
120330,"[17, 42, 29, 73, 279, 238, 13, 90, 28, 119]"
120331,"[133, 58, 73, 238, 13, 90, 26, 28, 119, 223]"
120332,"[36, 157, 21, 147, 238, 23, 20, 261, 223, 279]"
120333,"[77, 138, 238, 73, 146, 64, 2, 72, 92, 105]"
120334,"[19, 238, 77, 90, 28, 138, 13, 72, 21, 223]"
120335,"[34, 13, 90, 238, 28, 119, 187, 223, 220, 48]"
120336,"[27, 6, 82, 72, 279, 51, 151, 13, 90, 28]"
120337,"[27, 279, 54, 9, 124, 142, 77, 149, 13, 105]"
120338,"[24, 23, 14, 73, 12, 261, 60, 38, 147, 21]"
120339,"[146, 261, 238, 14, 60, 23, 90, 13, 28, 223]"
120340,"[77, 138, 238, 64, 15, 72, 146, 92, 105, 55]"
120341,"[6, 27, 58, 71, 15, 12, 124, 72, 13, 32]"
120342,"[0, 72, 82, 1, 23, 138, 238, 90, 146, 97]"
120343,"[71, 18, 72, 27, 58, 15, 82, 26, 279, 6]"
120344,"[14, 23, 147, 261, 157, 1, 238, 138, 60, 151]"
120345,"[151, 73, 49, 30, 138, 97, 58, 142, 261, 23]"
120346,"[64, 73, 1, 23, 72, 58, 12, 138, 15, 18]"
120347,"[122, 238, 13, 90, 149, 28, 223, 119, 44, 55]"
120348,"[27, 279, 157, 9, 45, 21, 124, 149, 142, 51]"
120349,"[175, 60, 238, 90, 138, 28, 23, 13, 147, 223]"
120350,"[36, 147, 238, 157, 13, 90, 261, 28, 223, 279]"
120351,"[25, 27, 9, 279, 51, 45, 105, 76, 189, 97]"
120352,"[220, 187, 13, 90, 238, 28, 119, 223, 32, 103]"
120353,"[5, 54, 1, 23, 72, 82, 2, 27, 34, 13]"
120354,"[5, 6, 27, 13, 90, 279, 238, 28, 119, 223]"
120355,"[91, 73, 130, 97, 238, 138, 90, 28, 13, 223]"
120356,"[3, 30, 15, 73, 130, 29, 91, 77, 175, 105]"
120357,"[175, 238, 90, 28, 13, 138, 223, 119, 146, 6]"
120358,"[175, 157, 238, 90, 28, 13, 223, 138, 119, 146]"
120359,"[149, 238, 13, 90, 157, 21, 28, 223, 119, 124]"
120360,"[23, 14, 238, 60, 147, 1, 261, 90, 279, 28]"
120361,"[90, 13, 238, 28, 34, 119, 223, 189, 48, 146]"
120362,"[25, 2, 1, 23, 27, 71, 238, 13, 90, 28]"
120363,"[1, 23, 73, 138, 72, 238, 92, 30, 175, 146]"
120364,"[279, 27, 13, 23, 90, 238, 28, 147, 48, 119]"
120365,"[6, 18, 72, 73, 82, 2, 71, 13, 90, 28]"
120366,"[1, 23, 64, 138, 238, 72, 97, 261, 146, 92]"
120367,"[97, 0, 138, 157, 238, 151, 146, 64, 92, 105]"
120368,"[92, 73, 26, 72, 15, 18, 138, 64, 238, 82]"
120369,"[220, 187, 73, 42, 49, 17, 24, 30, 23, 142]"
120370,"[189, 77, 21, 13, 82, 90, 238, 72, 223, 157]"
120371,"[4, 238, 13, 90, 28, 119, 223, 36, 146, 48]"
120372,"[138, 238, 15, 64, 151, 72, 30, 105, 92, 26]"
120373,"[4, 23, 13, 238, 90, 28, 60, 49, 119, 223]"
120374,"[82, 72, 138, 77, 238, 105, 146, 0, 64, 92]"
120375,"[64, 1, 18, 58, 23, 138, 72, 238, 26, 6]"
120376,"[92, 72, 27, 138, 82, 77, 238, 105, 15, 146]"
120377,"[189, 157, 77, 21, 175, 223, 238, 90, 13, 28]"
120378,"[21, 157, 187, 147, 238, 261, 223, 14, 138, 90]"
120379,"[64, 72, 82, 77, 138, 189, 238, 105, 146, 5]"
120380,"[0, 157, 138, 147, 36, 151, 26, 97, 64, 238]"
120381,"[105, 147, 138, 97, 49, 151, 0, 36, 238, 92]"
120382,"[54, 6, 27, 279, 13, 90, 238, 28, 48, 119]"
120383,"[25, 73, 27, 49, 58, 26, 6, 71, 30, 91]"
120384,"[30, 138, 72, 73, 238, 82, 77, 15, 64, 105]"
120385,"[124, 73, 25, 261, 9, 147, 54, 279, 29, 97]"
120386,"[60, 157, 23, 238, 138, 90, 28, 223, 13, 146]"
120387,"[9, 279, 84, 71, 124, 44, 34, 15, 149, 27]"
120388,"[45, 261, 13, 90, 238, 28, 119, 147, 223, 58]"
120389,"[66, 21, 72, 12, 122, 138, 238, 54, 279, 19]"
120390,"[130, 49, 220, 187, 23, 1, 30, 43, 54, 24]"
120391,"[142, 54, 4, 13, 238, 90, 28, 23, 119, 223]"
120392,"[261, 13, 90, 238, 28, 119, 223, 21, 187, 20]"
120393,"[66, 13, 238, 90, 28, 189, 119, 223, 34, 48]"
120394,"[97, 49, 147, 138, 238, 72, 92, 30, 82, 6]"
120395,"[238, 19, 13, 90, 28, 189, 223, 119, 84, 149]"
120396,"[14, 23, 24, 60, 142, 73, 38, 238, 12, 90]"
120397,"[9, 27, 279, 71, 15, 54, 51, 12, 2, 42]"
120398,"[97, 138, 238, 105, 64, 72, 146, 15, 92, 18]"
120399,"[82, 72, 138, 238, 97, 0, 146, 64, 92, 105]"
120400,"[82, 72, 18, 238, 15, 138, 149, 71, 64, 1]"
120401,"[121, 13, 90, 238, 28, 119, 223, 48, 103, 146]"
120402,"[25, 27, 279, 71, 13, 6, 2, 90, 28, 238]"
120403,"[72, 82, 138, 49, 189, 238, 146, 64, 15, 92]"
120404,"[13, 90, 238, 28, 119, 223, 58, 187, 220, 48]"
120405,"[3, 1, 23, 72, 82, 21, 279, 2, 20, 77]"
120406,"[124, 71, 5, 54, 9, 34, 17, 84, 18, 13]"
120407,"[20, 13, 90, 238, 28, 119, 223, 54, 27, 279]"
120408,"[122, 238, 90, 13, 28, 157, 223, 77, 119, 4]"
120409,"[27, 157, 13, 90, 119, 238, 28, 21, 223, 189]"
120410,"[220, 187, 13, 90, 58, 238, 28, 261, 119, 48]"
120411,"[73, 30, 261, 220, 187, 97, 0, 48, 151, 121]"
120412,"[34, 187, 13, 220, 90, 238, 28, 119, 54, 223]"
120413,"[175, 238, 90, 13, 28, 223, 119, 146, 138, 48]"
120414,"[15, 18, 72, 138, 238, 9, 146, 1, 90, 28]"
120415,"[30, 71, 147, 138, 26, 151, 238, 72, 92, 146]"
120416,"[23, 60, 279, 14, 147, 238, 138, 146, 1, 90]"
120417,"[72, 82, 26, 18, 138, 15, 6, 238, 64, 92]"
120418,"[29, 13, 90, 261, 238, 28, 119, 223, 48, 76]"
120419,"[175, 147, 157, 238, 90, 13, 28, 45, 223, 119]"
120420,"[220, 187, 43, 13, 12, 90, 238, 121, 28, 261]"
120421,"[66, 238, 90, 138, 14, 28, 13, 223, 146, 147]"
120422,"[43, 13, 90, 238, 28, 119, 187, 220, 58, 261]"
120423,"[13, 238, 90, 28, 119, 223, 34, 84, 48, 146]"
120424,"[32, 58, 13, 90, 238, 28, 119, 223, 73, 12]"
120425,"[36, 13, 90, 238, 28, 119, 223, 34, 32, 48]"
120426,"[82, 72, 18, 138, 15, 149, 238, 58, 64, 146]"
120427,"[223, 238, 13, 90, 28, 119, 4, 55, 146, 48]"
120428,"[97, 138, 73, 91, 238, 60, 121, 12, 38, 133]"
120429,"[29, 13, 73, 90, 238, 28, 119, 223, 261, 48]"
120430,"[189, 157, 238, 13, 147, 90, 77, 223, 28, 54]"
120431,"[49, 73, 138, 220, 187, 23, 72, 60, 238, 30]"
120432,"[30, 1, 23, 138, 34, 238, 72, 146, 64, 92]"
120433,"[121, 187, 220, 13, 90, 238, 28, 119, 223, 58]"
120434,"[66, 238, 23, 90, 13, 28, 14, 60, 223, 119]"
120435,"[119, 13, 90, 238, 28, 223, 48, 103, 76, 146]"
120436,"[48, 13, 238, 90, 28, 119, 223, 261, 32, 146]"
120437,"[238, 90, 13, 28, 223, 119, 146, 138, 48, 103]"
120438,"[44, 13, 90, 238, 28, 119, 223, 34, 279, 48]"
120439,"[15, 72, 138, 238, 146, 1, 64, 23, 92, 105]"
120440,"[2, 27, 9, 18, 72, 279, 82, 51, 189, 15]"
120441,"[44, 6, 13, 54, 90, 238, 28, 119, 223, 32]"
120442,"[66, 72, 157, 82, 13, 90, 238, 28, 15, 149]"
120443,"[14, 23, 1, 279, 238, 138, 60, 32, 72, 90]"
120444,"[133, 147, 26, 220, 238, 187, 138, 90, 28, 146]"
120445,"[27, 279, 149, 1, 2, 23, 32, 142, 84, 71]"
120446,"[13, 90, 238, 28, 119, 223, 103, 48, 44, 34]"
120447,"[19, 238, 90, 28, 13, 77, 223, 138, 119, 189]"
120448,"[103, 13, 90, 238, 28, 119, 279, 21, 223, 20]"
120449,"[17, 261, 60, 279, 238, 23, 90, 13, 28, 14]"
120450,"[54, 279, 14, 261, 12, 23, 220, 138, 41, 72]"
120451,"[45, 261, 13, 147, 90, 238, 28, 119, 223, 12]"
120452,"[44, 72, 13, 82, 18, 90, 238, 28, 58, 119]"
120453,"[261, 13, 90, 238, 28, 119, 223, 48, 21, 147]"
120454,"[149, 238, 157, 90, 13, 28, 223, 138, 119, 146]"
120455,"[223, 238, 13, 90, 28, 189, 119, 146, 48, 142]"
120456,"[13, 90, 238, 28, 119, 27, 223, 48, 76, 103]"
120457,"[49, 138, 238, 105, 72, 146, 64, 92, 97, 151]"
120458,"[2, 27, 18, 9, 15, 279, 51, 71, 72, 112]"
120459,"[43, 13, 90, 238, 28, 58, 119, 45, 187, 223]"
120460,"[238, 157, 28, 90, 13, 21, 279, 223, 119, 32]"
120461,"[27, 279, 6, 142, 13, 90, 28, 238, 124, 119]"
120462,"[43, 13, 187, 220, 90, 238, 28, 119, 223, 121]"
120463,"[175, 60, 238, 138, 90, 23, 28, 146, 223, 13]"
120464,"[1, 23, 72, 82, 54, 21, 138, 77, 15, 238]"
120465,"[72, 105, 82, 15, 189, 138, 73, 64, 238, 91]"
120466,"[12, 13, 90, 238, 28, 119, 223, 44, 103, 48]"
120467,"[175, 238, 13, 90, 28, 223, 151, 119, 261, 147]"
120468,"[279, 23, 238, 138, 72, 146, 90, 28, 133, 223]"
120469,"[105, 157, 2, 138, 72, 15, 9, 238, 1, 64]"
120470,"[3, 2, 9, 124, 1, 15, 23, 238, 13, 90]"
120471,"[73, 3, 91, 82, 72, 19, 17, 71, 38, 13]"
120472,"[91, 72, 82, 15, 18, 54, 71, 3, 17, 64]"
120473,"[149, 147, 238, 90, 28, 138, 13, 223, 45, 146]"
120474,"[44, 13, 90, 238, 28, 119, 223, 48, 103, 146]"
120475,"[13, 90, 238, 28, 189, 45, 119, 223, 76, 48]"
120476,"[13, 90, 261, 238, 28, 119, 223, 20, 279, 48]"
120477,"[73, 1, 23, 2, 279, 20, 261, 77, 72, 51]"
120478,"[38, 238, 138, 90, 28, 13, 223, 146, 157, 119]"
120479,"[28, 21, 238, 13, 90, 119, 15, 19, 223, 189]"
120480,"[7, 138, 147, 238, 133, 14, 157, 146, 38, 64]"
120481,"[189, 223, 73, 13, 238, 90, 28, 119, 21, 48]"
120482,"[20, 13, 90, 238, 28, 119, 54, 223, 84, 34]"
120483,"[64, 138, 238, 72, 146, 92, 105, 97, 151, 55]"
120484,"[18, 73, 72, 138, 2, 238, 1, 23, 146, 64]"
120485,"[238, 90, 13, 28, 60, 223, 119, 23, 279, 32]"
120486,"[97, 138, 1, 238, 72, 23, 18, 82, 146, 64]"
120487,"[147, 157, 238, 23, 138, 189, 223, 90, 28, 29]"
120488,"[103, 13, 90, 238, 28, 119, 54, 223, 32, 84]"
120489,"[220, 187, 13, 90, 238, 28, 119, 54, 23, 223]"
120490,"[189, 238, 90, 13, 28, 223, 119, 34, 146, 19]"
120491,"[18, 72, 27, 1, 23, 138, 157, 238, 2, 21]"
120492,"[29, 13, 238, 90, 28, 73, 119, 223, 48, 146]"
120493,"[124, 6, 2, 1, 23, 72, 84, 138, 238, 279]"
120494,"[30, 1, 23, 138, 238, 72, 60, 54, 7, 146]"
120495,"[92, 138, 238, 27, 1, 2, 23, 146, 64, 72]"
120496,"[64, 138, 23, 238, 1, 72, 146, 151, 49, 0]"
120497,"[24, 147, 23, 238, 138, 157, 90, 21, 28, 38]"
120498,"[220, 187, 49, 54, 1, 23, 30, 43, 130, 10]"
120499,"[1, 64, 23, 138, 238, 72, 146, 92, 105, 97]"
120500,"[189, 157, 238, 147, 90, 13, 28, 223, 119, 175]"
120501,"[60, 23, 24, 142, 1, 49, 151, 13, 90, 238]"
120502,"[105, 72, 138, 82, 238, 92, 97, 146, 64, 73]"
120503,"[17, 73, 38, 12, 48, 92, 58, 133, 55, 72]"
120504,"[64, 138, 1, 23, 238, 72, 92, 146, 105, 133]"
120505,"[60, 23, 13, 90, 238, 28, 119, 223, 34, 142]"
120506,"[2, 54, 18, 1, 27, 84, 13, 23, 34, 90]"
120507,"[64, 138, 73, 238, 72, 30, 151, 97, 146, 92]"
120508,"[64, 138, 238, 146, 72, 90, 92, 28, 105, 151]"
120509,"[146, 238, 72, 18, 26, 90, 13, 28, 223, 149]"
120510,"[18, 72, 138, 238, 0, 151, 146, 90, 28, 97]"
120511,"[58, 13, 90, 32, 238, 28, 60, 119, 223, 261]"
120512,"[149, 72, 18, 26, 238, 13, 82, 90, 28, 157]"
120513,"[124, 27, 54, 189, 9, 51, 77, 279, 112, 84]"
120514,"[29, 13, 34, 119, 90, 238, 28, 223, 19, 84]"
120515,"[12, 13, 90, 238, 28, 119, 6, 58, 223, 48]"
120516,"[149, 13, 238, 90, 157, 28, 119, 223, 146, 84]"
120517,"[66, 13, 238, 90, 28, 149, 119, 223, 18, 71]"
120518,"[60, 23, 238, 13, 90, 28, 119, 223, 146, 32]"
120519,"[34, 13, 90, 238, 28, 119, 223, 84, 48, 2]"
120520,"[66, 72, 82, 19, 15, 189, 238, 122, 55, 149]"
120521,"[4, 13, 90, 238, 28, 119, 223, 24, 142, 34]"
120522,"[73, 91, 261, 151, 30, 14, 130, 24, 21, 23]"
120523,"[82, 72, 138, 26, 238, 92, 146, 6, 64, 105]"
120524,"[220, 187, 54, 13, 90, 28, 238, 23, 119, 223]"
120525,"[54, 220, 23, 187, 1, 279, 2, 60, 14, 49]"
120526,"[82, 72, 138, 18, 15, 71, 238, 64, 92, 105]"
120527,"[220, 187, 54, 13, 90, 238, 28, 119, 223, 23]"
120528,"[64, 1, 23, 73, 91, 138, 72, 12, 133, 238]"
120529,"[92, 23, 138, 1, 279, 238, 261, 0, 72, 77]"
120530,"[189, 238, 90, 28, 13, 19, 223, 138, 119, 146]"
120531,"[1, 23, 72, 138, 73, 238, 0, 97, 92, 82]"
120532,"[1, 23, 73, 27, 138, 72, 15, 238, 105, 151]"
120533,"[58, 12, 187, 220, 26, 72, 13, 90, 238, 28]"
120534,"[41, 73, 58, 187, 220, 0, 49, 6, 25, 91]"
120535,"[72, 82, 138, 238, 27, 77, 18, 90, 146, 28]"
120536,"[41, 220, 187, 82, 72, 58, 261, 12, 73, 6]"
120537,"[1, 23, 138, 73, 2, 30, 49, 238, 130, 72]"
120538,"[54, 1, 23, 49, 2, 5, 10, 84, 7, 72]"
120539,"[9, 27, 279, 15, 72, 82, 124, 105, 77, 71]"
120540,"[279, 9, 157, 23, 27, 21, 103, 13, 29, 90]"
120541,"[119, 13, 90, 238, 28, 223, 32, 44, 103, 84]"
120542,"[149, 21, 157, 238, 13, 90, 28, 223, 1, 23]"
120543,"[147, 157, 238, 138, 23, 223, 36, 90, 77, 28]"
120544,"[64, 72, 82, 15, 18, 138, 238, 146, 92, 90]"
120545,"[54, 27, 279, 112, 189, 12, 45, 51, 44, 82]"
120546,"[220, 187, 73, 13, 90, 238, 28, 58, 119, 26]"
120547,"[19, 157, 238, 90, 13, 28, 223, 119, 138, 146]"
120548,"[54, 49, 279, 34, 84, 5, 24, 71, 2, 29]"
120549,"[124, 261, 27, 9, 54, 279, 48, 41, 151, 149]"
120550,"[32, 44, 13, 9, 90, 149, 28, 238, 119, 223]"
120551,"[121, 73, 13, 90, 238, 28, 261, 119, 223, 14]"
120552,"[1, 23, 72, 138, 30, 49, 238, 0, 124, 97]"
120553,"[60, 23, 1, 157, 24, 238, 49, 13, 90, 220]"
120554,"[14, 21, 23, 157, 238, 138, 187, 90, 223, 20]"
120555,"[21, 187, 238, 138, 32, 4, 223, 279, 7, 23]"
120556,"[21, 157, 189, 238, 13, 27, 90, 28, 223, 119]"
120557,"[19, 238, 72, 15, 90, 13, 28, 32, 66, 55]"
120558,"[32, 13, 90, 238, 28, 18, 119, 223, 15, 48]"
120559,"[25, 6, 220, 187, 12, 26, 24, 23, 261, 43]"
120560,"[151, 97, 261, 0, 14, 21, 138, 147, 91, 41]"
120561,"[220, 187, 13, 58, 90, 238, 28, 119, 223, 121]"
120562,"[41, 9, 27, 2, 12, 279, 5, 20, 71, 34]"
120563,"[122, 26, 238, 90, 138, 6, 28, 13, 146, 72]"
120564,"[151, 147, 26, 49, 45, 138, 97, 0, 72, 261]"
120565,"[119, 13, 90, 238, 28, 223, 48, 261, 27, 103]"
120566,"[279, 157, 9, 13, 23, 27, 20, 90, 28, 189]"
120567,"[122, 147, 238, 138, 14, 90, 28, 60, 23, 146]"
120568,"[27, 279, 73, 45, 9, 25, 142, 151, 0, 97]"
120569,"[238, 90, 13, 28, 223, 119, 73, 146, 142, 138]"
120570,"[32, 13, 90, 238, 28, 119, 261, 223, 48, 279]"
120571,"[58, 60, 13, 261, 90, 238, 28, 48, 119, 223]"
120572,"[220, 187, 13, 90, 238, 28, 119, 147, 27, 223]"
120573,"[13, 90, 238, 28, 119, 223, 48, 146, 103, 34]"
120574,"[21, 187, 238, 90, 13, 28, 223, 119, 146, 138]"
120575,"[151, 73, 21, 138, 147, 41, 189, 238, 97, 24]"
120576,"[82, 72, 138, 27, 238, 151, 146, 30, 105, 64]"
120577,"[13, 238, 90, 28, 119, 223, 76, 146, 58, 48]"
120578,"[4, 13, 238, 90, 157, 28, 119, 223, 36, 15]"
120579,"[91, 13, 238, 90, 130, 28, 119, 223, 3, 48]"
120580,"[51, 73, 9, 25, 2, 43, 91, 279, 5, 26]"
120581,"[23, 1, 238, 13, 90, 32, 28, 149, 279, 223]"
120582,"[25, 58, 261, 2, 6, 187, 220, 238, 48, 133]"
120583,"[34, 13, 261, 90, 238, 28, 119, 223, 48, 32]"
120584,"[151, 72, 82, 138, 189, 97, 0, 105, 77, 238]"
120585,"[103, 13, 90, 238, 28, 119, 45, 223, 48, 76]"
120586,"[66, 157, 238, 90, 13, 28, 223, 119, 146, 138]"
120587,"[119, 13, 90, 238, 28, 223, 48, 43, 103, 32]"
120588,"[90, 238, 13, 28, 119, 223, 146, 48, 103, 142]"
120589,"[157, 175, 147, 21, 238, 36, 138, 223, 90, 28]"
120590,"[43, 220, 187, 261, 13, 90, 238, 28, 119, 223]"
120591,"[34, 13, 90, 238, 28, 119, 223, 49, 48, 187]"
120592,"[18, 72, 138, 73, 238, 91, 38, 133, 12, 55]"
120593,"[17, 32, 12, 15, 66, 18, 122, 44, 19, 72]"
120594,"[19, 189, 238, 138, 23, 21, 1, 90, 28, 146]"
120595,"[26, 72, 138, 238, 77, 82, 105, 146, 64, 92]"
120596,"[90, 13, 238, 28, 119, 223, 45, 189, 97, 76]"
120597,"[27, 142, 238, 13, 90, 28, 119, 223, 279, 146]"
120598,"[1, 23, 72, 27, 82, 15, 18, 77, 189, 175]"
120599,"[2, 73, 25, 9, 91, 261, 26, 279, 72, 45]"
120600,"[220, 187, 13, 90, 23, 238, 28, 119, 73, 26]"
120601,"[66, 21, 238, 60, 90, 28, 13, 138, 223, 23]"
120602,"[149, 12, 21, 238, 138, 23, 72, 15, 122, 55]"
120603,"[41, 27, 279, 124, 54, 77, 13, 90, 28, 238]"
120604,"[43, 13, 90, 238, 28, 119, 223, 48, 103, 6]"
120605,"[19, 72, 26, 82, 15, 238, 17, 55, 66, 38]"
120606,"[5, 27, 54, 72, 82, 34, 2, 1, 15, 84]"
120607,"[84, 13, 90, 187, 238, 220, 28, 34, 119, 223]"
120608,"[151, 72, 82, 138, 1, 23, 238, 64, 146, 92]"
120609,"[82, 72, 18, 15, 238, 149, 138, 71, 90, 28]"
120610,"[91, 73, 30, 27, 130, 45, 97, 49, 3, 151]"
120611,"[103, 157, 9, 13, 90, 238, 28, 119, 223, 21]"
120612,"[30, 24, 23, 1, 49, 138, 238, 142, 130, 73]"
120613,"[220, 187, 13, 90, 238, 28, 119, 23, 49, 223]"
120614,"[1, 23, 30, 72, 138, 49, 142, 238, 4, 146]"
120615,"[6, 27, 73, 9, 2, 279, 51, 41, 91, 105]"
120616,"[24, 54, 30, 28, 220, 187, 238, 23, 13, 90]"
120617,"[64, 72, 1, 18, 23, 82, 15, 138, 238, 6]"
120618,"[133, 72, 238, 90, 82, 28, 13, 138, 122, 26]"
120619,"[92, 26, 72, 6, 138, 60, 82, 238, 261, 23]"
120620,"[4, 54, 23, 1, 157, 7, 13, 90, 28, 238]"
120621,"[38, 238, 90, 13, 28, 119, 223, 146, 138, 48]"
120622,"[17, 73, 12, 58, 14, 279, 38, 133, 13, 23]"
120623,"[13, 90, 238, 28, 58, 119, 223, 48, 103, 34]"
120624,"[133, 238, 138, 90, 28, 189, 21, 13, 146, 223]"
120625,"[119, 13, 90, 238, 28, 223, 32, 279, 43, 48]"
120626,"[36, 238, 13, 90, 66, 28, 223, 119, 55, 146]"
120627,"[32, 26, 13, 73, 90, 238, 28, 119, 223, 187]"
120628,"[122, 238, 13, 90, 28, 119, 223, 189, 146, 48]"
120629,"[25, 27, 261, 147, 54, 48, 97, 13, 279, 90]"
120630,"[2, 187, 220, 30, 49, 121, 45, 124, 5, 43]"
120631,"[20, 27, 13, 90, 238, 28, 119, 223, 48, 279]"
120632,"[55, 157, 238, 13, 90, 28, 223, 119, 149, 15]"
120633,"[17, 73, 91, 38, 58, 55, 19, 42, 72, 3]"
120634,"[41, 27, 82, 72, 261, 6, 9, 73, 147, 279]"
120635,"[1, 23, 138, 30, 18, 72, 238, 151, 105, 92]"
120636,"[261, 13, 45, 90, 238, 28, 119, 58, 223, 48]"
120637,"[34, 1, 23, 13, 90, 54, 28, 238, 119, 84]"
120638,"[9, 45, 279, 124, 41, 25, 261, 76, 51, 42]"
120639,"[29, 157, 36, 27, 13, 90, 119, 238, 28, 20]"
120640,"[220, 187, 58, 13, 90, 238, 28, 45, 119, 223]"
120641,"[73, 26, 12, 91, 72, 151, 58, 38, 30, 18]"
120642,"[73, 146, 60, 12, 261, 26, 23, 32, 238, 38]"
120643,"[66, 12, 238, 72, 13, 90, 28, 32, 279, 223]"
120644,"[9, 27, 279, 6, 51, 82, 72, 97, 13, 112]"
120645,"[238, 13, 90, 28, 223, 119, 157, 32, 1, 23]"
120646,"[7, 23, 1, 54, 220, 187, 238, 24, 13, 90]"
120647,"[2, 1, 23, 54, 187, 220, 72, 34, 5, 82]"
120648,"[220, 187, 13, 90, 238, 28, 119, 223, 32, 48]"
120649,"[261, 13, 279, 90, 238, 28, 119, 147, 223, 54]"
120650,"[105, 73, 138, 261, 97, 238, 151, 189, 14, 21]"
120651,"[2, 54, 5, 34, 49, 30, 1, 27, 84, 23]"
120652,"[238, 90, 138, 28, 13, 223, 146, 119, 55, 48]"
120653,"[27, 6, 82, 72, 279, 2, 238, 13, 90, 28]"
120654,"[38, 73, 238, 13, 90, 28, 12, 119, 223, 146]"
120655,"[64, 72, 26, 15, 18, 82, 138, 71, 238, 157]"
120656,"[151, 23, 1, 73, 261, 49, 138, 72, 12, 97]"
120657,"[105, 15, 138, 72, 49, 64, 238, 82, 36, 92]"
120658,"[44, 13, 90, 238, 28, 119, 223, 48, 84, 189]"
120659,"[48, 13, 90, 238, 28, 119, 261, 223, 45, 76]"
120660,"[0, 26, 138, 72, 238, 49, 97, 30, 92, 146]"
120661,"[14, 23, 261, 13, 238, 189, 90, 28, 58, 1]"
120662,"[279, 238, 13, 90, 28, 23, 223, 119, 146, 189]"
120663,"[142, 220, 187, 30, 13, 238, 90, 49, 54, 28]"
120664,"[13, 90, 238, 28, 187, 220, 119, 223, 12, 103]"
120665,"[133, 238, 13, 90, 28, 119, 223, 146, 142, 48]"
120666,"[44, 13, 90, 238, 28, 119, 223, 48, 261, 103]"
120667,"[21, 157, 189, 29, 97, 90, 238, 27, 175, 223]"
120668,"[133, 73, 58, 189, 12, 238, 13, 90, 28, 6]"
120669,"[44, 13, 90, 238, 28, 119, 223, 32, 133, 279]"
120670,"[220, 187, 13, 27, 90, 238, 28, 119, 223, 147]"
120671,"[26, 146, 147, 238, 18, 6, 58, 90, 72, 28]"
120672,"[25, 6, 261, 49, 30, 58, 26, 91, 12, 38]"
120673,"[12, 13, 90, 238, 28, 119, 223, 103, 15, 48]"
120674,"[18, 72, 82, 1, 23, 138, 189, 2, 238, 21]"
120675,"[71, 27, 9, 30, 73, 2, 279, 29, 5, 3]"
120676,"[54, 279, 12, 13, 238, 90, 28, 119, 223, 76]"
120677,"[72, 82, 73, 3, 91, 15, 26, 21, 1, 133]"
120678,"[82, 72, 1, 3, 23, 77, 279, 29, 34, 0]"
120679,"[261, 13, 90, 238, 28, 119, 223, 48, 103, 6]"
120680,"[21, 27, 187, 77, 157, 147, 238, 223, 90, 13]"
120681,"[20, 23, 1, 13, 279, 90, 238, 28, 119, 223]"
120682,"[121, 13, 90, 238, 20, 28, 119, 32, 279, 223]"
120683,"[149, 238, 13, 90, 28, 119, 223, 45, 146, 48]"
120684,"[38, 45, 13, 90, 238, 28, 119, 223, 30, 133]"
120685,"[36, 147, 238, 13, 90, 54, 28, 223, 26, 119]"
120686,"[48, 13, 90, 238, 28, 147, 119, 223, 103, 76]"
120687,"[130, 220, 187, 73, 49, 30, 26, 23, 34, 1]"
120688,"[5, 54, 84, 2, 13, 90, 238, 28, 119, 15]"
120689,"[54, 279, 84, 82, 72, 4, 175, 157, 34, 71]"
120690,"[30, 73, 151, 138, 97, 26, 238, 91, 12, 72]"
120691,"[279, 27, 157, 20, 23, 13, 90, 9, 238, 28]"
120692,"[223, 13, 90, 238, 28, 119, 157, 27, 189, 48]"
120693,"[32, 12, 13, 44, 90, 238, 28, 119, 223, 261]"
120694,"[21, 119, 189, 13, 90, 238, 28, 20, 223, 103]"
120695,"[55, 157, 238, 90, 13, 28, 21, 223, 119, 146]"
120696,"[66, 58, 238, 13, 90, 28, 119, 223, 149, 32]"
120697,"[130, 2, 1, 23, 54, 34, 73, 84, 27, 5]"
120698,"[73, 54, 2, 84, 5, 121, 4, 10, 130, 238]"
120699,"[223, 238, 13, 90, 66, 28, 119, 146, 48, 103]"
120700,"[6, 58, 12, 26, 187, 220, 41, 72, 73, 54]"
120701,"[19, 58, 238, 13, 90, 28, 119, 223, 12, 146]"
120702,"[124, 73, 9, 25, 45, 151, 41, 105, 97, 29]"
120703,"[66, 238, 13, 90, 28, 119, 223, 149, 18, 58]"
120704,"[5, 73, 76, 13, 90, 238, 28, 3, 119, 223]"
120705,"[64, 26, 18, 72, 138, 6, 238, 92, 146, 15]"
120706,"[36, 13, 238, 90, 28, 223, 119, 55, 15, 17]"
120707,"[28, 238, 24, 13, 90, 66, 119, 223, 157, 149]"
120708,"[43, 220, 187, 13, 90, 238, 28, 119, 223, 60]"
120709,"[25, 6, 58, 187, 220, 24, 142, 261, 43, 12]"
120710,"[97, 0, 138, 18, 72, 151, 77, 27, 238, 147]"
120711,"[2, 27, 18, 9, 279, 13, 238, 71, 90, 28]"
120712,"[121, 220, 187, 13, 90, 54, 238, 28, 91, 119]"
120713,"[41, 220, 187, 12, 6, 0, 26, 43, 97, 23]"
120714,"[77, 72, 82, 138, 238, 1, 23, 146, 64, 97]"
120715,"[92, 138, 238, 105, 77, 0, 146, 72, 64, 279]"
120716,"[238, 13, 90, 223, 28, 119, 146, 48, 103, 149]"
120717,"[27, 279, 73, 25, 9, 45, 142, 51, 97, 0]"
120718,"[151, 147, 138, 261, 238, 97, 14, 72, 9, 0]"
120719,"[146, 238, 13, 90, 28, 119, 223, 189, 34, 48]"
120720,"[77, 72, 82, 138, 238, 92, 146, 90, 49, 28]"
120721,"[55, 238, 90, 13, 28, 223, 119, 142, 279, 189]"
120722,"[54, 1, 34, 2, 23, 279, 84, 27, 5, 44]"
120723,"[24, 14, 28, 23, 133, 238, 90, 138, 38, 13]"
120724,"[26, 72, 49, 138, 147, 238, 151, 30, 0, 92]"
120725,"[91, 73, 6, 38, 12, 92, 3, 149, 66, 133]"
120726,"[223, 13, 90, 238, 28, 119, 45, 48, 189, 103]"
120727,"[9, 279, 2, 27, 54, 34, 238, 71, 90, 28]"
120728,"[41, 6, 220, 187, 0, 58, 73, 49, 91, 23]"
120729,"[105, 27, 147, 138, 151, 261, 97, 238, 157, 0]"
120730,"[41, 6, 18, 13, 71, 90, 238, 28, 119, 27]"
120731,"[279, 21, 112, 27, 20, 23, 13, 157, 90, 119]"
120732,"[36, 238, 90, 13, 28, 60, 223, 119, 146, 147]"
120733,"[48, 220, 187, 13, 90, 238, 28, 119, 45, 223]"
120734,"[64, 1, 23, 72, 15, 138, 82, 73, 238, 38]"
120735,"[121, 220, 187, 13, 90, 238, 28, 119, 24, 223]"
120736,"[157, 238, 28, 13, 90, 223, 119, 21, 149, 15]"
120737,"[84, 23, 1, 13, 20, 90, 32, 28, 238, 279]"
120738,"[64, 1, 23, 138, 72, 15, 238, 32, 55, 19]"
120739,"[51, 73, 9, 45, 27, 25, 0, 97, 279, 151]"
120740,"[3, 91, 130, 73, 105, 151, 29, 13, 90, 238]"
120741,"[84, 220, 187, 54, 13, 23, 90, 28, 238, 1]"
120742,"[4, 23, 1, 13, 84, 90, 28, 238, 119, 34]"
120743,"[45, 13, 90, 157, 238, 28, 119, 223, 279, 20]"
120744,"[112, 13, 45, 90, 238, 28, 119, 223, 76, 103]"
120745,"[149, 238, 90, 13, 28, 223, 119, 146, 138, 48]"
120746,"[84, 1, 23, 157, 13, 2, 90, 238, 28, 32]"
120747,"[32, 13, 90, 28, 238, 119, 223, 45, 48, 103]"
120748,"[4, 13, 238, 90, 28, 119, 223, 146, 48, 103]"
120749,"[133, 58, 73, 238, 38, 13, 12, 90, 28, 6]"
120750,"[55, 72, 15, 238, 66, 82, 122, 13, 90, 28]"
120751,"[23, 1, 24, 220, 187, 60, 142, 49, 14, 58]"
120752,"[1, 23, 72, 138, 60, 220, 238, 187, 49, 26]"
