Index,Index_list
109776,"[47258, 88353, 29734, 54730, 82668, 94371, 19894, 52778, 5332, 83368]"
109777,"[105353, 106992, 67136, 28204, 98313, 5906, 53862, 97426, 10444, 8286]"
109778,"[31137, 98603, 103177, 38098, 73695, 1455, 34689, 89511, 96854, 50126]"
109779,"[37568, 48556, 35290, 4566, 72850, 103603, 70377, 33630, 34652, 33163]"
109780,"[96443, 106819, 84688, 9305, 49239, 3221, 41948, 62790, 106673, 1734]"
109781,"[102931, 90249, 51049, 37835, 97538, 103815, 97797, 46344, 58815, 38767]"
109782,"[87823, 54184, 56862, 18186, 80772, 58012, 80052, 82203, 36462, 3853]"
109783,"[12766, 42607, 80403, 42740, 22443, 49936, 79150, 58438, 101323, 88508]"
109784,"[91316, 84520, 105943, 22105, 51951, 104820, 49360, 83415, 18822, 91073]"
109785,"[5944, 4042, 28256, 107130, 79813, 12082, 19538, 9247, 31022, 30053]"
109786,"[3040, 21983, 40971, 28447, 42519, 47911, 802, 15735, 41681, 2431]"
109787,"[8810, 19953, 64219, 19879, 104274, 74337, 81404, 29624, 89976, 61295]"
109788,"[98268, 17230, 102449, 53264, 18777, 53349, 35844, 66796, 28345, 99821]"
109789,"[8660, 40067, 17036, 89026, 86273, 16118, 5455, 39645, 47322, 100567]"
109790,"[13407, 39452, 1365, 25403, 80926, 29227, 22956, 91795, 91225, 49843]"
109791,"[55335, 74038, 31806, 30987, 61520, 80044, 64490, 30616, 6492, 33617]"
109792,"[80661, 27365, 31903, 64489, 57190, 44471, 26788, 83467, 90934, 46073]"
109793,"[109644, 52385, 4383, 21434, 27363, 42976, 18517, 105702, 102849, 82273]"
109794,"[4441, 14140, 91080, 57694, 45230, 93782, 3301, 26579, 35412, 88749]"
109795,"[15187, 16728, 52636, 18858, 80487, 2168, 96767, 43133, 18598, 73212]"
109796,"[43271, 6342, 28479, 52119, 17482, 82204, 14222, 19383, 19115, 30100]"
109797,"[94401, 68214, 15944, 7812, 108338, 78194, 34964, 76109, 98098, 98125]"
109798,"[70616, 69551, 108395, 109122, 5326, 53378, 77597, 70926, 56095, 97807]"
109799,"[60252, 80731, 53019, 67994, 96339, 17841, 5663, 26899, 90422, 82917]"
109800,"[46465, 27454, 26751, 2306, 50932, 57139, 46070, 97692, 81477, 70072]"
109801,"[100361, 10089, 90925, 74139, 85051, 29125, 28497, 6346, 33643, 27020]"
109802,"[38958, 26000, 36890, 84713, 29294, 90602, 83550, 92979, 18895, 63043]"
109803,"[77486, 57636, 83477, 76676, 30151, 103406, 16062, 8471, 31172, 5794]"
109804,"[31025, 61312, 91757, 52110, 96601, 87847, 12234, 41334, 107337, 4238]"
109805,"[5400, 44305, 20161, 23904, 33212, 44064, 74124, 74435, 17637, 32741]"
109806,"[108948, 46122, 42127, 9765, 92585, 73255, 33956, 90665, 23674, 71614]"
109807,"[16587, 16387, 22276, 70528, 63910, 27659, 72575, 70296, 10391, 78771]"
109808,"[107829, 10343, 5758, 75390, 65598, 21192, 16492, 54753, 585, 86386]"
109809,"[56714, 69486, 46207, 93496, 27184, 24869, 31005, 28603, 78747, 66731]"
109810,"[16688, 83138, 95198, 27286, 9766, 36518, 14610, 98217, 61191, 107570]"
109811,"[108497, 45754, 61790, 89627, 31619, 56651, 6973, 107949, 89322, 80456]"
109812,"[71738, 103645, 71374, 36876, 2252, 9541, 70400, 87146, 49815, 50649]"
109813,"[82012, 84720, 88275, 30169, 24787, 19444, 10579, 69776, 19257, 80559]"
109814,"[108126, 46787, 65204, 48765, 64205, 2165, 75626, 43930, 11482, 39243]"
109815,"[65622, 41776, 101091, 52604, 48709, 101382, 31315, 27992, 27879, 81295]"
109816,"[69701, 17908, 63543, 308, 85274, 6239, 92690, 64382, 63738, 28628]"
109817,"[95107, 43556, 27451, 65329, 13833, 12077, 77570, 95202, 6913, 34980]"
109818,"[60389, 66348, 92275, 32134, 7726, 108003, 14602, 75368, 94915, 97230]"
109819,"[22473, 90983, 97032, 87273, 78890, 20480, 100933, 58666, 41884, 3960]"
109820,"[78980, 33284, 1493, 104946, 80602, 57369, 7573, 40670, 45795, 97355]"
109821,"[52763, 35474, 40662, 107150, 54170, 20553, 97269, 5371, 33098, 86759]"
109822,"[85889, 79226, 30030, 68921, 5490, 4377, 94923, 109658, 54956, 3048]"
109823,"[19383, 12595, 91059, 79448, 39434, 43271, 70273, 43942, 52119, 58052]"
109824,"[26438, 102042, 92575, 23253, 8453, 102780, 32444, 41460, 31373, 43635]"
109825,"[10589, 80509, 41240, 47653, 68908, 3343, 98059, 39193, 107260, 88784]"
109826,"[30745, 34289, 17993, 65587, 8408, 59965, 90795, 5114, 44199, 108848]"
109827,"[14364, 17024, 36767, 32800, 23591, 23740, 82444, 38085, 67570, 106833]"
109828,"[96879, 104755, 23273, 5064, 41300, 34065, 89284, 1862, 88578, 86829]"
109829,"[62848, 71430, 108742, 55961, 14106, 97403, 93327, 93203, 34322, 46671]"
109830,"[63875, 67879, 37566, 100881, 43565, 70168, 76743, 106530, 32622, 42584]"
109831,"[98544, 89877, 96007, 78038, 56870, 79295, 16652, 89431, 92397, 13482]"
109832,"[100179, 89632, 102381, 2921, 37575, 27364, 92202, 27498, 18546, 63597]"
109833,"[89764, 26747, 13676, 92613, 104106, 67379, 48884, 88917, 89989, 2851]"
109834,"[92885, 95558, 12038, 76053, 54613, 36402, 55326, 80332, 43073, 25685]"
109835,"[38323, 54543, 94740, 101185, 72293, 91750, 29348, 3888, 62741, 47852]"
109836,"[46937, 37776, 54023, 46271, 82682, 42125, 91688, 30505, 104064, 3356]"
109837,"[81523, 95753, 94190, 34839, 98385, 49955, 94837, 66826, 31335, 28999]"
109838,"[56692, 67503, 68787, 103272, 44621, 19389, 94244, 88576, 12584, 77092]"
109839,"[13548, 90062, 58586, 62486, 55561, 18442, 64131, 5573, 100800, 104174]"
109840,"[28903, 90137, 90153, 27220, 38301, 4488, 20073, 91105, 77549, 46228]"
109841,"[22676, 61552, 4506, 5360, 35475, 54038, 45582, 55162, 59181, 21730]"
109842,"[33690, 104712, 17765, 74729, 21084, 11622, 9181, 89328, 105929, 57106]"
109843,"[27012, 83216, 47442, 45354, 21889, 81833, 94219, 68068, 35714, 30243]"
109844,"[23610, 109331, 43170, 17111, 51300, 18322, 103631, 5831, 52765, 84672]"
109845,"[99743, 74981, 50836, 29832, 81425, 79553, 35811, 67666, 104400, 56843]"
109846,"[22645, 66415, 47755, 94917, 64849, 66745, 16549, 18565, 9453, 51689]"
109847,"[59316, 75760, 20800, 96484, 25381, 65453, 90520, 9787, 75160, 66022]"
109848,"[92508, 66917, 70342, 11829, 92914, 67532, 35058, 106990, 72169, 108901]"
109849,"[17608, 75747, 64843, 59707, 31275, 84284, 55545, 89994, 35399, 16479]"
109850,"[3765, 97157, 56994, 30070, 20729, 23515, 25588, 85696, 68270, 41674]"
109851,"[70686, 88604, 78759, 29563, 94545, 82477, 67284, 51350, 4812, 1227]"
109852,"[41219, 88398, 22515, 98484, 54706, 19527, 57539, 9073, 88241, 7834]"
109853,"[54222, 98531, 109283, 23062, 20443, 106859, 79682, 79930, 92338, 19236]"
109854,"[100548, 58718, 55241, 15891, 70046, 54508, 31229, 8906, 35358, 14509]"
109855,"[105176, 33751, 16047, 22203, 39040, 10319, 67111, 83757, 53230, 49098]"
109856,"[23754, 23546, 67681, 7340, 86327, 103118, 62432, 65320, 29813, 79854]"
109857,"[5586, 15125, 54142, 30620, 33371, 18715, 50493, 97234, 88343, 30567]"
109858,"[30299, 65543, 51450, 52332, 85262, 73606, 100228, 80414, 44188, 76148]"
109859,"[96052, 72296, 47946, 57232, 18505, 84606, 82531, 34205, 88727, 42749]"
109860,"[8488, 57646, 21117, 17767, 30546, 77067, 23221, 10927, 2063, 23449]"
109861,"[7114, 34933, 28794, 30305, 11645, 104893, 6717, 68282, 54104, 80958]"
109862,"[25232, 21615, 9769, 50469, 106272, 39212, 39686, 67768, 77688, 32185]"
109863,"[82917, 35067, 55656, 97419, 13030, 82103, 79755, 96882, 55734, 91989]"
109864,"[10780, 34614, 909, 38824, 30602, 28277, 35939, 40262, 40856, 48376]"
109865,"[9795, 39986, 34235, 12713, 12600, 8121, 22335, 87807, 54901, 76731]"
109866,"[735, 101052, 109266, 28917, 87291, 212, 101214, 79766, 87757, 67287]"
109867,"[82480, 14043, 26977, 40095, 55406, 101741, 12544, 36447, 84265, 8438]"
109868,"[8556, 47669, 25326, 74747, 59820, 46530, 18441, 5128, 37812, 3968]"
109869,"[87766, 23746, 14415, 58868, 5207, 3302, 13586, 39878, 71446, 60089]"
109870,"[66334, 74709, 35553, 20901, 31910, 57271, 59402, 20014, 102674, 37100]"
109871,"[2901, 69563, 68127, 23414, 100415, 46844, 6376, 9100, 103495, 83489]"
109872,"[59247, 98546, 70257, 62833, 70772, 109535, 71471, 73567, 106522, 109108]"
109873,"[9295, 56503, 49614, 494, 81939, 43978, 75349, 58555, 72476, 47199]"
109874,"[50977, 29370, 66622, 88669, 45449, 81578, 28870, 54424, 55807, 4170]"
109875,"[69146, 88694, 87663, 49803, 74654, 43069, 76225, 109311, 37335, 68617]"
109876,"[20164, 61920, 38106, 75049, 24633, 29442, 22183, 36737, 46579, 90209]"
109877,"[105026, 95920, 33641, 24567, 41926, 24389, 56693, 2916, 88927, 54301]"
109878,"[63665, 40117, 23167, 58655, 95885, 108159, 23152, 14744, 97867, 46827]"
109879,"[75952, 76092, 77468, 54267, 35792, 93467, 39552, 9224, 3797, 85463]"
109880,"[17941, 63475, 104550, 35368, 32984, 46888, 42709, 50368, 61183, 101776]"
109881,"[71813, 49856, 42736, 12661, 34051, 16654, 84917, 75082, 90210, 11836]"
109882,"[10713, 48912, 99741, 58879, 82602, 91683, 32573, 37824, 43432, 7464]"
109883,"[99446, 48360, 33277, 61006, 74755, 17156, 21349, 65153, 57424, 101171]"
109884,"[64283, 109007, 1772, 81702, 42113, 28992, 56149, 91275, 52331, 105834]"
109885,"[23869, 92788, 42403, 41524, 61288, 48960, 16685, 16806, 61745, 79616]"
109886,"[108718, 56972, 22575, 95272, 102280, 1382, 52448, 90325, 263, 95571]"
109887,"[101146, 23133, 90179, 17595, 68827, 66810, 49421, 52776, 101083, 45466]"
109888,"[84508, 34660, 50077, 88292, 96959, 47624, 65565, 70135, 12726, 32090]"
109889,"[40889, 100291, 89707, 73715, 28659, 22270, 68204, 56950, 54132, 82960]"
109890,"[36181, 90206, 79826, 27887, 66587, 104528, 66139, 56955, 98909, 42078]"
109891,"[65506, 68477, 10125, 21643, 92768, 80249, 70683, 99876, 107198, 61208]"
109892,"[65190, 68262, 77604, 66978, 70660, 89073, 70536, 94250, 64795, 97111]"
109893,"[77129, 6813, 55356, 82865, 15743, 95066, 82288, 47715, 32343, 53638]"
109894,"[106701, 31438, 78480, 62976, 37229, 93256, 53162, 11684, 96806, 59035]"
109895,"[18225, 107330, 65929, 35093, 96362, 22790, 103731, 52907, 3956, 94922]"
109896,"[109006, 9302, 45522, 74703, 85790, 86043, 23073, 105192, 29874, 94682]"
109897,"[45705, 103842, 29273, 24246, 96801, 12023, 48160, 47870, 1158, 88706]"
109898,"[40476, 49705, 22283, 16802, 36828, 85067, 99170, 10915, 16873, 55614]"
109899,"[23544, 15216, 53668, 66016, 76736, 88866, 41186, 74257, 34286, 59588]"
109900,"[46918, 97880, 70092, 6246, 69916, 20025, 98916, 48851, 98575, 92126]"
109901,"[98576, 22806, 27307, 51533, 21415, 97781, 328, 52144, 57870, 9954]"
109902,"[7883, 3522, 36451, 48137, 37832, 53149, 625, 38056, 83339, 101152]"
109903,"[37828, 33985, 10300, 17432, 93447, 20961, 5203, 50450, 2099, 40541]"
109904,"[55390, 89174, 36496, 62093, 92053, 97923, 55591, 34089, 31739, 90483]"
109905,"[50524, 101758, 61702, 68320, 12450, 36393, 100334, 82314, 99818, 97429]"
109906,"[91130, 78245, 76249, 55259, 17680, 20847, 57588, 65123, 59104, 106054]"
109907,"[21471, 49558, 64376, 38975, 15045, 89686, 3200, 18722, 34546, 95765]"
109908,"[1761, 17289, 84618, 54967, 67645, 89942, 26130, 45036, 93320, 10201]"
109909,"[70989, 22193, 62064, 4735, 39644, 35565, 40314, 42883, 36237, 99174]"
109910,"[22270, 29375, 100291, 28659, 102214, 92737, 68204, 50161, 56950, 93504]"
109911,"[92170, 74105, 71331, 39949, 16465, 59281, 40449, 50305, 24343, 31246]"
109912,"[79526, 34552, 33852, 47038, 50810, 5954, 80419, 86675, 56197, 47492]"
109913,"[95384, 82630, 44731, 102350, 44513, 98947, 86022, 98826, 11150, 44232]"
109914,"[61230, 61392, 53852, 81943, 36428, 26233, 31774, 38854, 64037, 106176]"
109915,"[109657, 21054, 101463, 99406, 98388, 90871, 80887, 21613, 43907, 70667]"
109916,"[93449, 12838, 1448, 46185, 96046, 37116, 74234, 14123, 13763, 107146]"
109917,"[39037, 85404, 57209, 8303, 74297, 68712, 60169, 29420, 71486, 49831]"
109918,"[89948, 30319, 98419, 101314, 57078, 22705, 72575, 109475, 52010, 35917]"
109919,"[108310, 52980, 69524, 27829, 13756, 60569, 63643, 86142, 27972, 9028]"
109920,"[105597, 64153, 59006, 86074, 15981, 107813, 16738, 71074, 106050, 105831]"
109921,"[31378, 90295, 36, 23228, 70644, 58311, 28121, 62611, 108602, 10921]"
109922,"[98992, 99749, 103269, 76762, 11910, 33791, 38139, 16164, 79684, 2097]"
109923,"[56767, 96252, 6830, 4686, 72249, 79912, 13936, 82231, 84940, 23887]"
109924,"[58758, 61749, 7026, 1857, 57840, 61017, 518, 15746, 36761, 17730]"
109925,"[36570, 81252, 96724, 50565, 6209, 51821, 37271, 52753, 11057, 59846]"
109926,"[567, 40491, 48077, 16310, 89876, 34837, 64045, 56719, 29730, 101318]"
109927,"[103098, 33679, 109497, 103507, 56948, 52726, 89021, 75424, 11071, 37794]"
109928,"[34774, 16756, 72748, 7331, 95293, 7566, 59806, 28074, 58323, 76098]"
109929,"[34026, 2, 87958, 31804, 55833, 4367, 9639, 100043, 7890, 23779]"
109930,"[104755, 5064, 34065, 41300, 96468, 96879, 73878, 21645, 15509, 72336]"
109931,"[107325, 4859, 3657, 86168, 66081, 94081, 8775, 50179, 38808, 43982]"
109932,"[83102, 33108, 97716, 11169, 55830, 87010, 4708, 94869, 17147, 24008]"
109933,"[76618, 22347, 88539, 94696, 98993, 18532, 95501, 16151, 80691, 53738]"
109934,"[66508, 105618, 71270, 48351, 72319, 12076, 107147, 34266, 30529, 86365]"
109935,"[66141, 59303, 24464, 481, 93895, 17069, 59546, 13282, 73183, 76217]"
109936,"[41714, 71708, 17683, 38382, 46463, 39813, 21433, 109356, 67607, 22793]"
109937,"[102189, 41012, 50716, 80784, 21592, 63166, 9432, 45211, 86921, 62426]"
109938,"[74241, 4255, 97171, 24158, 82517, 47997, 32231, 22359, 53263, 108216]"
109939,"[88354, 25212, 69005, 41591, 5141, 11306, 105635, 108239, 47696, 9974]"
109940,"[68351, 2170, 37653, 93887, 29173, 85455, 87805, 95510, 105892, 17331]"
109941,"[22452, 51749, 14458, 9506, 18683, 96190, 32886, 76386, 103138, 56891]"
109942,"[35100, 85628, 23358, 24501, 29257, 107788, 38331, 6753, 10990, 45423]"
109943,"[98165, 30701, 105162, 40475, 72068, 56014, 49203, 66497, 80138, 76602]"
109944,"[72240, 77855, 95265, 70828, 18105, 47285, 4529, 24540, 1014, 49091]"
109945,"[23365, 89498, 74591, 102899, 61234, 107538, 31226, 61170, 49330, 59671]"
109946,"[25008, 105007, 102684, 26289, 23847, 12854, 97492, 60617, 72291, 20378]"
109947,"[106617, 59666, 85267, 108874, 109238, 33497, 87098, 71995, 91289, 82293]"
109948,"[39906, 79010, 67549, 1220, 62042, 72457, 104958, 45989, 109682, 22907]"
109949,"[104247, 11246, 49019, 19366, 68748, 23632, 8492, 64975, 15947, 44793]"
109950,"[41023, 39475, 15206, 40451, 86401, 40964, 8095, 14367, 62399, 45672]"
109951,"[6517, 23048, 95451, 18646, 104807, 46632, 14081, 42062, 106793, 31061]"
109952,"[49173, 84515, 61189, 97262, 94586, 74617, 6303, 52065, 50224, 105871]"
109953,"[12512, 47421, 78507, 33080, 4751, 50976, 39469, 99439, 38310, 68818]"
109954,"[61350, 46862, 42599, 81275, 38294, 98515, 57481, 72357, 105340, 2859]"
109955,"[91347, 1120, 99373, 99111, 371, 95392, 105951, 92180, 59711, 33950]"
109956,"[18238, 53522, 97322, 102253, 11618, 10302, 12689, 79241, 10849, 10069]"
109957,"[83752, 69566, 64705, 101380, 72625, 61950, 97961, 90094, 55187, 109172]"
109958,"[53381, 72101, 39429, 21763, 95363, 99565, 44221, 23582, 50912, 80807]"
109959,"[70799, 100960, 23187, 98495, 75988, 59396, 64815, 46319, 12041, 107219]"
109960,"[25351, 5353, 4453, 66234, 87099, 26106, 52274, 98039, 57982, 76508]"
109961,"[81669, 15305, 34170, 27490, 20008, 95715, 66740, 73743, 72909, 12308]"
109962,"[104092, 68183, 75238, 82157, 83387, 57851, 84782, 106886, 66441, 96524]"
109963,"[71966, 29997, 104690, 26907, 96730, 79060, 13436, 5723, 87658, 36810]"
109964,"[36686, 29311, 54769, 38392, 99661, 82224, 11744, 20935, 18159, 10363]"
109965,"[38823, 14085, 86418, 63406, 3196, 95640, 62009, 100307, 17335, 61327]"
109966,"[79448, 19383, 13409, 12536, 12595, 30100, 91059, 43271, 70273, 43942]"
109967,"[19006, 109142, 46619, 29768, 12178, 98116, 89668, 14747, 44074, 2146]"
109968,"[26561, 92838, 6416, 69997, 91117, 14455, 70959, 27792, 108280, 68163]"
109969,"[100006, 98487, 109634, 80068, 84923, 32679, 104668, 56611, 99529, 44447]"
109970,"[21952, 97951, 19578, 80760, 102937, 60759, 2707, 24028, 96824, 10906]"
109971,"[29490, 18352, 99018, 66418, 49734, 99450, 33773, 6300, 18831, 96932]"
109972,"[31605, 82388, 107257, 54529, 95178, 102551, 57833, 90056, 49778, 74626]"
109973,"[26439, 20103, 12523, 22885, 6312, 8056, 45291, 90932, 74948, 76343]"
109974,"[78682, 15936, 9580, 71952, 39568, 109459, 54183, 17899, 77352, 14012]"
109975,"[36500, 108825, 43331, 18016, 97969, 55798, 33466, 3603, 3365, 1625]"
109976,"[75223, 2995, 38945, 11061, 43234, 76509, 65662, 85774, 6473, 12930]"
109977,"[102770, 93850, 63748, 100440, 43516, 88646, 6726, 54967, 31830, 9579]"
109978,"[34690, 81477, 57994, 17162, 37034, 64126, 50898, 74853, 80981, 28807]"
109979,"[29620, 41297, 48215, 54091, 73385, 99288, 42335, 44057, 49833, 3980]"
109980,"[73279, 105099, 88749, 1885, 81228, 96285, 50554, 103367, 9515, 17645]"
109981,"[13903, 61288, 21226, 41524, 16379, 7774, 40237, 10686, 16704, 84602]"
109982,"[48776, 25235, 72568, 19320, 42716, 62905, 43612, 8046, 18663, 13151]"
109983,"[39319, 45157, 96787, 59632, 97520, 39820, 91917, 62916, 61763, 98907]"
109984,"[89903, 22647, 25359, 4046, 49227, 62373, 325, 55448, 83615, 5383]"
109985,"[12432, 1513, 76628, 35865, 97514, 100051, 28745, 7306, 73767, 102850]"
109986,"[45977, 55500, 12700, 26554, 39474, 53143, 81025, 79631, 19373, 26838]"
109987,"[54994, 13321, 71947, 74045, 33559, 46851, 43241, 64119, 45617, 554]"
109988,"[21578, 24612, 27788, 68107, 67804, 106813, 43547, 89882, 50935, 85763]"
109989,"[70537, 96296, 8885, 17417, 61952, 82489, 13208, 58309, 62528, 76591]"
109990,"[9743, 34274, 21367, 20543, 85833, 93302, 11187, 102422, 58146, 107533]"
109991,"[48676, 108685, 8858, 97192, 29419, 102094, 8946, 4886, 40979, 35122]"
109992,"[25922, 9558, 64875, 33424, 87619, 9811, 16174, 23489, 25829, 37492]"
109993,"[80894, 73818, 65207, 84525, 26894, 72272, 7628, 92516, 57304, 7791]"
109994,"[101876, 88676, 2159, 61983, 8808, 42727, 78874, 273, 94494, 105433]"
109995,"[32508, 101712, 73163, 65693, 69722, 10734, 75731, 10271, 62222, 74290]"
109996,"[100183, 50575, 37631, 93072, 37752, 33970, 30898, 47715, 104639, 52577]"
109997,"[27766, 50671, 25866, 80556, 52986, 87575, 29111, 15755, 17704, 39456]"
109998,"[33467, 71231, 2384, 81664, 96146, 19846, 27094, 107428, 66439, 28510]"
109999,"[24790, 54601, 44480, 53819, 31535, 80506, 61891, 38024, 78757, 54530]"
110000,"[46832, 22302, 14133, 8576, 52966, 107136, 2254, 2076, 34780, 53580]"
110001,"[72647, 37581, 3694, 39066, 44041, 67250, 80102, 64166, 105290, 108333]"
110002,"[19982, 74228, 30085, 81916, 74745, 6954, 46922, 55165, 72036, 67067]"
110003,"[100557, 45382, 86572, 56448, 2412, 30591, 66507, 90762, 20631, 37952]"
110004,"[31913, 27125, 84284, 30901, 81929, 108691, 79577, 902, 48955, 26952]"
110005,"[44119, 57109, 93535, 103362, 56247, 78011, 30000, 90450, 64783, 82522]"
110006,"[98063, 32272, 65878, 63358, 1614, 94062, 39455, 10452, 16857, 30174]"
110007,"[68043, 35751, 82717, 25246, 1780, 75596, 73274, 4000, 4093, 97950]"
110008,"[78156, 82409, 54382, 61446, 64456, 54134, 108836, 42386, 17333, 77938]"
110009,"[48963, 22791, 67356, 42985, 34172, 5638, 56679, 101736, 104429, 96302]"
110010,"[42620, 90708, 68115, 69577, 69581, 42621, 56365, 31977, 16874, 82945]"
110011,"[18798, 38793, 55738, 6059, 47642, 109060, 107158, 107315, 17395, 71996]"
110012,"[22402, 38999, 30934, 54706, 72578, 4465, 30442, 93424, 61896, 64268]"
110013,"[96344, 45037, 92679, 101701, 8656, 51799, 93430, 41978, 47414, 12535]"
110014,"[15931, 26378, 43875, 81223, 54917, 48234, 60989, 69630, 42797, 43885]"
110015,"[32273, 67421, 105666, 35576, 30516, 37880, 55100, 96851, 13391, 84694]"
110016,"[94326, 6392, 15093, 28200, 69731, 66216, 18707, 88768, 60544, 14773]"
110017,"[24153, 27573, 90101, 98328, 9917, 99421, 1122, 30016, 9016, 84614]"
110018,"[106768, 19640, 69421, 42525, 92960, 6981, 40990, 107085, 58230, 14147]"
110019,"[47684, 77939, 89745, 99578, 35143, 95988, 38611, 71853, 61087, 43352]"
110020,"[59330, 93974, 24750, 29842, 86318, 101286, 32930, 86730, 11282, 89496]"
110021,"[13647, 77577, 89876, 28341, 98888, 34246, 79276, 69542, 106111, 40491]"
110022,"[82354, 103525, 85993, 70607, 818, 49163, 78169, 101567, 100176, 11118]"
110023,"[82962, 3930, 29416, 58720, 99663, 9846, 15525, 47524, 98950, 20402]"
110024,"[109069, 40461, 30030, 65155, 67756, 33652, 15036, 9015, 75073, 30009]"
110025,"[39315, 10272, 87539, 97298, 386, 81646, 38010, 31578, 47915, 49429]"
110026,"[46587, 69236, 49831, 41102, 37840, 68932, 80163, 39334, 29420, 74860]"
110027,"[43487, 24398, 58698, 73110, 64898, 45694, 51433, 6284, 73538, 105982]"
110028,"[29833, 86333, 13093, 100843, 14415, 3302, 5207, 87766, 39878, 13586]"
110029,"[68310, 82980, 41565, 39013, 64152, 63676, 88127, 82168, 25397, 33602]"
110030,"[70308, 106462, 51820, 10622, 62090, 1260, 92996, 89586, 42498, 32804]"
110031,"[74039, 60190, 105678, 4556, 95006, 91078, 16501, 83383, 32728, 33710]"
110032,"[58794, 50890, 24076, 92822, 106332, 237, 72576, 18413, 97351, 14305]"
110033,"[39048, 44371, 42623, 88606, 67642, 87973, 106229, 61758, 50246, 52671]"
110034,"[47364, 98157, 1211, 77128, 66262, 81905, 26125, 87542, 4848, 23194]"
110035,"[46948, 42190, 20548, 61482, 64746, 72593, 852, 74733, 11130, 48688]"
110036,"[59005, 80740, 65261, 50110, 54841, 73276, 27402, 33525, 59630, 6650]"
110037,"[50377, 97652, 104389, 89917, 97541, 46498, 101339, 83772, 13707, 105655]"
110038,"[108590, 28223, 2757, 65540, 23289, 79505, 20531, 108893, 91609, 55165]"
110039,"[101897, 39132, 23864, 68847, 26832, 60329, 107985, 80549, 44873, 57066]"
110040,"[255, 92916, 60107, 24448, 100490, 58658, 61947, 85616, 4957, 8939]"
110041,"[17008, 65099, 7885, 35573, 77274, 13270, 51610, 36700, 97397, 95140]"
110042,"[78403, 37849, 108421, 27438, 32045, 67899, 67032, 60839, 63510, 107277]"
110043,"[36498, 14997, 38403, 28641, 72770, 72404, 20381, 59236, 27550, 16684]"
110044,"[42689, 30493, 25329, 91622, 16438, 79245, 54948, 8636, 77412, 3666]"
110045,"[19517, 11215, 91025, 59648, 21387, 43971, 67467, 80830, 87480, 108402]"
110046,"[104890, 16679, 79683, 82936, 60950, 8441, 24395, 56929, 44186, 3052]"
110047,"[66816, 94538, 73762, 40076, 46800, 18356, 57712, 64812, 7037, 76745]"
110048,"[72603, 99187, 63743, 98480, 83559, 99973, 19016, 108431, 71014, 6524]"
110049,"[30541, 99845, 100000, 16668, 11962, 94018, 55634, 50336, 39731, 53612]"
110050,"[60967, 76257, 81322, 64367, 26137, 23179, 48946, 69092, 62779, 40217]"
110051,"[76126, 1477, 61574, 92654, 49842, 4220, 9911, 49688, 21141, 52125]"
110052,"[4541, 56840, 12458, 1514, 3009, 72398, 42750, 14748, 9613, 7518]"
110053,"[16977, 84442, 14000, 51558, 22674, 23793, 14435, 23552, 27641, 21534]"
110054,"[73114, 29256, 834, 94905, 39254, 29778, 63539, 18091, 86870, 74696]"
110055,"[20462, 10646, 92766, 72332, 57693, 87638, 73761, 66921, 60838, 103943]"
110056,"[20795, 64799, 20023, 53432, 77895, 98960, 7029, 21841, 44742, 23941]"
110057,"[19873, 101953, 55052, 8070, 21408, 15225, 82052, 72880, 12695, 16843]"
110058,"[47075, 30832, 24414, 6356, 64936, 43795, 83191, 9214, 102405, 37986]"
110059,"[25191, 81854, 89844, 24405, 29990, 79790, 5725, 47527, 47158, 58303]"
110060,"[90541, 85240, 9651, 75780, 2577, 2399, 80710, 93792, 28984, 85602]"
110061,"[56067, 25506, 27951, 4544, 31375, 36432, 11185, 50950, 16520, 7588]"
110062,"[25349, 101378, 74015, 13189, 96640, 6773, 40326, 15419, 101783, 85277]"
110063,"[31997, 46791, 46854, 13226, 20272, 54103, 34117, 41599, 26645, 19149]"
110064,"[39033, 14508, 8374, 3948, 93054, 20868, 28876, 98163, 3700, 101364]"
110065,"[58702, 83190, 59259, 20310, 76705, 50364, 73133, 8242, 97561, 36995]"
110066,"[16322, 47601, 63231, 1029, 71778, 1605, 35782, 41782, 43038, 87353]"
110067,"[12624, 87648, 12800, 15261, 69882, 690, 99976, 92497, 92865, 107043]"
110068,"[79047, 7505, 68417, 30121, 87807, 94086, 18506, 27807, 5618, 36178]"
110069,"[106511, 22279, 74844, 18685, 51623, 103724, 90865, 98845, 80622, 57501]"
110070,"[21632, 80328, 57950, 55152, 35449, 6311, 59435, 41344, 51402, 71189]"
110071,"[63593, 47986, 27970, 17615, 30809, 44833, 34791, 10700, 98243, 59403]"
110072,"[1662, 1878, 109533, 40755, 58449, 31387, 696, 61976, 97009, 57354]"
110073,"[63932, 56406, 40004, 42142, 81088, 79550, 42960, 76610, 63100, 37725]"
110074,"[48456, 79396, 69449, 5369, 62409, 61537, 43668, 102844, 38317, 75680]"
110075,"[52519, 3417, 18951, 93010, 57756, 15999, 56574, 105971, 14228, 32242]"
110076,"[43422, 64994, 26948, 1770, 83882, 39290, 72350, 13571, 41320, 29080]"
110077,"[21005, 54118, 62583, 15793, 40609, 87033, 53911, 36517, 17490, 28889]"
110078,"[89812, 42397, 9790, 45262, 95154, 29253, 100937, 20479, 2587, 71212]"
110079,"[11145, 20000, 51376, 74843, 82026, 93541, 62510, 35430, 20211, 105513]"
110080,"[26200, 25356, 24986, 83020, 91016, 106412, 50432, 92802, 98673, 53789]"
110081,"[106632, 5527, 6339, 100627, 88744, 79874, 79934, 97760, 65681, 61716]"
110082,"[1991, 73699, 64987, 44296, 42472, 47975, 18147, 8317, 38246, 98282]"
110083,"[1084, 63312, 37643, 61642, 70481, 101185, 14002, 92179, 54543, 29436]"
110084,"[91414, 44701, 22548, 93011, 50453, 102989, 13361, 65034, 78995, 2642]"
110085,"[101535, 85002, 91372, 35621, 49389, 39888, 106653, 90991, 32342, 7371]"
110086,"[38980, 35979, 62124, 100368, 94660, 109074, 96857, 72201, 32426, 72442]"
110087,"[105674, 94471, 17879, 74874, 53099, 69315, 51480, 97262, 28855, 106184]"
110088,"[12397, 64161, 20693, 96417, 66673, 50889, 57426, 57623, 89436, 84204]"
110089,"[64565, 86631, 98609, 103441, 108505, 79012, 69390, 84240, 72103, 38336]"
110090,"[18035, 82395, 64617, 61603, 99770, 86976, 73672, 26191, 101096, 32009]"
110091,"[63886, 43176, 9932, 56206, 65228, 13480, 92280, 79786, 87170, 56233]"
110092,"[64818, 17758, 72216, 72410, 8804, 44916, 5549, 89008, 103630, 1058]"
110093,"[22310, 62612, 47242, 48221, 83679, 55429, 37282, 66270, 44926, 99745]"
110094,"[106100, 80396, 24791, 105080, 23045, 60821, 49340, 77096, 13063, 51674]"
110095,"[10180, 97461, 35352, 69663, 103799, 96733, 12328, 48490, 38733, 9695]"
110096,"[84817, 15191, 95867, 96489, 3504, 6561, 70735, 65003, 52208, 102683]"
110097,"[85049, 22871, 88386, 107737, 34121, 37354, 103923, 23139, 75579, 47847]"
110098,"[3478, 12979, 73109, 57286, 15331, 59662, 86697, 84551, 33433, 79193]"
110099,"[73539, 25327, 86661, 66558, 88004, 72597, 59916, 17642, 44787, 53464]"
110100,"[79490, 10268, 15956, 100912, 18373, 104510, 68574, 24048, 2158, 10175]"
110101,"[177, 26661, 8461, 93693, 10093, 93358, 99689, 93584, 45965, 94030]"
110102,"[59242, 87439, 86242, 1671, 56178, 59302, 67206, 3898, 34916, 102514]"
110103,"[35406, 70990, 85253, 30770, 19591, 87836, 18659, 66809, 58208, 49588]"
110104,"[57429, 102397, 58557, 375, 104973, 22305, 100111, 12835, 54626, 3112]"
110105,"[82643, 66578, 33719, 50425, 49889, 17935, 40956, 102837, 4067, 39712]"
110106,"[106780, 23371, 24913, 74705, 84520, 17725, 21685, 63631, 9490, 69325]"
110107,"[41193, 25687, 87996, 51272, 88982, 30531, 101466, 45192, 50282, 53282]"
110108,"[35810, 2282, 107076, 104079, 106130, 85351, 103872, 41641, 109027, 4770]"
110109,"[43702, 44669, 82692, 86458, 28714, 55947, 85467, 72734, 96719, 107654]"
110110,"[54477, 41917, 41440, 44807, 65269, 11830, 44334, 21143, 42729, 44944]"
110111,"[2160, 85559, 29663, 108800, 14181, 98220, 14971, 8934, 17625, 99672]"
110112,"[1385, 8426, 19355, 33308, 17971, 12074, 52098, 23825, 69813, 82263]"
110113,"[10864, 37545, 40360, 37281, 52991, 106236, 63970, 95317, 9001, 17652]"
110114,"[40495, 8449, 51941, 56141, 107131, 50319, 6689, 107235, 105285, 1012]"
110115,"[66961, 49405, 105766, 37757, 18039, 29915, 6705, 74623, 600, 73444]"
110116,"[4766, 27761, 11730, 38787, 100512, 7429, 1988, 30189, 1205, 8818]"
110117,"[49368, 17166, 16245, 6662, 26756, 36192, 97924, 47620, 62964, 34078]"
110118,"[11743, 48966, 8124, 43484, 2057, 63635, 103281, 459, 95254, 61553]"
110119,"[100553, 24356, 36279, 3162, 47937, 36354, 19657, 43667, 102875, 98626]"
110120,"[52623, 53191, 4851, 36512, 54483, 13911, 83945, 57467, 56336, 92624]"
110121,"[34164, 73281, 36507, 22053, 105951, 35519, 78639, 34939, 29803, 2695]"
110122,"[76379, 76636, 36838, 44711, 35260, 63116, 87857, 55467, 33247, 6870]"
110123,"[46181, 86093, 90866, 88486, 59339, 103050, 52132, 14297, 39256, 109545]"
110124,"[38774, 91593, 62609, 13963, 34033, 24948, 18452, 109407, 107629, 1527]"
110125,"[94793, 89848, 9344, 19074, 26081, 7693, 56558, 4669, 2138, 70501]"
110126,"[51194, 102846, 81661, 65310, 88685, 56355, 106975, 68356, 108467, 57592]"
110127,"[103213, 18067, 96113, 66058, 89304, 20645, 67487, 98978, 72932, 80121]"
110128,"[67927, 60269, 22007, 18564, 85570, 49136, 32565, 29672, 73846, 933]"
110129,"[66412, 47535, 103437, 35634, 42851, 29283, 90151, 75776, 17165, 97636]"
110130,"[36503, 72022, 101350, 7454, 17761, 94208, 54440, 3005, 94694, 42200]"
110131,"[47951, 41082, 28671, 88523, 106343, 68486, 55642, 30183, 32778, 11195]"
110132,"[15817, 16780, 18266, 36196, 79407, 77670, 44928, 63075, 15076, 41376]"
110133,"[34954, 28026, 23915, 31600, 104593, 47358, 100920, 6678, 52245, 26994]"
110134,"[2155, 12015, 97446, 46487, 33391, 20177, 7489, 11771, 5287, 33786]"
110135,"[61778, 46248, 63205, 60223, 27294, 6557, 16195, 90447, 17208, 45337]"
110136,"[67899, 26589, 37486, 89682, 11754, 62602, 41947, 42090, 107107, 44284]"
110137,"[13626, 31733, 17003, 67752, 2409, 7792, 59623, 16578, 17715, 31794]"
110138,"[54914, 4818, 54027, 8213, 49486, 59533, 89060, 54995, 84118, 94879]"
110139,"[61808, 28184, 36710, 697, 17324, 98655, 54727, 109045, 36687, 26499]"
110140,"[13790, 25803, 104565, 737, 45286, 42798, 23946, 103840, 12768, 99071]"
110141,"[5719, 30884, 8071, 107843, 40968, 76990, 37187, 49662, 77649, 105270]"
110142,"[102049, 84860, 102384, 47762, 20010, 58865, 46651, 63671, 99640, 101943]"
110143,"[5311, 105262, 103440, 87990, 34687, 65451, 34845, 93366, 98599, 10565]"
110144,"[25464, 74671, 77533, 87247, 13943, 38552, 7515, 83973, 65282, 3230]"
110145,"[16434, 28733, 5118, 107362, 3929, 80916, 76463, 63435, 71307, 46502]"
110146,"[83230, 99180, 51254, 66172, 53423, 82624, 33567, 99808, 12963, 26330]"
110147,"[89222, 62766, 88760, 73343, 104834, 30952, 34257, 41664, 76365, 90858]"
110148,"[44948, 38190, 81836, 28378, 42843, 86520, 52530, 12698, 98293, 84830]"
110149,"[76579, 28198, 31259, 26815, 76428, 44637, 63532, 32601, 85538, 12524]"
110150,"[64990, 25717, 3141, 96658, 18412, 82954, 32360, 51800, 82707, 62076]"
110151,"[87394, 57258, 11174, 107468, 35278, 78962, 105918, 63929, 25930, 75056]"
110152,"[61014, 86771, 59447, 101552, 8175, 68787, 26320, 103500, 38805, 56332]"
110153,"[29828, 89707, 83069, 56950, 5254, 100291, 42790, 77312, 83139, 107776]"
110154,"[39731, 52608, 42792, 53612, 106105, 63921, 6976, 50696, 27461, 24691]"
110155,"[69412, 47677, 81264, 85278, 103099, 108810, 62419, 106532, 89655, 94788]"
110156,"[31977, 56066, 107486, 95404, 61139, 31420, 68115, 37045, 13196, 80160]"
110157,"[26443, 46588, 30207, 77068, 85682, 50379, 81709, 10878, 46505, 58944]"
110158,"[30886, 104866, 26119, 85008, 88713, 22833, 32889, 20770, 108133, 71861]"
110159,"[107853, 59692, 105081, 57883, 524, 88107, 75497, 80341, 104602, 40849]"
110160,"[93229, 24858, 14638, 49617, 6399, 59580, 1025, 61080, 33159, 77193]"
110161,"[57505, 34699, 39477, 77752, 101312, 59811, 70785, 24198, 101277, 98650]"
110162,"[101166, 6408, 45312, 46644, 106697, 68745, 79315, 106984, 13621, 96078]"
110163,"[29309, 15914, 82334, 54384, 34275, 79957, 17114, 109647, 16289, 36913]"
110164,"[14384, 48530, 94048, 29574, 53080, 61490, 96106, 39065, 14061, 34735]"
110165,"[36235, 27705, 108597, 1126, 98943, 57551, 38176, 16546, 48037, 87064]"
110166,"[12100, 20202, 72159, 61838, 30297, 55089, 79774, 95815, 108362, 92017]"
110167,"[107583, 80352, 46137, 62581, 9468, 106801, 2022, 85411, 64539, 5435]"
110168,"[63450, 45814, 70434, 45107, 60233, 18074, 68378, 103254, 93362, 91308]"
110169,"[76621, 80967, 99246, 15369, 17586, 78023, 18645, 27916, 91082, 97011]"
110170,"[57835, 100725, 109559, 12540, 3349, 21649, 16859, 97266, 42386, 15084]"
110171,"[105912, 68656, 4407, 102517, 91897, 105012, 100411, 79708, 90813, 59543]"
110172,"[42236, 31940, 6933, 29382, 108073, 92952, 59040, 103970, 70491, 47140]"
110173,"[53897, 39309, 36928, 34004, 76313, 17252, 76961, 37491, 73599, 50884]"
110174,"[93914, 36383, 104693, 103265, 54031, 62353, 47980, 68155, 38090, 56083]"
110175,"[29371, 41220, 40590, 38160, 40350, 56940, 83060, 36883, 48305, 38862]"
110176,"[105038, 99978, 81261, 27285, 21921, 98052, 87945, 40919, 5564, 40567]"
110177,"[14809, 105615, 79189, 47339, 12115, 49184, 35715, 49198, 43813, 18257]"
110178,"[90095, 96479, 2393, 51003, 10673, 53446, 48406, 92529, 40602, 68001]"
110179,"[73742, 32182, 64481, 78392, 20915, 89973, 35770, 7701, 78255, 6267]"
110180,"[32941, 97407, 56513, 763, 83558, 91248, 32324, 60396, 61533, 72233]"
110181,"[27293, 12935, 102937, 80760, 10906, 77283, 51728, 44856, 14732, 77329]"
110182,"[46047, 89244, 12073, 64174, 31324, 25497, 42727, 101876, 90729, 34600]"
110183,"[100933, 17752, 103112, 61992, 41884, 25968, 10620, 23096, 16616, 56913]"
110184,"[60392, 51376, 75872, 66555, 65012, 62510, 80292, 16678, 50350, 20211]"
110185,"[31944, 70870, 34239, 17601, 4380, 2011, 18165, 63463, 65943, 19574]"
110186,"[73592, 78285, 44848, 87762, 54734, 42118, 92457, 313, 47241, 37474]"
110187,"[35537, 7918, 9211, 18540, 97162, 99436, 62014, 63714, 57939, 84913]"
110188,"[78066, 78922, 108983, 46182, 59595, 46745, 93431, 22128, 76857, 60470]"
110189,"[55177, 98671, 68020, 25908, 10256, 22350, 89386, 55751, 104322, 32225]"
110190,"[4304, 67768, 105993, 50469, 81438, 21324, 37617, 77688, 67465, 53790]"
110191,"[24407, 62819, 18525, 92640, 4177, 2452, 73269, 5772, 738, 68671]"
110192,"[4161, 39396, 29147, 17247, 55658, 61514, 62619, 27932, 91708, 11852]"
110193,"[95945, 96499, 53451, 74674, 1093, 4418, 63390, 11675, 25105, 89556]"
110194,"[7938, 27182, 69810, 70721, 96559, 68188, 96424, 24902, 28995, 12519]"
110195,"[36686, 29311, 54769, 98286, 38392, 63482, 18708, 7729, 45812, 102276]"
110196,"[101803, 6138, 88598, 6576, 82074, 50069, 76468, 72739, 50174, 5853]"
110197,"[62601, 53316, 82905, 70549, 103810, 7534, 51736, 24276, 109439, 37661]"
110198,"[79074, 6040, 86486, 98962, 71914, 30125, 76317, 63125, 9488, 461]"
110199,"[81687, 81772, 71349, 45084, 102996, 68693, 29149, 97409, 100063, 33046]"
110200,"[26035, 94777, 17318, 32553, 8807, 76502, 24208, 24947, 52666, 35503]"
110201,"[69696, 39354, 107104, 99618, 69490, 96931, 32680, 78181, 13111, 40989]"
110202,"[43057, 11994, 35778, 78388, 70840, 6231, 15103, 91277, 35065, 33939]"
110203,"[57170, 9244, 69663, 35352, 48490, 12328, 99485, 73838, 7222, 38733]"
110204,"[103533, 106470, 68449, 65536, 23782, 88647, 101002, 28731, 27019, 10210]"
110205,"[100716, 39322, 107935, 308, 78372, 48311, 86164, 64034, 12865, 89516]"
110206,"[94761, 97549, 47486, 79368, 108683, 2674, 38998, 90023, 31528, 64777]"
110207,"[77187, 30206, 26064, 72502, 109334, 89232, 105781, 13159, 48049, 71620]"
110208,"[24060, 57039, 22609, 90155, 51371, 55115, 49750, 109260, 104861, 24557]"
110209,"[50150, 25769, 58972, 62180, 21898, 91448, 69605, 17384, 107645, 15534]"
110210,"[18098, 43964, 34027, 47963, 7682, 24548, 70458, 50249, 28061, 77567]"
110211,"[24582, 95441, 63801, 25372, 62637, 104910, 73380, 11633, 99090, 103601]"
110212,"[94019, 14164, 57316, 11574, 46227, 11190, 13713, 38281, 84508, 88682]"
110213,"[32845, 81679, 66801, 33353, 3304, 35768, 43294, 30322, 104129, 25826]"
110214,"[55734, 98156, 26429, 26899, 13030, 60252, 109679, 35275, 91989, 11050]"
110215,"[42855, 58689, 78532, 15473, 88879, 57610, 88705, 17605, 6497, 7932]"
110216,"[62730, 76735, 86161, 37896, 87695, 65939, 8385, 58243, 79992, 42515]"
110217,"[55276, 85174, 69583, 81447, 2557, 100332, 108695, 53373, 84104, 81658]"
110218,"[38760, 92912, 86717, 13854, 96892, 21604, 12683, 70713, 18763, 60398]"
110219,"[12640, 56844, 77138, 69347, 28624, 90508, 73106, 32265, 93812, 29986]"
110220,"[15949, 53827, 74699, 49916, 99979, 109226, 3376, 86725, 80000, 45143]"
110221,"[49744, 32726, 36975, 45252, 3462, 96317, 1147, 13351, 109194, 41622]"
110222,"[74564, 29165, 74806, 92558, 101900, 76304, 220, 28899, 48024, 37416]"
110223,"[12464, 65214, 80711, 79642, 15960, 49491, 83968, 21135, 106107, 16836]"
110224,"[46274, 14896, 30201, 71783, 70561, 32130, 89107, 78738, 83665, 2228]"
110225,"[98426, 13895, 41708, 109459, 41367, 77934, 42719, 4530, 39752, 63522]"
110226,"[45079, 20762, 2849, 49537, 2109, 92965, 4236, 67745, 53596, 34864]"
110227,"[75708, 22908, 1291, 104100, 87650, 26159, 79537, 59355, 35922, 41542]"
110228,"[61871, 55802, 108677, 69907, 39710, 32262, 18471, 17244, 98525, 55042]"
110229,"[70086, 88315, 4579, 60888, 18863, 27483, 76837, 3646, 7509, 11745]"
110230,"[35292, 9015, 105656, 30009, 86908, 6017, 109706, 89221, 55307, 69087]"
110231,"[57396, 97737, 26690, 97703, 70648, 15210, 108702, 6353, 94787, 33974]"
110232,"[12445, 87224, 6179, 3427, 89238, 83463, 99370, 41062, 22343, 25462]"
110233,"[53140, 81368, 102123, 45345, 34981, 58118, 14095, 5657, 71156, 81113]"
110234,"[4654, 58391, 102492, 57083, 52688, 39337, 68305, 43220, 103586, 105741]"
110235,"[9783, 37888, 56598, 91635, 26545, 42491, 8934, 53027, 47569, 12111]"
110236,"[40968, 37187, 56926, 4566, 21348, 5719, 8071, 77649, 105270, 36616]"
110237,"[63310, 35158, 80034, 98278, 71332, 30384, 66535, 78561, 76566, 16786]"
110238,"[58384, 78172, 34595, 25659, 100162, 29784, 71546, 74374, 84931, 1154]"
110239,"[92178, 37441, 3468, 88696, 65547, 33660, 21646, 84616, 102400, 16613]"
110240,"[107795, 107749, 43297, 86874, 32069, 75485, 4013, 20573, 65466, 15653]"
110241,"[91160, 39478, 3188, 14554, 33541, 13908, 84009, 87935, 105851, 99755]"
110242,"[85832, 101617, 91761, 11560, 41781, 57912, 99598, 8281, 54177, 87337]"
110243,"[89436, 13228, 12397, 97318, 21345, 57426, 65121, 67400, 57623, 86823]"
110244,"[81820, 107261, 106157, 82334, 80754, 3195, 101291, 81399, 36913, 32348]"
110245,"[109433, 68590, 50477, 23032, 47043, 42181, 44831, 54488, 70546, 82804]"
110246,"[73484, 96475, 90139, 100789, 67952, 90647, 20481, 57389, 88375, 26359]"
110247,"[62841, 40746, 58479, 108971, 54564, 8422, 67283, 93231, 19791, 32902]"
110248,"[53869, 32185, 95257, 17063, 36739, 98085, 4304, 92051, 47391, 60742]"
110249,"[24672, 40792, 100964, 90991, 7371, 32342, 19935, 80911, 81608, 101535]"
110250,"[79537, 65179, 26159, 17070, 2456, 30710, 22908, 1291, 64059, 104100]"
110251,"[57546, 102958, 100515, 37601, 71626, 34675, 9008, 79197, 92484, 32746]"
110252,"[92929, 49069, 100462, 28768, 7989, 76297, 48312, 83510, 23426, 27291]"
110253,"[85544, 23018, 46934, 80132, 85555, 41946, 26729, 65819, 12245, 57080]"
110254,"[10324, 95788, 33398, 61416, 25835, 40948, 100102, 27052, 34201, 61538]"
110255,"[83723, 3964, 41900, 86237, 22196, 160, 20046, 19755, 72506, 298]"
110256,"[95159, 88687, 17677, 59174, 36987, 46573, 90848, 93051, 61353, 712]"
110257,"[20640, 107420, 41938, 86032, 77749, 97009, 70665, 72226, 4626, 23559]"
110258,"[37145, 69454, 69694, 57510, 31523, 61592, 56030, 87062, 98816, 2755]"
110259,"[43488, 11074, 61559, 61146, 49028, 33289, 1480, 79515, 6934, 77182]"
110260,"[94048, 53080, 61490, 39065, 96106, 14061, 76992, 34735, 95436, 79422]"
110261,"[17462, 26943, 66881, 44161, 50911, 100353, 26120, 19909, 81337, 69306]"
110262,"[46245, 5892, 47708, 93758, 89247, 34231, 61211, 76371, 79097, 99435]"
110263,"[48569, 40705, 102724, 91179, 15663, 12688, 38380, 57811, 32447, 8329]"
110264,"[69898, 107311, 32854, 2527, 50899, 31638, 79204, 22511, 346, 79038]"
110265,"[43678, 71510, 44942, 75895, 50491, 67997, 82461, 14, 37162, 68353]"
110266,"[6977, 73115, 97107, 72383, 94157, 55577, 27431, 95727, 1212, 15210]"
110267,"[66575, 12012, 42486, 51637, 17584, 81488, 69505, 92990, 75139, 32975]"
110268,"[15275, 77290, 3287, 24464, 94948, 82037, 108592, 53051, 70996, 2708]"
110269,"[99757, 14084, 2658, 64025, 13722, 86022, 90396, 87848, 44321, 24798]"
110270,"[86948, 94017, 88296, 22772, 50313, 49586, 22095, 102753, 39253, 33822]"
110271,"[29236, 84468, 23797, 73675, 79188, 21145, 78284, 102869, 33798, 95249]"
110272,"[20810, 104017, 104196, 28608, 94325, 52794, 69881, 15938, 28732, 77718]"
110273,"[24897, 6774, 62225, 13567, 6452, 108759, 50083, 70029, 58799, 19811]"
110274,"[21172, 43215, 9236, 62021, 62373, 62439, 41069, 10029, 65596, 87891]"
110275,"[71158, 6461, 4729, 11094, 45288, 82971, 50882, 81827, 30735, 41922]"
110276,"[45954, 61444, 9696, 5870, 4860, 45683, 28213, 60848, 15667, 39857]"
110277,"[35233, 101757, 93454, 34080, 74366, 104743, 74498, 23499, 2833, 65600]"
110278,"[15062, 51932, 50708, 100244, 58889, 30060, 73842, 82399, 69880, 83948]"
110279,"[102094, 8858, 81942, 105986, 21402, 108685, 20569, 55541, 104135, 94528]"
110280,"[64432, 106613, 96358, 46132, 55158, 62323, 50486, 3333, 79858, 56648]"
110281,"[58558, 41471, 98316, 107476, 52873, 94913, 15266, 108163, 56356, 106857]"
110282,"[88042, 35950, 38151, 43857, 109729, 86735, 29527, 53688, 5471, 76929]"
110283,"[91997, 46414, 106071, 46253, 47225, 31583, 81501, 27677, 109065, 39833]"
110284,"[44347, 37878, 86449, 25248, 81691, 39674, 25502, 4646, 96018, 17187]"
110285,"[77918, 84319, 21516, 49709, 81694, 18339, 4003, 29226, 74418, 37637]"
110286,"[98602, 42010, 74868, 65224, 12723, 85772, 41157, 55600, 19596, 50881]"
110287,"[11907, 101276, 82923, 26390, 42092, 62229, 54921, 83210, 62707, 95586]"
110288,"[7014, 80993, 8630, 74977, 1473, 14399, 99933, 61824, 2929, 58436]"
110289,"[17632, 95551, 65056, 94965, 69445, 26873, 85519, 27415, 57571, 69671]"
110290,"[102437, 54931, 68419, 95361, 89990, 37494, 13025, 28504, 107290, 34596]"
110291,"[18003, 108629, 61518, 1339, 101193, 40849, 53499, 104375, 88107, 43981]"
110292,"[46120, 66658, 81106, 8776, 76772, 50177, 94704, 24348, 76693, 86235]"
110293,"[37689, 91585, 105402, 33068, 35408, 97137, 47582, 106309, 59036, 24026]"
110294,"[91552, 85843, 11595, 79792, 44417, 34240, 98131, 38470, 12318, 107743]"
110295,"[77747, 30579, 55411, 87729, 14031, 100463, 529, 32977, 104758, 63408]"
110296,"[66363, 83034, 97972, 1209, 25749, 49549, 73053, 20756, 5031, 73085]"
110297,"[83713, 34338, 54060, 77269, 8275, 32044, 46712, 20562, 11885, 81551]"
110298,"[85584, 5581, 304, 93421, 74840, 924, 70115, 8212, 81957, 22535]"
110299,"[14342, 36775, 103936, 47665, 48727, 15756, 13487, 43695, 34425, 55719]"
110300,"[74456, 61688, 105688, 65972, 97948, 65088, 80191, 46749, 61835, 90071]"
110301,"[90338, 51245, 91489, 57681, 64371, 45892, 88822, 38499, 82617, 100576]"
110302,"[54862, 21357, 47823, 102710, 26550, 69584, 99, 106736, 70994, 48441]"
110303,"[21606, 108300, 86642, 75599, 33381, 65681, 62393, 8446, 108856, 70150]"
110304,"[83666, 7987, 97562, 95207, 52438, 12490, 107644, 56010, 74367, 103137]"
110305,"[11456, 46549, 7111, 97490, 59267, 7981, 74185, 98816, 75992, 29879]"
110306,"[100563, 56132, 78178, 62145, 78739, 18807, 104914, 7143, 53931, 92648]"
110307,"[7500, 88835, 22021, 89125, 20872, 95488, 31083, 56151, 76045, 104067]"
110308,"[58253, 55062, 91986, 57260, 66157, 25219, 88960, 1204, 95118, 31582]"
110309,"[40104, 92726, 2146, 38324, 79625, 96119, 78037, 5100, 35883, 22135]"
110310,"[13252, 106668, 28600, 101400, 32656, 61, 14340, 29648, 32977, 75359]"
110311,"[54113, 49265, 36967, 40730, 58242, 87149, 7172, 75934, 65962, 67926]"
110312,"[33892, 65945, 103049, 49728, 65160, 105300, 80089, 13585, 92140, 86448]"
110313,"[18791, 8451, 65148, 39959, 98802, 66074, 64731, 98259, 64671, 9737]"
110314,"[91171, 10020, 17085, 57895, 80832, 15699, 81891, 20416, 70458, 24324]"
110315,"[43068, 64498, 43042, 45042, 106659, 43557, 107502, 102373, 37868, 35363]"
110316,"[80632, 85574, 84788, 92465, 51458, 63107, 29224, 53624, 90799, 54232]"
110317,"[81830, 42874, 62555, 80940, 65743, 107375, 45918, 66339, 14931, 64872]"
110318,"[51059, 106208, 5006, 53663, 3025, 21268, 84017, 53439, 84449, 23848]"
110319,"[109032, 22369, 95147, 62588, 16238, 74393, 21200, 91207, 30395, 67479]"
110320,"[9612, 10054, 26589, 82105, 23692, 41907, 12067, 61673, 75343, 44284]"
110321,"[59419, 15570, 23456, 11066, 94408, 80703, 74682, 14335, 2016, 105082]"
110322,"[75875, 70983, 29295, 103998, 15021, 95118, 102332, 24894, 37179, 69986]"
110323,"[8910, 11052, 79830, 97548, 72955, 100587, 71690, 20809, 52593, 3475]"
110324,"[77101, 106194, 869, 9222, 33355, 91180, 75779, 20007, 107590, 47465]"
110325,"[11173, 95149, 65357, 46707, 36142, 20455, 106832, 56437, 78923, 63797]"
110326,"[54771, 21401, 66415, 91057, 60015, 52769, 70328, 75793, 36084, 10449]"
110327,"[19348, 39208, 35568, 90346, 36317, 54088, 46813, 20412, 13077, 96631]"
110328,"[74371, 101485, 88115, 98632, 51733, 87950, 76258, 79179, 45304, 99281]"
110329,"[9563, 19567, 86705, 25970, 82139, 89083, 59522, 26075, 73589, 41590]"
110330,"[45598, 83233, 7222, 26370, 65753, 66818, 103799, 75154, 9695, 90918]"
110331,"[35730, 37407, 7577, 11503, 30665, 32848, 54339, 3942, 11243, 84426]"
110332,"[723, 30566, 66648, 54928, 22554, 73806, 6681, 100375, 50810, 85078]"
110333,"[20799, 49726, 28111, 65310, 107920, 91794, 88685, 77962, 24811, 15263]"
110334,"[72791, 7680, 52711, 7777, 99447, 4432, 21139, 75902, 18671, 63726]"
110335,"[14436, 108117, 72763, 31239, 15803, 13878, 93638, 90570, 70181, 90791]"
110336,"[71043, 84278, 87535, 65170, 73098, 92941, 44677, 83795, 98500, 101863]"
110337,"[28311, 75086, 30789, 57209, 8303, 76179, 63185, 42936, 24185, 25514]"
110338,"[75706, 109534, 103887, 57886, 105491, 39532, 83748, 104749, 61614, 109449]"
110339,"[67626, 105490, 97573, 83477, 94920, 16062, 87478, 71662, 14167, 40377]"
110340,"[6128, 33528, 75098, 48780, 89472, 40424, 83838, 53151, 107295, 47675]"
110341,"[62331, 10432, 91355, 41330, 109454, 75324, 12334, 37884, 63344, 24266]"
110342,"[19329, 75316, 980, 41027, 34433, 54697, 6630, 25795, 38007, 13193]"
110343,"[82707, 104679, 28962, 45530, 82954, 95287, 7255, 64990, 66422, 52212]"
110344,"[18556, 44818, 43851, 44857, 19515, 85650, 61881, 81333, 91431, 85349]"
110345,"[67444, 36990, 21083, 66163, 59438, 103, 24196, 30807, 66878, 9129]"
110346,"[101311, 1073, 67108, 69401, 89462, 99614, 59161, 38463, 71414, 45082]"
110347,"[67464, 33364, 49273, 23923, 20404, 14518, 46799, 67557, 33885, 7956]"
110348,"[86391, 13108, 79499, 36629, 93631, 108866, 89300, 80050, 48025, 73538]"
110349,"[93642, 53845, 12556, 107411, 39083, 365, 100346, 43417, 91211, 5969]"
110350,"[8166, 80586, 13202, 76477, 76608, 79222, 83835, 52599, 3539, 19416]"
110351,"[35384, 108641, 31272, 22434, 67026, 97079, 30040, 86764, 56422, 106006]"
110352,"[93452, 87931, 3335, 99584, 81584, 91957, 72849, 25736, 44728, 82010]"
110353,"[50505, 99748, 48209, 68969, 8761, 28351, 8571, 1064, 40609, 19024]"
110354,"[53503, 28795, 32903, 95257, 17695, 102825, 67768, 81438, 92051, 67465]"
110355,"[72062, 76370, 53995, 100940, 98312, 35911, 93522, 59555, 71371, 67172]"
110356,"[33377, 36926, 59848, 80877, 14659, 89571, 87770, 51707, 58796, 51220]"
110357,"[94279, 78148, 71847, 77554, 86831, 100955, 8869, 57943, 100280, 104458]"
110358,"[68824, 92678, 90809, 45234, 83473, 80314, 67630, 54678, 50891, 70533]"
110359,"[3007, 52293, 87790, 33437, 43244, 99215, 64240, 245, 75759, 37355]"
110360,"[13571, 101059, 20519, 95909, 98566, 97373, 56200, 63470, 101900, 92558]"
110361,"[49592, 23708, 32619, 41492, 61674, 73977, 52250, 1339, 33884, 98493]"
110362,"[106498, 77647, 7031, 30350, 43947, 94273, 81507, 104957, 95117, 95630]"
110363,"[84688, 49239, 99030, 2533, 31485, 17035, 88093, 45275, 34649, 97070]"
110364,"[30275, 11445, 70951, 50733, 81004, 109381, 11904, 22240, 64866, 61963]"
110365,"[9709, 91310, 23247, 48208, 62465, 70947, 22039, 71549, 96480, 28209]"
110366,"[53008, 70297, 61695, 85337, 93357, 106917, 80954, 31937, 49896, 11297]"
110367,"[84839, 15447, 91581, 73533, 81874, 87640, 69022, 67159, 54133, 47011]"
110368,"[44226, 42957, 98006, 9761, 108482, 63572, 7367, 91040, 3961, 108309]"
110369,"[52180, 78229, 82592, 67170, 10553, 15020, 27243, 64959, 74644, 65402]"
110370,"[9957, 13618, 103171, 27958, 74715, 14010, 42272, 26281, 49517, 107914]"
110371,"[39682, 17251, 41467, 34398, 68466, 97377, 77051, 4240, 54138, 54690]"
110372,"[50238, 17152, 89634, 57644, 23717, 27146, 92392, 92807, 34355, 106553]"
110373,"[70891, 37178, 12072, 77777, 52269, 60158, 97482, 93663, 18600, 93703]"
110374,"[83714, 78407, 56524, 5021, 19256, 12274, 50709, 17963, 98821, 56035]"
110375,"[68267, 36367, 20342, 36467, 94203, 107798, 53040, 16471, 41812, 94699]"
110376,"[59399, 85705, 13333, 18724, 105358, 104761, 106658, 26677, 101056, 28131]"
110377,"[49532, 28977, 101987, 20379, 97997, 107534, 38339, 44481, 67220, 81497]"
110378,"[58614, 26543, 85829, 15679, 76267, 14683, 3532, 109240, 58164, 3829]"
110379,"[71972, 7264, 3553, 95304, 37522, 38535, 75750, 48686, 74234, 84294]"
110380,"[99644, 11426, 90532, 8361, 83028, 108291, 14197, 24064, 74942, 21188]"
110381,"[14457, 22616, 77417, 89972, 37989, 9255, 6297, 67593, 29615, 54048]"
110382,"[109748, 40091, 11519, 69894, 7224, 51627, 76762, 84031, 52654, 8894]"
110383,"[30306, 56051, 48686, 104060, 66272, 12719, 53872, 79626, 56169, 104187]"
110384,"[59442, 65083, 145, 8560, 89285, 73474, 89529, 4954, 92378, 41218]"
110385,"[103067, 54712, 46772, 38590, 72028, 100671, 56665, 94559, 21977, 53144]"
110386,"[78032, 79782, 97749, 31351, 45707, 80618, 7200, 39324, 31406, 76059]"
110387,"[48124, 56844, 79682, 87836, 19730, 20871, 96903, 67113, 76152, 96829]"
110388,"[28103, 29361, 101900, 6335, 22499, 97373, 58047, 31390, 64844, 65462]"
110389,"[18886, 81135, 94703, 37955, 74754, 38713, 18475, 6336, 83203, 21015]"
110390,"[5241, 83544, 44275, 106376, 64424, 59322, 46592, 7723, 26857, 68287]"
110391,"[19740, 15552, 89044, 31006, 85141, 104529, 87491, 107504, 7380, 23103]"
110392,"[61088, 64839, 25355, 58905, 106039, 18997, 61238, 68552, 47892, 45438]"
110393,"[97935, 905, 11411, 99997, 67115, 22825, 29881, 29185, 81810, 88812]"
110394,"[7198, 103190, 10743, 19513, 92674, 37326, 70955, 56449, 56285, 41424]"
110395,"[15415, 86291, 79079, 54188, 76369, 70472, 13465, 16408, 75699, 13280]"
110396,"[74670, 22532, 51501, 20253, 73151, 93336, 50294, 69691, 70859, 95783]"
110397,"[68965, 76450, 11494, 103794, 86996, 76506, 56646, 108540, 91577, 5442]"
110398,"[7659, 21799, 35463, 13134, 37503, 37665, 24460, 34720, 52391, 49675]"
110399,"[63356, 57622, 46895, 87522, 43599, 37713, 34550, 25867, 87670, 72100]"
110400,"[78339, 58220, 40050, 7645, 77707, 34338, 84443, 30524, 22227, 87583]"
110401,"[6253, 50818, 47918, 96027, 71776, 40195, 60246, 5692, 75738, 24300]"
110402,"[70835, 107055, 38083, 103637, 18423, 24861, 29774, 40518, 27546, 74555]"
110403,"[102041, 26588, 68014, 35545, 64758, 15693, 78093, 109496, 42761, 57527]"
110404,"[30456, 50941, 67325, 71699, 106439, 46267, 68959, 74652, 75202, 91335]"
110405,"[88114, 81216, 29619, 35856, 102032, 66709, 16125, 106311, 70203, 12467]"
110406,"[60847, 99089, 53380, 59786, 79146, 80376, 104559, 7948, 64594, 74782]"
110407,"[87448, 74640, 105646, 107637, 85303, 79028, 77498, 66621, 85971, 34110]"
110408,"[41927, 78694, 76684, 55453, 33753, 38376, 48586, 26913, 13782, 39933]"
110409,"[22715, 10772, 48529, 68819, 37138, 14500, 77262, 9909, 100228, 21247]"
110410,"[23528, 103246, 58924, 39798, 3878, 74910, 105640, 106327, 72707, 18867]"
110411,"[94580, 30779, 95691, 95084, 95098, 91193, 34230, 65624, 29096, 74712]"
110412,"[46045, 81377, 88964, 70411, 52996, 16243, 97398, 46756, 37965, 103071]"
110413,"[8446, 68754, 86642, 61199, 40536, 70150, 30360, 21606, 64087, 53029]"
110414,"[2545, 29062, 69159, 41924, 38431, 35276, 95050, 51345, 3724, 53627]"
110415,"[79639, 79167, 64036, 14101, 46488, 99386, 54893, 84084, 92401, 109686]"
110416,"[20024, 28270, 84277, 20525, 709, 52830, 8828, 72759, 9259, 2629]"
110417,"[99390, 51804, 2594, 82667, 72154, 35915, 85856, 105842, 30556, 105299]"
110418,"[66532, 85304, 51154, 68545, 37386, 33023, 10116, 74805, 109506, 105557]"
110419,"[12431, 57132, 155, 3851, 102662, 58296, 83681, 73186, 85210, 62422]"
110420,"[98268, 34341, 46064, 108860, 56857, 45730, 37542, 28910, 27654, 63155]"
110421,"[26183, 95812, 106729, 93241, 24727, 36507, 22008, 30917, 81629, 82904]"
110422,"[93710, 46375, 89468, 47162, 4012, 87299, 75894, 42115, 11374, 84608]"
110423,"[60097, 108964, 83610, 4457, 43155, 37636, 55976, 94575, 55414, 5232]"
110424,"[61298, 44058, 79007, 97358, 7630, 87797, 73026, 52630, 55813, 27618]"
110425,"[53560, 65071, 39439, 15244, 42771, 105350, 70927, 29660, 59651, 20257]"
110426,"[88443, 61193, 45321, 30062, 39730, 57598, 90420, 3054, 3150, 6173]"
110427,"[86058, 84955, 27569, 34743, 16326, 60146, 37552, 98717, 27849, 102156]"
110428,"[44106, 79438, 8793, 63437, 65423, 98085, 83803, 102540, 95837, 81438]"
110429,"[90279, 68019, 34755, 49646, 44951, 108627, 15734, 45589, 82450, 89284]"
110430,"[84808, 15980, 9437, 8351, 43737, 104168, 102053, 104634, 4111, 88029]"
110431,"[98506, 59100, 1128, 80892, 50271, 27994, 83988, 51710, 32142, 17213]"
110432,"[40830, 75879, 62774, 80203, 38770, 12689, 70307, 5233, 47177, 24082]"
110433,"[76539, 61924, 37389, 59898, 74327, 48697, 53909, 36522, 47013, 4153]"
110434,"[13891, 64917, 8025, 63973, 4425, 74348, 98048, 108029, 83449, 51442]"
110435,"[42896, 77616, 104971, 22370, 32035, 96492, 104368, 60874, 23126, 50372]"
110436,"[108360, 27054, 15610, 51836, 59538, 73295, 77913, 98611, 16341, 108936]"
110437,"[48116, 48688, 26426, 42190, 104465, 2415, 14792, 80074, 27850, 90911]"
110438,"[60590, 103439, 52813, 35098, 39671, 28689, 50914, 13143, 98691, 20192]"
110439,"[9494, 8546, 39030, 93966, 84297, 5623, 58776, 8300, 4100, 85677]"
110440,"[53833, 18326, 104728, 79995, 50593, 22222, 96158, 37369, 6923, 48229]"
110441,"[35547, 13800, 108498, 71844, 5426, 88587, 99248, 99300, 44392, 11996]"
110442,"[70322, 62675, 76691, 3043, 90202, 48126, 9433, 51767, 27164, 44007]"
110443,"[72035, 14894, 72481, 51118, 35906, 40869, 40967, 87591, 66989, 89290]"
110444,"[43765, 77509, 80284, 41617, 43604, 92569, 508, 13061, 21607, 99987]"
110445,"[24706, 72549, 37062, 28515, 5827, 82832, 76272, 23944, 38070, 86409]"
110446,"[24708, 31179, 42853, 93760, 77680, 40549, 31782, 35299, 101284, 14978]"
110447,"[43053, 73217, 61031, 46222, 105252, 39129, 20974, 1235, 71310, 96284]"
110448,"[93901, 26555, 18320, 44363, 11294, 2671, 22693, 87209, 9044, 84427]"
110449,"[50059, 64853, 912, 27462, 14236, 13449, 7137, 82044, 63176, 90211]"
110450,"[25688, 60784, 92975, 90010, 64298, 75335, 81645, 80834, 106220, 50522]"
110451,"[33972, 27374, 82417, 35184, 100068, 45547, 78837, 109227, 42322, 26730]"
110452,"[64735, 71923, 8066, 4296, 76468, 72739, 14637, 106899, 44316, 84819]"
110453,"[84235, 27116, 59651, 79281, 13349, 33245, 69479, 84686, 105155, 39618]"
110454,"[3483, 32280, 12370, 59062, 42650, 94960, 33128, 38441, 34979, 21111]"
110455,"[42216, 90700, 47303, 86260, 2677, 18536, 103430, 19954, 72483, 24009]"
110456,"[41751, 87116, 25804, 84944, 81226, 44072, 4140, 49962, 47849, 71226]"
110457,"[77489, 87911, 94773, 106040, 48265, 76356, 50194, 52959, 41727, 98239]"
110458,"[10882, 18169, 9388, 72043, 96923, 65439, 66004, 35666, 88846, 48847]"
110459,"[21624, 7447, 97940, 45445, 57736, 68609, 727, 97089, 95908, 66466]"
110460,"[48535, 11100, 18157, 67169, 16057, 7761, 41007, 57579, 56583, 99197]"
110461,"[109391, 33172, 6060, 20514, 9392, 7188, 35873, 5833, 23890, 32794]"
110462,"[63965, 84118, 45997, 4653, 103639, 8018, 32611, 24915, 59533, 53408]"
110463,"[18078, 33820, 21768, 45834, 6757, 98867, 41627, 61950, 24346, 94404]"
110464,"[78084, 75047, 77884, 1232, 822, 61945, 108798, 2584, 94000, 59331]"
110465,"[2757, 17339, 55165, 108590, 79505, 20531, 17065, 55217, 28223, 35097]"
110466,"[82048, 81935, 29917, 45782, 47334, 81063, 5246, 18164, 63178, 91735]"
110467,"[97681, 61413, 104637, 19601, 80576, 87537, 46602, 94801, 21905, 93159]"
110468,"[52054, 18026, 73817, 89135, 100473, 67306, 21350, 59796, 42225, 49166]"
110469,"[102123, 45345, 77990, 14095, 22533, 53140, 40600, 1441, 68527, 22118]"
110470,"[83523, 50843, 88210, 73823, 7181, 105594, 100466, 47888, 31457, 93279]"
110471,"[33116, 63024, 13365, 46618, 107279, 36257, 17723, 24800, 58465, 95063]"
110472,"[44946, 47417, 14734, 4774, 50194, 77764, 14055, 34920, 17901, 61151]"
110473,"[77397, 66195, 26178, 32774, 88208, 76637, 86573, 68230, 87270, 25195]"
110474,"[22877, 100790, 79546, 65857, 87677, 69212, 53841, 4008, 51163, 24605]"
110475,"[5686, 85905, 26651, 2283, 10389, 428, 95669, 15233, 57452, 81652]"
110476,"[47385, 68157, 8947, 23329, 8207, 52189, 37008, 105501, 15503, 91828]"
110477,"[95754, 10074, 51661, 31296, 88477, 107142, 69368, 75590, 83026, 5999]"
110478,"[64792, 42499, 90327, 41962, 42324, 74486, 74582, 25066, 33055, 4559]"
110479,"[84591, 35429, 46880, 15876, 83999, 67576, 70258, 31008, 95057, 66378]"
110480,"[1817, 8039, 40771, 85045, 22114, 46244, 34960, 59230, 91127, 99070]"
110481,"[95397, 26907, 36766, 36810, 80861, 75477, 82187, 31449, 99628, 64798]"
110482,"[26384, 39145, 69225, 73294, 6005, 12973, 49523, 54911, 67003, 106629]"
110483,"[88443, 76395, 45321, 30062, 89170, 59119, 60822, 4626, 3054, 4009]"
110484,"[23221, 10927, 21117, 57646, 17767, 81499, 8488, 67193, 13416, 77067]"
110485,"[95030, 7983, 56091, 93939, 29930, 44166, 28958, 101280, 93197, 31691]"
110486,"[66096, 57709, 103750, 31910, 5681, 61970, 41139, 49924, 69500, 71457]"
110487,"[79962, 60382, 58595, 35361, 33746, 19639, 51385, 47192, 96387, 95594]"
110488,"[33888, 23034, 4101, 55143, 43883, 26587, 62358, 47863, 54684, 81681]"
110489,"[77856, 49039, 57076, 73932, 74742, 60031, 65475, 34577, 70805, 104530]"
110490,"[60865, 16853, 98929, 107466, 105576, 35569, 4721, 35711, 91407, 62327]"
110491,"[94777, 74528, 92504, 87906, 32553, 8807, 76502, 52070, 24208, 44062]"
110492,"[29291, 34595, 96346, 99768, 41564, 28554, 1353, 33345, 33746, 46093]"
110493,"[67463, 44065, 213, 38428, 106818, 3439, 31587, 61180, 95368, 29661]"
110494,"[55058, 78024, 42068, 100039, 13978, 13704, 10478, 32838, 1488, 85581]"
110495,"[81572, 103506, 53471, 11501, 15594, 31393, 89071, 103503, 102518, 64341]"
110496,"[40181, 105831, 405, 108340, 87192, 67689, 67187, 3822, 88259, 34096]"
110497,"[24044, 73731, 15171, 21053, 24097, 108597, 38176, 75218, 87064, 67736]"
110498,"[35820, 32395, 22704, 80496, 52298, 174, 81732, 49130, 91239, 98018]"
110499,"[44589, 108559, 64745, 59345, 86959, 4948, 90604, 19630, 92501, 13327]"
110500,"[104022, 46814, 46846, 7559, 65023, 61171, 27409, 103242, 34785, 103355]"
110501,"[77646, 8614, 148, 78126, 85698, 49335, 5305, 86621, 61930, 99108]"
110502,"[48131, 42566, 71991, 72331, 4174, 37519, 49033, 26716, 59201, 92719]"
110503,"[30707, 1712, 21449, 62768, 35871, 1295, 58394, 37389, 53909, 67959]"
110504,"[2389, 82521, 77423, 97412, 57533, 49269, 93955, 50349, 19843, 79190]"
110505,"[9004, 79468, 4629, 54655, 36214, 93000, 16877, 3859, 104218, 90816]"
110506,"[58969, 34840, 80164, 1007, 18709, 82211, 47021, 36605, 99095, 29572]"
110507,"[98859, 59197, 96678, 60187, 88445, 17304, 22260, 14938, 8794, 53450]"
110508,"[16142, 81569, 11380, 25834, 3712, 43584, 41426, 37761, 54212, 86183]"
110509,"[78837, 82417, 43056, 35184, 52230, 45547, 23826, 72389, 22667, 33972]"
110510,"[61003, 35682, 44591, 54629, 31073, 31777, 20965, 37295, 18995, 12442]"
110511,"[49483, 68841, 16284, 51401, 71587, 10541, 12518, 26060, 73980, 18448]"
110512,"[106051, 95625, 57226, 43692, 62154, 95744, 12155, 88446, 95620, 38148]"
110513,"[19133, 28219, 15916, 30882, 106600, 63507, 94779, 36994, 103620, 80533]"
110514,"[67081, 36533, 38720, 103110, 57387, 75437, 57135, 45701, 93474, 96887]"
110515,"[27117, 22144, 70340, 84577, 43282, 17051, 11522, 69131, 16795, 83006]"
110516,"[79433, 65875, 101210, 31171, 19444, 33960, 95163, 57730, 93824, 14702]"
110517,"[72744, 42477, 101030, 56756, 1365, 88328, 38825, 45442, 91795, 49098]"
110518,"[49864, 103873, 6197, 50415, 54573, 5670, 20771, 66824, 73972, 106655]"
110519,"[74762, 90022, 85064, 67437, 44236, 28317, 29740, 103912, 60736, 77952]"
110520,"[55522, 18139, 11952, 4280, 80140, 18978, 75668, 9603, 15580, 57977]"
110521,"[12332, 10708, 80283, 19247, 34871, 9531, 104944, 59472, 86130, 32779]"
110522,"[52943, 19442, 105631, 35044, 71512, 90504, 45789, 61283, 100201, 17006]"
110523,"[58679, 54322, 54745, 8634, 104398, 11831, 95466, 92315, 46508, 102019]"
110524,"[76178, 66442, 62632, 38513, 87509, 103192, 24769, 99484, 66877, 52396]"
110525,"[8887, 15467, 82172, 42558, 4559, 61623, 90327, 1139, 64923, 61303]"
110526,"[69539, 27687, 62145, 102624, 28079, 103386, 81616, 92648, 53931, 74453]"
110527,"[97282, 33713, 57528, 89360, 10526, 38450, 41275, 38686, 29401, 75849]"
110528,"[80411, 32952, 84208, 100052, 86004, 39035, 103784, 89211, 22582, 19020]"
110529,"[100236, 781, 105035, 91242, 102929, 95597, 64471, 23354, 29489, 105504]"
110530,"[33402, 15694, 70841, 59459, 9747, 80416, 27097, 94529, 4178, 52491]"
110531,"[27410, 63937, 7842, 44738, 66470, 44132, 44601, 75, 78325, 84128]"
110532,"[29397, 3325, 38447, 70455, 16047, 33751, 67111, 22203, 60528, 10319]"
110533,"[53738, 102498, 81119, 106278, 44060, 70331, 81097, 92944, 11660, 3723]"
110534,"[62067, 47292, 65299, 77138, 52016, 27069, 32265, 93812, 29986, 20871]"
110535,"[94669, 76626, 93577, 92550, 39084, 54615, 2715, 31827, 83777, 36729]"
110536,"[100471, 106000, 54815, 36757, 104569, 73870, 59780, 18731, 9879, 7343]"
110537,"[41751, 84944, 81226, 44072, 49962, 47849, 87116, 38453, 71226, 65613]"
110538,"[36998, 22076, 72, 59297, 38099, 95648, 90181, 98757, 46184, 91417]"
110539,"[37347, 71195, 29628, 70378, 59618, 108905, 75377, 12697, 98387, 108109]"
110540,"[64332, 89747, 66106, 37343, 28147, 107499, 41191, 75487, 75685, 33619]"
110541,"[104808, 99715, 72391, 82063, 105931, 35827, 68008, 60287, 82768, 27936]"
110542,"[52167, 64723, 247, 41761, 100518, 22148, 1337, 101031, 45207, 100017]"
110543,"[66675, 31013, 71869, 65829, 103652, 58701, 56447, 13665, 35944, 48251]"
110544,"[55683, 35048, 8790, 1413, 14005, 78029, 99123, 69480, 35136, 61140]"
110545,"[51937, 64982, 38661, 60672, 81282, 99400, 16319, 25011, 106807, 18581]"
110546,"[29550, 97559, 69816, 39133, 99882, 61167, 68749, 20167, 72367, 51160]"
110547,"[63253, 96525, 90020, 86087, 82206, 41976, 75178, 34558, 104024, 71603]"
110548,"[64209, 10616, 104061, 97479, 16507, 6793, 13256, 65382, 37494, 88482]"
110549,"[20076, 75422, 66174, 78594, 31119, 42909, 107137, 9172, 7157, 67755]"
110550,"[91964, 19780, 50685, 49145, 65147, 104170, 15863, 32820, 103822, 56989]"
110551,"[45385, 11111, 84007, 88702, 108136, 63603, 68335, 20695, 90273, 67023]"
110552,"[86906, 65988, 97444, 77183, 76314, 57855, 62601, 23399, 32713, 89316]"
110553,"[99349, 706, 4798, 30736, 95040, 92995, 22630, 28811, 54268, 26848]"
110554,"[34251, 71482, 80465, 48672, 44101, 13029, 96714, 24263, 95324, 14243]"
110555,"[98964, 8718, 5732, 51279, 1580, 11604, 81964, 47203, 48251, 48067]"
110556,"[59696, 23463, 64455, 108171, 4134, 102888, 21374, 66544, 699, 32960]"
110557,"[4303, 81738, 27158, 81219, 89755, 48748, 34566, 18030, 107892, 69571]"
110558,"[41188, 39483, 64976, 1685, 33341, 36551, 106739, 95784, 79898, 8529]"
110559,"[98929, 107466, 35711, 31243, 104259, 36204, 15165, 22983, 99971, 42910]"
110560,"[56374, 60843, 49653, 8710, 16166, 102160, 68272, 64630, 34163, 102590]"
110561,"[55252, 19450, 107460, 80715, 21813, 55878, 89334, 55127, 74953, 80637]"
110562,"[50529, 52667, 71357, 83703, 74916, 107940, 77454, 42205, 25011, 100193]"
110563,"[67560, 20196, 39028, 53906, 68500, 11091, 62000, 34461, 23524, 65200]"
110564,"[101119, 93697, 93232, 13668, 9170, 10425, 92294, 14188, 88742, 70531]"
110565,"[3475, 69778, 36513, 16936, 8910, 97548, 108008, 13911, 22654, 17454]"
110566,"[74927, 96627, 64783, 30000, 48658, 78730, 40737, 29706, 14700, 74662]"
110567,"[84523, 61673, 8403, 96030, 12761, 37159, 57927, 962, 58923, 44440]"
110568,"[44028, 10445, 85210, 73414, 54642, 71345, 104348, 105027, 105809, 82900]"
110569,"[10256, 78926, 56603, 44263, 41823, 19352, 58787, 43044, 25033, 8971]"
110570,"[8551, 109086, 29661, 78131, 104731, 93767, 31587, 56606, 49822, 78585]"
110571,"[96986, 105139, 47710, 3057, 810, 31254, 11028, 31985, 336, 69305]"
110572,"[99701, 94246, 89110, 45003, 11476, 52204, 77403, 32109, 102441, 67171]"
110573,"[2009, 53463, 47093, 40198, 100858, 66913, 51266, 31385, 97518, 86736]"
110574,"[31720, 24650, 71693, 1430, 31778, 104159, 77684, 38147, 71316, 53514]"
110575,"[38432, 107205, 49528, 77611, 59873, 88431, 43912, 66859, 23706, 90380]"
110576,"[49322, 39181, 10379, 48783, 4955, 65284, 8611, 14685, 44903, 103471]"
110577,"[15798, 57982, 53218, 80645, 2959, 76586, 43380, 22585, 3769, 4453]"
110578,"[75536, 73267, 67932, 49944, 25051, 76063, 46655, 81987, 44695, 87847]"
110579,"[101189, 89336, 94082, 79570, 79104, 98512, 51946, 21028, 108005, 35305]"
110580,"[76835, 41971, 68013, 25417, 82380, 87862, 30771, 49505, 32988, 51819]"
110581,"[8958, 40913, 34951, 49318, 7318, 94949, 54751, 73518, 38325, 107911]"
110582,"[27076, 99481, 79509, 13348, 70392, 62483, 101101, 101543, 65132, 20141]"
110583,"[71846, 104409, 60318, 86081, 74567, 79661, 100165, 76625, 2547, 36941]"
110584,"[96911, 66495, 37729, 89320, 47763, 76043, 84791, 10675, 5192, 25775]"
110585,"[106928, 65758, 91690, 2968, 39198, 16559, 24099, 42052, 24708, 75980]"
110586,"[34705, 62776, 86626, 20304, 69396, 38882, 67667, 18897, 16942, 101212]"
110587,"[38570, 17158, 20468, 73963, 104551, 22922, 22266, 98412, 31134, 109411]"
110588,"[58830, 41668, 19360, 34676, 95200, 76639, 88886, 28868, 27785, 103317]"
110589,"[50043, 44822, 1251, 106781, 25064, 102837, 35582, 57299, 40718, 39093]"
110590,"[53946, 7982, 47352, 96794, 52196, 9955, 11147, 52581, 103476, 52372]"
110591,"[63033, 109686, 14325, 82853, 80708, 6437, 11985, 64036, 108961, 36201]"
110592,"[40666, 1543, 47538, 23321, 72717, 49692, 94206, 42768, 24576, 13015]"
110593,"[15974, 102372, 1062, 44707, 3281, 92955, 67572, 21295, 86653, 75756]"
110594,"[48652, 101082, 48822, 56320, 42437, 86968, 44092, 57697, 23776, 80984]"
110595,"[77715, 103307, 26706, 106376, 12209, 9876, 37656, 57512, 10723, 27330]"
110596,"[7589, 52330, 66929, 83495, 79498, 80053, 39879, 74928, 97301, 99365]"
110597,"[5343, 66791, 68243, 90025, 102577, 109509, 20118, 43778, 22214, 106436]"
110598,"[83251, 104782, 12231, 24899, 94827, 17614, 72739, 76468, 6243, 52400]"
110599,"[78584, 6224, 69665, 77624, 87809, 22932, 49406, 6015, 104490, 95441]"
110600,"[104072, 43569, 52303, 8689, 80575, 22230, 32945, 37947, 64646, 7882]"
110601,"[17692, 37201, 7157, 91919, 45420, 107313, 20286, 73215, 8931, 8141]"
110602,"[56494, 93320, 91458, 109208, 70621, 96384, 17289, 53331, 58520, 333]"
110603,"[99966, 31394, 61430, 37059, 72209, 13121, 2063, 98111, 89596, 26274]"
110604,"[90648, 86856, 45499, 101954, 72527, 76493, 38887, 32078, 102521, 18285]"
110605,"[53908, 82118, 92930, 89016, 13712, 23800, 62362, 9850, 105708, 36253]"
110606,"[80074, 24656, 35666, 14900, 22272, 51410, 106897, 76483, 12607, 102000]"
110607,"[66760, 52589, 98010, 106140, 57419, 91851, 37334, 16065, 55197, 11295]"
110608,"[16772, 58428, 99845, 76105, 30541, 41762, 94018, 50336, 53612, 46569]"
110609,"[10967, 45868, 34512, 72250, 70187, 20036, 60943, 97832, 26009, 95182]"
110610,"[59540, 64193, 64032, 194, 99108, 54330, 65976, 103883, 89611, 36263]"
110611,"[98346, 19238, 9528, 63768, 4190, 61883, 37281, 77122, 58266, 33026]"
110612,"[22589, 73904, 41070, 39959, 5337, 101915, 101062, 88554, 52493, 64757]"
110613,"[47293, 102256, 18026, 24863, 44605, 80942, 19193, 91015, 67306, 68033]"
110614,"[1503, 24145, 20805, 96608, 21930, 36972, 17721, 53406, 102054, 40908]"
110615,"[91670, 24296, 59709, 79527, 20715, 101289, 87747, 72714, 108012, 90031]"
110616,"[30430, 4088, 1723, 31784, 370, 8855, 89406, 33942, 14165, 100721]"
110617,"[36327, 70291, 5147, 16003, 79364, 31544, 104331, 30124, 5785, 653]"
110618,"[27076, 70392, 103874, 61506, 70453, 9154, 26705, 87886, 62483, 83365]"
110619,"[13487, 59973, 3556, 92151, 4016, 43695, 78824, 71979, 52940, 59835]"
110620,"[48104, 70939, 105701, 45026, 90702, 30927, 50486, 104032, 28015, 68586]"
110621,"[47211, 78443, 84078, 36296, 7913, 80798, 10400, 69967, 60748, 38239]"
110622,"[78104, 95687, 10611, 54446, 18198, 78185, 50428, 11769, 75023, 103959]"
110623,"[73236, 76048, 18054, 32959, 60944, 106655, 78363, 81537, 73972, 26912]"
110624,"[43853, 26234, 1998, 60342, 65871, 23091, 978, 36994, 9160, 85113]"
110625,"[30133, 46636, 99479, 30631, 86897, 41566, 78610, 66353, 36708, 46461]"
110626,"[41888, 77250, 85730, 87780, 10472, 79006, 44497, 82178, 15487, 81717]"
110627,"[37599, 87534, 3444, 91650, 93697, 87657, 9170, 18405, 48860, 6857]"
110628,"[19085, 69533, 86673, 11788, 74498, 23499, 95264, 29853, 66065, 69760]"
110629,"[18959, 104590, 19954, 91661, 44096, 3806, 47255, 7492, 15951, 83424]"
110630,"[54948, 66921, 10809, 57726, 42000, 29250, 79245, 54901, 77412, 17181]"
110631,"[68307, 16842, 28303, 70186, 49914, 15762, 11571, 74066, 56709, 70027]"
110632,"[60403, 10498, 78103, 6065, 817, 72931, 60652, 22190, 97606, 57056]"
110633,"[25544, 96558, 7440, 19246, 86193, 80517, 57235, 7578, 105872, 99098]"
110634,"[15712, 492, 2818, 2455, 18990, 20074, 71173, 68548, 99365, 16665]"
110635,"[62417, 50025, 24307, 67331, 71984, 104111, 32555, 107947, 89509, 5263]"
110636,"[30292, 59673, 79186, 9164, 3770, 47840, 49705, 39897, 41876, 10946]"
110637,"[71451, 74092, 108422, 17851, 91845, 105896, 19882, 59468, 8046, 1224]"
110638,"[18182, 38789, 59464, 16038, 59216, 7448, 43309, 75062, 22796, 104824]"
110639,"[48943, 20102, 57377, 41084, 22404, 5606, 73603, 10674, 83941, 108578]"
110640,"[7554, 4035, 36001, 88714, 3837, 721, 106732, 37052, 23646, 24207]"
110641,"[76743, 64963, 79544, 70168, 43565, 8047, 2462, 45327, 88342, 28708]"
110642,"[2192, 101594, 106855, 5033, 71864, 105585, 76302, 12157, 46053, 42752]"
110643,"[82276, 48115, 50010, 98, 23887, 79912, 35757, 75608, 46745, 69126]"
110644,"[1814, 9927, 88040, 45515, 105124, 10362, 18778, 13065, 45532, 66412]"
110645,"[25718, 46920, 51175, 24865, 15213, 70264, 28817, 49764, 55521, 25819]"
110646,"[12667, 52367, 26869, 24268, 15623, 101321, 18089, 30725, 11358, 1684]"
110647,"[80210, 49866, 69750, 33762, 36715, 92176, 16563, 51050, 92874, 80881]"
110648,"[104494, 3580, 106814, 59085, 34544, 51003, 99655, 20225, 29400, 84983]"
110649,"[68188, 96559, 27182, 69810, 12519, 67195, 19501, 55572, 100263, 7938]"
110650,"[33267, 48195, 54567, 47434, 35990, 40580, 67495, 43930, 63225, 108727]"
110651,"[92060, 64296, 89671, 77685, 71351, 65415, 8760, 47436, 93559, 74178]"
110652,"[90755, 45445, 75457, 97678, 37081, 21624, 77968, 38897, 86600, 97940]"
110653,"[21055, 7393, 54067, 59052, 1512, 79823, 54584, 32594, 52638, 12509]"
110654,"[25221, 64378, 71837, 3746, 105651, 75070, 105012, 887, 93709, 96520]"
110655,"[40780, 20406, 59288, 68703, 26156, 20152, 46769, 94637, 21520, 37647]"
110656,"[16434, 28733, 80916, 80758, 46502, 105959, 7073, 75998, 18500, 71165]"
110657,"[59067, 105007, 23847, 39975, 27088, 92275, 20378, 71753, 106572, 26910]"
110658,"[32927, 67887, 60704, 13001, 24210, 5662, 99930, 39314, 67174, 58839]"
110659,"[1931, 23205, 60671, 96541, 101911, 23725, 32602, 84844, 21628, 83534]"
110660,"[103632, 15987, 89742, 93528, 36802, 41911, 93482, 74385, 76522, 86702]"
110661,"[6770, 21998, 72495, 81522, 47444, 62570, 100289, 56330, 34267, 98751]"
110662,"[30421, 4208, 6578, 60030, 67727, 28444, 86911, 62066, 63247, 57040]"
110663,"[63577, 48916, 7669, 49301, 36262, 93736, 35787, 41586, 73, 47145]"
110664,"[31271, 76103, 16846, 59634, 1764, 7572, 94592, 75585, 64928, 18962]"
110665,"[81914, 68962, 51312, 24222, 91954, 68646, 91205, 37889, 75693, 74528]"
110666,"[34008, 56800, 3234, 64804, 38234, 1022, 41738, 13879, 17150, 5548]"
110667,"[89386, 95292, 15865, 94276, 43052, 18271, 66991, 39510, 76027, 16852]"
110668,"[9294, 72977, 88587, 47242, 99248, 52275, 31107, 46538, 99453, 76392]"
110669,"[58929, 42184, 72287, 1214, 53990, 53190, 91639, 29054, 98702, 78150]"
110670,"[14535, 50961, 40666, 78347, 84422, 89867, 87771, 38827, 80019, 42175]"
110671,"[6631, 61098, 8117, 67790, 99228, 30244, 84488, 12961, 29786, 19768]"
110672,"[56769, 12545, 53927, 72757, 59903, 80987, 47376, 43631, 82668, 21079]"
110673,"[53741, 24628, 59828, 98621, 30979, 59571, 68511, 40739, 64038, 103972]"
110674,"[22135, 42379, 2146, 18893, 84703, 70495, 35347, 65566, 108185, 59028]"
110675,"[105937, 41853, 89750, 102785, 98366, 7703, 101127, 29118, 69748, 12956]"
110676,"[97809, 49227, 7204, 105309, 92141, 62054, 9998, 3776, 103218, 52099]"
110677,"[45004, 79313, 60746, 52921, 107955, 94691, 107762, 51054, 55153, 49161]"
110678,"[67432, 16979, 64579, 104173, 88670, 58886, 63137, 41525, 16636, 77253]"
110679,"[33843, 69289, 5211, 39007, 43563, 74001, 58770, 47056, 47880, 54527]"
110680,"[50185, 16901, 58642, 89803, 105837, 80815, 27672, 72828, 19560, 6039]"
110681,"[56157, 87312, 81412, 94185, 51150, 103912, 56220, 72248, 35239, 108443]"
110682,"[20581, 61616, 93058, 59645, 98518, 94502, 43046, 88422, 72605, 43684]"
110683,"[34433, 41027, 47922, 96560, 2953, 548, 26606, 70401, 61876, 5552]"
110684,"[99205, 87418, 17798, 35582, 4870, 61044, 49976, 14183, 69229, 50267]"
110685,"[64878, 30484, 71001, 25079, 41046, 87824, 84566, 27432, 9051, 15076]"
110686,"[42500, 6751, 1402, 24524, 28956, 100107, 48661, 10954, 53893, 9814]"
110687,"[72028, 103067, 71239, 76070, 78570, 21977, 33902, 77551, 54966, 54874]"
110688,"[63191, 58355, 99380, 32015, 7039, 35177, 95152, 95270, 14124, 71560]"
110689,"[61652, 102075, 47996, 59624, 95663, 34031, 3085, 6575, 73167, 11995]"
110690,"[1833, 33403, 106282, 72263, 82106, 46866, 4895, 75636, 61572, 23876]"
110691,"[22242, 100197, 49544, 17524, 105822, 23867, 88990, 92326, 23084, 77925]"
110692,"[54963, 46390, 34623, 100687, 60679, 20177, 80167, 45250, 61159, 57649]"
110693,"[60910, 4800, 77353, 95018, 44008, 6528, 46673, 100532, 39461, 49188]"
110694,"[9890, 108152, 29918, 72213, 97680, 10386, 96758, 52246, 107021, 58623]"
110695,"[98399, 62020, 20819, 104057, 20403, 40679, 84582, 109651, 44793, 7042]"
110696,"[74923, 50386, 98613, 104872, 6667, 73013, 69077, 95610, 47327, 54785]"
110697,"[1374, 97953, 109330, 59094, 35454, 23516, 48725, 43077, 28237, 75552]"
110698,"[31180, 88780, 61038, 86875, 94168, 2570, 36515, 32964, 95701, 12937]"
110699,"[2525, 71540, 102133, 33789, 106391, 89142, 25261, 16, 21472, 42742]"
110700,"[76509, 3760, 90159, 9360, 72343, 103698, 37728, 63028, 25604, 86898]"
110701,"[101903, 20314, 99863, 19153, 84571, 55582, 63818, 67111, 86678, 51646]"
110702,"[83292, 33523, 51271, 40460, 91861, 88287, 47409, 7265, 71773, 90318]"
110703,"[68048, 14520, 34841, 103915, 2856, 90076, 89369, 43777, 50737, 66475]"
110704,"[106765, 73627, 10394, 108805, 90097, 60415, 18161, 36703, 31033, 30257]"
110705,"[25262, 73367, 44771, 60623, 98810, 53139, 57233, 23589, 52851, 99570]"
110706,"[56444, 40263, 29626, 42490, 42516, 48694, 45634, 56440, 5575, 94690]"
110707,"[23442, 108444, 62673, 79868, 65169, 7006, 50874, 61665, 60578, 514]"
110708,"[4711, 818, 78169, 109057, 64225, 91162, 24896, 51394, 47350, 13730]"
110709,"[21661, 86062, 86173, 49542, 45155, 45906, 49776, 50140, 5876, 35362]"
110710,"[3410, 77255, 90171, 57134, 98695, 108877, 92137, 21233, 9553, 25401]"
110711,"[49439, 47032, 20035, 82915, 102193, 29969, 44783, 72896, 10643, 31459]"
110712,"[71527, 59805, 94369, 9978, 49093, 69962, 62110, 40722, 48651, 100302]"
110713,"[79676, 108191, 9094, 34890, 88294, 63265, 50050, 52680, 50500, 53418]"
110714,"[42944, 13308, 103015, 54208, 50795, 71192, 51846, 15449, 8196, 80614]"
110715,"[102588, 78654, 91913, 25569, 103383, 64250, 15572, 20740, 6181, 106772]"
110716,"[24756, 91101, 22730, 97197, 38942, 103093, 4667, 75633, 66617, 52094]"
110717,"[42881, 17820, 46284, 67352, 21278, 54923, 25118, 101325, 69213, 64088]"
110718,"[74846, 71383, 17730, 37394, 49657, 50793, 41913, 55174, 74444, 44855]"
110719,"[30986, 90186, 339, 99693, 53210, 48952, 3146, 94886, 26495, 78733]"
110720,"[25544, 99582, 7185, 86193, 57235, 97091, 7578, 105872, 55747, 8591]"
110721,"[72230, 107599, 7083, 40870, 107125, 105581, 25494, 83455, 87674, 93924]"
110722,"[90820, 102886, 105048, 89581, 63876, 103448, 64446, 78348, 87018, 83340]"
110723,"[106612, 86771, 61014, 101552, 77092, 12584, 69826, 26285, 92094, 5882]"
110724,"[28316, 71139, 90282, 52702, 44165, 75314, 28843, 20280, 11135, 58412]"
110725,"[34967, 36232, 104153, 92855, 26134, 20991, 100698, 498, 44389, 54070]"
110726,"[105592, 80924, 63633, 50470, 25980, 98028, 107921, 89032, 66781, 54018]"
110727,"[108896, 63267, 6358, 3100, 14865, 53388, 108922, 1171, 64949, 26295]"
110728,"[28077, 61492, 40828, 86468, 10888, 104643, 97216, 45612, 7330, 7034]"
110729,"[42573, 62854, 85649, 15636, 48262, 30472, 18913, 70630, 38634, 39079]"
110730,"[32614, 11516, 93764, 79925, 19682, 90637, 11576, 40584, 1576, 91265]"
110731,"[94400, 14306, 90574, 16493, 107391, 84226, 20442, 3142, 36328, 103249]"
110732,"[106266, 104000, 73981, 22880, 68197, 51250, 47825, 91039, 67004, 106023]"
110733,"[54446, 29649, 95687, 95301, 5791, 97069, 50918, 53976, 18417, 55011]"
110734,"[46887, 53306, 38348, 7038, 23437, 77031, 56673, 106331, 26906, 432]"
110735,"[9125, 107016, 29019, 9835, 54501, 92704, 13514, 84013, 79480, 52031]"
110736,"[97617, 28662, 25030, 29679, 80557, 1195, 4624, 70277, 28193, 12049]"
110737,"[91336, 30928, 63858, 42762, 64293, 76167, 8645, 90867, 16446, 90100]"
110738,"[45115, 73975, 102098, 91439, 19654, 8812, 13833, 86132, 29633, 52550]"
110739,"[35297, 38259, 91062, 58800, 108456, 63267, 53450, 37435, 101409, 92755]"
110740,"[77860, 4527, 77338, 75349, 43978, 108949, 51341, 29310, 59290, 16122]"
110741,"[10028, 89261, 57223, 50115, 93856, 38675, 18673, 15523, 60693, 73499]"
110742,"[24028, 68209, 35724, 11490, 77485, 25408, 6284, 21952, 60759, 2707]"
110743,"[76934, 64086, 11839, 11366, 5278, 64906, 86165, 108878, 89156, 31642]"
110744,"[96297, 65766, 97971, 74984, 13253, 102675, 30588, 83603, 98533, 93056]"
110745,"[58518, 57433, 53884, 2942, 98211, 73776, 37824, 64951, 17325, 63005]"
110746,"[40615, 64446, 94171, 102886, 78296, 29725, 6391, 57820, 78278, 33683]"
110747,"[53040, 20342, 94203, 94699, 30676, 7475, 82373, 46516, 61703, 36367]"
110748,"[80132, 25897, 53250, 10100, 4059, 60021, 3353, 26729, 69269, 97004]"
110749,"[74582, 42324, 33055, 64792, 61303, 41962, 74486, 25066, 42499, 4559]"
110750,"[72456, 70540, 80864, 101616, 109076, 76190, 28108, 28906, 56619, 48627]"
110751,"[84941, 26758, 90206, 29243, 46032, 100482, 100947, 55971, 48911, 106234]"
110752,"[57853, 41833, 103489, 57003, 44167, 72107, 34377, 55060, 35245, 77624]"
110753,"[89963, 38404, 28625, 113, 25081, 33618, 58791, 105216, 70498, 73765]"
110754,"[105650, 30987, 36580, 53200, 65393, 2834, 26498, 76850, 55053, 109575]"
110755,"[99540, 3693, 5110, 98266, 10793, 57965, 28865, 101841, 60601, 16165]"
110756,"[107232, 101823, 84774, 13787, 69130, 80100, 68522, 5139, 66601, 106154]"
110757,"[41814, 17451, 106454, 82814, 105221, 10612, 71042, 29044, 41199, 34861]"
110758,"[45003, 32109, 102441, 43246, 99954, 103373, 52204, 90552, 103133, 74446]"
110759,"[79817, 10018, 25028, 21540, 100458, 25935, 14707, 66078, 109720, 50218]"
110760,"[70085, 102487, 76895, 68642, 108929, 41692, 14669, 41848, 49400, 85817]"
110761,"[90384, 9791, 98927, 89835, 12204, 48445, 47481, 27335, 56846, 67417]"
110762,"[72089, 77342, 61610, 42237, 36638, 55633, 2965, 88506, 55152, 98082]"
110763,"[102188, 106386, 36188, 107808, 18613, 70165, 98981, 73315, 43483, 14723]"
110764,"[64007, 22533, 52558, 44004, 51599, 94540, 32153, 86871, 48782, 10316]"
110765,"[31815, 93615, 51601, 31661, 97267, 31811, 13540, 23012, 63392, 96880]"
110766,"[47974, 103561, 91337, 36274, 59520, 49291, 61916, 53170, 82928, 28775]"
110767,"[61701, 31986, 37784, 106896, 47055, 89125, 55615, 7500, 11639, 58745]"
110768,"[3541, 108076, 51907, 61480, 17094, 21500, 100255, 2501, 32787, 28096]"
110769,"[62791, 99495, 106106, 88394, 91995, 39818, 14446, 103989, 8266, 36678]"
110770,"[79998, 85230, 25010, 96950, 54858, 64790, 64672, 60714, 25527, 96625]"
110771,"[16657, 27314, 8131, 42194, 83598, 96954, 78206, 49585, 7734, 89239]"
110772,"[93087, 90522, 9606, 24050, 36127, 85924, 8424, 82979, 43187, 57345]"
110773,"[52530, 92191, 44948, 91937, 38190, 57943, 84830, 108614, 65982, 12698]"
110774,"[39571, 48961, 18826, 79281, 92308, 36186, 76580, 46746, 13496, 62530]"
110775,"[58702, 42023, 2508, 36995, 31358, 14858, 25362, 46797, 107438, 47776]"
110776,"[3531, 29084, 78324, 94252, 92871, 96966, 74830, 100292, 29729, 81818]"
110777,"[89597, 50782, 58215, 54563, 6930, 39522, 81946, 42074, 44316, 90576]"
110778,"[6061, 27557, 31278, 5887, 6739, 58730, 65166, 56855, 106301, 62513]"
110779,"[60250, 104904, 53405, 26464, 91582, 96605, 94440, 307, 56695, 101228]"
110780,"[101673, 19602, 894, 50454, 104823, 14116, 41766, 58812, 97404, 101573]"
110781,"[81803, 84615, 37402, 24765, 30221, 73560, 33176, 28145, 50457, 9632]"
110782,"[66518, 93019, 15936, 63522, 38973, 5982, 80762, 108976, 26903, 40030]"
110783,"[78577, 37633, 22770, 102957, 84696, 57669, 54471, 86754, 99363, 13678]"
110784,"[42558, 84583, 65794, 86274, 105428, 26428, 61041, 40571, 15067, 30285]"
110785,"[875, 22975, 29707, 57745, 60131, 62982, 73946, 101804, 68684, 42398]"
110786,"[1868, 101063, 22873, 2163, 107343, 36916, 91170, 14279, 58117, 99758]"
110787,"[28879, 6669, 57874, 109218, 40623, 28546, 77941, 97885, 86207, 85784]"
110788,"[106042, 77520, 34012, 52415, 62101, 10682, 51162, 9155, 69696, 32680]"
110789,"[7531, 84086, 46967, 42061, 5865, 91332, 46599, 92139, 9984, 6886]"
110790,"[16611, 69481, 6688, 32834, 7134, 48187, 35921, 14297, 88062, 52132]"
110791,"[86229, 66028, 52995, 102119, 92759, 20693, 22069, 53389, 101074, 35083]"
110792,"[79514, 25841, 52716, 58014, 48435, 8908, 5459, 107922, 73262, 37265]"
110793,"[38597, 94347, 12463, 85370, 36907, 37332, 16949, 41609, 73319, 59681]"
110794,"[63226, 27332, 71151, 79506, 83264, 94135, 28818, 14484, 18938, 25358]"
110795,"[18918, 83427, 46182, 1257, 45386, 9063, 65411, 9901, 49971, 56212]"
110796,"[2646, 105598, 35019, 54590, 758, 23220, 80392, 64258, 104312, 75082]"
110797,"[18671, 61216, 7757, 1967, 10307, 90409, 72092, 44058, 86769, 41843]"
110798,"[5653, 30559, 74352, 95401, 57468, 102812, 83476, 89794, 84768, 23386]"
110799,"[95616, 12146, 34368, 89373, 7833, 11272, 66275, 53487, 3072, 107923]"
110800,"[34025, 92756, 26623, 78060, 58399, 39323, 17519, 89537, 28576, 5457]"
110801,"[63202, 29201, 58594, 83536, 91374, 38689, 95831, 46200, 78185, 107170]"
110802,"[79317, 52798, 54300, 96422, 22385, 36755, 33967, 67188, 35159, 51933]"
110803,"[25608, 106199, 41918, 99544, 78595, 23074, 184, 26864, 8687, 56012]"
110804,"[51366, 98016, 79612, 30947, 25000, 93225, 55050, 23997, 63293, 60060]"
110805,"[6995, 96428, 95301, 46935, 1520, 48825, 77034, 83167, 31253, 86210]"
110806,"[51776, 13297, 23403, 5676, 55192, 8933, 10298, 38908, 68630, 9177]"
110807,"[54131, 25575, 64671, 98259, 48571, 108951, 22340, 101915, 67946, 102209]"
110808,"[70594, 107358, 100915, 37163, 68071, 50626, 92490, 94664, 40799, 78908]"
110809,"[28422, 108444, 55597, 7356, 1367, 46499, 21724, 72577, 44545, 95136]"
110810,"[19517, 3871, 22106, 103010, 23859, 25479, 80830, 13757, 22577, 84123]"
110811,"[101599, 23934, 101347, 34762, 4772, 52826, 60231, 91440, 26317, 80362]"
110812,"[69423, 36350, 30967, 23117, 44988, 95899, 41896, 89329, 22994, 29824]"
110813,"[101528, 15381, 102402, 70327, 37067, 59888, 87629, 76301, 63288, 17774]"
110814,"[52489, 20896, 108105, 1462, 396, 34036, 50920, 40130, 109530, 94525]"
110815,"[47846, 66728, 106671, 98563, 83382, 8313, 36617, 100642, 27131, 100190]"
110816,"[21462, 73491, 101760, 73152, 25768, 8378, 79357, 106507, 34243, 70126]"
110817,"[1116, 10157, 23407, 90038, 67792, 32916, 93980, 73671, 57998, 43334]"
110818,"[35755, 81531, 80853, 17789, 4079, 101784, 53361, 102584, 83358, 81604]"
110819,"[78278, 101257, 53340, 75964, 84656, 88939, 33683, 56507, 40615, 11089]"
110820,"[55540, 39105, 100040, 66763, 66342, 91352, 51691, 104842, 69847, 98083]"
110821,"[77621, 30253, 1120, 55021, 100943, 94646, 30301, 55136, 76666, 91347]"
110822,"[88348, 90979, 89493, 86125, 95346, 47720, 48004, 39133, 43414, 70913]"
110823,"[69669, 35367, 51880, 54021, 17301, 28906, 99702, 66055, 24347, 77500]"
110824,"[107591, 67103, 22839, 26781, 45024, 104274, 27685, 65142, 8691, 57582]"
110825,"[58476, 108157, 87237, 24562, 86332, 92213, 83883, 12617, 22353, 50819]"
110826,"[102141, 18190, 59911, 88616, 58062, 1046, 23177, 43847, 38723, 59778]"
110827,"[67522, 104641, 29549, 87009, 77585, 27174, 18462, 22339, 73156, 36005]"
110828,"[74826, 39224, 90204, 96425, 31852, 63037, 58428, 20682, 50336, 94018]"
110829,"[88773, 14830, 94900, 50303, 72389, 106241, 97382, 45534, 97302, 55745]"
110830,"[90982, 55928, 55389, 79265, 69751, 1386, 7654, 4135, 103747, 8455]"
110831,"[67539, 35201, 2873, 40177, 61210, 52180, 92549, 40958, 21280, 50834]"
110832,"[32720, 72832, 1878, 61942, 40755, 11626, 49442, 87769, 74834, 82252]"
110833,"[16484, 32676, 32686, 66472, 21017, 89273, 29217, 81525, 21868, 42079]"
110834,"[33808, 43768, 61670, 57567, 70445, 71998, 38104, 79415, 28870, 28760]"
110835,"[15234, 81596, 34435, 65732, 106279, 87733, 60503, 90416, 16779, 83866]"
110836,"[16514, 93836, 107499, 13562, 16403, 103918, 65243, 52150, 109321, 29134]"
110837,"[93065, 45487, 42288, 65904, 8140, 29534, 109154, 21270, 44624, 70154]"
110838,"[62389, 109765, 27063, 28970, 58133, 74388, 29518, 28032, 102550, 10344]"
110839,"[63764, 32364, 45241, 64408, 3297, 26620, 54253, 98747, 16340, 102436]"
110840,"[9083, 69811, 80626, 19715, 82641, 79144, 45899, 92035, 46001, 854]"
110841,"[1394, 57008, 3611, 51706, 93217, 70374, 92586, 82228, 1841, 55246]"
110842,"[45485, 100871, 54084, 37994, 108643, 43274, 109676, 64065, 24773, 21087]"
110843,"[6720, 102634, 88138, 79451, 21831, 34912, 3837, 49394, 721, 73777]"
110844,"[92796, 17565, 63520, 104393, 19299, 72370, 51251, 13000, 58298, 96054]"
110845,"[26830, 55763, 11770, 32695, 101553, 68452, 12673, 4380, 57763, 82799]"
110846,"[12260, 18487, 22968, 48859, 103009, 28297, 27347, 86981, 104694, 83043]"
110847,"[53120, 36448, 73488, 6616, 44901, 23476, 7035, 99847, 69597, 4953]"
110848,"[92224, 101129, 45333, 20090, 95593, 69492, 17545, 63154, 84785, 84313]"
110849,"[82698, 5332, 105811, 99583, 56032, 63781, 28857, 33383, 82668, 25348]"
110850,"[76099, 83466, 83790, 35202, 60978, 34203, 22247, 19892, 85808, 20090]"
110851,"[54285, 87240, 80563, 54362, 26491, 678, 65376, 70831, 63734, 41138]"
110852,"[71427, 69757, 109525, 11631, 49896, 68655, 169, 91151, 24007, 13958]"
110853,"[39717, 100428, 31174, 95910, 55116, 63963, 45800, 81357, 56423, 97683]"
110854,"[95428, 3675, 103083, 2444, 65522, 42185, 47508, 19028, 87903, 59560]"
110855,"[99672, 46072, 38482, 64695, 10026, 81569, 92472, 48088, 4897, 66954]"
110856,"[74503, 68886, 22346, 42374, 93661, 22274, 51982, 57455, 4526, 58005]"
110857,"[92003, 109095, 97928, 4045, 90861, 88067, 51381, 79528, 40151, 41366]"
110858,"[49628, 53307, 12109, 41372, 62668, 99172, 28178, 30394, 96956, 54973]"
110859,"[7652, 64459, 302, 9362, 32189, 77573, 52790, 9820, 105316, 76667]"
110860,"[104815, 23250, 57306, 47883, 23598, 66062, 80498, 96424, 52542, 96559]"
110861,"[36597, 63888, 93922, 55733, 87609, 109300, 14573, 43727, 19455, 82136]"
110862,"[83810, 37311, 99119, 1807, 40235, 18680, 69725, 37358, 26905, 36590]"
110863,"[16118, 39645, 86273, 17036, 64245, 16992, 87618, 13467, 58845, 8660]"
110864,"[42682, 38500, 15661, 23377, 54966, 93085, 45156, 104646, 107836, 97017]"
110865,"[21552, 18353, 41498, 73367, 35962, 106751, 28102, 79042, 98677, 21453]"
110866,"[46464, 28575, 33635, 21418, 13624, 39095, 17118, 65636, 80590, 6506]"
110867,"[33246, 87492, 105342, 15928, 74885, 49266, 13116, 19573, 31488, 62363]"
110868,"[94348, 14100, 77800, 13615, 88822, 103217, 58711, 30710, 106794, 106537]"
110869,"[94682, 84264, 84803, 86043, 104197, 107607, 33805, 33204, 86325, 20787]"
110870,"[89802, 67589, 55176, 61278, 42278, 95738, 7961, 83779, 24241, 2532]"
110871,"[25880, 21511, 87837, 28912, 42091, 34466, 72669, 38907, 47389, 38107]"
110872,"[31173, 60546, 17675, 64493, 67484, 28260, 91576, 91784, 82434, 31362]"
110873,"[61528, 50080, 63479, 75362, 17046, 7287, 23884, 29883, 51042, 63675]"
110874,"[103325, 14908, 92597, 89106, 61812, 6329, 26667, 53522, 42227, 47619]"
110875,"[104282, 96860, 37560, 74007, 30291, 88808, 104908, 83697, 104580, 1542]"
110876,"[80504, 54954, 78431, 15038, 19448, 86428, 14791, 32450, 78650, 25895]"
110877,"[98465, 104325, 86391, 71037, 64897, 103707, 51, 100648, 97516, 93631]"
110878,"[67878, 68149, 15387, 40457, 28549, 71682, 67341, 66695, 82060, 20453]"
110879,"[85345, 82027, 81783, 22192, 61306, 71612, 40392, 88870, 92984, 29465]"
110880,"[63035, 93135, 33898, 83218, 87541, 35113, 25124, 17892, 74369, 101510]"
110881,"[98308, 59455, 29954, 104881, 39154, 34654, 9672, 81464, 26113, 94706]"
110882,"[60609, 93538, 91325, 70233, 19531, 30762, 98409, 47890, 61244, 107317]"
110883,"[1094, 39148, 66444, 104828, 94472, 61597, 77948, 61744, 74989, 26542]"
110884,"[93332, 32411, 80475, 99801, 109397, 68219, 102582, 71079, 56780, 71652]"
110885,"[1517, 51465, 35014, 99417, 75795, 86308, 108165, 36455, 78686, 76947]"
110886,"[41159, 67941, 65187, 3117, 29934, 67063, 41771, 90091, 65454, 106569]"
110887,"[96970, 60494, 34479, 30963, 101, 80966, 72497, 1756, 27348, 97113]"
110888,"[65154, 4369, 20052, 73701, 46382, 91743, 19794, 5820, 1581, 3906]"
110889,"[95923, 26856, 70418, 74076, 74593, 92129, 729, 53815, 57016, 49232]"
110890,"[103169, 67001, 4117, 62247, 36900, 52650, 42397, 2587, 56211, 63640]"
110891,"[48695, 94847, 59714, 19642, 24316, 66028, 57623, 107807, 63193, 21216]"
110892,"[24834, 88450, 56866, 29850, 18077, 27057, 19099, 85968, 96809, 60113]"
110893,"[13898, 104882, 2240, 15399, 38106, 27205, 75049, 77736, 35769, 24633]"
110894,"[7311, 44696, 78511, 2007, 23277, 83654, 74302, 34442, 36479, 94192]"
110895,"[74986, 21898, 107959, 48140, 43029, 8090, 59312, 77474, 60144, 20674]"
110896,"[102527, 72510, 101731, 44942, 63686, 66039, 34748, 104785, 42956, 73595]"
110897,"[21712, 61251, 44639, 81416, 63874, 43158, 87105, 3890, 93571, 29511]"
110898,"[94913, 87632, 8550, 39363, 62441, 82658, 17180, 87865, 77162, 108572]"
110899,"[73557, 10339, 24174, 17885, 60829, 106959, 77029, 2461, 36770, 25986]"
110900,"[8015, 48954, 25793, 45113, 99677, 10834, 4510, 107100, 52707, 106841]"
110901,"[30846, 77886, 35399, 24854, 51672, 84284, 55545, 438, 89994, 74641]"
110902,"[92174, 100974, 94483, 35492, 85899, 35203, 31066, 41034, 21475, 21912]"
110903,"[21595, 65924, 68581, 48184, 102711, 94927, 87118, 89642, 87249, 58573]"
110904,"[53484, 12790, 13270, 35573, 31070, 101337, 39931, 77274, 85998, 49356]"
110905,"[23838, 102108, 34787, 21517, 17994, 48061, 99194, 101427, 71425, 40669]"
110906,"[88267, 80208, 42594, 4470, 23193, 14534, 57671, 85842, 88639, 66559]"
110907,"[53411, 57051, 34734, 71143, 31556, 15390, 91498, 33957, 100207, 836]"
110908,"[26502, 62536, 48190, 95820, 34722, 8327, 9671, 72855, 9668, 18953]"
110909,"[13422, 21299, 33796, 9393, 32988, 90212, 76835, 82380, 62694, 27018]"
110910,"[19019, 76188, 101997, 44853, 60318, 59448, 72158, 7698, 10581, 88346]"
110911,"[38081, 57246, 37047, 10426, 27281, 9879, 18731, 10483, 79370, 3500]"
110912,"[84760, 87860, 108168, 75085, 68257, 107463, 2618, 71960, 104632, 65328]"
110913,"[108465, 87635, 59707, 74641, 995, 7074, 30901, 21672, 11182, 4068]"
110914,"[10582, 21823, 99952, 39948, 14565, 78407, 55515, 58894, 67232, 82566]"
110915,"[83462, 43109, 55697, 2703, 3560, 109428, 4144, 41394, 101597, 30504]"
110916,"[42959, 99210, 44593, 1834, 16208, 94702, 49991, 71849, 102895, 38893]"
110917,"[55930, 84353, 97942, 102950, 64945, 99442, 72930, 53932, 45222, 29049]"
110918,"[84152, 81784, 16396, 93849, 93729, 32789, 4409, 50762, 1328, 88840]"
110919,"[56218, 34604, 57128, 103966, 15475, 2546, 103957, 66569, 53963, 109567]"
110920,"[2147, 17830, 21690, 65296, 37690, 67265, 51492, 15088, 102548, 61253]"
110921,"[21888, 58317, 7872, 18899, 2346, 109704, 1704, 29982, 33165, 40340]"
110922,"[60542, 31371, 52628, 68075, 93862, 63499, 8796, 63068, 16622, 41525]"
110923,"[10451, 29862, 109171, 84196, 36299, 4426, 108435, 99131, 64426, 15178]"
110924,"[26051, 7707, 83326, 87883, 98269, 71553, 7760, 35816, 12374, 38217]"
110925,"[60163, 103486, 53944, 91497, 104078, 25784, 98187, 40745, 89039, 67383]"
110926,"[81535, 69191, 86446, 90914, 26634, 59665, 71473, 72592, 26752, 68146]"
110927,"[95950, 56363, 21222, 72857, 84560, 40435, 26992, 71747, 24616, 39973]"
110928,"[73957, 39533, 12075, 73642, 73732, 98661, 100890, 89061, 75036, 81709]"
110929,"[27616, 104935, 58491, 29192, 53383, 94267, 92774, 83334, 83081, 39172]"
110930,"[16574, 84090, 41505, 31647, 49481, 25323, 2936, 107630, 61862, 36944]"
110931,"[100483, 78766, 59553, 45563, 14667, 40811, 31012, 69952, 77238, 76358]"
110932,"[92834, 99411, 73177, 27581, 34127, 78175, 68295, 53520, 95124, 37758]"
110933,"[30148, 4571, 11532, 6252, 36491, 33393, 40509, 27892, 76339, 36309]"
110934,"[59496, 48939, 29950, 28603, 20520, 19848, 53653, 76843, 17698, 100469]"
110935,"[91307, 45144, 100394, 60116, 84092, 97907, 97632, 1897, 11711, 44012]"
110936,"[104808, 105931, 72391, 99715, 82063, 68008, 60287, 8000, 86882, 27936]"
110937,"[109634, 104668, 32679, 5814, 48003, 56611, 100006, 62468, 4266, 41751]"
110938,"[7556, 56038, 78182, 48800, 15124, 24459, 10639, 3703, 62258, 71180]"
110939,"[37449, 31367, 91365, 90204, 72602, 106893, 76993, 79108, 25658, 100000]"
110940,"[57153, 109746, 31419, 66802, 68193, 92009, 69576, 57544, 96281, 36762]"
110941,"[103930, 19679, 95212, 78367, 56940, 91655, 55590, 102196, 24816, 95330]"
110942,"[6532, 74979, 47786, 30998, 54179, 48289, 5533, 44340, 52177, 62465]"
110943,"[66489, 9944, 98560, 105216, 6982, 33618, 81695, 62026, 28382, 55879]"
110944,"[109600, 101539, 50466, 45281, 60699, 94029, 11323, 68111, 10457, 37928]"
110945,"[105909, 67729, 26763, 10649, 25223, 64814, 29279, 108763, 20781, 55439]"
110946,"[94395, 83913, 52400, 9875, 67953, 37926, 75046, 27106, 94725, 99115]"
110947,"[17835, 49318, 105057, 77205, 88933, 63816, 39386, 29172, 36641, 72147]"
110948,"[72607, 79266, 15052, 59946, 59795, 99432, 55083, 102090, 63808, 16790]"
110949,"[25264, 58737, 69471, 86415, 54532, 76074, 109720, 86261, 79817, 102599]"
110950,"[100758, 16613, 92012, 85804, 66126, 109712, 105217, 51294, 23347, 102400]"
110951,"[40475, 3683, 92118, 27543, 10989, 55181, 72571, 82922, 31557, 20265]"
110952,"[80907, 90323, 35354, 38897, 68291, 73422, 9937, 35773, 58270, 95908]"
110953,"[96551, 69671, 96318, 43990, 60933, 39870, 17915, 85266, 57801, 26873]"
110954,"[97430, 45680, 87062, 95286, 96246, 63427, 72789, 3175, 78299, 10119]"
110955,"[17379, 84318, 31052, 109468, 84661, 66124, 4249, 29314, 69899, 96391]"
110956,"[102569, 30470, 72581, 108474, 53284, 17861, 28127, 97918, 91292, 41532]"
110957,"[103768, 32670, 60892, 2982, 45964, 59815, 45792, 56993, 109177, 57548]"
110958,"[103069, 10036, 59303, 83887, 44141, 59546, 80540, 15820, 77343, 89598]"
110959,"[44515, 35757, 75608, 71973, 94498, 84940, 26859, 22430, 75344, 9901]"
110960,"[13516, 45720, 68638, 81001, 74181, 75721, 668, 12618, 59818, 10377]"
110961,"[76806, 88409, 47789, 10382, 35171, 54032, 82455, 13762, 101206, 57533]"
110962,"[75357, 46081, 74278, 108457, 12080, 40837, 94644, 38371, 17511, 58681]"
110963,"[76009, 46670, 20264, 94279, 77554, 86831, 4361, 76326, 2190, 105093]"
110964,"[56084, 49148, 41356, 99139, 97558, 58219, 27385, 53476, 2443, 22466]"
110965,"[106620, 3520, 13651, 76340, 78028, 20903, 37525, 6719, 63348, 85514]"
110966,"[36878, 60841, 69161, 7514, 59950, 12922, 81131, 73404, 29770, 61979]"
110967,"[99985, 53245, 94414, 11036, 72756, 11051, 36833, 92114, 106566, 10933]"
110968,"[96648, 15211, 39669, 96867, 259, 62256, 15287, 67515, 56025, 17946]"
110969,"[43960, 90307, 64614, 62753, 76613, 6486, 35529, 88817, 90784, 37939]"
110970,"[17405, 54505, 63307, 43323, 1967, 86769, 54961, 43933, 24621, 72054]"
110971,"[57865, 86108, 33793, 74827, 47861, 67960, 37836, 32380, 105747, 105248]"
110972,"[33799, 23236, 34587, 80055, 32904, 77027, 81672, 349, 12436, 5489]"
110973,"[81311, 85873, 104546, 39365, 57488, 97994, 82015, 78031, 55065, 11710]"
110974,"[11820, 106568, 81423, 90254, 41011, 92067, 79204, 61320, 176, 69898]"
110975,"[14915, 40359, 74009, 70857, 64986, 15711, 88223, 96160, 27866, 60934]"
110976,"[65576, 20560, 102320, 35329, 98534, 11836, 92592, 89088, 84128, 96186]"
110977,"[89486, 34331, 19712, 8533, 71952, 76810, 39568, 59969, 109459, 65460]"
110978,"[59658, 89007, 7636, 3400, 101479, 79580, 3671, 24556, 61562, 69802]"
110979,"[71789, 86825, 66726, 42872, 71647, 32474, 57537, 21314, 102652, 7697]"
110980,"[97656, 58466, 4183, 19649, 141, 43190, 37264, 41685, 54268, 71111]"
110981,"[108403, 35279, 78592, 1700, 20905, 97513, 63546, 107997, 78902, 30157]"
110982,"[92911, 37374, 100498, 72656, 65247, 82132, 57700, 37935, 57147, 39591]"
110983,"[47381, 79541, 72162, 21843, 21594, 51955, 33936, 2044, 45077, 11677]"
110984,"[86253, 46487, 93112, 59168, 62590, 19393, 87890, 80389, 96953, 63200]"
110985,"[23058, 25459, 31749, 38528, 1255, 3864, 92095, 74475, 96079, 5261]"
110986,"[70693, 11430, 84822, 16212, 84673, 54169, 107048, 89703, 68986, 60820]"
110987,"[83147, 31355, 74011, 73795, 63038, 57124, 28487, 65773, 97295, 90538]"
110988,"[82520, 34608, 25482, 69462, 50918, 32292, 95226, 31839, 94639, 18417]"
110989,"[83074, 40432, 52990, 66935, 88356, 57465, 92986, 105241, 89326, 40016]"
110990,"[30533, 69866, 90218, 104725, 10886, 76275, 62662, 15709, 59869, 22988]"
110991,"[14419, 100373, 4230, 60133, 80357, 83031, 42748, 88396, 43691, 103503]"
110992,"[15961, 40210, 67154, 97544, 103156, 69525, 102778, 89463, 28074, 83996]"
110993,"[58853, 17308, 67215, 18366, 14311, 73940, 89091, 64997, 108430, 42360]"
110994,"[86876, 36834, 66956, 56074, 26452, 43459, 35336, 63093, 4921, 27443]"
110995,"[1534, 32377, 51721, 79330, 18927, 24315, 94794, 95958, 21121, 74164]"
110996,"[70753, 81043, 102935, 68722, 14639, 53215, 90193, 85172, 63013, 84180]"
110997,"[36586, 103235, 85892, 81586, 108474, 77982, 32668, 90591, 104176, 91292]"
110998,"[50533, 109570, 13272, 35663, 40272, 25216, 4459, 41108, 35528, 94231]"
110999,"[58705, 51380, 108572, 89949, 71049, 90434, 22332, 55507, 98225, 8550]"
111000,"[90031, 87747, 87598, 78742, 40320, 58564, 97210, 82083, 100845, 46541]"
111001,"[90326, 21668, 52010, 57508, 32971, 53905, 16587, 101033, 63910, 72575]"
111002,"[2615, 40772, 8885, 11288, 27936, 60497, 46604, 64673, 55681, 70625]"
111003,"[23560, 65663, 107780, 47960, 44590, 8114, 38410, 36764, 28839, 39335]"
111004,"[6921, 54613, 20905, 26674, 78902, 108539, 25685, 47289, 94481, 3074]"
111005,"[76923, 103395, 53420, 47407, 31837, 70035, 43606, 109692, 3295, 104897]"
111006,"[45652, 5415, 27185, 4460, 92539, 27089, 73842, 18030, 71300, 72996]"
111007,"[10985, 74516, 97176, 98889, 65443, 76198, 45741, 22631, 99403, 3862]"
111008,"[25127, 52677, 41834, 36564, 91525, 93797, 21065, 26786, 107308, 62708]"
111009,"[29353, 47344, 2083, 102068, 101059, 88380, 81655, 31390, 64844, 6335]"
111010,"[99160, 90245, 11583, 87201, 82511, 78076, 73427, 64698, 44902, 101079]"
111011,"[37769, 93819, 90291, 3572, 2298, 57657, 20808, 43262, 10038, 19736]"
111012,"[78121, 22254, 43845, 35944, 50154, 53509, 106647, 100073, 47199, 61803]"
111013,"[25717, 3141, 96658, 30722, 39827, 76456, 82954, 64990, 32360, 51800]"
111014,"[1746, 102201, 33277, 29280, 81909, 66267, 38573, 21365, 17156, 5718]"
111015,"[21153, 30361, 72018, 24750, 14160, 66937, 32930, 86730, 2361, 83237]"
111016,"[37634, 26468, 47231, 72677, 61393, 70105, 2320, 27401, 64337, 62104]"
111017,"[75061, 66291, 28526, 74388, 97853, 85055, 28186, 24904, 84756, 90970]"
111018,"[92021, 76849, 51068, 9878, 44933, 16748, 102712, 4070, 50729, 49094]"
111019,"[61085, 46822, 49760, 79485, 59378, 48111, 58404, 50877, 102003, 54171]"
111020,"[90289, 64538, 3704, 25111, 29556, 95733, 50924, 20109, 14291, 109546]"
111021,"[106805, 93229, 88475, 103583, 59754, 35701, 37798, 32494, 7985, 48098]"
111022,"[88968, 104806, 107127, 42162, 54250, 14961, 29525, 66661, 94288, 99382]"
111023,"[32943, 69045, 49433, 29659, 80866, 976, 21253, 20496, 21936, 86385]"
111024,"[88550, 227, 11535, 1984, 59493, 45662, 89675, 64871, 37149, 26434]"
111025,"[75717, 106189, 97015, 6795, 49720, 108931, 69204, 27491, 102508, 70792]"
111026,"[75833, 25284, 29095, 109590, 22359, 75806, 97171, 36240, 43446, 65221]"
111027,"[49196, 105584, 27436, 68056, 7611, 17470, 30352, 84890, 2184, 24969]"
111028,"[69314, 20495, 73093, 53157, 71129, 74544, 70023, 93813, 5859, 80104]"
111029,"[66734, 104380, 84077, 2309, 27346, 55569, 107734, 82477, 42636, 82790]"
111030,"[91661, 28616, 18536, 89440, 13988, 47255, 792, 10263, 63076, 74218]"
111031,"[75922, 78022, 54164, 93975, 38360, 39347, 66634, 35312, 65673, 76030]"
111032,"[32669, 17668, 12758, 86953, 26268, 52673, 72076, 8910, 97335, 41890]"
111033,"[71216, 75484, 97678, 4524, 78242, 68825, 3988, 29756, 57333, 22554]"
111034,"[102248, 27818, 44549, 108027, 25752, 93257, 37750, 66830, 103207, 10501]"
111035,"[8891, 46326, 1054, 13453, 89054, 35786, 9663, 1296, 50304, 37598]"
111036,"[48351, 39387, 85736, 98222, 68601, 38092, 20472, 16315, 98697, 13764]"
111037,"[40822, 107760, 28182, 109335, 42208, 93903, 21965, 53631, 100578, 55210]"
111038,"[26131, 104332, 100301, 76600, 24156, 101542, 67125, 884, 278, 52963]"
111039,"[80634, 102800, 78411, 11560, 41781, 49954, 85716, 69477, 15908, 85213]"
111040,"[47388, 44022, 14344, 45545, 34660, 948, 19592, 96959, 33035, 97888]"
111041,"[4222, 19882, 105360, 18754, 66314, 29199, 91715, 76910, 13557, 75549]"
111042,"[91647, 6097, 4596, 21095, 76563, 12613, 84795, 79475, 89209, 84901]"
111043,"[87014, 41810, 21541, 78407, 63819, 19088, 72921, 76768, 97835, 5021]"
111044,"[68690, 24378, 44328, 10017, 78838, 37122, 83033, 34379, 108604, 70729]"
111045,"[83127, 62226, 51300, 9424, 70068, 57663, 54160, 100192, 30398, 53136]"
111046,"[73518, 8958, 100496, 18950, 38780, 49279, 17150, 94949, 40913, 7318]"
111047,"[94379, 108566, 41911, 9110, 102787, 45307, 92228, 62384, 89742, 43486]"
111048,"[27576, 2867, 23510, 73654, 94474, 93669, 23394, 98917, 21136, 103013]"
111049,"[52288, 27964, 68843, 85676, 91451, 38399, 80060, 41478, 59790, 33867]"
111050,"[109480, 105808, 41765, 77377, 91937, 97096, 35293, 95858, 52885, 65639]"
111051,"[51991, 35093, 28876, 39523, 86387, 41814, 20868, 17451, 54377, 28748]"
111052,"[9670, 75028, 72895, 87988, 33712, 10479, 54351, 25912, 73942, 120]"
111053,"[71284, 90257, 63756, 109096, 20556, 48992, 73736, 44817, 74310, 100474]"
111054,"[57588, 59104, 63663, 43075, 8656, 96344, 39073, 17680, 52791, 12506]"
111055,"[105138, 90469, 25279, 2149, 48503, 22216, 48969, 11644, 98804, 11089]"
111056,"[56485, 93095, 64642, 72454, 85292, 21865, 65244, 30743, 61481, 86335]"
111057,"[23137, 23735, 32206, 36323, 33191, 102213, 55584, 10521, 96681, 95836]"
111058,"[22529, 23765, 54644, 24010, 101343, 2836, 102491, 105088, 98474, 99944]"
111059,"[71159, 36902, 11056, 87503, 105159, 36106, 51159, 35625, 66588, 60585]"
111060,"[80253, 80605, 98521, 41090, 52165, 66885, 46444, 9991, 46788, 1922]"
111061,"[54930, 106364, 78840, 97290, 28452, 83857, 60131, 41515, 22975, 44158]"
111062,"[82641, 89820, 4823, 68257, 92312, 23561, 2618, 12135, 19715, 69811]"
111063,"[101499, 39553, 85492, 108554, 70749, 63674, 13566, 2041, 28159, 99651]"
111064,"[107184, 16057, 53156, 22810, 79290, 4692, 63693, 18157, 43498, 14420]"
111065,"[40592, 43596, 4386, 21531, 17601, 52035, 2011, 35696, 85989, 43385]"
111066,"[47293, 66522, 33634, 24863, 67306, 18026, 87235, 97902, 107152, 8955]"
111067,"[109352, 45983, 41390, 20970, 104160, 41142, 98699, 6592, 73087, 38265]"
111068,"[63103, 44014, 99805, 18211, 89657, 80453, 58669, 36826, 75298, 43758]"
111069,"[20799, 88685, 77962, 6298, 104237, 49033, 22449, 52253, 91794, 20357]"
111070,"[77267, 27716, 65454, 55400, 100222, 46881, 109363, 11855, 60991, 712]"
111071,"[99857, 44776, 80231, 16510, 37737, 3565, 79589, 109275, 19625, 56691]"
111072,"[85176, 92643, 65184, 54050, 94444, 38312, 108195, 56229, 30663, 63028]"
111073,"[88132, 89583, 106979, 100286, 5214, 36995, 81611, 104605, 6056, 8197]"
111074,"[95778, 12980, 40227, 38744, 97378, 62919, 79738, 15664, 55708, 72330]"
111075,"[1463, 27988, 102413, 77572, 30794, 69284, 21010, 25398, 103250, 43480]"
111076,"[79361, 65757, 11637, 7566, 94328, 54441, 45819, 61332, 105179, 57952]"
111077,"[73903, 56261, 56247, 96743, 92468, 63629, 44431, 79352, 91856, 58096]"
111078,"[18321, 18033, 34504, 94938, 82130, 32612, 58061, 11676, 97238, 68289]"
111079,"[98418, 51356, 50521, 32686, 22656, 4993, 88642, 75151, 92570, 76724]"
111080,"[9211, 2553, 86797, 22847, 18295, 38769, 34715, 47137, 6607, 46097]"
111081,"[87663, 43069, 33282, 91104, 57757, 92292, 1815, 27882, 104759, 54728]"
111082,"[55403, 77287, 101024, 97750, 65366, 21023, 75033, 9812, 2870, 73219]"
111083,"[71293, 102993, 17042, 77016, 97005, 45026, 56016, 18120, 48104, 21805]"
111084,"[76275, 15709, 37230, 79795, 100659, 6050, 83710, 73223, 62662, 59869]"
111085,"[95577, 11108, 61602, 54761, 74345, 57152, 50868, 4855, 40976, 43606]"
111086,"[81353, 28922, 66855, 49830, 84058, 35738, 61988, 69069, 19477, 12371]"
111087,"[5871, 97864, 60117, 77700, 62678, 20349, 35860, 8076, 54507, 2231]"
111088,"[29070, 61002, 45014, 45301, 46666, 38628, 70122, 12268, 23851, 16828]"
111089,"[21996, 58584, 47272, 97941, 8534, 42035, 80968, 32474, 21314, 50972]"
111090,"[81724, 52031, 84641, 2069, 44269, 75539, 27096, 25214, 96494, 46974]"
111091,"[76549, 24108, 82189, 53728, 67132, 68532, 22707, 100922, 76844, 39284]"
111092,"[63184, 61970, 74162, 35556, 32494, 3634, 14638, 20108, 93229, 96967]"
111093,"[32923, 982, 52600, 50413, 56832, 47358, 39288, 21782, 36814, 34801]"
111094,"[51324, 38292, 48409, 75588, 8000, 45627, 103848, 25757, 95811, 105020]"
111095,"[61301, 100511, 65409, 74631, 81024, 78146, 82809, 36785, 50501, 36713]"
111096,"[97999, 29797, 109562, 93156, 78071, 45089, 76319, 17999, 21112, 64449]"
111097,"[8391, 107811, 12652, 99718, 81861, 96902, 21394, 33432, 60244, 81238]"
111098,"[100741, 46898, 97800, 14059, 63346, 34342, 10847, 1363, 83488, 13576]"
111099,"[69790, 95438, 49528, 37014, 3957, 95173, 27455, 38432, 107205, 59930]"
111100,"[104490, 108886, 59043, 16234, 94070, 78584, 13691, 61319, 79389, 26232]"
111101,"[2559, 42029, 18816, 5884, 64664, 18954, 32852, 94980, 39667, 84957]"
111102,"[65936, 103457, 98839, 10688, 81206, 13205, 45567, 67094, 102101, 26000]"
111103,"[92484, 107998, 109546, 64656, 86738, 82845, 49072, 58483, 95733, 74443]"
111104,"[28267, 38171, 66811, 29073, 89902, 80560, 90275, 52730, 30045, 70164]"
111105,"[23719, 89458, 97498, 80377, 61855, 9792, 74109, 54660, 5075, 51387]"
111106,"[88036, 92630, 3443, 99621, 73821, 43544, 27351, 25610, 29774, 70835]"
111107,"[54147, 52597, 57675, 80006, 43266, 92309, 60576, 56772, 26116, 77134]"
111108,"[71391, 1286, 2035, 98890, 74780, 74512, 30862, 100786, 56729, 97956]"
111109,"[66905, 98495, 103723, 53750, 64196, 59396, 37196, 32568, 1117, 96431]"
111110,"[22848, 46195, 97641, 12703, 98670, 85686, 31423, 95730, 10638, 37444]"
111111,"[107489, 24455, 2076, 69611, 39221, 107136, 52966, 106268, 78632, 69054]"
111112,"[93618, 34688, 85703, 30535, 624, 65085, 86448, 68880, 83435, 14151]"
111113,"[104030, 108255, 42943, 73208, 79888, 75781, 68129, 26440, 72600, 103551]"
111114,"[84611, 15416, 85581, 8969, 85015, 57559, 73623, 83873, 33389, 41861]"
111115,"[35934, 89921, 101514, 61461, 63425, 34370, 72013, 81736, 94341, 67468]"
111116,"[60991, 46881, 65535, 30170, 24534, 27716, 86839, 96675, 11855, 109363]"
111117,"[45675, 57486, 68256, 62895, 48224, 36011, 53842, 102524, 71978, 85375]"
111118,"[70384, 30114, 102589, 82857, 56535, 15620, 73176, 102017, 6750, 14209]"
111119,"[4657, 76854, 107699, 19990, 12150, 27249, 359, 88148, 77938, 54398]"
111120,"[106194, 73427, 89830, 11583, 87201, 75779, 10877, 31635, 34376, 55502]"
111121,"[29930, 68441, 26551, 31078, 46374, 68494, 22576, 21092, 107471, 67949]"
111122,"[44493, 68243, 81845, 15859, 9081, 25738, 14909, 29558, 49316, 3433]"
111123,"[10939, 56117, 39165, 4812, 25170, 89954, 37699, 32259, 96085, 35344]"
111124,"[97675, 35460, 32776, 16384, 86884, 91069, 3050, 107671, 51975, 44246]"
111125,"[39412, 44509, 29784, 15237, 3590, 85949, 84931, 39400, 94361, 71501]"
111126,"[67817, 62187, 16472, 99316, 44087, 68510, 11396, 29991, 98724, 102467]"
111127,"[21102, 16567, 90860, 39507, 39718, 45521, 93589, 67848, 104112, 69318]"
111128,"[91613, 69884, 28250, 47743, 19091, 30408, 12634, 66780, 46360, 20997]"
111129,"[51858, 20237, 55938, 23153, 36435, 65074, 48774, 86433, 79354, 93314]"
111130,"[19751, 8019, 40669, 17529, 104943, 81408, 4261, 9247, 9297, 91313]"
111131,"[16755, 42852, 16412, 84133, 15691, 32391, 93962, 5962, 55494, 90241]"
111132,"[106851, 95281, 12959, 15752, 87653, 43457, 30044, 4215, 89642, 87249]"
111133,"[13497, 65416, 61852, 65078, 24716, 17757, 99572, 101238, 41794, 36811]"
111134,"[52252, 104222, 21538, 48429, 89217, 11345, 74268, 8583, 78933, 56480]"
111135,"[12355, 17206, 23178, 47214, 16555, 16744, 52693, 76628, 35865, 66410]"
111136,"[26153, 2568, 8232, 88470, 74484, 61380, 23999, 69565, 31233, 2566]"
111137,"[6438, 8279, 92278, 3467, 99657, 17420, 36753, 82744, 7626, 87361]"
111138,"[74013, 45139, 102423, 32112, 53377, 28148, 4855, 58299, 41511, 88383]"
111139,"[55287, 64846, 44100, 39416, 33472, 98392, 39049, 16034, 45659, 102519]"
111140,"[3687, 93920, 89822, 41141, 55540, 72493, 55989, 48306, 19697, 471]"
111141,"[43981, 96065, 18003, 106999, 74272, 32315, 27587, 60598, 103746, 951]"
111142,"[83447, 82537, 71260, 22241, 77949, 68982, 82251, 39067, 42012, 11109]"
111143,"[47529, 30924, 49932, 105969, 29369, 59179, 72124, 83741, 65595, 14714]"
111144,"[97525, 107874, 51342, 61554, 19328, 85203, 97539, 60700, 47871, 17347]"
111145,"[78466, 28207, 73547, 90038, 19172, 58112, 75701, 38966, 21140, 99292]"
111146,"[102268, 27350, 104441, 58047, 2640, 44689, 95388, 6335, 47123, 22252]"
111147,"[3899, 33377, 67638, 84178, 20964, 44724, 38953, 107177, 44838, 36269]"
111148,"[99210, 43679, 18284, 102895, 24804, 64861, 9537, 25247, 29141, 100303]"
111149,"[18376, 79345, 64243, 32429, 104734, 44297, 93162, 79651, 55405, 73696]"
111150,"[55913, 69234, 85746, 49928, 51132, 61613, 34548, 69285, 42539, 101945]"
111151,"[19294, 98145, 35463, 43552, 41580, 11148, 29538, 71081, 94176, 52391]"
111152,"[1827, 43607, 74717, 62464, 51929, 31600, 1940, 58290, 89442, 94546]"
111153,"[106796, 50585, 49580, 24698, 92758, 29378, 90692, 76191, 21141, 49688]"
111154,"[48490, 12328, 84275, 100086, 69663, 35352, 9244, 96733, 97461, 18702]"
111155,"[95454, 42545, 53193, 8004, 70717, 62244, 36521, 92519, 37913, 98634]"
111156,"[51569, 8224, 72363, 59894, 98174, 5154, 44158, 108383, 1425, 51540]"
111157,"[103762, 30708, 24917, 42158, 62815, 40212, 31616, 70581, 42150, 4284]"
111158,"[102384, 73725, 20255, 84455, 99970, 102049, 1888, 12874, 22461, 46868]"
111159,"[19555, 78784, 10812, 44693, 91237, 45386, 80792, 9063, 13469, 26229]"
111160,"[83450, 44258, 97432, 34890, 2172, 57077, 48878, 71781, 4667, 24572]"
111161,"[29808, 60007, 48334, 103864, 81381, 71253, 77185, 108653, 60540, 68226]"
111162,"[39860, 5521, 76518, 53327, 71210, 13122, 86997, 60976, 69196, 3116]"
111163,"[27855, 57833, 84908, 97414, 40708, 49778, 90056, 102551, 48016, 105339]"
111164,"[60743, 26598, 99463, 101120, 88012, 4892, 105115, 24320, 25050, 27241]"
111165,"[56780, 95775, 48093, 75329, 57115, 20297, 64948, 16636, 38367, 56826]"
111166,"[40181, 23059, 105831, 70250, 108340, 87192, 67187, 67689, 106679, 23650]"
111167,"[6009, 637, 89204, 8241, 67929, 103685, 57663, 94486, 24788, 19207]"
111168,"[13748, 72188, 36557, 4621, 64443, 63869, 56985, 9394, 30667, 73723]"
111169,"[7017, 6652, 17550, 13388, 68845, 23605, 82041, 72956, 54834, 73214]"
111170,"[66762, 108831, 39495, 79039, 97753, 41606, 97456, 81264, 75944, 20692]"
111171,"[47417, 78126, 85151, 61258, 85698, 79283, 49335, 37056, 13565, 48348]"
111172,"[61354, 42501, 87841, 46985, 104420, 104328, 101280, 78015, 1591, 72553]"
111173,"[22950, 14791, 12701, 84021, 80504, 64279, 19523, 19448, 54954, 94383]"
111174,"[15036, 89221, 82108, 827, 71556, 55245, 248, 105177, 90014, 40374]"
111175,"[72931, 60403, 32658, 22612, 70438, 78103, 6065, 31291, 63654, 22190]"
111176,"[90607, 29755, 79453, 2700, 93290, 4976, 42001, 10462, 79032, 73968]"
111177,"[44117, 27911, 7375, 27311, 55313, 64038, 88919, 44463, 105382, 31298]"
111178,"[5771, 47504, 64181, 75167, 97465, 40836, 108548, 89327, 72232, 74397]"
111179,"[35836, 19585, 80160, 82015, 85873, 30649, 106845, 61139, 62375, 60619]"
111180,"[62058, 14429, 35112, 54908, 23464, 49280, 58902, 60953, 20481, 34252]"
111181,"[75430, 39130, 61375, 16336, 101764, 3763, 77719, 3868, 34858, 41466]"
111182,"[98380, 80657, 102559, 68989, 6119, 89311, 80003, 93367, 6917, 80064]"
111183,"[56942, 29980, 1495, 56551, 3772, 55156, 60999, 44512, 15403, 51076]"
111184,"[17280, 67864, 59810, 109420, 100580, 93321, 54509, 48129, 46856, 27880]"
111185,"[72110, 15106, 66408, 51600, 77196, 80862, 71068, 6844, 65264, 54594]"
111186,"[53288, 29899, 63866, 74285, 106843, 71814, 24636, 64810, 64266, 22691]"
111187,"[80530, 60706, 86166, 16682, 79942, 3237, 53856, 16619, 77587, 49225]"
111188,"[82737, 58684, 4121, 84619, 58639, 89038, 49627, 107185, 11362, 33676]"
111189,"[29138, 106098, 13961, 74820, 108717, 4084, 49696, 36685, 27948, 1888]"
111190,"[34154, 74647, 59765, 78317, 73813, 87142, 27579, 29267, 34795, 10724]"
111191,"[74364, 94944, 94785, 41290, 38091, 61981, 61014, 86771, 74675, 20075]"
111192,"[78425, 88229, 77218, 75886, 38483, 46707, 67153, 75186, 7755, 58931]"
111193,"[60801, 82912, 46675, 59071, 59523, 9578, 104832, 98483, 3249, 38352]"
111194,"[109612, 108053, 27327, 63354, 63338, 60157, 105255, 50097, 3091, 14501]"
111195,"[67587, 16527, 100436, 57500, 2464, 91351, 3658, 81483, 95914, 60279]"
111196,"[83951, 62158, 13866, 51575, 19344, 860, 23662, 60024, 58698, 1852]"
111197,"[9237, 5963, 12026, 96261, 48026, 87324, 36920, 69179, 68137, 102565]"
111198,"[90346, 32942, 61861, 80492, 56189, 80067, 97323, 67070, 33215, 5684]"
111199,"[55930, 35162, 84353, 106602, 84595, 102950, 33940, 97942, 44146, 64945]"
111200,"[15201, 31872, 88856, 60608, 102262, 65893, 109227, 94718, 62993, 11454]"
111201,"[86213, 43801, 18658, 16138, 33094, 98946, 86406, 103638, 94120, 27607]"
111202,"[92919, 92231, 47758, 38672, 62223, 22115, 71631, 76665, 41607, 64589]"
111203,"[65666, 7485, 74668, 12050, 73312, 79387, 22549, 97239, 37294, 79532]"
111204,"[17157, 2827, 27371, 16770, 32842, 8669, 99883, 83553, 26901, 108094]"
111205,"[30877, 46894, 3380, 56981, 46809, 20813, 78827, 68810, 84018, 63415]"
111206,"[59674, 54902, 16761, 45771, 14910, 32745, 30648, 14958, 80548, 92199]"
111207,"[73065, 45970, 61712, 77669, 30711, 63798, 54602, 27540, 15446, 10092]"
111208,"[2635, 22062, 104229, 83999, 60313, 33318, 67576, 31008, 84781, 70258]"
111209,"[60743, 33997, 95366, 101941, 107364, 26598, 88785, 24665, 4892, 16155]"
111210,"[90770, 3101, 101076, 58815, 46344, 71699, 3668, 59433, 89275, 102362]"
111211,"[98573, 76164, 81614, 11568, 100836, 10454, 86041, 19661, 92647, 7054]"
111212,"[49512, 60735, 63556, 64903, 18753, 61296, 71626, 65419, 67653, 57546]"
111213,"[74880, 21682, 107771, 22980, 47365, 92960, 55017, 73272, 64411, 31643]"
111214,"[85560, 55282, 77323, 27813, 34773, 78941, 29619, 107600, 7137, 68936]"
111215,"[50689, 35543, 10144, 100433, 30751, 9438, 78090, 23255, 29575, 105329]"
111216,"[86193, 105872, 57235, 99098, 59125, 97883, 68558, 40302, 25544, 19286]"
111217,"[18602, 35642, 48066, 30898, 33970, 26312, 40572, 8950, 43992, 88944]"
111218,"[82135, 39190, 1735, 64965, 96174, 7752, 35501, 96217, 2393, 101467]"
111219,"[14402, 49550, 22958, 52137, 104231, 18233, 17588, 63539, 57238, 19397]"
111220,"[107416, 71075, 29622, 67520, 38790, 86755, 53622, 38952, 61387, 12765]"
111221,"[84247, 14582, 43393, 84761, 70405, 103322, 22541, 98660, 91564, 22799]"
111222,"[91851, 16065, 100571, 62269, 55882, 96365, 61859, 102883, 43728, 71521]"
111223,"[26888, 21374, 102888, 69460, 42538, 85629, 29465, 63805, 80739, 33654]"
111224,"[82388, 105339, 23694, 5430, 25780, 28711, 100944, 107257, 102551, 49778]"
111225,"[97045, 86057, 95764, 23365, 25156, 64794, 102360, 105039, 78775, 10537]"
111226,"[27428, 68056, 17346, 54979, 30724, 68692, 81585, 66415, 1628, 11958]"
111227,"[23102, 18431, 11860, 25015, 24736, 47604, 82924, 27451, 77638, 63158]"
111228,"[76360, 24728, 91305, 10775, 16661, 108375, 95611, 58455, 41895, 6579]"
111229,"[34423, 83815, 71406, 47411, 37708, 96839, 56480, 3818, 16989, 16431]"
111230,"[16434, 28733, 5118, 98648, 80916, 12609, 68242, 46502, 80758, 95687]"
111231,"[14931, 107375, 85461, 45918, 2304, 8188, 81830, 106613, 48107, 86344]"
111232,"[40332, 57557, 55618, 105477, 51923, 108815, 101510, 96528, 57030, 55272]"
111233,"[77704, 15246, 98140, 73993, 41699, 9974, 47696, 10160, 43939, 105635]"
111234,"[85301, 45781, 85813, 75135, 65273, 86588, 83349, 82328, 102299, 28222]"
111235,"[107482, 22033, 109616, 8500, 47365, 46256, 106415, 39646, 83811, 81147]"
111236,"[87124, 92428, 18135, 59364, 6185, 60100, 42086, 52704, 33072, 85678]"
111237,"[82239, 75859, 34166, 24903, 39344, 5470, 108080, 69639, 51698, 15267]"
111238,"[74287, 97580, 27514, 87870, 89528, 11449, 19858, 9403, 107331, 5334]"
111239,"[65187, 91781, 18323, 62795, 93269, 41771, 90091, 65454, 88689, 99524]"
111240,"[33407, 55986, 43864, 103019, 1631, 2408, 4974, 85478, 13258, 26713]"
111241,"[12857, 81344, 10142, 66357, 64780, 25315, 58435, 84483, 70889, 80217]"
111242,"[3022, 91482, 81336, 47590, 69970, 43372, 38627, 57297, 106230, 65980]"
111243,"[91008, 63145, 95533, 40964, 102328, 52279, 2739, 98075, 105075, 103006]"
111244,"[91416, 56929, 534, 79139, 71454, 51876, 24395, 2588, 60950, 29618]"
111245,"[28973, 27499, 69068, 38297, 101416, 87677, 66476, 30618, 41365, 103847]"
111246,"[10382, 88409, 57479, 64457, 47789, 25774, 687, 101630, 97913, 40153]"
111247,"[60444, 23763, 109772, 93325, 96796, 98491, 47881, 21205, 77132, 52758]"
111248,"[22663, 84492, 96452, 35885, 21221, 103357, 34733, 107664, 91301, 93062]"
111249,"[81692, 3346, 71379, 2793, 7907, 109546, 79197, 63389, 97558, 83035]"
111250,"[67500, 92874, 21693, 62724, 29721, 59489, 47272, 47414, 12535, 94573]"
111251,"[63539, 29778, 28620, 44711, 28423, 34542, 5361, 54972, 105746, 73039]"
111252,"[35990, 48765, 64430, 34992, 23488, 71858, 48071, 96622, 47591, 108126]"
111253,"[103073, 93297, 43762, 88527, 80290, 53702, 103527, 26778, 56588, 64951]"
111254,"[14737, 33968, 16724, 62384, 92228, 65882, 45803, 77394, 82677, 60728]"
111255,"[76298, 33877, 12887, 33366, 41773, 94489, 28838, 40419, 103029, 5540]"
111256,"[64993, 48896, 55831, 36718, 14660, 101765, 18716, 97717, 109145, 109451]"
111257,"[105602, 50311, 92645, 18363, 51253, 51000, 21550, 14577, 22599, 32319]"
111258,"[34665, 16015, 21995, 39895, 34840, 86998, 28492, 54971, 23243, 43072]"
111259,"[49020, 82712, 55779, 38469, 6649, 104776, 40379, 25559, 63376, 68488]"
111260,"[52877, 85881, 92724, 53167, 109763, 85377, 40437, 62265, 33071, 78697]"
111261,"[2815, 74823, 95884, 55370, 71114, 49444, 47570, 76867, 28933, 104094]"
111262,"[12677, 93632, 37061, 86866, 83445, 50883, 42674, 59093, 98676, 52653]"
111263,"[107864, 92716, 40997, 42504, 101384, 44128, 18610, 72910, 77002, 90359]"
111264,"[12929, 54001, 4660, 65397, 72029, 5753, 63589, 91496, 54364, 91474]"
111265,"[80259, 57494, 21551, 67519, 98719, 64112, 87308, 16603, 54786, 65790]"
111266,"[63024, 46618, 38456, 51339, 82586, 76444, 41770, 48505, 74581, 68375]"
111267,"[17247, 107035, 62521, 10316, 53486, 19960, 4161, 17495, 89142, 25261]"
111268,"[85142, 18450, 17251, 39682, 49575, 34398, 77051, 38143, 34340, 93208]"
111269,"[55565, 16484, 66472, 81247, 72518, 47238, 89273, 4993, 45597, 99688]"
111270,"[37045, 2935, 61139, 60182, 80160, 99266, 58575, 45703, 62375, 106845]"
111271,"[20004, 82889, 87132, 91603, 31074, 12997, 96152, 49036, 87292, 100901]"
111272,"[26243, 4970, 85349, 99217, 37708, 3130, 23796, 69672, 42707, 4390]"
111273,"[42953, 21814, 58022, 26129, 90685, 8196, 108464, 50795, 15449, 90175]"
111274,"[108738, 51580, 347, 46714, 83310, 65339, 106008, 5176, 78023, 93827]"
111275,"[13179, 59715, 7954, 106256, 52141, 32394, 35687, 49982, 7248, 72277]"
111276,"[8753, 37808, 43168, 30668, 1273, 30090, 80896, 14714, 53679, 8352]"
111277,"[21073, 9189, 107578, 33326, 76292, 37260, 10609, 48207, 29499, 559]"
111278,"[17957, 19693, 17663, 83696, 72131, 65474, 69171, 42978, 51239, 61217]"
111279,"[83247, 88479, 67354, 52886, 11489, 42355, 87061, 10945, 104366, 27617]"
111280,"[60590, 44398, 103439, 54777, 35098, 52813, 40249, 4548, 106142, 72963]"
111281,"[12096, 52867, 100111, 2059, 101483, 86564, 76263, 22698, 95023, 39287]"
111282,"[65359, 83017, 91377, 61277, 37602, 40000, 79706, 15701, 37097, 49068]"
111283,"[55031, 96813, 5367, 25213, 87275, 98613, 108418, 11327, 61321, 13426]"
111284,"[42317, 108891, 48540, 55693, 61697, 69708, 53950, 20417, 51803, 56163]"
111285,"[58089, 69885, 70404, 61292, 97078, 104062, 68343, 64689, 76924, 56586]"
111286,"[31262, 68043, 105118, 95162, 21436, 75596, 71199, 97060, 82717, 97950]"
111287,"[39883, 10232, 103608, 7982, 51435, 53488, 58719, 47352, 90936, 46547]"
111288,"[1700, 22127, 107997, 35279, 92784, 79798, 97513, 6921, 77199, 20905]"
111289,"[33524, 42962, 102592, 76117, 46085, 46288, 11921, 2605, 23149, 18933]"
111290,"[82577, 15521, 96833, 102477, 106292, 34847, 18558, 81006, 85564, 84993]"
111291,"[42479, 85608, 11503, 45025, 40531, 37407, 35730, 86468, 11243, 38215]"
111292,"[27937, 48296, 30759, 36902, 20146, 1097, 92977, 20497, 60585, 97489]"
111293,"[90277, 3959, 37060, 39730, 13115, 104858, 83204, 52260, 84766, 70665]"
111294,"[50894, 24884, 19468, 46160, 99477, 66098, 46027, 16442, 24484, 22338]"
111295,"[63220, 58971, 97722, 65277, 9485, 50326, 78337, 109771, 43426, 22266]"
111296,"[3496, 92210, 4455, 80264, 107523, 17061, 22655, 63476, 75316, 22954]"
111297,"[56950, 86981, 83069, 99554, 100978, 33648, 27274, 58059, 94275, 27347]"
111298,"[48357, 37385, 27741, 91933, 23389, 98921, 30, 89252, 37512, 7983]"
111299,"[17062, 96374, 94131, 222, 18175, 15044, 103947, 37544, 61653, 11041]"
111300,"[11672, 21985, 78620, 16697, 98031, 92427, 39001, 78453, 54317, 39032]"
111301,"[15906, 36902, 47037, 27183, 70681, 11056, 87503, 30759, 56152, 91912]"
111302,"[44366, 108994, 87817, 42653, 69525, 103156, 97544, 67154, 73449, 106482]"
111303,"[102447, 39536, 46940, 63618, 53019, 14681, 95487, 25816, 45670, 82917]"
111304,"[51501, 74670, 22532, 46069, 69691, 50294, 2278, 95783, 12301, 3084]"
111305,"[92892, 64405, 18380, 94949, 53106, 38003, 35447, 10523, 7957, 33874]"
111306,"[101975, 25589, 59273, 75938, 12437, 34505, 41577, 89146, 93593, 8375]"
111307,"[65062, 87718, 44089, 84600, 102198, 8279, 92278, 19483, 66955, 64921]"
111308,"[26530, 81246, 25568, 49868, 34969, 35614, 55280, 89512, 3367, 97246]"
111309,"[17799, 31547, 46194, 82332, 28175, 100490, 76754, 78509, 27337, 81298]"
111310,"[92061, 11571, 35591, 94310, 49914, 64563, 52482, 90905, 88125, 16842]"
111311,"[100374, 3123, 87937, 60960, 85816, 93999, 49559, 19892, 83790, 11021]"
111312,"[35517, 7749, 53952, 31705, 34387, 24695, 91426, 84085, 77349, 31595]"
111313,"[45861, 99320, 24669, 97693, 83641, 93953, 14687, 5926, 49229, 85123]"
111314,"[83769, 38704, 22447, 73836, 29334, 101655, 72954, 95336, 3100, 4960]"
111315,"[64970, 8112, 84413, 107045, 54798, 7857, 52913, 55123, 66023, 1900]"
111316,"[95104, 91995, 32080, 73146, 14446, 8266, 103989, 84764, 30419, 107724]"
111317,"[3731, 11767, 76734, 95891, 107718, 12092, 61329, 39321, 72537, 72010]"
111318,"[2181, 100660, 44758, 79018, 25285, 93739, 44326, 79583, 1757, 64522]"
111319,"[33528, 89472, 6128, 75098, 70543, 88981, 78781, 48780, 40424, 53151]"
111320,"[34442, 44526, 49606, 74302, 22351, 17456, 76780, 83654, 57788, 34638]"
111321,"[45891, 95229, 7259, 27868, 59170, 1141, 12696, 12224, 40526, 22293]"
111322,"[45516, 7502, 70445, 57295, 92303, 58536, 10085, 8519, 48092, 56872]"
111323,"[86231, 47202, 10297, 98177, 58202, 29755, 71650, 81968, 39826, 76235]"
111324,"[28577, 108427, 26219, 88243, 9352, 95417, 80245, 51807, 53018, 51702]"
111325,"[60408, 92545, 76091, 88861, 37962, 109025, 94014, 2920, 30991, 53205]"
111326,"[11200, 35014, 57107, 15141, 90826, 109358, 58280, 74433, 87839, 104035]"
111327,"[11871, 81904, 99041, 9705, 64360, 15472, 11285, 30256, 75725, 25394]"
111328,"[25677, 24641, 24695, 95626, 36962, 79603, 7749, 53952, 105880, 25249]"
111329,"[9071, 74832, 81171, 28778, 94006, 40831, 47143, 1835, 16519, 38434]"
111330,"[93595, 28696, 59071, 31573, 58326, 100640, 106645, 3249, 75904, 51968]"
111331,"[101486, 47487, 66768, 23649, 76342, 85457, 19717, 82612, 12056, 28791]"
111332,"[87359, 99469, 78983, 90336, 79085, 80582, 28940, 96199, 108475, 10439]"
111333,"[67311, 89179, 87897, 28500, 74663, 96823, 52931, 26825, 39859, 40857]"
111334,"[102907, 94631, 81289, 66790, 30618, 69212, 45032, 39208, 35568, 90346]"
111335,"[7213, 15922, 71565, 91454, 106182, 78344, 25120, 81640, 1114, 61304]"
111336,"[52187, 23340, 107742, 63422, 326, 47222, 101453, 19247, 89606, 86466]"
111337,"[61914, 36943, 28369, 82811, 37214, 14018, 13564, 32724, 102637, 61818]"
111338,"[21057, 109434, 52473, 68801, 50883, 88775, 52318, 30416, 10196, 46816]"
111339,"[67522, 89558, 77585, 27174, 18462, 13981, 87009, 54847, 29549, 36005]"
111340,"[77417, 14457, 92154, 62736, 104261, 66118, 22616, 104314, 10779, 89972]"
111341,"[93507, 10817, 13541, 17669, 8355, 68723, 29736, 54320, 14503, 91935]"
111342,"[50480, 59776, 103357, 956, 107919, 63409, 83593, 85039, 62753, 108405]"
111343,"[45765, 106346, 31274, 102185, 10477, 46958, 85747, 59115, 78489, 4396]"
111344,"[34695, 21068, 28193, 70246, 27435, 12816, 12049, 56640, 69706, 83969]"
111345,"[104348, 12809, 73414, 16991, 71345, 12431, 42274, 155, 62422, 85210]"
111346,"[24593, 2209, 10674, 97185, 103076, 106043, 6648, 72406, 12876, 61379]"
111347,"[102801, 50548, 77716, 83238, 779, 97794, 85589, 39722, 13807, 65315]"
111348,"[65884, 88181, 87642, 7695, 20658, 90349, 18649, 45305, 107308, 23823]"
111349,"[94466, 24251, 98587, 9623, 64702, 20208, 50592, 85087, 22657, 78877]"
111350,"[3297, 42175, 12636, 106821, 63764, 32364, 29837, 98747, 26724, 73369]"
111351,"[94900, 52230, 35695, 23064, 72389, 78837, 22667, 48328, 106241, 34740]"
111352,"[24474, 73044, 54782, 59210, 37031, 92677, 14523, 49747, 88722, 2317]"
111353,"[5898, 7167, 23169, 65899, 101106, 86767, 51134, 20139, 28102, 25541]"
111354,"[62587, 70607, 7631, 33280, 44396, 99793, 50426, 46960, 33769, 13262]"
111355,"[66748, 33423, 64501, 41877, 39003, 66860, 30280, 103741, 72980, 90687]"
111356,"[69259, 13962, 42488, 10791, 28629, 33058, 47539, 104985, 25899, 3824]"
111357,"[90718, 48666, 51932, 82399, 15595, 46109, 17926, 18598, 107705, 71900]"
111358,"[97916, 31542, 106379, 39721, 28431, 1473, 82964, 99724, 103628, 20816]"
111359,"[91006, 108368, 91899, 108813, 60553, 58344, 107440, 101363, 39584, 83226]"
111360,"[107496, 63936, 32526, 101841, 89053, 77689, 43896, 66340, 41786, 44049]"
111361,"[86300, 90356, 85608, 30918, 27278, 98555, 67998, 11447, 106595, 37630]"
111362,"[80048, 13136, 57205, 93798, 84134, 96212, 87785, 32460, 66138, 48428]"
111363,"[42555, 59506, 33092, 4765, 77439, 52163, 102948, 18442, 52660, 71732]"
111364,"[25582, 84554, 20343, 60294, 29122, 51886, 55691, 12833, 109735, 68207]"
111365,"[105926, 44579, 37641, 11387, 1082, 52101, 34394, 94900, 60183, 85852]"
111366,"[23295, 71873, 5272, 24670, 4945, 94563, 80951, 86539, 14855, 59561]"
111367,"[67644, 6862, 56473, 13823, 19262, 84707, 54562, 32257, 62578, 104377]"
111368,"[52426, 24552, 33831, 6490, 36047, 69078, 3466, 74947, 12388, 42850]"
111369,"[90112, 81926, 1419, 57168, 17267, 26649, 101866, 98411, 9093, 65779]"
111370,"[8735, 90523, 48240, 70771, 81634, 34277, 61268, 82218, 43502, 32580]"
111371,"[78691, 16773, 5680, 41623, 97855, 71475, 46435, 17472, 34346, 73666]"
111372,"[72037, 59437, 37624, 47800, 97780, 67477, 76535, 99202, 58659, 32156]"
111373,"[95964, 73380, 3583, 101844, 4988, 1426, 82569, 107660, 40334, 63801]"
111374,"[41077, 84255, 103330, 56274, 61762, 105906, 52244, 81971, 50167, 15692]"
111375,"[102084, 7355, 93093, 53498, 60498, 1069, 78513, 105462, 13903, 6695]"
111376,"[10834, 25529, 105253, 57499, 4510, 52707, 107100, 56317, 108297, 80941]"
111377,"[99611, 56403, 2998, 105144, 40859, 31460, 105106, 99686, 80454, 88139]"
111378,"[12862, 84655, 94101, 84480, 51475, 5083, 47571, 88725, 73485, 38530]"
111379,"[104070, 91124, 57615, 89079, 76356, 65306, 86682, 95928, 27536, 34775]"
111380,"[77987, 21055, 7393, 59052, 44448, 98586, 19701, 82503, 32594, 12509]"
111381,"[7547, 18772, 29043, 13579, 78688, 65206, 3282, 40867, 65877, 103904]"
111382,"[38794, 38673, 103469, 37559, 106457, 99943, 137, 35841, 66133, 8691]"
111383,"[78155, 42881, 25118, 43020, 41734, 17820, 21278, 38694, 69108, 79068]"
111384,"[293, 90012, 83282, 77228, 74428, 65280, 33800, 42639, 90130, 80290]"
111385,"[3043, 39098, 41048, 29296, 12023, 29273, 103842, 94024, 105769, 69966]"
111386,"[88429, 4886, 37691, 8858, 79847, 47507, 94953, 109022, 75441, 67611]"
111387,"[67933, 87916, 11517, 75464, 29928, 21015, 58050, 9538, 76425, 49046]"
111388,"[88240, 55594, 69484, 109299, 94099, 23728, 42832, 101352, 80287, 5426]"
111389,"[9068, 92793, 72040, 97737, 16503, 103237, 71570, 39486, 31131, 33974]"
111390,"[20763, 68313, 42031, 17659, 95743, 14524, 66382, 45193, 108130, 22734]"
111391,"[85303, 107637, 77498, 95043, 46984, 38176, 87623, 108088, 50996, 75218]"
111392,"[6859, 6371, 49776, 15319, 108090, 73964, 45155, 31911, 71112, 4615]"
111393,"[11652, 49415, 23641, 40614, 1899, 103520, 70935, 87744, 57787, 90055]"
111394,"[41647, 57996, 41427, 104425, 61368, 98813, 18181, 7359, 65422, 2984]"
111395,"[32178, 9226, 9287, 85792, 20471, 40999, 77255, 28539, 79834, 44001]"
111396,"[665, 67378, 18938, 35645, 31050, 38097, 20899, 60584, 1804, 106961]"
111397,"[2192, 56241, 43384, 47979, 42660, 106855, 109366, 2154, 101594, 43501]"
111398,"[79607, 31959, 17038, 28570, 63749, 106519, 89740, 106493, 17027, 8371]"
111399,"[42586, 21535, 77389, 100438, 894, 22061, 52300, 99502, 16380, 25337]"
111400,"[15239, 42152, 106438, 25473, 21209, 24265, 8477, 95299, 78019, 95687]"
111401,"[80428, 104409, 55315, 12511, 19127, 49513, 105203, 48729, 35196, 7034]"
111402,"[57021, 65319, 52029, 46281, 27628, 82722, 62546, 97124, 68103, 34161]"
111403,"[3255, 38933, 71400, 93600, 13659, 456, 84506, 40301, 14481, 46330]"
111404,"[105923, 88701, 21230, 78107, 79446, 51906, 27464, 68566, 71404, 59700]"
111405,"[89447, 71064, 59237, 97010, 69126, 87982, 72817, 36248, 91677, 21563]"
111406,"[77139, 95562, 4791, 14414, 71862, 23841, 100870, 13933, 97488, 109501]"
111407,"[16299, 33637, 5550, 34525, 48127, 7653, 3772, 57041, 36936, 70475]"
111408,"[34515, 49867, 50991, 99865, 88055, 22847, 89394, 95564, 20272, 4673]"
111409,"[6865, 17411, 34080, 74880, 40943, 81748, 13701, 106415, 50989, 105604]"
111410,"[68668, 89523, 48534, 88997, 75021, 103381, 44914, 36674, 27322, 74637]"
111411,"[4841, 35957, 4116, 34851, 72610, 83763, 51796, 13141, 6664, 65977]"
111412,"[21194, 30046, 59535, 87518, 77028, 78465, 36960, 80628, 99944, 59381]"
111413,"[50612, 78056, 25927, 24116, 19906, 28282, 33883, 99027, 54627, 93691]"
111414,"[1737, 63290, 78814, 36228, 103787, 25065, 65240, 21486, 75559, 84068]"
111415,"[74614, 106607, 68664, 37244, 78189, 92019, 12790, 35508, 70208, 29834]"
111416,"[26157, 31181, 64088, 31823, 28882, 69108, 25118, 81051, 16820, 79068]"
111417,"[29516, 71164, 428, 51877, 22458, 47939, 97896, 37675, 90951, 104020]"
111418,"[25752, 31658, 10501, 103207, 93257, 66830, 63793, 27818, 113, 39766]"
111419,"[83811, 101562, 2808, 107482, 8500, 46256, 39646, 100630, 9126, 23712]"
111420,"[11523, 84106, 59269, 109627, 69377, 14845, 77369, 92820, 58142, 83704]"
111421,"[68662, 4553, 28913, 59901, 18739, 47219, 68985, 46436, 30363, 24490]"
111422,"[24957, 42332, 57033, 65886, 89715, 105463, 86337, 96750, 25048, 68232]"
111423,"[63445, 83338, 78682, 49369, 7551, 38950, 99424, 39752, 84638, 72044]"
111424,"[109739, 79203, 72272, 12467, 72466, 107903, 51024, 10459, 107332, 79562]"
111425,"[41719, 85767, 42576, 42117, 32399, 92190, 89881, 29471, 36892, 70365]"
111426,"[11071, 10673, 10843, 78831, 5296, 103507, 89021, 21993, 75424, 101467]"
111427,"[22610, 33466, 8111, 102132, 19016, 99973, 14006, 73437, 36278, 68955]"
111428,"[6566, 54050, 54821, 108195, 56229, 43234, 90777, 94868, 75223, 86785]"
111429,"[36810, 80861, 35374, 52535, 79060, 58374, 47135, 61363, 71966, 40101]"
111430,"[96135, 90774, 25792, 45834, 18400, 98654, 63623, 75616, 73536, 50692]"
111431,"[26007, 22952, 11752, 59165, 107803, 99278, 82059, 98430, 40764, 44893]"
111432,"[23532, 47617, 57729, 75429, 383, 45073, 47000, 101328, 49452, 29553]"
111433,"[33850, 79093, 107726, 34042, 69551, 97364, 40165, 52819, 107577, 106892]"
111434,"[3044, 81829, 98740, 74845, 107511, 90634, 87876, 60035, 14987, 65993]"
111435,"[99344, 86375, 43680, 77765, 68766, 12551, 53466, 16202, 48094, 15070]"
111436,"[93420, 97467, 69726, 16896, 88860, 101523, 89936, 13322, 81266, 37743]"
111437,"[35350, 84534, 6139, 97804, 52105, 29020, 81970, 22750, 66102, 21760]"
111438,"[4713, 42684, 107658, 38718, 13535, 50355, 95749, 53851, 13700, 44965]"
111439,"[67555, 40316, 1874, 72073, 80203, 40830, 9693, 70307, 28567, 47177]"
111440,"[49033, 38080, 3963, 71991, 4638, 77962, 48131, 15263, 22469, 72331]"
111441,"[14396, 42368, 38450, 16376, 34806, 77029, 106848, 87767, 2461, 36770]"
111442,"[6124, 5506, 50823, 56908, 97642, 72384, 45663, 43065, 55195, 70938]"
111443,"[6356, 30832, 102405, 47075, 97188, 9214, 20690, 28056, 49393, 108212]"
111444,"[69042, 78188, 14618, 81638, 28983, 50647, 11384, 22878, 61851, 72781]"
111445,"[83793, 46501, 81056, 69797, 52535, 31672, 107141, 807, 46707, 47135]"
111446,"[53203, 45653, 106826, 69890, 3618, 88179, 41448, 82172, 107119, 10629]"
111447,"[52904, 5626, 43837, 107248, 58401, 82087, 19056, 47924, 31218, 8567]"
111448,"[68332, 54039, 101666, 26951, 32207, 41897, 47597, 54447, 1250, 3457]"
111449,"[42039, 41963, 71546, 49724, 101331, 3274, 95751, 12052, 66112, 26391]"
111450,"[1523, 66333, 89707, 29828, 59083, 11286, 71091, 42790, 96881, 86042]"
111451,"[69464, 12574, 86404, 39429, 99120, 35457, 102212, 80563, 21058, 54316]"
111452,"[55535, 73144, 54302, 107568, 62608, 92213, 78920, 13942, 22353, 88193]"
111453,"[33619, 75685, 107499, 74395, 64332, 106690, 41191, 89747, 75508, 38487]"
111454,"[93824, 33028, 30842, 91284, 14702, 385, 22185, 95329, 65875, 23835]"
111455,"[91687, 4665, 11864, 39681, 14021, 3742, 88136, 26300, 100714, 67057]"
111456,"[102815, 59966, 32001, 43355, 71911, 106166, 8737, 3310, 2292, 17117]"
111457,"[104337, 107495, 34329, 71765, 68862, 55026, 98362, 30645, 50911, 26367]"
111458,"[83229, 105556, 33930, 24692, 3627, 48707, 78355, 47456, 95478, 68885]"
111459,"[36751, 15997, 86138, 21680, 96872, 33919, 16544, 3550, 70177, 12006]"
111460,"[71847, 40840, 41982, 57797, 30994, 35315, 100280, 75610, 104929, 18691]"
111461,"[34451, 61529, 84961, 70375, 98310, 54215, 12493, 98510, 83958, 33531]"
111462,"[91501, 12456, 70110, 67854, 58781, 15113, 59161, 60093, 48553, 40611]"
111463,"[39253, 57456, 100365, 70173, 54637, 91934, 76066, 102753, 56127, 7765]"
111464,"[98480, 71014, 63743, 2816, 4233, 82901, 99187, 46780, 31599, 66396]"
111465,"[8296, 49199, 109101, 100896, 94124, 41758, 719, 49215, 21160, 54838]"
111466,"[58955, 63503, 54182, 79680, 54499, 77657, 50380, 53517, 45459, 9605]"
111467,"[71850, 18194, 64644, 6093, 86318, 59330, 91858, 43090, 72496, 50038]"
111468,"[56257, 99874, 97372, 105131, 97500, 109747, 22513, 49725, 63929, 49484]"
111469,"[49091, 63456, 107340, 46817, 106262, 77120, 77855, 7417, 20169, 63381]"
111470,"[87930, 64910, 95233, 31790, 55941, 5496, 90250, 109123, 74667, 10009]"
111471,"[62506, 16536, 105671, 21305, 25390, 100497, 44757, 2472, 97535, 17960]"
111472,"[79223, 23462, 13673, 39757, 74313, 14469, 75051, 40063, 72200, 61123]"
111473,"[34431, 83692, 96938, 37560, 76059, 54304, 67268, 1373, 39324, 9418]"
111474,"[48182, 27625, 95070, 100656, 30916, 73245, 87116, 21698, 69608, 84954]"
111475,"[62350, 99483, 19690, 10993, 61399, 78361, 79688, 17205, 51838, 99753]"
111476,"[56601, 90316, 25709, 76892, 86079, 40738, 78625, 107980, 1352, 92796]"
111477,"[70297, 61695, 14831, 15655, 53008, 29190, 93357, 47228, 62832, 1881]"
111478,"[61233, 59846, 70559, 103703, 76529, 61962, 106381, 103535, 91043, 93886]"
111479,"[30275, 1303, 9449, 62333, 7767, 85053, 33040, 15862, 35395, 38619]"
111480,"[9914, 63703, 104145, 26254, 80867, 80302, 20493, 61254, 18184, 73966]"
111481,"[61716, 5038, 36525, 17168, 75281, 82804, 75014, 62934, 17373, 90572]"
111482,"[82698, 5332, 90425, 22294, 105811, 77928, 63781, 33383, 56032, 66642]"
111483,"[61940, 18817, 81183, 13453, 102387, 47116, 31592, 11120, 27996, 12426]"
111484,"[32699, 101952, 59128, 45322, 31851, 56753, 61380, 10807, 67634, 2417]"
111485,"[30621, 4266, 32551, 65613, 64899, 64977, 19931, 53085, 12782, 41751]"
111486,"[35898, 100100, 80462, 44578, 74006, 106115, 18820, 51140, 68475, 98121]"
111487,"[30736, 22630, 62022, 39194, 72140, 12879, 42135, 92995, 53353, 106146]"
111488,"[38898, 101825, 35771, 27172, 34078, 100665, 34679, 62853, 12532, 89919]"
111489,"[87371, 7846, 8974, 44536, 96957, 18839, 41537, 16809, 57325, 69695]"
111490,"[17094, 63463, 85778, 90415, 37928, 9585, 80986, 57449, 9520, 12673]"
111491,"[68675, 9010, 88759, 41544, 34207, 94509, 79608, 38532, 24770, 51397]"
111492,"[89434, 109545, 15441, 44572, 23272, 95353, 102682, 70314, 85700, 33103]"
111493,"[67890, 36546, 27912, 30156, 84619, 36416, 108920, 25551, 52046, 107185]"
111494,"[82922, 40475, 99641, 5294, 10989, 74671, 72571, 31557, 20265, 64700]"
111495,"[16343, 54208, 42953, 30324, 7650, 75842, 72630, 49226, 65343, 96216]"
111496,"[90345, 38747, 56540, 40793, 63928, 51243, 86703, 53820, 86575, 95612]"
111497,"[2497, 53800, 70868, 98939, 49891, 49379, 54479, 52211, 10928, 76120]"
111498,"[83733, 98391, 47979, 5033, 2678, 15461, 106855, 74625, 93674, 56604]"
111499,"[73856, 9969, 76930, 39401, 7969, 75794, 59584, 74272, 59212, 23689]"
111500,"[108771, 101899, 35623, 36858, 58771, 62053, 44615, 4964, 96066, 25504]"
111501,"[79083, 84850, 26158, 62518, 103751, 11721, 85018, 108928, 27495, 8773]"
111502,"[97738, 56402, 42241, 91838, 35000, 35944, 28174, 47749, 98189, 17925]"
111503,"[72412, 37507, 66365, 74990, 7557, 21790, 32962, 85518, 91993, 85966]"
111504,"[24942, 29896, 96888, 1953, 99197, 24512, 28346, 51982, 100081, 50021]"
111505,"[83130, 93652, 25010, 44885, 26316, 95787, 79998, 51550, 91748, 23191]"
111506,"[103804, 85821, 77330, 74274, 92095, 5656, 72974, 23122, 30400, 80809]"
111507,"[103519, 39480, 48580, 93994, 100829, 74018, 49783, 73052, 10902, 33943]"
111508,"[52781, 32511, 16517, 17028, 63776, 18333, 12904, 94969, 61776, 4763]"
111509,"[10349, 94955, 18704, 42912, 67411, 96461, 30297, 7506, 92794, 66237]"
111510,"[38878, 81186, 89404, 40808, 91222, 52909, 45013, 18046, 89099, 40750]"
111511,"[93491, 98790, 5611, 73520, 27947, 37185, 65227, 93603, 107056, 64960]"
111512,"[46187, 46729, 52328, 69295, 72718, 26485, 21592, 45211, 10053, 53831]"
111513,"[52902, 91131, 61501, 104188, 47997, 5868, 91249, 43940, 87995, 82517]"
111514,"[21244, 59075, 32944, 62568, 70853, 73661, 19009, 109392, 70042, 59177]"
111515,"[85013, 45608, 70464, 36891, 18076, 83379, 57307, 20676, 106839, 13905]"
111516,"[95002, 34396, 81349, 62900, 24135, 34502, 43708, 66539, 53690, 45288]"
111517,"[46109, 99620, 26922, 27458, 82399, 61707, 24747, 88549, 51932, 15595]"
111518,"[66310, 18458, 106562, 17856, 91037, 68794, 74726, 64418, 96319, 14507]"
111519,"[70915, 80294, 52397, 11580, 95688, 74919, 42177, 38178, 60941, 56120]"
111520,"[66716, 21949, 21696, 100345, 29903, 10911, 21060, 6348, 73689, 104472]"
111521,"[36503, 54440, 56852, 38032, 59455, 52703, 13324, 102049, 7454, 22342]"
111522,"[2477, 9452, 83337, 19871, 79725, 82271, 21971, 50508, 71651, 26055]"
111523,"[77635, 90045, 17246, 8775, 50179, 38960, 38808, 26123, 43936, 20544]"
111524,"[103675, 2585, 51181, 76352, 3618, 20584, 89201, 84503, 8969, 3232]"
111525,"[83333, 27278, 60640, 107762, 38558, 96969, 98555, 75434, 106595, 62665]"
111526,"[35104, 51596, 88432, 44160, 102042, 46302, 18681, 62320, 93335, 5599]"
111527,"[49316, 3681, 7654, 3433, 99014, 8455, 9081, 37553, 60235, 90982]"
111528,"[82884, 28003, 105479, 54539, 86112, 100329, 30727, 90867, 46125, 106783]"
111529,"[79850, 79144, 56517, 41400, 86248, 85786, 88284, 69221, 103670, 70505]"
111530,"[89582, 13548, 58586, 63228, 54932, 56245, 18442, 44157, 5573, 104174]"
111531,"[50247, 97058, 83994, 54102, 104007, 27768, 60903, 89871, 1483, 96673]"
111532,"[13618, 14010, 50506, 15157, 26281, 101391, 9957, 97735, 24195, 74715]"
111533,"[40777, 75949, 29947, 43932, 29484, 94454, 74368, 51827, 14127, 104437]"
111534,"[77481, 97464, 12831, 53880, 76536, 22382, 88041, 87091, 58926, 36827]"
111535,"[65615, 81074, 61052, 93174, 4726, 63853, 89345, 15083, 25420, 16270]"
111536,"[37627, 85377, 32198, 33071, 36673, 44282, 62265, 64094, 48684, 20360]"
111537,"[89339, 80817, 1198, 3033, 67501, 45278, 77089, 83320, 72716, 22083]"
111538,"[45590, 45314, 34996, 14130, 42015, 82964, 12117, 60122, 41483, 37657]"
111539,"[18553, 103081, 35987, 77971, 28191, 23794, 12080, 47748, 22065, 77614]"
111540,"[57755, 101480, 64050, 25513, 50667, 88196, 68073, 70623, 103136, 55150]"
111541,"[3269, 98612, 30710, 60455, 13615, 92410, 79537, 71592, 81170, 34241]"
111542,"[42440, 96325, 81631, 102514, 81055, 56178, 49930, 1989, 87439, 68958]"
111543,"[36842, 24455, 100480, 98775, 34780, 103475, 8576, 94009, 69611, 2076]"
111544,"[57953, 105601, 20858, 57879, 2869, 78638, 34907, 22776, 70705, 70806]"
111545,"[86968, 44092, 23776, 48652, 38226, 101082, 48822, 24215, 40248, 32752]"
111546,"[79124, 79250, 54292, 73747, 5511, 4292, 95251, 11420, 21091, 4944]"
111547,"[89063, 95891, 109203, 10408, 25477, 50556, 14868, 3731, 70054, 78607]"
111548,"[88365, 25664, 20482, 102807, 77261, 65128, 11021, 67059, 3919, 62592]"
111549,"[93415, 40949, 43009, 74131, 4401, 70843, 4354, 3715, 39316, 54907]"
111550,"[16203, 17327, 53953, 31884, 41907, 109549, 97853, 59652, 84756, 42342]"
111551,"[45682, 57623, 84204, 21345, 47063, 84664, 56689, 7869, 97318, 32757]"
111552,"[95884, 76867, 28933, 5874, 75632, 74823, 53644, 60622, 61841, 65637]"
111553,"[85332, 19968, 14886, 91789, 82604, 76039, 54481, 50004, 97892, 54883]"
111554,"[1561, 11160, 41046, 87824, 95318, 44364, 61663, 81033, 33990, 16112]"
111555,"[88944, 30898, 33970, 80846, 75494, 18602, 35642, 48066, 27219, 31770]"
111556,"[52228, 26824, 95364, 3548, 85149, 7922, 90745, 79781, 31180, 59743]"
111557,"[39990, 70253, 99451, 109618, 58183, 49216, 19472, 101482, 58350, 66765]"
111558,"[68580, 62387, 86367, 84080, 36086, 55724, 74786, 91902, 74600, 56119]"
111559,"[7317, 89105, 36468, 77907, 107861, 61908, 57215, 87107, 79996, 66427]"
111560,"[93147, 10289, 57006, 28882, 89344, 16820, 100226, 61993, 28680, 64178]"
111561,"[60557, 83765, 105507, 37633, 11105, 35894, 93719, 8653, 19613, 99363]"
111562,"[15275, 66141, 100669, 24464, 3287, 93657, 94948, 191, 76217, 825]"
111563,"[3170, 48713, 63834, 26919, 99969, 38821, 12009, 107867, 22074, 105725]"
111564,"[24843, 54244, 70754, 25956, 43769, 95169, 65937, 26267, 75057, 65522]"
111565,"[93327, 93203, 63390, 93532, 37820, 7100, 97874, 37293, 45402, 62848]"
111566,"[54183, 34419, 26903, 76810, 36292, 57602, 3334, 99817, 43295, 70979]"
111567,"[45366, 8647, 14068, 92393, 84581, 18290, 95531, 27042, 1710, 40388]"
111568,"[73157, 70871, 40078, 96976, 27315, 108585, 28766, 20926, 20624, 60540]"
111569,"[54211, 15111, 78510, 82331, 52379, 14804, 44110, 17959, 32065, 20258]"
111570,"[79702, 51241, 50897, 76419, 42813, 39699, 5093, 6456, 43111, 51393]"
111571,"[25844, 68314, 14039, 18856, 62245, 69873, 45009, 68085, 50722, 86706]"
111572,"[1079, 68165, 41572, 37226, 24312, 57566, 31818, 85464, 62503, 50567]"
111573,"[91337, 28775, 49291, 36274, 81544, 38923, 79556, 103561, 10279, 82928]"
111574,"[69482, 89293, 39167, 91172, 82227, 69179, 102565, 102466, 23921, 68137]"
111575,"[44356, 78768, 58620, 28824, 42715, 73031, 73224, 68323, 26641, 45884]"
111576,"[88832, 44063, 24241, 8071, 61973, 50702, 45998, 49471, 105270, 77649]"
111577,"[33670, 89307, 48053, 43851, 84906, 82623, 4209, 59486, 82885, 44395]"
111578,"[84224, 80105, 37929, 105645, 10802, 45278, 103832, 18395, 47449, 80077]"
111579,"[77942, 39645, 1867, 58319, 63489, 101755, 9681, 34590, 20009, 24868]"
111580,"[24333, 52507, 29330, 48508, 412, 92806, 56610, 80041, 84269, 813]"
111581,"[86836, 18593, 61215, 87441, 88480, 45876, 43787, 95983, 101626, 53969]"
111582,"[73024, 97389, 38355, 107103, 32240, 31475, 96994, 92467, 27619, 70917]"
111583,"[53548, 65653, 11350, 45378, 94891, 99272, 30772, 59451, 14854, 78332]"
111584,"[97296, 85436, 92582, 84668, 34058, 7800, 13177, 62957, 53594, 19274]"
111585,"[72879, 90927, 65546, 83049, 35872, 77058, 75059, 58057, 740, 19082]"
111586,"[102198, 103850, 67234, 3194, 17067, 37565, 12680, 102232, 74548, 92711]"
111587,"[12388, 11496, 24725, 58831, 47931, 98352, 79353, 90969, 10119, 75853]"
111588,"[46144, 62783, 36874, 79409, 55576, 78148, 47010, 21721, 17620, 26358]"
111589,"[18814, 52560, 58664, 55142, 4702, 95977, 82151, 19049, 45290, 90729]"
111590,"[89981, 105438, 11927, 59184, 98143, 6088, 73803, 14437, 8504, 38542]"
111591,"[38740, 23106, 1902, 2168, 579, 9815, 84749, 71865, 96334, 80487]"
111592,"[87806, 40173, 43327, 74792, 40340, 64678, 22753, 76272, 35721, 109704]"
111593,"[12292, 1340, 36016, 72448, 30536, 18758, 71973, 60470, 8198, 63758]"
111594,"[90334, 59025, 33234, 58289, 27465, 10480, 33419, 83788, 90806, 36033]"
111595,"[85276, 28983, 81080, 82180, 7965, 17857, 84607, 83224, 26928, 48554]"
111596,"[103869, 85093, 27470, 26318, 52733, 63604, 22970, 85722, 31413, 50251]"
111597,"[67422, 95694, 61716, 103917, 101394, 6226, 35761, 82718, 68660, 6457]"
111598,"[85233, 8366, 4760, 33765, 88495, 74432, 98155, 93558, 16875, 66571]"
111599,"[46312, 90931, 39633, 50534, 4053, 78601, 28582, 7663, 47492, 87117]"
111600,"[94962, 74551, 14144, 87802, 71888, 19933, 15897, 71329, 77644, 24709]"
111601,"[34001, 67008, 27239, 81254, 58961, 40458, 30329, 29067, 73154, 106274]"
111602,"[62362, 9850, 13712, 104757, 27470, 93842, 78593, 81337, 30836, 44161]"
111603,"[64637, 107915, 42202, 85999, 106767, 28229, 88723, 45348, 28543, 37242]"
111604,"[61771, 108718, 56073, 24836, 28614, 54497, 93848, 99391, 45201, 14041]"
111605,"[16802, 99170, 85067, 88939, 36828, 82364, 40476, 21525, 57897, 51989]"
111606,"[1071, 61847, 63197, 26392, 14562, 67852, 91214, 19573, 13116, 52817]"
111607,"[327, 92477, 69518, 79206, 23158, 74767, 69201, 97497, 10934, 53386]"
111608,"[5649, 70243, 40339, 96463, 59598, 54111, 84590, 9419, 55575, 16562]"
111609,"[45577, 86120, 12969, 99315, 89391, 101132, 81677, 94730, 66931, 75334]"
111610,"[38403, 36498, 14997, 28641, 20381, 72404, 59236, 24508, 74623, 600]"
111611,"[103812, 68453, 25621, 80964, 29601, 51737, 66185, 76873, 99840, 28946]"
111612,"[42562, 46572, 17824, 47713, 78790, 88219, 93307, 67490, 79566, 58553]"
111613,"[14593, 13773, 28020, 43310, 78988, 8742, 961, 93833, 42282, 87288]"
111614,"[1178, 45295, 11401, 72183, 18073, 17275, 80370, 71530, 6466, 63132]"
111615,"[17177, 76981, 91086, 70712, 38600, 84547, 18152, 103015, 84467, 31765]"
111616,"[83782, 27631, 16276, 101107, 75085, 7724, 58733, 9179, 13456, 96183]"
111617,"[70116, 29022, 94219, 39333, 9877, 50409, 30101, 103075, 66657, 84142]"
111618,"[59425, 434, 31590, 47747, 42743, 27591, 62472, 21587, 14976, 109143]"
111619,"[103651, 7503, 0, 68136, 58207, 62293, 52628, 99301, 96144, 101419]"
111620,"[45224, 101951, 1098, 99282, 47717, 13760, 89922, 8580, 52779, 106330]"
111621,"[15949, 42775, 38836, 99979, 27021, 19743, 86725, 71019, 11011, 8425]"
111622,"[96669, 41446, 87234, 41816, 13009, 60009, 14421, 103455, 17657, 106273]"
111623,"[65575, 14723, 94223, 86445, 95039, 107808, 91140, 95073, 92424, 78153]"
111624,"[72717, 49692, 13015, 105845, 79831, 72952, 87771, 38827, 57733, 97247]"
111625,"[9293, 39526, 33883, 42975, 48509, 31966, 19906, 60994, 58324, 76619]"
111626,"[54803, 6608, 11539, 62594, 5472, 49685, 8102, 96883, 30973, 6850]"
111627,"[1920, 42823, 32698, 98184, 98897, 14578, 2410, 50935, 7491, 88504]"
111628,"[3929, 71307, 16433, 93113, 63435, 61419, 46782, 48382, 66205, 46770]"
111629,"[19952, 3999, 21539, 66722, 58310, 93057, 6140, 17596, 25960, 77868]"
111630,"[58243, 62730, 95439, 37896, 5703, 73419, 89037, 20064, 76244, 51764]"
111631,"[3154, 38423, 55170, 34990, 11221, 1642, 47616, 3145, 84654, 75039]"
111632,"[8420, 55673, 104335, 100167, 12847, 73079, 64291, 14357, 53694, 59149]"
111633,"[23236, 77027, 349, 65839, 88896, 55813, 16844, 7450, 109191, 93381]"
111634,"[27661, 99661, 11744, 96738, 20935, 36686, 18159, 92976, 10363, 22587]"
111635,"[49234, 103382, 77763, 60657, 41190, 10116, 74805, 33691, 64836, 88582]"
111636,"[56936, 57133, 15509, 32555, 68026, 108627, 75228, 36392, 97944, 25745]"
111637,"[68350, 76110, 18125, 77634, 28660, 57826, 86571, 13137, 21269, 21286]"
111638,"[35319, 97128, 63333, 108241, 96377, 27861, 104052, 93990, 81519, 65918]"
111639,"[35687, 57095, 87174, 106256, 71581, 26126, 11441, 74045, 61448, 76789]"
111640,"[33849, 5022, 17211, 53577, 67186, 47894, 51576, 18359, 78812, 75436]"
111641,"[47543, 26300, 4665, 66331, 26321, 90194, 29655, 100714, 67057, 65901]"
111642,"[72146, 65126, 52486, 27593, 151, 37877, 93847, 70309, 94229, 23463]"
111643,"[85753, 60886, 58403, 107264, 76560, 26252, 34072, 92906, 67521, 30837]"
111644,"[64974, 92085, 57438, 16377, 61483, 29715, 82370, 12405, 43700, 12243]"
111645,"[34665, 16015, 5347, 86998, 48256, 39074, 28464, 54971, 10512, 83119]"
111646,"[74802, 55582, 63818, 48715, 72919, 80903, 84571, 61543, 1424, 39499]"
111647,"[17892, 11468, 37341, 103521, 35631, 56672, 84267, 68261, 65347, 92939]"
111648,"[24310, 103693, 15971, 70731, 70641, 27066, 87884, 52957, 26044, 109173]"
111649,"[85627, 94181, 95812, 55283, 105857, 26183, 24727, 93241, 4326, 102940]"
111650,"[12633, 13887, 51654, 25580, 58161, 101013, 27629, 99738, 30272, 88906]"
111651,"[59498, 78477, 14843, 10081, 8837, 11429, 77656, 13179, 83565, 60852]"
111652,"[104391, 5094, 81829, 74845, 83353, 29044, 29220, 41199, 10933, 100282]"
111653,"[77411, 85853, 52894, 81194, 62889, 108001, 95965, 7277, 78669, 32870]"
111654,"[79365, 101970, 90052, 55811, 93135, 28375, 68835, 52883, 11772, 11301]"
111655,"[32810, 107049, 49488, 23863, 59921, 27280, 96659, 71558, 49270, 42446]"
111656,"[100675, 58127, 35129, 44907, 867, 90162, 41132, 102601, 75962, 109553]"
111657,"[66394, 56052, 75433, 96532, 18038, 59260, 40886, 31418, 63396, 40593]"
111658,"[56847, 90436, 30210, 86142, 102476, 32036, 92951, 97596, 99214, 82168]"
111659,"[100232, 103875, 107508, 87907, 91637, 36699, 13094, 1644, 38574, 100313]"
111660,"[57751, 93313, 7850, 15019, 28757, 41512, 9213, 24898, 13708, 47249]"
111661,"[91761, 22154, 87337, 54177, 94624, 76842, 90048, 101762, 26987, 58347]"
111662,"[31958, 62767, 14537, 77753, 39334, 74860, 37840, 19175, 50964, 91214]"
111663,"[8093, 16652, 64591, 57375, 38100, 101829, 61459, 15675, 103598, 105756]"
111664,"[42546, 23189, 1740, 46038, 10745, 82078, 108283, 35617, 85441, 24732]"
111665,"[100906, 78733, 50656, 70984, 28421, 18121, 75473, 77053, 516, 6229]"
111666,"[108274, 78906, 103867, 66778, 61423, 49126, 47446, 60075, 96194, 20234]"
111667,"[42873, 35899, 9201, 17198, 10200, 45992, 95191, 52479, 70554, 108231]"
111668,"[49669, 81541, 11685, 10549, 22803, 6212, 44947, 42630, 29363, 98228]"
111669,"[88902, 83061, 106787, 33356, 30654, 33283, 85589, 107756, 81037, 10072]"
111670,"[73015, 55655, 28859, 40641, 69957, 29566, 24851, 62082, 19905, 27239]"
111671,"[87483, 92884, 41086, 19161, 107507, 91160, 43332, 12165, 81842, 42418]"
111672,"[45728, 34570, 5973, 74103, 82729, 18761, 86513, 24655, 91697, 96159]"
111673,"[74507, 30923, 77318, 1823, 93667, 19596, 98602, 15411, 53442, 43579]"
111674,"[74654, 69146, 88694, 49803, 46520, 55362, 76225, 65199, 2932, 12850]"
111675,"[85281, 87871, 43254, 77972, 71958, 98279, 49976, 61967, 37863, 66965]"
111676,"[81132, 45206, 84589, 51496, 68230, 62649, 66805, 66168, 26022, 38516]"
111677,"[19657, 89399, 72360, 21435, 90749, 21719, 98626, 24356, 45335, 94699]"
111678,"[101430, 15660, 57854, 50367, 40753, 56650, 104387, 81720, 98499, 83621]"
111679,"[27965, 55128, 26045, 45639, 67521, 68743, 38822, 108860, 38337, 30288]"
111680,"[90216, 54026, 62379, 45349, 15000, 38613, 36723, 81824, 57496, 23616]"
111681,"[63753, 13141, 49192, 47954, 73614, 4841, 34851, 53336, 35957, 44742]"
111682,"[29473, 65411, 65970, 50690, 103311, 42429, 72493, 102062, 34294, 63758]"
111683,"[21842, 53057, 36887, 76582, 107309, 84016, 11969, 101414, 40123, 26938]"
111684,"[21790, 7557, 45920, 33881, 23375, 2061, 30409, 37619, 33052, 50370]"
111685,"[106996, 2797, 81094, 74476, 45827, 80334, 68077, 71034, 109044, 69872]"
111686,"[128, 91758, 94155, 85994, 53244, 13874, 78113, 66829, 23541, 76327]"
111687,"[81064, 47245, 48689, 43737, 39085, 19468, 68170, 45085, 71749, 19899]"
111688,"[56502, 25539, 82613, 22799, 20048, 70385, 99662, 2978, 75600, 84925]"
111689,"[47251, 63454, 8832, 11355, 59949, 37182, 91881, 2726, 16066, 65097]"
111690,"[53150, 6949, 18199, 72184, 107767, 91189, 57156, 93828, 74892, 12856]"
111691,"[8322, 38237, 38150, 18836, 34676, 83050, 97747, 36974, 6790, 105617]"
111692,"[52237, 16340, 58338, 41095, 64702, 29984, 49981, 57778, 22657, 24000]"
111693,"[67586, 3275, 1197, 79315, 18754, 24515, 18718, 76060, 103764, 98059]"
111694,"[99477, 56177, 33426, 80287, 25060, 11090, 9629, 83679, 39399, 3182]"
111695,"[3606, 15683, 49129, 107547, 104467, 10468, 98742, 18379, 6287, 51676]"
111696,"[14795, 85026, 145, 70170, 8601, 88887, 50382, 11854, 39002, 95338]"
111697,"[40093, 36031, 70763, 21282, 100792, 103624, 32509, 56139, 97603, 70364]"
111698,"[81052, 53882, 95857, 48444, 49463, 108355, 38183, 17220, 6986, 96164]"
111699,"[102800, 80634, 30940, 59987, 41781, 11560, 49954, 85716, 69477, 85213]"
111700,"[89404, 40808, 38878, 91222, 81186, 37202, 4976, 62183, 18046, 74357]"
111701,"[10606, 60844, 21804, 100266, 22710, 53211, 103128, 10611, 18198, 48393]"
111702,"[104616, 73003, 58366, 1697, 33825, 49425, 24937, 32657, 62023, 81193]"
111703,"[24840, 61336, 27373, 23773, 14753, 31708, 99383, 65154, 99855, 12226]"
111704,"[5044, 59723, 99234, 82926, 102375, 51872, 86172, 107509, 30050, 41898]"
111705,"[95269, 99082, 30576, 79369, 3614, 43444, 55244, 104571, 46431, 28339]"
111706,"[97078, 106689, 82739, 51552, 81896, 9462, 83359, 61292, 68343, 108984]"
111707,"[103395, 47185, 60885, 63169, 70035, 104374, 26305, 15963, 56778, 12124]"
111708,"[98570, 54301, 78880, 18960, 79037, 80292, 25711, 73947, 411, 14175]"
111709,"[81455, 55471, 77404, 18024, 100167, 58804, 99096, 53626, 107804, 12337]"
111710,"[62232, 13784, 86278, 40138, 74742, 26954, 70750, 23563, 39932, 56621]"
111711,"[83855, 91125, 55589, 14369, 30266, 68890, 4105, 93907, 106075, 45224]"
111712,"[106660, 83037, 33128, 54000, 108790, 88098, 41656, 12018, 28781, 12370]"
111713,"[10560, 31105, 100210, 107156, 22511, 1906, 84474, 68967, 41314, 45654]"
111714,"[67485, 51625, 9938, 28162, 75487, 67305, 94311, 100573, 48161, 55894]"
111715,"[87382, 2205, 70285, 3547, 87472, 90301, 33033, 74472, 105844, 67266]"
111716,"[22835, 24282, 36420, 97341, 96544, 72341, 25334, 10772, 48529, 43986]"
111717,"[19184, 56565, 8613, 92150, 28615, 70796, 27336, 8440, 12644, 4132]"
111718,"[44128, 58641, 109184, 72741, 108851, 77002, 91828, 74773, 17190, 95193]"
111719,"[77313, 52198, 89133, 108918, 11944, 85502, 66612, 42517, 24265, 106438]"
111720,"[54923, 53743, 31543, 81519, 40116, 63333, 32285, 3845, 105607, 4111]"
111721,"[75574, 48316, 96775, 65957, 55643, 80451, 12572, 3273, 84250, 50028]"
111722,"[103840, 25803, 45286, 23946, 65101, 104565, 13790, 12768, 19086, 73442]"
111723,"[91165, 82340, 68336, 27932, 36009, 55658, 46453, 12, 58291, 44311]"
111724,"[45333, 3919, 84313, 26721, 106683, 108471, 102807, 90403, 92224, 20090]"
111725,"[53207, 82193, 105810, 26460, 107215, 87893, 74106, 13058, 76174, 15347]"
111726,"[38922, 2064, 19860, 81805, 19876, 83092, 33870, 59841, 68407, 25137]"
111727,"[63910, 3887, 89948, 101314, 29159, 109475, 52010, 47227, 43256, 101618]"
111728,"[57675, 52597, 5698, 70684, 105365, 4884, 90611, 77706, 51152, 33481]"
111729,"[79979, 42135, 106146, 102052, 53353, 29269, 74349, 26814, 38685, 8685]"
111730,"[50941, 29557, 25443, 102746, 55801, 74652, 90472, 48008, 45970, 76656]"
111731,"[95719, 49833, 87190, 12061, 87812, 7223, 89872, 54091, 81414, 43937]"
111732,"[28475, 10381, 66851, 54593, 39370, 806, 82968, 34465, 78136, 19209]"
111733,"[80187, 75215, 30367, 57219, 83897, 63902, 97348, 37207, 86467, 109168]"
111734,"[107262, 96513, 34177, 9241, 61331, 43048, 43069, 33282, 30946, 4584]"
111735,"[109501, 46183, 40239, 9836, 70093, 23841, 32317, 51635, 71087, 100643]"
111736,"[86371, 10747, 17386, 53577, 10577, 556, 68786, 25039, 54831, 22670]"
111737,"[100100, 35898, 65259, 83474, 80462, 44578, 74006, 18820, 51140, 20575]"
111738,"[67497, 50973, 12369, 66290, 59517, 78074, 19252, 20616, 28701, 56195]"
111739,"[19981, 47499, 3178, 12401, 10440, 62568, 62653, 74123, 15754, 52283]"
111740,"[25373, 27280, 82340, 34510, 4161, 19960, 9278, 13275, 37215, 2525]"
111741,"[38112, 86151, 33131, 53876, 39905, 33217, 34351, 66300, 51960, 51786]"
111742,"[27840, 69210, 86912, 31327, 71669, 59037, 45194, 47059, 37431, 67624]"
111743,"[91553, 107673, 64215, 82694, 37686, 47340, 96865, 50508, 4836, 80756]"
111744,"[49859, 2386, 33546, 35000, 81964, 93396, 74167, 59375, 1277, 32370]"
111745,"[21043, 14300, 60561, 1989, 50159, 49557, 34916, 101341, 58792, 7713]"
111746,"[95896, 21576, 98627, 37271, 38146, 51821, 94048, 10016, 11057, 44523]"
111747,"[41837, 42907, 103568, 58170, 103193, 29630, 67914, 108410, 64321, 106636]"
111748,"[64000, 54566, 85894, 49626, 15137, 24469, 29873, 36732, 28072, 70647]"
111749,"[52879, 68548, 93817, 71423, 63838, 80096, 47260, 32618, 20137, 59505]"
111750,"[79015, 94766, 49798, 61507, 16892, 104447, 89448, 97157, 85696, 68270]"
111751,"[64966, 16022, 38495, 15439, 81834, 7975, 33114, 31558, 77235, 21748]"
111752,"[25594, 32764, 58125, 27339, 2200, 4772, 35105, 6761, 1209, 58873]"
111753,"[14229, 55391, 44086, 108313, 70726, 7476, 38194, 106954, 85362, 36867]"
111754,"[82268, 65230, 1319, 22382, 87091, 98845, 39136, 50007, 55220, 106122]"
111755,"[107717, 5927, 81628, 22584, 3346, 32433, 64538, 72579, 82845, 30200]"
111756,"[94652, 61605, 26564, 3875, 6338, 59002, 48281, 39904, 82994, 58306]"
111757,"[18924, 6563, 2049, 1107, 22531, 29517, 105258, 58872, 28588, 21223]"
111758,"[7835, 9789, 35450, 76058, 103470, 39977, 39182, 35470, 26916, 87369]"
111759,"[80411, 20112, 39035, 19020, 7513, 32952, 64856, 67776, 24005, 3500]"
111760,"[52790, 9820, 77559, 12624, 78958, 36814, 87648, 65569, 37384, 690]"
111761,"[83755, 701, 104326, 7033, 27119, 5672, 61705, 60168, 29077, 73489]"
111762,"[105328, 25288, 22930, 32395, 63964, 61232, 18810, 82689, 4004, 6940]"
111763,"[51608, 15957, 78340, 27977, 85743, 82583, 52803, 102054, 2450, 33361]"
111764,"[43674, 54304, 57410, 67268, 83692, 69591, 79782, 45707, 80618, 31406]"
111765,"[51137, 79949, 90186, 23047, 13968, 21078, 8702, 66079, 86740, 53210]"
111766,"[97133, 70671, 22377, 53676, 105246, 60669, 25824, 105856, 82862, 38393]"
111767,"[2179, 67971, 72507, 53049, 93384, 40792, 66169, 80911, 42925, 19623]"
111768,"[5194, 95893, 37781, 52595, 69741, 91938, 41930, 101826, 22146, 100397]"
111769,"[6660, 15249, 56144, 9860, 3946, 28858, 61548, 109314, 96224, 34975]"
111770,"[41852, 29933, 2531, 108221, 67873, 38994, 88541, 94394, 68750, 101944]"
111771,"[6817, 6548, 48781, 82608, 14248, 57822, 63397, 13701, 74554, 25056]"
111772,"[74050, 36855, 35362, 40902, 31941, 59109, 43818, 47403, 23713, 43300]"
111773,"[94496, 90777, 85774, 96025, 53404, 5894, 60778, 73760, 28532, 38945]"
111774,"[94776, 27798, 53391, 74897, 19226, 62242, 19773, 89594, 24172, 13150]"
111775,"[88873, 92113, 47071, 13738, 109114, 65336, 80913, 34643, 68476, 38443]"
111776,"[66972, 9140, 60640, 106727, 30904, 14121, 49545, 18393, 71948, 35196]"
111777,"[58868, 73379, 68849, 92098, 89801, 45227, 20637, 15110, 83616, 27633]"
111778,"[61009, 71561, 41399, 11118, 109057, 6895, 13730, 92033, 83047, 31133]"
111779,"[107000, 93894, 44759, 36416, 25538, 59249, 64858, 25551, 64785, 63452]"
111780,"[63675, 13200, 37204, 29883, 45568, 100706, 32344, 82987, 16060, 80999]"
111781,"[61283, 59445, 12090, 17006, 101219, 10435, 19442, 101798, 13220, 436]"
111782,"[33366, 28838, 76298, 52780, 61005, 59911, 77675, 12887, 62847, 83841]"
111783,"[93075, 31306, 3362, 11660, 72667, 104352, 22007, 80691, 4663, 28301]"
111784,"[27406, 36304, 53988, 51953, 5683, 107310, 30912, 2602, 11557, 91331]"
111785,"[80015, 48224, 68852, 56500, 33786, 44816, 45605, 55856, 97199, 67408]"
111786,"[98452, 10052, 89757, 54926, 14881, 75270, 38224, 5658, 50650, 54868]"
111787,"[13898, 22853, 17966, 53805, 27205, 104882, 36737, 92599, 103023, 77736]"
111788,"[65104, 44877, 58869, 57616, 18730, 21310, 86587, 31568, 102557, 26807]"
111789,"[28104, 37127, 9590, 104996, 99983, 50359, 95715, 103991, 56385, 92283]"
111790,"[30799, 102664, 50212, 83263, 24782, 30914, 58356, 50479, 16489, 39080]"
111791,"[90985, 103437, 47535, 35634, 46000, 21227, 70103, 34010, 70133, 50393]"
111792,"[39880, 80858, 88424, 70119, 30340, 105580, 91468, 26964, 31272, 97850]"
111793,"[57269, 37094, 86950, 66313, 45383, 6155, 84419, 86000, 64099, 12654]"
111794,"[36095, 73950, 56932, 51744, 45629, 71957, 95301, 46935, 48825, 6995]"
111795,"[48568, 3862, 58129, 14633, 53734, 104517, 60395, 34973, 58429, 64609]"
111796,"[32321, 108404, 81074, 15083, 77516, 47637, 16710, 88485, 21909, 32459]"
111797,"[44431, 91856, 96535, 106810, 43149, 90778, 45417, 89416, 3659, 31381]"
111798,"[100536, 101654, 63995, 8450, 16469, 39035, 38015, 64420, 106288, 57246]"
111799,"[28130, 37108, 12057, 7415, 30473, 38070, 86409, 109335, 93903, 54844]"
111800,"[26071, 86813, 71589, 101684, 39175, 106863, 39448, 47919, 21203, 78120]"
111801,"[76330, 1282, 90383, 32464, 11162, 10056, 40804, 96644, 57378, 104399]"
111802,"[11720, 82196, 77921, 56681, 61343, 80854, 86938, 84783, 51670, 4826]"
111803,"[22540, 71836, 29465, 106604, 7276, 76607, 654, 75358, 58708, 92100]"
111804,"[6351, 76384, 61102, 51445, 47763, 11391, 104485, 37729, 14860, 19422]"
111805,"[54743, 10600, 16911, 77189, 98871, 83164, 73892, 86843, 29174, 85791]"
111806,"[100665, 94838, 7679, 42009, 109478, 89919, 54449, 80652, 49699, 97709]"
111807,"[7401, 33639, 36505, 70557, 10820, 61665, 82703, 68498, 25343, 59265]"
111808,"[1364, 17453, 62266, 85691, 21161, 60711, 96166, 103975, 108755, 107162]"
111809,"[85197, 88272, 20957, 38332, 25789, 17473, 32512, 62053, 61750, 44501]"
111810,"[78453, 27744, 108217, 6904, 83482, 95128, 100857, 98501, 52083, 96219]"
111811,"[47167, 97226, 102401, 54625, 73976, 10442, 105738, 51898, 58590, 63458]"
111812,"[29431, 73424, 34301, 66380, 55543, 40819, 58222, 40335, 59137, 51742]"
111813,"[102711, 34244, 24547, 77897, 32303, 94758, 95449, 91860, 34081, 8082]"
111814,"[77648, 51085, 61689, 89307, 4758, 28170, 55047, 60062, 5013, 5717]"
111815,"[81437, 37678, 101358, 97000, 55075, 106726, 12440, 31237, 72805, 42117]"
111816,"[58778, 13894, 46255, 67846, 81752, 51295, 53552, 25654, 6205, 109240]"
111817,"[13010, 62834, 95424, 80959, 48836, 97752, 12433, 29314, 18775, 9735]"
111818,"[72195, 43178, 64089, 73111, 4813, 40470, 59704, 44508, 56902, 23473]"
111819,"[8662, 53483, 91374, 42080, 33197, 92670, 78046, 100742, 103128, 71061]"
111820,"[39829, 51411, 14702, 62508, 94257, 3440, 14076, 109521, 97018, 76439]"
111821,"[57943, 58957, 84830, 739, 88869, 100974, 25176, 108614, 108656, 91937]"
111822,"[40920, 20548, 77005, 38191, 106824, 70685, 64864, 50321, 92988, 33041]"
111823,"[18637, 36804, 14000, 41346, 76288, 64685, 44353, 35408, 14379, 104462]"
111824,"[63173, 77481, 98221, 104359, 46110, 95821, 37862, 36790, 36827, 31549]"
111825,"[22606, 91830, 108472, 102274, 72258, 47003, 66409, 63462, 65327, 4481]"
111826,"[108866, 86482, 71628, 13108, 61459, 66033, 10913, 93832, 44103, 24529]"
111827,"[64364, 96686, 30635, 47574, 13663, 19633, 42407, 87450, 59788, 43723]"
111828,"[36840, 44531, 31205, 14176, 40090, 64803, 84862, 77930, 97486, 101475]"
111829,"[61831, 24600, 57009, 40703, 36352, 16861, 32778, 67473, 104077, 2558]"
111830,"[27013, 35353, 58408, 78638, 101585, 20351, 68159, 27138, 79688, 108926]"
111831,"[48078, 97989, 88621, 7632, 19547, 47160, 24040, 97593, 82705, 6723]"
111832,"[24111, 66918, 89485, 17264, 60974, 73659, 74180, 29313, 54492, 45564]"
111833,"[99921, 32884, 60979, 60819, 10806, 84236, 54599, 66048, 78523, 89227]"
111834,"[22086, 7471, 2164, 88440, 7647, 60466, 73464, 6427, 79166, 43743]"
111835,"[62616, 37292, 68866, 31255, 83909, 56360, 1780, 1742, 86221, 70174]"
111836,"[65034, 56977, 80629, 67130, 97165, 74184, 75340, 20839, 93785, 97996]"
111837,"[59114, 55776, 5894, 60778, 93015, 72392, 17105, 21602, 109541, 105276]"
111838,"[74183, 74269, 15448, 31137, 19742, 95386, 92520, 55487, 53421, 37144]"
111839,"[59970, 73273, 33476, 79830, 4851, 9018, 104652, 15616, 56336, 89591]"
111840,"[3820, 5610, 5182, 11433, 1608, 76011, 79024, 19836, 55238, 23153]"
111841,"[49620, 44070, 22542, 22546, 58048, 11865, 45286, 38204, 104565, 99058]"
111842,"[74609, 94742, 76250, 108600, 82836, 37493, 7487, 1359, 92836, 32095]"
111843,"[88184, 90178, 65076, 83574, 36516, 56333, 26039, 96800, 42108, 27541]"
111844,"[89968, 107672, 71905, 94724, 85475, 201, 104412, 89091, 78644, 49697]"
111845,"[36822, 94970, 58102, 63394, 98746, 26905, 13807, 84644, 48363, 38636]"
111846,"[15082, 18629, 106029, 25610, 13218, 92630, 70835, 6891, 84107, 89646]"
111847,"[83651, 12883, 94989, 14094, 8082, 83907, 56082, 13999, 10444, 32986]"
111848,"[86609, 7516, 88674, 21031, 83335, 57202, 99035, 35637, 13778, 95394]"
111849,"[69460, 58644, 13737, 66544, 67450, 91734, 101063, 107994, 26132, 27029]"
111850,"[90222, 36429, 73770, 96561, 86788, 91253, 14310, 95683, 39308, 72632]"
111851,"[86542, 48452, 52456, 7408, 89287, 67513, 94422, 67350, 61371, 105340]"
111852,"[8254, 37408, 61998, 41251, 39839, 20951, 36609, 46156, 36421, 77491]"
111853,"[61923, 93737, 108099, 33697, 40907, 62095, 47563, 77544, 83507, 63698]"
111854,"[82892, 36871, 77501, 68701, 47660, 35849, 54718, 78812, 21291, 64447]"
111855,"[75470, 1079, 66887, 8603, 20089, 19910, 37226, 68165, 24312, 31818]"
111856,"[33317, 26995, 76687, 19367, 82250, 2521, 46522, 27997, 20869, 5637]"
111857,"[45209, 20997, 14407, 64835, 60548, 65406, 69884, 15027, 107431, 108271]"
111858,"[21132, 88953, 71276, 17766, 20769, 58766, 47305, 20615, 67894, 27874]"
111859,"[39042, 1538, 28389, 42270, 48883, 59426, 12222, 83082, 62742, 11418]"
111860,"[56996, 59975, 79415, 43768, 21300, 79214, 68733, 1293, 26283, 44727]"
111861,"[40503, 4202, 88074, 21530, 66977, 24306, 88930, 79008, 41775, 28823]"
111862,"[35971, 74281, 107033, 28832, 53706, 75900, 90936, 65731, 108207, 10232]"
111863,"[45311, 64518, 99517, 67652, 109593, 27934, 40992, 66458, 43402, 36954]"
111864,"[58767, 99342, 50120, 15137, 105642, 53024, 99200, 46436, 68662, 22960]"
111865,"[36732, 68280, 85088, 12233, 107954, 47792, 14767, 70647, 12121, 96886]"
111866,"[23142, 96979, 88211, 28156, 4830, 13697, 87665, 76746, 65568, 16952]"
111867,"[72104, 93205, 10511, 8554, 71056, 97751, 46346, 87041, 29822, 87380]"
111868,"[70323, 5921, 39118, 27550, 59471, 65114, 108097, 32618, 92980, 68373]"
111869,"[18896, 39052, 74366, 18633, 51823, 14718, 25950, 95976, 105604, 47082]"
111870,"[16001, 47480, 12429, 57619, 89299, 103237, 53072, 7334, 43041, 91398]"
111871,"[85977, 19643, 43774, 79932, 43610, 48445, 13761, 46699, 69266, 23929]"
111872,"[39684, 55005, 12060, 43896, 2448, 107496, 7441, 35123, 4856, 44049]"
111873,"[60879, 41408, 49299, 80697, 8191, 51060, 106943, 42834, 90891, 19214]"
111874,"[63044, 506, 24985, 39928, 51448, 106721, 48734, 76149, 23486, 36216]"
111875,"[1032, 71523, 36669, 81656, 88252, 44412, 27495, 81912, 46690, 71236]"
111876,"[85768, 11779, 109503, 83341, 46691, 76276, 91210, 90540, 67802, 84835]"
111877,"[55867, 101281, 61863, 101863, 97978, 79470, 90923, 61848, 44677, 5900]"
111878,"[10459, 68935, 22985, 51024, 107332, 108734, 11181, 56752, 26894, 72272]"
111879,"[85835, 38819, 63734, 12367, 83441, 21763, 12574, 13233, 28158, 65376]"
111880,"[66564, 1523, 14887, 101879, 90563, 53886, 3387, 37646, 42790, 22968]"
111881,"[70762, 29816, 4223, 5352, 33699, 79466, 94561, 79418, 53742, 54365]"
111882,"[1427, 90724, 50871, 99165, 42422, 41443, 55371, 98121, 101444, 46554]"
111883,"[9882, 37797, 26195, 81351, 13998, 3624, 72857, 67156, 38249, 21222]"
111884,"[38673, 31024, 37559, 106457, 91785, 66671, 38920, 584, 50799, 137]"
111885,"[63771, 72081, 5804, 89303, 26037, 73801, 99970, 102384, 22342, 82834]"
111886,"[31069, 56190, 39060, 7381, 7627, 46760, 89398, 40235, 67801, 57607]"
111887,"[69882, 92865, 100420, 5328, 27475, 105372, 107586, 13910, 13192, 15994]"
111888,"[10010, 2915, 12364, 91310, 28209, 83123, 94220, 29519, 65405, 105556]"
111889,"[46297, 99359, 34594, 86429, 24567, 33932, 37738, 92427, 98031, 60339]"
111890,"[32664, 74218, 27690, 91661, 5721, 14780, 12788, 83555, 96310, 3815]"
111891,"[81161, 29537, 86263, 40587, 7155, 82646, 82344, 25859, 18689, 14689]"
111892,"[28212, 82468, 69211, 11397, 84935, 34891, 103573, 23041, 12381, 88099]"
111893,"[82197, 50418, 69217, 51851, 24239, 42766, 92845, 46759, 81893, 34231]"
111894,"[25989, 26042, 26669, 69204, 25794, 97015, 99155, 92487, 52429, 62196]"
111895,"[32519, 85008, 47440, 71861, 108133, 96698, 21660, 30886, 34115, 70931]"
111896,"[88999, 91134, 73850, 940, 65004, 48488, 75572, 60148, 98932, 1849]"
111897,"[96812, 97159, 76401, 103299, 35546, 52890, 14026, 24148, 59548, 84293]"
111898,"[107073, 88187, 97158, 92353, 78788, 104100, 82554, 23413, 26159, 6018]"
111899,"[76332, 8134, 62810, 23330, 64235, 105324, 69446, 89884, 72086, 95482]"
111900,"[5091, 89522, 15609, 36801, 26030, 37803, 18081, 38986, 43356, 71605]"
111901,"[73625, 44406, 76169, 18104, 68153, 11379, 71215, 82792, 69683, 54519]"
111902,"[12361, 8363, 27554, 101273, 101220, 57038, 16950, 8042, 97968, 35723]"
111903,"[36732, 68280, 85088, 12233, 107954, 47792, 14767, 70647, 12121, 96886]"
111904,"[91944, 59393, 78610, 66353, 101804, 53611, 31157, 85638, 91393, 18666]"
111905,"[94954, 2971, 50728, 85254, 13130, 86655, 50106, 74538, 54218, 85988]"
111906,"[6464, 100096, 92304, 95882, 83793, 56965, 49431, 34064, 49416, 100717]"
111907,"[89825, 18870, 43493, 85381, 103227, 5571, 49940, 2360, 53228, 70907]"
111908,"[108198, 88809, 53920, 48216, 45480, 43193, 10053, 51069, 92578, 46388]"
111909,"[6247, 76879, 12282, 14591, 10039, 10901, 104465, 24699, 22267, 88140]"
111910,"[33807, 83401, 89964, 61509, 39230, 25735, 24535, 3363, 30269, 16986]"
111911,"[71213, 92782, 25413, 31545, 24700, 3932, 56636, 42578, 105254, 63281]"
111912,"[72004, 80678, 34222, 102069, 63924, 61791, 58387, 91438, 59183, 100980]"
111913,"[83127, 66040, 90987, 93262, 109692, 76923, 104897, 41639, 80989, 93242]"
111914,"[101206, 83027, 101630, 55068, 61972, 29017, 98049, 32583, 6500, 16309]"
111915,"[96039, 71096, 26270, 42475, 79834, 42191, 11230, 94298, 64223, 108233]"
111916,"[92067, 72132, 58685, 105160, 346, 79038, 10835, 54476, 81423, 19777]"
111917,"[66750, 66251, 99930, 107946, 36136, 88014, 69906, 94725, 94395, 93872]"
111918,"[94542, 25644, 107279, 18789, 46078, 26917, 50711, 94748, 72769, 25014]"
111919,"[50103, 62687, 72530, 35095, 72661, 48143, 38338, 107178, 80612, 42146]"
111920,"[92817, 9557, 51392, 106659, 86617, 39238, 71469, 15435, 106372, 46445]"
111921,"[1557, 10484, 81986, 66073, 97370, 82402, 20828, 2724, 19181, 12315]"
111922,"[49043, 21948, 4852, 101050, 56106, 97682, 107602, 26780, 41581, 95940]"
111923,"[66546, 39989, 51505, 16294, 62829, 31663, 96987, 81489, 75196, 60602]"
111924,"[53324, 105180, 32631, 59769, 11258, 15188, 55760, 76401, 85161, 28864]"
111925,"[34922, 9889, 50621, 42037, 22750, 106698, 2722, 90330, 59044, 37007]"
111926,"[28119, 79364, 81651, 72682, 67738, 31544, 96161, 5147, 27790, 48167]"
111927,"[21588, 76710, 35559, 44683, 9912, 43817, 31276, 92856, 43936, 8775]"
111928,"[78348, 41667, 78127, 20469, 95314, 105048, 89581, 70526, 90820, 21711]"
111929,"[70538, 67369, 4712, 92921, 102692, 11358, 24268, 34371, 24329, 20527]"
111930,"[105567, 104217, 7983, 36841, 26572, 52060, 41809, 61743, 41618, 18007]"
111931,"[84510, 40779, 48689, 63675, 86491, 108007, 29883, 45568, 32344, 106757]"
111932,"[102641, 50383, 55653, 12697, 21834, 108109, 37347, 7113, 84593, 71032]"
111933,"[32234, 23410, 67430, 47060, 36175, 13143, 85226, 38373, 54814, 105779]"
111934,"[22523, 25196, 63904, 90957, 29352, 24249, 85272, 105492, 54452, 90319]"
111935,"[8087, 53100, 13542, 8878, 44027, 97776, 23567, 45212, 30978, 106575]"
111936,"[94700, 68904, 71548, 16938, 32729, 97356, 26772, 82422, 11457, 99136]"
111937,"[95301, 50918, 51744, 54446, 71957, 46935, 48825, 31253, 6995, 5791]"
111938,"[77196, 15106, 94035, 60519, 71068, 76668, 80862, 22307, 72110, 6844]"
111939,"[30736, 22630, 99349, 87815, 88423, 108862, 2975, 18502, 56918, 28811]"
111940,"[42192, 87944, 92250, 14825, 40537, 82578, 21352, 94205, 11117, 57405]"
111941,"[77470, 4986, 52869, 9267, 15032, 23921, 20049, 82227, 67833, 56943]"
111942,"[92251, 71590, 85725, 86604, 8730, 27301, 86802, 40757, 86289, 51669]"
111943,"[10697, 95182, 64417, 40955, 65817, 85, 108151, 10967, 86844, 33040]"
111944,"[24679, 27844, 59679, 53518, 106278, 25472, 108849, 96269, 64424, 44275]"
111945,"[88891, 21297, 65107, 20091, 51556, 65658, 14881, 88113, 47495, 89109]"
111946,"[7563, 52868, 77659, 8959, 7931, 93037, 1961, 66679, 85004, 97083]"
111947,"[71537, 107391, 51662, 4950, 44289, 39240, 68371, 99880, 1536, 78501]"
111948,"[26879, 27224, 49889, 58933, 23429, 23860, 59677, 30518, 71318, 13387]"
111949,"[54114, 89806, 73609, 62994, 15988, 101355, 98554, 33579, 24058, 104620]"
111950,"[1323, 23615, 77315, 10608, 70908, 40661, 93364, 74942, 82805, 87413]"
111951,"[89259, 48651, 68244, 5244, 10758, 8388, 56043, 80989, 65978, 107139]"
111952,"[36965, 50541, 56182, 62458, 7906, 65368, 98432, 13231, 5901, 88675]"
111953,"[69895, 12150, 5477, 104162, 36899, 93196, 45272, 82423, 34819, 25625]"
111954,"[77120, 106567, 25864, 9211, 31202, 84833, 13527, 18167, 34879, 97162]"
111955,"[30698, 34085, 47020, 27139, 64214, 96410, 28835, 71016, 93413, 37441]"
111956,"[83938, 62367, 105264, 90002, 11312, 10958, 92740, 34524, 105988, 45874]"
111957,"[14920, 94834, 53123, 60068, 17629, 99929, 9871, 38989, 52399, 54366]"
111958,"[19226, 94776, 72414, 74550, 29487, 20219, 95656, 89594, 70735, 53391]"
111959,"[82657, 54579, 62809, 44242, 107326, 34218, 100884, 96762, 21759, 13974]"
111960,"[73128, 39441, 14536, 44906, 61335, 98057, 14267, 86662, 932, 86978]"
111961,"[99356, 51010, 22658, 94211, 34713, 39181, 3892, 74247, 104662, 62499]"
111962,"[58518, 57433, 62547, 25024, 53884, 1823, 98211, 2942, 47044, 63005]"
111963,"[5868, 57716, 47701, 104188, 15469, 37740, 70519, 20622, 20358, 57637]"
111964,"[106714, 28295, 26444, 4128, 108030, 82588, 27537, 106863, 77108, 42598]"
111965,"[12482, 59711, 92180, 105942, 50030, 63436, 87073, 92110, 45293, 76504]"
111966,"[46333, 31155, 71214, 125, 72577, 68189, 68430, 69943, 102996, 53866]"
111967,"[108153, 40424, 6128, 33528, 75098, 47675, 107295, 46836, 89472, 48780]"
111968,"[38687, 57398, 17927, 25573, 47822, 55173, 87777, 39610, 77386, 49325]"
111969,"[80975, 12662, 80151, 2542, 6644, 83898, 78497, 7190, 104648, 13157]"
111970,"[84993, 65984, 85734, 82577, 109294, 102477, 97085, 10647, 85564, 27953]"
111971,"[93327, 70478, 21670, 108742, 18859, 97874, 55961, 97724, 60962, 85881]"
111972,"[91469, 107469, 12044, 34114, 71122, 51009, 75071, 29036, 20341, 94204]"
111973,"[60587, 16249, 19005, 31886, 50135, 58172, 20451, 49031, 101734, 96572]"
111974,"[54666, 102716, 72405, 5806, 28262, 94302, 44300, 37629, 91991, 103063]"
111975,"[40170, 5379, 73940, 35460, 80058, 55756, 35620, 41499, 30022, 86884]"
111976,"[43525, 39573, 60127, 37659, 70523, 2478, 61262, 87385, 46767, 8030]"
111977,"[70494, 84687, 94841, 109521, 106879, 99202, 102215, 47487, 34550, 102092]"
111978,"[105836, 69479, 38261, 53315, 66960, 81003, 105336, 73345, 64569, 27498]"
111979,"[67534, 26621, 73103, 91566, 92475, 21231, 64854, 77270, 8720, 1129]"
111980,"[67001, 89198, 102334, 86736, 29608, 97518, 47093, 4117, 40198, 42397]"
111981,"[109301, 9922, 73983, 98584, 89661, 14725, 16768, 40394, 102369, 71243]"
111982,"[79746, 57661, 21159, 67427, 71866, 86196, 59054, 2770, 71676, 10288]"
111983,"[9945, 12376, 33286, 78241, 1663, 108887, 68341, 88393, 108693, 20266]"
111984,"[43688, 21960, 82637, 53970, 21114, 88858, 48460, 70634, 83992, 82130]"
111985,"[16162, 63355, 55134, 32127, 29277, 29246, 5625, 109023, 60266, 58682]"
111986,"[59178, 18183, 27531, 44304, 96513, 3379, 1111, 91232, 9241, 71309]"
111987,"[27078, 81290, 19876, 68407, 25137, 19860, 2064, 39572, 51313, 21129]"
111988,"[42737, 93682, 75463, 61789, 64288, 109093, 58006, 172, 16424, 29494]"
111989,"[7231, 12753, 57726, 42000, 30823, 28769, 29129, 5959, 9561, 65799]"
111990,"[1806, 54871, 85510, 17057, 72542, 68112, 45006, 57257, 36801, 101068]"
111991,"[9876, 43447, 69106, 37656, 57062, 8051, 65480, 63256, 106376, 12209]"
111992,"[6928, 69409, 80452, 93356, 77547, 104609, 42610, 72368, 31091, 55753]"
111993,"[65035, 91956, 74580, 57680, 69313, 62857, 46676, 52949, 98770, 73321]"
111994,"[82768, 36853, 21036, 99047, 74073, 14453, 72268, 34420, 10091, 63942]"
111995,"[72824, 103938, 93959, 70300, 89914, 72238, 61607, 71003, 93555, 35996]"
111996,"[54898, 60993, 21821, 43704, 67044, 25082, 57002, 32008, 67398, 77653]"
111997,"[6871, 76193, 13903, 86669, 83746, 30547, 88324, 4788, 63733, 18146]"
111998,"[106922, 28346, 36359, 86434, 46135, 12569, 42629, 17872, 84159, 23875]"
111999,"[25874, 7063, 11702, 26235, 18632, 105676, 35520, 48143, 35095, 107742]"
112000,"[74704, 85608, 98555, 40124, 75434, 17131, 8174, 38215, 97819, 91485]"
112001,"[12952, 107280, 5318, 15650, 64859, 102050, 85081, 55430, 37659, 61045]"
112002,"[37024, 67472, 46432, 39102, 14380, 86129, 98351, 25760, 79533, 79453]"
112003,"[69146, 88694, 49803, 74654, 13983, 76225, 106446, 2932, 21402, 46520]"
112004,"[97338, 26348, 108902, 45305, 75209, 24156, 12177, 31059, 20155, 52866]"
112005,"[25696, 40591, 2469, 95469, 106875, 98036, 41570, 87037, 79474, 83806]"
112006,"[56976, 49903, 15630, 60863, 25877, 23527, 91386, 74450, 22852, 35969]"
112007,"[35573, 4821, 13270, 51610, 69984, 36700, 95140, 81934, 89035, 8482]"
112008,"[64814, 10649, 26763, 25223, 20781, 56807, 51894, 14470, 83884, 64543]"
112009,"[48686, 37522, 57631, 30306, 56051, 100997, 95304, 75750, 35946, 7131]"
112010,"[58324, 38184, 69079, 106371, 82323, 33883, 21315, 20857, 60443, 100682]"
112011,"[83064, 78999, 76724, 62931, 32672, 22656, 88642, 68662, 69435, 54279]"
112012,"[73775, 65223, 7232, 57635, 92947, 92650, 19343, 57932, 3937, 65232]"
112013,"[53806, 58697, 80424, 461, 58935, 68472, 12767, 76542, 81796, 6096]"
112014,"[67458, 47634, 82032, 108859, 10884, 94507, 13706, 66438, 61837, 20676]"
112015,"[24426, 83721, 82108, 33652, 71556, 107329, 35, 91111, 40800, 32739]"
112016,"[16434, 28733, 63435, 94282, 5118, 80916, 41333, 76463, 107362, 46502]"
112017,"[14406, 49518, 25601, 100216, 19826, 91096, 81414, 107661, 48215, 42890]"
112018,"[51896, 42289, 60782, 72929, 75987, 23975, 39461, 49188, 13891, 14827]"
112019,"[83661, 2657, 11051, 40149, 92114, 94414, 108571, 10933, 100282, 99328]"
112020,"[63373, 21077, 35832, 29848, 91643, 81878, 70653, 95987, 37765, 10311]"
112021,"[86324, 83408, 48207, 559, 62599, 58206, 105353, 24200, 21073, 44042]"
112022,"[70556, 83333, 106595, 27596, 11842, 62665, 63976, 90356, 24086, 45685]"
112023,"[24358, 34523, 1655, 70637, 97801, 94046, 6629, 91155, 14048, 20446]"
112024,"[8923, 91672, 35909, 56965, 70773, 95790, 85352, 84320, 49431, 58159]"
112025,"[57942, 82778, 8772, 75386, 33502, 63814, 94809, 32149, 94999, 54003]"
112026,"[67480, 28260, 50970, 97371, 64172, 59990, 71891, 82956, 69818, 17675]"
112027,"[71224, 55711, 52906, 23691, 76341, 62738, 78984, 46480, 53910, 102142]"
112028,"[51173, 101617, 22154, 20731, 11405, 57867, 85832, 47395, 86570, 57912]"
112029,"[57588, 59444, 17680, 39073, 29721, 52791, 12506, 41978, 27767, 47414]"
112030,"[57050, 19311, 27565, 95777, 30057, 75095, 31083, 62896, 40668, 10672]"
112031,"[101415, 27407, 73743, 99326, 27490, 12103, 9335, 22851, 23967, 40268]"
112032,"[107428, 33142, 81123, 88982, 51272, 25687, 36740, 87996, 19846, 37329]"
112033,"[93451, 59992, 5480, 101467, 9763, 20080, 44716, 38971, 96217, 54130]"
112034,"[6061, 69889, 56642, 31278, 106573, 89935, 108749, 27466, 72548, 46494]"
112035,"[33782, 95327, 56487, 57921, 107741, 2778, 10564, 55715, 34953, 57096]"
112036,"[76130, 23385, 90681, 95525, 109340, 101040, 62239, 48734, 23486, 61939]"
112037,"[73670, 99891, 37132, 106525, 96013, 16107, 28803, 79790, 25191, 81854]"
112038,"[3089, 103125, 55755, 72381, 690, 9362, 39692, 44779, 31600, 66953]"
112039,"[13172, 34155, 67713, 36372, 65473, 35398, 58100, 13836, 28323, 52363]"
112040,"[96404, 2008, 99890, 4323, 11750, 62099, 88050, 61722, 103560, 58085]"
112041,"[18791, 30626, 49015, 22589, 82431, 102779, 4261, 12671, 73904, 60310]"
112042,"[48618, 99527, 79840, 11114, 39233, 99001, 106001, 104983, 104610, 47500]"
112043,"[35768, 40031, 108652, 104839, 12196, 30322, 81679, 66764, 1982, 7208]"
112044,"[87303, 100361, 10089, 90925, 28497, 27020, 10031, 102547, 99502, 95943]"
112045,"[74912, 10736, 88194, 104926, 26609, 11515, 44509, 97901, 50472, 15403]"
112046,"[2960, 21530, 46606, 79756, 41661, 107120, 108698, 37533, 43088, 1839]"
112047,"[46729, 56860, 81637, 45211, 9106, 25469, 23566, 79282, 13317, 94829]"
112048,"[23044, 83805, 41910, 86413, 6343, 96129, 14710, 20554, 88953, 96184]"
112049,"[91748, 33644, 83521, 71777, 90111, 60574, 31325, 89140, 26316, 95787]"
112050,"[65617, 3465, 27033, 81240, 54220, 87577, 63573, 59318, 91157, 96036]"
112051,"[72698, 454, 19482, 29951, 55827, 92873, 35138, 18326, 78930, 44200]"
112052,"[50917, 20948, 37319, 31229, 97022, 88521, 57164, 98690, 56960, 102438]"
112053,"[34929, 2333, 4346, 89641, 29658, 69516, 16970, 107696, 90224, 83590]"
112054,"[9090, 41599, 48972, 56135, 62157, 91528, 99085, 77185, 41671, 3256]"
112055,"[49363, 82119, 18144, 37099, 18877, 21974, 38000, 75515, 101587, 62336]"
112056,"[105231, 3254, 67711, 43073, 68025, 64850, 83243, 4786, 24533, 78542]"
112057,"[2596, 12795, 86012, 85689, 12946, 85726, 108612, 75442, 79953, 81029]"
112058,"[12815, 61462, 29596, 4237, 35415, 52208, 57031, 35569, 76192, 19279]"
112059,"[96220, 50339, 89344, 34296, 2891, 40891, 101325, 88078, 43020, 57006]"
112060,"[88962, 96222, 99811, 20264, 48596, 1731, 94495, 3890, 81416, 102018]"
112061,"[49418, 34225, 49606, 47598, 83654, 40236, 87852, 47828, 102164, 32606]"
112062,"[60873, 95929, 39543, 59245, 71222, 73548, 95776, 30958, 31103, 62116]"
112063,"[63848, 35228, 34615, 4593, 55605, 10347, 20107, 94104, 43171, 92538]"
112064,"[88409, 25774, 47789, 54032, 35972, 47008, 58817, 76806, 48789, 29769]"
112065,"[9734, 92992, 8029, 92255, 10781, 101545, 8618, 49951, 49525, 31188]"
112066,"[43935, 85402, 35881, 35964, 43173, 54973, 7906, 96534, 27547, 82817]"
112067,"[26375, 104756, 54750, 37593, 69365, 13779, 64046, 80713, 38972, 7084]"
112068,"[54585, 22573, 288, 65537, 63893, 83342, 65472, 37136, 38422, 10657]"
112069,"[86166, 79942, 101988, 30804, 49225, 16682, 49912, 39179, 80774, 46563]"
112070,"[41536, 105838, 36754, 24342, 103277, 81176, 54853, 78595, 94, 100543]"
112071,"[79816, 44470, 83636, 20437, 97815, 71725, 62489, 53492, 36784, 14230]"
112072,"[5088, 14978, 95815, 79774, 23750, 47343, 92935, 87799, 83439, 24099]"
112073,"[92435, 76702, 2207, 29606, 74400, 85156, 106631, 20138, 50292, 29875]"
112074,"[17855, 37812, 37547, 36511, 109328, 43647, 59820, 22758, 40224, 7336]"
112075,"[9297, 108486, 91313, 64731, 58313, 33039, 26154, 65098, 81059, 51692]"
112076,"[96924, 11931, 53593, 42869, 81230, 100410, 54396, 52561, 83834, 19765]"
112077,"[71039, 14507, 3443, 31641, 5410, 42042, 84232, 57618, 17831, 1057]"
112078,"[1971, 45509, 22136, 108616, 36474, 66015, 105994, 61827, 58360, 9391]"
112079,"[25979, 73780, 15886, 17737, 72623, 61987, 24786, 21246, 37105, 50075]"
112080,"[78621, 59446, 25505, 57218, 76777, 24612, 68107, 84451, 50935, 104109]"
112081,"[49476, 83653, 58234, 109441, 25441, 23978, 102242, 34277, 45525, 34657]"
112082,"[94773, 71572, 77764, 6951, 81323, 64713, 5631, 5559, 80260, 41493]"
112083,"[27375, 61298, 79007, 7300, 25003, 39180, 55813, 107422, 27618, 56452]"
112084,"[45471, 42799, 78273, 81956, 84624, 78777, 1958, 23644, 3114, 27221]"
112085,"[63637, 20001, 105220, 76459, 72418, 301, 26310, 89304, 82938, 67487]"
112086,"[2714, 29651, 66947, 68627, 94507, 33924, 50611, 65029, 6833, 27915]"
112087,"[33772, 86592, 8616, 56224, 98994, 79649, 66649, 38141, 27310, 52097]"
112088,"[106058, 12910, 96190, 32886, 5543, 48146, 53934, 93368, 27489, 76707]"
112089,"[3578, 11385, 54634, 15175, 102309, 19110, 8297, 19126, 2560, 44040]"
112090,"[64721, 104460, 45984, 42976, 106706, 100387, 70542, 85500, 66771, 71453]"
112091,"[34849, 90963, 108166, 52118, 76831, 100347, 98835, 80273, 68076, 94853]"
112092,"[16755, 42852, 16412, 6510, 32391, 95314, 15691, 79894, 56821, 67620]"
112093,"[26383, 5548, 106894, 97630, 57791, 69623, 60198, 24454, 1022, 51185]"
112094,"[7381, 36518, 14610, 16688, 83138, 61191, 83924, 66332, 46668, 34615]"
112095,"[106067, 98598, 49945, 15715, 42212, 40074, 89417, 9442, 51642, 58688]"
112096,"[33553, 67112, 35307, 59235, 89991, 103464, 14731, 50997, 23382, 11794]"
112097,"[11302, 62872, 71504, 46251, 65823, 66595, 32256, 82056, 70512, 10752]"
112098,"[51388, 103095, 103174, 2246, 95996, 75582, 75909, 87810, 29161, 27186]"
112099,"[39945, 60148, 52128, 102826, 108419, 1802, 26732, 80545, 66990, 85568]"
112100,"[67590, 45762, 66829, 105245, 49691, 46571, 62058, 58902, 100789, 37445]"
112101,"[97662, 53903, 59663, 52457, 100797, 8199, 93278, 60902, 45709, 88816]"
112102,"[70440, 101858, 62288, 24072, 106703, 105661, 61165, 44653, 38341, 30659]"
112103,"[35572, 105691, 77049, 81117, 63639, 15725, 55370, 68304, 64090, 73101]"
112104,"[58800, 25085, 59030, 92755, 8617, 92628, 67426, 81315, 45303, 38219]"
112105,"[8476, 91114, 106152, 29130, 80254, 5417, 73152, 56695, 103361, 37051]"
112106,"[60200, 57023, 68067, 15226, 84586, 34578, 23108, 32740, 73825, 96842]"
112107,"[1042, 84144, 59393, 48273, 48843, 34565, 51656, 49997, 10554, 76062]"
112108,"[98778, 91516, 96932, 18831, 55126, 921, 99450, 92071, 21018, 32351]"
112109,"[96938, 63097, 91962, 31351, 51958, 21452, 48634, 71588, 49268, 53726]"
112110,"[27038, 78354, 71388, 12774, 88053, 46801, 68709, 44827, 11717, 64024]"
112111,"[33607, 53160, 20773, 70856, 8561, 89389, 58267, 22965, 23092, 96814]"
112112,"[34100, 101926, 2967, 47495, 98516, 71150, 78465, 36960, 89410, 102491]"
112113,"[71901, 86616, 49189, 101543, 83669, 74889, 5946, 17649, 77834, 107157]"
112114,"[16454, 77471, 86177, 49957, 60905, 38630, 65904, 95003, 7177, 26929]"
112115,"[102130, 8957, 94093, 102603, 54603, 53068, 44005, 28594, 64064, 94504]"
112116,"[48377, 66387, 749, 93277, 1349, 93649, 64433, 56104, 46396, 87796]"
112117,"[48946, 108500, 95702, 87923, 3592, 56616, 58994, 43775, 69787, 90135]"
112118,"[41038, 23158, 90775, 50854, 36932, 103916, 104175, 74767, 29609, 38186]"
112119,"[63414, 70826, 74171, 97246, 53707, 3650, 10995, 83021, 23711, 48185]"
112120,"[51534, 104583, 72760, 49645, 15512, 74613, 93556, 12485, 78772, 5308]"
112121,"[26915, 43292, 74360, 54783, 2260, 97656, 75435, 15236, 84960, 141]"
112122,"[64360, 46718, 8395, 43489, 84234, 27441, 15472, 30256, 45097, 36693]"
112123,"[19803, 101833, 16167, 17319, 29731, 5266, 99717, 54631, 38267, 91537]"
112124,"[28759, 15957, 51608, 13808, 33361, 13735, 80076, 47851, 52803, 90689]"
112125,"[67599, 54260, 53418, 65057, 94469, 105997, 38477, 88294, 79676, 5684]"
112126,"[49826, 14286, 102816, 80945, 87028, 57944, 69293, 41513, 31532, 15804]"
112127,"[79170, 44761, 91549, 95741, 26477, 89932, 75600, 97550, 15059, 17200]"
112128,"[20846, 55483, 77735, 10607, 22184, 5697, 6872, 38118, 54877, 32420]"
112129,"[53993, 2045, 64786, 101702, 72346, 39894, 2211, 75200, 37730, 79092]"
112130,"[97251, 107549, 68176, 109180, 69932, 104840, 41462, 18489, 71728, 38405]"
112131,"[88981, 62650, 57087, 67686, 56645, 6256, 6128, 18350, 38018, 78804]"
112132,"[20077, 29793, 58049, 42669, 79148, 85188, 105242, 72815, 63474, 18303]"
112133,"[45690, 26150, 67927, 85570, 82542, 59151, 85397, 73626, 39058, 79158]"
112134,"[63250, 9799, 52461, 24971, 87476, 104751, 17370, 36784, 98148, 85870]"
112135,"[16569, 92200, 22181, 47750, 74458, 48543, 25207, 39308, 46465, 5738]"
112136,"[67359, 76492, 38692, 49448, 5882, 84498, 104434, 72310, 87610, 30325]"
112137,"[78956, 85911, 59272, 104665, 32841, 32146, 95433, 102373, 12672, 71088]"
112138,"[66455, 68005, 40258, 20576, 90311, 75365, 78661, 26764, 26681, 77985]"
112139,"[104524, 18414, 29665, 101169, 49927, 86548, 403, 89614, 41061, 108343]"
112140,"[62200, 87221, 53089, 64102, 11006, 92498, 9686, 7550, 40041, 59049]"
112141,"[48553, 65629, 91501, 49055, 41733, 40611, 41673, 105174, 43160, 54022]"
112142,"[93456, 29178, 23480, 99132, 96396, 61273, 73018, 8206, 74447, 45451]"
112143,"[3060, 36406, 51523, 91599, 55886, 93818, 59504, 92040, 54595, 12763]"
112144,"[14199, 7081, 81018, 49042, 56863, 49785, 41791, 92381, 27407, 66435]"
112145,"[18730, 29901, 8357, 47423, 62433, 34663, 27395, 3534, 48664, 88032]"
112146,"[95333, 102494, 49317, 40465, 24453, 88276, 108517, 15787, 30134, 14786]"
112147,"[95323, 23696, 31676, 50176, 85781, 84269, 21766, 69655, 23979, 85422]"
112148,"[107506, 15859, 75420, 62231, 85160, 50992, 60235, 1725, 38838, 39302]"
112149,"[35575, 107003, 45169, 17794, 105427, 108290, 63457, 97930, 43123, 38484]"
112150,"[74339, 30342, 25059, 10742, 56582, 37593, 59351, 101962, 92694, 3623]"
112151,"[29425, 38835, 12657, 88973, 45594, 5987, 79267, 82282, 90543, 14675]"
112152,"[29376, 62730, 1242, 10961, 18036, 45900, 1131, 37203, 4740, 31332]"
112153,"[7356, 109529, 8346, 4225, 28422, 54125, 70992, 85721, 65883, 67214]"
112154,"[51521, 82649, 99851, 97235, 30079, 44145, 16716, 105699, 85551, 91569]"
112155,"[93430, 43075, 101701, 50950, 58878, 54809, 41757, 40880, 60862, 59118]"
112156,"[102543, 68053, 42181, 55121, 38548, 20704, 86793, 95694, 103917, 54240]"
112157,"[64945, 29049, 59012, 67867, 65657, 85125, 104642, 26248, 50720, 11201]"
112158,"[6333, 30751, 62121, 92761, 109615, 29103, 100412, 97655, 7876, 60255]"
112159,"[105366, 16723, 47717, 50158, 75326, 87985, 99135, 103342, 97834, 93453]"
112160,"[81522, 74317, 14888, 21998, 6770, 72495, 15144, 78913, 58030, 52702]"
112161,"[37346, 87001, 69350, 51402, 41344, 59435, 6311, 21632, 71189, 80328]"
112162,"[41810, 54443, 108437, 83823, 6731, 96583, 28726, 102217, 21541, 45732]"
112163,"[15115, 35500, 85798, 94666, 82224, 26245, 23159, 52648, 98286, 7142]"
112164,"[2958, 60243, 71208, 78944, 2539, 87655, 36727, 89244, 18170, 31532]"
112165,"[91165, 13038, 99083, 12, 55658, 68336, 41546, 27932, 37215, 13275]"
112166,"[100861, 54473, 97310, 31902, 104400, 38084, 85937, 38419, 23224, 39785]"
112167,"[14860, 26242, 96911, 94351, 13358, 61990, 18490, 391, 2290, 22569]"
112168,"[108979, 30389, 29834, 81826, 68664, 40485, 42357, 96580, 10955, 81934]"
112169,"[3728, 109584, 50372, 63189, 89212, 96300, 59366, 85534, 28140, 11910]"
112170,"[60675, 62829, 94607, 98546, 25743, 47433, 49044, 68593, 63149, 5092]"
112171,"[18895, 103048, 26000, 63043, 107299, 52922, 90602, 2048, 77256, 52918]"
112172,"[77115, 102999, 65092, 76917, 13582, 71877, 57461, 5724, 102555, 87336]"
112173,"[73988, 39331, 75786, 54635, 37141, 23518, 96636, 11341, 23183, 2103]"
112174,"[44359, 98489, 37914, 74514, 92971, 72042, 42330, 79702, 71044, 90941]"
112175,"[34437, 66592, 40406, 43669, 104869, 71721, 83970, 31186, 73926, 69301]"
112176,"[38139, 42388, 53368, 70622, 104622, 98877, 76762, 102890, 10751, 81546]"
112177,"[6332, 59026, 4444, 89375, 1979, 97755, 15589, 24051, 13997, 28874]"
112178,"[65933, 103642, 21657, 4034, 32136, 91946, 29971, 98455, 102688, 70570]"
112179,"[90866, 88130, 90501, 86093, 79852, 33103, 85700, 15441, 44572, 50773]"
112180,"[83585, 24657, 18384, 45521, 1651, 79001, 39507, 47068, 62398, 28830]"
112181,"[104155, 60899, 69498, 6819, 715, 13341, 92214, 14538, 37943, 109083]"
112182,"[71892, 52081, 92900, 48631, 2331, 18264, 61711, 105863, 1683, 34142]"
112183,"[24114, 100522, 29565, 120, 8208, 69513, 24689, 93596, 52472, 59576]"
112184,"[22102, 83880, 25255, 85001, 95645, 43527, 39466, 28610, 94242, 98012]"
112185,"[103945, 67340, 38229, 99009, 51555, 100927, 62446, 94369, 56043, 60939]"
112186,"[84875, 77119, 2238, 14273, 97874, 53278, 101222, 88863, 104962, 70774]"
112187,"[24202, 42931, 80909, 55340, 23409, 100621, 38569, 41527, 84509, 28573]"
112188,"[38761, 93404, 50745, 83091, 91153, 80795, 45848, 39978, 40103, 20837]"
112189,"[69028, 64327, 36153, 28144, 97417, 8597, 14859, 61120, 102959, 63689]"
112190,"[56302, 84058, 67223, 29040, 12371, 48968, 71689, 9393, 21413, 29564]"
112191,"[48536, 81398, 64551, 2938, 22774, 52764, 83863, 79301, 47342, 84908]"
112192,"[71148, 20803, 26123, 57355, 54989, 86168, 107372, 31276, 8185, 99848]"
112193,"[22790, 106133, 103080, 6759, 35482, 104083, 7948, 70112, 3183, 34554]"
112194,"[60909, 16189, 58568, 13080, 9625, 41846, 11797, 65571, 2112, 51082]"
112195,"[94920, 82586, 64557, 77486, 30865, 51339, 48505, 74581, 32210, 68375]"
112196,"[11226, 28855, 83115, 45849, 71985, 6260, 78054, 101847, 96213, 106918]"
112197,"[106197, 19194, 104307, 60517, 34098, 91629, 29152, 106399, 147, 108145]"
112198,"[45878, 27977, 85743, 58780, 67547, 57243, 31384, 15915, 30422, 5101]"
112199,"[78024, 46565, 73455, 31342, 86505, 65574, 100140, 11987, 57559, 33389]"
112200,"[10602, 8937, 55944, 46675, 26659, 5792, 74127, 102278, 86720, 90547]"
112201,"[54522, 56255, 53284, 41532, 36586, 51846, 90591, 68550, 94059, 23831]"
112202,"[28447, 87422, 82709, 85634, 32487, 37472, 89674, 85687, 72217, 107890]"
112203,"[70759, 108699, 104866, 63810, 93096, 76495, 60127, 45135, 20770, 4868]"
112204,"[46951, 8988, 45718, 8430, 55352, 109667, 55107, 93979, 83725, 44691]"
112205,"[13007, 11654, 103830, 16397, 99878, 67712, 88456, 805, 89614, 25786]"
112206,"[55345, 5532, 69454, 57589, 109110, 72789, 3175, 76285, 39628, 44666]"
112207,"[34382, 90701, 30791, 50044, 105560, 88031, 4468, 71300, 33871, 100251]"
112208,"[54034, 66594, 11983, 15361, 63717, 95550, 74454, 58926, 66803, 80095]"
112209,"[6277, 95570, 48982, 53030, 60937, 37010, 105320, 36301, 32306, 23925]"
112210,"[30493, 18947, 106110, 80655, 2840, 80495, 107091, 23817, 77844, 8636]"
112211,"[22540, 84463, 90449, 27029, 26132, 23340, 7276, 52475, 101022, 95980]"
112212,"[23443, 104028, 63094, 85680, 18153, 36912, 94547, 4730, 44100, 98392]"
112213,"[69018, 75686, 61686, 20239, 10651, 89579, 62625, 3450, 75677, 21306]"
112214,"[5297, 40429, 32677, 12373, 4770, 72669, 81166, 13885, 28866, 51375]"
112215,"[16991, 34865, 54915, 72407, 90673, 51449, 3061, 70530, 74970, 108114]"
112216,"[44524, 85400, 108226, 36046, 8588, 95579, 59213, 97458, 17868, 30020]"
112217,"[97452, 80360, 85301, 8292, 82328, 102299, 27494, 87030, 58603, 39702]"
112218,"[93025, 40082, 53298, 23998, 39996, 86820, 91007, 62140, 14917, 37642]"
112219,"[28529, 84074, 63201, 30336, 66754, 25678, 61353, 60727, 62537, 53235]"
112220,"[57254, 73077, 36705, 20062, 39897, 10063, 68639, 69090, 47840, 21525]"
112221,"[4075, 71647, 101344, 57786, 42035, 57537, 13863, 71219, 3832, 6011]"
112222,"[16040, 106020, 109227, 33421, 64882, 29249, 89226, 53808, 60958, 79169]"
112223,"[76127, 33192, 12582, 19626, 16420, 45646, 15291, 8995, 80853, 33207]"
112224,"[5580, 80501, 21914, 94403, 40779, 19487, 63177, 9822, 83456, 72795]"
112225,"[59150, 60500, 53720, 80607, 55226, 74353, 105983, 96367, 108243, 107558]"
112226,"[59798, 8428, 2324, 222, 88057, 52182, 35977, 100, 99791, 21906]"
112227,"[68272, 96375, 85960, 90620, 81899, 59092, 91414, 78995, 28565, 43627]"
112228,"[105998, 31821, 34377, 92746, 57660, 75660, 108156, 56602, 41833, 98642]"
112229,"[99412, 33848, 68536, 38991, 71274, 46104, 84292, 53169, 39564, 98240]"
112230,"[43097, 52844, 104909, 86776, 82808, 42327, 84893, 99022, 32643, 999]"
112231,"[91720, 65513, 61940, 12453, 46580, 28245, 55586, 100025, 82913, 87290]"
112232,"[58539, 39614, 64940, 63531, 57637, 67706, 4368, 93275, 43283, 15469]"
112233,"[50210, 23130, 55081, 38756, 109775, 87588, 40018, 32157, 31510, 104896]"
112234,"[97888, 72191, 37011, 90399, 71696, 106686, 61756, 82459, 61637, 101412]"
112235,"[101280, 102994, 55617, 76785, 42501, 66641, 74335, 87841, 34043, 56018]"
112236,"[108763, 20781, 37779, 9007, 83884, 26566, 60562, 80056, 64377, 25076]"
112237,"[28258, 91304, 68354, 11889, 100196, 43001, 56348, 72233, 46547, 52581]"
112238,"[66674, 2251, 49285, 75515, 30641, 71442, 103589, 60959, 3355, 55939]"
112239,"[10405, 94468, 56464, 20082, 54975, 96314, 77602, 33519, 10149, 54355]"
112240,"[41229, 45499, 68865, 91594, 104714, 12535, 47414, 59444, 81154, 47272]"
112241,"[95135, 60165, 57143, 3420, 109120, 108872, 12660, 106272, 89675, 54046]"
112242,"[13239, 80872, 850, 79306, 98832, 31015, 54964, 7778, 41013, 5409]"
112243,"[67445, 2997, 34388, 38406, 77980, 59460, 12400, 98358, 10161, 106952]"
112244,"[75243, 69440, 43751, 29361, 28103, 29650, 63650, 47938, 65462, 97373]"
112245,"[5954, 86675, 83879, 56197, 86659, 9492, 92924, 104930, 97510, 15646]"
112246,"[35487, 11500, 88305, 103574, 91154, 29679, 80557, 25030, 21966, 102316]"
112247,"[25571, 107743, 101620, 55773, 100324, 51354, 90693, 11802, 20305, 49395]"
112248,"[34375, 84477, 48924, 4652, 31928, 77701, 8634, 80093, 79200, 19812]"
112249,"[15938, 100057, 37129, 104017, 104196, 54804, 51412, 73154, 57090, 95907]"
112250,"[88845, 83691, 86559, 23004, 52801, 38773, 11463, 58346, 44342, 59941]"
112251,"[58720, 9846, 99663, 82962, 3930, 39856, 100389, 102297, 15525, 47524]"
112252,"[28985, 40969, 70352, 36308, 64442, 43736, 66383, 107180, 60455, 36711]"
112253,"[271, 63885, 61271, 93218, 55570, 35673, 102556, 2166, 74725, 4242]"
112254,"[69523, 59388, 2979, 78151, 104531, 26836, 5182, 106795, 59796, 35427]"
112255,"[85801, 108258, 98645, 9298, 81406, 87957, 108593, 4119, 69660, 92821]"
112256,"[67318, 71652, 96691, 98949, 28581, 8796, 9419, 99127, 20913, 73963]"
112257,"[11227, 43458, 11549, 68712, 96311, 76179, 99780, 74360, 106513, 20478]"
112258,"[73444, 65437, 19764, 7795, 25761, 49405, 44661, 28854, 29915, 82724]"
112259,"[81612, 107668, 21656, 3771, 64781, 67415, 10402, 66638, 103329, 72273]"
112260,"[98842, 91866, 32651, 64395, 16450, 101259, 99837, 18837, 63732, 59811]"
112261,"[52195, 5589, 64930, 43766, 71256, 9009, 24337, 66684, 108610, 62526]"
112262,"[65013, 99142, 60020, 73297, 48401, 55171, 77104, 91428, 74895, 7750]"
112263,"[53283, 19854, 6992, 59636, 56747, 32479, 83883, 12617, 79880, 26731]"
112264,"[62339, 65708, 61990, 42310, 91178, 26385, 35863, 15716, 24654, 93239]"
112265,"[72927, 44286, 83131, 69794, 109137, 12343, 81075, 54140, 99826, 87502]"
112266,"[7264, 3553, 95304, 37522, 13178, 80921, 75750, 48686, 79626, 79952]"
112267,"[34911, 54612, 16277, 24005, 63995, 8450, 73640, 45576, 31904, 64420]"
112268,"[85446, 13152, 67159, 54363, 104069, 38293, 17315, 190, 97817, 108071]"
112269,"[56182, 50541, 91400, 5901, 57530, 40045, 108817, 54993, 44501, 88272]"
112270,"[64700, 6270, 88648, 5788, 92118, 31374, 87226, 84259, 19853, 74307]"
112271,"[102873, 72803, 82325, 61410, 37275, 62653, 84879, 74170, 16660, 50937]"
112272,"[14606, 53670, 33160, 89141, 79468, 54655, 4629, 93000, 45453, 3859]"
112273,"[72123, 100777, 44864, 7823, 76425, 9538, 63125, 76914, 37955, 59980]"
112274,"[44195, 102215, 2054, 96645, 107162, 21161, 38361, 49905, 31666, 105853]"
112275,"[40462, 49788, 1362, 69308, 67488, 29763, 26828, 10774, 36988, 1172]"
112276,"[82293, 64898, 106046, 45694, 65324, 58698, 101396, 43487, 70287, 73021]"
112277,"[18228, 32059, 49134, 50489, 11835, 41318, 15536, 70223, 68335, 85557]"
112278,"[71010, 99634, 30925, 7546, 79605, 91445, 62953, 29962, 51348, 95951]"
112279,"[82743, 29478, 68500, 53906, 14495, 47424, 92623, 93176, 70578, 93439]"
112280,"[53024, 99342, 50120, 2401, 54279, 7197, 50848, 69626, 76724, 94813]"
112281,"[38690, 99987, 21607, 68077, 83904, 88442, 55044, 33174, 80284, 55772]"
112282,"[24839, 89317, 73160, 14719, 90074, 61963, 107338, 58760, 12021, 29046]"
112283,"[44493, 25738, 38838, 62231, 85160, 75420, 68243, 39302, 81845, 107506]"
112284,"[13598, 37751, 30394, 85263, 99788, 74122, 16609, 60505, 64186, 76868]"
112285,"[72487, 85372, 39195, 25408, 96824, 72520, 47109, 87756, 35007, 12104]"
112286,"[46906, 15814, 21017, 725, 28312, 54279, 51356, 40608, 97260, 98418]"
112287,"[38858, 89185, 8741, 56535, 27724, 85076, 104513, 62851, 32661, 56589]"
112288,"[11391, 391, 5192, 18808, 61102, 46864, 21508, 47335, 17615, 57578]"
112289,"[50890, 58794, 108959, 14305, 73726, 72576, 91107, 81866, 86459, 32291]"
112290,"[75940, 54926, 21194, 89757, 59535, 10052, 89109, 5404, 12834, 107710]"
112291,"[62300, 69550, 2301, 107605, 23362, 97818, 57262, 50376, 51961, 45214]"
112292,"[26671, 30149, 108841, 68827, 95502, 1040, 34123, 45041, 30662, 109731]"
112293,"[56700, 9752, 25570, 109063, 48926, 102159, 75630, 93167, 77424, 105682]"
112294,"[67067, 40926, 1285, 56627, 27633, 74228, 30085, 19982, 47070, 24945]"
112295,"[95273, 44160, 3949, 23253, 8453, 49003, 35536, 35104, 41242, 18090]"
112296,"[9345, 103792, 67160, 101121, 64120, 4603, 20045, 78139, 100254, 97351]"
112297,"[61299, 47791, 105494, 82214, 86927, 62561, 88147, 62302, 81636, 8335]"
112298,"[2265, 74944, 76513, 33382, 103949, 84352, 50202, 100420, 60338, 80943]"
112299,"[107627, 33463, 64373, 90130, 44741, 79105, 92525, 63782, 12723, 4503]"
112300,"[47658, 28948, 55405, 92053, 12283, 97923, 96009, 101904, 101361, 89460]"
112301,"[70498, 105216, 34986, 89963, 38404, 30058, 59823, 30586, 37570, 81557]"
112302,"[101319, 55995, 108702, 18512, 48898, 39486, 86935, 47934, 66828, 6353]"
112303,"[62934, 65681, 98256, 67422, 75281, 82804, 61716, 75531, 7696, 70348]"
112304,"[73611, 86593, 77352, 78682, 15936, 70625, 20732, 55681, 9580, 95708]"
112305,"[1561, 11160, 61663, 105105, 39727, 82993, 57789, 52225, 257, 43188]"
112306,"[86998, 54971, 87319, 48904, 34665, 16015, 5347, 29602, 74622, 99095]"
112307,"[60522, 5939, 60185, 106816, 64703, 42281, 43997, 97385, 48372, 97832]"
112308,"[89301, 44836, 61302, 41767, 107111, 82481, 4996, 15833, 79672, 64081]"
112309,"[43042, 57902, 55392, 106299, 43068, 29051, 71395, 64595, 64498, 11683]"
112310,"[83379, 34985, 54837, 24231, 27731, 70464, 57307, 88550, 48649, 67052]"
112311,"[86170, 13690, 3105, 33395, 63409, 6970, 82952, 22060, 50588, 34671]"
112312,"[92468, 90778, 3462, 21396, 96743, 63629, 91856, 44431, 19624, 79352]"
112313,"[95090, 58171, 1117, 32750, 82872, 512, 73667, 15747, 102694, 32592]"
112314,"[61808, 5111, 43472, 48112, 3809, 97667, 53084, 20130, 107447, 28184]"
112315,"[20915, 99126, 44389, 95961, 73742, 64481, 32182, 5513, 83486, 35770]"
112316,"[10841, 44156, 87492, 33246, 105342, 74885, 15928, 54075, 71063, 51214]"
112317,"[88517, 25658, 63037, 74826, 88216, 6571, 79821, 76790, 91365, 39224]"
112318,"[104792, 46997, 40817, 106564, 40034, 81836, 107316, 55160, 24548, 24324]"
112319,"[100801, 10167, 59211, 37078, 66119, 12516, 52028, 98421, 36029, 33177]"
112320,"[65473, 98793, 57294, 83322, 52384, 34155, 67713, 29686, 102768, 52263]"
112321,"[53101, 36379, 97875, 92915, 106535, 11964, 48753, 22680, 100893, 31706]"
112322,"[37820, 37293, 45402, 63390, 13553, 7100, 46933, 97724, 53173, 93587]"
112323,"[15923, 23575, 38112, 27797, 33217, 39905, 88463, 50375, 43480, 8274]"
112324,"[106325, 63941, 15349, 13692, 33189, 106562, 68794, 33340, 107213, 49124]"
112325,"[96501, 82954, 75627, 25717, 64990, 19398, 52254, 51800, 3141, 82707]"
112326,"[62555, 96358, 46132, 80595, 50486, 93437, 106613, 97821, 84667, 8188]"
112327,"[39042, 12222, 62742, 10641, 81101, 99538, 106060, 26280, 13757, 76402]"
112328,"[4664, 22493, 101230, 13411, 51046, 54520, 55161, 25484, 25864, 81960]"
112329,"[47069, 49343, 92772, 50850, 16147, 45250, 72588, 2700, 50925, 33391]"
112330,"[91257, 83873, 73623, 47229, 68896, 15416, 3823, 7643, 50595, 56661]"
112331,"[94346, 14058, 23658, 64182, 87576, 93201, 58966, 9539, 94655, 37473]"
112332,"[46468, 82557, 78867, 28, 104319, 93546, 85219, 3572, 2298, 72614]"
112333,"[55809, 46290, 106635, 35545, 13523, 49376, 100726, 76345, 636, 108037]"
112334,"[15507, 81730, 83532, 54811, 71551, 70358, 78692, 48542, 60732, 11682]"
112335,"[31780, 101361, 14034, 55591, 6948, 27706, 99169, 89040, 77110, 78044]"
112336,"[18289, 60868, 98041, 44507, 56371, 2516, 77294, 45315, 101111, 44174]"
112337,"[18677, 9404, 95741, 50800, 79170, 46979, 9810, 75600, 36571, 49625]"
112338,"[25109, 19544, 72858, 72161, 88753, 106040, 2452, 4125, 5772, 59775]"
112339,"[45089, 80297, 54815, 76319, 37960, 85113, 31904, 79370, 3500, 56583]"
112340,"[54118, 36517, 21005, 17490, 62583, 107121, 95336, 38279, 48120, 109085]"
112341,"[51277, 81971, 60348, 70879, 49984, 87270, 104408, 80773, 25195, 86544]"
112342,"[70400, 87146, 71738, 49815, 7173, 27224, 84082, 25732, 98436, 33665]"
112343,"[59629, 59475, 54959, 39525, 95888, 52366, 70041, 84341, 36166, 26496]"
112344,"[94704, 3460, 82837, 46120, 16016, 22936, 25400, 19741, 57264, 60797]"
112345,"[43702, 35268, 46398, 20856, 48919, 1925, 72734, 96719, 13906, 11937]"
112346,"[50014, 11869, 50872, 54950, 97043, 65991, 69671, 104454, 96318, 70389]"
112347,"[54178, 74693, 10146, 11640, 77324, 48669, 98387, 99369, 89940, 106221]"
112348,"[70589, 30452, 72064, 176, 46768, 31534, 87208, 14967, 88746, 37852]"
112349,"[43367, 104339, 5150, 81834, 77000, 13521, 74189, 106244, 88338, 77601]"
112350,"[55527, 55128, 96131, 96984, 2633, 38822, 15153, 98408, 4903, 51644]"
112351,"[85849, 20435, 46449, 52853, 90455, 79747, 78792, 64522, 40596, 24577]"
112352,"[73087, 98268, 34341, 104575, 51434, 67680, 109352, 41390, 45983, 25560]"
112353,"[99059, 76581, 105766, 7589, 61652, 43142, 18039, 59624, 95663, 29915]"
112354,"[44315, 109094, 45166, 49314, 107191, 43970, 39657, 66376, 25078, 19795]"
112355,"[47614, 14929, 59537, 16063, 100147, 25888, 71566, 51274, 109026, 89862]"
112356,"[16619, 23098, 16593, 42926, 26843, 17237, 39702, 3825, 44786, 64505]"
112357,"[41553, 69702, 4082, 10845, 105251, 71424, 9583, 60929, 76404, 88157]"
112358,"[60575, 66964, 60781, 99760, 90062, 107287, 72903, 27341, 78441, 91645]"
112359,"[38488, 10135, 82414, 78371, 87145, 26053, 98235, 77611, 23807, 17610]"
112360,"[68900, 668, 13407, 59818, 70069, 45720, 76690, 91194, 56467, 24006]"
112361,"[91406, 77786, 34862, 14853, 50718, 46796, 19783, 2019, 17216, 1744]"
112362,"[75849, 27865, 104338, 88522, 33587, 37392, 57528, 56093, 8789, 41275]"
112363,"[51091, 39983, 103862, 94067, 30746, 101418, 57898, 49469, 59094, 52644]"
112364,"[44966, 2510, 79541, 55164, 106628, 51202, 42719, 95756, 47094, 64180]"
112365,"[47696, 9974, 8853, 95605, 109437, 3673, 77704, 6847, 15246, 18481]"
112366,"[90282, 49565, 74681, 77556, 79479, 10762, 78913, 24631, 37755, 28035]"
112367,"[188, 35978, 45098, 22129, 80392, 64258, 73654, 94474, 68365, 7458]"
112368,"[62375, 82015, 2935, 81311, 61139, 97473, 56078, 85873, 23569, 80160]"
112369,"[790, 102879, 31306, 28482, 92476, 53007, 29821, 22007, 54971, 77539]"
112370,"[22624, 87554, 17328, 108539, 49865, 39545, 3074, 99850, 16021, 78902]"
112371,"[87058, 92899, 102442, 57347, 95322, 20755, 95410, 230, 53751, 32177]"
112372,"[91013, 76038, 38030, 52027, 103400, 78003, 101393, 57043, 4032, 108308]"
112373,"[1053, 14626, 98995, 74937, 10551, 25608, 144, 59032, 96237, 10683]"
112374,"[2711, 11453, 77256, 52918, 24278, 52922, 90602, 96322, 98506, 106259]"
112375,"[44453, 97346, 82750, 32331, 76750, 91190, 87684, 7066, 13971, 27030]"
112376,"[43082, 82169, 1547, 93325, 97895, 93251, 106308, 46529, 86259, 64837]"
112377,"[42580, 29723, 50555, 2869, 15280, 18921, 2686, 26444, 51572, 74239]"
112378,"[29300, 13949, 54724, 30553, 42862, 9839, 71918, 17121, 31251, 60754]"
112379,"[93275, 20358, 40706, 50846, 41635, 63138, 990, 5764, 21100, 24466]"
112380,"[61398, 83418, 36756, 14963, 57865, 78322, 48730, 30858, 94512, 53102]"
112381,"[12654, 107702, 64099, 33857, 105210, 65316, 89575, 44625, 106222, 65448]"
112382,"[16017, 68744, 88111, 78529, 19345, 108859, 60471, 108677, 58065, 108515]"
112383,"[64874, 97130, 67458, 10627, 108298, 81549, 52942, 85201, 104330, 2310]"
112384,"[49263, 86385, 104279, 75515, 65935, 82416, 103416, 33361, 80076, 80788]"
112385,"[7137, 3574, 63841, 92444, 77608, 46162, 82844, 74151, 12252, 88551]"
112386,"[30804, 17237, 3825, 49553, 18523, 6195, 53529, 104577, 77587, 86166]"
112387,"[63762, 66535, 10575, 26134, 6257, 993, 104153, 16504, 58035, 60289]"
112388,"[6067, 70515, 98248, 92134, 13283, 34077, 64572, 74971, 39666, 31071]"
112389,"[10243, 108451, 57536, 70487, 98376, 97632, 99504, 86100, 20244, 35860]"
112390,"[21291, 86244, 54718, 77049, 15725, 89010, 34336, 36871, 14993, 97925]"
112391,"[83099, 35474, 40662, 96638, 105198, 107150, 13525, 87851, 97269, 20553]"
112392,"[10708, 66574, 92097, 68387, 47166, 82885, 59486, 78168, 21964, 77843]"
112393,"[54763, 84108, 83800, 104274, 14486, 65142, 90123, 55093, 510, 105064]"
112394,"[25829, 37492, 81081, 38273, 31989, 17572, 94805, 107110, 41445, 77146]"
112395,"[57073, 32815, 4269, 30953, 103962, 89657, 42696, 95467, 66431, 100217]"
112396,"[43299, 17442, 58452, 9370, 42591, 59920, 69857, 49208, 92490, 44261]"
112397,"[95459, 77777, 26973, 12072, 103267, 57934, 798, 24080, 54156, 93663]"
112398,"[59090, 51818, 49765, 19389, 88576, 75598, 21542, 1157, 12584, 77092]"
112399,"[45992, 38946, 42873, 95191, 52479, 26007, 35899, 28179, 37079, 87196]"
112400,"[78230, 42756, 79545, 71522, 5841, 53695, 77845, 70056, 27936, 11010]"
112401,"[12733, 27368, 89886, 107813, 108978, 37988, 34096, 86074, 59006, 103278]"
112402,"[94664, 44159, 80507, 78908, 92490, 49392, 40799, 70594, 97984, 69857]"
112403,"[18496, 58293, 46362, 45922, 88783, 49856, 85966, 51228, 88471, 48593]"
112404,"[8933, 13297, 51776, 5676, 10298, 38908, 9177, 23112, 50056, 67568]"
112405,"[540, 29761, 51908, 83118, 15437, 23823, 35702, 96149, 47131, 97525]"
112406,"[40332, 57557, 51923, 55618, 30845, 65347, 23222, 66982, 27323, 50387]"
112407,"[62884, 30517, 77625, 5965, 59633, 54569, 70598, 76508, 27624, 19]"
112408,"[58981, 95276, 81019, 109322, 89887, 99192, 37990, 86152, 58092, 86913]"
112409,"[98706, 62473, 42897, 96020, 41370, 42073, 82381, 44388, 17990, 93342]"
112410,"[29960, 85956, 24530, 45907, 39032, 84521, 3369, 2916, 23332, 16089]"
112411,"[42983, 58104, 1720, 104680, 5317, 60439, 27075, 476, 9582, 22786]"
112412,"[80214, 24351, 16281, 60295, 92993, 50013, 46803, 54957, 68611, 68769]"
112413,"[70657, 31512, 105322, 25188, 24886, 65823, 72087, 51995, 98013, 88235]"
112414,"[51496, 66168, 26022, 45206, 76637, 89745, 89999, 75973, 81132, 15692]"
112415,"[91686, 8445, 71309, 5235, 15801, 1815, 68617, 85959, 87485, 40027]"
112416,"[62105, 106871, 101265, 10552, 39081, 34084, 34238, 71345, 104348, 32120]"
112417,"[32844, 26843, 42926, 46598, 57462, 104577, 64304, 48998, 23098, 49912]"
112418,"[91390, 64058, 43640, 97897, 56443, 106719, 52342, 67203, 44100, 9479]"
112419,"[14804, 18514, 54211, 103908, 58511, 53560, 15244, 17950, 29627, 58535]"
112420,"[50135, 20451, 31886, 49031, 79452, 40927, 60587, 39237, 96572, 25402]"
112421,"[83459, 53969, 1407, 101947, 63144, 47891, 66699, 18946, 109349, 84436]"
112422,"[63195, 60274, 14390, 77750, 107118, 96264, 102738, 108295, 23947, 55065]"
112423,"[105383, 80201, 46099, 36186, 19648, 47628, 20258, 76580, 29955, 11239]"
112424,"[327, 41038, 92477, 69518, 61066, 103916, 96479, 104175, 74767, 10934]"
112425,"[46119, 108513, 100289, 39651, 109412, 21998, 72495, 81522, 48775, 34267]"
112426,"[106021, 18022, 56614, 64352, 36312, 82739, 39016, 10938, 106011, 45889]"
112427,"[74220, 97713, 93061, 104712, 1000, 24867, 11313, 11622, 58522, 59424]"
112428,"[72569, 90705, 6943, 94254, 66584, 44233, 105406, 105591, 24285, 97259]"
112429,"[46469, 36318, 7991, 39168, 75679, 16191, 4902, 7921, 82861, 602]"
112430,"[93458, 7828, 13446, 104374, 63169, 26305, 102182, 69341, 24895, 4855]"
112431,"[86015, 109723, 31962, 74844, 51557, 32666, 52329, 14699, 107240, 82035]"
112432,"[104957, 55866, 27161, 95117, 41378, 895, 46083, 59014, 70236, 9496]"
112433,"[39943, 68388, 23453, 68433, 61451, 83336, 88862, 31754, 90876, 89701]"
112434,"[29124, 21815, 67412, 9377, 103538, 61046, 93672, 87627, 67473, 40521]"
112435,"[65917, 53524, 29535, 18278, 47737, 34875, 22530, 9379, 205, 6560]"
112436,"[597, 53739, 41390, 105848, 97812, 105315, 102656, 41452, 45983, 89319]"
112437,"[59331, 16283, 11330, 61945, 28778, 78084, 39361, 26031, 53609, 70645]"
112438,"[64746, 94416, 43917, 90485, 11130, 46948, 38191, 41332, 93490, 91445]"
112439,"[15696, 102273, 37137, 98067, 103899, 100999, 94914, 6994, 11463, 58346]"
112440,"[59837, 101299, 38865, 41464, 18923, 41415, 15010, 18811, 38486, 45217]"
112441,"[55884, 81378, 87626, 44849, 4165, 90408, 21130, 18102, 104008, 50751]"
112442,"[46244, 34960, 15069, 41440, 48692, 60631, 55132, 101707, 1817, 13341]"
112443,"[107495, 34329, 68862, 55026, 104337, 98362, 85748, 71765, 60626, 21875]"
112444,"[10633, 85276, 17857, 98535, 88651, 51622, 43790, 102153, 759, 53973]"
112445,"[78536, 40754, 89734, 42011, 78043, 108621, 18554, 38085, 1856, 1747]"
112446,"[47940, 4171, 79486, 32675, 26247, 17705, 64264, 57857, 5581, 58755]"
112447,"[83086, 83489, 29907, 86988, 7924, 86456, 31608, 95153, 69563, 107492]"
112448,"[67439, 100585, 4545, 94977, 54074, 85315, 20393, 50345, 49874, 71681]"
112449,"[7623, 24872, 5436, 67536, 36085, 11687, 57065, 94273, 3969, 52353]"
112450,"[26288, 11981, 91120, 95656, 8549, 21886, 83576, 95638, 1829, 4570]"
112451,"[58244, 14623, 7837, 93684, 46887, 7038, 84727, 23437, 41509, 26906]"
112452,"[47149, 19539, 18911, 4718, 40434, 30933, 50211, 101370, 106213, 18034]"
112453,"[34060, 60733, 68985, 74919, 95688, 89058, 61986, 46041, 11716, 86764]"
112454,"[91731, 98890, 89317, 40321, 58964, 30862, 108479, 58760, 43164, 74512]"
112455,"[12925, 93414, 30019, 4, 109025, 3083, 20284, 7423, 71000, 102923]"
112456,"[92856, 104709, 631, 2246, 21588, 74499, 59631, 57122, 4531, 82082]"
112457,"[84725, 40311, 7434, 88792, 98388, 57632, 23825, 21613, 43907, 84217]"
112458,"[86391, 36629, 12202, 13108, 56923, 73538, 108866, 98792, 79499, 90314]"
112459,"[56844, 77138, 30871, 91362, 12640, 3056, 8335, 48124, 69347, 79682]"
112460,"[87760, 100512, 1988, 97708, 87068, 86118, 40471, 16030, 85009, 77563]"
112461,"[46561, 32510, 34836, 15814, 24688, 9550, 7564, 107954, 21063, 54279]"
112462,"[53473, 51679, 60632, 88288, 30374, 22502, 36356, 75830, 20134, 108919]"
112463,"[87457, 24314, 92262, 108716, 37915, 94642, 47370, 108354, 91996, 94088]"
112464,"[69371, 82246, 33924, 94507, 6833, 47634, 27915, 21963, 90933, 10240]"
112465,"[64287, 95556, 86303, 50480, 40172, 56116, 93062, 63409, 22663, 62753]"
112466,"[34066, 48618, 56494, 91458, 109208, 104983, 53331, 47500, 21692, 104556]"
112467,"[70947, 92455, 69975, 94873, 28340, 78343, 28209, 12003, 6779, 55278]"
112468,"[47862, 106713, 59400, 73135, 83977, 54646, 88104, 22161, 62661, 3190]"
112469,"[64947, 90539, 54601, 66436, 52773, 54614, 19920, 36063, 16183, 2015]"
112470,"[29970, 6169, 100844, 93360, 19676, 92636, 24143, 79995, 70216, 70237]"
112471,"[101473, 45688, 96477, 72463, 74149, 105012, 105849, 32446, 33847, 75623]"
112472,"[62764, 7678, 52061, 38055, 41136, 88452, 71055, 90973, 72560, 38022]"
112473,"[35476, 55031, 8001, 89515, 94765, 22003, 72822, 95134, 61040, 41523]"
112474,"[15974, 83375, 86653, 88963, 102372, 22914, 103240, 67572, 1062, 44707]"
112475,"[59325, 23212, 35766, 93078, 26783, 11460, 45618, 13045, 12748, 97281]"
112476,"[96015, 95047, 65658, 75381, 65107, 90115, 3638, 98378, 88891, 58435]"
112477,"[17736, 11497, 436, 93111, 4603, 91916, 92293, 44123, 97689, 28663]"
112478,"[99217, 4970, 85349, 26243, 47324, 4390, 5013, 3130, 69672, 42707]"
112479,"[14573, 66072, 78152, 13295, 107844, 53438, 19501, 43587, 64632, 93612]"
112480,"[70667, 27686, 106131, 90884, 22962, 64509, 56109, 15452, 96195, 11427]"
112481,"[432, 87724, 12168, 46887, 53306, 25187, 38348, 81056, 69797, 4948]"
112482,"[85964, 108598, 58047, 2326, 22499, 21726, 88056, 32586, 66883, 108192]"
112483,"[89641, 34929, 51594, 65483, 12270, 30102, 80445, 91693, 69516, 44872]"
112484,"[75640, 39374, 2550, 55730, 68515, 11751, 45708, 94799, 10121, 47698]"
112485,"[81169, 44031, 78444, 56912, 29876, 11918, 35314, 40202, 47520, 78770]"
112486,"[71964, 18635, 100853, 70427, 77070, 85796, 91076, 78272, 82304, 87527]"
112487,"[80219, 82256, 26462, 108799, 56768, 58585, 23617, 105238, 24857, 87161]"
112488,"[82736, 53342, 31641, 42402, 105341, 57767, 13100, 25948, 36944, 3340]"
112489,"[109137, 96271, 38114, 44809, 69680, 80232, 48869, 4761, 56238, 51349]"
112490,"[76509, 5026, 84991, 94444, 22037, 28532, 2995, 108278, 63028, 42382]"
112491,"[77735, 55483, 28956, 42500, 49808, 106235, 22184, 77734, 6751, 75587]"
112492,"[60583, 68878, 72855, 29636, 75149, 21852, 21115, 70039, 1235, 9668]"
112493,"[57686, 12122, 103256, 1456, 31247, 43643, 53276, 58365, 40861, 87112]"
112494,"[82049, 50399, 99854, 54323, 77942, 36831, 70351, 106838, 82954, 8865]"
112495,"[74529, 109007, 42113, 75589, 31889, 51543, 65526, 9518, 4767, 95430]"
112496,"[799, 4601, 44991, 64254, 4724, 31445, 36734, 48212, 36839, 66011]"
112497,"[3478, 12979, 73109, 108055, 38906, 56120, 67901, 92610, 71534, 104876]"
112498,"[64835, 57932, 60548, 107431, 41915, 18455, 92947, 3265, 94516, 54345]"
112499,"[35371, 64373, 44741, 33463, 80409, 63782, 107627, 77755, 4503, 28653]"
112500,"[72540, 86292, 1732, 49976, 69229, 14046, 45170, 106781, 70277, 95398]"
112501,"[103125, 89953, 4998, 84352, 28744, 103949, 69924, 60338, 94975, 1827]"
112502,"[105398, 70817, 42225, 55542, 66331, 2392, 14021, 100714, 97777, 26321]"
112503,"[74908, 32305, 69389, 23523, 33899, 880, 73312, 12050, 99015, 105619]"
112504,"[107405, 46609, 63889, 30388, 96253, 38359, 67624, 71963, 10819, 109734]"
112505,"[65376, 87246, 92284, 25860, 40498, 54362, 76712, 92779, 95363, 54285]"
112506,"[26538, 5526, 79465, 103891, 77231, 93607, 14661, 24335, 44435, 53428]"
112507,"[33935, 107873, 69506, 89629, 69676, 35615, 52761, 29386, 51924, 5967]"
112508,"[106433, 47911, 79692, 47848, 70359, 98437, 51631, 101785, 44893, 45508]"
112509,"[100955, 69438, 23261, 99913, 18691, 79920, 69501, 60496, 56134, 86831]"
112510,"[85332, 97892, 91789, 54883, 78494, 21835, 67278, 30692, 80279, 98996]"
112511,"[81897, 97970, 40421, 36469, 51564, 53442, 57516, 25324, 8697, 35737]"
112512,"[89305, 42302, 49955, 58790, 95753, 92303, 72755, 381, 99203, 19296]"
112513,"[95441, 6224, 93723, 55317, 77117, 50264, 69665, 34803, 84360, 48492]"
112514,"[13493, 19166, 49836, 7790, 105379, 27573, 98873, 75241, 61465, 98230]"
112515,"[16667, 18371, 81249, 7387, 63897, 54761, 76923, 62314, 74345, 95577]"
112516,"[94016, 60797, 62698, 36369, 58759, 47892, 3460, 71890, 952, 88160]"
112517,"[93710, 46375, 89468, 47162, 4012, 87299, 75894, 42115, 11374, 84608]"
112518,"[78193, 30654, 46482, 81146, 33356, 64625, 36590, 99579, 76059, 99119]"
112519,"[33610, 738, 93164, 46778, 51785, 39626, 72858, 72161, 3290, 59775]"
112520,"[7158, 98753, 68977, 99562, 83599, 45759, 19516, 5056, 84064, 93899]"
112521,"[55670, 90184, 6073, 94008, 52732, 38864, 22142, 45530, 3690, 31733]"
112522,"[11251, 105364, 20567, 78444, 102815, 100783, 366, 79135, 81169, 96172]"
112523,"[107846, 31038, 89690, 93692, 28846, 11950, 59594, 82454, 56325, 109743]"
112524,"[67, 56233, 87170, 36752, 86349, 13479, 77026, 3738, 755, 74791]"
112525,"[99523, 32724, 30610, 64055, 25871, 13564, 83640, 60474, 61873, 49178]"
112526,"[66329, 88397, 2484, 48030, 96984, 85753, 99706, 18830, 109592, 61415]"
112527,"[78586, 74774, 81903, 25405, 41058, 63845, 9309, 11403, 103145, 108871]"
112528,"[105266, 94969, 17028, 1150, 20609, 85552, 101574, 54150, 84147, 97665]"
112529,"[35170, 97560, 71350, 108047, 82425, 48338, 73259, 16330, 24799, 64767]"
112530,"[108186, 44004, 52417, 94602, 32208, 94540, 72904, 15329, 24648, 87481]"
112531,"[86172, 44993, 83939, 31567, 57554, 59791, 4411, 31308, 15962, 80712]"
112532,"[62015, 3475, 108008, 88743, 8910, 72955, 13911, 97548, 69778, 22654]"
112533,"[30098, 40628, 16849, 10714, 109233, 35989, 21313, 24766, 18686, 98814]"
112534,"[84744, 31888, 18388, 28106, 15645, 40346, 13608, 44437, 41481, 94186]"
112535,"[81728, 109538, 84514, 16505, 101421, 96659, 26517, 51922, 11460, 32810]"
112536,"[11040, 32626, 80840, 108100, 75637, 31147, 91814, 84675, 25683, 18301]"
112537,"[28082, 17701, 2167, 7191, 35008, 42252, 102647, 48215, 107904, 103236]"
112538,"[46597, 98123, 22843, 27779, 105239, 45738, 48890, 96268, 59223, 53756]"
112539,"[92787, 8016, 36223, 39500, 5055, 20011, 87914, 60110, 89885, 30978]"
112540,"[75240, 37720, 102298, 4976, 93290, 90607, 73968, 66526, 17258, 15787]"
112541,"[74560, 96732, 12923, 81461, 56278, 42637, 63199, 86224, 43568, 42691]"
112542,"[30633, 32075, 88252, 67981, 26614, 652, 22579, 1032, 30956, 52999]"
112543,"[63887, 12992, 3427, 89238, 82762, 57482, 83463, 80972, 41062, 22343]"
112544,"[20893, 108778, 31279, 86382, 97779, 48418, 80741, 8927, 6246, 69916]"
112545,"[45740, 94090, 70333, 37038, 2402, 32895, 24594, 66414, 78085, 2410]"
112546,"[26668, 98519, 65232, 90928, 83656, 45018, 18979, 48244, 44596, 26008]"
112547,"[62478, 81585, 99238, 27428, 1628, 11958, 24757, 17808, 30680, 100940]"
112548,"[1667, 107625, 915, 107500, 106662, 47186, 18, 56195, 94651, 89773]"
112549,"[66697, 14721, 23202, 6590, 95552, 56221, 101737, 9851, 29031, 6783]"
112550,"[87939, 21610, 38853, 11507, 52056, 60418, 25413, 34000, 35807, 63322]"
112551,"[65452, 38669, 60914, 49171, 103569, 80580, 30343, 40879, 47632, 95512]"
112552,"[11441, 35687, 46851, 87174, 94527, 32394, 10540, 18844, 26126, 7954]"
112553,"[61827, 63039, 45678, 35309, 58586, 91759, 77439, 31950, 12161, 18442]"
112554,"[100310, 30293, 79228, 3446, 53065, 60249, 14599, 37186, 4432, 1810]"
112555,"[78267, 30907, 69983, 42272, 54058, 92434, 6498, 50506, 69633, 92169]"
112556,"[6135, 3509, 49446, 76663, 63470, 25000, 82286, 75176, 47100, 95352]"
112557,"[23051, 85418, 88435, 95225, 79596, 48976, 48181, 39147, 59842, 27687]"
112558,"[94242, 95645, 43527, 99754, 43444, 83880, 54604, 22102, 20953, 108855]"
112559,"[76995, 16099, 58578, 47970, 70744, 33415, 74480, 8639, 71889, 39450]"
112560,"[64094, 75303, 84393, 7685, 21670, 8622, 50260, 66032, 82339, 58866]"
112561,"[68247, 38655, 9460, 1003, 98674, 3243, 15766, 38004, 17735, 43514]"
112562,"[38924, 84745, 93408, 4784, 45992, 95849, 52479, 18869, 83113, 16690]"
112563,"[84269, 94091, 52507, 53268, 56506, 8908, 48416, 6282, 90126, 85622]"
112564,"[92120, 71392, 73233, 32906, 32609, 30144, 83337, 98215, 42690, 91254]"
112565,"[33929, 99841, 55383, 89292, 99144, 2906, 94394, 76351, 96359, 47144]"
112566,"[60144, 19605, 32741, 74124, 48140, 93485, 44173, 77474, 90058, 74986]"
112567,"[52646, 104345, 58054, 16603, 25584, 87157, 62964, 39463, 104873, 47620]"
112568,"[75892, 107855, 49395, 108111, 86116, 27002, 72020, 104947, 55864, 5979]"
112569,"[3842, 23486, 4004, 101040, 109340, 37434, 17848, 25288, 30835, 59693]"
112570,"[30662, 46389, 95502, 8486, 43590, 46773, 48625, 82111, 109731, 26671]"
112571,"[63699, 3135, 39408, 101989, 40332, 57557, 90924, 99661, 103521, 84160]"
112572,"[93922, 36597, 72239, 54946, 45352, 16961, 58640, 103965, 30881, 76827]"
112573,"[7245, 52954, 106094, 106021, 58848, 19864, 8743, 28519, 3364, 33208]"
112574,"[58449, 34176, 82492, 71421, 44307, 696, 101379, 34884, 58419, 26616]"
112575,"[85282, 32761, 1609, 91455, 73624, 91502, 23075, 62451, 44979, 35396]"
112576,"[19981, 47499, 19532, 62568, 15754, 50358, 49377, 27823, 58064, 46226]"
112577,"[71872, 13873, 1627, 48536, 97098, 103321, 4867, 90424, 19545, 22774]"
112578,"[108382, 92679, 45037, 98146, 5531, 6166, 98979, 96980, 32415, 96344]"
112579,"[55089, 72159, 2964, 61838, 33461, 70204, 81710, 3758, 2274, 38395]"
112580,"[41013, 5409, 13239, 27869, 108481, 16323, 92977, 73387, 50261, 15344]"
112581,"[2778, 57921, 56487, 34480, 107741, 61548, 34953, 40445, 7005, 84505]"
112582,"[92067, 346, 10835, 2819, 79038, 15566, 14074, 54476, 4563, 19777]"
112583,"[18427, 81293, 93224, 10878, 1380, 17022, 23197, 96747, 79621, 97723]"
112584,"[50775, 10961, 104670, 76799, 81026, 42515, 30406, 105410, 72749, 58141]"
112585,"[79822, 34151, 39104, 72797, 83502, 34636, 3502, 95399, 7688, 86425]"
112586,"[11229, 55870, 10283, 28651, 50744, 78069, 56176, 105950, 106856, 32552]"
112587,"[80442, 4479, 80726, 7602, 41694, 23500, 65380, 70221, 83014, 106461]"
112588,"[89927, 29875, 95647, 8446, 8109, 68754, 23279, 74497, 57696, 26801]"
112589,"[40263, 21680, 96872, 42516, 45634, 3550, 784, 15997, 109676, 64065]"
112590,"[109744, 25136, 60653, 23695, 87979, 30218, 32547, 87758, 38327, 26397]"
112591,"[16060, 68633, 65144, 13200, 52685, 45257, 105603, 82987, 67149, 74886]"
112592,"[57182, 33766, 78455, 66045, 74098, 70613, 44865, 69040, 1461, 22732]"
112593,"[50281, 63725, 68570, 109630, 100837, 36598, 34447, 101822, 49832, 30065]"
112594,"[35525, 50220, 67538, 2349, 57487, 108895, 31267, 63434, 61020, 54433]"
112595,"[38570, 17158, 20468, 2307, 51716, 56375, 73963, 31134, 16562, 56780]"
112596,"[42768, 74397, 1690, 67987, 7324, 72425, 20458, 95813, 45071, 40836]"
112597,"[80573, 59254, 24600, 20702, 23146, 108334, 75540, 26173, 91090, 44740]"
112598,"[66038, 46783, 57459, 56584, 107610, 88813, 27497, 31216, 47530, 90599]"
112599,"[82454, 28846, 26314, 14158, 93692, 57059, 31038, 11950, 59594, 41085]"
112600,"[109353, 85238, 49491, 96634, 20428, 54740, 13056, 28548, 103499, 82075]"
112601,"[106184, 44604, 17068, 93891, 82941, 23723, 104884, 77260, 17879, 8301]"
112602,"[88079, 60867, 93133, 25868, 90329, 70714, 47338, 40443, 102586, 2355]"
112603,"[10291, 45978, 18071, 30561, 78881, 104721, 41417, 28584, 104102, 41865]"
112604,"[38043, 62812, 73987, 94882, 66666, 84887, 19067, 67482, 20930, 40545]"
112605,"[44913, 13094, 47687, 24980, 109570, 107508, 26885, 55836, 94490, 86654]"
112606,"[21779, 81708, 70358, 3279, 102817, 44648, 28895, 39582, 40926, 52383]"
112607,"[50131, 8194, 30952, 34257, 56315, 8825, 75675, 43614, 103949, 54482]"
112608,"[63098, 100511, 36251, 65409, 94449, 44145, 9319, 7399, 29232, 85490]"
112609,"[43461, 37410, 3316, 32759, 96171, 51589, 73468, 37005, 51350, 88895]"
112610,"[62358, 55143, 75631, 54684, 57635, 84110, 83889, 79470, 80538, 70809]"
112611,"[47507, 72662, 63879, 54728, 65139, 11234, 8447, 60, 31867, 66995]"
112612,"[37514, 105529, 92500, 25482, 1482, 34038, 62092, 31900, 30843, 54851]"
112613,"[16754, 38168, 81053, 100171, 72653, 100659, 77905, 1977, 37230, 7966]"
112614,"[77113, 107968, 29722, 27953, 108945, 84993, 85734, 42589, 74119, 109294]"
112615,"[88448, 78246, 88639, 40467, 67993, 71678, 66559, 102795, 85842, 17301]"
112616,"[11211, 38218, 57123, 37091, 13766, 79793, 16881, 46728, 38984, 37914]"
112617,"[28322, 62491, 77479, 43361, 22507, 47841, 61635, 100083, 94274, 62091]"
112618,"[68212, 7084, 27753, 88890, 80091, 79649, 14179, 66421, 27310, 10742]"
112619,"[102311, 55879, 37750, 66489, 9944, 66830, 33618, 81695, 28382, 73020]"
112620,"[34609, 21395, 100941, 103534, 16819, 93951, 27050, 51153, 99039, 108977]"
112621,"[31187, 26518, 63728, 103264, 42464, 5201, 60815, 40284, 92811, 36636]"
112622,"[91378, 54265, 22231, 28645, 41579, 102442, 14658, 37064, 49185, 104898]"
112623,"[46710, 19593, 14762, 79046, 57893, 11555, 17072, 47392, 103433, 40]"
112624,"[54321, 4836, 80756, 75475, 107673, 71392, 28936, 4736, 32906, 64311]"
112625,"[89159, 36839, 61091, 62346, 74113, 6423, 80936, 47311, 59013, 66998]"
112626,"[62358, 101173, 75631, 80538, 70809, 11879, 84278, 84110, 83889, 13675]"
112627,"[34902, 359, 6046, 15299, 89604, 93196, 22840, 65648, 41954, 49858]"
112628,"[63267, 87033, 82702, 53911, 17220, 3100, 101185, 48563, 81052, 89291]"
112629,"[86547, 31167, 85150, 65441, 101715, 54292, 76374, 44147, 58577, 69749]"
112630,"[32284, 17760, 96772, 67639, 62100, 104009, 20206, 64665, 27945, 53535]"
112631,"[28183, 1205, 99825, 62614, 41008, 35180, 27761, 39359, 82441, 68981]"
112632,"[89243, 37499, 55885, 68331, 29390, 63297, 14178, 42150, 88176, 103762]"
112633,"[52228, 69182, 26824, 46441, 3548, 73745, 79090, 28292, 20785, 30423]"
112634,"[50605, 20885, 6469, 49527, 96721, 106261, 42340, 8556, 10315, 95193]"
112635,"[7923, 90264, 101738, 3139, 86478, 19994, 34788, 16717, 55641, 9916]"
112636,"[85574, 63107, 51458, 53624, 9163, 80632, 50087, 54232, 92465, 84788]"
112637,"[88209, 60232, 68179, 48514, 11237, 58565, 80455, 108775, 71790, 74850]"
112638,"[81626, 6462, 105677, 99516, 88494, 18751, 98104, 86519, 108401, 8694]"
112639,"[13742, 72021, 56305, 275, 16893, 28497, 13868, 14250, 72225, 9386]"
112640,"[88569, 49687, 67309, 32073, 80036, 73821, 17583, 108485, 13100, 33925]"
112641,"[105225, 72311, 42271, 83590, 85850, 103686, 107696, 51895, 85499, 44238]"
112642,"[39117, 87134, 11577, 35901, 16684, 60579, 37897, 17575, 13816, 44661]"
112643,"[55919, 87531, 6303, 78072, 8813, 61485, 39178, 62079, 92581, 34696]"
112644,"[73857, 78282, 14763, 98364, 96238, 61832, 61271, 107459, 25684, 88630]"
112645,"[98578, 57268, 94392, 44836, 56543, 30240, 95720, 53301, 1375, 89651]"
112646,"[97351, 46211, 91107, 35320, 12347, 91658, 72014, 14975, 106332, 2489]"
112647,"[54221, 82654, 90696, 58469, 85947, 72049, 84052, 64947, 67263, 37001]"
112648,"[52711, 5396, 71052, 37186, 60249, 1810, 63726, 54505, 58779, 99447]"
112649,"[46868, 92491, 22461, 102384, 99970, 73725, 22342, 101438, 78866, 20255]"
112650,"[12232, 42284, 44033, 16725, 89758, 17425, 63978, 80274, 22578, 42710]"
112651,"[104751, 75096, 63250, 16945, 52461, 87476, 36773, 69261, 17370, 48191]"
112652,"[46935, 48825, 83167, 55011, 36095, 95301, 73950, 31253, 6995, 66177]"
112653,"[65904, 95003, 26929, 65650, 49957, 60905, 38630, 35059, 85525, 7177]"
112654,"[74222, 62116, 31103, 30958, 95929, 56192, 62050, 101283, 35405, 73384]"
112655,"[2455, 68548, 20137, 43165, 80096, 77478, 39437, 15712, 52879, 93817]"
112656,"[90084, 33706, 12053, 46096, 85720, 22792, 96780, 26405, 35258, 2615]"
112657,"[77643, 103330, 62649, 82719, 15627, 26022, 52244, 45206, 20108, 84255]"
112658,"[78775, 105039, 7153, 61234, 51813, 25156, 74067, 13087, 6221, 102899]"
112659,"[48270, 106283, 2363, 8259, 46780, 31599, 41212, 61310, 38606, 43306]"
112660,"[91024, 78680, 108062, 59701, 25080, 9401, 98044, 102968, 1678, 100317]"
112661,"[94814, 10002, 11954, 27136, 90105, 30010, 55800, 107990, 65983, 30721]"
112662,"[5005, 4423, 8992, 30182, 10778, 28427, 43227, 88513, 98314, 61457]"
112663,"[34342, 100741, 605, 12528, 70172, 19645, 18833, 89613, 91421, 32034]"
112664,"[104250, 66585, 12132, 81521, 81707, 93721, 96240, 99868, 37057, 12885]"
112665,"[104031, 44313, 62523, 50125, 33196, 42014, 105234, 21530, 88074, 67074]"
112666,"[108443, 32767, 84516, 71285, 94185, 51150, 87896, 103511, 86454, 96741]"
112667,"[101059, 77269, 61903, 103146, 75247, 57315, 88380, 23732, 9272, 20562]"
112668,"[35038, 98755, 42997, 34958, 41324, 102941, 79766, 24510, 46428, 89664]"
112669,"[41420, 10966, 15847, 77781, 41831, 64984, 30936, 79138, 50248, 76822]"
112670,"[17257, 59559, 416, 55072, 72122, 101013, 58009, 37649, 32890, 97016]"
112671,"[95189, 26509, 48146, 7974, 78875, 25668, 33156, 51749, 94379, 22452]"
112672,"[28060, 63598, 20125, 28159, 93981, 129, 92843, 75728, 8526, 90115]"
112673,"[31456, 77312, 93504, 20738, 75146, 33648, 27274, 27897, 25293, 17907]"
112674,"[52401, 42286, 86537, 49538, 102354, 49840, 103534, 48194, 19617, 67568]"
112675,"[84442, 99086, 22674, 16977, 74250, 73075, 955, 60410, 101566, 51041]"
112676,"[64640, 17509, 72758, 73044, 65816, 74836, 65512, 49178, 35684, 99523]"
112677,"[109701, 102970, 17189, 14626, 21190, 100990, 31619, 45754, 36540, 28932]"
112678,"[15076, 16780, 38951, 18266, 62580, 36196, 18606, 77670, 79407, 58660]"
112679,"[30424, 75821, 16062, 34407, 93237, 103481, 41441, 78981, 71662, 66951]"
112680,"[50773, 90866, 88130, 86954, 33168, 50746, 53364, 67162, 84561, 28598]"
112681,"[86075, 17075, 104864, 50214, 52568, 36477, 1553, 69662, 28790, 23179]"
112682,"[56917, 15459, 99105, 14973, 21019, 82605, 81294, 101172, 92643, 53252]"
112683,"[8458, 48637, 53077, 108829, 4379, 57130, 36379, 10337, 51489, 12970]"
112684,"[61736, 103196, 78979, 100833, 87216, 50886, 64104, 45542, 94898, 74925]"
112685,"[106204, 6832, 69939, 9665, 32998, 90425, 15642, 92238, 21943, 12750]"
112686,"[63543, 308, 6239, 69701, 85274, 33180, 2582, 69914, 92690, 66857]"
112687,"[87326, 89727, 25406, 47444, 28844, 49228, 6671, 57804, 54882, 27445]"
112688,"[75315, 11357, 98289, 12445, 99201, 59356, 78623, 38572, 105078, 18251]"
112689,"[44131, 104987, 37489, 106471, 121, 85674, 41627, 98867, 1321, 5299]"
112690,"[54532, 29425, 58550, 108127, 33419, 66078, 12657, 88973, 5987, 25264]"
112691,"[62304, 80728, 42516, 21680, 104865, 45634, 56444, 56440, 43274, 95587]"
112692,"[9520, 50946, 72173, 37734, 109522, 101693, 27860, 36161, 17002, 40922]"
112693,"[41018, 86608, 105219, 92816, 89764, 39915, 43868, 102705, 34711, 88134]"
112694,"[22921, 109166, 94340, 29637, 43867, 29859, 22398, 16355, 99540, 89053]"
112695,"[16259, 100317, 14168, 108062, 102968, 1678, 61103, 40823, 20683, 78859]"
112696,"[83902, 87917, 78001, 38925, 94646, 48591, 91706, 103278, 84002, 33889]"
112697,"[22913, 64912, 20154, 30453, 63438, 101495, 103858, 25724, 4614, 23752]"
112698,"[116, 108451, 82881, 19916, 75906, 97632, 25350, 99504, 62638, 70487]"
112699,"[17738, 66633, 73909, 102542, 83721, 71903, 32520, 55307, 69087, 91116]"
112700,"[56672, 87745, 85757, 7705, 32378, 35994, 37320, 89890, 33003, 54148]"
112701,"[72752, 18716, 2247, 19243, 2749, 13677, 62083, 35089, 26642, 7852]"
112702,"[6693, 33268, 1962, 75966, 58245, 68697, 86654, 18759, 73897, 93831]"
112703,"[42132, 25206, 75990, 60730, 93082, 94695, 108914, 5359, 100554, 81500]"
112704,"[84550, 36456, 108272, 49607, 55521, 8620, 90163, 12938, 36821, 19891]"
112705,"[38838, 69751, 1725, 25738, 107506, 50992, 56122, 44349, 44493, 44698]"
112706,"[12667, 20527, 30725, 49960, 96178, 60761, 103793, 54016, 52840, 26933]"
112707,"[29946, 76877, 96210, 88720, 15677, 33504, 79657, 9258, 100750, 28516]"
112708,"[17845, 49564, 57071, 35640, 65091, 10674, 58150, 72151, 72406, 59047]"
112709,"[67544, 94136, 13158, 81079, 15067, 7643, 99462, 40571, 61041, 30285]"
112710,"[58294, 56888, 93558, 88495, 38067, 32069, 72654, 75485, 50137, 85340]"
112711,"[1272, 49474, 104125, 35510, 33803, 53249, 98717, 25975, 33773, 91653]"
112712,"[105681, 103670, 106060, 76402, 70505, 38777, 13757, 17464, 25815, 81101]"
112713,"[67572, 47299, 15974, 83375, 86653, 49445, 51224, 24956, 75079, 70044]"
112714,"[100798, 13669, 43132, 53127, 17635, 82956, 10221, 17675, 60546, 82434]"
112715,"[104174, 38387, 52555, 58145, 35630, 4765, 107394, 76957, 91285, 97695]"
112716,"[50949, 73423, 87023, 86257, 27906, 65989, 104395, 98551, 41301, 47523]"
112717,"[6802, 57103, 62957, 83372, 36110, 31840, 104635, 65427, 97296, 22113]"
112718,"[20677, 108626, 7708, 89997, 35001, 89089, 41872, 43033, 94797, 2608]"
112719,"[4256, 39609, 43475, 92646, 103168, 57761, 43144, 56386, 74963, 59516]"
112720,"[35051, 37359, 627, 48500, 99010, 16875, 10941, 2919, 26258, 50146]"
112721,"[70121, 27110, 33014, 6225, 38867, 100371, 106096, 6038, 30129, 108064]"
112722,"[97686, 23816, 48275, 69820, 31974, 56869, 8851, 41491, 79400, 8640]"
112723,"[66190, 17502, 13680, 84789, 93142, 92584, 36537, 74086, 49500, 53272]"
112724,"[4537, 27794, 96903, 46640, 62198, 104235, 20871, 93727, 90508, 90752]"
112725,"[38966, 94116, 75226, 58112, 75701, 32650, 70965, 28646, 3801, 78466]"
112726,"[88587, 5426, 99248, 99300, 31107, 52275, 35547, 108498, 41941, 44392]"
112727,"[48900, 19749, 97149, 52030, 39690, 96971, 40499, 24292, 82842, 98107]"
112728,"[33111, 29852, 65494, 104053, 69269, 51912, 53250, 12234, 2130, 25051]"
112729,"[84390, 98532, 39899, 50387, 65347, 96528, 41613, 87147, 22659, 24179]"
112730,"[46984, 108088, 64540, 4345, 57272, 15182, 93845, 101395, 85303, 107637]"
112731,"[64170, 62125, 36832, 25023, 98116, 92214, 67722, 37165, 14747, 82418]"
112732,"[5166, 58736, 24485, 97391, 104910, 99090, 82569, 3585, 54261, 103601]"
112733,"[22922, 95775, 9419, 103902, 56780, 58207, 73963, 85427, 99127, 26542]"
112734,"[38336, 84240, 98108, 108889, 59021, 31138, 108505, 13503, 5184, 65456]"
112735,"[35679, 63346, 83100, 64105, 9649, 44013, 28978, 109342, 94063, 89566]"
112736,"[41065, 38610, 55921, 37932, 23225, 88634, 96364, 31972, 109513, 20122]"
112737,"[25905, 43844, 73043, 77830, 102416, 66462, 63527, 63908, 46093, 22811]"
112738,"[80967, 36578, 15369, 91082, 95649, 76621, 18645, 72409, 62460, 18636]"
112739,"[12160, 60202, 60586, 90675, 56433, 50786, 94467, 39999, 74799, 102853]"
112740,"[37392, 572, 42220, 43074, 9513, 96727, 94741, 108478, 30640, 60872]"
112741,"[62174, 5533, 12003, 72834, 92455, 28340, 1213, 70947, 69975, 68394]"
112742,"[24661, 14105, 15909, 13909, 82792, 88742, 90784, 108427, 97153, 98459]"
112743,"[86773, 66930, 56560, 100871, 49993, 14901, 29626, 104417, 48694, 784]"
112744,"[91767, 33311, 64877, 12645, 7593, 27804, 33916, 32396, 76015, 53092]"
112745,"[39056, 54606, 96547, 53615, 85851, 61131, 78400, 22518, 55216, 27741]"
112746,"[37660, 98833, 75897, 72904, 108186, 35796, 52558, 44004, 82076, 15335]"
112747,"[95441, 62637, 104910, 24582, 99090, 73380, 15724, 25372, 63801, 669]"
112748,"[37003, 14741, 3377, 92384, 24827, 1265, 95052, 45667, 90829, 44655]"
112749,"[31045, 92400, 80289, 11378, 9892, 88897, 44860, 58729, 7146, 26094]"
112750,"[53841, 100790, 51163, 24458, 107042, 82307, 66773, 87677, 65857, 22877]"
112751,"[77772, 47399, 99851, 100642, 8763, 94961, 90368, 44737, 44718, 47193]"
112752,"[33977, 88834, 79752, 16865, 6781, 64139, 30892, 83893, 67313, 86790]"
112753,"[27892, 2204, 102738, 23947, 70794, 10178, 975, 43028, 60253, 63195]"
112754,"[92900, 14834, 52081, 29384, 71892, 105863, 83475, 85351, 73372, 59895]"
112755,"[12164, 79902, 17466, 98109, 61841, 54555, 50000, 75871, 28825, 101037]"
112756,"[85795, 61807, 41090, 7241, 49624, 98760, 23071, 66885, 34153, 27835]"
112757,"[33685, 105707, 99677, 27362, 30223, 52217, 36404, 89410, 98378, 25793]"
112758,"[23832, 13250, 109320, 13610, 105714, 83657, 60808, 85325, 98543, 18665]"
112759,"[50574, 33695, 20910, 26638, 44694, 10098, 38501, 9701, 3709, 64479]"
112760,"[18912, 24878, 69789, 49287, 85864, 80479, 77184, 47481, 98927, 16908]"
112761,"[82284, 86437, 77759, 44910, 40871, 20988, 45048, 6545, 17793, 81352]"
112762,"[36476, 72811, 13480, 76220, 8512, 70626, 92458, 21630, 53983, 80039]"
112763,"[75774, 83301, 66229, 34901, 3045, 7474, 9044, 43600, 2084, 44107]"
112764,"[78152, 66072, 20700, 37891, 61721, 6915, 14573, 19455, 82136, 63865]"
112765,"[49008, 31748, 90387, 48001, 31160, 70084, 39871, 33325, 69996, 10638]"
112766,"[35130, 433, 67669, 70695, 1468, 72771, 56465, 20884, 72845, 40267]"
112767,"[74714, 7673, 59785, 56953, 64500, 82367, 9649, 10794, 19688, 63760]"
112768,"[94402, 13996, 95829, 100098, 48008, 86842, 94044, 61207, 21369, 59977]"
112769,"[78410, 9409, 99863, 19153, 106057, 39499, 18018, 103812, 97198, 768]"
112770,"[44346, 105263, 45298, 92352, 757, 13020, 59461, 5848, 101905, 103344]"
112771,"[103995, 38682, 51503, 102077, 91144, 11100, 50021, 4526, 57455, 45882]"
112772,"[34335, 63317, 86524, 12083, 27614, 47819, 35257, 46702, 58395, 104812]"
112773,"[67329, 41228, 41379, 1149, 86313, 26592, 52462, 50752, 35577, 102642]"
112774,"[40054, 11422, 86208, 79902, 40986, 109072, 98984, 87803, 70160, 47459]"
112775,"[59072, 53630, 103051, 4864, 71017, 35472, 10871, 40115, 102708, 98470]"
112776,"[83224, 1638, 10633, 85276, 82180, 84607, 17857, 7965, 26928, 48554]"
112777,"[21990, 107476, 39363, 58517, 54982, 6967, 98225, 46259, 29941, 58558]"
112778,"[23087, 109594, 109324, 36628, 66066, 109740, 80597, 76424, 60767, 94581]"
112779,"[39544, 4281, 75110, 101726, 57114, 17151, 107781, 71322, 51514, 69652]"
112780,"[19918, 32972, 42236, 56252, 99093, 80268, 57990, 89668, 3336, 99405]"
112781,"[89671, 62627, 53400, 49497, 92843, 78670, 963, 99651, 53063, 106566]"
112782,"[88730, 20709, 57435, 6207, 94144, 60430, 11576, 81648, 79277, 35629]"
112783,"[28073, 80045, 28541, 8606, 56894, 32808, 28764, 85607, 58998, 56370]"
112784,"[45476, 12114, 48888, 82417, 72389, 45547, 55015, 82050, 19275, 15506]"
112785,"[76367, 65723, 44778, 91051, 46361, 54049, 29496, 45027, 2443, 42129]"
112786,"[21437, 107443, 64088, 86131, 81201, 93523, 31823, 69108, 48007, 60433]"
112787,"[66138, 87785, 65154, 4369, 3243, 49824, 8788, 26768, 1581, 87219]"
112788,"[102188, 28460, 33612, 107808, 59048, 70165, 50285, 43483, 64807, 89916]"
112789,"[48035, 36256, 30740, 42478, 77455, 38639, 40216, 28439, 44196, 8230]"
112790,"[23728, 88240, 71844, 3182, 106757, 50471, 19415, 71750, 82034, 55594]"
112791,"[72966, 10207, 67596, 105700, 22736, 66666, 51762, 99180, 34546, 8717]"
112792,"[30703, 49907, 33629, 2264, 66296, 105684, 1024, 88736, 81393, 27916]"
112793,"[83998, 60256, 4337, 2144, 9805, 30859, 89722, 97127, 44090, 50513]"
112794,"[30094, 3601, 13812, 16796, 78679, 106479, 38219, 45303, 59030, 17304]"
112795,"[30585, 2577, 95543, 90441, 72586, 58675, 37488, 57467, 90541, 50602]"
112796,"[66821, 35778, 105374, 13623, 22388, 60215, 86165, 14866, 35065, 4533]"
112797,"[33293, 64740, 1361, 58063, 40693, 48165, 87596, 65218, 26682, 91991]"
112798,"[80639, 18568, 56565, 32363, 34611, 91815, 53656, 44812, 34262, 87435]"
112799,"[80958, 30305, 62847, 1978, 109015, 60194, 87700, 28792, 74478, 54606]"
112800,"[5188, 64251, 42323, 41542, 35922, 12193, 7629, 98612, 90880, 104100]"
112801,"[40999, 65791, 44001, 42994, 11337, 98695, 60580, 73886, 53935, 29287]"
112802,"[53469, 10821, 4008, 36908, 103141, 57266, 72133, 88555, 106993, 93097]"
112803,"[6019, 20260, 35775, 11701, 36633, 105874, 104149, 23780, 847, 96367]"
112804,"[32811, 102797, 29534, 19010, 65650, 51758, 2483, 29999, 19201, 84572]"
112805,"[101220, 21900, 9384, 19665, 54656, 14958, 57989, 55398, 32745, 32556]"
112806,"[68667, 86634, 55710, 45735, 104600, 9768, 11870, 90270, 68237, 31565]"
112807,"[94691, 107955, 52921, 60640, 66812, 27278, 25951, 99816, 102554, 20441]"
112808,"[13815, 27958, 101250, 62192, 3213, 27762, 43534, 41147, 26610, 45242]"
112809,"[106467, 65407, 1050, 28232, 58850, 38061, 7657, 102657, 73853, 51658]"
112810,"[13244, 30015, 41031, 21686, 3246, 71131, 109173, 93243, 33477, 109119]"
112811,"[38105, 105943, 24080, 103288, 108331, 6960, 68798, 64720, 95925, 46970]"
112812,"[24160, 27218, 94438, 74981, 50836, 98231, 85357, 24361, 45757, 106978]"
112813,"[57186, 75023, 14326, 63369, 30136, 8349, 62208, 71061, 83536, 57517]"
112814,"[12433, 44483, 109084, 46088, 48836, 9735, 29314, 21158, 66302, 71562]"
112815,"[30671, 88833, 40406, 50072, 5879, 91771, 95661, 46172, 48032, 36200]"
112816,"[80436, 103816, 9840, 38408, 103937, 98070, 94593, 26632, 34599, 71330]"
112817,"[43517, 8340, 84765, 80945, 40909, 57944, 54511, 31532, 109623, 109280]"
112818,"[13918, 23837, 11646, 108679, 16428, 84945, 16389, 78329, 70313, 67491]"
112819,"[45878, 27977, 85743, 58780, 67547, 57243, 31384, 15915, 30422, 5101]"
112820,"[37825, 28017, 9723, 77045, 63271, 34470, 64402, 61382, 64439, 39644]"
112821,"[8707, 34811, 11844, 103731, 52907, 56899, 35482, 74782, 29591, 1946]"
112822,"[9379, 34875, 63140, 10195, 22530, 98469, 104237, 24088, 27521, 95659]"
112823,"[23922, 52891, 35493, 58143, 63412, 38262, 50627, 97493, 57087, 37460]"
112824,"[15690, 93380, 15053, 98360, 84659, 77891, 74996, 35682, 12891, 92198]"
112825,"[35562, 54256, 77047, 44255, 16185, 65014, 44953, 4364, 32791, 70930]"
112826,"[5723, 61363, 87658, 5976, 66916, 47135, 28189, 94065, 29997, 56471]"
112827,"[99658, 7629, 12193, 60729, 82066, 2654, 4241, 106794, 64371, 14100]"
112828,"[68776, 13686, 24203, 108577, 14942, 25817, 28835, 65777, 64214, 96410]"
112829,"[88444, 43160, 54022, 18894, 16866, 101231, 109158, 103375, 108654, 52248]"
112830,"[89029, 38313, 47356, 54552, 58904, 63601, 39807, 32175, 51888, 29315]"
112831,"[22478, 26285, 59090, 88576, 75598, 21542, 49119, 49765, 56332, 6213]"
112832,"[36071, 80961, 74590, 49069, 2629, 28478, 93253, 8438, 106457, 54682]"
112833,"[108277, 27633, 24945, 69664, 40926, 23277, 3732, 1928, 33278, 41256]"
112834,"[79108, 37449, 26046, 82974, 62512, 90283, 106105, 24691, 27461, 42792]"
112835,"[66180, 25993, 6165, 3300, 76166, 47671, 51351, 43893, 61875, 18247]"
112836,"[84551, 33433, 91821, 15331, 57286, 59662, 12744, 25998, 3478, 12979]"
112837,"[36482, 28016, 94241, 87813, 105393, 94059, 108154, 82695, 65620, 17861]"
112838,"[40292, 56611, 63233, 2245, 25804, 104574, 95800, 17242, 62310, 34908]"
112839,"[41927, 78694, 76684, 55453, 33753, 38376, 48586, 26913, 13782, 39933]"
112840,"[79381, 2826, 22508, 98074, 74429, 33676, 53004, 108920, 81099, 5750]"
112841,"[80448, 67843, 55205, 34683, 61387, 36325, 34700, 29622, 102541, 65894]"
112842,"[94183, 96813, 104614, 56552, 11327, 13426, 61321, 1814, 41094, 61040]"
112843,"[108126, 43642, 79063, 107277, 39787, 96622, 96584, 48765, 78403, 105061]"
112844,"[42285, 104357, 47213, 97095, 51929, 34281, 1940, 53641, 62464, 95804]"
112845,"[89601, 50769, 24612, 45603, 98897, 64822, 3372, 2410, 32898, 3970]"
112846,"[85682, 58944, 77068, 37968, 47030, 84738, 26443, 36438, 107633, 3116]"
112847,"[57042, 81091, 109654, 80305, 4630, 85853, 54978, 35238, 34003, 74957]"
112848,"[1939, 78820, 74018, 33812, 71333, 9048, 28976, 63480, 109635, 5282]"
112849,"[60466, 60915, 15180, 59081, 20472, 38152, 9909, 73464, 90703, 101789]"
112850,"[42347, 82578, 8115, 91288, 104245, 87779, 7540, 67780, 13731, 9407]"
112851,"[66391, 51105, 5118, 67828, 87960, 4031, 93113, 78019, 48382, 66205]"
112852,"[51151, 10154, 12591, 16770, 84452, 41368, 108017, 65061, 2827, 99269]"
112853,"[66770, 57232, 38896, 107777, 98072, 45845, 54382, 99746, 99942, 102329]"
112854,"[14154, 74590, 24925, 77450, 36071, 28270, 108743, 68042, 42846, 37886]"
112855,"[51416, 34837, 102250, 67402, 104745, 13768, 29730, 38716, 99685, 41488]"
112856,"[90774, 37704, 76375, 74579, 50692, 60159, 107488, 98654, 65412, 25694]"
112857,"[8583, 91431, 74268, 102047, 49556, 11345, 30163, 52252, 71406, 27502]"
112858,"[80301, 25729, 68293, 61667, 40042, 56395, 43015, 56751, 33147, 24022]"
112859,"[46164, 25882, 5892, 85695, 36978, 87188, 60145, 81888, 93605, 74736]"
112860,"[103109, 100189, 99057, 46831, 27478, 17520, 86015, 101608, 39911, 107240]"
112861,"[81217, 72646, 45712, 9150, 34426, 87452, 44377, 30205, 43366, 25670]"
112862,"[82021, 73885, 12534, 36002, 66162, 84417, 82818, 37188, 99053, 50733]"
112863,"[39313, 59200, 8980, 7857, 93288, 58922, 30534, 65582, 39864, 47797]"
112864,"[97867, 79384, 95310, 21773, 98336, 58655, 69542, 52090, 95885, 55359]"
112865,"[74143, 40132, 22314, 35628, 84085, 101657, 81743, 28739, 96546, 33738]"
112866,"[34647, 12576, 55538, 90738, 12578, 60860, 12976, 13890, 5953, 15514]"
112867,"[56764, 24065, 87528, 73143, 10945, 28850, 95944, 106387, 29737, 26055]"
112868,"[92196, 80148, 103819, 63707, 91717, 45052, 30733, 95705, 34160, 88515]"
112869,"[37992, 11444, 78362, 79732, 75965, 102379, 68379, 66632, 96607, 24634]"
112870,"[59127, 29570, 71065, 61003, 37128, 24430, 85618, 80386, 27114, 11037]"
112871,"[7576, 107824, 46916, 35894, 2701, 39673, 39199, 13824, 99363, 7916]"
112872,"[72658, 42764, 60305, 106392, 63481, 57169, 107909, 54190, 68514, 48399]"
112873,"[65815, 95296, 87772, 101795, 3786, 44879, 56821, 56020, 88790, 34758]"
112874,"[15408, 108912, 58225, 52644, 66301, 55360, 56496, 72830, 55562, 76499]"
112875,"[58338, 24000, 71809, 22657, 24275, 67683, 29984, 62049, 12419, 2780]"
112876,"[56328, 49949, 21665, 61650, 102156, 11873, 103716, 34602, 83690, 9301]"
112877,"[56129, 95426, 54541, 31112, 44331, 69843, 71867, 55520, 21783, 35016]"
112878,"[57577, 29739, 48067, 102698, 99936, 97966, 89761, 94579, 42241, 42231]"
112879,"[90884, 104867, 11550, 68531, 37773, 90885, 61979, 93216, 37963, 43182]"
112880,"[24636, 31258, 39094, 11575, 45448, 94626, 29921, 5151, 31520, 64266]"
112881,"[53210, 49425, 81193, 96623, 65514, 69378, 88126, 61948, 37959, 74207]"
112882,"[40565, 103956, 34024, 68288, 72784, 47706, 80514, 76729, 53351, 27343]"
112883,"[6300, 45736, 97954, 75159, 93122, 68268, 46600, 64706, 99018, 15896]"
112884,"[41061, 74425, 805, 86548, 60817, 403, 108343, 69270, 104977, 75239]"
112885,"[74257, 66016, 15216, 87025, 53668, 33841, 102121, 63014, 86896, 36664]"
112886,"[40681, 101350, 72022, 84860, 82292, 82834, 19327, 69590, 89645, 34105]"
112887,"[105921, 104427, 77107, 35348, 94463, 8377, 65124, 12958, 24347, 44051]"
112888,"[108278, 707, 49434, 97659, 94109, 2338, 31785, 97779, 86382, 75566]"
112889,"[22453, 13494, 38009, 74915, 34088, 63925, 48046, 25150, 75550, 48626]"
112890,"[57462, 16682, 95740, 80530, 60706, 4762, 16619, 55253, 67561, 79942]"
112891,"[75344, 103377, 100902, 52321, 4477, 41194, 76857, 45714, 62504, 94803]"
112892,"[37128, 64390, 71065, 29570, 35682, 22729, 85618, 24430, 15690, 15053]"
112893,"[18244, 101086, 51404, 6504, 90721, 55882, 73545, 54, 61859, 37334]"
112894,"[2183, 70156, 20853, 72538, 49038, 106658, 69763, 39591, 75527, 29688]"
112895,"[77615, 10075, 19173, 72090, 85523, 1744, 46796, 19491, 86631, 32477]"
112896,"[52251, 87924, 76630, 100726, 44757, 88385, 48425, 55809, 46192, 94929]"
112897,"[72100, 26771, 57622, 46895, 15652, 43599, 52364, 37713, 34550, 63356]"
112898,"[572, 107067, 4987, 8896, 18968, 109766, 70699, 99867, 88848, 56811]"
112899,"[17694, 31691, 93197, 28958, 62434, 60214, 81072, 38916, 44166, 26551]"
112900,"[24866, 67158, 9201, 39661, 46452, 21149, 87422, 82709, 79897, 40971]"
112901,"[53615, 61131, 83841, 101248, 101021, 39056, 96547, 62847, 67882, 7919]"
112902,"[48993, 105047, 26028, 36768, 90357, 71916, 54184, 16075, 25119, 43956]"
112903,"[67783, 51513, 103292, 17416, 14884, 40430, 74594, 86674, 80499, 11372]"
112904,"[53594, 97296, 34058, 16783, 7800, 13177, 62957, 56362, 107801, 19274]"
112905,"[62388, 61113, 70795, 57441, 11232, 30581, 17441, 60181, 71635, 101450]"
112906,"[80126, 14166, 59340, 66967, 6176, 25035, 40710, 26686, 46268, 39728]"
112907,"[63840, 69675, 66811, 30045, 12319, 43796, 14842, 11217, 23789, 37592]"
112908,"[52370, 52209, 21611, 95089, 27322, 36674, 71741, 73960, 42247, 32057]"
112909,"[75832, 67093, 100838, 57992, 3395, 46326, 1054, 25788, 82005, 22431]"
112910,"[97018, 94257, 39829, 51411, 70489, 9346, 76439, 32156, 63356, 25867]"
112911,"[72093, 70151, 47924, 96582, 73058, 32241, 43837, 23820, 61535, 80655]"
112912,"[62044, 51396, 37452, 13360, 8534, 82116, 106054, 33506, 84560, 50972]"
112913,"[39379, 46047, 94771, 65127, 102414, 4702, 77929, 31549, 50683, 84786]"
112914,"[4565, 86145, 20560, 23629, 93702, 10843, 20172, 5296, 1735, 96186]"
112915,"[58608, 67279, 16612, 7503, 18883, 23769, 75022, 30537, 76689, 40287]"
112916,"[13393, 49494, 28800, 54095, 48560, 22630, 66306, 69236, 38144, 92334]"
112917,"[57266, 36389, 81238, 49345, 20547, 27816, 71684, 57963, 66623, 87631]"
112918,"[49399, 64023, 43301, 65871, 49648, 56455, 35935, 90103, 72997, 67373]"
112919,"[9857, 72356, 79962, 60382, 78163, 96387, 45558, 100713, 47192, 95594]"
112920,"[15022, 104336, 81158, 22364, 90147, 40833, 5544, 106250, 969, 15542]"
112921,"[28747, 5084, 63425, 103319, 34370, 46964, 35934, 61505, 86388, 41497]"
112922,"[64878, 30484, 62580, 71001, 25079, 84566, 79407, 77670, 27432, 9051]"
112923,"[106240, 100668, 74467, 27262, 15778, 106842, 73252, 66427, 1065, 100306]"
112924,"[60323, 90491, 73960, 17094, 26644, 93802, 64527, 88464, 108076, 48534]"
112925,"[106094, 7245, 19864, 52954, 33208, 3364, 47754, 65532, 61292, 64689]"
112926,"[14467, 11426, 90532, 89233, 108291, 23274, 83028, 77543, 80600, 99644]"
112927,"[99280, 19670, 48333, 5606, 72601, 100413, 54101, 27854, 90921, 95491]"
112928,"[55535, 101267, 21717, 13111, 20610, 28592, 11791, 106363, 38303, 89719]"
112929,"[55517, 37710, 76622, 77506, 11614, 86552, 29919, 60334, 22298, 55297]"
112930,"[103630, 78938, 62882, 70507, 64818, 56742, 15450, 87152, 95219, 27469]"
112931,"[5761, 49855, 75856, 15421, 36861, 30150, 34252, 88375, 48585, 80012]"
112932,"[47228, 18277, 73722, 78547, 77983, 29190, 10279, 32122, 53590, 56419]"
112933,"[38088, 54287, 11616, 31781, 46220, 94635, 100686, 101596, 97145, 47503]"
112934,"[20198, 811, 17763, 76364, 104166, 107171, 87826, 61018, 41073, 69923]"
112935,"[102254, 77143, 10482, 37985, 40504, 23672, 23970, 48673, 28660, 13137]"
112936,"[2346, 7964, 29547, 87881, 65549, 55650, 90723, 29982, 6074, 71616]"
112937,"[45053, 392, 49142, 98043, 29522, 81593, 73416, 19852, 37084, 66911]"
112938,"[50779, 61951, 32911, 99462, 78914, 94136, 13158, 72967, 40726, 17593]"
112939,"[40703, 57009, 107393, 22139, 52594, 26422, 2558, 51877, 61831, 67473]"
112940,"[109496, 78093, 42761, 97047, 109070, 40468, 102041, 82859, 107755, 15496]"
112941,"[26866, 98843, 65058, 47357, 86018, 46297, 82775, 29193, 53921, 76280]"
112942,"[102797, 32811, 51758, 29534, 62414, 31889, 5915, 82352, 25426, 19010]"
112943,"[21448, 52800, 23507, 15774, 90454, 12837, 18416, 56081, 95195, 76985]"
112944,"[68713, 55793, 66214, 42796, 47353, 39657, 104365, 5295, 610, 11462]"
112945,"[15363, 84544, 2139, 103847, 41365, 92187, 56189, 103973, 24042, 43670]"
112946,"[53341, 36605, 86236, 92476, 57445, 2471, 58969, 98089, 29821, 80164]"
112947,"[60017, 18136, 42915, 54925, 10085, 73992, 90920, 46159, 76891, 65009]"
112948,"[87450, 13448, 64711, 64364, 15868, 46351, 37628, 35905, 27389, 23231]"
112949,"[4745, 22681, 64304, 48998, 109767, 76396, 41391, 109697, 42325, 46470]"
112950,"[69775, 19335, 100694, 85550, 16648, 92218, 50091, 33714, 101017, 58804]"
112951,"[68252, 32966, 87486, 29299, 43101, 95538, 4822, 90099, 33504, 54628]"
112952,"[22979, 18326, 40192, 32815, 32329, 86821, 73931, 35138, 50593, 5009]"
112953,"[82883, 50156, 66755, 85199, 76402, 99538, 70129, 56349, 103670, 1221]"
112954,"[59286, 15237, 70869, 50886, 29639, 16939, 9353, 102898, 56183, 2620]"
112955,"[4411, 97228, 8612, 33213, 78690, 34140, 108149, 32486, 16699, 31308]"
112956,"[102831, 36543, 37872, 34770, 104140, 929, 74882, 85321, 54714, 97565]"
112957,"[53552, 15599, 97523, 58462, 19107, 19028, 87903, 74082, 7552, 21918]"
112958,"[31786, 24441, 82600, 85225, 5198, 49848, 97081, 30798, 65182, 18048]"
112959,"[106535, 9824, 73051, 57310, 34076, 41787, 72939, 82933, 95496, 79777]"
112960,"[14681, 105201, 50347, 40787, 41035, 30651, 53584, 73528, 103772, 21940]"
112961,"[108095, 11749, 72965, 101711, 37901, 94587, 19872, 87432, 46349, 24728]"
112962,"[16101, 24080, 64720, 46970, 798, 60526, 95459, 77777, 67671, 90013]"
112963,"[60012, 83935, 9446, 96077, 72504, 60434, 32821, 60890, 45820, 39027]"
112964,"[60631, 42218, 3136, 5957, 44606, 38765, 92045, 48903, 48541, 51364]"
112965,"[93092, 39985, 525, 65614, 54430, 107015, 2938, 29013, 71127, 20114]"
112966,"[105059, 38568, 102503, 46261, 65163, 61595, 23742, 5937, 51019, 41549]"
112967,"[102422, 80923, 32392, 68872, 20543, 34274, 38093, 4232, 36102, 13941]"
112968,"[35253, 98540, 20050, 53128, 30005, 69332, 70665, 68700, 70651, 54172]"
112969,"[47687, 25216, 86654, 14112, 4459, 44913, 103935, 6476, 85068, 68697]"
112970,"[62531, 24492, 86202, 73831, 8324, 103140, 104066, 8867, 26949, 25810]"
112971,"[279, 8485, 17087, 27698, 59611, 55408, 2679, 50346, 66249, 30821]"
112972,"[29525, 84878, 99382, 14961, 28593, 18072, 5508, 3351, 6346, 69583]"
112973,"[91174, 43013, 17196, 103900, 12504, 42173, 96175, 5706, 75183, 34564]"
112974,"[82708, 55215, 30950, 55520, 48832, 16210, 81374, 8684, 60780, 28749]"
112975,"[13674, 82061, 77066, 57199, 24574, 59063, 93637, 48193, 8269, 60554]"
112976,"[64941, 23548, 100961, 59717, 76943, 81996, 70115, 28965, 2933, 72175]"
112977,"[96656, 15285, 8552, 52601, 40958, 72511, 17115, 28197, 15136, 24064]"
112978,"[18443, 8642, 77568, 41266, 75094, 105110, 32727, 95591, 80407, 23843]"
112979,"[108839, 62278, 5246, 2558, 65278, 40703, 57009, 51457, 84429, 32778]"
112980,"[57858, 82412, 107308, 36557, 74492, 81595, 21065, 75533, 61429, 73723]"
112981,"[90817, 9929, 107906, 62776, 16942, 39484, 20304, 19700, 46885, 62571]"
112982,"[47235, 31946, 55717, 37426, 49309, 19699, 99899, 74854, 48970, 17013]"
112983,"[15623, 650, 97691, 24268, 11358, 45969, 1684, 108957, 92149, 17202]"
112984,"[69576, 84299, 50279, 20201, 108553, 109746, 6746, 73896, 11273, 86082]"
112985,"[24508, 32618, 4429, 56207, 20248, 95555, 14997, 39118, 72378, 99968]"
112986,"[42857, 53146, 58728, 41558, 9683, 25178, 15075, 68951, 82234, 55186]"
112987,"[46651, 63671, 99640, 20010, 47762, 102049, 84546, 84289, 58865, 60987]"
112988,"[63641, 88587, 64774, 16822, 63961, 101491, 98475, 84510, 39929, 98142]"
112989,"[28020, 27257, 14593, 8742, 63442, 91596, 19588, 54790, 58019, 93833]"
112990,"[65532, 97152, 56481, 47754, 71007, 106021, 61292, 75157, 82739, 83359]"
112991,"[48157, 22564, 78674, 69153, 58835, 321, 62708, 38299, 26042, 76270]"
112992,"[14100, 4241, 17679, 77800, 88822, 58711, 99658, 94348, 60729, 106537]"
112993,"[61228, 22958, 72432, 69597, 4953, 52137, 70710, 107716, 57238, 49440]"
112994,"[57579, 41007, 77148, 48535, 11100, 84159, 67169, 45464, 45882, 31467]"
112995,"[17004, 93852, 104195, 81831, 31854, 22412, 75998, 78360, 15829, 104591]"
112996,"[8893, 13915, 41306, 85723, 35150, 77188, 58548, 23724, 101855, 66914]"
112997,"[19235, 35456, 66548, 100811, 27292, 60283, 47572, 53281, 88732, 108290]"
112998,"[87704, 107417, 28654, 98240, 59276, 68022, 49848, 82302, 65182, 17164]"
112999,"[70790, 4349, 24128, 105815, 108887, 57203, 1052, 23954, 75333, 78241]"
113000,"[94459, 3158, 1264, 102650, 104829, 74988, 93638, 11282, 611, 50743]"
113001,"[50435, 75581, 77278, 78365, 24789, 76733, 11042, 69633, 5988, 95948]"
113002,"[41182, 14171, 74026, 33190, 81705, 61627, 23597, 96786, 65633, 7570]"
113003,"[74643, 79273, 91760, 28416, 85069, 13847, 72377, 64241, 49349, 80312]"
113004,"[25055, 78813, 27843, 52988, 35168, 5433, 22581, 49282, 14848, 98307]"
113005,"[93803, 76274, 98579, 91907, 30016, 99666, 76313, 17252, 104700, 52053]"
113006,"[45569, 29714, 15367, 88801, 57545, 70210, 87698, 87725, 26440, 68129]"
113007,"[44100, 3149, 2360, 39740, 49929, 56443, 91390, 106719, 18153, 14354]"
113008,"[69777, 97805, 56489, 37582, 73577, 37563, 14392, 71686, 38095, 40005]"
113009,"[1397, 23715, 30612, 41426, 31763, 80413, 77359, 42470, 39339, 11292]"
113010,"[104767, 88619, 47271, 20700, 37220, 85462, 92451, 47314, 20507, 98675]"
113011,"[27913, 96779, 33069, 73905, 12959, 38322, 62599, 49154, 53551, 30044]"
113012,"[67445, 2997, 10161, 42890, 34388, 77980, 36318, 80175, 36225, 3366]"
113013,"[106301, 22960, 27557, 58730, 6061, 25083, 101729, 86187, 55557, 5437]"
113014,"[76140, 35372, 48320, 47338, 32705, 62986, 58048, 73945, 87993, 80040]"
113015,"[103196, 74002, 107517, 29980, 100833, 44512, 87216, 60999, 104538, 13078]"
113016,"[10119, 40811, 31012, 75853, 43361, 65975, 59285, 100483, 106621, 56612]"
113017,"[66829, 840, 41999, 33051, 87373, 36861, 108282, 88375, 30150, 48585]"
113018,"[101457, 22654, 33750, 27707, 53191, 102403, 27324, 100587, 17823, 69334]"
113019,"[14721, 7717, 90876, 18563, 8722, 47074, 9431, 100521, 52197, 95792]"
113020,"[32189, 92812, 37505, 50202, 39692, 84352, 44546, 39213, 7652, 68070]"
113021,"[36421, 77491, 37408, 50464, 49315, 46566, 8254, 61998, 42110, 82887]"
113022,"[98054, 106504, 43564, 9281, 29603, 107610, 19080, 53603, 57459, 45908]"
113023,"[17840, 72577, 53941, 82343, 68430, 62860, 42089, 53866, 90228, 65827]"
113024,"[13763, 105795, 1448, 66326, 96046, 46185, 64422, 37116, 14123, 37681]"
113025,"[73479, 83656, 6880, 48244, 63211, 45018, 44596, 93400, 15027, 103513]"
113026,"[97378, 29323, 39368, 23527, 93493, 12980, 68504, 11228, 63022, 97209]"
113027,"[15912, 25169, 51862, 31690, 103345, 28467, 93924, 41360, 82504, 38069]"
113028,"[43033, 20677, 58930, 94797, 2608, 102139, 54715, 25929, 109402, 63032]"
113029,"[51879, 100628, 2280, 1762, 51750, 29257, 87748, 41797, 18148, 34064]"
113030,"[75522, 17742, 67138, 42085, 1890, 6314, 44289, 105978, 88608, 89349]"
113031,"[49041, 33333, 12396, 90697, 25770, 67045, 51509, 100747, 62512, 59646]"
113032,"[96805, 54797, 22048, 97743, 33775, 7657, 85095, 19680, 108477, 27017]"
113033,"[71700, 61332, 45819, 102918, 54441, 79361, 51018, 32699, 17245, 10304]"
113034,"[62867, 34334, 10328, 12336, 64976, 1865, 29996, 1685, 23957, 2637]"
113035,"[54353, 81627, 12212, 84000, 21900, 27472, 19665, 95745, 14697, 42442]"
113036,"[23399, 10770, 27301, 85380, 50074, 88364, 89027, 67271, 77071, 60491]"
113037,"[15304, 53387, 105116, 9406, 53568, 5224, 99109, 107296, 31548, 80804]"
113038,"[28197, 91264, 15285, 8552, 95483, 105352, 72511, 14197, 42549, 569]"
113039,"[85459, 44649, 77805, 90432, 63834, 11865, 38204, 49620, 89003, 99058]"
113040,"[57686, 101777, 31247, 43643, 53276, 58365, 35952, 87112, 102452, 44858]"
113041,"[74045, 74807, 54994, 90300, 87174, 89127, 59065, 28356, 26126, 1349]"
113042,"[42476, 83569, 45602, 32858, 32063, 91315, 1535, 79655, 99534, 104588]"
113043,"[23806, 74876, 45739, 8725, 27009, 99595, 41961, 47127, 107591, 62045]"
113044,"[28090, 24376, 64302, 2165, 15003, 30251, 7328, 96584, 62602, 107277]"
113045,"[17413, 32183, 48786, 101357, 93263, 67808, 98006, 31283, 66808, 44551]"
113046,"[21764, 40896, 73613, 79211, 33373, 12670, 65160, 51949, 37461, 78059]"
113047,"[4746, 68252, 32966, 43101, 96210, 74815, 87486, 4822, 33504, 60086]"
113048,"[66562, 102037, 6147, 27822, 532, 60010, 28301, 93075, 51979, 47096]"
113049,"[45624, 80779, 108086, 783, 47552, 105579, 33237, 58618, 102459, 85132]"
113050,"[99203, 16663, 62386, 36018, 55419, 35033, 44415, 24294, 96408, 44301]"
113051,"[47946, 55935, 19346, 42749, 72296, 7182, 50897, 49382, 107699, 21649]"
113052,"[109248, 28169, 1411, 89466, 67116, 92819, 46379, 4523, 99184, 54278]"
113053,"[20689, 46485, 70294, 568, 56999, 81582, 89535, 67338, 83163, 53878]"
113054,"[91288, 8115, 103370, 55660, 42347, 77672, 107706, 94606, 16702, 87779]"
113055,"[31545, 25413, 27459, 53429, 98481, 71213, 58334, 59527, 108735, 34000]"
113056,"[9432, 50716, 41012, 102189, 21592, 72718, 86164, 80784, 45211, 64034]"
113057,"[87369, 76058, 20201, 7835, 103470, 9789, 2189, 39182, 39977, 80791]"
113058,"[56985, 32401, 30667, 63869, 27491, 26786, 26669, 90, 7941, 81595]"
113059,"[106380, 91598, 57599, 26614, 52171, 103106, 14050, 59123, 43233, 100936]"
113060,"[10555, 77273, 20881, 22366, 4393, 52693, 91894, 77517, 56841, 76742]"
113061,"[13929, 17768, 460, 15537, 6776, 80196, 98209, 46704, 84709, 73529]"
113062,"[46415, 15495, 9329, 35771, 104013, 107386, 64107, 33804, 30122, 48359]"
113063,"[101611, 102268, 21441, 28399, 6335, 44068, 64973, 9351, 62138, 67986]"
113064,"[29515, 32421, 21710, 46300, 25579, 83132, 92829, 1287, 82234, 12296]"
113065,"[48291, 96647, 90568, 18206, 11640, 91868, 25047, 31319, 77324, 44425]"
113066,"[58731, 90954, 26606, 42249, 41027, 34433, 22990, 5152, 71398, 96949]"
113067,"[82218, 48940, 38195, 32580, 102025, 60175, 52041, 11838, 66432, 3320]"
113068,"[38567, 52737, 92825, 15132, 58904, 70995, 63791, 59086, 1473, 57308]"
113069,"[80145, 20617, 78973, 97970, 67078, 24299, 25870, 25324, 44950, 35737]"
113070,"[33202, 43436, 77881, 39650, 11771, 26972, 56061, 65950, 59758, 67797]"
113071,"[40245, 83572, 23689, 66637, 43261, 41965, 73800, 20055, 108629, 2804]"
113072,"[78965, 17873, 10127, 11723, 84489, 56407, 62064, 101178, 82701, 4077]"
113073,"[62218, 40958, 64636, 68311, 95483, 35872, 15285, 8552, 93303, 105352]"
113074,"[35022, 45416, 75016, 47911, 107563, 68299, 82059, 68702, 45786, 26007]"
113075,"[4462, 7470, 92029, 13468, 23983, 19796, 101400, 27331, 55553, 44767]"
113076,"[91748, 31325, 89140, 18446, 16632, 33644, 66109, 105996, 71777, 93652]"
113077,"[70078, 4447, 11112, 87515, 95686, 51602, 35031, 52815, 86533, 70547]"
113078,"[17574, 69485, 5693, 82319, 73142, 39542, 28898, 101748, 64726, 29471]"
113079,"[19186, 92702, 70037, 102387, 31633, 104798, 11335, 36005, 15757, 104641]"
113080,"[33098, 76652, 96287, 81812, 103153, 107150, 97269, 20553, 54170, 52763]"
113081,"[101457, 55616, 21671, 55495, 22634, 27707, 92974, 54483, 101977, 57467]"
113082,"[17730, 93494, 58758, 49657, 41913, 107894, 108370, 62893, 71383, 98291]"
113083,"[16272, 106030, 64478, 41185, 105669, 101789, 70619, 106363, 17937, 95344]"
113084,"[17721, 101730, 24145, 20805, 21930, 36972, 102054, 53406, 40908, 84262]"
113085,"[85491, 42592, 16361, 106175, 37717, 92925, 60176, 78027, 46032, 54665]"
113086,"[21634, 85817, 11019, 101805, 34583, 23039, 33410, 97861, 36159, 72433]"
113087,"[84960, 71722, 82029, 82167, 28811, 99353, 40113, 62371, 88478, 42893]"
113088,"[31538, 4860, 45954, 70457, 34448, 96577, 28213, 45683, 60848, 37113]"
113089,"[102183, 49410, 21941, 71221, 105343, 39538, 46243, 91070, 82037, 49717]"
113090,"[108404, 49427, 32321, 89647, 85920, 41936, 97915, 47637, 16710, 36066]"
113091,"[104637, 47442, 97681, 61413, 30243, 95838, 65833, 58026, 101774, 41162]"
113092,"[104494, 87191, 59085, 13027, 2279, 56607, 44716, 38971, 75753, 36218]"
113093,"[30509, 81416, 88962, 99811, 20264, 47010, 96222, 97459, 23261, 1731]"
113094,"[9556, 58795, 59501, 83756, 9774, 34286, 59588, 74257, 66016, 69014]"
113095,"[26494, 76994, 81454, 59281, 104692, 77536, 54839, 71331, 28689, 4548]"
113096,"[19495, 104657, 31322, 57525, 35758, 65875, 39576, 44867, 8086, 29681]"
113097,"[37955, 94703, 34885, 76425, 9538, 39997, 92797, 98962, 74062, 104295]"
113098,"[7284, 101253, 56788, 94422, 48452, 67350, 20359, 55825, 2341, 6315]"
113099,"[108366, 80269, 55150, 82728, 19191, 103136, 64050, 25497, 104359, 38747]"
113100,"[100591, 103872, 17539, 89295, 6710, 95402, 7737, 106130, 54346, 103472]"
113101,"[12842, 61906, 67013, 40160, 74804, 34460, 50152, 30287, 102755, 33866]"
113102,"[55153, 52921, 45004, 45685, 79661, 79313, 107762, 60746, 107955, 66812]"
113103,"[44522, 97256, 43070, 42635, 107718, 23349, 51284, 54139, 62745, 6948]"
113104,"[37035, 92334, 29269, 42008, 74299, 80625, 41956, 43419, 66278, 20598]"
113105,"[59906, 99019, 29740, 65608, 69519, 106635, 30889, 85064, 102967, 92652]"
113106,"[45498, 39874, 84522, 29902, 78677, 45414, 77343, 91211, 43417, 2554]"
113107,"[34963, 89285, 46751, 94610, 49863, 53074, 83542, 2928, 40877, 14474]"
113108,"[49807, 70192, 40728, 11435, 14125, 51207, 17815, 70158, 58852, 8901]"
113109,"[54081, 21041, 85073, 79035, 60258, 82340, 104603, 72785, 13275, 37215]"
113110,"[45522, 9302, 45128, 47890, 14726, 37869, 17437, 9534, 90104, 92098]"
113111,"[93236, 64319, 96832, 52362, 35022, 98430, 12030, 27312, 7661, 22043]"
113112,"[103933, 49409, 67007, 42930, 70971, 33320, 47343, 58648, 50509, 69637]"
113113,"[55613, 92108, 1622, 108363, 79858, 84649, 78998, 17135, 59999, 67366]"
113114,"[92677, 24474, 63119, 78950, 3013, 49747, 59210, 54782, 46210, 62122]"
113115,"[49990, 98196, 94507, 99379, 35108, 82246, 47147, 41508, 66947, 106570]"
113116,"[94266, 18434, 18734, 41739, 102942, 88536, 64726, 27886, 102456, 109656]"
113117,"[84083, 1795, 77381, 43160, 54022, 60247, 65629, 93161, 38445, 101311]"
113118,"[92912, 5714, 102872, 38760, 74084, 33505, 92975, 53158, 60808, 74728]"
113119,"[107009, 39179, 49885, 86297, 46397, 8143, 64092, 57278, 25512, 84301]"
113120,"[80132, 18492, 8605, 8129, 83268, 100560, 69354, 5691, 75465, 38746]"
113121,"[74398, 88285, 57931, 42657, 40636, 86798, 53937, 6374, 14801, 103454]"
113122,"[33705, 52703, 61531, 56269, 10434, 47398, 77693, 69123, 93104, 22461]"
113123,"[75872, 60392, 48568, 14175, 25711, 66555, 98570, 74843, 35430, 58769]"
113124,"[50064, 2284, 99883, 26901, 79380, 49921, 1151, 108407, 39667, 26631]"
113125,"[18730, 92790, 99133, 8951, 49350, 89775, 27395, 34663, 13059, 52350]"
113126,"[76389, 77335, 72107, 17750, 6788, 57534, 24798, 35245, 58743, 52686]"
113127,"[45754, 10551, 56012, 17189, 81176, 43501, 1053, 98995, 74937, 64272]"
113128,"[94293, 73583, 109524, 73863, 29450, 32200, 60424, 45590, 66793, 67139]"
113129,"[7131, 30306, 56051, 48686, 61956, 37522, 35946, 107146, 44495, 62942]"
113130,"[105959, 75998, 31854, 22412, 100597, 44568, 107584, 77237, 17004, 55959]"
113131,"[37516, 22949, 18835, 1682, 5774, 108996, 19181, 95019, 105790, 66696]"
113132,"[82371, 88939, 72657, 31727, 75964, 62924, 83751, 8619, 88796, 50020]"
113133,"[17997, 13771, 30749, 81699, 84828, 109516, 105751, 4462, 76960, 55371]"
113134,"[38548, 98073, 68053, 102543, 39963, 23813, 86793, 79874, 20704, 106632]"
113135,"[76166, 4189, 25993, 18942, 66180, 63262, 6165, 66318, 72205, 107889]"
113136,"[98349, 30983, 101155, 37702, 103488, 31451, 14787, 63868, 49961, 28194]"
113137,"[13792, 17282, 19051, 55794, 101913, 62540, 77463, 43026, 48550, 21372]"
113138,"[72518, 55565, 97260, 47903, 52540, 40924, 69435, 66472, 82403, 45597]"
113139,"[65717, 94241, 21137, 81586, 109390, 82695, 17861, 28127, 43955, 65620]"
113140,"[99076, 13376, 71106, 5955, 50236, 44840, 80535, 107401, 47550, 77922]"
113141,"[42129, 17053, 65723, 50808, 49670, 32433, 2443, 73864, 95306, 3857]"
113142,"[73109, 79193, 108055, 9816, 45995, 55791, 20337, 108749, 80682, 18688]"
113143,"[98690, 19249, 20948, 5762, 40415, 22049, 97258, 54508, 79635, 101074]"
113144,"[64163, 95821, 46110, 68271, 36790, 16390, 21444, 36062, 44308, 49615]"
113145,"[25529, 94414, 95047, 26575, 68057, 91435, 99985, 104083, 6759, 2657]"
113146,"[55905, 42004, 9984, 32041, 66599, 105645, 48020, 26527, 34343, 13395]"
113147,"[33084, 100089, 47128, 52181, 103984, 834, 32269, 19397, 95463, 8871]"
113148,"[106085, 45750, 42942, 80648, 58039, 68663, 90072, 95332, 74033, 56746]"
113149,"[33454, 30203, 94341, 94022, 73420, 4397, 57314, 38553, 13057, 28001]"
113150,"[19366, 4276, 109437, 98140, 73993, 95086, 8853, 52634, 95605, 18481]"
113151,"[40698, 22041, 24494, 66447, 60239, 93510, 98242, 30128, 30385, 52087]"
113152,"[79476, 12969, 91968, 45577, 93497, 15498, 95788, 94118, 23215, 18018]"
113153,"[73722, 36274, 47228, 8544, 109267, 68655, 80443, 85337, 12295, 61270]"
113154,"[50024, 92600, 101322, 30992, 52735, 51741, 55406, 55093, 100358, 83800]"
113155,"[21170, 64284, 82543, 32887, 98441, 72128, 41226, 72723, 47618, 49724]"
113156,"[39698, 100580, 46856, 26236, 27880, 41555, 94053, 6483, 106381, 59810]"
113157,"[80654, 76335, 65045, 6227, 51706, 13750, 38509, 48864, 89114, 51361]"
113158,"[46583, 4231, 89139, 27852, 11053, 47346, 105067, 49992, 35479, 9299]"
113159,"[89589, 11059, 88077, 5626, 53771, 24525, 32995, 88601, 4103, 67540]"
113160,"[61174, 32409, 104976, 5651, 8066, 102433, 6543, 84819, 2134, 65940]"
113161,"[100438, 10326, 97758, 6081, 28094, 68388, 96262, 4992, 275, 40175]"
113162,"[90077, 42345, 16314, 51299, 97704, 82941, 109456, 18573, 79359, 83367]"
113163,"[109588, 10775, 91305, 101711, 108375, 58455, 6579, 23166, 486, 25161]"
113164,"[69151, 59947, 30582, 26477, 86799, 17200, 103000, 97550, 90792, 86469]"
113165,"[88733, 73551, 63937, 20825, 14182, 16798, 37291, 109115, 13620, 34051]"
113166,"[22295, 61545, 4731, 96942, 45460, 44464, 10233, 83428, 50484, 70960]"
113167,"[75092, 32737, 77614, 83335, 43694, 69122, 81012, 30382, 40127, 72000]"
113168,"[54693, 105820, 89871, 71185, 10238, 71125, 61158, 43520, 65688, 54708]"
113169,"[70940, 13878, 11344, 31060, 8013, 90916, 22937, 83975, 91161, 51370]"
113170,"[15400, 104802, 39166, 84802, 81075, 87502, 31639, 100362, 65844, 54140]"
113171,"[19549, 39110, 89769, 53951, 29569, 50076, 54738, 65341, 7874, 14969]"
113172,"[44523, 25314, 108399, 99049, 94048, 10016, 64175, 55758, 15238, 45961]"
113173,"[100869, 79317, 44141, 100346, 365, 78677, 48330, 104558, 102781, 39919]"
113174,"[41386, 10261, 20828, 54843, 80642, 49786, 93108, 65189, 28435, 103682]"
113175,"[96843, 84382, 1047, 40048, 93988, 56074, 59689, 95183, 88408, 54648]"
113176,"[9979, 87218, 87649, 24402, 37804, 93377, 2727, 74794, 66091, 33057]"
113177,"[4638, 79588, 69097, 91219, 55730, 51869, 74941, 2550, 57721, 98983]"
113178,"[10496, 62685, 92037, 56599, 88635, 84274, 96495, 43035, 55728, 9252]"
113179,"[106447, 94959, 33910, 66093, 86353, 103936, 15465, 106825, 42365, 64144]"
113180,"[83259, 68545, 67102, 81919, 21459, 49649, 77640, 51154, 72937, 103795]"
113181,"[49685, 5472, 63732, 90107, 72376, 31298, 15579, 43156, 49135, 65281]"
113182,"[14153, 91463, 51479, 55592, 19533, 15409, 25767, 50198, 93647, 16302]"
113183,"[103443, 84051, 9558, 100719, 91292, 16174, 9811, 84222, 96017, 31989]"
113184,"[36888, 34992, 2165, 48538, 48195, 79428, 24914, 4891, 75607, 35990]"
113185,"[19107, 37819, 6205, 103886, 61427, 65937, 58462, 18705, 73290, 87903]"
113186,"[75699, 75319, 32373, 61273, 7096, 15415, 11882, 95238, 86291, 79079]"
113187,"[38962, 32611, 97595, 92705, 107245, 50581, 96991, 28697, 5994, 4653]"
113188,"[45137, 2473, 84657, 81838, 33263, 87898, 71731, 57476, 93534, 49254]"
113189,"[56945, 22610, 33466, 102132, 73437, 48504, 14861, 84540, 10449, 43506]"
113190,"[62969, 23291, 93830, 82897, 34966, 67621, 102617, 78604, 70157, 17693]"
113191,"[72694, 4383, 85756, 67010, 27228, 102371, 53237, 82715, 56416, 97100]"
113192,"[78121, 22254, 100073, 34613, 43845, 52958, 14765, 35944, 50789, 32537]"
113193,"[104620, 50755, 33579, 79707, 35545, 45917, 70566, 55809, 82859, 636]"
113194,"[9090, 7377, 35136, 19149, 99085, 32575, 70240, 27315, 96976, 91528]"
113195,"[91902, 92252, 10110, 43217, 74786, 15391, 87659, 4287, 76685, 56119]"
113196,"[87009, 36005, 104641, 88918, 27174, 77585, 67522, 109628, 66351, 102915]"
113197,"[95327, 33782, 56487, 34480, 14168, 101555, 77992, 16259, 100317, 108062]"
113198,"[29250, 92766, 91089, 65799, 22356, 54948, 7231, 66921, 87410, 77852]"
113199,"[10539, 3888, 75449, 18628, 94740, 28023, 65378, 99730, 67058, 16987]"
113200,"[100780, 102647, 35008, 17701, 107904, 2167, 83052, 47151, 41016, 46462]"
113201,"[30464, 103178, 29413, 11187, 27513, 9743, 33270, 102688, 12560, 89497]"
113202,"[36254, 1481, 80533, 107138, 3227, 36344, 20466, 7220, 38569, 63693]"
113203,"[30813, 74781, 61281, 107761, 41702, 56339, 86343, 4994, 75751, 17556]"
113204,"[3656, 46933, 64393, 35120, 7100, 45402, 32988, 105721, 51819, 27018]"
113205,"[37683, 44546, 39213, 33222, 32505, 32189, 86027, 73738, 71267, 56315]"
113206,"[90323, 35354, 19084, 73422, 78014, 38897, 70444, 14749, 56287, 60039]"
113207,"[107059, 16097, 97088, 79168, 2326, 51329, 99419, 12808, 49222, 52783]"
113208,"[99645, 2774, 56608, 107459, 103520, 24037, 62450, 50810, 100300, 50908]"
113209,"[67282, 17753, 3233, 104522, 91045, 87346, 46300, 18404, 47033, 96791]"
113210,"[65054, 54200, 5096, 1554, 75926, 36413, 38418, 32747, 59721, 5098]"
113211,"[974, 18019, 90054, 52058, 70517, 44066, 96363, 25924, 88921, 20470]"
113212,"[67591, 61334, 101431, 84568, 98356, 68196, 53354, 30766, 17719, 71656]"
113213,"[66185, 14421, 76873, 74168, 96109, 51737, 38321, 68453, 17657, 28946]"
113214,"[69794, 31265, 82104, 105287, 100362, 99826, 61907, 25884, 34559, 78006]"
113215,"[78442, 99737, 3949, 42925, 30686, 41631, 74473, 8308, 51981, 16811]"
113216,"[13226, 60049, 33141, 72565, 13434, 7377, 62157, 54103, 72420, 24357]"
113217,"[9316, 30327, 5232, 48716, 66759, 3716, 2090, 37636, 59253, 2578]"
113218,"[77718, 78197, 32601, 62286, 29025, 11080, 36993, 100478, 1392, 69881]"
113219,"[62295, 2403, 85313, 47465, 107590, 90127, 13596, 12353, 95250, 21968]"
113220,"[54409, 87682, 91152, 38424, 17969, 56750, 88461, 61319, 76751, 50160]"
113221,"[60667, 29914, 52056, 11300, 80154, 5758, 92223, 105254, 42578, 20712]"
113222,"[74109, 107963, 51592, 33443, 46807, 92839, 96533, 49176, 233, 10049]"
113223,"[61534, 15606, 80761, 38756, 74930, 55081, 58263, 36073, 40018, 109775]"
113224,"[1374, 99296, 91739, 23113, 105136, 96114, 28237, 54568, 13437, 35598]"
113225,"[33749, 57055, 13408, 23950, 100987, 72928, 101912, 99045, 95513, 29832]"
113226,"[107858, 49899, 54593, 93251, 106308, 28080, 55818, 109772, 66851, 26427]"
113227,"[103898, 62975, 10860, 96628, 65796, 33388, 48834, 15650, 75542, 2717]"
113228,"[46339, 37233, 3342, 15700, 24776, 55192, 98145, 26894, 72272, 35463]"
113229,"[25305, 92974, 54483, 97335, 75618, 57467, 58148, 82022, 105534, 95237]"
113230,"[13326, 105541, 91812, 89809, 62975, 107280, 48834, 1516, 79013, 2142]"
113231,"[92391, 15662, 29988, 97515, 22977, 7119, 78862, 10531, 101694, 72427]"
113232,"[94917, 10219, 60015, 55496, 88332, 82368, 107200, 8331, 31178, 54822]"
113233,"[78352, 77094, 50, 36893, 59698, 65938, 60901, 13302, 10329, 8758]"
113234,"[31286, 92728, 39848, 84466, 87933, 84613, 28518, 40892, 47316, 8152]"
113235,"[72496, 14436, 71850, 89653, 69030, 50038, 50468, 72763, 13878, 85358]"
113236,"[14035, 79248, 49939, 27092, 51840, 30435, 10256, 13719, 70288, 107273]"
113237,"[95065, 10953, 105043, 89868, 18708, 95684, 52812, 21152, 25591, 82771]"
113238,"[74997, 42752, 21481, 109033, 83146, 53229, 77632, 107535, 41507, 106855]"
113239,"[47596, 107511, 18495, 69183, 65993, 98740, 74845, 3044, 60035, 87876]"
113240,"[32167, 59847, 5134, 90516, 16158, 68717, 53545, 67914, 1901, 18439]"
113241,"[62412, 103808, 102335, 21837, 5840, 19441, 102631, 96503, 93965, 61493]"
113242,"[27508, 52033, 57707, 109135, 46724, 106517, 47641, 29340, 66761, 24019]"
113243,"[12694, 43363, 28977, 101987, 5662, 46158, 81497, 34327, 54356, 66345]"
113244,"[84290, 14474, 28580, 53332, 107722, 97403, 49863, 49739, 12208, 92367]"
113245,"[10687, 59412, 95901, 49503, 75544, 95819, 26842, 54634, 19110, 8297]"
113246,"[41607, 64589, 92231, 6852, 52855, 89560, 99250, 96147, 91638, 3463]"
113247,"[75519, 7674, 87778, 48345, 60436, 39003, 66860, 96668, 92669, 20096]"
113248,"[26135, 81514, 109273, 29351, 95802, 85499, 72634, 80803, 104223, 50002]"
113249,"[66468, 74718, 89328, 2030, 48633, 57827, 25651, 78966, 100380, 15163]"
113250,"[42513, 93247, 57321, 24859, 75569, 86113, 67285, 60322, 78668, 24033]"
113251,"[23324, 96958, 11919, 64289, 10273, 34348, 45496, 91119, 108190, 58600]"
113252,"[76176, 19181, 2724, 32334, 61594, 99721, 1557, 99136, 99327, 19167]"
113253,"[4618, 89012, 6744, 57593, 66219, 50489, 53323, 50724, 34136, 8200]"
113254,"[91640, 106089, 105710, 33330, 80719, 3132, 83346, 21636, 3756, 50073]"
113255,"[35337, 79771, 17643, 53358, 8784, 87367, 44271, 6111, 39547, 26655]"
113256,"[108646, 21365, 53026, 44181, 32085, 102201, 13362, 11663, 42860, 81343]"
113257,"[16140, 102087, 9650, 19787, 82101, 14929, 47614, 23716, 62012, 102025]"
113258,"[36639, 54598, 37273, 79532, 42779, 92966, 4848, 92390, 75817, 31941]"
113259,"[21718, 65203, 39150, 108452, 51833, 43096, 94233, 8299, 20033, 53168]"
113260,"[15884, 74177, 95647, 42224, 37161, 29606, 30447, 20138, 7058, 88124]"
113261,"[96398, 99012, 6577, 34363, 105456, 98741, 102450, 34572, 98187, 50319]"
113262,"[359, 38335, 83183, 24390, 29057, 59122, 54919, 39942, 4657, 36797]"
113263,"[46315, 47819, 58395, 46702, 35257, 58095, 17637, 97949, 44305, 35060]"
113264,"[82751, 89851, 33000, 96851, 4105, 108935, 5601, 106075, 70922, 26307]"
113265,"[34262, 89191, 87435, 20848, 109261, 60804, 102034, 40060, 68844, 36007]"
113266,"[61363, 5723, 36810, 87748, 80861, 40101, 71966, 6588, 47959, 87658]"
113267,"[74302, 34442, 34638, 44696, 44371, 42623, 30338, 78511, 49606, 73658]"
113268,"[88903, 92961, 36450, 80636, 47978, 31645, 63938, 19702, 104781, 98720]"
113269,"[20586, 20214, 84436, 30502, 54960, 45016, 28908, 102455, 46816, 44206]"
113270,"[105246, 107265, 2096, 41045, 61259, 22377, 2439, 55254, 42320, 15759]"
113271,"[63012, 9567, 103431, 657, 53482, 32441, 71354, 20713, 42463, 96487]"
113272,"[106928, 69057, 105887, 39198, 65758, 91690, 69793, 66237, 97204, 108261]"
113273,"[100369, 31595, 77349, 2695, 24727, 93241, 3647, 107220, 26453, 63359]"
113274,"[50535, 48759, 5162, 95252, 94536, 102616, 94854, 35447, 38003, 1771]"
113275,"[30512, 103504, 5971, 21226, 22744, 3549, 13594, 40237, 35041, 96815]"
113276,"[44419, 8974, 39310, 93285, 21301, 81543, 59554, 72829, 88138, 1798]"
113277,"[83007, 65868, 10939, 6047, 66080, 37699, 4158, 23657, 104121, 35344]"
113278,"[76045, 56151, 26660, 58052, 7500, 75137, 32282, 97499, 57050, 109577]"
113279,"[14873, 55007, 62106, 79684, 52654, 21406, 91405, 12384, 16019, 71400]"
113280,"[44537, 35651, 2653, 82997, 65665, 93706, 67533, 107615, 20526, 78047]"
113281,"[47402, 51808, 7676, 95550, 63717, 82151, 45290, 90729, 53880, 12831]"
113282,"[31227, 85773, 67220, 91230, 84989, 55372, 63708, 76468, 72739, 54175]"
113283,"[10275, 3736, 82533, 2608, 106769, 69292, 67435, 22196, 55629, 105042]"
113284,"[104833, 89377, 100718, 61406, 58848, 74028, 83952, 71369, 1618, 109451]"
113285,"[75578, 9949, 38709, 17619, 98183, 13311, 38022, 49785, 56491, 49042]"
113286,"[47151, 10678, 52585, 45974, 4850, 27646, 100780, 25959, 101429, 49833]"
113287,"[29919, 86552, 40901, 37710, 71184, 9635, 10970, 21982, 69909, 31113]"
113288,"[42529, 7600, 97783, 98311, 103287, 4366, 82483, 105408, 79372, 91263]"
113289,"[47132, 41211, 31125, 63421, 11807, 106129, 45980, 12210, 91447, 93076]"
113290,"[95921, 25788, 56037, 50797, 104688, 66966, 26746, 8986, 86711, 95808]"
113291,"[64174, 41513, 4702, 109221, 59737, 69781, 102163, 55142, 100896, 74454]"
113292,"[93865, 56426, 8401, 14154, 101924, 5897, 36476, 11732, 5558, 38554]"
113293,"[93648, 84385, 36878, 8114, 16197, 105013, 29770, 32032, 15845, 19520]"
113294,"[28103, 29361, 101900, 6335, 22499, 97373, 58047, 31390, 64844, 65462]"
113295,"[58264, 64921, 65787, 45228, 3194, 17067, 39588, 54419, 102198, 103846]"
113296,"[70362, 91601, 85330, 103547, 17752, 39490, 25968, 96263, 19622, 90756]"
113297,"[30235, 100349, 75425, 92055, 41839, 50444, 4456, 82505, 53362, 44700]"
113298,"[19615, 49110, 959, 103709, 79026, 21643, 43907, 74025, 84185, 64537]"
113299,"[85289, 75412, 57043, 107067, 55699, 38400, 98249, 47609, 21467, 64383]"
113300,"[2749, 13677, 62083, 35089, 26642, 94589, 88558, 107163, 83275, 72752]"
113301,"[18261, 104484, 4188, 47147, 10240, 84198, 30002, 63204, 6265, 28723]"
113302,"[24041, 26947, 17834, 30592, 10489, 26473, 5444, 12155, 107481, 25211]"
113303,"[25973, 12945, 15224, 676, 93343, 46896, 78390, 21991, 88231, 107097]"
113304,"[5687, 99237, 108015, 53861, 81209, 6274, 88631, 87900, 36706, 19630]"
113305,"[106683, 92224, 20090, 31936, 95593, 26721, 85816, 108471, 70325, 101129]"
113306,"[47065, 48005, 62470, 4990, 37042, 12411, 40127, 42319, 65383, 23249]"
113307,"[56611, 55513, 100006, 98487, 109634, 62310, 87116, 63712, 104668, 32679]"
113308,"[12662, 80151, 7190, 72273, 13157, 104648, 95746, 64132, 107668, 80975]"
113309,"[72625, 16689, 104921, 108803, 109310, 56098, 7979, 2385, 103246, 61950]"
113310,"[72117, 70389, 104454, 97184, 11869, 50872, 38992, 52757, 67351, 19158]"
113311,"[57218, 76777, 49547, 81494, 63825, 22829, 79737, 59446, 9192, 102144]"
113312,"[44980, 89900, 82450, 56936, 31065, 67617, 73719, 44810, 61845, 49646]"
113313,"[37505, 32189, 92812, 9096, 720, 92006, 77006, 66186, 29252, 101123]"
113314,"[70917, 65800, 38355, 20582, 84006, 107103, 13430, 31473, 85958, 27984]"
113315,"[84940, 71973, 41194, 44515, 75344, 52321, 35757, 75608, 29405, 30536]"
113316,"[82135, 76031, 40602, 96174, 105712, 75, 92908, 17895, 37794, 95633]"
113317,"[49606, 34225, 47598, 22351, 74302, 83654, 17456, 34442, 76780, 105323]"
113318,"[59377, 35036, 25346, 74980, 16994, 101001, 16517, 94428, 66434, 60668]"
113319,"[82033, 8465, 13393, 72140, 42893, 4007, 36848, 79835, 34453, 20293]"
113320,"[7368, 78459, 98658, 66867, 12542, 26286, 4905, 105159, 36106, 80157]"
113321,"[1864, 93513, 40564, 106261, 97333, 27164, 9433, 95126, 100080, 108356]"
113322,"[53355, 37163, 79939, 68071, 100915, 27698, 107358, 89700, 3012, 70594]"
113323,"[18710, 39289, 43817, 39468, 6950, 56790, 66173, 79512, 100502, 4859]"
113324,"[36025, 441, 73558, 96994, 27943, 67319, 104215, 84099, 97538, 51049]"
113325,"[105112, 48306, 86819, 21563, 92135, 34207, 471, 32914, 55437, 33274]"
113326,"[61837, 103828, 88170, 96272, 24117, 40324, 72944, 85789, 106207, 39710]"
113327,"[12680, 15697, 29581, 77940, 3194, 17067, 37565, 108367, 74548, 69788]"
113328,"[84217, 105705, 88792, 11913, 960, 72682, 11875, 32993, 84725, 8609]"
113329,"[65449, 855, 55675, 33696, 62435, 94855, 17269, 77116, 3059, 108093]"
113330,"[46200, 48393, 60844, 64208, 83536, 104103, 58594, 22710, 55959, 10606]"
113331,"[91824, 22868, 90213, 84127, 36226, 56649, 73147, 99119, 14065, 107570]"
113332,"[28380, 26161, 14104, 98623, 102571, 47715, 73145, 31372, 109609, 72416]"
113333,"[21935, 4664, 54520, 97162, 82080, 5911, 35537, 63714, 40642, 45763]"
113334,"[72875, 58251, 9604, 50638, 104515, 8667, 28904, 99220, 48016, 55290]"
113335,"[31416, 106877, 6264, 25662, 7586, 64850, 86685, 5650, 106071, 23225]"
113336,"[52177, 33930, 55278, 66604, 51114, 24692, 87462, 94220, 6532, 19324]"
113337,"[59295, 74937, 98995, 29717, 105759, 62805, 89627, 62028, 56012, 26695]"
113338,"[95690, 23897, 107682, 109021, 76748, 54587, 4220, 1234, 21141, 99719]"
113339,"[55770, 44660, 19233, 93691, 71657, 104313, 44423, 70680, 53614, 9687]"
113340,"[23949, 33113, 56273, 84254, 30670, 37213, 85417, 3807, 36196, 13214]"
113341,"[68347, 45462, 41296, 23667, 92126, 103293, 26819, 21335, 31785, 47879]"
113342,"[29225, 67767, 98811, 84938, 40278, 103949, 69924, 84352, 11068, 50202]"
113343,"[85460, 43549, 104746, 41763, 85440, 75712, 21439, 26201, 69620, 105694]"
113344,"[27916, 49907, 8410, 33629, 45305, 100301, 81393, 104220, 65867, 88736]"
113345,"[14078, 74755, 38495, 109640, 4019, 103238, 33277, 40089, 37134, 11197]"
113346,"[93434, 67005, 105456, 106889, 14161, 9844, 75195, 105355, 53684, 93610]"
113347,"[75239, 108940, 84456, 23237, 86548, 104977, 10854, 94462, 28679, 50570]"
113348,"[55918, 1418, 84295, 9663, 30852, 81684, 482, 87630, 34770, 23207]"
113349,"[3509, 25791, 87258, 100214, 108824, 107606, 21992, 74564, 58421, 24819]"
113350,"[54075, 23970, 32313, 51214, 84960, 71063, 25737, 32461, 95040, 80195]"
113351,"[62307, 91855, 71920, 88674, 60157, 31710, 20954, 106455, 108053, 51384]"
113352,"[92963, 24240, 92444, 2101, 70829, 35686, 66576, 77608, 16799, 9862]"
113353,"[37771, 55407, 108274, 31506, 31404, 97730, 37227, 98096, 31880, 51815]"
113354,"[97084, 86144, 6736, 56334, 59405, 87193, 84309, 79316, 101662, 56226]"
113355,"[93549, 184, 33338, 85162, 93643, 73097, 98763, 105551, 17847, 33948]"
113356,"[7504, 61814, 55176, 87669, 53766, 98722, 50655, 105497, 7961, 79638]"
113357,"[17225, 57860, 73587, 91311, 19073, 89353, 106406, 61198, 41621, 40791]"
113358,"[90956, 93235, 80803, 72634, 77341, 51895, 78313, 29351, 44489, 26135]"
113359,"[76481, 46279, 27110, 81832, 27697, 108064, 14640, 88967, 20396, 68611]"
113360,"[27504, 41428, 72848, 49894, 78074, 20616, 29077, 9005, 84375, 29923]"
113361,"[37469, 8851, 109339, 60904, 23666, 85994, 106793, 31061, 616, 9153]"
113362,"[60822, 88443, 48472, 34884, 104899, 62008, 90152, 56823, 68975, 2345]"
113363,"[75441, 54728, 16533, 97054, 58139, 58116, 37461, 78059, 91453, 38044]"
113364,"[2276, 63433, 67750, 61696, 28398, 11950, 18901, 97094, 28274, 66985]"
113365,"[1549, 99270, 6877, 27971, 106360, 10370, 39160, 35286, 68895, 99893]"
113366,"[78628, 34334, 106739, 42362, 1685, 19109, 31890, 12336, 13987, 70633]"
113367,"[78426, 14591, 10039, 93490, 33851, 28938, 81635, 48116, 2415, 5137]"
113368,"[59876, 95258, 4280, 64330, 103737, 36611, 32473, 53819, 70582, 96759]"
113369,"[29122, 70298, 85544, 20343, 60294, 84554, 25582, 108835, 46934, 65819]"
113370,"[95817, 101588, 68556, 16050, 30280, 98807, 98009, 71091, 7064, 17029]"
113371,"[61435, 52427, 44710, 93221, 100419, 4487, 28799, 99990, 60834, 63381]"
113372,"[21882, 84597, 58167, 97949, 90260, 12083, 86524, 44064, 66236, 17637]"
113373,"[41704, 37476, 40478, 37272, 37367, 82020, 4074, 79067, 42721, 2081]"
113374,"[52558, 62112, 44220, 9934, 90825, 65260, 11184, 92701, 12748, 67950]"
113375,"[72667, 68521, 62864, 66008, 73651, 83995, 89095, 3014, 72724, 41316]"
113376,"[52070, 100295, 4920, 20383, 49370, 87906, 82699, 24947, 22406, 12674]"
113377,"[42127, 23674, 32379, 41923, 101036, 22561, 4340, 46122, 54548, 20585]"
113378,"[78420, 2375, 104632, 104303, 39301, 70398, 83414, 41400, 16276, 7561]"
113379,"[86066, 5203, 39488, 50450, 21938, 39616, 78065, 70582, 1727, 66426]"
113380,"[16831, 104744, 105875, 77205, 107090, 82534, 83956, 52665, 13363, 28168]"
113381,"[2373, 47619, 57910, 89106, 46377, 29560, 70428, 63319, 92597, 53522]"
113382,"[45237, 54468, 65045, 38198, 73996, 59976, 3927, 6278, 47275, 66593]"
113383,"[20719, 27865, 66700, 20226, 33587, 68461, 70699, 109766, 18668, 3640]"
113384,"[39345, 78804, 23408, 107161, 31310, 75889, 97520, 92642, 39248, 71420]"
113385,"[48423, 34360, 70980, 102635, 32901, 14529, 74905, 34198, 44958, 27287]"
113386,"[82320, 54940, 41709, 55427, 77728, 58875, 90142, 34531, 73486, 66117]"
113387,"[34120, 32218, 46858, 3009, 22373, 57030, 16255, 10953, 45633, 11266]"
113388,"[21903, 42256, 4221, 8981, 44790, 57769, 37652, 76809, 13383, 19675]"
113389,"[101880, 72445, 107730, 101900, 22499, 33620, 48024, 100299, 72279, 6868]"
113390,"[64713, 81032, 47417, 94773, 23977, 42541, 77764, 108708, 34920, 68051]"
113391,"[45950, 97524, 13248, 87949, 38620, 63230, 109240, 30115, 58925, 71004]"
113392,"[39542, 46353, 46891, 69485, 3991, 17574, 67846, 28761, 28898, 74562]"
113393,"[7073, 51105, 87960, 67828, 4031, 69554, 56142, 66391, 105520, 15239]"
113394,"[25544, 108558, 15506, 6222, 56321, 4083, 38055, 45695, 97091, 55015]"
113395,"[32712, 83915, 53052, 21856, 107902, 43509, 100409, 67392, 36598, 43174]"
113396,"[14903, 92496, 107994, 8579, 96433, 14811, 67577, 29760, 45382, 99794]"
113397,"[11495, 22134, 104935, 54603, 53068, 44005, 23483, 31685, 79560, 2865]"
113398,"[105570, 85885, 50708, 82399, 71900, 44792, 9131, 15595, 52281, 36056]"
113399,"[88310, 66681, 1976, 9037, 7474, 46243, 73526, 73515, 25746, 79331]"
113400,"[78461, 9403, 19858, 8879, 73637, 40088, 67553, 31026, 71838, 39822]"
113401,"[21042, 58987, 99756, 12508, 47540, 45620, 94435, 96122, 95102, 87083]"
113402,"[50700, 25567, 92265, 48920, 42192, 24354, 74837, 102051, 40537, 14825]"
113403,"[71422, 60051, 58214, 27989, 47603, 88557, 28107, 17191, 70048, 19409]"
113404,"[60432, 83719, 93058, 65145, 43046, 105471, 1130, 88422, 72605, 96301]"
113405,"[35654, 66772, 102169, 21093, 89424, 52570, 28453, 7150, 71223, 7926]"
113406,"[40221, 11832, 108033, 106909, 48442, 54795, 85448, 82579, 7851, 90695]"
113407,"[55828, 1659, 82525, 63551, 1508, 73466, 101513, 86054, 26384, 92159]"
113408,"[4233, 69187, 78105, 66244, 61011, 49162, 104273, 9453, 47673, 82523]"
113409,"[15331, 57286, 41612, 59662, 12979, 3478, 40607, 86697, 84551, 59060]"
113410,"[46895, 63356, 38361, 96128, 87670, 82342, 37713, 57622, 34550, 72100]"
113411,"[98419, 36303, 109574, 26868, 89948, 56014, 72068, 3683, 54191, 22349]"
113412,"[3576, 62018, 6736, 19148, 53412, 79080, 68762, 82963, 52843, 35291]"
113413,"[42618, 27376, 60929, 69702, 104937, 35522, 28263, 48945, 62573, 39211]"
113414,"[47508, 27352, 51967, 89418, 106726, 72227, 47110, 3036, 43769, 3675]"
113415,"[83130, 25010, 93652, 71777, 38997, 96625, 103117, 34041, 85230, 17077]"
113416,"[85648, 28720, 92520, 26974, 85105, 94065, 84695, 8135, 93086, 11475]"
113417,"[18185, 56406, 42142, 81088, 63100, 84928, 70639, 35198, 51168, 2233]"
113418,"[33759, 52112, 6232, 25688, 60784, 89380, 101959, 52562, 72351, 17928]"
113419,"[85472, 107331, 26041, 97580, 11362, 91707, 79736, 82737, 33676, 58639]"
113420,"[93864, 9023, 47464, 36143, 68427, 105532, 89230, 33644, 72314, 39991]"
113421,"[13309, 89357, 35259, 45272, 73822, 71896, 71257, 33223, 26058, 63847]"
113422,"[43007, 99965, 10695, 54502, 13369, 80255, 87819, 18792, 2018, 82444]"
113423,"[38067, 32069, 75485, 94306, 107795, 103079, 107749, 58294, 88495, 72654]"
113424,"[79558, 104875, 42081, 97485, 92514, 108730, 102512, 55627, 90986, 6598]"
113425,"[39940, 109414, 47122, 30935, 75333, 55041, 5494, 5003, 54985, 78241]"
113426,"[80042, 88215, 85084, 53359, 241, 66826, 21902, 14110, 99575, 57089]"
113427,"[92521, 25925, 5195, 66075, 5356, 28217, 44402, 43328, 42989, 73612]"
113428,"[24042, 25130, 67623, 31273, 75517, 6295, 43823, 85099, 43670, 96091]"
113429,"[22864, 56495, 72310, 62404, 41959, 38692, 21076, 7097, 15568, 104080]"
113430,"[98131, 72020, 91667, 63951, 58548, 59602, 104010, 1176, 59917, 109563]"
113431,"[52641, 99947, 64553, 43358, 15804, 30544, 91524, 106333, 67384, 103914]"
113432,"[38144, 52224, 73090, 14761, 76078, 66306, 101810, 37526, 57826, 57471]"
113433,"[108412, 38872, 106081, 92920, 51709, 71581, 11790, 57033, 78445, 29477]"
113434,"[4170, 79888, 42027, 68234, 88222, 15047, 360, 62688, 44301, 20881]"
113435,"[61556, 61305, 7583, 66082, 36819, 28928, 108036, 32034, 15346, 68113]"
113436,"[74145, 79855, 50076, 92922, 81316, 53588, 39110, 86281, 62285, 66312]"
113437,"[72408, 10669, 19262, 14991, 85454, 47998, 32257, 48969, 49814, 21174]"
113438,"[60360, 67460, 37331, 53274, 50776, 17049, 19261, 55328, 3973, 41217]"
113439,"[51080, 34850, 39198, 77705, 89933, 109618, 5024, 24023, 19472, 96461]"
113440,"[98048, 30217, 13891, 105314, 109139, 107173, 43354, 74471, 89772, 27481]"
113441,"[103542, 70355, 77072, 101714, 65475, 8672, 89717, 34278, 91865, 2501]"
113442,"[58647, 40334, 89190, 18292, 25372, 5886, 99931, 68739, 46677, 74672]"
113443,"[26224, 92439, 26862, 20604, 95146, 83012, 105939, 98328, 75241, 96907]"
113444,"[108019, 34047, 4095, 29681, 8086, 18025, 37624, 72037, 92851, 30842]"
113445,"[105164, 52069, 70583, 30947, 79168, 14260, 93769, 51429, 94344, 46944]"
113446,"[53011, 97555, 79557, 79174, 36209, 49070, 28336, 64679, 6512, 106450]"
113447,"[27660, 10060, 40448, 78183, 77673, 61135, 87375, 49174, 94246, 47602]"
113448,"[69795, 80071, 4562, 49703, 104012, 67896, 66057, 82572, 67886, 83936]"
113449,"[98159, 3976, 78408, 43583, 4362, 12467, 57653, 26636, 51006, 22842]"
113450,"[88755, 25402, 43445, 26515, 79452, 36220, 12307, 58033, 94677, 44845]"
113451,"[8213, 103639, 59301, 21955, 4818, 59533, 54914, 99608, 74698, 89060]"
113452,"[93982, 7991, 83316, 39232, 16191, 45551, 12997, 42174, 7921, 95345]"
113453,"[77267, 60991, 27716, 65454, 712, 98899, 40186, 78226, 108032, 78779]"
113454,"[58107, 28737, 25889, 40683, 61775, 18428, 91457, 87451, 20681, 35816]"
113455,"[50699, 35611, 55787, 20138, 12839, 50292, 29875, 70509, 109334, 49534]"
113456,"[46724, 106517, 68631, 72839, 52033, 29974, 20707, 31014, 47641, 83606]"
113457,"[99447, 9950, 2792, 72092, 24586, 7777, 7450, 67035, 30293, 63606]"
113458,"[80281, 11705, 80677, 17834, 26473, 60664, 12155, 77948, 1950, 10489]"
113459,"[72229, 23850, 82666, 26557, 61969, 16191, 103753, 85148, 87132, 52801]"
113460,"[16311, 38327, 109744, 49350, 45276, 32547, 87758, 44734, 42739, 26397]"
113461,"[70573, 88541, 58353, 67873, 61281, 35277, 93796, 74781, 75374, 21972]"
113462,"[100204, 32236, 78735, 90059, 56205, 92066, 29203, 12470, 22995, 31313]"
113463,"[16967, 25720, 63454, 98270, 23242, 34509, 32279, 36017, 54180, 5966]"
113464,"[39705, 9736, 100377, 54033, 37021, 51535, 2909, 31092, 60516, 54965]"
113465,"[16978, 33195, 66056, 69579, 98487, 45945, 40292, 80097, 108139, 32653]"
113466,"[5058, 54320, 25858, 6085, 459, 91935, 62924, 13541, 88939, 33683]"
113467,"[49661, 96871, 71060, 81613, 62421, 60480, 59193, 107554, 18692, 36812]"
113468,"[64334, 86700, 19955, 58950, 79419, 49160, 2863, 9826, 76327, 67827]"
113469,"[29399, 50734, 67990, 18547, 7684, 36454, 46149, 101114, 65425, 71557]"
113470,"[90390, 49765, 23911, 16537, 70387, 72310, 68972, 48797, 27093, 94513]"
113471,"[15618, 16633, 98002, 18866, 5289, 93198, 106101, 7135, 15489, 23104]"
113472,"[8652, 53972, 89289, 42874, 25432, 28087, 97744, 96508, 44588, 93437]"
113473,"[45835, 27120, 50703, 14649, 24138, 76686, 86687, 12588, 21267, 67537]"
113474,"[57671, 63311, 42166, 100533, 35367, 24347, 69669, 104871, 17250, 60650]"
113475,"[71015, 106709, 6362, 71174, 104976, 66125, 99319, 73704, 6543, 9875]"
113476,"[89663, 28188, 12474, 35806, 17668, 94789, 87941, 85036, 96916, 52673]"
113477,"[30317, 16514, 65243, 52150, 55345, 37104, 29134, 65729, 54123, 86618]"
113478,"[4666, 91913, 15347, 100449, 104333, 22084, 20461, 15572, 20740, 57285]"
113479,"[26081, 66478, 90385, 2472, 89848, 9344, 11678, 46290, 92629, 56220]"
113480,"[97819, 85497, 20861, 71232, 43079, 85394, 82013, 17703, 95242, 75914]"
113481,"[15566, 5530, 47957, 28900, 76556, 36905, 92067, 104118, 803, 71799]"
113482,"[44236, 34300, 90022, 85064, 64343, 32777, 67437, 34511, 30691, 28317]"
113483,"[62784, 34975, 22876, 95938, 97334, 99564, 98711, 24984, 73263, 35513]"
113484,"[86357, 109344, 68563, 49942, 465, 735, 8278, 11992, 107074, 68608]"
113485,"[30224, 60683, 5830, 78937, 75081, 73151, 109231, 51520, 96480, 49695]"
113486,"[70133, 46947, 90985, 35543, 22439, 53350, 50689, 9438, 34010, 57737]"
113487,"[62223, 76665, 22570, 34882, 62403, 99250, 64918, 38672, 64589, 41607]"
113488,"[52793, 18678, 54114, 99019, 59906, 69519, 2505, 9376, 94930, 101355]"
113489,"[90202, 11209, 84366, 20730, 104533, 100784, 27164, 44007, 100126, 97380]"
113490,"[11482, 31953, 48765, 99473, 91196, 24152, 24914, 54567, 42728, 40580]"
113491,"[50741, 71013, 41337, 52360, 101033, 31557, 20265, 22076, 55181, 93860]"
113492,"[95533, 80963, 94770, 91600, 4539, 2739, 98075, 29274, 72884, 75677]"
113493,"[86731, 67689, 102845, 103034, 27810, 43831, 88259, 105831, 108340, 40181]"
113494,"[46701, 98928, 41517, 66345, 66563, 46158, 62913, 8208, 69513, 88340]"
113495,"[20183, 104647, 107729, 102125, 106367, 16702, 109088, 27848, 94258, 75158]"
113496,"[109566, 54446, 48825, 29649, 39026, 38511, 30171, 13404, 53976, 12780]"
113497,"[23625, 28941, 18967, 95863, 21237, 36361, 100908, 33457, 19156, 16273]"
113498,"[22574, 20708, 58269, 107360, 107008, 17597, 102693, 65167, 96484, 62711]"
113499,"[51462, 16523, 28556, 94170, 82047, 77899, 46577, 9878, 49094, 76849]"
113500,"[22200, 72503, 78872, 16236, 84812, 15469, 77098, 9899, 4368, 99078]"
113501,"[61558, 76461, 80028, 98907, 6099, 35493, 62629, 104513, 84636, 96787]"
113502,"[28799, 20473, 101112, 63456, 4487, 100419, 48828, 99990, 49091, 66013]"
113503,"[53483, 33197, 42777, 100477, 91374, 4811, 8662, 17850, 80455, 10611]"
113504,"[105072, 68985, 89058, 96697, 18128, 61834, 64249, 68662, 62144, 1403]"
113505,"[41228, 74112, 87551, 98961, 93353, 24099, 1327, 31782, 1149, 14978]"
113506,"[58346, 54716, 11463, 83691, 15372, 88845, 96152, 59283, 52801, 39464]"
113507,"[514, 86109, 68498, 56430, 50874, 3419, 52857, 25343, 23442, 61665]"
113508,"[62142, 109489, 49804, 23593, 22153, 64003, 70071, 11361, 54640, 2447]"
113509,"[103895, 63111, 57112, 78099, 73528, 4637, 71881, 41733, 76848, 58357]"
113510,"[23195, 108335, 88099, 6918, 73778, 98040, 105468, 3437, 4571, 68036]"
113511,"[6261, 6846, 68495, 39371, 15830, 57518, 72449, 94461, 84258, 47431]"
113512,"[6327, 4806, 95221, 79486, 97748, 22450, 90946, 44428, 80720, 63918]"
113513,"[55310, 58044, 4283, 64629, 83387, 6191, 83146, 41507, 77632, 57851]"
113514,"[66573, 10950, 102852, 48432, 49209, 77692, 29305, 72809, 34401, 75826]"
113515,"[44501, 32512, 36484, 61750, 70353, 109736, 11657, 85197, 88272, 105829]"
113516,"[32346, 18735, 50792, 33076, 35515, 70558, 38549, 102864, 58232, 36722]"
113517,"[2691, 71069, 61159, 54533, 24462, 57116, 100687, 24966, 8884, 79462]"
113518,"[66833, 62336, 55135, 17783, 95321, 31515, 67011, 56541, 26323, 18877]"
113519,"[36431, 61330, 48823, 97189, 65590, 66560, 38200, 2197, 18742, 34160]"
113520,"[52173, 97753, 108831, 66762, 41606, 97456, 81264, 39495, 63029, 19185]"
113521,"[16686, 97024, 40974, 92975, 52112, 45989, 22907, 29966, 64298, 77470]"
113522,"[20778, 29997, 87250, 97097, 64798, 84320, 85352, 36336, 55749, 62159]"
113523,"[40718, 69961, 27630, 5112, 19147, 45524, 62610, 8411, 109008, 52679]"
113524,"[34832, 44287, 65530, 14966, 93694, 63621, 81169, 48579, 94262, 50200]"
113525,"[55468, 34921, 83458, 83816, 48629, 55379, 73843, 60559, 57013, 107812]"
113526,"[49961, 42514, 66680, 53233, 81095, 12557, 59184, 101155, 106717, 84121]"
113527,"[68039, 629, 4740, 85031, 87695, 33498, 45900, 50546, 105469, 61015]"
113528,"[104804, 99035, 96043, 33263, 10971, 57429, 2059, 54340, 66707, 89708]"
113529,"[32497, 19842, 69746, 42429, 52321, 26736, 25782, 14944, 80282, 22457]"
113530,"[101137, 72689, 82420, 78525, 62751, 80989, 84212, 11778, 51893, 100302]"
113531,"[34002, 83375, 43563, 6169, 23883, 22635, 93360, 9546, 8700, 87225]"
113532,"[103003, 90382, 69092, 33992, 61810, 16079, 97650, 100852, 64325, 9216]"
113533,"[88461, 91152, 61217, 43515, 107134, 86832, 72131, 65474, 83042, 52514]"
113534,"[106220, 92975, 72637, 16627, 81645, 98272, 20537, 96099, 63538, 86717]"
113535,"[108098, 96233, 106506, 35228, 20742, 43371, 109104, 4593, 31735, 27961]"
113536,"[25473, 21209, 24265, 66612, 95299, 52198, 77313, 14326, 58066, 71165]"
113537,"[69260, 76713, 1980, 70324, 89476, 2779, 42378, 59743, 64187, 106079]"
113538,"[98939, 18822, 10928, 36242, 97757, 59124, 68798, 55736, 104526, 68306]"
113539,"[70841, 67224, 26532, 4178, 47061, 33402, 15694, 83458, 18196, 914]"
113540,"[104912, 21443, 96753, 105757, 31631, 13165, 54372, 26773, 12118, 81728]"
113541,"[101220, 57038, 40900, 48189, 27554, 101273, 79580, 100540, 15278, 15028]"
113542,"[107373, 96774, 18435, 49917, 101079, 69853, 13596, 56710, 83804, 2854]"
113543,"[8279, 6438, 35897, 53918, 58264, 64921, 59939, 92258, 45228, 82567]"
113544,"[24229, 64549, 59572, 11523, 31673, 55666, 68010, 99287, 54116, 46022]"
113545,"[79417, 42404, 241, 45516, 21902, 34291, 39476, 80042, 53061, 92303]"
113546,"[60073, 39070, 84531, 25900, 91861, 10506, 50440, 457, 81142, 82165]"
113547,"[52451, 95482, 89884, 95545, 4281, 64005, 91242, 61293, 8134, 62735]"
113548,"[3117, 43357, 106097, 65027, 46485, 712, 10214, 98590, 82756, 12370]"
113549,"[19089, 6200, 81413, 99502, 9767, 107150, 52763, 54170, 33098, 86759]"
113550,"[71591, 37262, 23750, 106767, 98961, 20119, 73638, 5088, 14978, 23881]"
113551,"[97696, 106932, 92578, 109, 91298, 51722, 86604, 71590, 108198, 84270]"
113552,"[42613, 101102, 94990, 74978, 21937, 36119, 20179, 40394, 105364, 101345]"
113553,"[31723, 82104, 61907, 25884, 34559, 65844, 82469, 8503, 69794, 39166]"
113554,"[96886, 47792, 68280, 93214, 89455, 45995, 18516, 66150, 12632, 20220]"
113555,"[85525, 8140, 29670, 52331, 1772, 30264, 95003, 35059, 78713, 85188]"
113556,"[81910, 102806, 12255, 17834, 12155, 30592, 107481, 15765, 10489, 38367]"
113557,"[73571, 89600, 51961, 46296, 43603, 70076, 40707, 66869, 33413, 2862]"
113558,"[51068, 76849, 49094, 92021, 53565, 44933, 7568, 48254, 9878, 70190]"
113559,"[62382, 68080, 101141, 7993, 24546, 96235, 67198, 40071, 4015, 33511]"
113560,"[14788, 46008, 12267, 57276, 92089, 80400, 1351, 23716, 16180, 28980]"
113561,"[101697, 53054, 80362, 26317, 83034, 14263, 17553, 68162, 83071, 92495]"
113562,"[80939, 46403, 28829, 27118, 108264, 79895, 32716, 88602, 21416, 92530]"
113563,"[92675, 56383, 32978, 43719, 80439, 89361, 65436, 25897, 63957, 77834]"
113564,"[11685, 48251, 48067, 49669, 42241, 42231, 10549, 29363, 5732, 74156]"
113565,"[7335, 87182, 105246, 107265, 89969, 20197, 56239, 2096, 2395, 57785]"
113566,"[19569, 46603, 7798, 88207, 71795, 17322, 64320, 64445, 63993, 59121]"
113567,"[75464, 87916, 21015, 67933, 22024, 29561, 94703, 83845, 38713, 18475]"
113568,"[53301, 56543, 30240, 95720, 98578, 57268, 68309, 70406, 24905, 86270]"
113569,"[106532, 52173, 81615, 89655, 96173, 16102, 29036, 103099, 85278, 19185]"
113570,"[17885, 106959, 10339, 73557, 24174, 60829, 36677, 11766, 20719, 34806]"
113571,"[36124, 85166, 89489, 71675, 108764, 68918, 58723, 67656, 55876, 16863]"
113572,"[97986, 75604, 85221, 837, 10378, 9111, 11650, 107350, 56634, 15251]"
113573,"[37687, 36608, 22599, 8647, 50311, 84581, 29381, 28727, 31795, 92645]"
113574,"[197, 97820, 74111, 46176, 20749, 52775, 36702, 66658, 85848, 32140]"
113575,"[86319, 76149, 97082, 86125, 93186, 43915, 36216, 70913, 90661, 91745]"
113576,"[107389, 28918, 98652, 17186, 32681, 41078, 87377, 54636, 61001, 15091]"
113577,"[17006, 90633, 10367, 36896, 54793, 8821, 74817, 26880, 38522, 100254]"
113578,"[43954, 19759, 49077, 47891, 87345, 92892, 41183, 84535, 68922, 107327]"
113579,"[106336, 55138, 59075, 36731, 58075, 84238, 92239, 5436, 91934, 75296]"
113580,"[26452, 96700, 69110, 11207, 62645, 66924, 6380, 57302, 7813, 86876]"
113581,"[94328, 87423, 34158, 1550, 76354, 101141, 100173, 46963, 100967, 5140]"
113582,"[56013, 14705, 38109, 67579, 22098, 60521, 55400, 22995, 51066, 101260]"
113583,"[108675, 107517, 12123, 50886, 70869, 74002, 2620, 2414, 29980, 12176]"
113584,"[83969, 27435, 77783, 73584, 12816, 4624, 41093, 25030, 80557, 29679]"
113585,"[81933, 74678, 76753, 27769, 58952, 50698, 8627, 11508, 92814, 108365]"
113586,"[2711, 11453, 57387, 24278, 52922, 100975, 90602, 96322, 57242, 32798]"
113587,"[3405, 41990, 663, 1812, 19431, 93833, 26722, 28364, 10141, 65171]"
113588,"[20889, 21695, 64097, 84614, 64357, 32470, 41219, 17754, 93402, 4606]"
113589,"[91343, 81402, 73404, 29204, 49419, 5785, 46857, 76832, 19572, 33143]"
113590,"[80205, 49872, 98564, 4736, 55841, 104048, 79383, 28968, 102735, 82823]"
113591,"[60304, 89415, 77380, 64592, 76214, 46022, 45236, 47836, 56818, 47499]"
113592,"[31787, 83373, 66975, 49700, 109462, 18349, 107058, 49864, 43645, 48164]"
113593,"[68854, 84340, 18087, 1693, 48423, 92207, 29321, 10535, 32538, 67774]"
113594,"[79779, 3672, 25199, 41021, 83095, 11686, 5061, 69243, 1955, 43339]"
113595,"[28787, 61858, 16145, 34221, 7178, 38537, 91038, 72896, 67197, 24645]"
113596,"[94192, 49418, 83654, 54229, 7311, 78511, 66384, 51038, 50246, 46533]"
113597,"[32797, 75322, 41780, 108983, 59595, 94509, 37361, 79608, 7357, 72817]"
113598,"[64059, 67297, 106537, 61996, 71762, 109201, 26472, 15255, 109728, 14254]"
113599,"[76983, 74452, 45773, 109068, 91256, 1043, 105639, 7709, 41434, 88345]"
113600,"[37802, 39137, 60990, 61011, 62002, 16929, 37906, 10048, 73260, 41125]"
113601,"[107464, 26616, 30062, 88839, 104899, 3959, 52260, 49442, 44307, 82384]"
113602,"[49775, 97865, 102390, 36229, 31622, 65537, 87289, 66064, 51634, 53142]"
113603,"[13790, 25803, 104565, 737, 45286, 42798, 23946, 103840, 12768, 99071]"
113604,"[80240, 42180, 32197, 51665, 4072, 91900, 10236, 58426, 50313, 76066]"
113605,"[75681, 47291, 65084, 41223, 3308, 79928, 56604, 7579, 105585, 93762]"
113606,"[28739, 53949, 100943, 96546, 81476, 30301, 62431, 94343, 39053, 29803]"
113607,"[85195, 40040, 102819, 52770, 80159, 39274, 34395, 73888, 50927, 108513]"
113608,"[96656, 2586, 95017, 69888, 65546, 8552, 15285, 106138, 73261, 40958]"
113609,"[76287, 66486, 45853, 34931, 76333, 33622, 88977, 96552, 47753, 16744]"
113610,"[61254, 19800, 94830, 65272, 104145, 65414, 11656, 84759, 85657, 80867]"
113611,"[35984, 43442, 89059, 30070, 94766, 41674, 71604, 90646, 106258, 50301]"
113612,"[50789, 52958, 14765, 78121, 61647, 9675, 34613, 108949, 21256, 51743]"
113613,"[30565, 15338, 46438, 23346, 34403, 5952, 105070, 57642, 85023, 22221]"
113614,"[72682, 99062, 27790, 91888, 64061, 84217, 78744, 8609, 20772, 105705]"
113615,"[56757, 49824, 90992, 101474, 58975, 80048, 5120, 68623, 57956, 12047]"
113616,"[20671, 9939, 13956, 79054, 72456, 51343, 109076, 26010, 106394, 28108]"
113617,"[90969, 26249, 26184, 107986, 22487, 89747, 15984, 56040, 37870, 34729]"
113618,"[10518, 52468, 20697, 89184, 109330, 93627, 16759, 74679, 35523, 96639]"
113619,"[5047, 38035, 31487, 66465, 2195, 62922, 515, 91361, 69552, 80521]"
113620,"[5536, 81182, 95970, 97394, 7789, 33604, 71223, 105400, 61899, 35654]"
113621,"[105998, 31821, 34377, 92746, 57660, 75660, 108156, 56602, 41833, 98642]"
113622,"[52964, 82986, 41816, 61719, 8463, 37380, 24428, 60758, 104498, 13009]"
113623,"[4193, 24302, 76200, 36137, 94441, 88802, 62710, 103544, 44803, 24919]"
113624,"[32891, 78704, 94084, 72143, 45045, 104068, 17062, 42006, 20591, 106575]"
113625,"[88191, 94714, 44656, 90960, 63814, 92561, 45703, 61822, 7863, 39187]"
113626,"[24545, 46155, 98680, 74576, 76782, 104296, 11077, 104392, 74798, 75173]"
113627,"[25630, 1364, 85691, 79500, 55457, 97112, 23119, 93007, 67684, 64158]"
113628,"[38165, 62378, 26875, 85030, 96693, 95716, 50084, 11269, 73133, 8242]"
113629,"[102286, 74041, 37381, 94590, 20793, 65240, 77847, 40691, 49359, 83578]"
113630,"[87607, 40312, 30086, 41009, 13101, 79155, 22803, 75674, 81939, 30227]"
113631,"[9822, 79669, 108007, 86491, 86376, 9600, 26036, 16060, 37204, 64146]"
113632,"[18150, 11630, 73339, 103623, 38316, 105833, 50978, 26223, 79920, 79618]"
113633,"[106063, 13740, 13463, 13994, 56493, 56441, 43448, 14587, 63247, 57040]"
113634,"[39600, 87415, 19703, 28211, 30603, 41343, 28761, 65584, 102626, 27886]"
113635,"[26635, 93276, 18239, 45993, 2094, 89483, 26655, 102786, 73681, 90732]"
113636,"[70899, 12442, 44325, 5591, 37295, 1255, 32749, 108873, 107952, 44374]"
113637,"[67795, 40743, 90490, 8895, 64141, 37561, 77304, 64057, 94769, 5373]"
113638,"[82624, 106139, 88921, 59839, 54794, 101615, 40247, 20533, 62912, 90116]"
113639,"[35554, 59491, 50337, 34697, 101756, 23678, 94486, 74457, 52117, 24611]"
113640,"[34698, 30534, 47797, 60907, 58922, 86242, 54798, 52913, 7008, 59200]"
113641,"[25311, 78206, 8050, 7734, 68386, 89239, 15508, 36625, 30526, 27314]"
113642,"[59528, 52118, 108166, 25500, 8148, 76831, 24463, 94853, 46384, 68076]"
113643,"[1921, 74760, 54096, 46232, 53926, 26122, 47860, 78912, 74079, 20354]"
113644,"[73453, 62432, 65320, 29813, 67681, 96211, 29656, 23754, 29927, 90714]"
113645,"[16168, 61571, 43595, 97100, 67010, 23935, 48010, 83730, 37859, 14028]"
113646,"[73717, 45544, 83442, 83711, 50474, 46165, 54621, 80528, 101128, 107473]"
113647,"[9284, 20509, 78417, 19624, 65571, 23420, 7138, 34517, 106810, 43149]"
113648,"[18187, 36153, 87969, 8597, 71503, 100859, 59258, 69028, 98397, 100524]"
113649,"[16782, 94519, 23092, 9494, 2926, 73352, 8546, 19108, 102680, 12638]"
113650,"[26292, 4110, 14945, 32196, 75745, 42676, 106876, 107376, 108799, 4416]"
113651,"[33625, 58267, 33607, 53160, 84297, 57759, 72026, 77106, 8300, 85677]"
113652,"[93820, 57350, 29654, 68926, 83750, 98684, 18602, 56803, 49773, 47611]"
113653,"[35915, 30556, 24217, 59637, 264, 105842, 85856, 5947, 105299, 99390]"
113654,"[45964, 56993, 103768, 98004, 60892, 57548, 27900, 32670, 96016, 2982]"
113655,"[68919, 71759, 94339, 2428, 106762, 48886, 104483, 63591, 29920, 30183]"
113656,"[104088, 97381, 35230, 82781, 49723, 106735, 63294, 63286, 3891, 55375]"
113657,"[81808, 29230, 97471, 23662, 401, 12039, 105218, 47133, 8093, 52583]"
113658,"[95468, 10409, 70102, 22807, 28673, 40738, 50005, 18062, 89322, 105551]"
113659,"[102944, 91976, 3368, 28970, 41947, 49682, 58133, 102550, 91833, 37159]"
113660,"[30589, 89940, 54545, 87206, 24963, 44967, 58311, 91868, 10942, 77276]"
113661,"[81473, 43558, 3671, 39188, 57724, 29825, 90545, 77173, 89007, 24556]"
113662,"[71579, 42257, 22022, 2150, 100463, 36176, 529, 93713, 43495, 23355]"
113663,"[91501, 12456, 70110, 34424, 6442, 48553, 40611, 41673, 21854, 45967]"
113664,"[88292, 47624, 65565, 15179, 76830, 46709, 51447, 9720, 101644, 85799]"
113665,"[18099, 76479, 11212, 39552, 37572, 52341, 30392, 74061, 34938, 89939]"
113666,"[36357, 18542, 30940, 59987, 15908, 57061, 42387, 71740, 63647, 105586]"
113667,"[18225, 107330, 72594, 104559, 86387, 98370, 41814, 93031, 82723, 96362]"
113668,"[47873, 55595, 85121, 8294, 93806, 85959, 75252, 83557, 104945, 75258]"
113669,"[64547, 67111, 25112, 33216, 93509, 13516, 3325, 17775, 45720, 67909]"
113670,"[78871, 78469, 42638, 50162, 18408, 50930, 88205, 75311, 41946, 77345]"
113671,"[49286, 79465, 5526, 13, 103891, 14661, 61013, 26715, 14512, 4197]"
113672,"[53345, 31139, 9907, 64159, 87693, 51666, 38307, 6, 92356, 37896]"
113673,"[58224, 44876, 20339, 80975, 19856, 6644, 12662, 2542, 53890, 25606]"
113674,"[51258, 34740, 55480, 90352, 87363, 9084, 35184, 90051, 1005, 69237]"
113675,"[95173, 27455, 47731, 3912, 71041, 63326, 42838, 69790, 95438, 6241]"
113676,"[103918, 44176, 22323, 109321, 38208, 11763, 37235, 14504, 75487, 37225]"
113677,"[15914, 22207, 32115, 3241, 9773, 90070, 90893, 63933, 91969, 104433]"
113678,"[75843, 19535, 39129, 61031, 107234, 72549, 106674, 22953, 105252, 103604]"
113679,"[2226, 3111, 54623, 71571, 35371, 19655, 36060, 43762, 6375, 54872]"
113680,"[14054, 47592, 8406, 40699, 31589, 82080, 5911, 91197, 81960, 73763]"
113681,"[99764, 74307, 87936, 78132, 46054, 55718, 64197, 56983, 4895, 33252]"
113682,"[57264, 527, 74046, 82837, 42295, 16016, 29011, 52509, 105298, 82912]"
113683,"[13561, 66012, 84336, 88034, 62651, 89297, 73487, 77629, 56385, 104717]"
113684,"[52727, 103798, 63619, 555, 10072, 49016, 95419, 64625, 14440, 100673]"
113685,"[16839, 29116, 96935, 18996, 86, 64489, 39554, 29804, 13089, 77304]"
113686,"[29942, 21184, 54203, 100708, 10758, 16053, 8388, 103945, 92235, 84212]"
113687,"[102949, 37405, 92897, 78210, 39999, 83257, 35774, 86026, 30175, 13833]"
113688,"[99553, 90397, 42029, 2559, 48206, 80255, 5884, 27371, 18954, 61657]"
113689,"[67954, 77731, 61169, 49169, 67059, 27838, 46567, 77964, 84785, 76650]"
113690,"[109484, 19131, 24803, 90127, 22662, 70810, 92651, 27592, 22695, 25931]"
113691,"[100172, 84530, 97429, 44915, 1995, 53962, 36393, 37468, 9770, 76020]"
113692,"[72682, 22735, 8609, 20772, 65820, 28988, 99062, 91888, 84217, 46586]"
113693,"[16635, 81671, 102157, 70504, 53290, 50735, 94863, 29135, 5010, 53073]"
113694,"[78605, 83432, 3357, 215, 54958, 60260, 41206, 14670, 85995, 90026]"
113695,"[30255, 102755, 30287, 76798, 91113, 68602, 84532, 31873, 22092, 62081]"
113696,"[58519, 55994, 53986, 95596, 98135, 103952, 61369, 101965, 58650, 102854]"
113697,"[76983, 56220, 88345, 15173, 16206, 59906, 99019, 52051, 74452, 103452]"
113698,"[54742, 105121, 56798, 106116, 103331, 47515, 61096, 13303, 5654, 57830]"
113699,"[76035, 90398, 97388, 60800, 33806, 96948, 43291, 107478, 70372, 85018]"
113700,"[90176, 103967, 84662, 56877, 94312, 57406, 11253, 40223, 38460, 15687]"
113701,"[67414, 48669, 40826, 32879, 106221, 18040, 44425, 87206, 61221, 91418]"
113702,"[53541, 78366, 72498, 105960, 4715, 15773, 51551, 43760, 13328, 86389]"
113703,"[4296, 44316, 49167, 42480, 6127, 101803, 64735, 46585, 71923, 8066]"
113704,"[18899, 77398, 107958, 28368, 34367, 70039, 104541, 21888, 58211, 58317]"
113705,"[59927, 37254, 85868, 31218, 59880, 35041, 32995, 55321, 5618, 102640]"
113706,"[35153, 37983, 86103, 8577, 75284, 90479, 49817, 16763, 104619, 8699]"
113707,"[18251, 62817, 30895, 75594, 52085, 10338, 74027, 86612, 12745, 34855]"
113708,"[78296, 94171, 57820, 40615, 64446, 49977, 102886, 78348, 31500, 34999]"
113709,"[65899, 86767, 23169, 80873, 7167, 5898, 4926, 73829, 97285, 63793]"
113710,"[61473, 29741, 72059, 56004, 38206, 3938, 29408, 50893, 51542, 49594]"
113711,"[108281, 59216, 22796, 102653, 37333, 92236, 54368, 101908, 87213, 12359]"
113712,"[54891, 69239, 39512, 91080, 70087, 105220, 80121, 5158, 89561, 72418]"
113713,"[27033, 56002, 91157, 91684, 13693, 109418, 17444, 55999, 3605, 104255]"
113714,"[67698, 81530, 101921, 179, 77986, 38530, 36966, 84655, 11474, 50641]"
113715,"[9163, 28363, 79093, 33850, 47771, 87523, 85574, 70640, 107577, 100286]"
113716,"[105199, 44369, 33826, 17727, 76543, 38828, 69556, 64062, 53133, 58036]"
113717,"[5530, 36905, 11615, 20465, 12417, 51697, 15566, 21412, 14074, 54476]"
113718,"[6982, 81557, 37570, 104450, 41749, 36349, 107806, 34986, 30586, 93919]"
113719,"[20141, 54294, 65132, 51328, 3971, 10100, 99481, 101101, 14427, 83428]"
113720,"[73192, 80081, 7226, 85583, 68082, 50736, 47125, 8327, 34722, 73354]"
113721,"[46134, 40756, 10566, 9529, 59800, 78482, 29245, 49707, 701, 104326]"
113722,"[66972, 106727, 71948, 63718, 9140, 10963, 54339, 32848, 78394, 81467]"
113723,"[90324, 84955, 77850, 37552, 101418, 32051, 57898, 27849, 5277, 52218]"
113724,"[23857, 21088, 81881, 105922, 51959, 86982, 11022, 63141, 19865, 107872]"
113725,"[47350, 35241, 56088, 87202, 91162, 24896, 79185, 65798, 83734, 103838]"
113726,"[42435, 72244, 46288, 105041, 90524, 33524, 82084, 96040, 22984, 85089]"
113727,"[12147, 11420, 18401, 52356, 105736, 54413, 13292, 102894, 47901, 78846]"
113728,"[86835, 62519, 69382, 21560, 91851, 16065, 66087, 92658, 100571, 92324]"
113729,"[75303, 62265, 64094, 109410, 96075, 66032, 47721, 20360, 105780, 73266]"
113730,"[14079, 29470, 79385, 32864, 31503, 94620, 41039, 14921, 61103, 58074]"
113731,"[11249, 63286, 97067, 12695, 88896, 35469, 10281, 44498, 58284, 76423]"
113732,"[11102, 66970, 43272, 61672, 74169, 95151, 7523, 15267, 36478, 3430]"
113733,"[8666, 63339, 7425, 84277, 41530, 31651, 57535, 73628, 108743, 29455]"
113734,"[88591, 69854, 27477, 43282, 51775, 76277, 84577, 21861, 104372, 23824]"
113735,"[57807, 27231, 87757, 93889, 78633, 67287, 735, 101052, 3077, 13803]"
113736,"[94015, 98904, 24358, 18882, 14480, 12704, 99157, 102667, 47521, 40139]"
113737,"[35346, 36080, 22996, 78294, 65311, 35468, 17176, 89030, 63752, 19138]"
113738,"[16591, 99187, 70502, 27436, 7322, 56658, 108431, 19016, 99973, 72603]"
113739,"[86320, 62430, 61068, 59549, 93986, 101053, 347, 80967, 19310, 105409]"
113740,"[55810, 97108, 20244, 43103, 15211, 39669, 96648, 96867, 99504, 11725]"
113741,"[44973, 52664, 77921, 98849, 95755, 41835, 66356, 73132, 15635, 465]"
113742,"[11411, 76739, 99997, 44500, 85796, 87178, 25129, 81810, 88812, 60837]"
113743,"[109526, 1185, 97575, 2573, 59589, 93573, 54324, 48433, 6964, 28816]"
113744,"[89873, 97547, 82165, 83108, 26554, 47409, 76649, 90318, 68491, 28018]"
113745,"[57361, 19215, 2639, 69796, 13036, 107678, 7497, 101933, 35942, 36250]"
113746,"[71818, 92630, 99621, 89646, 73821, 27351, 43544, 83371, 103637, 38083]"
113747,"[108977, 27050, 43163, 3574, 100796, 13134, 83551, 41580, 67853, 90003]"
113748,"[18805, 10215, 19522, 47419, 105419, 53204, 35801, 86542, 78828, 84376]"
113749,"[109480, 29742, 106013, 4204, 739, 88869, 100974, 41765, 33743, 95858]"
113750,"[98527, 90195, 48804, 107093, 16881, 74758, 58227, 10225, 39186, 40621]"
113751,"[6175, 59687, 6486, 92486, 54318, 71215, 44231, 68153, 14105, 69683]"
113752,"[25711, 50550, 17924, 47663, 19245, 106093, 56185, 76500, 72792, 14175]"
113753,"[65932, 40905, 31103, 74222, 62116, 30958, 95929, 105805, 106691, 43881]"
113754,"[46788, 70277, 86292, 72540, 37693, 47905, 105964, 69772, 68316, 27321]"
113755,"[34998, 36275, 96134, 44502, 47829, 49784, 74739, 78892, 20569, 55541]"
113756,"[40186, 106569, 7345, 61353, 77267, 78779, 78226, 108032, 65858, 712]"
113757,"[62492, 52564, 623, 107314, 31348, 7263, 78056, 103028, 42870, 71657]"
113758,"[90203, 53197, 75411, 84552, 36101, 28266, 86722, 57823, 43430, 94710]"
113759,"[90439, 105738, 21734, 54625, 93105, 20059, 13314, 61117, 70847, 17079]"
113760,"[108020, 1053, 98995, 74937, 10551, 69650, 25608, 5484, 86316, 6191]"
113761,"[100625, 93182, 28864, 85572, 59548, 84293, 17386, 11258, 30677, 85161]"
113762,"[101145, 20058, 87477, 62123, 102464, 90010, 24331, 92023, 98715, 67211]"
113763,"[5259, 34496, 55071, 108990, 9704, 58314, 93659, 96399, 23149, 62024]"
113764,"[58554, 26284, 92999, 56476, 50116, 64920, 64971, 49970, 58306, 58124]"
113765,"[60397, 93563, 106216, 52642, 65055, 74363, 31885, 21213, 24935, 17104]"
113766,"[19147, 61795, 52165, 66885, 9991, 21966, 73138, 38926, 7173, 6668]"
113767,"[59754, 93229, 86815, 61080, 1025, 49924, 48098, 94305, 50298, 17429]"
113768,"[19973, 90007, 90673, 8499, 51449, 33687, 21113, 37667, 5414, 102036]"
113769,"[34563, 100570, 99670, 107638, 40057, 46719, 95590, 1223, 76638, 75982]"
113770,"[88190, 78434, 78074, 73887, 53665, 81251, 92909, 84375, 18, 8033]"
113771,"[47010, 36874, 78148, 86831, 79409, 37873, 102720, 4725, 99913, 27929]"
113772,"[107495, 34329, 62362, 35441, 6887, 68862, 55026, 104337, 98362, 71765]"
113773,"[83589, 2519, 104233, 90035, 45017, 7419, 90464, 42342, 96030, 86453]"
113774,"[15686, 71012, 68191, 31922, 102166, 6140, 19952, 22844, 104491, 18766]"
113775,"[49689, 3361, 86582, 27209, 10684, 90168, 101113, 40647, 48657, 107722]"
113776,"[95568, 106214, 91163, 51796, 34851, 33458, 51756, 7473, 75535, 41209]"
113777,"[20478, 52639, 85165, 27016, 3516, 109477, 77336, 74349, 67829, 49181]"
113778,"[77814, 11060, 100042, 97666, 20934, 85374, 58245, 28284, 19276, 76813]"
113779,"[85338, 37799, 51268, 97618, 43267, 39039, 66565, 63248, 2810, 4586]"
113780,"[97238, 94938, 99829, 95460, 35853, 18321, 43412, 21004, 52292, 3570]"
113781,"[9095, 95920, 105026, 62989, 104809, 50213, 32320, 56850, 54301, 53734]"
113782,"[103129, 27640, 99696, 57381, 90142, 31534, 87681, 42712, 70860, 14967]"
113783,"[33248, 106648, 60022, 87335, 64934, 94031, 74722, 69093, 67725, 33971]"
113784,"[55168, 63062, 16587, 9367, 102275, 93083, 21668, 7289, 86945, 32289]"
113785,"[38028, 32810, 91556, 26783, 37607, 47824, 28837, 71558, 10588, 13045]"
113786,"[23669, 104449, 36544, 102632, 79359, 79713, 423, 76601, 8757, 72670]"
113787,"[54169, 84822, 16212, 84673, 70693, 80716, 107048, 11430, 89703, 68986]"
113788,"[86505, 31342, 39726, 81899, 42934, 77771, 64507, 87975, 2642, 10895]"
113789,"[32350, 55785, 54342, 41065, 58216, 70679, 55921, 38610, 80008, 105250]"
113790,"[61334, 30727, 46125, 82884, 101431, 98356, 68196, 92673, 67039, 58070]"
113791,"[42845, 90082, 9638, 49713, 99924, 72561, 49172, 31136, 14961, 7562]"
113792,"[63446, 102187, 35400, 33316, 78826, 14591, 794, 76803, 5082, 14754]"
113793,"[2298, 3572, 78867, 93546, 93819, 46468, 19736, 1844, 75948, 9366]"
113794,"[18146, 91452, 106556, 9561, 5959, 77566, 10809, 55159, 107091, 70349]"
113795,"[100626, 76282, 23024, 92588, 10823, 63486, 106112, 70224, 68650, 5652]"
113796,"[41500, 105096, 68181, 56526, 13075, 37816, 84113, 35997, 74101, 58728]"
113797,"[95544, 16998, 19222, 92243, 17241, 7821, 74746, 5401, 91283, 43826]"
113798,"[48990, 561, 88861, 100153, 103040, 102333, 2920, 30991, 92545, 27742]"
113799,"[57357, 66888, 58903, 84180, 13472, 44645, 45218, 91787, 99831, 101714]"
113800,"[39150, 104436, 94233, 48033, 34628, 54009, 26192, 81369, 43096, 55145]"
113801,"[71, 48857, 62857, 16860, 101985, 65035, 46676, 85504, 26952, 91956]"
113802,"[52037, 105082, 47775, 13216, 12777, 11066, 64578, 80703, 20770, 16670]"
113803,"[7825, 78298, 11697, 105396, 104816, 79044, 27595, 44298, 6157, 69007]"
113804,"[86805, 97603, 70364, 3835, 88971, 93231, 18362, 44019, 21282, 2400]"
113805,"[37267, 22950, 40676, 92418, 12701, 94383, 44517, 17235, 19523, 56260]"
113806,"[35582, 86402, 99205, 59677, 83145, 88969, 59233, 97532, 102837, 25064]"
113807,"[28383, 78072, 82036, 50227, 45038, 55919, 37744, 27267, 55127, 57411]"
113808,"[7053, 19546, 93809, 107301, 92185, 67541, 56003, 23802, 38745, 86097]"
113809,"[9459, 101089, 25800, 46493, 64011, 109100, 54869, 32184, 92254, 8536]"
113810,"[73405, 105037, 102985, 98106, 54534, 71664, 84116, 71172, 49259, 8220]"
113811,"[108453, 37986, 13278, 11991, 82819, 58527, 98371, 43521, 39246, 97587]"
113812,"[38397, 104134, 15080, 11265, 10422, 23601, 59017, 23145, 7508, 78463]"
113813,"[53693, 86036, 105313, 107123, 17129, 36980, 100278, 69615, 35636, 86230]"
113814,"[88744, 68811, 28248, 81565, 43531, 100627, 6339, 17168, 75014, 2289]"
113815,"[13264, 105864, 68547, 23318, 82896, 8257, 42634, 4431, 46126, 45595]"
113816,"[63328, 78000, 19213, 13393, 49181, 72543, 85945, 103549, 30204, 97927]"
113817,"[35483, 38935, 73222, 40002, 40481, 28291, 96837, 63120, 103925, 61051]"
113818,"[28756, 107183, 31518, 99494, 103234, 46689, 17846, 2806, 40406, 43832]"
113819,"[50620, 42842, 80059, 41026, 28880, 75211, 89860, 38433, 99409, 25019]"
113820,"[70049, 39649, 28120, 48485, 46392, 59341, 43466, 21483, 12205, 80401]"
113821,"[58064, 17708, 41148, 96756, 40282, 39887, 204, 41908, 19828, 59914]"
113822,"[39151, 47301, 44539, 29441, 5854, 76095, 108510, 21210, 75189, 108406]"
113823,"[21283, 102150, 40554, 66914, 85991, 69066, 6924, 33256, 39016, 13486]"
113824,"[72163, 66943, 50045, 50602, 53966, 87941, 26618, 9651, 83625, 92974]"
113825,"[63617, 102176, 63167, 73129, 5693, 30825, 95534, 63542, 88526, 59560]"
113826,"[84640, 91803, 73682, 55092, 69812, 79771, 107448, 33662, 18827, 102796]"
113827,"[7317, 57215, 87107, 33082, 19114, 77907, 98414, 79996, 66974, 61908]"
113828,"[109758, 99154, 2832, 96133, 20659, 12684, 15375, 48156, 63466, 86460]"
113829,"[90085, 64044, 106882, 82747, 94706, 108041, 29222, 14957, 90610, 76237]"
113830,"[103252, 9184, 70846, 83644, 36461, 5737, 56447, 91838, 93396, 23268]"
113831,"[61307, 42177, 40257, 700, 73109, 11580, 85710, 13729, 9816, 20337]"
113832,"[48605, 42889, 29867, 29368, 1661, 49584, 29444, 46635, 83830, 85204]"
113833,"[70858, 103018, 80054, 29061, 27867, 11192, 41369, 101606, 31655, 64729]"
113834,"[76041, 29237, 106161, 65093, 37842, 47111, 21317, 53590, 16051, 18740]"
113835,"[45914, 83518, 87620, 60452, 45203, 69694, 107704, 88154, 54215, 70335]"
113836,"[55634, 86095, 83934, 108638, 40481, 66865, 75553, 39731, 100000, 79837]"
113837,"[98556, 46971, 37400, 107233, 98468, 76203, 39913, 32046, 26775, 76901]"
113838,"[78042, 12404, 101818, 60226, 48148, 40003, 16114, 97177, 69733, 85807]"
113839,"[108148, 10276, 61058, 105598, 11393, 34051, 16654, 2646, 90210, 23220]"
113840,"[98084, 102279, 68838, 22418, 107087, 16253, 44791, 66199, 102510, 98413]"
113841,"[64712, 8341, 3964, 61114, 62258, 20046, 72506, 52605, 25171, 68684]"
113842,"[95924, 24461, 63423, 14393, 3289, 79828, 9221, 84308, 78565, 5228]"
113843,"[52189, 37008, 13011, 88571, 17190, 47385, 68157, 34286, 59588, 103302]"
113844,"[67397, 103372, 79593, 93846, 34133, 66448, 35760, 43370, 42628, 51648]"
113845,"[67550, 27353, 43225, 16841, 59092, 43627, 17709, 36098, 102160, 77440]"
113846,"[88624, 18634, 106847, 81270, 101677, 68276, 101483, 33453, 23794, 105062]"
113847,"[96290, 60005, 48432, 12421, 39598, 66800, 103026, 80464, 106418, 71161]"
113848,"[99702, 27717, 17301, 86535, 81538, 36534, 87925, 92264, 58017, 6619]"
113849,"[42383, 70482, 38012, 26377, 11488, 90740, 20662, 75974, 17805, 22689]"
113850,"[17027, 28570, 63088, 53857, 106493, 89740, 99367, 74232, 30471, 79607]"
113851,"[89653, 59330, 33170, 15247, 103392, 2587, 17367, 102650, 43560, 30361]"
113852,"[19691, 41681, 45508, 1381, 94335, 46448, 26083, 85634, 70100, 85687]"
113853,"[50746, 19466, 50773, 79852, 33168, 84561, 100692, 10584, 88130, 63184]"
113854,"[73597, 78147, 6818, 24339, 103903, 42919, 71919, 15337, 93247, 8520]"
113855,"[32470, 19180, 46696, 21695, 25820, 11536, 44053, 107238, 37491, 36928]"
113856,"[16649, 55986, 49473, 30006, 8625, 43597, 42521, 22893, 49243, 35428]"
113857,"[48115, 50010, 2424, 69126, 42802, 3094, 74775, 14086, 33470, 85530]"
113858,"[83550, 92979, 86241, 1927, 20056, 66510, 130, 83088, 85387, 106791]"
113859,"[57461, 106165, 94775, 81872, 109752, 68500, 53906, 31626, 28448, 11322]"
113860,"[63836, 42074, 91356, 58215, 12552, 95514, 77547, 47510, 89597, 50782]"
113861,"[51731, 105286, 39302, 46558, 9081, 45368, 19436, 29558, 34044, 566]"
113862,"[58220, 6672, 77269, 40050, 7645, 82490, 91420, 81260, 77707, 102068]"
113863,"[34374, 67139, 98435, 46215, 106596, 40150, 75402, 5895, 94996, 58611]"
113864,"[101159, 26516, 21029, 16179, 72831, 11635, 10487, 25546, 36092, 44198]"
113865,"[23198, 38834, 55103, 39415, 1623, 99920, 51245, 13749, 46980, 109450]"
113866,"[9422, 105354, 91539, 1046, 33877, 46352, 55216, 23322, 67640, 15478]"
113867,"[73001, 44317, 60630, 24435, 76276, 62985, 104350, 64840, 100823, 69869]"
113868,"[10559, 91069, 51975, 107671, 5379, 3050, 58853, 106323, 73554, 13350]"
113869,"[61918, 18656, 99257, 45063, 65255, 5919, 57881, 56632, 20421, 25991]"
113870,"[83116, 100022, 64650, 86097, 38745, 31517, 60138, 106426, 95497, 20068]"
113871,"[26051, 20309, 12374, 38217, 98857, 25796, 94213, 91457, 108970, 26118]"
113872,"[105527, 71870, 100062, 24370, 60612, 16190, 64322, 20535, 11114, 104752]"
113873,"[29370, 88669, 81578, 50977, 55807, 68234, 42027, 66622, 68733, 57354]"
113874,"[78865, 108883, 5228, 93634, 88177, 54895, 33756, 10663, 24609, 95470]"
113875,"[105413, 77855, 73816, 94681, 96539, 39513, 18105, 26313, 7780, 30712]"
113876,"[40110, 53115, 30785, 103013, 13620, 11408, 31883, 93918, 72412, 21844]"
113877,"[76707, 45116, 25982, 27956, 5767, 86358, 25668, 83385, 79328, 18683]"
113878,"[109133, 90364, 85321, 96614, 71168, 18203, 17133, 40201, 81684, 19381]"
113879,"[89276, 33468, 55413, 10285, 21382, 71244, 22042, 27180, 95549, 64314]"
113880,"[24580, 60799, 82484, 11032, 58591, 76138, 32654, 44281, 70376, 22673]"
113881,"[52406, 75534, 61122, 78810, 45372, 12932, 13620, 8905, 10656, 87094]"
113882,"[66504, 9744, 70910, 79582, 53118, 77393, 51942, 11519, 7224, 74334]"
113883,"[26323, 78618, 59204, 85469, 59962, 69764, 42434, 46658, 60810, 18144]"
113884,"[83872, 16838, 55927, 14532, 72680, 96306, 106338, 20725, 101012, 34143]"
113885,"[95046, 52174, 6981, 71904, 107771, 25950, 2808, 44318, 80524, 21682]"
113886,"[61562, 105789, 19997, 78640, 23021, 20852, 8345, 12773, 97315, 69802]"
113887,"[7785, 78115, 98796, 40585, 16474, 98126, 16630, 28093, 51955, 84747]"
113888,"[77322, 4529, 1468, 22080, 81061, 5204, 24974, 11695, 70828, 101112]"
113889,"[92848, 29424, 80437, 3137, 51331, 71280, 68995, 16956, 99005, 58661]"
113890,"[24844, 84700, 39773, 24770, 38532, 51691, 79608, 59595, 99468, 3094]"
113891,"[106698, 82515, 88083, 50621, 61718, 86772, 22750, 34922, 50653, 59044]"
113892,"[80867, 61254, 26254, 4816, 84759, 9914, 11789, 85657, 81855, 36045]"
113893,"[66372, 76727, 22235, 62050, 43881, 74222, 62116, 6582, 43683, 53366]"
113894,"[65682, 46889, 65764, 21425, 55936, 71266, 108483, 81298, 101540, 29590]"
113895,"[34016, 25474, 100150, 46123, 77592, 84998, 2174, 14869, 96522, 5456]"
113896,"[25884, 61907, 44286, 15400, 34559, 82469, 81075, 31265, 94064, 72927]"
113897,"[57795, 1590, 89630, 22617, 2569, 104948, 57855, 66837, 8118, 76314]"
113898,"[99340, 58862, 108720, 80304, 4640, 48375, 31350, 106425, 65921, 78798]"
113899,"[13647, 89876, 101318, 16310, 76484, 48144, 77577, 567, 28341, 40043]"
113900,"[81521, 54228, 39890, 19507, 72987, 109129, 8999, 108162, 25936, 18255]"
113901,"[60189, 69591, 31406, 76059, 80618, 29198, 43674, 67268, 98448, 99843]"
113902,"[62358, 30776, 44266, 26587, 75631, 102415, 84578, 54684, 80538, 55143]"
113903,"[59441, 93801, 20022, 76943, 39664, 83714, 67863, 107494, 29037, 22237]"
113904,"[30601, 1775, 10741, 4005, 99882, 1180, 23458, 13637, 9884, 60138]"
113905,"[77842, 58141, 87734, 46363, 50775, 71517, 4516, 68725, 5964, 50614]"
113906,"[67291, 69143, 21816, 82236, 52014, 42063, 36957, 20880, 1041, 9408]"
113907,"[28823, 20206, 84403, 53696, 18172, 79756, 88458, 51512, 89770, 50125]"
113908,"[51552, 76322, 93009, 32883, 90823, 82739, 72387, 92632, 39016, 52954]"
113909,"[53853, 68125, 49047, 66325, 96321, 71975, 25997, 69253, 69517, 78189]"
113910,"[84968, 73141, 85536, 76411, 43222, 39693, 59248, 90357, 36768, 77244]"
113911,"[101167, 60928, 44023, 8042, 53344, 93049, 21048, 8136, 65618, 104989]"
113912,"[13557, 50888, 62283, 94784, 41706, 18754, 56266, 79315, 33315, 45854]"
113913,"[57460, 16794, 40325, 18614, 68473, 82134, 26048, 65563, 80756, 47386]"
113914,"[104139, 76912, 95630, 104957, 26182, 53495, 35835, 106498, 16975, 102251]"
113915,"[37082, 86507, 33305, 41628, 82942, 11781, 31368, 38101, 23494, 51687]"
113916,"[108126, 64205, 103817, 48765, 43642, 39787, 96622, 82141, 85624, 2165]"
113917,"[77147, 25728, 28769, 78513, 105462, 42785, 5971, 38736, 41524, 55900]"
113918,"[76700, 59131, 11909, 55530, 18071, 102748, 31240, 90069, 87901, 95358]"
113919,"[17223, 67868, 105711, 49392, 38073, 6235, 12514, 58392, 87005, 12320]"
113920,"[34581, 68481, 36067, 85294, 41647, 98560, 83928, 21548, 27981, 70555]"
113921,"[75906, 49011, 63117, 73175, 57734, 46227, 60327, 62638, 21497, 104239]"
113922,"[69317, 44587, 30106, 35628, 101657, 51471, 35519, 33738, 102687, 96546]"
113923,"[29474, 40405, 57311, 6143, 106502, 1499, 74914, 29356, 77362, 6305]"
113924,"[44756, 90075, 6445, 87967, 70976, 59463, 101066, 61573, 88698, 63455]"
113925,"[29427, 95737, 33177, 102713, 83954, 38411, 12589, 18349, 107058, 102292]"
113926,"[88099, 28212, 26498, 84935, 34891, 41698, 6492, 20651, 101098, 59487]"
113927,"[86331, 8537, 106130, 54346, 103472, 32432, 5551, 3778, 63626, 96853]"
113928,"[68257, 38948, 2618, 71960, 78420, 35606, 11670, 84760, 87860, 41400]"
113929,"[3611, 93217, 51706, 73089, 98490, 57008, 67252, 1394, 73713, 71319]"
113930,"[95083, 101486, 12056, 70866, 6468, 82612, 20657, 96898, 28791, 47487]"
113931,"[97849, 91033, 89523, 26644, 103381, 21500, 57449, 6794, 88320, 51907]"
113932,"[61471, 73175, 94850, 102747, 34863, 84216, 15649, 80669, 59361, 51803]"
113933,"[106781, 79936, 36120, 74264, 107201, 3817, 19753, 27406, 15235, 27835]"
113934,"[4906, 79573, 82171, 36880, 80722, 80928, 77044, 33741, 24975, 92720]"
113935,"[95613, 91788, 77579, 45672, 109626, 43629, 51104, 21306, 47367, 74776]"
113936,"[2923, 103743, 31196, 74172, 62569, 18638, 8469, 23368, 12658, 69695]"
113937,"[28843, 20280, 23495, 101252, 49565, 109412, 68110, 100305, 54864, 75314]"
113938,"[21482, 38294, 98118, 55739, 102286, 57305, 86153, 9454, 40847, 57428]"
113939,"[81684, 17133, 71168, 18203, 40201, 1418, 109133, 87630, 7107, 34770]"
113940,"[80074, 76483, 24656, 59450, 55459, 106897, 12607, 102000, 92418, 34829]"
113941,"[93028, 80229, 22618, 105380, 14992, 72474, 50397, 20992, 86025, 46556]"
113942,"[80331, 21335, 109620, 65143, 92687, 62809, 98575, 97779, 86382, 81782]"
113943,"[71024, 86508, 57308, 101532, 80857, 66469, 94251, 65467, 40935, 59945]"
113944,"[92063, 84711, 66736, 82249, 94492, 47471, 86705, 63512, 77909, 108458]"
113945,"[77871, 26211, 46232, 26122, 107477, 86812, 1800, 75384, 61698, 34668]"
113946,"[101180, 61458, 101914, 56797, 25588, 59905, 19095, 18719, 95092, 90644]"
113947,"[1049, 19570, 54660, 23270, 42445, 97498, 105988, 51387, 51002, 79273]"
113948,"[73253, 3454, 82470, 74160, 53086, 108424, 106219, 11208, 36111, 49099]"
113949,"[94240, 6458, 80836, 4397, 60593, 58851, 80369, 87157, 43375, 22100]"
113950,"[76310, 24362, 70079, 71497, 102391, 35669, 55821, 4708, 16937, 30379]"
113951,"[50298, 17429, 103750, 77912, 59754, 78512, 86815, 66096, 87559, 10218]"
113952,"[5699, 51935, 36799, 27029, 26132, 101022, 95980, 39556, 14811, 91734]"
113953,"[39214, 43950, 26549, 76149, 34631, 91745, 29613, 86695, 72606, 69682]"
113954,"[93055, 78100, 37484, 81766, 109774, 8408, 85183, 79196, 45578, 49422]"
113955,"[48299, 104367, 22272, 5525, 103332, 39634, 26595, 46208, 68887, 105895]"
113956,"[89599, 88335, 17582, 49881, 8320, 99541, 85931, 8097, 55707, 91049]"
113957,"[15059, 79170, 53337, 60415, 11417, 62615, 9810, 56502, 25539, 91549]"
113958,"[13300, 95391, 105918, 41432, 39512, 19970, 87394, 89304, 56773, 26310]"
113959,"[91539, 105354, 9422, 12360, 66128, 46352, 32996, 2598, 67640, 15478]"
113960,"[3733, 38096, 72307, 6292, 22060, 71242, 102376, 75783, 89214, 8907]"
113961,"[40568, 23307, 93613, 66159, 57081, 20326, 61115, 32366, 67947, 82482]"
113962,"[47756, 69643, 78541, 104877, 76793, 108187, 70246, 20411, 36304, 5449]"
113963,"[28817, 104796, 25843, 55149, 24865, 19891, 96955, 76596, 46920, 77326]"
113964,"[1855, 101166, 6408, 23995, 10499, 2066, 106663, 45312, 106697, 67721]"
113965,"[54857, 70043, 109408, 57383, 44001, 10466, 93763, 14541, 108731, 72393]"
113966,"[54161, 73679, 42051, 73049, 24619, 57852, 54035, 50047, 65332, 27190]"
113967,"[49781, 84903, 8579, 80283, 60065, 99809, 59472, 66507, 90762, 58629]"
113968,"[4553, 46436, 24490, 7197, 68662, 64249, 42087, 65711, 28913, 30363]"
113969,"[64106, 6781, 30892, 93796, 24446, 75220, 53814, 10698, 4308, 94238]"
113970,"[39224, 99845, 32624, 104789, 14111, 75026, 75553, 49490, 16772, 1095]"
113971,"[99292, 54370, 70259, 9933, 54869, 73879, 89210, 19172, 93191, 1116]"
113972,"[95984, 36158, 80674, 25885, 101883, 32599, 82767, 72935, 80591, 45380]"
113973,"[46989, 30578, 40313, 85950, 3037, 62022, 102511, 104886, 4798, 67704]"
113974,"[64927, 83528, 35214, 92673, 67039, 104548, 46125, 89068, 16081, 58592]"
113975,"[108916, 4448, 13081, 7111, 106699, 80016, 62491, 13843, 4272, 10041]"
113976,"[102160, 69132, 77440, 10895, 37258, 43225, 22410, 75274, 38665, 27353]"
113977,"[1254, 44668, 32024, 8295, 80113, 35549, 16368, 100132, 24693, 16818]"
113978,"[91098, 91348, 63318, 7900, 37372, 72241, 43954, 74573, 44362, 5547]"
113979,"[77635, 90045, 94081, 20544, 43936, 631, 82082, 22797, 103274, 20803]"
113980,"[90623, 39285, 28349, 75130, 107183, 28756, 19868, 33731, 43399, 55037]"
113981,"[57271, 21544, 14638, 50298, 33159, 77193, 103750, 5681, 24517, 3634]"
113982,"[95610, 11704, 104872, 44436, 1987, 23843, 69564, 92233, 84676, 6083]"
113983,"[81603, 21794, 66645, 87389, 79065, 4636, 72466, 65661, 71081, 53795]"
113984,"[75020, 95485, 97971, 49608, 65524, 43162, 12856, 65766, 47057, 80084]"
113985,"[79407, 77670, 62580, 3807, 41680, 71950, 38951, 41376, 85822, 37964]"
113986,"[96217, 9763, 51003, 70769, 38186, 29609, 34544, 5480, 59992, 85713]"
113987,"[32222, 31717, 94844, 106444, 8849, 107527, 75251, 29169, 8064, 97183]"
113988,"[25750, 93091, 32800, 41054, 13369, 8, 69407, 94566, 28181, 80255]"
113989,"[49256, 10914, 16553, 100465, 39387, 71270, 24187, 30529, 56747, 4819]"
113990,"[41838, 4147, 103501, 84168, 106529, 37682, 68569, 13817, 100865, 3140]"
113991,"[40710, 105388, 73668, 12005, 45121, 107527, 11688, 6176, 66967, 21353]"
113992,"[60447, 2381, 56100, 311, 29869, 101412, 87814, 75179, 37011, 83137]"
113993,"[93915, 86018, 29193, 9429, 108518, 1438, 12953, 102925, 18575, 82775]"
113994,"[289, 47139, 39742, 101439, 34536, 2749, 27269, 86714, 67025, 3943]"
113995,"[61521, 64577, 1410, 69938, 70380, 40410, 23411, 70283, 102107, 30853]"
113996,"[31943, 75130, 7876, 75776, 66412, 17165, 103437, 66298, 76893, 45532]"
113997,"[58038, 44220, 78346, 44079, 14095, 70620, 58118, 24132, 5657, 39176]"
113998,"[76846, 96308, 7191, 85633, 59619, 10653, 76016, 37323, 54540, 99288]"
113999,"[32922, 57753, 11265, 58754, 53968, 82898, 37133, 50840, 98599, 41859]"
114000,"[63555, 103421, 50083, 38496, 97893, 28011, 106704, 743, 36434, 23446]"
114001,"[56955, 106705, 9572, 71175, 104528, 66587, 97645, 70615, 22030, 66139]"
114002,"[16732, 104741, 85095, 9334, 24376, 82752, 41401, 65536, 88647, 65542]"
114003,"[56200, 33879, 98551, 82023, 11746, 15771, 13571, 92466, 63650, 10365]"
114004,"[14140, 75127, 85918, 4441, 57694, 54310, 101450, 31399, 97500, 63206]"
114005,"[79934, 97760, 102762, 44981, 98389, 33381, 54196, 74522, 6457, 34592]"
114006,"[91719, 64682, 48781, 12443, 73820, 50255, 39293, 33416, 22417, 74533]"
114007,"[59600, 48054, 55008, 83616, 87820, 40763, 15110, 94069, 57808, 17927]"
114008,"[41312, 39146, 61831, 57009, 40703, 16861, 36352, 97564, 37971, 2558]"
114009,"[71788, 92281, 96928, 14239, 68883, 47577, 24365, 26483, 23238, 53764]"
114010,"[104684, 107207, 7549, 57216, 97303, 52551, 71962, 65687, 74110, 103456]"
114011,"[90210, 14668, 95432, 16654, 77681, 108148, 10276, 21196, 3580, 33906]"
114012,"[100510, 82383, 92718, 46926, 108618, 34554, 67365, 39451, 11036, 26197]"
114013,"[42446, 62971, 59921, 27280, 96753, 29104, 38028, 82340, 106670, 35054]"
114014,"[60290, 57626, 4879, 101793, 46645, 10066, 97539, 15383, 55863, 52963]"
114015,"[22390, 5256, 23133, 70260, 86733, 26290, 101775, 109731, 23030, 19600]"
114016,"[17574, 89102, 44245, 64726, 30283, 65073, 17505, 90229, 51845, 16930]"
114017,"[33423, 64501, 41877, 66860, 39003, 43481, 35609, 18494, 90687, 46074]"
114018,"[34388, 105240, 92526, 67445, 45083, 77980, 38406, 12400, 11476, 21697]"
114019,"[28673, 89322, 63520, 96054, 70102, 10409, 40738, 73451, 46771, 22807]"
114020,"[58359, 1388, 59077, 86230, 11911, 68132, 26293, 38576, 40532, 107416]"
114021,"[37673, 64852, 65933, 32136, 91946, 82529, 84202, 2212, 103642, 21657]"
114022,"[96536, 45576, 31904, 7343, 19020, 79210, 12569, 64449, 20112, 80638]"
114023,"[85548, 14288, 94439, 45600, 9104, 102108, 48061, 27055, 17868, 99700]"
114024,"[30939, 86503, 106346, 46958, 87268, 45765, 12087, 21606, 4396, 31274]"
114025,"[76095, 100923, 15601, 24183, 2328, 78528, 20709, 40584, 60430, 11576]"
114026,"[29778, 29256, 87857, 55467, 95463, 63539, 72516, 108791, 80365, 19039]"
114027,"[72092, 65839, 54505, 1967, 7450, 10307, 90409, 16844, 44058, 18671]"
114028,"[69753, 77416, 20648, 87156, 10174, 56045, 42294, 34049, 85509, 82850]"
114029,"[70235, 62542, 78237, 8690, 1008, 56723, 3803, 22543, 88560, 887]"
114030,"[66234, 87099, 31121, 42604, 80645, 36581, 23761, 15798, 90371, 98799]"
114031,"[53988, 94049, 105016, 9049, 39771, 84082, 23429, 53034, 109078, 79799]"
114032,"[59054, 87128, 90581, 51472, 98834, 109151, 63761, 57661, 21159, 75645]"
114033,"[37476, 51002, 102951, 17443, 12947, 54660, 27727, 37272, 40478, 37367]"
114034,"[50227, 107615, 82870, 22603, 103771, 105050, 28437, 69337, 35651, 90077]"
114035,"[37599, 12741, 66228, 39164, 32576, 58952, 1842, 31345, 50672, 67974]"
114036,"[103551, 104297, 80947, 66240, 73992, 28760, 73208, 72832, 54698, 360]"
114037,"[84909, 81917, 84320, 85352, 84727, 36336, 55749, 51675, 60184, 20778]"
114038,"[102610, 28396, 17148, 41657, 4213, 22535, 97748, 99031, 54443, 90539]"
114039,"[61872, 5345, 55179, 4251, 69242, 80984, 42834, 81835, 25941, 41408]"
114040,"[77395, 35016, 46751, 28749, 24731, 8684, 109350, 9908, 47895, 89294]"
114041,"[41515, 20864, 106364, 86897, 3179, 36353, 4792, 87976, 54930, 78903]"
114042,"[70493, 101954, 88022, 72527, 60862, 14309, 90648, 46825, 28463, 11185]"
114043,"[86352, 47968, 105634, 35392, 18638, 40874, 44419, 71654, 16083, 109169]"
114044,"[101430, 104387, 54634, 91630, 77069, 15660, 57854, 98499, 10687, 59412]"
114045,"[8884, 49742, 47994, 57116, 97870, 38502, 1546, 2691, 71069, 56868]"
114046,"[24135, 19226, 43708, 53391, 24172, 95002, 62900, 34396, 18296, 81062]"
114047,"[97172, 5624, 100545, 71700, 32946, 50357, 95949, 18445, 96460, 72627]"
114048,"[80655, 23820, 61535, 30493, 18947, 41759, 59597, 39546, 5175, 38550]"
114049,"[46050, 76539, 19754, 59898, 61924, 94874, 32026, 36522, 45692, 74327]"
114050,"[76149, 22967, 70913, 36216, 93186, 90661, 86319, 91745, 8708, 72606]"
114051,"[98839, 103457, 10688, 60826, 108876, 27903, 80319, 81206, 38132, 52647]"
114052,"[71734, 1453, 31045, 42198, 32617, 58208, 83772, 76152, 82297, 3056]"
114053,"[23225, 4786, 7586, 97671, 42831, 106071, 16391, 29510, 88634, 31416]"
114054,"[15761, 7617, 54664, 103140, 47301, 19097, 1274, 49496, 108406, 35023]"
114055,"[49096, 30529, 53710, 38152, 63792, 79166, 20472, 39387, 101789, 7471]"
114056,"[43237, 73344, 94327, 36550, 17377, 11474, 64051, 89306, 81625, 99864]"
114057,"[61491, 13504, 107740, 92903, 13656, 10262, 101036, 107152, 97868, 94643]"
114058,"[84248, 103855, 81653, 23042, 87876, 60035, 66357, 28060, 30046, 10612]"
114059,"[93499, 78308, 101057, 106460, 28055, 98095, 40347, 52264, 52599, 88120]"
114060,"[24435, 14955, 32390, 59915, 3001, 58774, 32921, 54998, 64840, 41716]"
114061,"[12561, 46366, 41672, 88024, 87893, 46991, 14482, 105810, 54984, 27674]"
114062,"[51544, 72929, 23472, 34709, 100322, 104081, 102870, 67758, 75987, 104784]"
114063,"[57541, 4483, 106334, 90883, 25850, 78464, 89061, 32634, 22169, 67043]"
114064,"[80089, 33892, 13585, 97054, 58139, 43805, 98190, 27986, 92140, 30420]"
114065,"[72430, 63402, 71953, 98976, 73265, 68516, 41844, 78109, 39524, 98844]"
114066,"[22087, 61878, 59162, 18385, 26194, 13744, 28985, 81641, 64059, 54735]"
114067,"[93695, 69977, 49574, 68330, 35224, 28974, 78765, 21001, 75478, 61513]"
114068,"[22341, 7139, 84686, 100503, 33446, 17898, 10198, 88548, 6738, 54791]"
114069,"[95458, 51443, 83173, 12802, 2409, 17930, 9089, 98903, 6564, 104213]"
114070,"[7168, 34294, 77738, 29473, 76548, 47306, 84940, 75608, 35757, 22430]"
114071,"[92650, 81319, 62695, 3984, 105870, 38170, 42395, 35156, 71780, 71240]"
114072,"[7807, 81789, 60720, 102981, 53848, 63705, 56679, 32967, 87506, 66515]"
114073,"[102412, 91235, 24303, 10535, 67774, 92207, 71252, 32633, 17172, 26612]"
114074,"[44333, 75155, 82983, 28937, 22400, 1156, 91394, 83570, 23962, 66322]"
114075,"[12102, 41707, 99915, 88559, 62582, 56892, 4967, 89688, 29273, 103842]"
114076,"[695, 90719, 51327, 45702, 48760, 103111, 12152, 50101, 83710, 22505]"
114077,"[62956, 64562, 27833, 45895, 2038, 39528, 41448, 71744, 83221, 4559]"
114078,"[16767, 15671, 97413, 99351, 12111, 53043, 91941, 67807, 68906, 69833]"
114079,"[49502, 21972, 2906, 59354, 55383, 75374, 79726, 99144, 68750, 101944]"
114080,"[41451, 101231, 86282, 77815, 38078, 19845, 100250, 60964, 84044, 88444]"
114081,"[80378, 7786, 60776, 37367, 95052, 5877, 45874, 10958, 39836, 11312]"
114082,"[71859, 109201, 84441, 25140, 18670, 81170, 100576, 91366, 31041, 87101]"
114083,"[37230, 81487, 90719, 99102, 109039, 100171, 9310, 103111, 94418, 11586]"
114084,"[10765, 104514, 52833, 42662, 82112, 36547, 45226, 29731, 13084, 54826]"
114085,"[67586, 3275, 24515, 18754, 19320, 1197, 43612, 87358, 42977, 60694]"
114086,"[24048, 34467, 4051, 91148, 14725, 50028, 32062, 79490, 109416, 10268]"
114087,"[53596, 59935, 92820, 77369, 46301, 18270, 34864, 74170, 59269, 80418]"
114088,"[59723, 99234, 41898, 5044, 82926, 76881, 103702, 81977, 81073, 109132]"
114089,"[42248, 60803, 63584, 99876, 35580, 36931, 102926, 89819, 77392, 12389]"
114090,"[52931, 49909, 5980, 27841, 107061, 20347, 101173, 4687, 30955, 51524]"
114091,"[91935, 82371, 93507, 105629, 83751, 8619, 29736, 6085, 80005, 100071]"
114092,"[88441, 15926, 8991, 60253, 51990, 35488, 18803, 52847, 14442, 96264]"
114093,"[49863, 60721, 12208, 92367, 39950, 75489, 23607, 93361, 59590, 1694]"
114094,"[2752, 30584, 30812, 14386, 58632, 84771, 36307, 28926, 48456, 16534]"
114095,"[15395, 73651, 89095, 72724, 70219, 72667, 80691, 62961, 68521, 14422]"
114096,"[96899, 16163, 22600, 32286, 7840, 70354, 51742, 64262, 97384, 40148]"
114097,"[19073, 41621, 67662, 92564, 59763, 57860, 38675, 62683, 15296, 6014]"
114098,"[88909, 58809, 36180, 88372, 59964, 22158, 1850, 66347, 38381, 3940]"
114099,"[31290, 106945, 94419, 29007, 52559, 109470, 44657, 107939, 9243, 38563]"
114100,"[55618, 40332, 57557, 51923, 4601, 55811, 10375, 107977, 6906, 68835]"
114101,"[88702, 2292, 6744, 57593, 4618, 66219, 53323, 34136, 68229, 89012]"
114102,"[3272, 9836, 24204, 38393, 2096, 89280, 80827, 105856, 64612, 3332]"
114103,"[72805, 101892, 87415, 9548, 12440, 8661, 32994, 8177, 26315, 25090]"
114104,"[39651, 52770, 28862, 108513, 33005, 82494, 74877, 107866, 99742, 48200]"
114105,"[65538, 73499, 47273, 54430, 91461, 67691, 29013, 31349, 70628, 107015]"
114106,"[94144, 49295, 57683, 59957, 54664, 103140, 83417, 88730, 35039, 91939]"
114107,"[63780, 105892, 2170, 78809, 97492, 88684, 60617, 93887, 72291, 54805]"
114108,"[70246, 50267, 61967, 95398, 108187, 20411, 49976, 69643, 99205, 61044]"
114109,"[89602, 95637, 23553, 71922, 83023, 35532, 13642, 19045, 52719, 65113]"
114110,"[58458, 39241, 38140, 77263, 48740, 80627, 93317, 26798, 90609, 39678]"
114111,"[67197, 38537, 61858, 34221, 91038, 55578, 28787, 61959, 60921, 11437]"
114112,"[101644, 9720, 85706, 55024, 101484, 61926, 63426, 90902, 34797, 98819]"
114113,"[70673, 17882, 81975, 97217, 24058, 27528, 13223, 58607, 102690, 25435]"
114114,"[23821, 81876, 109739, 22985, 79203, 65207, 57368, 10459, 85567, 81203]"
114115,"[39640, 106263, 104384, 67116, 87787, 76881, 28169, 54278, 92819, 41898]"
114116,"[17882, 78546, 81975, 27528, 4754, 70673, 8866, 97217, 24058, 89806]"
114117,"[99549, 28238, 100339, 1149, 50752, 66765, 49164, 43963, 87888, 24099]"
114118,"[29332, 80840, 62330, 14224, 74763, 53044, 49238, 98615, 39735, 28149]"
114119,"[74375, 2750, 81947, 7118, 18483, 43498, 31895, 39647, 105392, 10483]"
114120,"[77197, 6611, 11429, 23490, 58482, 71581, 91967, 13715, 109458, 81706]"
114121,"[55651, 91821, 75968, 13729, 46633, 57973, 52543, 20307, 25650, 32704]"
114122,"[6895, 13232, 41399, 62587, 83047, 84618, 48515, 81640, 101561, 82638]"
114123,"[13855, 85871, 37661, 28579, 37962, 30991, 83614, 88861, 44863, 15186]"
114124,"[11901, 84, 83094, 102884, 35246, 25637, 64149, 59264, 101117, 62449]"
114125,"[28593, 84878, 74342, 17407, 74270, 107916, 29525, 6346, 38861, 28330]"
114126,"[98906, 15789, 92420, 22113, 26220, 101373, 5526, 83372, 11448, 79278]"
114127,"[109119, 41031, 79272, 75671, 79667, 78307, 2905, 30015, 1854, 36952]"
114128,"[6999, 78037, 49730, 6129, 7461, 52144, 328, 57723, 57754, 12529]"
114129,"[46092, 1665, 59191, 43483, 95875, 65575, 13001, 67887, 91140, 82595]"
114130,"[33180, 97696, 66857, 9611, 3331, 17908, 87515, 46388, 14941, 29119]"
114131,"[63294, 104611, 96092, 89956, 58284, 38710, 5611, 23369, 92488, 29818]"
114132,"[80047, 52599, 10680, 8166, 80586, 5326, 56095, 19416, 92730, 78308]"
114133,"[46227, 11190, 88682, 94019, 38281, 9720, 14164, 57316, 55063, 45358]"
114134,"[65309, 47858, 18762, 75248, 86348, 80122, 74433, 65507, 88672, 81969]"
114135,"[52847, 71600, 51990, 15926, 18803, 35488, 104704, 13817, 4620, 73778]"
114136,"[47750, 97475, 13884, 99654, 51712, 27982, 57946, 50932, 60870, 22181]"
114137,"[60593, 80836, 22100, 104953, 13057, 30131, 3944, 20973, 75604, 8541]"
114138,"[14866, 4533, 102614, 35065, 99896, 75962, 64389, 67523, 89555, 23469]"
114139,"[91911, 26655, 85298, 21865, 51779, 18239, 45993, 8784, 2094, 43497]"
114140,"[89428, 52838, 47982, 384, 60461, 26161, 31372, 104289, 14104, 52678]"
114141,"[58778, 25654, 63746, 51295, 30603, 15025, 63981, 32795, 81752, 6205]"
114142,"[45492, 105876, 46639, 15967, 22427, 77610, 55967, 106164, 22262, 13685]"
114143,"[79468, 36214, 93000, 73411, 54827, 106575, 28523, 36091, 3859, 9004]"
114144,"[11482, 4891, 75607, 56817, 31953, 79428, 108812, 108727, 64430, 79460]"
114145,"[35379, 31317, 1087, 26806, 53124, 62750, 60334, 88317, 2123, 72638]"
114146,"[81556, 38442, 71944, 17587, 107254, 8328, 89829, 59804, 93363, 9510]"
114147,"[47880, 75192, 49464, 77036, 19284, 3281, 85615, 76251, 24956, 98952]"
114148,"[97624, 75413, 94781, 11484, 101680, 69216, 6603, 94296, 6842, 34092]"
114149,"[66941, 86410, 39853, 46182, 84481, 102062, 94803, 56511, 108965, 1257]"
114150,"[62785, 12799, 6540, 28741, 54402, 11009, 19460, 74639, 62372, 5835]"
114151,"[60447, 29869, 70135, 90061, 311, 68363, 19592, 101895, 39668, 83137]"
114152,"[23518, 498, 11341, 96636, 59788, 43723, 48147, 51257, 66528, 67530]"
114153,"[107116, 30600, 867, 100675, 90162, 4672, 41132, 102421, 11994, 58127]"
114154,"[12315, 49786, 80642, 14567, 19325, 69127, 97370, 12679, 22595, 105790]"
114155,"[97936, 59703, 29015, 40713, 51909, 25034, 11494, 103794, 30949, 67917]"
114156,"[46918, 85902, 61390, 55839, 69636, 45958, 45056, 89242, 6246, 95632]"
114157,"[45665, 92949, 8249, 94410, 8366, 82679, 4013, 94129, 88713, 56204]"
114158,"[59335, 16215, 65687, 83546, 94604, 12342, 107203, 7974, 2391, 97303]"
114159,"[56460, 82220, 56365, 74305, 69577, 2935, 99266, 99866, 37045, 16874]"
114160,"[77612, 78725, 60296, 65468, 102930, 5271, 60816, 31615, 11665, 50640]"
114161,"[92087, 85405, 69827, 67412, 94946, 78080, 77757, 95303, 45538, 3695]"
114162,"[65371, 65475, 90423, 81220, 103542, 40933, 94962, 80178, 87561, 92399]"
114163,"[90759, 42600, 78776, 23197, 17022, 86351, 97723, 94047, 8072, 100298]"
114164,"[41412, 104792, 55101, 39112, 50249, 39749, 22817, 6485, 46997, 55160]"
114165,"[101027, 51865, 82316, 4145, 62395, 79896, 63181, 66723, 95621, 68910]"
114166,"[87829, 40272, 4459, 94231, 20934, 13094, 81195, 109570, 85092, 13272]"
114167,"[67565, 82290, 28827, 76061, 36319, 13332, 14082, 30801, 81127, 7535]"
114168,"[105095, 73445, 29858, 15902, 75520, 79698, 73430, 61279, 29993, 84573]"
114169,"[108349, 46059, 4749, 107392, 107007, 77042, 75267, 91474, 28596, 30684]"
114170,"[97571, 98328, 63357, 30164, 51090, 68538, 3987, 9636, 75500, 26862]"
114171,"[3307, 36598, 63725, 101300, 614, 830, 59862, 15689, 7202, 23114]"
114172,"[39050, 89768, 71932, 18237, 109432, 108636, 18623, 60142, 97189, 51841]"
114173,"[50612, 24116, 28282, 25193, 16730, 55641, 39362, 19906, 70680, 78216]"
114174,"[34495, 86037, 8180, 52842, 5376, 22854, 14322, 99573, 101058, 81764]"
114175,"[98548, 48561, 38214, 30975, 11472, 772, 20734, 5833, 90269, 14980]"
114176,"[93135, 7950, 17892, 33898, 101970, 28375, 2645, 35094, 63035, 47716]"
114177,"[60497, 11288, 101094, 12844, 8885, 40397, 86593, 78682, 21594, 40772]"
114178,"[70862, 44536, 80023, 23646, 16809, 55619, 107766, 84698, 8974, 7846]"
114179,"[85164, 9839, 79966, 52710, 105073, 84012, 54375, 54816, 68515, 29300]"
114180,"[14092, 107267, 52691, 59464, 8253, 52805, 58235, 90344, 19954, 51428]"
114181,"[48858, 60628, 56041, 6838, 19196, 32040, 53578, 56572, 43653, 31929]"
114182,"[5518, 102302, 69209, 37689, 3028, 51998, 282, 36646, 25304, 8649]"
114183,"[2279, 101467, 37507, 96217, 38186, 29609, 70769, 41038, 89021, 75753]"
114184,"[72165, 83630, 55849, 13251, 90863, 81801, 89337, 32270, 95854, 6599]"
114185,"[46281, 36567, 56324, 29578, 27628, 96707, 29502, 34161, 41003, 33539]"
114186,"[64252, 65686, 43642, 106840, 36594, 82141, 15325, 62883, 2910, 34324]"
114187,"[86456, 87293, 80233, 43243, 91034, 31608, 95153, 71073, 97570, 107492]"
114188,"[85667, 99118, 59993, 102561, 99903, 25138, 101591, 54157, 104199, 32142]"
114189,"[82683, 34799, 39906, 52562, 72351, 13629, 17928, 101487, 58888, 3513]"
114190,"[74850, 71790, 88209, 60232, 14001, 68179, 90489, 30542, 48514, 40535]"
114191,"[95281, 86046, 7899, 15967, 109650, 100732, 13500, 75069, 2659, 28991]"
114192,"[23753, 62621, 52291, 33856, 58046, 29440, 66359, 109064, 100529, 98668]"
114193,"[71829, 71408, 52771, 24873, 77173, 55032, 54656, 94641, 90781, 5919]"
114194,"[51196, 63881, 67310, 41921, 82039, 84780, 76667, 105316, 66186, 71267]"
114195,"[47688, 76435, 5522, 33011, 98369, 59488, 2197, 25533, 86007, 40197]"
114196,"[107361, 27439, 91823, 103543, 59346, 96943, 69252, 20037, 63828, 49005]"
114197,"[12546, 107612, 8748, 56347, 64596, 76154, 2750, 92092, 1998, 17962]"
114198,"[60258, 105256, 44717, 54081, 49146, 296, 3827, 79035, 80337, 72785]"
114199,"[55463, 44002, 48522, 83098, 26481, 103536, 91143, 20283, 54461, 47145]"
114200,"[26566, 20781, 83884, 64814, 108763, 41264, 72467, 15526, 14218, 88992]"
114201,"[32360, 45530, 82707, 15775, 95287, 7255, 30722, 104679, 52232, 38864]"
114202,"[54345, 88459, 58217, 23942, 102767, 48826, 12510, 98866, 89572, 45591]"
114203,"[93973, 106704, 50197, 28011, 88516, 54249, 107571, 22313, 92584, 51304]"
114204,"[349, 88896, 109191, 93381, 23236, 72092, 42493, 61298, 78615, 95408]"
114205,"[102029, 49344, 80693, 104150, 74217, 29109, 64345, 107870, 46637, 71930]"
114206,"[96347, 15985, 55993, 83264, 54162, 22208, 7793, 84629, 57987, 46133]"
114207,"[5612, 13837, 77103, 28560, 44773, 34761, 77532, 107218, 75124, 52874]"
114208,"[11079, 36222, 70627, 100148, 2, 96533, 79340, 4367, 12837, 49673]"
114209,"[15316, 52606, 92177, 34957, 29116, 24907, 46073, 87123, 86460, 98938]"
114210,"[46713, 102459, 5947, 562, 29724, 101247, 26139, 51804, 682, 36236]"
114211,"[95992, 22694, 47976, 107865, 72071, 89099, 39102, 89343, 39826, 47805]"
114212,"[5054, 71782, 89713, 106117, 31707, 83175, 75563, 51237, 67821, 71084]"
114213,"[82250, 78265, 73382, 2521, 33317, 46522, 27997, 19958, 40639, 5637]"
114214,"[22035, 42531, 49153, 39057, 68812, 78508, 60133, 14201, 92636, 27402]"
114215,"[1436, 92047, 30814, 42357, 94663, 104058, 96580, 10955, 68664, 70687]"
114216,"[32722, 74209, 16324, 71153, 32779, 107634, 86833, 58531, 84715, 25586]"
114217,"[107680, 19467, 53997, 96060, 106181, 19283, 65528, 58433, 104464, 38902]"
114218,"[17053, 30401, 32433, 18669, 44652, 40748, 45027, 106786, 2443, 109755]"
114219,"[94432, 16916, 53269, 20678, 19061, 80350, 60201, 41811, 86500, 51757]"
114220,"[53807, 74737, 41237, 94251, 55859, 104110, 41892, 102924, 77227, 94937]"
114221,"[99246, 107856, 6595, 83911, 75696, 108969, 95375, 93827, 22945, 47871]"
114222,"[41012, 102189, 32925, 52040, 45211, 5416, 62426, 50716, 46729, 63166]"
114223,"[31370, 35065, 69553, 102614, 105654, 79958, 68096, 52404, 64389, 101936]"
114224,"[20999, 105973, 63514, 48020, 24941, 54988, 93311, 54391, 96309, 17458]"
114225,"[38104, 43768, 33808, 61670, 58449, 71998, 57567, 76742, 20687, 8683]"
114226,"[29198, 9418, 10072, 60189, 80618, 1373, 43674, 67268, 83692, 98448]"
114227,"[10457, 45281, 109600, 40922, 17002, 50466, 37928, 2767, 4915, 91727]"
114228,"[18374, 106251, 76171, 104253, 66978, 94734, 469, 52445, 93153, 48162]"
114229,"[50822, 27529, 38398, 60559, 64890, 104867, 12922, 18526, 64509, 15452]"
114230,"[78814, 61850, 23783, 82888, 12395, 11759, 108982, 36351, 85115, 98342]"
114231,"[27769, 87534, 3444, 83847, 8483, 79289, 84230, 77663, 33962, 1842]"
114232,"[20585, 79005, 95979, 22561, 13504, 73255, 54548, 13294, 107740, 92903]"
114233,"[85522, 56496, 15408, 55562, 108912, 66301, 52644, 9301, 66418, 27849]"
114234,"[71069, 2691, 61159, 47994, 5287, 57649, 7489, 97870, 56868, 79032]"
114235,"[21672, 107623, 88748, 96715, 48882, 101170, 74464, 8203, 31913, 108844]"
114236,"[10131, 15355, 68810, 67234, 102232, 73356, 38311, 46894, 12680, 60380]"
114237,"[85939, 13311, 90310, 106369, 38022, 43031, 31494, 75837, 74448, 61786]"
114238,"[38562, 68527, 29242, 77990, 7055, 22118, 53855, 53452, 81368, 53140]"
114239,"[40587, 29537, 66225, 47354, 82344, 25859, 15123, 18689, 14689, 38632]"
114240,"[100001, 32000, 98947, 82460, 14084, 74778, 93070, 83771, 17086, 5598]"
114241,"[66285, 105575, 72590, 8789, 10339, 77029, 95926, 55263, 17885, 66490]"
114242,"[108825, 105624, 21401, 788, 38606, 4148, 3603, 75560, 38662, 87622]"
114243,"[80237, 102399, 35422, 43046, 42352, 20593, 26715, 88169, 20773, 39862]"
114244,"[109219, 31246, 62205, 12858, 15380, 12712, 65818, 41830, 6920, 44398]"
114245,"[65046, 25944, 64737, 83656, 45018, 73479, 65223, 29239, 103513, 98519]"
114246,"[43329, 38517, 51184, 37077, 16144, 85435, 78206, 44750, 7734, 6186]"
114247,"[89392, 70216, 37369, 106134, 92907, 72078, 109109, 40192, 70237, 6612]"
114248,"[73443, 29938, 1694, 35896, 91384, 78697, 1245, 48832, 99414, 81610]"
114249,"[85626, 61654, 57545, 36346, 44118, 55972, 32002, 98119, 30568, 107989]"
114250,"[38241, 25519, 73426, 38422, 29325, 10088, 57656, 31795, 72111, 22573]"
114251,"[33064, 17389, 102918, 25452, 29728, 4748, 53387, 24814, 86361, 85867]"
114252,"[43118, 85662, 90524, 78526, 42435, 38230, 106246, 82084, 69555, 37236]"
114253,"[18021, 72117, 23480, 39870, 17915, 97184, 88824, 69445, 59977, 13996]"
114254,"[66443, 38330, 91473, 88360, 92669, 53703, 37266, 22042, 27180, 63968]"
114255,"[53676, 33201, 64612, 29265, 9836, 16851, 37152, 107265, 98360, 106477]"
114256,"[61368, 49686, 43332, 98813, 18206, 45968, 85218, 99755, 72589, 32825]"
114257,"[81889, 48501, 50275, 92175, 60207, 16673, 79589, 103729, 106559, 41375]"
114258,"[36992, 50107, 82941, 54186, 96686, 30635, 8433, 81589, 81465, 20181]"
114259,"[72232, 52841, 42145, 7898, 87162, 69763, 5867, 95904, 20853, 49038]"
114260,"[103364, 25253, 16983, 87652, 19177, 103410, 19047, 83688, 100401, 36996]"
114261,"[61605, 102443, 33436, 91253, 6338, 27972, 42232, 23614, 97448, 83875]"
114262,"[12701, 94383, 22950, 19523, 32450, 37267, 78650, 56986, 84021, 17235]"
114263,"[7131, 33923, 44495, 22152, 23170, 58849, 88339, 60878, 95916, 61956]"
114264,"[42798, 74898, 58214, 64653, 106843, 60109, 39638, 23384, 75925, 65101]"
114265,"[29513, 109100, 83901, 3027, 44527, 78075, 45363, 101089, 51651, 73879]"
114266,"[99447, 64397, 4432, 18998, 72791, 7680, 60249, 37186, 1810, 1967]"
114267,"[14565, 21823, 99952, 39948, 78407, 55515, 24658, 19256, 48175, 17963]"
114268,"[9201, 39661, 42873, 46452, 82709, 24866, 28179, 67158, 3040, 21983]"
114269,"[83598, 51889, 99303, 8131, 42194, 16657, 24056, 8050, 16144, 87829]"
114270,"[84888, 35999, 81923, 78222, 99353, 71111, 12139, 76179, 99780, 106513]"
114271,"[16009, 73444, 31952, 70564, 79371, 105966, 57813, 47368, 94686, 38416]"
114272,"[106726, 8915, 68238, 18424, 80767, 55075, 47508, 12440, 3036, 9548]"
114273,"[53933, 71843, 56763, 96755, 68263, 91274, 41886, 28310, 64445, 63706]"
114274,"[71905, 104412, 78197, 44637, 107672, 80355, 76579, 201, 13125, 32335]"
114275,"[84514, 12748, 101421, 16505, 67950, 47112, 31861, 36366, 81728, 105757]"
114276,"[83929, 63534, 63379, 3324, 90552, 25781, 29926, 341, 11257, 1533]"
114277,"[71131, 21686, 70948, 11986, 13244, 106022, 58008, 69596, 56225, 25160]"
114278,"[60481, 31721, 49483, 67809, 12521, 97434, 29945, 41784, 16726, 98355]"
114279,"[26152, 79528, 68056, 48575, 61783, 68692, 51381, 52095, 40151, 54979]"
114280,"[921, 18831, 55126, 92071, 37289, 75076, 86440, 21018, 32351, 29490]"
114281,"[36384, 87953, 104410, 45189, 50794, 95252, 28496, 42713, 19759, 49077]"
114282,"[54676, 95932, 7270, 98096, 21105, 104629, 11176, 65481, 18001, 38437]"
114283,"[93710, 63007, 13597, 72283, 57389, 840, 91701, 109319, 15345, 96069]"
114284,"[86884, 108430, 35460, 69957, 14311, 80058, 78591, 10559, 97504, 58853]"
114285,"[95319, 86824, 8739, 6053, 56930, 96317, 50827, 68826, 3015, 107754]"
114286,"[89304, 36049, 60942, 6307, 59586, 67600, 16812, 70789, 90506, 97601]"
114287,"[104449, 102632, 79713, 423, 76601, 23669, 8757, 72670, 39944, 24996]"
114288,"[79102, 12889, 52544, 43969, 8855, 33942, 18616, 109041, 29541, 88002]"
114289,"[57817, 43221, 64797, 93378, 95058, 88327, 69307, 54438, 33138, 83164]"
114290,"[34772, 76055, 78123, 5333, 81104, 65087, 35035, 39884, 53152, 58410]"
114291,"[13899, 63008, 104520, 99503, 58678, 42843, 41034, 38607, 41925, 104696]"
114292,"[105664, 79000, 30492, 38101, 11795, 96209, 92219, 91451, 86861, 95642]"
114293,"[56871, 97682, 95940, 107602, 102428, 77641, 102042, 2514, 31373, 43635]"
114294,"[60565, 33721, 45403, 87840, 45341, 76051, 75826, 73419, 48922, 14905]"
114295,"[105417, 15669, 12083, 43084, 91783, 63317, 84597, 77474, 106396, 97949]"
114296,"[34862, 91406, 77786, 17216, 14853, 50718, 19783, 8067, 46796, 2019]"
114297,"[44677, 55867, 79470, 101281, 71020, 2565, 40776, 101863, 28690, 5292]"
114298,"[22546, 70714, 107867, 87993, 47338, 88079, 89003, 12009, 88131, 41105]"
114299,"[27818, 113, 100174, 55727, 31658, 25752, 16349, 75802, 103207, 10501]"
114300,"[81540, 3702, 12788, 104590, 19954, 36374, 18959, 77973, 72483, 98748]"
114301,"[15363, 50050, 53838, 50500, 31575, 36131, 8949, 84544, 61861, 35590]"
114302,"[81561, 37377, 107713, 60926, 20941, 47956, 9508, 71754, 83770, 103522]"
114303,"[106634, 67423, 37245, 52323, 104207, 97243, 89272, 60827, 85510, 74295]"
114304,"[14224, 84675, 25683, 80840, 18301, 56590, 98615, 3438, 109673, 48245]"
114305,"[39441, 45276, 86185, 87758, 63715, 25136, 79965, 2679, 90744, 59920]"
114306,"[35910, 21325, 18955, 29654, 35024, 56803, 9042, 25976, 15356, 24491]"
114307,"[74775, 100902, 69240, 84537, 48283, 90548, 47814, 17023, 72448, 18758]"
114308,"[88705, 17605, 72314, 39991, 57610, 67037, 42855, 7932, 44488, 57911]"
114309,"[4656, 86069, 42690, 55137, 92891, 32143, 5060, 80075, 46722, 69169]"
114310,"[5036, 86490, 59571, 76574, 66992, 105405, 23698, 101788, 2672, 89183]"
114311,"[68991, 39100, 13721, 62256, 89171, 27064, 32584, 87814, 75179, 71696]"
114312,"[88984, 101797, 35366, 16167, 95366, 30696, 89382, 16577, 17319, 10387]"
114313,"[43522, 24593, 88106, 70363, 103607, 10674, 63186, 23294, 61379, 83941]"
114314,"[87472, 52889, 65338, 28366, 81460, 102957, 2701, 60557, 83765, 68732]"
114315,"[32504, 8892, 66713, 45948, 106483, 64800, 4426, 95965, 86725, 108435]"
114316,"[75871, 103390, 22027, 62886, 42741, 65442, 68721, 86658, 107001, 12164]"
114317,"[52891, 38262, 35234, 97493, 57087, 45955, 19575, 63412, 23922, 77978]"
114318,"[50568, 108520, 63441, 90694, 36479, 29874, 23277, 57788, 1928, 105192]"
114319,"[18823, 13759, 63645, 55853, 6521, 17473, 27547, 76909, 107819, 21597]"
114320,"[100082, 273, 91906, 23491, 30639, 44341, 85782, 54197, 99057, 105675]"
114321,"[4121, 34824, 66176, 5750, 102223, 22420, 51525, 81099, 18804, 67118]"
114322,"[18674, 71913, 40747, 39262, 96485, 72975, 60139, 43377, 64948, 53493]"
114323,"[64749, 98633, 29644, 799, 6268, 109247, 27323, 47627, 35113, 34742]"
114324,"[73382, 16153, 78265, 82250, 26399, 27369, 63901, 12141, 27997, 8324]"
114325,"[87208, 14967, 88746, 8045, 70589, 30452, 37852, 54940, 70722, 97221]"
114326,"[10413, 105385, 87920, 9717, 94935, 54991, 99261, 52042, 68605, 97728]"
114327,"[24812, 33595, 64128, 21201, 54952, 66682, 78634, 44082, 14619, 89843]"
114328,"[61166, 86520, 95858, 81836, 38190, 17549, 44948, 89152, 71705, 66540]"
114329,"[81994, 50679, 39527, 83971, 26190, 61902, 68004, 7658, 59016, 67983]"
114330,"[57336, 25203, 65695, 59415, 95933, 108028, 1311, 60809, 43731, 88941]"
114331,"[55290, 79301, 81398, 100319, 58251, 72875, 89839, 85601, 43218, 19932]"
114332,"[52947, 95424, 65270, 73880, 101706, 75978, 94934, 56472, 66556, 25220]"
114333,"[86215, 103261, 15674, 55973, 79901, 101902, 73081, 10661, 49677, 29701]"
114334,"[55842, 49353, 3515, 34242, 57216, 7549, 98714, 31409, 46766, 42682]"
114335,"[99956, 104111, 47113, 5263, 89284, 15734, 68026, 35117, 3729, 44810]"
114336,"[26968, 36100, 23691, 27594, 107129, 37792, 44367, 1500, 46847, 90531]"
114337,"[97044, 46975, 107738, 43039, 24626, 103824, 7491, 12899, 22522, 39930]"
114338,"[30010, 94814, 10002, 90105, 27136, 80524, 14285, 11954, 75768, 82421]"
114339,"[1185, 97575, 15095, 103233, 73805, 21144, 81620, 2573, 68597, 109526]"
114340,"[80281, 17834, 26473, 60664, 32027, 1950, 11705, 85511, 27851, 106089]"
114341,"[29785, 38052, 48380, 30611, 101456, 96302, 75874, 78842, 46557, 67356]"
114342,"[1137, 59653, 43656, 65968, 84902, 63672, 35360, 35459, 55345, 66111]"
114343,"[60585, 56152, 91912, 15906, 4191, 34969, 36902, 109507, 27937, 1936]"
114344,"[57860, 89353, 59763, 73587, 93294, 91311, 17225, 102089, 19073, 67662]"
114345,"[4565, 11121, 28214, 93702, 38186, 29609, 56883, 41038, 52863, 4347]"
114346,"[17237, 3825, 30804, 42458, 16593, 105754, 74063, 34944, 6195, 46397]"
114347,"[25952, 97530, 67673, 93531, 91592, 99036, 11199, 20670, 102970, 5421]"
114348,"[36387, 11377, 583, 93830, 6622, 75670, 93935, 61214, 22202, 28227]"
114349,"[41117, 14526, 93756, 24055, 54143, 32417, 41642, 38005, 57100, 106639]"
114350,"[99725, 65997, 66438, 56685, 72944, 31198, 54057, 89864, 5427, 33004]"
114351,"[71030, 81234, 4977, 24245, 94448, 92386, 43568, 13188, 19068, 28401]"
114352,"[95458, 32068, 98903, 51443, 83173, 12802, 52160, 41405, 6564, 90184]"
114353,"[45665, 88713, 15878, 94129, 92949, 37487, 48434, 90029, 513, 8366]"
114354,"[35600, 72639, 106180, 45886, 39411, 107125, 90160, 67580, 51786, 31501]"
114355,"[3532, 17664, 61105, 58614, 13877, 14683, 76267, 85829, 68238, 41719]"
114356,"[20557, 85111, 102121, 36462, 68916, 87025, 102066, 57201, 9556, 26028]"
114357,"[39747, 88388, 63554, 10892, 55240, 69253, 53105, 104058, 7020, 103463]"
114358,"[105709, 21819, 1395, 97210, 74159, 28746, 76577, 46541, 73612, 26720]"
114359,"[103485, 55976, 23809, 66759, 85987, 99846, 94575, 5232, 49013, 19668]"
114360,"[103648, 47194, 60992, 30959, 63462, 90617, 53173, 50260, 39984, 82339]"
114361,"[48978, 91918, 22193, 41318, 64989, 70989, 85557, 30646, 5030, 17873]"
114362,"[54279, 76724, 96420, 32672, 47903, 27420, 69435, 24688, 72518, 7197]"
114363,"[33029, 25856, 40862, 105369, 13728, 38137, 68146, 103630, 20304, 76442]"
114364,"[74608, 19129, 92973, 67127, 94791, 18324, 17718, 54168, 88118, 27328]"
114365,"[93615, 15542, 44459, 31661, 100651, 90147, 2387, 25478, 15022, 23012]"
114366,"[40910, 50803, 2241, 25140, 23993, 49975, 87461, 15880, 59607, 12993]"
114367,"[20587, 78068, 92686, 19102, 30765, 75355, 107080, 60103, 716, 75661]"
114368,"[30911, 85270, 39439, 59840, 54916, 56925, 61200, 9230, 72766, 79232]"
114369,"[46819, 14605, 12629, 87458, 57538, 99255, 88856, 100813, 62993, 80693]"
114370,"[1419, 26649, 1494, 28992, 90112, 57168, 101866, 30228, 81926, 67021]"
114371,"[46843, 50536, 33251, 97599, 81159, 51510, 49767, 23004, 19369, 71160]"
114372,"[65803, 56817, 4891, 33855, 88799, 15003, 98150, 82502, 24914, 53525]"
114373,"[38093, 36102, 44252, 103181, 104198, 93001, 102422, 81009, 4245, 78569]"
114374,"[95380, 24404, 38663, 107306, 89896, 41101, 11989, 67622, 2131, 9920]"
114375,"[78453, 6904, 55913, 88264, 21985, 69234, 75872, 2729, 108217, 35430]"
114376,"[70012, 30685, 39902, 95016, 88831, 22410, 85960, 86925, 69132, 82946]"
114377,"[84607, 13105, 25629, 26928, 44702, 41636, 36725, 3393, 28688, 10576]"
114378,"[67548, 49029, 54435, 51147, 43499, 91055, 88600, 80755, 41543, 12151]"
114379,"[31867, 66995, 105986, 24075, 71541, 44217, 38180, 4446, 90006, 5171]"
114380,"[53510, 70262, 69366, 81854, 91536, 101808, 64257, 108716, 22023, 20151]"
114381,"[31853, 2822, 107113, 56622, 32151, 75790, 107175, 90255, 87892, 78662]"
114382,"[23173, 49910, 54553, 54551, 76248, 29209, 83056, 10332, 26584, 94138]"
114383,"[88874, 55704, 61232, 64650, 89817, 3842, 105328, 22930, 60138, 65887]"
114384,"[83880, 95645, 43527, 101131, 97502, 94242, 25255, 51904, 28610, 98012]"
114385,"[2916, 60027, 60115, 96908, 108244, 33641, 62989, 56693, 105026, 9429]"
114386,"[50213, 74510, 54980, 44248, 20000, 17682, 10398, 71488, 51132, 35430]"
114387,"[48266, 41411, 10369, 20759, 96914, 108480, 59697, 69893, 39224, 19304]"
114388,"[21226, 84323, 7774, 58341, 60753, 23351, 59569, 15681, 1069, 17492]"
114389,"[106518, 47920, 103210, 86523, 86795, 69274, 9242, 42692, 33764, 11347]"
114390,"[48102, 77409, 32326, 95231, 108218, 76655, 91510, 64800, 8069, 37429]"
114391,"[96860, 74007, 31735, 27286, 9766, 58635, 104282, 102482, 96233, 43371]"
114392,"[44609, 78297, 5074, 8472, 4904, 66992, 87259, 68469, 17167, 35351]"
114393,"[38428, 3439, 106818, 95368, 10596, 70411, 65567, 97873, 44065, 81377]"
114394,"[65214, 80711, 97984, 83968, 21135, 85343, 16269, 79501, 23293, 16836]"
114395,"[85323, 25411, 70484, 6103, 73306, 46075, 96725, 30870, 67043, 53940]"
114396,"[24459, 105042, 10639, 48812, 52045, 70424, 41900, 95227, 49835, 54715]"
114397,"[49908, 41683, 87639, 44185, 19240, 86816, 9398, 43434, 47384, 96989]"
114398,"[54671, 56205, 107276, 44430, 32603, 22995, 35797, 33785, 50668, 82756]"
114399,"[23537, 69831, 17953, 35533, 103640, 56563, 109388, 91839, 40234, 29682]"
114400,"[103952, 16228, 54648, 93988, 100880, 6820, 66956, 84382, 7813, 56074]"
114401,"[80856, 90767, 38268, 99755, 38025, 32825, 61246, 38308, 76694, 43332]"
114402,"[12230, 27704, 88159, 62482, 3098, 42131, 70290, 270, 69133, 67043]"
114403,"[26734, 68030, 75829, 12358, 85637, 55604, 67395, 99726, 813, 64924]"
114404,"[34741, 16196, 56828, 106451, 63763, 103294, 59867, 109089, 108711, 23497]"
114405,"[9835, 84013, 23733, 49921, 27917, 72499, 2941, 3519, 3567, 108407]"
114406,"[105157, 42034, 107904, 30103, 46462, 66963, 100780, 2167, 85633, 83052]"
114407,"[93595, 28696, 59071, 31573, 58326, 100640, 106645, 3249, 75904, 51968]"
114408,"[74561, 97854, 80014, 106059, 8755, 54251, 65193, 16200, 98142, 85012]"
114409,"[57723, 91127, 71928, 36877, 7686, 34633, 52185, 6999, 69498, 49730]"
114410,"[89818, 80647, 29038, 99905, 21467, 106848, 29462, 40358, 96543, 80753]"
114411,"[12960, 92416, 99798, 43909, 74610, 68504, 109067, 108061, 43305, 21915]"
114412,"[97672, 46413, 57645, 6101, 19658, 40731, 103227, 21829, 107322, 65042]"
114413,"[6928, 69409, 80452, 93356, 77547, 104609, 42610, 72368, 31091, 55753]"
114414,"[21477, 22590, 65435, 47916, 100720, 73369, 26724, 100596, 106821, 17316]"
114415,"[22274, 11100, 18157, 41007, 57579, 67169, 44409, 48535, 2955, 93661]"
114416,"[53392, 23595, 64078, 85955, 43094, 54986, 4679, 51363, 88357, 13521]"
114417,"[87953, 95252, 50794, 45189, 42713, 48598, 104410, 7957, 36384, 28496]"
114418,"[84941, 90206, 29243, 46032, 98940, 57159, 81884, 104638, 55971, 51529]"
114419,"[10609, 15379, 57999, 33537, 50300, 29499, 559, 62599, 58206, 21073]"
114420,"[22650, 315, 66691, 5786, 102370, 11601, 21016, 91891, 44615, 20962]"
114421,"[26287, 54507, 8076, 20349, 5871, 20244, 36630, 835, 97864, 61870]"
114422,"[50363, 9584, 101704, 2327, 86240, 46427, 43779, 53043, 7753, 73929]"
114423,"[72955, 16936, 3475, 108008, 59359, 8910, 97548, 69778, 13911, 22654]"
114424,"[26478, 77333, 94573, 80968, 76248, 54551, 71789, 99420, 87732, 95236]"
114425,"[75371, 15326, 93118, 96652, 2913, 104451, 48723, 85704, 48057, 98417]"
114426,"[104382, 73978, 40157, 5757, 37344, 203, 106889, 105355, 44484, 31960]"
114427,"[75036, 5930, 103939, 73732, 25848, 51461, 47030, 84738, 94073, 13666]"
114428,"[18204, 15092, 59126, 10270, 65070, 79077, 76791, 12031, 82047, 10291]"
114429,"[69972, 31629, 10487, 52465, 49234, 56605, 45593, 22827, 72937, 105151]"
114430,"[26329, 106394, 104281, 55322, 88534, 4164, 4640, 103379, 22523, 65708]"
114431,"[64774, 63675, 74561, 80014, 8755, 106059, 97854, 82987, 105460, 80999]"
114432,"[3347, 82211, 26150, 47021, 39895, 96858, 2537, 101966, 67191, 33015]"
114433,"[14230, 80091, 38141, 105207, 41294, 44470, 79816, 71725, 62489, 62444]"
114434,"[25503, 89067, 4928, 32175, 63791, 16645, 20816, 285, 90940, 281]"
114435,"[40, 44667, 14762, 38900, 86887, 31956, 31077, 46710, 82365, 42575]"
114436,"[96326, 32612, 71256, 30213, 96734, 45090, 24337, 58061, 89280, 81304]"
114437,"[60652, 22190, 51298, 21405, 81279, 2869, 11250, 55035, 64868, 93626]"
114438,"[84476, 84192, 54657, 102443, 47542, 33436, 36429, 39890, 86983, 27972]"
114439,"[91706, 14531, 57739, 79876, 40181, 24675, 405, 3822, 78951, 15981]"
114440,"[47405, 2105, 36811, 41794, 26418, 49492, 63221, 13335, 53837, 92156]"
114441,"[42919, 103903, 71919, 87718, 93247, 66955, 63812, 73597, 78147, 8279]"
114442,"[92035, 3871, 59250, 46952, 73006, 21893, 75456, 109759, 10828, 12251]"
114443,"[34553, 88306, 87865, 47256, 39884, 94393, 26466, 33667, 24931, 106857]"
114444,"[81366, 60446, 67327, 100249, 36390, 106763, 5076, 38929, 49774, 82329]"
114445,"[880, 91392, 28298, 23194, 46169, 81905, 3554, 23523, 69389, 33899]"
114446,"[92283, 24228, 50359, 20524, 7578, 104996, 38055, 55747, 28104, 56385]"
114447,"[32587, 96833, 13130, 34847, 15521, 18558, 10850, 50728, 74934, 18578]"
114448,"[122, 86659, 61738, 50908, 838, 50572, 30890, 50810, 15807, 86675]"
114449,"[50637, 63229, 14826, 107734, 55569, 63327, 4364, 49040, 84970, 42636]"
114450,"[16650, 106811, 34054, 53370, 29621, 351, 93821, 102287, 69965, 3318]"
114451,"[50405, 52304, 82150, 76026, 90450, 48685, 102922, 107472, 22474, 72787]"
114452,"[43491, 106530, 55857, 18280, 28708, 88342, 80345, 13475, 100881, 32029]"
114453,"[48487, 52375, 61836, 29463, 98186, 83042, 40954, 52514, 108426, 75724]"
114454,"[102382, 78261, 75884, 62077, 63966, 104676, 13896, 103030, 87536, 88013]"
114455,"[55472, 102091, 19525, 14866, 59217, 33129, 69770, 67523, 4533, 102614]"
114456,"[90946, 27758, 79486, 5336, 54221, 82654, 90696, 97748, 44428, 85947]"
114457,"[103560, 84298, 20628, 26006, 17039, 27498, 88548, 2735, 12829, 6122]"
114458,"[81265, 26390, 42092, 18610, 6410, 51007, 99402, 62707, 64604, 59534]"
114459,"[63744, 11825, 61587, 109247, 75265, 95959, 73162, 64166, 72647, 67250]"
114460,"[67712, 61662, 60817, 77906, 91249, 103830, 51187, 43130, 69773, 92881]"
114461,"[17134, 99199, 74912, 82161, 16939, 87216, 105904, 76866, 95799, 50472]"
114462,"[98028, 89032, 5616, 63633, 25980, 50470, 107921, 20716, 107255, 40809]"
114463,"[35413, 94240, 92078, 3382, 62964, 97709, 55805, 104371, 64813, 79293]"
114464,"[67699, 102180, 25943, 31001, 89381, 35604, 99299, 689, 89899, 89064]"
114465,"[6358, 35297, 38259, 24733, 60187, 96678, 58165, 88445, 22260, 98859]"
114466,"[39421, 75087, 13668, 70885, 67974, 63561, 10425, 64499, 14188, 93697]"
114467,"[35006, 89166, 97251, 40495, 105100, 76490, 45813, 23770, 68176, 12310]"
114468,"[51400, 75714, 104505, 28434, 60326, 89338, 3445, 63902, 83897, 58379]"
114469,"[64771, 23512, 44848, 107531, 93734, 67511, 74162, 71528, 88533, 26926]"
114470,"[8385, 65939, 79992, 29305, 62730, 27638, 10595, 30406, 42515, 76735]"
114471,"[46312, 87117, 90931, 39633, 50534, 78601, 4053, 19084, 7663, 47492]"
114472,"[73204, 27394, 33247, 39520, 108746, 45192, 69473, 50282, 86233, 87857]"
114473,"[11329, 96112, 54023, 46271, 33779, 90550, 38555, 86589, 3356, 82682]"
114474,"[27429, 74442, 14861, 46939, 87296, 56945, 80142, 81617, 66745, 49196]"
114475,"[92924, 104930, 56837, 9492, 56608, 23382, 82925, 42554, 47038, 109685]"
114476,"[50579, 14540, 45065, 95124, 20250, 27581, 9087, 69308, 5949, 50016]"
114477,"[104184, 24585, 878, 49797, 83992, 24983, 86529, 10082, 2378, 104735]"
114478,"[81576, 58283, 25912, 95039, 73942, 8190, 99050, 95073, 72895, 89499]"
114479,"[89661, 102369, 17791, 60770, 109301, 106004, 96172, 9922, 166, 34143]"
114480,"[7442, 22594, 6904, 54024, 16171, 69234, 78453, 98501, 2729, 94333]"
114481,"[32377, 1534, 75937, 6903, 51721, 8252, 63212, 67177, 53903, 76496]"
114482,"[24769, 96096, 41805, 66442, 64972, 99484, 66877, 76178, 48683, 95249]"
114483,"[23377, 29846, 12304, 83716, 104127, 28202, 776, 23200, 10248, 63254]"
114484,"[85537, 36986, 58125, 9968, 43500, 87252, 12136, 4772, 35105, 73694]"
114485,"[47005, 74252, 32671, 5079, 8983, 49570, 78201, 66147, 7758, 71949]"
114486,"[50801, 79641, 92986, 52990, 103612, 98366, 91044, 66935, 69760, 29323]"
114487,"[71505, 25224, 95270, 49850, 75611, 12803, 76023, 5734, 85474, 74131]"
114488,"[38308, 557, 52315, 941, 86025, 43332, 7359, 39778, 8310, 99755]"
114489,"[957, 25493, 105820, 54693, 17729, 65688, 76151, 43623, 21337, 52246]"
114490,"[79494, 77931, 19758, 36159, 49400, 14114, 11047, 23734, 18222, 98718]"
114491,"[29410, 13711, 29352, 90957, 85272, 90319, 50109, 58559, 58025, 79054]"
114492,"[55683, 8790, 1413, 14005, 69480, 43993, 35048, 99196, 14580, 90503]"
114493,"[21055, 64710, 7393, 29263, 68164, 59052, 67844, 60980, 99447, 78615]"
114494,"[31907, 62056, 107141, 807, 76647, 49416, 83793, 63461, 64745, 46501]"
114495,"[47377, 19303, 10654, 41899, 4446, 69357, 43545, 105986, 37279, 19714]"
114496,"[35602, 102527, 86522, 84662, 91459, 51735, 67124, 55816, 42956, 10823]"
114497,"[47083, 43719, 80439, 89361, 65436, 56383, 83016, 57666, 41334, 92675]"
114498,"[10795, 96594, 88121, 73561, 83874, 96731, 45999, 19127, 20726, 16687]"
114499,"[58560, 105212, 14785, 54524, 88889, 93986, 95400, 75924, 16981, 28644]"
114500,"[90695, 87438, 11832, 108033, 85448, 39896, 108023, 17498, 94738, 99642]"
114501,"[557, 8310, 33908, 86025, 105851, 38308, 7359, 4926, 73829, 941]"
114502,"[107289, 77937, 101662, 109008, 81771, 40718, 39093, 93954, 108187, 33404]"
114503,"[104002, 51420, 90502, 22140, 42934, 77771, 1139, 50617, 67525, 71519]"
114504,"[5651, 49782, 56137, 30188, 38742, 72125, 17452, 17614, 4876, 72485]"
114505,"[96581, 68425, 10309, 52799, 103427, 31307, 81621, 109124, 13644, 108826]"
114506,"[101815, 65961, 108351, 3088, 10781, 25185, 78380, 97994, 9648, 78556]"
114507,"[26950, 42647, 41017, 8523, 45112, 61639, 47917, 88496, 21165, 106175]"
114508,"[10675, 84791, 51343, 31350, 56619, 106905, 106425, 61608, 108121, 45575]"
114509,"[46111, 80293, 84437, 3739, 91727, 40046, 63833, 103606, 35696, 90193]"
114510,"[97510, 77178, 13930, 52655, 50234, 42251, 37432, 35521, 58270, 98450]"
114511,"[96201, 64474, 42099, 56521, 84862, 77930, 81949, 96254, 37616, 107815]"
114512,"[61697, 15211, 65113, 52719, 45273, 75201, 42317, 104239, 89169, 60975]"
114513,"[14518, 53779, 67464, 46799, 23923, 7956, 97241, 53810, 58525, 61463]"
114514,"[68552, 65254, 17517, 99063, 71237, 46176, 85663, 74243, 52775, 45438]"
114515,"[6124, 70938, 96467, 78678, 23793, 79191, 35857, 45663, 83991, 43065]"
114516,"[36820, 35996, 75019, 88876, 31143, 11161, 31871, 54326, 33161, 64669]"
114517,"[106843, 25360, 89112, 22691, 74285, 63866, 107867, 97588, 57498, 53137]"
114518,"[55580, 8515, 83693, 89702, 2963, 48602, 97666, 72308, 51889, 18192]"
114519,"[49286, 71615, 79465, 56362, 82277, 79856, 14512, 4197, 5762, 26538]"
114520,"[16516, 105645, 26527, 10802, 55905, 24222, 37889, 2954, 68646, 91863]"
114521,"[23738, 81326, 30976, 14207, 47017, 6500, 104141, 68344, 34556, 56793]"
114522,"[71644, 43806, 34615, 34807, 98448, 92296, 47217, 67268, 109223, 10347]"
114523,"[76402, 106060, 1959, 103670, 39042, 38777, 70505, 25932, 99538, 81101]"
114524,"[68278, 11891, 77879, 65332, 33062, 29559, 41860, 45000, 14921, 14755]"
114525,"[102459, 82351, 105579, 17194, 80779, 59310, 26139, 101247, 46713, 86880]"
114526,"[5696, 63133, 528, 6058, 53000, 42755, 58975, 24555, 8788, 77576]"
114527,"[97673, 66250, 52092, 103690, 99628, 24084, 13160, 98473, 71027, 70773]"
114528,"[28956, 1402, 79718, 10954, 24524, 42500, 34355, 35799, 7670, 40220]"
114529,"[16114, 103537, 40003, 90073, 103101, 74078, 104470, 53998, 106424, 17424]"
114530,"[92997, 79667, 78307, 2905, 16363, 45259, 86980, 6565, 97727, 52216]"
114531,"[8371, 28570, 53857, 106493, 77800, 89740, 51667, 68398, 99367, 74232]"
114532,"[97483, 98615, 42459, 104011, 21389, 39261, 98422, 49840, 84496, 29332]"
114533,"[55039, 83659, 91622, 6345, 92121, 55159, 5175, 58105, 63589, 4103]"
114534,"[87622, 88332, 30971, 29214, 15843, 75560, 52474, 100103, 105624, 50661]"
114535,"[62821, 48930, 103031, 85665, 21961, 3168, 16825, 67811, 76801, 40073]"
114536,"[9586, 90965, 10983, 4044, 56889, 37218, 45415, 55465, 75591, 94543]"
114537,"[37511, 87366, 59184, 20829, 53233, 98023, 2062, 104718, 106717, 90011]"
114538,"[99800, 13167, 26102, 57196, 84015, 19512, 64896, 78622, 4299, 38601]"
114539,"[58657, 11122, 47980, 68155, 62353, 6529, 22403, 54031, 103265, 62747]"
114540,"[42329, 100484, 100481, 19081, 20374, 81473, 55032, 24873, 75299, 90781]"
114541,"[26293, 71075, 53622, 4422, 2956, 107416, 58359, 69073, 30957, 79341]"
114542,"[90612, 79001, 72038, 58726, 102723, 78568, 40019, 108736, 17509, 14988]"
114543,"[29960, 35092, 85956, 49, 39032, 52083, 24530, 20211, 96257, 16696]"
114544,"[85408, 899, 98404, 100685, 64839, 2588, 40161, 105056, 55598, 25091]"
114545,"[59439, 84028, 100883, 101287, 9679, 100828, 75141, 91610, 60903, 97049]"
114546,"[29181, 56291, 79120, 80863, 99140, 15073, 35262, 101800, 67891, 3230]"
114547,"[83941, 10674, 97185, 73603, 61379, 18786, 12876, 44393, 108578, 48943]"
114548,"[82677, 6610, 99146, 5594, 86252, 55420, 80686, 67694, 109220, 45307]"
114549,"[85161, 6912, 53324, 42363, 59769, 87017, 103299, 84293, 18008, 11258]"
114550,"[77339, 84762, 22883, 95207, 97562, 87158, 65505, 9182, 51546, 74672]"
114551,"[55148, 3389, 109194, 610, 105032, 41622, 9625, 43083, 76236, 8924]"
114552,"[73867, 11057, 1129, 22671, 58182, 7977, 43511, 56542, 109365, 2609]"
114553,"[85613, 68850, 105975, 102524, 26269, 29757, 70229, 38435, 106103, 65218]"
114554,"[93808, 59510, 19139, 71784, 100963, 4853, 17211, 62828, 39267, 99179]"
114555,"[25577, 84093, 83380, 11480, 47735, 47821, 47369, 106785, 97764, 86905]"
114556,"[57552, 30122, 18818, 103378, 17425, 27878, 85415, 109367, 19431, 45232]"
114557,"[25923, 63398, 21881, 82983, 64683, 13309, 54919, 59122, 28937, 69801]"
114558,"[32706, 11566, 62117, 84883, 66020, 3609, 25005, 42770, 8437, 35902]"
114559,"[96714, 7163, 8549, 91120, 21886, 95528, 46966, 58481, 21398, 14882]"
114560,"[26787, 30974, 8229, 83095, 15, 2988, 25199, 14798, 3672, 41021]"
114561,"[19370, 87369, 6746, 103470, 67619, 20201, 45933, 35394, 80791, 99080]"
114562,"[88857, 53494, 66704, 67383, 96966, 104252, 69222, 42205, 41059, 65552]"
114563,"[63425, 94535, 39660, 88872, 3034, 86672, 103319, 61505, 23093, 60593]"
114564,"[77977, 56810, 10815, 93152, 17132, 96505, 5001, 28585, 32690, 98321]"
114565,"[75065, 99566, 69686, 86609, 75092, 109693, 49054, 37447, 75488, 75304]"
114566,"[102447, 64624, 67994, 90710, 82103, 55734, 99195, 51826, 60530, 45011]"
114567,"[82743, 70578, 63567, 43894, 47424, 3259, 11131, 68448, 81405, 29478]"
114568,"[82493, 26540, 83976, 80061, 78463, 68543, 67200, 35119, 26250, 92302]"
114569,"[40633, 6236, 57684, 82516, 52493, 64757, 54076, 33136, 41891, 73904]"
114570,"[67813, 14024, 18994, 64811, 104807, 72109, 46571, 4435, 43875, 73284]"
114571,"[95172, 22230, 55633, 21141, 84693, 36638, 54886, 53999, 33761, 37346]"
114572,"[33987, 48424, 40109, 95152, 22259, 74131, 823, 14392, 40005, 69569]"
114573,"[61055, 8564, 81545, 104004, 76273, 61178, 54421, 84495, 7462, 85830]"
114574,"[85760, 104606, 108930, 45738, 26212, 70779, 59953, 98123, 59223, 22843]"
114575,"[54228, 96240, 39068, 88983, 25936, 18255, 66635, 72987, 108162, 82635]"
114576,"[21263, 26306, 90816, 104218, 29494, 20060, 69441, 25831, 28523, 16773]"
114577,"[72126, 66500, 29064, 94959, 57239, 66093, 47346, 105067, 52888, 81774]"
114578,"[20502, 100132, 35549, 89275, 104215, 80113, 67424, 27984, 101076, 55801]"
114579,"[94803, 98513, 9503, 66941, 3121, 33274, 108965, 2638, 56511, 32663]"
114580,"[108213, 27775, 52744, 49261, 53439, 76113, 53856, 70539, 81463, 53134]"
114581,"[72470, 25236, 88900, 61112, 8655, 91584, 64465, 79469, 19959, 23546]"
114582,"[17534, 84724, 98815, 67429, 96729, 32194, 35686, 28776, 19356, 21124]"
114583,"[98014, 104557, 58811, 45380, 39055, 45564, 71026, 87307, 26356, 80988]"
114584,"[92386, 43568, 78903, 15866, 20864, 28401, 101732, 41375, 94448, 91522]"
114585,"[84771, 14386, 58632, 56418, 2752, 20254, 30812, 30244, 29786, 19768]"
114586,"[59347, 84281, 103343, 97114, 109236, 39462, 74415, 68730, 17447, 59119]"
114587,"[67412, 61046, 94732, 66534, 87627, 53126, 93672, 29124, 67473, 38779]"
114588,"[26875, 38799, 36976, 5214, 55854, 52022, 42561, 37191, 38165, 95716]"
114589,"[78849, 39202, 80396, 13063, 16608, 11119, 31352, 6749, 24791, 32506]"
114590,"[66543, 97120, 25023, 52431, 67722, 22135, 59040, 44607, 57171, 18893]"
114591,"[102077, 74031, 16182, 38682, 68118, 103995, 91144, 51503, 106922, 14581]"
114592,"[65371, 92399, 28007, 8672, 33413, 80178, 108182, 77644, 65475, 60031]"
114593,"[80055, 32904, 81672, 39312, 64895, 105129, 46833, 33799, 34587, 49932]"
114594,"[47268, 74023, 31832, 6329, 1450, 91455, 35749, 75879, 37106, 91502]"
114595,"[100272, 26554, 33720, 12789, 79631, 25071, 4444, 26838, 45977, 39474]"
114596,"[6784, 69975, 9709, 34886, 86047, 23247, 62465, 41981, 56026, 12003]"
114597,"[93969, 23303, 17494, 49726, 106915, 30966, 31251, 87525, 64135, 25836]"
114598,"[91217, 24792, 3386, 29701, 24768, 77251, 70231, 100994, 83163, 103261]"
114599,"[72039, 54089, 66089, 33940, 55930, 84726, 75653, 34304, 84353, 40248]"
114600,"[980, 90828, 35194, 67701, 35939, 28277, 30602, 40856, 25595, 75316]"
114601,"[41615, 31016, 663, 19431, 41990, 4495, 63442, 1812, 64112, 16969]"
114602,"[4999, 109666, 93725, 69815, 59391, 24948, 96300, 30878, 91593, 89212]"
114603,"[94428, 89544, 17224, 101574, 101338, 24526, 87780, 88308, 70650, 84147]"
114604,"[41191, 24599, 45821, 29391, 74395, 11724, 29407, 88001, 51614, 64332]"
114605,"[12200, 52653, 30416, 103539, 33081, 105547, 86340, 14307, 46816, 1824]"
114606,"[10435, 4033, 436, 61283, 59445, 101798, 43822, 6430, 52943, 28663]"
114607,"[13917, 73027, 24258, 1734, 69433, 23103, 31476, 91279, 67476, 73705]"
114608,"[48544, 81970, 22946, 66102, 88083, 38221, 101018, 101134, 6584, 92760]"
114609,"[30336, 23448, 53557, 45896, 63201, 1641, 84211, 81606, 89535, 60727]"
114610,"[14892, 15866, 76197, 101732, 53224, 57563, 12095, 104271, 58315, 92386]"
114611,"[57729, 45073, 88149, 69805, 75429, 8977, 47000, 37115, 76847, 102766]"
114612,"[565, 17987, 5117, 24839, 108867, 46381, 60812, 39629, 16840, 26086]"
114613,"[57299, 9065, 44822, 50043, 45265, 35762, 101662, 56226, 4344, 102316]"
114614,"[83799, 57054, 180, 50355, 13700, 69191, 38718, 89960, 5499, 44965]"
114615,"[60390, 80166, 43663, 32485, 57210, 70715, 56818, 52712, 59572, 73446]"
114616,"[38545, 101797, 53470, 34315, 61727, 44630, 91028, 35366, 70295, 30696]"
114617,"[95837, 8793, 102540, 83803, 44106, 12660, 92266, 101025, 63437, 12727]"
114618,"[3972, 32119, 12807, 61869, 100794, 25394, 45097, 79209, 45123, 9570]"
114619,"[55517, 22298, 76622, 78895, 26475, 29783, 43425, 13688, 17627, 14750]"
114620,"[63120, 15112, 40667, 105111, 69954, 104770, 36572, 77111, 29150, 86553]"
114621,"[30745, 90795, 8408, 52298, 35820, 91965, 4094, 69792, 34289, 83831]"
114622,"[82515, 61718, 86772, 3447, 106698, 60502, 4965, 34922, 26881, 59044]"
114623,"[36780, 91262, 42665, 49637, 75195, 73978, 5757, 9844, 203, 91513]"
114624,"[6778, 103959, 91374, 56919, 78104, 94616, 17784, 46307, 78185, 63202]"
114625,"[89778, 42325, 23098, 46470, 87030, 64092, 44786, 64505, 52488, 31011]"
114626,"[45128, 94141, 81445, 52671, 73917, 9870, 94682, 105323, 38507, 86043]"
114627,"[10742, 4649, 14179, 62444, 73457, 94172, 66421, 79597, 27310, 46026]"
114628,"[105208, 25085, 58160, 48322, 17762, 6021, 101462, 6012, 29799, 7219]"
114629,"[105530, 61069, 88726, 92203, 12306, 20590, 56653, 66827, 15174, 74796]"
114630,"[95438, 79588, 31280, 34875, 49528, 34305, 19731, 75568, 15443, 18273]"
114631,"[62124, 5253, 100130, 23404, 33528, 84915, 16976, 72442, 89472, 33121]"
114632,"[19616, 38154, 60426, 53069, 83053, 49187, 75203, 42309, 55431, 17304]"
114633,"[8155, 101455, 1917, 48155, 79581, 17211, 32336, 31652, 93808, 71784]"
114634,"[68863, 9852, 4141, 65881, 57521, 95480, 82476, 11993, 3905, 19119]"
114635,"[76630, 25435, 102690, 70673, 21305, 24564, 17960, 87924, 49365, 68364]"
114636,"[86254, 26097, 41155, 46212, 101633, 41067, 65194, 14823, 108865, 100930]"
114637,"[3577, 76, 46975, 109680, 91929, 10090, 24626, 80235, 12899, 69651]"
114638,"[41440, 3136, 42218, 80462, 44578, 18820, 106115, 74006, 105796, 51140]"
114639,"[82401, 103423, 34379, 43925, 107816, 60785, 97274, 46978, 34440, 27159]"
114640,"[54486, 50017, 82920, 89257, 5340, 73006, 44322, 10828, 82547, 75456]"
114641,"[32519, 21660, 46829, 71861, 108133, 96698, 30886, 78492, 34115, 92949]"
114642,"[90081, 28901, 15755, 1188, 20163, 80556, 92739, 91697, 45769, 84746]"
114643,"[3284, 86053, 41583, 59241, 85692, 7416, 346, 82320, 2819, 67114]"
114644,"[63485, 63949, 44219, 24445, 65213, 92183, 89579, 10651, 109514, 85797]"
114645,"[98194, 5169, 8470, 19657, 13869, 89399, 43667, 71767, 36279, 72360]"
114646,"[44519, 32690, 25799, 5001, 6627, 42106, 100835, 20516, 22040, 70674]"
114647,"[31425, 6396, 83623, 107537, 42420, 18548, 83744, 52930, 9298, 45220]"
114648,"[11919, 24653, 101327, 23324, 96958, 5693, 99304, 85829, 14683, 64074]"
114649,"[90107, 64395, 72376, 15579, 40256, 16450, 101259, 49135, 65281, 101115]"
114650,"[47671, 49991, 61875, 108499, 63262, 66319, 66180, 102895, 51351, 6165]"
114651,"[78856, 109452, 65203, 81369, 26192, 57926, 50811, 20033, 43096, 89422]"
114652,"[61075, 7315, 10230, 51802, 101387, 26352, 6352, 107967, 103402, 7279]"
114653,"[10597, 9652, 30164, 63357, 96907, 106027, 95998, 101773, 43251, 96977]"
114654,"[98015, 80873, 18583, 40317, 73920, 63793, 83947, 101106, 98810, 67358]"
114655,"[101194, 47681, 79674, 65605, 82932, 95511, 101394, 44154, 88124, 6226]"
114656,"[17540, 38411, 98421, 58262, 72902, 109591, 95737, 52273, 8175, 94753]"
114657,"[14784, 106179, 99005, 84274, 19722, 83584, 33122, 100561, 38222, 74600]"
114658,"[28468, 49166, 87317, 38551, 97902, 51678, 9765, 71547, 34462, 95211]"
114659,"[64000, 15137, 66381, 36732, 24469, 53024, 24154, 28072, 54566, 105582]"
114660,"[67566, 103981, 84473, 94535, 84823, 40895, 65346, 35121, 55746, 13057]"
114661,"[108389, 9391, 102948, 73678, 42833, 96121, 20801, 56545, 34383, 46368]"
114662,"[9051, 18491, 27432, 38951, 79531, 71362, 95318, 64878, 30484, 44928]"
114663,"[41093, 24101, 83969, 82068, 22652, 33272, 105964, 4624, 25030, 80557]"
114664,"[56388, 973, 74540, 26304, 28987, 96319, 9592, 98754, 97181, 91434]"
114665,"[13660, 99003, 73229, 7971, 2167, 69859, 74547, 94914, 6994, 4850]"
114666,"[34432, 70717, 12880, 84740, 28635, 78336, 1019, 92519, 50105, 7366]"
114667,"[3395, 86532, 99191, 66035, 75832, 37598, 25977, 22431, 48063, 57702]"
114668,"[108783, 39358, 52705, 79507, 28461, 5517, 102321, 99819, 348, 67796]"
114669,"[91103, 106463, 82599, 44545, 80381, 96990, 102996, 60985, 85721, 19692]"
114670,"[101970, 79365, 93135, 90052, 83279, 47716, 47878, 55811, 28375, 68835]"
114671,"[15743, 100183, 50575, 37631, 207, 81763, 105558, 82865, 66672, 52347]"
114672,"[78110, 99405, 36176, 93683, 7461, 60061, 71680, 27658, 2150, 49730]"
114673,"[78739, 79335, 38988, 78178, 20596, 100563, 25523, 6724, 104914, 7143]"
114674,"[69829, 102970, 98974, 25952, 97530, 102908, 67673, 28454, 83420, 753]"
114675,"[21577, 53644, 16933, 46595, 43278, 75901, 78656, 101525, 75632, 98679]"
114676,"[80863, 29181, 79120, 1448, 96046, 37116, 14123, 97982, 99140, 23454]"
114677,"[79603, 24641, 24434, 36962, 7749, 53952, 77995, 65592, 3647, 34505]"
114678,"[87252, 43500, 97307, 57606, 9968, 84193, 12136, 71824, 34762, 83452]"
114679,"[84033, 47454, 66546, 2599, 3970, 80079, 109680, 101901, 60602, 75196]"
114680,"[96829, 80361, 70252, 87836, 71057, 20871, 48211, 77534, 77401, 80289]"
114681,"[33696, 65449, 35790, 89684, 45332, 45837, 34214, 62407, 18860, 92031]"
114682,"[3038, 17376, 82752, 36311, 53025, 104741, 18309, 5932, 83087, 65542]"
114683,"[52657, 24002, 101901, 45666, 40782, 103676, 45780, 77277, 24626, 4320]"
114684,"[27735, 40666, 87830, 94506, 29837, 47504, 106821, 99279, 75167, 7866]"
114685,"[31098, 13451, 34597, 51603, 19366, 51671, 34988, 95086, 8853, 58217]"
114686,"[16012, 21169, 109338, 60363, 21972, 68750, 101944, 86343, 74781, 82272]"
114687,"[37715, 71470, 98823, 28143, 73468, 93735, 66080, 64954, 3924, 109234]"
114688,"[84703, 82856, 40672, 59961, 70491, 65259, 11014, 57990, 80268, 22135]"
114689,"[53126, 69827, 2558, 40703, 57009, 3695, 32778, 42668, 97564, 62278]"
114690,"[41810, 21541, 4404, 88507, 17197, 19088, 87014, 72921, 97835, 5021]"
114691,"[764, 104269, 96567, 90974, 45784, 78938, 6208, 31062, 109004, 85168]"
114692,"[53030, 8154, 107030, 33620, 105320, 97856, 66959, 59188, 105164, 88095]"
114693,"[87175, 22761, 32693, 20486, 105897, 77796, 48177, 11259, 41391, 73453]"
114694,"[67101, 11249, 35469, 69469, 64952, 68164, 65227, 77917, 63606, 58284]"
114695,"[100783, 11092, 48137, 36451, 96172, 2292, 14966, 40266, 15790, 51753]"
114696,"[1904, 11468, 52883, 17892, 13339, 22004, 45527, 90052, 95546, 98398]"
114697,"[105642, 99200, 58767, 25531, 17744, 20904, 40414, 106270, 36866, 21674]"
114698,"[2598, 108314, 98818, 6998, 12360, 37534, 30418, 35387, 32996, 81258]"
114699,"[96546, 53949, 62431, 75187, 83157, 68530, 99617, 28040, 62981, 102940]"
114700,"[79919, 28735, 36563, 41666, 50517, 83791, 29987, 69544, 96931, 80385]"
114701,"[70015, 103384, 54189, 48347, 96418, 80347, 60765, 23406, 36652, 68438]"
114702,"[89221, 2616, 35292, 9015, 105656, 30030, 30009, 55245, 6017, 97626]"
114703,"[42768, 1690, 74397, 27735, 94506, 20458, 7866, 2183, 40666, 95904]"
114704,"[64396, 64142, 74790, 89258, 94294, 15260, 94660, 13302, 84915, 11722]"
114705,"[71349, 44574, 106316, 102009, 45084, 45062, 29149, 92075, 81085, 92847]"
114706,"[64695, 19684, 23144, 34681, 48088, 78231, 1397, 38801, 15848, 108901]"
114707,"[17069, 9249, 58308, 77232, 11973, 66141, 43054, 66575, 41687, 1753]"
114708,"[72315, 102915, 45693, 91720, 38020, 8998, 85261, 19381, 101845, 28245]"
114709,"[45594, 69471, 90543, 14675, 14707, 109720, 13034, 38835, 58737, 29425]"
114710,"[30156, 27392, 36546, 84619, 36416, 52046, 58639, 67890, 89038, 49627]"
114711,"[24621, 72054, 52005, 33760, 34040, 90768, 90409, 45556, 23626, 43400]"
114712,"[106354, 83329, 11078, 93276, 73271, 93095, 28022, 49879, 72454, 102786]"
114713,"[13240, 95240, 60472, 100793, 108134, 74288, 18172, 88930, 84403, 53696]"
114714,"[53722, 73246, 31114, 99854, 29851, 39893, 102366, 68539, 34590, 36831]"
114715,"[22150, 3841, 58154, 78710, 23248, 73734, 32781, 64996, 3925, 14922]"
114716,"[52882, 10617, 75068, 93372, 17969, 12475, 87682, 1426, 27090, 39140]"
114717,"[48930, 5881, 56982, 85665, 21961, 40850, 86568, 3168, 9662, 40073]"
114718,"[58311, 23228, 36, 85643, 54545, 61221, 31771, 90295, 75377, 108109]"
114719,"[84028, 27768, 59439, 50247, 101763, 89871, 1483, 5, 96673, 56380]"
114720,"[30662, 45466, 70032, 65772, 34123, 46389, 67165, 95502, 45041, 17428]"
114721,"[16091, 15721, 88680, 29569, 29016, 72854, 54738, 33225, 65362, 92182]"
114722,"[99169, 27706, 89040, 102283, 109243, 79554, 50730, 31780, 59454, 61433]"
114723,"[904, 33036, 8865, 72080, 25416, 29851, 100879, 33002, 40606, 41234]"
114724,"[82870, 102632, 49171, 21907, 69337, 35651, 54070, 94471, 22485, 104449]"
114725,"[68772, 14185, 52740, 9269, 49329, 64686, 25754, 20348, 21061, 58227]"
114726,"[58008, 106022, 6766, 17756, 106167, 43229, 11986, 70948, 82466, 15749]"
114727,"[93859, 59936, 34721, 66482, 39200, 4447, 73644, 99862, 42226, 22617]"
114728,"[75769, 40555, 7979, 7275, 101589, 91980, 99198, 58924, 76457, 74910]"
114729,"[66437, 94737, 76382, 60793, 23721, 52606, 33566, 8521, 80608, 29211]"
114730,"[56553, 42751, 101182, 31846, 98324, 28945, 11892, 105339, 26586, 91123]"
114731,"[63871, 4627, 48407, 30699, 50490, 100837, 53052, 53232, 103863, 88283]"
114732,"[43505, 80908, 93896, 38276, 80215, 24716, 90840, 35985, 19317, 11421]"
114733,"[96601, 85312, 79662, 84150, 46654, 91757, 96412, 51983, 68871, 38863]"
114734,"[1305, 55025, 82216, 61596, 11713, 93423, 69045, 19651, 7285, 14814]"
114735,"[16766, 29398, 56675, 85742, 101304, 25894, 12604, 36798, 42238, 104656]"
114736,"[98323, 54425, 35621, 39888, 106653, 7371, 32342, 85002, 101535, 91372]"
114737,"[28653, 5249, 94420, 78195, 41728, 51302, 106420, 92291, 65268, 53546]"
114738,"[37573, 68901, 35812, 87888, 7665, 5588, 89975, 91064, 3952, 105791]"
114739,"[16508, 87347, 72665, 18093, 4322, 47630, 84689, 78883, 109380, 4834]"
114740,"[21776, 70245, 56510, 573, 16380, 25337, 31140, 36719, 48055, 89069]"
114741,"[108302, 56785, 103366, 51847, 68584, 2631, 87782, 9809, 80508, 107387]"
114742,"[69256, 107959, 49783, 59477, 47826, 1598, 25389, 40412, 38718, 50947]"
114743,"[175, 18641, 25302, 76654, 40547, 68412, 93627, 29806, 66920, 84249]"
114744,"[11731, 82253, 94630, 27884, 109206, 42196, 5879, 94633, 30671, 96720]"
114745,"[63247, 57040, 6578, 75773, 36429, 352, 12885, 8999, 61982, 85264]"
114746,"[28155, 61536, 40018, 3745, 109000, 10924, 76635, 65550, 35713, 51332]"
114747,"[107545, 9171, 85263, 93053, 27397, 58973, 36141, 39537, 71415, 41338]"
114748,"[22707, 82189, 21101, 54227, 76549, 82694, 68473, 92120, 2429, 78052]"
114749,"[68393, 6056, 20310, 95160, 97561, 26524, 50364, 104509, 101092, 35491]"
114750,"[72411, 72910, 103182, 102863, 44056, 11343, 63143, 37940, 27010, 19929]"
114751,"[26832, 78171, 31621, 23864, 65946, 39132, 44873, 54368, 71502, 37555]"
114752,"[27254, 9462, 27567, 1738, 61676, 56481, 78180, 75157, 33123, 53721]"
114753,"[23652, 50958, 100321, 69524, 19507, 5828, 37057, 99868, 9028, 82344]"
114754,"[14338, 94817, 24950, 66347, 37600, 106576, 38381, 36129, 78489, 88911]"
114755,"[65230, 106623, 101853, 90231, 43517, 2091, 77032, 67041, 41866, 71023]"
114756,"[1086, 5380, 8633, 72633, 9173, 105767, 93542, 60779, 94571, 109099]"
114757,"[43315, 7611, 21246, 26979, 80086, 101496, 84890, 28520, 1777, 62856]"
114758,"[101288, 69307, 52484, 38914, 85791, 23252, 3861, 35433, 95957, 16911]"
114759,"[15155, 70780, 23587, 3053, 74832, 59331, 51270, 28778, 65578, 72558]"
114760,"[56597, 64410, 5490, 4377, 88010, 94617, 78500, 77920, 43781, 88336]"
114761,"[68698, 85257, 83465, 66465, 27296, 89773, 69446, 74599, 65410, 63467]"
114762,"[1161, 49919, 85360, 39780, 72087, 83922, 51995, 4149, 47209, 9257]"
114763,"[66389, 15637, 25042, 29929, 78182, 82675, 98762, 41336, 70740, 22196]"
114764,"[78719, 12183, 41754, 19911, 4098, 26583, 84596, 107673, 20613, 81419]"
114765,"[66275, 90089, 89373, 7833, 11272, 1110, 7262, 34750, 105458, 88363]"
114766,"[68328, 37569, 45824, 1841, 29329, 61681, 79656, 20279, 66207, 43803]"
114767,"[97523, 42112, 32399, 99056, 104956, 24958, 27352, 107670, 75469, 1356]"
114768,"[103124, 75825, 21330, 79210, 17323, 68118, 7901, 54815, 74053, 36757]"
114769,"[36164, 55224, 28390, 104130, 26292, 82510, 57012, 98405, 101557, 1863]"
114770,"[11733, 34582, 23201, 19418, 41189, 86013, 40407, 7931, 8959, 43584]"
114771,"[79717, 31756, 101618, 57078, 109309, 86864, 47227, 3887, 32289, 86945]"
114772,"[33177, 95737, 102713, 72550, 29427, 43734, 56272, 9647, 87318, 10167]"
114773,"[1337, 86606, 85398, 76851, 52167, 41761, 100017, 98336, 70486, 101873]"
114774,"[17456, 34638, 30338, 20579, 53174, 27134, 74302, 34442, 22351, 94192]"
114775,"[59438, 103, 66163, 67444, 30807, 24196, 94004, 40617, 42032, 95461]"
114776,"[366, 83872, 9589, 30194, 96172, 42628, 51648, 106338, 83807, 22646]"
114777,"[2498, 16226, 73978, 5757, 13215, 69645, 203, 104382, 14161, 98741]"
114778,"[40468, 5781, 13035, 88970, 104276, 87896, 68014, 103511, 82183, 2507]"
114779,"[66642, 97878, 90527, 29641, 92204, 8877, 89269, 46812, 63448, 8860]"
114780,"[50230, 18931, 99685, 41488, 33260, 16103, 46798, 58411, 51416, 102250]"
114781,"[63999, 15524, 67820, 96407, 53769, 83360, 100239, 97146, 4011, 31106]"
114782,"[48338, 16330, 35170, 50253, 87029, 71350, 82425, 108047, 97560, 73259]"
114783,"[100238, 109372, 85496, 36596, 38860, 42913, 95790, 35541, 19630, 91752]"
114784,"[74519, 62581, 46137, 10152, 24102, 77988, 50203, 42572, 59851, 51422]"
114785,"[64329, 41286, 10202, 97259, 7070, 53729, 107950, 7354, 19653, 59997]"
114786,"[37617, 21615, 60742, 24349, 10106, 50469, 39686, 53503, 39212, 56685]"
114787,"[93892, 35974, 5200, 77798, 52822, 22315, 107449, 65539, 18097, 107714]"
114788,"[89427, 63236, 59101, 90049, 48750, 35847, 91118, 41724, 84002, 44647]"
114789,"[69268, 79117, 108135, 80833, 49915, 68822, 97223, 44521, 49710, 81686]"
114790,"[84837, 19696, 54268, 1606, 36848, 54095, 48560, 82167, 11085, 73746]"
114791,"[38265, 25560, 67836, 84029, 95, 62739, 66926, 80566, 20970, 6858]"
114792,"[21804, 22710, 37885, 10606, 11769, 100266, 60844, 68179, 53211, 36778]"
114793,"[22102, 24443, 49509, 67614, 25255, 85001, 43527, 95645, 39466, 36548]"
114794,"[40531, 98555, 84177, 92693, 37630, 68255, 3498, 77355, 68114, 17131]"
114795,"[68629, 89726, 88122, 21340, 38428, 78254, 109089, 56279, 7121, 58375]"
114796,"[27821, 95805, 79394, 52218, 30246, 5025, 74383, 76355, 44796, 68770]"
114797,"[19102, 16991, 19683, 16644, 75355, 107080, 35831, 77337, 49475, 108719]"
114798,"[94426, 102607, 81520, 68137, 72637, 60312, 71372, 101636, 69468, 27404]"
114799,"[47880, 75192, 49464, 77036, 19284, 3281, 85615, 76251, 24956, 98952]"
114800,"[41964, 32883, 28122, 56481, 71007, 72494, 1738, 65532, 61676, 27254]"
114801,"[12592, 88620, 67422, 95511, 56995, 50118, 99193, 25239, 84575, 15821]"
114802,"[23197, 40231, 108091, 42465, 36006, 64823, 105860, 24396, 36824, 79615]"
114803,"[2814, 105119, 153, 78096, 34808, 52207, 92036, 71338, 42731, 73919]"
114804,"[52588, 96943, 49005, 109317, 69163, 60713, 52022, 76662, 46893, 48923]"
114805,"[87603, 95943, 56221, 109589, 27020, 42527, 13525, 55276, 6783, 81755]"
114806,"[91676, 67805, 107167, 80589, 107217, 51885, 14575, 67316, 63106, 103388]"
114807,"[19979, 55203, 52667, 42205, 51937, 100193, 38466, 71357, 27147, 22248]"
114808,"[31101, 40282, 66307, 16676, 96568, 50358, 99472, 9064, 96682, 40417]"
114809,"[87459, 20476, 46691, 66703, 106405, 54939, 73710, 1559, 14778, 30241]"
114810,"[49126, 108274, 78906, 74075, 43752, 108767, 31506, 37771, 5271, 55682]"
114811,"[30435, 94845, 10256, 70288, 61141, 4198, 78926, 56603, 30531, 23628]"
114812,"[83484, 8063, 15806, 46264, 63950, 45991, 70664, 11007, 3815, 64865]"
114813,"[2918, 106243, 100999, 7075, 55525, 46509, 79237, 43937, 4572, 49597]"
114814,"[64631, 75401, 49083, 103118, 71640, 13073, 54650, 57513, 10208, 72574]"
114815,"[70560, 61641, 42557, 35230, 70981, 73400, 7777, 24586, 7148, 85576]"
114816,"[46228, 697, 58856, 90137, 90153, 38301, 98094, 27186, 43982, 79976]"
114817,"[46672, 92240, 60593, 80836, 41615, 18818, 26327, 67468, 65518, 41497]"
114818,"[42490, 44622, 73999, 5575, 29626, 53168, 78310, 79356, 29662, 49993]"
114819,"[15624, 30638, 74556, 85318, 68195, 90832, 1052, 104740, 74872, 60731]"
114820,"[54401, 71274, 104540, 8326, 32212, 13853, 10783, 35563, 81354, 8148]"
114821,"[48669, 106221, 77324, 32879, 98387, 99369, 54178, 89940, 3939, 85643]"
114822,"[36899, 93196, 1654, 5477, 60353, 104162, 83288, 15999, 32242, 34902]"
114823,"[19350, 71502, 37555, 104824, 46753, 59620, 31621, 108281, 14539, 52860]"
114824,"[88429, 58739, 40979, 89520, 106964, 37234, 79760, 32818, 109022, 12259]"
114825,"[91744, 70345, 23326, 8084, 27446, 73794, 10350, 54223, 95427, 29212]"
114826,"[100696, 4274, 14192, 19902, 153, 11407, 42795, 83304, 26831, 53196]"
114827,"[35208, 16004, 50419, 99648, 56300, 74734, 89097, 5168, 109653, 94399]"
114828,"[101126, 11225, 102459, 38918, 82351, 105579, 17194, 33237, 42859, 35237]"
114829,"[55206, 34842, 89461, 17631, 1015, 91805, 80713, 32250, 97025, 47778]"
114830,"[95331, 71234, 89909, 106337, 82094, 9872, 89093, 52120, 34186, 82585]"
114831,"[100743, 52629, 67818, 59244, 33399, 27758, 24658, 54221, 29514, 4404]"
114832,"[93924, 102744, 105581, 98547, 50165, 107599, 72230, 11975, 19105, 23535]"
114833,"[90645, 58779, 42557, 48179, 53955, 108388, 29358, 35230, 8070, 820]"
114834,"[85769, 2324, 30802, 20591, 42006, 93179, 16883, 8087, 78704, 53100]"
114835,"[16580, 13198, 105152, 64489, 39554, 12764, 60624, 21904, 62001, 29804]"
114836,"[79848, 104768, 84758, 104724, 20909, 78600, 17052, 6177, 59822, 16814]"
114837,"[39698, 64423, 60925, 37418, 85024, 97647, 49964, 99505, 46856, 27880]"
114838,"[68303, 68253, 65612, 6322, 68863, 14195, 49056, 99254, 60708, 67688]"
114839,"[7770, 68092, 43469, 108041, 38618, 68172, 53717, 91580, 104881, 55823]"
114840,"[97350, 21515, 85491, 19999, 88496, 107837, 57572, 9572, 101753, 42647]"
114841,"[26848, 36070, 74975, 13082, 98090, 73090, 52224, 14761, 41956, 57826]"
114842,"[102187, 22611, 30391, 86001, 17031, 73458, 19523, 64655, 10112, 29962]"
114843,"[50612, 24116, 28282, 65340, 104818, 19906, 6254, 76638, 90887, 55770]"
114844,"[71375, 41050, 10043, 84637, 105395, 53103, 30478, 75535, 107012, 106214]"
114845,"[95847, 78143, 85756, 56416, 14200, 16533, 71453, 53237, 7677, 22939]"
114846,"[88275, 90257, 25131, 37408, 63042, 73736, 109554, 59877, 32549, 104272]"
114847,"[39945, 2524, 108419, 1802, 93576, 47106, 56016, 80545, 69168, 40716]"
114848,"[14757, 53957, 8798, 65672, 88759, 82733, 25367, 72249, 51330, 90173]"
114849,"[83521, 90111, 68427, 60574, 89140, 31325, 42105, 18446, 93864, 63090]"
114850,"[74600, 36086, 86367, 84080, 68580, 62387, 83584, 19722, 80406, 26109]"
114851,"[109244, 63551, 36230, 39145, 70080, 68269, 78885, 94777, 91210, 73294]"
114852,"[84985, 20625, 55680, 27619, 65231, 63216, 88100, 77669, 60423, 67808]"
114853,"[73601, 49172, 31136, 19072, 82244, 20157, 2129, 19971, 109106, 31446]"
114854,"[1187, 78899, 42336, 41626, 2579, 108138, 21795, 84109, 54311, 91809]"
114855,"[80085, 18504, 22757, 100766, 73101, 104116, 48317, 34336, 20269, 5022]"
114856,"[867, 6658, 58127, 27031, 73508, 86964, 64086, 2487, 60215, 98075]"
114857,"[92773, 109461, 33089, 74496, 96156, 21616, 26303, 19778, 7475, 8470]"
114858,"[66628, 109172, 81515, 121, 9786, 5299, 38938, 5010, 53073, 49529]"
114859,"[60628, 737, 90942, 19196, 41267, 99071, 6838, 12806, 25803, 32040]"
114860,"[56054, 53116, 92913, 43367, 59525, 107854, 15439, 69100, 46927, 52368]"
114861,"[87076, 24882, 5414, 20338, 56413, 68032, 94381, 90007, 15078, 37667]"
114862,"[63712, 39087, 94747, 77535, 94143, 68670, 20850, 59926, 20949, 40025]"
114863,"[42882, 78838, 37122, 68690, 19285, 27159, 44328, 24378, 10017, 83033]"
114864,"[72777, 107651, 19771, 46924, 50444, 21518, 75742, 14654, 34019, 73286]"
114865,"[31739, 103723, 53750, 33574, 53748, 66910, 38966, 5659, 75226, 94268]"
114866,"[91235, 43418, 92207, 24303, 102412, 10535, 67774, 2303, 107882, 109292]"
114867,"[95295, 33694, 16825, 67811, 58271, 79444, 86377, 8334, 101197, 34503]"
114868,"[21126, 17440, 21547, 8043, 99505, 53948, 89505, 106061, 99607, 9576]"
114869,"[46532, 104857, 17239, 36419, 23433, 10478, 2115, 66255, 68940, 42279]"
114870,"[107710, 94465, 88884, 51556, 88891, 10052, 66006, 5404, 54926, 99985]"
114871,"[2587, 16204, 83036, 43560, 36900, 42397, 91282, 772, 48302, 35912]"
114872,"[105668, 66289, 108577, 38991, 29112, 62263, 75864, 38446, 12048, 68536]"
114873,"[78646, 105450, 36474, 37433, 45509, 76829, 54491, 61827, 107394, 93274]"
114874,"[93261, 15249, 102454, 84505, 96626, 105441, 15043, 109272, 3965, 56244]"
114875,"[98909, 100947, 9588, 77876, 42078, 88496, 104528, 66587, 43383, 72850]"
114876,"[89491, 104284, 64647, 35941, 5637, 36610, 107083, 7567, 66453, 43744]"
114877,"[102666, 59226, 97739, 51820, 61143, 62090, 43789, 32804, 2804, 89586]"
114878,"[39936, 4506, 45440, 296, 72710, 49918, 5726, 22863, 89823, 16296]"
114879,"[20909, 17052, 87228, 97385, 60522, 70187, 32302, 2601, 106816, 70729]"
114880,"[91713, 53568, 87913, 18843, 33064, 51018, 66776, 26946, 87455, 20324]"
114881,"[24771, 103871, 30169, 14033, 65716, 9069, 36656, 42110, 101486, 65008]"
114882,"[26151, 65560, 38801, 54608, 23144, 41929, 40049, 80115, 47569, 80413]"
114883,"[75756, 102372, 58770, 10973, 54527, 63837, 32951, 19284, 66756, 36445]"
114884,"[28825, 75871, 49311, 4853, 84685, 79508, 84131, 79523, 86658, 39267]"
114885,"[1910, 78717, 27113, 104572, 69821, 68416, 86858, 40841, 5601, 18444]"
114886,"[67231, 106910, 78597, 98536, 79045, 67409, 86294, 57395, 91276, 17836]"
114887,"[82295, 107812, 65846, 66458, 59950, 914, 18196, 12922, 69161, 106450]"
114888,"[30711, 63798, 58803, 54602, 23565, 57571, 78333, 61712, 82442, 87794]"
114889,"[17251, 38085, 39509, 42193, 14364, 17024, 18450, 35345, 85142, 39682]"
114890,"[19266, 74196, 57866, 74720, 42709, 42275, 5230, 7961, 105497, 100839]"
114891,"[74090, 35132, 53618, 106449, 10644, 30192, 100316, 58950, 97701, 47575]"
114892,"[75793, 40466, 67902, 8331, 5077, 61526, 55102, 37614, 68140, 51467]"
114893,"[52732, 39758, 88628, 87618, 94008, 22142, 55670, 3705, 102673, 64741]"
114894,"[100231, 91456, 56909, 7644, 464, 12967, 109103, 26052, 61720, 27626]"
114895,"[5384, 7390, 7555, 46171, 48365, 87757, 48650, 13519, 98755, 93889]"
114896,"[43505, 19317, 101095, 42453, 101354, 49492, 93896, 80908, 35985, 83469]"
114897,"[48427, 86487, 11356, 17594, 42947, 108068, 103024, 106383, 50578, 88214]"
114898,"[28179, 89481, 15735, 2431, 85634, 1381, 67158, 39661, 9201, 36485]"
114899,"[38384, 62073, 23104, 93198, 78331, 8531, 49345, 89219, 27816, 66623]"
114900,"[54739, 72653, 74117, 109039, 61740, 32406, 12824, 5485, 89878, 31926]"
114901,"[9219, 68059, 35685, 75864, 75950, 97637, 35563, 88552, 48051, 81354]"
114902,"[46292, 40881, 105727, 22948, 4226, 93418, 38750, 41416, 105218, 13396]"
114903,"[95271, 97267, 66284, 63392, 12198, 75665, 35739, 34645, 100651, 93615]"
114904,"[88024, 46991, 83843, 54984, 12561, 46366, 12760, 94033, 41672, 85884]"
114905,"[32395, 48871, 18810, 13672, 101040, 109340, 25288, 68882, 82147, 44732]"
114906,"[52280, 56479, 88254, 36839, 3042, 9369, 103786, 62346, 89159, 6423]"
114907,"[43366, 33449, 104151, 98750, 14660, 36378, 289, 101613, 87864, 98558]"
114908,"[68024, 11853, 65369, 25235, 72568, 49880, 8382, 18754, 19679, 64113]"
114909,"[23155, 65725, 15240, 41518, 54951, 38671, 106756, 94152, 59298, 20153]"
114910,"[23522, 36763, 19786, 1813, 16741, 46976, 102893, 81219, 9020, 28451]"
114911,"[92285, 74259, 19619, 3036, 17390, 47410, 23866, 88349, 104163, 82880]"
114912,"[82383, 89678, 82841, 67365, 92718, 39700, 96362, 100510, 108571, 89671]"
114913,"[31811, 31815, 96641, 49025, 100834, 2387, 23012, 55766, 54992, 31661]"
114914,"[97523, 88072, 43345, 42112, 92706, 19107, 104956, 107670, 74236, 75469]"
114915,"[1179, 1576, 11576, 6207, 25245, 6320, 76095, 45494, 67731, 10764]"
114916,"[88884, 51556, 44921, 102404, 88891, 53245, 107710, 94465, 28167, 89109]"
114917,"[108412, 43721, 57033, 74815, 76452, 39691, 52190, 31119, 90099, 93599]"
114918,"[84377, 80420, 30505, 42125, 91688, 16177, 10397, 96534, 33310, 47622]"
114919,"[32675, 33048, 24359, 26247, 83774, 47940, 4171, 37828, 24831, 43559]"
114920,"[92812, 37505, 87648, 32189, 100920, 101123, 26994, 52245, 77006, 26199]"
114921,"[53812, 68773, 22065, 66581, 18553, 58681, 10601, 75002, 62545, 114]"
114922,"[50382, 75489, 14795, 30571, 46275, 94610, 85026, 40877, 78305, 83542]"
114923,"[98833, 75897, 37660, 35796, 12832, 48758, 9568, 7154, 108637, 85512]"
114924,"[63653, 97554, 93752, 14624, 76532, 54303, 68302, 7011, 41206, 14670]"
114925,"[88312, 57772, 27218, 29832, 106978, 57160, 26581, 104400, 32274, 31141]"
114926,"[18211, 36826, 89341, 99805, 89392, 45981, 78930, 31338, 72698, 92636]"
114927,"[76217, 2708, 65962, 72401, 41349, 73183, 68591, 107907, 15483, 15275]"
114928,"[38958, 98839, 103457, 77256, 107299, 108876, 61179, 27903, 81206, 13205]"
114929,"[95462, 19529, 68081, 89626, 82403, 78935, 51581, 15731, 19849, 42981]"
114930,"[109741, 64367, 16495, 52631, 76620, 90711, 73702, 28851, 84778, 58994]"
114931,"[83944, 96613, 25735, 105605, 45389, 42245, 61509, 18779, 51454, 83416]"
114932,"[31140, 53373, 21776, 109589, 27980, 57564, 10968, 48055, 36719, 70045]"
114933,"[38545, 10387, 91028, 44630, 70295, 51323, 53470, 33997, 34315, 35366]"
114934,"[21686, 70731, 60722, 33512, 38560, 69832, 38475, 18980, 43771, 84621]"
114935,"[10150, 24362, 104564, 93548, 58566, 79270, 94685, 53039, 59293, 53623]"
114936,"[3614, 68608, 46431, 28610, 99082, 95269, 98849, 44162, 41642, 66356]"
114937,"[42444, 30687, 51482, 65220, 90140, 84600, 44089, 100971, 68810, 77357]"
114938,"[46960, 99793, 50426, 33769, 48515, 101561, 41399, 7631, 62591, 47350]"
114939,"[53590, 85337, 109267, 73722, 18277, 104560, 102173, 61695, 47228, 39819]"
114940,"[90179, 23030, 38391, 92911, 85705, 77915, 70260, 48895, 57829, 22390]"
114941,"[101145, 44059, 104236, 2888, 12024, 14312, 63296, 92023, 47348, 40496]"
114942,"[18045, 83543, 49818, 27929, 83378, 83318, 39865, 1630, 7940, 13400]"
114943,"[54183, 26903, 70979, 89486, 28826, 51518, 99817, 34419, 76810, 36292]"
114944,"[34771, 20388, 102707, 14426, 67787, 19820, 30753, 103442, 64914, 38310]"
114945,"[3031, 50201, 59757, 104491, 15328, 54155, 25765, 76150, 6449, 4485]"
114946,"[74510, 71291, 39939, 27087, 93541, 15828, 88770, 97657, 44248, 65813]"
114947,"[24799, 26210, 77030, 59530, 100810, 99019, 59906, 50253, 15173, 74888]"
114948,"[99636, 81199, 13774, 93432, 5183, 67326, 48650, 42207, 87353, 34958]"
114949,"[28446, 77806, 16384, 13350, 16463, 93389, 69804, 64997, 108184, 69728]"
114950,"[25558, 92229, 54461, 65225, 45770, 38163, 91143, 80398, 2626, 100499]"
114951,"[30537, 71079, 72447, 937, 80475, 99801, 44205, 109397, 58608, 58886]"
114952,"[6705, 102075, 57813, 36083, 23722, 17922, 76581, 52108, 79311, 65437]"
114953,"[75383, 106968, 50943, 93276, 34874, 46892, 17422, 79221, 52394, 56678]"
114954,"[82833, 42730, 8318, 75710, 9473, 16714, 10597, 107715, 95998, 43251]"
114955,"[7912, 40747, 43426, 70030, 11278, 84590, 98412, 60053, 98949, 8796]"
114956,"[78104, 94616, 6778, 103959, 82977, 17536, 60232, 88209, 17784, 46307]"
114957,"[75202, 35549, 11928, 64926, 3961, 29886, 29643, 103290, 68857, 63047]"
114958,"[87991, 53036, 950, 109113, 14579, 10943, 103692, 101652, 36016, 32663]"
114959,"[60747, 67782, 91025, 16470, 45151, 9880, 103103, 2549, 7724, 29898]"
114960,"[90807, 47075, 30832, 82269, 25595, 9214, 6356, 40262, 86216, 43562]"
114961,"[6847, 5755, 57237, 17139, 8432, 44266, 50223, 84578, 102415, 11241]"
114962,"[34894, 16152, 87280, 91664, 75501, 68470, 18725, 107983, 49923, 18950]"
114963,"[40039, 25577, 47369, 28309, 59145, 84093, 11480, 106163, 2694, 32162]"
114964,"[6982, 70498, 75802, 16349, 19386, 86315, 55727, 34986, 7230, 30586]"
114965,"[68539, 53722, 99854, 102366, 34590, 29851, 15264, 8865, 107797, 33945]"
114966,"[57981, 17380, 47198, 83819, 29775, 36082, 41726, 92736, 79392, 21723]"
114967,"[38691, 53062, 51746, 24195, 26610, 21489, 90682, 21666, 16621, 66690]"
114968,"[74435, 35060, 77474, 44064, 78787, 47819, 35257, 46702, 58395, 77740]"
114969,"[30700, 55109, 108808, 73506, 47562, 74299, 30427, 99384, 99124, 106538]"
114970,"[16122, 50154, 32537, 59290, 45360, 4527, 98456, 22254, 69091, 105858]"
114971,"[106569, 40186, 93882, 712, 81806, 98899, 89815, 77267, 22271, 76177]"
114972,"[67122, 30141, 106604, 81783, 98403, 4244, 7580, 91387, 9162, 39708]"
114973,"[18280, 47631, 60752, 11444, 79544, 24634, 75447, 70168, 43565, 76743]"
114974,"[17220, 95857, 108896, 16864, 86443, 66729, 49463, 97240, 45303, 38219]"
114975,"[46512, 81105, 103053, 20504, 14543, 71745, 99963, 101356, 69786, 57063]"
114976,"[66073, 25626, 102147, 106714, 103997, 97606, 6065, 10498, 817, 57256]"
114977,"[50136, 72836, 37951, 102410, 46340, 73195, 23328, 105304, 67966, 70670]"
114978,"[68353, 13506, 56105, 68594, 109014, 87047, 56094, 8897, 69011, 6511]"
114979,"[11143, 101029, 82712, 57140, 76462, 19989, 6649, 49020, 73604, 17483]"
114980,"[5912, 57399, 26040, 20216, 104586, 73467, 101902, 83728, 38284, 53878]"
114981,"[45251, 2996, 96937, 88004, 17642, 86661, 28699, 76814, 29758, 13003]"
114982,"[85667, 59993, 99118, 102561, 99903, 25138, 101591, 104199, 54157, 72152]"
114983,"[57711, 103104, 50760, 58814, 28572, 41846, 107303, 6435, 93293, 14891]"
114984,"[74788, 988, 47210, 101542, 30703, 76600, 109649, 24156, 73893, 2321]"
114985,"[97959, 48386, 56834, 15791, 85995, 48060, 51144, 70088, 75666, 19915]"
114986,"[104067, 5985, 106344, 61769, 3854, 55615, 42076, 27938, 100121, 93475]"
114987,"[13088, 40026, 101644, 55024, 99430, 61801, 74146, 71513, 3784, 45430]"
114988,"[101209, 42007, 100036, 72468, 58653, 98526, 90131, 31653, 23332, 101349]"
114989,"[40435, 72913, 13998, 56150, 37797, 26195, 19117, 76635, 10924, 21274]"
114990,"[32739, 73565, 2890, 64168, 37496, 43861, 5180, 24426, 84111, 48511]"
114991,"[107375, 38362, 31215, 23498, 7032, 80940, 63652, 2304, 86727, 74604]"
114992,"[24164, 99016, 101002, 51658, 48639, 66994, 52470, 44959, 36311, 1050]"
114993,"[32608, 96672, 84398, 52960, 29092, 50717, 31682, 89499, 43880, 99050]"
114994,"[14900, 24355, 1695, 34362, 74195, 88923, 85498, 29027, 83672, 48847]"
114995,"[106479, 59030, 38219, 37363, 45303, 36812, 96678, 60187, 691, 59197]"
114996,"[15461, 11648, 724, 58367, 94857, 41222, 102520, 87407, 39340, 91555]"
114997,"[82058, 66580, 9222, 77101, 43967, 869, 80371, 48507, 98443, 89746]"
114998,"[48991, 108662, 27612, 98766, 76416, 45517, 41179, 22201, 71990, 82640]"
114999,"[62438, 44644, 21814, 58022, 38600, 66537, 71192, 8196, 15449, 92931]"
115000,"[101811, 32888, 437, 68535, 106667, 87126, 88008, 58027, 94851, 62944]"
115001,"[1524, 54283, 106130, 103472, 5551, 63626, 105319, 35810, 103872, 89331]"
115002,"[35197, 87379, 73648, 56706, 81025, 20602, 83055, 78665, 57722, 97297]"
115003,"[35956, 25290, 14185, 91394, 23203, 63222, 34406, 91413, 27837, 64456]"
115004,"[76308, 6526, 100528, 20210, 16618, 73336, 107135, 36846, 62153, 104617]"
115005,"[18761, 91697, 86513, 35561, 12281, 32337, 92735, 92739, 102523, 34570]"
115006,"[96042, 107828, 6254, 84814, 101198, 48809, 74813, 33858, 66019, 41967]"
115007,"[90726, 53596, 47079, 55391, 52353, 77647, 41127, 88671, 49586, 37467]"
115008,"[19239, 9416, 11092, 43615, 9489, 4735, 7883, 3522, 51753, 625]"
115009,"[23359, 56742, 23904, 72216, 50163, 90446, 91333, 95968, 12878, 104343]"
115010,"[16997, 36135, 63625, 97970, 45217, 1371, 19813, 16138, 76925, 74900]"
115011,"[59761, 27122, 4069, 54913, 95750, 27811, 97856, 64648, 29074, 33244]"
115012,"[36229, 32319, 87139, 74174, 38422, 83784, 58407, 103605, 73426, 103232]"
115013,"[71531, 35725, 102575, 38828, 96256, 13090, 107678, 18217, 101933, 78288]"
115014,"[72443, 16352, 75375, 56065, 63867, 82769, 17666, 109771, 50326, 41036]"
115015,"[73000, 61980, 44218, 60705, 18085, 98855, 45758, 87894, 92344, 70426]"
115016,"[43721, 31119, 7157, 65670, 89715, 29299, 87796, 105463, 82838, 51709]"
115017,"[104536, 18958, 26056, 14936, 64188, 48175, 49327, 19975, 92890, 25312]"
115018,"[36697, 17606, 93190, 54622, 19063, 58329, 71643, 70605, 91013, 50494]"
115019,"[47102, 105086, 37817, 75796, 5240, 64193, 13989, 103883, 74419, 2670]"
115020,"[44617, 22536, 8217, 50697, 99897, 78316, 74794, 26805, 29671, 50904]"
115021,"[46075, 14304, 6103, 101044, 88750, 96725, 95142, 53940, 92509, 74332]"
115022,"[70123, 51479, 63300, 84445, 25767, 90395, 60636, 39090, 52785, 5509]"
115023,"[36117, 87465, 11931, 15286, 77123, 38124, 92841, 6942, 53593, 15899]"
115024,"[38010, 63620, 27361, 90706, 37791, 76450, 46086, 76506, 71194, 71940]"
115025,"[36702, 22936, 50177, 7662, 81780, 22607, 36369, 34846, 29618, 90834]"
115026,"[66284, 66103, 77846, 93881, 14115, 85516, 44459, 20515, 5544, 26278]"
115027,"[76244, 58243, 50614, 108246, 37896, 72552, 27193, 9907, 5964, 62730]"
115028,"[98131, 92870, 38470, 46043, 46562, 88806, 12027, 41496, 93033, 73792]"
115029,"[17204, 17110, 46411, 40375, 63156, 40786, 61792, 86317, 66531, 7119]"
115030,"[107703, 1074, 46751, 50148, 86746, 23607, 21008, 49863, 89765, 2928]"
115031,"[10506, 57169, 68514, 44847, 93315, 63481, 20909, 18693, 94285, 102265]"
115032,"[49869, 76696, 36157, 54469, 34108, 11625, 85714, 83358, 81604, 12268]"
115033,"[12081, 98839, 103457, 81206, 13205, 27903, 60826, 38958, 27058, 62677]"
115034,"[101348, 79255, 37243, 104646, 776, 23200, 49454, 93909, 76070, 3120]"
115035,"[15618, 96902, 62073, 107811, 17515, 12652, 21394, 5289, 98002, 81861]"
115036,"[65920, 91997, 81501, 74048, 83903, 62402, 76160, 72960, 109065, 27677]"
115037,"[51891, 96033, 24331, 62763, 32239, 72351, 1883, 107942, 76441, 39906]"
115038,"[72409, 18636, 95649, 4003, 105071, 73248, 102954, 65525, 51142, 55028]"
115039,"[96250, 43260, 46232, 20354, 44449, 43208, 38785, 90670, 6645, 71883]"
115040,"[5430, 55228, 105339, 23694, 71653, 28711, 20114, 47273, 90056, 49778]"
115041,"[88966, 96533, 104413, 20345, 64027, 59139, 5392, 46807, 105649, 38809]"
115042,"[65486, 91195, 8085, 83492, 109611, 98189, 26526, 24177, 25847, 95081]"
115043,"[5654, 90771, 106973, 89788, 15353, 22206, 39271, 59010, 11826, 29486]"
115044,"[30150, 33025, 9036, 34252, 46265, 88375, 70062, 67952, 54054, 104779]"
115045,"[88566, 34462, 37993, 1344, 21651, 75506, 71547, 14947, 60519, 24863]"
115046,"[74354, 91377, 96963, 892, 61277, 32627, 30001, 75739, 93850, 40000]"
115047,"[101330, 18023, 70164, 29380, 35622, 104066, 106615, 94918, 5637, 43796]"
115048,"[43133, 42901, 43408, 62737, 29877, 98283, 67119, 87916, 76914, 33264]"
115049,"[28923, 86583, 39426, 69990, 75493, 85224, 40400, 91562, 28711, 23540]"
115050,"[103406, 36903, 87478, 47532, 43713, 25644, 57129, 13365, 41469, 30151]"
115051,"[108718, 73540, 56972, 22575, 48047, 102280, 1382, 62370, 37788, 7483]"
115052,"[83172, 96820, 61890, 93473, 3670, 52224, 68932, 38751, 66306, 42100]"
115053,"[39717, 95910, 100428, 81357, 42884, 25160, 56423, 21686, 11222, 63963]"
115054,"[46439, 33756, 86070, 69254, 84716, 81013, 70089, 8252, 104075, 85309]"
115055,"[109514, 27442, 99588, 2977, 30018, 22269, 63223, 254, 100638, 70429]"
115056,"[45004, 52921, 106727, 78391, 32731, 57224, 79313, 107762, 79980, 55153]"
115057,"[57485, 43815, 98831, 58917, 57486, 104817, 37845, 55034, 102524, 37143]"
115058,"[47158, 29990, 75520, 92385, 47002, 62532, 5725, 89844, 31095, 38201]"
115059,"[13081, 4448, 2262, 10041, 13843, 4272, 83694, 108916, 68029, 73525]"
115060,"[49564, 59047, 17845, 66487, 72151, 58150, 72406, 53572, 11268, 55113]"
115061,"[11077, 53582, 69271, 15522, 5163, 56427, 50955, 85506, 30208, 16600]"
115062,"[12938, 36821, 108415, 60261, 53322, 39809, 77142, 77326, 11279, 44488]"
115063,"[61094, 94535, 100446, 75604, 97986, 85221, 30203, 26892, 87308, 84660]"
115064,"[92523, 98162, 93823, 1974, 2723, 47638, 30855, 106135, 64407, 67524]"
115065,"[36789, 68894, 39764, 64659, 1141, 2227, 24741, 75524, 33674, 23407]"
115066,"[34088, 13494, 38009, 22453, 74915, 77057, 94723, 19374, 104750, 90641]"
115067,"[81669, 89759, 56491, 42987, 50323, 50584, 109245, 77628, 15201, 84300]"
115068,"[41877, 10050, 71575, 92639, 64501, 43481, 66860, 39003, 33423, 105503]"
115069,"[89706, 72902, 52028, 41611, 83527, 94588, 7649, 100599, 105962, 60981]"
115070,"[107925, 13683, 70294, 83163, 47274, 35797, 37049, 70178, 7512, 29701]"
115071,"[92931, 38600, 62438, 44644, 62963, 78114, 69170, 42582, 18864, 71192]"
115072,"[53275, 38112, 33217, 51301, 109646, 27391, 2148, 4863, 86151, 33131]"
115073,"[78986, 94449, 13705, 29232, 85490, 331, 46039, 44145, 63098, 67285]"
115074,"[65587, 31849, 44199, 91239, 22704, 81766, 24630, 59965, 5114, 108848]"
115075,"[37594, 21762, 26625, 98022, 62076, 81334, 75503, 86586, 58187, 87753]"
115076,"[2697, 29552, 107619, 72017, 38350, 9509, 51873, 32535, 5851, 14294]"
115077,"[82450, 66782, 89284, 23273, 68026, 24307, 67331, 12438, 62417, 68019]"
115078,"[6313, 97836, 96386, 61952, 38638, 79031, 40613, 24151, 43295, 45326]"
115079,"[92239, 93459, 85362, 26931, 66804, 57665, 88671, 75296, 74509, 45268]"
115080,"[77240, 29884, 105910, 72873, 57222, 17806, 36000, 77867, 57765, 75914]"
115081,"[61609, 55415, 87001, 26776, 90589, 67919, 57307, 29378, 20722, 50585]"
115082,"[12875, 29626, 4378, 108495, 54084, 40263, 53168, 33919, 78915, 86773]"
115083,"[97329, 85531, 85126, 10881, 63490, 13696, 21117, 72209, 51431, 100207]"
115084,"[98944, 38360, 39347, 86398, 84311, 66613, 15231, 76030, 105823, 92234]"
115085,"[13838, 15162, 30186, 78884, 6975, 8239, 33813, 39490, 74648, 33133]"
115086,"[1919, 91309, 42290, 69844, 7039, 44456, 41893, 89051, 3239, 37582]"
115087,"[19287, 102487, 53020, 33977, 107182, 615, 77931, 41398, 14114, 41848]"
115088,"[25027, 34935, 7024, 54770, 52099, 24363, 62976, 74281, 31871, 95618]"
115089,"[27144, 18264, 45828, 32557, 107380, 105863, 29384, 71993, 58509, 9040]"
115090,"[23141, 109447, 41989, 44894, 6775, 42450, 79481, 55091, 108118, 11796]"
115091,"[92163, 104857, 72648, 54903, 17239, 23433, 36419, 68272, 57559, 74701]"
115092,"[65432, 99187, 82523, 16929, 84034, 10048, 102539, 39910, 44098, 92081]"
115093,"[35913, 101248, 101021, 62434, 22884, 14703, 7983, 93197, 78612, 39056]"
115094,"[75892, 107855, 1176, 59917, 41653, 5979, 16186, 25068, 46562, 59602]"
115095,"[75032, 33698, 79434, 12961, 74393, 8315, 91207, 101184, 21200, 27639]"
115096,"[87817, 11817, 73449, 5625, 25146, 57211, 67154, 97544, 103156, 84388]"
115097,"[73733, 80645, 23761, 90747, 23511, 32574, 70516, 67482, 22585, 79160]"
115098,"[21834, 56914, 10921, 33600, 21867, 109043, 106526, 106221, 15651, 11319]"
115099,"[8821, 54793, 17006, 59445, 68993, 36896, 90633, 10367, 92293, 91658]"
115100,"[74071, 98984, 4966, 85875, 54855, 91020, 11137, 37958, 27497, 88813]"
115101,"[57407, 4449, 107128, 23801, 99721, 5774, 36735, 82057, 65888, 68337]"
115102,"[23439, 81528, 32856, 43162, 35800, 62406, 59628, 77000, 72585, 42370]"
115103,"[94812, 86901, 70806, 87195, 18086, 19690, 8364, 20858, 37495, 55432]"
115104,"[22746, 45903, 89352, 32785, 78535, 67876, 40281, 33479, 54028, 57875]"
115105,"[89169, 45273, 1688, 1207, 11725, 73175, 46227, 89813, 55810, 97108]"
115106,"[49892, 25739, 94068, 68321, 18620, 13597, 106547, 102172, 97390, 62189]"
115107,"[39971, 18617, 57846, 9642, 34479, 77858, 13943, 51047, 69150, 42940]"
115108,"[27687, 26298, 75460, 28623, 64768, 34701, 85418, 48181, 23051, 65597]"
115109,"[95719, 87190, 71141, 12061, 106903, 16211, 88585, 103672, 27646, 94332]"
115110,"[50472, 17134, 74912, 75397, 18329, 77830, 107398, 104926, 22168, 52749]"
115111,"[3868, 75430, 2038, 23400, 77719, 47212, 61303, 41448, 82172, 48103]"
115112,"[39933, 36191, 41927, 51741, 76684, 137, 28195, 13772, 107378, 74691]"
115113,"[7718, 94001, 61706, 66528, 51570, 20991, 80034, 16786, 26134, 10575]"
115114,"[30118, 77338, 52958, 12611, 29771, 61647, 74660, 51653, 70412, 13101]"
115115,"[21790, 38062, 88783, 30409, 37619, 50370, 73686, 106012, 58293, 18496]"
115116,"[38353, 77426, 25153, 45700, 81032, 71572, 77489, 23977, 79350, 67015]"
115117,"[61204, 46527, 54451, 15041, 83826, 12183, 67968, 47915, 58523, 14692]"
115118,"[26882, 69863, 44013, 109342, 89566, 63760, 49288, 85438, 92430, 22115]"
115119,"[361, 30246, 30746, 76499, 24115, 44169, 19314, 70708, 66815, 44641]"
115120,"[105869, 30873, 90278, 47256, 13211, 88306, 72490, 85588, 60876, 52635]"
115121,"[5788, 88648, 19853, 64700, 92118, 31374, 84259, 83950, 18055, 74307]"
115122,"[42436, 47921, 29487, 29692, 31728, 78909, 8602, 43952, 66539, 68677]"
115123,"[51357, 103130, 88606, 20579, 37046, 27134, 53174, 42623, 34638, 14726]"
115124,"[103120, 32058, 71156, 3827, 30849, 43814, 55088, 2362, 21243, 105087]"
115125,"[9048, 74421, 22896, 2688, 71333, 96516, 15784, 4602, 109635, 13728]"
115126,"[71465, 14444, 49121, 29775, 83819, 42243, 38217, 12374, 99838, 25614]"
115127,"[66573, 108246, 50614, 102852, 5964, 77692, 24479, 72809, 34021, 50265]"
115128,"[43993, 195, 30712, 18101, 99990, 28230, 55683, 38185, 107441, 78582]"
115129,"[77348, 97255, 47917, 61639, 101753, 42647, 41017, 86006, 107971, 45112]"
115130,"[27432, 18491, 15076, 31709, 71001, 38417, 25079, 108666, 71362, 84566]"
115131,"[37052, 23646, 18839, 41537, 96957, 7846, 16083, 71654, 16809, 40874]"
115132,"[69826, 55462, 7980, 74364, 92094, 32912, 47087, 51969, 67117, 17978]"
115133,"[22675, 56807, 92550, 63352, 78416, 94669, 35109, 106718, 67575, 38731]"
115134,"[72293, 108355, 53882, 24017, 16610, 75449, 54543, 88851, 85314, 80755]"
115135,"[8041, 67157, 30319, 55168, 63062, 35917, 109475, 43735, 32620, 57777]"
115136,"[5199, 82038, 78099, 57112, 52289, 30651, 53584, 19886, 71881, 93943]"
115137,"[109173, 39857, 35376, 100880, 86980, 9696, 55783, 80841, 6161, 4860]"
115138,"[79358, 33860, 93363, 84170, 52076, 43677, 72144, 72788, 35540, 49276]"
115139,"[22352, 100468, 5666, 49051, 62459, 17903, 34726, 100413, 23579, 89838]"
115140,"[63470, 101900, 2353, 65462, 75176, 6130, 47938, 47123, 95352, 13571]"
115141,"[95766, 64597, 88460, 52333, 44543, 26898, 85037, 62441, 8550, 108572]"
115142,"[73618, 95491, 70363, 25143, 70301, 82564, 54458, 16816, 102878, 29205]"
115143,"[59129, 7446, 5833, 14980, 495, 79577, 35873, 100018, 81725, 90269]"
115144,"[73621, 4363, 63611, 88227, 14139, 67779, 54813, 57469, 98591, 103822]"
115145,"[105529, 22759, 92500, 37514, 45629, 73922, 34038, 53483, 15914, 31900]"
115146,"[65003, 66772, 3504, 61899, 52208, 7706, 40595, 4721, 97268, 35569]"
115147,"[69558, 40917, 54987, 101067, 99807, 93497, 25352, 53607, 97271, 75334]"
115148,"[51119, 63246, 15962, 107487, 57554, 93392, 31783, 85639, 79110, 58027]"
115149,"[300, 80554, 59367, 27930, 53263, 52902, 66175, 27969, 12246, 30539]"
115150,"[16408, 18932, 33185, 79030, 25599, 13839, 20672, 54188, 7124, 71699]"
115151,"[61435, 70695, 38892, 81532, 63456, 7417, 20169, 93221, 39946, 92005]"
115152,"[47716, 47926, 55303, 73391, 44991, 31445, 5265, 40332, 57557, 105043]"
115153,"[19024, 63203, 102106, 104234, 42509, 28351, 80353, 48120, 3224, 39296]"
115154,"[83721, 70798, 71903, 40374, 32520, 107329, 15227, 22460, 90537, 10366]"
115155,"[58015, 31833, 50422, 22613, 80108, 1422, 62592, 24553, 91186, 69751]"
115156,"[86767, 25615, 23169, 89542, 65899, 97285, 63793, 61599, 22306, 5898]"
115157,"[106084, 70249, 74267, 96350, 105716, 72334, 40897, 87992, 85280, 6551]"
115158,"[34313, 71112, 23497, 45844, 13211, 109089, 108711, 23194, 72924, 18570]"
115159,"[59930, 75568, 24016, 88123, 93296, 73516, 25828, 79312, 59738, 108527]"
115160,"[60117, 11574, 59087, 84216, 74097, 42807, 2231, 43602, 19774, 56309]"
115161,"[28894, 26925, 92341, 10486, 65689, 95403, 70613, 7996, 21318, 57182]"
115162,"[23056, 45422, 67571, 36409, 108915, 74717, 39518, 100918, 28738, 44116]"
115163,"[26819, 25604, 36743, 72343, 16788, 36293, 88776, 7604, 64358, 42839]"
115164,"[79826, 94322, 90334, 33234, 58289, 5987, 89268, 2617, 102599, 76990]"
115165,"[65701, 61745, 12929, 37680, 24403, 79367, 52645, 65821, 65397, 4660]"
115166,"[55910, 24382, 42252, 520, 18311, 89009, 98358, 79787, 45083, 3455]"
115167,"[43204, 99602, 87368, 3892, 4955, 57273, 8611, 14685, 7622, 71323]"
115168,"[54227, 91553, 7036, 40622, 67273, 34381, 61142, 25676, 82189, 77766]"
115169,"[89239, 84818, 99303, 37982, 67256, 57918, 25536, 47953, 62387, 76460]"
115170,"[68218, 108316, 8518, 11219, 43081, 81688, 70523, 46767, 30055, 8936]"
115171,"[72403, 771, 72925, 93707, 94836, 68437, 21154, 67188, 100243, 54008]"
115172,"[9714, 98904, 108924, 24358, 10390, 62718, 821, 14480, 84225, 70511]"
115173,"[71622, 39676, 65327, 60962, 53534, 68013, 87934, 74014, 35120, 30159]"
115174,"[45486, 103534, 67568, 109131, 86293, 106171, 1522, 23403, 51776, 14205]"
115175,"[12857, 25315, 104559, 86560, 3948, 90593, 67097, 70889, 96206, 28748]"
115176,"[22519, 108662, 70586, 33902, 63254, 103067, 105185, 104894, 21494, 54712]"
115177,"[23869, 92788, 42403, 41524, 61288, 48960, 16685, 16806, 61745, 79616]"
115178,"[3038, 17376, 82752, 16500, 28731, 27019, 18309, 106470, 103533, 37697]"
115179,"[45483, 43828, 36433, 46387, 12826, 7420, 89120, 45416, 75016, 33088]"
115180,"[92261, 91017, 10152, 2713, 77023, 99216, 41361, 36695, 56836, 6467]"
115181,"[26171, 2081, 96940, 5863, 67019, 42721, 37003, 27773, 12062, 109569]"
115182,"[10691, 9380, 41456, 8383, 97715, 95634, 61192, 28019, 59284, 23514]"
115183,"[60782, 98048, 109139, 87899, 64917, 13891, 36019, 108591, 23975, 96028]"
115184,"[94997, 5195, 79261, 87302, 34062, 64607, 102801, 42989, 31735, 43328]"
115185,"[84878, 28593, 6346, 69583, 17407, 102547, 87303, 29525, 49304, 56743]"
115186,"[12115, 43720, 79811, 12125, 29732, 82947, 63727, 74875, 70217, 86488]"
115187,"[87569, 58099, 9573, 31128, 82565, 8794, 98988, 6012, 65433, 58160]"
115188,"[6133, 49427, 105265, 16925, 4726, 63853, 61052, 38368, 97915, 12903]"
115189,"[40661, 23615, 60438, 1323, 77315, 95931, 55694, 105352, 91264, 56994]"
115190,"[29418, 50686, 70933, 104975, 60823, 42701, 43878, 77955, 47521, 102667]"
115191,"[73007, 8271, 49605, 22714, 41724, 44647, 70490, 64763, 63236, 68085]"
115192,"[27433, 34246, 26454, 77577, 90299, 56719, 4414, 89876, 50113, 6370]"
115193,"[70010, 78198, 7627, 81146, 100673, 85589, 76080, 107756, 51372, 103798]"
115194,"[66412, 95085, 24238, 45806, 90151, 75776, 17165, 66298, 12928, 67895]"
115195,"[82252, 26616, 82384, 49442, 72226, 74834, 87769, 68975, 11626, 360]"
115196,"[92473, 61282, 38424, 56750, 77117, 50264, 49406, 55484, 66880, 59175]"
115197,"[89429, 10677, 67337, 82457, 101252, 49565, 109412, 75314, 13491, 16425]"
115198,"[23999, 31233, 42351, 19146, 26153, 19445, 77620, 1509, 78395, 2568]"
115199,"[21410, 44113, 11916, 14833, 78252, 74842, 6760, 22695, 49357, 54445]"
115200,"[51330, 98589, 18873, 6830, 4686, 33633, 69240, 7357, 91560, 72249]"
115201,"[109413, 21450, 22117, 23183, 2776, 35287, 93844, 67168, 97704, 83115]"
115202,"[104229, 63306, 46992, 33321, 94806, 40277, 84781, 33571, 84591, 18361]"
115203,"[82118, 39228, 32645, 81337, 27743, 18611, 13712, 38328, 53908, 30694]"
115204,"[38525, 13258, 85478, 81240, 38291, 66273, 3710, 4974, 90780, 55986]"
115205,"[26237, 28036, 76977, 86889, 93506, 69487, 29469, 70796, 27336, 100091]"
115206,"[68328, 20279, 5131, 96248, 60440, 46332, 82228, 1841, 109147, 37515]"
115207,"[46668, 30291, 65176, 104580, 31406, 27286, 83138, 23063, 76059, 109091]"
115208,"[103373, 43246, 102441, 32109, 57343, 3980, 107020, 45003, 105157, 61564]"
115209,"[49361, 5226, 101600, 24668, 86717, 70320, 734, 107169, 23832, 98080]"
115210,"[68414, 62562, 68031, 86694, 101898, 12951, 3429, 7045, 51650, 77077]"
115211,"[21473, 93399, 35171, 65263, 62136, 46471, 42632, 4871, 70432, 106304]"
115212,"[102896, 76848, 63111, 82038, 73528, 79643, 106871, 86218, 71881, 103895]"
115213,"[54374, 15424, 6729, 42519, 10200, 52072, 3613, 35899, 87196, 47884]"
115214,"[27355, 48574, 35824, 50599, 96702, 19957, 69119, 52842, 18057, 78695]"
115215,"[87976, 78840, 70740, 80242, 60131, 22975, 61114, 99810, 41515, 36934]"
115216,"[81066, 84708, 25206, 43349, 59332, 70955, 53598, 93082, 94945, 31170]"
115217,"[77833, 64774, 59107, 101176, 83809, 70476, 45568, 105460, 85886, 76653]"
115218,"[38668, 88140, 24699, 794, 94197, 59868, 36387, 102439, 22778, 59246]"
115219,"[2080, 64494, 25520, 2033, 39987, 25664, 39889, 28426, 62097, 2463]"
115220,"[56200, 35251, 33879, 98551, 13571, 10949, 61903, 86283, 75176, 37010]"
115221,"[37341, 61741, 57750, 94755, 445, 77711, 101871, 67741, 105043, 102276]"
115222,"[62810, 245, 23354, 64005, 98471, 8134, 45565, 84354, 54020, 64235]"
115223,"[5610, 3820, 95589, 1608, 76011, 79024, 55238, 23153, 53526, 66220]"
115224,"[95820, 6074, 71616, 87881, 26502, 7964, 48190, 65549, 29547, 57313]"
115225,"[94969, 17028, 59024, 106174, 25428, 85730, 105885, 105397, 54150, 84147]"
115226,"[80890, 6288, 50678, 106720, 77226, 106842, 4126, 23919, 5859, 104715]"
115227,"[104405, 102736, 23512, 64771, 78802, 6052, 91875, 44848, 54734, 107531]"
115228,"[37201, 17692, 26626, 91919, 99410, 79378, 45420, 20286, 73215, 8931]"
115229,"[56668, 55823, 43469, 108041, 14148, 7770, 90085, 76237, 79547, 68092]"
115230,"[61445, 84049, 39425, 10044, 29481, 27301, 69562, 42928, 76314, 48303]"
115231,"[9024, 9479, 36912, 40530, 28869, 49408, 108741, 28058, 102739, 52007]"
115232,"[25369, 94981, 106255, 9530, 72874, 106636, 23834, 64321, 49950, 36729]"
115233,"[45337, 102967, 49365, 99465, 106550, 24058, 71515, 79275, 85140, 89479]"
115234,"[52389, 59923, 80271, 50152, 30287, 102755, 49860, 63407, 44115, 18231]"
115235,"[99646, 101681, 1115, 96957, 41603, 103641, 105094, 21301, 47968, 81543]"
115236,"[1450, 35749, 48705, 85282, 43693, 67555, 40316, 91455, 105595, 964]"
115237,"[15037, 84466, 63966, 90788, 69609, 104676, 102382, 33554, 24472, 13896]"
115238,"[92309, 56772, 54489, 77706, 38651, 9500, 28718, 56876, 78797, 102457]"
115239,"[80784, 108758, 62426, 69295, 34716, 102189, 41012, 21592, 56906, 67360]"
115240,"[89990, 86344, 19607, 102437, 54931, 40391, 40360, 71326, 47001, 42693]"
115241,"[6737, 1812, 89419, 19431, 5084, 28364, 26722, 10141, 108160, 40176]"
115242,"[108980, 21573, 106528, 75262, 42738, 97689, 90504, 59240, 11497, 100367]"
115243,"[17319, 99717, 19803, 29731, 37807, 95371, 33209, 95366, 101833, 48850]"
115244,"[51799, 83103, 98400, 80819, 65123, 101285, 96344, 81154, 43199, 27767]"
115245,"[18805, 10215, 19522, 47419, 105419, 53204, 35801, 86542, 78828, 84376]"
115246,"[98042, 32607, 106918, 31731, 73988, 47589, 30384, 48147, 11341, 96636]"
115247,"[90419, 96182, 97299, 51268, 91987, 25506, 1279, 49618, 52155, 91644]"
115248,"[6177, 104724, 20909, 32302, 17052, 79848, 90358, 59822, 97832, 104768]"
115249,"[50752, 101482, 67329, 99698, 41379, 38626, 62626, 1149, 28050, 35577]"
115250,"[4457, 36281, 108964, 30714, 83610, 101365, 9858, 101403, 67499, 86891]"
115251,"[29737, 71651, 56764, 97894, 57573, 3525, 15648, 24740, 1222, 84728]"
115252,"[45582, 96659, 48404, 80643, 71558, 107049, 32810, 21472, 49488, 49270]"
115253,"[35354, 22112, 28343, 38897, 75457, 93181, 63077, 89395, 727, 41335]"
115254,"[4797, 47090, 44340, 47456, 87462, 23247, 105556, 77553, 5533, 56026]"
115255,"[30019, 26675, 92251, 73002, 67911, 71000, 7423, 21549, 103040, 20641]"
115256,"[66377, 56353, 80276, 47220, 9985, 89790, 19831, 62748, 60679, 49385]"
115257,"[55184, 64834, 87040, 24820, 105768, 56068, 62712, 66232, 80782, 50742]"
115258,"[34287, 81939, 6824, 38041, 30086, 80043, 21749, 72813, 87607, 41009]"
115259,"[64463, 5189, 15208, 16356, 42292, 69983, 77278, 5988, 8696, 77082]"
115260,"[13872, 70310, 18178, 105039, 78775, 89113, 16909, 51963, 32268, 25156]"
115261,"[49105, 79691, 545, 86489, 15202, 87969, 4878, 23067, 713, 94443]"
115262,"[1569, 78657, 41909, 94074, 89700, 23001, 59611, 53444, 49064, 8423]"
115263,"[28134, 74012, 75183, 23135, 26639, 94932, 93358, 10093, 89680, 60918]"
115264,"[691, 8062, 36812, 107554, 22557, 21973, 81613, 101607, 49661, 91665]"
115265,"[79479, 11135, 109403, 31916, 101252, 84022, 10762, 37755, 107188, 58412]"
115266,"[89006, 88517, 54108, 25658, 63037, 74826, 79821, 92062, 91365, 90283]"
115267,"[50937, 11687, 57065, 16676, 67106, 66922, 25764, 40038, 104448, 58965]"
115268,"[33080, 12512, 75711, 85694, 47421, 103631, 84672, 8429, 102707, 38286]"
115269,"[9078, 41827, 57596, 85642, 47041, 11717, 33043, 30740, 42912, 44196]"
115270,"[40844, 18183, 51112, 56548, 49432, 3379, 27531, 1111, 44304, 9161]"
115271,"[80667, 77344, 81041, 69136, 24569, 53337, 38671, 47382, 4577, 102116]"
115272,"[13218, 18629, 93282, 94778, 93745, 47181, 30623, 67309, 83371, 103637]"
115273,"[91232, 106446, 59178, 91104, 56548, 12690, 13835, 51949, 87485, 55506]"
115274,"[40186, 27905, 62795, 33608, 7345, 106569, 77267, 78779, 78226, 108032]"
115275,"[29644, 10375, 103835, 19302, 17557, 34742, 64749, 64254, 4724, 36734]"
115276,"[55302, 102903, 70059, 105961, 47480, 80037, 36270, 88688, 43041, 19895]"
115277,"[104916, 76419, 16859, 80845, 89332, 38421, 64101, 104193, 42749, 72296]"
115278,"[3016, 21074, 2907, 31281, 43571, 103823, 27133, 31728, 89712, 95412]"
115279,"[57835, 9269, 45443, 30347, 94237, 83109, 49329, 64686, 64586, 59474]"
115280,"[191, 83920, 54113, 18461, 63464, 16288, 32860, 68591, 40730, 58242]"
115281,"[34367, 29636, 72855, 70039, 75149, 104541, 9668, 1109, 60583, 1235]"
115282,"[30609, 72764, 34964, 105961, 15944, 15939, 68214, 11804, 103327, 70909]"
115283,"[59901, 96697, 68985, 86764, 31988, 22891, 1403, 97850, 18128, 27466]"
115284,"[40474, 91373, 62952, 45301, 1504, 31614, 67405, 44386, 75727, 76598]"
115285,"[61407, 92532, 87333, 73497, 108980, 36643, 72572, 65188, 19104, 95885]"
115286,"[11780, 34077, 39666, 67675, 73558, 13283, 18319, 96340, 70515, 6067]"
115287,"[66853, 75698, 24263, 13029, 43213, 12211, 95324, 96714, 69049, 80465]"
115288,"[33567, 67342, 64376, 5344, 70106, 27825, 64893, 90601, 21471, 54064]"
115289,"[82102, 31305, 72771, 87238, 56544, 51046, 102740, 47662, 22493, 101230]"
115290,"[25821, 85708, 53469, 52433, 34303, 66773, 13077, 94911, 45032, 42093]"
115291,"[23681, 86335, 51432, 56485, 19144, 94221, 54373, 73656, 21884, 21865]"
115292,"[59780, 106000, 104569, 90157, 13524, 100471, 7343, 11487, 80638, 37960]"
115293,"[22311, 68738, 106130, 103472, 5551, 66024, 47077, 71058, 18134, 106284]"
115294,"[35614, 102230, 63896, 81602, 89512, 17863, 1936, 15913, 66867, 18672]"
115295,"[104924, 90042, 26436, 10493, 19136, 97868, 14745, 20397, 9832, 102916]"
115296,"[80265, 44589, 91752, 108559, 100403, 64745, 59345, 4948, 92501, 13327]"
115297,"[17234, 2069, 44269, 91846, 75539, 27096, 7759, 22161, 54661, 104419]"
115298,"[72376, 63732, 15579, 49135, 65281, 96368, 101115, 15138, 47599, 43474]"
115299,"[82727, 61692, 48830, 23316, 72116, 25614, 70191, 84358, 37998, 60698]"
115300,"[107211, 97693, 22802, 19992, 79110, 46568, 38086, 104361, 57554, 42589]"
115301,"[93066, 12093, 40548, 9481, 31883, 32962, 53115, 9802, 85327, 80359]"
115302,"[15526, 34905, 76626, 55439, 1, 9007, 104892, 26566, 103523, 88992]"
115303,"[98741, 105456, 102450, 96398, 99012, 4594, 36635, 5068, 60192, 54883]"
115304,"[58159, 81917, 103177, 10990, 68614, 84909, 56435, 70773, 15875, 36766]"
115305,"[46975, 69651, 22522, 6269, 80235, 59073, 71642, 56297, 24626, 10090]"
115306,"[33982, 9607, 95054, 30290, 93599, 59715, 77458, 12091, 39691, 60566]"
115307,"[23089, 69481, 109545, 15441, 60744, 23272, 105018, 47027, 57017, 44073]"
115308,"[100327, 12999, 14724, 5255, 57230, 35662, 55261, 50424, 73767, 102850]"
115309,"[37204, 64146, 47245, 50080, 39085, 76884, 9822, 19899, 71749, 45085]"
115310,"[62347, 72946, 88582, 64524, 8173, 64669, 30608, 24190, 87652, 87327]"
115311,"[8486, 82111, 48625, 53206, 71931, 69430, 101056, 105257, 19600, 45071]"
115312,"[63286, 76423, 104763, 67035, 67101, 44498, 81997, 58284, 11249, 8857]"
115313,"[11878, 74590, 31024, 66671, 91785, 38920, 47534, 50799, 584, 106457]"
115314,"[94840, 1480, 79515, 54681, 100537, 71583, 6934, 33922, 102046, 7694]"
115315,"[46585, 63179, 32341, 71923, 8066, 81799, 84307, 55753, 98457, 73184]"
115316,"[59313, 35719, 59320, 45981, 6302, 6055, 77794, 29657, 48440, 26294]"
115317,"[11234, 16014, 104135, 37284, 38180, 55506, 65470, 42066, 358, 74422]"
115318,"[66925, 66694, 46535, 102473, 80824, 26884, 99950, 49093, 60718, 107582]"
115319,"[1452, 71669, 19637, 75116, 52894, 92644, 49839, 51051, 87463, 79142]"
115320,"[34678, 5312, 101194, 15883, 69618, 97234, 73037, 93207, 64714, 50216]"
115321,"[98657, 86561, 85396, 6104, 6788, 35391, 57003, 44167, 55060, 83820]"
115322,"[48449, 85447, 2824, 81534, 74707, 10124, 55482, 8782, 94717, 18849]"
115323,"[56379, 14395, 45016, 46816, 8983, 86866, 15404, 20586, 102455, 49570]"
115324,"[11850, 7666, 108328, 9758, 50915, 47330, 25498, 34236, 58680, 86232]"
115325,"[28598, 22700, 32769, 35921, 1887, 56630, 60744, 23849, 22358, 47027]"
115326,"[86261, 83779, 42709, 7961, 5230, 42275, 105497, 4973, 22047, 100839]"
115327,"[61986, 46041, 40607, 56120, 108749, 84551, 20220, 38906, 51965, 55791]"
115328,"[73898, 7663, 47492, 1846, 78535, 33479, 108491, 20336, 13930, 54928]"
115329,"[28551, 32685, 95282, 13517, 43169, 42838, 6241, 103263, 72025, 96840]"
115330,"[5378, 80204, 49613, 33122, 48258, 87651, 84414, 49684, 19898, 105952]"
115331,"[26390, 42092, 62707, 59534, 49959, 88571, 1803, 20885, 24246, 64048]"
115332,"[107851, 28306, 69920, 26788, 68792, 86460, 27365, 80661, 90934, 12684]"
115333,"[91541, 28800, 38144, 82634, 13137, 13814, 21269, 76110, 68932, 51191]"
115334,"[46055, 56454, 11184, 62855, 29433, 57172, 16337, 51599, 106077, 92310]"
115335,"[98152, 28271, 70021, 61919, 40694, 57524, 14397, 97577, 3071, 37780]"
115336,"[46204, 12320, 35906, 70130, 91885, 2893, 61709, 96509, 44159, 105074]"
115337,"[67387, 8312, 104662, 74292, 12181, 8611, 14685, 80664, 72047, 57228]"
115338,"[98340, 12681, 72873, 18209, 106758, 106409, 32731, 52823, 94958, 54314]"
115339,"[27952, 37411, 57476, 25117, 32956, 47393, 36665, 64748, 100383, 9003]"
115340,"[45235, 5411, 21262, 18696, 42781, 19174, 45084, 70148, 24077, 18484]"
115341,"[108697, 57103, 6802, 16783, 62957, 82939, 87020, 49790, 36110, 92582]"
115342,"[103264, 26518, 31187, 63728, 90133, 42464, 5201, 105731, 105726, 60815]"
115343,"[38422, 38944, 10088, 57656, 31795, 22573, 11611, 72111, 28180, 18050]"
115344,"[109644, 68751, 64721, 82273, 8801, 66771, 85500, 45984, 83664, 79073]"
115345,"[80957, 19430, 14857, 64595, 2530, 63694, 69118, 90837, 107502, 1470]"
115346,"[106581, 47918, 103508, 102958, 8395, 43489, 84234, 50744, 103091, 70350]"
115347,"[35346, 22996, 78294, 47775, 67875, 10941, 80703, 17176, 89030, 63752]"
115348,"[70262, 101808, 91536, 64257, 20578, 68953, 20151, 22023, 69366, 9829]"
115349,"[7182, 68508, 50897, 15084, 82495, 88519, 7799, 49382, 14556, 42386]"
115350,"[59187, 55269, 27836, 26749, 26861, 33675, 48589, 106427, 26365, 47031]"
115351,"[51337, 24225, 106302, 72907, 52130, 19607, 50226, 108363, 102768, 15516]"
115352,"[47815, 61089, 70397, 58340, 711, 102328, 14184, 93942, 100058, 63223]"
115353,"[30423, 20785, 28292, 64291, 26824, 8420, 14360, 73745, 69182, 52228]"
115354,"[27570, 29987, 50727, 20610, 32680, 107769, 70063, 89719, 101267, 99571]"
115355,"[32572, 85540, 83922, 42592, 73130, 10513, 4149, 100686, 100460, 76482]"
115356,"[91844, 68428, 60857, 21343, 3065, 11045, 106535, 95496, 33482, 11929]"
115357,"[61528, 59730, 51042, 45568, 64146, 45085, 71749, 86491, 108007, 49106]"
115358,"[108472, 19187, 75038, 49337, 47003, 66409, 78836, 63462, 74056, 65327]"
115359,"[21264, 105989, 43354, 36742, 19125, 28438, 37513, 96736, 76409, 98048]"
115360,"[85814, 56175, 43438, 47576, 26899, 19845, 1795, 107363, 77815, 49055]"
115361,"[39290, 47066, 47523, 983, 29080, 87456, 102055, 36717, 83882, 51012]"
115362,"[71864, 79928, 101594, 107535, 106855, 45176, 5033, 76864, 89251, 2192]"
115363,"[70593, 42856, 53051, 3287, 5969, 70996, 45982, 63410, 43224, 89205]"
115364,"[46936, 54016, 25163, 17875, 97691, 101743, 49960, 15032, 3408, 45969]"
115365,"[97446, 7489, 11771, 5287, 95640, 2155, 39650, 80167, 57649, 67739]"
115366,"[47839, 18939, 55701, 70017, 99096, 53626, 10976, 83812, 25901, 70849]"
115367,"[89394, 49867, 95564, 88055, 96521, 34515, 20272, 50991, 651, 93575]"
115368,"[104993, 35294, 101224, 5794, 33635, 16541, 28329, 14167, 63366, 64329]"
115369,"[96843, 67017, 39216, 21824, 26726, 11986, 43229, 67343, 37300, 18061]"
115370,"[51192, 93275, 90854, 9899, 64485, 63531, 37340, 58539, 106983, 50846]"
115371,"[37447, 99566, 75488, 15672, 17504, 173, 77870, 36869, 51399, 51174]"
115372,"[77342, 21632, 61610, 72089, 36638, 98769, 99067, 9476, 35449, 64646]"
115373,"[80891, 4834, 106549, 5904, 15711, 72665, 52017, 48041, 25092, 96338]"
115374,"[71700, 17245, 61332, 45819, 11637, 69565, 78035, 54441, 100545, 51079]"
115375,"[28324, 40000, 79706, 37602, 10201, 4949, 95194, 104983, 91675, 59279]"
115376,"[90138, 46317, 93961, 106680, 98079, 62212, 85488, 105611, 7153, 109237]"
115377,"[352, 75773, 105130, 6578, 61982, 94908, 33593, 106227, 26259, 71968]"
115378,"[15776, 42524, 3937, 69871, 46010, 82890, 32809, 45209, 72611, 84041]"
115379,"[30515, 21447, 53448, 32010, 64728, 90465, 28842, 54966, 104646, 23502]"
115380,"[91002, 90874, 81737, 77508, 64193, 54330, 34055, 32851, 99646, 86786]"
115381,"[30075, 70688, 86473, 102209, 101915, 101840, 83280, 22677, 88554, 38471]"
115382,"[40626, 48575, 99238, 62478, 82544, 39579, 67172, 71371, 35911, 49610]"
115383,"[22372, 31750, 27210, 14766, 68861, 20626, 5005, 27189, 23958, 14313]"
115384,"[74977, 58436, 96440, 36872, 59360, 8630, 60277, 64040, 12045, 102552]"
115385,"[96222, 66440, 19034, 85484, 49097, 99309, 30509, 81416, 84482, 1731]"
115386,"[70696, 60644, 22284, 8123, 40796, 9866, 61700, 64806, 8966, 41128]"
115387,"[38833, 13971, 21574, 88525, 60530, 101558, 12300, 90710, 5675, 93943]"
115388,"[87046, 72063, 105005, 104349, 14820, 99816, 25951, 102554, 17641, 27446]"
115389,"[93604, 108301, 9117, 21242, 92553, 94497, 71687, 37076, 103906, 19754]"
115390,"[41352, 40236, 90361, 6954, 61629, 19982, 41256, 62858, 108277, 101497]"
115391,"[93611, 6486, 51702, 1602, 41883, 54318, 84055, 43991, 55860, 78648]"
115392,"[15794, 66292, 55106, 38172, 81879, 28255, 45642, 81615, 100712, 106532]"
115393,"[4301, 11873, 20928, 44641, 22051, 44133, 94982, 85833, 83690, 8027]"
115394,"[6634, 31247, 41829, 43643, 58365, 57686, 107120, 91514, 74740, 81442]"
115395,"[57208, 91675, 106087, 59279, 57891, 100062, 96590, 104983, 36371, 41475]"
115396,"[35112, 8657, 49691, 75250, 54908, 23464, 58902, 62058, 67590, 105245]"
115397,"[50172, 41937, 84399, 88487, 96256, 44437, 13608, 91710, 104920, 24098]"
115398,"[19682, 86603, 104699, 41735, 69587, 30988, 32614, 15745, 5463, 10105]"
115399,"[100135, 55647, 56985, 104596, 21098, 26786, 109423, 9942, 100622, 102954]"
115400,"[27889, 85815, 71923, 72368, 42610, 31091, 90576, 8066, 12552, 6928]"
115401,"[64680, 12284, 87121, 80712, 31391, 69646, 94851, 109629, 14856, 49827]"
115402,"[95407, 8304, 36284, 21997, 10318, 1292, 69033, 14218, 3547, 88777]"
115403,"[78065, 35937, 70972, 77060, 56044, 66426, 68585, 103514, 93447, 67977]"
115404,"[94288, 6200, 18072, 104806, 107127, 88968, 72561, 42162, 62490, 91425]"
115405,"[62801, 87984, 68037, 31028, 86762, 1390, 99716, 5931, 89400, 61240]"
115406,"[68262, 64925, 72156, 36450, 89329, 30967, 77822, 5002, 24871, 91949]"
115407,"[67800, 106291, 89047, 841, 10520, 24689, 33712, 53595, 70175, 100699]"
115408,"[73207, 40281, 54028, 31740, 73422, 37081, 39872, 45445, 1899, 41857]"
115409,"[54031, 10533, 105683, 82235, 30428, 39270, 47980, 49663, 93914, 68155]"
115410,"[75851, 96287, 47855, 54170, 103303, 35474, 96638, 105198, 52915, 103153]"
115411,"[87743, 47522, 83729, 5286, 75520, 15902, 79698, 54999, 105095, 34917]"
115412,"[109756, 47022, 107367, 65243, 14504, 89728, 2600, 42765, 96670, 101192]"
115413,"[36921, 92620, 78046, 107574, 17850, 46502, 33006, 17536, 82977, 61965]"
115414,"[86729, 57603, 60333, 33664, 66367, 23552, 56254, 92634, 5468, 55820]"
115415,"[46318, 24397, 38126, 65393, 46466, 76000, 97287, 59487, 69211, 11397]"
115416,"[82148, 37629, 42916, 19781, 87295, 32588, 9997, 96107, 17369, 108744]"
115417,"[76533, 6324, 20489, 16564, 33575, 88786, 106322, 90654, 68011, 103857]"
115418,"[107706, 94606, 72702, 62030, 102125, 107729, 87527, 87160, 93548, 94685]"
115419,"[40419, 24772, 88774, 6717, 70180, 59778, 34933, 76298, 103029, 5540]"
115420,"[52068, 23709, 69164, 32901, 45204, 6297, 28160, 57692, 54048, 10650]"
115421,"[7147, 29036, 9803, 741, 36294, 108943, 67085, 14352, 108810, 58671]"
115422,"[84679, 77186, 109317, 42561, 69163, 1112, 69252, 38448, 85222, 67416]"
115423,"[83859, 43785, 39185, 75943, 43838, 64118, 49641, 109192, 102985, 57916]"
115424,"[32942, 77447, 83450, 27899, 99551, 108191, 41732, 26162, 47635, 88294]"
115425,"[74644, 11426, 88754, 96656, 98265, 2586, 5756, 40958, 60517, 50834]"
115426,"[105815, 6007, 92153, 36249, 75333, 55041, 39940, 3278, 27045, 74556]"
115427,"[73963, 22922, 9419, 20468, 38570, 17158, 20913, 67318, 103902, 41554]"
115428,"[54968, 107932, 1964, 107439, 30900, 80958, 55314, 87700, 102386, 60194]"
115429,"[98904, 94015, 73577, 73517, 43878, 57007, 28173, 70843, 56489, 50377]"
115430,"[57772, 27218, 94438, 74981, 50836, 85685, 31141, 70761, 59352, 92010]"
115431,"[68505, 108580, 5099, 108070, 14756, 9987, 62769, 62672, 81134, 21474]"
115432,"[67609, 55392, 29051, 78491, 57902, 37868, 71395, 2530, 64595, 90837]"
115433,"[91759, 55843, 52163, 63039, 792, 42923, 59506, 35309, 58586, 77439]"
115434,"[78138, 75438, 36976, 4365, 38799, 42561, 14137, 13147, 5214, 83684]"
115435,"[43114, 12753, 42000, 57726, 60538, 29129, 6695, 93630, 6597, 88077]"
115436,"[77119, 2238, 84875, 8622, 52371, 22436, 97874, 2855, 8684, 47721]"
115437,"[20552, 86782, 104414, 3417, 105971, 56574, 98920, 22940, 101831, 77938]"
115438,"[14933, 4017, 56522, 109684, 22218, 105745, 12143, 90088, 28664, 38514]"
115439,"[68062, 42747, 19875, 11010, 34534, 99817, 78635, 17899, 83338, 71487]"
115440,"[101313, 26062, 25415, 18907, 102067, 99885, 27266, 105984, 104916, 38421]"
115441,"[3148, 75126, 68325, 18451, 38192, 84826, 96997, 71356, 59930, 78319]"
115442,"[26160, 2037, 89543, 32851, 33744, 107529, 78073, 74144, 53090, 29392]"
115443,"[27047, 34239, 16263, 37025, 30757, 68452, 44228, 65719, 49741, 21611]"
115444,"[1717, 10799, 75561, 9071, 15385, 60534, 43941, 106626, 100887, 10996]"
115445,"[101948, 56140, 97877, 24085, 71169, 65252, 108504, 73689, 6348, 10911]"
115446,"[104047, 103622, 108214, 19805, 58486, 91116, 16092, 63803, 37297, 84271]"
115447,"[2281, 5159, 72536, 101246, 81605, 87138, 32176, 10220, 2457, 54109]"
115448,"[81431, 101412, 63982, 51447, 90399, 61756, 2381, 54204, 83137, 15179]"
115449,"[83957, 48669, 34226, 87574, 96647, 48291, 77276, 21834, 76694, 19384]"
115450,"[108975, 29237, 103493, 89982, 61787, 84573, 76041, 13569, 31897, 61279]"
115451,"[39329, 94993, 26786, 62708, 76270, 3737, 65845, 32401, 64575, 84243]"
115452,"[58159, 68614, 63461, 49416, 34064, 59834, 62251, 35909, 95790, 85352]"
115453,"[21460, 74049, 98255, 22634, 16936, 34677, 71690, 99712, 3533, 3475]"
115454,"[61497, 83976, 104134, 23601, 59017, 39965, 34687, 38397, 1824, 7758]"
115455,"[99717, 17319, 65002, 29731, 19803, 33560, 33209, 78365, 20415, 10905]"
115456,"[2360, 43282, 49929, 108741, 9479, 39049, 36912, 85381, 4730, 94547]"
115457,"[358, 37284, 96134, 80930, 83852, 32949, 24075, 34998, 42066, 6851]"
115458,"[79124, 91852, 65851, 36152, 7256, 97374, 98883, 53178, 65441, 72703]"
115459,"[40343, 80514, 86422, 16024, 107556, 73430, 72784, 34876, 61279, 10846]"
115460,"[67947, 30092, 97628, 96488, 102184, 29524, 46178, 22362, 30567, 68811]"
115461,"[71533, 31970, 23372, 96943, 85222, 38448, 22213, 44555, 89355, 81778]"
115462,"[30026, 36549, 83878, 19347, 45535, 52262, 44153, 52213, 19203, 67348]"
115463,"[106296, 9771, 39018, 21938, 63276, 35506, 67135, 52408, 7302, 68443]"
115464,"[64174, 109221, 41758, 69781, 55142, 4702, 18814, 102816, 52560, 109101]"
115465,"[83992, 24983, 86529, 49797, 878, 24585, 45858, 17913, 82130, 18908]"
115466,"[85606, 57003, 44167, 75525, 35564, 51659, 60376, 103489, 72107, 53759]"
115467,"[48176, 43805, 98190, 54728, 91453, 38044, 55612, 43975, 7478, 95860]"
115468,"[65904, 95003, 26929, 65650, 49957, 60905, 38630, 35059, 85525, 7177]"
115469,"[67783, 7019, 17416, 103292, 14884, 40430, 51513, 74594, 11372, 81529]"
115470,"[6943, 7699, 77525, 38542, 37511, 60787, 38820, 66680, 90967, 90705]"
115471,"[49493, 5098, 87633, 22821, 88391, 75926, 36413, 44678, 12054, 96974]"
115472,"[64375, 52923, 76262, 50951, 105685, 93131, 31284, 15714, 19042, 87348]"
115473,"[95606, 105191, 3956, 26092, 49111, 53587, 77685, 28748, 72860, 93559]"
115474,"[73541, 59708, 2580, 19170, 18908, 58162, 62436, 83992, 19837, 66684]"
115475,"[79509, 97004, 101543, 33768, 10100, 81373, 9154, 26705, 77687, 86616]"
115476,"[58272, 37810, 58943, 54599, 96447, 34290, 57859, 102971, 46038, 73045]"
115477,"[40193, 9542, 3191, 38617, 41075, 5030, 22193, 75004, 29876, 11835]"
115478,"[30015, 69679, 15749, 20188, 88408, 2905, 78307, 79667, 97727, 20888]"
115479,"[74213, 73749, 95834, 22365, 65912, 6056, 27583, 50364, 25251, 64154]"
115480,"[64278, 10360, 65375, 54386, 49026, 12481, 49068, 62713, 65212, 82627]"
115481,"[66268, 40057, 74578, 46382, 34034, 97401, 25193, 60994, 90887, 7263]"
115482,"[31359, 10203, 59337, 74930, 61534, 15606, 95233, 58263, 90250, 36073]"
115483,"[80469, 71652, 96691, 97712, 88446, 23470, 86362, 7912, 32411, 35789]"
115484,"[8813, 82036, 55919, 21432, 97946, 87531, 53745, 61485, 62079, 92581]"
115485,"[13079, 33606, 51651, 86960, 37321, 47854, 109100, 43070, 54869, 80467]"
115486,"[48387, 28553, 50964, 6441, 14968, 32554, 77753, 59657, 64239, 45134]"
115487,"[62488, 51205, 5150, 13362, 104339, 101171, 103247, 99277, 56033, 66267]"
115488,"[50610, 87100, 93216, 58255, 37963, 10125, 2887, 81390, 646, 71305]"
115489,"[9655, 10464, 104303, 59995, 16276, 63595, 33638, 85786, 23536, 66181]"
115490,"[49798, 61507, 59683, 106258, 90646, 79015, 62211, 6448, 94766, 62907]"
115491,"[98290, 22627, 16613, 15982, 198, 475, 98334, 74490, 94853, 24463]"
115492,"[95635, 14033, 65716, 9069, 36656, 73872, 107162, 70494, 97932, 47487]"
115493,"[45210, 98210, 29523, 75913, 47984, 105969, 29369, 65595, 84834, 87177]"
115494,"[62, 751, 92316, 60563, 70764, 88373, 38488, 107205, 23807, 98235]"
115495,"[43119, 69587, 91265, 108510, 103405, 30191, 59957, 48017, 26995, 76687]"
115496,"[28738, 12567, 28026, 15261, 12800, 6678, 36814, 2990, 78958, 107586]"
115497,"[59303, 80540, 15820, 13110, 3045, 65763, 59546, 15940, 90129, 89598]"
115498,"[34330, 35807, 21743, 13185, 47923, 15052, 21457, 79266, 77074, 80154]"
115499,"[54731, 66094, 62197, 109142, 70495, 105023, 57171, 37165, 99429, 36832]"
115500,"[108483, 55936, 71266, 46154, 65682, 59432, 46889, 65764, 38583, 32475]"
115501,"[39016, 90823, 21424, 52954, 443, 65733, 44139, 39472, 93009, 76322]"
115502,"[78054, 104884, 106184, 6260, 28855, 105674, 94471, 107403, 82870, 83722]"
115503,"[71035, 23714, 105, 44366, 29277, 79361, 11637, 65757, 108455, 5625]"
115504,"[12770, 6905, 70866, 23649, 47487, 54086, 3192, 79332, 6468, 95083]"
115505,"[43102, 73100, 9864, 48394, 77389, 14350, 102507, 84671, 11264, 19089]"
115506,"[7083, 40870, 107125, 74565, 100011, 72639, 36851, 24944, 25494, 87674]"
115507,"[44616, 86659, 9492, 58934, 50908, 109685, 838, 55623, 98047, 83879]"
115508,"[63005, 85227, 53884, 53822, 32573, 2942, 48912, 17325, 98211, 1823]"
115509,"[41448, 45895, 108377, 72967, 40726, 26533, 27833, 64562, 62956, 3868]"
115510,"[59786, 96710, 88891, 100066, 18904, 98244, 20091, 35458, 43877, 15181]"
115511,"[71506, 90208, 100450, 109753, 59304, 843, 38804, 29947, 108882, 19417]"
115512,"[71929, 80604, 106306, 99431, 77850, 90640, 5034, 5277, 65236, 71803]"
115513,"[18859, 70478, 8622, 21670, 47721, 101222, 84875, 22436, 2238, 88863]"
115514,"[81110, 36336, 56471, 71478, 55194, 37786, 16498, 55603, 21052, 71027]"
115515,"[7493, 86881, 45981, 21571, 89392, 6302, 63429, 26294, 81574, 78930]"
115516,"[103517, 69841, 68947, 101578, 40751, 100278, 34753, 96155, 45364, 32007]"
115517,"[108371, 103600, 16589, 83866, 54976, 46951, 30303, 51044, 27604, 8430]"
115518,"[17064, 88397, 26450, 39435, 107264, 53124, 86086, 44686, 92559, 25021]"
115519,"[102323, 17580, 11482, 97886, 29726, 38047, 11738, 47607, 79153, 35312]"
115520,"[62016, 27837, 80609, 108942, 10111, 38708, 46728, 64686, 34406, 16257]"
115521,"[18327, 52792, 35469, 44498, 52675, 39369, 9425, 96092, 8857, 41476]"
115522,"[49891, 41130, 38105, 798, 33075, 20362, 49379, 63673, 24169, 51951]"
115523,"[37947, 28025, 22230, 86753, 33761, 23492, 27731, 93749, 48649, 13905]"
115524,"[76945, 67225, 62484, 53619, 54401, 10592, 91834, 13702, 2650, 30698]"
115525,"[69822, 28759, 39566, 82119, 66833, 46658, 29782, 100439, 1805, 31189]"
115526,"[34352, 45108, 6499, 36073, 97007, 51332, 84105, 39097, 109000, 109675]"
115527,"[90757, 91012, 64917, 98048, 34854, 39461, 49188, 67651, 51896, 9458]"
115528,"[20820, 26860, 86077, 77529, 109274, 38285, 17270, 65499, 20867, 103813]"
115529,"[5159, 18093, 54109, 48906, 8096, 88260, 2281, 10720, 64986, 56515]"
115530,"[79128, 56373, 81285, 96645, 44195, 46895, 53873, 105359, 37713, 1996]"
115531,"[13708, 64493, 58962, 7850, 15019, 75134, 31173, 19942, 41512, 107773]"
115532,"[92882, 3138, 19610, 28061, 87105, 65712, 35382, 46747, 29511, 4361]"
115533,"[1951, 24165, 45238, 30853, 95500, 72077, 1457, 3914, 63549, 91319]"
115534,"[107356, 108687, 27824, 41934, 1108, 96281, 36762, 54643, 73232, 6036]"
115535,"[93379, 44093, 22224, 52307, 58679, 89637, 56655, 62500, 73483, 21045]"
115536,"[93775, 9123, 103537, 31974, 76327, 48275, 69820, 84848, 54238, 69570]"
115537,"[647, 44757, 58854, 25390, 73609, 82183, 79818, 92589, 9376, 69875]"
115538,"[30420, 83363, 92140, 27986, 87179, 69050, 54726, 28424, 78196, 78527]"
115539,"[105606, 87035, 83468, 108189, 18558, 17609, 85564, 14624, 97085, 102477]"
115540,"[101093, 51062, 105955, 38270, 50916, 64415, 11099, 46661, 72872, 32505]"
115541,"[13258, 38525, 39635, 13693, 28039, 3605, 94396, 89859, 45774, 35648]"
115542,"[88193, 24282, 57327, 96550, 107568, 62608, 13942, 5146, 97341, 61770]"
115543,"[15843, 72261, 90861, 88067, 98154, 46372, 1330, 101054, 92003, 65835]"
115544,"[19463, 90590, 86094, 52975, 37247, 85414, 50171, 98397, 13373, 100524]"
115545,"[578, 43793, 64514, 55920, 40991, 86779, 58247, 50646, 48917, 26649]"
115546,"[4223, 4395, 57395, 55884, 18102, 22164, 51070, 44849, 70762, 11256]"
115547,"[20263, 85124, 81119, 16365, 58960, 97976, 102498, 99427, 82670, 106278]"
115548,"[13371, 2962, 76271, 21808, 67434, 3236, 72896, 47032, 49439, 89181]"
115549,"[20306, 3622, 17542, 109469, 19249, 78479, 101074, 69670, 60195, 57408]"
115550,"[10229, 57279, 96094, 738, 62819, 18525, 52, 92640, 99528, 73221]"
115551,"[22294, 77928, 82496, 19941, 45081, 88353, 6567, 80808, 98882, 60091]"
115552,"[45067, 53091, 72536, 45052, 82882, 60228, 36207, 48768, 30172, 4085]"
115553,"[57158, 86347, 69596, 32181, 94004, 87316, 97745, 62645, 64915, 59910]"
115554,"[22190, 60652, 3844, 78458, 21405, 11250, 17904, 84904, 30490, 55175]"
115555,"[35637, 106684, 25166, 76826, 91587, 88142, 100186, 7516, 86609, 73585]"
115556,"[3838, 25581, 63677, 91485, 40124, 66676, 30665, 8174, 83940, 24223]"
115557,"[10015, 40189, 96765, 5362, 87601, 8102, 40980, 32216, 7772, 1696]"
115558,"[43494, 5538, 69030, 49915, 100937, 29253, 3561, 21133, 47944, 73477]"
115559,"[29289, 47498, 104868, 35190, 46947, 37767, 58670, 4327, 105170, 96811]"
115560,"[103117, 17221, 47464, 103868, 25527, 93864, 54858, 67037, 96625, 34041]"
115561,"[89737, 79381, 11362, 91707, 86768, 21557, 5467, 107185, 22508, 107331]"
115562,"[67223, 12371, 65173, 56302, 84058, 97677, 70778, 102388, 22794, 45149]"
115563,"[90761, 54130, 33214, 24835, 52863, 11121, 20080, 33597, 64236, 64789]"
115564,"[93470, 83605, 60818, 106611, 6491, 65257, 60629, 41778, 33590, 7226]"
115565,"[3602, 67268, 93835, 36226, 10856, 60681, 89618, 38919, 62264, 102927]"
115566,"[77967, 104439, 83639, 64391, 48977, 61768, 81140, 11011, 81005, 107930]"
115567,"[67986, 87285, 98016, 87002, 51366, 9351, 108598, 62138, 21441, 12739]"
115568,"[105931, 97527, 60497, 53695, 63112, 46373, 97836, 6313, 27936, 37558]"
115569,"[40985, 65106, 3615, 43053, 20974, 6876, 109249, 96284, 71310, 22738]"
115570,"[1718, 107540, 39124, 94597, 24875, 30125, 103825, 43609, 76317, 33117]"
115571,"[47093, 35912, 97518, 52444, 51266, 35960, 103169, 86736, 96925, 67001]"
115572,"[51571, 67620, 104377, 4324, 26163, 44432, 5880, 87018, 5215, 6051]"
115573,"[1297, 46376, 18247, 11174, 96618, 22848, 31423, 49725, 91974, 83242]"
115574,"[10512, 29602, 86998, 38577, 78247, 28492, 36605, 99149, 48904, 87507]"
115575,"[92889, 86783, 3237, 81107, 23737, 27041, 84326, 32190, 108524, 3734]"
115576,"[4315, 56150, 61536, 23130, 39000, 51332, 81746, 28155, 55081, 50537]"
115577,"[5765, 20711, 58685, 11820, 106568, 85831, 27062, 47957, 57800, 79204]"
115578,"[64784, 99922, 94967, 98857, 77694, 78791, 30653, 35640, 60543, 28558]"
115579,"[81526, 50188, 101792, 94248, 90227, 9195, 23585, 8574, 65571, 49021]"
115580,"[29961, 6959, 102070, 83058, 17564, 88468, 29491, 55898, 11860, 46615]"
115581,"[92443, 101085, 71560, 60823, 29418, 28881, 81287, 70843, 71686, 85984]"
115582,"[65663, 22525, 73307, 29493, 73843, 55043, 101303, 107780, 47960, 87136]"
115583,"[52556, 51413, 66806, 12751, 52456, 44511, 2713, 102081, 11792, 14381]"
115584,"[94467, 58985, 3449, 78649, 30431, 66839, 2475, 46902, 60202, 55573]"
115585,"[24560, 68813, 6743, 25157, 3616, 49774, 70338, 108363, 104507, 21181]"
115586,"[107217, 75961, 54347, 107167, 80589, 16348, 14575, 51885, 54615, 91676]"
115587,"[54532, 105855, 41662, 108127, 105302, 49604, 94322, 36971, 7412, 32325]"
115588,"[21257, 37920, 5017, 67773, 78304, 99021, 81979, 17128, 19942, 20140]"
115589,"[31528, 108683, 31340, 2674, 95665, 90023, 38998, 94761, 97549, 75300]"
115590,"[47294, 39537, 22163, 100459, 77799, 61857, 108530, 51883, 102976, 74939]"
115591,"[85757, 37320, 6537, 54146, 22004, 16810, 56672, 10277, 10703, 89890]"
115592,"[71477, 23078, 108080, 65664, 65735, 59804, 24903, 34166, 10025, 2300]"
115593,"[61014, 86771, 94944, 101552, 87227, 7980, 44621, 38091, 90478, 59090]"
115594,"[106971, 39657, 18138, 19795, 63710, 45166, 24590, 82597, 25078, 66376]"
115595,"[48605, 42889, 29867, 29368, 100072, 73729, 73959, 29310, 35142, 26597]"
115596,"[98675, 28559, 90500, 20507, 103546, 47201, 54748, 62255, 47702, 88700]"
115597,"[90197, 88502, 57882, 81982, 38338, 15029, 20631, 59486, 82885, 79242]"
115598,"[11974, 45106, 44353, 15783, 29897, 93732, 22495, 109543, 108085, 102732]"
115599,"[66377, 56353, 80276, 47220, 9985, 89790, 19831, 62748, 60679, 49385]"
115600,"[54381, 66424, 27044, 20080, 33597, 25265, 79206, 105936, 101754, 21993]"
115601,"[46302, 49043, 11317, 72969, 57176, 62445, 4852, 43854, 80177, 46845]"
115602,"[40833, 22861, 58703, 45197, 82321, 12672, 93751, 23747, 69439, 35071]"
115603,"[100810, 30803, 58607, 49284, 35170, 84349, 24799, 76361, 20574, 29540]"
115604,"[23291, 51410, 13296, 31452, 72962, 21518, 50607, 75547, 70052, 53547]"
115605,"[108850, 22201, 48991, 28024, 61366, 15661, 45517, 41179, 108662, 70138]"
115606,"[108497, 93762, 38970, 107949, 56012, 77894, 62028, 61790, 33859, 25705]"
115607,"[29140, 76037, 96443, 7127, 68308, 67476, 49958, 11961, 50318, 23127]"
115608,"[13471, 41506, 97976, 58960, 60010, 979, 20263, 85124, 61164, 55226]"
115609,"[45280, 13592, 3676, 28784, 56409, 53914, 88349, 15545, 23320, 74259]"
115610,"[10292, 51529, 93462, 70211, 66587, 22030, 36640, 107837, 5961, 31755]"
115611,"[31634, 44676, 97581, 20094, 89861, 74495, 60080, 83232, 68121, 7253]"
115612,"[60908, 81009, 74620, 57898, 108674, 104198, 59511, 57069, 69947, 93302]"
115613,"[44293, 59287, 95278, 109432, 14823, 34723, 3562, 18237, 5243, 90571]"
115614,"[75596, 31262, 97950, 97891, 35751, 79778, 82717, 43391, 202, 12243]"
115615,"[87235, 19193, 33634, 68033, 44605, 80942, 73189, 91015, 102256, 47293]"
115616,"[34470, 63271, 99869, 68635, 9798, 11128, 59133, 34739, 28017, 37825]"
115617,"[31535, 20218, 63750, 24790, 64838, 82311, 93202, 20051, 80506, 66600]"
115618,"[68435, 68023, 8406, 47592, 67861, 40699, 31924, 31589, 97162, 13114]"
115619,"[27530, 47777, 91511, 6768, 25011, 81282, 99400, 46570, 84432, 62156]"
115620,"[38045, 3240, 108247, 45876, 7731, 61497, 55765, 80061, 88480, 100016]"
115621,"[40324, 85789, 72944, 61837, 96272, 31198, 88170, 103828, 106207, 24117]"
115622,"[880, 69389, 33899, 28298, 26553, 81905, 22549, 23523, 91392, 5027]"
115623,"[88818, 11813, 24615, 17412, 71785, 51334, 79868, 14363, 82703, 97029]"
115624,"[46161, 102946, 100037, 47528, 67179, 108842, 93501, 29913, 64635, 22855]"
115625,"[45720, 56470, 59818, 75721, 13516, 68900, 70069, 10377, 68638, 668]"
115626,"[65729, 54123, 38208, 37104, 88001, 29407, 30317, 2162, 62937, 92197]"
115627,"[82491, 28423, 34542, 104231, 74696, 29778, 54972, 33247, 49550, 63539]"
115628,"[46335, 72326, 59321, 55740, 10383, 70574, 5608, 98384, 46717, 62468]"
115629,"[47900, 48762, 47954, 49601, 6670, 107374, 14242, 99497, 46987, 7473]"
115630,"[37803, 38986, 697, 17324, 38053, 29108, 17295, 1806, 88892, 60827]"
115631,"[24091, 72379, 532, 80607, 31064, 77793, 47096, 37698, 18962, 87765]"
115632,"[1265, 46141, 90829, 13197, 40143, 23270, 82072, 83938, 4074, 48677]"
115633,"[14041, 263, 44211, 91766, 108718, 32615, 53475, 24836, 56073, 56311]"
115634,"[50211, 428, 13290, 26541, 31664, 4718, 51099, 85905, 81935, 12285]"
115635,"[65011, 60454, 107110, 70373, 9558, 64875, 25922, 40093, 16174, 9811]"
115636,"[62172, 47421, 85694, 75711, 97734, 67605, 69653, 58587, 81940, 78092]"
115637,"[37089, 7052, 89415, 60868, 98041, 60390, 84706, 55924, 93459, 66962]"
115638,"[95901, 75544, 59412, 10687, 69529, 13384, 49503, 95819, 26842, 104387]"
115639,"[99122, 57012, 82510, 39183, 66502, 43918, 7507, 58984, 56768, 28390]"
115640,"[37139, 109266, 101052, 49050, 3077, 51825, 28917, 78330, 75707, 102941]"
115641,"[1105, 24806, 23660, 93422, 109209, 20999, 54988, 65384, 73001, 73466]"
115642,"[68308, 24584, 12310, 107235, 49958, 50318, 50319, 40745, 12848, 6689]"
115643,"[23981, 21058, 54316, 109473, 90567, 54264, 38819, 55630, 75634, 31763]"
115644,"[69644, 60882, 9193, 101961, 14349, 105432, 59074, 73523, 107595, 51168]"
115645,"[81321, 99362, 74291, 3045, 22385, 9044, 1976, 9037, 36755, 67188]"
115646,"[54398, 77938, 27249, 101831, 10709, 20552, 64242, 79198, 38335, 3417]"
115647,"[71040, 85799, 38707, 1688, 96959, 311, 29869, 46709, 58456, 21497]"
115648,"[75259, 58396, 1919, 67793, 7039, 34354, 44456, 62718, 3239, 69844]"
115649,"[89173, 26746, 95880, 72315, 45693, 12599, 101845, 19381, 4654, 57731]"
115650,"[99750, 80311, 17641, 86238, 45761, 33420, 37731, 88804, 71508, 44685]"
115651,"[46305, 18651, 83090, 19017, 84885, 45481, 23037, 43146, 43388, 18189]"
115652,"[15912, 31501, 25169, 56052, 103345, 10722, 24012, 93924, 53551, 86324]"
115653,"[39779, 16372, 102224, 5621, 93071, 109355, 67100, 17425, 10141, 28595]"
115654,"[32263, 80270, 71920, 31072, 93148, 88674, 31710, 20954, 89926, 91855]"
115655,"[68148, 79263, 105119, 72488, 94985, 65508, 25392, 8928, 55979, 15257]"
115656,"[86976, 53, 99703, 11601, 18035, 76162, 49749, 83715, 76552, 93738]"
115657,"[101974, 98172, 69223, 85045, 23355, 77935, 100164, 48692, 46554, 68421]"
115658,"[85045, 98261, 5100, 54477, 1817, 25, 45465, 6151, 69223, 80659]"
115659,"[99281, 87950, 98632, 51733, 68788, 23174, 52424, 81441, 69656, 66608]"
115660,"[91468, 80682, 86697, 70119, 14441, 101708, 108749, 88384, 45995, 5887]"
115661,"[109550, 44889, 33309, 79664, 97540, 41676, 68559, 100452, 4091, 22993]"
115662,"[13273, 27206, 96749, 98771, 109724, 12900, 15786, 11371, 14684, 102741]"
115663,"[68031, 3429, 49925, 102836, 87679, 86694, 6422, 53372, 68414, 62562]"
115664,"[13978, 100039, 35087, 29965, 13329, 80394, 23115, 78312, 78024, 33083]"
115665,"[52328, 47817, 26485, 69295, 13459, 101490, 86808, 34716, 32925, 53831]"
115666,"[107206, 108707, 61656, 95533, 105654, 12378, 82944, 66050, 68096, 86964]"
115667,"[49155, 26099, 71743, 43161, 42979, 2835, 90914, 39781, 30855, 81535]"
115668,"[30183, 19307, 73325, 68408, 92618, 61669, 24120, 61309, 13856, 23485]"
115669,"[68758, 39867, 26000, 63043, 13205, 96371, 27903, 67094, 27058, 62917]"
115670,"[99737, 74473, 25263, 78442, 30686, 81630, 1593, 41631, 76414, 8308]"
115671,"[3691, 64936, 11991, 109377, 84205, 69508, 6114, 28056, 57531, 58527]"
115672,"[1725, 25738, 23588, 50992, 85160, 56122, 38838, 44493, 39302, 44349]"
115673,"[64541, 56830, 4949, 95194, 16061, 37979, 43381, 21692, 59305, 104752]"
115674,"[38496, 4168, 7809, 63790, 64441, 56680, 50771, 19844, 63555, 106704]"
115675,"[91451, 38399, 61096, 680, 920, 3499, 20158, 52288, 27964, 106116]"
115676,"[86772, 106698, 82515, 61718, 57470, 74273, 34922, 88083, 50653, 59044]"
115677,"[47983, 56880, 101864, 26841, 45962, 34307, 41528, 95181, 89552, 109450]"
115678,"[94255, 14070, 77518, 99683, 103954, 21122, 2880, 9960, 36370, 56813]"
115679,"[80986, 24709, 17094, 79611, 51907, 61480, 2501, 14144, 76627, 37928]"
115680,"[34897, 88376, 24681, 37150, 40608, 28006, 4993, 71464, 7141, 51902]"
115681,"[15132, 95747, 62806, 63791, 92825, 20816, 25503, 26646, 4896, 43467]"
115682,"[109444, 55702, 3193, 92842, 15379, 86309, 87674, 83455, 268, 69974]"
115683,"[99995, 54711, 78659, 36922, 67425, 38712, 88388, 7020, 103314, 91]"
115684,"[19118, 80978, 50297, 71050, 7344, 38468, 70635, 83576, 4775, 42910]"
115685,"[35920, 66318, 106820, 102291, 54649, 13305, 69628, 61157, 47588, 107889]"
115686,"[10016, 94048, 48530, 71199, 14559, 15238, 28044, 106061, 31255, 15998]"
115687,"[101789, 64478, 90703, 28681, 87397, 101546, 68719, 74983, 9472, 70619]"
115688,"[67235, 46042, 70522, 78715, 1587, 59581, 62298, 45434, 6883, 91646]"
115689,"[40936, 48809, 107828, 96042, 26768, 6254, 9687, 66001, 101474, 99408]"
115690,"[60544, 81620, 79226, 85889, 99355, 68921, 15095, 45409, 5490, 4377]"
115691,"[12206, 109235, 45219, 61559, 42018, 47250, 49028, 32967, 100632, 2771]"
115692,"[76012, 63025, 19369, 23956, 89110, 43059, 56439, 31361, 23240, 29719]"
115693,"[45083, 68524, 55910, 520, 89009, 79787, 34388, 3455, 39232, 42174]"
115694,"[70399, 17010, 74370, 70642, 46755, 80884, 91930, 12586, 12169, 5125]"
115695,"[69882, 92865, 100420, 5328, 105372, 107586, 15261, 12800, 4998, 2491]"
115696,"[84125, 43803, 79656, 96248, 95201, 11540, 55246, 68328, 27137, 87350]"
115697,"[19444, 43884, 53964, 56469, 52541, 69776, 99178, 80559, 57309, 73562]"
115698,"[32632, 30982, 56913, 70807, 97032, 19622, 78890, 81700, 90756, 43960]"
115699,"[30055, 75278, 17438, 94306, 63997, 80234, 87834, 13243, 40489, 24563]"
115700,"[44806, 13456, 4823, 58397, 94189, 12135, 96183, 65874, 89820, 21259]"
115701,"[54662, 8099, 17734, 8218, 51229, 102622, 4986, 68948, 66784, 101448]"
115702,"[89384, 37585, 17264, 17842, 9662, 9070, 53583, 19218, 44659, 66918]"
115703,"[39250, 66622, 67216, 59724, 15537, 13929, 80196, 103572, 106800, 55972]"
115704,"[53330, 79719, 12457, 99526, 89184, 48577, 26240, 46418, 5252, 3418]"
115705,"[45063, 33072, 73663, 46514, 8682, 96803, 103072, 92428, 21988, 16904]"
115706,"[103397, 4078, 70173, 62589, 54637, 67708, 41984, 40038, 40188, 26095]"
115707,"[48183, 56012, 62028, 108497, 54853, 51067, 105838, 28932, 17565, 58700]"
115708,"[102728, 15030, 30282, 4122, 89209, 92375, 52442, 6312, 52360, 79598]"
115709,"[78285, 103583, 24858, 34106, 92457, 45300, 77853, 35701, 59754, 93734]"
115710,"[3310, 22795, 42945, 83339, 38056, 19239, 32001, 2292, 17117, 9489]"
115711,"[65941, 56769, 95399, 42920, 105599, 4001, 29641, 80987, 33085, 63448]"
115712,"[52490, 20234, 107974, 46438, 15338, 27334, 58847, 108274, 22422, 94057]"
115713,"[13787, 98653, 5857, 91872, 10615, 228, 70527, 64668, 13798, 33493]"
115714,"[18201, 102724, 89255, 8068, 39958, 33104, 3251, 92068, 32447, 87011]"
115715,"[83807, 66448, 100160, 108781, 67397, 96306, 71137, 94990, 80426, 1993]"
115716,"[66036, 106753, 49791, 39504, 108504, 1648, 14875, 6855, 34389, 101444]"
115717,"[91393, 23150, 53611, 31157, 64558, 28452, 18279, 17281, 14430, 106364]"
115718,"[71021, 100202, 99727, 89993, 16782, 86355, 35078, 44375, 105471, 38653]"
115719,"[6863, 43718, 12027, 46562, 6924, 38068, 18027, 28519, 100765, 88806]"
115720,"[31811, 55766, 31815, 93881, 51601, 103985, 5986, 47531, 96641, 47536]"
115721,"[17502, 84789, 92584, 66190, 27091, 93973, 37530, 53272, 92431, 13680]"
115722,"[13006, 24842, 39479, 94456, 2416, 36539, 53877, 104219, 51208, 72976]"
115723,"[79705, 11047, 23734, 18222, 48752, 94715, 77263, 28161, 86304, 77931]"
115724,"[16080, 49908, 88562, 41683, 87639, 59267, 102841, 21400, 63046, 27968]"
115725,"[17710, 36181, 43889, 100482, 74635, 85403, 101512, 47615, 35359, 26758]"
115726,"[26860, 103813, 20867, 20820, 104777, 48418, 11193, 77529, 86077, 33545]"
115727,"[41851, 2348, 31866, 4126, 48255, 73580, 68996, 95611, 102832, 67618]"
115728,"[25049, 71576, 104612, 31407, 102044, 85199, 40230, 65995, 71687, 79815]"
115729,"[57123, 13766, 37091, 63222, 11211, 14525, 82983, 84816, 38218, 10225]"
115730,"[10464, 104303, 63595, 16276, 85786, 9655, 23536, 83782, 27631, 38948]"
115731,"[56050, 109077, 7956, 99388, 76863, 59209, 96343, 75337, 86868, 82464]"
115732,"[55735, 51256, 79399, 103512, 92639, 71575, 21919, 87519, 7064, 22336]"
115733,"[29070, 61002, 45301, 70122, 23851, 42020, 46666, 45014, 80853, 40474]"
115734,"[40070, 73054, 16625, 108822, 65008, 22917, 9346, 106531, 52541, 24771]"
115735,"[86266, 46371, 38952, 35636, 40751, 34753, 48421, 38790, 96354, 39415]"
115736,"[53738, 44060, 16151, 76836, 66590, 102498, 42120, 61946, 9108, 24679]"
115737,"[79146, 41341, 36224, 107532, 77040, 82735, 98029, 65135, 84483, 56317]"
115738,"[53547, 1162, 78782, 80934, 51410, 13296, 44700, 79950, 42854, 42190]"
115739,"[52953, 63860, 3740, 14690, 24388, 12729, 45190, 5841, 15569, 100704]"
115740,"[25136, 30218, 87979, 61335, 83802, 107536, 87758, 3245, 97569, 99812]"
115741,"[54150, 105266, 89544, 52632, 22934, 37399, 59377, 51155, 73191, 100293]"
115742,"[73416, 24918, 12289, 97326, 91016, 55489, 33770, 3354, 64415, 43974]"
115743,"[72159, 13018, 12502, 98068, 61838, 12100, 20202, 24413, 55089, 72604]"
115744,"[8511, 74027, 30895, 95234, 71183, 12152, 50101, 75594, 6696, 86612]"
115745,"[37418, 70568, 96683, 81788, 76014, 71779, 30510, 9080, 23898, 37271]"
115746,"[77743, 91419, 90880, 25140, 5188, 107123, 45931, 78302, 17060, 62253]"
115747,"[95178, 54529, 98324, 106406, 74626, 43574, 31605, 42751, 56553, 49967]"
115748,"[3218, 75491, 64437, 22755, 72980, 96399, 63968, 87752, 53209, 102102]"
115749,"[50112, 41159, 67063, 81806, 68078, 20621, 1096, 63287, 29934, 55455]"
115750,"[46193, 7426, 39844, 18467, 1009, 83783, 19027, 32438, 75966, 20440]"
115751,"[57280, 21316, 98129, 105928, 5888, 71816, 52009, 26949, 8867, 106615]"
115752,"[79579, 69413, 34182, 692, 41862, 67324, 63502, 86101, 36044, 4090]"
115753,"[1068, 32167, 21945, 26372, 84056, 102120, 33431, 36264, 90516, 17113]"
115754,"[68665, 33827, 35887, 18525, 62819, 102021, 92640, 86621, 5305, 61930]"
115755,"[100754, 50784, 70768, 103282, 104419, 22255, 84957, 103359, 4491, 71655]"
115756,"[85600, 27127, 98110, 30315, 70195, 82973, 86944, 39494, 108863, 103944]"
115757,"[68632, 19197, 59938, 91896, 54708, 85602, 28067, 92624, 63947, 97882]"
115758,"[16194, 9442, 72274, 51133, 104327, 12206, 35965, 40047, 17720, 88510]"
115759,"[13169, 64549, 36116, 8244, 70236, 37806, 66164, 55924, 52712, 60285]"
115760,"[91189, 92913, 57156, 93828, 53150, 26818, 83603, 86994, 27672, 53116]"
115761,"[93279, 52469, 54174, 31457, 107428, 33142, 2079, 36740, 37329, 2263]"
115762,"[15453, 62092, 45877, 105529, 4258, 60786, 96745, 39026, 36095, 38511]"
115763,"[42492, 63874, 38264, 49650, 26031, 104263, 70645, 83708, 24256, 47769]"
115764,"[68432, 32464, 90383, 104928, 45251, 47262, 15050, 81420, 106817, 23006]"
115765,"[59664, 53957, 67900, 32914, 1414, 105112, 105917, 7716, 73462, 55742]"
115766,"[65199, 13983, 106446, 63927, 72153, 93806, 4584, 83435, 91686, 8445]"
115767,"[37191, 1828, 38799, 70928, 80162, 19486, 77801, 26875, 105223, 67416]"
115768,"[23876, 61572, 78684, 48816, 42050, 82106, 72263, 46866, 69150, 9642]"
115769,"[47225, 31416, 25662, 81466, 46414, 16391, 86829, 60412, 98829, 46253]"
115770,"[47735, 104649, 63321, 31561, 35213, 32935, 20759, 5647, 55451, 15112]"
115771,"[15743, 95066, 20520, 53625, 77129, 32343, 6813, 55356, 81763, 82865]"
115772,"[25990, 1770, 21296, 47344, 31714, 68224, 35251, 101930, 78429, 31390]"
115773,"[27834, 108544, 58260, 93897, 72471, 87704, 83096, 92012, 24140, 109308]"
115774,"[57008, 1394, 92586, 56508, 91769, 43803, 91659, 55246, 3611, 51706]"
115775,"[70546, 51700, 63301, 73413, 44831, 71554, 2523, 43531, 82804, 75281]"
115776,"[100686, 55202, 76181, 36181, 106175, 48911, 106705, 26693, 100482, 41737]"
115777,"[49974, 60309, 23999, 23123, 39385, 1509, 65205, 63890, 61332, 45819]"
115778,"[10613, 15657, 96798, 60577, 42084, 50954, 69204, 70792, 32129, 17613]"
115779,"[74988, 90791, 79693, 105690, 94459, 14436, 108117, 45838, 31239, 98701]"
115780,"[10706, 11634, 92054, 84450, 63375, 29674, 24512, 60639, 107612, 36340]"
115781,"[39650, 85563, 77881, 105167, 26972, 65950, 80167, 59758, 67797, 33202]"
115782,"[78453, 6904, 55913, 88264, 21985, 69234, 75872, 2729, 108217, 35430]"
115783,"[88983, 108310, 5644, 27829, 69524, 20432, 54228, 21732, 13756, 60569]"
115784,"[52642, 29589, 48450, 68616, 109416, 86083, 100912, 68574, 39235, 70330]"
115785,"[104302, 30734, 108037, 4259, 19141, 25435, 102690, 55558, 64770, 49376]"
115786,"[35614, 55280, 26286, 9564, 3367, 31405, 24596, 105407, 18729, 28156]"
115787,"[89468, 97767, 87299, 75894, 42966, 8160, 25739, 93710, 68321, 47162]"
115788,"[71211, 44016, 83923, 23362, 46296, 5413, 60596, 64526, 100336, 100255]"
115789,"[42121, 2566, 88803, 79324, 95416, 60042, 48964, 44520, 26136, 95850]"
115790,"[69340, 56979, 99480, 70772, 59247, 82440, 82345, 99716, 106026, 86063]"
115791,"[83043, 104694, 6755, 59083, 47175, 2603, 39019, 30280, 89250, 98009]"
115792,"[47466, 69049, 8638, 68677, 66539, 42436, 61062, 74550, 29487, 473]"
115793,"[67836, 39108, 65408, 89319, 68064, 50166, 63512, 89869, 77909, 95536]"
115794,"[90696, 75346, 37001, 93778, 54221, 14145, 43559, 24831, 82654, 107966]"
115795,"[83875, 106227, 6338, 90222, 91253, 14310, 39904, 85656, 56476, 46490]"
115796,"[42940, 44170, 12189, 60074, 46866, 9642, 5487, 38943, 77858, 82115]"
115797,"[32249, 70066, 105725, 108469, 26919, 2032, 72726, 4043, 70312, 88411]"
115798,"[55991, 74219, 8872, 21352, 337, 72818, 87160, 11008, 33422, 93443]"
115799,"[84803, 85790, 94682, 42331, 47890, 104197, 90104, 98942, 9534, 46424]"
115800,"[82126, 26876, 52352, 5883, 86826, 14295, 90656, 8319, 50790, 91357]"
115801,"[58964, 74780, 108479, 97496, 71391, 91731, 74512, 57416, 68968, 97956]"
115802,"[47722, 24215, 108283, 98314, 61457, 64718, 39613, 5984, 40213, 60979]"
115803,"[8215, 40092, 69280, 2902, 3689, 14664, 44202, 44477, 84387, 83001]"
115804,"[88226, 1869, 72415, 46735, 50923, 58666, 103112, 61992, 41884, 25968]"
115805,"[70994, 74098, 70613, 95403, 57182, 78455, 2758, 47823, 38679, 90554]"
115806,"[20442, 60935, 45123, 90574, 16493, 14306, 107391, 20494, 3142, 94400]"
115807,"[3790, 79588, 69097, 105948, 25828, 93296, 73516, 9621, 88123, 79312]"
115808,"[78747, 7873, 11018, 10136, 84434, 81666, 84919, 6178, 76843, 28603]"
115809,"[81442, 18955, 58365, 43643, 35024, 29654, 74740, 4409, 56803, 21325]"
115810,"[2818, 23606, 38643, 102104, 79804, 17530, 75929, 47260, 27403, 57470]"
115811,"[54217, 28851, 84778, 42914, 103905, 69092, 17363, 17973, 70276, 60782]"
115812,"[28426, 11031, 29432, 80417, 85808, 25664, 39889, 90403, 88365, 50193]"
115813,"[60683, 5830, 30224, 78937, 75081, 58756, 96480, 44941, 3804, 53397]"
115814,"[73690, 13798, 99842, 93564, 64668, 87125, 65700, 57198, 27255, 10615]"
115815,"[96531, 78931, 94052, 98877, 104622, 106539, 11132, 50957, 101671, 84031]"
115816,"[53292, 42170, 87352, 47185, 47407, 53420, 42049, 28975, 87321, 107071]"
115817,"[69516, 2333, 89641, 98508, 105588, 15616, 105194, 108321, 34929, 26268]"
115818,"[49428, 39327, 28605, 69767, 93784, 31432, 105178, 65318, 37280, 48777]"
115819,"[45463, 43358, 37862, 95768, 66835, 101488, 74449, 62224, 47837, 100517]"
115820,"[95216, 51807, 80245, 70146, 53018, 51702, 58349, 19587, 106198, 81933]"
115821,"[10943, 101652, 89620, 44662, 59664, 75083, 92522, 65672, 32223, 24201]"
115822,"[83534, 10913, 59735, 75521, 98789, 61459, 64591, 4226, 24758, 13396]"
115823,"[37613, 70207, 39623, 87322, 108931, 49720, 60577, 22015, 64164, 55647]"
115824,"[82208, 102601, 58184, 77155, 35129, 69770, 105374, 70840, 67523, 16951]"
115825,"[73273, 12758, 7633, 32669, 90224, 52673, 8246, 3475, 5222, 99712]"
115826,"[28669, 34533, 5023, 100922, 27617, 105227, 54451, 10893, 9699, 80611]"
115827,"[74760, 1921, 6645, 103390, 92288, 71883, 73019, 78912, 20354, 93234]"
115828,"[98269, 83326, 91457, 108970, 26051, 77145, 7760, 12374, 38217, 7707]"
115829,"[91880, 94226, 75999, 70869, 75389, 58691, 90664, 74374, 84811, 12176]"
115830,"[34932, 78271, 90362, 44532, 11777, 80399, 88268, 18094, 82746, 84484]"
115831,"[43655, 93667, 54872, 24299, 88279, 20617, 96910, 10713, 91564, 100443]"
115832,"[105222, 86192, 80468, 22877, 106993, 93097, 9888, 62317, 28973, 42176]"
115833,"[79869, 44209, 10797, 51238, 55384, 13786, 92246, 76408, 75504, 41279]"
115834,"[27929, 102720, 4725, 95137, 92792, 102018, 84482, 103154, 93639, 64129]"
115835,"[27027, 92336, 19345, 30002, 17244, 108677, 55042, 98780, 98525, 39548]"
115836,"[39158, 93583, 53066, 74587, 10068, 2794, 74221, 26041, 61862, 101207]"
115837,"[95861, 98187, 74515, 38466, 32710, 19979, 103486, 25784, 42958, 55203]"
115838,"[62856, 11755, 82901, 63329, 85546, 80086, 43315, 26979, 2117, 17470]"
115839,"[6660, 36219, 3477, 73263, 95327, 9860, 3946, 28858, 78680, 61548]"
115840,"[2300, 23078, 99263, 1239, 24903, 34166, 52696, 75859, 71477, 91570]"
115841,"[70996, 3287, 63410, 45982, 70593, 24464, 42856, 12012, 94948, 108592]"
115842,"[65671, 72426, 84615, 79828, 9221, 54807, 24864, 95584, 100734, 33176]"
115843,"[42165, 65085, 8294, 32818, 767, 13864, 79003, 71366, 30535, 14200]"
115844,"[56106, 95940, 97682, 21948, 101050, 107602, 41581, 49043, 55547, 73490]"
115845,"[39099, 16343, 48533, 42582, 96216, 72630, 49226, 65343, 86570, 51173]"
115846,"[68969, 50505, 40609, 48209, 15793, 99748, 27067, 50909, 67548, 88936]"
115847,"[55378, 42205, 99606, 86963, 100193, 22248, 107940, 38661, 77454, 19979]"
115848,"[42224, 8109, 44154, 88124, 21376, 18389, 34778, 79587, 46965, 52496]"
115849,"[60888, 17532, 76837, 4579, 88315, 69278, 63735, 59041, 78792, 19031]"
115850,"[94392, 86270, 36558, 10264, 48595, 79672, 20028, 37945, 100651, 1375]"
115851,"[38875, 38349, 24443, 83440, 60766, 54604, 83880, 20953, 108855, 43444]"
115852,"[96039, 34009, 42191, 72761, 26270, 71096, 72292, 73923, 21315, 77819]"
115853,"[49120, 22838, 41575, 36922, 71227, 11248, 57217, 91100, 50088, 53180]"
115854,"[78481, 20638, 29114, 104713, 39453, 45671, 71776, 63556, 65419, 99678]"
115855,"[907, 36374, 5630, 102197, 86777, 87070, 89440, 72483, 69908, 58586]"
115856,"[51782, 84825, 85832, 58347, 101762, 18137, 57912, 27974, 30415, 14157]"
115857,"[64896, 14566, 84015, 99800, 13167, 8693, 13021, 57196, 40735, 103475]"
115858,"[89640, 39468, 9912, 22797, 105616, 107368, 46131, 85936, 104709, 46314]"
115859,"[70836, 42206, 61609, 31819, 92026, 106796, 1234, 90692, 76191, 92654]"
115860,"[59223, 45738, 96268, 53756, 107382, 17972, 68378, 59953, 45814, 15039]"
115861,"[87261, 26728, 16910, 26999, 100206, 82451, 16360, 74844, 103724, 80622]"
115862,"[81938, 2730, 74901, 40178, 77804, 102960, 39815, 75751, 7998, 49641]"
115863,"[81742, 17034, 60864, 80068, 84944, 99872, 68346, 44447, 1689, 49962]"
115864,"[86270, 56748, 50404, 34192, 30590, 33490, 78118, 20028, 37945, 79672]"
115865,"[65731, 55292, 64033, 62054, 51435, 97809, 53488, 54503, 98139, 71514]"
115866,"[14184, 61123, 64086, 64906, 76934, 11366, 12378, 58127, 86964, 96655]"
115867,"[20970, 51604, 21428, 43510, 11614, 45983, 17230, 104160, 41142, 67980]"
115868,"[39388, 83933, 65554, 101969, 25425, 28440, 84717, 51446, 20085, 65967]"
115869,"[62159, 8923, 60184, 68614, 76692, 34906, 91672, 91752, 61524, 35909]"
115870,"[62802, 77306, 6604, 85921, 6747, 83234, 31523, 63427, 31089, 8566]"
115871,"[75561, 49576, 85594, 77732, 64200, 78961, 21411, 3472, 72558, 39361]"
115872,"[82886, 90101, 18530, 72278, 98230, 65885, 31009, 88638, 31947, 99421]"
115873,"[1213, 23247, 50209, 19694, 71549, 22039, 48208, 77553, 16634, 9709]"
115874,"[63622, 67636, 97453, 58189, 35207, 36322, 44494, 23086, 1617, 65947]"
115875,"[70506, 78756, 99143, 49364, 100084, 13617, 96239, 63460, 47743, 74861]"
115876,"[39547, 53901, 77777, 52269, 60158, 85109, 64720, 79771, 49360, 84741]"
115877,"[91026, 22523, 14058, 103020, 75476, 107879, 38365, 109531, 23658, 93201]"
115878,"[68973, 27003, 106181, 85695, 87188, 95732, 93605, 7738, 74736, 76371]"
115879,"[52697, 20836, 106777, 19913, 99550, 70986, 57045, 18860, 44344, 154]"
115880,"[37282, 72633, 22494, 32147, 99477, 41720, 76946, 105767, 33426, 83679]"
115881,"[96083, 26339, 94800, 10554, 1042, 86897, 3179, 36353, 4792, 76062]"
115882,"[100000, 90204, 58428, 30541, 20682, 55634, 40002, 76105, 38566, 82974]"
115883,"[49165, 35156, 71240, 71780, 68954, 107061, 11073, 20347, 81319, 62695]"
115884,"[83429, 97082, 75639, 82091, 89493, 8876, 79406, 2169, 43950, 101371]"
115885,"[38729, 81376, 66437, 19076, 40998, 83467, 64117, 26437, 24147, 4353]"
115886,"[88071, 13859, 75706, 66279, 62939, 37373, 59431, 88529, 38993, 51083]"
115887,"[83009, 54834, 47960, 107780, 73060, 56376, 76241, 69161, 960, 51290]"
115888,"[27660, 34366, 3947, 64019, 66963, 41016, 10060, 22709, 571, 61084]"
115889,"[11619, 17179, 70766, 24196, 55994, 32828, 12203, 70815, 105351, 83348]"
115890,"[100298, 1051, 72762, 109448, 48546, 19169, 85366, 70612, 62482, 37032]"
115891,"[55710, 68667, 90270, 86634, 69407, 9768, 11870, 47126, 1747, 45735]"
115892,"[55802, 39548, 27027, 29849, 43589, 61871, 98525, 81549, 19586, 78529]"
115893,"[77754, 90978, 23913, 447, 35341, 4997, 82807, 96377, 105394, 22054]"
115894,"[30731, 7894, 42370, 32158, 26019, 32856, 45477, 40740, 29415, 93056]"
115895,"[7064, 101588, 103512, 15989, 84772, 40107, 98009, 95817, 14950, 4029]"
115896,"[41695, 29137, 42611, 38336, 32477, 65456, 36969, 98108, 1744, 31138]"
115897,"[85752, 36007, 54981, 83296, 70925, 18107, 14210, 91815, 1957, 19432]"
115898,"[65036, 57192, 86405, 12068, 15797, 68592, 98270, 35560, 446, 52936]"
115899,"[101968, 2363, 66396, 61310, 7322, 23054, 46780, 31599, 98592, 6524]"
115900,"[77247, 5780, 34537, 91157, 55999, 90953, 43597, 27033, 415, 24705]"
115901,"[55843, 52163, 59506, 4765, 91759, 66015, 78498, 35309, 27337, 77439]"
115902,"[49692, 70156, 42768, 79831, 5867, 72717, 94206, 7866, 7898, 54870]"
115903,"[90330, 7108, 36775, 106924, 74197, 58335, 90868, 106698, 34425, 38029]"
115904,"[8256, 45109, 29519, 45107, 17972, 58497, 22926, 107382, 99771, 12364]"
115905,"[8268, 19594, 77964, 10065, 69492, 35202, 41567, 80108, 60978, 26721]"
115906,"[35372, 46744, 43653, 30861, 87550, 67036, 815, 3233, 48718, 32421]"
115907,"[20281, 41677, 41064, 61504, 53277, 43150, 77560, 51840, 13719, 76615]"
115908,"[60135, 45049, 109206, 82253, 104475, 54717, 19868, 17165, 105045, 33731]"
115909,"[90488, 20996, 91250, 27927, 102085, 51384, 30438, 86480, 7787, 17511]"
115910,"[13385, 44565, 1984, 103404, 12727, 88550, 93651, 46855, 37149, 3225]"
115911,"[13319, 100494, 58493, 53001, 37349, 102827, 1969, 14271, 38378, 10234]"
115912,"[25018, 97682, 15946, 17215, 19728, 107425, 102428, 77641, 41242, 38390]"
115913,"[81655, 5174, 29353, 20562, 79021, 20675, 42040, 60060, 63293, 63585]"
115914,"[92832, 17310, 107687, 14084, 83771, 93070, 89092, 44602, 80683, 44513]"
115915,"[60532, 29030, 16492, 36334, 55721, 34330, 67706, 63281, 35807, 41645]"
115916,"[104096, 102617, 28227, 89979, 82505, 7128, 20713, 29367, 45323, 31824]"
115917,"[22984, 91712, 101663, 49504, 92371, 101986, 89574, 13235, 39395, 43154]"
115918,"[40292, 2245, 5821, 17242, 63233, 44072, 50628, 56504, 80097, 25804]"
115919,"[37185, 63082, 4914, 1226, 69116, 45145, 97710, 94132, 100003, 69074]"
115920,"[98732, 109585, 17896, 15393, 19915, 63859, 215, 75666, 64445, 48386]"
115921,"[79906, 38467, 74761, 20769, 52497, 86399, 1685, 27112, 53259, 1416]"
115922,"[4877, 6116, 52306, 35431, 7802, 106343, 44343, 71659, 72720, 39342]"
115923,"[96430, 76504, 371, 8375, 57384, 105951, 26183, 51515, 13951, 91611]"
115924,"[71239, 95456, 30678, 106548, 28024, 63264, 108307, 27612, 85376, 45156]"
115925,"[58235, 93390, 81948, 5516, 9641, 30013, 7492, 52805, 10263, 79075]"
115926,"[36219, 30866, 61548, 106053, 109314, 78680, 68897, 96224, 42344, 56131]"
115927,"[34855, 52085, 10338, 75594, 95234, 831, 8815, 19632, 89203, 6309]"
115928,"[18646, 6517, 23048, 46632, 14081, 86676, 39590, 80123, 95451, 14024]"
115929,"[53692, 20335, 17514, 109477, 52768, 20577, 75435, 37013, 105389, 85165]"
115930,"[44125, 101916, 101766, 29611, 87302, 61927, 89618, 38919, 23020, 82347]"
115931,"[22547, 75327, 107512, 45837, 88263, 2107, 39598, 45512, 92356, 14102]"
115932,"[40422, 19053, 99622, 80627, 55454, 22756, 8747, 7735, 50309, 105114]"
115933,"[97789, 70895, 65611, 37814, 85925, 95895, 69678, 48482, 50724, 54263]"
115934,"[8780, 105543, 4740, 70986, 108093, 37975, 72938, 629, 67720, 77003]"
115935,"[90100, 23494, 86861, 60263, 82942, 11781, 41628, 57524, 37082, 80087]"
115936,"[103667, 83689, 85054, 29204, 109510, 103113, 107616, 959, 103709, 41858]"
115937,"[43819, 76805, 100996, 48619, 67869, 34901, 67788, 14760, 73374, 11364]"
115938,"[92163, 13158, 13704, 99462, 57584, 1408, 100140, 94136, 74582, 33055]"
115939,"[6647, 28989, 22298, 93757, 78895, 76812, 13289, 16090, 65726, 55517]"
115940,"[99154, 2832, 20385, 68792, 48368, 107851, 13198, 10311, 39554, 84609]"
115941,"[55522, 18139, 11952, 4280, 80140, 18978, 75668, 9603, 15580, 57977]"
115942,"[30008, 92045, 22022, 3136, 29056, 89132, 26486, 44606, 28429, 69114]"
115943,"[102867, 68988, 2561, 85424, 10712, 31146, 18550, 98063, 70447, 45225]"
115944,"[748, 51622, 99697, 74242, 43770, 88651, 25244, 63332, 72693, 105181]"
115945,"[8484, 12917, 4678, 10781, 73778, 92992, 46419, 105468, 98040, 3437]"
115946,"[37844, 14530, 57063, 52302, 31435, 59470, 59429, 103053, 13076, 88086]"
115947,"[16843, 85576, 25268, 69469, 95420, 42557, 53679, 53994, 105832, 106335]"
115948,"[107428, 70572, 36740, 8971, 2079, 36405, 52469, 93279, 101245, 69597]"
115949,"[43499, 30921, 100608, 104038, 84777, 80755, 72293, 70481, 101607, 30730]"
115950,"[27314, 76460, 61844, 77033, 7734, 34017, 84173, 36625, 96954, 84818]"
115951,"[18732, 56265, 4984, 88568, 78954, 59842, 37153, 47973, 39147, 107195]"
115952,"[51327, 45702, 695, 2454, 16237, 50101, 12152, 86612, 70909, 86008]"
115953,"[61390, 100506, 1633, 48851, 98916, 46918, 88233, 24170, 98855, 6927]"
115954,"[48840, 4346, 25361, 99293, 16970, 42271, 39205, 32258, 74210, 19983]"
115955,"[61348, 2592, 48794, 41927, 3157, 1750, 100038, 34449, 94165, 56206]"
115956,"[36792, 91332, 53113, 7531, 63514, 84086, 10153, 54988, 20999, 42004]"
115957,"[71655, 83977, 51498, 44985, 59400, 41368, 3567, 94736, 54646, 26631]"
115958,"[4079, 80853, 18069, 50763, 102584, 550, 93900, 94328, 35755, 8995]"
115959,"[10790, 2544, 47004, 68541, 53196, 72103, 72094, 69799, 89970, 106875]"
115960,"[35170, 64767, 82425, 108047, 71350, 97560, 11529, 73259, 48338, 30803]"
115961,"[47992, 80424, 58935, 68472, 53806, 72846, 461, 10543, 70777, 16418]"
115962,"[45300, 61970, 35701, 59754, 60541, 54734, 32494, 7985, 57993, 96967]"
115963,"[38822, 30288, 71617, 46142, 51693, 96984, 55128, 96131, 2633, 15444]"
115964,"[38939, 90972, 12910, 54275, 27489, 88039, 5543, 32886, 96190, 102064]"
115965,"[54132, 37146, 92737, 51583, 23572, 28297, 50161, 99554, 86981, 83043]"
115966,"[95250, 22662, 62295, 2403, 47465, 107590, 12353, 51740, 26115, 21968]"
115967,"[49878, 52193, 51531, 21289, 55126, 92071, 70176, 78256, 68192, 20398]"
115968,"[48729, 79313, 103674, 36941, 10795, 19127, 100962, 63976, 80428, 104409]"
115969,"[4124, 58764, 53006, 53251, 25501, 74696, 44901, 23476, 103148, 73039]"
115970,"[38345, 69830, 56202, 55355, 29485, 47997, 15520, 58601, 54395, 62416]"
115971,"[70347, 103151, 42228, 61725, 59690, 15512, 12485, 1343, 68506, 53520]"
115972,"[52252, 8583, 69672, 42707, 49556, 17826, 46157, 5458, 5717, 54900]"
115973,"[78815, 31734, 45532, 70055, 78848, 73647, 65222, 21109, 56931, 95661]"
115974,"[15340, 105028, 61620, 77021, 49349, 18813, 80441, 74643, 65250, 7890]"
115975,"[23386, 40972, 95840, 98763, 56601, 96742, 40738, 1352, 5653, 99305]"
115976,"[45330, 13347, 82032, 58237, 73326, 102127, 29520, 97442, 97330, 30961]"
115977,"[63233, 41364, 40292, 17242, 99872, 54732, 33195, 66056, 2245, 38453]"
115978,"[80743, 17449, 21859, 104988, 29088, 84722, 92245, 23290, 8664, 21311]"
115979,"[58194, 9264, 40933, 70805, 57241, 100392, 71329, 10485, 70750, 76252]"
115980,"[83850, 5607, 24687, 19912, 90853, 64185, 74956, 44701, 49766, 80368]"
115981,"[81217, 78932, 60571, 21312, 53092, 9150, 34426, 43871, 44377, 72646]"
115982,"[69536, 77249, 71087, 106921, 8179, 46183, 106872, 9883, 67298, 99325]"
115983,"[77521, 54553, 94138, 24949, 56199, 29229, 589, 29209, 10332, 83056]"
115984,"[79978, 2091, 24719, 45379, 96299, 20879, 38173, 101103, 72725, 16240]"
115985,"[43345, 88072, 24653, 102176, 63617, 97523, 64074, 107670, 75469, 99056]"
115986,"[3114, 23644, 60225, 34846, 4854, 76855, 1942, 38681, 76136, 92405]"
115987,"[88462, 69178, 26111, 64229, 42775, 29063, 25839, 95830, 98805, 89506]"
115988,"[24694, 38670, 9389, 37831, 101520, 89570, 58179, 58196, 94561, 88888]"
115989,"[4838, 98708, 9792, 87505, 49349, 18813, 4911, 9595, 5105, 31804]"
115990,"[29224, 80257, 90799, 16777, 71533, 28363, 105370, 80632, 71083, 87523]"
115991,"[246, 71416, 36927, 21395, 59744, 77367, 13534, 96566, 83551, 103008]"
115992,"[35940, 8156, 83441, 40719, 99565, 7332, 105168, 88761, 67866, 14560]"
115993,"[82326, 30767, 52713, 37246, 97394, 8549, 71482, 9358, 7789, 95970]"
115994,"[61815, 82391, 17969, 104760, 92117, 104799, 91152, 57194, 24738, 83696]"
115995,"[12511, 55315, 83789, 12787, 7745, 7034, 70701, 56820, 11503, 95894]"
115996,"[78402, 33310, 37043, 92341, 10486, 81590, 14353, 2434, 64299, 47622]"
115997,"[105130, 90436, 70591, 82168, 33593, 54746, 33598, 104045, 17936, 86911]"
115998,"[95033, 17025, 10541, 47955, 64301, 77967, 83639, 64391, 28252, 56922]"
115999,"[47051, 18414, 61662, 10980, 3312, 58195, 29665, 101169, 54387, 5216]"
116000,"[94807, 76378, 21454, 75459, 41919, 89752, 91732, 106501, 43962, 24449]"
116001,"[94552, 25323, 84357, 58710, 78534, 75620, 35599, 10393, 97181, 76311]"
116002,"[64761, 63131, 83896, 104526, 79947, 95459, 36242, 46970, 103267, 12072]"
116003,"[19165, 70329, 41882, 22312, 8951, 47564, 49350, 3534, 32547, 76359]"
116004,"[53327, 46752, 48783, 86997, 65284, 57228, 107046, 86510, 30207, 82574]"
116005,"[18827, 90244, 74921, 14764, 69812, 23295, 45655, 33067, 46457, 2094]"
116006,"[44151, 15523, 57223, 3180, 54430, 79700, 72782, 67121, 49967, 39734]"
116007,"[51132, 37980, 26409, 53734, 51771, 64734, 47357, 54980, 69285, 87951]"
116008,"[77222, 67886, 105884, 6189, 64458, 91849, 102138, 42536, 37205, 50931]"
116009,"[81408, 108486, 22677, 70688, 94654, 66742, 72678, 49453, 30075, 86473]"
116010,"[38728, 102914, 58772, 16435, 71621, 51997, 89960, 78938, 73511, 47826]"
116011,"[70363, 43522, 103607, 10674, 73603, 63186, 92028, 37427, 81339, 88106]"
116012,"[28961, 63061, 34136, 6744, 32987, 4618, 79956, 53323, 61622, 95895]"
116013,"[103121, 95301, 17970, 50918, 101973, 96847, 9497, 21260, 108120, 54446]"
116014,"[85064, 92589, 67437, 100886, 9441, 9376, 69519, 106635, 63829, 4350]"
116015,"[65771, 4661, 73865, 14763, 787, 28905, 10951, 80818, 4524, 85019]"
116016,"[11791, 38303, 812, 89719, 28592, 106363, 86437, 105296, 41185, 101267]"
116017,"[84005, 56214, 4607, 30587, 15560, 100402, 40197, 25533, 8229, 96138]"
116018,"[40672, 3336, 84703, 6989, 65297, 46838, 60449, 92726, 32972, 2146]"
116019,"[57091, 80043, 41009, 75674, 43978, 28051, 87607, 4511, 53367, 87467]"
116020,"[13240, 17360, 44313, 108107, 21530, 17760, 12784, 84499, 100826, 104608]"
116021,"[18860, 49516, 44344, 57045, 26497, 20836, 52697, 154, 27519, 106777]"
116022,"[95361, 7032, 64872, 68706, 60191, 68419, 14931, 63970, 84010, 13025]"
116023,"[16148, 74051, 40115, 107065, 50905, 71017, 51887, 84916, 21688, 63259]"
116024,"[103489, 77624, 72107, 61190, 83820, 57003, 44167, 19096, 85146, 108573]"
116025,"[82833, 13606, 24739, 96977, 108773, 42467, 19798, 105939, 3457, 53053]"
116026,"[2043, 5885, 100929, 65580, 55669, 47345, 67462, 64294, 38809, 43662]"
116027,"[62861, 59718, 105350, 42771, 80118, 39618, 97668, 47628, 13496, 91530]"
116028,"[96474, 52402, 97275, 82, 96115, 20181, 81465, 36992, 46351, 31707]"
116029,"[103597, 43667, 21719, 44753, 96156, 21616, 92773, 93248, 7475, 19778]"
116030,"[54052, 90225, 45579, 72255, 57815, 93941, 90200, 26880, 81762, 38852]"
116031,"[12426, 88236, 102387, 89035, 949, 50304, 22339, 108326, 84101, 11120]"
116032,"[67447, 99193, 82482, 30567, 56995, 41439, 96243, 90632, 47320, 42338]"
116033,"[52772, 29550, 252, 69588, 77890, 79406, 19546, 27452, 97559, 61167]"
116034,"[105368, 21314, 66726, 26744, 7889, 71789, 63736, 13863, 33506, 41894]"
116035,"[85431, 96283, 87905, 12661, 92592, 65576, 74125, 14668, 60321, 23220]"
116036,"[39866, 16466, 22735, 73771, 19100, 18166, 30474, 48167, 55043, 58549]"
116037,"[77614, 18553, 75092, 75065, 28191, 8424, 85924, 28449, 81563, 35987]"
116038,"[103392, 64096, 91858, 86162, 89653, 89538, 100858, 76505, 4714, 51370]"
116039,"[59473, 15468, 10323, 55724, 20450, 102791, 82045, 92037, 87651, 75279]"
116040,"[49683, 107335, 5084, 92240, 60593, 80836, 18818, 26327, 65518, 46672]"
116041,"[109043, 61246, 73386, 96305, 104016, 26774, 72589, 46556, 6692, 80856]"
116042,"[65925, 49417, 73321, 95396, 156, 12486, 44080, 19258, 20479, 73598]"
116043,"[12758, 25305, 12474, 35806, 99712, 8246, 89663, 105588, 54493, 18357]"
116044,"[41901, 87978, 106379, 102563, 97916, 67877, 91756, 37540, 47889, 1464]"
116045,"[13646, 65276, 94183, 39352, 43919, 25366, 83274, 99898, 71095, 18703]"
116046,"[58683, 96292, 13934, 60135, 34538, 34763, 48032, 24568, 21737, 104475]"
116047,"[78636, 42372, 13181, 18647, 39113, 70819, 59542, 25955, 105226, 90839]"
116048,"[82566, 67232, 48175, 19975, 10582, 29514, 102191, 21823, 14565, 99952]"
116049,"[3597, 51381, 59555, 40151, 105482, 100940, 104044, 56861, 72062, 1777]"
116050,"[63187, 28641, 19972, 64067, 23432, 49221, 47368, 94686, 55943, 95555]"
116051,"[6084, 107218, 28560, 78332, 54846, 77532, 28915, 58667, 95516, 91651]"
116052,"[84021, 103614, 28540, 46034, 59771, 82152, 5590, 65865, 35497, 25895]"
116053,"[57501, 44341, 40351, 31962, 39745, 105433, 30639, 100082, 72609, 56633]"
116054,"[88462, 91229, 57672, 81140, 29063, 34150, 95830, 89506, 98805, 59552]"
116055,"[51241, 9961, 49825, 42813, 101218, 82090, 71044, 108836, 99885, 102067]"
116056,"[16627, 63538, 10746, 40208, 98272, 101600, 74306, 62123, 85666, 106220]"
116057,"[90805, 66341, 83307, 55644, 47775, 12769, 82404, 64012, 96481, 52392]"
116058,"[76258, 3575, 70279, 75794, 96065, 73580, 86558, 23689, 1339, 76930]"
116059,"[73505, 103805, 93006, 96576, 86312, 95797, 58900, 39318, 72631, 23982]"
116060,"[6686, 107902, 37134, 61006, 33564, 53026, 5718, 102352, 85207, 17833]"
116061,"[9735, 49347, 67693, 97752, 74232, 32564, 30471, 102541, 17070, 67843]"
116062,"[62747, 82440, 99480, 56979, 56659, 105627, 106026, 21499, 50772, 86063]"
116063,"[96132, 80112, 101193, 42169, 99006, 109291, 27587, 69276, 1065, 44237]"
116064,"[53649, 98277, 38857, 94726, 67591, 106275, 93591, 95900, 24927, 106116]"
116065,"[64149, 101117, 12392, 96059, 84, 86651, 11901, 27615, 40784, 102884]"
116066,"[86484, 79908, 45489, 44834, 59884, 89060, 20483, 36034, 6586, 71578]"
116067,"[4722, 88970, 104276, 40468, 18678, 2507, 93114, 109070, 97047, 100832]"
116068,"[45809, 78824, 26576, 66102, 105137, 88083, 67471, 54894, 101018, 74197]"
116069,"[37070, 79932, 22769, 74665, 80380, 16323, 23929, 30759, 69959, 55896]"
116070,"[63235, 36845, 22438, 95561, 19815, 69716, 77736, 80346, 93588, 32462]"
116071,"[73388, 48735, 31417, 3409, 29321, 44963, 24303, 1474, 39976, 10241]"
116072,"[83211, 93056, 89721, 107249, 19927, 41233, 87828, 26272, 14815, 7771]"
116073,"[49929, 2360, 67203, 63094, 1994, 96124, 75001, 3149, 104028, 38841]"
116074,"[75648, 82960, 90699, 93553, 53785, 32400, 13092, 31456, 48084, 20738]"
116075,"[10853, 41235, 53945, 94661, 76896, 75157, 45602, 31087, 43373, 39831]"
116076,"[63135, 104212, 73581, 26396, 96351, 109199, 27077, 6380, 57158, 6766]"
116077,"[46872, 6505, 15102, 85996, 9876, 48304, 72269, 86696, 51962, 96269]"
116078,"[92430, 102451, 26882, 56953, 64500, 85438, 97075, 63760, 69863, 19688]"
116079,"[94391, 6104, 98657, 6788, 35245, 56750, 61190, 34803, 55060, 91484]"
116080,"[79174, 64679, 24623, 39436, 74657, 49070, 48252, 97555, 79557, 6512]"
116081,"[85641, 94795, 85985, 11862, 56805, 74605, 22989, 70858, 55992, 69540]"
116082,"[60812, 50440, 52048, 89950, 12700, 46381, 63667, 31127, 100272, 43925]"
116083,"[83508, 14130, 80857, 42015, 45590, 58552, 71024, 79126, 60122, 41483]"
116084,"[99015, 77128, 92966, 74908, 8516, 26125, 20733, 47364, 98157, 4848]"
116085,"[5639, 108389, 46368, 13466, 11698, 56545, 78574, 9391, 18738, 14539]"
116086,"[73679, 107216, 57852, 3069, 59082, 16308, 39704, 54161, 40527, 12564]"
116087,"[107815, 62259, 79709, 42099, 96201, 43460, 67348, 14492, 81355, 39557]"
116088,"[42564, 99993, 38561, 102851, 101980, 105173, 72988, 103536, 20199, 55463]"
116089,"[55959, 99114, 2365, 24471, 104242, 48393, 10896, 73602, 107584, 44568]"
116090,"[50708, 73842, 15062, 51932, 82399, 15595, 46109, 48748, 34566, 18030]"
116091,"[55761, 12116, 24361, 45757, 94438, 26657, 31141, 9169, 35811, 104400]"
116092,"[15560, 81621, 30116, 68768, 84005, 56214, 109124, 50981, 61269, 39038]"
116093,"[86855, 51185, 34951, 64804, 68470, 107090, 41738, 74266, 83514, 107911]"
116094,"[95139, 99323, 82765, 41800, 2548, 41352, 41256, 3732, 105891, 9931]"
116095,"[50669, 100691, 17551, 40347, 22784, 77974, 72608, 8044, 52676, 3485]"
116096,"[71789, 86825, 66726, 42872, 71647, 32474, 57537, 21314, 102652, 7697]"
116097,"[35309, 44157, 60971, 36474, 38832, 4765, 55843, 52163, 77439, 58586]"
116098,"[41780, 91560, 9569, 51330, 69240, 61397, 98589, 18873, 72249, 96252]"
116099,"[69454, 54758, 87344, 99048, 4272, 97253, 56361, 6481, 93675, 86465]"
116100,"[30116, 28618, 15560, 13880, 43496, 25533, 44172, 96455, 37795, 81621]"
116101,"[91421, 19112, 35018, 14600, 86010, 66189, 22593, 47758, 62396, 6932]"
116102,"[34400, 31891, 90313, 93063, 102673, 1970, 107102, 18991, 98066, 3172]"
116103,"[84583, 65794, 4505, 87831, 106790, 95016, 49644, 90502, 51420, 56410]"
116104,"[85311, 53559, 22219, 25378, 76819, 14280, 46590, 25058, 25346, 608]"
116105,"[80179, 76778, 14219, 89227, 100288, 34644, 17778, 32884, 66048, 27484]"
116106,"[34002, 22635, 9546, 8700, 65015, 87225, 6169, 86653, 83375, 51861]"
116107,"[84040, 106241, 97382, 52230, 82050, 88773, 55745, 97302, 45534, 64882]"
116108,"[40434, 101370, 85905, 51099, 11272, 51766, 13725, 72419, 32647, 68116]"
116109,"[28965, 2933, 107966, 91187, 81957, 93421, 43247, 72175, 12737, 102619]"
116110,"[14379, 83753, 76288, 69302, 3654, 73534, 41346, 35408, 99996, 43664]"
116111,"[63247, 57040, 6578, 75773, 36429, 352, 12885, 8999, 61982, 85264]"
116112,"[88511, 76633, 9254, 62863, 92050, 105761, 14473, 7719, 67995, 107384]"
116113,"[105852, 101705, 65881, 4181, 9852, 104473, 58954, 82083, 56462, 40338]"
116114,"[22485, 79130, 53745, 23183, 85533, 75799, 69315, 79713, 8813, 69666]"
116115,"[89986, 81683, 50968, 63811, 90573, 97028, 30130, 85739, 99057, 73877]"
116116,"[62805, 76186, 48183, 56012, 52000, 14934, 144, 84132, 45754, 91518]"
116117,"[26603, 105404, 21764, 27363, 70719, 6804, 19590, 31469, 22155, 26455]"
116118,"[53548, 90859, 75124, 14854, 77109, 57218, 69043, 10090, 11712, 80235]"
116119,"[47346, 105067, 35479, 106652, 78732, 6723, 46583, 103936, 98344, 789]"
116120,"[22065, 68773, 53812, 11175, 66581, 18553, 75002, 10601, 20043, 114]"
116121,"[96373, 58561, 15145, 33061, 70444, 14749, 56287, 76246, 34357, 86475]"
116122,"[93318, 48813, 33611, 68527, 80144, 99704, 92904, 53452, 106077, 15329]"
116123,"[12947, 97498, 37476, 101935, 61620, 5075, 23719, 89458, 51387, 8719]"
116124,"[77988, 47295, 30864, 50203, 19379, 26829, 100842, 5435, 59637, 86880]"
116125,"[102166, 79398, 20159, 30154, 94178, 106695, 68046, 75234, 21507, 7818]"
116126,"[13521, 50228, 93064, 77601, 106244, 56054, 53392, 68254, 17833, 105146]"
116127,"[71397, 69864, 48558, 68584, 18294, 55485, 81054, 21756, 56785, 47362]"
116128,"[65141, 42891, 41553, 105932, 2366, 76404, 85776, 25865, 69702, 17725]"
116129,"[84807, 72043, 8765, 34362, 74195, 36721, 42463, 3989, 27154, 88923]"
116130,"[55938, 34250, 105181, 8089, 5182, 109427, 88883, 61202, 63508, 12828]"
116131,"[90188, 64409, 37521, 93917, 77469, 7281, 101744, 96827, 22343, 60143]"
116132,"[43334, 88337, 9469, 98495, 105995, 90511, 96431, 83112, 73791, 21705]"
116133,"[102294, 63378, 80129, 96970, 18617, 3230, 67891, 35678, 47028, 98757]"
116134,"[42696, 93360, 10348, 43675, 32329, 100844, 100217, 91559, 4269, 70216]"
116135,"[31564, 49732, 105194, 37428, 104107, 72337, 101977, 82846, 20809, 11267]"
116136,"[60091, 24867, 15844, 6567, 18275, 80641, 93061, 28333, 1000, 28138]"
116137,"[23337, 91639, 1537, 105098, 23123, 1518, 105116, 72514, 98365, 31233]"
116138,"[93958, 7724, 27533, 101323, 88508, 101621, 16470, 69221, 14994, 6218]"
116139,"[30542, 7501, 37885, 105483, 63685, 45182, 83361, 41690, 45075, 66705]"
116140,"[99286, 10537, 83101, 108436, 79295, 62480, 33220, 65080, 88203, 46327]"
116141,"[16726, 98355, 10541, 104041, 16913, 31721, 15996, 88912, 95231, 68841]"
116142,"[59719, 11208, 74160, 104990, 65291, 9560, 97611, 23861, 22824, 97477]"
116143,"[42813, 97784, 2223, 17521, 27200, 29777, 101313, 62710, 54134, 101047]"
116144,"[19266, 95738, 27460, 5230, 54687, 10018, 29251, 35368, 74196, 53766]"
116145,"[23263, 29775, 83819, 47198, 19840, 51657, 108652, 98269, 25614, 30894]"
116146,"[97594, 4364, 14826, 47690, 54616, 33817, 3924, 84970, 49040, 35344]"
116147,"[79352, 63629, 44431, 7467, 106810, 93448, 96743, 92468, 91856, 26066]"
116148,"[62154, 3914, 9707, 75824, 109329, 16622, 57968, 68075, 63068, 10880]"
116149,"[78124, 2645, 35094, 2552, 33059, 73391, 26652, 11301, 85846, 63453]"
116150,"[68704, 96659, 12297, 31814, 49714, 26517, 81728, 80643, 49488, 32810]"
116151,"[100002, 90066, 84912, 12818, 72725, 59737, 51557, 68271, 49319, 101458]"
116152,"[23847, 20378, 106572, 25008, 87805, 3329, 59067, 105007, 68351, 104115]"
116153,"[74495, 68147, 54298, 18029, 101489, 66431, 99302, 27402, 52011, 42531]"
116154,"[3310, 2292, 32001, 40266, 71911, 17117, 8737, 102815, 83339, 38056]"
116155,"[12784, 41775, 47323, 17489, 27325, 107355, 44858, 17360, 52166, 70161]"
116156,"[66873, 43270, 82690, 31099, 7588, 14309, 102521, 37893, 22029, 16520]"
116157,"[108627, 90279, 10171, 34755, 45362, 36392, 7830, 96468, 41227, 48986]"
116158,"[14485, 97311, 52958, 9675, 23854, 50789, 2993, 61803, 78121, 24558]"
116159,"[79778, 43391, 75596, 96234, 4413, 25246, 41274, 4093, 95162, 75804]"
116160,"[71743, 26099, 32524, 36951, 46885, 62571, 89445, 42979, 38882, 64407]"
116161,"[65517, 13198, 39554, 75080, 89350, 63975, 85802, 20385, 16580, 17639]"
116162,"[78537, 35906, 14894, 105826, 15097, 87005, 11782, 93883, 77941, 61709]"
116163,"[79661, 100165, 71846, 5739, 45685, 54485, 24086, 103674, 36941, 47239]"
116164,"[99124, 15269, 33109, 634, 30700, 706, 4310, 50922, 6075, 47562]"
116165,"[100203, 41189, 34582, 7931, 8959, 23201, 101740, 93552, 86013, 40407]"
116166,"[42561, 75438, 5214, 4365, 70567, 14137, 91823, 36976, 76886, 38799]"
116167,"[22061, 109536, 23202, 72561, 14651, 68266, 54185, 47485, 107751, 59575]"
116168,"[22051, 64743, 71803, 49469, 75332, 95805, 65236, 106306, 80604, 108912]"
116169,"[104062, 69885, 17262, 64352, 58089, 76924, 93009, 9141, 41111, 65178]"
116170,"[43977, 62078, 43690, 93004, 69178, 95033, 83253, 88912, 52428, 35037]"
116171,"[26069, 58162, 18908, 81744, 19837, 62436, 45858, 17913, 9009, 71256]"
116172,"[34297, 65028, 2721, 65279, 4741, 87660, 66001, 86205, 93691, 75030]"
116173,"[88755, 31316, 92086, 12307, 94677, 71315, 40863, 51566, 96403, 21486]"
116174,"[2789, 63030, 100821, 107154, 107209, 1549, 6877, 87846, 19033, 51792]"
116175,"[23757, 40656, 100349, 70518, 77375, 44700, 103313, 35497, 20448, 29936]"
116176,"[71120, 100056, 104940, 108172, 88530, 12786, 108550, 52810, 64009, 35222]"
116177,"[100558, 5423, 94209, 69952, 2374, 65722, 25192, 87587, 104136, 85906]"
116178,"[27661, 22122, 80387, 1489, 63666, 18708, 7271, 106723, 74520, 20894]"
116179,"[4978, 65728, 62938, 49511, 74134, 77259, 65170, 30754, 25995, 81681]"
116180,"[577, 77924, 79528, 59443, 81500, 30724, 68692, 106960, 30680, 71297]"
116181,"[96358, 106613, 16511, 91134, 55158, 36794, 66990, 3189, 47744, 101275]"
116182,"[37476, 51002, 102951, 17443, 12947, 54660, 27727, 37272, 40478, 37367]"
116183,"[9173, 1086, 72633, 5380, 8633, 92638, 41941, 22494, 60779, 106766]"
116184,"[33471, 87444, 73330, 94995, 91634, 59829, 78728, 74292, 12181, 102237]"
116185,"[105533, 109534, 29910, 103208, 43616, 17459, 12174, 9348, 16068, 61614]"
116186,"[53436, 32751, 88286, 3710, 54151, 71101, 17444, 38291, 106594, 38525]"
116187,"[58187, 86586, 68379, 78170, 73357, 68817, 30247, 96076, 81334, 103773]"
116188,"[68207, 66677, 78871, 22295, 24805, 109735, 108835, 78469, 24118, 75845]"
116189,"[53576, 23744, 32798, 84072, 55692, 73906, 27265, 1128, 52922, 106791]"
116190,"[78134, 105118, 27745, 31148, 97060, 10392, 107357, 27719, 1400, 53311]"
116191,"[79261, 42989, 66075, 26720, 70467, 1395, 5195, 104424, 43846, 94997]"
116192,"[60151, 102349, 23094, 73185, 9248, 40206, 59149, 87008, 61357, 27417]"
116193,"[87571, 4703, 19698, 8454, 84794, 52755, 12313, 38102, 64169, 28459]"
116194,"[85141, 86220, 96443, 57425, 91279, 67476, 91183, 15552, 38983, 98597]"
116195,"[31605, 54529, 90056, 49778, 102551, 55228, 95178, 57833, 105339, 82388]"
116196,"[82808, 99564, 10564, 56144, 95981, 96626, 42157, 44094, 77266, 22596]"
116197,"[19250, 106273, 72919, 87234, 49843, 96472, 74802, 43032, 85697, 11205]"
116198,"[77173, 18248, 90545, 58928, 29825, 7973, 53939, 94161, 43561, 47610]"
116199,"[78062, 13032, 68098, 16509, 2931, 2483, 44267, 91740, 10988, 41502]"
116200,"[35270, 68943, 60268, 27607, 94120, 41464, 101575, 74409, 103002, 31334]"
116201,"[55159, 30547, 83659, 55039, 77566, 88324, 18146, 32179, 91452, 75267]"
116202,"[152, 1695, 74816, 12607, 51806, 29504, 40144, 21581, 71898, 80074]"
116203,"[19704, 89891, 90890, 40688, 89196, 58126, 61897, 58321, 62551, 74656]"
116204,"[6602, 69185, 78371, 20419, 4339, 43273, 6875, 52485, 88373, 1119]"
116205,"[75492, 30495, 2116, 32871, 15622, 105467, 30682, 14546, 75836, 78938]"
116206,"[40096, 4597, 18898, 72039, 41849, 76145, 67281, 32826, 65657, 67867]"
116207,"[32604, 25918, 108892, 35882, 59404, 16721, 23515, 76872, 62907, 57311]"
116208,"[106087, 100062, 96590, 4949, 95194, 64541, 65999, 36371, 95025, 41475]"
116209,"[33277, 51811, 30383, 26196, 5861, 90760, 58276, 37860, 87828, 29280]"
116210,"[21488, 23424, 68433, 23453, 62235, 18457, 85128, 9995, 36642, 101573]"
116211,"[31968, 71907, 106296, 48754, 84328, 63276, 57225, 65581, 71632, 67135]"
116212,"[57328, 103601, 90396, 104910, 59972, 71472, 40480, 49882, 24582, 38608]"
116213,"[36302, 56762, 106588, 85057, 57527, 34878, 92, 60815, 92883, 79707]"
116214,"[54563, 50069, 25753, 89597, 95442, 101643, 60621, 5853, 105123, 48862]"
116215,"[37586, 62276, 76935, 81817, 6679, 72403, 74291, 82201, 26555, 18320]"
116216,"[102165, 7748, 79600, 83503, 48030, 7641, 72160, 29780, 102820, 22562]"
116217,"[6026, 64022, 39718, 1743, 48550, 55794, 62398, 94227, 105697, 56341]"
116218,"[106737, 83134, 102192, 98338, 42414, 93096, 87314, 33973, 107626, 80031]"
116219,"[59678, 56227, 62891, 5060, 84596, 85554, 56646, 81839, 4098, 2883]"
116220,"[37651, 53124, 101669, 40390, 49205, 84723, 107559, 94548, 32264, 106428]"
116221,"[18350, 91901, 85541, 83838, 60200, 46836, 47675, 107295, 70543, 88981]"
116222,"[4108, 11089, 29169, 90469, 67286, 22216, 105138, 2149, 14991, 25279]"
116223,"[561, 48990, 27742, 86049, 103040, 100153, 65738, 76223, 102333, 2920]"
116224,"[77065, 98565, 77794, 104728, 11617, 75298, 50510, 63103, 36826, 80190]"
116225,"[23282, 102388, 49830, 108962, 45149, 83785, 82708, 21413, 55850, 29733]"
116226,"[78410, 91673, 83196, 15148, 3998, 9409, 10753, 106057, 101903, 14720]"
116227,"[109628, 89699, 88236, 77585, 27174, 36005, 87009, 104641, 67522, 57064]"
116228,"[18901, 21288, 66985, 2276, 63433, 64830, 65583, 23938, 89692, 27309]"
116229,"[77795, 17267, 43852, 57558, 61717, 62019, 106750, 100276, 34664, 28992]"
116230,"[78278, 68723, 5617, 98804, 108188, 25279, 106113, 54320, 84656, 13541]"
116231,"[25564, 2903, 27393, 109543, 16291, 45282, 102008, 87726, 98056, 79088]"
116232,"[95865, 95806, 98931, 46579, 38949, 29939, 7205, 88818, 8859, 51334]"
116233,"[65376, 41138, 70831, 3258, 35940, 40719, 54285, 83441, 17341, 87240]"
116234,"[50125, 62523, 52347, 15587, 7175, 23961, 96978, 33196, 32701, 42014]"
116235,"[48706, 5832, 96817, 68434, 30780, 45818, 92184, 98918, 41987, 71125]"
116236,"[32547, 106107, 54500, 26397, 76541, 39101, 25136, 79965, 48848, 48879]"
116237,"[40720, 47440, 29484, 55430, 85081, 91812, 86965, 59304, 6192, 12201]"
116238,"[30151, 18653, 41469, 6454, 24353, 12989, 31172, 103406, 41721, 58055]"
116239,"[25774, 58817, 17513, 99525, 35171, 90060, 47008, 35972, 48789, 63129]"
116240,"[20256, 89070, 25838, 60517, 91629, 29152, 106399, 28742, 9086, 108145]"
116241,"[86381, 22367, 76509, 84991, 94444, 4831, 63028, 9440, 17105, 86585]"
116242,"[109307, 48771, 2282, 8537, 32557, 107380, 15230, 92587, 48631, 41302]"
116243,"[34951, 107090, 86855, 51185, 84053, 37595, 52665, 13363, 72147, 105547]"
116244,"[45067, 68002, 4085, 60228, 8507, 91717, 30172, 44172, 66727, 6641]"
116245,"[62951, 66451, 72303, 67401, 48773, 71475, 54655, 4629, 86416, 61733]"
116246,"[80803, 72634, 29658, 26135, 39746, 81514, 87449, 25382, 73984, 78313]"
116247,"[4848, 98157, 23194, 12050, 73312, 22549, 91392, 65666, 91010, 7485]"
116248,"[95663, 59624, 3085, 61652, 18039, 37757, 79371, 73167, 99059, 72659]"
116249,"[14770, 24547, 20794, 67825, 56082, 26924, 21595, 64031, 95281, 12883]"
116250,"[81868, 103144, 88245, 85566, 1674, 16028, 51240, 74075, 59484, 103320]"
116251,"[78985, 59871, 49800, 109694, 22756, 55454, 51166, 49794, 2191, 80248]"
116252,"[22957, 40093, 86805, 50482, 54219, 108903, 108002, 92556, 80801, 32793]"
116253,"[59022, 40556, 80714, 14448, 2646, 33597, 25265, 46437, 103082, 54381]"
116254,"[29426, 97361, 15590, 35748, 41592, 80962, 7370, 55412, 70418, 37290]"
116255,"[83014, 81484, 86768, 34057, 100956, 4479, 79893, 72985, 8635, 1525]"
116256,"[104627, 25067, 68853, 20838, 5495, 68974, 83190, 2939, 71389, 8166]"
116257,"[53980, 60317, 22859, 18448, 92580, 67945, 52663, 101091, 49839, 81295]"
116258,"[58128, 60405, 34159, 9786, 94271, 104921, 17811, 103045, 106471, 104987]"
116259,"[89671, 106566, 93273, 56317, 57499, 11036, 53245, 72756, 48954, 8015]"
116260,"[70809, 40776, 49034, 26825, 98500, 87535, 80538, 84110, 37393, 77259]"
116261,"[70142, 33710, 4556, 92771, 105678, 43336, 89568, 12615, 90766, 11216]"
116262,"[100847, 101369, 20321, 108066, 62039, 75745, 92571, 71688, 59155, 86581]"
116263,"[38032, 52703, 17761, 22342, 6713, 21187, 22461, 86397, 54440, 54996]"
116264,"[4190, 19238, 98267, 47237, 98346, 23986, 21181, 1622, 33026, 1934]"
116265,"[57191, 17330, 32419, 24891, 24220, 50354, 28785, 24079, 50279, 34165]"
116266,"[1759, 4864, 103051, 40115, 10871, 22614, 59072, 53630, 91996, 87357]"
116267,"[37038, 98669, 109732, 41933, 45740, 21381, 43547, 99705, 76777, 81494]"
116268,"[71928, 7461, 40771, 78110, 32803, 93713, 3336, 715, 71680, 64052]"
116269,"[52682, 55301, 91321, 53866, 68604, 59814, 6626, 86211, 10820, 4225]"
116270,"[80117, 38986, 11098, 43356, 39021, 697, 29108, 1806, 26030, 101215]"
116271,"[46582, 102332, 75875, 18696, 70983, 58082, 107701, 29295, 106316, 44574]"
116272,"[105694, 5910, 72001, 56925, 33157, 43549, 53715, 104746, 7392, 75787]"
116273,"[85888, 28021, 55250, 92374, 97151, 99850, 108132, 62962, 33096, 26674]"
116274,"[93224, 81293, 10878, 108091, 45860, 1380, 50434, 105860, 53937, 7386]"
116275,"[42426, 3430, 32389, 17567, 74224, 68178, 93223, 36478, 57188, 106775]"
116276,"[97750, 38136, 12669, 65366, 97196, 103650, 101024, 25704, 80165, 9812]"
116277,"[54714, 85321, 97565, 104140, 74882, 929, 52688, 39337, 47180, 85261]"
116278,"[102013, 42102, 62339, 13022, 51694, 61990, 87307, 65708, 99358, 66209]"
116279,"[44294, 95582, 43250, 93240, 62639, 46720, 94952, 15135, 54386, 99001]"
116280,"[93542, 60833, 5380, 8633, 9173, 109099, 97604, 52257, 18118, 40423]"
116281,"[90109, 96691, 15792, 25557, 35639, 72923, 86362, 59940, 2307, 88446]"
116282,"[29684, 2967, 101926, 8712, 60306, 64436, 18905, 71150, 78465, 102491]"
116283,"[78683, 66330, 32479, 58871, 76316, 53710, 77759, 75453, 4819, 107365]"
116284,"[70882, 27559, 44320, 18825, 99939, 26445, 31868, 15493, 99588, 93685]"
116285,"[10027, 93034, 82247, 69762, 50557, 71587, 81091, 86329, 17800, 4842]"
116286,"[15678, 62828, 74079, 108797, 71314, 36345, 50000, 54555, 72118, 28825]"
116287,"[56378, 101397, 96286, 71116, 46498, 49495, 11287, 31447, 77574, 22538]"
116288,"[18586, 78377, 78557, 78405, 21353, 39923, 78936, 10915, 16873, 11688]"
116289,"[107491, 19867, 14132, 73146, 30419, 63151, 67592, 47184, 62791, 51866]"
116290,"[96828, 15458, 13749, 36325, 35671, 80448, 29622, 94672, 89569, 96155]"
116291,"[83624, 28448, 48169, 57351, 74147, 55498, 62000, 11091, 88374, 106746]"
116292,"[82081, 98990, 89077, 54893, 99386, 31654, 85429, 48934, 54465, 7161]"
116293,"[23467, 54399, 5945, 15888, 36918, 96739, 22942, 6336, 99317, 55344]"
116294,"[69850, 85922, 30331, 86021, 25824, 15759, 5385, 37152, 33201, 53676]"
116295,"[55545, 35399, 16479, 22032, 65898, 61036, 59707, 84284, 31275, 89994]"
116296,"[67355, 99378, 1680, 5805, 1465, 71137, 59966, 1993, 80426, 14013]"
116297,"[49728, 103049, 31693, 24808, 55213, 59291, 22605, 24374, 69050, 65160]"
116298,"[84781, 19723, 56097, 18361, 33763, 32046, 22062, 2635, 63916, 12851]"
116299,"[21019, 29868, 81294, 95899, 41896, 8467, 65226, 22994, 69423, 26891]"
116300,"[59224, 63811, 8808, 71023, 41866, 273, 91906, 84870, 100082, 23491]"
116301,"[105746, 32269, 72432, 72253, 55609, 86870, 103984, 100089, 19397, 52137]"
116302,"[73972, 59215, 88632, 103873, 50415, 9480, 49063, 27093, 32959, 6197]"
116303,"[94245, 89050, 94167, 63207, 60955, 45404, 17362, 68495, 19734, 2607]"
116304,"[42553, 68796, 89103, 95560, 78904, 33992, 5973, 75143, 28901, 90081]"
116305,"[66385, 15910, 52213, 19203, 30026, 29823, 63723, 36549, 14176, 97847]"
116306,"[27089, 17964, 88031, 24961, 73700, 538, 88618, 90718, 91159, 27383]"
116307,"[88182, 85245, 80232, 20382, 4761, 79177, 92942, 106874, 100347, 58578]"
116308,"[9999, 64028, 50097, 77265, 10916, 106545, 41973, 97810, 73585, 89795]"
116309,"[106842, 104715, 77505, 15054, 100735, 79456, 48757, 52145, 106240, 47797]"
116310,"[81656, 27495, 28512, 36669, 71523, 85018, 105911, 99839, 79083, 84850]"
116311,"[6484, 18230, 57140, 69000, 104264, 86284, 71275, 19319, 17483, 73604]"
116312,"[9113, 67529, 27738, 57492, 20588, 107893, 64022, 55146, 39275, 72684]"
116313,"[10091, 3058, 54756, 21036, 37671, 19269, 40397, 108976, 44129, 34420]"
116314,"[65664, 65735, 99938, 10025, 107979, 69491, 9165, 37039, 72318, 50060]"
116315,"[98620, 20984, 54117, 72909, 99326, 84300, 9191, 56491, 42987, 68831]"
116316,"[66972, 11035, 7577, 27596, 30665, 71232, 32848, 60746, 33369, 99166]"
116317,"[97076, 42592, 72539, 22688, 76388, 77210, 3805, 103529, 73130, 66595]"
116318,"[101463, 90871, 109657, 21054, 103709, 959, 106864, 21807, 73214, 80887]"
116319,"[74332, 66619, 94541, 754, 6103, 46075, 88750, 53940, 96725, 32634]"
116320,"[51938, 48375, 45616, 80864, 46653, 36134, 26385, 2663, 4640, 109076]"
116321,"[98110, 10419, 21852, 58369, 6876, 66294, 108863, 22327, 69855, 85600]"
116322,"[55620, 2227, 36964, 59454, 87560, 88739, 24741, 98034, 44297, 75524]"
116323,"[44462, 46890, 97425, 1023, 14382, 12386, 41249, 51209, 36093, 96800]"
116324,"[71320, 193, 18566, 12914, 4854, 44186, 100969, 15141, 19137, 87278]"
116325,"[15935, 32243, 19806, 33672, 80228, 63185, 38054, 83604, 54276, 54095]"
116326,"[37520, 68841, 8434, 10541, 71587, 15386, 72045, 16440, 104666, 69178]"
116327,"[12229, 96706, 59217, 70840, 18291, 55180, 77191, 97608, 23469, 62781]"
116328,"[29263, 21055, 15633, 76904, 87177, 68164, 67844, 93603, 9950, 60980]"
116329,"[25218, 69445, 106159, 71429, 27053, 51738, 60003, 97967, 20625, 85958]"
116330,"[63304, 93342, 45884, 27572, 66807, 49801, 82381, 17990, 34345, 98706]"
116331,"[21624, 66466, 75457, 107409, 59456, 54928, 86600, 45445, 68291, 45903]"
116332,"[57934, 38105, 104376, 46214, 798, 24169, 64720, 46970, 95459, 52887]"
116333,"[17313, 68534, 108042, 3399, 100758, 41282, 49378, 109712, 29131, 106487]"
116334,"[31068, 81436, 24498, 105301, 82056, 39780, 28365, 18453, 11055, 42078]"
116335,"[25255, 99247, 81320, 91048, 32981, 101131, 97502, 67859, 93432, 42412]"
116336,"[91982, 71904, 74366, 101356, 14718, 51823, 80524, 22980, 34080, 104743]"
116337,"[57042, 74957, 81091, 93034, 19637, 37169, 54978, 59033, 52894, 80305]"
116338,"[43680, 57792, 99344, 86375, 43620, 77765, 74269, 90899, 84909, 98473]"
116339,"[81858, 36737, 7859, 88818, 7401, 73769, 33639, 72424, 106929, 68498]"
116340,"[67504, 98938, 61894, 79382, 33829, 36997, 11592, 74322, 8673, 32796]"
116341,"[22789, 50398, 89095, 14422, 4534, 61946, 9108, 61819, 98808, 49751]"
116342,"[28119, 87049, 68669, 7585, 79364, 67738, 31544, 16003, 19355, 83009]"
116343,"[5205, 27875, 52571, 102532, 1026, 53453, 47341, 109365, 6674, 89505]"
116344,"[61471, 73175, 44583, 43103, 102747, 94850, 73450, 5248, 10243, 15649]"
116345,"[65847, 73837, 22825, 67115, 418, 107912, 98096, 60837, 79425, 70427]"
116346,"[57528, 23602, 41275, 26457, 79157, 70471, 33713, 72590, 29401, 38686]"
116347,"[66465, 37026, 39697, 68698, 85257, 91361, 94125, 101537, 39239, 83465]"
116348,"[22854, 105987, 12097, 34495, 8180, 44870, 37023, 85876, 52842, 34145]"
116349,"[37492, 103308, 9558, 16571, 64875, 25922, 22071, 16174, 9811, 23489]"
116350,"[42123, 46040, 61129, 93558, 28386, 77160, 105139, 16137, 59893, 62844]"
116351,"[105845, 79831, 13015, 72717, 49692, 16340, 70156, 5350, 38664, 9543]"
116352,"[91831, 98275, 97654, 81299, 55287, 65561, 100949, 37339, 21829, 102519]"
116353,"[97756, 83546, 106058, 16215, 12342, 48146, 82721, 107207, 53934, 59335]"
116354,"[56597, 78500, 64410, 94368, 88010, 97231, 37920, 1668, 33078, 95214]"
116355,"[57044, 61013, 77204, 30527, 24335, 102706, 41447, 53428, 75182, 16172]"
116356,"[46209, 85442, 99117, 51581, 67840, 19849, 15731, 42981, 108564, 105495]"
116357,"[64526, 44016, 22875, 73852, 69391, 107333, 60067, 43603, 85779, 3596]"
116358,"[20501, 100637, 18737, 48957, 10517, 37923, 66491, 3708, 6462, 38304]"
116359,"[52125, 49842, 2898, 93266, 76126, 1234, 61574, 49580, 4220, 92654]"
116360,"[52975, 86489, 15202, 79691, 49105, 19463, 13373, 713, 545, 62549]"
116361,"[104967, 45885, 58572, 68455, 11321, 30242, 73471, 100542, 33957, 17767]"
116362,"[42561, 5214, 36976, 109317, 70567, 75438, 14137, 89649, 91823, 76886]"
116363,"[102478, 109156, 88313, 26606, 30113, 22990, 106233, 74339, 63011, 94670]"
116364,"[49645, 106481, 27166, 15512, 90429, 74613, 51534, 93556, 36917, 12485]"
116365,"[28917, 50012, 87757, 67287, 27231, 3077, 57807, 735, 101052, 13803]"
116366,"[72033, 67059, 3919, 83790, 64494, 2080, 11031, 35202, 62592, 60978]"
116367,"[57299, 44822, 50043, 4344, 27224, 10465, 36657, 52679, 72223, 81771]"
116368,"[26510, 86627, 82853, 11985, 29083, 38263, 76445, 79639, 76723, 14325]"
116369,"[89712, 28418, 81592, 7427, 19914, 89465, 24934, 60041, 23530, 92542]"
116370,"[92964, 29972, 104055, 54997, 16561, 39982, 58802, 103425, 28695, 74152]"
116371,"[82741, 102164, 32606, 47828, 9302, 81445, 37662, 86554, 49418, 23277]"
116372,"[16922, 38390, 14014, 18090, 98767, 25287, 52148, 18545, 32444, 49003]"
116373,"[17127, 20275, 14479, 27894, 46763, 43671, 59838, 107065, 50905, 37125]"
116374,"[57809, 26685, 63742, 58881, 55207, 75974, 42555, 94117, 78498, 73373]"
116375,"[34060, 60733, 89455, 22660, 70119, 32704, 68985, 66150, 80682, 23758]"
116376,"[15960, 97806, 16614, 12330, 106107, 55209, 36052, 64004, 89687, 86662]"
116377,"[88708, 23021, 10475, 61562, 83575, 15028, 37490, 12773, 97315, 59658]"
116378,"[56762, 83473, 11529, 103782, 92678, 61778, 17208, 69911, 27294, 24058]"
116379,"[24080, 55033, 102796, 41130, 38105, 33075, 16101, 6960, 798, 26601]"
116380,"[42127, 23674, 32379, 41923, 101036, 22561, 4340, 46122, 54548, 20585]"
116381,"[108330, 37404, 47118, 98893, 62857, 76703, 64363, 12171, 77039, 96454]"
116382,"[61658, 47799, 70555, 98560, 105216, 51839, 66825, 86315, 95208, 62063]"
116383,"[9494, 8546, 4100, 92875, 41960, 93966, 6340, 58776, 5301, 107601]"
116384,"[8122, 96574, 41411, 68934, 16668, 65131, 55451, 61051, 58799, 10369]"
116385,"[13822, 44813, 64558, 101221, 5417, 7962, 71742, 92107, 36012, 46996]"
116386,"[61219, 95839, 71919, 14922, 3925, 64996, 59939, 92258, 27535, 75395]"
116387,"[29992, 48371, 60651, 38606, 99238, 105482, 53823, 72062, 61783, 100940]"
116388,"[95734, 11407, 34987, 24818, 106217, 31111, 19491, 18454, 48223, 33500]"
116389,"[90264, 16717, 7923, 2358, 101738, 15005, 75277, 55641, 71096, 26270]"
116390,"[65399, 70887, 42839, 26860, 707, 61418, 96518, 36743, 99762, 20025]"
116391,"[17956, 65430, 103700, 49690, 95568, 71543, 36973, 53336, 46342, 62696]"
116392,"[95033, 64301, 43977, 51401, 16284, 10541, 47955, 77967, 83639, 67371]"
116393,"[34887, 9886, 1829, 4570, 102683, 61337, 26431, 66256, 26288, 38468]"
116394,"[94890, 99908, 29053, 24348, 83402, 55688, 84493, 65309, 34846, 106854]"
116395,"[96514, 97484, 7014, 2504, 31807, 88498, 13166, 12117, 104573, 49437]"
116396,"[6963, 61975, 55566, 28214, 102534, 95566, 64392, 108248, 45943, 45098]"
116397,"[25884, 84802, 81075, 65844, 54140, 31723, 9328, 80653, 39166, 104802]"
116398,"[9099, 38719, 17172, 102715, 34869, 14247, 15890, 95572, 26591, 10535]"
116399,"[74698, 99608, 44834, 103639, 63965, 24929, 45997, 84118, 89060, 20777]"
116400,"[75945, 20855, 18781, 76111, 87539, 97298, 75066, 35659, 81646, 386]"
116401,"[91116, 3428, 76599, 103622, 2877, 84271, 55901, 60441, 89562, 10773]"
116402,"[22300, 102326, 103111, 29281, 16237, 59495, 41062, 93168, 57396, 90719]"
116403,"[43198, 8881, 56186, 92960, 86101, 44825, 26336, 62313, 22016, 90220]"
116404,"[72046, 58335, 44510, 55719, 101454, 59973, 3556, 106926, 50653, 92760]"
116405,"[14359, 59550, 60203, 91433, 69304, 16552, 70033, 78729, 40899, 56339]"
116406,"[105873, 104759, 11541, 70901, 107262, 6069, 88467, 8294, 26680, 93806]"
116407,"[3042, 52280, 9369, 24520, 82181, 18358, 11673, 15056, 56479, 59013]"
116408,"[59867, 16196, 31326, 47152, 34527, 103294, 24833, 106451, 63763, 34741]"
116409,"[34725, 59845, 101078, 31483, 72516, 108791, 66991, 57072, 17142, 69388]"
116410,"[39247, 39354, 12950, 84856, 13111, 10682, 7129, 77520, 69696, 66508]"
116411,"[18339, 37637, 36564, 98687, 34526, 4901, 77918, 78130, 84319, 17347]"
116412,"[35936, 92343, 23239, 102367, 55231, 18070, 53095, 80065, 39115, 68849]"
116413,"[43842, 87964, 49090, 96204, 91117, 26546, 78028, 76340, 108280, 49437]"
116414,"[19579, 105664, 38101, 52288, 92219, 23494, 86861, 80087, 37082, 43926]"
116415,"[98802, 66074, 94373, 12821, 2405, 54131, 14433, 66742, 30302, 30626]"
116416,"[103999, 90558, 37521, 25666, 96827, 37148, 53725, 47088, 38402, 96701]"
116417,"[24771, 108755, 103975, 16629, 28318, 11930, 99178, 107162, 24277, 67684]"
116418,"[81626, 96592, 6462, 28443, 6704, 77808, 104208, 99516, 756, 88494]"
116419,"[108947, 25888, 100147, 71566, 79159, 51770, 59537, 100398, 96260, 9650]"
116420,"[67688, 105852, 68095, 54558, 96320, 68863, 14195, 57685, 100862, 40338]"
116421,"[94043, 27121, 5630, 72903, 67219, 27297, 45959, 91491, 21360, 12322]"
116422,"[79480, 29019, 54371, 104419, 22255, 38075, 87676, 89123, 21589, 57301]"
116423,"[44677, 101863, 87535, 71043, 55867, 101281, 92941, 84278, 83795, 98500]"
116424,"[56303, 108541, 105864, 17843, 54396, 25203, 9021, 65695, 59415, 13264]"
116425,"[102204, 4933, 55780, 109203, 14087, 39920, 38557, 5667, 65832, 33508]"
116426,"[29553, 47000, 61145, 80340, 100224, 45073, 23532, 88149, 47617, 45983]"
116427,"[31136, 49172, 106137, 84408, 84671, 42845, 69410, 90082, 3351, 72561]"
116428,"[29034, 28860, 51632, 71977, 7756, 29614, 70791, 100125, 52168, 80776]"
116429,"[109244, 69427, 68734, 45278, 21167, 16595, 5257, 62114, 1479, 78384]"
116430,"[12461, 4801, 69012, 53060, 14387, 33009, 4885, 9798, 14320, 9922]"
116431,"[8017, 18390, 72086, 82000, 69652, 77721, 21197, 99306, 24252, 105051]"
116432,"[69800, 84262, 108777, 58885, 78286, 21936, 101730, 85469, 86679, 70600]"
116433,"[53492, 9799, 98608, 104681, 92210, 27328, 107523, 99546, 22655, 63476]"
116434,"[75622, 50182, 13164, 96388, 35740, 73159, 94749, 42489, 99081, 7691]"
116435,"[44018, 66889, 25386, 94537, 28494, 30215, 31903, 47808, 13984, 75328]"
116436,"[34143, 4787, 72680, 53273, 49769, 19568, 11918, 22138, 55927, 80717]"
116437,"[28145, 69963, 101955, 37402, 30221, 94191, 81803, 73560, 84615, 84364]"
116438,"[102559, 6119, 61606, 25961, 99249, 36956, 20445, 85501, 80146, 85364]"
116439,"[41329, 14938, 22260, 7219, 17762, 98859, 41177, 35434, 11024, 87454]"
116440,"[92174, 69375, 100974, 90529, 60496, 35492, 85899, 75103, 90457, 41034]"
116441,"[42967, 85830, 34343, 109041, 2954, 81863, 65623, 54391, 96309, 104004]"
116442,"[52259, 26496, 108203, 45452, 20376, 11515, 86915, 107435, 2316, 68285]"
116443,"[69496, 20037, 11481, 31791, 102567, 96785, 75438, 67088, 89649, 96327]"
116444,"[65876, 52307, 60119, 61059, 73892, 11521, 84471, 65248, 81555, 18372]"
116445,"[65598, 88456, 37772, 10343, 92905, 58287, 89639, 5758, 86386, 21457]"
116446,"[22124, 24322, 35068, 11822, 84979, 65972, 94209, 90071, 47931, 2374]"
116447,"[54817, 96139, 30552, 27345, 27382, 85377, 108472, 99414, 75038, 13547]"
116448,"[63186, 15668, 36082, 103607, 37427, 41084, 66764, 34450, 63612, 88106]"
116449,"[102038, 43191, 6862, 95296, 64379, 95185, 109487, 98407, 62578, 5309]"
116450,"[79363, 83286, 55176, 53766, 61278, 87669, 42278, 95738, 89802, 88832]"
116451,"[92073, 61726, 7248, 33334, 36381, 42005, 19518, 27760, 22786, 18507]"
116452,"[48252, 82413, 89168, 107198, 99517, 102579, 47999, 37854, 95843, 72956]"
116453,"[72773, 108305, 46742, 47776, 2939, 81778, 25067, 22365, 65912, 37471]"
116454,"[50971, 58662, 37674, 13937, 93750, 91554, 11281, 85133, 89738, 71935]"
116455,"[21322, 80098, 77754, 67636, 88769, 97453, 447, 4997, 4111, 65947]"
116456,"[95352, 24150, 75176, 28042, 63585, 107197, 97373, 2640, 31527, 49446]"
116457,"[42747, 28826, 85042, 8533, 23980, 75898, 103131, 41116, 26302, 67322]"
116458,"[62828, 8155, 53765, 61634, 48155, 93808, 71784, 15678, 100963, 17211]"
116459,"[30555, 8204, 53766, 19014, 101753, 71563, 42647, 41017, 7838, 88015]"
116460,"[73146, 19867, 65112, 56031, 63151, 47184, 57093, 99598, 8864, 95104]"
116461,"[3717, 82578, 93443, 11117, 67780, 13731, 17403, 94205, 14825, 40537]"
116462,"[73589, 95536, 26231, 57980, 104286, 30095, 102368, 66736, 25970, 10944]"
116463,"[74374, 53714, 84931, 75999, 18329, 51562, 23302, 100162, 93665, 29784]"
116464,"[40998, 26437, 64117, 15088, 21218, 34869, 38719, 19076, 63609, 26591]"
116465,"[29713, 74411, 107765, 42312, 58698, 91375, 105030, 78476, 109289, 23037]"
116466,"[28795, 23009, 92927, 92566, 67892, 71142, 100308, 92336, 60471, 55042]"
116467,"[93289, 75848, 78817, 43295, 15742, 78115, 84448, 5982, 50985, 41116]"
116468,"[71172, 74858, 8356, 54534, 71664, 84116, 73405, 49259, 40542, 65737]"
116469,"[82985, 14340, 68736, 103459, 75443, 69915, 93369, 88610, 75359, 12499]"
116470,"[100445, 21187, 58865, 102658, 77280, 80996, 20010, 72081, 103122, 42200]"
116471,"[53703, 22459, 35609, 34443, 12608, 91589, 6054, 82387, 38330, 52501]"
116472,"[60428, 55676, 52709, 101747, 40416, 52116, 90814, 76573, 66022, 42051]"
116473,"[59922, 5080, 50270, 59415, 17843, 92841, 32149, 36829, 90960, 44656]"
116474,"[96262, 100438, 101544, 42586, 102420, 66144, 97758, 10326, 6081, 68388]"
116475,"[26662, 9198, 51836, 70958, 96548, 98611, 89121, 21109, 83155, 1320]"
116476,"[43366, 33449, 36378, 101613, 66145, 81217, 104151, 60571, 31935, 98750]"
116477,"[6911, 63726, 64960, 64397, 3446, 53065, 2792, 72791, 43400, 7680]"
116478,"[48468, 59971, 104849, 45168, 76148, 97341, 92232, 48307, 35364, 12076]"
116479,"[84703, 40672, 6989, 42379, 22135, 52431, 30147, 7794, 92726, 32972]"
116480,"[56337, 89944, 77958, 38678, 32617, 74506, 27422, 66151, 20871, 37546]"
116481,"[79671, 48021, 64137, 80232, 4761, 14346, 79177, 47269, 78764, 101796]"
116482,"[102265, 78566, 11547, 21347, 68514, 27037, 10506, 20909, 19509, 43540]"
116483,"[62438, 44644, 84547, 58022, 44285, 92931, 9055, 38600, 26129, 60419]"
116484,"[91736, 82209, 93312, 108582, 26344, 14682, 65429, 16762, 90314, 77877]"
116485,"[72276, 93131, 55895, 22860, 13379, 102898, 3086, 31284, 2830, 64375]"
116486,"[105533, 17459, 29910, 109534, 73985, 35007, 51083, 62939, 13859, 61614]"
116487,"[97038, 22211, 77012, 18975, 14357, 31295, 47232, 7603, 8692, 14907]"
116488,"[82744, 77940, 99657, 78146, 92278, 15697, 88837, 75782, 24092, 8279]"
116489,"[5324, 2065, 19521, 80694, 6210, 90376, 93174, 29816, 75399, 43633]"
116490,"[40358, 59904, 106848, 89818, 671, 96719, 95387, 106598, 57825, 24174]"
116491,"[74821, 46420, 50144, 57193, 51421, 9130, 74950, 46133, 65159, 71313]"
116492,"[80578, 97371, 21393, 69818, 107592, 67484, 93573, 91784, 70881, 67480]"
116493,"[31269, 25916, 69691, 50294, 15119, 32673, 51501, 107473, 24995, 44941]"
116494,"[75154, 81179, 66818, 68424, 26698, 10586, 26902, 26370, 65753, 83233]"
116495,"[13282, 7172, 48332, 16288, 32860, 21245, 24464, 85066, 72401, 67209]"
116496,"[14352, 47526, 50754, 30999, 87334, 20341, 7968, 96259, 94572, 58671]"
116497,"[8875, 52440, 3670, 83837, 108845, 32099, 23504, 66278, 20598, 86951]"
116498,"[77554, 41670, 66440, 94279, 46747, 38782, 5789, 16662, 84838, 96526]"
116499,"[67131, 33180, 2582, 69914, 39200, 86906, 66857, 9611, 103783, 104468]"
116500,"[49562, 45007, 72092, 77917, 99447, 63606, 21139, 55375, 47117, 24586]"
116501,"[64386, 90571, 31776, 30476, 10636, 63362, 101633, 6732, 5243, 66061]"
116502,"[20294, 46956, 89659, 28936, 28411, 2429, 93410, 72721, 48811, 84548]"
116503,"[95162, 21436, 61203, 4940, 12163, 106707, 25246, 6694, 78025, 55332]"
116504,"[23157, 6895, 61300, 108545, 62494, 103838, 17700, 91454, 48515, 104601]"
116505,"[31672, 83793, 63461, 46501, 107141, 75186, 92304, 31907, 807, 76647]"
116506,"[96802, 11691, 70603, 3363, 36577, 69162, 32600, 89660, 48766, 27770]"
116507,"[39519, 43324, 34140, 78690, 97860, 63484, 97228, 102118, 32486, 43258]"
116508,"[48203, 62469, 40598, 19566, 73854, 106502, 60401, 25015, 101914, 4066]"
116509,"[99785, 61535, 23820, 79056, 60538, 11059, 22731, 49366, 57693, 59597]"
116510,"[63240, 36644, 66190, 18346, 83380, 67201, 11962, 37502, 86905, 93142]"
116511,"[44591, 35682, 54629, 84659, 61003, 64390, 79087, 83377, 84542, 74995]"
116512,"[79767, 96026, 69605, 4952, 104343, 1722, 23514, 56498, 4705, 104269]"
116513,"[63990, 33140, 69756, 5524, 71494, 92683, 88265, 11342, 27166, 70271]"
116514,"[4189, 25993, 66318, 70510, 35409, 3300, 106820, 30198, 58316, 51026]"
116515,"[84276, 76668, 57092, 63696, 27367, 77835, 70812, 77196, 72055, 59682]"
116516,"[58196, 5324, 2065, 40295, 11139, 90376, 10866, 26363, 77482, 8830]"
116517,"[12732, 48399, 106392, 60305, 60072, 92577, 44847, 63481, 84531, 107909]"
116518,"[97130, 64874, 108298, 10627, 104330, 2310, 23492, 108944, 45330, 97442]"
116519,"[57545, 88215, 15367, 3725, 79121, 32002, 27261, 11183, 66826, 14110]"
116520,"[59536, 39349, 17530, 75929, 102104, 97006, 39879, 42462, 23361, 57470]"
116521,"[49439, 47032, 82915, 27663, 31555, 61394, 23395, 41178, 21808, 106353]"
116522,"[86908, 97626, 44730, 35292, 100213, 12063, 75073, 105656, 5180, 68568]"
116523,"[214, 4103, 84461, 93250, 107739, 34314, 102245, 90530, 63282, 89589]"
116524,"[47787, 53990, 45912, 38764, 95014, 62031, 30238, 24384, 84207, 30596]"
116525,"[64488, 39447, 100951, 84646, 2454, 72344, 67757, 67567, 95963, 66113]"
116526,"[61894, 95572, 108021, 16839, 32796, 105934, 497, 102715, 14247, 2987]"
116527,"[72577, 62860, 42089, 27955, 90228, 26050, 56366, 41718, 31155, 46333]"
116528,"[19318, 2771, 101736, 100537, 71583, 42985, 41392, 388, 54681, 63573]"
116529,"[41125, 34223, 105482, 16591, 70502, 7015, 55112, 109095, 39137, 76195]"
116530,"[72906, 67645, 66337, 70690, 56248, 102103, 64322, 62587, 2681, 84618]"
116531,"[65132, 99134, 65089, 37068, 10100, 64368, 99481, 101101, 79509, 83428]"
116532,"[87937, 77731, 60960, 62592, 100374, 85816, 8563, 49169, 84785, 3123]"
116533,"[82567, 10594, 82744, 18749, 74548, 6438, 8520, 8279, 107858, 59369]"
116534,"[53295, 95347, 92487, 17613, 39623, 77154, 26042, 66315, 104267, 52294]"
116535,"[4599, 29183, 43231, 108736, 65603, 22225, 34476, 94558, 17509, 36943]"
116536,"[44030, 42109, 71431, 98444, 84950, 4156, 40942, 109144, 33387, 103202]"
116537,"[18777, 72862, 59815, 71364, 47471, 46741, 56993, 71924, 32670, 103768]"
116538,"[93248, 21435, 52620, 5169, 19766, 50879, 43667, 94699, 64766, 42163]"
116539,"[107259, 95892, 87667, 46936, 84431, 96276, 67884, 40442, 29121, 102007]"
116540,"[83029, 53202, 39380, 54300, 78470, 17232, 15079, 30599, 78677, 46578]"
116541,"[37691, 35122, 8858, 79847, 60613, 71807, 60, 22605, 87179, 18937]"
116542,"[32091, 74153, 73802, 14399, 47889, 64040, 40150, 29177, 45731, 13709]"
116543,"[3163, 43430, 106280, 49342, 7791, 57304, 106080, 5808, 108734, 75444]"
116544,"[87121, 6546, 64680, 57371, 100683, 97438, 24281, 81977, 81073, 51023]"
116545,"[104037, 45854, 67586, 50531, 64444, 76910, 66260, 69264, 36167, 50641]"
116546,"[33990, 16112, 3996, 95318, 44364, 81033, 58660, 82993, 22476, 61937]"
116547,"[59716, 31559, 78847, 83662, 92723, 51939, 107611, 68895, 20985, 94692]"
116548,"[32350, 44037, 36795, 84873, 53777, 6272, 53182, 54787, 55785, 67711]"
116549,"[23188, 13705, 24859, 44145, 42919, 103903, 63098, 24339, 36785, 86811]"
116550,"[75859, 34166, 24903, 2300, 17033, 52828, 72484, 39344, 23078, 90496]"
116551,"[50458, 36036, 65018, 105919, 79034, 33624, 69478, 3400, 95924, 8827]"
116552,"[16536, 79458, 15496, 99763, 99465, 50719, 72814, 105639, 29838, 25390]"
116553,"[98886, 50128, 7390, 103969, 14897, 95215, 50012, 70865, 63231, 62679]"
116554,"[93313, 42204, 16092, 35567, 64172, 17128, 25321, 93578, 69731, 41512]"
116555,"[61542, 7924, 55652, 75957, 13966, 11222, 86456, 91034, 93243, 2185]"
116556,"[106528, 42738, 100201, 21573, 54073, 59485, 97689, 92532, 59240, 98744]"
116557,"[25521, 49916, 19743, 15228, 6436, 58502, 58389, 91510, 45143, 96407]"
116558,"[38508, 39875, 64576, 65108, 20259, 16234, 48493, 57360, 78157, 106608]"
116559,"[16067, 19880, 97634, 1912, 51260, 41033, 39252, 65024, 13370, 57704]"
116560,"[106245, 58552, 45590, 67877, 80440, 45314, 14130, 29450, 96111, 15565]"
116561,"[2100, 102703, 104685, 95905, 85930, 20566, 100190, 3467, 87361, 98563]"
116562,"[27559, 103006, 40063, 64372, 8929, 14370, 18825, 26944, 15493, 44538]"
116563,"[65096, 93978, 44521, 873, 19258, 26952, 97223, 1658, 82784, 67938]"
116564,"[26809, 103007, 25179, 71215, 12933, 90307, 43288, 6486, 56499, 93766]"
116565,"[109389, 3384, 22089, 78626, 84501, 41911, 102787, 102855, 29155, 45307]"
116566,"[78938, 4913, 6562, 96567, 37198, 106908, 28019, 61192, 95634, 14546]"
116567,"[29272, 109681, 32523, 59691, 11846, 50738, 11369, 73005, 94615, 45359]"
116568,"[5483, 44152, 106521, 5381, 44163, 33024, 99167, 72077, 43921, 18883]"
116569,"[39424, 37500, 14775, 4200, 95919, 32284, 8502, 41775, 44858, 47323]"
116570,"[97357, 108584, 9320, 63183, 99462, 18541, 54410, 10652, 101806, 54577]"
116571,"[105706, 95852, 65535, 8670, 47415, 96675, 96229, 24232, 34320, 108605]"
116572,"[12987, 70046, 109469, 58750, 90512, 48510, 23023, 18915, 59858, 37745]"
116573,"[3812, 31399, 35558, 43893, 40876, 62088, 24561, 14202, 74535, 57386]"
116574,"[2876, 25891, 94583, 99496, 27198, 50235, 18058, 105295, 41657, 63750]"
116575,"[49488, 71558, 107049, 59921, 27280, 45582, 32810, 96659, 49270, 23863]"
116576,"[29107, 102934, 31174, 12868, 59910, 56423, 66907, 18900, 91221, 55994]"
116577,"[28597, 20504, 40432, 83074, 14543, 46512, 57822, 40943, 74880, 74554]"
116578,"[18202, 45083, 59733, 7991, 39232, 92526, 16191, 10368, 42174, 7921]"
116579,"[39343, 42581, 28314, 63526, 77003, 59616, 105469, 61015, 91460, 33498]"
116580,"[56368, 52240, 60499, 35195, 13638, 25274, 102758, 3573, 87573, 77802]"
116581,"[103581, 103200, 60557, 36124, 91529, 92804, 105507, 44097, 3248, 92899]"
116582,"[71919, 95839, 61219, 27535, 82968, 103903, 42919, 51495, 6818, 22026]"
116583,"[95670, 21159, 73805, 32738, 47512, 79746, 22153, 21144, 109668, 28101]"
116584,"[10434, 56269, 21187, 69123, 67913, 33705, 102658, 93104, 20255, 96352]"
116585,"[15262, 71879, 62324, 94224, 36457, 60086, 54628, 49455, 24664, 8837]"
116586,"[54292, 97374, 6625, 1548, 55720, 79124, 56969, 58000, 92471, 79250]"
116587,"[62387, 68580, 14784, 86367, 92252, 36086, 42438, 69549, 84080, 74600]"
116588,"[4057, 13163, 31329, 22004, 45302, 39257, 89890, 9759, 104805, 13339]"
116589,"[62460, 4235, 18636, 83911, 46645, 20065, 76209, 85923, 97011, 9238]"
116590,"[74556, 85318, 15624, 30638, 90832, 60731, 3174, 6459, 27045, 87166]"
116591,"[34573, 55997, 84182, 82924, 14333, 12077, 44580, 91859, 92897, 78210]"
116592,"[94428, 84147, 73475, 85730, 4984, 105704, 105885, 56801, 105397, 15683]"
116593,"[30882, 51573, 19133, 45901, 52941, 15916, 74632, 62475, 101425, 95504]"
116594,"[46329, 839, 95997, 41158, 81726, 90673, 94381, 33687, 105809, 37667]"
116595,"[36426, 85323, 10470, 30216, 95881, 104065, 92509, 46588, 97206, 70612]"
116596,"[63562, 48953, 108906, 16608, 81364, 88631, 36706, 108015, 99237, 79235]"
116597,"[76288, 25855, 64685, 36804, 18637, 14379, 108085, 109543, 104462, 55146]"
116598,"[31824, 17693, 40656, 93370, 60365, 98982, 71798, 70052, 75425, 62075]"
116599,"[68387, 78168, 102424, 21964, 81982, 77843, 30591, 44763, 19300, 11847]"
116600,"[26255, 102008, 14644, 80811, 85806, 92634, 82127, 61818, 49747, 54729]"
116601,"[28680, 64178, 10569, 51321, 46127, 16701, 64968, 47470, 104200, 48495]"
116602,"[72814, 50719, 108647, 41594, 44757, 79818, 16536, 44236, 15200, 13204]"
116603,"[6333, 29103, 97655, 103437, 35634, 66412, 33903, 52138, 90151, 17165]"
116604,"[74595, 92171, 43173, 101990, 76260, 88675, 58786, 70994, 95403, 73672]"
116605,"[19268, 65704, 13162, 105142, 105512, 68319, 82680, 62275, 102408, 85937]"
116606,"[31102, 95710, 42159, 4172, 82484, 85334, 21162, 22673, 31919, 21832]"
116607,"[52366, 16299, 59475, 59629, 36166, 30902, 26496, 47081, 56942, 40141]"
116608,"[103642, 102211, 29891, 64852, 37673, 65933, 102688, 78969, 6892, 21657]"
116609,"[45600, 88611, 85548, 22264, 14288, 95579, 8588, 102108, 21700, 89578]"
116610,"[106721, 23554, 39133, 29550, 70913, 43414, 52772, 90661, 35874, 38420]"
116611,"[47878, 32684, 109037, 18159, 80387, 11266, 39257, 85878, 59144, 27699]"
116612,"[103969, 7390, 93795, 63231, 40673, 42496, 38476, 78002, 78633, 82681]"
116613,"[80352, 107583, 46137, 9468, 7180, 2022, 106801, 85411, 24102, 64539]"
116614,"[24841, 101540, 46154, 82949, 26394, 65682, 28175, 65764, 46889, 55936]"
116615,"[62639, 16225, 100247, 107285, 34617, 19462, 61277, 103328, 64018, 64225]"
116616,"[78455, 65689, 57182, 74098, 70613, 19261, 17049, 46904, 21318, 7996]"
116617,"[105608, 108102, 48479, 5622, 67028, 63137, 26473, 2518, 83239, 37098]"
116618,"[86423, 37587, 6108, 104464, 55204, 104117, 34873, 106181, 49793, 84533]"
116619,"[6023, 3762, 91678, 105669, 18313, 107965, 108429, 29421, 41185, 4720]"
116620,"[55992, 44785, 51375, 11667, 73650, 47157, 5797, 74437, 49812, 31655]"
116621,"[98219, 8710, 77169, 107484, 56276, 60710, 34163, 58788, 90620, 39209]"
116622,"[107818, 70426, 18588, 63272, 64925, 98720, 104781, 98855, 61980, 42303]"
116623,"[50947, 93994, 12811, 40412, 103519, 57762, 25389, 8493, 88278, 104819]"
116624,"[30045, 14842, 106615, 37528, 80560, 90275, 26399, 96709, 52009, 66067]"
116625,"[86218, 74152, 716, 93227, 16561, 75661, 79025, 20587, 15204, 55222]"
116626,"[13589, 70344, 98874, 46703, 11203, 10365, 62897, 26449, 32582, 20168]"
116627,"[46502, 101973, 68210, 5118, 48588, 104591, 16434, 28733, 80758, 80916]"
116628,"[2724, 32334, 35050, 99721, 73165, 56357, 63459, 82402, 6471, 13484]"
116629,"[85384, 59104, 52791, 33194, 12173, 101882, 78245, 56199, 29229, 106054]"
116630,"[88517, 54692, 90697, 25658, 11898, 75553, 1095, 49490, 27461, 24691]"
116631,"[88318, 1398, 34747, 85030, 96943, 50865, 84679, 48923, 1828, 27439]"
116632,"[66623, 41003, 90090, 99718, 63110, 49345, 27816, 56459, 81861, 78067]"
116633,"[22328, 26162, 78374, 31650, 35308, 75633, 78067, 108324, 54699, 9094]"
116634,"[87854, 57642, 23683, 25309, 30565, 85023, 108767, 15605, 8392, 19903]"
116635,"[70658, 93255, 64241, 80312, 70167, 70588, 13847, 89810, 36356, 65367]"
116636,"[13228, 47392, 57426, 97318, 84204, 86823, 32757, 48695, 60582, 22010]"
116637,"[24326, 91969, 26261, 109647, 55703, 52013, 16289, 54357, 44450, 101563]"
116638,"[19517, 21387, 3871, 11188, 33584, 108402, 97838, 14109, 48790, 10137]"
116639,"[103341, 34013, 93869, 15964, 89174, 36496, 52483, 61329, 58325, 34050]"
116640,"[103534, 67568, 13297, 23403, 38908, 51776, 106171, 109131, 9177, 5676]"
116641,"[49408, 28869, 9300, 69854, 27109, 65519, 19473, 4889, 63207, 87153]"
116642,"[89914, 91822, 37229, 93256, 104674, 8270, 93959, 106701, 100196, 54199]"
116643,"[51535, 31092, 54965, 100377, 106567, 54033, 97921, 37021, 99548, 39705]"
116644,"[14093, 5181, 97807, 22784, 80826, 11783, 52264, 101057, 88120, 60016]"
116645,"[52719, 65113, 7398, 16871, 2214, 100394, 89813, 55539, 47437, 15853]"
116646,"[109368, 108520, 86554, 102164, 32606, 26393, 23073, 69712, 105192, 61629]"
116647,"[7678, 62764, 65323, 38055, 50359, 52061, 71692, 42622, 25544, 90973]"
116648,"[44845, 101640, 39838, 57743, 783, 96572, 40888, 79630, 12307, 53709]"
116649,"[96387, 23325, 43513, 95594, 100713, 3086, 94361, 9857, 57491, 102898]"
116650,"[72332, 17181, 30493, 45684, 106556, 60510, 89958, 93926, 70286, 15442]"
116651,"[65245, 54669, 63109, 93226, 33354, 76312, 83785, 11543, 61274, 14172]"
116652,"[72907, 51337, 24225, 41087, 106302, 48018, 9633, 59513, 36531, 39945]"
116653,"[70940, 13878, 11344, 31060, 8013, 90916, 22937, 83975, 91161, 51370]"
116654,"[102176, 63617, 73129, 84155, 30825, 63167, 54244, 70754, 43769, 73570]"
116655,"[41409, 52950, 17500, 87531, 96983, 44618, 57411, 23836, 90686, 73653]"
116656,"[104919, 67480, 84111, 66767, 83721, 65155, 60832, 91576, 71903, 70617]"
116657,"[59414, 21428, 71428, 16944, 92872, 37115, 8977, 102766, 25490, 57729]"
116658,"[29995, 105340, 78863, 61350, 65911, 75559, 68666, 60495, 65300, 81275]"
116659,"[86285, 23657, 32259, 59725, 39816, 84869, 91099, 3924, 80116, 26574]"
116660,"[27663, 65606, 34402, 7452, 55030, 75777, 67434, 45898, 41178, 18037]"
116661,"[31664, 51099, 85905, 3697, 428, 4718, 50211, 7187, 13290, 26541]"
116662,"[101382, 3205, 2751, 49702, 12197, 34486, 20340, 21704, 65750, 81427]"
116663,"[109026, 51274, 54934, 4628, 88855, 28980, 108204, 36123, 16801, 82101]"
116664,"[91659, 57008, 43803, 45237, 61860, 41084, 92586, 56508, 42427, 51005]"
116665,"[40809, 25980, 55684, 31193, 99101, 58368, 73690, 13798, 90461, 71772]"
116666,"[31990, 9190, 61700, 41128, 51145, 18071, 14122, 36979, 22284, 81165]"
116667,"[23839, 6784, 2098, 96084, 48707, 96717, 28209, 78343, 73258, 47090]"
116668,"[101973, 107884, 75998, 91618, 105959, 68200, 13520, 101964, 24471, 48588]"
116669,"[25759, 30655, 8130, 14543, 95697, 83588, 69887, 67267, 107413, 72863]"
116670,"[16298, 26155, 75855, 64968, 25725, 44544, 101325, 81511, 83067, 10569]"
116671,"[70780, 70159, 72215, 62624, 43855, 8524, 49576, 23587, 78506, 74832]"
116672,"[90802, 82260, 90160, 69060, 43866, 21086, 54651, 9498, 39804, 23535]"
116673,"[66034, 53188, 76046, 53298, 23998, 107153, 26431, 86820, 80978, 69719]"
116674,"[85229, 86645, 16518, 67920, 41582, 65967, 26059, 22236, 38519, 107432]"
116675,"[7736, 79427, 100530, 85203, 97525, 6276, 26042, 15612, 96149, 17911]"
116676,"[105596, 99513, 30698, 40768, 104581, 81424, 57249, 15482, 72471, 5807]"
116677,"[74714, 56953, 64500, 19688, 9649, 100805, 35679, 28978, 7673, 59785]"
116678,"[98984, 2989, 40054, 21272, 79780, 3051, 458, 74071, 68870, 105184]"
116679,"[30661, 4066, 34135, 62907, 16892, 100695, 95547, 11747, 56314, 85859]"
116680,"[101432, 58309, 70704, 40020, 3740, 99424, 16110, 102337, 76669, 70625]"
116681,"[2427, 65198, 91545, 91572, 68742, 101149, 38356, 5710, 53604, 68225]"
116682,"[67068, 103678, 48749, 86014, 50591, 50582, 40182, 29599, 56939, 105074]"
116683,"[61811, 43827, 4808, 31289, 33921, 30968, 52449, 60771, 32839, 70356]"
116684,"[32573, 95305, 7464, 99741, 37824, 2942, 48912, 43432, 10713, 47044]"
116685,"[23290, 92245, 8664, 17449, 41308, 101867, 100542, 73454, 57742, 53928]"
116686,"[1642, 41602, 27509, 55170, 3154, 56024, 34990, 66069, 23858, 20375]"
116687,"[2207, 92435, 29606, 109152, 86159, 17397, 74400, 46737, 85156, 106631]"
116688,"[35797, 25799, 6853, 16862, 10214, 71610, 68898, 107925, 17132, 106660]"
116689,"[11894, 70904, 87580, 73482, 83930, 85, 2601, 85883, 73436, 54128]"
116690,"[72960, 81501, 7406, 33346, 1843, 68141, 54342, 109065, 27677, 24126]"
116691,"[18464, 13082, 85252, 31396, 89559, 38685, 35777, 64908, 99124, 66660]"
116692,"[62608, 92213, 10469, 55535, 30793, 38254, 78920, 5146, 58871, 13942]"
116693,"[105761, 62863, 9254, 92050, 56352, 88511, 80664, 87368, 30216, 86464]"
116694,"[71755, 88544, 25151, 13736, 84557, 17419, 108010, 104961, 54137, 71942]"
116695,"[2376, 56631, 92212, 86683, 5228, 54895, 97135, 23960, 8827, 78865]"
116696,"[76586, 43380, 34814, 80645, 42604, 53218, 101494, 32702, 22585, 94882]"
116697,"[51610, 88212, 36922, 42357, 10955, 96580, 68664, 81934, 50684, 100556]"
116698,"[58200, 41643, 96845, 64657, 104765, 63196, 5588, 87284, 16233, 35812]"
116699,"[18752, 35299, 14978, 41228, 47343, 92935, 24099, 21000, 88723, 45348]"
116700,"[40559, 75799, 38058, 79130, 79713, 83115, 45849, 85533, 22485, 105050]"
116701,"[17630, 76730, 33427, 69432, 16665, 20137, 39824, 39437, 35102, 84465]"
116702,"[23336, 85816, 84722, 53928, 70325, 89840, 61169, 65128, 106683, 45479]"
116703,"[52179, 101143, 78830, 108507, 26980, 33801, 10006, 40894, 3601, 8617]"
116704,"[30240, 68309, 53301, 56543, 95720, 98578, 57268, 34192, 50404, 18317]"
116705,"[93146, 15070, 807, 81056, 69797, 28189, 59742, 31907, 83793, 46501]"
116706,"[56959, 95125, 9408, 97175, 36049, 32784, 57848, 69143, 67183, 25458]"
116707,"[19581, 41573, 80408, 42133, 73381, 11861, 75688, 80039, 29508, 42469]"
116708,"[38871, 59176, 91882, 31001, 72252, 24518, 27526, 689, 71263, 69734]"
116709,"[4127, 1692, 28678, 105436, 57949, 1106, 108010, 79230, 71755, 30500]"
116710,"[22812, 51192, 77098, 69167, 51248, 99078, 102225, 105956, 72503, 32152]"
116711,"[3915, 98420, 100709, 105516, 54950, 85266, 57801, 49073, 64244, 32616]"
116712,"[49963, 4002, 82062, 26324, 73515, 25746, 79331, 90120, 81162, 4820]"
116713,"[106626, 24256, 14701, 100887, 104792, 1717, 10799, 97785, 9054, 105052]"
116714,"[42156, 53795, 63380, 20135, 80840, 81955, 4941, 18657, 102718, 109716]"
116715,"[107180, 60455, 36711, 36741, 16957, 106794, 64442, 28985, 43736, 3269]"
116716,"[7412, 20980, 47267, 79172, 63574, 83829, 46311, 108450, 52795, 86415]"
116717,"[106546, 84764, 95104, 90418, 14446, 57093, 5387, 40812, 82580, 57094]"
116718,"[95197, 20902, 38498, 64, 46586, 100525, 40311, 64628, 87151, 57632]"
116719,"[54969, 105360, 12242, 89833, 4222, 12478, 107370, 66314, 5099, 108070]"
116720,"[87855, 92364, 87779, 82430, 68389, 88054, 92826, 38556, 56434, 80584]"
116721,"[57124, 64075, 106749, 85317, 89814, 12713, 54901, 37312, 28596, 65773]"
116722,"[67958, 28826, 26302, 86201, 41367, 42747, 75898, 85042, 16005, 41116]"
116723,"[42750, 14748, 7518, 9197, 85878, 105281, 31712, 26652, 88636, 59144]"
116724,"[46287, 57784, 61785, 25371, 74390, 71051, 23866, 82950, 37793, 15545]"
116725,"[60428, 67464, 33364, 33885, 48936, 61463, 86080, 53859, 11136, 49273]"
116726,"[98598, 2368, 81418, 81729, 53242, 38666, 70218, 75222, 6785, 21168]"
116727,"[16292, 13938, 98543, 92912, 49058, 88965, 86717, 50522, 51584, 98080]"
116728,"[81231, 71827, 41591, 95086, 8492, 43939, 8853, 11246, 52634, 18481]"
116729,"[63381, 92005, 52427, 37016, 7417, 20169, 95265, 72240, 70828, 98956]"
116730,"[9547, 15026, 22079, 83045, 24979, 29771, 30817, 88721, 16581, 70412]"
116731,"[7074, 103147, 4068, 44171, 100296, 83749, 61036, 90269, 30901, 77347]"
116732,"[45990, 109233, 18686, 98814, 10714, 3492, 102073, 24766, 90521, 30098]"
116733,"[23221, 10927, 20822, 21117, 89596, 57646, 17767, 8488, 2981, 81715]"
116734,"[5858, 68996, 63419, 48613, 84874, 19456, 100735, 68680, 6288, 31866]"
116735,"[14072, 98168, 103571, 35409, 83583, 88133, 12614, 16664, 77903, 91388]"
116736,"[91544, 38541, 41744, 71094, 57513, 10208, 68000, 81463, 90239, 19475]"
116737,"[76166, 4189, 61799, 99141, 63955, 51351, 26579, 45230, 62388, 25993]"
116738,"[70565, 84670, 20815, 86232, 66017, 5739, 92653, 12019, 79414, 11243]"
116739,"[36871, 42683, 87533, 16532, 93619, 75436, 14993, 90698, 21577, 94398]"
116740,"[85047, 11987, 66255, 10478, 73455, 42279, 52443, 68940, 78024, 64507]"
116741,"[3480, 94444, 63028, 90777, 85176, 62167, 21602, 6566, 17287, 92612]"
116742,"[47269, 99037, 12845, 53591, 101796, 68714, 28524, 38848, 79671, 102175]"
116743,"[22794, 102388, 99091, 65173, 100799, 12371, 28749, 69051, 56302, 27209]"
116744,"[61208, 44629, 52098, 83111, 16312, 50610, 646, 21643, 104959, 80249]"
116745,"[48044, 88751, 73622, 42884, 72995, 19340, 1322, 25636, 28157, 104373]"
116746,"[108151, 9234, 45614, 65817, 1303, 48372, 40599, 48914, 10697, 56108]"
116747,"[89066, 13097, 35843, 16615, 45342, 25927, 10341, 7263, 13745, 95144]"
116748,"[90555, 4552, 83423, 53857, 2684, 55074, 68999, 59355, 22882, 53871]"
116749,"[24202, 80909, 74632, 100621, 37365, 42931, 23409, 26415, 67989, 8400]"
116750,"[36908, 10821, 69013, 34196, 57266, 97512, 18122, 25801, 35830, 103976]"
116751,"[2734, 24832, 47673, 49162, 48106, 104963, 4288, 64482, 96090, 62623]"
116752,"[81297, 52733, 98528, 31413, 85722, 88658, 50251, 37424, 103869, 102897]"
116753,"[84143, 89567, 86373, 42949, 20052, 28885, 6113, 76018, 43514, 48742]"
116754,"[32549, 59877, 20556, 44817, 74310, 63756, 48087, 79412, 80559, 51611]"
116755,"[15165, 107466, 61899, 35654, 35711, 35569, 22983, 4721, 33050, 29596]"
116756,"[14424, 60957, 103211, 39979, 89450, 73858, 36211, 24677, 108011, 3604]"
116757,"[62508, 8086, 29681, 37713, 79433, 93438, 45294, 30842, 94257, 64544]"
116758,"[21951, 21739, 55114, 74444, 5177, 47988, 58385, 66942, 38212, 62893]"
116759,"[98195, 59592, 87409, 30691, 84349, 88901, 13523, 2800, 104323, 94553]"
116760,"[63303, 13346, 86477, 101822, 34447, 98585, 17283, 49195, 53150, 31004]"
116761,"[68247, 38655, 9460, 1003, 92837, 51128, 15766, 38004, 48742, 43514]"
116762,"[27516, 54855, 109726, 41153, 45908, 85428, 85875, 104723, 11137, 15597]"
116763,"[40709, 101501, 71842, 45795, 99356, 47479, 80602, 7622, 67907, 21579]"
116764,"[62262, 19084, 73751, 60039, 58270, 68291, 35773, 9937, 103679, 54774]"
116765,"[64008, 23988, 46299, 79890, 70452, 25057, 61268, 76852, 46355, 51778]"
116766,"[6298, 30123, 94290, 35418, 8226, 83245, 9445, 65721, 68356, 28111]"
116767,"[9722, 99423, 61996, 12765, 60468, 79341, 67297, 101821, 105202, 59162]"
116768,"[26961, 35560, 50427, 95994, 9677, 96619, 73327, 47251, 86405, 15797]"
116769,"[88683, 45355, 50259, 95212, 46731, 68027, 102714, 47952, 101274, 55054]"
116770,"[55202, 70615, 82054, 60176, 92925, 26758, 36181, 84941, 43383, 90206]"
116771,"[50643, 58433, 38902, 81888, 6249, 79097, 63944, 26513, 20, 25339]"
116772,"[48707, 18945, 105229, 86538, 107917, 17353, 28209, 31737, 83123, 23839]"
116773,"[47403, 26914, 12755, 32915, 83331, 32305, 31941, 40902, 62391, 20634]"
116774,"[47750, 88188, 51712, 99654, 57946, 27982, 39308, 84148, 90669, 24386]"
116775,"[104870, 26352, 6352, 10876, 66083, 98051, 103402, 7747, 1867, 55686]"
116776,"[41111, 12965, 17262, 21677, 80103, 17797, 1738, 53945, 81896, 9462]"
116777,"[89154, 57798, 102200, 69414, 107379, 47625, 10428, 72027, 2161, 78223]"
116778,"[104084, 54816, 98282, 5281, 42060, 21028, 108005, 104019, 12430, 9839]"
116779,"[68470, 49218, 14867, 37595, 84053, 105046, 16152, 86855, 51185, 13363]"
116780,"[62403, 53818, 61866, 96874, 54546, 91638, 66082, 46310, 19112, 53636]"
116781,"[103490, 33120, 49546, 60769, 52817, 50964, 103262, 6514, 80163, 804]"
116782,"[61996, 26257, 105202, 44039, 99423, 12765, 60468, 67109, 79341, 9722]"
116783,"[107371, 95412, 37463, 473, 23846, 74985, 97955, 63592, 43708, 81062]"
116784,"[96124, 52342, 1994, 29555, 4195, 24704, 67144, 10808, 44100, 98392]"
116785,"[75763, 79029, 73375, 18926, 70825, 68519, 99820, 10804, 27492, 45744]"
116786,"[46891, 39542, 43325, 95936, 13619, 103886, 3991, 85829, 62838, 28761]"
116787,"[84020, 24416, 83140, 38081, 93156, 78071, 34204, 84208, 79309, 31604]"
116788,"[100905, 47404, 38940, 98808, 53801, 87811, 105187, 63256, 299, 575]"
116789,"[45480, 56687, 71590, 54639, 28986, 65275, 108198, 4517, 80793, 78598]"
116790,"[104292, 89356, 61006, 47105, 2232, 85207, 102352, 11197, 99610, 21647]"
116791,"[54178, 59102, 33600, 105127, 99369, 3939, 105380, 37882, 64573, 31771]"
116792,"[83160, 913, 9020, 18524, 44961, 99464, 16741, 79020, 68488, 23522]"
116793,"[76788, 45437, 30008, 16161, 63644, 5712, 22621, 108073, 84617, 64641]"
116794,"[26630, 80630, 63354, 9999, 12736, 51560, 37413, 18969, 38371, 61500]"
116795,"[58576, 105834, 52331, 56149, 78713, 49957, 38630, 60905, 25480, 88076]"
116796,"[87900, 37786, 16498, 35100, 38860, 109372, 55194, 71478, 6753, 55603]"
116797,"[8180, 52842, 34495, 5376, 22854, 42151, 108288, 106393, 105987, 69119]"
116798,"[63959, 67896, 68962, 36415, 83936, 81914, 100755, 84982, 41552, 72934]"
116799,"[68193, 57153, 34605, 88244, 14793, 11273, 31419, 66802, 92009, 57544]"
116800,"[84243, 13590, 4875, 75219, 39329, 108199, 51761, 6795, 70207, 102508]"
116801,"[31007, 30600, 66821, 56295, 27985, 38829, 87052, 76934, 6658, 34694]"
116802,"[91633, 89769, 19549, 7170, 99823, 99732, 15721, 97754, 79459, 50136]"
116803,"[60152, 4394, 104157, 31072, 93148, 26794, 6935, 49206, 61955, 105817]"
116804,"[42446, 62971, 59921, 65557, 27280, 49488, 38028, 106670, 64536, 27298]"
116805,"[94811, 18736, 41166, 70194, 6783, 24288, 816, 95792, 66295, 98700]"
116806,"[1330, 29338, 41366, 24786, 52474, 54341, 15843, 97928, 60990, 90861]"
116807,"[44417, 91552, 85843, 59602, 104010, 89741, 13915, 102150, 34240, 40554]"
116808,"[44285, 50795, 48533, 103015, 1393, 96216, 70712, 42944, 38600, 26129]"
116809,"[95632, 107624, 24170, 96518, 57869, 70092, 108473, 97174, 30310, 55001]"
116810,"[78136, 40957, 55978, 90824, 54419, 91150, 4934, 79563, 26427, 76141]"
116811,"[25178, 2851, 101802, 74377, 88112, 32705, 68951, 102705, 73945, 48858]"
116812,"[8355, 68723, 83751, 8619, 54320, 13541, 5617, 89241, 32908, 47998]"
116813,"[100941, 11148, 58504, 105190, 105108, 3247, 43552, 83551, 21799, 29538]"
116814,"[32509, 56139, 108903, 18096, 43955, 108002, 81081, 6248, 31684, 22957]"
116815,"[51329, 2326, 67259, 49222, 79168, 5768, 70725, 85964, 107059, 22252]"
116816,"[95437, 108880, 23457, 47418, 94746, 2480, 79491, 18689, 14689, 81161]"
116817,"[26779, 56829, 59410, 5087, 59268, 13526, 59555, 21984, 20595, 55689]"
116818,"[24763, 73144, 67888, 96674, 35439, 11307, 81112, 49533, 99834, 25250]"
116819,"[89210, 93980, 37321, 22510, 5941, 8024, 39652, 41431, 53363, 91807]"
116820,"[59845, 8631, 14118, 95292, 34725, 57072, 89228, 41864, 15600, 66991]"
116821,"[74389, 61723, 64877, 12645, 7593, 87045, 8456, 100765, 32063, 91315]"
116822,"[77761, 96673, 11969, 27768, 61158, 97058, 56380, 81403, 77709, 76683]"
116823,"[63243, 93457, 78605, 106649, 46249, 86655, 38674, 102266, 38526, 80534]"
116824,"[35190, 5170, 89621, 70448, 76002, 66552, 4616, 35543, 73629, 33378]"
116825,"[104255, 28116, 22791, 13693, 109418, 17444, 3605, 43864, 103019, 89826]"
116826,"[40764, 21149, 9201, 85619, 22952, 26007, 96832, 107563, 45786, 107803]"
116827,"[20692, 39495, 69886, 72472, 13051, 43860, 20341, 7968, 97753, 71122]"
116828,"[18622, 5474, 84157, 103314, 91100, 16258, 88617, 12790, 38613, 36723]"
116829,"[108371, 5036, 86490, 13732, 76574, 59571, 23698, 107488, 33243, 30303]"
116830,"[100671, 32639, 61366, 21977, 79255, 104646, 46772, 38590, 40013, 776]"
116831,"[33811, 12991, 61503, 30538, 1664, 2039, 88282, 15006, 93932, 81587]"
116832,"[7435, 73468, 109234, 91099, 28981, 71470, 98823, 33001, 105772, 28143]"
116833,"[72613, 11830, 42729, 30749, 24271, 104299, 44807, 61049, 85170, 73083]"
116834,"[523, 86909, 5499, 83799, 15433, 69256, 84162, 66712, 34364, 106009]"
116835,"[61760, 90407, 96995, 40217, 86075, 51477, 38175, 61126, 89103, 68796]"
116836,"[26625, 75503, 103773, 81334, 96076, 58187, 21736, 87753, 21762, 85699]"
116837,"[22993, 107711, 59257, 31906, 7865, 4091, 21273, 103244, 74133, 79059]"
116838,"[108173, 9224, 11212, 53919, 36930, 10172, 6676, 34332, 31295, 106754]"
116839,"[67027, 69487, 100091, 89138, 29469, 86889, 93506, 28036, 90274, 74325]"
116840,"[102777, 99898, 85874, 108509, 65290, 36035, 3759, 36202, 30915, 70448]"
116841,"[66848, 96871, 108355, 29117, 29334, 14865, 26047, 27067, 50909, 67058]"
116842,"[1049, 19570, 54660, 51002, 23270, 83938, 47329, 97498, 88501, 105988]"
116843,"[43354, 36742, 21264, 50214, 30217, 104864, 36019, 23945, 56424, 105989]"
116844,"[78652, 77621, 76666, 106729, 99111, 63436, 40289, 57384, 82904, 96430]"
116845,"[36568, 59902, 9201, 39661, 46452, 11877, 89120, 24866, 82709, 67158]"
116846,"[47738, 79367, 34190, 37680, 61745, 63589, 27807, 5618, 12929, 54364]"
116847,"[109245, 102029, 17467, 19286, 40302, 59202, 52061, 80693, 87961, 7090]"
116848,"[87867, 109727, 8527, 27708, 56879, 52150, 81439, 97263, 86618, 46549]"
116849,"[15011, 43984, 13734, 31825, 54873, 79395, 8438, 9259, 64760, 14060]"
116850,"[2826, 5750, 66176, 2411, 66561, 58684, 79381, 53004, 93566, 11362]"
116851,"[87572, 34718, 102526, 46407, 49679, 52081, 41641, 42199, 48631, 2331]"
116852,"[10592, 104540, 76945, 91834, 13702, 2650, 62484, 22291, 65777, 53661]"
116853,"[104665, 12672, 59272, 85911, 95433, 78956, 9557, 92817, 90147, 38037]"
116854,"[44132, 66470, 22031, 31662, 36582, 3126, 7752, 30785, 27410, 63086]"
116855,"[79167, 44230, 11985, 66711, 36201, 35029, 74231, 86627, 76445, 109686]"
116856,"[65365, 3860, 94866, 30436, 20005, 85541, 5943, 42643, 93323, 77459]"
116857,"[45561, 95444, 100142, 24650, 1469, 69690, 64978, 57682, 35455, 81978]"
116858,"[52387, 49433, 103589, 69779, 63124, 3994, 20496, 9417, 10890, 21936]"
116859,"[85286, 8823, 27398, 95975, 73605, 107830, 21039, 96541, 105982, 15207]"
116860,"[91400, 56182, 22822, 57530, 96956, 40045, 76868, 54993, 44501, 50541]"
116861,"[95238, 7096, 53447, 68857, 75319, 92030, 6809, 41870, 10092, 50713]"
116862,"[80255, 6383, 69407, 40596, 93091, 42029, 105126, 28181, 94566, 37668]"
116863,"[63657, 63180, 56308, 66573, 15035, 45341, 15797, 6734, 15014, 71161]"
116864,"[74632, 101425, 28573, 26415, 96768, 16057, 85072, 80909, 62475, 95504]"
116865,"[94363, 69414, 57028, 9846, 67946, 89534, 6501, 107379, 106963, 61991]"
116866,"[103490, 33120, 80163, 2754, 49546, 18464, 12610, 6279, 52817, 85252]"
116867,"[80959, 12801, 102541, 20289, 74232, 17027, 22591, 56472, 81451, 99367]"
116868,"[104980, 45735, 35643, 93739, 46515, 17251, 39682, 31565, 64522, 39509]"
116869,"[64440, 22468, 108769, 23842, 99647, 103613, 103161, 42141, 17740, 20405]"
116870,"[52006, 100604, 69207, 17116, 65998, 105768, 42041, 58904, 63309, 30184]"
116871,"[51150, 35239, 56157, 76202, 32767, 41953, 83538, 5191, 94185, 45893]"
116872,"[44248, 18575, 54980, 51129, 37980, 50213, 63992, 53734, 64734, 54301]"
116873,"[70308, 106462, 51820, 10622, 62090, 1260, 92996, 89586, 42498, 32804]"
116874,"[63209, 20295, 33406, 10028, 41621, 30624, 108588, 85655, 93405, 65949]"
116875,"[84936, 56281, 54850, 103927, 46594, 101310, 26789, 78095, 43147, 37421]"
116876,"[21133, 3561, 9790, 49417, 3935, 22032, 5538, 11182, 12486, 28672]"
116877,"[4332, 28354, 22901, 35784, 92220, 31462, 43976, 23320, 3676, 47547]"
116878,"[12338, 17868, 4042, 1376, 105283, 66182, 14288, 102108, 23838, 108226]"
116879,"[27300, 47885, 83494, 30694, 81337, 51502, 70982, 92205, 26100, 82558]"
116880,"[109717, 36938, 17698, 9047, 66280, 80153, 3941, 6495, 37533, 94460]"
116881,"[12341, 57734, 7939, 104239, 88942, 32694, 34405, 19116, 75906, 116]"
116882,"[1310, 47752, 103926, 61649, 65105, 87636, 89565, 41709, 29374, 82320]"
116883,"[46866, 53166, 44170, 75636, 20103, 72263, 82106, 42050, 12825, 23876]"
116884,"[98464, 98094, 67486, 100502, 69417, 6407, 66719, 83386, 25776, 3062]"
116885,"[24188, 6642, 55923, 108272, 36456, 107692, 90163, 84219, 60033, 95307]"
116886,"[62984, 15080, 102455, 63873, 98193, 56933, 98941, 50475, 21057, 93995]"
116887,"[74080, 49273, 83668, 48894, 22821, 54200, 999, 20404, 7840, 43097]"
116888,"[92462, 6955, 17979, 105628, 103173, 108312, 15315, 43546, 8442, 31014]"
116889,"[7068, 2175, 89539, 100645, 452, 54119, 7363, 62532, 75140, 45229]"
116890,"[90473, 9364, 96325, 87439, 2980, 33718, 58532, 14315, 37252, 84413]"
116891,"[70987, 96765, 83836, 61984, 1696, 94470, 36813, 108260, 10162, 4243]"
116892,"[81621, 68425, 96581, 98641, 15560, 52799, 109124, 50981, 101162, 73989]"
116893,"[47638, 102953, 21639, 16942, 69937, 83622, 37805, 87471, 42979, 43161]"
116894,"[107325, 92738, 76710, 75909, 86168, 36710, 49183, 3657, 4859, 64643]"
116895,"[66489, 9944, 33618, 81695, 28382, 61428, 44931, 73020, 68764, 69003]"
116896,"[78480, 10232, 78740, 92141, 13841, 105557, 103218, 3776, 4469, 59035]"
116897,"[27457, 91586, 76211, 11115, 53451, 45402, 12127, 59590, 29788, 75038]"
116898,"[25083, 22960, 42098, 56642, 27557, 32672, 39485, 106301, 91141, 101729]"
116899,"[96487, 83672, 29027, 84807, 74195, 34362, 36721, 9567, 103431, 63012]"
116900,"[104829, 105690, 77989, 82784, 19200, 33671, 79117, 81686, 42697, 1658]"
116901,"[60924, 98685, 36554, 20350, 42182, 15353, 11826, 59010, 31478, 89068]"
116902,"[94080, 15834, 98258, 89576, 56397, 92247, 105506, 93255, 7854, 91018]"
116903,"[90744, 71301, 41882, 66843, 8951, 70329, 71724, 29355, 22312, 49064]"
116904,"[6574, 49339, 8395, 84234, 43489, 27520, 25448, 95306, 15472, 30256]"
116905,"[82151, 48438, 47402, 51808, 54034, 80095, 66803, 104359, 56721, 98221]"
116906,"[82549, 73999, 62304, 16544, 3550, 36751, 95587, 21680, 86138, 36342]"
116907,"[59216, 75062, 91283, 46423, 65946, 16998, 27143, 60783, 23864, 80805]"
116908,"[26285, 108391, 61981, 53541, 19389, 47087, 74675, 43760, 12584, 77092]"
116909,"[33331, 39813, 65136, 47502, 41714, 4904, 64462, 37102, 17167, 2966]"
116910,"[48535, 56583, 107643, 11100, 18157, 67169, 31670, 41007, 57579, 29562]"
116911,"[88725, 84480, 52910, 73721, 8535, 11551, 19779, 106191, 83935, 14428]"
116912,"[8305, 88059, 91071, 75552, 46418, 83126, 55369, 74047, 69096, 78176]"
116913,"[17983, 82397, 44069, 94907, 81082, 60006, 101159, 81152, 103382, 44198]"
116914,"[82652, 18625, 15297, 57990, 80268, 6933, 31940, 42236, 32972, 29382]"
116915,"[52051, 15738, 15975, 16206, 90385, 103452, 82183, 26435, 60736, 54830]"
116916,"[49344, 74217, 72986, 106603, 19286, 80693, 104150, 109245, 90973, 62603]"
116917,"[58883, 23163, 24930, 37212, 30386, 23118, 51616, 39725, 34899, 87183]"
116918,"[76080, 70010, 5664, 25481, 78193, 30654, 75827, 72714, 108012, 24982]"
116919,"[67282, 87346, 46300, 18404, 28057, 30861, 86681, 40371, 12296, 17753]"
116920,"[96794, 52196, 3776, 53946, 7982, 47352, 84314, 52372, 50966, 7040]"
116921,"[24787, 69776, 80559, 73086, 97932, 82012, 86723, 84720, 102804, 20556]"
116922,"[45786, 68702, 21149, 82059, 35022, 26007, 75016, 45416, 40764, 22952]"
116923,"[15985, 54162, 22208, 7793, 84629, 47136, 103143, 28047, 96347, 38791]"
116924,"[48114, 19883, 36714, 25110, 58303, 23700, 47813, 55426, 68761, 33358]"
116925,"[33380, 3827, 40483, 43814, 15621, 87703, 32824, 21243, 61414, 80656]"
116926,"[13457, 104411, 106243, 55525, 46509, 8031, 4572, 66484, 96353, 7075]"
116927,"[79099, 23389, 83645, 36559, 105662, 98562, 44581, 106347, 6589, 98921]"
116928,"[2376, 68005, 66455, 9221, 79828, 54807, 24864, 100734, 33176, 40258]"
116929,"[18748, 31363, 94675, 8545, 21115, 10419, 28677, 108863, 82973, 91704]"
116930,"[90623, 92761, 30751, 49302, 11731, 2441, 70755, 29103, 55037, 99494]"
116931,"[76333, 34931, 90981, 88977, 76056, 45853, 78165, 44727, 76287, 66486]"
116932,"[52755, 85494, 83935, 17463, 442, 89833, 102885, 40601, 38102, 60012]"
116933,"[24265, 66612, 106438, 71165, 93852, 55959, 70302, 10896, 73602, 108918]"
116934,"[74494, 75158, 30379, 54688, 74837, 54216, 104564, 59293, 98030, 16937]"
116935,"[21469, 79202, 63547, 84949, 62140, 69719, 107153, 92667, 98972, 85077]"
116936,"[10546, 86292, 72540, 14046, 45170, 17798, 5449, 66965, 37863, 55588]"
116937,"[96244, 22373, 24520, 83279, 44041, 59787, 64166, 63666, 1489, 32107]"
116938,"[53442, 37436, 15411, 95918, 43579, 2942, 61124, 30923, 27195, 98429]"
116939,"[40355, 71726, 65715, 71237, 74243, 78686, 45438, 3052, 68552, 81780]"
116940,"[1752, 23305, 8324, 109523, 92978, 54224, 60861, 713, 85184, 8142]"
116941,"[30379, 97935, 24362, 64639, 100128, 93548, 79270, 94685, 105981, 27682]"
116942,"[35472, 68953, 64257, 22023, 70262, 20151, 69366, 91536, 101808, 98662]"
116943,"[36856, 5293, 58441, 54826, 10765, 59585, 25231, 78289, 82687, 106644]"
116944,"[103815, 97797, 37835, 32616, 18319, 96340, 85604, 102931, 22292, 90249]"
116945,"[14688, 67824, 53975, 70902, 60295, 81232, 29045, 27110, 28753, 25043]"
116946,"[31930, 76783, 105501, 94846, 31220, 62309, 85297, 13625, 68820, 49527]"
116947,"[5447, 92835, 90354, 67407, 75024, 31318, 87576, 2297, 38735, 79496]"
116948,"[91454, 7213, 15922, 104601, 81640, 61300, 16651, 61304, 47312, 6895]"
116949,"[1708, 32530, 24171, 95091, 3777, 106950, 4657, 40621, 94698, 3350]"
116950,"[404, 53569, 38140, 77263, 58458, 109694, 39678, 48740, 105114, 50309]"
116951,"[47550, 102110, 83270, 79904, 13376, 18282, 21123, 106672, 59196, 30111]"
116952,"[14235, 7206, 106927, 58192, 52158, 68163, 30977, 49090, 87964, 77252]"
116953,"[90176, 103967, 84662, 56877, 94312, 57406, 11253, 40223, 38460, 15687]"
116954,"[97097, 81917, 79060, 47135, 35909, 58374, 95790, 84320, 85352, 63797]"
116955,"[82870, 94471, 80922, 51480, 71084, 53099, 49171, 832, 94739, 27217]"
116956,"[100834, 40156, 34645, 23496, 54992, 47536, 88797, 15542, 31811, 93881]"
116957,"[84700, 38532, 24770, 71295, 91677, 49736, 39773, 104842, 93090, 79608]"
116958,"[11707, 66654, 83089, 107948, 46983, 58483, 106452, 68100, 41820, 67138]"
116959,"[1448, 96046, 37116, 14123, 10605, 87493, 46185, 93449, 74234, 48163]"
116960,"[29378, 49580, 90692, 9911, 55415, 90589, 67919, 74093, 106796, 61574]"
116961,"[73233, 6581, 53728, 24108, 30144, 70949, 28052, 1476, 4406, 72721]"
116962,"[17956, 95568, 36973, 49690, 82030, 65430, 103700, 53336, 46342, 4606]"
116963,"[38424, 54409, 66880, 90763, 87682, 104799, 56750, 72127, 96781, 91152]"
116964,"[22622, 47084, 37168, 47584, 75912, 19533, 86784, 34173, 40264, 57489]"
116965,"[69352, 98560, 34581, 52344, 64753, 64573, 102146, 37263, 62026, 27070]"
116966,"[54717, 91771, 60135, 70755, 30671, 45049, 82253, 66298, 71095, 21627]"
116967,"[48081, 52122, 63657, 6734, 45260, 76013, 4516, 45341, 15014, 35560]"
116968,"[88116, 32245, 13849, 74943, 91550, 36357, 68050, 63647, 6463, 86390]"
116969,"[79657, 33504, 9258, 56765, 31477, 76877, 40300, 100750, 33550, 62324]"
116970,"[83352, 9199, 36328, 87584, 5579, 84226, 59686, 99858, 21239, 15632]"
116971,"[41312, 39146, 61831, 57009, 40703, 16861, 36352, 97564, 37971, 2558]"
116972,"[100369, 2695, 106729, 26183, 81629, 30917, 22008, 31595, 77349, 70575]"
116973,"[93158, 100666, 89970, 87065, 72090, 68541, 103441, 5184, 17475, 79474]"
116974,"[87219, 97020, 42975, 94665, 30107, 90526, 14090, 16695, 61161, 82323]"
116975,"[104822, 106756, 106223, 10394, 18161, 73627, 90097, 56588, 36703, 105391]"
116976,"[71981, 104199, 54157, 84097, 99118, 74149, 74485, 90519, 20056, 44525]"
116977,"[21358, 1353, 46093, 85733, 57491, 28963, 23653, 95751, 58948, 94361]"
116978,"[85836, 51585, 4873, 73451, 72370, 78993, 882, 68652, 18062, 49972]"
116979,"[75987, 23975, 36894, 87899, 104784, 14827, 39461, 49188, 60782, 108659]"
116980,"[82191, 71260, 22241, 56668, 12988, 55823, 5800, 108041, 38618, 14148]"
116981,"[13112, 97554, 80130, 2765, 63404, 16826, 64320, 108945, 1270, 17900]"
116982,"[66769, 46734, 77279, 29702, 77378, 19050, 58805, 96912, 21702, 70275]"
116983,"[98134, 27358, 178, 50155, 18223, 82686, 74929, 59103, 47644, 69585]"
116984,"[87112, 53276, 58365, 102452, 25300, 81442, 43992, 35952, 30898, 33970]"
116985,"[58422, 101899, 60257, 51344, 69041, 35623, 20804, 25063, 100614, 85644]"
116986,"[22476, 87824, 41046, 34039, 37414, 5995, 85406, 62643, 81033, 33990]"
116987,"[73312, 12050, 22549, 65666, 7485, 26466, 46169, 108542, 29171, 12446]"
116988,"[20810, 37129, 93292, 42887, 28608, 106274, 52794, 50841, 63343, 58631]"
116989,"[55719, 74197, 38029, 50653, 90868, 48232, 39206, 7108, 58335, 36775]"
116990,"[97764, 106163, 56027, 56680, 83380, 64441, 19844, 4168, 63790, 108480]"
116991,"[97892, 67278, 51057, 72135, 78494, 92641, 203, 30692, 85332, 80279]"
116992,"[284, 62291, 27356, 60050, 87499, 96268, 96735, 17972, 108930, 30196]"
116993,"[8201, 70399, 109380, 28272, 96789, 70642, 74370, 46755, 67707, 90505]"
116994,"[45212, 106575, 53100, 13542, 78704, 45045, 7490, 2152, 61527, 76918]"
116995,"[109041, 24442, 48020, 47318, 2788, 46967, 34343, 42061, 84920, 81863]"
116996,"[42607, 2235, 108402, 21387, 94862, 12766, 59648, 64100, 9250, 19720]"
116997,"[62372, 1420, 1077, 97529, 95063, 79434, 62785, 30812, 30244, 31991]"
116998,"[18676, 65944, 106073, 55687, 81966, 42333, 42315, 24213, 44144, 11465]"
116999,"[28772, 90829, 37272, 40478, 69294, 10958, 82991, 30374, 100644, 84306]"
117000,"[55724, 49613, 5740, 48271, 8034, 101125, 10323, 23124, 61224, 66932]"
117001,"[68202, 18414, 106544, 8724, 54387, 29665, 101169, 37743, 89936, 10980]"
117002,"[57547, 54376, 88585, 9581, 2318, 76775, 87812, 101445, 7075, 92164]"
117003,"[58165, 24733, 58507, 87569, 58099, 9573, 5890, 18692, 52979, 58160]"
117004,"[8776, 74243, 76772, 92720, 6024, 66658, 108225, 100194, 82665, 40821]"
117005,"[61983, 34600, 2159, 88676, 89584, 101876, 2091, 41866, 42727, 78874]"
117006,"[54341, 36449, 33294, 77837, 22320, 29338, 40428, 78036, 7198, 103190]"
117007,"[46816, 10196, 56379, 14395, 105547, 52318, 8983, 30416, 45016, 20586]"
117008,"[10856, 102927, 43846, 93835, 94060, 36226, 69591, 60681, 89618, 38919]"
117009,"[7981, 41768, 31191, 54581, 36506, 21400, 74185, 64414, 46549, 41231]"
117010,"[51305, 78475, 103796, 85653, 109597, 51353, 45910, 89097, 65901, 86306]"
117011,"[29168, 101539, 63509, 94029, 57357, 59397, 6794, 77072, 44645, 61710]"
117012,"[32241, 73058, 72093, 68331, 44260, 62815, 76588, 103553, 81843, 53960]"
117013,"[5783, 55248, 47711, 63788, 11970, 69359, 28079, 70569, 29943, 67508]"
117014,"[5856, 43269, 30528, 28513, 81467, 45540, 57224, 87364, 81937, 49513]"
117015,"[2958, 60243, 71208, 78944, 2539, 87655, 36727, 89244, 18170, 31532]"
117016,"[101456, 75874, 106970, 78842, 12747, 34172, 21954, 24394, 96302, 108059]"
117017,"[58689, 16632, 92230, 108635, 58307, 46006, 16968, 6206, 20811, 89452]"
117018,"[37420, 55523, 70525, 96831, 34618, 47410, 18549, 42576, 99056, 104163]"
117019,"[80569, 41459, 69720, 71410, 51497, 20563, 93884, 12872, 19848, 78122]"
117020,"[77301, 57936, 43376, 33663, 46828, 14322, 90509, 87430, 36620, 96702]"
117021,"[52893, 69691, 50294, 69224, 58756, 44941, 108461, 12301, 27597, 20173]"
117022,"[47748, 98216, 58524, 105545, 53812, 98425, 38602, 56284, 33132, 103081]"
117023,"[9199, 86431, 61441, 5579, 84536, 36328, 106822, 52878, 47351, 91129]"
117024,"[67222, 76756, 9918, 38080, 87168, 2526, 97421, 49616, 96587, 103728]"
117025,"[94591, 22883, 19693, 77339, 95207, 97562, 74672, 106017, 107687, 25790]"
117026,"[44932, 50663, 82226, 61101, 7733, 51520, 24433, 79448, 49893, 23061]"
117027,"[46732, 69845, 80927, 21354, 29966, 2001, 85666, 102464, 101487, 98715]"
117028,"[82731, 94971, 42212, 75132, 33186, 64189, 97578, 81102, 11597, 33614]"
117029,"[77006, 92006, 13662, 37505, 47556, 9820, 92812, 26199, 87648, 25467]"
117030,"[29390, 83147, 75655, 30326, 15532, 66399, 36178, 85861, 95767, 76606]"
117031,"[84581, 107579, 95531, 103987, 78852, 92393, 73691, 21582, 59809, 45366]"
117032,"[72100, 52364, 26771, 87670, 57393, 37713, 34550, 109425, 60043, 73655]"
117033,"[47090, 107917, 6784, 77553, 33588, 28209, 83123, 109346, 58745, 48289]"
117034,"[29912, 9814, 89500, 15547, 38845, 286, 85791, 23370, 55940, 22050]"
117035,"[9933, 99292, 28290, 101787, 5941, 78911, 68456, 39920, 22801, 96891]"
117036,"[13059, 57026, 87591, 39663, 19988, 48983, 84379, 72616, 97985, 33444]"
117037,"[87097, 44461, 54569, 31121, 4887, 6219, 48971, 27624, 42604, 7229]"
117038,"[68898, 22451, 10214, 15358, 75174, 54000, 71062, 109555, 47661, 88781]"
117039,"[21679, 17698, 19848, 80153, 5313, 3941, 37533, 72325, 11018, 94460]"
117040,"[24631, 27080, 43784, 22978, 44155, 102819, 27845, 14601, 85195, 86226]"
117041,"[52016, 27069, 34295, 84112, 27384, 37679, 11389, 62067, 94780, 96829]"
117042,"[48562, 51461, 42600, 96747, 38179, 81816, 70027, 81327, 39076, 108834]"
117043,"[30599, 57570, 50833, 34422, 2671, 16745, 46578, 53202, 16278, 24380]"
117044,"[74802, 49843, 16265, 74848, 103455, 3506, 48715, 15168, 19250, 106273]"
117045,"[5538, 9790, 22032, 81189, 12486, 21133, 3561, 91423, 17163, 38956]"
117046,"[42852, 5962, 15691, 102236, 107665, 16412, 16755, 109487, 32391, 5215]"
117047,"[1995, 37468, 56319, 70018, 32403, 99448, 100334, 31058, 12450, 36393]"
117048,"[45878, 27977, 85743, 55939, 57243, 25578, 58834, 30422, 58780, 67547]"
117049,"[66944, 41970, 107538, 43388, 76841, 43146, 71262, 103223, 71496, 29230]"
117050,"[85501, 80146, 61351, 49283, 50174, 102559, 49782, 30681, 64735, 17614]"
117051,"[71179, 16658, 88008, 14856, 68535, 22745, 54380, 22568, 54258, 92402]"
117052,"[83643, 71291, 39939, 77947, 92519, 67251, 37913, 18575, 69323, 95454]"
117053,"[169, 47228, 91151, 109267, 85337, 53590, 39819, 31937, 11297, 30613]"
117054,"[88653, 17161, 21144, 92088, 79746, 50058, 75645, 109668, 53971, 95670]"
117055,"[51459, 40191, 54406, 72481, 61290, 40967, 78537, 3381, 40869, 33755]"
117056,"[18034, 93717, 14220, 74656, 75305, 15885, 7187, 3697, 58321, 4718]"
117057,"[75044, 69175, 71577, 104454, 50941, 101625, 67675, 54950, 38767, 51183]"
117058,"[65191, 80173, 92019, 35508, 45454, 13914, 29834, 30042, 15130, 34629]"
117059,"[18032, 40700, 64389, 87863, 99896, 73508, 102614, 75051, 64086, 86964]"
117060,"[61909, 52754, 83844, 87411, 36216, 59932, 68084, 36526, 69588, 47629]"
117061,"[8059, 101316, 49361, 27240, 80701, 55622, 78375, 21604, 101521, 6867]"
117062,"[37241, 105068, 432, 75726, 44589, 59147, 60211, 43104, 26906, 106331]"
117063,"[108563, 83993, 24372, 26627, 8402, 72759, 5572, 100932, 58491, 9203]"
117064,"[27370, 37974, 107762, 63367, 78391, 90812, 35149, 7745, 79347, 27278]"
117065,"[11451, 96404, 11291, 2008, 56925, 100503, 75712, 60308, 47461, 92327]"
117066,"[62989, 9429, 10398, 32349, 107406, 2476, 104809, 95920, 37103, 71488]"
117067,"[109703, 7692, 106885, 10959, 17694, 9256, 6418, 94284, 221, 58071]"
117068,"[66231, 70201, 75850, 92260, 62629, 93022, 16976, 33519, 31865, 10903]"
117069,"[60096, 70177, 20870, 108352, 49048, 79356, 5302, 66269, 98935, 73069]"
117070,"[70343, 95150, 94895, 62880, 31508, 67606, 45676, 25083, 67901, 91141]"
117071,"[15987, 131, 91350, 103632, 37778, 12812, 10956, 80686, 36802, 67694]"
117072,"[56532, 78533, 89966, 33300, 47056, 50495, 31908, 21295, 14914, 76251]"
117073,"[73273, 48840, 59383, 33476, 79830, 104652, 9018, 99129, 39205, 101977]"
117074,"[64247, 95170, 88431, 84012, 59930, 59738, 32685, 108527, 107205, 75568]"
117075,"[11997, 24056, 15131, 96045, 26480, 5747, 51889, 10323, 99303, 82576]"
117076,"[28929, 23679, 81308, 44862, 98058, 22147, 21716, 34097, 68988, 107455]"
117077,"[66916, 29997, 71966, 75477, 87658, 98462, 27440, 5976, 104690, 82507]"
117078,"[2300, 55425, 23078, 34166, 24903, 59804, 75859, 99263, 91570, 71477]"
117079,"[22346, 52487, 58005, 93661, 81356, 20015, 104874, 12756, 44024, 51920]"
117080,"[37848, 21991, 107469, 94353, 66171, 67905, 11049, 101700, 103460, 38787]"
117081,"[96112, 36053, 33779, 67460, 87469, 96032, 35401, 54282, 56964, 7234]"
117082,"[58302, 109585, 38526, 15393, 17896, 96755, 40562, 64320, 53664, 97903]"
117083,"[21864, 105891, 33303, 69664, 51789, 81708, 81445, 44648, 70358, 87365]"
117084,"[66997, 64667, 35485, 88778, 56359, 31125, 82101, 14929, 16427, 109026]"
117085,"[11030, 72086, 84950, 23330, 59420, 99306, 24252, 93730, 90493, 98444]"
117086,"[28261, 8674, 91458, 99527, 25319, 19449, 21692, 46367, 47500, 58520]"
117087,"[65880, 77255, 4741, 65028, 97401, 34034, 2721, 65279, 29287, 93500]"
117088,"[15310, 3133, 64334, 67827, 48539, 16757, 103101, 50896, 56895, 39392]"
117089,"[60138, 106426, 83116, 28828, 87621, 10741, 84237, 62633, 64650, 89817]"
117090,"[41954, 15299, 89604, 91394, 359, 61446, 65648, 22840, 78957, 51873]"
117091,"[62842, 77487, 32082, 9482, 96869, 100461, 43756, 28787, 96859, 17965]"
117092,"[94722, 80346, 103023, 36737, 38106, 90209, 75049, 20164, 34075, 85785]"
117093,"[64294, 67462, 7428, 13847, 89365, 64453, 76353, 21448, 31862, 64027]"
117094,"[52012, 42808, 777, 18250, 7873, 34760, 24880, 34768, 84919, 6178]"
117095,"[13001, 67887, 58839, 49532, 60704, 101987, 28977, 89459, 32927, 107534]"
117096,"[48600, 69333, 42390, 50952, 107260, 3698, 29241, 64169, 5811, 52755]"
117097,"[69781, 94500, 109221, 64174, 91011, 69293, 86724, 66594, 86121, 12264]"
117098,"[94978, 79836, 21928, 77994, 94478, 28239, 59220, 76397, 65634, 27551]"
117099,"[90734, 87973, 30279, 59600, 61758, 79403, 83655, 21493, 70336, 30674]"
117100,"[91116, 92088, 97231, 19805, 2118, 88854, 28200, 57543, 42280, 24059]"
117101,"[34591, 56726, 19242, 90741, 93195, 22326, 62051, 31923, 35769, 24633]"
117102,"[77072, 2501, 17222, 104156, 59397, 63509, 49396, 50466, 37928, 103381]"
117103,"[45010, 46686, 61511, 30043, 57689, 97762, 6596, 89282, 7712, 103711]"
117104,"[47859, 74087, 59667, 87072, 3922, 73220, 53348, 96127, 9405, 98601]"
117105,"[2477, 67964, 19871, 33008, 79725, 79735, 86133, 1476, 82271, 50508]"
117106,"[100911, 54754, 26504, 61615, 94588, 56495, 76492, 76438, 104434, 68645]"
117107,"[7285, 30641, 9417, 75515, 66674, 2251, 19651, 93423, 103589, 80866]"
117108,"[60220, 101069, 39387, 53974, 84325, 62927, 23118, 51616, 87183, 73095]"
117109,"[75545, 12736, 33087, 81563, 62470, 4990, 63338, 109710, 98925, 108648]"
117110,"[23660, 65384, 50721, 102920, 11156, 40238, 24806, 55267, 64460, 36707]"
117111,"[22457, 84291, 52850, 92607, 109162, 24201, 108633, 32637, 18043, 24760]"
117112,"[76244, 82514, 92356, 14102, 75327, 15965, 58243, 51745, 6734, 104670]"
117113,"[55653, 50383, 74597, 62611, 28121, 78447, 10921, 25455, 31378, 65295]"
117114,"[108132, 93502, 55250, 68025, 4357, 48829, 94481, 33181, 43073, 74757]"
117115,"[100939, 4486, 21021, 8715, 50601, 1336, 101295, 100070, 29154, 34111]"
117116,"[12329, 35492, 20416, 108128, 13899, 52885, 65982, 21475, 69375, 61928]"
117117,"[71314, 95884, 28933, 76867, 100781, 13583, 5874, 68815, 43573, 9893]"
117118,"[84113, 101802, 9105, 95962, 92633, 58210, 2591, 48693, 92816, 95609]"
117119,"[83115, 45849, 64750, 104095, 34967, 20991, 11226, 41295, 23183, 35287]"
117120,"[11836, 108148, 87094, 10276, 34051, 102320, 14668, 35329, 98534, 30637]"
117121,"[74392, 86977, 104990, 22824, 99128, 8908, 57938, 50969, 52718, 104527]"
117122,"[16791, 85783, 105917, 52489, 20896, 60129, 80225, 18429, 26027, 10812]"
117123,"[21292, 88356, 12653, 6817, 17411, 5422, 13701, 74554, 60186, 67145]"
117124,"[103507, 5480, 59992, 89021, 75424, 11071, 24835, 101467, 10673, 37794]"
117125,"[1369, 29151, 2845, 57347, 35894, 28645, 44745, 75145, 23444, 18047]"
117126,"[4368, 21100, 15469, 9899, 57637, 93275, 47923, 83332, 72503, 58539]"
117127,"[29711, 21561, 91095, 46082, 40976, 28755, 100106, 59860, 15551, 38386]"
117128,"[7903, 98257, 78502, 81581, 27082, 62047, 89695, 95114, 93555, 104674]"
117129,"[3074, 22624, 16021, 83961, 57133, 87554, 45930, 22127, 62962, 86102]"
117130,"[25755, 84724, 52399, 88300, 94834, 32194, 62954, 502, 81204, 35686]"
117131,"[103492, 53112, 94963, 41910, 82499, 45902, 33341, 107066, 5782, 96825]"
117132,"[49753, 86374, 41051, 59639, 99158, 18902, 85692, 65479, 83962, 34014]"
117133,"[72828, 19560, 99610, 97971, 30588, 74984, 96297, 100916, 7994, 75020]"
117134,"[88873, 50219, 48741, 109114, 10999, 46216, 68769, 46430, 30726, 83443]"
117135,"[58656, 3490, 30072, 74236, 41343, 49998, 29796, 105375, 33904, 34427]"
117136,"[64912, 20154, 25724, 22913, 30453, 76299, 4614, 17804, 23752, 105499]"
117137,"[95216, 43288, 37055, 106198, 70146, 58349, 19587, 80245, 51807, 25179]"
117138,"[95209, 13372, 99189, 107027, 87465, 69535, 19090, 103573, 87789, 67984]"
117139,"[75, 94819, 63937, 44738, 63056, 27410, 44601, 103541, 92527, 63914]"
117140,"[89637, 18372, 11773, 60119, 98088, 79200, 21045, 36099, 15904, 49631]"
117141,"[38807, 106397, 67988, 8726, 61668, 41850, 69443, 88683, 9574, 6328]"
117142,"[3532, 24653, 23391, 47298, 63778, 28898, 70109, 64074, 14683, 106693]"
117143,"[68653, 71694, 100934, 79355, 78154, 916, 95789, 95953, 65913, 2581]"
117144,"[63460, 90303, 11306, 29021, 106941, 19737, 49909, 14808, 72091, 47743]"
117145,"[38694, 101443, 41734, 21278, 81511, 57706, 31536, 35571, 80128, 82616]"
117146,"[46166, 90196, 23154, 68599, 60023, 61636, 63438, 100455, 85076, 56990]"
117147,"[64629, 58044, 55310, 82157, 5484, 84768, 83146, 109033, 6191, 41507]"
117148,"[85055, 37486, 84756, 65635, 107107, 61673, 44284, 49682, 97203, 90464]"
117149,"[15827, 48804, 7797, 63161, 48236, 30119, 33223, 16054, 44499, 71896]"
117150,"[631, 92856, 74499, 8775, 92876, 94081, 96972, 103274, 22797, 92684]"
117151,"[18058, 27198, 41657, 69099, 22535, 27259, 97748, 58755, 2876, 84052]"
117152,"[49278, 30145, 42970, 35333, 94270, 16297, 50042, 103726, 44386, 36157]"
117153,"[93426, 6147, 43072, 31132, 67466, 4534, 45798, 39360, 18411, 78843]"
117154,"[86827, 85723, 44866, 58548, 8893, 27002, 55831, 34630, 77188, 35150]"
117155,"[63161, 7797, 71896, 87197, 95826, 58227, 13309, 89357, 104651, 71257]"
117156,"[66374, 6992, 26731, 53283, 59636, 77520, 61585, 13764, 28234, 29906]"
117157,"[18987, 43682, 39706, 107543, 11105, 99363, 17102, 107648, 42616, 78577]"
117158,"[33868, 79535, 91558, 23739, 94516, 4755, 48048, 51947, 73775, 53262]"
117159,"[93517, 55241, 82655, 86461, 31229, 19593, 62267, 54063, 48510, 57408]"
117160,"[30476, 43477, 72671, 87282, 60934, 27866, 65066, 9777, 18345, 85580]"
117161,"[7995, 44485, 81978, 23505, 24129, 12195, 58819, 76706, 96880, 6382]"
117162,"[7144, 15760, 74087, 59667, 2613, 46408, 76952, 74991, 10323, 32577]"
117163,"[2123, 96699, 86552, 34253, 90597, 10970, 82873, 88317, 61034, 93291]"
117164,"[71608, 41560, 82699, 8065, 30962, 103393, 24161, 34212, 48889, 53394]"
117165,"[7296, 74686, 49053, 31411, 24943, 11596, 23637, 80046, 17229, 102327]"
117166,"[61424, 49665, 5288, 79297, 45232, 56156, 36243, 100047, 10558, 4939]"
117167,"[92407, 57385, 7057, 46914, 77702, 43533, 39280, 100415, 46844, 4921]"
117168,"[41335, 9937, 4022, 37432, 86600, 97089, 4053, 74712, 2831, 93181]"
117169,"[19478, 44541, 81551, 5174, 97088, 66152, 20675, 79021, 20562, 55916]"
117170,"[62701, 62207, 109511, 52572, 9194, 31261, 17886, 11299, 32060, 91360]"
117171,"[109739, 79203, 12467, 51024, 10459, 107332, 79562, 72272, 22985, 26894]"
117172,"[62158, 48025, 24398, 88203, 35840, 36629, 33220, 62480, 84528, 16551]"
117173,"[93194, 15817, 16780, 97102, 13214, 42366, 79531, 52906, 41680, 30670]"
117174,"[51638, 101503, 53368, 79582, 23366, 70896, 51942, 76762, 46330, 10751]"
117175,"[32140, 20749, 23090, 67303, 76772, 32053, 49561, 9217, 48015, 79683]"
117176,"[42955, 12913, 63730, 9953, 19519, 22954, 48191, 95164, 87339, 18745]"
117177,"[85697, 68228, 31183, 10753, 104498, 2886, 101564, 68892, 768, 13009]"
117178,"[41993, 37076, 35783, 1221, 71576, 85199, 66755, 17464, 59426, 50156]"
117179,"[95558, 12038, 77199, 76053, 107997, 97513, 6921, 20905, 22127, 92784]"
117180,"[107470, 84660, 73420, 28001, 4397, 13057, 19459, 19361, 43375, 3034]"
117181,"[36081, 26553, 56606, 53860, 27390, 37294, 91010, 65666, 7485, 20656]"
117182,"[44655, 53258, 12947, 66692, 3377, 28279, 5075, 73645, 36163, 63382]"
117183,"[98495, 90511, 14087, 5667, 37196, 14868, 9469, 96431, 64196, 83112]"
117184,"[33410, 72433, 96690, 85817, 67313, 40075, 101805, 98824, 14669, 16711]"
117185,"[39, 41556, 39503, 107643, 75844, 50870, 51920, 67060, 41007, 57579]"
117186,"[57651, 76847, 43510, 91201, 58278, 11965, 45730, 83313, 69805, 104160]"
117187,"[1042, 76062, 62982, 84144, 48273, 48843, 91944, 49997, 59393, 31441]"
117188,"[68453, 29601, 80964, 66185, 76873, 28946, 30906, 99840, 25621, 768]"
117189,"[33596, 29670, 78713, 91188, 8140, 33802, 63474, 93065, 101830, 47650]"
117190,"[56469, 106531, 64544, 14033, 100318, 48087, 51335, 44976, 20086, 39716]"
117191,"[9932, 108158, 5558, 81185, 74791, 43176, 104119, 27691, 109128, 64760]"
117192,"[30261, 419, 9584, 50363, 5448, 98326, 87110, 8540, 90098, 107268]"
117193,"[9802, 80359, 32962, 72908, 7458, 8979, 93066, 64258, 80392, 31883]"
117194,"[80788, 49263, 75515, 65935, 19651, 82416, 104279, 100439, 86385, 80069]"
117195,"[19198, 40125, 27369, 12141, 69867, 97205, 70639, 35198, 99151, 101728]"
117196,"[101110, 87863, 35496, 14671, 91898, 40700, 48928, 72200, 109419, 95112]"
117197,"[62734, 76106, 33537, 96689, 20918, 95429, 27589, 38322, 31418, 40886]"
117198,"[5129, 9749, 19778, 7475, 15917, 87496, 93024, 3162, 11280, 33312]"
117199,"[32680, 52415, 107104, 106363, 58992, 69696, 39247, 35281, 44052, 108772]"
117200,"[48066, 77010, 18602, 35642, 88944, 33970, 30898, 31770, 26312, 57686]"
117201,"[52949, 31060, 62857, 77319, 62227, 98770, 56935, 51370, 5445, 32404]"
117202,"[93655, 25630, 23119, 55457, 64158, 67684, 39716, 42485, 54582, 79500]"
117203,"[92416, 95673, 99798, 61496, 21915, 59996, 101127, 4750, 47082, 88180]"
117204,"[85071, 11498, 89967, 92038, 69451, 108739, 48040, 80182, 96291, 33169]"
117205,"[109114, 77840, 46216, 2912, 67598, 34643, 68476, 50219, 65078, 10999]"
117206,"[13504, 107740, 92903, 93814, 10711, 94643, 79005, 61491, 23674, 95979]"
117207,"[80333, 90849, 54659, 67218, 51746, 29731, 79519, 33560, 62209, 91972]"
117208,"[89662, 26797, 1819, 45919, 4899, 88681, 78294, 49137, 97278, 19280]"
117209,"[8177, 24559, 83248, 79431, 106693, 64074, 59556, 42183, 89187, 14371]"
117210,"[72826, 90894, 36747, 72764, 12745, 34964, 15944, 63079, 18512, 104995]"
117211,"[106555, 106861, 99463, 73509, 15294, 31164, 52057, 39845, 41351, 97735]"
117212,"[67853, 3536, 67475, 70535, 246, 9183, 39735, 43163, 19890, 20126]"
117213,"[19027, 103704, 70346, 7426, 46193, 76391, 39844, 18467, 78493, 96196]"
117214,"[3573, 87573, 77802, 56368, 43696, 35195, 13638, 25274, 102758, 76496]"
117215,"[32960, 64455, 4134, 699, 80570, 109326, 59696, 5634, 66154, 108171]"
117216,"[61882, 51060, 28367, 23664, 98314, 61457, 57221, 43512, 27734, 24847]"
117217,"[35944, 91269, 7257, 48136, 35000, 70846, 83644, 93396, 11604, 13665]"
117218,"[3083, 12881, 66837, 8118, 84929, 76061, 96031, 84063, 38641, 73363]"
117219,"[67486, 6599, 4531, 51261, 74295, 90137, 90153, 29399, 81801, 83159]"
117220,"[70809, 80538, 84110, 62759, 18498, 75631, 49034, 109651, 40776, 67239]"
117221,"[55933, 27269, 2247, 35185, 67025, 47139, 3943, 34744, 109451, 70404]"
117222,"[22170, 73381, 38376, 26361, 74764, 57582, 9755, 53068, 44005, 54603]"
117223,"[24166, 20223, 98307, 99740, 92948, 57790, 43228, 965, 94650, 81663]"
117224,"[67326, 13519, 89664, 3077, 99914, 57293, 5384, 7555, 80277, 98582]"
117225,"[40722, 13375, 38314, 82420, 17144, 29359, 54085, 28300, 62751, 78525]"
117226,"[96809, 89296, 63536, 29850, 23619, 94171, 66467, 2725, 26217, 31636]"
117227,"[79079, 86291, 76369, 11661, 95757, 15415, 13280, 98466, 4645, 35381]"
117228,"[68711, 8206, 105211, 27540, 61273, 15446, 93456, 19984, 11882, 75699]"
117229,"[46723, 36064, 77060, 56044, 100961, 65137, 49676, 78065, 35937, 76393]"
117230,"[68517, 90274, 60573, 89191, 71580, 69532, 45976, 12644, 80689, 74325]"
117231,"[25747, 51950, 24036, 7329, 41548, 52202, 28724, 26156, 83226, 39744]"
117232,"[85793, 56029, 44227, 62544, 2236, 28053, 49293, 81960, 73763, 6585]"
117233,"[37853, 94269, 8903, 21375, 21981, 82328, 36860, 107009, 49759, 86297]"
117234,"[86512, 68296, 104878, 62665, 51934, 49118, 12898, 24775, 83333, 106595]"
117235,"[32547, 109744, 60653, 106107, 23695, 39101, 87758, 38327, 26397, 6792]"
117236,"[45139, 74013, 18371, 102423, 81249, 27014, 94823, 32112, 53377, 62314]"
117237,"[69941, 86071, 104542, 54696, 54528, 64521, 66775, 22064, 76855, 68797]"
117238,"[73502, 44250, 53924, 62691, 76898, 103692, 58761, 69847, 98513, 26229]"
117239,"[37912, 3264, 91472, 58036, 92602, 40322, 71715, 75029, 33826, 81036]"
117240,"[5958, 95225, 48976, 44414, 101407, 101179, 4216, 69381, 29153, 19554]"
117241,"[74381, 35947, 8197, 95834, 68411, 22818, 22365, 65912, 17779, 37471]"
117242,"[20535, 75451, 64322, 24370, 70621, 104983, 54386, 103525, 10201, 95194]"
117243,"[59590, 89652, 31757, 1093, 4418, 77119, 2238, 55215, 61242, 24743]"
117244,"[40732, 32587, 56550, 46510, 16826, 1270, 7011, 13112, 52102, 53664]"
117245,"[61001, 14627, 105923, 21230, 79446, 17374, 107581, 51906, 42819, 64672]"
117246,"[85911, 14434, 44643, 38037, 33961, 57872, 43420, 46445, 106372, 78956]"
117247,"[41809, 56091, 35387, 31078, 9966, 56701, 18007, 78662, 41618, 10959]"
117248,"[6120, 93192, 21025, 1351, 46202, 48508, 75350, 69312, 44843, 40701]"
117249,"[66808, 101357, 93263, 67808, 63798, 33021, 32373, 17413, 87794, 32183]"
117250,"[72147, 76590, 28642, 88933, 77205, 2367, 109349, 39386, 49318, 54751]"
117251,"[88042, 35950, 38415, 68440, 50065, 28576, 28417, 81711, 109729, 29527]"
117252,"[67792, 32916, 1116, 93980, 14149, 85391, 47668, 14103, 84310, 5941]"
117253,"[61862, 64109, 83014, 49481, 19782, 2936, 107630, 77431, 16214, 25964]"
117254,"[63388, 48886, 106762, 85527, 63991, 11167, 105679, 67339, 79048, 48121]"
117255,"[102246, 33521, 43509, 1670, 29480, 21365, 53052, 103863, 53232, 32991]"
117256,"[15015, 13037, 61013, 101373, 27802, 100817, 11448, 41447, 39030, 103044]"
117257,"[55950, 4914, 63294, 99308, 82781, 81997, 38710, 98790, 63286, 67101]"
117258,"[74436, 99461, 95485, 47057, 62406, 77000, 81528, 72585, 53888, 23439]"
117259,"[33593, 105130, 26259, 2945, 102595, 34896, 39089, 32036, 44878, 104794]"
117260,"[24042, 8949, 36131, 84544, 42577, 15243, 33745, 43670, 14345, 12687]"
117261,"[83257, 89081, 102949, 30175, 35774, 44580, 55573, 13913, 19206, 39999]"
117262,"[17392, 82741, 37662, 36479, 29874, 23277, 57788, 50568, 47828, 364]"
117263,"[15363, 4662, 5684, 106018, 50050, 53838, 50500, 23655, 73336, 36846]"
117264,"[47136, 73540, 9270, 42481, 15985, 58178, 7321, 43523, 11588, 46133]"
117265,"[103418, 47728, 61735, 28071, 87144, 4764, 86660, 24401, 66212, 21118]"
117266,"[20278, 10026, 16142, 92747, 98220, 43584, 104158, 97083, 81569, 41426]"
117267,"[13730, 33769, 91246, 61009, 109057, 83734, 46960, 70752, 23105, 4314]"
117268,"[10342, 45942, 67697, 99409, 46328, 814, 75579, 54772, 59311, 37919]"
117269,"[81995, 107758, 103229, 1208, 108700, 108265, 109146, 71255, 84024, 78886]"
117270,"[79111, 56463, 68792, 96133, 18499, 48368, 84884, 30739, 38074, 39328]"
117271,"[73105, 72936, 5720, 74084, 33505, 102872, 102249, 5714, 10640, 74728]"
117272,"[27636, 82951, 109160, 56838, 93050, 92045, 26486, 30937, 63114, 37956]"
117273,"[72839, 68631, 1624, 660, 106517, 8442, 90471, 39655, 107, 53047]"
117274,"[58420, 104953, 75604, 97924, 85221, 44108, 97986, 48660, 10378, 9111]"
117275,"[57908, 59831, 22976, 33934, 43307, 106015, 29897, 83753, 88805, 19792]"
117276,"[73338, 74355, 47959, 6144, 63517, 94065, 742, 8135, 15070, 29347]"
117277,"[95019, 96429, 2841, 108996, 32955, 22949, 103682, 92441, 99327, 84287]"
117278,"[68766, 38730, 12551, 14985, 48094, 29235, 39202, 57907, 34689, 11119]"
117279,"[105140, 47111, 38631, 70462, 6385, 1792, 45660, 82935, 96761, 19092]"
117280,"[65116, 72968, 8948, 108526, 5523, 85838, 1629, 13523, 103782, 636]"
117281,"[32563, 31079, 7799, 88519, 55492, 48788, 83344, 489, 60692, 77295]"
117282,"[36891, 33761, 24698, 85013, 227, 45608, 70464, 99209, 80575, 22230]"
117283,"[96503, 93965, 79843, 19441, 108973, 109357, 102631, 82100, 102315, 10542]"
117284,"[84764, 1228, 95104, 90418, 54535, 36668, 40812, 19867, 57094, 18627]"
117285,"[82882, 68425, 45067, 46094, 108826, 68002, 4085, 76435, 69402, 36207]"
117286,"[64078, 85955, 43094, 53392, 23595, 87529, 51363, 4679, 74984, 71402]"
117287,"[50399, 63528, 69988, 31114, 36831, 72180, 41234, 20009, 9681, 24868]"
117288,"[78729, 101956, 77804, 88493, 63002, 30520, 69386, 62345, 22717, 80665]"
117289,"[35997, 87963, 74101, 21293, 100456, 49191, 60370, 6502, 98173, 65233]"
117290,"[38078, 15169, 85896, 106589, 19845, 41451, 67478, 16502, 41733, 69828]"
117291,"[8680, 92237, 96336, 81440, 27702, 81794, 21108, 30773, 94484, 37747]"
117292,"[108102, 48479, 32027, 80281, 85511, 105608, 12255, 106089, 52241, 64579]"
117293,"[55922, 96012, 21041, 12575, 16296, 82100, 10542, 35054, 66417, 96503]"
117294,"[30839, 42511, 67705, 22253, 14052, 84439, 24065, 65021, 32108, 104366]"
117295,"[20085, 22500, 32067, 47302, 39388, 83933, 101969, 65554, 106086, 615]"
117296,"[74454, 102816, 41513, 71713, 91011, 94500, 102163, 96797, 51808, 47402]"
117297,"[69576, 57153, 108553, 13844, 26851, 88244, 100733, 76476, 11273, 109746]"
117298,"[868, 10656, 44996, 40548, 31662, 29143, 30637, 45943, 102792, 14182]"
117299,"[36961, 82448, 78186, 53770, 11518, 95069, 26185, 76125, 59747, 40092]"
117300,"[23433, 36419, 90620, 68272, 43225, 60710, 96375, 50712, 85960, 26189]"
117301,"[60654, 47267, 47337, 79267, 82282, 51325, 47682, 105302, 101939, 42592]"
117302,"[80350, 19061, 86500, 94432, 60201, 51757, 106885, 20678, 16916, 53269]"
117303,"[21660, 65690, 96698, 32889, 26785, 74432, 10766, 26119, 32519, 45665]"
117304,"[27111, 63609, 22028, 24038, 28294, 10241, 40998, 67504, 39577, 65082]"
117305,"[6613, 19877, 56401, 34571, 34021, 50265, 18874, 81358, 75995, 46363]"
117306,"[75784, 47563, 76517, 41529, 90596, 61923, 3669, 93737, 35837, 33697]"
117307,"[66079, 92785, 2228, 99241, 65001, 23296, 8068, 85043, 64370, 100045]"
117308,"[65173, 78836, 102388, 22794, 67223, 45149, 12371, 100799, 49337, 14172]"
117309,"[6426, 12359, 37222, 7821, 47950, 75289, 91340, 59464, 81948, 5516]"
117310,"[25703, 20710, 16305, 46894, 54025, 49899, 59933, 92376, 20063, 44940]"
117311,"[91675, 99001, 62914, 17289, 10201, 48618, 102513, 104610, 333, 80099]"
117312,"[32249, 105725, 26919, 70066, 2032, 108469, 4043, 63834, 78161, 99969]"
117313,"[5813, 63140, 87699, 29066, 1145, 89036, 87173, 37789, 23459, 8333]"
117314,"[64003, 73774, 47249, 76324, 57543, 69865, 105775, 1668, 59519, 33078]"
117315,"[28108, 31646, 105330, 108667, 58646, 58862, 105228, 72456, 48627, 20671]"
117316,"[55689, 62586, 26779, 7781, 94072, 106960, 75077, 59268, 21984, 20595]"
117317,"[28576, 34025, 105437, 32570, 81776, 78060, 43857, 109729, 33455, 5471]"
117318,"[24205, 99895, 78117, 54317, 60866, 46591, 48876, 46334, 53921, 87054]"
117319,"[50916, 6290, 51062, 105955, 90470, 65996, 45975, 27227, 24444, 37384]"
117320,"[73579, 54177, 45287, 90048, 55865, 8864, 25414, 107390, 9263, 87337]"
117321,"[55407, 37771, 37227, 101827, 15673, 31404, 81482, 108274, 106912, 97730]"
117322,"[29141, 95464, 95730, 22848, 53757, 100303, 37444, 38757, 25247, 32166]"
117323,"[37341, 15176, 92939, 109037, 67250, 56672, 11054, 7518, 72647, 3694]"
117324,"[55308, 5643, 88122, 213, 54269, 93767, 8551, 62321, 55396, 31587]"
117325,"[20733, 100620, 36277, 20656, 87542, 23668, 16886, 8516, 108542, 34118]"
117326,"[20269, 48317, 2946, 90695, 192, 60445, 22757, 78693, 98768, 4300]"
117327,"[56180, 62560, 53583, 19218, 89384, 7169, 8334, 101353, 79444, 17264]"
117328,"[67500, 86825, 41894, 21314, 66726, 47272, 107437, 46024, 49240, 54947]"
117329,"[100488, 108628, 44329, 39001, 109157, 78453, 39032, 71695, 81472, 42007]"
117330,"[39296, 28919, 80038, 70737, 41655, 88044, 99748, 66952, 86648, 63203]"
117331,"[35176, 34920, 108708, 97481, 36854, 41493, 15414, 39170, 87911, 77489]"
117332,"[35355, 21323, 18921, 45407, 96251, 78638, 51572, 74239, 90398, 47685]"
117333,"[9583, 60929, 71435, 60771, 22556, 34068, 5860, 71424, 41553, 69702]"
117334,"[40105, 69596, 86347, 109199, 17809, 100270, 71131, 3743, 107089, 63135]"
117335,"[86897, 3179, 76062, 10554, 96083, 26339, 1042, 18279, 94800, 51297]"
117336,"[18525, 62819, 92640, 73269, 68665, 35887, 33827, 102021, 99528, 16809]"
117337,"[18994, 4435, 67813, 14024, 43875, 46632, 64811, 104807, 96475, 20481]"
117338,"[62125, 108185, 35347, 5355, 715, 36832, 92214, 105023, 3856, 57587]"
117339,"[28430, 83823, 44859, 66600, 55631, 76660, 15580, 33032, 109544, 93202]"
117340,"[92183, 10651, 89579, 70429, 79253, 10994, 43537, 78388, 62385, 63949]"
117341,"[97836, 6313, 61952, 38638, 40772, 35827, 24151, 97741, 59110, 3334]"
117342,"[38896, 107777, 60692, 102329, 66770, 79702, 51393, 9286, 79793, 95714]"
117343,"[103172, 75224, 13767, 15387, 40457, 42308, 13489, 56904, 57329, 39375]"
117344,"[75088, 52340, 21033, 71676, 93550, 11361, 64788, 44634, 35292, 94923]"
117345,"[14524, 57752, 6987, 67238, 99894, 88663, 42031, 20763, 69354, 95529]"
117346,"[108090, 50880, 91238, 46169, 32488, 78845, 50140, 85307, 87129, 67148]"
117347,"[81998, 7590, 74601, 78012, 47526, 39376, 19863, 7968, 20341, 103273]"
117348,"[95415, 27272, 29752, 67585, 55886, 12763, 10526, 16042, 108478, 43110]"
117349,"[93414, 26675, 21290, 1253, 55077, 100715, 67911, 82905, 24660, 92251]"
117350,"[79788, 4750, 47082, 104042, 107143, 96140, 92416, 92002, 61097, 62967]"
117351,"[31206, 77660, 103459, 106668, 13252, 108504, 63408, 36832, 59897, 92214]"
117352,"[42120, 83104, 50153, 40842, 44060, 66008, 41968, 19077, 85953, 66136]"
117353,"[84944, 49962, 59926, 99872, 74258, 81742, 41751, 87116, 68346, 47849]"
117354,"[69263, 88028, 37293, 11812, 32198, 53173, 96075, 109410, 12714, 73443]"
117355,"[109361, 85242, 75651, 41428, 20616, 84375, 27504, 87675, 22703, 19761]"
117356,"[66440, 19034, 27079, 62783, 41670, 23261, 84482, 69501, 7940, 6424]"
117357,"[39671, 21026, 36175, 77536, 50622, 60590, 59281, 28689, 53497, 47029]"
117358,"[17992, 8482, 11392, 53105, 38647, 22521, 34629, 15130, 57782, 89720]"
117359,"[13653, 50324, 95532, 32405, 105288, 50409, 22145, 100571, 86663, 52267]"
117360,"[17337, 27317, 89948, 85046, 53905, 78771, 80129, 22705, 6447, 72575]"
117361,"[90721, 73545, 27793, 54, 78499, 18244, 51404, 6504, 43148, 22145]"
117362,"[102891, 27269, 109145, 100657, 103990, 103951, 48896, 79391, 2712, 77327]"
117363,"[34590, 24868, 20078, 49568, 10230, 9681, 63489, 58319, 64111, 103402]"
117364,"[72968, 68824, 27294, 1629, 50891, 56762, 13530, 57527, 106588, 85057]"
117365,"[9120, 28, 72800, 87352, 103861, 14045, 19736, 1844, 637, 53328]"
117366,"[64968, 81511, 27679, 64178, 79750, 46127, 101443, 16701, 41734, 98773]"
117367,"[107075, 33067, 5801, 52887, 34835, 37442, 74921, 14764, 69812, 73271]"
117368,"[23908, 78539, 76812, 32909, 76622, 13688, 22298, 17627, 14750, 31113]"
117369,"[11631, 92225, 35330, 109525, 71427, 92485, 69757, 24007, 70508, 61270]"
117370,"[50963, 44557, 10836, 37300, 85350, 102574, 97995, 52476, 30598, 41604]"
117371,"[92569, 13061, 508, 97050, 77509, 74998, 103615, 33174, 40380, 80284]"
117372,"[84946, 15639, 93299, 74607, 13412, 20940, 61576, 7260, 5952, 30565]"
117373,"[68456, 33574, 59170, 61433, 78811, 73696, 100029, 89040, 5659, 28646]"
117374,"[64239, 50659, 39294, 28553, 33171, 11398, 51191, 76349, 50964, 80338]"
117375,"[31567, 42685, 86172, 59791, 37450, 42069, 62501, 44993, 5926, 83939]"
117376,"[54346, 32432, 103472, 107702, 11192, 89295, 87874, 60570, 37871, 109738]"
117377,"[37010, 60937, 23732, 43706, 72257, 86283, 6277, 95570, 6834, 33879]"
117378,"[62443, 54461, 38163, 2626, 28920, 81346, 104121, 72988, 99993, 53183]"
117379,"[60728, 41911, 101622, 102787, 45307, 37479, 13403, 56957, 50027, 12812]"
117380,"[66675, 31013, 71869, 65829, 103652, 58701, 56447, 13665, 35944, 48251]"
117381,"[19258, 52949, 98770, 56935, 5445, 31060, 32404, 62227, 1264, 108117]"
117382,"[98082, 69300, 72089, 7421, 58388, 51517, 32262, 96889, 65914, 55633]"
117383,"[59318, 14584, 54220, 87577, 16649, 24705, 65617, 65458, 8625, 22893]"
117384,"[37406, 31838, 108304, 21836, 109252, 49926, 18443, 89733, 75991, 54785]"
117385,"[17383, 248, 99593, 30009, 79154, 2911, 827, 15036, 94617, 90537]"
117386,"[69226, 108442, 42767, 36061, 39540, 55497, 81290, 52382, 2662, 51313]"
117387,"[39018, 8764, 106296, 60414, 27248, 63276, 93202, 24790, 67135, 52408]"
117388,"[71528, 47286, 79745, 91875, 73592, 57709, 10197, 49411, 35212, 77853]"
117389,"[71293, 18120, 5280, 69912, 53067, 74959, 14926, 73119, 85591, 79858]"
117390,"[38038, 5075, 64027, 17443, 12947, 66692, 62859, 89458, 64294, 67462]"
117391,"[68291, 35773, 28582, 59456, 64588, 66466, 45903, 7624, 28905, 58270]"
117392,"[81744, 106715, 4442, 105243, 18908, 82545, 19837, 43766, 45858, 17913]"
117393,"[108028, 56303, 87488, 6806, 73826, 95573, 107236, 88629, 25203, 52561]"
117394,"[67989, 7689, 42931, 14420, 107184, 11742, 5310, 103657, 97933, 27963]"
117395,"[84247, 14582, 43393, 84761, 70405, 103322, 22541, 98660, 91564, 22799]"
117396,"[33394, 56091, 88232, 24924, 3464, 35387, 78662, 37887, 26572, 36841]"
117397,"[105501, 78274, 13011, 37937, 62707, 103302, 50605, 11907, 69094, 52189]"
117398,"[61895, 21549, 12925, 7423, 71000, 67911, 54136, 39425, 2569, 100715]"
117399,"[5697, 40220, 28956, 11959, 35799, 56009, 83075, 10607, 20846, 1080]"
117400,"[100355, 56235, 81941, 17311, 23212, 35891, 78538, 26517, 55337, 91030]"
117401,"[76691, 51987, 70322, 62675, 21580, 1864, 77436, 65692, 3043, 74108]"
117402,"[63283, 39075, 2110, 90912, 91029, 9951, 33929, 40032, 76351, 49794]"
117403,"[97299, 1279, 32078, 18285, 28463, 109127, 91987, 90419, 96182, 53719]"
117404,"[49975, 87461, 40910, 3129, 45381, 43092, 12993, 59607, 57010, 17450]"
117405,"[9011, 56275, 51492, 53222, 77758, 29615, 38719, 53119, 34308, 71108]"
117406,"[11734, 98040, 47595, 92992, 68036, 92255, 105468, 10781, 49951, 23195]"
117407,"[55350, 45916, 51707, 51220, 49888, 7621, 81107, 32190, 27041, 45446]"
117408,"[100236, 70723, 88791, 15892, 59635, 56367, 86891, 108964, 64773, 51514]"
117409,"[92850, 67457, 5078, 44808, 12866, 96850, 90906, 60673, 41321, 4898]"
117410,"[48244, 44596, 108271, 23766, 26668, 46360, 32579, 14407, 73479, 63211]"
117411,"[59430, 87479, 2664, 19810, 28631, 78925, 30248, 73158, 75678, 93027]"
117412,"[94462, 23237, 95168, 56595, 88456, 73799, 47051, 58195, 84456, 60817]"
117413,"[27232, 51852, 64042, 23901, 53297, 18684, 5070, 78184, 98561, 83080]"
117414,"[43655, 93667, 54872, 24299, 88279, 20617, 96910, 10713, 91564, 100443]"
117415,"[11857, 29671, 34621, 108712, 92720, 38352, 2892, 4946, 65333, 42295]"
117416,"[77221, 105005, 106949, 13310, 87046, 11503, 97466, 38558, 104595, 64862]"
117417,"[47614, 25888, 71566, 100147, 1579, 14929, 59537, 66997, 108204, 16801]"
117418,"[29782, 69800, 46658, 85469, 85346, 10890, 70600, 3994, 39695, 47686]"
117419,"[18428, 49564, 7760, 53572, 94213, 32831, 58107, 98269, 91457, 80309]"
117420,"[30568, 76828, 85626, 81523, 17447, 37324, 2070, 6745, 58419, 44118]"
117421,"[33329, 73428, 63143, 58641, 67588, 31032, 1118, 11343, 77002, 74773]"
117422,"[78472, 33580, 6090, 73910, 6600, 76146, 37123, 60478, 60151, 15953]"
117423,"[1941, 60970, 16884, 40079, 51706, 48864, 13750, 38509, 51361, 42243]"
117424,"[6836, 61175, 61081, 41098, 84116, 16382, 64118, 63658, 367, 93317]"
117425,"[51568, 5990, 80326, 8730, 5465, 93345, 13459, 24554, 29202, 69295]"
117426,"[30828, 67518, 82442, 48786, 38187, 44551, 23565, 210, 29495, 7009]"
117427,"[85962, 5197, 72421, 10366, 70798, 72794, 73565, 71871, 102001, 104469]"
117428,"[7095, 55351, 70100, 87929, 101504, 7832, 4858, 20655, 13813, 94335]"
117429,"[78293, 28135, 86204, 105101, 46539, 109596, 9619, 45347, 91780, 104258]"
117430,"[36909, 69379, 12515, 105436, 108713, 60248, 19182, 16468, 85130, 62652]"
117431,"[3566, 33839, 74831, 15129, 21394, 35830, 3674, 73433, 81861, 106722]"
117432,"[41256, 3732, 33278, 102351, 26511, 101497, 41352, 99323, 95139, 24243]"
117433,"[39561, 74028, 8162, 24406, 55892, 18716, 109451, 46252, 55933, 75320]"
117434,"[79095, 43255, 91019, 4659, 108004, 17499, 51482, 77357, 76744, 44089]"
117435,"[106262, 48972, 104859, 2236, 107731, 77855, 47802, 11695, 51972, 18105]"
117436,"[62834, 95424, 38834, 17027, 76905, 27359, 101706, 14642, 13010, 90555]"
117437,"[22699, 43468, 76795, 8863, 90182, 78807, 36770, 29462, 103400, 66285]"
117438,"[64095, 93800, 92501, 13327, 88195, 37144, 12414, 90604, 48953, 41912]"
117439,"[49019, 68748, 41699, 95578, 59532, 67631, 105141, 18986, 2442, 67562]"
117440,"[64443, 4621, 97539, 88935, 31059, 12177, 83118, 13748, 32355, 15937]"
117441,"[54592, 64857, 37770, 41315, 107967, 73429, 99161, 93063, 98051, 103279]"
117442,"[20425, 50489, 80296, 70433, 38309, 92572, 15536, 31577, 109376, 76773]"
117443,"[107103, 70917, 97389, 38355, 21070, 57422, 73024, 18932, 33185, 30193]"
117444,"[39790, 77140, 49194, 12792, 104861, 39563, 79972, 13096, 5500, 44844]"
117445,"[21017, 15814, 11580, 40257, 42177, 61307, 24837, 96834, 80294, 56715]"
117446,"[13085, 260, 7000, 102474, 83905, 15194, 98661, 61314, 56399, 36906]"
117447,"[48044, 70641, 52938, 19340, 27066, 54291, 1322, 25636, 28157, 6711]"
117448,"[40084, 4093, 41274, 13210, 39025, 20691, 30351, 106707, 54202, 97891]"
117449,"[45181, 104754, 32820, 14949, 47473, 74489, 25542, 4363, 95869, 80347]"
117450,"[97906, 31274, 61057, 48769, 59115, 14338, 95511, 108512, 14410, 36180]"
117451,"[68000, 38541, 11259, 99064, 22501, 77796, 57047, 33966, 76396, 53954]"
117452,"[13430, 78089, 65800, 85958, 86567, 73164, 96994, 86842, 51161, 31473]"
117453,"[88620, 66347, 5038, 58809, 95511, 3940, 88372, 59964, 50855, 14338]"
117454,"[73161, 32116, 23818, 68834, 86451, 75541, 34252, 98017, 96395, 75856]"
117455,"[75708, 22908, 102541, 38714, 13744, 26159, 79537, 1291, 80448, 104100]"
117456,"[87112, 53276, 58365, 102452, 25300, 81442, 43992, 35952, 30898, 33970]"
117457,"[77601, 93064, 54986, 27801, 44503, 88325, 13521, 43367, 107114, 33521]"
117458,"[53168, 33919, 44622, 42490, 36751, 79356, 29662, 72563, 78033, 94233]"
117459,"[11725, 2829, 96867, 60117, 41723, 67515, 35860, 23971, 56163, 55810]"
117460,"[29318, 61317, 22931, 13227, 72595, 100614, 11329, 56964, 63374, 40310]"
117461,"[58773, 56223, 37051, 2685, 66457, 87532, 90435, 19969, 97033, 41336]"
117462,"[70523, 17438, 24563, 11219, 68218, 86290, 2142, 79013, 1516, 11066]"
117463,"[9199, 19993, 95639, 84536, 36328, 81628, 72579, 59686, 91129, 52878]"
117464,"[32801, 85845, 89042, 51795, 70255, 101141, 7331, 41551, 7566, 76354]"
117465,"[47730, 106337, 531, 92599, 36162, 50675, 26386, 80915, 69716, 77354]"
117466,"[106788, 81566, 7515, 62129, 79772, 91668, 58336, 67749, 22290, 71093]"
117467,"[45212, 78704, 2152, 45045, 16712, 85769, 106575, 53100, 13542, 222]"
117468,"[105010, 64098, 20399, 14883, 54690, 44378, 40754, 89734, 4102, 85142]"
117469,"[26603, 105404, 93440, 58116, 18080, 91703, 70901, 78059, 37461, 26455]"
117470,"[44929, 25108, 87795, 22304, 84410, 57616, 21310, 31568, 86587, 29355]"
117471,"[78888, 70886, 56219, 60369, 1011, 57734, 32708, 34405, 15211, 39669]"
117472,"[73309, 105451, 35754, 4909, 41988, 19520, 100681, 33450, 7514, 53846]"
117473,"[59069, 96603, 5101, 100736, 82069, 82583, 97726, 11196, 87244, 15957]"
117474,"[90245, 103432, 108415, 96563, 108272, 36456, 84550, 95307, 4696, 75072]"
117475,"[44758, 100660, 2181, 68667, 68237, 40596, 75989, 17532, 79018, 86634]"
117476,"[47631, 60752, 32029, 61134, 45327, 106530, 75965, 78362, 88342, 18280]"
117477,"[65726, 76812, 32909, 86552, 9635, 10970, 71184, 21982, 69909, 59849]"
117478,"[26512, 70313, 8741, 10591, 82088, 77527, 102017, 67491, 95710, 84945]"
117479,"[88121, 73561, 20726, 88980, 83874, 25951, 102554, 99816, 96594, 16687]"
117480,"[61165, 32877, 6587, 8570, 77956, 59272, 78590, 57872, 60108, 26755]"
117481,"[11977, 78502, 34686, 98257, 7903, 103476, 41928, 83448, 52372, 72074]"
117482,"[76407, 5860, 99639, 79955, 44534, 62146, 66902, 42264, 105251, 33921]"
117483,"[44208, 35772, 28934, 14920, 1522, 89710, 66493, 45486, 23403, 51776]"
117484,"[51813, 7153, 95764, 76841, 6221, 31226, 61234, 46317, 74067, 18314]"
117485,"[51860, 19213, 84888, 106513, 64206, 48560, 54095, 40533, 15935, 19806]"
117486,"[38568, 105359, 79128, 2054, 36421, 46566, 77491, 19257, 37408, 9371]"
117487,"[64090, 23417, 54047, 63639, 49451, 86368, 3004, 18109, 80009, 100914]"
117488,"[109424, 81583, 51560, 58681, 98216, 50134, 67098, 39046, 32480, 38602]"
117489,"[83153, 42819, 41463, 14627, 85729, 107581, 88701, 21230, 17374, 57979]"
117490,"[26743, 72604, 51080, 38395, 41288, 46801, 48035, 62341, 5492, 85477]"
117491,"[31310, 71420, 83796, 39345, 97520, 92642, 13281, 75889, 95726, 1563]"
117492,"[19703, 17505, 48013, 101648, 75058, 72805, 78034, 39600, 48609, 1851]"
117493,"[40330, 68849, 60059, 58868, 20637, 59167, 47644, 59103, 3494, 17726]"
117494,"[10635, 17484, 103434, 7811, 55163, 9827, 17408, 60809, 33336, 31188]"
117495,"[1456, 17951, 17621, 45623, 75494, 80846, 64326, 22462, 91617, 61248]"
117496,"[91871, 68326, 62682, 26331, 83235, 3112, 55289, 22065, 103039, 12835]"
117497,"[7433, 27223, 95795, 17687, 45695, 99112, 48328, 58295, 99501, 106020]"
117498,"[76023, 82067, 82275, 69569, 88147, 32398, 8676, 86775, 44620, 85984]"
117499,"[20279, 56508, 97349, 90921, 57008, 43803, 91659, 109147, 30465, 75903]"
117500,"[43693, 19838, 40316, 26738, 42227, 57910, 47619, 55709, 10069, 65954]"
117501,"[39912, 498, 43317, 32182, 22111, 91324, 104153, 76180, 23669, 45862]"
117502,"[106075, 45066, 41905, 69821, 104572, 82751, 4105, 9797, 35980, 86986]"
117503,"[82499, 53112, 4211, 65674, 54794, 9212, 47305, 20554, 88953, 107066]"
117504,"[72143, 17880, 86072, 100, 68377, 22160, 11773, 35988, 17531, 107115]"
117505,"[77200, 13786, 92246, 87863, 14469, 105183, 87880, 64389, 13673, 4289]"
117506,"[60037, 46003, 85904, 28821, 104833, 61406, 83952, 1618, 2440, 100718]"
117507,"[8801, 82273, 79069, 68751, 26956, 109644, 29293, 51868, 11541, 45984]"
117508,"[72207, 9770, 70230, 29935, 107807, 18392, 99888, 76501, 109378, 99818]"
117509,"[49771, 66033, 86246, 53240, 1348, 107871, 22948, 36148, 64897, 105218]"
117510,"[82862, 7335, 22377, 55254, 42320, 54755, 41323, 29265, 30331, 80827]"
117511,"[100277, 69543, 20594, 37567, 38788, 93163, 21928, 79836, 29676, 48290]"
117512,"[52863, 20172, 33214, 105712, 86145, 1735, 64789, 83579, 85713, 64965]"
117513,"[90363, 82229, 32818, 767, 8801, 22939, 51171, 51868, 42165, 56048]"
117514,"[75601, 109418, 96036, 21388, 31881, 11074, 29632, 10816, 86124, 95285]"
117515,"[61259, 22377, 35853, 55254, 20197, 56239, 42320, 60669, 3332, 2395]"
117516,"[5758, 38853, 29030, 29914, 29091, 10343, 52056, 65598, 48973, 16492]"
117517,"[54062, 50590, 8494, 107847, 58305, 70318, 56121, 108595, 103119, 6680]"
117518,"[30272, 35930, 31321, 16410, 46683, 93076, 28171, 62246, 91447, 16063]"
117519,"[21823, 4490, 78702, 2802, 31197, 6897, 903, 102035, 98821, 46723]"
117520,"[26246, 81401, 67943, 32498, 26600, 60554, 23659, 74825, 83121, 15016]"
117521,"[77987, 39834, 82503, 43257, 73757, 19701, 84834, 98586, 88316, 76585]"
117522,"[49848, 65182, 98240, 83096, 68022, 75331, 31786, 28654, 24441, 98204]"
117523,"[94447, 22968, 103009, 52266, 1728, 47593, 6755, 31366, 56069, 70077]"
117524,"[65061, 86184, 99984, 32852, 3190, 59400, 65388, 48999, 81382, 74624]"
117525,"[65034, 64507, 20646, 32102, 13361, 78995, 87831, 106790, 97996, 84014]"
117526,"[33023, 109506, 10923, 49649, 27235, 5039, 87927, 25546, 51714, 51154]"
117527,"[80149, 78241, 6168, 9945, 90579, 108887, 108693, 101449, 92546, 57203]"
117528,"[60705, 92698, 101172, 35601, 66238, 83273, 19702, 18085, 99311, 51817]"
117529,"[84969, 26013, 36217, 10123, 43760, 32205, 51969, 105960, 42147, 4715]"
117530,"[45339, 33789, 61932, 77774, 106391, 39176, 23863, 58291, 104955, 75736]"
117531,"[31024, 50799, 82356, 48276, 23426, 26167, 7914, 12187, 2629, 49069]"
117532,"[69774, 84770, 18123, 49696, 53767, 78382, 92560, 92001, 12988, 64044]"
117533,"[101205, 72781, 50023, 43996, 34910, 50647, 91792, 95372, 59985, 14618]"
117534,"[45352, 20249, 16961, 63865, 2687, 30786, 33447, 92451, 93249, 37891]"
117535,"[7450, 89743, 3134, 48841, 39404, 49562, 35230, 45007, 70560, 11764]"
117536,"[62388, 60181, 7379, 94818, 89536, 24227, 31160, 15802, 83214, 86932]"
117537,"[31768, 4331, 69921, 26228, 47394, 80573, 68486, 55642, 22597, 46147]"
117538,"[74353, 64138, 34667, 93426, 28301, 75585, 93075, 88539, 39307, 532]"
117539,"[40369, 100767, 104265, 58659, 80912, 97780, 83324, 94257, 37713, 14037]"
117540,"[81426, 59769, 84293, 61683, 86650, 18008, 105180, 11258, 85572, 6912]"
117541,"[36047, 80325, 107986, 2755, 24322, 86411, 3466, 58831, 24725, 65972]"
117542,"[2021, 107247, 58190, 87294, 87381, 88093, 24801, 24258, 20423, 49239]"
117543,"[86077, 84047, 26860, 17270, 20820, 20867, 103813, 10374, 1633, 96361]"
117544,"[28845, 20707, 70073, 15264, 53023, 104952, 61134, 11465, 46023, 102379]"
117545,"[81894, 40619, 53086, 17203, 109517, 73205, 43473, 86555, 46076, 47187]"
117546,"[42942, 37183, 43940, 88996, 106939, 24700, 83083, 82270, 45008, 31282]"
117547,"[36595, 54340, 57429, 86564, 58557, 52565, 89708, 50715, 79457, 12096]"
117548,"[68375, 33116, 25652, 57129, 88119, 52987, 48505, 41469, 58055, 19195]"
117549,"[52098, 89819, 28119, 42248, 77392, 83824, 99767, 60803, 12389, 19355]"
117550,"[86760, 71345, 104348, 78379, 6925, 94381, 39081, 155, 105809, 73408]"
117551,"[31025, 47083, 11841, 61312, 91757, 52110, 35672, 107708, 26996, 56383]"
117552,"[21773, 98336, 13804, 81314, 85398, 55359, 30268, 66246, 4727, 73009]"
117553,"[101113, 107722, 50061, 49739, 10684, 90168, 40647, 48657, 84290, 93361]"
117554,"[28204, 98313, 19824, 9189, 53862, 105353, 8082, 51960, 56082, 76770]"
117555,"[102730, 27585, 78996, 85887, 50929, 55023, 39580, 83349, 96197, 16381]"
117556,"[100626, 81985, 15954, 97766, 3625, 4345, 63486, 10823, 93101, 9808]"
117557,"[43729, 83305, 32146, 9557, 92817, 14434, 38037, 44643, 39119, 94100]"
117558,"[2864, 58273, 48410, 48426, 42939, 101528, 51179, 20106, 92507, 80672]"
117559,"[47093, 86736, 35912, 35960, 51266, 103169, 97518, 67001, 40198, 95154]"
117560,"[46162, 36627, 19822, 105473, 43476, 51618, 105108, 99892, 60213, 502]"
117561,"[8756, 25478, 28966, 52511, 23505, 71480, 31017, 107641, 55661, 83076]"
117562,"[40856, 7775, 108057, 13278, 61865, 10780, 31949, 88017, 48376, 105562]"
117563,"[69183, 104391, 107511, 47596, 87876, 60035, 71720, 103444, 2836, 72740]"
117564,"[104176, 32668, 82695, 90591, 18347, 36482, 28016, 85892, 102569, 30470]"
117565,"[29953, 49006, 59333, 58751, 73747, 79124, 61959, 79250, 85150, 86547]"
117566,"[84754, 23257, 1968, 101420, 80111, 64331, 66105, 36671, 23076, 40261]"
117567,"[16159, 1366, 29728, 55782, 15304, 55493, 22319, 80804, 53387, 54441]"
117568,"[74028, 30281, 24406, 61406, 91546, 46003, 39561, 64993, 89213, 7852]"
117569,"[41427, 85218, 72474, 38025, 57996, 101106, 7359, 104425, 98813, 61368]"
117570,"[42890, 10161, 2167, 18202, 100216, 23592, 67445, 16706, 105240, 48215]"
117571,"[699, 59696, 32960, 30591, 45382, 84906, 20821, 75741, 91387, 64455]"
117572,"[49551, 64082, 6009, 19207, 53328, 8241, 94486, 19736, 89204, 103685]"
117573,"[57087, 84356, 76576, 36206, 61630, 67161, 16529, 88981, 62650, 31102]"
117574,"[44404, 53041, 94238, 86343, 18012, 10698, 4308, 39304, 18770, 53303]"
117575,"[26263, 20747, 107239, 4573, 99729, 106279, 76457, 69566, 90094, 57959]"
117576,"[103126, 83469, 23434, 75575, 102418, 107324, 48222, 103449, 50219, 10021]"
117577,"[94777, 8807, 48402, 55140, 7091, 17749, 55382, 35503, 68269, 104453]"
117578,"[16938, 11457, 39063, 82188, 34857, 52999, 108955, 26772, 82422, 4515]"
117579,"[17345, 58875, 57381, 68636, 87208, 14967, 11491, 45796, 95779, 88746]"
117580,"[32862, 77436, 73986, 35499, 74108, 31433, 90864, 108356, 97013, 50860]"
117581,"[89604, 22400, 22840, 65648, 15299, 24390, 39942, 81665, 41954, 28937]"
117582,"[79523, 53765, 9893, 107112, 15678, 71314, 65637, 75901, 47475, 39336]"
117583,"[81997, 45801, 7841, 97381, 3632, 94687, 104088, 46410, 49723, 106735]"
117584,"[46475, 87345, 29870, 80470, 23099, 63576, 87538, 91808, 62943, 4040]"
117585,"[18535, 102754, 65005, 50288, 80845, 23962, 83570, 66322, 24031, 94200]"
117586,"[45040, 50364, 89583, 8197, 95834, 104627, 46742, 35947, 37471, 20386]"
117587,"[93141, 91083, 83181, 22928, 61960, 3421, 34169, 61825, 48928, 16150]"
117588,"[58406, 69149, 35468, 27071, 91506, 5000, 55430, 85081, 1582, 109364]"
117589,"[5457, 18342, 96221, 5220, 9365, 28417, 50233, 31638, 77697, 96227]"
117590,"[85313, 62280, 77166, 89830, 22662, 11583, 87201, 38759, 26115, 51740]"
117591,"[55589, 4105, 77836, 68890, 93907, 34513, 99927, 76069, 80168, 91125]"
117592,"[27432, 55947, 83302, 9051, 18491, 64878, 30484, 56273, 31709, 71001]"
117593,"[14047, 31720, 24650, 71693, 87918, 56160, 79861, 104227, 45561, 35363]"
117594,"[65102, 57727, 54492, 77500, 4470, 42166, 1571, 37759, 35367, 15118]"
117595,"[81597, 92328, 96346, 70396, 21088, 75983, 94361, 28963, 60484, 64275]"
117596,"[69171, 99075, 9182, 65474, 62725, 52882, 46677, 29379, 103618, 17663]"
117597,"[84715, 71954, 67450, 57101, 12666, 59567, 33054, 21964, 30298, 86572]"
117598,"[31457, 63602, 37329, 108746, 101245, 52393, 93279, 52469, 88982, 51272]"
117599,"[20938, 18256, 85186, 52161, 14458, 12372, 5543, 98236, 82840, 69582]"
117600,"[65571, 78417, 23420, 20509, 27500, 6609, 15248, 94248, 88943, 39300]"
117601,"[88949, 61212, 55976, 42827, 87790, 73407, 105504, 96453, 70961, 62715]"
117602,"[6438, 45228, 99657, 8279, 7626, 64921, 58264, 54419, 40540, 24033]"
117603,"[9570, 13508, 85159, 59467, 94400, 41040, 12022, 88225, 25394, 45097]"
117604,"[58066, 81594, 24265, 95299, 25473, 93852, 70302, 5291, 108918, 54576]"
117605,"[66336, 36104, 121, 96135, 85674, 5299, 1321, 58924, 37704, 44131]"
117606,"[31870, 26424, 34858, 83084, 8080, 71744, 104830, 46532, 28565, 101398]"
117607,"[77507, 44674, 44006, 3766, 64882, 55434, 92022, 20524, 70270, 9819]"
117608,"[62569, 13071, 73221, 14418, 47968, 109169, 71654, 16083, 87371, 99145]"
117609,"[80221, 69348, 22589, 41070, 21874, 16915, 66406, 4261, 82431, 75971]"
117610,"[46982, 108540, 30949, 53728, 11166, 84548, 40325, 77766, 49320, 86133]"
117611,"[75778, 82833, 8318, 31398, 56812, 43251, 107715, 10597, 95998, 75710]"
117612,"[74584, 95136, 23720, 80381, 61020, 54433, 63434, 97469, 91409, 91103]"
117613,"[108383, 72363, 59894, 68551, 8224, 51569, 98174, 5154, 44158, 18279]"
117614,"[55898, 2475, 11860, 29961, 13833, 6959, 60517, 46615, 86834, 10788]"
117615,"[40344, 91441, 91155, 3239, 49810, 75490, 77534, 106859, 6629, 25224]"
117616,"[72770, 81786, 20381, 72404, 24508, 59236, 95663, 59624, 92980, 47346]"
117617,"[35820, 86096, 109719, 897, 91239, 63241, 98018, 74333, 53248, 22704]"
117618,"[108234, 49108, 73635, 36650, 65796, 34635, 87834, 2517, 2717, 28386]"
117619,"[30208, 100368, 56708, 43124, 104535, 59136, 25691, 60358, 29682, 62335]"
117620,"[5933, 71242, 17123, 918, 13714, 28891, 9363, 87710, 37086, 95556]"
117621,"[65411, 29473, 65970, 46182, 103311, 50690, 9063, 49971, 56212, 82096]"
117622,"[80969, 104691, 100664, 5955, 27354, 58087, 6620, 86854, 15060, 37397]"
117623,"[99167, 66890, 16622, 57968, 15688, 21636, 48196, 25211, 54432, 2078]"
117624,"[83005, 99923, 3644, 22778, 10096, 62953, 73596, 95951, 88991, 51348]"
117625,"[13186, 101542, 52963, 67125, 24156, 278, 24627, 43021, 46873, 26131]"
117626,"[88443, 76395, 45321, 30062, 89170, 59119, 60822, 4626, 3054, 4009]"
117627,"[72384, 59831, 14379, 5506, 50823, 56908, 97642, 23791, 38895, 41346]"
117628,"[21736, 96076, 18577, 43151, 101679, 68379, 81334, 93934, 21762, 26625]"
117629,"[84954, 69608, 107014, 26534, 57796, 16496, 85279, 40625, 44518, 1230]"
117630,"[107846, 31038, 89690, 109743, 56325, 106967, 108655, 26941, 100252, 64124]"
117631,"[84680, 6916, 107283, 25597, 44680, 95828, 65360, 102347, 94217, 100072]"
117632,"[38555, 86589, 78402, 40675, 33310, 103584, 64942, 100200, 41143, 82682]"
117633,"[50338, 16693, 36978, 84836, 98113, 5892, 25882, 46759, 63944, 34651]"
117634,"[88083, 21760, 45809, 77780, 52105, 71979, 78824, 105137, 39802, 58492]"
117635,"[105559, 29154, 5826, 99695, 109499, 65050, 40846, 29593, 97017, 34282]"
117636,"[74888, 68014, 21989, 19229, 59906, 99019, 69519, 24735, 2505, 54114]"
117637,"[77854, 86595, 84781, 2635, 26940, 32046, 46880, 22062, 12851, 23421]"
117638,"[101893, 35866, 14490, 93401, 47149, 102229, 108334, 23146, 34752, 55188]"
117639,"[52199, 11017, 30601, 4005, 44599, 4430, 51075, 67541, 92185, 37484]"
117640,"[88869, 94483, 98293, 25176, 66540, 4204, 739, 106013, 100974, 6873]"
117641,"[45457, 8861, 27529, 653, 59749, 11785, 36878, 43182, 69228, 50822]"
117642,"[65440, 45028, 6084, 75124, 52287, 29267, 70096, 34761, 44773, 109108]"
117643,"[87125, 79585, 94010, 20716, 33493, 93564, 40809, 69343, 10615, 31193]"
117644,"[70077, 14887, 101879, 66564, 43481, 105503, 42790, 86981, 22968, 58059]"
117645,"[48460, 77429, 65676, 80835, 47266, 79052, 57783, 50926, 108468, 76017]"
117646,"[27899, 77447, 32942, 29952, 25001, 11623, 54260, 68484, 38477, 78067]"
117647,"[27888, 63475, 104550, 69874, 32984, 35368, 61183, 103603, 101776, 46888]"
117648,"[78940, 53672, 36246, 90582, 47176, 34810, 62652, 85130, 52221, 50110]"
117649,"[56137, 49283, 72485, 42480, 61351, 46191, 63836, 83251, 20746, 11840]"
117650,"[15210, 67086, 25318, 83165, 100659, 83710, 30533, 79795, 86008, 42840]"
117651,"[77817, 17858, 11527, 81719, 67374, 61196, 62303, 70325, 2522, 19387]"
117652,"[57453, 19934, 91848, 48806, 28879, 63715, 108425, 38635, 40869, 31498]"
117653,"[36187, 38442, 11638, 77448, 68018, 106775, 88756, 66737, 77622, 33905]"
117654,"[95529, 90265, 99894, 88663, 83577, 42723, 30104, 59146, 56154, 17712]"
117655,"[22229, 54699, 99551, 24756, 44882, 75633, 66617, 91101, 24572, 47416]"
117656,"[107967, 59299, 51802, 101387, 88852, 54592, 49290, 25547, 7315, 34817]"
117657,"[41048, 3043, 51767, 39098, 48126, 12023, 29296, 103842, 29273, 89688]"
117658,"[91162, 24896, 11025, 106182, 78645, 57415, 53331, 22195, 23157, 49163]"
117659,"[85600, 30315, 25938, 108863, 58369, 66294, 22327, 32989, 103563, 21800]"
117660,"[61888, 16205, 57593, 89533, 53323, 68229, 99378, 82760, 20425, 67023]"
117661,"[21365, 37860, 4019, 82871, 40089, 14078, 48360, 108646, 11197, 42860]"
117662,"[25615, 28355, 67358, 72636, 73920, 63793, 10664, 61599, 11643, 22306]"
117663,"[63719, 33717, 63707, 20849, 98369, 100958, 22220, 38200, 70136, 25533]"
117664,"[10877, 57738, 90037, 83804, 66580, 17016, 31635, 34376, 87016, 48507]"
117665,"[103848, 51324, 8000, 3215, 75588, 37671, 103458, 92824, 86493, 24151]"
117666,"[105792, 86786, 45936, 54760, 738, 72161, 72858, 25391, 52, 33610]"
117667,"[36480, 33087, 12096, 4990, 62470, 106545, 107282, 86056, 84657, 48005]"
117668,"[14130, 42015, 79126, 45314, 34996, 83508, 21501, 36670, 17661, 41483]"
117669,"[109375, 73949, 63935, 78743, 32782, 79836, 42187, 75172, 94478, 37567]"
117670,"[31342, 86505, 65034, 50712, 39726, 81899, 64507, 87264, 9831, 88831]"
117671,"[81756, 66804, 41540, 76816, 46608, 25470, 16321, 86092, 78440, 58226]"
117672,"[56790, 6950, 103274, 22217, 631, 20803, 37257, 18710, 46399, 43817]"
117673,"[15673, 31880, 105090, 34632, 67328, 94057, 105502, 46438, 31506, 70205]"
117674,"[78206, 6476, 52032, 36625, 30526, 70720, 84818, 49585, 7734, 89239]"
117675,"[15165, 98929, 107466, 42910, 46775, 97394, 7789, 95970, 105400, 33604]"
117676,"[40686, 65077, 69410, 82552, 84408, 3974, 20157, 53517, 55110, 84671]"
117677,"[73293, 26937, 17475, 69390, 86719, 86421, 100737, 84289, 85354, 33500]"
117678,"[30121, 79047, 36178, 43593, 12138, 68417, 7505, 87807, 40212, 18506]"
117679,"[71104, 3235, 78624, 84643, 26942, 70408, 56618, 55914, 66541, 30129]"
117680,"[1960, 14589, 83095, 26787, 67707, 70136, 66560, 27150, 10057, 14798]"
117681,"[88660, 52213, 90850, 19203, 62049, 21032, 96254, 57404, 30026, 69767]"
117682,"[49169, 27838, 46567, 19892, 2522, 67954, 77731, 67059, 84313, 8268]"
117683,"[2477, 6780, 46048, 99574, 105859, 83337, 65021, 30144, 100634, 27178]"
117684,"[38703, 41167, 9781, 34113, 30095, 8413, 71428, 41590, 65408, 50166]"
117685,"[53628, 14248, 54062, 63397, 74554, 6548, 13701, 10417, 94102, 69786]"
117686,"[35561, 104081, 102870, 32337, 12281, 88940, 80888, 39938, 71005, 40523]"
117687,"[74626, 106406, 85010, 10055, 9604, 95178, 61198, 1076, 5748, 41621]"
117688,"[4457, 36281, 108964, 30714, 83610, 101365, 9858, 101403, 67499, 86891]"
117689,"[15317, 108289, 55793, 45166, 52816, 61243, 5428, 104251, 91094, 19514]"
117690,"[12308, 99112, 43056, 15305, 73743, 22851, 66740, 95795, 73918, 75565]"
117691,"[18357, 10450, 25920, 52982, 25305, 94789, 99873, 94608, 74462, 87449]"
117692,"[89376, 1719, 73862, 55437, 81262, 45850, 471, 99468, 5645, 84905]"
117693,"[49555, 53905, 66733, 36077, 57631, 30089, 23170, 44495, 62942, 19087]"
117694,"[45992, 95849, 38946, 84745, 29076, 58011, 4318, 52479, 18465, 85599]"
117695,"[88850, 102763, 104578, 6879, 66456, 18562, 23785, 26470, 81895, 26462]"
117696,"[45637, 50866, 1675, 91792, 11384, 10493, 53426, 17396, 90042, 97868]"
117697,"[97311, 58238, 78121, 61647, 34613, 30964, 14765, 21256, 67440, 12326]"
117698,"[40584, 15601, 24183, 20709, 79277, 95349, 88730, 11576, 67558, 76095]"
117699,"[67043, 101817, 79621, 55639, 39860, 1820, 57541, 67907, 107885, 2157]"
117700,"[31465, 9360, 23017, 92612, 73933, 38798, 62575, 51553, 54388, 86585]"
117701,"[100029, 65459, 78911, 9933, 96891, 39652, 28290, 99292, 57900, 10568]"
117702,"[45697, 41463, 104145, 54636, 89517, 30922, 87377, 65272, 39607, 19583]"
117703,"[45420, 20286, 17692, 73215, 8931, 31119, 60086, 37201, 23490, 75255]"
117704,"[70140, 96543, 21134, 62252, 29089, 20717, 80497, 75860, 78370, 85467]"
117705,"[24920, 94879, 59884, 90586, 15768, 49672, 106974, 107189, 89413, 70421]"
117706,"[80571, 30115, 58925, 63230, 64191, 52319, 22056, 19652, 16930, 45950]"
117707,"[29819, 105001, 55432, 34015, 7439, 8773, 105911, 86901, 108206, 70806]"
117708,"[101500, 29048, 45116, 83546, 83385, 48146, 53533, 63264, 53934, 93368]"
117709,"[1833, 106282, 33403, 78684, 75636, 82106, 72263, 104187, 46866, 53166]"
117710,"[60607, 3539, 52599, 68779, 93499, 8166, 10680, 97807, 68974, 22213]"
117711,"[19257, 9371, 73779, 96122, 75740, 46156, 8404, 1905, 48319, 48039]"
117712,"[98016, 51366, 77997, 60060, 63293, 98423, 88380, 106398, 87285, 67986]"
117713,"[88305, 29389, 32064, 98521, 66525, 35487, 9991, 90613, 36876, 76226]"
117714,"[5161, 49036, 70697, 2896, 10678, 44342, 15481, 25959, 91603, 31074]"
117715,"[30713, 107690, 70887, 64358, 69512, 94109, 2338, 51696, 12099, 74405]"
117716,"[11795, 63858, 7879, 94726, 46021, 31481, 16446, 44797, 38857, 65675]"
117717,"[85999, 28229, 23750, 15554, 66025, 96936, 81777, 56456, 48097, 99698]"
117718,"[102164, 32606, 72711, 94906, 94141, 86554, 23277, 49418, 28409, 82741]"
117719,"[16447, 14366, 28092, 81305, 7668, 61464, 33695, 8898, 103466, 56217]"
117720,"[39095, 71344, 108414, 102152, 83396, 658, 18367, 46464, 26423, 8678]"
117721,"[59471, 70323, 5921, 72404, 57151, 65114, 108097, 92980, 39118, 32618]"
117722,"[71208, 2958, 60243, 102756, 77481, 99739, 52806, 74454, 18170, 54034]"
117723,"[20594, 29676, 56483, 79836, 100277, 97248, 30830, 59220, 4727, 44491]"
117724,"[5192, 11391, 13612, 391, 107117, 35448, 87307, 61608, 88640, 66495]"
117725,"[37972, 48706, 102881, 5, 65589, 16287, 44010, 30102, 96817, 10143]"
117726,"[13363, 107090, 52665, 83620, 88933, 72147, 76590, 28642, 109349, 34951]"
117727,"[68090, 10149, 54355, 20367, 98680, 74576, 85869, 58503, 32875, 105499]"
117728,"[6999, 107901, 12529, 7686, 25023, 79625, 29056, 22090, 21801, 46260]"
117729,"[20037, 25509, 109246, 89649, 27439, 96785, 79973, 4365, 63828, 102567]"
117730,"[31886, 79452, 20451, 39838, 31314, 54252, 60587, 49031, 101640, 96572]"
117731,"[97827, 96827, 38572, 78623, 37148, 3660, 11357, 85952, 89299, 60143]"
117732,"[54338, 32190, 70227, 92889, 3734, 38953, 45500, 73911, 106208, 29404]"
117733,"[71924, 99684, 71184, 29720, 59522, 37423, 79217, 36458, 25202, 2123]"
117734,"[26146, 63781, 87043, 25348, 105811, 17278, 105713, 40544, 106204, 21066]"
117735,"[98071, 31680, 93623, 85128, 49235, 40175, 7712, 45094, 26700, 68446]"
117736,"[107361, 4514, 16346, 27439, 69252, 38799, 62378, 85030, 96693, 50084]"
117737,"[102192, 108699, 108882, 16035, 105762, 9324, 13848, 98338, 38659, 94222]"
117738,"[42412, 36548, 32981, 97502, 101131, 67859, 106745, 24443, 28610, 56962]"
117739,"[41974, 101771, 97077, 55119, 82618, 22915, 68264, 108332, 6938, 71758]"
117740,"[66694, 102296, 2014, 102473, 23624, 102202, 40722, 48651, 26884, 84312]"
117741,"[23798, 14331, 38596, 34847, 81006, 82577, 84993, 18558, 106277, 60174]"
117742,"[108271, 72611, 84041, 46360, 81231, 17268, 44596, 6880, 71827, 15027]"
117743,"[10014, 96019, 13426, 100008, 104614, 23230, 29695, 8001, 94183, 69718]"
117744,"[99746, 2952, 94698, 3350, 99942, 54382, 101278, 6042, 7799, 88519]"
117745,"[86027, 17949, 52249, 23308, 24452, 62194, 100851, 6290, 8914, 44779]"
117746,"[79078, 36769, 108054, 33253, 39754, 6495, 80153, 45005, 17391, 55858]"
117747,"[143, 97200, 60790, 49672, 45997, 15768, 21248, 94166, 36337, 24929]"
117748,"[61803, 73533, 34613, 75674, 30227, 78121, 14485, 43845, 104238, 97311]"
117749,"[51185, 86855, 83514, 24454, 90856, 98739, 50919, 78055, 82848, 20327]"
117750,"[57311, 1526, 6143, 1499, 106502, 6305, 67104, 84280, 34135, 76872]"
117751,"[87697, 100614, 63249, 85644, 54571, 95403, 21357, 74939, 38584, 99]"
117752,"[77360, 55244, 93646, 97319, 73074, 109344, 77836, 27416, 32981, 85001]"
117753,"[8882, 50987, 20398, 76432, 82529, 96703, 1451, 71485, 78969, 6892]"
117754,"[102523, 20163, 102222, 12281, 92735, 92739, 103014, 94482, 24655, 15619]"
117755,"[34610, 12376, 44424, 24874, 13237, 43230, 58149, 65907, 61538, 92546]"
117756,"[11412, 42532, 62020, 54684, 65170, 73098, 34224, 84601, 49034, 70809]"
117757,"[36648, 5949, 53185, 11897, 52365, 86987, 35254, 88947, 28327, 10337]"
117758,"[93348, 92915, 97875, 53299, 63697, 43891, 38094, 89644, 51641, 84846]"
117759,"[95798, 89274, 45643, 51004, 28436, 12149, 66178, 52759, 8513, 108800]"
117760,"[39159, 11614, 71810, 61383, 35844, 98004, 17230, 99821, 53264, 28345]"
117761,"[97558, 84226, 21239, 50861, 77720, 91129, 19993, 47351, 9199, 90574]"
117762,"[100359, 38622, 67570, 106833, 41819, 26520, 19270, 13602, 8284, 102545]"
117763,"[29645, 67399, 27443, 6380, 56222, 11207, 89984, 26452, 92880, 46440]"
117764,"[52405, 85215, 14325, 102105, 84280, 5756, 84084, 81449, 106197, 30376]"
117765,"[32760, 89682, 28810, 67899, 63510, 28032, 67032, 38913, 7419, 57283]"
117766,"[74585, 30549, 47088, 60813, 39447, 4154, 9056, 73223, 69422, 105843]"
117767,"[65244, 56485, 49877, 44043, 91338, 8952, 79221, 21865, 42337, 14764]"
117768,"[103471, 100269, 84335, 33471, 69452, 17140, 57834, 56774, 19859, 74292]"
117769,"[27242, 102652, 62044, 31453, 3847, 66583, 81109, 8534, 54947, 34727]"
117770,"[56899, 103731, 52907, 8707, 64594, 6759, 65415, 34811, 97871, 38130]"
117771,"[11472, 90269, 20734, 98548, 37676, 89236, 51127, 25347, 103147, 28982]"
117772,"[50843, 88210, 19846, 71231, 7181, 81123, 28510, 66439, 67120, 42552]"
117773,"[74510, 47857, 25949, 83612, 79043, 36521, 82462, 24870, 94333, 37913]"
117774,"[78814, 108982, 36351, 82888, 12395, 11759, 85115, 61850, 14471, 23783]"
117775,"[96413, 44851, 88087, 72166, 49816, 25052, 91267, 108067, 41091, 81224]"
117776,"[35062, 7216, 69025, 83461, 14742, 30396, 53496, 45800, 22232, 36774]"
117777,"[59481, 37912, 56593, 90186, 35077, 23296, 76698, 85043, 71715, 82060]"
117778,"[93340, 94807, 41919, 91732, 106501, 21454, 76378, 74213, 13202, 4025]"
117779,"[29814, 61912, 41276, 94524, 87131, 13164, 104262, 105488, 12473, 99081]"
117780,"[95757, 85604, 93863, 33021, 73209, 44055, 29402, 47736, 101105, 90249]"
117781,"[96772, 67639, 104009, 66977, 42014, 62100, 20206, 64665, 32284, 84462]"
117782,"[84348, 7133, 72434, 34055, 11658, 2843, 73447, 109251, 8976, 68055]"
117783,"[76365, 34257, 30952, 13374, 58281, 61442, 41144, 19881, 42285, 47213]"
117784,"[95094, 5083, 75294, 43750, 8535, 11474, 101921, 64663, 78968, 69056]"
117785,"[50962, 95389, 82107, 12631, 14631, 13795, 59945, 60745, 87978, 109524]"
117786,"[21693, 41894, 92176, 27313, 71219, 70280, 4586, 33762, 109639, 79116]"
117787,"[27065, 34620, 6235, 65317, 95906, 103678, 37219, 105074, 12330, 92490]"
117788,"[1711, 109116, 36423, 5186, 41846, 71433, 66376, 5295, 94066, 29180]"
117789,"[25920, 52982, 72733, 3904, 106618, 21119, 49341, 18357, 72076, 71185]"
117790,"[58080, 75128, 57973, 46633, 89058, 11716, 71586, 86991, 70119, 5446]"
117791,"[4772, 23934, 101599, 101347, 34762, 43500, 69998, 97972, 6761, 88821]"
117792,"[2037, 89543, 78073, 26208, 26160, 104070, 4201, 37412, 56194, 88138]"
117793,"[38363, 87370, 43730, 60763, 62746, 89241, 45021, 49977, 69411, 24573]"
117794,"[98846, 10214, 93371, 21111, 12370, 27905, 55707, 59062, 3594, 17947]"
117795,"[96399, 76117, 102592, 5259, 23149, 34496, 18933, 42962, 21919, 22755]"
117796,"[107597, 34148, 47097, 35918, 72371, 48327, 86808, 24660, 100924, 47296]"
117797,"[74565, 107599, 72230, 81974, 63757, 1037, 106164, 94599, 53965, 27589]"
117798,"[3339, 80837, 76403, 17147, 50700, 21186, 81552, 5357, 82578, 51801]"
117799,"[31455, 42971, 89437, 17963, 102035, 48175, 23581, 87730, 16594, 78065]"
117800,"[30676, 89934, 64766, 60038, 36574, 91608, 6478, 90749, 42163, 22348]"
117801,"[91686, 8445, 87485, 25779, 63927, 72153, 28736, 5235, 85041, 15801]"
117802,"[16315, 20472, 46621, 30455, 9909, 68601, 38092, 81239, 48351, 15180]"
117803,"[75763, 72553, 60197, 94564, 51757, 91933, 28792, 46985, 71268, 24574]"
117804,"[28338, 61374, 23184, 27501, 99535, 33704, 42283, 33007, 28697, 4653]"
117805,"[86863, 7991, 18311, 37438, 93982, 101004, 23004, 84490, 94246, 53107]"
117806,"[29721, 47414, 12535, 6289, 98979, 33983, 32415, 45742, 34284, 57588]"
117807,"[81895, 103908, 58511, 18514, 79281, 84221, 33245, 26462, 104402, 83531]"
117808,"[41131, 98980, 83978, 58700, 44735, 30108, 80635, 105523, 61601, 64876]"
117809,"[36473, 7917, 65572, 51703, 99372, 61625, 82506, 27580, 2536, 32531]"
117810,"[99719, 21141, 77484, 24751, 35209, 109021, 7882, 76748, 54587, 65423]"
117811,"[31266, 47110, 49065, 24958, 11446, 75469, 92190, 48367, 1356, 51967]"
117812,"[36363, 78045, 11754, 41947, 85217, 85371, 42090, 12761, 37486, 38913]"
117813,"[76326, 76009, 25971, 60379, 35382, 65712, 54012, 30994, 100705, 1630]"
117814,"[39687, 50981, 27808, 101162, 96789, 45926, 40829, 9413, 44180, 38162]"
117815,"[12766, 101768, 59648, 11215, 69612, 23859, 87480, 94092, 12251, 71716]"
117816,"[106505, 57333, 65490, 26955, 28905, 80818, 4524, 85019, 4661, 65771]"
117817,"[51375, 74320, 81795, 55992, 78597, 11667, 4770, 90635, 44785, 33231]"
117818,"[27810, 43831, 86731, 1660, 67689, 79081, 16738, 49605, 76315, 97220]"
117819,"[15210, 12824, 1647, 62485, 15709, 72383, 79795, 73115, 42840, 51282]"
117820,"[45183, 8031, 78183, 94332, 86370, 77820, 7223, 74731, 14406, 95719]"
117821,"[23892, 102978, 8808, 42103, 78578, 52024, 49426, 15065, 18208, 72521]"
117822,"[91565, 48410, 48426, 92507, 37067, 42939, 88219, 2864, 54163, 62418]"
117823,"[85091, 65852, 106136, 92943, 42255, 27549, 101947, 2074, 44899, 63144]"
117824,"[101544, 31754, 68433, 23453, 61451, 88862, 85051, 74139, 100849, 42586]"
117825,"[43548, 90215, 1333, 73653, 77203, 97262, 27217, 74617, 83722, 84418]"
117826,"[25725, 25118, 66875, 41734, 38694, 21278, 89977, 86044, 16298, 20979]"
117827,"[48914, 40599, 108151, 56789, 69362, 9234, 92695, 85883, 56108, 71149]"
117828,"[76341, 37792, 44367, 94358, 83302, 80429, 89767, 62004, 106224, 73238]"
117829,"[15510, 1152, 72206, 78373, 98375, 22793, 45834, 15138, 35216, 45718]"
117830,"[63070, 105510, 3164, 40472, 84480, 70145, 13621, 94101, 52755, 80509]"
117831,"[42609, 95369, 22845, 53177, 75737, 82212, 78430, 23651, 92257, 50751]"
117832,"[53246, 66714, 16720, 69757, 29079, 58303, 73470, 109214, 1669, 91151]"
117833,"[26384, 39145, 105626, 33135, 54911, 106629, 24860, 73294, 69225, 92159]"
117834,"[94419, 2929, 431, 15094, 20842, 13124, 109470, 62660, 31290, 25830]"
117835,"[1093, 4418, 89652, 25105, 31757, 95945, 105721, 61242, 96499, 77946]"
117836,"[13310, 64862, 8820, 21840, 19498, 11035, 77821, 106949, 28473, 67164]"
117837,"[91194, 106200, 59818, 103713, 76412, 29397, 60734, 90731, 61338, 105176]"
117838,"[64251, 15146, 22591, 62188, 7710, 80448, 9208, 7591, 74232, 34683]"
117839,"[93340, 5181, 80826, 97400, 65305, 59449, 10532, 12579, 94807, 89752]"
117840,"[97789, 95895, 70895, 50724, 48482, 19996, 54263, 31743, 65611, 23900]"
117841,"[5440, 10838, 7390, 103969, 51620, 13519, 63231, 54937, 93432, 13054]"
117842,"[21465, 8020, 96752, 25257, 54619, 5246, 37971, 15004, 34119, 18551]"
117843,"[94184, 67446, 88057, 37718, 47580, 53100, 67672, 20591, 42006, 32891]"
117844,"[7103, 64026, 31788, 62629, 93022, 109388, 82088, 31865, 26512, 69831]"
117845,"[47133, 15895, 103598, 106680, 60690, 105756, 97471, 23662, 109237, 105218]"
117846,"[54005, 89620, 44662, 54259, 76224, 42791, 58649, 92863, 100040, 3802]"
117847,"[9163, 28363, 102645, 20447, 47771, 33850, 79093, 87523, 70640, 56956]"
117848,"[67305, 11939, 19021, 69465, 6027, 25363, 3171, 64675, 48161, 19963]"
117849,"[106592, 90362, 28212, 65393, 46466, 46840, 38126, 84935, 108496, 34891]"
117850,"[81899, 31342, 86505, 39726, 53217, 96375, 85960, 78024, 88831, 82908]"
117851,"[13714, 56499, 87710, 37086, 102376, 9363, 8752, 55534, 76161, 88958]"
117852,"[101025, 46280, 66450, 12727, 103404, 45662, 41545, 98085, 108872, 60951]"
117853,"[77142, 77326, 23790, 8586, 38451, 3686, 90163, 53322, 60261, 11279]"
117854,"[107466, 38135, 60865, 16853, 18985, 106803, 97955, 35711, 15165, 22983]"
117855,"[7442, 70760, 94333, 100188, 100036, 87054, 109426, 20211, 91091, 34532]"
117856,"[23137, 32206, 23735, 13951, 36323, 33191, 60995, 61626, 55584, 102213]"
117857,"[10132, 105578, 80816, 109453, 18245, 25239, 15821, 54006, 95511, 102185]"
117858,"[61053, 97211, 49064, 29860, 39663, 48983, 84379, 97534, 33124, 105278]"
117859,"[54082, 63342, 104372, 84258, 3495, 43282, 39416, 22144, 27477, 88591]"
117860,"[3066, 17171, 50530, 46957, 669, 104910, 55980, 24582, 18531, 99090]"
117861,"[97354, 48985, 106584, 44105, 268, 93446, 2088, 48733, 42817, 73882]"
117862,"[75814, 94398, 47477, 74155, 98054, 109726, 10103, 74071, 4966, 63774]"
117863,"[34783, 64950, 70145, 94101, 70166, 75010, 64663, 38455, 13191, 5083]"
117864,"[84270, 10770, 48216, 61765, 104444, 5416, 42788, 73644, 109, 65275]"
117865,"[39950, 71430, 81505, 78244, 102751, 50382, 75489, 4954, 92378, 41218]"
117866,"[95065, 52812, 95684, 10953, 89868, 96335, 82771, 73752, 46858, 57620]"
117867,"[67015, 23977, 79350, 108279, 48265, 84491, 76988, 81323, 77426, 58417]"
117868,"[84883, 33635, 13624, 14787, 28575, 32706, 46464, 4592, 3609, 17118]"
117869,"[70138, 12304, 61366, 54874, 83716, 10248, 23377, 62535, 48991, 29846]"
117870,"[188, 35978, 45098, 22129, 80392, 64258, 73654, 94474, 68365, 7458]"
117871,"[24540, 1014, 16787, 35550, 70695, 96895, 77185, 433, 39917, 56135]"
117872,"[95918, 98429, 77318, 42010, 4617, 98602, 53442, 88279, 103638, 15411]"
117873,"[47821, 50771, 84057, 11480, 4532, 24144, 27445, 54882, 17555, 63555]"
117874,"[64910, 87930, 42872, 15279, 64870, 5496, 74930, 74667, 102576, 10009]"
117875,"[90681, 31517, 7053, 106426, 26549, 23385, 95525, 23802, 83116, 64650]"
117876,"[70364, 97603, 21282, 103624, 100792, 44019, 18347, 70763, 2400, 25037]"
117877,"[46178, 22362, 94817, 80777, 38381, 67947, 82405, 87268, 30092, 59115]"
117878,"[84536, 5927, 22584, 82845, 9199, 77328, 97558, 106986, 45027, 107717]"
117879,"[39094, 64266, 31258, 11575, 5151, 49211, 21293, 93712, 25074, 98173]"
117880,"[102464, 101487, 85666, 20058, 74416, 106220, 34371, 101733, 29276, 16627]"
117881,"[68495, 19734, 63207, 46949, 20942, 89050, 6261, 94167, 94245, 39416]"
117882,"[60206, 66002, 92230, 6691, 35183, 36698, 108209, 46173, 10572, 96625]"
117883,"[21885, 95752, 25921, 62193, 53013, 69170, 97485, 42081, 46298, 93743]"
117884,"[51764, 5460, 3223, 24137, 20064, 72552, 74280, 108401, 5086, 42515]"
117885,"[97722, 9485, 63220, 58971, 65277, 109771, 44163, 40058, 99759, 543]"
117886,"[82612, 3192, 19717, 38182, 2211, 28791, 75142, 75740, 19257, 62820]"
117887,"[102287, 69965, 106811, 3318, 8401, 34054, 53370, 66188, 32431, 42104]"
117888,"[23695, 21135, 96662, 106126, 16582, 90583, 40305, 97569, 65214, 85238]"
117889,"[32860, 16288, 108592, 13282, 78641, 5903, 7172, 18461, 63464, 54113]"
117890,"[22600, 22416, 7023, 44094, 87436, 50317, 27190, 32286, 17597, 50416]"
117891,"[29809, 12477, 73198, 98246, 12760, 85884, 59453, 108460, 26460, 38240]"
117892,"[109561, 17585, 45796, 8548, 106568, 11820, 79204, 61320, 19777, 4563]"
117893,"[36264, 79857, 10948, 78416, 86488, 73399, 75307, 32167, 75393, 62892]"
117894,"[29157, 75283, 62155, 24087, 74238, 17916, 85032, 107194, 83932, 84189]"
117895,"[98500, 87535, 49034, 77259, 40776, 103513, 55867, 90923, 27893, 25576]"
117896,"[28825, 54555, 50000, 53705, 71314, 15678, 36345, 72118, 49311, 108797]"
117897,"[103913, 66732, 78239, 55699, 42358, 64383, 87980, 70605, 108308, 4032]"
117898,"[88236, 103463, 91979, 31633, 66351, 62765, 57731, 52784, 19381, 7149]"
117899,"[15018, 26621, 6480, 57687, 20845, 98604, 46630, 99946, 70732, 17665]"
117900,"[11572, 16646, 87786, 90898, 4744, 66101, 32845, 63745, 66801, 106977]"
117901,"[102100, 85929, 87497, 25429, 31905, 45101, 26749, 96073, 26861, 59183]"
117902,"[42031, 20763, 6987, 77378, 96644, 108130, 14524, 93689, 66382, 57752]"
117903,"[55472, 102091, 19525, 14866, 59217, 33129, 69770, 67523, 4533, 102614]"
117904,"[49251, 93954, 52679, 36657, 56226, 44945, 17260, 90577, 33562, 41056]"
117905,"[24335, 77231, 99171, 56362, 101373, 108697, 13, 61013, 102706, 26715]"
117906,"[43043, 68169, 7522, 59139, 21817, 107791, 74906, 101360, 96165, 78386]"
117907,"[15822, 18410, 17093, 43995, 106957, 11793, 13604, 52993, 17141, 97369]"
117908,"[65648, 22840, 41954, 15299, 89604, 72017, 94441, 83288, 24390, 9509]"
117909,"[32599, 79444, 100395, 12394, 1190, 58717, 16825, 67811, 44358, 80591]"
117910,"[40016, 109098, 45171, 66935, 14543, 46512, 60186, 81748, 83074, 40432]"
117911,"[50935, 109020, 82345, 25743, 70548, 42823, 24594, 21578, 109732, 81494]"
117912,"[68751, 95847, 11541, 56416, 85756, 67010, 104900, 106037, 52133, 51868]"
117913,"[28463, 55441, 31375, 76493, 71198, 51268, 2810, 63248, 25506, 104933]"
117914,"[9862, 43634, 97700, 15001, 72466, 2101, 98145, 33876, 37665, 34914]"
117915,"[3497, 60132, 98200, 15870, 84061, 53547, 51752, 9127, 72777, 133]"
117916,"[13531, 105213, 106624, 97352, 39433, 47429, 40838, 34850, 101061, 65758]"
117917,"[19169, 85366, 7076, 48844, 23055, 14304, 25946, 26209, 43646, 88750]"
117918,"[49704, 33425, 51455, 5742, 15554, 20119, 55316, 15608, 31697, 32004]"
117919,"[64992, 47385, 50887, 62707, 72910, 42504, 42340, 10315, 108561, 103182]"
117920,"[84403, 53696, 88458, 89770, 108134, 60472, 100793, 104608, 95405, 52838]"
117921,"[80376, 7948, 91504, 18603, 104559, 18225, 82841, 94218, 74782, 60847]"
117922,"[83584, 19722, 24267, 100561, 47734, 45033, 106179, 99005, 84274, 90975]"
117923,"[50921, 94235, 48292, 1041, 16208, 71878, 301, 35278, 67183, 70789]"
117924,"[38483, 88229, 40431, 6765, 44589, 76436, 78425, 95149, 49340, 65357]"
117925,"[1950, 93862, 27851, 26473, 60664, 25596, 36776, 80281, 5444, 11705]"
117926,"[390, 54789, 82077, 42771, 105350, 45541, 30911, 65071, 39439, 2017]"
117927,"[86978, 78599, 56110, 49491, 96634, 79642, 932, 31161, 85343, 54740]"
117928,"[61817, 54546, 82363, 48621, 50117, 13959, 65444, 46310, 68292, 79687]"
117929,"[71551, 26206, 54641, 84827, 83532, 59349, 52062, 40926, 102535, 48542]"
117930,"[30710, 3269, 106794, 64442, 2456, 13615, 60455, 98612, 64059, 28985]"
117931,"[60497, 9580, 17899, 2615, 82768, 104185, 11288, 17920, 101094, 12844]"
117932,"[90052, 47716, 52883, 1904, 93135, 13470, 82676, 39257, 10703, 2645]"
117933,"[44242, 62809, 34218, 82657, 100884, 96762, 21759, 69916, 60949, 52203]"
117934,"[69668, 28804, 5327, 88629, 6806, 73826, 6942, 108028, 21361, 42588]"
117935,"[96694, 35626, 59943, 96445, 42521, 415, 89859, 89826, 20559, 54151]"
117936,"[28154, 43064, 6985, 9239, 82341, 18025, 94841, 34047, 107294, 109394]"
117937,"[30401, 18669, 44652, 40748, 41840, 103958, 45027, 99858, 17053, 42253]"
117938,"[106228, 80383, 33032, 9052, 8764, 89408, 41433, 20218, 23548, 52752]"
117939,"[42782, 28049, 36300, 23028, 87109, 13194, 80810, 107830, 21039, 32268]"
117940,"[88078, 69953, 93441, 107593, 44544, 64968, 78258, 21437, 107443, 81511]"
117941,"[11779, 101513, 93422, 48778, 76276, 105349, 85768, 8219, 109503, 32921]"
117942,"[61274, 29696, 53798, 63109, 93226, 83785, 24743, 16084, 11543, 33354]"
117943,"[70721, 69810, 71596, 76827, 29012, 73910, 7938, 27182, 96559, 68188]"
117944,"[92430, 102451, 26882, 56953, 64500, 85438, 97075, 63760, 69863, 19688]"
117945,"[6380, 29645, 67399, 66852, 109199, 63135, 100020, 57158, 73581, 1434]"
117946,"[69272, 96120, 8687, 84132, 109701, 21190, 876, 39229, 98541, 76186]"
117947,"[44054, 9604, 87838, 67662, 92077, 81214, 59763, 19545, 50638, 57860]"
117948,"[3017, 5976, 63170, 26380, 99628, 29257, 84088, 84695, 66916, 84631]"
117949,"[55590, 102196, 27229, 9987, 103930, 64950, 9574, 27979, 88135, 54272]"
117950,"[38406, 34388, 77980, 67445, 12400, 106952, 10161, 42890, 7288, 520]"
117951,"[13974, 64358, 30713, 74405, 103293, 72343, 26819, 66948, 36293, 49722]"
117952,"[31213, 28555, 22644, 30499, 50291, 16355, 85841, 62243, 35028, 48967]"
117953,"[68580, 62387, 71280, 86367, 36086, 84080, 74600, 79941, 14365, 92037]"
117954,"[98558, 19022, 60571, 104151, 83858, 14660, 36378, 24406, 55892, 66145]"
117955,"[68164, 9950, 57842, 74751, 64710, 29263, 21055, 2792, 108176, 88896]"
117956,"[54410, 162, 64091, 74201, 55364, 68775, 71519, 60710, 65730, 48951]"
117957,"[100197, 41711, 107515, 28674, 84440, 92574, 81825, 41874, 6369, 39927]"
117958,"[29109, 9819, 35043, 34061, 33844, 95530, 95048, 65323, 7678, 59125]"
117959,"[61593, 15656, 104854, 52500, 102584, 12268, 105565, 15291, 22280, 83358]"
117960,"[75752, 47422, 37911, 53778, 92780, 57904, 57720, 58602, 47270, 99135]"
117961,"[33196, 24306, 40503, 4202, 66977, 25237, 23445, 84462, 37735, 89770]"
117962,"[53754, 32828, 70815, 40617, 106712, 33401, 53571, 46914, 53986, 15640]"
117963,"[76451, 69217, 56283, 101782, 50643, 86403, 59172, 108516, 46759, 81893]"
117964,"[7073, 51105, 87960, 67828, 4031, 104242, 56142, 44177, 69554, 3929]"
117965,"[93913, 7020, 78659, 88212, 108589, 97503, 49941, 88070, 22215, 39747]"
117966,"[14743, 1375, 72181, 107111, 1446, 39482, 57710, 18317, 46486, 84210]"
117967,"[22523, 25196, 32357, 14058, 91079, 103020, 94346, 95277, 32098, 43089]"
117968,"[65296, 62424, 24778, 29872, 37561, 97765, 16839, 9283, 20659, 18087]"
117969,"[85828, 96165, 49277, 85545, 102145, 8011, 69374, 104903, 64399, 99236]"
117970,"[42136, 50750, 107398, 100085, 101745, 47081, 30943, 105613, 52962, 71033]"
117971,"[93118, 1011, 75201, 96867, 58574, 61697, 34405, 69416, 43602, 78888]"
117972,"[44344, 52697, 99550, 38307, 1801, 77207, 57045, 10768, 18860, 154]"
117973,"[82324, 21320, 101284, 17607, 72435, 14452, 21344, 2398, 97039, 106601]"
117974,"[48840, 4346, 16970, 32258, 74210, 25361, 106764, 39205, 96916, 90224]"
117975,"[96459, 25766, 19380, 82238, 6611, 17175, 8837, 77656, 60852, 83565]"
117976,"[3514, 6188, 94620, 14704, 75133, 90149, 76079, 35206, 41860, 26207]"
117977,"[90046, 61678, 72162, 69642, 2615, 94650, 10962, 23917, 74424, 24388]"
117978,"[50202, 2265, 50131, 74944, 103949, 76513, 29225, 67767, 84352, 60338]"
117979,"[30475, 92568, 25457, 49482, 59606, 61121, 63460, 22019, 39859, 106728]"
117980,"[78061, 92849, 103935, 55836, 94490, 45722, 60292, 86654, 81050, 107433]"
117981,"[1892, 91446, 30338, 9491, 57167, 88734, 86325, 50568, 63441, 90694]"
117982,"[62318, 14834, 58509, 88158, 79914, 46694, 48631, 15230, 8734, 100591]"
117983,"[105591, 35759, 103488, 25508, 59997, 23808, 38542, 20829, 37846, 63868]"
117984,"[85432, 39344, 2300, 21878, 75859, 39690, 22401, 58768, 90496, 85507]"
117985,"[101754, 10843, 21993, 4347, 5296, 11121, 20080, 87905, 64789, 48406]"
117986,"[9235, 51157, 104276, 88901, 41953, 80382, 5619, 41998, 108443, 44236]"
117987,"[6065, 10498, 817, 78103, 97606, 60403, 22612, 86865, 66073, 7215]"
117988,"[45206, 62649, 81132, 84589, 51496, 13095, 88208, 77643, 9900, 66805]"
117989,"[65904, 101750, 46188, 95003, 49957, 38630, 60905, 4767, 35059, 69852]"
117990,"[49909, 732, 28391, 52931, 93171, 100444, 27748, 2493, 72091, 82376]"
117991,"[87550, 28979, 30027, 56028, 82234, 46744, 80025, 56526, 30861, 68181]"
117992,"[60701, 16937, 75629, 35669, 10000, 12277, 94151, 76310, 71497, 102391]"
117993,"[103903, 42919, 57321, 43037, 75395, 1547, 42513, 101531, 23188, 8520]"
117994,"[97500, 74992, 101292, 29164, 107426, 72321, 54962, 82957, 33576, 105099]"
117995,"[99784, 51058, 76673, 20439, 38409, 39701, 98807, 47876, 48415, 105289]"
117996,"[60228, 30172, 44172, 66727, 108865, 45067, 8507, 72972, 103180, 100958]"
117997,"[13446, 102182, 63169, 4855, 11108, 56778, 104374, 26305, 87352, 93458]"
117998,"[33714, 19335, 37299, 20785, 51685, 14907, 40168, 79014, 75667, 55673]"
117999,"[17690, 34614, 40262, 13507, 83839, 10780, 83191, 88017, 28056, 108212]"
118000,"[66227, 22692, 6672, 87023, 58937, 56725, 5335, 17240, 25990, 61903]"
118001,"[6572, 50706, 101437, 79948, 25376, 9988, 17183, 38150, 26849, 87332]"
118002,"[39139, 25500, 64214, 47020, 34085, 24203, 96410, 37441, 108577, 95607]"
118003,"[6574, 43143, 49339, 14291, 27520, 95306, 83192, 91889, 74443, 103249]"
118004,"[23748, 43277, 18914, 55418, 18103, 43687, 89383, 29808, 107064, 100992]"
118005,"[16771, 80041, 8997, 5306, 92609, 24730, 56270, 52276, 35485, 104178]"
118006,"[43979, 95423, 25810, 48603, 47647, 81301, 8324, 26414, 63864, 46522]"
118007,"[36454, 25776, 99297, 98464, 23795, 98094, 6869, 6407, 99787, 100502]"
118008,"[21757, 33941, 90629, 44504, 98674, 57956, 18276, 99855, 97761, 71352]"
118009,"[42363, 10577, 95120, 31093, 17386, 85161, 78912, 53324, 32192, 55760]"
118010,"[71890, 79132, 59523, 17955, 82837, 58759, 75904, 74127, 8937, 66591]"
118011,"[106730, 99848, 20866, 22797, 50179, 103274, 107368, 6950, 56790, 90156]"
118012,"[17891, 4389, 68317, 7738, 62420, 76464, 24239, 4815, 108390, 85419]"
118013,"[42664, 75813, 60385, 84867, 47121, 83279, 39066, 70624, 44041, 14070]"
118014,"[92134, 20582, 34077, 13283, 33715, 18021, 6067, 70515, 50371, 26179]"
118015,"[16408, 35381, 105120, 46559, 27984, 54188, 70472, 30193, 13465, 88824]"
118016,"[39887, 41908, 58437, 82530, 17708, 59935, 53912, 58064, 41148, 40803]"
118017,"[17935, 57181, 46652, 50333, 53317, 18129, 55588, 66578, 35762, 39712]"
118018,"[18114, 62408, 1440, 31400, 71054, 78641, 40147, 90252, 73102, 43600]"
118019,"[14105, 59687, 95348, 98021, 6175, 51073, 71215, 54318, 44231, 15531]"
118020,"[77444, 17344, 4884, 105365, 90611, 77706, 51152, 57675, 104847, 4677]"
118021,"[63490, 69342, 81715, 31936, 13696, 26274, 21117, 100759, 92868, 73454]"
118022,"[105955, 50916, 38270, 53641, 11178, 84780, 82039, 51062, 105316, 76667]"
118023,"[51549, 49882, 38424, 33292, 98335, 48675, 68038, 60725, 54466, 102396]"
118024,"[53936, 92354, 79065, 26850, 34914, 91322, 66158, 58504, 75788, 32790]"
118025,"[1567, 58781, 81409, 108890, 64198, 97771, 85896, 15169, 27959, 52821]"
118026,"[89017, 68154, 95641, 91983, 68855, 40550, 104314, 106281, 77691, 92154]"
118027,"[17668, 85036, 78551, 4947, 60477, 75213, 65688, 19983, 101763, 17454]"
118028,"[2209, 8189, 2198, 12876, 55108, 18786, 11223, 45841, 7542, 19079]"
118029,"[108522, 38855, 60102, 94940, 31589, 97922, 109059, 57392, 55490, 78596]"
118030,"[92729, 51756, 18111, 15116, 91329, 10043, 101794, 86974, 3063, 53103]"
118031,"[90422, 5663, 4637, 46454, 64624, 105077, 24400, 102493, 90710, 60695]"
118032,"[2018, 103590, 72395, 79946, 55596, 1929, 74481, 22808, 89432, 40632]"
118033,"[86846, 70652, 4101, 43883, 1443, 47863, 18621, 46360, 5141, 22923]"
118034,"[19199, 54680, 14790, 18989, 47841, 94311, 64675, 67485, 28322, 23786]"
118035,"[74530, 40680, 1483, 81510, 93640, 88794, 64277, 7934, 6115, 35437]"
118036,"[5964, 76799, 32089, 77842, 108246, 76295, 81026, 72749, 8348, 17214]"
118037,"[104100, 26159, 79537, 75708, 35922, 98612, 12193, 7629, 22908, 67843]"
118038,"[36306, 70795, 57441, 32166, 30581, 35461, 80546, 34730, 539, 89157]"
118039,"[39836, 9046, 80378, 2339, 99396, 33695, 50982, 35075, 84184, 12293]"
118040,"[96656, 88754, 59342, 91264, 60438, 8552, 15285, 72511, 87526, 72780]"
118041,"[40696, 51722, 104444, 55151, 70547, 4813, 7953, 10757, 63543, 6271]"
118042,"[78630, 80811, 37031, 87150, 71048, 95220, 82127, 39507, 13031, 74250]"
118043,"[20833, 49330, 43951, 11774, 13086, 96770, 61170, 21099, 68567, 23028]"
118044,"[95932, 7270, 98096, 21105, 49250, 104629, 69176, 25344, 79425, 57405]"
118045,"[100115, 21833, 52717, 46336, 15079, 105958, 70734, 66254, 17688, 88043]"
118046,"[47690, 109204, 102468, 53465, 83854, 100609, 26187, 86247, 4364, 80398]"
118047,"[66496, 59233, 97532, 19753, 61172, 32402, 79376, 1056, 40934, 66009]"
118048,"[15534, 107645, 8090, 90058, 25769, 17384, 91448, 86446, 86909, 65476]"
118049,"[22786, 92073, 7248, 33334, 61726, 39691, 42005, 42849, 84154, 96409]"
118050,"[99712, 32910, 52673, 105588, 12758, 35806, 12474, 101457, 55616, 21671]"
118051,"[64886, 7623, 104957, 88671, 74509, 34551, 75296, 55391, 45268, 15751]"
118052,"[62445, 80177, 35536, 41774, 61680, 18681, 53811, 85556, 37339, 98767]"
118053,"[28154, 43064, 6985, 9239, 82341, 18025, 94841, 34047, 107294, 109394]"
118054,"[43539, 26347, 12980, 40227, 38744, 97378, 68504, 79738, 15664, 21292]"
118055,"[11475, 14985, 75580, 94065, 8135, 93086, 96270, 85105, 83496, 85648]"
118056,"[66972, 71948, 12498, 51008, 44919, 15289, 104643, 66812, 10963, 106727]"
118057,"[27156, 7721, 71594, 109312, 64546, 90738, 55538, 9529, 42559, 95856]"
118058,"[52128, 97744, 77316, 4137, 106613, 26732, 74604, 91134, 16511, 1849]"
118059,"[75919, 100729, 79070, 45498, 84522, 9746, 96330, 100067, 97714, 13641]"
118060,"[16055, 89492, 24962, 66239, 8995, 56128, 33207, 102221, 76127, 83706]"
118061,"[92108, 55613, 67366, 1622, 108363, 30800, 53181, 37281, 106302, 17135]"
118062,"[54918, 40170, 104831, 29067, 30329, 64997, 97831, 35460, 60082, 80058]"
118063,"[95155, 19755, 61114, 86237, 22975, 19614, 22196, 41336, 60131, 41900]"
118064,"[12084, 21266, 29342, 54633, 48464, 22191, 69647, 8565, 81389, 88908]"
118065,"[99942, 101278, 55935, 19346, 32530, 24171, 55984, 9286, 99746, 24504]"
118066,"[35753, 92795, 89623, 25564, 79088, 73925, 98851, 7246, 100351, 93732]"
118067,"[63480, 74018, 33812, 88597, 62164, 78820, 55672, 102917, 1939, 95749]"
118068,"[45166, 106971, 17309, 91762, 39657, 25078, 66376, 19795, 5428, 18138]"
118069,"[55621, 49448, 52437, 39837, 106612, 66589, 82697, 38692, 101552, 67359]"
118070,"[58121, 13921, 33658, 7477, 27998, 9892, 101859, 56835, 31447, 11287]"
118071,"[3627, 27966, 11236, 6538, 78355, 54179, 48707, 47456, 104939, 83943]"
118072,"[79510, 33620, 36717, 54312, 90021, 13703, 82606, 2353, 65646, 41301]"
118073,"[67586, 3275, 1197, 79315, 18754, 24515, 18718, 76060, 103764, 98059]"
118074,"[11669, 46446, 29599, 58392, 39619, 8423, 37833, 50346, 54740, 79650]"
118075,"[85857, 73517, 56489, 92443, 108827, 28173, 43878, 13707, 94015, 70843]"
118076,"[50700, 51801, 75629, 10150, 81745, 90643, 58566, 12659, 3339, 24362]"
118077,"[16893, 14250, 9386, 82797, 21298, 65621, 89610, 80199, 38861, 28330]"
118078,"[72835, 88101, 17657, 73674, 90731, 28946, 88932, 99863, 76873, 99840]"
118079,"[32900, 47559, 39723, 80222, 37721, 18139, 11952, 27449, 90677, 65426]"
118080,"[23350, 71393, 31979, 88643, 54485, 57222, 88804, 71508, 105005, 37731]"
118081,"[73940, 5379, 40170, 41499, 17308, 30022, 106747, 69450, 58581, 87910]"
118082,"[26940, 20038, 24081, 93927, 77854, 60313, 46880, 33318, 98468, 101446]"
118083,"[60613, 90145, 89207, 59291, 47829, 78631, 83852, 105307, 69357, 16014]"
118084,"[34835, 90732, 73681, 102786, 67448, 4837, 107075, 88334, 6643, 64384]"
118085,"[106259, 38958, 103054, 75070, 49430, 64378, 27058, 107299, 103457, 98839]"
118086,"[45276, 54500, 28502, 39441, 40623, 2679, 61053, 85343, 94074, 44734]"
118087,"[31532, 80945, 36727, 87655, 89244, 21444, 95821, 100256, 89137, 55142]"
118088,"[10084, 82802, 62777, 594, 87424, 78227, 62923, 73456, 63402, 109194]"
118089,"[98950, 26856, 80962, 13410, 44687, 4856, 29416, 87740, 100372, 102689]"
118090,"[48689, 51042, 74752, 40779, 61528, 68170, 108007, 86491, 45085, 71749]"
118091,"[42303, 14462, 35589, 63938, 76320, 103865, 83436, 98855, 79213, 46098]"
118092,"[50123, 62172, 47421, 69653, 58587, 14173, 103631, 8429, 75711, 85694]"
118093,"[10640, 107694, 50414, 5720, 102249, 29423, 101814, 27240, 105714, 79287]"
118094,"[99673, 33893, 56520, 51468, 15696, 105459, 50812, 8031, 43989, 37579]"
118095,"[83782, 27631, 19720, 16276, 85786, 94442, 23536, 7724, 1712, 38948]"
118096,"[2549, 7724, 91479, 39783, 32097, 27533, 67212, 52390, 93958, 14994]"
118097,"[34476, 94558, 106232, 13564, 89530, 64055, 10701, 99523, 60467, 22225]"
118098,"[72612, 19492, 17807, 17840, 82343, 25553, 79805, 34591, 91409, 19692]"
118099,"[97262, 74617, 90215, 1333, 73653, 31707, 50224, 69823, 61189, 49173]"
118100,"[24355, 32393, 65286, 83672, 84807, 76926, 29027, 46208, 68887, 36721]"
118101,"[35052, 61394, 41178, 102270, 21808, 31459, 91563, 18650, 15398, 3236]"
118102,"[40444, 54110, 81886, 36583, 1506, 25431, 59555, 35152, 7015, 98312]"
118103,"[16817, 35683, 34254, 19407, 38516, 26178, 78695, 58409, 68230, 5557]"
118104,"[103523, 108763, 6988, 37779, 69033, 72874, 25076, 15704, 68156, 9007]"
118105,"[45539, 104249, 106941, 60916, 96239, 33499, 4671, 106339, 82740, 90303]"
118106,"[94487, 39197, 80954, 16720, 49896, 61695, 14831, 6357, 23072, 15655]"
118107,"[45303, 17304, 38219, 6021, 98859, 48322, 86443, 108456, 106479, 40066]"
118108,"[52972, 108101, 25568, 98927, 64879, 55218, 64030, 34969, 19643, 9791]"
118109,"[85182, 3722, 53477, 54331, 7326, 55364, 74201, 77771, 80368, 22140]"
118110,"[51804, 2594, 99390, 682, 31800, 105419, 105579, 46713, 5947, 562]"
118111,"[83760, 53414, 3604, 99241, 65679, 91216, 90347, 1121, 41238, 86666]"
118112,"[98498, 46511, 78452, 81030, 3462, 33592, 93293, 98529, 49744, 79536]"
118113,"[27191, 5945, 80482, 5698, 15888, 102457, 36918, 6336, 96739, 23467]"
118114,"[74162, 42528, 48192, 96967, 63184, 26708, 67511, 21544, 23512, 59402]"
118115,"[6968, 70189, 92647, 25994, 56022, 62968, 37523, 71282, 80425, 38910]"
118116,"[42986, 13042, 53269, 16916, 31328, 18007, 5229, 84156, 10926, 107175]"
118117,"[94099, 90978, 98629, 82807, 96377, 94554, 35207, 93099, 103417, 74752]"
118118,"[25223, 26566, 26763, 10649, 64814, 37908, 38515, 81670, 13582, 76917]"
118119,"[97776, 98180, 89805, 93179, 47580, 9963, 13542, 8878, 67446, 44027]"
118120,"[61459, 44103, 12039, 10235, 98789, 8093, 105218, 47133, 108866, 59735]"
118121,"[11467, 66524, 28695, 19159, 87856, 91122, 79922, 39982, 42269, 84865]"
118122,"[41375, 96575, 74225, 101529, 99857, 80231, 15866, 85361, 64919, 59819]"
118123,"[20803, 22797, 54989, 631, 103274, 46399, 44683, 97731, 94081, 107372]"
118124,"[104474, 100448, 39062, 44895, 24678, 10644, 39590, 62071, 18486, 47575]"
118125,"[42245, 12692, 106374, 96613, 39230, 11691, 31424, 68152, 105605, 44464]"
118126,"[42392, 72773, 25067, 71389, 37471, 68974, 36995, 50658, 68853, 20838]"
118127,"[65638, 42008, 16558, 88047, 37315, 63234, 108808, 7123, 37526, 38379]"
118128,"[75062, 96245, 80805, 67219, 38412, 94499, 17241, 85927, 62894, 102653]"
118129,"[49615, 74563, 104837, 70623, 84610, 98359, 60326, 16240, 100256, 89137]"
118130,"[54243, 55012, 83091, 17690, 13507, 78424, 95298, 43562, 20690, 105017]"
118131,"[27889, 85815, 90576, 43585, 50782, 107808, 25753, 63179, 71923, 81946]"
118132,"[83530, 90843, 56719, 6771, 2489, 8133, 86907, 108796, 53979, 1568]"
118133,"[73852, 55087, 60067, 107333, 43603, 85779, 22875, 3596, 64526, 46296]"
118134,"[68680, 67618, 102832, 77505, 44482, 52145, 15054, 68996, 5858, 79456]"
118135,"[63975, 10777, 63373, 57836, 39624, 48368, 29848, 107851, 92699, 72139]"
118136,"[44560, 48497, 101649, 108925, 90613, 29389, 35487, 85795, 69961, 88305]"
118137,"[21184, 72689, 16053, 106147, 101137, 10758, 46535, 15950, 9978, 50250]"
118138,"[78457, 30205, 25670, 96630, 45712, 63465, 37274, 2712, 104062, 251]"
118139,"[70183, 43432, 99162, 11689, 91683, 63005, 2666, 25870, 50739, 37824]"
118140,"[80293, 97366, 84437, 82285, 46111, 44399, 15813, 90193, 13389, 8505]"
118141,"[77416, 32488, 42294, 78845, 69753, 103482, 55507, 99720, 34131, 43478]"
118142,"[60890, 28531, 73331, 32101, 60012, 36553, 43172, 3633, 75294, 3621]"
118143,"[55091, 47168, 23141, 109447, 79481, 41457, 108118, 11796, 22099, 104800]"
118144,"[99864, 98045, 68908, 3343, 28095, 54559, 104037, 68745, 13126, 106663]"
118145,"[13388, 54834, 83009, 7017, 44801, 51290, 72956, 3493, 33304, 87843]"
118146,"[93146, 46501, 89798, 26985, 31907, 59742, 807, 83793, 3017, 11428]"
118147,"[63279, 20365, 11386, 20101, 54078, 41037, 37543, 33262, 23333, 53982]"
118148,"[24200, 19368, 45717, 58909, 36145, 49154, 30320, 53551, 109650, 11662]"
118149,"[33096, 85888, 15008, 104290, 28021, 17328, 4357, 97151, 62962, 35928]"
118150,"[21551, 87308, 57494, 80259, 54786, 67519, 98719, 38616, 77923, 25851]"
118151,"[74012, 12504, 5280, 103725, 58448, 17196, 94733, 28134, 60606, 48018]"
118152,"[5039, 27235, 66532, 10923, 87927, 77640, 11038, 9013, 54503, 72937]"
118153,"[6996, 93489, 20299, 29248, 45904, 83157, 71074, 91671, 2089, 11736]"
118154,"[24479, 88201, 22751, 68800, 88151, 83827, 855, 83663, 62435, 3059]"
118155,"[53736, 62617, 78569, 59382, 99476, 58146, 90640, 13941, 71207, 74620]"
118156,"[108085, 67529, 50767, 55195, 39275, 52532, 81809, 42720, 55146, 72684]"
118157,"[31085, 52866, 25283, 76600, 99852, 12686, 75048, 884, 49907, 33629]"
118158,"[81109, 3847, 6518, 31302, 108197, 27242, 102652, 80881, 63736, 33506]"
118159,"[26031, 42492, 38264, 70645, 83708, 63775, 63874, 108798, 49650, 24256]"
118160,"[42600, 25848, 51461, 90759, 75036, 18377, 5930, 41679, 96747, 38179]"
118161,"[11216, 45118, 73487, 92888, 109547, 104772, 89609, 90783, 92771, 38049]"
118162,"[61025, 4700, 15792, 32454, 33229, 70304, 98957, 38493, 4595, 108494]"
118163,"[52889, 87472, 28366, 81460, 43682, 60557, 83765, 78577, 11105, 10030]"
118164,"[55515, 107494, 22237, 90518, 76943, 59441, 72523, 93801, 102035, 79783]"
118165,"[95610, 69564, 47327, 73013, 69077, 104872, 46784, 87417, 5972, 11748]"
118166,"[72391, 82063, 45077, 63112, 46373, 60287, 104808, 68008, 99715, 82458]"
118167,"[73508, 99896, 21155, 18032, 37855, 74313, 75051, 6658, 36911, 80300]"
118168,"[57046, 36557, 61429, 13748, 81595, 21065, 99438, 75209, 107874, 6331]"
118169,"[58661, 76100, 4385, 71280, 16956, 15391, 44611, 45033, 72676, 29424]"
118170,"[55210, 106936, 70643, 683, 81283, 26723, 38504, 101151, 39861, 84569]"
118171,"[19929, 64820, 64048, 23976, 39854, 47385, 19598, 15503, 108561, 24911]"
118172,"[85089, 90524, 49574, 82084, 14950, 105041, 43118, 85662, 42435, 65642]"
118173,"[49990, 98196, 94507, 99379, 35108, 82246, 47147, 41508, 66947, 106570]"
118174,"[25156, 96770, 93992, 78775, 105039, 71360, 46317, 73371, 42585, 84844]"
118175,"[74277, 22919, 89150, 32955, 857, 12873, 66323, 22742, 20828, 61594]"
118176,"[25776, 46938, 83374, 6869, 23795, 87810, 58856, 104790, 79976, 20073]"
118177,"[10529, 76047, 87796, 29889, 83284, 75422, 85342, 48881, 51071, 87646]"
118178,"[82630, 61836, 24798, 62289, 2435, 80683, 44602, 2658, 4925, 53632]"
118179,"[68732, 83765, 87472, 67656, 86754, 39199, 13824, 10030, 13831, 68918]"
118180,"[19250, 106273, 72919, 87234, 49843, 96472, 74802, 43032, 85697, 11205]"
118181,"[87907, 20600, 28941, 100313, 68589, 26112, 15760, 100232, 53348, 16344]"
118182,"[70567, 91823, 1099, 15071, 69504, 69252, 69496, 18331, 104936, 14137]"
118183,"[80237, 102399, 79884, 67730, 71287, 57164, 6340, 43046, 4100, 58636]"
118184,"[30239, 67734, 32814, 33878, 106435, 49652, 44120, 80552, 82242, 36442]"
118185,"[106726, 90229, 68238, 8915, 64191, 13248, 6653, 52319, 19652, 59386]"
118186,"[66192, 92790, 99133, 99329, 47564, 57453, 19934, 89775, 40824, 7959]"
118187,"[28952, 41602, 95560, 34990, 61126, 82729, 85635, 80888, 88737, 90286]"
118188,"[37943, 77747, 15530, 6752, 28600, 6819, 14538, 109083, 69915, 14031]"
118189,"[79564, 106425, 108121, 12849, 105330, 94802, 73659, 58025, 22569, 106905]"
118190,"[18962, 1764, 9347, 64179, 27822, 80607, 24091, 9644, 12271, 32648]"
118191,"[43892, 37850, 41619, 72840, 24177, 57454, 73959, 64969, 73239, 103105]"
118192,"[15827, 3777, 38708, 10111, 26142, 107093, 49329, 16881, 76854, 90195]"
118193,"[24901, 69693, 45136, 90040, 82936, 10033, 50747, 67785, 59166, 42868]"
118194,"[83302, 88019, 76341, 70266, 29139, 76942, 37792, 95999, 24078, 27432]"
118195,"[38780, 34951, 49318, 84976, 47288, 94763, 58530, 109349, 107090, 70303]"
118196,"[106641, 30168, 58616, 60383, 13019, 16402, 14389, 4413, 29228, 59846]"
118197,"[74256, 73553, 70227, 20968, 92889, 80351, 24149, 92388, 3734, 87770]"
118198,"[90812, 27370, 19019, 78391, 78994, 7698, 72158, 107993, 45612, 46830]"
118199,"[38409, 51058, 55735, 95549, 99784, 39701, 76673, 47876, 20439, 7064]"
118200,"[46611, 108340, 61626, 75106, 86731, 67689, 6359, 97207, 81852, 79081]"
118201,"[51156, 54385, 25690, 3630, 106553, 54737, 86256, 38064, 74298, 32420]"
118202,"[52513, 17570, 48388, 99769, 30955, 61396, 40776, 95718, 95991, 43841]"
118203,"[20271, 83446, 95871, 76671, 89751, 73770, 36429, 54657, 96561, 84192]"
118204,"[31540, 44678, 37818, 33062, 29559, 10738, 86080, 53859, 11136, 59046]"
118205,"[79059, 98520, 74410, 4866, 102363, 27787, 58274, 109217, 21273, 103244]"
118206,"[102855, 29155, 86702, 93482, 107087, 84501, 46308, 3384, 107587, 92591]"
118207,"[105239, 27779, 18074, 106162, 68035, 72340, 11642, 40818, 15039, 102199]"
118208,"[61471, 96959, 20244, 43103, 73175, 48540, 55810, 97108, 10243, 97888]"
118209,"[27065, 37957, 57052, 103678, 52598, 54536, 37006, 67068, 86457, 40182]"
118210,"[55336, 1313, 14213, 22474, 91339, 52992, 55440, 69846, 20843, 56247]"
118211,"[63775, 108798, 60379, 25275, 94006, 40831, 26031, 106626, 73739, 14701]"
118212,"[105478, 47669, 79921, 3374, 49757, 83965, 20557, 7336, 25310, 89978]"
118213,"[61964, 64684, 97061, 3626, 20128, 81846, 49868, 40464, 53967, 58910]"
118214,"[95559, 69943, 80979, 33814, 23720, 77828, 60350, 73875, 66191, 46499]"
118215,"[49402, 41996, 91857, 74029, 55266, 55273, 38876, 47586, 71347, 25673]"
118216,"[63700, 23215, 101132, 15418, 21691, 99487, 75704, 83840, 89391, 73958]"
118217,"[33589, 78964, 36492, 49424, 52162, 74080, 93261, 7840, 15249, 24984]"
118218,"[89646, 16373, 56827, 74555, 67309, 73299, 13218, 40518, 67553, 92630]"
118219,"[90055, 49415, 71380, 48937, 69968, 11652, 40614, 30627, 1899, 79285]"
118220,"[22371, 65699, 89852, 23166, 75933, 103413, 64010, 22288, 66218, 27733]"
118221,"[28081, 104885, 63232, 47685, 90398, 106981, 4064, 99753, 51838, 41386]"
118222,"[92300, 30546, 60375, 99966, 61430, 89596, 84025, 105716, 26274, 104967]"
118223,"[73487, 62651, 77629, 82129, 71930, 66012, 109276, 32172, 54117, 95816]"
118224,"[41774, 35192, 57176, 34083, 41581, 43854, 62445, 90772, 80177, 96413]"
118225,"[49016, 73409, 95419, 42471, 52727, 36590, 81644, 65176, 18680, 37358]"
118226,"[57208, 91675, 106087, 59279, 57891, 100062, 96590, 104983, 36371, 41475]"
118227,"[84985, 30656, 60423, 73024, 88100, 55680, 65231, 94555, 21235, 72709]"
118228,"[93997, 7295, 61441, 86794, 106581, 7944, 1890, 53089, 10759, 27568]"
118229,"[90964, 23613, 8416, 3978, 48584, 63223, 92246, 13786, 77200, 108725]"
118230,"[89621, 35190, 109336, 5170, 66298, 1556, 17165, 29289, 108509, 52138]"
118231,"[89592, 87584, 81628, 106986, 72579, 11612, 44465, 30041, 82845, 53089]"
118232,"[1514, 105290, 108333, 1489, 63666, 73162, 95959, 22122, 22373, 9660]"
118233,"[4398, 34148, 2220, 23621, 63166, 65680, 63590, 47296, 100924, 15186]"
118234,"[38304, 10517, 20501, 37923, 3708, 63454, 45512, 25549, 95518, 51666]"
118235,"[100361, 93433, 67979, 27020, 81658, 52927, 10031, 33643, 60264, 87603]"
118236,"[9981, 45923, 57376, 20853, 49600, 2676, 72717, 87771, 38827, 72952]"
118237,"[6454, 32210, 92436, 97573, 78981, 34407, 30865, 94748, 58465, 58055]"
118238,"[50354, 72559, 12888, 24079, 28785, 53523, 80956, 17330, 11332, 57191]"
118239,"[109618, 69057, 99313, 19472, 67822, 6725, 34850, 16559, 5024, 24023]"
118240,"[58457, 82727, 72116, 35229, 84213, 37998, 92357, 3115, 96878, 103222]"
118241,"[53592, 45839, 38609, 63721, 45225, 36847, 27962, 59219, 12248, 83798]"
118242,"[68843, 27964, 85676, 41478, 98985, 31879, 32074, 11781, 29854, 82427]"
118243,"[54884, 33387, 103202, 103745, 37401, 53902, 101726, 75472, 91297, 36348]"
118244,"[61122, 52406, 75534, 85598, 78810, 44996, 87094, 12932, 75448, 17958]"
118245,"[58482, 71581, 91967, 31925, 78445, 96576, 73505, 10540, 16792, 58900]"
118246,"[47741, 52328, 26485, 46729, 108758, 51069, 5416, 11062, 43252, 55055]"
118247,"[20558, 104162, 34902, 52695, 51241, 56662, 80372, 107699, 101831, 5477]"
118248,"[67899, 46901, 66291, 68715, 37486, 89682, 7307, 107107, 46721, 41947]"
118249,"[35422, 88169, 88422, 94318, 101317, 23216, 42352, 20593, 19108, 72605]"
118250,"[37607, 91556, 23661, 73465, 77298, 47453, 88989, 49270, 68704, 12297]"
118251,"[98304, 25963, 11346, 67792, 40291, 53363, 41431, 90511, 34642, 99084]"
118252,"[67077, 58521, 30500, 64281, 6612, 60248, 72971, 89043, 98479, 59670]"
118253,"[40958, 96656, 64636, 50834, 52180, 35872, 67539, 62218, 101239, 35201]"
118254,"[20643, 14592, 81860, 52882, 50160, 109721, 92117, 10617, 102330, 72129]"
118255,"[51416, 78839, 57104, 10435, 50402, 55845, 35736, 41488, 99685, 50230]"
118256,"[36967, 105958, 3584, 29457, 92990, 69505, 66575, 45351, 75934, 77583]"
118257,"[40036, 49000, 30432, 97397, 7613, 30605, 6003, 56125, 29316, 29319]"
118258,"[23893, 106985, 17899, 72731, 14012, 50985, 9580, 14691, 20732, 70625]"
118259,"[101155, 59184, 2062, 104718, 103488, 37511, 87366, 7354, 90011, 38542]"
118260,"[68827, 30149, 66810, 52776, 32388, 108841, 87830, 1040, 28848, 46663]"
118261,"[59759, 53150, 91189, 27288, 57156, 29480, 93828, 64966, 31558, 76005]"
118262,"[36602, 34712, 38063, 24344, 51207, 109322, 46163, 49602, 86152, 25271]"
118263,"[84046, 1487, 53795, 66158, 21794, 66645, 79065, 87389, 85322, 33876]"
118264,"[88084, 6535, 24959, 79853, 107665, 90785, 49860, 62081, 61906, 59923]"
118265,"[50962, 12631, 13795, 41483, 60122, 109470, 73583, 38563, 27859, 42015]"
118266,"[34515, 37457, 20272, 49867, 50991, 88055, 96895, 46854, 106002, 28766]"
118267,"[69532, 45976, 71580, 60573, 68517, 56565, 28247, 73687, 13497, 66217]"
118268,"[56229, 108195, 24093, 54050, 90777, 64881, 28698, 31490, 6566, 76133]"
118269,"[6861, 68528, 29217, 54832, 50848, 69626, 82660, 62733, 58363, 29102]"
118270,"[35702, 96149, 30664, 8654, 58400, 85203, 105097, 100530, 107874, 36486]"
118271,"[17510, 83513, 81451, 48616, 17921, 42323, 16046, 67693, 34900, 17060]"
118272,"[87639, 41683, 57890, 19240, 13758, 86816, 49908, 102841, 47384, 88562]"
118273,"[32808, 31268, 37345, 109502, 90087, 30228, 86392, 28992, 102306, 28541]"
118274,"[12469, 23823, 24680, 88711, 12497, 7695, 37453, 96555, 108668, 87257]"
118275,"[26243, 4970, 85349, 99217, 15893, 3130, 4390, 37708, 33670, 10873]"
118276,"[85375, 71978, 53842, 58570, 62895, 97121, 89078, 75876, 90728, 14786]"
118277,"[8559, 51836, 43628, 35698, 66014, 71162, 104868, 77913, 56557, 32947]"
118278,"[16891, 92160, 82060, 81920, 59481, 16354, 58366, 85070, 90186, 76698]"
118279,"[59063, 82061, 24574, 7919, 83984, 64464, 52060, 22489, 53615, 61743]"
118280,"[78412, 20944, 3441, 106933, 107291, 36220, 56072, 49127, 108068, 45833]"
118281,"[77440, 19862, 10895, 46532, 36098, 27353, 101213, 54410, 43225, 61730]"
118282,"[11387, 44579, 34394, 52101, 94900, 87384, 60183, 105926, 85852, 87885]"
118283,"[100361, 93433, 67979, 95943, 109589, 13525, 27020, 24288, 42527, 81658]"
118284,"[48376, 95298, 10780, 83091, 88710, 7775, 40856, 24414, 55852, 11004]"
118285,"[16006, 14657, 6477, 53150, 88325, 16901, 7994, 54986, 12856, 33037]"
118286,"[5851, 64369, 81639, 88148, 101099, 88686, 101831, 58829, 49858, 5477]"
118287,"[41493, 81323, 94773, 77764, 103765, 24885, 14895, 99919, 55654, 45550]"
118288,"[69543, 15841, 101195, 81840, 72255, 105715, 77410, 67935, 40136, 85029]"
118289,"[54461, 81093, 17919, 100499, 103536, 55463, 80398, 72210, 2626, 76882]"
118290,"[83961, 87554, 66687, 93492, 45930, 62962, 35272, 92885, 26149, 22624]"
118291,"[84873, 80008, 60340, 29510, 4786, 96364, 91984, 32350, 55785, 97671]"
118292,"[28798, 73243, 40521, 103575, 74859, 92087, 38779, 41312, 39146, 17054]"
118293,"[104359, 80095, 66803, 15772, 52560, 64163, 46110, 95821, 98221, 36790]"
118294,"[83959, 59091, 24721, 55466, 62334, 98646, 87106, 90847, 85163, 21767]"
118295,"[10519, 102843, 4190, 98267, 94030, 47237, 36390, 23986, 21181, 1622]"
118296,"[90560, 79945, 59012, 24071, 4931, 6573, 85975, 27484, 43699, 46130]"
118297,"[102601, 109553, 79958, 108707, 80300, 12378, 44907, 91600, 4539, 66050]"
118298,"[38443, 78689, 46540, 27292, 38867, 8297, 88873, 82123, 57854, 19126]"
118299,"[87413, 87520, 57303, 75059, 55694, 63813, 74942, 82805, 2873, 90927]"
118300,"[108872, 95135, 46280, 106272, 24748, 41545, 101025, 60165, 66450, 103404]"
118301,"[108407, 26631, 26901, 79380, 104980, 9835, 50064, 32842, 6043, 5884]"
118302,"[19564, 83123, 48707, 107917, 6784, 23839, 26212, 39794, 86039, 41383]"
118303,"[17752, 39490, 84492, 96452, 81885, 88226, 90756, 1869, 46735, 88033]"
118304,"[43288, 103007, 25179, 93766, 26809, 78439, 83683, 54457, 106198, 95216]"
118305,"[25741, 24210, 37879, 34327, 335, 50089, 33740, 744, 65117, 37976]"
118306,"[90358, 104724, 87228, 101476, 54442, 82546, 104768, 60943, 84758, 6177]"
118307,"[36023, 108878, 48928, 61825, 85797, 89579, 10651, 102426, 62385, 35496]"
118308,"[30081, 101836, 17645, 57386, 98354, 55196, 73279, 105099, 97500, 429]"
118309,"[27691, 28594, 59169, 38634, 42573, 351, 85649, 27304, 99943, 87170]"
118310,"[2471, 8703, 8330, 92476, 19919, 29821, 18564, 48384, 22007, 37698]"
118311,"[11650, 32161, 95138, 107350, 56634, 70251, 32071, 55049, 34102, 88427]"
118312,"[9257, 65823, 47058, 38088, 72539, 11616, 1161, 49919, 66595, 62872]"
118313,"[9318, 94766, 40304, 54677, 73936, 98933, 16892, 11747, 35984, 3326]"
118314,"[37255, 84407, 37651, 99706, 62084, 84999, 53784, 102606, 106428, 92906]"
118315,"[104389, 40919, 97541, 95866, 13707, 87945, 28173, 40567, 50377, 89917]"
118316,"[1741, 12241, 30897, 17953, 34838, 20154, 47712, 15593, 7455, 90281]"
118317,"[10904, 104681, 5552, 48747, 99546, 106233, 88894, 61876, 25957, 27328]"
118318,"[76870, 27975, 30486, 32118, 4639, 56650, 13155, 89191, 73317, 49969]"
118319,"[101492, 86024, 80983, 17673, 23639, 69246, 54399, 108413, 35746, 8412]"
118320,"[102523, 102222, 74103, 92739, 94482, 12281, 78904, 6341, 54037, 8953]"
118321,"[1860, 105503, 8083, 14849, 100803, 69115, 85542, 2991, 8376, 20727]"
118322,"[86620, 80629, 62862, 39602, 31618, 79041, 40616, 74184, 56977, 162]"
118323,"[57624, 93493, 41359, 108411, 62919, 91747, 70318, 56121, 94134, 40069]"
118324,"[87121, 6546, 106225, 19744, 57371, 2879, 64680, 100683, 97438, 24281]"
118325,"[85540, 73130, 9257, 32572, 97076, 19305, 42592, 47058, 25188, 47267]"
118326,"[45224, 11992, 56566, 101951, 1098, 75792, 34767, 105610, 84404, 54408]"
118327,"[14507, 3443, 31641, 74126, 29774, 42042, 15429, 71039, 17406, 57618]"
118328,"[44900, 85592, 72950, 30581, 54649, 75280, 25730, 57403, 57380, 94818]"
118329,"[56208, 70943, 90009, 62141, 7411, 80594, 95776, 66372, 13889, 88654]"
118330,"[99117, 92681, 75597, 80682, 50521, 45676, 31508, 46209, 14441, 52115]"
118331,"[37666, 96389, 43231, 42648, 108736, 40650, 10701, 24206, 59278, 18410]"
118332,"[16065, 91851, 10739, 100571, 55882, 95838, 65833, 96365, 27411, 61361]"
118333,"[43065, 52532, 39275, 18769, 45663, 78359, 27738, 70938, 13168, 33934]"
118334,"[34372, 68555, 78793, 10320, 60256, 4337, 7304, 83001, 102346, 9805]"
118335,"[14489, 81539, 89217, 17290, 8644, 81333, 35538, 9414, 40715, 18556]"
118336,"[65240, 41201, 102286, 9454, 12190, 25065, 63290, 102065, 96572, 39838]"
118337,"[92309, 38469, 78797, 107800, 33273, 80006, 99317, 18598, 30970, 4884]"
118338,"[85705, 27084, 46773, 43590, 8629, 57829, 105257, 46389, 101056, 19600]"
118339,"[17426, 8427, 3395, 66035, 27603, 11753, 73815, 37872, 36543, 34770]"
118340,"[102502, 69500, 81764, 46705, 90298, 10825, 14322, 86037, 35825, 47039]"
118341,"[99445, 23824, 59317, 88591, 69854, 21861, 73660, 12738, 41019, 24570]"
118342,"[47780, 37227, 50314, 31506, 29585, 91467, 30565, 68634, 10811, 100492]"
118343,"[47463, 50677, 16765, 10763, 100470, 52687, 22859, 45956, 26111, 26060]"
118344,"[104459, 56360, 22354, 83909, 71199, 27745, 31148, 62874, 1742, 105118]"
118345,"[98674, 32733, 101580, 18276, 4369, 90629, 9976, 5819, 15502, 103068]"
118346,"[52928, 89269, 72757, 87254, 34151, 24643, 94972, 28875, 3727, 72058]"
118347,"[88702, 53323, 19996, 66219, 68229, 34136, 89012, 64568, 57556, 107318]"
118348,"[32905, 22758, 52969, 59820, 27561, 53643, 36511, 53749, 109328, 93341]"
118349,"[8845, 25999, 58654, 48496, 29806, 31097, 76279, 79401, 23113, 49109]"
118350,"[101868, 28760, 460, 98264, 93017, 40022, 23376, 13929, 106038, 73992]"
118351,"[53064, 72691, 20900, 98803, 56313, 89608, 23835, 22185, 77491, 45095]"
118352,"[96014, 21788, 68078, 49966, 106097, 20621, 94515, 99524, 43195, 9956]"
118353,"[615, 100493, 38806, 11153, 53569, 106086, 64118, 53028, 23608, 41398]"
118354,"[90739, 96439, 27968, 63046, 88905, 106378, 15984, 53214, 47460, 45239]"
118355,"[83087, 67474, 65542, 33775, 36311, 23077, 70956, 91263, 81518, 79460]"
118356,"[55392, 29051, 67609, 69118, 47723, 37868, 71395, 64595, 14857, 11683]"
118357,"[102229, 83870, 52977, 97001, 44554, 101893, 35866, 47149, 8443, 23146]"
118358,"[82917, 13030, 91989, 60252, 26899, 35067, 26429, 97419, 55656, 51449]"
118359,"[60208, 51334, 56430, 14363, 30764, 63877, 19962, 82703, 17412, 97131]"
118360,"[104171, 8810, 19953, 64219, 9755, 104274, 22170, 59912, 61295, 76220]"
118361,"[90152, 33736, 13115, 85715, 56823, 30005, 70665, 15190, 79866, 57598]"
118362,"[73174, 34234, 10910, 32539, 45725, 66313, 73092, 57060, 60341, 109264]"
118363,"[317, 59459, 9659, 68297, 68477, 49102, 24623, 17971, 81880, 99406]"
118364,"[14550, 89159, 57030, 57750, 16255, 46858, 10953, 3009, 34120, 32218]"
118365,"[27785, 59241, 17398, 62290, 8053, 19360, 47361, 104695, 34165, 104181]"
118366,"[44843, 93192, 21025, 48508, 49099, 75350, 69312, 40701, 6120, 81894]"
118367,"[5874, 39336, 47475, 75901, 9893, 71114, 60622, 16933, 43278, 75632]"
118368,"[72527, 78483, 58542, 90648, 88022, 52135, 97618, 45393, 52575, 22029]"
118369,"[70119, 52543, 64249, 75128, 80858, 39880, 95688, 74919, 34060, 30340]"
118370,"[77978, 74661, 16339, 104201, 11510, 58143, 97493, 78971, 35979, 33549]"
118371,"[39215, 26195, 37797, 45687, 72779, 102671, 87588, 65168, 76811, 4635]"
118372,"[83175, 60756, 80637, 55252, 14483, 90215, 21509, 58949, 71084, 49362]"
118373,"[85282, 964, 26738, 19838, 35396, 54358, 73624, 1450, 62451, 35749]"
118374,"[19138, 26797, 1819, 75244, 17176, 19280, 56635, 36080, 43087, 109605]"
118375,"[20778, 31449, 82187, 51675, 89264, 55749, 2280, 42706, 94094, 82664]"
118376,"[15951, 103187, 90062, 55936, 24448, 23288, 27341, 28702, 80135, 9026]"
118377,"[1626, 871, 38759, 91840, 89444, 48481, 41557, 85657, 78553, 93952]"
118378,"[30474, 24623, 73771, 87090, 9145, 74657, 49591, 39866, 20772, 105457]"
118379,"[75830, 27991, 85828, 20705, 20134, 1135, 23719, 80377, 60676, 53473]"
118380,"[21734, 90439, 20059, 93105, 58318, 105738, 102134, 102991, 100504, 18832]"
118381,"[94568, 14438, 32333, 72522, 83992, 58162, 18321, 79461, 79421, 105243]"
118382,"[104337, 98362, 100035, 71765, 107495, 19909, 54944, 50911, 34329, 18611]"
118383,"[52203, 97880, 70092, 62809, 44242, 34218, 82657, 32691, 18983, 100884]"
118384,"[88652, 28630, 96089, 66383, 43287, 18340, 62221, 80619, 2456, 54735]"
118385,"[2714, 10240, 29651, 63204, 66947, 28723, 68627, 50611, 65029, 2898]"
118386,"[34432, 97657, 37475, 37103, 28288, 104809, 24205, 27305, 93541, 58460]"
118387,"[85486, 52398, 69192, 37700, 80605, 102648, 13552, 90569, 77937, 107289]"
118388,"[102536, 94409, 102551, 104515, 11892, 54529, 91311, 10055, 107257, 57833]"
118389,"[26585, 25475, 78386, 79067, 48475, 80377, 67019, 46141, 16048, 40143]"
118390,"[38738, 10483, 43498, 35534, 81947, 105729, 99500, 49092, 74375, 674]"
118391,"[11041, 2490, 99791, 59798, 8475, 17388, 93585, 17062, 62676, 94131]"
118392,"[92680, 23924, 28624, 7136, 12982, 12704, 48478, 9658, 66151, 74465]"
118393,"[15708, 13439, 32550, 40254, 39457, 373, 38893, 54649, 61799, 95523]"
118394,"[35327, 78844, 28601, 63331, 104038, 71449, 79432, 81312, 81031, 30730]"
118395,"[61944, 42561, 47771, 13577, 43962, 107518, 36394, 55854, 37898, 9163]"
118396,"[2416, 41585, 81058, 39111, 91312, 7589, 77714, 78234, 49372, 108669]"
118397,"[88651, 87741, 18406, 13105, 35002, 89616, 82296, 83224, 84245, 18920]"
118398,"[96851, 35576, 18444, 26307, 70922, 106694, 33000, 51904, 89851, 27113]"
118399,"[69909, 24226, 23162, 43425, 25468, 53461, 97769, 13832, 53349, 53816]"
118400,"[65720, 21007, 21068, 70246, 95398, 71958, 76545, 82068, 43000, 41605]"
118401,"[100974, 88869, 35492, 29573, 95858, 92174, 109480, 99371, 90457, 75103]"
118402,"[17008, 65099, 7885, 51610, 36700, 26202, 12852, 11392, 96372, 40485]"
118403,"[68463, 43975, 88766, 90205, 56864, 8940, 77024, 12670, 7478, 19819]"
118404,"[62964, 104371, 64813, 30063, 17166, 47620, 15139, 94240, 58054, 79325]"
118405,"[83228, 18796, 10739, 69008, 16065, 91327, 63785, 27793, 22145, 91851]"
118406,"[47903, 47238, 66472, 48439, 27420, 21017, 55565, 45597, 50391, 32686]"
118407,"[68659, 103753, 85148, 102647, 81313, 46479, 82889, 22411, 54716, 28953]"
118408,"[25612, 57207, 35295, 41352, 41256, 105891, 72668, 20361, 73913, 52997]"
118409,"[16269, 28502, 12330, 60653, 16614, 39441, 27065, 73128, 18254, 51236]"
118410,"[74414, 3006, 13106, 102794, 107892, 91047, 13293, 48491, 78358, 66390]"
118411,"[392, 100262, 98811, 45053, 91660, 19852, 73343, 101517, 80724, 75403]"
118412,"[31838, 108304, 21836, 109252, 16341, 98611, 50386, 49926, 98613, 89733]"
118413,"[46842, 97507, 80847, 6523, 51791, 37931, 32578, 26910, 88239, 59067]"
118414,"[65058, 9429, 6493, 2916, 10398, 32349, 98843, 107406, 27250, 19907]"
118415,"[40384, 101116, 103230, 91724, 101906, 106064, 10456, 108531, 35788, 26299]"
118416,"[80587, 40819, 95981, 24984, 60796, 8192, 93261, 36492, 15249, 34301]"
118417,"[3455, 16191, 68524, 55910, 63006, 520, 75679, 89009, 79787, 22711]"
118418,"[2380, 49176, 89197, 19855, 62635, 20345, 73845, 43662, 49289, 25475]"
118419,"[811, 76364, 87826, 107171, 61018, 66608, 41073, 26792, 524, 69923]"
118420,"[6628, 37415, 3596, 82714, 69391, 36233, 87781, 33413, 20071, 27858]"
118421,"[108715, 23857, 39562, 40296, 76259, 78287, 2556, 22175, 38912, 25234]"
118422,"[105448, 29007, 103446, 42506, 20373, 13795, 8630, 10223, 63289, 85382]"
118423,"[54323, 70351, 904, 73246, 40606, 50399, 72080, 69988, 36831, 99854]"
118424,"[34749, 2212, 15748, 68211, 38290, 49734, 83690, 49949, 15474, 76938]"
118425,"[85612, 79872, 40405, 33978, 39044, 21419, 6448, 100611, 87078, 75099]"
118426,"[18598, 36895, 28718, 5920, 8543, 102457, 36868, 60576, 98105, 68881]"
118427,"[84788, 92465, 104985, 97364, 51055, 60712, 54232, 17170, 28363, 103677]"
118428,"[32070, 82266, 68979, 64013, 105207, 62444, 71725, 5451, 88656, 30342]"
118429,"[95182, 71804, 10967, 56789, 8384, 7571, 10715, 84758, 18693, 109688]"
118430,"[47065, 48005, 62470, 4990, 37042, 12411, 40127, 42319, 65383, 23249]"
118431,"[34685, 86167, 13652, 26493, 35073, 98915, 24785, 53555, 28944, 62102]"
118432,"[38478, 70840, 102601, 63949, 109056, 66050, 4360, 44971, 56738, 6231]"
118433,"[88231, 21991, 107097, 107469, 78409, 45645, 37848, 78049, 28183, 52733]"
118434,"[17689, 68479, 51013, 63919, 4230, 76255, 26294, 65872, 22900, 2546]"
118435,"[94434, 51811, 25984, 4196, 98585, 89962, 63303, 57569, 91477, 90760]"
118436,"[69413, 79579, 4090, 95697, 83588, 36044, 69887, 85620, 33241, 74533]"
118437,"[73692, 46485, 76531, 10510, 107453, 81397, 98922, 40376, 86708, 10214]"
118438,"[41901, 87978, 102563, 73802, 97916, 67877, 91756, 1464, 77164, 32253]"
118439,"[37443, 23486, 44599, 68144, 3842, 64650, 107301, 44949, 9307, 9884]"
118440,"[40654, 68868, 91396, 29172, 36641, 69935, 26383, 82534, 58067, 42713]"
118441,"[14038, 106382, 92574, 98246, 11016, 22242, 21185, 29814, 77925, 7466]"
118442,"[76633, 103866, 100910, 97206, 90883, 102655, 2157, 65284, 64155, 98879]"
118443,"[62670, 41658, 26032, 57077, 11960, 25001, 40119, 7988, 94469, 44882]"
118444,"[66856, 14251, 25265, 105712, 48286, 2393, 79206, 64965, 48406, 90095]"
118445,"[19709, 53438, 72750, 8692, 8420, 61357, 60151, 32621, 75667, 47232]"
118446,"[76217, 40730, 58242, 49265, 15275, 191, 64611, 66141, 771, 7172]"
118447,"[77027, 349, 65839, 88896, 24586, 109191, 93381, 33799, 78851, 32904]"
118448,"[6370, 72992, 64791, 42456, 83581, 100277, 105715, 98885, 77577, 68376]"
118449,"[70151, 106110, 62815, 43837, 90288, 2840, 80495, 47924, 107091, 96582]"
118450,"[21689, 79187, 7997, 26072, 68877, 71615, 35945, 79484, 68840, 46002]"
118451,"[94182, 12898, 106727, 105569, 57224, 24775, 26544, 79980, 18393, 52762]"
118452,"[29015, 40713, 51909, 42355, 25034, 19037, 67917, 45159, 84678, 105104]"
118453,"[31554, 43909, 91044, 69421, 40386, 108031, 29118, 12960, 66618, 94078]"
118454,"[54189, 63636, 18437, 11664, 60173, 46106, 10692, 4710, 88237, 866]"
118455,"[75441, 78527, 78196, 75881, 1639, 9925, 94372, 85959, 60161, 27986]"
118456,"[68547, 103619, 23318, 82896, 72306, 75386, 8772, 8257, 45595, 4431]"
118457,"[81159, 51510, 49767, 100855, 82861, 46843, 95719, 14265, 71141, 97599]"
118458,"[26266, 3759, 9399, 3885, 97636, 54768, 36035, 76002, 31943, 56557]"
118459,"[31296, 69368, 18543, 17938, 58872, 89908, 6366, 22531, 97522, 47006]"
118460,"[22058, 50088, 69984, 15000, 38613, 36723, 47326, 71671, 68060, 30852]"
118461,"[52509, 105298, 29011, 57264, 25454, 42295, 99897, 3718, 82912, 36880]"
118462,"[50142, 40428, 78036, 80011, 8727, 36449, 61011, 47755, 92674, 74254]"
118463,"[78976, 58974, 106122, 15361, 11983, 20751, 39745, 94124, 64676, 52641]"
118464,"[50412, 109471, 29196, 21763, 24595, 27268, 12367, 72101, 17982, 35402]"
118465,"[93491, 4463, 1512, 67009, 92594, 63082, 58153, 46117, 42024, 65227]"
118466,"[94083, 43141, 34227, 38008, 33167, 51219, 104562, 72849, 6444, 108]"
118467,"[55027, 39420, 74789, 10439, 61953, 33692, 70485, 27757, 10034, 24425]"
118468,"[94613, 73013, 69077, 22273, 78259, 100426, 95610, 47327, 63711, 33236]"
118469,"[75655, 16395, 39689, 102504, 86328, 73476, 97295, 83147, 48724, 107101]"
118470,"[109765, 27063, 91833, 74388, 10344, 37159, 52453, 46901, 35342, 28909]"
118471,"[66680, 81095, 53233, 37511, 38820, 90967, 84121, 43713, 60697, 11927]"
118472,"[96955, 53879, 59732, 39204, 104796, 55923, 23790, 60859, 41078, 106435]"
118473,"[83095, 71413, 8229, 38156, 13052, 14798, 78883, 36213, 11552, 14394]"
118474,"[41628, 29506, 82131, 4192, 82942, 11781, 14893, 37082, 80087, 23494]"
118475,"[47864, 62105, 101265, 72390, 10552, 33790, 34084, 39081, 34418, 40588]"
118476,"[93664, 35246, 11901, 33485, 102884, 95727, 64149, 42293, 84391, 17945]"
118477,"[100380, 12545, 53927, 72757, 66468, 25651, 15209, 15163, 74718, 34636]"
118478,"[31425, 6396, 83623, 107537, 42420, 18548, 83744, 52930, 9298, 45220]"
118479,"[39751, 15272, 77807, 74214, 98020, 63872, 63471, 11642, 60233, 33842]"
118480,"[30718, 107814, 15055, 36324, 33225, 102314, 75700, 29569, 16477, 52811]"
118481,"[19418, 10026, 81569, 43584, 77659, 98220, 38482, 7563, 78231, 99672]"
118482,"[49631, 11773, 86843, 54745, 8634, 35539, 34375, 77189, 73483, 104133]"
118483,"[33912, 29865, 5837, 83143, 74727, 57025, 38928, 53735, 9540, 68175]"
118484,"[92510, 1229, 55450, 109508, 86472, 65597, 95759, 59842, 102179, 30583]"
118485,"[20145, 4323, 52651, 61389, 99890, 104889, 54916, 46348, 100503, 11750]"
118486,"[24349, 37617, 88170, 60742, 17063, 48321, 91147, 8012, 32185, 9769]"
118487,"[83884, 108763, 76626, 26566, 20781, 88992, 26763, 10649, 70047, 102999]"
118488,"[9197, 85878, 31712, 42750, 14748, 63692, 7518, 15309, 72398, 51291]"
118489,"[89029, 58904, 63601, 35034, 39807, 3473, 51888, 90940, 4896, 5389]"
118490,"[33075, 20623, 3110, 91142, 16101, 798, 60526, 24169, 26601, 58101]"
118491,"[64121, 99600, 91301, 107664, 8752, 1532, 63372, 19474, 58110, 89478]"
118492,"[48225, 26029, 89487, 12101, 91345, 56376, 5529, 38398, 57088, 45200]"
118493,"[67368, 24318, 107790, 81958, 40580, 99473, 31953, 33855, 45504, 10385]"
118494,"[47988, 104979, 5488, 9430, 28481, 13090, 101933, 35725, 92548, 18217]"
118495,"[33172, 76703, 101985, 88948, 51763, 32132, 48267, 26694, 61488, 54845]"
118496,"[2757, 106088, 108590, 87766, 23746, 79505, 71446, 60089, 91609, 21351]"
118497,"[27109, 46884, 44085, 25639, 6091, 57518, 65951, 41019, 19473, 69528]"
118498,"[59344, 3419, 68693, 64953, 56647, 14363, 105132, 36505, 68498, 51713]"
118499,"[74658, 6706, 50655, 50368, 108552, 61973, 35498, 18961, 20298, 59861]"
118500,"[52589, 56049, 57419, 92324, 82465, 66760, 9231, 53813, 86835, 62519]"
118501,"[18926, 67640, 95383, 28838, 46352, 71538, 103403, 45744, 88724, 48193]"
118502,"[97491, 30685, 22392, 87264, 9831, 86310, 37258, 19912, 54098, 18541]"
118503,"[20120, 101031, 100518, 34103, 81271, 84845, 22148, 46584, 8133, 86907]"
118504,"[15576, 57028, 74593, 39856, 33010, 7072, 942, 16154, 87776, 9846]"
118505,"[95586, 107864, 3853, 101276, 72411, 82923, 63582, 77002, 62229, 54921]"
118506,"[15296, 87838, 92077, 44054, 19545, 79675, 81214, 99220, 19073, 6014]"
118507,"[86569, 76990, 27888, 103603, 41836, 26003, 79442, 95007, 35290, 33163]"
118508,"[100147, 71566, 25888, 108947, 16181, 106265, 32562, 109669, 9560, 16801]"
118509,"[62170, 60134, 8754, 62046, 87048, 42996, 105071, 988, 51580, 18584]"
118510,"[83338, 659, 87027, 84638, 72044, 11700, 63445, 67958, 40167, 17899]"
118511,"[49145, 15863, 89096, 45847, 103822, 19780, 7711, 62061, 50685, 50310]"
118512,"[50487, 102030, 56262, 98691, 37705, 50305, 76346, 60814, 10731, 40449]"
118513,"[55499, 78183, 29666, 22411, 24382, 47602, 2371, 81961, 100855, 73797]"
118514,"[106663, 87571, 13191, 54559, 13882, 27979, 68745, 50531, 106984, 1855]"
118515,"[73995, 96, 61879, 71539, 43653, 101909, 40741, 75930, 21251, 28107]"
118516,"[72988, 103536, 94260, 57490, 36510, 63577, 65225, 45770, 44704, 53465]"
118517,"[48980, 49384, 5474, 84157, 16473, 103314, 12790, 64230, 6263, 15000]"
118518,"[90430, 9529, 59800, 78482, 75472, 54884, 6134, 91297, 100806, 55233]"
118519,"[18306, 50064, 54501, 8669, 21761, 17157, 10154, 103283, 26335, 73153]"
118520,"[31503, 2937, 79385, 94620, 29470, 61325, 11561, 23348, 75160, 48936]"
118521,"[101486, 47487, 66768, 23649, 76342, 85457, 19717, 82612, 12056, 28791]"
118522,"[102038, 5309, 101795, 29169, 35225, 7022, 55868, 44879, 51571, 81657]"
118523,"[50134, 61500, 67098, 77614, 9784, 75065, 98425, 64590, 109424, 94824]"
118524,"[35324, 79917, 89382, 76651, 97072, 2024, 84613, 16167, 103593, 10387]"
118525,"[71426, 29528, 14435, 46393, 38667, 24295, 24412, 18772, 86729, 98325]"
118526,"[90307, 43991, 41883, 54318, 80245, 51807, 103007, 76446, 88163, 54457]"
118527,"[38263, 14325, 82853, 5237, 89233, 8925, 60517, 81449, 3469, 80032]"
118528,"[60860, 12578, 12576, 29245, 34647, 40727, 13890, 99664, 20057, 14923]"
118529,"[13876, 17865, 25618, 5733, 38272, 107423, 44439, 94115, 9101, 30683]"
118530,"[96953, 47408, 26682, 90728, 10183, 89078, 80389, 94051, 60055, 45804]"
118531,"[82541, 107299, 68758, 84598, 39867, 57242, 70606, 5144, 57135, 57387]"
118532,"[58628, 8949, 36131, 80492, 85712, 13658, 18368, 35590, 42577, 43050]"
118533,"[456, 10751, 70622, 101598, 70896, 3255, 11910, 33791, 76762, 81546]"
118534,"[85368, 7520, 14632, 16943, 32587, 58168, 64246, 16826, 96833, 76725]"
118535,"[21162, 94866, 42643, 16529, 36206, 107161, 39345, 70040, 56795, 102380]"
118536,"[32234, 27208, 23410, 38373, 108445, 76994, 28911, 13069, 60615, 89756]"
118537,"[35670, 107150, 33098, 54170, 86759, 9767, 54344, 75851, 81084, 24780]"
118538,"[29667, 79285, 1899, 108294, 4028, 71380, 49415, 102636, 24794, 1331]"
118539,"[74520, 34802, 30783, 103567, 98286, 63482, 5475, 54663, 55272, 79264]"
118540,"[29034, 80776, 72319, 28860, 102111, 51632, 57639, 71977, 7756, 9155]"
118541,"[91645, 60781, 72903, 99760, 60575, 66964, 20592, 80805, 96245, 17805]"
118542,"[47012, 107748, 82198, 67926, 72403, 15820, 76935, 16307, 59307, 45129]"
118543,"[79985, 71328, 52760, 30929, 22927, 30874, 44114, 32213, 104738, 7364]"
118544,"[85144, 3276, 79434, 65038, 19460, 34962, 62372, 97529, 1077, 40783]"
118545,"[100184, 82806, 79231, 86577, 60331, 43740, 107970, 41250, 68236, 54934]"
118546,"[63730, 19519, 48191, 79343, 17370, 98148, 87339, 18745, 85870, 67127]"
118547,"[100749, 21622, 33474, 60617, 87805, 90176, 98402, 22909, 64204, 59937]"
118548,"[25174, 88090, 106622, 88252, 71236, 90398, 60800, 36669, 97388, 96948]"
118549,"[87447, 85750, 8058, 105416, 7923, 15005, 75277, 6113, 68418, 3352]"
118550,"[107123, 96294, 86036, 53693, 105313, 86230, 64251, 6541, 99920, 88097]"
118551,"[96174, 64789, 1735, 97497, 52863, 56883, 105712, 20172, 86145, 85713]"
118552,"[97175, 36049, 95125, 56959, 51355, 83170, 28251, 69239, 5158, 60942]"
118553,"[4600, 58598, 97240, 94933, 98779, 53882, 89291, 93301, 48444, 47852]"
118554,"[85407, 64864, 33041, 22202, 107550, 34141, 66798, 44235, 40920, 43917]"
118555,"[21666, 16621, 96446, 60124, 36999, 4557, 65356, 45242, 21489, 72541]"
118556,"[7543, 58117, 52475, 106604, 36658, 87351, 2943, 9986, 107567, 5634]"
118557,"[57761, 4256, 36475, 57249, 93897, 95569, 40578, 98092, 89905, 29306]"
118558,"[98269, 83326, 91457, 108970, 26051, 77145, 7760, 12374, 38217, 7707]"
118559,"[6100, 82654, 85369, 14145, 48242, 43559, 24831, 64330, 24658, 82125]"
118560,"[79952, 62899, 38869, 97368, 35005, 47227, 32659, 101618, 63910, 32630]"
118561,"[27062, 31534, 87681, 1906, 68967, 90492, 48537, 23116, 22511, 84474]"
118562,"[22757, 80085, 18504, 47894, 33849, 104116, 51576, 18359, 43368, 54029]"
118563,"[58087, 28955, 42148, 64724, 30111, 29187, 41772, 22686, 62210, 6620]"
118564,"[60596, 96405, 27582, 5413, 97975, 68722, 14639, 87245, 44645, 19574]"
118565,"[9559, 58861, 95700, 108035, 56428, 61408, 29437, 27484, 35814, 106247]"
118566,"[28116, 85177, 68267, 20342, 90753, 36467, 94203, 107798, 53040, 94699]"
118567,"[98039, 9760, 68560, 56848, 18282, 14588, 6620, 42148, 59261, 83997]"
118568,"[83923, 44016, 71211, 56621, 5413, 23362, 33452, 76256, 64526, 50034]"
118569,"[23915, 39630, 95210, 87701, 58383, 47253, 3714, 58233, 30012, 14150]"
118570,"[94719, 38071, 20454, 26076, 69970, 41531, 81336, 73543, 106230, 79513]"
118571,"[84204, 9494, 39862, 44375, 102399, 80237, 8546, 99727, 71047, 20773]"
118572,"[18133, 68803, 91224, 86392, 30228, 56354, 82137, 12630, 1494, 9060]"
118573,"[109099, 8633, 97604, 80287, 12616, 60199, 5380, 93542, 77063, 82616]"
118574,"[56836, 6467, 56290, 85115, 47295, 36351, 35801, 82888, 93516, 38294]"
118575,"[90880, 105313, 77743, 17552, 17679, 45892, 87428, 52837, 88822, 67842]"
118576,"[107616, 73214, 21807, 8913, 6652, 102579, 47999, 36954, 43402, 63270]"
118577,"[6538, 104939, 3627, 27966, 105209, 99163, 52247, 103977, 62921, 78355]"
118578,"[69519, 35239, 9441, 100886, 101355, 9376, 85064, 86217, 99019, 59906]"
118579,"[33694, 58271, 9661, 73136, 8334, 95295, 79444, 62560, 86377, 96523]"
118580,"[61496, 70466, 40365, 82608, 87248, 19640, 56976, 41736, 49197, 65930]"
118581,"[27597, 49893, 61101, 82226, 3084, 32673, 14222, 93264, 108461, 24995]"
118582,"[72706, 13827, 57674, 9701, 9046, 36169, 3709, 29598, 50574, 47830]"
118583,"[18804, 67553, 76890, 51525, 61913, 8389, 22420, 78461, 4121, 51474]"
118584,"[63333, 3845, 19577, 50049, 10179, 4139, 105399, 42649, 32285, 60262]"
118585,"[74020, 60911, 59608, 81320, 8278, 77921, 16906, 67859, 72970, 42412]"
118586,"[7034, 95894, 11503, 12511, 55315, 92653, 70701, 56820, 40124, 28371]"
118587,"[53886, 37646, 1523, 66564, 90563, 22968, 51256, 79399, 47175, 27347]"
118588,"[74209, 35869, 9162, 71153, 34333, 10708, 32779, 107634, 58531, 32722]"
118589,"[57037, 45792, 9591, 30426, 18381, 109770, 49666, 19567, 32385, 4922]"
118590,"[74847, 82662, 21613, 70683, 73055, 82263, 69813, 96195, 18447, 48931]"
118591,"[29133, 48751, 84447, 41807, 26408, 65643, 95575, 33012, 26117, 46121]"
118592,"[68205, 9440, 22367, 86898, 97178, 22037, 65662, 86381, 45056, 43210]"
118593,"[52928, 4001, 42920, 59903, 39104, 76328, 48633, 87578, 95399, 46812]"
118594,"[60804, 36007, 26482, 109261, 38867, 20848, 58445, 40060, 68844, 7228]"
118595,"[61360, 93979, 16635, 103972, 8430, 45718, 82553, 14456, 50459, 98860]"
118596,"[106720, 57643, 24456, 5858, 63419, 100735, 48757, 80104, 77226, 67627]"
118597,"[28932, 36754, 56400, 7221, 104650, 105838, 41536, 80852, 10244, 106199]"
118598,"[101659, 12113, 67419, 84414, 83986, 27846, 92511, 38574, 80204, 23124]"
118599,"[32407, 45361, 91052, 68113, 96147, 79687, 78202, 68292, 38672, 82931]"
118600,"[95379, 84734, 105642, 95042, 7141, 6861, 68528, 47792, 68280, 100331]"
118601,"[58466, 8303, 87492, 63185, 19806, 43190, 141, 13645, 20335, 53692]"
118602,"[63916, 75165, 16737, 30176, 28588, 75590, 83026, 58247, 5999, 35886]"
118603,"[57402, 54328, 42298, 3636, 91072, 89184, 89725, 79719, 18641, 89739]"
118604,"[53417, 90221, 84914, 77499, 75326, 13760, 89922, 21438, 74553, 65140]"
118605,"[7965, 13105, 26928, 81080, 82180, 25629, 3393, 24293, 44295, 104788]"
118606,"[71404, 63163, 26442, 78107, 12938, 27464, 31401, 65272, 101646, 68566]"
118607,"[32547, 26397, 18254, 106107, 13775, 38327, 87758, 78754, 109744, 23695]"
118608,"[70456, 31613, 37327, 77050, 48548, 22526, 68978, 13989, 48558, 81054]"
118609,"[84925, 55334, 26346, 9810, 28788, 99662, 2978, 102116, 33677, 99345]"
118610,"[37721, 27538, 51405, 97129, 80666, 32900, 22237, 85466, 6897, 93115]"
118611,"[18852, 52206, 30573, 72069, 98749, 86779, 85453, 48917, 45408, 578]"
118612,"[94034, 98727, 7378, 29206, 71678, 66559, 102795, 66055, 88267, 80208]"
118613,"[11375, 63353, 108088, 87064, 85082, 95043, 16546, 8897, 21403, 15171]"
118614,"[40433, 23482, 77323, 80894, 85567, 7628, 28266, 65207, 70203, 73818]"
118615,"[4737, 16709, 22534, 95425, 63337, 76741, 76683, 42601, 109082, 59359]"
118616,"[42359, 81940, 57586, 43648, 43170, 38229, 68818, 30753, 73607, 45852]"
118617,"[104271, 30133, 78610, 66665, 108383, 106104, 26339, 96083, 78581, 59393]"
118618,"[84591, 83999, 31008, 44267, 107096, 67576, 35429, 70258, 95057, 66378]"
118619,"[40041, 9686, 87221, 62200, 7550, 46016, 89592, 3142, 107998, 59049]"
118620,"[50089, 335, 93872, 37976, 25741, 84307, 24210, 108373, 34327, 95853]"
118621,"[29962, 59185, 99634, 40511, 73458, 71010, 16421, 10112, 53723, 31869]"
118622,"[82415, 15885, 59008, 75305, 51425, 62787, 63911, 31210, 95260, 9444]"
118623,"[87385, 27919, 48180, 60406, 61262, 39573, 60127, 86122, 72289, 63497]"
118624,"[99518, 275, 14902, 47765, 40175, 2145, 54570, 4992, 70045, 28593]"
118625,"[47543, 90194, 29655, 94727, 24293, 4665, 66331, 26321, 26300, 100714]"
118626,"[8609, 104415, 99062, 72682, 79364, 91888, 84217, 30658, 65820, 28988]"
118627,"[11929, 74468, 53299, 98959, 19746, 89644, 91844, 58330, 53335, 11964]"
118628,"[28539, 9287, 46612, 6080, 12778, 35961, 49593, 33941, 49599, 89612]"
118629,"[34217, 101847, 28855, 39944, 49711, 75969, 104095, 51299, 11226, 105674]"
118630,"[76502, 102138, 69905, 48402, 52566, 55382, 17749, 76674, 24222, 95477]"
118631,"[48810, 20239, 109419, 100981, 41123, 6803, 61686, 69018, 102727, 108040]"
118632,"[35964, 35881, 2652, 96230, 85425, 9804, 8365, 41338, 85412, 43935]"
118633,"[89977, 35261, 107443, 7769, 38694, 28668, 17820, 42881, 67352, 80258]"
118634,"[17952, 99615, 18308, 70414, 18232, 81222, 36650, 19372, 10860, 19435]"
118635,"[56703, 22185, 62266, 33097, 53964, 69858, 23119, 36538, 56469, 25131]"
118636,"[16588, 16282, 14299, 34977, 25133, 42001, 45478, 96064, 59168, 32880]"
118637,"[105821, 42045, 48663, 94912, 75795, 51465, 80928, 53854, 12037, 79573]"
118638,"[99169, 27706, 89040, 102283, 109243, 79554, 50730, 31780, 59454, 61433]"
118639,"[81513, 108765, 18212, 32718, 31659, 78288, 84744, 93494, 59500, 91710]"
118640,"[64630, 99440, 85960, 41221, 97208, 77771, 49766, 39902, 56374, 102590]"
118641,"[3012, 13056, 53355, 107646, 79610, 40352, 83776, 92339, 65752, 100915]"
118642,"[93648, 88792, 84725, 60841, 83281, 77537, 45457, 109216, 94762, 20213]"
118643,"[72519, 36295, 43936, 57122, 20273, 25756, 46776, 13481, 2699, 56114]"
118644,"[31424, 77405, 32600, 69162, 85344, 105605, 108400, 96072, 104675, 88561]"
118645,"[32082, 628, 101722, 7252, 36330, 25777, 23395, 31555, 287, 62842]"
118646,"[19981, 18270, 47499, 58064, 82530, 14229, 77379, 9064, 76420, 27823]"
118647,"[67491, 71618, 8741, 100215, 66903, 20005, 26512, 84945, 70313, 78329]"
118648,"[88377, 18037, 3167, 86010, 34757, 80519, 49006, 72703, 69749, 92616]"
118649,"[54635, 39912, 75786, 82997, 71332, 22111, 39944, 34696, 31123, 29238]"
118650,"[106641, 30168, 58616, 60383, 13019, 16402, 14389, 4413, 29228, 59846]"
118651,"[79569, 38128, 71785, 65169, 65161, 87421, 69493, 51334, 81858, 103498]"
118652,"[66043, 66305, 34382, 38934, 102946, 3257, 39770, 100251, 40506, 90701]"
118653,"[23629, 46437, 80714, 21993, 105936, 90761, 59022, 22129, 108576, 64258]"
118654,"[17219, 102218, 72863, 54825, 32022, 69948, 31644, 43259, 20355, 99312]"
118655,"[59723, 99234, 41898, 5044, 82926, 76881, 103702, 81977, 81073, 109132]"
118656,"[87575, 102870, 104081, 27766, 11221, 6102, 52986, 64325, 17704, 72929]"
118657,"[84438, 32754, 75108, 36324, 103833, 24887, 96151, 67312, 91061, 34820]"
118658,"[39062, 18486, 73398, 47969, 59741, 92128, 14081, 48567, 70558, 53455]"
118659,"[48923, 76562, 86712, 28629, 3824, 75438, 79973, 31970, 104936, 8081]"
118660,"[47575, 69570, 35132, 43908, 8851, 74090, 9826, 22486, 53618, 109339]"
118661,"[5783, 70569, 67508, 79335, 92249, 15515, 69381, 29153, 22941, 87685]"
118662,"[99611, 105144, 88139, 105106, 80454, 53911, 46303, 33492, 53467, 29087]"
118663,"[52141, 72277, 56104, 46396, 74867, 35687, 76789, 50606, 32394, 52147]"
118664,"[68579, 95801, 15887, 73574, 51470, 100015, 67095, 56950, 94275, 62325]"
118665,"[40633, 82516, 33010, 6236, 57684, 99194, 61516, 52493, 64757, 84822]"
118666,"[61519, 83298, 27424, 23769, 46402, 23411, 93862, 82019, 63499, 107786]"
118667,"[88076, 69141, 108267, 64681, 58576, 94421, 25480, 78713, 60905, 38630]"
118668,"[63813, 66506, 60438, 87526, 23615, 77058, 68273, 3848, 19082, 40661]"
118669,"[98437, 47911, 75016, 45416, 70359, 106433, 51631, 63139, 67431, 105196]"
118670,"[94047, 15762, 101628, 74247, 67269, 40636, 21355, 74398, 78955, 81662]"
118671,"[48240, 12276, 51309, 38533, 45619, 74865, 15133, 99147, 99128, 46299]"
118672,"[70547, 91185, 20041, 95686, 106932, 66482, 4447, 2728, 35031, 70078]"
118673,"[12014, 64427, 41404, 41708, 76810, 101839, 75588, 42423, 39568, 8533]"
118674,"[11632, 52393, 20661, 53282, 54705, 67296, 30531, 44711, 25687, 14141]"
118675,"[40756, 93730, 4271, 6134, 51089, 99650, 72012, 59800, 78482, 9529]"
118676,"[88952, 107608, 20770, 4868, 86122, 74420, 78492, 39573, 85008, 12777]"
118677,"[47468, 75235, 39790, 70221, 91434, 79972, 23500, 49404, 37762, 7658]"
118678,"[20152, 39584, 63053, 45435, 33357, 51950, 25747, 109161, 5425, 59288]"
118679,"[87216, 59563, 16939, 56551, 96538, 17722, 103017, 60715, 82161, 85075]"
118680,"[3782, 6415, 12483, 77969, 94413, 82059, 61318, 63139, 40733, 1637]"
118681,"[34782, 62446, 81192, 60939, 72614, 50580, 58370, 20434, 13375, 99009]"
118682,"[27818, 44549, 15684, 58791, 21548, 65793, 52215, 2820, 61428, 71884]"
118683,"[84701, 18798, 2623, 55738, 6059, 109060, 107315, 107158, 17395, 17041]"
118684,"[73374, 11364, 100996, 72401, 107907, 15483, 73071, 77064, 71221, 42856]"
118685,"[98729, 76424, 18068, 60216, 107037, 25666, 80972, 96303, 11357, 27140]"
118686,"[96240, 93721, 72987, 25936, 18255, 69524, 8733, 108162, 86983, 66235]"
118687,"[78040, 59177, 34864, 84879, 40152, 94273, 66922, 102873, 72803, 21244]"
118688,"[87002, 75687, 37090, 1926, 68963, 98423, 102068, 73346, 42040, 12808]"
118689,"[73490, 53109, 66494, 3122, 41581, 101050, 49043, 4852, 46316, 26432]"
118690,"[57795, 87877, 29893, 42226, 89630, 107935, 60491, 83707, 98511, 75883]"
118691,"[54352, 97144, 83094, 25785, 4020, 39703, 6050, 40702, 94157, 73115]"
118692,"[13177, 62957, 22639, 69186, 71045, 76042, 68877, 34058, 97296, 7800]"
118693,"[74270, 91425, 102865, 65621, 15602, 61186, 28330, 38861, 82797, 74342]"
118694,"[4409, 84152, 25976, 55834, 19399, 16396, 93729, 95240, 93820, 7043]"
118695,"[40986, 75814, 74155, 25712, 105465, 98984, 40054, 70160, 47459, 98054]"
118696,"[77265, 17511, 37413, 69065, 64028, 9999, 92763, 106545, 39473, 88567]"
118697,"[54310, 63206, 95391, 1702, 14140, 75127, 49484, 107208, 33576, 13068]"
118698,"[62569, 103743, 106732, 74172, 31196, 37052, 8469, 87968, 33392, 99121]"
118699,"[44014, 77065, 63103, 35542, 89657, 108202, 98565, 35719, 55827, 57073]"
118700,"[41924, 9280, 57098, 75143, 8962, 28901, 90081, 45728, 5973, 69159]"
118701,"[53888, 33114, 53116, 92913, 107053, 27288, 5150, 72342, 77235, 59772]"
118702,"[100968, 64145, 79213, 46098, 89329, 30967, 11193, 5002, 103813, 20867]"
118703,"[17509, 108736, 39295, 80030, 79001, 18410, 17093, 90612, 28709, 22225]"
118704,"[83456, 15033, 95678, 76859, 21914, 5580, 40779, 19487, 59107, 72795]"
118705,"[28957, 61933, 66909, 101872, 93562, 92805, 107767, 93442, 16022, 59759]"
118706,"[103745, 21463, 59800, 109312, 13945, 22467, 100495, 95986, 14923, 102417]"
118707,"[1094, 39148, 66444, 104828, 94472, 61597, 77948, 61744, 74989, 26542]"
118708,"[15519, 96925, 51266, 31385, 29608, 29312, 4714, 100858, 90027, 86059]"
118709,"[60340, 83388, 29510, 96364, 80008, 41066, 84873, 93492, 66687, 85571]"
118710,"[54740, 26397, 86978, 27479, 49491, 16836, 96634, 79501, 109353, 65214]"
118711,"[81206, 103457, 98839, 13205, 27903, 45567, 27058, 73084, 10688, 60826]"
118712,"[86190, 76173, 63067, 94788, 67978, 36253, 11582, 69412, 67906, 71409]"
118713,"[14182, 32014, 20825, 63056, 31662, 103541, 73551, 63937, 78698, 87094]"
118714,"[28453, 54313, 101507, 25062, 52570, 67243, 11093, 71223, 97790, 29026]"
118715,"[81086, 48412, 96104, 31499, 52321, 100902, 84537, 71636, 94928, 69240]"
118716,"[52330, 41253, 7589, 83495, 79498, 75977, 49372, 40163, 66929, 91588]"
118717,"[73850, 59132, 53654, 1849, 101232, 102228, 97821, 3189, 62487, 70366]"
118718,"[54101, 74566, 106977, 87786, 100468, 84213, 100413, 34726, 22352, 23579]"
118719,"[74674, 69029, 94883, 18440, 26098, 96499, 48284, 89853, 7283, 80623]"
118720,"[43144, 4256, 107652, 62865, 101719, 55291, 9146, 9421, 74963, 39609]"
118721,"[28538, 103851, 24068, 44124, 101206, 95629, 32583, 6500, 98049, 104141]"
118722,"[55640, 13325, 71772, 34892, 101140, 54018, 1822, 107255, 74873, 102310]"
118723,"[32707, 15386, 77411, 29069, 45552, 62889, 104041, 109734, 10819, 96632]"
118724,"[28707, 101110, 87863, 62632, 22928, 67523, 56243, 16951, 51104, 34169]"
118725,"[101387, 104870, 80537, 103402, 98205, 51802, 66083, 98051, 26352, 6352]"
118726,"[13359, 1982, 59836, 2249, 83326, 55200, 7208, 105031, 65705, 29082]"
118727,"[35103, 62479, 72798, 46477, 96210, 15677, 49809, 78187, 54628, 104654]"
118728,"[106841, 100282, 10933, 11036, 98452, 72756, 97871, 75270, 57951, 17918]"
118729,"[68866, 31255, 69193, 11690, 49594, 51542, 76992, 7453, 53080, 3159]"
118730,"[60736, 74762, 87409, 4962, 43061, 44194, 88901, 87312, 29740, 41434]"
118731,"[93813, 37030, 50284, 96274, 65693, 23741, 10734, 52145, 45375, 78515]"
118732,"[49494, 88423, 108862, 38685, 99124, 99349, 73746, 30736, 56890, 23751]"
118733,"[74583, 11187, 53736, 89396, 107533, 103194, 12560, 30464, 34274, 53330]"
118734,"[9372, 88828, 26379, 56344, 91183, 21189, 49900, 48045, 4286, 57928]"
118735,"[81201, 21437, 107443, 69108, 88078, 86131, 95674, 31181, 64088, 107604]"
118736,"[103675, 2585, 51181, 8969, 26533, 17239, 11987, 20584, 76352, 71520]"
118737,"[94615, 11846, 92131, 64889, 84164, 36860, 55915, 67747, 27511, 70143]"
118738,"[40771, 48903, 100100, 35898, 109050, 47321, 9738, 107069, 77726, 54112]"
118739,"[76766, 77561, 51639, 82479, 72832, 44307, 37924, 78279, 14099, 69808]"
118740,"[72360, 19657, 90749, 24356, 89399, 80603, 58762, 98626, 45335, 21435]"
118741,"[6796, 4969, 38336, 74869, 14348, 64565, 8067, 84241, 88058, 86631]"
118742,"[24499, 13509, 11641, 16432, 21132, 21371, 85306, 50589, 61589, 107401]"
118743,"[52518, 73621, 63611, 98591, 54813, 4363, 95565, 92461, 15863, 50388]"
118744,"[13243, 21106, 105541, 17438, 24563, 86290, 18308, 81222, 70523, 30055]"
118745,"[43979, 95423, 25810, 48603, 26414, 10355, 8324, 60603, 26949, 8867]"
118746,"[55589, 68890, 26739, 76069, 4105, 76678, 93907, 90360, 4371, 91125]"
118747,"[15395, 26823, 60487, 43890, 61022, 72724, 41968, 70219, 71355, 108623]"
118748,"[20234, 52490, 108274, 22422, 39517, 94057, 101827, 107974, 46438, 65515]"
118749,"[40763, 87820, 30279, 74929, 50252, 21779, 46849, 178, 25833, 82686]"
118750,"[75795, 82171, 80928, 76947, 36455, 51465, 1517, 105317, 73860, 65309]"
118751,"[109066, 45406, 3427, 89238, 61943, 87224, 83463, 41062, 22343, 80972]"
118752,"[102630, 17936, 68544, 44290, 47089, 98207, 36133, 39089, 105920, 64873]"
118753,"[47177, 44934, 103231, 5233, 59995, 1874, 48022, 54358, 55255, 80203]"
118754,"[92234, 66613, 65686, 64252, 15325, 2910, 84311, 20865, 76030, 43415]"
118755,"[46470, 18051, 60413, 84663, 99229, 89778, 33291, 42325, 109697, 79133]"
118756,"[4935, 52621, 21789, 56660, 55542, 86306, 99648, 65856, 53305, 97141]"
118757,"[4494, 4148, 39847, 70880, 21401, 75560, 29214, 84540, 66354, 75584]"
118758,"[16495, 108500, 76257, 90847, 105903, 28325, 18154, 17363, 38431, 21767]"
118759,"[55763, 63833, 17005, 3412, 71888, 32057, 81430, 62261, 108670, 13389]"
118760,"[49350, 23730, 3534, 99329, 109744, 76359, 11331, 62433, 41882, 8951]"
118761,"[20463, 53302, 62944, 103407, 13130, 67725, 71760, 66912, 33971, 107487]"
118762,"[40034, 106564, 86961, 39749, 37684, 81416, 85484, 5073, 91171, 104792]"
118763,"[101430, 104387, 54634, 91630, 77069, 15660, 57854, 98499, 10687, 59412]"
118764,"[55564, 108652, 13359, 4591, 1982, 7208, 87883, 23263, 20231, 105031]"
118765,"[77923, 86388, 21551, 49201, 86672, 63425, 80330, 34052, 57552, 92256]"
118766,"[74032, 30890, 6034, 44616, 86675, 86659, 50810, 122, 15646, 32770]"
118767,"[105201, 35067, 68032, 14681, 85248, 32331, 87684, 60069, 82917, 52289]"
118768,"[44869, 103147, 9680, 77886, 59707, 22586, 31275, 108465, 87635, 74641]"
118769,"[5141, 41969, 52527, 109715, 37200, 31896, 37393, 67239, 4101, 49511]"
118770,"[58227, 77198, 99455, 75748, 37124, 33223, 16054, 104414, 86295, 66259]"
118771,"[84566, 88848, 51523, 71649, 71188, 43110, 49821, 67918, 29752, 91599]"
118772,"[101089, 55780, 55620, 9144, 59855, 25477, 89460, 108565, 22293, 56138]"
118773,"[87875, 54808, 68865, 94782, 108960, 76248, 54551, 15494, 16827, 18174]"
118774,"[20150, 17706, 37973, 17743, 29838, 98688, 102117, 26923, 37876, 81103]"
118775,"[75500, 33169, 26951, 48040, 108739, 22205, 58120, 51090, 52420, 92622]"
118776,"[70110, 98977, 99958, 21854, 70854, 59161, 106887, 67108, 67854, 58781]"
118777,"[20904, 75963, 98461, 99200, 36866, 89455, 21674, 90251, 66150, 36280]"
118778,"[41682, 50496, 8950, 6634, 93625, 49773, 98684, 31770, 51113, 77490]"
118779,"[54944, 100353, 39228, 34445, 32645, 37424, 27743, 18611, 88273, 63604]"
118780,"[47745, 64650, 44949, 9307, 35707, 100022, 91508, 61232, 63821, 7140]"
118781,"[60992, 60940, 30959, 66032, 79314, 89853, 20360, 105780, 73266, 50260]"
118782,"[12974, 17916, 84189, 20720, 16568, 82644, 24087, 76421, 72618, 13587]"
118783,"[107821, 45833, 10257, 48427, 88214, 50467, 56087, 78828, 62723, 11356]"
118784,"[84612, 54159, 97856, 64648, 57180, 45726, 27122, 95810, 59761, 7405]"
118785,"[107036, 75244, 89030, 28064, 1819, 1582, 15650, 63752, 32830, 52392]"
118786,"[4287, 76685, 89780, 12555, 100158, 38222, 26112, 91738, 24267, 16445]"
118787,"[14915, 27866, 60934, 39393, 40359, 74009, 64986, 96160, 18906, 25092]"
118788,"[30529, 20472, 30455, 48351, 68601, 71270, 85736, 38092, 16315, 34037]"
118789,"[93698, 62367, 16048, 89458, 34524, 28772, 47329, 88501, 82072, 61661]"
118790,"[42469, 35137, 25634, 80408, 75688, 80039, 64219, 8810, 19953, 92600]"
118791,"[51775, 33228, 20942, 70340, 84577, 60955, 43282, 3330, 67496, 69528]"
118792,"[46790, 12390, 36694, 18871, 93847, 101799, 28808, 89172, 95378, 30226]"
118793,"[91271, 28547, 247, 33199, 87199, 95196, 34175, 98791, 99055, 18773]"
118794,"[108228, 29074, 84251, 52607, 88238, 12335, 4069, 54913, 7405, 59761]"
118795,"[18996, 77304, 84172, 37765, 29848, 21077, 86, 64057, 14529, 74905]"
118796,"[36754, 59295, 28932, 105838, 62028, 109185, 38970, 108497, 24342, 51067]"
118797,"[106198, 88033, 98208, 25179, 90307, 22383, 12225, 53018, 41883, 49244]"
118798,"[86282, 1795, 56175, 19845, 38078, 16866, 43438, 99614, 108654, 60964]"
118799,"[56037, 95921, 8986, 22431, 90364, 97156, 25788, 50797, 66966, 104688]"
118800,"[44129, 22792, 12621, 13222, 19269, 35258, 35466, 92824, 37671, 76669]"
118801,"[58784, 55686, 102673, 5754, 82369, 16643, 93063, 62068, 74116, 105614]"
118802,"[42996, 76970, 25878, 62170, 18584, 45046, 50374, 107109, 80859, 69842]"
118803,"[56227, 80611, 68842, 9326, 48935, 4564, 27617, 105227, 15041, 47340]"
118804,"[71863, 54685, 98, 36587, 100040, 88699, 68444, 3431, 45386, 66879]"
118805,"[7611, 84890, 43315, 40626, 1777, 77924, 76370, 30352, 17470, 2184]"
118806,"[99779, 92782, 41477, 585, 3932, 38853, 79308, 68349, 63905, 106085]"
118807,"[86285, 11938, 64954, 88995, 67346, 89954, 94545, 34029, 64348, 26188]"
118808,"[37876, 41593, 37973, 71467, 72814, 50719, 48956, 55347, 17743, 7693]"
118809,"[40439, 107118, 55065, 81311, 62628, 30318, 60274, 104704, 89111, 14390]"
118810,"[91638, 96147, 70584, 52855, 3463, 64589, 41607, 7583, 45031, 32407]"
118811,"[65737, 40542, 38994, 40899, 99622, 45444, 65162, 108221, 50054, 49540]"
118812,"[46178, 87268, 80777, 67947, 12087, 30092, 59115, 96488, 102184, 29524]"
118813,"[36671, 23076, 94828, 65385, 45751, 32276, 11258, 6547, 28153, 78977]"
118814,"[62835, 78972, 34769, 92980, 57813, 38843, 97006, 11995, 37897, 20180]"
118815,"[72936, 73105, 74084, 33505, 10640, 23832, 102249, 48026, 5720, 107694]"
118816,"[22304, 107646, 29355, 26807, 25108, 87795, 19949, 57594, 48664, 41882]"
118817,"[99067, 88506, 65914, 90167, 57950, 69300, 72089, 98769, 54886, 58388]"
118818,"[13779, 104756, 37593, 88894, 103155, 5704, 67459, 38972, 69365, 26375]"
118819,"[69308, 40462, 49788, 1172, 33777, 33439, 43036, 1362, 76451, 37171]"
118820,"[10076, 37481, 101767, 65937, 24100, 61729, 41752, 83188, 5760, 25266]"
118821,"[4879, 37892, 86251, 51252, 60290, 104332, 77443, 57626, 75861, 101793]"
118822,"[34894, 49923, 107983, 18950, 18725, 71025, 91664, 75501, 105046, 55957]"
118823,"[97417, 56927, 47234, 19463, 32100, 10005, 14204, 37247, 100923, 75498]"
118824,"[52216, 98135, 22075, 36241, 2905, 78307, 79667, 20945, 95596, 54416]"
118825,"[33571, 33318, 1332, 16729, 100032, 49995, 4846, 76555, 58749, 47233]"
118826,"[102534, 20825, 72683, 108148, 10276, 68520, 104525, 34051, 98238, 71813]"
118827,"[98899, 49966, 8909, 22271, 65187, 70912, 43195, 29934, 62795, 107928]"
118828,"[94035, 22307, 51285, 54594, 79907, 10718, 59682, 74596, 66220, 78917]"
118829,"[72857, 37797, 26195, 99231, 3624, 9882, 81351, 8542, 28687, 103012]"
118830,"[75303, 62265, 64094, 109410, 96075, 66032, 47721, 20360, 105780, 73266]"
118831,"[79268, 63004, 47642, 20857, 73923, 55464, 29136, 4676, 86359, 55770]"
118832,"[68856, 20197, 35868, 15641, 3272, 24204, 55789, 95725, 105856, 7472]"
118833,"[11351, 44794, 102573, 24922, 43449, 72772, 67773, 40959, 7850, 93578]"
118834,"[11180, 72567, 68146, 20304, 19605, 6939, 86622, 12573, 77305, 2835]"
118835,"[5930, 94073, 108632, 67735, 81327, 70027, 98396, 7386, 103892, 73732]"
118836,"[88078, 44544, 102053, 104634, 107604, 81201, 64968, 78258, 88622, 21437]"
118837,"[61836, 24798, 80683, 44602, 82630, 4925, 37977, 74778, 108013, 77335]"
118838,"[36297, 83838, 94294, 62650, 84586, 101824, 31971, 75994, 11722, 8758]"
118839,"[40718, 107289, 90569, 37782, 69346, 16043, 52679, 81771, 101662, 109008]"
118840,"[8575, 34482, 95818, 49948, 53136, 58587, 69653, 27525, 64006, 59353]"
118841,"[62977, 25572, 64353, 89810, 36356, 57892, 1986, 11079, 102145, 49857]"
118842,"[98067, 6326, 68360, 100999, 99276, 100418, 37137, 103899, 43989, 9685]"
118843,"[74003, 1826, 54641, 2436, 60646, 98453, 38589, 66384, 51038, 24945]"
118844,"[89807, 44125, 21819, 5356, 28217, 68095, 24415, 72979, 53536, 63930]"
118845,"[60021, 108142, 11841, 35672, 77834, 62852, 47850, 2130, 69602, 56383]"
118846,"[100506, 97659, 13990, 81782, 15907, 31785, 28694, 36239, 108278, 45609]"
118847,"[100071, 63536, 38640, 49654, 93089, 93658, 51897, 87370, 69181, 17107]"
118848,"[59522, 92063, 24637, 77156, 12462, 9781, 43724, 95536, 66736, 93579]"
118849,"[68884, 69744, 83786, 44658, 97945, 82005, 34030, 98377, 52784, 74072]"
118850,"[19928, 105143, 83539, 58416, 82576, 21237, 64722, 95224, 59994, 81875]"
118851,"[9802, 64258, 80392, 31883, 53115, 7458, 85327, 20333, 8979, 60618]"
118852,"[26585, 76661, 82072, 67019, 14741, 25475, 90829, 42993, 45874, 13197]"
118853,"[2215, 63018, 52705, 93464, 79507, 108783, 5517, 28461, 67796, 102321]"
118854,"[68023, 67861, 68435, 97162, 61523, 13114, 91197, 77120, 102877, 47592]"
118855,"[98183, 89759, 7433, 17619, 82995, 38709, 85939, 99501, 17739, 17687]"
118856,"[35970, 8088, 4552, 90555, 47983, 56880, 55074, 68999, 26841, 11911]"
118857,"[64430, 56817, 75242, 47283, 77741, 57927, 78264, 108812, 79063, 104965]"
118858,"[71717, 38874, 108965, 95614, 54005, 30359, 101652, 91320, 97613, 108104]"
118859,"[9686, 19993, 73711, 53427, 91129, 58219, 33107, 98923, 64102, 26701]"
118860,"[47839, 99096, 77404, 101017, 74262, 67134, 49202, 35690, 18939, 55701]"
118861,"[11987, 52443, 27765, 58610, 54695, 2585, 51181, 85047, 31993, 37724]"
118862,"[50296, 96081, 97788, 78575, 71417, 31725, 98997, 46262, 59357, 79859]"
118863,"[83920, 54113, 58068, 31337, 87149, 67209, 78641, 63464, 18461, 97214]"
118864,"[64830, 24325, 65583, 33626, 105571, 27028, 28274, 59594, 18901, 16320]"
118865,"[98102, 39361, 36193, 82879, 3472, 23587, 51029, 18917, 54059, 83708]"
118866,"[80346, 94722, 22438, 103023, 36737, 86211, 95561, 90209, 38106, 75049]"
118867,"[3904, 106618, 72733, 78551, 21119, 49341, 72076, 957, 71185, 65688]"
118868,"[32666, 74449, 46831, 61983, 65230, 27478, 86015, 59737, 58974, 66461]"
118869,"[41443, 101444, 63408, 71169, 65252, 109050, 108504, 101948, 54731, 68821]"
118870,"[10266, 14095, 102631, 68527, 22118, 96918, 53855, 13038, 42364, 81368]"
118871,"[29697, 60877, 51810, 97556, 20794, 52661, 16052, 47276, 51141, 10071]"
118872,"[74501, 20883, 55460, 48719, 13870, 69392, 11048, 4775, 84949, 106076]"
118873,"[67857, 97008, 27215, 43568, 90435, 76197, 9274, 98467, 74560, 81889]"
118874,"[2385, 26263, 15364, 64705, 39797, 82919, 103494, 86158, 107239, 7275]"
118875,"[83463, 87224, 41062, 3427, 89238, 22343, 93917, 22505, 80972, 90719]"
118876,"[9665, 67597, 13605, 67677, 21943, 102608, 29800, 59380, 80980, 59105]"
118877,"[55765, 88775, 90621, 16993, 7731, 101147, 99576, 83620, 95706, 44688]"
118878,"[29374, 75772, 37852, 8045, 82320, 47752, 97191, 80335, 26765, 50093]"
118879,"[66095, 48787, 26984, 109111, 18824, 72585, 81722, 43650, 104653, 90164]"
118880,"[45426, 60220, 101069, 72859, 23163, 58883, 102111, 57639, 60034, 91797]"
118881,"[56987, 87355, 78292, 16907, 59816, 28655, 47818, 89187, 75057, 20564]"
118882,"[39111, 83495, 97992, 33302, 17630, 33427, 63729, 81365, 68251, 21513]"
118883,"[104728, 37369, 50593, 6923, 53833, 96158, 11617, 79995, 40192, 32815]"
118884,"[68790, 16157, 64282, 33077, 53165, 33372, 69538, 14257, 66795, 46593]"
118885,"[84542, 71121, 33375, 100850, 84659, 11037, 64390, 83377, 79087, 74995]"
118886,"[7200, 69591, 30179, 36518, 84984, 99321, 27414, 97749, 78032, 16688]"
118887,"[92805, 89748, 52739, 17156, 101171, 43943, 33277, 61933, 1746, 28957]"
118888,"[102217, 61577, 105420, 2099, 42735, 30530, 93067, 29333, 25102, 85273]"
118889,"[91090, 93401, 26169, 95956, 553, 26651, 10389, 2283, 34752, 55188]"
118890,"[15989, 84772, 9980, 25972, 28796, 61513, 76469, 45611, 17954, 8216]"
118891,"[91331, 69772, 104570, 38884, 36304, 76545, 70382, 87959, 43000, 77696]"
118892,"[46062, 10254, 64306, 40914, 86972, 102546, 25875, 29207, 99809, 58091]"
118893,"[96090, 55112, 40408, 61526, 2734, 106960, 72475, 64482, 48106, 49162]"
118894,"[89279, 10505, 93863, 13280, 12548, 96994, 87102, 86444, 104215, 50878]"
118895,"[34803, 57660, 98373, 49406, 82835, 92018, 85389, 7648, 23631, 53334]"
118896,"[10355, 70001, 3986, 26414, 60603, 545, 713, 94144, 43979, 95423]"
118897,"[100607, 71474, 11609, 101013, 105525, 12358, 46908, 83430, 40619, 75350]"
118898,"[38690, 33174, 21607, 99987, 80284, 75136, 71034, 90394, 100825, 43765]"
118899,"[72629, 79113, 56133, 30523, 5702, 105261, 32765, 67975, 9098, 103416]"
118900,"[10606, 6778, 78104, 68875, 94616, 80727, 41310, 103959, 18198, 10611]"
118901,"[103583, 78285, 35701, 59754, 313, 32494, 7985, 49617, 96967, 103226]"
118902,"[100575, 10329, 11032, 13716, 67161, 104392, 60901, 92642, 8758, 50]"
118903,"[51541, 99466, 20243, 29890, 88906, 105907, 45980, 11371, 62780, 30995]"
118904,"[38405, 79534, 52976, 82642, 103409, 107549, 19271, 100787, 103257, 100094]"
118905,"[84765, 10217, 43517, 8340, 74779, 106623, 104505, 101488, 95612, 43139]"
118906,"[61493, 19441, 100354, 4738, 44311, 96503, 102631, 3102, 66417, 102335]"
118907,"[82092, 18602, 27219, 36155, 88167, 56803, 40294, 74740, 31770, 23101]"
118908,"[15944, 70909, 52085, 18251, 75594, 62817, 10338, 74027, 30895, 34964]"
118909,"[18133, 68803, 91224, 82137, 76807, 30228, 73240, 1494, 9571, 13717]"
118910,"[50423, 12293, 20761, 4367, 105425, 72377, 11244, 32463, 12387, 34524]"
118911,"[97219, 77428, 107161, 70040, 97520, 61039, 21162, 5943, 38018, 93323]"
118912,"[68316, 28193, 12049, 70277, 69706, 56640, 99190, 77902, 84853, 3817]"
118913,"[77383, 19500, 18873, 72249, 41780, 56767, 96252, 16683, 6830, 4686]"
118914,"[53087, 41721, 58055, 46078, 79730, 69231, 102928, 103406, 30151, 52987]"
118915,"[94601, 60335, 45271, 100824, 85468, 65889, 45624, 14423, 72053, 33709]"
118916,"[23501, 26606, 88894, 42249, 33854, 58731, 90954, 25957, 85335, 28852]"
118917,"[49305, 91809, 60986, 14081, 18735, 104803, 89785, 21795, 33076, 97277]"
118918,"[23887, 38817, 82276, 97010, 94498, 46745, 107483, 37663, 6830, 4686]"
118919,"[19141, 7693, 79644, 72814, 60736, 49376, 90385, 55809, 41594, 17960]"
118920,"[75175, 54235, 75271, 88830, 98039, 60076, 59261, 109250, 44461, 84988]"
118921,"[301, 20001, 63637, 72418, 96113, 82938, 69239, 90506, 54891, 19970]"
118922,"[93208, 35652, 38085, 18450, 14364, 17024, 17251, 85142, 39682, 49575]"
118923,"[69211, 67770, 82468, 11397, 84935, 28212, 78522, 38126, 24397, 45826]"
118924,"[15178, 40135, 99131, 64426, 82824, 108894, 8425, 43342, 74699, 38836]"
118925,"[34149, 98023, 7699, 43713, 1081, 105438, 54773, 62824, 18402, 11003]"
118926,"[19184, 8613, 92150, 56565, 27336, 70796, 41418, 58589, 8440, 49756]"
118927,"[109460, 42833, 102006, 52412, 52163, 94117, 82332, 59506, 52555, 91759]"
118928,"[84820, 88145, 13246, 33386, 10492, 99701, 41297, 87292, 93419, 3099]"
118929,"[31813, 87745, 35994, 101508, 25175, 34802, 30783, 45302, 26811, 104455]"
118930,"[68770, 44796, 98175, 294, 71524, 74383, 100152, 5252, 54426, 67433]"
118931,"[13300, 95391, 105918, 41432, 39512, 19970, 87394, 89304, 56773, 26310]"
118932,"[23960, 33176, 28145, 47174, 13638, 18205, 6190, 16020, 79846, 54807]"
118933,"[2321, 62196, 2264, 66296, 72417, 42266, 7943, 30703, 38654, 109649]"
118934,"[495, 30901, 74920, 108844, 35399, 24854, 68822, 90088, 12143, 7074]"
118935,"[4890, 92133, 70090, 50428, 94308, 64208, 3195, 90489, 27434, 14326]"
118936,"[2034, 56243, 16951, 10169, 76792, 104753, 96096, 24769, 28707, 87509]"
118937,"[37561, 71252, 97765, 32633, 40743, 67795, 10177, 63373, 70653, 95987]"
118938,"[22969, 95272, 23235, 108262, 56073, 71151, 26558, 91751, 8369, 14484]"
118939,"[3351, 77957, 94288, 107127, 14961, 5508, 18072, 38861, 28330, 29525]"
118940,"[93010, 24302, 6708, 27266, 44803, 103544, 103841, 8338, 94441, 88802]"
118941,"[104473, 82083, 58954, 56462, 65881, 68253, 9852, 4181, 96320, 57685]"
118942,"[99039, 77869, 77367, 29538, 43552, 71081, 16819, 100941, 94584, 68708]"
118943,"[89782, 35226, 94730, 95788, 15498, 45577, 22783, 23215, 61416, 90477]"
118944,"[97696, 93013, 5465, 61765, 108257, 92578, 33585, 26628, 91298, 98386]"
118945,"[22688, 36649, 76388, 78303, 99366, 47164, 70512, 72539, 97076, 46251]"
118946,"[35772, 63380, 109131, 44208, 44003, 45486, 86293, 100796, 58331, 68630]"
118947,"[57096, 76334, 40445, 45596, 30866, 88428, 11104, 105441, 62711, 65167]"
118948,"[57861, 73878, 68128, 15509, 107947, 96468, 104755, 21645, 5064, 56936]"
118949,"[107776, 20510, 103201, 75567, 90699, 40107, 66333, 2465, 54132, 26138]"
118950,"[31530, 239, 63856, 18143, 57212, 16754, 55716, 53740, 50674, 16362]"
118951,"[19463, 19847, 14204, 37247, 62549, 35039, 90590, 34866, 104669, 86094]"
118952,"[27495, 108372, 71523, 69127, 85018, 81656, 101890, 99839, 22579, 79083]"
118953,"[59957, 8181, 3775, 10204, 94144, 43119, 53574, 48017, 19097, 49295]"
118954,"[24262, 27048, 35478, 59194, 2453, 1391, 108408, 11589, 51262, 43311]"
118955,"[39056, 54606, 96547, 53615, 85851, 61131, 78400, 22518, 55216, 27741]"
118956,"[21931, 72258, 74056, 34754, 102803, 27345, 27382, 54704, 47003, 49076]"
118957,"[48737, 85285, 88618, 17964, 30403, 38934, 20422, 86924, 17926, 86999]"
118958,"[72847, 642, 99846, 70961, 64860, 62332, 84861, 29468, 77462, 105504]"
118959,"[27660, 10060, 81414, 91096, 77673, 92164, 11476, 87375, 49174, 67171]"
118960,"[72734, 83778, 21528, 42368, 64779, 80562, 54990, 24069, 48815, 73066]"
118961,"[17890, 67477, 74192, 58987, 13842, 83406, 87315, 47648, 8394, 108747]"
118962,"[7062, 23645, 35737, 25649, 77054, 11689, 46979, 40704, 70183, 67078]"
118963,"[48650, 71544, 76165, 87757, 40860, 48365, 91035, 5384, 99636, 81199]"
118964,"[95610, 21498, 92421, 91820, 104872, 8982, 69077, 73013, 87853, 47327]"
118965,"[36974, 62290, 73329, 34676, 100808, 18836, 59203, 83050, 97747, 6180]"
118966,"[20670, 25952, 97530, 67673, 73301, 35465, 11199, 102970, 88255, 81422]"
118967,"[57430, 13244, 85561, 33477, 28213, 60848, 45683, 27405, 81407, 43959]"
118968,"[471, 48306, 105112, 25967, 100040, 21563, 24844, 66879, 58649, 63349]"
118969,"[52964, 61719, 13009, 82986, 60416, 61257, 80903, 35809, 68383, 41816]"
118970,"[35021, 77610, 55967, 69974, 2003, 58573, 79590, 61966, 15923, 10051]"
118971,"[5195, 79051, 76577, 103033, 89398, 95915, 27961, 21819, 42989, 60078]"
118972,"[23120, 58269, 50317, 5096, 55125, 109519, 88366, 70105, 84893, 108432]"
118973,"[93511, 96329, 89569, 77257, 14498, 38592, 18809, 15458, 94672, 89229]"
118974,"[59729, 2758, 70613, 11329, 45068, 104285, 35401, 28888, 59343, 35718]"
118975,"[80648, 42942, 106085, 58039, 90072, 40190, 300, 68663, 48614, 53263]"
118976,"[72782, 67121, 49967, 91461, 60572, 29208, 47877, 80868, 57714, 89261]"
118977,"[107579, 24074, 92393, 78852, 73691, 21582, 18290, 37687, 67022, 22599]"
118978,"[56944, 16948, 54063, 14762, 32843, 31229, 79999, 27344, 34316, 9594]"
118979,"[18250, 76554, 41661, 108698, 15743, 53653, 777, 95704, 72325, 5313]"
118980,"[30206, 109334, 77187, 57696, 26064, 92435, 44628, 35819, 42646, 105781]"
118981,"[96, 20545, 47603, 43812, 39031, 38225, 78703, 74646, 83038, 58103]"
118982,"[86515, 74487, 47284, 74233, 77026, 102603, 94093, 90556, 85482, 77061]"
118983,"[34707, 79488, 56592, 53553, 35889, 73452, 37164, 49275, 40693, 104817]"
118984,"[68083, 74820, 89531, 64044, 9597, 29286, 10185, 68172, 53717, 105647]"
118985,"[98433, 45970, 76538, 62689, 104888, 97034, 48668, 108932, 2012, 75273]"
118986,"[82194, 61454, 98098, 76234, 68274, 101744, 71570, 13418, 105514, 43041]"
118987,"[61130, 77340, 65886, 31609, 60254, 14180, 27760, 67099, 12032, 89947]"
118988,"[52527, 45539, 47863, 33888, 23034, 95086, 41969, 4101, 49511, 9974]"
118989,"[43382, 96579, 77912, 12333, 41154, 66096, 78802, 35701, 99960, 102674]"
118990,"[74331, 40199, 62400, 104078, 29446, 104216, 58147, 48228, 89025, 71641]"
118991,"[72453, 89538, 15247, 18194, 4714, 4809, 56058, 103392, 16204, 73598]"
118992,"[25917, 36164, 30353, 100751, 55066, 89385, 39184, 82256, 104130, 82510]"
118993,"[69424, 38223, 16538, 29780, 22562, 31688, 12554, 2709, 26045, 15625]"
118994,"[52866, 108902, 76600, 25283, 54840, 37199, 97338, 278, 49907, 39583]"
118995,"[27972, 102443, 19507, 9028, 23652, 82635, 10336, 66235, 81521, 72987]"
118996,"[27599, 38336, 64565, 15042, 84241, 6796, 88058, 86631, 4969, 41570]"
118997,"[19527, 30442, 93424, 48040, 22205, 77895, 38999, 60616, 91572, 78496]"
118998,"[89418, 845, 47508, 8661, 97523, 24843, 54244, 101682, 26315, 8177]"
118999,"[99009, 31887, 15061, 72614, 62446, 58370, 62110, 107400, 13013, 7828]"
119000,"[89212, 40603, 62609, 85534, 38774, 90619, 105935, 85129, 66166, 88570]"
119001,"[106494, 79498, 39111, 83495, 91588, 64356, 92049, 89049, 2492, 33872]"
119002,"[41169, 109400, 61550, 34934, 5029, 63793, 61599, 72636, 25615, 106627]"
119003,"[87090, 9145, 30474, 106476, 98379, 73771, 100274, 20768, 20772, 49591]"
119004,"[49102, 11427, 59459, 64502, 7946, 22962, 56109, 15845, 27686, 99406]"
119005,"[33495, 16278, 97884, 30599, 41687, 57570, 29567, 44292, 33967, 25746]"
119006,"[65844, 31723, 81075, 104802, 54140, 84802, 39166, 72927, 100362, 31639]"
119007,"[15372, 61969, 81313, 82889, 54716, 66047, 68659, 18260, 53059, 28075]"
119008,"[46870, 33120, 18125, 78133, 33558, 62363, 87492, 99470, 13814, 51191]"
119009,"[85130, 105509, 66616, 37732, 16789, 53542, 64892, 1123, 50110, 12515]"
119010,"[36265, 36969, 2544, 33281, 108505, 42611, 29137, 64565, 74673, 33257]"
119011,"[47961, 89711, 27157, 97889, 107247, 106563, 33372, 10761, 33487, 70580]"
119012,"[38709, 82995, 85939, 17739, 66789, 10101, 108161, 32728, 75690, 50584]"
119013,"[36960, 24010, 23765, 13992, 34100, 47495, 60306, 63980, 98516, 99944]"
119014,"[60748, 1178, 3826, 9178, 107560, 4140, 69967, 60906, 38239, 36296]"
119015,"[79047, 68417, 87807, 9795, 30121, 7505, 68780, 39134, 18506, 36178]"
119016,"[65867, 80564, 45305, 18626, 81393, 8410, 33629, 27916, 88736, 1024]"
119017,"[78958, 36814, 12800, 15261, 2990, 28738, 106211, 28026, 108915, 39306]"
119018,"[66584, 72569, 43798, 8103, 44233, 105406, 37702, 105591, 97259, 106287]"
119019,"[93168, 22300, 95727, 82394, 102326, 65201, 72697, 53740, 85034, 72095]"
119020,"[52696, 68178, 72899, 50060, 71476, 99263, 1239, 91360, 93223, 59076]"
119021,"[52653, 98193, 88775, 46816, 50475, 82374, 12677, 48274, 56933, 108247]"
119022,"[12435, 23634, 66971, 36662, 68346, 37768, 77535, 70215, 68990, 93515]"
119023,"[45114, 14846, 40044, 37278, 71634, 5821, 95800, 1230, 67960, 93947]"
119024,"[26339, 96083, 20864, 46461, 48273, 48843, 63979, 2025, 49997, 10554]"
119025,"[5062, 34083, 35192, 4852, 32585, 46302, 35124, 52148, 49043, 57176]"
119026,"[71208, 15122, 58926, 60243, 2958, 102756, 28773, 66594, 104359, 11983]"
119027,"[71544, 93889, 26739, 61977, 3077, 88798, 42496, 78633, 75707, 5384]"
119028,"[75634, 52495, 101389, 58024, 23981, 109473, 92779, 41268, 35402, 28158]"
119029,"[69622, 9190, 47704, 57255, 36979, 249, 22284, 89895, 61700, 33991]"
119030,"[79125, 103161, 40447, 89827, 58827, 20405, 37746, 22862, 69295, 13317]"
119031,"[77654, 6639, 63789, 36622, 60808, 79889, 89048, 96892, 13854, 12683]"
119032,"[58842, 29989, 99615, 63892, 8936, 93319, 18308, 10860, 29344, 8249]"
119033,"[29124, 21815, 67412, 9377, 103538, 61046, 93672, 87627, 67473, 40521]"
119034,"[91448, 58972, 21947, 86909, 25418, 99714, 61149, 15534, 107645, 17384]"
119035,"[95897, 10491, 29498, 47411, 714, 17290, 63340, 4209, 44395, 87586]"
119036,"[5867, 72952, 49038, 7866, 47916, 51473, 39591, 7898, 20853, 78347]"
119037,"[4504, 68987, 93645, 52152, 30341, 34647, 12976, 15514, 5953, 105051]"
119038,"[96608, 85157, 2450, 15915, 31384, 5101, 33510, 92775, 6068, 17783]"
119039,"[14837, 98080, 5226, 734, 107169, 45057, 86717, 18665, 93533, 24668]"
119040,"[10531, 81933, 74678, 31345, 50672, 8483, 32576, 23008, 58952, 40786]"
119041,"[1238, 10710, 105651, 45766, 100872, 46021, 12593, 91897, 103110, 8690]"
119042,"[39753, 98295, 101511, 30664, 20658, 85203, 46203, 96149, 18649, 105097]"
119043,"[71406, 11432, 74268, 24157, 100090, 47411, 94926, 46467, 34423, 8583]"
119044,"[1353, 22168, 44276, 63141, 87251, 46093, 75983, 21358, 75955, 85733]"
119045,"[89157, 44900, 22848, 72950, 31423, 11232, 39871, 94818, 34672, 77744]"
119046,"[92401, 3889, 76445, 83078, 54893, 99386, 46488, 105325, 97012, 102105]"
119047,"[92056, 40393, 26483, 68577, 74051, 20578, 40115, 108853, 51887, 107065]"
119048,"[41675, 46422, 3645, 22775, 106005, 77371, 96047, 102788, 18515, 52109]"
119049,"[108709, 33560, 52235, 73509, 103593, 54631, 106555, 91537, 41351, 19803]"
119050,"[38327, 16311, 44734, 109744, 87979, 30218, 3534, 39789, 33414, 3245]"
119051,"[64283, 2483, 91275, 78062, 56149, 4767, 75589, 94992, 30264, 105834]"
119052,"[35929, 6978, 63394, 62102, 94390, 40805, 73059, 40440, 14065, 91354]"
119053,"[28332, 36599, 74081, 69699, 109681, 32523, 79981, 54338, 20788, 41815]"
119054,"[65318, 52175, 39327, 28605, 10623, 23176, 92733, 49428, 39992, 54554]"
119055,"[66777, 90500, 47314, 56652, 18024, 61229, 29005, 102737, 31798, 47839]"
119056,"[57314, 38553, 96191, 5902, 34102, 89603, 93816, 79329, 16372, 98000]"
119057,"[102937, 80760, 10906, 98251, 71995, 109289, 16068, 106617, 82293, 12935]"
119058,"[69611, 36842, 107077, 54778, 72564, 40774, 98099, 15943, 49297, 106268]"
119059,"[45474, 31317, 90597, 69945, 91286, 38866, 60334, 72638, 89869, 20006]"
119060,"[73307, 28682, 106028, 93216, 75008, 33450, 99062, 19100, 55043, 101303]"
119061,"[70351, 33945, 69988, 101755, 58782, 63489, 58319, 54323, 904, 75627]"
119062,"[43280, 82141, 54246, 5983, 36594, 61074, 17580, 47458, 104660, 62883]"
119063,"[77978, 15522, 104201, 58143, 11510, 97493, 74661, 78971, 23922, 33549]"
119064,"[11254, 2103, 5513, 47589, 23066, 48147, 91324, 98042, 16504, 35167]"
119065,"[2169, 49499, 39133, 43414, 99882, 38420, 58860, 97082, 19272, 97559]"
119066,"[29865, 53735, 33912, 83143, 5837, 74727, 57025, 49806, 9540, 8399]"
119067,"[40122, 71241, 43938, 53458, 24326, 33636, 38689, 107170, 17114, 3661]"
119068,"[63929, 60032, 18476, 23217, 83170, 78962, 75056, 18850, 56514, 78861]"
119069,"[59843, 19238, 68813, 3616, 1934, 23986, 6743, 61883, 84649, 24560]"
119070,"[94058, 72744, 82298, 57048, 16047, 101536, 21071, 70069, 1365, 38825]"
119071,"[71666, 71313, 83205, 5476, 22805, 44972, 51945, 85032, 38503, 74904]"
119072,"[39533, 25007, 81709, 94073, 79615, 83912, 69027, 56090, 22316, 34625]"
119073,"[9112, 47150, 4542, 78627, 53712, 28847, 92647, 57082, 72066, 5260]"
119074,"[96420, 34836, 62931, 103285, 67510, 49626, 35581, 83064, 78999, 73082]"
119075,"[99377, 38954, 1253, 21290, 69562, 41994, 4, 16528, 87877, 53316]"
119076,"[86742, 89069, 38748, 103153, 46785, 35474, 86759, 103303, 10968, 96638]"
119077,"[83703, 52667, 50529, 42205, 100193, 86963, 22248, 33412, 46570, 71357]"
119078,"[99874, 101292, 22513, 72321, 54962, 82957, 33576, 10159, 99066, 73461]"
119079,"[47403, 43300, 36081, 32305, 56042, 20634, 879, 83331, 36855, 49660]"
119080,"[28498, 39180, 62201, 92186, 78615, 17414, 78653, 75428, 90653, 25812]"
119081,"[6126, 30267, 5730, 31628, 56605, 52465, 13970, 15871, 106417, 10147]"
119082,"[100507, 50129, 61100, 32418, 41104, 81188, 64896, 108078, 22632, 4589]"
119083,"[22891, 96697, 59901, 1403, 46436, 7197, 97850, 22434, 18128, 74919]"
119084,"[58455, 3293, 109306, 108375, 80197, 2994, 45261, 109588, 10775, 91305]"
119085,"[27541, 88184, 52202, 28308, 26039, 96800, 42108, 22987, 46140, 105429]"
119086,"[86256, 38064, 51156, 54737, 57769, 90907, 100107, 106553, 89634, 101651]"
119087,"[53884, 2942, 98602, 91683, 10713, 37824, 17325, 63005, 31444, 58879]"
119088,"[108046, 42174, 17349, 99673, 7288, 8831, 99954, 79592, 74198, 59733]"
119089,"[2697, 10709, 9509, 72017, 31730, 79198, 77863, 9269, 88875, 29552]"
119090,"[85514, 41892, 104110, 102924, 53807, 92502, 43745, 94937, 61751, 55859]"
119091,"[65717, 21137, 68550, 53863, 81586, 109390, 82695, 28127, 17861, 94241]"
119092,"[92834, 99411, 10774, 93605, 97393, 8231, 39127, 1362, 99221, 95124]"
119093,"[30370, 34092, 101261, 9390, 55969, 67651, 91139, 20943, 100322, 34709]"
119094,"[6229, 100788, 61133, 86578, 106019, 85963, 94550, 41053, 57099, 37058]"
119095,"[16307, 47012, 14760, 51859, 67788, 43819, 62408, 83887, 17011, 99643]"
119096,"[85562, 29546, 60777, 27189, 23958, 29336, 5984, 90240, 68160, 50615]"
119097,"[12775, 104368, 23126, 96492, 50372, 104416, 89212, 28140, 60354, 27946]"
119098,"[95742, 89199, 39711, 59286, 96332, 15714, 53714, 71546, 44766, 14590]"
119099,"[43122, 92040, 88848, 51523, 49821, 18491, 95318, 99867, 3060, 91599]"
119100,"[22158, 3940, 88909, 30092, 90632, 96243, 12592, 88620, 104146, 34678]"
119101,"[10555, 77273, 20881, 77517, 84218, 73208, 60167, 78159, 89330, 91894]"
119102,"[45558, 23653, 78415, 55895, 79136, 75955, 9857, 27179, 58595, 39881]"
119103,"[33743, 17620, 75610, 32106, 53125, 41124, 90400, 46144, 62783, 21721]"
119104,"[85192, 7264, 10989, 5217, 32971, 22705, 53280, 56169, 35917, 72575]"
119105,"[50897, 49382, 79702, 7182, 6042, 72296, 47946, 56628, 108836, 3349]"
119106,"[67081, 75437, 25713, 57135, 51710, 8222, 90519, 74485, 50271, 83988]"
119107,"[64445, 19915, 86752, 39047, 102096, 215, 97959, 64934, 48386, 16011]"
119108,"[18944, 42680, 30485, 98206, 81458, 100581, 59389, 2978, 89932, 106907]"
119109,"[21005, 80454, 109579, 28889, 54118, 105144, 62583, 107121, 38279, 105106]"
119110,"[38966, 53748, 94116, 79345, 11887, 83627, 36552, 75226, 68456, 31739]"
119111,"[71581, 13179, 66387, 7954, 61448, 76789, 78445, 60230, 39691, 93649]"
119112,"[68126, 105563, 75912, 399, 96573, 26528, 98742, 48678, 93647, 77571]"
119113,"[76433, 69111, 24473, 101315, 18286, 1259, 34961, 26487, 83665, 86740]"
119114,"[104449, 103771, 17068, 107181, 65452, 79713, 102632, 423, 85533, 76601]"
119115,"[21352, 36959, 105886, 106906, 94943, 77672, 4555, 57150, 108506, 87527]"
119116,"[4187, 44606, 47321, 84828, 77726, 59230, 109652, 19739, 83114, 15297]"
119117,"[90118, 96663, 107460, 55127, 74953, 98847, 77285, 85803, 27267, 60723]"
119118,"[46766, 55842, 3515, 98714, 57947, 31409, 65687, 78570, 37626, 78225]"
119119,"[32417, 24175, 41117, 67761, 68563, 36548, 71182, 42314, 53959, 15812]"
119120,"[59369, 74633, 3380, 51095, 35897, 107858, 95905, 3582, 48329, 58899]"
119121,"[8832, 42311, 39937, 97110, 31182, 40309, 55082, 45512, 88494, 14277]"
119122,"[23222, 26692, 39131, 21820, 3135, 98532, 291, 41689, 55618, 103954]"
119123,"[109067, 60564, 108061, 92416, 99963, 63550, 43305, 21915, 88599, 39341]"
119124,"[41282, 49378, 106580, 108042, 3399, 95607, 66646, 17313, 100758, 68534]"
119125,"[84127, 91824, 7183, 22868, 37358, 90213, 98217, 38636, 10655, 36822]"
119126,"[85274, 7273, 66263, 104025, 98643, 63543, 64382, 3083, 87515, 308]"
119127,"[2209, 2198, 4472, 55108, 8189, 11223, 7542, 19079, 12876, 18786]"
119128,"[5688, 109768, 42178, 83297, 31094, 86883, 85415, 109367, 21362, 63956]"
119129,"[106203, 91767, 8456, 87045, 64497, 61936, 26835, 68420, 109563, 107051]"
119130,"[51050, 16563, 37452, 69020, 49866, 87732, 14466, 81109, 86825, 71789]"
119131,"[46682, 62496, 107510, 84576, 9232, 82661, 24518, 2438, 27526, 99299]"
119132,"[44393, 88106, 63612, 38438, 99922, 15100, 5606, 103607, 63186, 37427]"
119133,"[52458, 88589, 25240, 32472, 77424, 34580, 67293, 21210, 31551, 75762]"
119134,"[5071, 93888, 87833, 95927, 3852, 46850, 66521, 73569, 107876, 13922]"
119135,"[56171, 7424, 4477, 85363, 1257, 92937, 66941, 76519, 39853, 86410]"
119136,"[37101, 33553, 1280, 63060, 63358, 12905, 63147, 66110, 92896, 48132]"
119137,"[83369, 9250, 10137, 26328, 88950, 10828, 94862, 46952, 108402, 65703]"
119138,"[8676, 20491, 5441, 25224, 95072, 14480, 106859, 49495, 9714, 96903]"
119139,"[33357, 51950, 25747, 13588, 91899, 20152, 36516, 37647, 100026, 75672]"
119140,"[89481, 13813, 24866, 82059, 70100, 47484, 59902, 52741, 107691, 84594]"
119141,"[82783, 14035, 87330, 30378, 80169, 78926, 8631, 4198, 32251, 8288]"
119142,"[37035, 43419, 18464, 42008, 90656, 74299, 64523, 66278, 20598, 8319]"
119143,"[52400, 24899, 94395, 83913, 50826, 67220, 37926, 33612, 107946, 80657]"
119144,"[6966, 26128, 12933, 40794, 73625, 88163, 37055, 101200, 81524, 78890]"
119145,"[10291, 104102, 59126, 10270, 50057, 45978, 67915, 18071, 104721, 15089]"
119146,"[7775, 108057, 16698, 88017, 17598, 10780, 84752, 48376, 54949, 909]"
119147,"[25899, 74931, 60712, 12309, 52849, 28629, 105370, 30167, 33058, 107577]"
119148,"[83519, 96274, 106995, 20495, 23741, 23919, 74544, 37030, 50678, 45375]"
119149,"[91302, 38430, 6509, 7204, 21029, 28806, 97116, 105309, 11038, 9013]"
119150,"[49561, 66658, 74723, 67303, 32140, 12998, 85848, 83402, 7662, 81106]"
119151,"[45734, 73440, 101680, 57253, 101590, 71899, 36019, 105722, 51234, 1553]"
119152,"[16811, 25263, 20967, 83509, 99545, 42361, 29584, 81483, 88087, 49999]"
119153,"[14183, 23690, 66629, 23860, 108187, 96187, 70246, 20411, 31100, 33404]"
119154,"[18032, 86964, 44907, 75962, 99896, 2487, 73508, 36911, 75051, 61123]"
119155,"[1729, 6881, 92962, 48861, 88814, 66546, 11002, 100919, 106809, 68109]"
119156,"[47630, 48041, 29387, 58753, 43608, 43626, 31307, 103427, 97872, 4405]"
119157,"[37758, 67488, 87007, 33777, 49788, 72856, 13008, 105384, 31640, 83189]"
119158,"[70934, 53570, 8573, 28959, 19210, 54559, 45843, 52755, 38656, 64556]"
119159,"[44925, 42247, 108567, 35696, 44192, 44923, 68893, 83895, 40592, 51486]"
119160,"[28181, 94566, 30557, 55118, 109582, 1747, 104600, 90270, 3471, 103055]"
119161,"[8914, 23308, 6290, 12289, 80473, 24452, 52249, 86027, 39947, 16858]"
119162,"[28126, 68784, 35240, 75877, 42309, 7683, 89836, 106806, 38594, 42301]"
119163,"[18156, 40248, 102950, 86968, 50086, 93968, 55930, 40646, 26382, 14016]"
119164,"[79205, 89362, 20117, 42095, 28250, 7967, 51273, 98445, 72611, 12634]"
119165,"[68760, 19956, 60141, 8085, 41972, 73959, 72840, 25847, 78378, 8628]"
119166,"[55565, 72518, 66472, 45597, 50391, 47238, 69435, 16484, 81247, 21017]"
119167,"[107788, 24501, 71027, 80396, 103690, 23358, 38331, 23045, 13160, 6753]"
119168,"[106875, 77615, 98036, 40591, 24284, 85167, 36685, 95469, 85523, 79474]"
119169,"[15809, 65967, 69503, 96493, 97406, 50052, 89870, 586, 80503, 96359]"
119170,"[97769, 78145, 70544, 28491, 35953, 5514, 39378, 16367, 21982, 10970]"
119171,"[55254, 56239, 3332, 57785, 2395, 22377, 42320, 85922, 20197, 57148]"
119172,"[43179, 6431, 86009, 74094, 101035, 92394, 7970, 102168, 87338, 88929]"
119173,"[52051, 46290, 55809, 90385, 94793, 15738, 89848, 9344, 104302, 19141]"
119174,"[59933, 92376, 16335, 20710, 33313, 20063, 25703, 1577, 45124, 16268]"
119175,"[96544, 85114, 31569, 106485, 10772, 108157, 72341, 43986, 46634, 12617]"
119176,"[23025, 41720, 39014, 19297, 447, 4997, 104168, 23729, 47655, 16439]"
119177,"[70583, 95603, 7645, 40050, 105164, 2551, 8275, 84412, 99175, 62566]"
119178,"[7038, 76129, 41797, 81533, 87250, 91399, 65810, 51675, 62159, 100628]"
119179,"[80898, 46739, 44348, 87931, 39732, 65822, 25396, 45502, 17084, 38008]"
119180,"[5172, 84992, 103424, 77241, 108083, 58688, 50451, 22317, 19850, 78842]"
119181,"[83384, 8210, 109080, 61893, 45080, 25457, 93187, 61121, 68971, 11073]"
119182,"[26336, 57063, 91044, 79641, 94551, 103053, 105148, 24671, 88086, 37844]"
119183,"[50002, 34929, 95802, 83590, 44238, 5250, 26135, 3750, 61941, 42836]"
119184,"[98809, 2956, 81170, 44095, 31041, 22908, 18340, 91366, 10109, 84441]"
119185,"[67699, 25943, 89381, 102180, 99299, 4856, 86814, 99456, 46682, 13821]"
119186,"[30639, 100082, 46831, 23892, 49101, 91011, 16390, 18208, 273, 105675]"
119187,"[72095, 54739, 97703, 80763, 86651, 8874, 24352, 109039, 25637, 69876]"
119188,"[54053, 27290, 48144, 54624, 36266, 87712, 66481, 46146, 64045, 40491]"
119189,"[89125, 31083, 20872, 95488, 11639, 90844, 65094, 3854, 7500, 55615]"
119190,"[8706, 499, 100795, 78254, 26433, 82685, 21340, 78131, 43313, 104731]"
119191,"[95902, 32416, 108275, 4545, 39471, 71681, 31601, 22874, 84839, 70394]"
119192,"[50698, 50672, 27769, 32576, 81933, 74678, 23008, 102651, 60188, 77663]"
119193,"[79969, 20568, 9032, 107320, 108006, 43987, 83561, 98848, 29925, 64377]"
119194,"[81637, 40447, 23842, 80784, 56906, 58827, 104444, 5416, 67565, 62866]"
119195,"[18777, 46741, 8413, 56993, 9591, 32670, 17707, 45964, 82139, 94492]"
119196,"[101560, 96486, 55566, 8621, 42736, 28088, 6963, 6216, 32806, 99982]"
119197,"[9365, 39323, 86374, 3010, 5220, 34358, 5374, 105437, 84167, 18200]"
119198,"[105952, 66452, 79833, 103467, 21359, 49151, 59473, 55724, 90975, 20450]"
119199,"[78096, 12919, 25041, 106217, 86934, 14192, 89531, 76454, 10887, 25004]"
119200,"[10594, 18749, 3467, 45350, 85490, 87361, 3582, 95905, 65409, 40008]"
119201,"[14199, 7081, 81018, 49042, 56863, 49785, 41791, 92381, 27407, 66435]"
119202,"[52408, 106296, 39018, 31535, 63276, 67135, 9771, 7302, 68443, 27248]"
119203,"[97158, 90338, 82663, 9215, 88187, 92353, 82617, 6384, 87428, 45892]"
119204,"[89059, 23515, 90644, 90532, 42866, 85612, 3765, 97157, 51094, 68429]"
119205,"[11122, 86762, 58657, 30428, 39270, 49663, 41753, 87984, 93914, 73347]"
119206,"[100912, 10268, 24048, 68574, 10175, 2158, 70883, 38275, 79490, 98584]"
119207,"[52188, 81920, 30986, 90186, 93272, 78733, 65396, 168, 57049, 76698]"
119208,"[63093, 56074, 66852, 36834, 107445, 66956, 86876, 85561, 43459, 27443]"
119209,"[89622, 13574, 106427, 55269, 35788, 27836, 109264, 31063, 59183, 85929]"
119210,"[13964, 38894, 19032, 61412, 105058, 23943, 53224, 7962, 52124, 87715]"
119211,"[14580, 16127, 57392, 55418, 61140, 64231, 8790, 1413, 109059, 31589]"
119212,"[94972, 28875, 40544, 40006, 37874, 27759, 29641, 2093, 92204, 64115]"
119213,"[13282, 7172, 48332, 16288, 32860, 21245, 24464, 85066, 72401, 67209]"
119214,"[77843, 90197, 81982, 88502, 59486, 82885, 79242, 57882, 15029, 56581]"
119215,"[65431, 85211, 79243, 45013, 75548, 93112, 66283, 54666, 98406, 58343]"
119216,"[7903, 98257, 95114, 31585, 81581, 93555, 26398, 43001, 21923, 78502]"
119217,"[94295, 1831, 25257, 37971, 82267, 8020, 65278, 55188, 67794, 57009]"
119218,"[17807, 60284, 72612, 53941, 19492, 19692, 44112, 50220, 57487, 332]"
119219,"[64152, 56847, 44442, 30210, 7242, 86142, 61373, 105825, 32036, 102476]"
119220,"[77949, 34654, 39154, 39067, 68982, 26981, 82537, 83447, 4084, 94367]"
119221,"[39728, 46268, 26686, 11688, 101417, 45121, 76798, 94844, 107527, 106113]"
119222,"[62019, 106750, 47606, 6366, 68345, 34664, 40991, 85453, 1107, 61717]"
119223,"[68236, 35265, 80700, 11609, 77690, 92806, 48416, 104527, 31632, 91128]"
119224,"[91910, 31656, 46338, 97067, 57290, 4432, 67035, 39834, 76904, 69589]"
119225,"[57737, 44243, 53899, 107557, 83822, 87971, 89515, 22003, 22679, 40134]"
119226,"[61711, 102526, 107380, 32557, 45828, 71993, 41302, 29384, 58509, 9040]"
119227,"[102490, 2061, 33881, 23375, 88733, 72531, 8762, 34359, 50370, 69201]"
119228,"[90612, 22225, 4599, 72038, 40019, 28830, 1497, 76247, 78568, 79001]"
119229,"[79767, 4705, 41339, 103205, 32012, 90446, 77926, 70507, 56498, 62203]"
119230,"[26204, 8896, 56086, 91013, 18968, 41275, 70914, 60872, 29357, 37571]"
119231,"[18049, 87591, 22322, 33102, 13059, 97092, 108440, 26812, 77791, 19988]"
119232,"[15406, 88743, 97548, 12270, 95132, 52339, 60477, 93699, 69286, 72236]"
119233,"[14525, 46728, 77863, 9269, 38218, 34406, 27837, 16257, 90321, 52104]"
119234,"[106402, 37700, 19458, 85486, 57181, 61967, 76226, 62925, 40244, 52398]"
119235,"[89647, 81166, 66156, 28912, 87837, 6455, 47389, 49812, 90635, 43344]"
119236,"[25091, 55598, 81956, 22727, 103074, 297, 105056, 40161, 85408, 109358]"
119237,"[90062, 23288, 38583, 66656, 907, 66964, 8978, 27341, 90344, 9026]"
119238,"[94979, 61287, 104819, 69256, 15433, 62272, 523, 66712, 34364, 88290]"
119239,"[108484, 81010, 54266, 45248, 19122, 80241, 55129, 21812, 52127, 54627]"
119240,"[86534, 70870, 97366, 1428, 101553, 97435, 81236, 40046, 17005, 37025]"
119241,"[105716, 106084, 21311, 101867, 85280, 31394, 6551, 56417, 61478, 7012]"
119242,"[78022, 104660, 6008, 38360, 75922, 65673, 54164, 93975, 77175, 61780]"
119243,"[39179, 80774, 86166, 79942, 46563, 16619, 27494, 43886, 8143, 79981]"
119244,"[62716, 56042, 5018, 21728, 36081, 57252, 43300, 88330, 47403, 25374]"
119245,"[65731, 64033, 51435, 763, 55292, 25461, 53488, 84314, 98139, 7024]"
119246,"[37226, 68165, 36321, 8373, 33627, 72641, 31818, 63010, 45598, 57566]"
119247,"[1315, 74684, 83442, 50474, 17503, 69509, 38351, 94026, 94114, 101128]"
119248,"[4538, 71848, 77917, 94076, 50149, 49562, 88094, 1810, 17405, 97710]"
119249,"[95687, 106873, 46502, 16434, 80758, 25183, 28733, 5118, 80916, 98648]"
119250,"[94888, 99259, 50564, 31768, 4331, 70867, 47394, 22597, 46147, 14574]"
119251,"[5638, 104429, 18699, 71583, 34172, 43488, 101736, 78842, 35057, 52411]"
119252,"[5804, 92491, 78218, 33257, 47420, 78866, 39357, 50332, 66360, 98618]"
119253,"[45581, 100427, 26013, 32912, 109462, 51969, 4715, 49864, 97600, 70844]"
119254,"[2413, 101681, 99646, 45936, 54760, 51215, 87908, 34055, 107529, 13071]"
119255,"[44480, 27758, 67977, 59717, 100743, 67818, 53819, 70972, 103737, 98864]"
119256,"[13292, 54413, 47901, 22570, 92342, 49569, 12622, 998, 92617, 605]"
119257,"[51297, 4792, 68551, 91944, 51656, 24257, 72067, 98174, 73946, 86897]"
119258,"[39034, 49952, 48767, 27700, 38737, 70095, 106271, 26465, 4282, 70643]"
119259,"[89246, 79577, 30371, 26684, 1972, 109391, 108691, 91956, 11558, 58818]"
119260,"[13829, 4212, 29556, 93124, 7907, 99998, 54361, 108688, 70797, 3346]"
119261,"[82783, 32251, 8288, 43052, 89409, 56603, 4198, 107273, 82937, 14035]"
119262,"[95287, 66135, 41234, 3705, 67543, 64828, 41181, 25296, 66683, 30722]"
119263,"[53746, 44751, 91260, 105455, 74954, 42633, 56193, 46507, 106783, 32142]"
119264,"[41733, 69828, 45246, 48553, 85896, 65629, 67478, 106589, 16502, 104430]"
119265,"[56155, 46095, 105677, 92287, 83827, 100945, 2805, 47, 107503, 1894]"
119266,"[106708, 4909, 51684, 53846, 27934, 92331, 96161, 653, 8426, 30124]"
119267,"[62075, 82651, 9127, 60365, 98982, 71798, 31824, 70157, 78604, 63210]"
119268,"[20592, 31912, 90389, 103909, 80049, 70837, 8978, 84030, 45467, 45188]"
119269,"[31594, 89400, 82440, 109500, 73567, 106522, 80489, 24418, 56979, 67574]"
119270,"[24256, 106626, 97785, 15385, 45283, 52078, 26031, 47769, 50199, 52268]"
119271,"[50013, 109671, 58058, 42268, 189, 46803, 16056, 79927, 33014, 92993]"
119272,"[52079, 32683, 94239, 47521, 102667, 108827, 69844, 74131, 60823, 4354]"
119273,"[107990, 65983, 94814, 51130, 40386, 108031, 10002, 104194, 11954, 27136]"
119274,"[21315, 20857, 30375, 30107, 58324, 69079, 38184, 106371, 100682, 37996]"
119275,"[100121, 60884, 67163, 48612, 88565, 42076, 18639, 76119, 38591, 51146]"
119276,"[46612, 18973, 100818, 5648, 105084, 54857, 67345, 60932, 39431, 104256]"
119277,"[67120, 48294, 17306, 47613, 73823, 50843, 88210, 7159, 81664, 96146]"
119278,"[84605, 18274, 97734, 67605, 72715, 87203, 69814, 1435, 93035, 50123]"
119279,"[20757, 66971, 36662, 68346, 12435, 93515, 68990, 6920, 12424, 77535]"
119280,"[20352, 24573, 77170, 34999, 60763, 43730, 38363, 2725, 26217, 45021]"
119281,"[1906, 68967, 27062, 31534, 87681, 23116, 48537, 90492, 100210, 10560]"
119282,"[92980, 57813, 59471, 98087, 49221, 108097, 5921, 70323, 65114, 31952]"
119283,"[12783, 99516, 31182, 98104, 98245, 83827, 40309, 88494, 18751, 81626]"
119284,"[36610, 43744, 7567, 93747, 104284, 72072, 64647, 33376, 35941, 107083]"
119285,"[18739, 47219, 85727, 73460, 34060, 61409, 60733, 2495, 32847, 64496]"
119286,"[96501, 16488, 25296, 19398, 61961, 105628, 41571, 44673, 51800, 66422]"
119287,"[55393, 41543, 80755, 21942, 95080, 1084, 35327, 96400, 5970, 43499]"
119288,"[87157, 88144, 54694, 80836, 23966, 93816, 86780, 71945, 71748, 60593]"
119289,"[57845, 18081, 98655, 103744, 107659, 86613, 19938, 86126, 79393, 56696]"
119290,"[74732, 48685, 105846, 90450, 37194, 74645, 22474, 72787, 29706, 19351]"
119291,"[23155, 106756, 30582, 15240, 65725, 106223, 86799, 100472, 41518, 6136]"
119292,"[14490, 109146, 105703, 98117, 108265, 78886, 1208, 92359, 68408, 61309]"
119293,"[108533, 67543, 801, 30722, 33002, 15775, 52232, 97934, 55447, 17715]"
119294,"[41265, 34969, 109636, 81602, 9564, 87211, 56152, 26986, 81246, 25568]"
119295,"[62486, 100800, 45509, 12161, 45678, 55843, 4765, 89582, 52163, 35309]"
119296,"[34281, 20303, 21782, 90470, 27227, 48038, 19881, 42973, 30309, 32410]"
119297,"[31563, 43704, 43472, 104207, 1758, 50851, 102749, 54727, 106634, 65696]"
119298,"[106531, 14033, 101144, 32549, 59877, 95635, 63756, 66949, 24771, 52541]"
119299,"[10395, 37204, 64146, 39085, 55401, 50080, 45257, 76884, 80999, 9822]"
119300,"[28521, 88189, 11806, 71357, 74916, 107940, 32710, 91497, 86963, 33412]"
119301,"[95731, 100328, 102831, 78731, 48063, 77893, 87630, 47360, 29549, 37872]"
119302,"[39190, 59022, 103082, 3897, 71342, 54590, 76031, 108576, 8979, 14448]"
119303,"[89923, 75192, 31908, 58669, 51683, 8598, 51861, 71942, 57111, 49445]"
119304,"[48266, 20759, 5156, 105182, 87200, 108480, 96914, 63783, 64292, 41669]"
119305,"[7886, 98178, 99895, 16089, 99522, 53921, 77947, 20133, 37867, 49]"
119306,"[38145, 33093, 89108, 37203, 25549, 32229, 87693, 105410, 45260, 39713]"
119307,"[80203, 59995, 1874, 72073, 40830, 9693, 70307, 28567, 47177, 10069]"
119308,"[69208, 109751, 9603, 65307, 62870, 80140, 77272, 51913, 72807, 30896]"
119309,"[9582, 32135, 65987, 15126, 63351, 62035, 22786, 79378, 77951, 57695]"
119310,"[35799, 28956, 89254, 11959, 105447, 38888, 56009, 10607, 5697, 20846]"
119311,"[79331, 37586, 62276, 45982, 63410, 51101, 77223, 21154, 106321, 54008]"
119312,"[55612, 31469, 20433, 54728, 89234, 55877, 48176, 98190, 43805, 73613]"
119313,"[1470, 40529, 36358, 106703, 30659, 37618, 34464, 40766, 105008, 105661]"
119314,"[74647, 34154, 59765, 78317, 70096, 99272, 30772, 65653, 53548, 10094]"
119315,"[89845, 44774, 70881, 11000, 50680, 74967, 62328, 92933, 94368, 17161]"
119316,"[6870, 74426, 89683, 54705, 76636, 64980, 71012, 20654, 17667, 63116]"
119317,"[3727, 43631, 84730, 7544, 100380, 52301, 52928, 72757, 89269, 34151]"
119318,"[9338, 44092, 23776, 60160, 38226, 13570, 92321, 24215, 32087, 101519]"
119319,"[81997, 89743, 3134, 39404, 48841, 77917, 11764, 49562, 4538, 45007]"
119320,"[46637, 56491, 50584, 68831, 20008, 46224, 61786, 42987, 70738, 98478]"
119321,"[75727, 45301, 76598, 14080, 92598, 54689, 4695, 92369, 40474, 29070]"
119322,"[5754, 74116, 64857, 49290, 93063, 82369, 16643, 55686, 34400, 62068]"
119323,"[50937, 84879, 16660, 2849, 99507, 82325, 11687, 74170, 57065, 96568]"
119324,"[90700, 19954, 72483, 25491, 42216, 15806, 70576, 3702, 63242, 32664]"
119325,"[71961, 87522, 70489, 87670, 100767, 80912, 63356, 57393, 49873, 97993]"
119326,"[22098, 38109, 14705, 67579, 56013, 66146, 17819, 31313, 91436, 55400]"
119327,"[20876, 88268, 92561, 31806, 97473, 61520, 64490, 96497, 97287, 83004]"
119328,"[13096, 90155, 51371, 51474, 18804, 104861, 90448, 104386, 101477, 24557]"
119329,"[65912, 22365, 8197, 95834, 73749, 50364, 59259, 74381, 17779, 37471]"
119330,"[54928, 13536, 31817, 59456, 21624, 78535, 68291, 7663, 47492, 45903]"
119331,"[53398, 105042, 69640, 43186, 95227, 106769, 15124, 84806, 63032, 5154]"
119332,"[19696, 54268, 37264, 84837, 18502, 1606, 99349, 41685, 56918, 97656]"
119333,"[42838, 65465, 95282, 93102, 29895, 73559, 22104, 35494, 40126, 18142]"
119334,"[70151, 90288, 72745, 97173, 10646, 108434, 43837, 47924, 96582, 95308]"
119335,"[14073, 96318, 31882, 13996, 65854, 42304, 23480, 39737, 6683, 21618]"
119336,"[84551, 25998, 59662, 38906, 9816, 20337, 101708, 12744, 15331, 57286]"
119337,"[83392, 39720, 94376, 61958, 37342, 109537, 81281, 30461, 45921, 50445]"
119338,"[72975, 54111, 46925, 84590, 4799, 90949, 44205, 40339, 69004, 74999]"
119339,"[69774, 49696, 53767, 39067, 91951, 92560, 81464, 84770, 104124, 18123]"
119340,"[60845, 65579, 74261, 48698, 79043, 17924, 61746, 56991, 28099, 33557]"
119341,"[83148, 106644, 101469, 10765, 68286, 76134, 9331, 4805, 58441, 25231]"
119342,"[40927, 4554, 49031, 87239, 12307, 94677, 100976, 92348, 86045, 20793]"
119343,"[92734, 61171, 16912, 66245, 22482, 90837, 93751, 34724, 51398, 72198]"
119344,"[60346, 60319, 15420, 75751, 9107, 63658, 6712, 101612, 12949, 86704]"
119345,"[44441, 62990, 32554, 65762, 89312, 9167, 48387, 43292, 80176, 62368]"
119346,"[58816, 86612, 37590, 28139, 30549, 95963, 66113, 77562, 72383, 39447]"
119347,"[101125, 79833, 56787, 103467, 16897, 46504, 67419, 87651, 75279, 84877]"
119348,"[80149, 86463, 57125, 60166, 85934, 30834, 108693, 91517, 12376, 59807]"
119349,"[88212, 12790, 81934, 31070, 1436, 8509, 30389, 7613, 29316, 84157]"
119350,"[4955, 30216, 60536, 94598, 64563, 88125, 10379, 81662, 80664, 78666]"
119351,"[6513, 83748, 14732, 44856, 51728, 43616, 86104, 18604, 68194, 66279]"
119352,"[10037, 36915, 83129, 102281, 109689, 3684, 60, 6851, 33137, 91266]"
119353,"[98503, 7325, 52707, 100046, 10834, 8526, 9426, 25849, 72738, 45113]"
119354,"[50090, 82241, 45285, 39677, 57931, 102880, 64525, 24396, 78706, 989]"
119355,"[29582, 15398, 13371, 35052, 89181, 80838, 3236, 41178, 102193, 12951]"
119356,"[8094, 16803, 54395, 93275, 90854, 6285, 9899, 27284, 64485, 93861]"
119357,"[52638, 21055, 46867, 7393, 23688, 92594, 67009, 4500, 59052, 43257]"
119358,"[33733, 78162, 49201, 21338, 23966, 72013, 18818, 80274, 39811, 87946]"
119359,"[33438, 48784, 50543, 54213, 28709, 98374, 23232, 38753, 71238, 20066]"
119360,"[51625, 67485, 47254, 43361, 67305, 55894, 53490, 100573, 103025, 3171]"
119361,"[13570, 46038, 9805, 82078, 49367, 84900, 92216, 74019, 108283, 32310]"
119362,"[64313, 62296, 71640, 84003, 59848, 83649, 14659, 38541, 80877, 41150]"
119363,"[81072, 26551, 59385, 60214, 105946, 50499, 25628, 221, 95030, 35913]"
119364,"[91906, 49506, 88676, 2159, 91000, 51623, 87091, 41758, 52024, 66321]"
119365,"[93183, 8368, 76031, 103082, 59992, 5480, 96174, 93172, 102082, 102822]"
119366,"[74820, 27948, 108717, 8963, 21183, 83184, 106098, 13961, 83806, 29138]"
119367,"[103850, 104703, 102161, 11895, 20813, 73350, 93110, 80660, 6233, 32088]"
119368,"[89627, 98995, 74937, 31046, 26695, 29717, 105759, 59295, 95666, 1053]"
119369,"[19659, 62945, 6623, 20118, 31491, 1386, 75031, 54455, 67404, 29024]"
119370,"[23440, 99245, 92320, 80596, 6148, 97787, 76128, 7559, 65656, 16912]"
119371,"[25356, 85014, 86085, 24986, 91016, 66153, 97326, 90470, 68197, 98043]"
119372,"[82296, 87741, 18406, 35427, 51600, 42399, 85762, 53782, 759, 18920]"
119373,"[35226, 90477, 22783, 89782, 310, 91225, 19153, 32006, 83757, 53230]"
119374,"[67953, 55372, 77588, 68621, 45093, 85773, 42847, 84989, 99115, 75046]"
119375,"[15591, 109089, 19726, 67839, 18570, 36852, 13211, 79715, 4916, 24283]"
119376,"[30080, 82402, 84287, 97370, 105818, 4476, 32334, 6471, 103751, 8987]"
119377,"[35125, 10095, 84200, 28413, 91306, 89435, 105418, 37492, 25829, 9558]"
119378,"[36056, 15595, 1510, 92539, 68881, 101849, 27458, 46786, 90232, 71900]"
119379,"[15444, 71924, 2716, 62729, 75356, 109770, 58414, 59522, 37423, 79217]"
119380,"[61657, 42029, 32123, 22161, 107675, 24542, 41032, 5884, 90397, 99553]"
119381,"[42262, 13584, 102195, 92861, 102031, 40755, 15470, 92165, 57022, 11626]"
119382,"[103750, 93527, 34106, 77193, 41139, 5681, 66096, 31910, 71457, 4648]"
119383,"[37120, 17497, 43344, 62040, 32677, 99375, 73764, 78900, 86294, 45880]"
119384,"[51199, 96198, 35803, 81190, 13333, 67165, 23133, 6644, 26865, 34471]"
119385,"[36561, 65842, 74417, 17348, 4759, 104420, 93637, 26551, 84257, 78064]"
119386,"[76843, 53653, 7873, 66280, 78747, 10136, 84434, 81666, 52012, 94460]"
119387,"[62326, 7225, 9336, 109733, 42770, 24340, 64557, 54383, 94366, 49524]"
119388,"[4393, 73208, 79214, 77803, 60167, 84218, 93017, 91894, 73992, 28760]"
119389,"[77360, 109344, 86938, 71154, 72970, 68563, 67859, 73064, 91048, 55244]"
119390,"[75075, 47801, 2927, 16490, 44622, 29662, 79356, 33919, 50122, 53168]"
119391,"[62220, 73868, 14278, 67973, 61713, 81920, 5364, 19454, 57049, 92764]"
119392,"[83585, 7246, 93732, 45521, 106232, 1651, 47068, 79001, 39507, 21102]"
119393,"[85049, 22871, 88386, 23139, 107737, 26789, 101310, 21750, 34121, 65651]"
119394,"[92292, 74654, 1111, 87663, 4584, 30946, 27882, 33282, 9161, 53753]"
119395,"[62659, 95427, 69978, 105648, 44685, 25498, 54223, 1299, 70345, 91744]"
119396,"[98167, 37167, 43834, 99792, 18752, 19330, 15608, 70971, 55316, 47343]"
119397,"[23070, 82114, 14397, 100149, 32074, 14098, 24927, 81200, 54701, 45039]"
119398,"[43510, 78763, 70326, 57651, 54124, 53739, 50988, 38595, 51604, 76847]"
119399,"[88695, 1707, 23995, 10499, 46834, 62760, 62769, 6837, 88683, 9574]"
119400,"[57183, 18958, 90677, 65426, 78702, 76768, 32900, 97129, 51405, 64188]"
119401,"[77154, 66315, 104267, 100700, 52294, 78098, 92487, 22945, 73378, 95347]"
119402,"[94479, 7295, 39656, 86794, 83352, 92498, 82631, 103508, 83241, 93997]"
119403,"[58423, 104908, 109091, 9418, 53726, 29198, 107570, 36837, 61191, 104282]"
119404,"[103973, 79101, 79695, 97323, 80067, 92187, 16618, 103929, 93222, 88741]"
119405,"[79059, 74410, 103244, 21273, 4091, 39231, 10305, 69901, 41210, 109550]"
119406,"[91607, 88444, 21113, 85896, 43438, 67478, 109241, 47576, 18894, 101231]"
119407,"[5829, 2309, 63229, 5632, 13098, 72842, 28703, 90355, 9451, 10286]"
119408,"[93228, 101904, 8195, 39652, 29512, 75045, 61329, 43223, 103738, 90511]"
119409,"[31296, 69368, 17938, 18543, 58872, 29981, 10074, 88477, 3909, 36676]"
119410,"[74666, 6726, 106177, 95877, 39592, 43250, 65375, 69230, 20745, 100904]"
119411,"[57382, 80944, 64280, 7360, 101557, 53189, 2206, 71468, 19060, 1745]"
119412,"[109012, 43587, 11591, 19924, 23577, 77787, 93612, 19335, 32560, 83787]"
119413,"[55783, 105750, 35376, 45797, 41031, 100909, 27443, 33401, 86745, 57430]"
119414,"[63719, 47476, 61269, 13880, 78086, 10421, 69089, 73365, 25533, 104576]"
119415,"[3048, 88010, 109658, 52656, 94984, 61659, 38492, 73774, 32353, 75996]"
119416,"[7184, 21572, 16072, 10222, 105531, 46025, 88425, 101762, 85981, 18137]"
119417,"[95888, 18640, 54959, 39525, 99814, 58209, 45452, 889, 59629, 59475]"
119418,"[90028, 37305, 3497, 71798, 98982, 98200, 53547, 109205, 53362, 84061]"
119419,"[56235, 12581, 100355, 106007, 63065, 102799, 95922, 78538, 12118, 82173]"
119420,"[22409, 79949, 23047, 69688, 91507, 31920, 92785, 40649, 81432, 105985]"
119421,"[58874, 56381, 2937, 79385, 31503, 36413, 75926, 94289, 105883, 1769]"
119422,"[32060, 11299, 10025, 55491, 55183, 69491, 107979, 91360, 95199, 84763]"
119423,"[31503, 61325, 92533, 94620, 56050, 26207, 29470, 31540, 75160, 80745]"
119424,"[95904, 69763, 7866, 28848, 72538, 29688, 75527, 5867, 70156, 20853]"
119425,"[6339, 73890, 54488, 2951, 43531, 100627, 23590, 106632, 75014, 2289]"
119426,"[34671, 14417, 75216, 50672, 66643, 21221, 35885, 2511, 25208, 22663]"
119427,"[33166, 93714, 107987, 74685, 89987, 85102, 18002, 97644, 92456, 94683]"
119428,"[91164, 29106, 33010, 62271, 97109, 58720, 39088, 102677, 15147, 87740]"
119429,"[38502, 1546, 8884, 40854, 73016, 89405, 103063, 69862, 59168, 44682]"
119430,"[24353, 19195, 78981, 58465, 32210, 92436, 57636, 87478, 25141, 6454]"
119431,"[89675, 83803, 46280, 102540, 44106, 95837, 54046, 12660, 25433, 34310]"
119432,"[27331, 92029, 69114, 23983, 77457, 55553, 89132, 7174, 44767, 19796]"
119433,"[2830, 35361, 83990, 60382, 31284, 280, 11311, 47192, 95594, 99199]"
119434,"[11794, 35307, 70935, 59235, 57432, 78242, 62274, 102636, 33553, 17137]"
119435,"[53295, 95347, 75717, 63869, 56985, 106189, 57858, 6795, 97015, 3923]"
119436,"[65296, 62424, 24778, 29872, 37561, 97765, 16839, 9283, 20659, 18087]"
119437,"[103011, 38370, 7432, 19896, 37485, 97275, 78427, 54369, 19093, 104960]"
119438,"[62229, 54921, 101276, 18610, 99402, 82923, 95586, 83210, 85603, 41402]"
119439,"[104165, 33469, 70658, 63594, 88966, 49890, 32899, 63615, 82793, 107339]"
119440,"[37286, 107573, 60653, 37957, 94074, 19165, 49253, 30821, 23001, 27065]"
119441,"[27086, 104426, 48257, 10919, 57956, 1643, 8436, 35425, 64148, 3906]"
119442,"[58560, 88889, 18636, 62460, 54524, 28644, 20065, 83911, 66655, 85923]"
119443,"[86141, 44018, 101502, 52606, 16545, 25053, 40550, 108021, 21690, 46073]"
119444,"[94328, 87423, 92598, 41020, 1550, 96416, 76354, 34158, 42057, 100173]"
119445,"[76009, 76326, 100705, 39489, 25971, 20392, 60379, 18011, 35315, 46670]"
119446,"[101192, 81439, 51614, 106865, 50630, 77238, 34312, 35068, 87587, 109742]"
119447,"[150, 60566, 76466, 91486, 30290, 95054, 33982, 71289, 29795, 57033]"
119448,"[57481, 68666, 57305, 102065, 57743, 12307, 21482, 9454, 61201, 109163]"
119449,"[29978, 78975, 68599, 31519, 85076, 42419, 2458, 90196, 100505, 89185]"
119450,"[89372, 6215, 61495, 106250, 5544, 76128, 81978, 95444, 100142, 71480]"
119451,"[85118, 38751, 27819, 12410, 23672, 67249, 22435, 64035, 14968, 33246]"
119452,"[11624, 80078, 40740, 7894, 30731, 63261, 102783, 81343, 7771, 25545]"
119453,"[65373, 579, 97612, 45399, 60112, 23639, 105186, 17673, 108413, 939]"
119454,"[34815, 28499, 84813, 62203, 51619, 85168, 52309, 74706, 87152, 75492]"
119455,"[28262, 107865, 54666, 98177, 85563, 109643, 71130, 92059, 79032, 71378]"
119456,"[84108, 76123, 9755, 88129, 62045, 21659, 22170, 22572, 74691, 1691]"
119457,"[30573, 72069, 98749, 52206, 18852, 71994, 45408, 31980, 39004, 35886]"
119458,"[407, 91446, 44418, 17392, 60646, 69712, 109482, 109373, 22351, 36479]"
119459,"[92992, 8991, 10781, 92255, 105468, 49951, 23195, 49525, 9734, 3414]"
119460,"[38351, 93264, 19115, 17503, 69509, 109231, 94026, 94114, 12942, 4291]"
119461,"[73108, 53660, 84430, 35391, 87869, 863, 61842, 104537, 91204, 15724]"
119462,"[36022, 988, 69403, 65339, 25878, 87784, 102734, 102954, 103304, 88426]"
119463,"[66053, 15665, 13055, 103245, 14911, 54833, 47875, 74301, 36239, 28694]"
119464,"[89084, 5213, 75052, 82162, 102522, 74244, 68215, 14487, 77504, 80265]"
119465,"[33147, 81098, 59117, 79571, 22116, 35616, 3250, 69250, 49374, 6416]"
119466,"[4137, 3189, 56461, 12250, 58266, 91134, 78619, 16511, 25518, 93484]"
119467,"[57131, 61820, 47584, 87540, 83567, 78342, 6287, 58528, 37168, 8576]"
119468,"[101427, 57388, 71425, 19751, 37157, 59213, 78889, 90030, 53699, 86091]"
119469,"[87883, 29082, 99280, 65927, 36843, 66764, 19670, 29128, 76565, 3304]"
119470,"[89582, 63228, 56245, 109174, 46821, 54932, 36474, 60971, 64593, 26377]"
119471,"[103028, 20538, 38693, 71768, 63237, 107314, 623, 31348, 745, 78056]"
119472,"[6579, 16661, 80033, 72965, 7532, 10775, 91305, 2994, 23166, 101485]"
119473,"[19391, 15192, 53578, 72957, 77422, 737, 15796, 75363, 85421, 6838]"
119474,"[16382, 29282, 60442, 83933, 39388, 41098, 97861, 46442, 28587, 60066]"
119475,"[36322, 44494, 23086, 1617, 94403, 40318, 67636, 65947, 97453, 65022]"
119476,"[70151, 106110, 62815, 43837, 90288, 2840, 80495, 47924, 107091, 96582]"
119477,"[10465, 11500, 40956, 74862, 45265, 37425, 81771, 91154, 95524, 27224]"
119478,"[43268, 100213, 87231, 74500, 2060, 57543, 40461, 45409, 109595, 45783]"
119479,"[6751, 1402, 100107, 5812, 10954, 24524, 11945, 17755, 13591, 90122]"
119480,"[71838, 69002, 89528, 27196, 55404, 102295, 33105, 55887, 40773, 31026]"
119481,"[2513, 71936, 45723, 47060, 60814, 72963, 20192, 78322, 66277, 69035]"
119482,"[12684, 109758, 2832, 99154, 56145, 95284, 96133, 20659, 27111, 10241]"
119483,"[44714, 11156, 14165, 67207, 70005, 51582, 81814, 79102, 8367, 25881]"
119484,"[41455, 20467, 88574, 5218, 2970, 6105, 58828, 9816, 36280, 25822]"
119485,"[15084, 61090, 76281, 43076, 13875, 59479, 89332, 57929, 104916, 38421]"
119486,"[80293, 84437, 46111, 81430, 8505, 15813, 90193, 82362, 3739, 35179]"
119487,"[64717, 12605, 84337, 44189, 96757, 86701, 7383, 78574, 42216, 70649]"
119488,"[9959, 92657, 1566, 20036, 6659, 6522, 1979, 52048, 82401, 10967]"
119489,"[84547, 58022, 44285, 23702, 26129, 17177, 60419, 108464, 62438, 50795]"
119490,"[73571, 76256, 103606, 51961, 24297, 66869, 60067, 107333, 52021, 46296]"
119491,"[48673, 102052, 80195, 91541, 77634, 56890, 62368, 21269, 22435, 10482]"
119492,"[77630, 63549, 95500, 7599, 77493, 98412, 55970, 18674, 104551, 66746]"
119493,"[96412, 96601, 98181, 85312, 79662, 46655, 80439, 89361, 3971, 45869]"
119494,"[85509, 56045, 89364, 92765, 73789, 54269, 16243, 76609, 82685, 52295]"
119495,"[68619, 80343, 39868, 23675, 75213, 36512, 17454, 69286, 106657, 9890]"
119496,"[16268, 24437, 95184, 96796, 22026, 109772, 7399, 108408, 11589, 64837]"
119497,"[104786, 23214, 11784, 20196, 39084, 83884, 101667, 108763, 94232, 6112]"
119498,"[76914, 59980, 100777, 83845, 71914, 103825, 41878, 43408, 42901, 43609]"
119499,"[3209, 53766, 22047, 98722, 74196, 42709, 79638, 55176, 105497, 61278]"
119500,"[11223, 76955, 7542, 19079, 90908, 5606, 8189, 108578, 89838, 4576]"
119501,"[59709, 87747, 40320, 56893, 86107, 58564, 90031, 35073, 9852, 74546]"
119502,"[17933, 65002, 73509, 70295, 79519, 10212, 29731, 34926, 44630, 33560]"
119503,"[67295, 107101, 95445, 45087, 89814, 5753, 39689, 4660, 65397, 72029]"
119504,"[87827, 15343, 31260, 84394, 67145, 103612, 69760, 79641, 29323, 81748]"
119505,"[100837, 63725, 30806, 71661, 62998, 50281, 25984, 42878, 107902, 104653]"
119506,"[533, 78396, 104318, 84775, 25780, 100764, 12363, 64551, 100513, 69990]"
119507,"[23252, 90730, 79718, 38914, 52484, 101288, 70954, 93480, 39125, 4652]"
119508,"[15986, 85092, 44913, 20440, 107433, 40272, 75295, 35528, 47687, 77603]"
119509,"[6496, 29984, 85087, 67683, 90850, 56521, 11600, 14240, 96201, 37783]"
119510,"[3412, 109207, 91487, 41414, 17601, 4386, 55763, 17005, 2011, 21531]"
119511,"[50275, 81889, 103729, 99479, 50272, 48501, 94893, 106654, 92175, 38236]"
119512,"[52494, 97021, 104069, 13152, 69393, 109761, 38293, 51326, 108071, 74592]"
119513,"[21460, 74049, 98255, 22634, 16936, 34677, 71690, 99712, 3533, 3475]"
119514,"[17272, 69988, 68525, 58782, 101755, 64111, 38864, 100879, 6073, 54323]"
119515,"[14185, 68772, 24919, 25290, 20348, 25754, 71044, 21061, 37091, 13766]"
119516,"[85723, 49395, 86364, 86827, 7004, 13915, 44866, 55773, 51628, 8893]"
119517,"[42755, 41060, 65154, 105022, 99679, 97761, 71070, 94045, 99138, 47155]"
119518,"[30308, 107549, 26796, 12702, 99660, 98226, 100772, 82642, 12902, 52662]"
119519,"[62947, 1404, 282, 91585, 59831, 8459, 96507, 10061, 80170, 11509]"
119520,"[49599, 21233, 92137, 11337, 18727, 6080, 60824, 65065, 105680, 57383]"
119521,"[68542, 65181, 29542, 34714, 16835, 59446, 79302, 35904, 47216, 109732]"
119522,"[102241, 74421, 22896, 20161, 8493, 90626, 1939, 71621, 53844, 17541]"
119523,"[41526, 56998, 96499, 48284, 2969, 88863, 14106, 12127, 14273, 24743]"
119524,"[105436, 4127, 1692, 28678, 66730, 62652, 16468, 1106, 79230, 102151]"
119525,"[4648, 34106, 93527, 78285, 24858, 93143, 103583, 87762, 1025, 61080]"
119526,"[82794, 64108, 92982, 94605, 18154, 69159, 43775, 1281, 101875, 46943]"
119527,"[95379, 84734, 96886, 90251, 21674, 36866, 725, 28312, 91206, 58767]"
119528,"[14838, 102608, 50867, 96517, 14343, 35420, 59105, 69939, 92282, 42547]"
119529,"[78619, 80738, 83322, 52263, 70923, 37999, 34564, 62529, 49381, 15501]"
119530,"[80212, 33751, 104774, 94058, 56102, 21071, 56766, 13407, 70069, 39040]"
119531,"[97397, 56125, 43181, 12790, 81934, 31070, 76362, 1436, 30389, 40036]"
119532,"[51799, 96344, 8656, 35618, 41978, 56199, 29229, 45742, 77161, 589]"
119533,"[2548, 37041, 101032, 76780, 99323, 84458, 85909, 71490, 2436, 22351]"
119534,"[54911, 109209, 95709, 1105, 39145, 38529, 68269, 53620, 20999, 105884]"
119535,"[70024, 11103, 11101, 54144, 55627, 8007, 53013, 76982, 14193, 69170]"
119536,"[40974, 97024, 106220, 101733, 44059, 16627, 29276, 102464, 101487, 107298]"
119537,"[42183, 25266, 53961, 32354, 27425, 64289, 14371, 89454, 47761, 67846]"
119538,"[91383, 61225, 7217, 48696, 10774, 53077, 35254, 12538, 9087, 99411]"
119539,"[86305, 77233, 72327, 55309, 15447, 14203, 39471, 52282, 5636, 94988]"
119540,"[13681, 94789, 50247, 101763, 100531, 28188, 25382, 97058, 17668, 59359]"
119541,"[106399, 91629, 83168, 29152, 17401, 37984, 60517, 106138, 108145, 93303]"
119542,"[13801, 80806, 8642, 31716, 96841, 56519, 61321, 78259, 44436, 106994]"
119543,"[59552, 29063, 95830, 98805, 89506, 88462, 57672, 100239, 38836, 86725]"
119544,"[36327, 70291, 6512, 29464, 31544, 30124, 5147, 16003, 51684, 73072]"
119545,"[7565, 42965, 85929, 13574, 57060, 89622, 55269, 96073, 87644, 94998]"
119546,"[14636, 50962, 34996, 17143, 58552, 5895, 45590, 94996, 60122, 41483]"
119547,"[106612, 76438, 98568, 5882, 82697, 55621, 104080, 38692, 49448, 67359]"
119548,"[18763, 93533, 18665, 50522, 15430, 105714, 13250, 109320, 98080, 374]"
119549,"[66304, 96139, 73474, 38464, 90617, 92378, 69263, 88028, 33071, 52877]"
119550,"[24330, 43216, 28347, 64588, 1846, 45140, 62274, 97736, 35773, 64125]"
119551,"[105364, 32865, 11251, 20567, 100783, 79135, 366, 96172, 30194, 42628]"
119552,"[82882, 31689, 17546, 25325, 9486, 66727, 38749, 94127, 26411, 52799]"
119553,"[50742, 56068, 66232, 62712, 98332, 105770, 55184, 51824, 43467, 60011]"
119554,"[98319, 9858, 12402, 69105, 73196, 4457, 9180, 16409, 68987, 15892]"
119555,"[38062, 88783, 106012, 99137, 73686, 87094, 74125, 21790, 28606, 64654]"
119556,"[81794, 37747, 18379, 92237, 5509, 30583, 10468, 96336, 81440, 21108]"
119557,"[106151, 39419, 79367, 67540, 19224, 70581, 24525, 104519, 5618, 90538]"
119558,"[36757, 17323, 54815, 87406, 21112, 75825, 80297, 79210, 73640, 97999]"
119559,"[65289, 60113, 60763, 43730, 102775, 88450, 27057, 103204, 44114, 94935]"
119560,"[92160, 74104, 85070, 75029, 48952, 57329, 26495, 82060, 32957, 76698]"
119561,"[65225, 45770, 54461, 47690, 109204, 93654, 76344, 105173, 44704, 43401]"
119562,"[77181, 89932, 42680, 1421, 70395, 30485, 84273, 100581, 98206, 57678]"
119563,"[37438, 40448, 571, 94246, 105240, 69739, 18202, 100216, 93666, 63165]"
119564,"[55678, 78839, 58218, 57104, 33260, 57703, 96435, 2871, 102250, 6370]"
119565,"[108559, 79344, 92501, 13327, 37470, 18963, 29347, 100601, 11173, 83793]"
119566,"[76229, 57839, 62003, 9057, 36247, 36289, 3874, 50821, 65622, 11373]"
119567,"[39803, 50313, 86948, 70430, 44032, 47995, 7333, 91934, 102808, 83376]"
119568,"[65022, 4139, 11581, 105607, 70739, 54923, 35319, 46284, 29745, 45292]"
119569,"[89693, 12507, 20235, 56682, 56307, 93380, 29218, 106341, 103615, 53970]"
119570,"[70881, 51188, 92933, 50680, 109668, 89845, 50058, 75645, 67484, 70781]"
119571,"[66930, 86773, 12875, 80728, 56560, 100871, 29626, 42516, 72897, 37847]"
119572,"[15817, 13214, 93194, 71224, 63075, 18266, 41680, 64878, 30484, 71950]"
119573,"[18632, 105676, 107742, 86972, 10254, 46062, 64306, 99809, 7063, 25874]"
119574,"[26931, 20807, 93173, 44507, 14404, 32374, 27161, 1873, 38247, 52283]"
119575,"[17364, 45132, 10491, 17479, 48429, 12172, 4209, 11345, 7365, 86384]"
119576,"[77806, 69957, 16384, 93389, 13350, 16463, 73015, 69804, 99521, 108184]"
119577,"[39075, 59871, 1872, 51166, 2906, 74781, 90912, 86343, 12418, 63283]"
119578,"[77089, 80817, 82572, 47169, 3033, 67501, 90284, 83320, 68734, 72716]"
119579,"[48808, 4669, 81103, 81975, 80382, 5619, 62994, 15988, 59603, 94553]"
119580,"[108289, 104251, 36975, 25078, 107191, 42796, 4492, 91094, 69730, 55793]"
119581,"[22485, 79130, 40559, 80034, 78072, 23183, 75799, 104095, 82870, 35287]"
119582,"[93587, 96499, 48284, 46275, 39676, 105632, 12127, 35120, 70478, 14273]"
119583,"[26916, 7835, 9789, 45933, 12417, 59770, 76058, 103470, 39182, 39977]"
119584,"[18922, 15450, 96026, 35086, 30682, 39218, 56498, 57948, 83846, 27469]"
119585,"[26393, 37360, 90361, 74003, 59349, 61629, 72711, 103435, 24025, 43816]"
119586,"[23446, 50771, 63555, 38496, 71029, 86636, 4532, 743, 24144, 45357]"
119587,"[98566, 101059, 91420, 20562, 79021, 51754, 2083, 31390, 64844, 81551]"
119588,"[91381, 1289, 57704, 21888, 40340, 18746, 76213, 58668, 12294, 40962]"
119589,"[9566, 60278, 96448, 48096, 45574, 23576, 83059, 26994, 52245, 13662]"
119590,"[16624, 101846, 4366, 48122, 6614, 79871, 66613, 76030, 16675, 80606]"
119591,"[7784, 64086, 107728, 27985, 76934, 48584, 11994, 63223, 44971, 4360]"
119592,"[8304, 10318, 69033, 95407, 55951, 36284, 75744, 21997, 3547, 14218]"
119593,"[51955, 28093, 16474, 34331, 98126, 16630, 52895, 98796, 22581, 47381]"
119594,"[9368, 36331, 96419, 93498, 56343, 25144, 82115, 35262, 15073, 86763]"
119595,"[71180, 94797, 25522, 109764, 91014, 49835, 3703, 37635, 27826, 60081]"
119596,"[103331, 106116, 105121, 47515, 61096, 54742, 5654, 56798, 13303, 920]"
119597,"[26159, 46822, 104100, 65179, 36308, 79537, 1291, 75708, 88187, 50877]"
119598,"[95981, 28858, 50956, 2812, 22596, 54017, 80587, 77552, 90536, 96224]"
119599,"[56720, 98347, 107228, 53376, 18353, 21552, 59023, 33164, 108905, 105002]"
119600,"[2862, 97818, 101960, 67744, 27858, 8182, 106123, 96405, 5413, 31511]"
119601,"[73400, 70560, 21139, 86810, 65363, 29358, 104611, 55548, 35230, 81967]"
119602,"[93208, 77051, 42193, 103802, 49575, 17251, 73907, 35692, 84933, 69989]"
119603,"[106385, 83978, 61601, 64876, 106368, 84768, 41342, 73278, 67673, 19729]"
119604,"[95963, 66113, 100951, 72121, 4020, 10416, 51282, 25318, 85577, 58816]"
119605,"[47954, 49192, 73614, 44742, 63753, 34851, 14242, 78236, 1415, 13141]"
119606,"[1053, 48171, 74937, 98995, 10551, 25608, 56400, 10244, 62805, 74965]"
119607,"[17472, 1832, 791, 73411, 72747, 54827, 79468, 36091, 103946, 33160]"
119608,"[17279, 31810, 33225, 56730, 95582, 91061, 67312, 96151, 84438, 27320]"
119609,"[90828, 35194, 35939, 28277, 30602, 25595, 33894, 98148, 82269, 1200]"
119610,"[84000, 16955, 12212, 95745, 661, 101932, 77286, 9384, 14910, 64742]"
119611,"[21183, 83806, 24284, 95469, 14348, 85167, 19783, 108753, 36265, 2469]"
119612,"[92299, 101477, 91903, 36897, 37518, 94552, 42042, 107709, 102623, 16574]"
119613,"[62403, 92231, 17416, 92919, 71631, 12525, 91638, 66082, 46447, 53636]"
119614,"[75091, 37198, 106908, 28019, 12878, 15622, 105467, 9380, 73956, 13700]"
119615,"[106207, 40324, 72944, 69835, 61837, 96272, 85789, 88170, 103828, 24117]"
119616,"[35408, 38895, 99996, 14379, 78359, 76288, 41346, 72622, 43664, 4550]"
119617,"[87670, 57393, 60889, 46895, 56373, 63356, 23119, 71961, 85907, 49883]"
119618,"[27849, 68061, 103862, 56328, 51091, 91145, 39983, 102156, 61650, 70708]"
119619,"[33988, 53699, 50545, 28152, 16212, 101427, 71152, 101254, 38196, 38031]"
119620,"[4074, 48677, 40143, 3377, 46141, 1265, 16048, 20705, 48642, 48475]"
119621,"[46933, 44457, 63390, 37820, 7100, 37293, 104962, 51088, 66304, 45402]"
119622,"[16608, 108906, 53666, 85628, 88195, 19365, 41521, 48953, 63562, 75052]"
119623,"[50568, 24945, 108520, 15110, 407, 36479, 57788, 29874, 23277, 49418]"
119624,"[11878, 75290, 105103, 19542, 47534, 87230, 38920, 91785, 39009, 108921]"
119625,"[77535, 68990, 93515, 20757, 12424, 23634, 7525, 36662, 66971, 71226]"
119626,"[37431, 96746, 25565, 87463, 92580, 29197, 63889, 62889, 40398, 50666]"
119627,"[5314, 31451, 63868, 6412, 28194, 94254, 98349, 30983, 103488, 10202]"
119628,"[74214, 73593, 82406, 46165, 93878, 25702, 57983, 5770, 63616, 3288]"
119629,"[51196, 41921, 5777, 44546, 97938, 67310, 68070, 8914, 86027, 73738]"
119630,"[60572, 72782, 89261, 91461, 47877, 80868, 44151, 57223, 48536, 84908]"
119631,"[41726, 74566, 19079, 7635, 63214, 37998, 8189, 11223, 16924, 103222]"
119632,"[81692, 3346, 71379, 2793, 7907, 109546, 79197, 63389, 97558, 83035]"
119633,"[79728, 30572, 33173, 47488, 19429, 28834, 40195, 43351, 106581, 76568]"
119634,"[17398, 74907, 62290, 36305, 47361, 8053, 104695, 84975, 13154, 24853]"
119635,"[104699, 86603, 93764, 19682, 5463, 10544, 41385, 30191, 90637, 18682]"
119636,"[19872, 6579, 94587, 58532, 10775, 91305, 33884, 46359, 11749, 16661]"
119637,"[100127, 15576, 89534, 15525, 47524, 64263, 86011, 28782, 40759, 67137]"
119638,"[105716, 74267, 20118, 21311, 5498, 47034, 24960, 108175, 70830, 101298]"
119639,"[70932, 93576, 47106, 75572, 14646, 80595, 2524, 104673, 38929, 74959]"
119640,"[58910, 29383, 76219, 18729, 105407, 20497, 55280, 89512, 97489, 53716]"
119641,"[80206, 16904, 46439, 95958, 6185, 27675, 105193, 86070, 60499, 85476]"
119642,"[18289, 98041, 60868, 94848, 45832, 77294, 45315, 69377, 101007, 45863]"
119643,"[58302, 17322, 53256, 90026, 63859, 64445, 109585, 98732, 51144, 107190]"
119644,"[74400, 29606, 85156, 79634, 2207, 92435, 106631, 18715, 53689, 108963]"
119645,"[47603, 20545, 19409, 40371, 42798, 74898, 39031, 38225, 23384, 60051]"
119646,"[107663, 67006, 45833, 11520, 70370, 90790, 42088, 56072, 107291, 49127]"
119647,"[66081, 3657, 4859, 39555, 26108, 75909, 86168, 43982, 92738, 64434]"
119648,"[88579, 21675, 25200, 4371, 35303, 86858, 67421, 32273, 13017, 87661]"
119649,"[105923, 19064, 76118, 78107, 27464, 61588, 75723, 51906, 43429, 44705]"
119650,"[61611, 27830, 73462, 89822, 7402, 4151, 1719, 21999, 396, 13726]"
119651,"[47159, 99884, 17398, 87036, 8053, 62290, 104695, 47361, 73329, 100808]"
119652,"[54204, 13131, 75577, 41931, 11711, 23971, 56163, 81431, 182, 55693]"
119653,"[84253, 91681, 6840, 54385, 69320, 33319, 83075, 74909, 28164, 108684]"
119654,"[81448, 82470, 73253, 74160, 25057, 3454, 36111, 11208, 108424, 74392]"
119655,"[11765, 100381, 82961, 77064, 94942, 73071, 29500, 24825, 42856, 101851]"
119656,"[80014, 74561, 104052, 27861, 54251, 83156, 31713, 65193, 13200, 63479]"
119657,"[67588, 37937, 102863, 13625, 37940, 27010, 1118, 33329, 11343, 78274]"
119658,"[37393, 97978, 109715, 60204, 46370, 6700, 4978, 49034, 26959, 101281]"
119659,"[29220, 93949, 50229, 50356, 40409, 43071, 5094, 3183, 69183, 59156]"
119660,"[20699, 100281, 65201, 95727, 62449, 36424, 73115, 61510, 84, 83094]"
119661,"[51493, 51111, 3087, 55592, 16963, 39090, 8680, 96336, 17078, 27527]"
119662,"[94118, 42569, 62098, 73958, 79476, 91968, 310, 26364, 101264, 76331]"
119663,"[59438, 106712, 58650, 30807, 15640, 21083, 56677, 66878, 10937, 102765]"
119664,"[29255, 52151, 47429, 40838, 4037, 9240, 57596, 85642, 11717, 106109]"
119665,"[14864, 3519, 17234, 90397, 99553, 9835, 75539, 72499, 84013, 27096]"
119666,"[65647, 7874, 34793, 19549, 89769, 17700, 15055, 29569, 50076, 16091]"
119667,"[41048, 93945, 87103, 3043, 51767, 39098, 48126, 55105, 62699, 88706]"
119668,"[50641, 101921, 38455, 60357, 73171, 10631, 103251, 62219, 67698, 88135]"
119669,"[8732, 108305, 20310, 46742, 47776, 88132, 106979, 36995, 65912, 22365]"
119670,"[30683, 100786, 67942, 39263, 47636, 86910, 38272, 98736, 96024, 68757]"
119671,"[42393, 50848, 99200, 36866, 21674, 90251, 22491, 95379, 47903, 94813]"
119672,"[23157, 74653, 92406, 6895, 23353, 15922, 34928, 65798, 72783, 39592]"
119673,"[49520, 76970, 96279, 69842, 39454, 80859, 87048, 42996, 50374, 45046]"
119674,"[59328, 13444, 74659, 77172, 73908, 23861, 10117, 95780, 72799, 1351]"
119675,"[53233, 66680, 84121, 81095, 12557, 37511, 48505, 87366, 20829, 98023]"
119676,"[108332, 93676, 27027, 19586, 78529, 43589, 29849, 39548, 10331, 81549]"
119677,"[1628, 11958, 81585, 99238, 108927, 60651, 27428, 10460, 62478, 53823]"
119678,"[37495, 108030, 28295, 70479, 47827, 71002, 15434, 101684, 101324, 32833]"
119679,"[66836, 80153, 87994, 79628, 107336, 62011, 108536, 37533, 81341, 36769]"
119680,"[16312, 106804, 79026, 52098, 83111, 21643, 74025, 59991, 80249, 103113]"
119681,"[73091, 64580, 46220, 101596, 58901, 34751, 23620, 103529, 107971, 47209]"
119682,"[66977, 107328, 4202, 79008, 84462, 41775, 89770, 102257, 40503, 96772]"
119683,"[19357, 34739, 64439, 71353, 103687, 6281, 78965, 23900, 81453, 4885]"
119684,"[43384, 43501, 56241, 66441, 46053, 91966, 58250, 20878, 109366, 93674]"
119685,"[96879, 88535, 68128, 23273, 34065, 41300, 1862, 89284, 88578, 86829]"
119686,"[70350, 28651, 50744, 103508, 47918, 56176, 65709, 100809, 99678, 46983]"
119687,"[76125, 59747, 53770, 11518, 26185, 80209, 8686, 36961, 78186, 40092]"
119688,"[54769, 36686, 38392, 95684, 52812, 29311, 18708, 89685, 96048, 82771]"
119689,"[102994, 42501, 1591, 106347, 50499, 76785, 109431, 58071, 66641, 81534]"
119690,"[33068, 3028, 43454, 51998, 17317, 16977, 102302, 23430, 21676, 90614]"
119691,"[81517, 15116, 18111, 51180, 49601, 92111, 96657, 96280, 91329, 51756]"
119692,"[86106, 18628, 87033, 41769, 109579, 2108, 28889, 62583, 65378, 30532]"
119693,"[9869, 89076, 89998, 67944, 41625, 90611, 55344, 33273, 15888, 54193]"
119694,"[31964, 21585, 65952, 35240, 75877, 52538, 106806, 84777, 38594, 16513]"
119695,"[75894, 102097, 93710, 20936, 79578, 14621, 80704, 73150, 89468, 8448]"
119696,"[40834, 50114, 82237, 56114, 16850, 14432, 47713, 22085, 2352, 11941]"
119697,"[77951, 31533, 49131, 109013, 5576, 89127, 76089, 106183, 64119, 65987]"
119698,"[17855, 104978, 59820, 36511, 109328, 43647, 102056, 61252, 22758, 89005]"
119699,"[92305, 45523, 47964, 62887, 86536, 59057, 89762, 103462, 52149, 40114]"
119700,"[104230, 90662, 94595, 54198, 83037, 46954, 12018, 51109, 38189, 38358]"
119701,"[97507, 51791, 76488, 97914, 25966, 70234, 31430, 37931, 88239, 59067]"
119702,"[51969, 15773, 86389, 13328, 10123, 73972, 59215, 88632, 94735, 50415]"
119703,"[17741, 837, 21559, 85547, 65790, 16603, 97986, 88427, 102024, 54786]"
119704,"[108464, 75842, 15449, 31765, 38850, 62963, 76981, 72630, 51338, 70712]"
119705,"[60183, 31872, 102262, 85852, 1997, 100813, 95816, 87458, 73487, 34394]"
119706,"[83087, 102186, 33775, 104741, 64285, 76491, 23077, 67474, 65542, 5932]"
119707,"[61576, 46438, 35588, 468, 15338, 34179, 87791, 3197, 104394, 78906]"
119708,"[67917, 29015, 25034, 45159, 84678, 88479, 102745, 36939, 42355, 82823]"
119709,"[19392, 60716, 57899, 32230, 48047, 74634, 5749, 74316, 28047, 103143]"
119710,"[65121, 48805, 71771, 18392, 48422, 52995, 38277, 101227, 69298, 56689]"
119711,"[60973, 15698, 96470, 22474, 1313, 76026, 7651, 52992, 80814, 37194]"
119712,"[37393, 97978, 31896, 40776, 109715, 49034, 89179, 60204, 26959, 41969]"
119713,"[27449, 45732, 4280, 80140, 6731, 48868, 64943, 18978, 28726, 23973]"
119714,"[81111, 93057, 9698, 97212, 5361, 52181, 29422, 18233, 68020, 98671]"
119715,"[43196, 106599, 32611, 14752, 103769, 20777, 78438, 675, 44834, 60790]"
119716,"[69365, 41294, 52692, 10139, 427, 37593, 80091, 60193, 13779, 104756]"
119717,"[371, 91347, 92180, 59711, 2535, 50030, 99111, 105951, 40289, 55136]"
119718,"[46362, 37619, 50370, 45785, 30409, 58293, 18496, 64222, 64654, 106012]"
119719,"[92512, 99021, 59519, 97646, 90935, 102573, 42326, 69818, 37920, 17128]"
119720,"[87012, 77234, 53456, 17976, 63213, 48278, 39211, 6593, 96549, 24197]"
119721,"[11128, 45152, 58777, 61382, 71353, 37825, 24846, 50724, 8200, 69678]"
119722,"[45689, 20471, 92837, 51128, 28539, 32178, 9226, 12778, 35961, 49593]"
119723,"[20038, 26940, 77854, 46880, 98468, 23930, 56354, 101446, 100032, 70258]"
119724,"[17022, 45860, 37968, 86510, 81662, 44903, 93224, 42924, 77068, 73306]"
119725,"[17681, 79810, 85926, 83186, 57915, 29149, 103159, 100079, 24615, 79171]"
119726,"[107702, 64419, 13900, 73894, 67380, 51688, 45383, 65316, 37094, 95111]"
119727,"[71608, 82699, 8065, 30962, 41560, 103393, 48889, 34212, 53394, 86419]"
119728,"[11950, 43582, 28846, 98229, 57285, 60217, 2825, 54632, 88088, 57059]"
119729,"[4658, 35744, 22399, 19535, 67696, 99667, 72549, 28515, 1401, 23944]"
119730,"[80613, 68898, 15358, 75174, 71062, 88781, 31471, 13932, 84054, 100820]"
119731,"[62841, 8422, 22957, 40093, 50482, 86805, 54219, 67283, 93231, 80634]"
119732,"[8784, 64642, 91911, 35337, 85298, 41304, 94609, 60126, 26697, 2366]"
119733,"[28496, 94536, 56369, 101329, 104410, 67717, 45189, 50794, 18380, 95252]"
119734,"[48450, 86083, 19239, 74455, 108063, 31885, 24935, 74363, 106216, 51863]"
119735,"[87667, 74311, 29121, 23286, 49960, 69483, 107259, 28728, 48272, 30725]"
119736,"[98584, 71243, 108985, 9922, 80426, 1993, 32062, 14725, 33118, 75177]"
119737,"[49321, 73000, 50092, 38115, 89075, 55036, 87176, 64736, 103339, 93153]"
119738,"[66052, 62475, 26087, 95504, 48217, 30737, 45901, 85136, 30882, 28573]"
119739,"[104295, 1718, 67695, 33117, 80983, 94597, 24875, 103825, 22024, 86486]"
119740,"[23108, 56535, 42772, 73176, 32740, 77889, 7303, 7455, 82857, 6256]"
119741,"[56780, 95775, 48093, 75329, 57115, 20297, 64948, 16636, 38367, 56826]"
119742,"[64336, 22221, 61195, 60075, 13551, 7260, 55251, 67361, 87791, 78449]"
119743,"[80723, 63499, 36444, 13229, 44067, 91631, 41525, 36776, 25596, 96189]"
119744,"[22510, 60854, 84296, 38120, 91721, 19172, 83573, 109243, 79554, 103738]"
119745,"[44865, 94345, 24125, 42013, 37287, 96956, 86841, 2272, 105244, 57182]"
119746,"[4034, 103642, 21657, 65933, 48653, 85826, 102688, 33803, 70570, 32136]"
119747,"[86334, 87580, 73482, 80348, 69098, 2601, 11894, 25751, 59822, 80395]"
119748,"[65564, 43465, 41024, 102510, 98084, 40846, 99695, 17888, 65050, 15271]"
119749,"[75032, 91207, 2752, 8315, 5369, 61537, 47215, 33363, 16534, 8117]"
119750,"[91755, 89425, 42209, 90722, 72945, 85383, 71501, 64104, 108793, 889]"
119751,"[86672, 31094, 42072, 38898, 62853, 27172, 83297, 54580, 99284, 82948]"
119752,"[74756, 17454, 23675, 75526, 5179, 72213, 68006, 95132, 21337, 17729]"
119753,"[16561, 42269, 104430, 66344, 18806, 29972, 9983, 82385, 74152, 19159]"
119754,"[74918, 67083, 23148, 45925, 19958, 14919, 93768, 100430, 9176, 34703]"
119755,"[60773, 39267, 44650, 84288, 38389, 31652, 56011, 52549, 78531, 61683]"
119756,"[35303, 96379, 4371, 72221, 40631, 88579, 86858, 76069, 33000, 13017]"
119757,"[37441, 3468, 88696, 33660, 65547, 92178, 21646, 102400, 56209, 6421]"
119758,"[41578, 57127, 21155, 12229, 77191, 102421, 82208, 37855, 89156, 14866]"
119759,"[12183, 20613, 61204, 81419, 77035, 7430, 32878, 15041, 14863, 46527]"
119760,"[18142, 78319, 82594, 15463, 2287, 37789, 1698, 50369, 70014, 32452]"
119761,"[45049, 83274, 2806, 60135, 36825, 82253, 95971, 54717, 101326, 37256]"
119762,"[120, 72895, 844, 54935, 54351, 58283, 14723, 106386, 73620, 6928]"
119763,"[50097, 15540, 89831, 511, 94040, 61500, 45184, 63354, 48837, 58798]"
119764,"[87649, 9979, 59523, 87218, 37804, 24402, 17955, 82837, 74127, 62823]"
119765,"[99451, 58183, 78354, 74680, 68405, 108362, 89022, 84454, 24951, 2968]"
119766,"[45113, 25793, 23431, 7325, 21793, 98503, 52217, 36404, 53063, 13566]"
119767,"[78638, 50145, 59123, 108926, 64068, 4128, 105601, 35353, 27013, 34907]"
119768,"[63032, 53398, 43033, 105042, 69640, 65756, 25929, 102139, 54715, 3736]"
119769,"[102344, 49548, 67993, 47986, 27970, 103594, 63904, 8377, 32098, 43089]"
119770,"[14786, 58063, 98061, 46919, 101434, 16588, 76153, 34977, 95333, 48339]"
119771,"[45452, 2316, 68285, 58209, 96633, 34766, 17446, 3886, 60999, 18640]"
119772,"[3233, 11284, 40443, 46744, 30861, 47033, 17753, 87550, 96791, 56028]"
119773,"[23446, 50771, 49799, 8942, 81980, 69922, 30840, 63555, 106704, 93776]"
119774,"[77720, 9686, 87221, 62200, 7550, 40041, 94400, 84226, 94479, 59049]"
119775,"[100396, 2874, 25019, 57862, 92074, 63164, 53540, 75211, 38433, 6414]"
119776,"[98650, 97653, 18655, 26993, 4243, 83836, 342, 70785, 24198, 27169]"
119777,"[54809, 27987, 10001, 109457, 11194, 78483, 37893, 28831, 21281, 7897]"
119778,"[109630, 18199, 6949, 62380, 6640, 85326, 1258, 25869, 33564, 50281]"
119779,"[5480, 59992, 55566, 36582, 73551, 6216, 103662, 45372, 102792, 99982]"
119780,"[77751, 76701, 50822, 22962, 31667, 21613, 48225, 73055, 91345, 9124]"
119781,"[22101, 62012, 77523, 85780, 77078, 78716, 104291, 90304, 76254, 48940]"
119782,"[89294, 28749, 76974, 21783, 25384, 31112, 109350, 9908, 47895, 77395]"
119783,"[17456, 6954, 2548, 99323, 37041, 88924, 84458, 101032, 84827, 22351]"
119784,"[15254, 49510, 85827, 71935, 48659, 99949, 613, 34459, 59825, 108327]"
119785,"[42277, 68272, 26189, 56410, 86925, 56276, 19912, 78995, 36332, 7326]"
119786,"[18769, 39275, 79191, 27738, 100351, 78359, 6124, 72684, 57492, 24206]"
119787,"[101339, 5564, 42933, 50377, 70202, 46498, 84787, 109313, 72486, 92860]"
119788,"[79130, 75786, 80034, 30384, 66535, 23183, 96636, 11341, 54635, 6303]"
119789,"[51998, 51558, 27115, 34074, 92677, 33664, 57603, 73478, 2137, 81609]"
119790,"[55057, 45911, 29542, 92619, 10299, 47277, 66936, 27788, 98669, 89938]"
119791,"[62012, 85780, 104291, 48940, 25057, 81448, 102025, 22101, 12267, 61268]"
119792,"[31808, 88369, 94872, 55013, 14708, 102431, 94033, 51798, 5354, 83843]"
119793,"[98316, 6310, 56356, 106857, 24931, 86848, 91958, 10249, 92167, 55394]"
119794,"[68562, 36149, 32528, 85340, 26683, 81329, 86277, 42123, 46040, 61129]"
119795,"[96413, 90991, 72166, 49816, 53097, 76802, 78253, 25052, 109040, 40792]"
119796,"[69363, 15272, 77807, 39751, 29519, 55700, 63872, 45107, 22926, 99771]"
119797,"[64797, 95058, 95957, 33138, 21107, 61265, 102019, 69203, 57817, 43221]"
119798,"[57143, 54046, 95135, 60165, 25433, 34310, 12660, 109120, 3420, 63437]"
119799,"[70917, 39666, 107103, 97389, 11780, 38355, 85958, 84006, 73024, 65231]"
119800,"[69531, 50920, 3144, 2897, 24638, 98523, 82096, 86410, 29829, 6350]"
119801,"[72420, 108653, 56135, 18063, 88779, 47709, 60540, 41599, 91806, 91528]"
119802,"[88860, 40663, 93420, 75090, 16896, 97467, 79937, 89936, 19943, 92124]"
119803,"[74593, 39856, 7072, 99456, 57028, 15576, 60265, 60310, 47623, 60820]"
119804,"[80724, 101517, 28744, 103125, 94975, 27512, 63000, 98811, 76513, 60338]"
119805,"[78296, 57820, 34999, 90469, 48503, 16637, 25279, 109613, 40615, 2725]"
119806,"[60102, 92146, 72420, 18063, 11695, 13434, 51760, 69135, 13226, 47709]"
119807,"[94509, 5438, 75322, 9503, 66342, 23363, 94803, 67912, 98513, 108293]"
119808,"[92960, 6981, 59429, 106768, 19640, 41862, 33241, 25950, 74533, 52174]"
119809,"[47289, 77199, 90335, 95421, 80332, 17457, 35928, 107505, 3074, 21342]"
119810,"[57575, 39973, 82279, 45433, 4315, 74667, 90499, 84560, 26992, 90250]"
119811,"[73404, 7514, 59950, 60841, 82295, 63270, 59749, 11785, 36878, 45719]"
119812,"[4269, 18999, 94054, 37369, 103962, 85022, 40192, 72078, 92907, 109109]"
119813,"[56062, 51754, 81551, 37172, 78353, 20862, 43751, 20675, 31390, 64844]"
119814,"[96846, 70442, 55469, 89670, 85225, 107417, 49258, 79208, 82600, 40768]"
119815,"[16114, 103537, 40003, 90073, 103101, 74078, 104470, 53998, 106424, 17424]"
119816,"[9158, 43333, 23452, 79475, 66847, 12613, 72098, 101605, 90198, 97501]"
119817,"[30072, 105375, 42828, 74800, 17082, 30115, 70974, 88536, 58656, 17505]"
119818,"[7204, 9998, 51714, 91302, 4469, 95619, 66213, 35025, 14925, 44336]"
119819,"[1399, 70316, 95081, 109239, 41374, 50984, 24754, 71438, 52494, 8628]"
119820,"[108222, 105026, 62244, 56816, 96257, 74516, 75658, 36588, 56850, 27087]"
119821,"[16833, 3918, 64767, 75261, 14619, 8490, 2800, 17706, 54097, 85838]"
119822,"[103632, 15987, 89742, 93528, 36802, 41911, 93482, 74385, 76522, 86702]"
119823,"[23707, 71887, 44257, 9229, 26962, 23503, 100401, 21958, 56166, 89800]"
119824,"[57591, 101254, 31331, 34032, 28152, 59213, 53699, 38510, 14288, 61887]"
119825,"[5090, 35418, 89036, 80488, 25345, 20357, 29066, 10195, 103758, 87173]"
119826,"[46192, 71350, 108047, 82425, 97560, 65116, 85057, 26210, 89193, 87405]"
119827,"[92170, 74105, 50305, 107242, 31246, 71331, 90725, 31427, 89756, 109219]"
119828,"[76007, 104624, 28578, 33809, 18849, 104328, 78015, 25038, 104838, 88724]"
119829,"[57222, 88643, 54485, 105910, 72873, 36000, 17806, 37731, 89744, 71508]"
119830,"[55067, 102828, 92375, 52442, 31557, 20265, 22076, 99764, 46054, 55718]"
119831,"[50073, 105710, 3132, 91640, 3756, 7049, 30537, 33330, 80719, 21636]"
119832,"[60221, 70000, 26165, 74604, 91134, 53972, 52384, 29317, 81359, 43378]"
119833,"[108477, 27017, 6864, 5554, 82472, 12321, 51658, 54797, 9137, 44959]"
119834,"[100694, 10976, 83812, 25901, 85550, 101017, 69267, 92218, 16217, 71022]"
119835,"[107020, 3980, 10678, 103373, 6409, 15481, 16525, 44057, 65516, 43246]"
119836,"[18085, 84805, 28532, 65591, 73000, 61980, 53404, 80636, 94734, 19750]"
119837,"[86994, 62703, 40426, 78401, 29480, 86628, 50186, 62789, 28693, 101822]"
119838,"[96199, 41807, 40248, 108475, 101082, 58272, 83718, 34304, 77009, 17410]"
119839,"[84299, 23213, 18518, 59203, 6790, 65928, 38237, 8322, 27785, 30496]"
119840,"[87330, 73488, 53120, 71493, 18091, 86870, 29991, 102467, 17255, 82959]"
119841,"[32704, 13729, 85710, 20307, 55651, 11716, 25650, 91821, 22660, 108671]"
119842,"[79607, 31959, 17038, 28570, 63749, 106519, 89740, 106493, 17027, 8371]"
119843,"[16545, 86, 74248, 57901, 13089, 70920, 22616, 33645, 70864, 89972]"
119844,"[93962, 5956, 59923, 102236, 5962, 4324, 78127, 26163, 87018, 93880]"
119845,"[46788, 77902, 99190, 65265, 20039, 101602, 65698, 43928, 68316, 5112]"
119846,"[51552, 82739, 72387, 92632, 59602, 104010, 76322, 93009, 32883, 68343]"
119847,"[86484, 36034, 79908, 45489, 31288, 59884, 89060, 71578, 20483, 6586]"
119848,"[52186, 13777, 58463, 60018, 92743, 100053, 10645, 7178, 67197, 12525]"
119849,"[43107, 29809, 82193, 38676, 26460, 38240, 65403, 23033, 94033, 74106]"
119850,"[48075, 95677, 98969, 72138, 33535, 92274, 18478, 63884, 1905, 48319]"
119851,"[83115, 45849, 101847, 21096, 58949, 11226, 2082, 96213, 54394, 23669]"
119852,"[18201, 109664, 37959, 74207, 71967, 105390, 27791, 63634, 87329, 11086]"
119853,"[104712, 33690, 21084, 11622, 105929, 89328, 4113, 18275, 17336, 97713]"
119854,"[87542, 91010, 32201, 109051, 64398, 74668, 26125, 47364, 43818, 77128]"
119855,"[90648, 76493, 101954, 72527, 102521, 90419, 86856, 45499, 27357, 67461]"
119856,"[39669, 259, 15211, 96867, 96648, 60117, 67515, 98438, 41723, 56163]"
119857,"[106453, 79594, 77308, 75832, 28245, 67093, 99626, 65513, 100838, 55586]"
119858,"[43186, 95227, 15124, 53398, 105042, 69640, 106769, 63032, 70424, 84806]"
119859,"[63976, 90356, 36654, 24086, 1350, 50401, 10888, 44279, 106595, 83333]"
119860,"[76660, 41433, 20218, 12740, 70890, 55725, 22669, 77708, 64838, 6897]"
119861,"[82794, 1281, 108868, 46943, 101875, 64108, 92982, 92562, 94605, 92297]"
119862,"[38193, 39167, 10858, 101636, 20049, 24193, 82227, 102782, 46221, 47725]"
119863,"[58519, 55994, 105763, 101965, 102854, 36904, 46911, 58650, 71073, 101957]"
119864,"[86654, 48604, 47687, 27789, 107433, 94231, 11334, 44913, 85068, 4459]"
119865,"[81791, 27228, 87063, 86448, 82071, 20363, 72694, 107636, 67010, 102371]"
119866,"[75623, 36675, 83088, 106413, 45688, 105849, 32446, 42239, 59993, 101473]"
119867,"[36911, 41132, 44907, 11277, 76293, 13623, 55472, 75051, 71691, 82944]"
119868,"[94834, 36101, 62954, 6266, 102303, 50059, 78576, 91827, 52399, 49567]"
119869,"[14614, 48243, 91124, 57615, 89079, 76356, 14274, 48265, 11029, 80698]"
119870,"[83559, 101968, 72603, 19016, 99973, 2363, 61310, 108431, 82901, 48532]"
119871,"[47461, 28637, 98798, 61389, 99890, 11451, 87217, 96404, 61722, 56925]"
119872,"[79246, 30592, 29718, 60139, 24041, 18674, 7849, 7339, 53493, 70553]"
119873,"[55402, 10847, 13576, 56474, 11372, 12528, 67038, 40430, 84091, 85097]"
119874,"[1057, 84232, 25538, 17831, 29345, 47181, 57618, 57718, 25948, 97782]"
119875,"[8989, 59736, 4131, 45772, 67046, 33287, 1430, 31778, 84039, 38147]"
119876,"[15439, 93828, 74189, 18199, 6949, 100837, 6477, 64966, 59628, 4679]"
119877,"[62439, 90929, 83259, 77640, 49649, 21029, 67102, 66832, 103795, 23481]"
119878,"[62240, 105928, 26399, 43744, 37528, 71816, 104284, 35941, 96709, 64647]"
119879,"[9354, 90666, 88178, 62427, 70525, 89206, 96337, 4044, 9754, 31860]"
119880,"[10200, 87196, 75312, 68565, 47884, 85634, 32487, 95191, 49441, 58011]"
119881,"[57191, 50279, 94225, 32419, 24891, 34386, 100733, 61206, 84299, 17330]"
119882,"[71856, 70480, 78507, 16459, 21934, 94149, 60400, 39469, 8429, 5407]"
119883,"[70513, 72906, 60612, 36371, 56248, 41475, 25507, 67645, 66337, 26918]"
119884,"[99997, 44500, 85796, 76739, 25344, 89577, 69176, 79425, 78272, 17814]"
119885,"[31455, 42971, 89437, 17963, 102035, 48175, 23581, 87730, 16594, 78065]"
119886,"[64346, 12863, 43526, 32737, 89926, 65915, 41792, 105545, 58681, 94644]"
119887,"[90359, 967, 34717, 108851, 72411, 1803, 47972, 1787, 72994, 92716]"
119888,"[43936, 72519, 46776, 38960, 26507, 84201, 8468, 20544, 82082, 2246]"
119889,"[23741, 106995, 83519, 44482, 37030, 10734, 45375, 78515, 73580, 50678]"
119890,"[65435, 22590, 26724, 73369, 41095, 21477, 100720, 16340, 72656, 100498]"
119891,"[68846, 13162, 66715, 38084, 59352, 103820, 60463, 62890, 39785, 31141]"
119892,"[102426, 41123, 79188, 23797, 21145, 93141, 78609, 102727, 100981, 95112]"
119893,"[104279, 14814, 60959, 3355, 84433, 48300, 66674, 80788, 49285, 69547]"
119894,"[99814, 83278, 80640, 68285, 1495, 47659, 34766, 72148, 2316, 86619]"
119895,"[44811, 69076, 3041, 105949, 56788, 6315, 103530, 27277, 7408, 26793]"
119896,"[62868, 78727, 102663, 88368, 73889, 57717, 72193, 4081, 95226, 31201]"
119897,"[108152, 80871, 79830, 74210, 95802, 10386, 107021, 32258, 58623, 9890]"
119898,"[37706, 15365, 43467, 50842, 4928, 15643, 92825, 15132, 70995, 30467]"
119899,"[84664, 75835, 47392, 21345, 60582, 30625, 100258, 45682, 56749, 32757]"
119900,"[6473, 49834, 103698, 37728, 11061, 45799, 11168, 75223, 65662, 38945]"
119901,"[20564, 87355, 95376, 52523, 85275, 75058, 89454, 80914, 69360, 45496]"
119902,"[88393, 50094, 28466, 89587, 12489, 20266, 99537, 54985, 91182, 88168]"
119903,"[66359, 100529, 7639, 643, 73494, 29440, 64480, 62621, 23753, 87260]"
119904,"[16173, 82179, 70004, 102180, 85841, 61516, 49985, 11233, 45511, 38031]"
119905,"[31904, 45089, 76319, 80297, 54815, 17999, 37960, 37047, 45790, 67169]"
119906,"[37516, 12679, 47914, 18835, 1682, 108996, 5774, 4450, 22949, 87195]"
119907,"[99819, 35193, 85529, 24027, 41995, 50127, 17525, 57055, 57656, 106154]"
119908,"[18687, 97607, 103774, 60177, 23148, 45925, 14919, 61120, 9176, 34703]"
119909,"[84793, 65418, 14837, 45057, 90668, 93533, 18665, 8587, 52814, 49058]"
119910,"[41539, 20499, 49554, 48401, 69619, 19655, 6375, 99142, 11848, 84273]"
119911,"[47626, 8036, 70, 85681, 24649, 35032, 86550, 51679, 45585, 1135]"
119912,"[33859, 62028, 80852, 63360, 100990, 56012, 1053, 98995, 74937, 56400]"
119913,"[92012, 108544, 83096, 27834, 75331, 93601, 58260, 87704, 49354, 48214]"
119914,"[98038, 59381, 71150, 10612, 26714, 98516, 24912, 41574, 2967, 101926]"
119915,"[95903, 93848, 11382, 61874, 49898, 68994, 8369, 54497, 29126, 83011]"
119916,"[93661, 95455, 51982, 96888, 22346, 42374, 99197, 24512, 67060, 23875]"
119917,"[60652, 817, 60403, 72931, 78103, 11250, 22190, 64868, 65948, 75857]"
119918,"[11446, 82691, 46287, 57784, 74390, 15545, 82950, 37793, 77167, 28784]"
119919,"[76329, 5130, 96136, 39675, 101207, 93566, 83152, 29156, 84107, 106]"
119920,"[67766, 97662, 28135, 103845, 79497, 19997, 32939, 8345, 45347, 104258]"
119921,"[106590, 82653, 63920, 86412, 82192, 81737, 25442, 86668, 82258, 67230]"
119922,"[7844, 91137, 54245, 99904, 40164, 5950, 100146, 105683, 56083, 83942]"
119923,"[79132, 14208, 92769, 10755, 58326, 29671, 87215, 2772, 93595, 100640]"
119924,"[106938, 16328, 65794, 90853, 49644, 15769, 56410, 17877, 102989, 8339]"
119925,"[19840, 61692, 18428, 2506, 48830, 23263, 72116, 25614, 84358, 7760]"
119926,"[78367, 13091, 89306, 62760, 37916, 25235, 42716, 77390, 18663, 103930]"
119927,"[82760, 48052, 31090, 11111, 70433, 34872, 32629, 33261, 32155, 33552]"
119928,"[27233, 49985, 73924, 13611, 1376, 63936, 82179, 34079, 61516, 94025]"
119929,"[56473, 67644, 88987, 76006, 30874, 6862, 13823, 65110, 43191, 84707]"
119930,"[79355, 13616, 1733, 5103, 18832, 105454, 21506, 23088, 66717, 21926]"
119931,"[77573, 76667, 105316, 92626, 24452, 67190, 95960, 64459, 69557, 41921]"
119932,"[5326, 56095, 66636, 70616, 98095, 80047, 106474, 13276, 60016, 10680]"
119933,"[106019, 41053, 50793, 21146, 98637, 11542, 45356, 15156, 26629, 35780]"
119934,"[43680, 57792, 99344, 86375, 43620, 77765, 74269, 90899, 84909, 98473]"
119935,"[69856, 14368, 54293, 67612, 107666, 84978, 94577, 66999, 47316, 72949]"
119936,"[8292, 57497, 107099, 32294, 84824, 86588, 99064, 23584, 32693, 20486]"
119937,"[23195, 108335, 6492, 88441, 92992, 92255, 72306, 10781, 49951, 49525]"
119938,"[13336, 32484, 67755, 81706, 84922, 103056, 98350, 53078, 48981, 71289]"
119939,"[58130, 61019, 9439, 3078, 58072, 88997, 26830, 25706, 13784, 84486]"
119940,"[63333, 65918, 23913, 108241, 94099, 94567, 97128, 81519, 35319, 55550]"
119941,"[55672, 78820, 81325, 88597, 20632, 62164, 1939, 88256, 74018, 33812]"
119942,"[11798, 5395, 32762, 84279, 9692, 12430, 87525, 83556, 75415, 1341]"
119943,"[20728, 42283, 108838, 32613, 16821, 60550, 72911, 66827, 61108, 83629]"
119944,"[3337, 77209, 51341, 6824, 34287, 100585, 59859, 38041, 31681, 41009]"
119945,"[87497, 59428, 102100, 96473, 73894, 86950, 64618, 32539, 91438, 72004]"
119946,"[94102, 54062, 88795, 64232, 53640, 88904, 10417, 3599, 92104, 48849]"
119947,"[1493, 33284, 7573, 57369, 78980, 104946, 80602, 21355, 96725, 71842]"
119948,"[17694, 44166, 221, 3464, 106885, 26023, 109703, 10959, 6418, 94284]"
119949,"[36051, 79481, 77545, 40187, 60209, 95395, 62275, 82680, 108118, 104800]"
119950,"[36104, 121, 85674, 1321, 66336, 5299, 31412, 58924, 37704, 44131]"
119951,"[21852, 81685, 106916, 80223, 109690, 38036, 41106, 28677, 57313, 100667]"
119952,"[29475, 39575, 48554, 71330, 34599, 10859, 23877, 73998, 61007, 55764]"
119953,"[34819, 32311, 100344, 86295, 92543, 77198, 62162, 71257, 75748, 37124]"
119954,"[20825, 73551, 63937, 14182, 56948, 33052, 78053, 45920, 67455, 102534]"
119955,"[51752, 98788, 14211, 17276, 48116, 3497, 82589, 28227, 630, 98539]"
119956,"[43459, 66956, 15920, 89467, 63093, 36834, 86876, 56074, 64730, 33477]"
119957,"[45682, 47392, 32757, 21345, 22010, 60582, 84664, 66673, 7869, 56689]"
119958,"[885, 17169, 48305, 42615, 31875, 28951, 86878, 65610, 6187, 37096]"
119959,"[95718, 48388, 89189, 54241, 67940, 10160, 80977, 2224, 68971, 99769]"
119960,"[4507, 63373, 92699, 64141, 70711, 64916, 22516, 35832, 43418, 15703]"
119961,"[17712, 48516, 30104, 44373, 59146, 54411, 26282, 99894, 88663, 92347]"
119962,"[89051, 41893, 84994, 20446, 60954, 27422, 101085, 37582, 50686, 71808]"
119963,"[3272, 60669, 61259, 22729, 24204, 38393, 52222, 67298, 80827, 82742]"
119964,"[32718, 15685, 5432, 518, 11416, 82582, 71383, 81513, 108765, 79305]"
119965,"[17346, 76370, 53995, 98312, 27428, 35152, 68056, 93522, 71371, 67172]"
119966,"[49146, 61514, 20460, 32824, 8139, 65, 58291, 40483, 3827, 43814]"
119967,"[90700, 42216, 5630, 72483, 27297, 70576, 91491, 18536, 75461, 19954]"
119968,"[96198, 51199, 67165, 100333, 35803, 81190, 13333, 26865, 28848, 50681]"
119969,"[28943, 76339, 103134, 36491, 89111, 4620, 56531, 97583, 89832, 57442]"
119970,"[107627, 37716, 64373, 44741, 74895, 63782, 33463, 4503, 54872, 43801]"
119971,"[61868, 78741, 92486, 61197, 31410, 10113, 77661, 77022, 96390, 100933]"
119972,"[66671, 75290, 38794, 48331, 2661, 39172, 105644, 6896, 31024, 91785]"
119973,"[49238, 58732, 62330, 104011, 14224, 42156, 80840, 49840, 97483, 3438]"
119974,"[78986, 94449, 13705, 46039, 44145, 63098, 29232, 85490, 67285, 99851]"
119975,"[12488, 84167, 107266, 67428, 13789, 57800, 5457, 38151, 28417, 18342]"
119976,"[25990, 78429, 49522, 47163, 58538, 59239, 35251, 7278, 62080, 37902]"
119977,"[103477, 33808, 32154, 1249, 79415, 93991, 84556, 28760, 98264, 26283]"
119978,"[9104, 101915, 50269, 22340, 82431, 41215, 51994, 94439, 97685, 22589]"
119979,"[2604, 9034, 98233, 42820, 80775, 8238, 97379, 19687, 67780, 57204]"
119980,"[32067, 47302, 30732, 78729, 80665, 22717, 101956, 44782, 57916, 30520]"
119981,"[34511, 34300, 59384, 39954, 73320, 80262, 64343, 41953, 32777, 16640]"
119982,"[78717, 1910, 54604, 46431, 75414, 99754, 73132, 44973, 84783, 16906]"
119983,"[38567, 47356, 52737, 20315, 4896, 50538, 92825, 29315, 58904, 3473]"
119984,"[15944, 104995, 76109, 6696, 22505, 36747, 12745, 105961, 34964, 72826]"
119985,"[71367, 92960, 39341, 88599, 21682, 88086, 107771, 36427, 69421, 30274]"
119986,"[83830, 25913, 68760, 77788, 48605, 42889, 1661, 49584, 29867, 46635]"
119987,"[1850, 36180, 48769, 85943, 80816, 38381, 58809, 10132, 88372, 25239]"
119988,"[4860, 15667, 15114, 88751, 9696, 86980, 106155, 96577, 31841, 51322]"
119989,"[95546, 17538, 82676, 63453, 26652, 87541, 41689, 35094, 2645, 31836]"
119990,"[25861, 99295, 104857, 36315, 80394, 23115, 50617, 103675, 51181, 2585]"
119991,"[17342, 46121, 65657, 67867, 96266, 6530, 61872, 76145, 7634, 69280]"
119992,"[43613, 28180, 54585, 35242, 65472, 59672, 58229, 7963, 28236, 38235]"
119993,"[92407, 23414, 103952, 58650, 91813, 72317, 68127, 94870, 106712, 6376]"
119994,"[41696, 95243, 18825, 99588, 37107, 46725, 99939, 63716, 102601, 91788]"
119995,"[33622, 96552, 45853, 34931, 76333, 76287, 66486, 20431, 47753, 75148]"
119996,"[68093, 24495, 44039, 48237, 34241, 47809, 15146, 23596, 60468, 44368]"
119997,"[22413, 71614, 35436, 33956, 23011, 105024, 17404, 102821, 107152, 97798]"
119998,"[11553, 32223, 18429, 67900, 51330, 7716, 25367, 89477, 14757, 53957]"
119999,"[60964, 84044, 88444, 8833, 38445, 22244, 18894, 101231, 77815, 106589]"
120000,"[105677, 65097, 83827, 56155, 107503, 46095, 47, 2805, 106982, 756]"
120001,"[92020, 36716, 105243, 31224, 57195, 75512, 62526, 65354, 58626, 53992]"
120002,"[104929, 61694, 29646, 37873, 27271, 99073, 32293, 52864, 46144, 48596]"
120003,"[10278, 3230, 63378, 99140, 30089, 47028, 56291, 97982, 102294, 80129]"
120004,"[66411, 97362, 100508, 89569, 11309, 77257, 38592, 38499, 51245, 59077]"
120005,"[89854, 42473, 21009, 79546, 88623, 96707, 88555, 41003, 29578, 13893]"
120006,"[16313, 7082, 74214, 3612, 74300, 73593, 18639, 94253, 100610, 76045]"
120007,"[82688, 72172, 15575, 97010, 17023, 24646, 2424, 46745, 80792, 13469]"
120008,"[64523, 8319, 43897, 37035, 66226, 43419, 80625, 18464, 42008, 74299]"
120009,"[76471, 108720, 66209, 15716, 80304, 73431, 88534, 104281, 4640, 87307]"
120010,"[23789, 35039, 24893, 48603, 24729, 26414, 63864, 86202, 26949, 8867]"
120011,"[59279, 57208, 72906, 104983, 67645, 70690, 66337, 102103, 38344, 45036]"
120012,"[29995, 72357, 75559, 65300, 25402, 57481, 95541, 78863, 61350, 65911]"
120013,"[85889, 68921, 95230, 4377, 5490, 63784, 54956, 60544, 99355, 94923]"
120014,"[92709, 32780, 58007, 93006, 42849, 85258, 91208, 49131, 92025, 76447]"
120015,"[32775, 105225, 88436, 51895, 44489, 36512, 56336, 4743, 83945, 58623]"
120016,"[100471, 106288, 59780, 7343, 90157, 86004, 106000, 104569, 73870, 11487]"
120017,"[83092, 81290, 19876, 52382, 39572, 51313, 27078, 68611, 19860, 81805]"
120018,"[84342, 95259, 96724, 29574, 37111, 88767, 15955, 93886, 21701, 13039]"
120019,"[29080, 57988, 83882, 85000, 35251, 15064, 33659, 45661, 39290, 22499]"
120020,"[33153, 103014, 91697, 61760, 30606, 15755, 13670, 34570, 61126, 20163]"
120021,"[67061, 87310, 80226, 90897, 44481, 23637, 65447, 39314, 4021, 57744]"
120022,"[10697, 17865, 108151, 16521, 25886, 42281, 40955, 4549, 25271, 85]"
120023,"[13706, 108859, 29520, 65997, 85201, 89864, 24117, 97330, 1396, 30961]"
120024,"[55792, 57047, 23584, 87175, 45500, 39020, 32844, 8214, 52488, 60413]"
120025,"[88574, 29191, 9502, 70647, 89455, 57654, 66150, 79207, 24837, 96834]"
120026,"[96970, 67891, 35678, 98757, 79120, 29181, 102294, 63378, 80129, 99140]"
120027,"[71752, 78078, 29853, 67267, 69760, 66065, 5711, 108820, 7671, 62919]"
120028,"[35818, 48795, 79077, 10342, 88386, 37421, 47847, 96875, 40514, 45942]"
120029,"[11488, 61827, 108616, 46821, 73373, 37433, 78646, 45509, 5573, 45678]"
120030,"[63564, 101236, 68354, 6509, 1346, 46547, 52581, 11147, 9955, 97116]"
120031,"[95750, 4069, 54913, 98434, 33869, 87328, 5123, 84251, 75555, 59761]"
120032,"[86948, 88296, 94017, 7333, 91934, 32197, 62979, 47995, 42625, 50313]"
120033,"[46407, 71892, 40552, 104079, 48019, 34718, 101333, 83475, 14729, 13129]"
120034,"[102770, 53858, 91377, 20647, 82170, 93012, 79800, 63748, 100440, 88646]"
120035,"[20298, 50655, 83817, 48556, 35498, 50702, 105270, 77649, 90141, 49758]"
120036,"[66502, 43918, 58984, 84368, 99122, 82510, 57012, 39183, 17100, 55066]"
120037,"[96150, 57687, 96234, 50169, 97003, 80707, 78381, 98271, 92475, 91566]"
120038,"[9094, 44273, 65057, 108191, 79676, 34890, 13077, 63265, 106722, 105997]"
120039,"[70220, 74518, 84458, 102535, 3279, 70963, 5968, 1146, 57167, 88734]"
120040,"[78781, 101824, 10591, 69338, 40120, 83838, 36206, 107295, 47675, 107161]"
120041,"[76009, 25971, 100705, 76326, 99811, 19667, 60379, 15861, 29511, 13400]"
120042,"[109581, 88940, 76268, 28851, 76620, 84778, 28892, 105308, 60399, 68837]"
120043,"[72555, 86064, 10798, 94744, 61436, 56229, 108195, 109541, 38859, 105889]"
120044,"[28131, 39992, 21524, 74121, 93784, 8491, 71763, 81027, 28066, 1632]"
120045,"[29862, 109171, 7909, 17656, 108435, 83217, 15178, 10451, 32326, 72570]"
120046,"[79773, 11569, 103778, 1342, 99311, 86898, 9608, 37997, 70822, 77652]"
120047,"[942, 35028, 54654, 34794, 33136, 47625, 82661, 69414, 40759, 53815]"
120048,"[21782, 106211, 36814, 45422, 67571, 104357, 83766, 47213, 56315, 97938]"
120049,"[43891, 63906, 38094, 38103, 58330, 56063, 98353, 101923, 108538, 24083]"
120050,"[63211, 85766, 73479, 31704, 48913, 48086, 93400, 89179, 5292, 40993]"
120051,"[102523, 94482, 102222, 15619, 24655, 12281, 92739, 92735, 8953, 20163]"
120052,"[74874, 17879, 2173, 82386, 95961, 77203, 69315, 84418, 43548, 51480]"
120053,"[66337, 25507, 104556, 70179, 50959, 103525, 104983, 3901, 102103, 56248]"
120054,"[41260, 11317, 104922, 27577, 39914, 21829, 57940, 57645, 97672, 92449]"
120055,"[45822, 46451, 34770, 79493, 39596, 86711, 81684, 77893, 87630, 66966]"
120056,"[62361, 13353, 44775, 54934, 58014, 80041, 56270, 51021, 16771, 51770]"
120057,"[100560, 83268, 108142, 62852, 47850, 73267, 84995, 60021, 107337, 4238]"
120058,"[52395, 65756, 69292, 58930, 56667, 57568, 64712, 3736, 71875, 82533]"
120059,"[17844, 44006, 53887, 72389, 56321, 88452, 3766, 55434, 92221, 104996]"
120060,"[71734, 1453, 75259, 58396, 33987, 71686, 97801, 76152, 24358, 91155]"
120061,"[38161, 11955, 57611, 73334, 103659, 19135, 17894, 86657, 25260, 45243]"
120062,"[5699, 51935, 36799, 27029, 26132, 101022, 95980, 39556, 14811, 91734]"
120063,"[75593, 9132, 96375, 21390, 90620, 23400, 48103, 66233, 28565, 41861]"
120064,"[29636, 104541, 27539, 9668, 72855, 75149, 16905, 70039, 71310, 21013]"
120065,"[82894, 61927, 64607, 44125, 101766, 14077, 94997, 23020, 104424, 62264]"
120066,"[52715, 50001, 31847, 48937, 71191, 99113, 76294, 51884, 1280, 98027]"
120067,"[66600, 54601, 57225, 48671, 103408, 31535, 49326, 80506, 44859, 20218]"
120068,"[93737, 97025, 61923, 108099, 80713, 62072, 33697, 40907, 77544, 83223]"
120069,"[102924, 55859, 41892, 104110, 53807, 94937, 43745, 37654, 74737, 16631]"
120070,"[89661, 82377, 102369, 109301, 96172, 91754, 4787, 101345, 9922, 70500]"
120071,"[35419, 102134, 18832, 70067, 13616, 13314, 58318, 54625, 21734, 63021]"
120072,"[95866, 81261, 105038, 99978, 98505, 27285, 21921, 87945, 70202, 8335]"
120073,"[102392, 90123, 81404, 88538, 19406, 14060, 19953, 99204, 35137, 51263]"
120074,"[51801, 12659, 50700, 60701, 61195, 58566, 94205, 75629, 25567, 93548]"
120075,"[62104, 17597, 22574, 96484, 109519, 88366, 23120, 55064, 26468, 72677]"
120076,"[107528, 34571, 154, 15797, 66573, 55330, 75995, 19877, 35560, 27519]"
120077,"[104039, 109282, 62503, 48839, 87602, 89856, 92601, 93592, 37314, 89433]"
120078,"[71729, 52192, 72295, 63387, 43610, 31434, 54205, 20227, 64030, 37070]"
120079,"[49778, 90056, 27855, 101413, 23694, 533, 31605, 5430, 65694, 102551]"
120080,"[41836, 54823, 98722, 72850, 40968, 36033, 63475, 104550, 101776, 100947]"
120081,"[64684, 1539, 6956, 10286, 22769, 9402, 77823, 31405, 26530, 15913]"
120082,"[42782, 32268, 70310, 13194, 27398, 96770, 23725, 73605, 80810, 225]"
120083,"[44695, 54792, 83401, 95529, 42723, 37922, 14524, 77378, 36430, 59146]"
120084,"[12283, 30328, 98594, 15158, 75006, 24054, 43070, 64841, 72382, 108108]"
120085,"[80593, 102625, 66687, 93492, 28021, 10107, 83206, 26149, 73008, 42189]"
120086,"[66722, 21539, 58310, 107269, 25960, 17596, 94951, 77868, 20281, 22492]"
120087,"[35334, 91666, 85194, 58709, 68249, 85751, 58899, 19221, 48329, 108004]"
120088,"[61432, 4031, 24471, 15239, 21209, 99114, 107584, 56142, 67828, 87960]"
120089,"[82741, 51789, 37360, 364, 47828, 74003, 9302, 59349, 13435, 90361]"
120090,"[20086, 73054, 57309, 89074, 103871, 73872, 56469, 54582, 49640, 30169]"
120091,"[75275, 106984, 5209, 18718, 76060, 1855, 6408, 70946, 33182, 33314]"
120092,"[72402, 102060, 63336, 35035, 13425, 52305, 41285, 5333, 85037, 92765]"
120093,"[101456, 75874, 106970, 78842, 12747, 34172, 21954, 24394, 96302, 108059]"
120094,"[76975, 19333, 33057, 193, 17955, 1942, 85848, 86235, 60225, 37536]"
120095,"[99042, 49718, 99459, 165, 81173, 62462, 33167, 66456, 59334, 46739]"
120096,"[65275, 73644, 60491, 48216, 106932, 66482, 35369, 84270, 28986, 10770]"
120097,"[101218, 108836, 51241, 76419, 78676, 42813, 25415, 26062, 65219, 30960]"
120098,"[109304, 76012, 61564, 56439, 31361, 11476, 67171, 99701, 83265, 45213]"
120099,"[31750, 80544, 88603, 36261, 6798, 18776, 35162, 8817, 9587, 51225]"
120100,"[960, 91345, 11550, 109443, 37773, 11913, 76241, 90885, 17314, 65386]"
120101,"[99084, 71341, 98951, 4434, 80789, 83701, 83901, 94808, 33606, 55318]"
120102,"[74761, 38467, 1416, 79906, 64976, 39483, 36551, 46628, 58766, 67650]"
120103,"[67182, 20766, 32221, 22375, 10285, 7704, 33954, 22042, 27180, 105498]"
120104,"[69025, 109097, 30396, 7216, 69832, 109182, 41604, 35062, 85350, 50463]"
120105,"[51798, 18901, 11950, 23938, 21288, 66985, 65583, 12558, 64830, 27309]"
120106,"[104369, 28823, 102257, 51512, 62523, 50125, 85717, 44858, 105234, 26975]"
120107,"[108604, 42882, 92803, 78389, 41845, 105546, 10017, 97274, 69807, 3491]"
120108,"[77959, 56832, 32923, 63278, 25714, 34281, 42973, 20303, 62464, 89158]"
120109,"[8060, 97725, 79115, 81850, 107842, 67772, 22668, 88374, 45625, 19012]"
120110,"[9701, 85069, 50574, 20910, 33695, 13847, 93255, 91760, 3709, 72706]"
120111,"[14938, 38219, 30094, 36489, 48444, 67426, 21973, 22260, 98859, 45303]"
120112,"[69169, 100233, 67273, 85554, 53321, 5060, 41, 21495, 59678, 92891]"
120113,"[14255, 42379, 80659, 6855, 73083, 89672, 48260, 63291, 92663, 77935]"
120114,"[1322, 104373, 38051, 28124, 48044, 33512, 43771, 18980, 376, 19340]"
120115,"[47075, 6356, 64936, 83191, 9214, 102405, 30832, 20690, 28056, 37986]"
120116,"[22211, 3917, 55673, 2779, 8692, 14907, 87425, 104335, 61357, 102860]"
120117,"[12853, 67335, 98996, 51057, 72135, 93610, 80885, 69879, 15117, 16708]"
120118,"[21657, 102688, 57161, 50562, 32351, 32188, 103642, 91946, 84202, 65933]"
120119,"[44591, 61003, 72974, 35682, 74996, 92198, 54629, 18995, 37128, 10776]"
120120,"[63343, 54983, 67763, 2683, 42887, 24514, 76278, 52794, 25073, 26180]"
120121,"[75846, 73564, 61537, 10247, 18853, 79152, 74801, 79396, 101184, 56683]"
120122,"[65010, 33559, 71685, 29035, 47585, 99410, 38213, 8919, 48874, 88720]"
120123,"[3106, 12425, 31848, 90437, 101569, 19101, 5995, 80624, 104951, 52225]"
120124,"[41326, 20556, 49883, 85907, 109096, 63756, 34584, 69776, 80559, 73736]"
120125,"[20170, 85193, 79040, 9779, 76547, 27404, 48026, 32297, 91102, 74382]"
120126,"[68960, 62762, 7169, 53583, 19218, 100568, 29483, 58494, 58717, 70020]"
120127,"[107861, 44918, 89105, 36468, 86528, 48958, 66427, 7317, 73252, 70023]"
120128,"[51718, 8198, 93431, 60470, 40142, 45714, 75608, 35757, 42802, 21648]"
120129,"[50990, 106443, 14027, 92244, 104545, 95893, 95471, 44361, 99256, 56688]"
120130,"[36792, 91332, 53113, 7531, 63514, 84086, 10153, 54988, 20999, 42004]"
120131,"[104675, 88561, 77405, 42675, 75689, 6095, 57732, 97169, 105605, 85344]"
120132,"[55430, 85081, 40720, 91812, 86965, 6192, 48285, 29484, 8249, 33522]"
120133,"[2069, 44269, 54661, 3519, 104419, 46974, 84229, 64664, 91846, 25214]"
120134,"[34347, 101034, 16296, 33789, 2525, 71540, 92637, 21041, 68336, 104603]"
120135,"[30195, 40906, 71493, 72432, 21713, 29256, 39465, 72253, 55609, 5361]"
120136,"[30466, 20308, 104182, 81622, 13007, 63905, 68349, 50654, 50570, 5349]"
120137,"[93422, 104350, 73466, 100823, 22070, 18509, 90410, 44317, 24435, 96893]"
120138,"[107394, 38387, 1572, 56545, 96121, 52555, 101306, 86408, 52412, 37433]"
120139,"[57332, 100693, 80215, 107324, 10999, 90840, 72491, 94263, 85623, 23972]"
120140,"[9283, 2147, 95284, 17830, 71108, 34869, 38719, 26591, 57836, 32538]"
120141,"[97311, 58238, 34613, 41972, 35280, 72476, 30964, 88262, 9675, 96478]"
120142,"[37081, 103679, 108491, 41857, 50534, 73207, 54028, 97940, 71380, 90755]"
120143,"[82076, 15335, 37660, 108637, 87313, 32208, 15329, 68250, 65632, 24648]"
120144,"[78920, 96863, 588, 15978, 11791, 99834, 25250, 38254, 5146, 35281]"
120145,"[45816, 5010, 2649, 53073, 93411, 25446, 16635, 108721, 106366, 81542]"
120146,"[107509, 77086, 53312, 85048, 87335, 47383, 6193, 48342, 27953, 68263]"
120147,"[17850, 80455, 51528, 36921, 92620, 104954, 56669, 11237, 41690, 60232]"
120148,"[84998, 99268, 32133, 54309, 29513, 100775, 28337, 96002, 45363, 83901]"
120149,"[10154, 107016, 99269, 54501, 108017, 4491, 13514, 84452, 2827, 11171]"
120150,"[91557, 67153, 5545, 47959, 84187, 34560, 99668, 26974, 92676, 15070]"
120151,"[76285, 20475, 41298, 29879, 44446, 69454, 62802, 14918, 83234, 5532]"
120152,"[92518, 39810, 26102, 107489, 64768, 108078, 13021, 40735, 83877, 103475]"
120153,"[104030, 42943, 108255, 72600, 79888, 75781, 104297, 88222, 26440, 106038]"
120154,"[73151, 22532, 74670, 4291, 95783, 109231, 51520, 30224, 49695, 20253]"
120155,"[95341, 71006, 26111, 50677, 16765, 10763, 50821, 101135, 11479, 6961]"
120156,"[109580, 27132, 18556, 10826, 49556, 85349, 83815, 17826, 100090, 24157]"
120157,"[84825, 88425, 18137, 51782, 44247, 26987, 14157, 66783, 14824, 3910]"
120158,"[26834, 9723, 3990, 9317, 69012, 69678, 28017, 34133, 50687, 12461]"
120159,"[21866, 48202, 53800, 16101, 55546, 54156, 95925, 34593, 9289, 52211]"
120160,"[105988, 82540, 9725, 54660, 97498, 38501, 1049, 64479, 84220, 76336]"
120161,"[61832, 97678, 94580, 240, 61271, 93140, 102556, 2166, 100897, 30779]"
120162,"[95794, 54448, 81966, 36808, 104661, 48431, 83142, 43809, 96773, 53566]"
120163,"[83963, 65759, 106988, 25106, 107050, 66266, 16123, 10726, 13324, 39367]"
120164,"[31555, 20035, 33206, 81623, 18064, 18539, 34402, 7452, 55030, 98666]"
120165,"[86407, 35905, 64364, 88018, 22091, 44537, 106410, 20526, 82, 87450]"
120166,"[75766, 52994, 17149, 34217, 72670, 71629, 16314, 35158, 93956, 53179]"
120167,"[35397, 90159, 14911, 86381, 63028, 103698, 37728, 65184, 103717, 61764]"
120168,"[76772, 20749, 23090, 76693, 46120, 66658, 47858, 18762, 32140, 48015]"
120169,"[36269, 67441, 44724, 67747, 47913, 14269, 100139, 31185, 13648, 79133]"
120170,"[47419, 18805, 10215, 101979, 264, 7408, 86542, 89287, 11520, 53204]"
120171,"[89241, 62746, 38363, 98488, 23619, 101709, 69411, 58707, 89163, 87370]"
120172,"[38216, 34784, 1595, 71970, 81285, 101210, 57601, 68533, 50764, 10007]"
120173,"[54389, 104540, 91834, 32212, 8326, 65777, 53661, 68536, 95607, 62263]"
120174,"[54726, 78196, 78527, 1639, 75881, 60161, 45258, 47904, 27986, 27622]"
120175,"[97068, 102602, 27340, 23862, 4869, 85805, 108970, 91457, 45198, 100819]"
120176,"[75894, 102097, 93710, 20936, 79578, 14621, 80704, 73150, 89468, 8448]"
120177,"[94589, 83275, 13677, 62083, 2749, 47139, 26642, 72752, 13724, 42244]"
120178,"[75533, 100700, 52294, 47866, 108931, 49720, 27491, 102508, 13748, 9394]"
120179,"[31033, 30257, 27493, 65224, 74409, 76629, 65013, 98946, 51246, 73627]"
120180,"[90171, 3410, 9553, 25401, 18973, 57134, 98695, 46230, 108877, 77255]"
120181,"[63043, 62131, 26000, 12081, 60826, 52647, 62677, 100161, 18895, 61747]"
120182,"[59712, 2179, 41403, 105905, 11283, 93384, 16527, 3658, 76277, 95914]"
120183,"[1646, 51451, 65928, 97071, 30496, 18836, 54643, 10556, 57277, 74907]"
120184,"[75626, 104965, 93376, 56817, 75607, 65204, 77741, 64430, 65635, 78264]"
120185,"[107035, 17495, 62521, 53486, 39176, 21472, 17247, 76979, 45339, 32153]"
120186,"[63112, 46373, 92824, 60287, 72391, 45871, 99715, 97527, 5997, 37671]"
120187,"[16547, 89524, 62556, 21877, 105747, 36545, 44451, 19776, 17435, 37278]"
120188,"[70807, 72415, 81885, 84492, 96452, 11379, 30982, 33813, 71552, 56822]"
120189,"[27512, 24321, 80724, 101517, 98811, 29522, 75403, 43788, 41664, 24932]"
120190,"[10363, 45812, 76760, 29010, 7729, 79595, 21152, 20894, 102276, 55272]"
120191,"[27246, 21822, 8378, 8476, 91114, 38580, 27303, 29130, 61546, 106152]"
120192,"[89046, 87558, 74549, 44382, 81484, 64858, 19404, 80189, 64785, 36368]"
120193,"[72423, 102683, 69049, 52713, 61612, 37246, 4721, 15191, 97268, 66853]"
120194,"[86882, 100095, 103671, 66538, 59110, 76634, 36414, 39998, 42719, 8000]"
120195,"[43075, 10844, 37893, 59118, 21281, 28831, 67461, 104388, 90517, 58878]"
120196,"[34607, 96736, 98868, 72194, 103696, 64582, 103827, 77037, 91503, 105878]"
120197,"[105206, 33106, 106866, 104059, 55201, 61264, 21571, 83833, 29970, 6302]"
120198,"[100254, 103792, 67160, 101121, 98694, 21773, 17146, 95310, 9345, 90504]"
120199,"[63521, 60494, 48324, 44170, 73496, 83973, 14123, 84795, 8397, 90810]"
120200,"[17363, 42914, 103905, 97650, 18154, 84654, 10079, 11221, 70276, 38431]"
120201,"[27705, 81443, 24601, 67997, 101395, 106473, 39389, 16546, 73731, 38176]"
120202,"[48116, 5137, 22202, 50321, 93490, 66798, 78426, 57576, 10441, 33851]"
120203,"[74954, 1128, 5654, 38072, 92606, 29878, 73685, 44244, 65892, 53576]"
120204,"[72427, 108009, 7119, 29988, 97515, 22977, 84055, 67632, 108365, 94910]"
120205,"[9734, 103134, 8618, 108335, 102776, 92992, 36117, 49525, 95209, 101545]"
120206,"[74717, 101506, 1940, 1827, 34954, 79609, 95157, 10418, 89442, 51250]"
120207,"[39105, 32637, 92863, 13726, 39761, 105881, 3431, 30920, 33470, 48115]"
120208,"[51732, 21247, 25334, 61770, 14030, 98250, 49027, 75229, 103139, 97341]"
120209,"[53193, 42545, 95454, 12986, 92519, 37913, 98634, 69323, 3767, 14698]"
120210,"[62721, 51202, 14848, 72492, 3740, 8248, 73808, 107187, 51626, 704]"
120211,"[96149, 101878, 100815, 71751, 105508, 35702, 540, 40520, 101053, 23035]"
120212,"[48623, 88152, 100356, 83128, 20165, 100131, 2304, 79464, 54927, 3608]"
120213,"[32413, 66320, 81652, 16121, 8443, 7262, 77025, 99467, 85905, 553]"
120214,"[37171, 19490, 91870, 5642, 87773, 82110, 77114, 33224, 52365, 13008]"
120215,"[88456, 94462, 19943, 12678, 58195, 65598, 84456, 86556, 75239, 28679]"
120216,"[108362, 2964, 2968, 108261, 97204, 70971, 49931, 20202, 12100, 39990]"
120217,"[29814, 41276, 94524, 58832, 13164, 104262, 61912, 12473, 64907, 25089]"
120218,"[61044, 14183, 43179, 96187, 17798, 58933, 101662, 99205, 87418, 66629]"
120219,"[81459, 14258, 20115, 80742, 12434, 104798, 94145, 51427, 1937, 75673]"
120220,"[44781, 33708, 94877, 677, 89428, 106743, 52678, 82305, 36618, 81763]"
120221,"[45449, 20687, 8683, 76742, 81578, 22366, 96148, 28870, 54424, 4170]"
120222,"[26243, 4970, 85349, 99217, 15893, 3130, 4390, 37708, 33670, 10873]"
120223,"[74432, 57417, 63497, 8791, 4868, 20770, 97278, 83403, 70759, 60956]"
120224,"[97541, 57007, 89917, 30007, 96562, 75927, 104389, 40919, 75339, 105655]"
120225,"[16835, 68542, 6529, 83676, 42823, 109020, 50935, 57484, 21578, 82345]"
120226,"[4575, 32658, 6799, 22046, 31291, 63654, 57256, 42787, 105331, 92289]"
120227,"[1262, 2273, 25038, 104328, 60214, 99820, 65864, 76007, 61005, 62816]"
120228,"[71649, 78897, 43110, 101188, 64649, 51633, 10526, 43122, 79379, 77792]"
120229,"[87780, 76819, 29270, 20609, 63788, 51155, 101338, 51247, 41888, 44251]"
120230,"[4625, 58002, 88931, 30567, 24950, 67176, 50118, 4396, 87268, 88911]"
120231,"[55290, 79301, 100319, 88859, 60178, 52454, 100513, 22774, 52764, 93656]"
120232,"[98707, 15348, 24953, 108067, 41091, 97684, 44851, 76802, 19623, 56874]"
120233,"[75162, 71499, 26924, 51786, 35600, 10364, 35021, 76911, 268, 53965]"
120234,"[36988, 4379, 43920, 92834, 99221, 56288, 83189, 31640, 56420, 27581]"
120235,"[93769, 983, 101880, 79510, 88095, 33620, 94344, 36717, 90021, 54312]"
120236,"[1216, 25878, 51120, 103149, 42350, 78130, 47871, 17347, 5864, 84682]"
120237,"[105206, 21571, 6302, 106866, 95467, 73931, 67363, 96158, 7493, 24143]"
120238,"[19901, 76465, 81253, 85840, 20965, 89969, 73552, 106921, 13933, 9924]"
120239,"[4013, 43297, 66571, 66327, 26785, 45665, 92949, 20573, 10941, 517]"
120240,"[10607, 5697, 11959, 20846, 67062, 61182, 11046, 49808, 28956, 57053]"
120241,"[56703, 17248, 51335, 44976, 97112, 109554, 103871, 41326, 53964, 15360]"
120242,"[108229, 49560, 52052, 30017, 63052, 65161, 87421, 77351, 74191, 17412]"
120243,"[15057, 46818, 36256, 86591, 39121, 38639, 50462, 40216, 60802, 34616]"
120244,"[75986, 90127, 22662, 109484, 73402, 35426, 27592, 72231, 17126, 78076]"
120245,"[22268, 59978, 87280, 10593, 93995, 71949, 91793, 52091, 14867, 28908]"
120246,"[63539, 82491, 25501, 34542, 71012, 48113, 28423, 54972, 108819, 52137]"
120247,"[18717, 42911, 66276, 2762, 83520, 32287, 59748, 47525, 93929, 89180]"
120248,"[53285, 73367, 21552, 35962, 41169, 14339, 107228, 90093, 83947, 37882]"
120249,"[72370, 51251, 58298, 92796, 104393, 17565, 86181, 13000, 63520, 96054]"
120250,"[2556, 22175, 46826, 12797, 79215, 24714, 28554, 11565, 82776, 57086]"
120251,"[31453, 46024, 14466, 34952, 15058, 102516, 49240, 87732, 62044, 65697]"
120252,"[81409, 58781, 1567, 62593, 16866, 108654, 21854, 72397, 76201, 106887]"
120253,"[94894, 23702, 9055, 50190, 15733, 79106, 76982, 91068, 12941, 104875]"
120254,"[50470, 55640, 101140, 107255, 74873, 54018, 30728, 105263, 55684, 100701]"
120255,"[105129, 23888, 78615, 17414, 75428, 90653, 77027, 32594, 28498, 25812]"
120256,"[78587, 67771, 33011, 30733, 28925, 9486, 26411, 82882, 68425, 5802]"
120257,"[24608, 17229, 102327, 57744, 62553, 88321, 42812, 23637, 59562, 31411]"
120258,"[85047, 73455, 90733, 69344, 58610, 27765, 54051, 52443, 83084, 43175]"
120259,"[76677, 361, 81911, 75935, 74543, 27821, 32051, 52218, 57898, 31195]"
120260,"[2741, 55197, 14128, 27411, 61361, 70189, 77046, 78562, 75129, 6968]"
120261,"[66214, 39657, 5428, 36114, 42796, 47353, 18138, 5186, 91094, 65060]"
120262,"[33439, 19490, 67488, 98185, 48637, 33777, 25040, 66945, 87007, 93298]"
120263,"[406, 95783, 39434, 23061, 93662, 12536, 3804, 44391, 14977, 12301]"
120264,"[81925, 99543, 23799, 12921, 79697, 99188, 82238, 77197, 107137, 42909]"
120265,"[3300, 51351, 47671, 76486, 30198, 66180, 6165, 107889, 47588, 61875]"
120266,"[6449, 26311, 103078, 73039, 70646, 12144, 7818, 15328, 76150, 25765]"
120267,"[91812, 48285, 105541, 29484, 55430, 85081, 33522, 40720, 86965, 13326]"
120268,"[37235, 29134, 86618, 75487, 11763, 29160, 258, 67676, 88001, 29407]"
120269,"[97881, 60070, 86135, 70541, 100501, 12847, 86110, 12937, 45317, 8247]"
120270,"[9994, 18197, 21064, 7744, 25593, 754, 76954, 34626, 101716, 75439]"
120271,"[24181, 21892, 10891, 11910, 33791, 35680, 19461, 70082, 76762, 1070]"
120272,"[31587, 36852, 78585, 21784, 93767, 56606, 27107, 43166, 29661, 55394]"
120273,"[92069, 24141, 105014, 55274, 25865, 81446, 48202, 17725, 4290, 70868]"
120274,"[59025, 81580, 7829, 42078, 2121, 108127, 39791, 61275, 97252, 31068]"
120275,"[91891, 108817, 26925, 9804, 96449, 94259, 55610, 48632, 91400, 104064]"
120276,"[30979, 68511, 25792, 24746, 45061, 100099, 72206, 90800, 23343, 14456]"
120277,"[92649, 59695, 10907, 76317, 73231, 81135, 28639, 74754, 1021, 29561]"
120278,"[82639, 109261, 68844, 72837, 99116, 60804, 23128, 20848, 98025, 40060]"
120279,"[102271, 40091, 106669, 33955, 93600, 7151, 65527, 94052, 83394, 7224]"
120280,"[68538, 96977, 3987, 9636, 97571, 13606, 104655, 29669, 39403, 89967]"
120281,"[14476, 65778, 19339, 10158, 86857, 100907, 64957, 46791, 18063, 104071]"
120282,"[98593, 22783, 96844, 82122, 4938, 63960, 53607, 53454, 32006, 38846]"
120283,"[56039, 18651, 83090, 89300, 80050, 3997, 107693, 81931, 108866, 91736]"
120284,"[92668, 51844, 65667, 44018, 77627, 17172, 39328, 95644, 24303, 13984]"
120285,"[40208, 62123, 98272, 3513, 63538, 17928, 34799, 69064, 82683, 12718]"
120286,"[18280, 11444, 60752, 47631, 69735, 101256, 75965, 9089, 8047, 37566]"
120287,"[61697, 39669, 45273, 42317, 89169, 60975, 108891, 44583, 38281, 100394]"
120288,"[107217, 639, 83554, 54347, 75961, 29925, 35926, 67316, 71831, 55876]"
120289,"[57645, 1597, 38082, 98892, 9024, 97684, 10808, 21829, 33472, 107322]"
120290,"[38496, 103634, 55560, 7809, 109557, 67201, 20534, 103421, 743, 23446]"
120291,"[29421, 101267, 23209, 41185, 21717, 68422, 106030, 27295, 63557, 4720]"
120292,"[86963, 55378, 89039, 99606, 75195, 27147, 107940, 103896, 84692, 18581]"
120293,"[50280, 23930, 23526, 33318, 1432, 93970, 49987, 52708, 97522, 84380]"
120294,"[9914, 871, 99399, 63703, 26254, 49334, 80867, 61254, 80302, 18184]"
120295,"[86482, 4781, 10913, 27293, 70577, 98251, 79178, 13108, 92503, 71381]"
120296,"[56882, 105442, 829, 2215, 2127, 48469, 99045, 79481, 108118, 4133]"
120297,"[67901, 92681, 47426, 73109, 62880, 31508, 45676, 94895, 70343, 58730]"
120298,"[92383, 34339, 18579, 46809, 17420, 55795, 30877, 78827, 77565, 109297]"
120299,"[82845, 87584, 81628, 106986, 72579, 11612, 89592, 21239, 85159, 50861]"
120300,"[75754, 109714, 60688, 61175, 27118, 26798, 8829, 64394, 12391, 58056]"
120301,"[25649, 77054, 30775, 53440, 11848, 60020, 74190, 41539, 62940, 77452]"
120302,"[79561, 48197, 101904, 90511, 81213, 19789, 8555, 36529, 96009, 55862]"
120303,"[78258, 48336, 107229, 21620, 83400, 47470, 21437, 93523, 107443, 79963]"
120304,"[8047, 12990, 79544, 101256, 75965, 48523, 74541, 88228, 99285, 70168]"
120305,"[44276, 76262, 21088, 75983, 1353, 70602, 31150, 7210, 10129, 108793]"
120306,"[13527, 82243, 18167, 35325, 106002, 83856, 105515, 61417, 104132, 31202]"
120307,"[35907, 62961, 100655, 72724, 23780, 70219, 85434, 76472, 50479, 40842]"
120308,"[15558, 8224, 51569, 44158, 59393, 34565, 51656, 72363, 59894, 98174]"
120309,"[64373, 41728, 4503, 94420, 51302, 103322, 61687, 44741, 63782, 33463]"
120310,"[51364, 30008, 92045, 13341, 106951, 37956, 76788, 109160, 82951, 30937]"
120311,"[37116, 53872, 103556, 13763, 68686, 109665, 5487, 65599, 71093, 25209]"
120312,"[36206, 84356, 76576, 61630, 10591, 67161, 21162, 53151, 78781, 101824]"
120313,"[45565, 105324, 515, 18149, 23330, 69552, 10280, 70707, 46972, 98471]"
120314,"[25248, 81691, 44669, 82692, 25502, 55947, 85467, 96719, 107654, 20427]"
120315,"[94485, 23827, 87985, 57420, 33976, 107727, 41192, 99054, 11819, 81579]"
120316,"[18490, 88640, 57578, 3169, 54494, 61362, 6351, 76384, 58285, 14860]"
120317,"[12026, 5963, 9237, 51891, 24168, 48026, 87324, 51229, 8826, 69483]"
120318,"[72204, 14350, 76455, 106782, 20267, 77389, 97719, 95696, 15726, 50040]"
120319,"[63400, 98808, 26706, 59830, 47404, 97136, 299, 72269, 7373, 103221]"
120320,"[102237, 45470, 49141, 1132, 10011, 36818, 56529, 74292, 12181, 96905]"
120321,"[53991, 100268, 50753, 69056, 78968, 8535, 82200, 52910, 3698, 15454]"
120322,"[97802, 12901, 31740, 25149, 67527, 47492, 7663, 78535, 87117, 57875]"
120323,"[67008, 29067, 30329, 42360, 89310, 81512, 11696, 54804, 51412, 58961]"
120324,"[89826, 20559, 54151, 54525, 36177, 90780, 96445, 38291, 95285, 16471]"
120325,"[108864, 96021, 62455, 38445, 103940, 106589, 69828, 94475, 40611, 8833]"
120326,"[69986, 28971, 20789, 84712, 103159, 100079, 24894, 19174, 26506, 82007]"
120327,"[48134, 77023, 27710, 43027, 26139, 101247, 63279, 43320, 5947, 49639]"
120328,"[59801, 45823, 10861, 82719, 26226, 16817, 35683, 6591, 5557, 77449]"
120329,"[77075, 72497, 80966, 38065, 12838, 83950, 23454, 35681, 22290, 3397]"
120330,"[109420, 76014, 48129, 75858, 23898, 59810, 107888, 17280, 15419, 67864]"
120331,"[10246, 93106, 49659, 10126, 44228, 49741, 101960, 6826, 38166, 68571]"
120332,"[79042, 85569, 48578, 47223, 59625, 100697, 98677, 96635, 104672, 28102]"
120333,"[99349, 88423, 108862, 49494, 1606, 32099, 30736, 57609, 64908, 54268]"
120334,"[39162, 49138, 73305, 81891, 55101, 39112, 96063, 9186, 17748, 99536]"
120335,"[45848, 10904, 80795, 61876, 5552, 38761, 91153, 50707, 73406, 47922]"
120336,"[4391, 8883, 81168, 82857, 16389, 73825, 56535, 60200, 30897, 35709]"
120337,"[61276, 93609, 81620, 66216, 102938, 23833, 88854, 2118, 67595, 35567]"
120338,"[79928, 7579, 56604, 105585, 75681, 41223, 76302, 8819, 47291, 53229]"
120339,"[81279, 57056, 88986, 46015, 90032, 107969, 72727, 17654, 37217, 16564]"
120340,"[70537, 96296, 17417, 76591, 63495, 3215, 52926, 80567, 98126, 16630]"
120341,"[80122, 47858, 18762, 45519, 87839, 33057, 61324, 24402, 37804, 2727]"
120342,"[1933, 35306, 612, 97143, 99262, 31217, 39102, 76497, 9450, 11470]"
120343,"[73598, 16204, 56058, 96586, 95396, 156, 74010, 76571, 35705, 63428]"
120344,"[94312, 70783, 57406, 23418, 11253, 33434, 106300, 80, 19011, 41817]"
120345,"[35136, 70240, 100992, 55461, 38837, 47053, 6525, 9090, 63257, 1413]"
120346,"[22735, 41152, 106476, 91888, 65820, 28988, 20772, 77537, 73771, 58364]"
120347,"[9937, 93181, 67876, 108491, 22746, 66466, 60919, 90755, 73751, 33479]"
120348,"[54537, 52900, 10865, 53573, 63784, 3692, 27263, 89221, 75996, 64788]"
120349,"[101850, 4588, 103112, 43960, 61992, 41884, 25968, 109385, 72369, 50035]"
120350,"[72636, 53139, 44771, 10494, 67358, 11319, 98810, 64809, 57233, 23589]"
120351,"[17231, 103059, 13218, 29774, 40518, 89646, 15082, 33925, 107055, 72500]"
120352,"[15652, 53662, 95122, 72100, 21220, 109521, 109394, 106879, 98934, 84687]"
120353,"[8064, 29983, 84532, 88650, 91113, 12842, 22092, 40160, 107527, 70526]"
120354,"[50488, 88084, 59923, 84133, 90241, 68602, 98407, 63407, 76720, 50152]"
120355,"[54374, 47908, 11963, 96870, 60504, 15424, 30219, 6729, 21785, 4318]"
120356,"[84933, 46449, 63580, 49175, 66252, 10140, 52965, 79747, 43051, 108621]"
120357,"[15974, 83375, 86653, 88963, 102372, 22914, 103240, 67572, 1062, 44707]"
120358,"[83595, 22383, 55860, 78439, 95108, 99458, 54457, 27059, 56046, 103007]"
120359,"[82017, 23896, 45328, 37935, 69430, 91879, 2676, 16984, 106658, 30149]"
120360,"[55335, 61520, 64490, 2747, 24397, 78522, 34659, 108828, 55349, 26890]"
120361,"[16107, 28803, 73503, 97134, 28084, 85914, 37132, 24737, 96013, 2175]"
120362,"[89543, 78073, 99108, 105793, 26208, 77508, 54330, 80023, 2037, 56194]"
120363,"[57462, 16682, 95740, 80530, 60706, 4762, 16619, 55253, 67561, 79942]"
120364,"[16067, 19880, 10979, 1912, 51260, 41033, 6876, 13370, 65024, 57704]"
120365,"[96290, 55082, 22666, 68618, 16066, 8832, 13581, 84517, 27177, 80464]"
120366,"[40311, 57632, 23825, 95197, 19355, 20902, 102669, 79026, 59617, 97105]"
120367,"[72353, 71257, 89357, 38218, 57123, 101278, 44359, 25625, 104651, 79793]"
120368,"[69413, 33241, 14718, 74533, 79579, 69786, 52043, 56186, 50255, 81245]"
120369,"[49817, 33586, 9323, 16763, 21231, 102005, 35842, 6773, 61070, 8699]"
120370,"[77199, 34728, 1700, 107997, 6921, 17457, 16460, 37574, 94481, 78592]"
120371,"[108769, 22468, 64440, 99647, 103613, 96394, 14319, 57961, 17740, 101490]"
120372,"[70194, 91077, 85214, 11264, 77389, 21986, 89701, 16064, 101435, 59575]"
120373,"[24554, 86808, 12918, 57436, 5528, 18528, 5990, 51568, 21592, 8730]"
120374,"[69621, 8932, 9251, 24707, 78108, 50107, 16371, 37826, 38058, 15513]"
120375,"[6512, 29464, 88314, 73072, 104331, 106450, 101686, 66458, 17409, 45719]"
120376,"[7779, 1475, 24769, 78388, 30899, 16951, 56243, 8870, 59558, 2648]"
120377,"[34728, 65417, 17457, 42189, 91492, 106799, 92374, 102625, 80332, 15008]"
120378,"[66873, 43270, 82690, 31099, 7588, 14309, 102521, 37893, 22029, 16520]"
120379,"[5556, 86180, 54763, 105064, 1691, 88129, 83800, 68944, 62045, 30250]"
120380,"[8595, 38287, 90851, 27194, 56578, 108065, 101516, 27275, 86100, 67396]"
120381,"[45322, 61380, 56753, 42351, 92369, 33064, 79751, 72514, 96460, 18445]"
120382,"[39426, 85601, 75493, 30443, 99211, 108588, 30624, 97098, 28923, 70028]"
120383,"[11613, 34494, 100956, 77438, 101207, 98005, 39158, 6891, 97181, 74587]"
120384,"[82433, 104457, 63323, 23322, 12360, 2598, 32996, 41811, 26023, 57520]"
120385,"[36282, 124, 2157, 109448, 80664, 87368, 70484, 62499, 94310, 35591]"
120386,"[102811, 47718, 81003, 105336, 69329, 64569, 69479, 46811, 53315, 66960]"
120387,"[26199, 37505, 77006, 62133, 92812, 67767, 29225, 3089, 52790, 9566]"
120388,"[81964, 87607, 22803, 67481, 10549, 70846, 84564, 11604, 49669, 42630]"
120389,"[28422, 1367, 21724, 27955, 95136, 74584, 17840, 55597, 7356, 91103]"
120390,"[43236, 51136, 32987, 4618, 28961, 79956, 66219, 34136, 68229, 57556]"
120391,"[74228, 30085, 102351, 101497, 56627, 52997, 66384, 51038, 49045, 40236]"
120392,"[35864, 96229, 33608, 3442, 93793, 24232, 20621, 53270, 3386, 93882]"
120393,"[34815, 32871, 87152, 108256, 98910, 86893, 28499, 85646, 14546, 78938]"
120394,"[62048, 44048, 18469, 88744, 86793, 68660, 72502, 17373, 68811, 74864]"
120395,"[45529, 12200, 14307, 86502, 22268, 38325, 99581, 46816, 45473, 52091]"
120396,"[109575, 21775, 31801, 97583, 109572, 80044, 26002, 95343, 97473, 26522]"
120397,"[67935, 93088, 4701, 45264, 15312, 42409, 77410, 42187, 85029, 21383]"
120398,"[34843, 4351, 49366, 6597, 15840, 72084, 107248, 60838, 80495, 2840]"
120399,"[18241, 16941, 23117, 38285, 92687, 77529, 65499, 23667, 60949, 69916]"
120400,"[76573, 52116, 61325, 75160, 27401, 64337, 90814, 91798, 50875, 42051]"
120401,"[5873, 40195, 75738, 93780, 5320, 43351, 60735, 34719, 76568, 33173]"
120402,"[92155, 65594, 73230, 91146, 81737, 54336, 105086, 18594, 12366, 5240]"
120403,"[67389, 34738, 106095, 80183, 4824, 96549, 70655, 57776, 43869, 56390]"
120404,"[21689, 7997, 35945, 12010, 65427, 90247, 27802, 13037, 92420, 100817]"
120405,"[26705, 9154, 70392, 12245, 57080, 65819, 103874, 49681, 87886, 62483]"
120406,"[6319, 101508, 2000, 4057, 25175, 45302, 50476, 56971, 7051, 88254]"
120407,"[68442, 25488, 16586, 81570, 24936, 27586, 52976, 103409, 19496, 29533]"
120408,"[16885, 29590, 32475, 81298, 63242, 58322, 24841, 3702, 92916, 48726]"
120409,"[100817, 103044, 57542, 15015, 51148, 26845, 13037, 101373, 27802, 11555]"
120410,"[57640, 38254, 48468, 73203, 43986, 55829, 98250, 25250, 5146, 75229]"
120411,"[32207, 98725, 26345, 28717, 58120, 7310, 68964, 29753, 6251, 17415]"
120412,"[8152, 39848, 11761, 105540, 108210, 59289, 34446, 42662, 94577, 52409]"
120413,"[50480, 108405, 30155, 59776, 26563, 956, 107919, 6000, 8907, 108523]"
120414,"[11447, 68255, 37630, 107762, 86300, 40531, 3498, 68114, 80679, 78841]"
120415,"[23131, 26879, 50540, 1573, 4067, 66629, 101670, 424, 61163, 18129]"
120416,"[45308, 29840, 103920, 53257, 91965, 101168, 51792, 77090, 34071, 74534]"
120417,"[95459, 77777, 92069, 26635, 26973, 46657, 49459, 37883, 9490, 63631]"
120418,"[40746, 58479, 56139, 19791, 22957, 37398, 108903, 45696, 91314, 92556]"
120419,"[69896, 11508, 34622, 46356, 34733, 8907, 36632, 7374, 82969, 35627]"
120420,"[72254, 79701, 28640, 107953, 59541, 19897, 2851, 87343, 44274, 54233]"
120421,"[73052, 100829, 16435, 58772, 44965, 5499, 48865, 9048, 62164, 104033]"
120422,"[64290, 89989, 88917, 1314, 13676, 26747, 50664, 86156, 65233, 65063]"
120423,"[69935, 39497, 97289, 82534, 29172, 36641, 79219, 57529, 26383, 49218]"
120424,"[65384, 24806, 55267, 36707, 1105, 93422, 50721, 40238, 11156, 23660]"
120425,"[45803, 40378, 73118, 93482, 36802, 103632, 74385, 14737, 15423, 16724]"
120426,"[94744, 105889, 62839, 72555, 72441, 75566, 38312, 73760, 54849, 86064]"
120427,"[46828, 87430, 36620, 64070, 77301, 33663, 51857, 14322, 69119, 86037]"
120428,"[41654, 60510, 5959, 9561, 92121, 87410, 23373, 42689, 58105, 71746]"
120429,"[7986, 25701, 98504, 72926, 63760, 10295, 19688, 91623, 74714, 100805]"
120430,"[26647, 21342, 1700, 65417, 103312, 47289, 102678, 31489, 86102, 107997]"
120431,"[61603, 73672, 64617, 101096, 24795, 24970, 84897, 76552, 83715, 93738]"
120432,"[60249, 63726, 52711, 55934, 4432, 71052, 37186, 1810, 99447, 55366]"
120433,"[71233, 39266, 78069, 55870, 16487, 58825, 41040, 56754, 47488, 85159]"
120434,"[76442, 109641, 34429, 47108, 71473, 30867, 23275, 45784, 90974, 3679]"
120435,"[67780, 52616, 28335, 68369, 27400, 31615, 94247, 97379, 87010, 17080]"
120436,"[59149, 60555, 88605, 55673, 40168, 14907, 60151, 10619, 7603, 92451]"
120437,"[34009, 42191, 72761, 79268, 96039, 105034, 71096, 26270, 72292, 109060]"
120438,"[74908, 25374, 65666, 77128, 92966, 74668, 64708, 99015, 79387, 57252]"
120439,"[5742, 15554, 100339, 49704, 33425, 19556, 99549, 97773, 19923, 63630]"
120440,"[28907, 6386, 1986, 99396, 103466, 89403, 30047, 37969, 28416, 47080]"
120441,"[82685, 97239, 75719, 1818, 499, 8706, 26745, 100795, 89364, 88964]"
120442,"[45697, 19800, 4816, 80867, 65272, 104145, 11789, 85729, 81855, 85657]"
120443,"[16546, 61218, 81443, 67997, 48037, 63472, 984, 73731, 57551, 98943]"
120444,"[17125, 72922, 12673, 23636, 23996, 104156, 29708, 63509, 55698, 33958]"
120445,"[60441, 58486, 75134, 92088, 2877, 57751, 23833, 72199, 108214, 73394]"
120446,"[55138, 16321, 15634, 82563, 77346, 79529, 7623, 3969, 76816, 41540]"
120447,"[33441, 73712, 92395, 26479, 89643, 13892, 19667, 69375, 82647, 81171]"
120448,"[4974, 10816, 29632, 14584, 5776, 53436, 76717, 3710, 100056, 106594]"
120449,"[56261, 73903, 94248, 21396, 86830, 104907, 81757, 28861, 27500, 90227]"
120450,"[27012, 45354, 21889, 81833, 30243, 94219, 95838, 65833, 83216, 35714]"
120451,"[24754, 14485, 99900, 2993, 40312, 30118, 69393, 109761, 12611, 88262]"
120452,"[34988, 55456, 11241, 99631, 40679, 43939, 59256, 108897, 88075, 47990]"
120453,"[81606, 70178, 13683, 63201, 23134, 21249, 95076, 1641, 53557, 28034]"
120454,"[37749, 107031, 12102, 105769, 31433, 95554, 77436, 38762, 88559, 99915]"
120455,"[55864, 104947, 72020, 59602, 104010, 13284, 47790, 71390, 98131, 92206]"
120456,"[79999, 103433, 59958, 88352, 17072, 37018, 71615, 81038, 32843, 11247]"
120457,"[36588, 75658, 108222, 33641, 62244, 108045, 77494, 28099, 47663, 88392]"
120458,"[92247, 61805, 105506, 65367, 9639, 12387, 19414, 60946, 64241, 103777]"
120459,"[3512, 106642, 64851, 50664, 65063, 1314, 99348, 64290, 79565, 41501]"
120460,"[21561, 91095, 46082, 101756, 27842, 41533, 23678, 59860, 67798, 15551]"
120461,"[58915, 43861, 90014, 61356, 90754, 9213, 82108, 71556, 33652, 13026]"
120462,"[14939, 39141, 74898, 42798, 106843, 89112, 22537, 38225, 28107, 6838]"
120463,"[31097, 70888, 36027, 102207, 69096, 89739, 40547, 58654, 48496, 25999]"
120464,"[107649, 75961, 35926, 20409, 13678, 84696, 23397, 63106, 108448, 63108]"
120465,"[96266, 17342, 46121, 65657, 67867, 95575, 89722, 6530, 76145, 69280]"
120466,"[61927, 6827, 26720, 74309, 104424, 56649, 23020, 44125, 105709, 48892]"
120467,"[108493, 37538, 67832, 92554, 104463, 13952, 52011, 80522, 84504, 7003]"
120468,"[24637, 19567, 86705, 88718, 35731, 89319, 41590, 50130, 73589, 71364]"
120469,"[69936, 94402, 19158, 95829, 91947, 86842, 94044, 37506, 75044, 71577]"
120470,"[35046, 69331, 82976, 23038, 58634, 46886, 10154, 13514, 99269, 88103]"
120471,"[70966, 6993, 83141, 32180, 29803, 46897, 34164, 73281, 30301, 80675]"
120472,"[98437, 40733, 47911, 70359, 77969, 84956, 61318, 42273, 63139, 94413]"
120473,"[34083, 19534, 32585, 35192, 5062, 35536, 61680, 18681, 98767, 25287]"
120474,"[64088, 88030, 46526, 50339, 44987, 96947, 20619, 79750, 31536, 31823]"
120475,"[92398, 12469, 101603, 88711, 988, 4060, 46942, 102591, 87642, 80917]"
120476,"[54757, 21397, 15486, 74962, 54116, 46537, 56187, 45571, 77294, 18289]"
120477,"[86247, 88995, 83854, 20199, 100609, 48522, 77725, 80398, 77047, 4158]"
120478,"[59734, 76104, 62597, 106834, 15243, 77131, 105938, 3721, 35074, 67623]"
120479,"[23139, 34121, 37354, 103923, 76939, 78125, 32536, 32532, 107737, 22871]"
120480,"[94491, 74748, 98166, 10121, 30816, 23303, 62709, 75640, 23918, 52929]"
120481,"[27872, 104588, 74389, 99534, 25380, 5095, 31428, 33290, 14191, 27709]"
120482,"[39196, 87127, 39824, 80053, 41253, 39111, 83495, 75977, 81365, 49372]"
120483,"[77061, 108921, 102603, 94093, 86515, 74487, 44573, 95967, 40298, 19542]"
120484,"[95612, 53762, 34600, 57219, 83897, 63902, 51400, 97348, 105940, 43517]"
120485,"[18584, 80859, 42996, 87048, 45046, 50374, 106008, 76970, 107109, 62170]"
120486,"[68590, 109433, 108300, 50477, 23032, 108856, 88005, 54488, 97, 22773]"
120487,"[29474, 73936, 72050, 106502, 21419, 40405, 60106, 6143, 86834, 33963]"
120488,"[91135, 104971, 67775, 49133, 24829, 34033, 93614, 100475, 93725, 35552]"
120489,"[81551, 20562, 19478, 44541, 79021, 5174, 56062, 51754, 98566, 20862]"
120490,"[44462, 105429, 39744, 41249, 97425, 43968, 14382, 1023, 52202, 28308]"
120491,"[49894, 72848, 60047, 28030, 41058, 27504, 27296, 103145, 91242, 109361]"
120492,"[67173, 104992, 42222, 85840, 109501, 52499, 31749, 25459, 86966, 87182]"
120493,"[54378, 4302, 74330, 37968, 47030, 84738, 76376, 81816, 60391, 107633]"
120494,"[66641, 106347, 102994, 26291, 28958, 42501, 48570, 101280, 65718, 74335]"
120495,"[105374, 82208, 102601, 58184, 77155, 67523, 16951, 56243, 79958, 100675]"
120496,"[19581, 41573, 78694, 80408, 25634, 42640, 75688, 80039, 65235, 29508]"
120497,"[25608, 62028, 51067, 108497, 99544, 41918, 59295, 56012, 52000, 1053]"
120498,"[39815, 107761, 90616, 59550, 32835, 81938, 16865, 75374, 33210, 12418]"
120499,"[35754, 19520, 73309, 51684, 79174, 16197, 72690, 55468, 34921, 80887]"
120500,"[45248, 54266, 3352, 19122, 13825, 21812, 52127, 33858, 10341, 93798]"
120501,"[88429, 36958, 89520, 40979, 71807, 94528, 58739, 79760, 4886, 95062]"
120502,"[74136, 107525, 51892, 98466, 88326, 12548, 87102, 13117, 77862, 51952]"
120503,"[10019, 46480, 102142, 95999, 123, 104853, 89488, 50006, 71078, 109197]"
120504,"[104331, 64890, 27529, 104867, 12922, 18526, 88314, 69161, 98388, 653]"
120505,"[20363, 70542, 40446, 52385, 85500, 8944, 56048, 109644, 27363, 42976]"
120506,"[79397, 69024, 18365, 95052, 22455, 63615, 60946, 61155, 10837, 50596]"
120507,"[63339, 57535, 7425, 84277, 83081, 12028, 58051, 31651, 41530, 83472]"
120508,"[13480, 3157, 10685, 44573, 19337, 95967, 47534, 40298, 36752, 86349]"
120509,"[34555, 1032, 37248, 76688, 59928, 103751, 71523, 30956, 43291, 108372]"
120510,"[38112, 86151, 33131, 53876, 39905, 33217, 34351, 66300, 51960, 51786]"
120511,"[75469, 62428, 56409, 90342, 97523, 32399, 99056, 11446, 73290, 24958]"
120512,"[55547, 108989, 57176, 35192, 53109, 38644, 61680, 26780, 97182, 46845]"
120513,"[96725, 74332, 74330, 79809, 4302, 67907, 53940, 91634, 4415, 97355]"
120514,"[25459, 31749, 23058, 35927, 96079, 51293, 1255, 3864, 88257, 72687]"
120515,"[79763, 27360, 51958, 35385, 27049, 779, 62264, 48634, 106935, 97210]"
120516,"[57518, 21440, 27109, 56106, 46884, 4889, 25639, 6091, 63302, 63207]"
120517,"[59284, 23359, 6562, 90446, 56742, 10691, 72216, 37198, 89008, 103205]"
120518,"[14697, 14910, 64165, 32745, 968, 87573, 3573, 46647, 14493, 50457]"
120519,"[52787, 15037, 36724, 89554, 84275, 108724, 66887, 87602, 10586, 10986]"
120520,"[98887, 15473, 57610, 72314, 88705, 17605, 42855, 74570, 7932, 105532]"
120521,"[75254, 11666, 56906, 62866, 82290, 79282, 23566, 23211, 81127, 95414]"
120522,"[64684, 66867, 63896, 102230, 54464, 49868, 61964, 40464, 58910, 44960]"
120523,"[18983, 32691, 45609, 99762, 106218, 55324, 52203, 44242, 4270, 75921]"
120524,"[65280, 88677, 77228, 90012, 78195, 83282, 293, 86806, 63005, 64951]"
120525,"[43638, 94994, 23436, 55197, 25622, 17773, 5690, 85483, 57954, 91509]"
120526,"[16306, 42407, 21450, 80937, 6257, 20991, 16786, 48147, 67530, 34967]"
120527,"[28653, 5249, 95370, 80409, 92291, 106420, 65268, 53546, 86806, 81041]"
120528,"[67664, 76241, 38410, 51290, 57318, 106403, 51734, 28839, 5529, 54834]"
120529,"[105639, 83538, 102967, 79458, 2505, 59906, 99019, 90022, 53793, 99465]"
120530,"[63325, 7406, 85571, 17622, 24533, 71839, 105449, 60412, 98829, 25807]"
120531,"[72574, 56056, 73341, 75621, 36269, 3785, 97590, 69461, 24602, 8168]"
120532,"[101085, 84994, 89051, 41893, 20446, 40949, 93415, 27422, 37563, 50686]"
120533,"[104623, 10715, 1979, 92657, 9959, 91605, 1566, 80272, 36527, 12700]"
120534,"[26048, 14472, 47375, 54321, 40325, 16093, 49320, 2583, 48313, 59863]"
120535,"[39528, 104621, 15670, 2038, 71744, 105806, 41962, 33055, 21046, 16336]"
120536,"[45785, 64222, 37619, 92592, 74125, 50370, 105333, 58293, 18496, 21790]"
120537,"[74342, 6346, 28593, 28330, 38861, 74270, 62490, 94288, 107916, 84878]"
120538,"[59354, 90616, 33210, 3214, 41828, 51645, 56339, 93910, 4994, 68718]"
120539,"[55061, 94365, 96202, 100946, 90039, 2515, 98673, 25627, 39518, 100918]"
120540,"[80223, 18953, 60417, 54210, 9671, 31495, 29982, 68082, 60583, 50527]"
120541,"[85796, 99997, 44500, 79425, 76739, 25344, 71964, 69176, 18635, 98096]"
120542,"[49389, 76277, 2464, 105905, 72166, 49816, 85002, 101535, 25052, 1597]"
120543,"[3901, 1761, 66337, 96384, 70690, 67645, 104556, 84618, 38344, 59279]"
120544,"[83800, 70626, 2785, 54763, 84108, 19953, 99204, 35137, 30250, 51263]"
120545,"[91123, 62683, 51139, 8667, 83397, 9849, 76779, 64274, 92564, 94409]"
120546,"[60466, 60915, 39387, 93851, 59081, 98222, 38152, 73464, 31569, 100211]"
120547,"[5789, 93505, 96526, 76326, 62113, 76009, 25971, 38782, 60379, 77554]"
120548,"[13328, 94785, 43760, 84969, 81841, 51969, 61981, 105960, 5670, 41290]"
120549,"[98151, 45163, 11505, 96045, 74884, 93387, 28284, 89702, 61224, 8034]"
120550,"[68936, 106490, 75613, 67475, 22000, 45615, 49342, 73818, 84256, 5808]"
120551,"[97961, 20747, 2385, 83752, 69566, 64705, 55187, 90094, 15364, 82919]"
120552,"[16815, 18523, 54650, 21981, 23754, 56103, 53396, 10516, 11198, 61816]"
120553,"[84064, 66502, 33175, 86580, 84368, 78945, 4273, 83599, 94140, 45759]"
120554,"[59547, 68948, 21050, 17670, 41311, 4167, 42837, 60312, 24830, 102782]"
120555,"[6813, 31372, 93072, 77129, 95066, 55356, 52838, 47715, 14989, 82865]"
120556,"[44091, 38903, 4237, 109254, 52683, 22933, 54313, 77004, 16853, 60865]"
120557,"[29742, 90400, 63008, 94483, 92174, 41034, 21912, 109480, 41925, 38607]"
120558,"[16178, 38706, 4744, 58789, 15668, 70900, 15321, 109210, 66764, 50276]"
120559,"[63114, 51140, 92045, 4440, 87210, 64228, 105732, 60842, 17020, 26486]"
120560,"[44008, 17075, 104864, 12934, 83892, 26137, 37513, 83295, 103627, 92425]"
120561,"[27105, 35364, 98197, 85513, 30299, 106485, 51450, 44188, 77262, 70034]"
120562,"[99381, 41, 76865, 57450, 68532, 7036, 23015, 86069, 41115, 44968]"
120563,"[44625, 65448, 33675, 48589, 47031, 12654, 107702, 87644, 64099, 33857]"
120564,"[63805, 80739, 26888, 109298, 31909, 43703, 63660, 36694, 18871, 30226]"
120565,"[23342, 58501, 46349, 91774, 107899, 25161, 41895, 16661, 7532, 105357]"
120566,"[52598, 37957, 27065, 67068, 29599, 35380, 57052, 95906, 56939, 41909]"
120567,"[76294, 26855, 87744, 75089, 53592, 86188, 35673, 31847, 42346, 108113]"
120568,"[10490, 8190, 98463, 94827, 15283, 109305, 34484, 45064, 50069, 35815]"
120569,"[47111, 105140, 82935, 96761, 72940, 92828, 54999, 33343, 106033, 29993]"
120570,"[97700, 34914, 23805, 53795, 43634, 76862, 94176, 66645, 33876, 9862]"
120571,"[63167, 59560, 103710, 31266, 62428, 5842, 30825, 102176, 63617, 2356]"
120572,"[47100, 72279, 30947, 10949, 76663, 27906, 3509, 84797, 81773, 30263]"
120573,"[60700, 101423, 90016, 18560, 97525, 92398, 89705, 100815, 100530, 108801]"
120574,"[74434, 25644, 46078, 107279, 41469, 94542, 103406, 31172, 105490, 52987]"
120575,"[26501, 54900, 12666, 33054, 19247, 5458, 83631, 96740, 22779, 86972]"
120576,"[52445, 469, 15459, 99105, 25466, 14973, 84805, 56917, 69617, 91949]"
120577,"[38234, 34008, 56800, 18418, 17150, 55957, 59480, 78201, 66147, 45099]"
120578,"[103955, 68920, 71791, 67131, 7953, 85169, 9694, 93013, 20081, 102566]"
120579,"[67431, 47848, 79692, 45416, 75016, 31142, 44893, 87547, 63139, 98437]"
120580,"[39532, 14011, 108830, 79199, 16068, 37373, 19888, 2707, 60759, 6673]"
120581,"[50794, 45189, 82374, 95252, 102616, 42713, 56306, 66699, 63576, 87538]"
120582,"[14418, 59554, 69695, 13071, 105094, 47968, 93285, 39310, 109169, 16083]"
120583,"[43794, 89904, 74324, 53169, 69747, 30755, 75864, 12048, 90341, 19767]"
120584,"[76268, 12934, 19290, 15758, 83254, 73283, 79677, 36991, 39353, 100985]"
120585,"[61355, 83919, 2097, 6758, 81546, 21892, 11132, 97887, 9447, 53368]"
120586,"[48865, 73052, 100829, 5499, 102917, 104819, 102241, 66460, 81325, 90626]"
120587,"[52490, 20234, 60075, 96194, 108274, 33534, 39517, 15338, 74075, 43752]"
120588,"[58672, 48390, 45305, 34356, 31059, 12177, 97338, 20155, 24156, 9855]"
120589,"[22383, 9352, 108427, 88033, 11379, 26809, 106198, 90307, 26219, 25179]"
120590,"[17753, 92613, 54233, 31010, 95009, 15676, 13390, 28057, 67036, 22546]"
120591,"[8193, 63559, 52059, 38427, 109282, 47549, 48839, 35817, 18624, 90875]"
120592,"[57231, 39697, 37026, 80521, 36849, 50731, 27923, 64235, 22528, 66465]"
120593,"[23492, 102210, 378, 56327, 108944, 3207, 104330, 8298, 69148, 97130]"
120594,"[4725, 102720, 93639, 95137, 78148, 47010, 105093, 28061, 3138, 103154]"
120595,"[17656, 109171, 88609, 52663, 106350, 88916, 86725, 22063, 59998, 40135]"
120596,"[316, 12919, 106217, 89531, 76454, 60840, 14192, 76761, 78096, 35509]"
120597,"[17739, 83433, 15305, 82995, 73743, 85939, 66789, 99112, 43056, 20008]"
120598,"[33291, 24972, 78939, 80360, 99229, 20093, 102866, 59007, 63759, 22501]"
120599,"[22026, 86259, 64837, 54593, 23763, 37437, 75376, 43311, 93325, 66851]"
120600,"[79001, 78215, 58726, 28830, 72038, 87414, 40019, 29362, 1497, 106232]"
120601,"[88198, 81085, 100442, 58253, 106316, 44574, 50594, 102332, 54247, 92847]"
120602,"[108841, 28848, 48625, 26671, 208, 9266, 39557, 1040, 59427, 100333]"
120603,"[102404, 90593, 93383, 50650, 54868, 89109, 3557, 5323, 92114, 88884]"
120604,"[100901, 2230, 87132, 105236, 28953, 83052, 87292, 82889, 47264, 54540]"
120605,"[86961, 40034, 106564, 26479, 55160, 70458, 68549, 24324, 43964, 106944]"
120606,"[30382, 106480, 81563, 86564, 57345, 33087, 40127, 32362, 12096, 8424]"
120607,"[30363, 46436, 68662, 4553, 62144, 24490, 28913, 7843, 7197, 76724]"
120608,"[10826, 27132, 16599, 109580, 48053, 43851, 82623, 87521, 100090, 24157]"
120609,"[15183, 108278, 107690, 94109, 2338, 31785, 8745, 8993, 49722, 8927]"
120610,"[85261, 105741, 54714, 80742, 49346, 45693, 81459, 46580, 109133, 17133]"
120611,"[40105, 7018, 43973, 27598, 86347, 17809, 100270, 62645, 58887, 106022]"
120612,"[74417, 65842, 61354, 38916, 104836, 17348, 109431, 1591, 4759, 93637]"
120613,"[15822, 72473, 43995, 106957, 11793, 13604, 52993, 27115, 18384, 14018]"
120614,"[76113, 49885, 108213, 27775, 3828, 73005, 107009, 75621, 52744, 37483]"
120615,"[101533, 71971, 13781, 104670, 15965, 48922, 22395, 6489, 104698, 75327]"
120616,"[37994, 80728, 88217, 99289, 45634, 56440, 104865, 3263, 12875, 86773]"
120617,"[21643, 80249, 106804, 73072, 16312, 74025, 19615, 65506, 92768, 103113]"
120618,"[40254, 70084, 31160, 47671, 51351, 66180, 13439, 38893, 38783, 6165]"
120619,"[1983, 99223, 5711, 53796, 17486, 601, 55624, 40943, 107002, 19085]"
120620,"[105557, 9998, 44336, 105309, 25483, 14029, 4469, 91302, 5315, 62439]"
120621,"[33775, 16500, 79460, 61515, 8379, 73853, 21304, 27247, 70051, 22048]"
120622,"[65571, 49021, 78417, 9284, 101792, 27500, 23585, 20509, 8574, 23420]"
120623,"[18915, 14509, 12987, 16948, 70046, 65427, 40, 46710, 17072, 79999]"
120624,"[6057, 26762, 97952, 71329, 100392, 53867, 65464, 67744, 89717, 34278]"
120625,"[18635, 86470, 78272, 25344, 11845, 6107, 2171, 21105, 99997, 17814]"
120626,"[40385, 85443, 18221, 23704, 88877, 6466, 70574, 5608, 100388, 56577]"
120627,"[62270, 35229, 91769, 73603, 22404, 10674, 83941, 108578, 48943, 23294]"
120628,"[73373, 55781, 75974, 94117, 56196, 55207, 26685, 104174, 27297, 63742]"
120629,"[59554, 16025, 14418, 93285, 39310, 105094, 1115, 1798, 21301, 23646]"
120630,"[73356, 67234, 10131, 102232, 38311, 46894, 45124, 1577, 47397, 58286]"
120631,"[88782, 93270, 42462, 27403, 64356, 63827, 76034, 88607, 92049, 53877]"
120632,"[29266, 5697, 38026, 6872, 85897, 63345, 22184, 52337, 83075, 75587]"
120633,"[95926, 106598, 105575, 4157, 87767, 66490, 83262, 55239, 66285, 72590]"
120634,"[3580, 20796, 14617, 14152, 104445, 14668, 6646, 74125, 88471, 72683]"
120635,"[39020, 55792, 69001, 23584, 52488, 60413, 8214, 57497, 105897, 75511]"
120636,"[24022, 20903, 84755, 26546, 98446, 101133, 13166, 43924, 31807, 58999]"
120637,"[94064, 31265, 34, 15400, 100362, 61907, 57015, 68536, 25884, 99412]"
120638,"[9820, 24444, 78485, 92006, 47556, 77006, 41395, 72545, 105414, 52790]"
120639,"[43765, 77509, 80284, 69872, 99987, 21607, 40380, 109044, 59045, 80334]"
120640,"[25611, 58476, 81112, 51732, 99834, 96849, 76148, 21514, 25334, 73144]"
120641,"[27623, 31405, 69959, 54335, 67417, 15913, 64684, 1539, 37510, 53716]"
120642,"[3824, 79973, 69142, 103543, 49005, 63828, 41373, 96588, 73133, 8242]"
120643,"[64567, 19131, 43967, 22695, 46189, 9222, 15394, 57738, 49357, 31635]"
120644,"[11607, 49015, 97947, 107984, 3070, 31213, 14628, 30626, 73056, 61929]"
120645,"[32178, 9226, 9287, 85792, 20471, 40999, 77255, 28539, 79834, 44001]"
120646,"[47003, 89652, 3656, 107722, 60962, 90212, 35120, 105721, 32988, 51819]"
120647,"[95397, 23543, 84631, 63170, 92676, 58374, 47135, 63461, 79060, 807]"
120648,"[99404, 34899, 17173, 74879, 33184, 66445, 62101, 103139, 23118, 51616]"
120649,"[49049, 83508, 45590, 58552, 41483, 60122, 79571, 95389, 66469, 109302]"
120650,"[86968, 106602, 37933, 35804, 91281, 102950, 11201, 48652, 93968, 93479]"
120651,"[92304, 40431, 48094, 59834, 71832, 28611, 49768, 38483, 85352, 84320]"
120652,"[102169, 21093, 35654, 52570, 89424, 71223, 7150, 91532, 66772, 105344]"
120653,"[6256, 68643, 57023, 101495, 62650, 15226, 84586, 33079, 73825, 85869]"
120654,"[103315, 25801, 86192, 80468, 74940, 26012, 63059, 2449, 3566, 106993]"
120655,"[43334, 15964, 66910, 74615, 37196, 109203, 96431, 64196, 103341, 93869]"
120656,"[96895, 40267, 20884, 72845, 37016, 91197, 16681, 105515, 61523, 108585]"
120657,"[85867, 4748, 86361, 108169, 33064, 74441, 17389, 42351, 105590, 25452]"
120658,"[46370, 30754, 30776, 22964, 42532, 54684, 34224, 84601, 7232, 43883]"
120659,"[87212, 24476, 25707, 34411, 41126, 45520, 90404, 98902, 42835, 77857]"
120660,"[18720, 15792, 31134, 3756, 102600, 33330, 7049, 37073, 92350, 68676]"
120661,"[49269, 57574, 86607, 11058, 93955, 6429, 67736, 77423, 70432, 103919]"
120662,"[66796, 102606, 31648, 49205, 26252, 66329, 102764, 51636, 34589, 94548]"
120663,"[97228, 4411, 102118, 85123, 34140, 109132, 35531, 74265, 107029, 58752]"
120664,"[78477, 59498, 12091, 77197, 22786, 13179, 58043, 90672, 53824, 7601]"
120665,"[87781, 2301, 57262, 19574, 97818, 50376, 38388, 73781, 62300, 66869]"
120666,"[53262, 12451, 101940, 51947, 7967, 17402, 18979, 65046, 13445, 98519]"
120667,"[92001, 83184, 77693, 107640, 68172, 53717, 109614, 27948, 94367, 52183]"
120668,"[12316, 89561, 94235, 69437, 70789, 73134, 90565, 50921, 10188, 14821]"
120669,"[64774, 108807, 77833, 22330, 32968, 105460, 67149, 85886, 32344, 101176]"
120670,"[32586, 92862, 62138, 108598, 55917, 104441, 17481, 28399, 95750, 9351]"
120671,"[56698, 64140, 40232, 49380, 47539, 34042, 56095, 72651, 69259, 71574]"
120672,"[27658, 63907, 54906, 21801, 38921, 18625, 60061, 35883, 44944, 93683]"
120673,"[15517, 61247, 94970, 58078, 48363, 84127, 105709, 34062, 97210, 42989]"
120674,"[66405, 41513, 62234, 102163, 52641, 28773, 50683, 19049, 58926, 62228]"
120675,"[53296, 73171, 43237, 62702, 94327, 103599, 91845, 17377, 36550, 103764]"
120676,"[18796, 83228, 41871, 75111, 69008, 91327, 82465, 28374, 43728, 24163]"
120677,"[50030, 53834, 30253, 59711, 92180, 1120, 55021, 95392, 8375, 27188]"
120678,"[62202, 91118, 46853, 56530, 78951, 34860, 64269, 1027, 11736, 24713]"
120679,"[40691, 77847, 49359, 83578, 90381, 105949, 101979, 68710, 42599, 74041]"
120680,"[102571, 52577, 33708, 72416, 46695, 33986, 64438, 60461, 44781, 95066]"
120681,"[3531, 78324, 36780, 91262, 29084, 100292, 27999, 5757, 12449, 53564]"
120682,"[109310, 104138, 58128, 16635, 53741, 81515, 72625, 29135, 66628, 49529]"
120683,"[72449, 55185, 47431, 15830, 23357, 37766, 6261, 94461, 45270, 9300]"
120684,"[75508, 63672, 34312, 47022, 67370, 5850, 98482, 38208, 35360, 72695]"
120685,"[46766, 85376, 11715, 49454, 59335, 64728, 37626, 71239, 49353, 76070]"
120686,"[107610, 31216, 47530, 56584, 76291, 10725, 28000, 66038, 100914, 77871]"
120687,"[98685, 33650, 59010, 36554, 20350, 95791, 75150, 31478, 98682, 46125]"
120688,"[71185, 106618, 3904, 72733, 72076, 50002, 21119, 49341, 26135, 41107]"
120689,"[6213, 88576, 51818, 75598, 21542, 94753, 94244, 60229, 8175, 92094]"
120690,"[46352, 19829, 55216, 2824, 3569, 66428, 19007, 102141, 14703, 103403]"
120691,"[12330, 59920, 43299, 34620, 16614, 28502, 16269, 932, 51236, 18254]"
120692,"[38879, 76301, 58553, 109617, 38877, 12269, 92918, 59888, 54904, 97460]"
120693,"[39261, 2614, 33578, 18316, 39795, 97483, 49840, 29099, 95995, 108100]"
120694,"[108986, 53212, 27262, 13406, 935, 67627, 86528, 48958, 80197, 39313]"
120695,"[933, 69084, 39924, 93679, 53791, 80164, 39058, 61022, 49136, 32565]"
120696,"[96567, 764, 4771, 31062, 35086, 78938, 14546, 6562, 75091, 104343]"
120697,"[35470, 41688, 97746, 103470, 104181, 88204, 29576, 64826, 4675, 34386]"
120698,"[39319, 45157, 87543, 109711, 14244, 59632, 62916, 91917, 61763, 96787]"
120699,"[67398, 21204, 72664, 52413, 25082, 13028, 95854, 32270, 30577, 54898]"
120700,"[37975, 4740, 70986, 62814, 87695, 108093, 70689, 19925, 72505, 59955]"
120701,"[24256, 106626, 97785, 15385, 45283, 52078, 26031, 47769, 50199, 52268]"
120702,"[73994, 13339, 63692, 27366, 84513, 109037, 96355, 67741, 107598, 92583]"
120703,"[4705, 62203, 90446, 70507, 6562, 61192, 95634, 59284, 10691, 84813]"
120704,"[7364, 51989, 25035, 104738, 22927, 32213, 30929, 37655, 34859, 21353]"
120705,"[93228, 83112, 33674, 90511, 8195, 29512, 61329, 1387, 96009, 103341]"
120706,"[27625, 83303, 48182, 1519, 39276, 39949, 109112, 5276, 13924, 18828]"
120707,"[63500, 22428, 6373, 80013, 52774, 50363, 2327, 78033, 1652, 87110]"
120708,"[16266, 105431, 77292, 13020, 82509, 5848, 5139, 97487, 66601, 90513]"
120709,"[41917, 17210, 27377, 54731, 54112, 45465, 24271, 104299, 44334, 21143]"
120710,"[106950, 27085, 19346, 55935, 38465, 32530, 24171, 55984, 31079, 109559]"
120711,"[41704, 23479, 84558, 5613, 45233, 101935, 75931, 93755, 7890, 84306]"
120712,"[56359, 66997, 16427, 85202, 83724, 48435, 16776, 82101, 16140, 47614]"
120713,"[68910, 77035, 17350, 95621, 26733, 60420, 78008, 1701, 62891, 28514]"
120714,"[77703, 25813, 9536, 51256, 79399, 61833, 68142, 3489, 42435, 66026]"
120715,"[59384, 65116, 94930, 76202, 9235, 43061, 16522, 83538, 41953, 33828]"
120716,"[84864, 84881, 7382, 22001, 99578, 107404, 38516, 45823, 50167, 52244]"
120717,"[2005, 25753, 50782, 81946, 31091, 73062, 8190, 50069, 82074, 98463]"
120718,"[100852, 26137, 14827, 84809, 103827, 69092, 101875, 46943, 3067, 1724]"
120719,"[39448, 57879, 83720, 39175, 15434, 105601, 21203, 47919, 26071, 32833]"
120720,"[71091, 7064, 21919, 83792, 45119, 77776, 98009, 85089, 95817, 39701]"
120721,"[9876, 59830, 77715, 103307, 43447, 37656, 15102, 85996, 65480, 63256]"
120722,"[107257, 102551, 57833, 55228, 94409, 31605, 102536, 82388, 65694, 49778]"
120723,"[95587, 15997, 62304, 107258, 21680, 86138, 96872, 3263, 3550, 9282]"
120724,"[24825, 101851, 9245, 15855, 57864, 11765, 29500, 100381, 106321, 92878]"
120725,"[83786, 44658, 68884, 74072, 41522, 25977, 6878, 84101, 36338, 482]"
120726,"[101528, 102402, 93644, 104101, 97460, 59888, 87629, 80672, 61499, 76301]"
120727,"[94439, 101254, 44049, 9104, 49080, 27055, 72252, 33988, 74887, 60265]"
120728,"[94430, 101579, 13368, 86996, 33821, 81646, 386, 18288, 63620, 9699]"
120729,"[61332, 45819, 65205, 63890, 64473, 36607, 49974, 101952, 24814, 10894]"
120730,"[104901, 89730, 55841, 9457, 24401, 21118, 66212, 30144, 99547, 87647]"
120731,"[107595, 20018, 25240, 21806, 51168, 101961, 90226, 79550, 31551, 85028]"
120732,"[5826, 9327, 67453, 47964, 62887, 105559, 37674, 45523, 12342, 17430]"
120733,"[28520, 82544, 101496, 49610, 81066, 41212, 50465, 108923, 40626, 80086]"
120734,"[74847, 76241, 90885, 960, 37773, 80828, 91345, 21613, 45457, 23560]"
120735,"[98860, 44691, 8988, 45718, 26826, 30979, 82553, 80490, 89894, 50459]"
120736,"[81988, 68931, 73053, 107628, 57962, 29297, 57236, 3699, 68503, 93720]"
120737,"[86697, 24133, 33433, 73109, 57286, 9816, 15331, 59662, 14441, 42177]"
120738,"[23560, 8861, 55468, 34921, 57013, 60841, 45457, 82289, 97511, 109216]"
120739,"[84481, 56511, 66941, 66685, 46182, 94803, 89014, 102062, 7716, 76519]"
120740,"[72918, 92347, 83577, 45092, 77279, 50903, 30104, 71925, 40815, 84405]"
120741,"[32510, 24688, 9550, 67510, 107954, 21063, 46561, 34836, 96420, 30706]"
120742,"[25768, 29827, 52124, 109402, 36012, 79689, 7642, 21462, 38894, 37387]"
120743,"[7298, 31601, 83045, 42579, 51677, 80342, 2386, 108275, 68830, 46406]"
120744,"[18333, 12904, 32511, 16517, 90134, 112, 63776, 39805, 61776, 4763]"
120745,"[28131, 63702, 71763, 68529, 57474, 58224, 44876, 25606, 28066, 1632]"
120746,"[34139, 101442, 62880, 59060, 75597, 85442, 42079, 52115, 103070, 7831]"
120747,"[49538, 39795, 38908, 44003, 95995, 1522, 88051, 23403, 45486, 67847]"
120748,"[19047, 81286, 36820, 9229, 44257, 35502, 70415, 3982, 26476, 106269]"
120749,"[47427, 109049, 15232, 15357, 85718, 93029, 8182, 53867, 87781, 27858]"
120750,"[5913, 32348, 101291, 54337, 4498, 78727, 106157, 30273, 30202, 33636]"
120751,"[55704, 22930, 61385, 47372, 65887, 18810, 61232, 3842, 105328, 20635]"
120752,"[64321, 36729, 90047, 41837, 1292, 18723, 9873, 23834, 83777, 53346]"
